mtllib material.mtl
usemtl black
v -0.06995300 -0.01266800 -0.03890000
v -0.06995300 -0.01266800 -0.03890000
v -0.06995300 -0.01266800 -0.03890000
v -0.07563900 -0.00879200 -0.03890000
v -0.07563900 -0.00879200 -0.03890000
v -0.09868900 0.00750000 -0.03890000
v -0.09868900 0.00750000 -0.03890000
v -0.09276900 0.00250000 -0.03890000
v -0.09276900 0.00250000 -0.03890000
v -0.09276900 0.00250000 -0.03890000
v -0.09000900 0.00053100 -0.03890000
v -0.09000900 0.00053100 -0.03890000
v -0.08718300 -0.00137300 -0.03890000
v -0.08718300 -0.00137300 -0.03890000
v -0.08718300 -0.00137300 -0.03890000
v -0.07852500 -0.00692200 -0.03890000
v -0.07852500 -0.00692200 -0.03890000
v -0.07852500 -0.00692200 -0.03890000
v -0.08142300 -0.00507700 -0.03890000
v -0.08431500 -0.00323500 -0.03890000
v -0.08431500 -0.00323500 -0.03890000
v -0.08431500 -0.00323500 -0.03890000
v -0.31050700 0.02083100 -0.03400100
v -0.31055500 0.02088100 -0.03400100
v -0.30385200 0.01389200 -0.03400100
v -0.31168100 0.00249900 -0.03400100
v -0.31168100 0.00249900 -0.03400100
v -0.31168100 0.00249900 -0.03400100
v -0.31055500 0.02059500 -0.03400100
v -0.30334700 0.01367000 -0.03400100
v -0.11935600 0.01239900 -0.03400000
v -0.11935600 0.01239900 -0.03400000
v -0.10763500 0.00250000 -0.03400000
v -0.10763500 0.00250000 -0.03400000
v -0.10763500 0.00250000 -0.03400000
v -0.10763500 0.00250000 -0.03400000
v -0.10763500 0.00250000 -0.03400000
v -0.10763500 0.00250000 -0.03400000
v -0.10763500 0.00250000 -0.03400000
v -0.30024600 0.01239900 -0.03400100
v -0.30219700 0.01278700 -0.03400100
v -0.31045900 0.02078200 -0.03400100
v -0.31045900 0.02078200 -0.03400100
v -0.31445800 0.03418000 -0.03400100
v -0.31445800 0.03418000 -0.03400100
v -0.31445800 0.03418000 -0.03400100
v -0.31511400 0.03569400 -0.03400100
v -0.31511400 0.03569400 -0.03400100
v -0.31816100 0.04110000 -0.03400100
v -0.31816100 0.04110000 -0.03400100
v -0.31989500 0.04345500 -0.03400100
v -0.31989500 0.04345500 -0.03400100
v -0.31989500 0.04345500 -0.03400100
v -0.32205600 0.04593200 -0.03400100
v -0.32205600 0.04593200 -0.03400100
v -0.31168100 0.01999900 -0.03400100
v -0.31168100 0.01999900 -0.03400100
v -0.31168100 0.01999900 -0.03400100
v -0.31186900 0.02375700 -0.03400100
v -0.31186900 0.02375700 -0.03400100
v -0.31186900 0.02375700 -0.03400100
v -0.31186900 0.02375700 -0.03400100
v -0.31299700 0.02986000 -0.03400100
v -0.31299700 0.02986000 -0.03400100
v -0.31299700 0.02986000 -0.03400100
v -0.32667100 0.04999900 -0.03094500
v -0.32665100 0.04998400 -0.03098500
v -0.32665100 0.04998400 -0.03098500
v -0.32665100 0.04998400 -0.03098500
v -0.06883600 -0.01347400 -0.03890000
v -0.06883600 -0.01347400 -0.03890000
v -0.06974000 -0.01282100 -0.03890000
v -0.06974000 -0.01282100 -0.03890000
v -0.06984600 -0.01274400 -0.03890000
v -0.06984600 -0.01274400 -0.03890000
v -0.32458300 0.04833400 -0.03265500
v -0.08987500 -0.01250000 0.01900000
v -0.08987500 -0.01250000 0.01900000
v -0.08987500 -0.01250000 0.01900000
v -0.08987500 -0.01250000 0.01900000
v -0.08987500 -0.01250000 -0.01900000
v -0.08987500 -0.01250000 -0.01900000
v -0.08987500 -0.01250000 -0.01900000
v -0.08987500 -0.01250000 -0.01900000
v -0.08987500 -0.01250000 -0.01900000
v -0.08028100 -0.01334900 0.01900000
v -0.08028100 -0.01334900 0.01900000
v -0.08028100 -0.01334900 0.01900000
v -0.08028100 -0.01334900 0.01900000
v -0.08028100 -0.01334900 0.01900000
v -0.08028000 -0.01334900 -0.01900000
v -0.08028000 -0.01334900 -0.01900000
v -0.08028000 -0.01334900 -0.01900000
v -0.08028000 -0.01334900 -0.01900000
v -0.07783100 -0.01384300 0.01900000
v -0.07783100 -0.01384300 0.01900000
v -0.07783100 -0.01384300 0.01900000
v -0.07783100 -0.01384300 0.01900000
v -0.07783100 -0.01384300 0.01900000
v -0.07783100 -0.01384300 -0.01900000
v -0.07783100 -0.01384300 -0.01900000
v -0.07783100 -0.01384300 -0.01900000
v -0.07783100 -0.01384300 -0.01900000
v -0.07098400 -0.01586700 0.01900000
v -0.07098400 -0.01586700 0.01900000
v -0.07098400 -0.01586700 0.01900000
v -0.07098400 -0.01586700 0.01900000
v -0.07098400 -0.01586700 0.01900000
v -0.07098400 -0.01586700 -0.01900000
v -0.07098400 -0.01586700 -0.01900000
v -0.07098400 -0.01586700 -0.01900000
v -0.07098400 -0.01586700 -0.01900000
v -0.07098400 -0.01586700 -0.01900000
v -0.06466300 -0.01866000 0.01900000
v -0.06466300 -0.01866000 0.01900000
v -0.06466300 -0.01866000 0.01900000
v -0.06466300 -0.01866000 0.01900000
v -0.06466300 -0.01866000 -0.01900000
v -0.06466300 -0.01866000 -0.01900000
v -0.06466300 -0.01866000 -0.01900000
v -0.06466300 -0.01866000 -0.01900000
v -0.06466300 -0.01866000 -0.01900000
v -0.06227400 -0.01997800 0.01900000
v -0.06227400 -0.01997800 0.01900000
v -0.06227400 -0.01997800 0.01900000
v -0.06227400 -0.01997800 0.01900000
v -0.06227400 -0.01997800 0.01900000
v -0.06227400 -0.01997800 -0.01900000
v -0.06227400 -0.01997800 -0.01900000
v -0.06227400 -0.01997800 -0.01900000
v -0.06227400 -0.01997800 -0.01900000
v -0.06227400 -0.01997800 -0.01900000
v -0.05459500 -0.02540500 0.01900000
v -0.05459500 -0.02540500 0.01900000
v -0.05459500 -0.02540500 0.01900000
v -0.05459500 -0.02540500 -0.01900000
v -0.05459500 -0.02540500 -0.01900000
v -0.05459500 -0.02540500 -0.01900000
v -0.07151700 -0.01548700 0.02293500
v -0.07151700 -0.01548700 0.02293500
v -0.07151700 -0.01548700 0.02293500
v -0.07151700 -0.01548700 0.02293500
v -0.07151700 -0.01548700 0.02293500
v -0.07151700 -0.01548700 0.02293500
v -0.09989800 0.00250000 0.03522700
v -0.09989800 0.00250000 0.03522700
v -0.09989800 0.00250000 0.03522700
v -0.09989800 0.00250000 0.03522700
v -0.09989800 0.00250000 0.03522700
v -0.09989800 0.00250000 0.03522700
v -0.09989800 0.00250000 0.03522700
v -0.09989800 0.00250000 0.03522700
v -0.09989800 0.00250000 0.03522700
v -0.09989800 0.00250000 0.03522700
v -0.10316800 0.00250000 0.03440200
v -0.10316800 0.00250000 0.03440200
v -0.10316800 0.00250000 0.03440200
v -0.10316800 0.00250000 0.03440200
v -0.09756800 -0.00068000 0.03445200
v -0.09756800 -0.00068000 0.03445200
v -0.09756800 -0.00068000 0.03445200
v -0.09756800 -0.00068000 0.03445200
v -0.09756800 -0.00068000 0.03445200
v -0.09756800 -0.00068000 0.03445200
v -0.09756800 -0.00068000 0.03445200
v -0.10763500 0.00250000 0.03400000
v -0.10763500 0.00250000 0.03400000
v -0.10763500 0.00250000 0.03400000
v -0.10763500 0.00250000 0.03400000
v -0.10763500 0.00250000 0.03400000
v -0.10763500 0.00250000 0.03400000
v -0.10763500 0.00250000 0.03400000
v -0.10763500 0.00250000 0.03400000
v -0.10405700 -0.00052200 0.03369500
v -0.10405700 -0.00052200 0.03369500
v -0.10405700 -0.00052200 0.03369500
v -0.10405700 -0.00052200 0.03369500
v -0.10405700 -0.00052200 0.03369500
v -0.10405700 -0.00052200 0.03369500
v -0.09354500 -0.00364800 0.03364200
v -0.09354500 -0.00364800 0.03364200
v -0.09354500 -0.00364800 0.03364200
v -0.09354500 -0.00364800 0.03364200
v -0.09354500 -0.00364800 0.03364200
v -0.09354500 -0.00364800 0.03364200
v -0.09354500 -0.00364800 0.03364200
v -0.09276900 0.00250000 0.03890000
v -0.09276900 0.00250000 0.03890000
v -0.09639200 0.00250000 0.03667000
v -0.09639200 0.00250000 0.03667000
v -0.09639200 0.00250000 0.03667000
v -0.09639200 0.00250000 0.03667000
v -0.09639200 0.00250000 0.03667000
v -0.09639200 0.00250000 0.03667000
v -0.09268400 0.00243700 0.03890000
v -0.09268400 0.00243700 0.03890000
v -0.09268400 0.00243700 0.03890000
v -0.09138800 -0.00115000 0.03637900
v -0.09138800 -0.00115000 0.03637900
v -0.09138800 -0.00115000 0.03637900
v -0.09138800 -0.00115000 0.03637900
v -0.09138800 -0.00115000 0.03637900
v -0.09138800 -0.00115000 0.03637900
v -0.09138800 -0.00115000 0.03637900
v -0.09138800 -0.00115000 0.03637900
v -0.09000900 0.00053100 0.03890000
v -0.09000900 0.00053100 0.03890000
v -0.07544200 -0.00989400 0.03653400
v -0.07544200 -0.00989400 0.03653400
v -0.07544200 -0.00989400 0.03653400
v -0.07544200 -0.00989400 0.03653400
v -0.07544200 -0.00989400 0.03653400
v -0.07544200 -0.00989400 0.03653400
v -0.07544200 -0.00989400 0.03653400
v -0.07563900 -0.00879100 0.03890000
v -0.07563900 -0.00879100 0.03890000
v -0.07563900 -0.00879100 0.03890000
v -0.08040200 -0.00608300 0.03826300
v -0.08040200 -0.00608300 0.03826300
v -0.08040200 -0.00608300 0.03826300
v -0.08040200 -0.00608300 0.03826300
v -0.08040200 -0.00608300 0.03826300
v -0.08040200 -0.00608300 0.03826300
v -0.08142300 -0.00507700 0.03890000
v -0.08142300 -0.00507700 0.03890000
v -0.08333800 -0.00385900 0.03890000
v -0.08333800 -0.00385900 0.03890000
v -0.08333800 -0.00385900 0.03890000
v -0.08333800 -0.00385900 0.03890000
v -0.06793900 -0.01413500 0.03890000
v -0.06793900 -0.01413500 0.03890000
v -0.06894200 -0.01339700 0.03890000
v -0.06894200 -0.01339700 0.03890000
v -0.07107200 -0.01324600 0.03420200
v -0.07107200 -0.01324600 0.03420200
v -0.07107200 -0.01324600 0.03420200
v -0.07107200 -0.01324600 0.03420200
v -0.07107200 -0.01324600 0.03420200
v -0.07107200 -0.01324600 0.03420200
v -0.07107200 -0.01324600 0.03420200
v -0.07107200 -0.01324600 0.03420200
v -0.07107200 -0.01324600 0.03420200
v -0.06974000 -0.01282100 0.03890000
v -0.06974000 -0.01282100 0.03890000
v -0.06974000 -0.01282100 0.03890000
v -0.06995300 -0.01266800 0.03890000
v -0.06995300 -0.01266800 0.03890000
v -0.05491800 -0.02513200 0.02280100
v -0.05491800 -0.02513200 0.02280100
v -0.05491800 -0.02513200 0.02280100
v -0.05491800 -0.02513200 0.02280100
v -0.05491800 -0.02513200 0.02280100
v -0.05530000 -0.02481000 0.02453100
v -0.05530000 -0.02481000 0.02453100
v -0.06289300 -0.01950500 0.02366400
v -0.06289300 -0.01950500 0.02366400
v -0.06289300 -0.01950500 0.02366400
v -0.06289300 -0.01950500 0.02366400
v -0.06289300 -0.01950500 0.02366400
v -0.06289300 -0.01950500 0.02366400
v -0.06289300 -0.01950500 0.02366400
v -0.06289300 -0.01950500 0.02366400
v -0.05707200 -0.02331300 0.02894100
v -0.05707200 -0.02331300 0.02894100
v -0.05707200 -0.02331300 0.02894100
v -0.06465900 -0.01815600 0.02775700
v -0.06465900 -0.01815600 0.02775700
v -0.06465900 -0.01815600 0.02775700
v -0.06465900 -0.01815600 0.02775700
v -0.06465900 -0.01815600 0.02775700
v -0.06465900 -0.01815600 0.02775700
v -0.06045000 -0.02046000 0.03347400
v -0.06045000 -0.02046000 0.03347400
v -0.06045000 -0.02046000 0.03347400
v -0.06743100 -0.01603500 0.03127300
v -0.06743100 -0.01603500 0.03127300
v -0.06743100 -0.01603500 0.03127300
v -0.06743100 -0.01603500 0.03127300
v -0.06743100 -0.01603500 0.03127300
v -0.06743100 -0.01603500 0.03127300
v -0.06128400 -0.01975600 0.03429200
v -0.06128400 -0.01975600 0.03429200
v -0.06128400 -0.01975600 0.03429200
v -0.06457400 -0.01697700 0.03690800
v -0.06457400 -0.01697700 0.03690800
v -0.08667700 -0.00868800 0.03044500
v -0.08667700 -0.00868800 0.03044500
v -0.08667700 -0.00868800 0.03044500
v -0.08667700 -0.00868800 0.03044500
v -0.08667700 -0.00868800 0.03044500
v -0.08667700 -0.00868800 0.03044500
v -0.08667700 -0.00868800 0.03044500
v -0.09256600 -0.01021600 0.02695600
v -0.09256600 -0.01021600 0.02695600
v -0.09256600 -0.01021600 0.02695600
v -0.09256600 -0.01021600 0.02695600
v -0.09256600 -0.01021600 0.02695600
v -0.09256600 -0.01021600 0.02695600
v -0.08402000 -0.01062900 0.02814800
v -0.08402000 -0.01062900 0.02814800
v -0.08402000 -0.01062900 0.02814800
v -0.08402000 -0.01062900 0.02814800
v -0.08402000 -0.01062900 0.02814800
v -0.08402000 -0.01062900 0.02814800
v -0.09235600 -0.01040400 0.02664700
v -0.09235600 -0.01040400 0.02664700
v -0.09235600 -0.01040400 0.02664700
v -0.09235600 -0.01040400 0.02664700
v -0.09235600 -0.01040400 0.02664700
v -0.08200500 -0.01209600 0.02544500
v -0.08200500 -0.01209600 0.02544500
v -0.08200500 -0.01209600 0.02544500
v -0.08200500 -0.01209600 0.02544500
v -0.08200500 -0.01209600 0.02544500
v -0.08200500 -0.01209600 0.02544500
v -0.09127100 -0.01132100 0.02483600
v -0.09127100 -0.01132100 0.02483600
v -0.09127100 -0.01132100 0.02483600
v -0.09127100 -0.01132100 0.02483600
v -0.09127100 -0.01132100 0.02483600
v -0.08072700 -0.01302500 0.02238100
v -0.08072700 -0.01302500 0.02238100
v -0.08072700 -0.01302500 0.02238100
v -0.08072700 -0.01302500 0.02238100
v -0.08072700 -0.01302500 0.02238100
v -0.08072700 -0.01302500 0.02238100
v -0.08072700 -0.01302500 0.02238100
v -0.09023600 -0.01219500 0.02202100
v -0.09023600 -0.01219500 0.02202100
v -0.09023600 -0.01219500 0.02202100
v -0.09023600 -0.01219500 0.02202100
v -0.09023600 -0.01219500 0.02202100
v -0.09023600 -0.01219500 0.02202100
v -0.10072500 -0.00333700 0.03282000
v -0.10072500 -0.00333700 0.03282000
v -0.10072500 -0.00333700 0.03282000
v -0.10072500 -0.00333700 0.03282000
v -0.09858000 -0.00514800 0.03190400
v -0.09858000 -0.00514800 0.03190400
v -0.09858000 -0.00514800 0.03190400
v -0.09858000 -0.00514800 0.03190400
v -0.09858000 -0.00514800 0.03190400
v -0.09858000 -0.00514800 0.03190400
v -0.08988400 -0.00633900 0.03229100
v -0.08988400 -0.00633900 0.03229100
v -0.08988400 -0.00633900 0.03229100
v -0.08988400 -0.00633900 0.03229100
v -0.08988400 -0.00633900 0.03229100
v -0.08988400 -0.00633900 0.03229100
v -0.09671200 -0.00669100 0.03085500
v -0.09671200 -0.00669100 0.03085500
v -0.09671200 -0.00669100 0.03085500
v -0.09671200 -0.00669100 0.03085500
v -0.09671200 -0.00669100 0.03085500
v -0.09502500 -0.00809800 0.02961500
v -0.09502500 -0.00809800 0.02961500
v -0.09502500 -0.00809800 0.02961500
v -0.09502500 -0.00809800 0.02961500
v -0.07303800 -0.01439900 0.02643100
v -0.07303800 -0.01439900 0.02643100
v -0.07303800 -0.01439900 0.02643100
v -0.07303800 -0.01439900 0.02643100
v -0.07303800 -0.01439900 0.02643100
v -0.07303800 -0.01439900 0.02643100
v -0.07543000 -0.01268300 0.02946200
v -0.07543000 -0.01268300 0.02946200
v -0.07543000 -0.01268300 0.02946200
v -0.07543000 -0.01268300 0.02946200
v -0.07543000 -0.01268300 0.02946200
v -0.07543000 -0.01268300 0.02946200
v -0.07857800 -0.01042000 0.03199900
v -0.07857800 -0.01042000 0.03199900
v -0.07857800 -0.01042000 0.03199900
v -0.07857800 -0.01042000 0.03199900
v -0.07857800 -0.01042000 0.03199900
v -0.07857800 -0.01042000 0.03199900
v -0.08236500 -0.00769000 0.03401600
v -0.08236500 -0.00769000 0.03401600
v -0.08236500 -0.00769000 0.03401600
v -0.08236500 -0.00769000 0.03401600
v -0.08236500 -0.00769000 0.03401600
v -0.08236500 -0.00769000 0.03401600
v -0.08667400 -0.00457300 0.03548500
v -0.08667400 -0.00457300 0.03548500
v -0.08667400 -0.00457300 0.03548500
v -0.08667400 -0.00457300 0.03548500
v -0.08667400 -0.00457300 0.03548500
v -0.08667400 -0.00457300 0.03548500
v -0.08718400 -0.00137300 0.03890000
v -0.08718400 -0.00137300 0.03890000
v -0.05085400 -0.02856500 0.00520000
v -0.05085400 -0.02856500 0.00320900
v -0.05085400 -0.02856500 0.00320900
v -0.05085400 -0.02856500 -0.00520000
v -0.09868900 0.00750000 0.03890000
v -0.09868900 0.00750000 0.03890000
v -0.09868900 0.00750000 0.03890000
v -0.11666300 0.01239800 -0.03414500
v -0.11666300 0.01239800 -0.03414500
v -0.10865700 0.01190800 -0.03613900
v -0.10865700 0.01190800 -0.03613900
v -0.11130900 0.01223300 -0.03526500
v -0.11130900 0.01223300 -0.03526500
v -0.11143000 0.01224300 -0.03522900
v -0.11143000 0.01224300 -0.03522900
v -0.11143000 0.01224300 -0.03522900
v -0.11143000 0.01224300 -0.03522900
v -0.11397800 0.01236600 -0.03457700
v -0.11397800 0.01236600 -0.03457700
v -0.11397800 0.01236600 -0.03457700
v -0.10096400 0.00910600 -0.03862900
v -0.10096400 0.00910600 -0.03862900
v -0.10096400 0.00910600 -0.03862900
v -0.10344700 0.01037600 -0.03796700
v -0.10344700 0.01037600 -0.03796700
v -0.10399100 0.01060300 -0.03779200
v -0.10399100 0.01060300 -0.03779200
v -0.31168100 -0.01250100 0.01899900
v -0.31168100 -0.01250100 0.01899900
v -0.31168100 -0.01250100 0.01899900
v -0.31168100 -0.01250100 -0.01900100
v -0.31168100 -0.01250100 -0.01900100
v -0.31168100 -0.01250100 -0.01900100
v -0.31168100 -0.00259000 -0.03311100
v -0.31168100 -0.00259000 -0.03311100
v -0.31168100 -0.00259000 -0.03311100
v -0.31168100 -0.00259000 -0.03311100
v -0.31168100 -0.00259000 -0.03311100
v -0.31168100 -0.00259000 -0.03311100
v -0.31168100 -0.00805800 -0.02965700
v -0.31168100 -0.00805800 -0.02965700
v -0.31168100 -0.00805800 -0.02965700
v -0.31168100 -0.00805800 -0.02965700
v -0.31168100 -0.00805800 -0.02965700
v -0.31168100 -0.00600100 -0.02932600
v -0.31168100 0.01999900 -0.02932600
v -0.31168100 0.01999900 -0.02932600
v -0.31168100 0.01999900 0.03399900
v -0.31168100 0.00249900 0.03399900
v -0.31168100 0.00249900 0.03399900
v -0.31168100 0.00249900 0.03399900
v -0.31168100 -0.00269300 0.03307200
v -0.31168100 -0.00269300 0.03307200
v -0.31168100 -0.00269300 0.03307200
v -0.31168100 -0.00269300 0.03307200
v -0.31168100 -0.00810800 0.02960600
v -0.31168100 -0.00810800 0.02960600
v -0.31168100 -0.00810800 0.02960600
v -0.31168100 -0.00810800 0.02960600
v -0.31168100 -0.00810800 0.02960600
v -0.31168100 -0.01157400 0.02419100
v -0.31168100 -0.01157400 0.02419100
v -0.31168100 -0.01157400 0.02419100
v -0.31168100 -0.01157400 0.02419100
v -0.31168100 -0.01157400 0.02419100
v -0.31168100 -0.01156300 -0.02422200
v -0.31168100 -0.01156300 -0.02422200
v -0.31168100 -0.01156300 -0.02422200
v -0.31168100 -0.01156300 -0.02422200
v -0.31168100 -0.01156300 -0.02422200
v -0.31168100 -0.01156300 -0.02422200
v -0.11935600 0.01239900 0.03400000
v -0.11935600 0.01239900 0.03400000
v -0.30024600 0.01239900 0.03399900
v -0.30218600 0.01278200 0.03399900
v -0.30385200 0.01389200 0.03399900
v -0.31055500 0.02059500 0.03399900
v -0.31187000 0.02375700 0.03399900
v -0.31178100 0.01999900 0.02932400
v -0.31178100 0.01999900 0.02932400
v -0.31178100 0.01999900 0.03399900
v -0.31178100 0.01999900 0.03399900
v -0.31178100 0.01999900 0.03399900
v -0.31178100 0.01999900 0.03399900
v -0.31178100 -0.00422300 0.02932400
v -0.31178100 0.00249900 0.03399900
v -0.31178100 0.00249900 0.03399900
v -0.31178100 0.00249900 0.03399900
v -0.31178100 -0.00269300 0.03307200
v -0.31178100 -0.00269300 0.03307200
v -0.31178100 -0.00269300 0.03307200
v -0.31178100 -0.00269300 0.03307200
v -0.31178100 -0.00810800 0.02960600
v -0.31178100 -0.00810800 0.02960600
v -0.31178100 -0.00810800 0.02960600
v -0.31178100 -0.00810800 0.02960600
v -0.31178100 -0.00810800 0.02960600
v -0.31178100 -0.00810800 0.02960600
v -0.31178100 -0.00810800 0.02960600
v -0.31178100 -0.00810800 0.02960600
v -0.31178100 -0.01250100 -0.00000100
v -0.31178100 -0.01250100 -0.00000100
v -0.31178100 -0.01100100 -0.00000100
v -0.31178100 -0.01100100 -0.00000100
v -0.31178100 -0.01250100 0.01899900
v -0.31178100 -0.01250100 0.01899900
v -0.31178100 -0.01250100 0.01899900
v -0.31178100 -0.01250100 0.01899900
v -0.31178100 -0.01250100 0.01899900
v -0.31178100 -0.01250100 0.01899900
v -0.31178100 -0.01250100 0.01899900
v -0.31178100 -0.01250100 0.01899900
v -0.31178100 -0.01250100 0.01899900
v -0.31178100 -0.01250100 0.01899900
v -0.31178100 -0.01250100 0.01899900
v -0.31178100 -0.01100100 0.01899900
v -0.31178100 -0.01157400 0.02419100
v -0.31178100 -0.01157400 0.02419100
v -0.31178100 -0.01157400 0.02419100
v -0.31178100 -0.01157400 0.02419100
v -0.31178100 -0.01157400 0.02419100
v -0.35646600 0.04196900 -0.02712600
v -0.33294200 0.04515900 -0.02712600
v -0.32005000 0.02674700 -0.02712600
v -0.34355700 0.04944700 -0.02712600
v -0.33857400 0.04577700 -0.02712600
v -0.34728100 0.04190700 -0.02712600
v -0.34728100 0.04190700 -0.02712600
v -0.34928100 0.04199800 -0.02712600
v -0.34407200 -0.00954600 -0.02712600
v -0.33428100 -0.00598200 -0.02712600
v -0.33428100 -0.00598200 -0.02712600
v -0.33431400 -0.00600100 -0.02712600
v -0.33431400 -0.00600100 -0.02712600
v -0.34728100 0.00009900 -0.02712600
v -0.34728100 0.00009900 -0.02712600
v -0.34728100 0.00009900 -0.02712600
v -0.34728100 0.00009900 -0.02712600
v -0.33814300 -0.00600100 -0.02712600
v -0.34728100 -0.00191000 -0.02712600
v -0.34728100 -0.00191000 -0.02712600
v -0.34728100 0.03989800 -0.02712600
v -0.34728100 0.03989800 -0.02712600
v -0.34728100 0.03989800 -0.02712600
v -0.31928100 0.01999900 -0.02712600
v -0.32109000 0.00973800 -0.02712600
v -0.32630000 0.00071500 -0.02712600
v -0.34928100 -0.00000200 -0.02712600
v -0.34928100 -0.00000200 -0.02712600
v -0.34928100 -0.00000200 -0.02712600
v -0.35765400 0.00183600 -0.02712600
v -0.35765400 0.00183600 -0.02712600
v -0.35765400 0.00183600 -0.02712600
v -0.36928100 0.01999800 -0.02712600
v -0.36928100 0.01999800 -0.02712600
v -0.36928100 0.01999800 -0.02712600
v -0.36730100 0.02867600 -0.02712600
v -0.36730100 0.02867600 -0.02712600
v -0.36730100 0.02867600 -0.02712600
v -0.36175100 0.03563500 -0.02712600
v -0.36175100 0.03563500 -0.02712600
v -0.36175100 0.03563500 -0.02712600
v -0.34928100 -0.00200200 -0.02712600
v -0.35373200 0.03949700 -0.02712600
v -0.35373200 0.03949700 -0.02712600
v -0.35373200 0.03949700 -0.02712600
v -0.36853000 0.01457000 -0.02712600
v -0.36853000 0.01457000 -0.02712600
v -0.36853000 0.01457000 -0.02712600
v -0.36448900 0.00700900 -0.02712600
v -0.36448900 0.00700900 -0.02712600
v -0.36448900 0.00700900 -0.02712600
v -0.36448900 0.00700900 -0.02712600
v -0.31178100 -0.01100100 -0.00050100
v -0.31178100 -0.01100100 -0.00050100
v -0.31178100 -0.01250100 -0.00050100
v -0.31178100 -0.01250100 -0.00050100
v -0.31178100 -0.01250100 -0.00050100
v -0.31178100 -0.01100100 -0.01900100
v -0.31178100 -0.01250100 -0.01900100
v -0.31178100 -0.01250100 -0.01900100
v -0.31178100 -0.01250100 -0.01900100
v -0.31178100 -0.01250100 -0.01900100
v -0.31178100 -0.01250100 -0.01900100
v -0.31178100 -0.01250100 -0.01900100
v -0.31178100 -0.01250100 -0.01900100
v -0.31178100 -0.01250100 -0.01900100
v -0.31178100 -0.01250100 -0.01900100
v -0.31178100 -0.01026300 -0.02340500
v -0.31178100 -0.01157400 -0.02419200
v -0.31178100 -0.01157400 -0.02419200
v -0.31178100 -0.01157400 -0.02419200
v -0.31178100 -0.01157400 -0.02419200
v -0.31178100 -0.01157400 -0.02419200
v -0.31178100 -0.00767500 -0.02787400
v -0.31178100 -0.00810800 -0.02960700
v -0.31178100 -0.00810800 -0.02960700
v -0.31178100 -0.00810800 -0.02960700
v -0.31178100 -0.00810800 -0.02960700
v -0.31178100 -0.00810800 -0.02960700
v -0.31178100 -0.00810800 -0.02960700
v -0.31178100 -0.00810800 -0.02960700
v -0.31178100 -0.00810800 -0.02960700
v -0.31178100 -0.00810800 -0.02960700
v -0.31178100 -0.00422300 -0.03070800
v -0.31178100 -0.00422300 -0.03070800
v -0.31178100 -0.00269300 -0.03307300
v -0.31178100 -0.00269300 -0.03307300
v -0.31178100 -0.00269300 -0.03307300
v -0.31178100 -0.00269300 -0.03307300
v -0.31178100 -0.00269300 -0.03307300
v -0.31178100 -0.00269300 -0.03307300
v -0.31178100 -0.00422300 -0.02932600
v -0.31178100 -0.00422300 -0.02932600
v -0.31178100 0.00249900 -0.03400100
v -0.31178100 0.00249900 -0.03400100
v -0.31178100 0.00249900 -0.03400100
v -0.31178100 0.00249900 -0.03400100
v -0.31178100 0.01999900 -0.03400100
v -0.33387900 0.04662400 -0.03400100
v -0.33387900 0.04662400 -0.03400100
v -0.33387900 0.04662400 -0.03400100
v -0.32287500 0.04662400 -0.03400100
v -0.32287500 0.04662400 -0.03400100
v -0.32287500 0.04662400 -0.03400100
v -0.32287500 0.04662400 -0.03400100
v -0.32287500 0.04662400 -0.03400100
v -0.32287500 0.04662400 -0.03400100
v -0.32287500 0.04662400 -0.03400100
v -0.32287500 0.04662400 -0.03400100
v -0.33689100 0.03633000 -0.03400100
v -0.33689100 0.03633000 -0.03400100
v -0.33689100 0.03633000 -0.03400100
v -0.33689100 0.03633000 -0.03400100
v -0.32398400 0.00249900 -0.03400100
v -0.32398400 0.00249900 -0.03400100
v -0.32398400 0.00249900 -0.03400100
v -0.33092000 0.02911600 -0.03400100
v -0.33092000 0.02911600 -0.03400100
v -0.33092000 0.02911600 -0.03400100
v -0.34528100 0.04792700 -0.03400100
v -0.34528100 0.04792700 -0.03400100
v -0.34528100 0.04792700 -0.03400100
v -0.34552600 0.04888500 -0.03400100
v -0.34552600 0.04888500 -0.03400100
v -0.34552600 0.04888500 -0.03400100
v -0.34000700 0.04932700 -0.03400100
v -0.34000700 0.04932700 -0.03400100
v -0.34000700 0.04932700 -0.03400100
v -0.34000700 0.04932700 -0.03400100
v -0.34000700 0.04932700 -0.03400100
v -0.34000700 0.04932700 -0.03400100
v -0.34620000 0.04960900 -0.03400100
v -0.34620000 0.04960900 -0.03400100
v -0.34620000 0.04960900 -0.03400100
v -0.34713800 0.04992200 -0.03400100
v -0.34713800 0.04992200 -0.03400100
v -0.34713800 0.04992200 -0.03400100
v -0.33494900 -0.00721900 -0.03400100
v -0.33494900 -0.00721900 -0.03400100
v -0.33494900 -0.00721900 -0.03400100
v -0.33494900 -0.00721900 -0.03400100
v -0.33494900 -0.00721900 -0.03400100
v -0.33494900 -0.00721900 -0.03400100
v -0.33494900 -0.00721900 -0.03400100
v -0.33494900 -0.00721900 -0.03400100
v -0.33494900 -0.00721900 -0.03400100
v -0.33494900 -0.00721900 -0.03400100
v -0.33494900 -0.00721900 -0.03400100
v -0.34046200 -0.00715800 -0.03400100
v -0.34046200 -0.00715800 -0.03400100
v -0.34046200 -0.00715800 -0.03400100
v -0.34046200 -0.00715800 -0.03400100
v -0.34049200 -0.00681100 -0.03400100
v -0.34049200 -0.00681100 -0.03400100
v -0.34049200 -0.00681100 -0.03400100
v -0.34049200 -0.00681100 -0.03400100
v -0.31687700 0.03887200 -0.03400100
v -0.31687700 0.03887200 -0.03400100
v -0.31687700 0.03887200 -0.03400100
v -0.31687700 0.03887200 -0.03400100
v -0.31687700 0.03887200 -0.03400100
v -0.31283200 0.02881500 -0.03400100
v -0.31283200 0.02881500 -0.03400100
v -0.32878100 0.01999900 -0.03400100
v -0.32878100 0.01999900 -0.03400100
v -0.32878100 0.01999900 -0.03400100
v -0.33041800 0.01197100 -0.03400100
v -0.33041800 0.01197100 -0.03400100
v -0.33041800 0.01197100 -0.03400100
v -0.33041800 0.01197100 -0.03400100
v -0.33506800 0.00522500 -0.03400100
v -0.33506800 0.00522500 -0.03400100
v -0.33506800 0.00522500 -0.03400100
v -0.33506800 0.00522500 -0.03400100
v -0.33506800 0.00522500 -0.03400100
v -0.36425700 -0.00599600 -0.03400100
v -0.36425700 -0.00599600 -0.03400100
v -0.36425700 -0.00599600 -0.03400100
v -0.36268600 -0.00768700 -0.03400100
v -0.36268600 -0.00768700 -0.03400100
v -0.36268600 -0.00768700 -0.03400100
v -0.36268600 -0.00768700 -0.03400100
v -0.36268600 -0.00768700 -0.03400100
v -0.37053400 -0.00223800 -0.03400100
v -0.37053400 -0.00223800 -0.03400100
v -0.37053400 -0.00223800 -0.03400100
v -0.37053400 -0.00223800 -0.03400100
v -0.37053400 -0.00223800 -0.03400100
v -0.37053400 -0.00223800 -0.03400100
v -0.34528100 0.04010400 -0.03400100
v -0.34528100 0.04010400 -0.03400100
v -0.34528100 0.04010400 -0.03400100
v -0.34185000 0.00089300 -0.03400100
v -0.34185000 0.00089300 -0.03400100
v -0.34185000 0.00089300 -0.03400100
v -0.34185000 0.00089300 -0.03400100
v -0.32728900 -0.00150800 -0.03400100
v -0.32728900 -0.00150800 -0.03400100
v -0.32728900 -0.00150800 -0.03400100
v -0.32728900 -0.00150800 -0.03400100
v -0.37291100 0.00151500 -0.03400100
v -0.37291100 0.00151500 -0.03400100
v -0.37291100 0.00151500 -0.03400100
v -0.37633200 0.00535500 -0.03400100
v -0.37633200 0.00535500 -0.03400100
v -0.37633200 0.00535500 -0.03400100
v -0.37633200 0.00535500 -0.03400100
v -0.37633200 0.00535500 -0.03400100
v -0.37811700 0.01172400 -0.03400100
v -0.37811700 0.01172400 -0.03400100
v -0.37811700 0.01172400 -0.03400100
v -0.37952000 0.01436200 -0.03400100
v -0.37952000 0.01436200 -0.03400100
v -0.37952000 0.01436200 -0.03400100
v -0.37952000 0.01436200 -0.03400100
v -0.37916700 0.01738400 -0.03400100
v -0.37916700 0.01738400 -0.03400100
v -0.37916700 0.01738400 -0.03400100
v -0.37916700 0.01738400 -0.03400100
v -0.37916700 0.01738400 -0.03400100
v -0.38004100 0.01999800 -0.03400100
v -0.38004100 0.01999800 -0.03400100
v -0.38004100 0.01999800 -0.03400100
v -0.38004100 0.01999800 -0.03400100
v -0.38004100 0.01999800 -0.03400100
v -0.37911600 0.02314000 -0.03400100
v -0.37911600 0.02314000 -0.03400100
v -0.37911600 0.02314000 -0.03400100
v -0.37828100 0.03025500 -0.03400100
v -0.37828100 0.03025500 -0.03400100
v -0.37828100 0.03025500 -0.03400100
v -0.37828100 0.03025500 -0.03400100
v -0.37828100 0.03025500 -0.03400100
v -0.37576200 0.03409700 -0.03400100
v -0.37576200 0.03409700 -0.03400100
v -0.37576200 0.03409700 -0.03400100
v -0.37320200 0.03933700 -0.03400100
v -0.37320200 0.03933700 -0.03400100
v -0.37320200 0.03933700 -0.03400100
v -0.37320200 0.03933700 -0.03400100
v -0.37320200 0.03933700 -0.03400100
v -0.36854300 0.04299800 -0.03400100
v -0.36854300 0.04299800 -0.03400100
v -0.36854300 0.04299800 -0.03400100
v -0.36538500 0.04620600 -0.03400100
v -0.36538500 0.04620600 -0.03400100
v -0.36538500 0.04620600 -0.03400100
v -0.36538500 0.04620600 -0.03400100
v -0.36538500 0.04620600 -0.03400100
v -0.35851500 0.04854200 -0.03400100
v -0.35851500 0.04854200 -0.03400100
v -0.35851500 0.04854200 -0.03400100
v -0.35572400 0.05007600 -0.03400100
v -0.35572400 0.05007600 -0.03400100
v -0.35572400 0.05007600 -0.03400100
v -0.35572400 0.05007600 -0.03400100
v -0.35572400 0.05007600 -0.03400100
v -0.35572400 0.05007600 -0.03400100
v -0.34847400 0.05074800 -0.03400100
v -0.34847400 0.05074800 -0.03400100
v -0.34847400 0.05074800 -0.03400100
v -0.34847400 0.05074800 -0.03400100
v -0.34847400 0.05074800 -0.03400100
v -0.35354500 -0.01046500 -0.03400100
v -0.35354500 -0.01046500 -0.03400100
v -0.35354500 -0.01046500 -0.03400100
v -0.35354500 -0.01046500 -0.03400100
v -0.35354500 -0.01046500 -0.03400100
v -0.35354500 -0.01046500 -0.03400100
v -0.35341700 -0.00971500 -0.03400100
v -0.35341700 -0.00971500 -0.03400100
v -0.35341700 -0.00971500 -0.03400100
v -0.34399200 -0.01030300 -0.03400100
v -0.34399200 -0.01030300 -0.03400100
v -0.34399200 -0.01030300 -0.03400100
v -0.34399200 -0.01030300 -0.03400100
v -0.34399200 -0.01030300 -0.03400100
v -0.34197500 -0.00909800 -0.03400100
v -0.34197500 -0.00909800 -0.03400100
v -0.34197500 -0.00909800 -0.03400100
v -0.34283800 -0.01007900 -0.03400100
v -0.34283800 -0.01007900 -0.03400100
v -0.34283800 -0.01007900 -0.03400100
v -0.34283800 -0.01007900 -0.03400100
v -0.34122700 -0.00873200 -0.03400100
v -0.34122700 -0.00873200 -0.03400100
v -0.34122700 -0.00873200 -0.03400100
v -0.34063500 -0.00797300 -0.03400100
v -0.34063500 -0.00797300 -0.03400100
v -0.34063500 -0.00797300 -0.03400100
v -0.32361900 0.04734300 -0.03343500
v -0.32361900 0.04734300 -0.03343500
v -0.32361900 0.04734300 -0.03343500
v -0.32361900 0.04734300 -0.03343500
v -0.33415700 0.04818900 -0.03276900
v -0.33415700 0.04818900 -0.03276900
v -0.33415700 0.04818900 -0.03276900
v -0.32648700 0.04977500 -0.03152100
v -0.32648700 0.04977500 -0.03152100
v -0.32648700 0.04977500 -0.03152100
v -0.32648700 0.04977500 -0.03152100
v -0.32648700 0.04977500 -0.03152100
v -0.32648700 0.04977500 -0.03152100
v -0.32648700 0.04977500 -0.03152100
v -0.32648700 0.04977500 -0.03152100
v -0.33450900 0.04977500 -0.03152100
v -0.33450900 0.04977500 -0.03152100
v -0.33450900 0.04977500 -0.03152100
v -0.33450900 0.04977500 -0.03152100
v -0.33450900 0.04977500 -0.03152100
v -0.33450900 0.04977500 -0.03152100
v -0.32760600 0.05060000 -0.02903100
v -0.32760600 0.05060000 -0.02903100
v -0.32760600 0.05060000 -0.02903100
v -0.33266100 0.05024100 -0.03025200
v -0.33266100 0.05024100 -0.03025200
v -0.33266100 0.05024100 -0.03025200
v -0.33266100 0.05024100 -0.03025200
v -0.33266100 0.05024100 -0.03025200
v -0.33266100 0.05024100 -0.03025200
v -0.33078400 0.05060900 -0.02899600
v -0.33078400 0.05060900 -0.02899600
v -0.33078400 0.05060900 -0.02899600
v -0.33266300 0.05024100 0.03025200
v -0.33266300 0.05024100 0.03025200
v -0.33266300 0.05024100 0.03025200
v -0.33266300 0.05024100 0.03025200
v -0.33266300 0.05024100 0.03025200
v -0.33451100 0.04977500 0.03152100
v -0.33451100 0.04977500 0.03152100
v -0.33451100 0.04977500 0.03152100
v -0.33451100 0.04977500 0.03152100
v -0.33451100 0.04977500 0.03152100
v -0.32648600 0.04977500 0.03152100
v -0.32648600 0.04977500 0.03152100
v -0.32648600 0.04977500 0.03152100
v -0.33078500 0.05060900 0.02899400
v -0.33078500 0.05060900 0.02899400
v -0.33415800 0.04818900 0.03276900
v -0.33415800 0.04818900 0.03276900
v -0.33415800 0.04818900 0.03276900
v -0.33415800 0.04818900 0.03276900
v -0.32361900 0.04734300 0.03343500
v -0.33387900 0.04662500 0.03399900
v -0.33387900 0.04662500 0.03399900
v -0.33387900 0.04662500 0.03399900
v -0.32287500 0.04662500 0.03399900
v -0.32287500 0.04662500 0.03399900
v -0.31687700 0.03887200 0.03399900
v -0.34545700 0.03606100 0.03399900
v -0.34545700 0.03606100 0.03399900
v -0.34545700 0.03606100 0.03399900
v -0.34412100 0.00570400 0.03399900
v -0.34412100 0.00570400 0.03399900
v -0.34412100 0.00570400 0.03399900
v -0.34528100 0.03688000 0.03399900
v -0.34528100 0.03688000 0.03399900
v -0.34528100 0.03688000 0.03399900
v -0.34528100 0.04792700 0.03399900
v -0.34528100 0.04792700 0.03399900
v -0.34528100 0.04792700 0.03399900
v -0.32398400 0.00249900 0.03399900
v -0.32398400 0.00249900 0.03399900
v -0.32398400 0.00249900 0.03399900
v -0.32398400 0.00249900 0.03399900
v -0.31283200 0.02881500 0.03399900
v -0.31283200 0.02881500 0.03399900
v -0.35822900 0.00796000 0.03399900
v -0.35822900 0.00796000 0.03399900
v -0.35822900 0.00796000 0.03399900
v -0.35117800 0.00511900 0.03399900
v -0.35117800 0.00511900 0.03399900
v -0.35117800 0.00511900 0.03399900
v -0.34495700 0.00563500 0.03399900
v -0.34495700 0.00563500 0.03399900
v -0.34495700 0.00563500 0.03399900
v -0.34552600 0.04888500 0.03399900
v -0.34552600 0.04888500 0.03399900
v -0.34552600 0.04888500 0.03399900
v -0.36298200 0.01389300 0.03399900
v -0.36298200 0.01389300 0.03399900
v -0.36298200 0.01389300 0.03399900
v -0.35988800 0.00939200 0.03399900
v -0.35988800 0.00939200 0.03399900
v -0.35988800 0.00939200 0.03399900
v -0.34751700 0.03489400 0.03399900
v -0.34751700 0.03489400 0.03399900
v -0.34046200 -0.00715800 0.03399900
v -0.34046200 -0.00715800 0.03399900
v -0.34046200 -0.00715800 0.03399900
v -0.34046200 -0.00715800 0.03399900
v -0.33586300 -0.00768000 0.03399900
v -0.33586300 -0.00768000 0.03399900
v -0.33586300 -0.00768000 0.03399900
v -0.33586300 -0.00768000 0.03399900
v -0.33586300 -0.00768000 0.03399900
v -0.33586300 -0.00768000 0.03399900
v -0.34049200 -0.00681100 0.03399900
v -0.34049200 -0.00681100 0.03399900
v -0.34049200 -0.00681100 0.03399900
v -0.32877400 -0.00292800 0.03399900
v -0.32877400 -0.00292800 0.03399900
v -0.32877400 -0.00292800 0.03399900
v -0.32877400 -0.00292800 0.03399900
v -0.32877400 -0.00292800 0.03399900
v -0.32877400 -0.00292800 0.03399900
v -0.34241000 0.00406800 0.03399900
v -0.34241000 0.00406800 0.03399900
v -0.34241000 0.00406800 0.03399900
v -0.34241000 0.00406800 0.03399900
v -0.34241000 0.00406800 0.03399900
v -0.34272600 0.00484400 0.03399900
v -0.34272600 0.00484400 0.03399900
v -0.34272600 0.00484400 0.03399900
v -0.34272600 0.00484400 0.03399900
v -0.34333100 0.00542300 0.03399900
v -0.34333100 0.00542300 0.03399900
v -0.34333100 0.00542300 0.03399900
v -0.34065400 -0.00801300 0.03399900
v -0.34065400 -0.00801300 0.03399900
v -0.34065400 -0.00801300 0.03399900
v -0.34119200 -0.00870400 0.03399900
v -0.34119200 -0.00870400 0.03399900
v -0.34119200 -0.00870400 0.03399900
v -0.34119200 -0.00870400 0.03399900
v -0.34283800 -0.01007900 0.03399900
v -0.34283800 -0.01007900 0.03399900
v -0.34283800 -0.01007900 0.03399900
v -0.34283800 -0.01007900 0.03399900
v -0.34283800 -0.01007900 0.03399900
v -0.34283800 -0.01007900 0.03399900
v -0.33996500 0.04931400 0.03399900
v -0.33996500 0.04931400 0.03399900
v -0.33996500 0.04931400 0.03399900
v -0.33996500 0.04931400 0.03399900
v -0.33996500 0.04931400 0.03399900
v -0.34620000 0.04960900 0.03399900
v -0.34620000 0.04960900 0.03399900
v -0.34620000 0.04960900 0.03399900
v -0.35924400 0.03121200 0.03399900
v -0.35924400 0.03121200 0.03399900
v -0.35924400 0.03121200 0.03399900
v -0.36296400 0.02614500 0.03399900
v -0.36296400 0.02614500 0.03399900
v -0.36296400 0.02614500 0.03399900
v -0.36428100 0.01999800 0.03399900
v -0.36428100 0.01999800 0.03399900
v -0.36428100 0.01999800 0.03399900
v -0.34668200 0.03497200 0.03399900
v -0.34668200 0.03497200 0.03399900
v -0.34668200 0.03497200 0.03399900
v -0.34595300 0.03538500 0.03399900
v -0.34595300 0.03538500 0.03399900
v -0.34595300 0.03538500 0.03399900
v -0.34713900 0.04992200 0.03399900
v -0.34713900 0.04992200 0.03399900
v -0.34713900 0.04992200 0.03399900
v -0.34837900 0.05074500 0.03399900
v -0.34837900 0.05074500 0.03399900
v -0.34837900 0.05074500 0.03399900
v -0.34837900 0.05074500 0.03399900
v -0.34837900 0.05074500 0.03399900
v -0.35690600 0.04901300 0.03399900
v -0.35690600 0.04901300 0.03399900
v -0.35690600 0.04901300 0.03399900
v -0.35572500 0.05007600 0.03399900
v -0.35572500 0.05007600 0.03399900
v -0.35572500 0.05007600 0.03399900
v -0.35572500 0.05007600 0.03399900
v -0.35572500 0.05007600 0.03399900
v -0.36518400 0.04632900 0.03399900
v -0.36518400 0.04632900 0.03399900
v -0.36518400 0.04632900 0.03399900
v -0.36518400 0.04632900 0.03399900
v -0.36518400 0.04632900 0.03399900
v -0.35377500 0.03431000 0.03399900
v -0.35377500 0.03431000 0.03399900
v -0.35377500 0.03431000 0.03399900
v -0.34197500 -0.00909800 0.03399900
v -0.34197500 -0.00909800 0.03399900
v -0.34197500 -0.00909800 0.03399900
v -0.34197500 -0.00909800 0.03399900
v -0.34916800 -0.01000100 0.03399900
v -0.34916800 -0.01000100 0.03399900
v -0.34916800 -0.01000100 0.03399900
v -0.35357700 -0.01046000 0.03399900
v -0.35357700 -0.01046000 0.03399900
v -0.35357700 -0.01046000 0.03399900
v -0.35357700 -0.01046000 0.03399900
v -0.35357700 -0.01046000 0.03399900
v -0.35357700 -0.01046000 0.03399900
v -0.35898300 -0.00839000 0.03399900
v -0.35898300 -0.00839000 0.03399900
v -0.35898300 -0.00839000 0.03399900
v -0.36379300 -0.00712300 0.03399900
v -0.36379300 -0.00712300 0.03399900
v -0.36379300 -0.00712300 0.03399900
v -0.36379300 -0.00712300 0.03399900
v -0.36379300 -0.00712300 0.03399900
v -0.36379300 -0.00712300 0.03399900
v -0.36773100 -0.00365700 0.03399900
v -0.36773100 -0.00365700 0.03399900
v -0.36773100 -0.00365700 0.03399900
v -0.37223700 -0.00047700 0.03399900
v -0.37223700 -0.00047700 0.03399900
v -0.37223700 -0.00047700 0.03399900
v -0.37223700 -0.00047700 0.03399900
v -0.37223700 -0.00047700 0.03399900
v -0.37223700 -0.00047700 0.03399900
v -0.37445200 0.00367500 0.03399900
v -0.37445200 0.00367500 0.03399900
v -0.37445200 0.00367500 0.03399900
v -0.37787900 0.00866900 0.03399900
v -0.37787900 0.00866900 0.03399900
v -0.37787900 0.00866900 0.03399900
v -0.37787900 0.00866900 0.03399900
v -0.37787900 0.00866900 0.03399900
v -0.37787900 0.00866900 0.03399900
v -0.37840500 0.01280200 0.03399900
v -0.37840500 0.01280200 0.03399900
v -0.37840500 0.01280200 0.03399900
v -0.38003100 0.01919800 0.03399900
v -0.38003100 0.01919800 0.03399900
v -0.38003100 0.01919800 0.03399900
v -0.38003100 0.01919800 0.03399900
v -0.38003100 0.01919800 0.03399900
v -0.38003100 0.01919800 0.03399900
v -0.38003100 0.01919800 0.03399900
v -0.37916700 0.01738400 0.03399900
v -0.37916700 0.01738400 0.03399900
v -0.37916700 0.01738400 0.03399900
v -0.37928100 0.01999800 0.03399900
v -0.37928100 0.01999800 0.03399900
v -0.37928100 0.01999800 0.03399900
v -0.37843000 0.02982400 0.03399900
v -0.37843000 0.02982400 0.03399900
v -0.37843000 0.02982400 0.03399900
v -0.37843000 0.02982400 0.03399900
v -0.37843000 0.02982400 0.03399900
v -0.37843000 0.02982400 0.03399900
v -0.37767800 0.02967600 0.03399900
v -0.37767800 0.02967600 0.03399900
v -0.37767800 0.02967600 0.03399900
v -0.37327100 0.03925100 0.03399900
v -0.37327100 0.03925100 0.03399900
v -0.37327100 0.03925100 0.03399900
v -0.37327100 0.03925100 0.03399900
v -0.37327100 0.03925100 0.03399900
v -0.37327100 0.03925100 0.03399900
v -0.37303800 0.03831900 0.03399900
v -0.37303800 0.03831900 0.03399900
v -0.37303800 0.03831900 0.03399900
v -0.36585800 0.04500300 0.03399900
v -0.36585800 0.04500300 0.03399900
v -0.36585800 0.04500300 0.03399900
v -0.31684300 0.03901300 -0.03300100
v -0.31684300 0.03901300 -0.03300100
v -0.31684300 0.03901300 -0.03300100
v -0.31445800 0.03418000 -0.03300100
v -0.31445800 0.03418000 -0.03300100
v -0.31445800 0.03418000 -0.03300100
v -0.31445800 0.03418000 -0.03300100
v -0.31448900 0.03399000 -0.03300100
v -0.31448900 0.03399000 -0.03300100
v -0.31288100 0.02942100 -0.03300100
v -0.31288100 0.02942100 -0.03300100
v -0.31288100 0.02942100 -0.03300100
v -0.31288100 0.02942100 -0.03300100
v -0.31195100 0.02449300 -0.03300100
v -0.31195100 0.02449300 -0.03300100
v -0.31195100 0.02449300 -0.03300100
v -0.31942300 0.04268600 -0.03300100
v -0.31942300 0.04268600 -0.03300100
v -0.31942300 0.04268600 -0.03300100
v -0.31942300 0.04268600 -0.03300100
v -0.32241500 0.04616100 -0.03300100
v -0.32241500 0.04616100 -0.03300100
v -0.32227400 0.04608700 -0.03300100
v -0.32227400 0.04608700 -0.03300100
v -0.32227400 0.04608700 -0.03300100
v -0.32205600 0.04593200 -0.03300100
v -0.32205600 0.04593200 -0.03300100
v -0.31989500 0.04345500 -0.03300100
v -0.31989500 0.04345500 -0.03300100
v -0.31989500 0.04345500 -0.03300100
v -0.31989500 0.04345500 -0.03300100
v -0.31989500 0.04345500 -0.03300100
v -0.31989500 0.04345500 -0.03300100
v -0.31687700 0.03887200 -0.03300100
v -0.34728100 -0.00191000 -0.02932600
v -0.31195100 0.02449300 -0.02932600
v -0.32212700 0.04600600 -0.03350000
v -0.32212700 0.04600600 -0.03350000
v -0.30334700 0.01367000 -0.02932600
v -0.34728100 0.04190700 -0.02932600
v -0.33438800 0.05186400 0.02958500
v -0.33438800 0.05186400 0.02958500
v -0.33438800 0.05186400 0.02958500
v -0.33131500 0.05073900 0.02915400
v -0.33131500 0.05073900 0.02915400
v -0.32631600 0.04974100 -0.03144400
v -0.34528100 0.03984900 -0.03375000
v -0.34528100 0.03984900 -0.03375000
v -0.34528100 0.03984900 -0.03375000
v -0.34528100 0.03984900 -0.03375000
v -0.34528100 0.03959400 -0.03350100
v -0.34528100 0.03959400 -0.03350100
v -0.34528100 0.03959400 -0.03350100
v -0.34528100 0.03959400 -0.03350100
v -0.33719300 0.03593200 -0.03350100
v -0.33719300 0.03593200 -0.03350100
v -0.33719300 0.03593200 -0.03350100
v -0.33719300 0.03593200 -0.03350100
v -0.33719300 0.03593200 -0.03350100
v -0.33719300 0.03593200 -0.03350100
v -0.33136800 0.02889300 -0.03350100
v -0.33136800 0.02889300 -0.03350100
v -0.33136800 0.02889300 -0.03350100
v -0.33136800 0.02889300 -0.03350100
v -0.33136800 0.02889300 -0.03350100
v -0.32928100 0.01999900 -0.03350100
v -0.32928100 0.01999900 -0.03350100
v -0.32928100 0.01999900 -0.03350100
v -0.32928100 0.01999900 -0.03350100
v -0.32928100 0.01999900 -0.03350100
v -0.32928100 0.01999900 -0.03350100
v -0.34528100 0.03959400 -0.03200100
v -0.34528100 0.03959400 -0.03200100
v -0.34528100 0.03959400 -0.03200100
v -0.34528100 0.03959400 -0.03200100
v -0.34528100 0.04792700 -0.03200100
v -0.34528100 0.04792700 -0.03200100
v -0.34528100 0.04792700 -0.03200100
v -0.35373200 0.03949700 -0.03200100
v -0.35373200 0.03949700 -0.03200100
v -0.35373200 0.03949700 -0.03200100
v -0.35373200 0.03949700 -0.03200100
v -0.35373200 0.03949700 -0.03200100
v -0.37811700 0.01172400 -0.03200100
v -0.37811700 0.01172400 -0.03200100
v -0.37811700 0.01172400 -0.03200100
v -0.37916700 0.01738400 -0.03200100
v -0.37916700 0.01738400 -0.03200100
v -0.37916700 0.01738400 -0.03200100
v -0.36853000 0.01457000 -0.03200100
v -0.36853000 0.01457000 -0.03200100
v -0.36853000 0.01457000 -0.03200100
v -0.36928100 0.01999800 -0.03200100
v -0.36928100 0.01999800 -0.03200100
v -0.36928100 0.01999800 -0.03200100
v -0.37291100 0.00151500 -0.03200100
v -0.37291100 0.00151500 -0.03200100
v -0.37291100 0.00151500 -0.03200100
v -0.36448900 0.00700900 -0.03200100
v -0.36448900 0.00700900 -0.03200100
v -0.36448900 0.00700900 -0.03200100
v -0.36425700 -0.00599600 -0.03200100
v -0.36425700 -0.00599600 -0.03200100
v -0.36425700 -0.00599600 -0.03200100
v -0.35765400 0.00183600 -0.03200100
v -0.35765400 0.00183600 -0.03200100
v -0.35765400 0.00183600 -0.03200100
v -0.35765400 0.00183600 -0.03200100
v -0.35341700 -0.00971500 -0.03200100
v -0.35341700 -0.00971500 -0.03200100
v -0.35341700 -0.00971500 -0.03200100
v -0.34928100 -0.00000200 -0.03200100
v -0.34928100 -0.00000200 -0.03200100
v -0.34928100 -0.00000200 -0.03200100
v -0.34928100 -0.00000200 -0.03200100
v -0.34193900 0.00139500 -0.03200100
v -0.34193900 0.00139500 -0.03200100
v -0.34193900 0.00139500 -0.03200100
v -0.34193900 0.00139500 -0.03200100
v -0.34193900 0.00139500 -0.03200100
v -0.34620000 0.04960900 -0.03200100
v -0.34620000 0.04960900 -0.03200100
v -0.34620000 0.04960900 -0.03200100
v -0.34552600 0.04888500 -0.03200100
v -0.34552600 0.04888500 -0.03200100
v -0.34552600 0.04888500 -0.03200100
v -0.34713800 0.04992200 -0.03200100
v -0.34713800 0.04992200 -0.03200100
v -0.34713800 0.04992200 -0.03200100
v -0.35851500 0.04854200 -0.03200100
v -0.35851500 0.04854200 -0.03200100
v -0.35851500 0.04854200 -0.03200100
v -0.36854300 0.04299800 -0.03200100
v -0.36854300 0.04299800 -0.03200100
v -0.36854300 0.04299800 -0.03200100
v -0.36175100 0.03563500 -0.03200100
v -0.36175100 0.03563500 -0.03200100
v -0.36175100 0.03563500 -0.03200100
v -0.37576200 0.03409700 -0.03200100
v -0.37576200 0.03409700 -0.03200100
v -0.37576200 0.03409700 -0.03200100
v -0.36730100 0.02867600 -0.03200100
v -0.36730100 0.02867600 -0.03200100
v -0.36730100 0.02867600 -0.03200100
v -0.37911600 0.02314000 -0.03200100
v -0.37911600 0.02314000 -0.03200100
v -0.37911600 0.02314000 -0.03200100
v -0.37911600 0.02314000 -0.03200100
v -0.37928100 0.01999800 -0.03200100
v -0.37928100 0.01999800 -0.03200100
v -0.37928100 0.01999800 -0.03200100
v -0.34046200 -0.00715800 -0.03200100
v -0.34046200 -0.00715800 -0.03200100
v -0.34046200 -0.00715800 -0.03200100
v -0.34063500 -0.00797300 -0.03200100
v -0.34063500 -0.00797300 -0.03200100
v -0.34063500 -0.00797300 -0.03200100
v -0.34063500 -0.00797300 -0.03200100
v -0.34122700 -0.00873200 -0.03200100
v -0.34122700 -0.00873200 -0.03200100
v -0.34122700 -0.00873200 -0.03200100
v -0.34049200 -0.00681100 -0.03200100
v -0.34049200 -0.00681100 -0.03200100
v -0.34049200 -0.00681100 -0.03200100
v -0.34049200 -0.00681100 -0.03200100
v -0.34197500 -0.00909800 -0.03200100
v -0.34197500 -0.00909800 -0.03200100
v -0.34197500 -0.00909800 -0.03200100
v -0.34090800 0.00183600 -0.03350100
v -0.34090800 0.00183600 -0.03350100
v -0.34090800 0.00183600 -0.03350100
v -0.34090800 0.00183600 -0.03350100
v -0.34090800 0.00183600 -0.03350100
v -0.34090800 0.00183600 -0.03350100
v -0.34189500 0.00114400 -0.03375100
v -0.34189500 0.00114400 -0.03375100
v -0.34189500 0.00114400 -0.03375100
v -0.34189500 0.00114400 -0.03375100
v -0.34189500 0.00114400 -0.03375100
v -0.34193900 0.00139500 -0.03350100
v -0.34193900 0.00139500 -0.03350100
v -0.34193900 0.00139500 -0.03350100
v -0.34193900 0.00139500 -0.03350100
v -0.33087800 0.01216700 -0.03350100
v -0.33087800 0.01216700 -0.03350100
v -0.33087800 0.01216700 -0.03350100
v -0.33087800 0.01216700 -0.03350100
v -0.33407300 0.00701000 -0.03350100
v -0.33407300 0.00701000 -0.03350100
v -0.33407300 0.00701000 -0.03350100
v -0.33407300 0.00701000 -0.03350100
v -0.33407300 0.00701000 -0.03350100
v -0.33407300 0.00701000 -0.03350100
v -0.33541500 0.00558600 -0.03350100
v -0.33541500 0.00558600 -0.03350100
v -0.33541500 0.00558600 -0.03350100
v -0.33541500 0.00558600 -0.03350100
v -0.33541500 0.00558600 -0.03350100
v -0.31228100 -0.01100100 -0.00000100
v -0.31228100 -0.01250100 -0.00000100
v -0.31228100 -0.01250100 -0.00000100
v -0.33819200 0.05337900 0.02958500
v -0.33819200 0.05337900 0.02958500
v -0.33819200 0.05337900 0.02958500
v -0.33819200 0.05337900 0.02958500
v -0.35008500 0.05516400 0.02958500
v -0.35008500 0.05516400 0.02958500
v -0.34406200 0.05478300 0.02958500
v -0.34406200 0.05478300 0.02958500
v -0.34406200 0.05478300 0.02958500
v -0.36188400 0.05283800 0.02958500
v -0.36188400 0.05283800 0.02958500
v -0.36188400 0.05283800 0.02958500
v -0.35664900 0.05439200 0.02958500
v -0.35664900 0.05439200 0.02958500
v -0.35608400 0.05450900 0.02958500
v -0.35608400 0.05450900 0.02958500
v -0.35608400 0.05450900 0.02958500
v -0.36731200 0.05020000 0.02958500
v -0.36731200 0.05020000 0.02958500
v -0.37220900 0.04667300 0.02958500
v -0.37220900 0.04667300 0.02958500
v -0.37220900 0.04667300 0.02958500
v -0.37643200 0.04236100 0.02958500
v -0.37643200 0.04236100 0.02958500
v -0.37671400 0.04201400 0.02958500
v -0.37671400 0.04201400 0.02958500
v -0.37985500 0.03739000 0.02958500
v -0.37985500 0.03739000 0.02958500
v -0.37985500 0.03739000 0.02958500
v -0.38392700 0.02607500 0.02958500
v -0.38392700 0.02607500 0.02958500
v -0.38392700 0.02607500 0.02958500
v -0.38261300 0.03123400 0.02958500
v -0.38261300 0.03123400 0.02958500
v -0.38237800 0.03190800 0.02958500
v -0.38237800 0.03190800 0.02958500
v -0.38443200 0.02128600 0.02958500
v -0.38443200 0.02128600 0.02958500
v -0.38445500 0.01999800 0.02958500
v -0.38445500 0.01999800 0.02958500
v -0.32971900 -0.01217100 0.02213100
v -0.32971900 -0.01217100 0.02213100
v -0.32902200 -0.01202200 0.02276000
v -0.32902200 -0.01202200 0.02276000
v -0.32743900 -0.01166200 0.02394800
v -0.32743900 -0.01166200 0.02394800
v -0.32743900 -0.01166200 0.02394800
v -0.32569800 -0.01122600 0.02505200
v -0.32569800 -0.01122600 0.02505200
v -0.33133100 -0.01249200 0.01954100
v -0.33133100 -0.01249200 0.01954100
v -0.33138300 -0.01250100 0.01899900
v -0.33138300 -0.01250100 0.01899900
v -0.33118100 -0.01246300 0.02007200
v -0.33118100 -0.01246300 0.02007200
v -0.33082900 -0.01239500 0.02078200
v -0.33082900 -0.01239500 0.02078200
v -0.33033000 -0.01229600 0.02147200
v -0.33033000 -0.01229600 0.02147200
v -0.33138300 -0.01250100 -0.01900100
v -0.33138300 -0.01250100 -0.01900100
v -0.11787100 0.01239900 0.03404400
v -0.11787100 0.01239900 0.03404400
v -0.10333100 0.01032500 0.03800300
v -0.10333100 0.01032500 0.03800300
v -0.10523400 0.01105800 0.03736900
v -0.10523400 0.01105800 0.03736900
v -0.10090700 0.00907100 0.03864100
v -0.10090700 0.00907100 0.03864100
v -0.10718500 0.01161000 0.03666700
v -0.10718500 0.01161000 0.03666700
v -0.11111300 0.01221700 0.03532400
v -0.11111300 0.01221700 0.03532400
v -0.11142100 0.01224200 0.03523100
v -0.11142100 0.01224200 0.03523100
v -0.11142100 0.01224200 0.03523100
v -0.11142100 0.01224200 0.03523100
v -0.11447900 0.01237600 0.03447500
v -0.11447900 0.01237600 0.03447500
v -0.32687300 -0.01003500 -0.02728800
v -0.32687300 -0.01003500 -0.02728800
v -0.32678500 -0.01004200 -0.02723000
v -0.32678500 -0.01004200 -0.02723000
v -0.32678500 -0.01004200 -0.02723000
v -0.32613700 -0.01066600 -0.02619100
v -0.32613700 -0.01066600 -0.02619100
v -0.32569800 -0.01122600 -0.02505400
v -0.32569800 -0.01122600 -0.02505400
v -0.32569800 -0.01122600 -0.02505400
v -0.32931700 -0.01018200 -0.02857500
v -0.32931700 -0.01018200 -0.02857500
v -0.32931700 -0.01018200 -0.02857500
v -0.33191700 -0.01087000 -0.02934300
v -0.33191700 -0.01087000 -0.02934300
v -0.33450400 -0.01192100 -0.02958600
v -0.33450400 -0.01192100 -0.02958600
v -0.35117800 0.00511900 0.03199900
v -0.35117800 0.00511900 0.03199900
v -0.35117800 0.00511900 0.03199900
v -0.34495700 0.00563500 0.03199900
v -0.34495700 0.00563500 0.03199900
v -0.34495700 0.00563500 0.03199900
v -0.36428100 0.01999800 0.03199900
v -0.36428100 0.01999800 0.03199900
v -0.36428100 0.01999800 0.03199900
v -0.36298200 0.01389300 0.03199900
v -0.36298200 0.01389300 0.03199900
v -0.36298200 0.01389300 0.03199900
v -0.35988800 0.00939200 0.03199900
v -0.35988800 0.00939200 0.03199900
v -0.35988800 0.00939200 0.03199900
v -0.35822900 0.00796000 0.03199900
v -0.35822900 0.00796000 0.03199900
v -0.35822900 0.00796000 0.03199900
v -0.34751700 0.03489400 0.03199900
v -0.34751700 0.03489400 0.03199900
v -0.34713900 0.04992200 0.03199900
v -0.34713900 0.04992200 0.03199900
v -0.34713900 0.04992200 0.03199900
v -0.35377500 0.03431000 0.03199900
v -0.35377500 0.03431000 0.03199900
v -0.35377500 0.03431000 0.03199900
v -0.35690600 0.04901300 0.03199900
v -0.35690600 0.04901300 0.03199900
v -0.35690600 0.04901300 0.03199900
v -0.35924400 0.03121200 0.03199900
v -0.35924400 0.03121200 0.03199900
v -0.35924400 0.03121200 0.03199900
v -0.34119200 -0.00870400 0.03199900
v -0.34119200 -0.00870400 0.03199900
v -0.34119200 -0.00870400 0.03199900
v -0.34119200 -0.00870400 0.03199900
v -0.34065400 -0.00801300 0.03199900
v -0.34065400 -0.00801300 0.03199900
v -0.34065400 -0.00801300 0.03199900
v -0.34065400 -0.00801300 0.03199900
v -0.34197500 -0.00909800 0.03199900
v -0.34197500 -0.00909800 0.03199900
v -0.34197500 -0.00909800 0.03199900
v -0.34046200 -0.00715800 0.03199900
v -0.34046200 -0.00715800 0.03199900
v -0.34046200 -0.00715800 0.03199900
v -0.34333100 0.00542300 0.03199900
v -0.34333100 0.00542300 0.03199900
v -0.34333100 0.00542300 0.03199900
v -0.34333100 0.00542300 0.03199900
v -0.34412100 0.00570400 0.03199900
v -0.34412100 0.00570400 0.03199900
v -0.34412100 0.00570400 0.03199900
v -0.34272600 0.00484400 0.03199900
v -0.34272600 0.00484400 0.03199900
v -0.34272600 0.00484400 0.03199900
v -0.34272600 0.00484400 0.03199900
v -0.34241000 0.00406800 0.03199900
v -0.34241000 0.00406800 0.03199900
v -0.34241000 0.00406800 0.03199900
v -0.34049200 -0.00681100 0.03199900
v -0.34049200 -0.00681100 0.03199900
v -0.34049200 -0.00681100 0.03199900
v -0.34049200 -0.00681100 0.03199900
v -0.34049200 -0.00681100 0.03199900
v -0.37928100 0.01999800 0.03199900
v -0.37928100 0.01999800 0.03199900
v -0.37928100 0.01999800 0.03199900
v -0.37767800 0.02967600 0.03199900
v -0.37767800 0.02967600 0.03199900
v -0.37767800 0.02967600 0.03199900
v -0.36296400 0.02614500 0.03199900
v -0.36296400 0.02614500 0.03199900
v -0.36296400 0.02614500 0.03199900
v -0.37303800 0.03831900 0.03199900
v -0.37303800 0.03831900 0.03199900
v -0.37303800 0.03831900 0.03199900
v -0.36585800 0.04500300 0.03199900
v -0.36585800 0.04500300 0.03199900
v -0.36585800 0.04500300 0.03199900
v -0.34595300 0.03538500 0.03199900
v -0.34595300 0.03538500 0.03199900
v -0.34595300 0.03538500 0.03199900
v -0.34545700 0.03606100 0.03199900
v -0.34545700 0.03606100 0.03199900
v -0.34545700 0.03606100 0.03199900
v -0.34668200 0.03497200 0.03199900
v -0.34668200 0.03497200 0.03199900
v -0.34668200 0.03497200 0.03199900
v -0.34528100 0.03688000 0.03199900
v -0.34528100 0.03688000 0.03199900
v -0.34528100 0.03688000 0.03199900
v -0.34552600 0.04888500 0.03199900
v -0.34552600 0.04888500 0.03199900
v -0.34552600 0.04888500 0.03199900
v -0.34620000 0.04960900 0.03199900
v -0.34620000 0.04960900 0.03199900
v -0.34620000 0.04960900 0.03199900
v -0.34528100 0.04792700 0.03199900
v -0.34528100 0.04792700 0.03199900
v -0.34528100 0.04792700 0.03199900
v -0.34916800 -0.01000100 0.03199900
v -0.34916800 -0.01000100 0.03199900
v -0.34916800 -0.01000100 0.03199900
v -0.35898300 -0.00839000 0.03199900
v -0.35898300 -0.00839000 0.03199900
v -0.35898300 -0.00839000 0.03199900
v -0.36773100 -0.00365700 0.03199900
v -0.36773100 -0.00365700 0.03199900
v -0.36773100 -0.00365700 0.03199900
v -0.37445200 0.00367500 0.03199900
v -0.37445200 0.00367500 0.03199900
v -0.37445200 0.00367500 0.03199900
v -0.37840500 0.01280200 0.03199900
v -0.37840500 0.01280200 0.03199900
v -0.37840500 0.01280200 0.03199900
v -0.37916700 0.01738400 0.03199900
v -0.37916700 0.01738400 0.03199900
v -0.37916700 0.01738400 0.03199900
v -0.32831900 -0.00603200 0.03133700
v -0.32831900 -0.00603200 0.03133700
v -0.32831900 -0.00603200 0.03133700
v -0.32831900 -0.00603200 0.03133700
v -0.32831900 -0.00603200 0.03133700
v -0.32822600 -0.00791700 0.02979400
v -0.32822600 -0.00791700 0.02979400
v -0.32822600 -0.00791700 0.02979400
v -0.32822600 -0.00791700 0.02979400
v -0.32822600 -0.00791700 0.02979400
v -0.32822600 -0.00791700 0.02979400
v -0.32822600 -0.00791700 0.02979400
v -0.32822600 -0.00791700 0.02979400
v -0.32775100 -0.00897300 0.02866400
v -0.32775100 -0.00897300 0.02866400
v -0.32775100 -0.00897300 0.02866400
v -0.32775100 -0.00897300 0.02866400
v -0.32775100 -0.00897300 0.02866400
v -0.32775100 -0.00897300 0.02866400
v -0.32775100 -0.00897300 0.02866400
v -0.32678500 -0.01004200 0.02722900
v -0.32678500 -0.01004200 0.02722900
v -0.32678500 -0.01004200 0.02722900
v -0.32613600 -0.01066700 0.02618800
v -0.32613600 -0.01066700 0.02618800
v -0.32613600 -0.01066700 0.02618800
v -0.32617000 -0.00088000 0.03361400
v -0.32617000 -0.00088000 0.03361400
v -0.32617000 -0.00088000 0.03361400
v -0.32617000 -0.00088000 0.03361400
v -0.32712000 -0.00260400 0.03310500
v -0.32712000 -0.00260400 0.03310500
v -0.32712000 -0.00260400 0.03310500
v -0.32712000 -0.00260400 0.03310500
v -0.32712000 -0.00260400 0.03310500
v -0.32787600 -0.00433000 0.03235500
v -0.32787600 -0.00433000 0.03235500
v -0.32787600 -0.00433000 0.03235500
v -0.32787600 -0.00433000 0.03235500
v -0.34418900 -0.01480500 0.02958500
v -0.34418900 -0.01480500 0.02958500
v -0.34191300 -0.01439500 0.02958500
v -0.34191300 -0.01439500 0.02958500
v -0.35021300 -0.01516300 0.02958500
v -0.35021300 -0.01516300 0.02958500
v -0.35021300 -0.01516300 0.02958500
v -0.35419400 -0.01483100 0.02958500
v -0.35419400 -0.01483100 0.02958500
v -0.38242100 0.00821000 0.02958500
v -0.38242100 0.00821000 0.02958500
v -0.38394900 0.01404900 0.02958500
v -0.38394900 0.01404900 0.02958500
v -0.38394900 0.01404900 0.02958500
v -0.38444400 0.01908300 0.02958500
v -0.38444400 0.01908300 0.02958500
v -0.37651300 -0.00226400 0.02958500
v -0.37651300 -0.00226400 0.02958500
v -0.37991800 0.00271900 0.02958500
v -0.37991800 0.00271900 0.02958500
v -0.37991800 0.00271900 0.02958500
v -0.38198300 0.00704400 0.02958500
v -0.38198300 0.00704400 0.02958500
v -0.36742200 -0.01013700 0.02958500
v -0.36742200 -0.01013700 0.02958500
v -0.37230700 -0.00659200 0.02958500
v -0.37230700 -0.00659200 0.02958500
v -0.37230700 -0.00659200 0.02958500
v -0.37553100 -0.00341500 0.02958500
v -0.37553100 -0.00341500 0.02958500
v -0.36587500 -0.01101600 0.02958500
v -0.36587500 -0.01101600 0.02958500
v -0.36200400 -0.01279400 0.02958500
v -0.36200400 -0.01279400 0.02958500
v -0.36200400 -0.01279400 0.02958500
v -0.35621100 -0.01448600 0.02958500
v -0.35621100 -0.01448600 0.02958500
v -0.32687300 -0.01003500 0.02728700
v -0.32687300 -0.01003500 0.02728700
v -0.32894600 -0.01012300 0.02841700
v -0.32894600 -0.01012300 0.02841700
v -0.33274800 -0.01117400 0.02947400
v -0.33274800 -0.01117400 0.02947400
v -0.33191700 -0.01087000 0.02934200
v -0.33191700 -0.01087000 0.02934200
v -0.33091400 -0.01055300 0.02911200
v -0.33091400 -0.01055300 0.02911200
v -0.33091400 -0.01055300 0.02911200
v -0.32931700 -0.01018200 0.02857400
v -0.32931700 -0.01018200 0.02857400
v -0.33450500 -0.01192100 0.02958500
v -0.33450500 -0.01192100 0.02958500
v -0.33450500 -0.01192100 0.02958500
v -0.33831400 -0.01342200 0.02958500
v -0.33831400 -0.01342200 0.02958500
v -0.33831400 -0.01342200 0.02958500
v -0.32774900 -0.00897600 -0.02866200
v -0.32774900 -0.00897600 -0.02866200
v -0.32774900 -0.00897600 -0.02866200
v -0.32774900 -0.00897600 -0.02866200
v -0.32774900 -0.00897600 -0.02866200
v -0.32774900 -0.00897600 -0.02866200
v -0.32835600 -0.00718000 -0.03046000
v -0.32835600 -0.00718000 -0.03046000
v -0.32835600 -0.00718000 -0.03046000
v -0.32835600 -0.00718000 -0.03046000
v -0.33133100 -0.01249200 -0.01954400
v -0.33133100 -0.01249200 -0.01954400
v -0.33118000 -0.01246300 -0.02007500
v -0.33118000 -0.01246300 -0.02007500
v -0.33082800 -0.01239500 -0.02078500
v -0.33082800 -0.01239500 -0.02078500
v -0.33032800 -0.01229600 -0.02147500
v -0.33032800 -0.01229600 -0.02147500
v -0.32971700 -0.01217100 -0.02213300
v -0.32971700 -0.01217100 -0.02213300
v -0.32902100 -0.01202200 -0.02276200
v -0.32902100 -0.01202200 -0.02276200
v -0.32902100 -0.01202200 -0.02276200
v -0.32743800 -0.01166100 -0.02395000
v -0.32743800 -0.01166100 -0.02395000
v -0.32617700 -0.00089100 -0.03361300
v -0.32617700 -0.00089100 -0.03361300
v -0.32617700 -0.00089100 -0.03361300
v -0.32617700 -0.00089100 -0.03361300
v -0.32617700 -0.00089100 -0.03361300
v -0.32832000 -0.00604100 -0.03133300
v -0.32832000 -0.00604100 -0.03133300
v -0.32832000 -0.00604100 -0.03133300
v -0.32832000 -0.00604100 -0.03133300
v -0.32787900 -0.00433700 -0.03235300
v -0.32787900 -0.00433700 -0.03235300
v -0.32787900 -0.00433700 -0.03235300
v -0.32787900 -0.00433700 -0.03235300
v -0.32787900 -0.00433700 -0.03235300
v -0.32712400 -0.00261400 -0.03310300
v -0.32712400 -0.00261400 -0.03310300
v -0.32712400 -0.00261400 -0.03310300
v -0.32712400 -0.00261400 -0.03310300
v -0.32712400 -0.00261400 -0.03310300
v -0.38445500 0.01999800 -0.02958700
v -0.38445500 0.01999800 -0.02958700
v -0.38394900 0.01404900 -0.02958700
v -0.38394900 0.01404900 -0.02958700
v -0.38394900 0.01404900 -0.02958700
v -0.38242100 0.00821000 -0.02958700
v -0.38242100 0.00821000 -0.02958700
v -0.38242100 0.00821000 -0.02958700
v -0.37991800 0.00271900 -0.02958700
v -0.37991800 0.00271900 -0.02958700
v -0.37651300 -0.00226400 -0.02958700
v -0.37651300 -0.00226400 -0.02958700
v -0.37651300 -0.00226400 -0.02958700
v -0.37358400 -0.00543000 -0.02958700
v -0.37358400 -0.00543000 -0.02958700
v -0.36742200 -0.01013700 -0.02958600
v -0.36742200 -0.01013700 -0.02958600
v -0.36742200 -0.01013700 -0.02958600
v -0.37230700 -0.00659200 -0.02958700
v -0.37230700 -0.00659200 -0.02958700
v -0.35415600 -0.01483600 -0.02958600
v -0.35415600 -0.01483600 -0.02958600
v -0.35621000 -0.01448600 -0.02958600
v -0.35621000 -0.01448600 -0.02958600
v -0.36200400 -0.01279400 -0.02958600
v -0.36200400 -0.01279400 -0.02958600
v -0.36200400 -0.01279400 -0.02958600
v -0.36461000 -0.01166000 -0.02958600
v -0.36461000 -0.01166000 -0.02958600
v -0.35021300 -0.01516300 -0.02958600
v -0.35021300 -0.01516300 -0.02958600
v -0.35021300 -0.01516300 -0.02958600
v -0.34418900 -0.01480500 -0.02958600
v -0.34418900 -0.01480500 -0.02958600
v -0.34191300 -0.01439500 -0.02958600
v -0.34191300 -0.01439500 -0.02958600
v -0.34191300 -0.01439500 -0.02958600
v -0.33831400 -0.01342200 -0.02958600
v -0.33831400 -0.01342200 -0.02958600
v -0.33831400 -0.01342200 -0.02958600
v -0.38443200 0.02128600 -0.02958700
v -0.38443200 0.02128600 -0.02958700
v -0.38443200 0.02128600 -0.02958700
v -0.36731200 0.05020000 -0.02958600
v -0.36731200 0.05020000 -0.02958600
v -0.36731200 0.05020000 -0.02958600
v -0.36188400 0.05283800 -0.02958600
v -0.36188400 0.05283800 -0.02958600
v -0.35664900 0.05439200 -0.02958600
v -0.35664900 0.05439200 -0.02958600
v -0.38392700 0.02607500 -0.02958700
v -0.38392700 0.02607500 -0.02958700
v -0.38237800 0.03190800 -0.02958700
v -0.38237800 0.03190800 -0.02958700
v -0.38237800 0.03190800 -0.02958700
v -0.37985500 0.03739000 -0.02958700
v -0.37985500 0.03739000 -0.02958700
v -0.37643200 0.04236100 -0.02958700
v -0.37643200 0.04236100 -0.02958700
v -0.37643200 0.04236100 -0.02958700
v -0.37220900 0.04667300 -0.02958600
v -0.37220900 0.04667300 -0.02958600
v -0.33091500 0.05063900 -0.02903700
v -0.33091500 0.05063900 -0.02903700
v -0.33263800 0.05114600 -0.02944500
v -0.33263800 0.05114600 -0.02944500
v -0.33438800 0.05186400 -0.02958600
v -0.33438800 0.05186400 -0.02958600
v -0.33438800 0.05186400 -0.02958600
v -0.33819200 0.05337900 -0.02958600
v -0.33819200 0.05337900 -0.02958600
v -0.33819200 0.05337900 -0.02958600
v -0.34406200 0.05478300 -0.02958600
v -0.34406200 0.05478300 -0.02958600
v -0.34406200 0.05478300 -0.02958600
v -0.35008500 0.05516400 -0.02958600
v -0.35008500 0.05516400 -0.02958600
v -0.35608400 0.05450900 -0.02958600
v -0.35608400 0.05450900 -0.02958600
v -0.35608400 0.05450900 -0.02958600
v -0.34728100 0.00009900 -0.02932600
v -0.34728100 0.00009900 -0.02932600
v -0.34728100 0.00009900 -0.02932600
v -0.34728100 0.00009900 -0.02932600
v -0.34090800 0.00183600 -0.02932600
v -0.34090800 0.00183600 -0.02932600
v -0.34090800 0.00183600 -0.02932600
v -0.34090800 0.00183600 -0.02932600
v -0.33003200 0.01457000 -0.02932600
v -0.33003200 0.01457000 -0.02932600
v -0.33003200 0.01457000 -0.02932600
v -0.33003200 0.01457000 -0.02932600
v -0.32928100 0.01999900 -0.02932600
v -0.32928100 0.01999900 -0.02932600
v -0.33407300 0.00701000 -0.02932600
v -0.33407300 0.00701000 -0.02932600
v -0.33407300 0.00701000 -0.02932600
v -0.34728100 0.03989800 -0.02932600
v -0.34728100 0.03989800 -0.02932600
v -0.34728100 0.03989800 -0.02932600
v -0.34483100 0.03949700 -0.02932600
v -0.34483100 0.03949700 -0.02932600
v -0.34483100 0.03949700 -0.02932600
v -0.34483100 0.03949700 -0.02932600
v -0.34483100 0.03949700 -0.02932600
v -0.33681100 0.03563500 -0.02932600
v -0.33681100 0.03563500 -0.02932600
v -0.33681100 0.03563500 -0.02932600
v -0.33126200 0.02867600 -0.02932600
v -0.33126200 0.02867600 -0.02932600
v -0.33126200 0.02867600 -0.02932600
v -0.31045900 0.02078200 -0.02932600
v -0.31050700 0.02083100 -0.02932600
v -0.32256700 0.04631500 -0.03332400
v -0.32256700 0.04631500 -0.03332400
v -0.32256700 0.04631500 -0.03332400
v -0.32276800 0.04651800 -0.03347000
v -0.32276800 0.04651800 -0.03347000
v -0.32276800 0.04651800 -0.03347000
v -0.32322500 0.04696700 -0.03343800
v -0.32322500 0.04696700 -0.03343800
v -0.32335900 0.04709700 -0.03337500
v -0.32335900 0.04709700 -0.03337500
v -0.32335900 0.04709700 -0.03337500
v -0.32335900 0.04709700 -0.03337500
v -0.32281400 0.04656400 -0.03348400
v -0.32281400 0.04656400 -0.03348400
v -0.32309100 0.04683700 -0.03347900
v -0.32309100 0.04683700 -0.03347900
v -0.32586800 0.04929100 -0.03167100
v -0.32586800 0.04929100 -0.03167100
v -0.32586800 0.04929100 -0.03167100
v -0.32586800 0.04929100 -0.03167100
v -0.32649700 0.04978300 -0.03117900
v -0.32649700 0.04978300 -0.03117900
v -0.32649700 0.04978300 -0.03117900
v -0.32649700 0.04978300 -0.03117900
v -0.32667100 0.04991600 -0.03091400
v -0.32667100 0.04991600 -0.03091400
v -0.32667100 0.04991600 -0.03091400
v -0.32667100 0.04991600 -0.03091400
v -0.32667100 0.04991600 -0.03091400
v -0.32803800 0.05090100 -0.02727100
v -0.31204500 0.02443800 0.02932400
v -0.31204500 0.02443800 0.02932400
v -0.09023600 -0.01219500 -0.02202200
v -0.09023600 -0.01219500 -0.02202200
v -0.09023600 -0.01219500 -0.02202200
v -0.09023600 -0.01219500 -0.02202200
v -0.09023600 -0.01219500 -0.02202200
v -0.09023600 -0.01219500 -0.02202200
v -0.09127100 -0.01132100 -0.02483700
v -0.09127100 -0.01132100 -0.02483700
v -0.09127100 -0.01132100 -0.02483700
v -0.09127100 -0.01132100 -0.02483700
v -0.09127100 -0.01132100 -0.02483700
v -0.09236100 -0.01040100 -0.02665400
v -0.09236100 -0.01040100 -0.02665400
v -0.09236100 -0.01040100 -0.02665400
v -0.09236100 -0.01040100 -0.02665400
v -0.09858000 -0.00514800 -0.03190400
v -0.09858000 -0.00514800 -0.03190400
v -0.09858000 -0.00514800 -0.03190400
v -0.09858000 -0.00514800 -0.03190400
v -0.09858000 -0.00514800 -0.03190400
v -0.10072400 -0.00333700 -0.03282100
v -0.10072400 -0.00333700 -0.03282100
v -0.10072400 -0.00333700 -0.03282100
v -0.10072400 -0.00333700 -0.03282100
v -0.10072400 -0.00333700 -0.03282100
v -0.10072400 -0.00333700 -0.03282100
v -0.10286200 -0.00153200 -0.03345100
v -0.10286200 -0.00153200 -0.03345100
v -0.10286200 -0.00153200 -0.03345100
v -0.10286200 -0.00153200 -0.03345100
v -0.09673200 -0.00667400 -0.03086800
v -0.09673200 -0.00667400 -0.03086800
v -0.09673200 -0.00667400 -0.03086800
v -0.09673200 -0.00667400 -0.03086800
v -0.09505600 -0.00807200 -0.02964200
v -0.09505600 -0.00807200 -0.02964200
v -0.09505600 -0.00807200 -0.02964200
v -0.09505600 -0.00807200 -0.02964200
v -0.09505600 -0.00807200 -0.02964200
v -0.09505600 -0.00807200 -0.02964200
v -0.09505600 -0.00807200 -0.02964200
v -0.09259100 -0.01019400 -0.02699200
v -0.09259100 -0.01019400 -0.02699200
v -0.09259100 -0.01019400 -0.02699200
v -0.09259100 -0.01019400 -0.02699200
v -0.10405700 -0.00052200 -0.03369500
v -0.10405700 -0.00052200 -0.03369500
v -0.10405700 -0.00052200 -0.03369500
v -0.10405700 -0.00052200 -0.03369500
v -0.10405700 -0.00052200 -0.03369500
v -0.09989800 0.00250000 -0.03522800
v -0.09989800 0.00250000 -0.03522800
v -0.09989800 0.00250000 -0.03522800
v -0.09989800 0.00250000 -0.03522800
v -0.09989800 0.00250000 -0.03522800
v -0.09989800 0.00250000 -0.03522800
v -0.09989800 0.00250000 -0.03522800
v -0.09989800 0.00250000 -0.03522800
v -0.09989800 0.00250000 -0.03522800
v -0.09989800 0.00250000 -0.03522800
v -0.09639200 0.00250000 -0.03667100
v -0.09639200 0.00250000 -0.03667100
v -0.09639200 0.00250000 -0.03667100
v -0.09639200 0.00250000 -0.03667100
v -0.09639200 0.00250000 -0.03667100
v -0.10316700 0.00250000 -0.03440300
v -0.10316700 0.00250000 -0.03440300
v -0.10316700 0.00250000 -0.03440300
v -0.10316700 0.00250000 -0.03440300
v -0.10316700 0.00250000 -0.03440300
v -0.10316700 0.00250000 -0.03440300
v -0.10185700 0.00250000 -0.03467700
v -0.10185700 0.00250000 -0.03467700
v -0.10185700 0.00250000 -0.03467700
v -0.10185700 0.00250000 -0.03467700
v -0.08200500 -0.01209600 -0.02544500
v -0.08200500 -0.01209600 -0.02544500
v -0.08200500 -0.01209600 -0.02544500
v -0.08200500 -0.01209600 -0.02544500
v -0.08200500 -0.01209600 -0.02544500
v -0.08200500 -0.01209600 -0.02544500
v -0.09138800 -0.00115000 -0.03638000
v -0.09138800 -0.00115000 -0.03638000
v -0.09138800 -0.00115000 -0.03638000
v -0.09138800 -0.00115000 -0.03638000
v -0.09138800 -0.00115000 -0.03638000
v -0.09138800 -0.00115000 -0.03638000
v -0.09138800 -0.00115000 -0.03638000
v -0.09138800 -0.00115000 -0.03638000
v -0.05491900 -0.02513200 -0.02280500
v -0.05491900 -0.02513200 -0.02280500
v -0.05491900 -0.02513200 -0.02280500
v -0.09756800 -0.00068000 -0.03445200
v -0.09756800 -0.00068000 -0.03445200
v -0.09756800 -0.00068000 -0.03445200
v -0.09756800 -0.00068000 -0.03445200
v -0.09756800 -0.00068000 -0.03445200
v -0.09756800 -0.00068000 -0.03445200
v -0.09756800 -0.00068000 -0.03445200
v -0.09756800 -0.00068000 -0.03445200
v -0.08988400 -0.00633900 -0.03229200
v -0.08988400 -0.00633900 -0.03229200
v -0.08988400 -0.00633900 -0.03229200
v -0.08988400 -0.00633900 -0.03229200
v -0.08988400 -0.00633900 -0.03229200
v -0.08988400 -0.00633900 -0.03229200
v -0.08988400 -0.00633900 -0.03229200
v -0.08667700 -0.00868800 -0.03044600
v -0.08667700 -0.00868800 -0.03044600
v -0.08667700 -0.00868800 -0.03044600
v -0.08667700 -0.00868800 -0.03044600
v -0.08667700 -0.00868800 -0.03044600
v -0.08402000 -0.01062900 -0.02814800
v -0.08402000 -0.01062900 -0.02814800
v -0.08402000 -0.01062900 -0.02814800
v -0.08402000 -0.01062900 -0.02814800
v -0.08402000 -0.01062900 -0.02814800
v -0.08402000 -0.01062900 -0.02814800
v -0.08402000 -0.01062900 -0.02814800
v -0.08402000 -0.01062900 -0.02814800
v -0.07303800 -0.01439800 -0.02643100
v -0.07303800 -0.01439800 -0.02643100
v -0.07303800 -0.01439800 -0.02643100
v -0.07303800 -0.01439800 -0.02643100
v -0.07303800 -0.01439800 -0.02643100
v -0.07303800 -0.01439800 -0.02643100
v -0.06743100 -0.01603500 -0.03127300
v -0.06743100 -0.01603500 -0.03127300
v -0.06743100 -0.01603500 -0.03127300
v -0.06743100 -0.01603500 -0.03127300
v -0.06743100 -0.01603500 -0.03127300
v -0.06743100 -0.01603500 -0.03127300
v -0.06743100 -0.01603500 -0.03127300
v -0.06743100 -0.01603500 -0.03127300
v -0.06465900 -0.01815600 -0.02775800
v -0.06465900 -0.01815600 -0.02775800
v -0.06465900 -0.01815600 -0.02775800
v -0.06465900 -0.01815600 -0.02775800
v -0.06465900 -0.01815600 -0.02775800
v -0.06465900 -0.01815600 -0.02775800
v -0.05707200 -0.02331300 -0.02894100
v -0.05707200 -0.02331300 -0.02894100
v -0.05707200 -0.02331300 -0.02894100
v -0.05530000 -0.02481000 -0.02453100
v -0.05530000 -0.02481000 -0.02453100
v -0.05530000 -0.02481000 -0.02453100
v -0.06457400 -0.01697700 -0.03690800
v -0.06457400 -0.01697700 -0.03690800
v -0.06457400 -0.01697700 -0.03690800
v -0.06128400 -0.01975600 -0.03429300
v -0.06128400 -0.01975600 -0.03429300
v -0.06045000 -0.02046000 -0.03347400
v -0.06045000 -0.02046000 -0.03347400
v -0.07107200 -0.01324600 -0.03420200
v -0.07107200 -0.01324600 -0.03420200
v -0.07107200 -0.01324600 -0.03420200
v -0.07107200 -0.01324600 -0.03420200
v -0.07107200 -0.01324600 -0.03420200
v -0.07107200 -0.01324600 -0.03420200
v -0.07107200 -0.01324600 -0.03420200
v -0.07107200 -0.01324600 -0.03420200
v -0.07107200 -0.01324600 -0.03420200
v -0.07544200 -0.00989400 -0.03653500
v -0.07544200 -0.00989400 -0.03653500
v -0.07544200 -0.00989400 -0.03653500
v -0.07544200 -0.00989400 -0.03653500
v -0.07544200 -0.00989400 -0.03653500
v -0.07544200 -0.00989400 -0.03653500
v -0.07544200 -0.00989400 -0.03653500
v -0.08040200 -0.00608300 -0.03826300
v -0.08040200 -0.00608300 -0.03826300
v -0.08040200 -0.00608300 -0.03826300
v -0.08040200 -0.00608300 -0.03826300
v -0.08040200 -0.00608300 -0.03826300
v -0.08667400 -0.00457300 -0.03548600
v -0.08667400 -0.00457300 -0.03548600
v -0.08667400 -0.00457300 -0.03548600
v -0.08667400 -0.00457300 -0.03548600
v -0.08667400 -0.00457300 -0.03548600
v -0.08667400 -0.00457300 -0.03548600
v -0.08667400 -0.00457300 -0.03548600
v -0.08072700 -0.01302500 -0.02238100
v -0.08072700 -0.01302500 -0.02238100
v -0.08072700 -0.01302500 -0.02238100
v -0.08072700 -0.01302500 -0.02238100
v -0.08072700 -0.01302500 -0.02238100
v -0.08072700 -0.01302500 -0.02238100
v -0.08072700 -0.01302500 -0.02238100
v -0.08072700 -0.01302500 -0.02238100
v -0.07151700 -0.01548700 -0.02293500
v -0.07151700 -0.01548700 -0.02293500
v -0.07151700 -0.01548700 -0.02293500
v -0.07151700 -0.01548700 -0.02293500
v -0.07151700 -0.01548700 -0.02293500
v -0.07151700 -0.01548700 -0.02293500
v -0.06289300 -0.01950500 -0.02366400
v -0.06289300 -0.01950500 -0.02366400
v -0.06289300 -0.01950500 -0.02366400
v -0.06289300 -0.01950500 -0.02366400
v -0.06289300 -0.01950500 -0.02366400
v -0.06289300 -0.01950500 -0.02366400
v -0.08236500 -0.00769000 -0.03401700
v -0.08236500 -0.00769000 -0.03401700
v -0.08236500 -0.00769000 -0.03401700
v -0.08236500 -0.00769000 -0.03401700
v -0.08236500 -0.00769000 -0.03401700
v -0.08236500 -0.00769000 -0.03401700
v -0.07857800 -0.01042000 -0.03200000
v -0.07857800 -0.01042000 -0.03200000
v -0.07857800 -0.01042000 -0.03200000
v -0.07857800 -0.01042000 -0.03200000
v -0.07857800 -0.01042000 -0.03200000
v -0.07857800 -0.01042000 -0.03200000
v -0.07543000 -0.01268300 -0.02946200
v -0.07543000 -0.01268300 -0.02946200
v -0.07543000 -0.01268300 -0.02946200
v -0.07543000 -0.01268300 -0.02946200
v -0.07543000 -0.01268300 -0.02946200
v -0.07543000 -0.01268300 -0.02946200
v -0.09354500 -0.00364800 -0.03364200
v -0.09354500 -0.00364800 -0.03364200
v -0.09354500 -0.00364800 -0.03364200
v -0.09354500 -0.00364800 -0.03364200
v -0.09354500 -0.00364800 -0.03364200
v -0.09354500 -0.00364800 -0.03364200
vn -0.56560000 -0.79140000 -0.23210000
vn -0.53370000 -0.78270000 -0.32040000
vn -0.51490000 -0.82740000 -0.22440000
vn -0.51360000 -0.79330000 -0.32700000
vn -0.53370000 -0.78270000 -0.32040000
vn -0.44530000 -0.52730000 -0.72370000
vn -0.45850000 -0.52900000 -0.71410000
vn -0.44530000 -0.52730000 -0.72370000
vn -0.41190000 -0.61820000 -0.66940000
vn -0.44010000 -0.61710000 -0.65240000
vn -0.44010000 -0.61710000 -0.65240000
vn -0.42400000 -0.62900000 -0.65160000
vn -0.44490000 -0.68570000 -0.57610000
vn -0.42400000 -0.62900000 -0.65160000
vn -0.39460000 -0.69910000 -0.59620000
vn -0.48130000 -0.79440000 -0.37060000
vn -0.51360000 -0.79330000 -0.32700000
vn -0.48600000 -0.76310000 -0.42600000
vn -0.48600000 -0.76310000 -0.42600000
vn -0.44490000 -0.68570000 -0.57610000
vn -0.42170000 -0.70650000 -0.56830000
vn -0.48600000 -0.76310000 -0.42600000
vn -0.71230000 -0.70190000 -0.00000000
vn -0.00000000 -0.00000000 -1.00000000
vn -0.00000000 -0.00000000 -1.00000000
vn -1.00000000 -0.00000000 -0.00000000
vn -0.00000000 -0.17220000 -0.98510000
vn -0.00000000 -0.00000000 -1.00000000
vn -0.00000000 -0.00000000 -1.00000000
vn -0.70710000 -0.70710000 -0.00000000
vn -0.00000000 -0.00000000 -1.00000000
vn -0.05380000 -0.06360000 -0.99650000
vn -0.00000000 -0.17220000 -0.98510000
vn -0.05380000 -0.06360000 -0.99650000
vn -0.15850000 -0.15880000 -0.97450000
vn -0.00000000 -0.00000000 -1.00000000
vn -0.08910000 -0.11510000 -0.98930000
vn -0.08780000 -0.20250000 -0.97530000
vn -0.00180000 -0.10250000 -0.99470000
vn -0.00000000 -0.00000000 -1.00000000
vn -0.00000000 -0.00000000 -1.00000000
vn -0.71230000 -0.70190000 -0.00000000
vn -0.70710000 -0.70710000 -0.00000000
vn -0.91770000 -0.39740000 -0.00000000
vn -0.94690000 -0.32020000 -0.03030000
vn -0.94920000 -0.31460000 -0.00000000
vn -0.91770000 -0.39740000 -0.00000000
vn -0.85850000 -0.48390000 -0.16960000
vn -0.85850000 -0.48390000 -0.16960000
vn -0.79290000 -0.58390000 -0.17420000
vn -0.75360000 -0.65740000 -0.00000000
vn -0.79290000 -0.58390000 -0.17420000
vn -0.82420000 -0.56620000 -0.00000000
vn -0.75360000 -0.65740000 -0.00000000
vn -0.75170000 -0.65940000 -0.00890000
vn -1.00000000 -0.00000000 -0.00000000
vn -0.99870000 -0.05010000 -0.00000000
vn -0.00000000 -0.00000000 -1.00000000
vn -0.00000000 -0.00000000 -1.00000000
vn -0.99870000 -0.05010000 -0.00000000
vn -0.98190000 -0.18150000 0.05370000
vn -0.99400000 -0.10970000 -0.00000000
vn -0.94690000 -0.32020000 -0.03030000
vn -0.98190000 -0.18150000 0.05370000
vn -0.98210000 -0.18540000 0.03300000
vn -0.90220000 -0.14940000 -0.40460000
vn -0.82950000 -0.10940000 -0.54760000
vn -0.90220000 -0.14940000 -0.40460000
vn -0.86130000 -0.21950000 -0.45830000
vn -0.56990000 -0.78800000 -0.23290000
vn -0.55390000 -0.80170000 -0.22470000
vn -0.56990000 -0.78800000 -0.23290000
vn -0.56630000 -0.79090000 -0.23220000
vn -0.56630000 -0.79090000 -0.23220000
vn -0.56560000 -0.79140000 -0.23210000
vn -0.72430000 -0.38330000 -0.57310000
vn -0.08810000 -0.99610000 -0.00000000
vn -0.00000000 -0.99490000 0.10040000
vn -0.00000000 -1.00000000 -0.00000000
vn -0.08770000 -0.99210000 0.08970000
vn -0.00000000 -0.99490000 -0.10040000
vn -0.00000000 -1.00000000 -0.00000000
vn -0.08780000 -0.99260000 -0.08360000
vn -0.08810000 -0.99610000 -0.00000000
vn -0.08990000 -0.99190000 -0.08940000
vn -0.08770000 -0.99210000 0.08970000
vn -0.08970000 -0.99250000 0.08330000
vn -0.19750000 -0.97800000 0.06770000
vn -0.19790000 -0.98020000 -0.00000000
vn -0.08810000 -0.99610000 -0.00000000
vn -0.19790000 -0.98020000 -0.00000000
vn -0.19750000 -0.97800000 -0.06770000
vn -0.08780000 -0.99260000 -0.08360000
vn -0.08810000 -0.99610000 -0.00000000
vn -0.28350000 -0.95900000 -0.00000000
vn -0.19790000 -0.98020000 -0.00000000
vn -0.28310000 -0.95760000 0.05430000
vn -0.25890000 -0.96580000 0.01210000
vn -0.19750000 -0.97800000 0.06770000
vn -0.19750000 -0.97800000 -0.06770000
vn -0.28350000 -0.95890000 0.01060000
vn -0.19790000 -0.98020000 -0.00000000
vn -0.28350000 -0.95900000 -0.00000000
vn -0.28350000 -0.95900000 -0.00000000
vn -0.42430000 -0.90500000 0.03010000
vn -0.40410000 -0.91470000 -0.00000000
vn -0.40410000 -0.91460000 -0.01240000
vn -0.28310000 -0.95760000 0.05430000
vn -0.28350000 -0.95900000 -0.00000000
vn -0.28350000 -0.95890000 0.01060000
vn -0.26110000 -0.96360000 -0.05790000
vn -0.40390000 -0.91420000 -0.03370000
vn -0.40410000 -0.91470000 -0.00000000
vn -0.40410000 -0.91460000 -0.01240000
vn -0.40410000 -0.91470000 -0.00000000
vn -0.48300000 -0.87530000 0.02460000
vn -0.48310000 -0.87560000 -0.00000000
vn -0.48310000 -0.87560000 -0.00000000
vn -0.40390000 -0.91420000 -0.03370000
vn -0.40410000 -0.91470000 -0.00000000
vn -0.48300000 -0.87530000 -0.02460000
vn -0.42210000 -0.90650000 0.00410000
vn -0.48310000 -0.87560000 -0.00000000
vn -0.57720000 -0.81660000 -0.00000000
vn -0.57710000 -0.81660000 0.00960000
vn -0.57610000 -0.81740000 0.00640000
vn -0.48300000 -0.87530000 0.02460000
vn -0.57710000 -0.81660000 -0.00960000
vn -0.48300000 -0.87530000 -0.02460000
vn -0.48310000 -0.87560000 -0.00000000
vn -0.57720000 -0.81660000 -0.00000000
vn -0.57610000 -0.81740000 -0.00640000
vn -0.64520000 -0.76400000 -0.00000000
vn -0.57710000 -0.81660000 0.00960000
vn -0.57720000 -0.81660000 -0.00000000
vn -0.64520000 -0.76400000 -0.00000000
vn -0.57720000 -0.81660000 -0.00000000
vn -0.57710000 -0.81660000 -0.00960000
vn -0.28310000 -0.95760000 0.05430000
vn -0.25890000 -0.96580000 0.01210000
vn -0.42750000 -0.89710000 0.11130000
vn -0.26410000 -0.94750000 0.18000000
vn -0.42430000 -0.90500000 0.03010000
vn -0.42010000 -0.90220000 0.09810000
vn -0.43580000 -0.46460000 0.77090000
vn -0.33990000 -0.45040000 0.82560000
vn -0.42240000 -0.46800000 0.77620000
vn -0.32830000 -0.50640000 0.79740000
vn -0.44260000 -0.46590000 0.76620000
vn -0.29550000 -0.34990000 0.88900000
vn -0.35130000 -0.41370000 0.83990000
vn -0.23500000 -0.27830000 0.93130000
vn -0.41240000 -0.45470000 0.78940000
vn -0.22590000 -0.38390000 0.89530000
vn -0.08880000 -0.14100000 0.98600000
vn -0.08860000 -0.15870000 0.98330000
vn -0.22590000 -0.38390000 0.89530000
vn -0.23500000 -0.27830000 0.93130000
vn -0.11830000 -0.23730000 0.96420000
vn -0.33990000 -0.45040000 0.82560000
vn -0.08880000 -0.14100000 0.98600000
vn -0.29510000 -0.47090000 0.83130000
vn -0.22590000 -0.38390000 0.89530000
vn -0.28120000 -0.58810000 0.75830000
vn -0.11570000 -0.40440000 0.90730000
vn -0.00000000 -0.00000000 1.00000000
vn -0.11830000 -0.23730000 0.96420000
vn -0.00000000 -0.10040000 0.99490000
vn -0.12590000 -0.13450000 0.98290000
vn -0.08860000 -0.15870000 0.98330000
vn -0.08880000 -0.14100000 0.98600000
vn -0.02950000 -0.03490000 0.99900000
vn -0.24330000 -0.21410000 0.94600000
vn -0.00000000 -0.10040000 0.99490000
vn -0.11570000 -0.40440000 0.90730000
vn -0.11830000 -0.23730000 0.96420000
vn -0.12110000 -0.42250000 0.89820000
vn 0.00020000 -0.29640000 0.95500000
vn -0.00110000 -0.17580000 0.98440000
vn -0.28120000 -0.58810000 0.75830000
vn -0.11380000 -0.56500000 0.81720000
vn -0.12110000 -0.42250000 0.89820000
vn -0.27140000 -0.70050000 0.66010000
vn -0.11830000 -0.55620000 0.82260000
vn -0.11570000 -0.40440000 0.90730000
vn -0.28250000 -0.58720000 0.75860000
vn -0.44530000 -0.52720000 0.72370000
vn -0.42690000 -0.58000000 0.69380000
vn -0.32830000 -0.50640000 0.79740000
vn -0.44530000 -0.52720000 0.72370000
vn -0.29510000 -0.47090000 0.83130000
vn -0.33990000 -0.45040000 0.82560000
vn -0.41240000 -0.61880000 0.66860000
vn -0.42690000 -0.58000000 0.69380000
vn -0.42690000 -0.58000000 0.69380000
vn -0.43980000 -0.61730000 0.65230000
vn -0.41240000 -0.61880000 0.66860000
vn -0.41630000 -0.71870000 0.55690000
vn -0.42400000 -0.62900000 0.65160000
vn -0.29510000 -0.47090000 0.83130000
vn -0.41240000 -0.61880000 0.66860000
vn -0.43980000 -0.61730000 0.65230000
vn -0.41750000 -0.64590000 0.63920000
vn -0.28250000 -0.58720000 0.75860000
vn -0.28120000 -0.58810000 0.75830000
vn -0.43980000 -0.61730000 0.65230000
vn -0.42400000 -0.62900000 0.65160000
vn -0.53370000 -0.78270000 0.32040000
vn -0.40230000 -0.83510000 0.37510000
vn -0.42050000 -0.76700000 0.48460000
vn -0.42220000 -0.81970000 0.38700000
vn -0.49950000 -0.80040000 0.33150000
vn -0.54090000 -0.75620000 0.36820000
vn -0.51640000 -0.82720000 0.22130000
vn -0.53370000 -0.78270000 0.32040000
vn -0.49950000 -0.80040000 0.33150000
vn -0.49040000 -0.76370000 0.41990000
vn -0.49950000 -0.80040000 0.33150000
vn -0.49040000 -0.76370000 0.41990000
vn -0.48520000 -0.76290000 0.42720000
vn -0.40060000 -0.78020000 0.48040000
vn -0.41980000 -0.71460000 0.55960000
vn -0.42050000 -0.76700000 0.48460000
vn -0.48520000 -0.76290000 0.42720000
vn -0.49040000 -0.76370000 0.41990000
vn -0.41980000 -0.71460000 0.55960000
vn -0.41630000 -0.71870000 0.55690000
vn -0.41750000 -0.64590000 0.63920000
vn -0.48520000 -0.76290000 0.42720000
vn -0.57590000 -0.78270000 0.23600000
vn -0.55230000 -0.80520000 0.21590000
vn -0.57590000 -0.78270000 0.23600000
vn -0.56950000 -0.78830000 0.23290000
vn -0.42220000 -0.81970000 0.38700000
vn -0.55230000 -0.80520000 0.21590000
vn -0.54570000 -0.81790000 0.18260000
vn -0.55150000 -0.82780000 0.10270000
vn -0.57590000 -0.78270000 0.23600000
vn -0.56950000 -0.78830000 0.23290000
vn -0.51640000 -0.82720000 0.22130000
vn -0.42490000 -0.85790000 0.28870000
vn -0.40790000 -0.87170000 0.27140000
vn -0.56950000 -0.78830000 0.23290000
vn -0.51640000 -0.82720000 0.22130000
vn -0.54090000 -0.75620000 0.36820000
vn -0.54090000 -0.75620000 0.36820000
vn -0.53370000 -0.78270000 0.32040000
vn -0.64520000 -0.76400000 -0.00000000
vn -0.57710000 -0.81660000 0.00960000
vn -0.57610000 -0.81740000 0.00640000
vn -0.57450000 -0.81810000 0.02570000
vn -0.64530000 -0.76400000 -0.00000000
vn -0.57450000 -0.81810000 0.02570000
vn -0.57560000 -0.81640000 0.04580000
vn -0.57610000 -0.81740000 0.00640000
vn -0.57450000 -0.81810000 0.02570000
vn -0.40410000 -0.91460000 -0.01240000
vn -0.42430000 -0.90500000 0.03010000
vn -0.42750000 -0.89710000 0.11130000
vn -0.56500000 -0.82460000 0.02810000
vn -0.57560000 -0.81640000 0.04580000
vn -0.48300000 -0.87530000 0.02460000
vn -0.56950000 -0.81710000 0.08990000
vn -0.57560000 -0.81640000 0.04580000
vn -0.56500000 -0.82460000 0.02810000
vn -0.54950000 -0.83260000 0.06900000
vn -0.56950000 -0.81710000 0.08990000
vn -0.42750000 -0.89710000 0.11130000
vn -0.42010000 -0.90220000 0.09810000
vn -0.56500000 -0.82460000 0.02810000
vn -0.42690000 -0.88280000 0.19600000
vn -0.56950000 -0.81710000 0.08990000
vn -0.54950000 -0.83260000 0.06900000
vn -0.56020000 -0.81770000 0.13280000
vn -0.41440000 -0.89250000 0.17810000
vn -0.42490000 -0.85790000 0.28870000
vn -0.42690000 -0.88280000 0.19600000
vn -0.54950000 -0.83260000 0.06900000
vn -0.55150000 -0.82780000 0.10270000
vn -0.56020000 -0.81770000 0.13280000
vn -0.56020000 -0.81770000 0.13280000
vn -0.55150000 -0.82780000 0.10270000
vn -0.54570000 -0.81790000 0.18260000
vn -0.55230000 -0.80520000 0.21590000
vn -0.54570000 -0.81790000 0.18260000
vn -0.11330000 -0.82560000 0.55280000
vn -0.26640000 -0.86590000 0.42340000
vn -0.11140000 -0.70370000 0.70170000
vn -0.27430000 -0.78780000 0.55140000
vn -0.11840000 -0.73240000 0.67050000
vn -0.26780000 -0.79430000 0.54540000
vn -0.11750000 -0.82140000 0.55810000
vn -0.00000000 -0.78220000 0.62310000
vn -0.10710000 -0.87980000 0.46320000
vn -0.00130000 -0.85440000 0.51960000
vn -0.11330000 -0.82560000 0.55280000
vn -0.00160000 -0.84220000 0.53910000
vn -0.11750000 -0.82140000 0.55810000
vn -0.09930000 -0.90370000 0.41650000
vn -0.26640000 -0.86590000 0.42340000
vn -0.10710000 -0.87980000 0.46320000
vn -0.11750000 -0.82140000 0.55810000
vn -0.26500000 -0.91640000 0.29990000
vn -0.27170000 -0.86070000 0.43060000
vn -0.10710000 -0.87980000 0.46320000
vn -0.09930000 -0.90370000 0.41650000
vn -0.10250000 -0.91100000 0.39950000
vn -0.00130000 -0.85440000 0.51960000
vn -0.00030000 -0.89240000 0.45130000
vn -0.26300000 -0.94830000 0.17760000
vn -0.09930000 -0.90370000 0.41650000
vn -0.10250000 -0.91100000 0.39950000
vn -0.09710000 -0.96300000 0.25130000
vn -0.26820000 -0.91360000 0.30550000
vn -0.26500000 -0.91640000 0.29990000
vn -0.10250000 -0.91100000 0.39950000
vn -0.09710000 -0.96300000 0.25130000
vn 0.00020000 -0.95490000 0.29680000
vn -0.00030000 -0.89240000 0.45130000
vn -0.09370000 -0.96000000 0.26380000
vn -0.26300000 -0.94830000 0.17760000
vn -0.19750000 -0.97800000 0.06770000
vn -0.25890000 -0.96580000 0.01210000
vn -0.09710000 -0.96300000 0.25130000
vn -0.26410000 -0.94750000 0.18000000
vn -0.09370000 -0.96000000 0.26380000
vn -0.08970000 -0.99250000 0.08330000
vn 0.00020000 -0.95490000 0.29680000
vn -0.09370000 -0.96000000 0.26380000
vn -0.08970000 -0.99250000 0.08330000
vn -0.00000000 -0.99490000 0.10040000
vn -0.08770000 -0.99210000 0.08970000
vn -0.00100000 -0.98440000 0.17580000
vn -0.12110000 -0.42250000 0.89820000
vn -0.00030000 -0.45170000 0.89210000
vn -0.11830000 -0.55620000 0.82260000
vn 0.00020000 -0.29640000 0.95500000
vn -0.11380000 -0.56500000 0.81720000
vn -0.00030000 -0.45170000 0.89210000
vn -0.11830000 -0.55620000 0.82260000
vn -0.12300000 -0.65560000 0.74500000
vn -0.00110000 -0.56320000 0.82630000
vn -0.00160000 -0.53910000 0.84220000
vn -0.26780000 -0.79430000 0.54540000
vn -0.27700000 -0.69550000 0.66300000
vn -0.11380000 -0.56500000 0.81720000
vn -0.27140000 -0.70050000 0.66010000
vn -0.11140000 -0.70370000 0.70170000
vn -0.12300000 -0.65560000 0.74500000
vn -0.00110000 -0.56320000 0.82630000
vn -0.00000000 -0.66090000 0.75050000
vn -0.11140000 -0.70370000 0.70170000
vn -0.12300000 -0.65560000 0.74500000
vn -0.11840000 -0.73240000 0.67050000
vn -0.11840000 -0.73240000 0.67050000
vn -0.00000000 -0.78220000 0.62310000
vn -0.00000000 -0.66090000 0.75050000
vn -0.11330000 -0.82560000 0.55280000
vn -0.42010000 -0.90220000 0.09810000
vn -0.41440000 -0.89250000 0.17810000
vn -0.42690000 -0.88280000 0.19600000
vn -0.26410000 -0.94750000 0.18000000
vn -0.26300000 -0.94830000 0.17760000
vn -0.26820000 -0.91360000 0.30550000
vn -0.26500000 -0.91640000 0.29990000
vn -0.27170000 -0.86070000 0.43060000
vn -0.41440000 -0.89250000 0.17810000
vn -0.42490000 -0.85790000 0.28870000
vn -0.26820000 -0.91360000 0.30550000
vn -0.40790000 -0.87170000 0.27140000
vn -0.42220000 -0.81970000 0.38700000
vn -0.40230000 -0.83510000 0.37510000
vn -0.27430000 -0.78780000 0.55140000
vn -0.26640000 -0.86590000 0.42340000
vn -0.40790000 -0.87170000 0.27140000
vn -0.27170000 -0.86070000 0.43060000
vn -0.27700000 -0.69550000 0.66300000
vn -0.26780000 -0.79430000 0.54540000
vn -0.40060000 -0.78020000 0.48040000
vn -0.40230000 -0.83510000 0.37510000
vn -0.27430000 -0.78780000 0.55140000
vn -0.42050000 -0.76700000 0.48460000
vn -0.41630000 -0.71870000 0.55690000
vn -0.40060000 -0.78020000 0.48040000
vn -0.41980000 -0.71460000 0.55960000
vn -0.27700000 -0.69550000 0.66300000
vn -0.27140000 -0.70050000 0.66010000
vn -0.28250000 -0.58720000 0.75860000
vn -0.41750000 -0.64590000 0.63920000
vn -0.42400000 -0.62900000 0.65160000
vn -0.64530000 -0.76400000 -0.00000000
vn -0.64520000 -0.76400000 -0.00000000
vn -0.64530000 -0.76400000 -0.00000000
vn -0.64520000 -0.76400000 -0.00000000
vn -0.32830000 -0.50640000 0.79740000
vn -0.42240000 -0.46800000 0.77620000
vn -0.44530000 -0.52720000 0.72370000
vn -0.15850000 -0.15880000 -0.97450000
vn -0.05380000 -0.06360000 -0.99650000
vn -0.40790000 -0.45640000 -0.79080000
vn -0.33100000 -0.39130000 -0.85870000
vn -0.29260000 -0.34640000 -0.89130000
vn -0.33100000 -0.39130000 -0.85870000
vn -0.19850000 -0.24870000 -0.94800000
vn -0.29260000 -0.34640000 -0.89130000
vn -0.25030000 -0.29060000 -0.92350000
vn -0.25770000 -0.30510000 -0.91680000
vn -0.15850000 -0.15880000 -0.97450000
vn -0.08910000 -0.11510000 -0.98930000
vn -0.25030000 -0.29060000 -0.92350000
vn -0.44270000 -0.46600000 -0.76610000
vn -0.45850000 -0.52900000 -0.71410000
vn -0.33530000 -0.47350000 -0.81450000
vn -0.44270000 -0.46600000 -0.76610000
vn -0.44030000 -0.46550000 -0.76780000
vn -0.44030000 -0.46550000 -0.76780000
vn -0.40790000 -0.45640000 -0.79080000
vn -0.00000000 -0.99490000 0.10040000
vn -0.00100000 -0.98440000 0.17580000
vn -0.00000000 -1.00000000 -0.00000000
vn -0.00000000 -0.99490000 -0.10040000
vn -0.00000000 -1.00000000 -0.00000000
vn -0.00110000 -0.98420000 -0.17680000
vn -0.00180000 -0.10250000 -0.99470000
vn -0.00070000 -0.53410000 -0.84540000
vn -0.00000000 -0.17220000 -0.98510000
vn -1.00000000 -0.00000000 -0.00000000
vn 0.00010000 -0.32970000 -0.94410000
vn -0.00040000 -0.23520000 -0.97200000
vn -0.00000000 -0.65940000 -0.75180000
vn -0.00000000 -0.84040000 -0.54200000
vn -0.00320000 -0.45450000 -0.89080000
vn -0.00100000 -0.56260000 -0.82670000
vn -0.00070000 -0.53410000 -0.84540000
vn -1.00000000 -0.00000000 -0.00000000
vn -1.00000000 -0.00000000 -0.00000000
vn -0.99870000 -0.05010000 -0.00000000
vn -0.00000000 -0.00000000 1.00000000
vn -0.00000000 -0.10040000 0.99490000
vn -0.00110000 -0.17580000 0.98440000
vn -0.00000000 -0.00000000 1.00000000
vn -0.00030000 -0.45170000 0.89210000
vn -0.00110000 -0.17580000 0.98440000
vn 0.00020000 -0.29640000 0.95500000
vn -0.00160000 -0.53910000 0.84220000
vn -0.00000000 -0.66090000 0.75050000
vn -0.00000000 -0.78220000 0.62310000
vn -0.00160000 -0.84220000 0.53910000
vn -0.00160000 -0.53910000 0.84220000
vn -0.00110000 -0.56320000 0.82630000
vn -0.00160000 -0.84220000 0.53910000
vn -0.00130000 -0.85440000 0.51960000
vn -0.00030000 -0.89240000 0.45130000
vn 0.00020000 -0.95490000 0.29680000
vn -0.00100000 -0.98440000 0.17580000
vn -0.00300000 -0.78190000 -0.62340000
vn -0.00000000 -0.84040000 -0.54200000
vn -0.00030000 -0.89230000 -0.45150000
vn -0.00110000 -0.98420000 -0.17680000
vn 0.00020000 -0.95490000 -0.29680000
vn -0.00130000 -0.85360000 -0.52090000
vn -0.00000000 -0.00000000 1.00000000
vn -0.02950000 -0.03490000 0.99900000
vn -0.00000000 -0.00000000 1.00000000
vn -0.00000000 -0.00000000 1.00000000
vn -0.00000000 -0.00000000 1.00000000
vn -0.00000000 -0.00000000 1.00000000
vn -0.00000000 -0.00000000 1.00000000
vn 0.99820000 0.05930000 -0.00000000
vn 1.00000000 -0.00000000 -0.00000000
vn 1.00000000 -0.00000000 -0.00000000
vn 0.99820000 0.05930000 -0.00000000
vn -0.00000000 -0.00000000 1.00000000
vn 0.99140000 0.11820000 0.05630000
vn 1.00000000 -0.00000000 -0.00000000
vn 1.00000000 -0.00000000 -0.00000000
vn -0.00000000 -0.00000000 1.00000000
vn -0.00000000 -0.17580000 0.98440000
vn 0.00040000 -0.28340000 0.95900000
vn -0.00000000 -0.17580000 0.98440000
vn 0.02130000 -0.12690000 0.99170000
vn -0.00130000 -0.53910000 0.84220000
vn -0.00070000 -0.73070000 0.68270000
vn -0.00130000 -0.53910000 0.84220000
vn 0.02170000 -0.84200000 0.53900000
vn 0.00150000 -0.63360000 0.77370000
vn 0.05650000 -0.41860000 0.90640000
vn 0.02620000 -0.85000000 0.52620000
vn 0.00780000 -0.79930000 0.60090000
vn 0.02460000 -0.51760000 0.85520000
vn -0.00000000 -1.00000000 -0.00000000
vn 1.00000000 -0.00000000 -0.00000000
vn 1.00000000 0.00010000 -0.00000000
vn 1.00000000 -0.00000000 -0.00000000
vn 1.00000000 0.00010000 -0.00000000
vn 0.01870000 -0.97750000 0.21020000
vn 0.00280000 -0.98440000 0.17580000
vn 0.02880000 -0.96650000 0.25510000
vn -0.00000000 -0.99980000 0.01800000
vn 0.00100000 -0.99860000 0.05360000
vn 0.01250000 -0.98440000 0.17560000
vn 0.00730000 -0.99060000 0.13670000
vn 0.00320000 -0.99560000 0.09360000
vn 1.00000000 -0.00000000 -0.00000000
vn -0.00000000 -1.00000000 -0.00000000
vn 1.00000000 0.00010000 -0.00000000
vn 0.00500000 -0.89640000 0.44330000
vn 0.02170000 -0.84200000 0.53900000
vn -0.00050000 -0.92990000 0.36770000
vn 0.00280000 -0.98440000 0.17580000
vn 1.00000000 0.00010000 -0.00000000
vn -0.00000000 -0.00000000 -1.00000000
vn -0.00000000 -0.00000000 -1.00000000
vn -0.00000000 -0.00000000 -1.00000000
vn -0.00000000 -0.00000000 -1.00000000
vn -0.00000000 -0.00000000 -1.00000000
vn -0.00000000 -0.00000000 -1.00000000
vn 1.00000000 -0.00000000 -0.00000000
vn -0.00000000 -0.00000000 -1.00000000
vn -0.00000000 -0.00000000 -1.00000000
vn -0.00000000 -0.00000000 -1.00000000
vn -0.00000000 0.00010000 -1.00000000
vn -0.00000000 0.00010000 -1.00000000
vn -0.00000000 -0.00000000 -1.00000000
vn -0.00000000 0.00010000 -1.00000000
vn -0.05010000 0.99870000 -0.00000000
vn 1.00000000 -0.00000000 -0.00000000
vn -0.00000000 -0.00000000 -1.00000000
vn -0.00000000 -0.00000000 -1.00000000
vn -0.00000000 -0.00000000 -1.00000000
vn 1.00000000 -0.00000000 -0.00000000
vn 1.00000000 -0.00000000 -0.00000000
vn -0.00000000 -0.00000000 -1.00000000
vn 0.06210000 -0.99810000 -0.00000000
vn -0.00000000 -0.00000000 -1.00000000
vn -0.00000000 -0.00000000 -1.00000000
vn -0.00000000 -0.00000000 -1.00000000
vn -0.00000000 -0.00000000 -1.00000000
vn 0.21430000 0.97680000 -0.00000000
vn -0.05010000 0.99870000 -0.00000000
vn 0.60360000 0.79730000 -0.00000000
vn -0.00000000 -0.00000000 -1.00000000
vn 0.21430000 0.97680000 -0.00000000
vn 0.99060000 0.13700000 -0.00000000
vn -0.00000000 -0.00000000 -1.00000000
vn 0.97490000 -0.22250000 -0.00000000
vn 0.78180000 -0.62350000 -0.00000000
vn -0.00000000 -0.00000000 -1.00000000
vn 0.97490000 -0.22250000 -0.00000000
vn -0.00000000 -0.00000000 -1.00000000
vn 0.78180000 -0.62350000 -0.00000000
vn 0.43390000 -0.90100000 -0.00000000
vn -0.00000000 -0.00000000 -1.00000000
vn -0.00000000 -0.00000000 -1.00000000
vn 0.43390000 -0.90100000 -0.00000000
vn 0.06210000 -0.99810000 -0.00000000
vn 0.88190000 0.47140000 -0.00000000
vn 0.99060000 0.13700000 -0.00000000
vn -0.00000000 -0.00000000 -1.00000000
vn 0.88190000 0.47140000 -0.00000000
vn -0.00000000 -0.00000000 -1.00000000
vn 0.60350000 0.79730000 -0.00000000
vn 0.60360000 0.79730000 -0.00000000
vn 1.00000000 -0.00000000 -0.00000000
vn 0.70710000 -0.00000000 0.70710000
vn 0.70710000 -0.00000000 0.70710000
vn 1.00000000 -0.00000000 -0.00000000
vn -0.00000000 -1.00000000 -0.00000000
vn 1.00000000 -0.00000000 -0.00000000
vn 0.00730000 -0.99060000 -0.13680000
vn 0.01870000 -0.97750000 -0.21020000
vn 0.01100000 -0.98440000 -0.17580000
vn -0.00000000 -0.99980000 -0.01800000
vn 0.00100000 -0.99860000 -0.05350000
vn 1.00000000 -0.00000000 -0.00000000
vn 0.00320000 -0.99560000 -0.09390000
vn 0.01250000 -0.98440000 -0.17560000
vn -0.00000000 -1.00000000 -0.00000000
vn 1.00000000 -0.00000000 -0.00000000
vn 0.00080000 -0.95720000 -0.28960000
vn 0.01230000 -0.84220000 -0.53910000
vn -0.00050000 -0.92990000 -0.36770000
vn 0.01100000 -0.98440000 -0.17580000
vn 1.00000000 -0.00000000 -0.00000000
vn 1.00000000 -0.00000000 -0.00000000
vn 0.00790000 -0.79940000 -0.60080000
vn 0.01730000 -0.53910000 -0.84210000
vn -0.00330000 -0.70820000 -0.70600000
vn 0.00680000 -0.60810000 -0.79380000
vn 1.00000000 -0.00000000 -0.00000000
vn 0.04960000 -0.88830000 -0.45670000
vn 0.01230000 -0.84220000 -0.53910000
vn 0.02620000 -0.85000000 -0.52620000
vn 0.02440000 -0.51810000 -0.85500000
vn 1.00000000 -0.00000000 -0.00000000
vn 1.00000000 -0.00010000 -0.00000000
vn -0.00030000 -0.39890000 -0.91700000
vn 1.00000000 -0.00000000 -0.00000000
vn 0.01730000 -0.53910000 -0.84210000
vn 0.01490000 -0.17580000 -0.98430000
vn 0.00030000 -0.28410000 -0.95880000
vn 1.00000000 -0.00010000 -0.00000000
vn 1.00000000 -0.00000000 -0.00000000
vn 1.00000000 -0.00010000 -0.00000000
vn 0.01490000 -0.17580000 -0.98430000
vn -0.00000000 -0.11370000 -0.99350000
vn -0.00000000 -0.00000000 -1.00000000
vn 1.00000000 -0.00000000 -0.00000000
vn -0.00000000 -0.00000000 -1.00000000
vn 0.27530000 0.62430000 -0.73100000
vn -0.00000000 0.61850000 -0.78580000
vn -0.00000000 -0.00000000 -1.00000000
vn 0.79040000 0.61150000 -0.03650000
vn 0.70220000 0.71200000 0.00070000
vn 0.70690000 0.70730000 -0.00040000
vn 0.69030000 0.72350000 -0.01110000
vn 0.69570000 0.71830000 -0.00440000
vn -0.00000000 -0.00000000 -1.00000000
vn -0.00000000 0.61850000 -0.78580000
vn 0.68930000 0.72430000 -0.01250000
vn -0.00000000 -0.00000000 -1.00000000
vn -0.30040000 -0.66780000 -0.68100000
vn -0.55200000 -0.45680000 -0.69760000
vn -0.29450000 -0.65270000 -0.69800000
vn -0.00000000 -0.00000000 -1.00000000
vn 0.49380000 -0.40730000 -0.76830000
vn -0.00000000 -0.11370000 -0.99350000
vn -0.00000000 -0.00000000 -1.00000000
vn -0.55200000 -0.45680000 -0.69760000
vn -0.69760000 -0.16370000 -0.69760000
vn -1.00000000 -0.00000000 -0.00000000
vn -0.00000000 -0.00000000 -1.00000000
vn -0.96890000 -0.24730000 -0.00000000
vn -0.73190000 -0.68140000 -0.00000000
vn -0.96890000 -0.24730000 -0.00000000
vn -0.00000000 -0.00000000 -1.00000000
vn 0.27540000 0.63150000 -0.72480000
vn 0.16550000 0.69170000 -0.70300000
vn 0.27530000 0.62430000 -0.73100000
vn 0.26650000 0.65300000 -0.70890000
vn -0.00000000 -0.00000000 -1.00000000
vn 0.11320000 0.67440000 -0.72960000
vn -0.00000000 -0.00000000 -1.00000000
vn -0.73190000 -0.68140000 -0.00000000
vn -0.31590000 -0.94880000 -0.00000000
vn -0.31590000 -0.94880000 -0.00000000
vn 0.12040000 -0.99270000 -0.00000000
vn -0.00000000 -0.00000000 -1.00000000
vn 0.23380000 -0.64470000 -0.72780000
vn 0.32270000 -0.63140000 -0.70510000
vn 0.39220000 -0.56720000 -0.72420000
vn -0.00000000 -0.00000000 -1.00000000
vn 0.38670000 -0.58410000 -0.71370000
vn 0.25560000 -0.64870000 -0.71680000
vn 0.39660000 -0.56750000 -0.72160000
vn 0.36870000 -0.59970000 -0.71020000
vn 0.38580000 -0.50490000 -0.77220000
vn 0.40270000 -0.54020000 -0.73890000
vn 0.39460000 -0.54500000 -0.73980000
vn -0.00000000 -0.00000000 -1.00000000
vn -0.99620000 -0.08720000 -0.00000000
vn -0.97810000 0.20810000 -0.00000000
vn -0.97810000 0.20830000 -0.00000000
vn -0.99620000 -0.08720000 -0.00000000
vn -0.98480000 -0.17370000 0.00010000
vn -0.00000000 -0.00000000 -1.00000000
vn -0.98480000 -0.17360000 -0.00000000
vn 0.86330000 0.34720000 -0.36630000
vn 0.70960000 0.57890000 -0.40150000
vn 0.79040000 0.61150000 -0.03650000
vn -0.00000000 -0.00000000 -1.00000000
vn 0.76630000 0.60530000 -0.21530000
vn 0.86330000 0.34720000 -0.36630000
vn -0.00000000 -0.00000000 -1.00000000
vn -0.00000000 -0.00000000 -1.00000000
vn -0.69760000 -0.16370000 -0.69760000
vn -0.69990000 0.14270000 -0.69990000
vn -0.60460000 0.37450000 -0.70300000
vn -0.76800000 0.52940000 -0.36040000
vn -0.69990000 0.14270000 -0.69990000
vn -0.00000000 -0.00000000 -1.00000000
vn -0.40150000 0.58810000 -0.70210000
vn -0.46680000 0.73070000 -0.49820000
vn -0.00000000 -0.00000000 -1.00000000
vn -0.76800000 0.52940000 -0.36040000
vn -0.51490000 0.48530000 -0.70670000
vn 0.32450000 0.94590000 -0.00000000
vn -0.00000000 -0.00000000 -1.00000000
vn 0.65550000 0.75520000 -0.00000000
vn -0.00000000 -0.00000000 -1.00000000
vn -0.33690000 -0.62210000 -0.70670000
vn -0.38980000 -0.56150000 -0.72990000
vn -0.19930000 -0.65590000 -0.72810000
vn -0.28230000 -0.64860000 -0.70680000
vn -0.51950000 -0.48070000 -0.70640000
vn -0.54000000 -0.41230000 -0.73380000
vn -0.47590000 -0.52310000 -0.70700000
vn -0.40830000 -0.56260000 -0.71880000
vn -0.38980000 -0.56150000 -0.72990000
vn -0.00000000 -0.00000000 -1.00000000
vn -1.00000000 -0.00000000 -0.00000000
vn -0.30040000 -0.66780000 -0.68100000
vn -0.00000000 -0.00000000 -1.00000000
vn -0.98480000 -0.17370000 0.00010000
vn -0.00000000 -0.00000000 -1.00000000
vn -0.46680000 0.73070000 -0.49820000
vn -0.27900000 0.65240000 -0.70470000
vn 0.51700000 -0.49190000 -0.70050000
vn 0.40270000 -0.54020000 -0.73890000
vn 0.49380000 -0.40730000 -0.76830000
vn -0.00000000 -0.00000000 -1.00000000
vn 0.65550000 0.75520000 -0.00000000
vn -0.00000000 -0.00000000 -1.00000000
vn 0.89080000 0.45430000 -0.00000000
vn -0.64760000 -0.29520000 -0.70250000
vn -0.00000000 -0.00000000 -1.00000000
vn -0.58160000 -0.39740000 -0.70980000
vn -0.63900000 -0.22620000 -0.73520000
vn -0.54000000 -0.41230000 -0.73380000
vn 0.89080000 0.45430000 -0.00000000
vn 0.98320000 0.18230000 -0.00000000
vn -0.00000000 -0.00000000 -1.00000000
vn -0.63900000 -0.22620000 -0.73520000
vn -0.70220000 -0.06490000 -0.70900000
vn -0.68800000 -0.18000000 -0.70300000
vn -0.00000000 -0.00000000 -1.00000000
vn -0.00000000 -0.00000000 -1.00000000
vn 1.00000000 -0.00880000 -0.00000000
vn 0.99900000 0.04360000 -0.00000000
vn 0.99080000 -0.05200000 0.12460000
vn 0.98320000 0.18230000 -0.00000000
vn -0.00000000 -0.00000000 -1.00000000
vn -0.70220000 -0.06490000 -0.70900000
vn -0.70700000 0.01290000 -0.70710000
vn -0.70580000 -0.06010000 -0.70580000
vn -0.68670000 0.11780000 -0.71740000
vn 1.00000000 -0.00880000 -0.00000000
vn 0.95620000 -0.29270000 -0.00000000
vn -0.00000000 -0.00000000 -1.00000000
vn -0.61940000 0.34640000 -0.70460000
vn -0.64530000 0.06810000 -0.76090000
vn -0.68670000 0.11780000 -0.71740000
vn -0.68580000 0.18210000 -0.70470000
vn -0.00000000 -0.00000000 -1.00000000
vn 0.77670000 -0.62990000 -0.00000000
vn 0.95620000 -0.29270000 -0.00000000
vn -0.00000000 -0.00000000 -1.00000000
vn -0.58590000 0.26960000 -0.76420000
vn -0.61940000 0.34640000 -0.70460000
vn -0.00000000 -0.00000000 -1.00000000
vn -0.46730000 0.53180000 -0.70620000
vn -0.58490000 0.40280000 -0.70400000
vn 0.48380000 -0.87520000 -0.00000000
vn 0.77670000 -0.62990000 -0.00000000
vn -0.00000000 -0.00000000 -1.00000000
vn -0.46730000 0.53180000 -0.70620000
vn -0.26270000 0.65570000 -0.70790000
vn -0.41540000 0.57690000 -0.70330000
vn -0.46230000 0.45260000 -0.76250000
vn -0.00000000 -0.00000000 -1.00000000
vn 0.48380000 -0.87520000 -0.00000000
vn 0.12040000 -0.99270000 -0.00000000
vn -0.00000000 -0.00000000 -1.00000000
vn -0.28360000 0.58370000 -0.76090000
vn -0.20160000 0.67890000 -0.70600000
vn -0.00000000 -0.00000000 -1.00000000
vn -0.14240000 0.69270000 -0.70700000
vn -0.26270000 0.65570000 -0.70790000
vn -0.06500000 0.70150000 -0.70970000
vn 0.11320000 0.67440000 -0.72960000
vn -0.06500000 0.70150000 -0.70970000
vn -0.07540000 0.69110000 -0.71880000
vn -0.00000000 -0.00000000 -1.00000000
vn 0.04510000 0.71450000 -0.69820000
vn -0.19930000 -0.65590000 -0.72810000
vn -0.05850000 -0.70520000 -0.70650000
vn 0.01150000 -0.68030000 -0.73280000
vn -0.19400000 -0.66400000 -0.72210000
vn -0.11870000 -0.69720000 -0.70700000
vn -0.00000000 -0.00000000 -1.00000000
vn -0.05380000 0.99860000 -0.00000000
vn -0.00000000 -0.00000000 -1.00000000
vn 0.32450000 0.94590000 -0.00000000
vn -0.00000000 -0.00000000 -1.00000000
vn 0.12560000 -0.69740000 -0.70560000
vn 0.04160000 -0.70040000 -0.71250000
vn 0.01150000 -0.68030000 -0.73280000
vn 0.13490000 -0.69420000 -0.70700000
vn -0.44020000 0.89790000 -0.00000000
vn -0.00000000 -0.00000000 -1.00000000
vn -0.05380000 0.99860000 -0.00000000
vn -0.00000000 -0.00000000 -1.00000000
vn 0.13490000 -0.69420000 -0.70700000
vn 0.18470000 -0.68310000 -0.70660000
vn 0.23380000 -0.64470000 -0.72780000
vn -0.78850000 0.61500000 -0.00000000
vn -0.44020000 0.89790000 -0.00000000
vn -0.00000000 -0.00000000 -1.00000000
vn -0.97810000 0.20810000 -0.00000000
vn -0.78850000 0.61500000 -0.00000000
vn -0.00000000 -0.00000000 -1.00000000
vn -0.00000000 0.61850000 -0.78580000
vn 0.67950000 0.73140000 0.05830000
vn 0.59250000 0.79600000 -0.12390000
vn 0.68930000 0.72430000 -0.01250000
vn 0.27540000 0.63150000 -0.72480000
vn 0.27530000 0.62430000 -0.73100000
vn -0.00000000 0.61850000 -0.78580000
vn 0.61610000 0.78770000 -0.00020000
vn 0.60390000 0.79710000 -0.00080000
vn 0.01110000 0.95500000 -0.29640000
vn 0.59250000 0.79600000 -0.12390000
vn -0.00080000 0.94920000 -0.31480000
vn -0.00000000 0.93870000 -0.34460000
vn -0.00000000 0.61850000 -0.78580000
vn 0.56560000 0.82450000 -0.01870000
vn 0.25820000 0.64840000 -0.71620000
vn -0.00000000 0.61850000 -0.78580000
vn -0.00000000 0.93870000 -0.34460000
vn 0.26650000 0.65300000 -0.70890000
vn 0.27540000 0.63150000 -0.72480000
vn 0.32360000 0.63280000 -0.70350000
vn -0.00080000 0.94920000 -0.31480000
vn 0.56560000 0.82450000 -0.01870000
vn 0.60750000 0.79420000 0.01300000
vn 0.34880000 0.61860000 -0.70400000
vn 0.01110000 0.95500000 -0.29640000
vn 0.32360000 0.63280000 -0.70350000
vn 0.36490000 0.59230000 -0.71830000
vn 0.31470000 0.62710000 -0.71250000
vn -0.00000000 0.93870000 -0.34460000
vn -0.00080000 0.94920000 -0.31480000
vn 0.01110000 0.95500000 -0.29640000
vn 0.36490000 0.59230000 -0.71830000
vn 0.36120000 0.59870000 0.71490000
vn -0.00000000 0.93870000 0.34470000
vn 0.32350000 0.63280000 0.70350000
vn 0.33110000 0.63760000 0.69560000
vn 0.01110000 0.95500000 0.29650000
vn 0.23090000 0.63280000 0.73910000
vn -0.00000000 0.93870000 0.34470000
vn -0.00000000 0.61830000 0.78590000
vn 0.32350000 0.63280000 0.70350000
vn 0.25820000 0.64840000 0.71620000
vn 0.01110000 0.95500000 0.29650000
vn -0.00000000 0.61830000 0.78590000
vn -0.00000000 0.93870000 0.34470000
vn 0.36120000 0.59870000 0.71490000
vn 0.01110000 0.95500000 0.29650000
vn 0.27600000 0.64920000 0.70880000
vn 0.27580000 0.62430000 0.73090000
vn 0.23090000 0.63280000 0.73910000
vn -0.00000000 0.61830000 0.78590000
vn -0.00000000 0.61830000 0.78590000
vn -0.00000000 -0.00000000 1.00000000
vn -0.00000000 0.61830000 0.78590000
vn 0.27580000 0.62430000 0.73090000
vn -0.00000000 0.61830000 0.78590000
vn -0.00000000 -0.00000000 1.00000000
vn -0.00000000 -0.00000000 1.00000000
vn -0.00000000 -0.00000000 1.00000000
vn -0.97780000 0.20950000 -0.00000000
vn -0.80610000 0.59180000 -0.00000000
vn -0.00000000 -0.00000000 1.00000000
vn 0.08130000 -0.99670000 -0.00000000
vn -0.33430000 -0.94250000 -0.00000000
vn -0.00000000 -0.00000000 1.00000000
vn -1.00000000 -0.00000000 -0.00000000
vn -0.97780000 0.20950000 -0.00000000
vn -0.96890000 -0.24730000 -0.00000000
vn -1.00000000 -0.00000000 -0.00000000
vn -0.00000000 -0.00000000 1.00000000
vn 0.40670000 -0.35890000 0.84010000
vn -0.00000000 -0.17580000 0.98440000
vn -0.00000000 -0.00000000 1.00000000
vn 0.02130000 -0.12690000 0.99170000
vn 0.99140000 0.11820000 0.05630000
vn -0.00000000 -0.00000000 1.00000000
vn -0.65360000 -0.75690000 -0.00000000
vn -0.00000000 -0.00000000 1.00000000
vn -0.37370000 -0.92760000 -0.00000000
vn 0.08270000 -0.99660000 -0.00000000
vn -0.00000000 -0.00000000 1.00000000
vn -0.37370000 -0.92760000 -0.00000000
vn 0.08270000 -0.99660000 -0.00000000
vn -0.00000000 -0.00000000 1.00000000
vn 0.08130000 -0.99670000 -0.00000000
vn -0.96890000 -0.24730000 -0.00000000
vn -0.00000000 -0.00000000 1.00000000
vn -0.73190000 -0.68140000 -0.00000000
vn -0.00000000 -0.00000000 1.00000000
vn -0.97810000 -0.20810000 -0.00000000
vn -0.82400000 -0.56660000 -0.00000000
vn -0.82400000 -0.56660000 -0.00000000
vn -0.00000000 -0.00000000 1.00000000
vn -0.65360000 -0.75690000 -0.00000000
vn -0.00000000 -0.00000000 1.00000000
vn -0.09300000 0.99570000 -0.00000000
vn -0.00000000 -0.00000000 1.00000000
vn -0.99620000 -0.08730000 -0.00000000
vn -0.99620000 -0.08720000 -0.00000000
vn -0.97570000 0.21900000 -0.00000000
vn 0.36690000 -0.61180000 0.70070000
vn 0.38110000 -0.57450000 0.72440000
vn -0.00000000 -0.00000000 1.00000000
vn 0.38140000 -0.56890000 0.72860000
vn 0.22430000 -0.65230000 0.72400000
vn 0.25830000 -0.65570000 0.70940000
vn -0.00000000 -0.00000000 1.00000000
vn -0.99620000 -0.08730000 -0.00000000
vn -0.98480000 -0.17370000 -0.00000000
vn 0.38140000 -0.56890000 0.72860000
vn 0.40670000 -0.35890000 0.84010000
vn 0.45280000 -0.54120000 0.70860000
vn 0.48310000 -0.51840000 0.70560000
vn 0.48780000 -0.48330000 0.72700000
vn -0.00000000 -0.00000000 1.00000000
vn -0.98480000 -0.17360000 -0.00000000
vn -0.92660000 -0.37610000 -0.00000000
vn -0.00000000 -0.00000000 1.00000000
vn -0.92660000 -0.37620000 -0.00000000
vn -0.98480000 -0.17370000 -0.00000000
vn -0.69100000 -0.72280000 -0.00000000
vn -0.92660000 -0.37620000 -0.00000000
vn -0.00000000 -0.00000000 1.00000000
vn -0.69110000 -0.72280000 -0.00000000
vn -0.69100000 -0.72280000 -0.00000000
vn -0.00000000 -0.00000000 1.00000000
vn -0.33430000 -0.94250000 -0.00000000
vn -0.97570000 0.21900000 -0.00000000
vn -0.00000000 -0.00000000 1.00000000
vn -0.78860000 0.61500000 -0.00000000
vn -0.78850000 0.61500000 -0.00000000
vn -0.45000000 0.89300000 -0.00000000
vn -0.78860000 0.61500000 -0.00000000
vn -0.00000000 -0.00000000 1.00000000
vn 0.18470000 -0.68310000 0.70660000
vn 0.12530000 -0.69610000 0.70690000
vn 0.04090000 -0.68820000 0.72430000
vn 0.22430000 -0.65230000 0.72400000
vn -0.00000000 -0.00000000 1.00000000
vn 0.02390000 -0.67500000 0.73740000
vn -0.00000000 -0.00000000 1.00000000
vn 0.16540000 0.69150000 0.70320000
vn 0.27580000 0.62430000 0.73090000
vn 0.27600000 0.64920000 0.70880000
vn 0.11480000 0.67450000 0.72930000
vn -0.00000000 -0.00000000 1.00000000
vn -0.73190000 -0.68140000 -0.00000000
vn -0.31590000 -0.94880000 -0.00000000
vn -0.49280000 0.87010000 -0.00000000
vn -0.80610000 0.59180000 -0.00000000
vn -0.00000000 -0.00000000 1.00000000
vn -0.80610000 0.59180000 -0.00000000
vn -0.97780000 0.20950000 -0.00000000
vn -0.00000000 -0.00000000 1.00000000
vn -0.00000000 -0.00000000 1.00000000
vn -0.97780000 0.20950000 -0.00000000
vn -0.97810000 -0.20810000 -0.00000000
vn -0.00000000 -0.00000000 1.00000000
vn -0.09300000 0.99570000 -0.00000000
vn -0.49290000 0.87010000 -0.00000000
vn -0.49290000 0.87010000 -0.00000000
vn -0.80610000 0.59180000 -0.00000000
vn -0.00000000 -0.00000000 1.00000000
vn -0.31590000 -0.94880000 -0.00000000
vn 0.09260000 -0.99570000 -0.00000000
vn -0.00000000 -0.00000000 1.00000000
vn 0.11480000 0.67450000 0.72930000
vn -0.06390000 0.70160000 0.70970000
vn 0.04510000 0.71470000 0.69790000
vn -0.07530000 0.69010000 0.71980000
vn -0.00000000 -0.00000000 1.00000000
vn -0.00000000 -0.00000000 1.00000000
vn 0.40890000 -0.91260000 -0.00000000
vn 0.09260000 -0.99570000 -0.00000000
vn -0.24830000 0.62680000 0.73860000
vn -0.06390000 0.70160000 0.70970000
vn -0.00000000 -0.00000000 1.00000000
vn -0.20160000 0.67890000 0.70600000
vn -0.14240000 0.69260000 0.70710000
vn -0.44150000 0.50450000 0.74200000
vn -0.41460000 0.57570000 0.70470000
vn -0.00000000 -0.00000000 1.00000000
vn -0.24830000 0.62680000 0.73860000
vn -0.30910000 0.63620000 0.70690000
vn -0.00000000 -0.00000000 1.00000000
vn -0.49280000 0.87010000 -0.00000000
vn -0.09300000 0.99570000 -0.00000000
vn -0.12460000 0.99220000 -0.00000000
vn -0.45000000 0.89300000 -0.00000000
vn -0.45010000 0.89300000 -0.00000000
vn -0.00000000 -0.00000000 1.00000000
vn -0.12460000 0.99220000 -0.00000000
vn 0.16200000 0.98680000 -0.00000000
vn -0.00000000 -0.00000000 1.00000000
vn -0.00000000 -0.00000000 1.00000000
vn -0.11910000 -0.69720000 0.70700000
vn -0.19410000 -0.66440000 0.72180000
vn -0.20930000 -0.64090000 0.73850000
vn 0.02390000 -0.67500000 0.73740000
vn -0.05890000 -0.70520000 0.70650000
vn 0.16200000 0.98680000 -0.00000000
vn 0.47580000 0.87960000 -0.00000000
vn -0.00000000 -0.00000000 1.00000000
vn -0.00000000 -0.00000000 1.00000000
vn -0.29550000 -0.64310000 0.70650000
vn -0.34930000 -0.61490000 0.70700000
vn -0.20930000 -0.64090000 0.73850000
vn -0.41640000 -0.52900000 0.73950000
vn -0.40800000 -0.56220000 0.71930000
vn 0.47580000 0.87960000 -0.00000000
vn -0.00000000 -0.00000000 1.00000000
vn 0.73720000 0.67570000 -0.00000000
vn -0.41640000 -0.52900000 0.73950000
vn -0.00000000 -0.00000000 1.00000000
vn -0.53780000 -0.45930000 0.70700000
vn -0.57220000 -0.35300000 0.74020000
vn -0.57560000 -0.39330000 0.71690000
vn -0.49680000 -0.50420000 0.70640000
vn -0.00000000 -0.00000000 1.00000000
vn 0.91760000 0.39750000 -0.00000000
vn 0.73720000 0.67570000 -0.00000000
vn -0.63890000 -0.30500000 0.70630000
vn -0.00000000 -0.00000000 1.00000000
vn -0.65800000 -0.13450000 0.74090000
vn -0.57220000 -0.35300000 0.74020000
vn -0.67670000 -0.17700000 0.71470000
vn -0.66200000 -0.24880000 0.70710000
vn 0.91760000 0.39750000 -0.00000000
vn -0.00000000 -0.00000000 1.00000000
vn 0.98650000 0.16400000 -0.00000000
vn -0.70710000 -0.00920000 0.70710000
vn -0.70500000 0.01290000 0.70900000
vn -0.00000000 -0.00000000 1.00000000
vn -0.68890000 0.07270000 0.72120000
vn -0.65800000 -0.13450000 0.74090000
vn -0.70460000 -0.06930000 0.70620000
vn -0.66360000 0.10000000 0.74140000
vn 0.98650000 0.16400000 -0.00000000
vn -0.00000000 -0.00000000 1.00000000
vn 0.99900000 0.04360000 -0.00000000
vn 0.99900000 0.04360000 -0.00000000
vn 0.98650000 -0.16350000 -0.00000000
vn -0.00000000 -0.00000000 1.00000000
vn -0.00000000 -0.00000000 1.00000000
vn -0.58830000 0.32190000 0.74180000
vn -0.63920000 0.29420000 0.71060000
vn -0.68620000 0.17480000 0.70610000
vn -0.66780000 0.23270000 0.70710000
vn -0.66360000 0.10000000 0.74140000
vn -0.00000000 -0.00000000 1.00000000
vn 0.88110000 -0.47300000 -0.00000000
vn 0.98650000 -0.16350000 -0.00000000
vn -0.00000000 -0.00000000 1.00000000
vn -0.54860000 0.44620000 0.70710000
vn -0.58580000 0.39800000 0.70600000
vn -0.44150000 0.50450000 0.74200000
vn -0.50410000 0.49360000 0.70870000
vn -0.58830000 0.32190000 0.74180000
vn 0.88110000 -0.47300000 -0.00000000
vn -0.00000000 -0.00000000 1.00000000
vn 0.68140000 -0.73190000 -0.00000000
vn 0.40890000 -0.91260000 -0.00000000
vn -0.00000000 -0.00000000 1.00000000
vn 0.68140000 -0.73190000 -0.00000000
vn -0.82420000 -0.56620000 -0.00000000
vn -0.00000000 -0.00000000 -1.00000000
vn -0.79290000 -0.58390000 -0.17420000
vn -0.00000000 -0.00000000 -1.00000000
vn -0.91770000 -0.39740000 -0.00000000
vn -0.94920000 -0.31460000 -0.00000000
vn -0.85850000 -0.48390000 -0.16960000
vn 0.86330000 0.34720000 -0.36630000
vn -0.00000000 -0.00000000 -1.00000000
vn -0.00000000 -0.00000000 -1.00000000
vn -0.94690000 -0.32020000 -0.03030000
vn -0.98210000 -0.18540000 0.03300000
vn -0.94920000 -0.31460000 -0.00000000
vn -0.99400000 -0.10970000 -0.00000000
vn -0.98210000 -0.18540000 0.03300000
vn -0.98190000 -0.18150000 0.05370000
vn -0.00000000 -0.00000000 -1.00000000
vn 0.75700000 0.65200000 -0.04290000
vn 0.00010000 -0.00000000 -1.00000000
vn 0.70960000 0.57890000 -0.40150000
vn 0.75700000 0.65200000 -0.04290000
vn 0.00010000 -0.00000000 -1.00000000
vn -0.00010000 -0.00010000 -1.00000000
vn -0.00000000 -0.00000000 -1.00000000
vn 0.00010000 -0.00000000 -1.00000000
vn -0.75350000 -0.65740000 0.00920000
vn -0.00010000 -0.00010000 -1.00000000
vn -0.00010000 -0.00010000 -1.00000000
vn -0.75170000 -0.65940000 -0.00890000
vn -0.75360000 -0.65740000 -0.00000000
vn -0.00000000 -0.00000000 -1.00000000
vn -0.75350000 -0.65740000 0.00920000
vn -0.82420000 -0.56620000 -0.00000000
vn -0.00000000 -0.00000000 -1.00000000
vn 1.00000000 -0.00000000 -0.00000000
vn -0.99400000 -0.10970000 -0.00000000
vn -0.75170000 -0.65940000 -0.00890000
vn -0.75350000 -0.65740000 0.00920000
vn -0.70710000 -0.70710000 -0.00000000
vn 1.00000000 -0.00000000 -0.00000000
vn 0.33110000 0.63760000 0.69560000
vn 0.25820000 0.64840000 0.71620000
vn 0.32350000 0.63280000 0.70350000
vn 0.36120000 0.59870000 0.71490000
vn 0.33110000 0.63760000 0.69560000
vn -0.82950000 -0.10940000 -0.54760000
vn -1.00000000 -0.00000000 -0.00000000
vn -0.30210000 -0.66720000 -0.68080000
vn -0.30040000 -0.66780000 -0.68100000
vn -0.29450000 -0.65270000 -0.69800000
vn -0.21120000 -0.97740000 -0.00000000
vn -0.30210000 -0.66720000 -0.68080000
vn -0.41240000 -0.91070000 0.02330000
vn -1.00000000 -0.00000000 -0.00000000
vn -0.55200000 -0.45680000 -0.69760000
vn -0.43370000 -0.90070000 -0.02440000
vn -0.30210000 -0.66720000 -0.68080000
vn -0.41240000 -0.91070000 0.02330000
vn -0.77020000 -0.63740000 0.02510000
vn -0.29450000 -0.65270000 -0.69800000
vn -0.69760000 -0.16370000 -0.69760000
vn -0.78180000 -0.62340000 -0.01250000
vn -0.55200000 -0.45680000 -0.69760000
vn -0.97350000 -0.22840000 0.01290000
vn -0.77020000 -0.63740000 0.02510000
vn -0.97490000 -0.22250000 -0.00000000
vn -0.97350000 -0.22840000 0.01290000
vn -0.69990000 0.14270000 -0.69990000
vn -0.97640000 0.19910000 0.08330000
vn -0.99060000 0.13700000 -0.00000000
vn -0.69760000 -0.16370000 -0.69760000
vn -0.00000000 -0.00000000 -1.00000000
vn -0.21120000 -0.97740000 -0.00000000
vn -1.00000000 -0.00000000 -0.00000000
vn 0.01150000 -0.99920000 -0.03830000
vn -1.00000000 -0.00000000 -0.00000000
vn -0.96890000 -0.24730000 -0.00000000
vn -0.00000000 -0.00000000 -1.00000000
vn 0.01150000 -0.99920000 -0.03830000
vn -0.00000000 -0.00000000 -1.00000000
vn 0.06210000 -0.99810000 -0.00000000
vn 0.43390000 -0.90100000 -0.00000000
vn -0.14230000 -0.86920000 0.47350000
vn 0.98320000 0.18230000 -0.00000000
vn -0.00000000 -0.00000000 -1.00000000
vn 0.89080000 0.45430000 -0.00000000
vn -0.00000000 -0.00000000 -1.00000000
vn 0.98320000 0.18230000 -0.00000000
vn 0.99900000 0.04360000 -0.00000000
vn 0.99060000 0.13700000 -0.00000000
vn -0.00000000 -0.00000000 -1.00000000
vn 0.88190000 0.47140000 -0.00000000
vn 0.99060000 0.13700000 -0.00000000
vn -0.00000000 -0.00000000 -1.00000000
vn 0.97490000 -0.22250000 -0.00000000
vn 0.65550000 0.75520000 -0.00000000
vn -0.00000000 -0.00000000 -1.00000000
vn 0.89080000 0.45430000 -0.00000000
vn -0.00000000 -0.00000000 -1.00000000
vn 0.60350000 0.79730000 -0.00000000
vn 0.88190000 0.47140000 -0.00000000
vn 0.32450000 0.94590000 -0.00000000
vn 0.65550000 0.75520000 -0.00000000
vn -0.00000000 -0.00000000 -1.00000000
vn -0.00000000 -0.00000000 -1.00000000
vn 0.60350000 0.79730000 -0.00000000
vn 0.60360000 0.79730000 -0.00000000
vn 0.21430000 0.97680000 -0.00000000
vn -0.00000000 -0.00000000 -1.00000000
vn 0.32450000 0.94590000 -0.00000000
vn -0.05380000 0.99860000 -0.00000000
vn -0.00000000 -0.00000000 -1.00000000
vn -0.05010000 0.99870000 -0.00000000
vn 0.21430000 0.97680000 -0.00000000
vn -0.18590000 0.97720000 0.10230000
vn -0.39300000 0.91950000 -0.00000000
vn -0.18590000 0.97720000 0.10230000
vn -0.00000000 -0.00000000 -1.00000000
vn -0.98480000 -0.17360000 -0.00000000
vn -0.26250000 0.96320000 -0.05750000
vn -0.00000000 -0.00000000 -1.00000000
vn -0.31590000 -0.94880000 -0.00000000
vn -0.73190000 -0.68140000 -0.00000000
vn -0.96890000 -0.24730000 -0.00000000
vn -0.00000000 -0.00000000 -1.00000000
vn -0.73190000 -0.68140000 -0.00000000
vn -0.00000000 -0.00000000 -1.00000000
vn 0.12040000 -0.99270000 -0.00000000
vn -0.31590000 -0.94880000 -0.00000000
vn 0.12040000 -0.99270000 -0.00000000
vn -0.00000000 -0.00000000 -1.00000000
vn 0.48380000 -0.87520000 -0.00000000
vn -0.00000000 -0.00000000 -1.00000000
vn 0.77670000 -0.62990000 -0.00000000
vn 0.48380000 -0.87520000 -0.00000000
vn 0.78180000 -0.62350000 -0.00000000
vn -0.00000000 -0.00000000 -1.00000000
vn 0.43390000 -0.90100000 -0.00000000
vn 0.95620000 -0.29270000 -0.00000000
vn 0.77670000 -0.62990000 -0.00000000
vn -0.00000000 -0.00000000 -1.00000000
vn -0.00000000 -0.00000000 -1.00000000
vn 0.78180000 -0.62350000 -0.00000000
vn 0.97490000 -0.22250000 -0.00000000
vn -0.00000000 -0.00000000 -1.00000000
vn 1.00000000 -0.00880000 -0.00000000
vn 0.99080000 -0.05200000 0.12460000
vn 0.95620000 -0.29270000 -0.00000000
vn -0.00000000 -0.00000000 -1.00000000
vn 0.99900000 0.04360000 -0.00000000
vn 0.99080000 -0.05200000 0.12460000
vn -0.97810000 0.20830000 -0.00000000
vn -0.99620000 -0.08720000 -0.00000000
vn -0.00000000 -0.00000000 -1.00000000
vn -0.00000000 -0.00000000 -1.00000000
vn -0.78850000 0.61500000 -0.00000000
vn -0.97810000 0.20810000 -0.00000000
vn -0.97810000 0.20830000 -0.00000000
vn -0.78850000 0.61500000 -0.00000000
vn -0.00000000 -0.00000000 -1.00000000
vn -0.44020000 0.89790000 -0.00000000
vn -0.00000000 -0.00000000 -1.00000000
vn -0.99620000 -0.08720000 -0.00000000
vn -0.98480000 -0.17370000 -0.00000000
vn -0.98480000 -0.17360000 -0.00000000
vn -0.44020000 0.89790000 -0.00000000
vn -0.00000000 -0.00000000 -1.00000000
vn -0.05380000 0.99860000 -0.00000000
vn -0.39300000 0.91950000 -0.00000000
vn -0.46680000 0.73070000 -0.49820000
vn -0.40150000 0.58810000 -0.70210000
vn -0.27880000 0.65230000 -0.70480000
vn -0.27900000 0.65240000 -0.70470000
vn -0.56380000 0.82590000 -0.00000000
vn -0.98480000 -0.17370000 0.00010000
vn -0.27900000 0.65240000 -0.70470000
vn -0.27880000 0.65230000 -0.70480000
vn -0.98480000 -0.17370000 -0.00000000
vn -0.98480000 -0.17360000 -0.00000000
vn -0.98480000 -0.17360000 -0.00000000
vn -0.98480000 -0.17370000 -0.00000000
vn -0.39300000 0.91950000 -0.00000000
vn -0.27880000 0.65230000 -0.70480000
vn -0.84290000 0.52220000 -0.12970000
vn -0.97640000 0.19910000 0.08330000
vn -0.60460000 0.37450000 -0.70300000
vn -0.69990000 0.14270000 -0.69990000
vn -0.72780000 0.68580000 -0.00000000
vn -0.88190000 0.47140000 -0.00000000
vn -0.51490000 0.48530000 -0.70670000
vn -0.76800000 0.52940000 -0.36040000
vn -0.60460000 0.37450000 -0.70300000
vn -0.84290000 0.52220000 -0.12970000
vn -0.60170000 0.79490000 -0.07770000
vn -0.72780000 0.68580000 -0.00000000
vn -0.56380000 0.82590000 -0.00000000
vn -0.51490000 0.48530000 -0.70670000
vn -0.40150000 0.58810000 -0.70210000
vn 0.70710000 -0.00000000 0.70710000
vn -0.00000000 -1.00000000 -0.00000000
vn 0.70710000 -0.00000000 0.70710000
vn 0.16540000 0.69150000 0.70320000
vn 0.23090000 0.63280000 0.73910000
vn 0.25820000 0.64840000 0.71620000
vn 0.27600000 0.64920000 0.70880000
vn -0.07530000 0.69010000 0.71980000
vn 0.04510000 0.71470000 0.69790000
vn 0.16540000 0.69150000 0.70320000
vn 0.11480000 0.67450000 0.72930000
vn 0.04510000 0.71470000 0.69790000
vn -0.20160000 0.67890000 0.70600000
vn -0.30910000 0.63620000 0.70690000
vn -0.24830000 0.62680000 0.73860000
vn -0.14240000 0.69260000 0.70710000
vn -0.20160000 0.67890000 0.70600000
vn -0.07530000 0.69010000 0.71980000
vn -0.14240000 0.69260000 0.70710000
vn -0.06390000 0.70160000 0.70970000
vn -0.41460000 0.57570000 0.70470000
vn -0.30910000 0.63620000 0.70690000
vn -0.44150000 0.50450000 0.74200000
vn -0.41460000 0.57570000 0.70470000
vn -0.50410000 0.49360000 0.70870000
vn -0.50410000 0.49360000 0.70870000
vn -0.54860000 0.44620000 0.70710000
vn -0.58580000 0.39800000 0.70600000
vn -0.54860000 0.44620000 0.70710000
vn -0.58580000 0.39800000 0.70600000
vn -0.63920000 0.29420000 0.71060000
vn -0.58830000 0.32190000 0.74180000
vn -0.68620000 0.17480000 0.70610000
vn -0.66360000 0.10000000 0.74140000
vn -0.68890000 0.07270000 0.72120000
vn -0.68620000 0.17480000 0.70610000
vn -0.66780000 0.23270000 0.70710000
vn -0.66780000 0.23270000 0.70710000
vn -0.63920000 0.29420000 0.71060000
vn -0.70500000 0.01290000 0.70900000
vn -0.68890000 0.07270000 0.72120000
vn -0.70500000 0.01290000 0.70900000
vn -0.70710000 -0.00920000 0.70710000
vn 0.01250000 -0.98440000 0.17560000
vn 0.01870000 -0.97750000 0.21020000
vn 0.02880000 -0.96650000 0.25510000
vn 0.01870000 -0.97750000 0.21020000
vn -0.00050000 -0.92990000 0.36770000
vn 0.00280000 -0.98440000 0.17580000
vn 0.02880000 -0.96650000 0.25510000
vn 0.00500000 -0.89640000 0.44330000
vn -0.00050000 -0.92990000 0.36770000
vn 0.00100000 -0.99860000 0.05360000
vn -0.00000000 -0.99980000 0.01800000
vn -0.00000000 -0.99980000 0.01800000
vn -0.00000000 -1.00000000 -0.00000000
vn 0.00320000 -0.99560000 0.09360000
vn 0.00100000 -0.99860000 0.05360000
vn 0.00730000 -0.99060000 0.13670000
vn 0.00320000 -0.99560000 0.09360000
vn 0.01250000 -0.98440000 0.17560000
vn 0.00730000 -0.99060000 0.13670000
vn -0.00000000 -1.00000000 -0.00000000
vn -0.00000000 -0.99980000 -0.01800000
vn -0.12590000 -0.13450000 0.98290000
vn -0.02950000 -0.03490000 0.99900000
vn -0.43580000 -0.46460000 0.77090000
vn -0.44260000 -0.46590000 0.76620000
vn -0.43580000 -0.46460000 0.77090000
vn -0.41240000 -0.45470000 0.78940000
vn -0.42240000 -0.46800000 0.77620000
vn -0.44260000 -0.46590000 0.76620000
vn -0.41240000 -0.45470000 0.78940000
vn -0.35130000 -0.41370000 0.83990000
vn -0.29550000 -0.34990000 0.88900000
vn -0.35130000 -0.41370000 0.83990000
vn -0.08860000 -0.15870000 0.98330000
vn -0.24330000 -0.21410000 0.94600000
vn -0.23500000 -0.27830000 0.93130000
vn -0.29550000 -0.34990000 0.88900000
vn -0.12590000 -0.13450000 0.98290000
vn -0.24330000 -0.21410000 0.94600000
vn 0.42320000 -0.56650000 -0.70710000
vn 0.40650000 -0.57940000 -0.70640000
vn 0.02620000 -0.85000000 -0.52620000
vn 0.42320000 -0.56650000 -0.70710000
vn 0.00790000 -0.79940000 -0.60080000
vn 0.02620000 -0.85000000 -0.52620000
vn 0.04960000 -0.88830000 -0.45670000
vn 0.01230000 -0.84220000 -0.53910000
vn 0.04960000 -0.88830000 -0.45670000
vn -0.00050000 -0.92990000 -0.36770000
vn 0.40650000 -0.57940000 -0.70640000
vn 0.36870000 -0.59970000 -0.71020000
vn 0.39660000 -0.56750000 -0.72160000
vn 0.32270000 -0.63140000 -0.70510000
vn 0.36870000 -0.59970000 -0.71020000
vn 0.25560000 -0.64870000 -0.71680000
vn 0.32270000 -0.63140000 -0.70510000
vn -0.37370000 -0.92760000 -0.00000000
vn 0.08270000 -0.99660000 -0.00000000
vn -0.00000000 -0.00000000 1.00000000
vn 0.08270000 -0.99660000 -0.00000000
vn 0.08130000 -0.99670000 -0.00000000
vn -0.00000000 -0.00000000 1.00000000
vn -0.97780000 0.20950000 -0.00000000
vn -0.00000000 -0.00000000 1.00000000
vn -0.97810000 -0.20810000 -0.00000000
vn -0.82400000 -0.56660000 -0.00000000
vn -0.97810000 -0.20810000 -0.00000000
vn -0.00000000 -0.00000000 1.00000000
vn -0.00000000 -0.00000000 1.00000000
vn -0.65360000 -0.75690000 -0.00000000
vn -0.82400000 -0.56660000 -0.00000000
vn -0.00000000 -0.00000000 1.00000000
vn -0.37370000 -0.92760000 -0.00000000
vn -0.65360000 -0.75690000 -0.00000000
vn -0.00000000 -0.00000000 1.00000000
vn -0.09300000 0.99570000 -0.00000000
vn -0.31590000 -0.94880000 -0.00000000
vn -0.00000000 -0.00000000 1.00000000
vn 0.09260000 -0.99570000 -0.00000000
vn -0.00000000 -0.00000000 1.00000000
vn -0.49280000 0.87010000 -0.00000000
vn -0.09300000 0.99570000 -0.00000000
vn -0.00000000 -0.00000000 1.00000000
vn 0.09260000 -0.99570000 -0.00000000
vn 0.40890000 -0.91260000 -0.00000000
vn -0.00000000 -0.00000000 1.00000000
vn -0.80610000 0.59180000 -0.00000000
vn -0.49280000 0.87010000 -0.00000000
vn -0.45010000 0.89300000 -0.00000000
vn -0.00000000 -0.00000000 1.00000000
vn -0.78850000 0.61500000 -0.00000000
vn -0.45000000 0.89300000 -0.00000000
vn -0.78860000 0.61500000 -0.00000000
vn -0.97570000 0.21900000 -0.00000000
vn -0.78850000 0.61500000 -0.00000000
vn -0.00000000 -0.00000000 1.00000000
vn -0.12460000 0.99220000 -0.00000000
vn -0.45010000 0.89300000 -0.00000000
vn -0.00000000 -0.00000000 1.00000000
vn -0.00000000 -0.00000000 1.00000000
vn -0.99620000 -0.08720000 -0.00000000
vn -0.97570000 0.21900000 -0.00000000
vn -0.00000000 -0.00000000 1.00000000
vn -0.33430000 -0.94250000 -0.00000000
vn -0.69110000 -0.72280000 -0.00000000
vn -0.69100000 -0.72280000 -0.00000000
vn -0.33430000 -0.94250000 -0.00000000
vn -0.00000000 -0.00000000 1.00000000
vn 0.08130000 -0.99670000 -0.00000000
vn -0.69110000 -0.72280000 -0.00000000
vn -0.00000000 -0.00000000 1.00000000
vn -0.92660000 -0.37610000 -0.00000000
vn -0.92660000 -0.37620000 -0.00000000
vn -0.98480000 -0.17360000 -0.00000000
vn -0.00000000 -0.00000000 1.00000000
vn -0.92660000 -0.37610000 -0.00000000
vn -0.99620000 -0.08730000 -0.00000000
vn -0.99620000 -0.08720000 -0.00000000
vn -0.98480000 -0.17360000 -0.00000000
vn -0.98480000 -0.17370000 -0.00000000
vn -0.00000000 -0.00000000 1.00000000
vn -0.00000000 -0.00000000 1.00000000
vn 0.98650000 -0.16350000 -0.00000000
vn 0.99900000 0.04360000 -0.00000000
vn -0.00000000 -0.00000000 1.00000000
vn 0.88110000 -0.47300000 -0.00000000
vn 0.98650000 -0.16350000 -0.00000000
vn -0.80610000 0.59180000 -0.00000000
vn -0.97780000 0.20950000 -0.00000000
vn -0.00000000 -0.00000000 1.00000000
vn -0.00000000 -0.00000000 1.00000000
vn 0.68140000 -0.73190000 -0.00000000
vn 0.88110000 -0.47300000 -0.00000000
vn 0.68140000 -0.73190000 -0.00000000
vn 0.40890000 -0.91260000 -0.00000000
vn -0.00000000 -0.00000000 1.00000000
vn -0.49290000 0.87010000 -0.00000000
vn -0.00000000 -0.00000000 1.00000000
vn -0.80610000 0.59180000 -0.00000000
vn -0.80610000 0.59180000 -0.00000000
vn -0.00000000 -0.00000000 1.00000000
vn -0.97780000 0.20950000 -0.00000000
vn -0.49290000 0.87010000 -0.00000000
vn -0.00000000 -0.00000000 1.00000000
vn -0.09300000 0.99570000 -0.00000000
vn -0.00000000 -0.00000000 1.00000000
vn -0.97780000 0.20950000 -0.00000000
vn -1.00000000 -0.00000000 -0.00000000
vn -0.00000000 -0.00000000 1.00000000
vn -0.96890000 -0.24730000 -0.00000000
vn -0.73190000 -0.68140000 -0.00000000
vn -0.31590000 -0.94880000 -0.00000000
vn -0.73190000 -0.68140000 -0.00000000
vn -0.00000000 -0.00000000 1.00000000
vn -0.96890000 -0.24730000 -0.00000000
vn -0.00000000 -0.00000000 1.00000000
vn -1.00000000 -0.00000000 -0.00000000
vn -0.00000000 -0.00000000 1.00000000
vn -0.12460000 0.99220000 -0.00000000
vn 0.16200000 0.98680000 -0.00000000
vn -0.00000000 -0.00000000 1.00000000
vn 0.47580000 0.87960000 -0.00000000
vn 0.16200000 0.98680000 -0.00000000
vn -0.00000000 -0.00000000 1.00000000
vn 0.47580000 0.87960000 -0.00000000
vn 0.73720000 0.67570000 -0.00000000
vn 0.91760000 0.39750000 -0.00000000
vn -0.00000000 -0.00000000 1.00000000
vn 0.73720000 0.67570000 -0.00000000
vn 0.91760000 0.39750000 -0.00000000
vn -0.00000000 -0.00000000 1.00000000
vn 0.98650000 0.16400000 -0.00000000
vn 0.98650000 0.16400000 -0.00000000
vn 0.99900000 0.04360000 -0.00000000
vn -0.00000000 -0.00000000 1.00000000
vn 0.38110000 -0.57450000 0.72440000
vn 0.38140000 -0.56890000 0.72860000
vn 0.45280000 -0.54120000 0.70860000
vn 0.02460000 -0.51760000 0.85520000
vn 0.00150000 -0.63360000 0.77370000
vn 0.34830000 -0.55130000 0.75810000
vn 0.31490000 -0.51550000 0.79690000
vn -0.00070000 -0.73070000 0.68270000
vn 0.00150000 -0.63360000 0.77370000
vn 0.22760000 -0.40310000 0.88640000
vn 0.38110000 -0.57450000 0.72440000
vn 0.39240000 -0.58400000 0.71060000
vn 0.36690000 -0.61180000 0.70070000
vn 0.00780000 -0.79930000 0.60090000
vn 0.42330000 -0.56620000 0.70720000
vn 0.37880000 -0.54650000 0.74690000
vn 0.39240000 -0.58400000 0.71060000
vn 0.39590000 -0.56690000 0.72240000
vn -0.00070000 -0.73070000 0.68270000
vn 0.40920000 -0.57730000 0.70660000
vn 0.42330000 -0.56620000 0.70720000
vn 0.02620000 -0.85000000 0.52620000
vn 0.00780000 -0.79930000 0.60090000
vn 0.02170000 -0.84200000 0.53900000
vn 0.02620000 -0.85000000 0.52620000
vn 0.00500000 -0.89640000 0.44330000
vn 0.40670000 -0.35890000 0.84010000
vn 0.02130000 -0.12690000 0.99170000
vn 0.48780000 -0.48330000 0.72700000
vn 0.00040000 -0.28340000 0.95900000
vn 0.00040000 -0.28340000 0.95900000
vn 0.48310000 -0.51840000 0.70560000
vn 0.48780000 -0.48330000 0.72700000
vn 0.05650000 -0.41860000 0.90640000
vn -0.00130000 -0.53910000 0.84220000
vn 0.02460000 -0.51760000 0.85520000
vn 0.48310000 -0.51840000 0.70560000
vn 0.45280000 -0.54120000 0.70860000
vn 0.05650000 -0.41860000 0.90640000
vn 0.12530000 -0.69610000 0.70690000
vn 0.04090000 -0.68820000 0.72430000
vn 0.12530000 -0.69610000 0.70690000
vn 0.18470000 -0.68310000 0.70660000
vn -0.05890000 -0.70520000 0.70650000
vn 0.02390000 -0.67500000 0.73740000
vn 0.04090000 -0.68820000 0.72430000
vn -0.11910000 -0.69720000 0.70700000
vn -0.05890000 -0.70520000 0.70650000
vn -0.67670000 -0.17700000 0.71470000
vn -0.66200000 -0.24880000 0.70710000
vn -0.65800000 -0.13450000 0.74090000
vn -0.67670000 -0.17700000 0.71470000
vn -0.70460000 -0.06930000 0.70620000
vn -0.70460000 -0.06930000 0.70620000
vn -0.70710000 -0.00920000 0.70710000
vn -0.57560000 -0.39330000 0.71690000
vn -0.53780000 -0.45930000 0.70700000
vn -0.63890000 -0.30500000 0.70630000
vn -0.57220000 -0.35300000 0.74020000
vn -0.57560000 -0.39330000 0.71690000
vn -0.63890000 -0.30500000 0.70630000
vn -0.66200000 -0.24880000 0.70710000
vn -0.34930000 -0.61490000 0.70700000
vn -0.40800000 -0.56220000 0.71930000
vn -0.40800000 -0.56220000 0.71930000
vn -0.41640000 -0.52900000 0.73950000
vn -0.49680000 -0.50420000 0.70640000
vn -0.49680000 -0.50420000 0.70640000
vn -0.53780000 -0.45930000 0.70700000
vn -0.34930000 -0.61490000 0.70700000
vn -0.29550000 -0.64310000 0.70650000
vn -0.29550000 -0.64310000 0.70650000
vn -0.19410000 -0.66440000 0.72180000
vn -0.20930000 -0.64090000 0.73850000
vn -0.19410000 -0.66440000 0.72180000
vn -0.11910000 -0.69720000 0.70700000
vn 0.40920000 -0.57730000 0.70660000
vn 0.42330000 -0.56620000 0.70720000
vn 0.39590000 -0.56690000 0.72240000
vn 0.40920000 -0.57730000 0.70660000
vn 0.22760000 -0.40310000 0.88640000
vn 0.31490000 -0.51550000 0.79690000
vn 0.34830000 -0.55130000 0.75810000
vn 0.31490000 -0.51550000 0.79690000
vn 0.34830000 -0.55130000 0.75810000
vn 0.39240000 -0.58400000 0.71060000
vn 0.37880000 -0.54650000 0.74690000
vn 0.37880000 -0.54650000 0.74690000
vn 0.39590000 -0.56690000 0.72240000
vn 0.25830000 -0.65570000 0.70940000
vn 0.36690000 -0.61180000 0.70070000
vn 0.22760000 -0.40310000 0.88640000
vn 0.25830000 -0.65570000 0.70940000
vn 0.18470000 -0.68310000 0.70660000
vn 0.22430000 -0.65230000 0.72400000
vn 0.00790000 -0.79940000 -0.60080000
vn -0.00330000 -0.70820000 -0.70600000
vn 0.42320000 -0.56650000 -0.70710000
vn 0.38670000 -0.58410000 -0.71370000
vn 0.40650000 -0.57940000 -0.70640000
vn 0.39660000 -0.56750000 -0.72160000
vn 0.38670000 -0.58410000 -0.71370000
vn 0.39220000 -0.56720000 -0.72420000
vn 0.00680000 -0.60810000 -0.79380000
vn -0.00330000 -0.70820000 -0.70600000
vn 0.00100000 -0.99860000 -0.05350000
vn -0.00000000 -0.99980000 -0.01800000
vn 0.00100000 -0.99860000 -0.05350000
vn 0.00320000 -0.99560000 -0.09390000
vn 0.00320000 -0.99560000 -0.09390000
vn 0.00730000 -0.99060000 -0.13680000
vn 0.00730000 -0.99060000 -0.13680000
vn 0.01250000 -0.98440000 -0.17560000
vn 0.01250000 -0.98440000 -0.17560000
vn 0.01870000 -0.97750000 -0.21020000
vn 0.01100000 -0.98440000 -0.17580000
vn 0.01870000 -0.97750000 -0.21020000
vn 0.00080000 -0.95720000 -0.28960000
vn -0.00050000 -0.92990000 -0.36770000
vn 0.00080000 -0.95720000 -0.28960000
vn 0.00030000 -0.28410000 -0.95880000
vn -0.00000000 -0.11370000 -0.99350000
vn 0.51700000 -0.49190000 -0.70050000
vn 0.49380000 -0.40730000 -0.76830000
vn 0.01490000 -0.17580000 -0.98430000
vn 0.00680000 -0.60810000 -0.79380000
vn 0.02440000 -0.51810000 -0.85500000
vn 0.39460000 -0.54500000 -0.73980000
vn 0.39220000 -0.56720000 -0.72420000
vn 0.38580000 -0.50490000 -0.77220000
vn -0.00030000 -0.39890000 -0.91700000
vn 0.02440000 -0.51810000 -0.85500000
vn 0.39460000 -0.54500000 -0.73980000
vn 0.01730000 -0.53910000 -0.84210000
vn 0.00030000 -0.28410000 -0.95880000
vn 0.51700000 -0.49190000 -0.70050000
vn -0.00030000 -0.39890000 -0.91700000
vn 0.38580000 -0.50490000 -0.77220000
vn 0.40270000 -0.54020000 -0.73890000
vn -0.70580000 -0.06010000 -0.70580000
vn -0.70700000 0.01290000 -0.70710000
vn -0.70220000 -0.06490000 -0.70900000
vn -0.68800000 -0.18000000 -0.70300000
vn -0.70580000 -0.06010000 -0.70580000
vn -0.64760000 -0.29520000 -0.70250000
vn -0.68800000 -0.18000000 -0.70300000
vn -0.63900000 -0.22620000 -0.73520000
vn -0.64760000 -0.29520000 -0.70250000
vn -0.58160000 -0.39740000 -0.70980000
vn -0.58160000 -0.39740000 -0.70980000
vn -0.54000000 -0.41230000 -0.73380000
vn -0.51950000 -0.48070000 -0.70640000
vn -0.51950000 -0.48070000 -0.70640000
vn -0.47590000 -0.52310000 -0.70700000
vn -0.38980000 -0.56150000 -0.72990000
vn -0.33690000 -0.62210000 -0.70670000
vn -0.40830000 -0.56260000 -0.71880000
vn -0.47590000 -0.52310000 -0.70700000
vn -0.40830000 -0.56260000 -0.71880000
vn -0.11870000 -0.69720000 -0.70700000
vn -0.05850000 -0.70520000 -0.70650000
vn -0.19400000 -0.66400000 -0.72210000
vn -0.11870000 -0.69720000 -0.70700000
vn -0.19930000 -0.65590000 -0.72810000
vn -0.28230000 -0.64860000 -0.70680000
vn -0.19400000 -0.66400000 -0.72210000
vn -0.28230000 -0.64860000 -0.70680000
vn -0.33690000 -0.62210000 -0.70670000
vn 0.01150000 -0.68030000 -0.73280000
vn 0.04160000 -0.70040000 -0.71250000
vn -0.05850000 -0.70520000 -0.70650000
vn 0.12560000 -0.69740000 -0.70560000
vn 0.04160000 -0.70040000 -0.71250000
vn 0.18470000 -0.68310000 -0.70660000
vn 0.12560000 -0.69740000 -0.70560000
vn 0.13490000 -0.69420000 -0.70700000
vn 0.18470000 -0.68310000 -0.70660000
vn 0.23380000 -0.64470000 -0.72780000
vn 0.25560000 -0.64870000 -0.71680000
vn -0.64530000 0.06810000 -0.76090000
vn -0.70700000 0.01290000 -0.70710000
vn -0.68670000 0.11780000 -0.71740000
vn -0.41540000 0.57690000 -0.70330000
vn -0.26270000 0.65570000 -0.70790000
vn -0.28360000 0.58370000 -0.76090000
vn -0.28360000 0.58370000 -0.76090000
vn -0.20160000 0.67890000 -0.70600000
vn -0.14240000 0.69270000 -0.70700000
vn -0.20160000 0.67890000 -0.70600000
vn -0.68580000 0.18210000 -0.70470000
vn -0.64530000 0.06810000 -0.76090000
vn -0.68580000 0.18210000 -0.70470000
vn -0.58590000 0.26960000 -0.76420000
vn -0.61940000 0.34640000 -0.70460000
vn -0.58490000 0.40280000 -0.70400000
vn -0.58590000 0.26960000 -0.76420000
vn -0.46730000 0.53180000 -0.70620000
vn -0.46230000 0.45260000 -0.76250000
vn -0.58490000 0.40280000 -0.70400000
vn -0.41540000 0.57690000 -0.70330000
vn -0.46230000 0.45260000 -0.76250000
vn 0.34880000 0.61860000 -0.70400000
vn 0.36490000 0.59230000 -0.71830000
vn 0.34880000 0.61860000 -0.70400000
vn 0.31470000 0.62710000 -0.71250000
vn 0.25820000 0.64840000 -0.71620000
vn 0.31470000 0.62710000 -0.71250000
vn 0.32360000 0.63280000 -0.70350000
vn 0.25820000 0.64840000 -0.71620000
vn 0.16550000 0.69170000 -0.70300000
vn 0.26650000 0.65300000 -0.70890000
vn 0.04510000 0.71450000 -0.69820000
vn 0.16550000 0.69170000 -0.70300000
vn 0.11320000 0.67440000 -0.72960000
vn -0.07540000 0.69110000 -0.71880000
vn 0.04510000 0.71450000 -0.69820000
vn -0.07540000 0.69110000 -0.71880000
vn -0.14240000 0.69270000 -0.70700000
vn -0.06500000 0.70150000 -0.70970000
vn -0.05010000 0.99870000 -0.00000000
vn -0.18590000 0.97720000 0.10230000
vn -0.26250000 0.96320000 -0.05750000
vn 1.00000000 -0.00000000 -0.00000000
vn -0.39300000 0.91950000 -0.00000000
vn -0.26250000 0.96320000 -0.05750000
vn -0.60170000 0.79490000 -0.07770000
vn -0.56380000 0.82590000 -0.00000000
vn -0.97640000 0.19910000 0.08330000
vn -0.99060000 0.13700000 -0.00000000
vn -0.84290000 0.52220000 -0.12970000
vn -0.88190000 0.47140000 -0.00000000
vn -0.99060000 0.13700000 -0.00000000
vn -0.97490000 -0.22250000 -0.00000000
vn -0.60170000 0.79490000 -0.07770000
vn -0.88190000 0.47140000 -0.00000000
vn -0.72780000 0.68580000 -0.00000000
vn 0.06210000 -0.99810000 -0.00000000
vn -0.14230000 -0.86920000 0.47350000
vn 1.00000000 -0.00000000 -0.00000000
vn 0.01150000 -0.99920000 -0.03830000
vn -0.43370000 -0.90070000 -0.02440000
vn -0.21120000 -0.97740000 -0.00000000
vn -0.14230000 -0.86920000 0.47350000
vn -0.41240000 -0.91070000 0.02330000
vn -0.78180000 -0.62340000 -0.01250000
vn -0.43370000 -0.90070000 -0.02440000
vn -0.77020000 -0.63740000 0.02510000
vn -0.97490000 -0.22250000 -0.00000000
vn -0.97350000 -0.22840000 0.01290000
vn -0.78180000 -0.62340000 -0.01250000
vn -0.70710000 -0.70710000 -0.00000000
vn -0.71230000 -0.70190000 -0.00000000
vn 0.75700000 0.65200000 -0.04290000
vn 0.70960000 0.57890000 -0.40150000
vn 0.76630000 0.60530000 -0.21530000
vn 0.76630000 0.60530000 -0.21530000
vn 0.70690000 0.70730000 -0.00040000
vn 0.79040000 0.61150000 -0.03650000
vn 0.69030000 0.72350000 -0.01110000
vn 0.69570000 0.71830000 -0.00440000
vn -0.72430000 -0.38330000 -0.57310000
vn 0.67950000 0.73140000 0.05830000
vn 0.69030000 0.72350000 -0.01110000
vn 0.68930000 0.72430000 -0.01250000
vn 0.70220000 0.71200000 0.00070000
vn 0.70690000 0.70730000 -0.00040000
vn 0.70220000 0.71200000 0.00070000
vn 0.69570000 0.71830000 -0.00440000
vn 0.61610000 0.78770000 -0.00020000
vn -0.72430000 -0.38330000 -0.57310000
vn 0.67950000 0.73140000 0.05830000
vn 0.59250000 0.79600000 -0.12390000
vn -0.82950000 -0.10940000 -0.54760000
vn 0.61610000 0.78770000 -0.00020000
vn 0.60390000 0.79710000 -0.00080000
vn -0.86130000 -0.21950000 -0.45830000
vn 0.56560000 0.82450000 -0.01870000
vn -0.90220000 -0.14940000 -0.40460000
vn 0.60390000 0.79710000 -0.00080000
vn 0.60750000 0.79420000 0.01300000
vn -0.86130000 -0.21950000 -0.45830000
vn 0.60750000 0.79420000 0.01300000
vn 0.99140000 0.11820000 0.05630000
vn 0.99820000 0.05930000 -0.00000000
vn -0.00110000 -0.98420000 -0.17680000
vn 0.00020000 -0.95490000 -0.29680000
vn -0.09760000 -0.96000000 -0.26240000
vn -0.08990000 -0.99190000 -0.08940000
vn -0.09350000 -0.96300000 -0.25280000
vn -0.00000000 -0.99490000 -0.10040000
vn -0.09700000 -0.91020000 -0.40260000
vn -0.09760000 -0.96000000 -0.26240000
vn 0.00020000 -0.95490000 -0.29680000
vn -0.10290000 -0.90430000 -0.41420000
vn -0.00030000 -0.89230000 -0.45150000
vn -0.10720000 -0.87910000 -0.46440000
vn -0.00030000 -0.89230000 -0.45150000
vn -0.00130000 -0.85360000 -0.52090000
vn -0.09700000 -0.91020000 -0.40260000
vn -0.11380000 -0.56500000 -0.81720000
vn -0.00100000 -0.56260000 -0.82670000
vn -0.12300000 -0.65510000 -0.74550000
vn -0.00320000 -0.45450000 -0.89080000
vn -0.11830000 -0.55620000 -0.82260000
vn -0.11830000 -0.55620000 -0.82260000
vn -0.00070000 -0.53410000 -0.84540000
vn -0.10000000 -0.43170000 -0.89650000
vn -0.00320000 -0.45450000 -0.89080000
vn 0.00010000 -0.32970000 -0.94410000
vn -0.12120000 -0.41090000 -0.90360000
vn -0.00040000 -0.23520000 -0.97200000
vn 0.00010000 -0.32970000 -0.94410000
vn -0.10000000 -0.43170000 -0.89650000
vn -0.11670000 -0.36160000 -0.92500000
vn -0.12300000 -0.65510000 -0.74550000
vn -0.10610000 -0.72460000 -0.68090000
vn -0.00000000 -0.65940000 -0.75180000
vn -0.00100000 -0.56260000 -0.82670000
vn -0.00000000 -0.65940000 -0.75180000
vn -0.11640000 -0.82520000 -0.55270000
vn -0.11410000 -0.82000000 -0.56080000
vn -0.11880000 -0.70880000 -0.69530000
vn -0.00300000 -0.78190000 -0.62340000
vn -0.00000000 -0.84040000 -0.54200000
vn -0.10610000 -0.72460000 -0.68090000
vn -0.00130000 -0.85360000 -0.52090000
vn -0.11640000 -0.82520000 -0.55270000
vn -0.10720000 -0.87910000 -0.46440000
vn -0.00300000 -0.78190000 -0.62340000
vn -0.00180000 -0.10250000 -0.99470000
vn -0.11830000 -0.19320000 -0.97400000
vn -0.08780000 -0.20250000 -0.97530000
vn -0.00040000 -0.23520000 -0.97200000
vn -0.11670000 -0.36160000 -0.92500000
vn -0.44270000 -0.46600000 -0.76610000
vn -0.29260000 -0.34640000 -0.89130000
vn -0.40790000 -0.45640000 -0.79080000
vn -0.33100000 -0.39130000 -0.85870000
vn -0.44030000 -0.46550000 -0.76780000
vn -0.32700000 -0.51180000 -0.79440000
vn -0.25770000 -0.30510000 -0.91680000
vn -0.33530000 -0.47350000 -0.81450000
vn -0.24830000 -0.39740000 -0.88340000
vn -0.29870000 -0.42700000 -0.85350000
vn -0.33530000 -0.47350000 -0.81450000
vn -0.41190000 -0.61820000 -0.66940000
vn -0.45850000 -0.52900000 -0.71410000
vn -0.32700000 -0.51180000 -0.79440000
vn -0.44530000 -0.52730000 -0.72370000
vn -0.08910000 -0.11510000 -0.98930000
vn -0.19360000 -0.32660000 -0.92510000
vn -0.11830000 -0.19320000 -0.97400000
vn -0.25030000 -0.29060000 -0.92350000
vn -0.19850000 -0.24870000 -0.94800000
vn -0.08780000 -0.20250000 -0.97530000
vn -0.24830000 -0.39740000 -0.88340000
vn -0.19850000 -0.24870000 -0.94800000
vn -0.19360000 -0.32660000 -0.92510000
vn -0.25770000 -0.30510000 -0.91680000
vn -0.09760000 -0.96000000 -0.26240000
vn -0.09350000 -0.96300000 -0.25280000
vn -0.10290000 -0.90430000 -0.41420000
vn -0.26820000 -0.91360000 -0.30550000
vn -0.26300000 -0.94830000 -0.17760000
vn -0.26500000 -0.91640000 -0.29990000
vn -0.32700000 -0.51180000 -0.79440000
vn -0.41190000 -0.61820000 -0.66940000
vn -0.39460000 -0.69910000 -0.59620000
vn -0.44010000 -0.61710000 -0.65240000
vn -0.29870000 -0.42700000 -0.85350000
vn -0.28250000 -0.58720000 -0.75860000
vn -0.42400000 -0.62900000 -0.65160000
vn -0.28120000 -0.58810000 -0.75830000
vn -0.57710000 -0.81660000 -0.00960000
vn -0.57450000 -0.81810000 -0.02570000
vn -0.57610000 -0.81740000 -0.00640000
vn -0.11670000 -0.36160000 -0.92500000
vn -0.10000000 -0.43170000 -0.89650000
vn -0.19360000 -0.32660000 -0.92510000
vn -0.11830000 -0.19320000 -0.97400000
vn -0.12120000 -0.41090000 -0.90360000
vn -0.24830000 -0.39740000 -0.88340000
vn -0.29870000 -0.42700000 -0.85350000
vn -0.28120000 -0.58810000 -0.75830000
vn -0.27700000 -0.69550000 -0.66300000
vn -0.26780000 -0.79430000 -0.54540000
vn -0.10610000 -0.72460000 -0.68090000
vn -0.12300000 -0.65510000 -0.74550000
vn -0.11380000 -0.56500000 -0.81720000
vn -0.11880000 -0.70880000 -0.69530000
vn -0.27140000 -0.70050000 -0.66010000
vn -0.27430000 -0.78780000 -0.55140000
vn -0.26640000 -0.86590000 -0.42340000
vn -0.26780000 -0.79430000 -0.54540000
vn -0.11410000 -0.82000000 -0.56080000
vn -0.11880000 -0.70880000 -0.69530000
vn -0.10720000 -0.87910000 -0.46440000
vn -0.09700000 -0.91020000 -0.40260000
vn -0.11640000 -0.82520000 -0.55270000
vn -0.10290000 -0.90430000 -0.41420000
vn -0.11410000 -0.82000000 -0.56080000
vn -0.26640000 -0.86590000 -0.42340000
vn -0.26500000 -0.91640000 -0.29990000
vn -0.27170000 -0.86070000 -0.43060000
vn -0.26300000 -0.94830000 -0.17760000
vn -0.42690000 -0.88280000 -0.19600000
vn -0.26820000 -0.91360000 -0.30550000
vn -0.41440000 -0.89250000 -0.17810000
vn -0.42010000 -0.90220000 -0.09810000
vn -0.26410000 -0.94750000 -0.18000000
vn -0.41440000 -0.89250000 -0.17810000
vn -0.42490000 -0.85790000 -0.28880000
vn -0.53420000 -0.83510000 -0.13120000
vn -0.55580000 -0.82470000 -0.10490000
vn -0.56510000 -0.81110000 -0.15090000
vn -0.56020000 -0.81770000 -0.13280000
vn -0.56670000 -0.82240000 -0.04920000
vn -0.42690000 -0.88280000 -0.19600000
vn -0.56690000 -0.82220000 -0.05130000
vn -0.42690000 -0.88280000 -0.19600000
vn -0.56670000 -0.82240000 -0.04920000
vn -0.42010000 -0.90220000 -0.09810000
vn -0.42750000 -0.89710000 -0.11130000
vn -0.57430000 -0.81840000 -0.02200000
vn -0.56690000 -0.82220000 -0.05130000
vn -0.56670000 -0.82240000 -0.04920000
vn -0.55580000 -0.82470000 -0.10490000
vn -0.56690000 -0.82220000 -0.05130000
vn -0.57430000 -0.81840000 -0.02200000
vn -0.57450000 -0.81810000 -0.02570000
vn -0.53420000 -0.83510000 -0.13120000
vn -0.55390000 -0.80170000 -0.22470000
vn -0.56510000 -0.81110000 -0.15090000
vn -0.56510000 -0.81110000 -0.15090000
vn -0.56020000 -0.81770000 -0.13280000
vn -0.56020000 -0.81770000 -0.13280000
vn -0.55580000 -0.82470000 -0.10490000
vn -0.42490000 -0.85790000 -0.28880000
vn -0.42220000 -0.81970000 -0.38700000
vn -0.55390000 -0.80170000 -0.22470000
vn -0.53420000 -0.83510000 -0.13120000
vn -0.40790000 -0.87170000 -0.27140000
vn -0.56990000 -0.78800000 -0.23290000
vn -0.56630000 -0.79090000 -0.23220000
vn -0.56560000 -0.79140000 -0.23210000
vn -0.51490000 -0.82740000 -0.22440000
vn -0.42050000 -0.76700000 -0.48460000
vn -0.53370000 -0.78270000 -0.32040000
vn -0.51360000 -0.79330000 -0.32700000
vn -0.42220000 -0.81970000 -0.38700000
vn -0.40230000 -0.83510000 -0.37510000
vn -0.48130000 -0.79440000 -0.37060000
vn -0.51490000 -0.82740000 -0.22440000
vn -0.40060000 -0.78020000 -0.48040000
vn -0.42170000 -0.70650000 -0.56830000
vn -0.42050000 -0.76700000 -0.48460000
vn -0.48600000 -0.76310000 -0.42600000
vn -0.48130000 -0.79440000 -0.37060000
vn -0.27700000 -0.69550000 -0.66300000
vn -0.39460000 -0.69910000 -0.59620000
vn -0.40060000 -0.78020000 -0.48040000
vn -0.44490000 -0.68570000 -0.57610000
vn -0.28250000 -0.58720000 -0.75860000
vn -0.27140000 -0.70050000 -0.66010000
vn -0.42170000 -0.70650000 -0.56830000
vn -0.26110000 -0.96360000 -0.05790000
vn -0.19750000 -0.97800000 -0.06770000
vn -0.09350000 -0.96300000 -0.25280000
vn -0.26410000 -0.94750000 -0.18000000
vn -0.26300000 -0.94830000 -0.17760000
vn -0.08780000 -0.99260000 -0.08360000
vn -0.28350000 -0.95890000 0.01060000
vn -0.08990000 -0.99190000 -0.08940000
vn -0.42210000 -0.90650000 0.00410000
vn -0.26110000 -0.96360000 -0.05790000
vn -0.42750000 -0.89710000 -0.11130000
vn -0.40390000 -0.91420000 -0.03370000
vn -0.26410000 -0.94750000 -0.18000000
vn -0.42010000 -0.90220000 -0.09810000
vn -0.57450000 -0.81810000 -0.02570000
vn -0.42750000 -0.89710000 -0.11130000
vn -0.57430000 -0.81840000 -0.02200000
vn -0.42210000 -0.90650000 0.00410000
vn -0.48300000 -0.87530000 -0.02460000
vn -0.57610000 -0.81740000 -0.00640000
vn -0.40230000 -0.83510000 -0.37510000
vn -0.26780000 -0.79430000 -0.54540000
vn -0.27430000 -0.78780000 -0.55140000
vn -0.40060000 -0.78020000 -0.48040000
vn -0.42050000 -0.76700000 -0.48460000
vn -0.27700000 -0.69550000 -0.66300000
vn -0.42220000 -0.81970000 -0.38700000
vn -0.40790000 -0.87170000 -0.27140000
vn -0.40230000 -0.83510000 -0.37510000
vn -0.27170000 -0.86070000 -0.43060000
vn -0.26640000 -0.86590000 -0.42340000
vn -0.27430000 -0.78780000 -0.55140000
vn -0.42490000 -0.85790000 -0.28880000
vn -0.26820000 -0.91360000 -0.30550000
vn -0.27170000 -0.86070000 -0.43060000
vn -0.41440000 -0.89250000 -0.17810000
vn -0.26500000 -0.91640000 -0.29990000
vn -0.40790000 -0.87170000 -0.27140000
vn -0.11380000 -0.56500000 -0.81720000
vn -0.28120000 -0.58810000 -0.75830000
vn -0.11830000 -0.55620000 -0.82260000
vn -0.27140000 -0.70050000 -0.66010000
vn -0.28250000 -0.58720000 -0.75860000
vn -0.12120000 -0.41090000 -0.90360000
f 25//25 28//28 29//29
f 29//29 28//28 24//24
f 31//31 36//36 40//40
f 40//40 36//36 28//28
f 40//40 28//28 41//41
f 41//41 28//28 25//25
f 28//28 58//58 24//24
f 24//24 58//58 59//59
f 77//77 84//84 90//90
f 90//90 84//84 94//94
f 89//89 91//91 96//96
f 96//96 91//91 102//102
f 95//95 103//103 104//104
f 104//104 103//103 109//109
f 106//106 113//113 115//115
f 115//115 113//113 120//120
f 117//117 118//118 123//123
f 123//123 118//118 130//130
f 124//124 131//131 135//135
f 135//135 131//131 137//137
f 97//97 108//108 139//139
f 154//154 157//157 163//163
f 155//155 171//171 161//161
f 159//159 167//167 176//176
f 165//165 175//175 185//185
f 188//188 194//194 195//195
f 197//197 193//193 201//201
f 196//196 202//202 206//206
f 212//212 216//216 218//218
f 219//219 217//217 225//225
f 220//220 224//224 229//229
f 230//230 232//232 238//238
f 239//239 233//233 243//243
f 240//240 244//244 214//214
f 213//213 245//245 246//246
f 208//208 247//247 215//215
f 251//251 253//253 256//256
f 261//261 254//254 264//264
f 260//260 265//265 270//270
f 267//267 263//263 272//272
f 266//266 273//273 278//278
f 280//280 274//274 281//281
f 279//279 282//282 237//237
f 236//236 283//283 285//285
f 235//235 284//284 231//231
f 292//292 298//298 302//302
f 301//301 294//294 305//305
f 299//299 306//306 311//311
f 312//312 307//307 316//316
f 313//313 317//317 324//324
f 326//326 320//320 329//329
f 177//177 334//334 182//182
f 184//184 336//336 340//340
f 181//181 338//338 346//346
f 349//349 341//341 353//353
f 348//348 352//352 288//288
f 290//290 354//354 355//355
f 286//286 358//358 296//296
f 99//99 322//322 88//88
f 87//87 327//327 330//330
f 86//86 332//332 80//80
f 98//98 140//140 323//323
f 325//325 142//142 362//362
f 321//321 363//363 310//310
f 314//314 364//364 369//369
f 315//315 365//365 303//303
f 304//304 366//366 376//376
f 300//300 374//374 287//287
f 289//289 373//373 381//381
f 291//291 378//378 344//344
f 345//345 377//377 386//386
f 347//347 387//387 183//183
f 186//186 388//388 204//204
f 180//180 205//205 164//164
f 162//162 200//200 191//191
f 160//160 192//192 146//146
f 134//134 249//249 125//125
f 126//126 250//250 255//255
f 127//127 262//262 116//116
f 114//114 257//257 107//107
f 105//105 258//258 143//143
f 141//141 259//259 268//268
f 144//144 269//269 359//359
f 361//361 271//271 277//277
f 360//360 275//275 367//367
f 368//368 276//276 241//241
f 370//370 242//242 375//375
f 371//371 234//234 211//211
f 372//372 209//209 380//380
f 382//382 210//210 223//223
f 379//379 221//221 384//384
f 385//385 222//222 226//226
f 383//383 227//227 198//198
f 203//203 228//228 389//389
f 199//199 390//390 207//207
f 420//420 422//422 79//79
f 79//79 422//422 82//82
f 436//436 56//56 435//435
f 435//435 56//56 26//26
f 435//435 26//26 427//427
f 166//166 462//462 441//441
f 441//441 462//462 464//464
f 464//464 465//465 441//441
f 441//441 465//465 466//466
f 441//441 466//466 438//438
f 438//438 466//466 467//467
f 438//438 467//467 468//468
f 470//470 471//471 475//475
f 475//475 471//471 476//476
f 492//492 494//494 504//504
f 495//495 493//493 506//506
f 495//495 506//506 511//511
f 516//516 517//517 519//519
f 522//522 523//523 525//525
f 528//528 524//524 529//529
f 528//528 529//529 530//530
f 517//517 516//516 533//533
f 515//515 516//516 512//512
f 512//512 516//516 519//519
f 535//535 536//536 528//528
f 528//528 536//536 537//537
f 528//528 537//537 521//521
f 528//528 538//538 533//533
f 533//533 538//538 542//542
f 535//535 528//528 514//514
f 514//514 528//528 533//533
f 514//514 533//533 513//513
f 513//513 533//533 516//516
f 545//545 548//548 550//550
f 530//530 529//529 553//553
f 553//553 529//529 520//520
f 550//550 554//554 545//545
f 545//545 554//554 533//533
f 545//545 533//533 559//559
f 559//559 533//533 542//542
f 559//559 542//542 561//561
f 564//564 567//567 569//569
f 569//569 567//567 575//575
f 569//569 575//575 579//579
f 579//579 575//575 584//584
f 579//579 584//584 585//585
f 585//585 584//584 590//590
f 585//585 590//590 595//595
f 595//595 590//590 598//598
f 596//596 602//602 604//604
f 603//603 598//598 608//608
f 612//612 618//618 621//621
f 609//609 607//607 625//625
f 621//621 618//618 628//628
f 632//632 636//636 641//641
f 641//641 636//636 643//643
f 641//641 643//643 648//648
f 652//652 660//660 666//666
f 618//618 671//671 628//628
f 628//628 671//671 674//674
f 628//628 674//674 675//675
f 675//675 674//674 609//609
f 675//675 609//609 681//681
f 681//681 609//609 625//625
f 681//681 625//625 684//684
f 688//688 690//690 700//700
f 612//612 621//621 641//641
f 641//641 621//621 703//703
f 641//641 703//703 632//632
f 666//666 705//705 652//652
f 652//652 705//705 684//684
f 652//652 684//684 711//711
f 711//711 684//684 625//625
f 688//688 700//700 713//713
f 713//713 700//700 716//716
f 713//713 716//716 722//722
f 722//722 716//716 726//726
f 722//722 726//726 727//727
f 727//727 726//726 732//732
f 727//727 732//732 739//739
f 739//739 732//732 744//744
f 739//739 744//744 747//747
f 747//747 744//744 750//750
f 747//747 750//750 755//755
f 755//755 750//750 760//760
f 755//755 760//760 763//763
f 763//763 760//760 766//766
f 763//763 766//766 648//648
f 648//648 766//766 773//773
f 648//648 773//773 641//641
f 690//690 688//688 780//780
f 780//780 688//688 782//782
f 780//780 782//782 784//784
f 784//784 782//782 790//790
f 784//784 790//790 792//792
f 792//792 790//790 798//798
f 792//792 798//798 652//652
f 652//652 798//798 801//801
f 652//652 801//801 660//660
f 619//619 611//611 802//802
f 802//802 611//611 808//808
f 802//802 808//808 815//815
f 815//815 808//808 818//818
f 819//819 831//831 814//814
f 811//811 827//827 833//833
f 813//813 832//832 823//823
f 836//836 841//841 847//847
f 845//845 849//849 839//839
f 846//846 842//842 853//853
f 846//846 853//853 854//854
f 854//854 853//853 856//856
f 854//854 856//856 858//858
f 860//860 859//859 855//855
f 861//861 864//864 867//867
f 867//867 864//864 872//872
f 477//477 473//473 875//875
f 875//875 473//473 878//878
f 880//880 883//883 886//886
f 875//875 889//889 872//872
f 891//891 895//895 897//897
f 899//899 905//905 909//909
f 909//909 905//905 917//917
f 909//909 917//917 920//920
f 920//920 917//917 875//875
f 920//920 875//875 925//925
f 925//925 875//875 872//872
f 925//925 872//872 928//928
f 928//928 872//872 864//864
f 899//899 931//931 905//905
f 905//905 931//931 936//936
f 905//905 936//936 941//941
f 878//878 860//860 875//875
f 875//875 860//860 855//855
f 875//875 855//855 889//889
f 889//889 855//855 943//943
f 889//889 943//943 948//948
f 953//953 956//956 957//957
f 895//895 880//880 897//897
f 897//897 880//880 886//886
f 897//897 886//886 960//960
f 960//960 886//886 864//864
f 960//960 864//864 965//965
f 965//965 864//864 861//861
f 948//948 943//943 968//968
f 968//968 943//943 973//973
f 968//968 973//973 974//974
f 974//974 973//973 979//979
f 974//974 979//979 984//984
f 891//891 897//897 957//957
f 957//957 897//897 987//987
f 957//957 987//987 953//953
f 936//936 993//993 941//941
f 941//941 993//993 996//996
f 941//941 996//996 997//997
f 997//997 996//996 1005//1005
f 997//997 1005//1005 1006//1006
f 1006//1006 1005//1005 1013//1013
f 1006//1006 1013//1013 1016//1016
f 1016//1016 1013//1013 1021//1021
f 1016//1016 1021//1021 1025//1025
f 1025//1025 1021//1021 1031//1031
f 1025//1025 1031//1031 1035//1035
f 1031//1031 1041//1041 1035//1035
f 1035//1035 1041//1041 1045//1045
f 1035//1035 1045//1045 1046//1046
f 1046//1046 1045//1045 1052//1052
f 1046//1046 1052//1052 1055//1055
f 1055//1055 1052//1052 1062//1062
f 1055//1055 1062//1062 984//984
f 984//984 1062//1062 1065//1065
f 984//984 1065//1065 974//974
f 1068//1068 1070//1070 1075//1075
f 1075//1075 1070//1070 1076//1076
f 1085//1085 1088//1088 1091//1091
f 1089//1089 1093//1093 1094//1094
f 1090//1090 1097//1097 1083//1083
f 1083//1083 1097//1097 1068//1068
f 1083//1083 1068//1068 1100//1100
f 62//62 1102//1102 1080//1080
f 61//61 1082//1082 64//64
f 65//65 1081//1081 1078//1078
f 63//63 1077//1077 45//45
f 46//46 1079//1079 1072//1072
f 1092//1092 1104//1104 1098//1098
f 1103//1103 55//55 1095//1095
f 1096//1096 54//54 51//51
f 1099//1099 53//53 1067//1067
f 1069//1069 52//52 50//50
f 1073//1073 49//49 48//48
f 1071//1071 47//47 44//44
f 437//437 60//60 57//57
f 1115//1115 702//702 622//622
f 1118//1118 1114//1114 1123//1123
f 1126//1126 1116//1116 624//624
f 1121//1121 623//623 1129//1129
f 1129//1129 623//623 629//629
f 1127//1127 630//630 1137//1137
f 1137//1137 630//630 676//676
f 1120//1120 1140//1140 1113//1113
f 1113//1113 1140//1140 1142//1142
f 1113//1113 1142//1142 701//701
f 701//701 1142//1142 631//631
f 1144//1144 1138//1138 1146//1146
f 1151//1151 1153//1153 1157//1157
f 1157//1157 1153//1153 1160//1160
f 1151//1151 1157//1157 1163//1163
f 1163//1163 1157//1157 1165//1165
f 1163//1163 1165//1165 1170//1170
f 1170//1170 1165//1165 1171//1171
f 1170//1170 1171//1171 1175//1175
f 1175//1175 1171//1171 1178//1178
f 1175//1175 1178//1178 1184//1184
f 1187//1187 1191//1191 1193//1193
f 1193//1193 1191//1191 1144//1144
f 1193//1193 1144//1144 1197//1197
f 1197//1197 1144//1144 1146//1146
f 1197//1197 1146//1146 1199//1199
f 1199//1199 1146//1146 1203//1203
f 1199//1199 1203//1203 1207//1207
f 1207//1207 1203//1203 1208//1208
f 1207//1207 1208//1208 1211//1211
f 1211//1211 1208//1208 1160//1160
f 1211//1211 1160//1160 1215//1215
f 1215//1215 1160//1160 1153//1153
f 1220//1220 1221//1221 1226//1226
f 1184//1184 1228//1228 1175//1175
f 1175//1175 1228//1228 1220//1220
f 1175//1175 1220//1220 1233//1233
f 1233//1233 1220//1220 1226//1226
f 683//683 706//706 1236//1236
f 1239//1239 707//707 1242//1242
f 1238//1238 1243//1243 1249//1249
f 1134//1134 677//677 1253//1253
f 1253//1253 677//677 680//680
f 1252//1252 678//678 1258//1258
f 1257//1257 679//679 685//685
f 1256//1256 686//686 1263//1263
f 1264//1264 682//682 1237//1237
f 1266//1266 491//491 505//505
f 578//578 568//568 1327//1327
f 1327//1327 568//568 1266//1266
f 1327//1327 1266//1266 1320//1320
f 1320//1320 1266//1266 505//505
f 1330//1330 463//463 172//172
f 190//190 187//187 397//397
f 1331//1331 1333//1333 145//145
f 189//189 395//395 148//148
f 147//147 396//396 1335//1335
f 149//149 1336//1336 1332//1332
f 1334//1334 1337//1337 153//153
f 151//151 1338//1338 1340//1340
f 150//150 1339//1339 1344//1344
f 1329//1329 169//169 1345//1345
f 1346//1346 173//173 1342//1342
f 1341//1341 170//170 156//156
f 1343//1343 158//158 152//152
f 1280//1280 981//981 1283//1283
f 1284//1284 978//978 970//970
f 1282//1282 972//972 1272//1272
f 1273//1273 971//971 1276//1276
f 1275//1275 969//969 947//947
f 1274//1274 944//944 1268//1268
f 848//848 1110//1110 835//835
f 838//838 1111//1111 1107//1107
f 837//837 1109//1109 843//843
f 844//844 1108//1108 1270//1270
f 840//840 1269//1269 852//852
f 850//850 1271//1271 946//946
f 851//851 945//945 857//857
f 168//168 439//439 174//174
f 179//179 440//440 443//443
f 178//178 444//444 337//337
f 335//335 442//442 339//339
f 343//343 445//445 449//449
f 342//342 450//450 350//350
f 319//319 309//309 453//453
f 452//452 308//308 295//295
f 451//451 297//297 448//448
f 447//447 293//293 356//356
f 446//446 357//357 351//351
f 318//318 454//454 328//328
f 333//333 455//455 419//419
f 331//331 418//418 78//78
f 881//881 1364//1364 884//884
f 882//882 1365//1365 1367//1367
f 882//882 1367//1367 885//885
f 959//959 1372//1372 892//892
f 892//892 1372//1372 1374//1374
f 893//893 1373//1373 894//894
f 894//894 1373//1373 1378//1378
f 896//896 1377//1377 879//879
f 879//879 1377//1377 1381//1381
f 881//881 1380//1380 1364//1364
f 1382//1382 1385//1385 1387//1387
f 1387//1387 1385//1385 1390//1390
f 1387//1387 1390//1390 1393//1393
f 1397//1397 1403//1403 1406//1406
f 1406//1406 1403//1403 1407//1407
f 1410//1410 1415//1415 1418//1418
f 1418//1418 1415//1415 1369//1369
f 1418//1418 1369//1369 1422//1422
f 1422//1422 1369//1369 1428//1428
f 1429//1429 1371//1371 1432//1432
f 1432//1432 1371//1371 1437//1437
f 1432//1432 1437//1437 1438//1438
f 1438//1438 1437//1437 1393//1393
f 1438//1438 1393//1393 1443//1443
f 1443//1443 1393//1393 1390//1390
f 1445//1445 1448//1448 1451//1451
f 1451//1451 1448//1448 1453//1453
f 1456//1456 1461//1461 1463//1463
f 1463//1463 1461//1461 1385//1385
f 1463//1463 1385//1385 1453//1453
f 1453//1453 1385//1385 1382//1382
f 1453//1453 1382//1382 1451//1451
f 1407//1407 1428//1428 1406//1406
f 1406//1406 1428//1428 1369//1369
f 1406//1406 1369//1369 1465//1465
f 1465//1465 1369//1369 1366//1366
f 1465//1465 1366//1366 1468//1468
f 1468//1468 1366//1366 1379//1379
f 1468//1468 1379//1379 1471//1471
f 1471//1471 1379//1379 1376//1376
f 1471//1471 1376//1376 1475//1475
f 1475//1475 1376//1376 1375//1375
f 1475//1475 1375//1375 1478//1478
f 1478//1478 1375//1375 1371//1371
f 1478//1478 1371//1371 1482//1482
f 1482//1482 1371//1371 1429//1429
f 1431//1431 1043//1043 1481//1481
f 1481//1481 1043//1043 1042//1042
f 1480//1480 1040//1040 1479//1479
f 1479//1479 1040//1040 1032//1032
f 1477//1477 1030//1030 1474//1474
f 1474//1474 1030//1030 1022//1022
f 1476//1476 1023//1023 1473//1473
f 1473//1473 1023//1023 1014//1014
f 1472//1472 1012//1012 1469//1469
f 1469//1469 1012//1012 1004//1004
f 1470//1470 1003//1003 1467//1467
f 1467//1467 1003//1003 995//995
f 1466//1466 994//994 1404//1404
f 1404//1404 994//994 990//990
f 1405//1405 992//992 1396//1396
f 1399//1399 991//991 934//934
f 1398//1398 933//933 1402//1402
f 1400//1400 935//935 932//932
f 1401//1401 930//930 1409//1409
f 1409//1409 930//930 902//902
f 1408//1408 901//901 1425//1425
f 1424//1424 900//900 910//910
f 1421//1421 1426//1426 918//918
f 922//922 1427//1427 911//911
f 1423//1423 919//919 1419//1419
f 1420//1420 921//921 924//924
f 1417//1417 926//926 1412//1412
f 1413//1413 923//923 927//927
f 1411//1411 929//929 1414//1414
f 1414//1414 929//929 866//866
f 1416//1416 865//865 1368//1368
f 1368//1368 865//865 887//887
f 1370//1370 958//958 955//955
f 1370//1370 955//955 1436//1436
f 1435//1435 954//954 952//952
f 1435//1435 952//952 1394//1394
f 1395//1395 951//951 988//988
f 1395//1395 988//988 1388//1388
f 1389//1389 989//989 898//898
f 1389//1389 898//898 1383//1383
f 1383//1383 898//898 1452//1452
f 1452//1452 898//898 961//961
f 1450//1450 962//962 1444//1444
f 1444//1444 962//962 963//963
f 1446//1446 964//964 1447//1447
f 1447//1447 964//964 863//863
f 1449//1449 862//862 1454//1454
f 1454//1454 862//862 869//869
f 1464//1464 1455//1455 871//871
f 871//871 1455//1455 868//868
f 1462//1462 870//870 1457//1457
f 1457//1457 870//870 888//888
f 1458//1458 890//890 1460//1460
f 1460//1460 890//890 949//949
f 1459//1459 950//950 1384//1384
f 1384//1384 950//950 966//966
f 1386//1386 967//967 1391//1391
f 1391//1391 967//967 976//976
f 1392//1392 975//975 1442//1442
f 1442//1442 975//975 1064//1064
f 1441//1441 1066//1066 1439//1439
f 1439//1439 1066//1066 1063//1063
f 1440//1440 1061//1061 1433//1433
f 1433//1433 1061//1061 1053//1053
f 1434//1434 1054//1054 1430//1430
f 1430//1430 1054//1054 1044//1044
f 1195//1195 646//646 1188//1188
f 1188//1188 646//646 645//645
f 1189//1189 644//644 1192//1192
f 1192//1192 644//644 634//634
f 1190//1190 635//635 1143//1143
f 1143//1143 635//635 633//633
f 1234//1234 791//791 1177//1177
f 1177//1177 791//791 781//781
f 1176//1176 783//783 1168//1168
f 1168//1168 783//783 687//687
f 1169//1169 689//689 1162//1162
f 1162//1162 689//689 712//712
f 1164//1164 714//714 1152//1152
f 1152//1152 714//714 720//720
f 1150//1150 721//721 1154//1154
f 1154//1154 721//721 731//731
f 647//647 1194//1194 762//762
f 762//762 1194//1194 1196//1196
f 761//761 1198//1198 753//753
f 753//753 1198//1198 1201//1201
f 754//754 1200//1200 745//745
f 745//745 1200//1200 1206//1206
f 746//746 1205//1205 738//738
f 738//738 1205//1205 1214//1214
f 737//737 1212//1212 728//728
f 730//730 1213//1213 1217//1217
f 729//729 1216//1216 1155//1155
f 510//510 1313//1313 497//497
f 498//498 1314//1314 1310//1310
f 1311//1311 1309//1309 496//496
f 501//501 1308//1308 1325//1325
f 502//502 1326//1326 1323//1323
f 1324//1324 1321//1321 503//503
f 500//500 1322//1322 1317//1317
f 499//499 1318//1318 1319//1319
f 1487//1487 1491//1491 486//486
f 483//483 1490//1490 1501//1501
f 1496//1496 1505//1505 489//489
f 488//488 1504//1504 1507//1507
f 485//485 1506//1506 508//508
f 507//507 1508//1508 1315//1315
f 509//509 1316//1316 1312//1312
f 480//480 478//478 874//874
f 876//876 1510//1510 481//481
f 479//479 1512//1512 1513//1513
f 482//482 1517//1517 484//484
f 487//487 1516//1516 1521//1521
f 490//490 1518//1518 1486//1486
f 1218//1218 663//663 1224//1224
f 1223//1223 662//662 799//799
f 1222//1222 800//800 1225//1225
f 1225//1225 800//800 796//796
f 1227//1227 797//797 1232//1232
f 1232//1232 797//797 789//789
f 1522//1522 1524//1524 938//938
f 1523//1523 939//939 1528//1528
f 1527//1527 942//942 1001//1001
f 1526//1526 1002//1002 1530//1530
f 980//980 1281//1281 1277//1277
f 977//977 1279//1279 985//985
f 1290//1290 1059//1059 1289//1289
f 1287//1287 1058//1058 982//982
f 1288//1288 983//983 1285//1285
f 1286//1286 986//986 1278//1278
f 1303//1303 1048//1048 1295//1295
f 1296//1296 1047//1047 1060//1060
f 1294//1294 1057//1057 1292//1292
f 1293//1293 1056//1056 1291//1291
f 1302//1302 1301//1301 1050//1050
f 1049//1049 1300//1300 1297//1297
f 1051//1051 1298//1298 1039//1039
f 1036//1036 1299//1299 1305//1305
f 1034//1034 1304//1304 1306//1306
f 1531//1531 1028//1028 1534//1534
f 1533//1533 1026//1026 1037//1037
f 1535//1535 1038//1038 1536//1536
f 1537//1537 1033//1033 1307//1307
f 1538//1538 1019//1019 1542//1542
f 1541//1541 1018//1018 1027//1027
f 1540//1540 1024//1024 1543//1543
f 1544//1544 1029//1029 1532//1532
f 1546//1546 1011//1011 1547//1547
f 1548//1548 1010//1010 1015//1015
f 1549//1549 1020//1020 1550//1550
f 1551//1551 1017//1017 1539//1539
f 1545//1545 1552//1552 1008//1008
f 1007//1007 1553//1553 1554//1554
f 1009//1009 1556//1556 1000//1000
f 999//999 1555//1555 1557//1557
f 998//998 1558//1558 1529//1529
f 1519//1519 1514//1514 915//915
f 916//916 1515//1515 1511//1511
f 913//913 1509//1509 873//873
f 1503//1503 1497//1497 1560//1560
f 1559//1559 1502//1502 1562//1562
f 1564//1564 1566//1566 1489//1489
f 1488//1488 1565//1565 1567//1567
f 1494//1494 1568//1568 1499//1499
f 1498//1498 1569//1569 1570//1570
f 1500//1500 1571//1571 1561//1561
f 1520//1520 914//914 1485//1485
f 1484//1484 912//912 906//906
f 1483//1483 904//904 1493//1493
f 1563//1563 1492//1492 1574//1574
f 1573//1573 1495//1495 903//903
f 1572//1572 908//908 1575//1575
f 1577//1577 907//907 940//940
f 1576//1576 937//937 1525//1525
f 581//581 1354//1354 592//592
f 591//591 1355//1355 1353//1353
f 1352//1352 1349//1349 593//593
f 586//586 1351//1351 1578//1578
f 588//588 1579//1579 1587//1587
f 573//573 1328//1328 1589//1589
f 1588//1588 1590//1590 574//574
f 576//576 1591//1591 1592//1592
f 570//570 1593//1593 1594//1594
f 1595//1595 1596//1596 577//577
f 571//571 1597//1597 1599//1599
f 572//572 1598//1598 583//583
f 580//580 1600//1600 1602//1602
f 582//582 1601//1601 1356//1356
f 627//627 606//606 1604//1604
f 1607//1607 605//605 600//600
f 1586//1586 1608//1608 589//589
f 594//594 1609//1609 1614//1614
f 587//587 1616//1616 599//599
f 597//597 1613//1613 1619//1619
f 601//601 1617//1617 1603//1603
f 1622//1622 735//735 1626//1626
f 1624//1624 733//733 724//724
f 1625//1625 725//725 1628//1628
f 1629//1629 723//723 718//718
f 1627//1627 715//715 1630//1630
f 1631//1631 717//717 1632//1632
f 1633//1633 719//719 696//696
f 1634//1634 695//695 1635//1635
f 692//692 1637//1637 699//699
f 698//698 1639//1639 1641//1641
f 697//697 1640//1640 1636//1636
f 1642//1642 1645//1645 779//779
f 778//778 1644//1644 1648//1648
f 775//775 1646//1646 693//693
f 694//694 1647//1647 1649//1649
f 691//691 1650//1650 1638//1638
f 1643//1643 776//776 1653//1653
f 1651//1651 777//777 787//787
f 1652//1652 786//786 1655//1655
f 1654//1654 785//785 1657//1657
f 1658//1658 788//788 793//793
f 1656//1656 794//794 1659//1659
f 1660//1660 795//795 649//649
f 1661//1661 654//654 1362//1362
f 1611//1611 1585//1585 651//651
f 653//653 1584//1584 1581//1581
f 1350//1350 1347//1347 1580//1580
f 1582//1582 1348//1348 1357//1357
f 1583//1583 1359//1359 655//655
f 656//656 1358//1358 1361//1361
f 650//650 1360//1360 1363//1363
f 626//626 1606//1606 710//710
f 708//708 1605//1605 1618//1618
f 709//709 1621//1621 658//658
f 657//657 1620//1620 1612//1612
f 659//659 1615//1615 1610//1610
f 734//734 1623//1623 1663//1663
f 736//736 1664//1664 742//742
f 757//757 1666//1666 768//768
f 764//764 1667//1667 1668//1668
f 765//765 1669//1669 1671//1671
f 1662//1662 1673//1673 741//741
f 743//743 1672//1672 1674//1674
f 740//740 1676//1676 749//749
f 1675//1675 1678//1678 748//748
f 752//752 1677//1677 1681//1681
f 751//751 1679//1679 756//756
f 759//759 1680//1680 1683//1683
f 758//758 1682//1682 1665//1665
f 807//807 610//610 639//639
f 834//834 829//829 1685//1685
f 1684//1684 826//826 1686//1686
f 806//806 637//637 821//821
f 1687//1687 830//830 1689//1689
f 1690//1690 828//828 822//822
f 1688//1688 817//817 1691//1691
f 1693//1693 820//820 640//640
f 1692//1692 638//638 1695//1695
f 1696//1696 642//642 770//770
f 1694//1694 774//774 1698//1698
f 1697//1697 772//772 1699//1699
f 1701//1701 771//771 769//769
f 1700//1700 767//767 1670//1670
f 1229//1229 664//664 1219//1219
f 1219//1219 664//664 661//661
f 1267//1267 566//566 1265//1265
f 1265//1265 566//566 565//565
f 704//704 665//665 1241//1241
f 1245//1245 667//667 1231//1231
f 1244//1244 1230//1230 1247//1247
f 1246//1246 1231//1231 1185//1185
f 526//526 1702//1702 1179//1179
f 1181//1181 1703//1703 1183//1183
f 1186//1186 1704//1704 1707//1707
f 1182//1182 1706//1706 1248//1248
f 1159//1159 544//544 1156//1156
f 1156//1156 544//544 558//558
f 1158//1158 557//557 1167//1167
f 1167//1167 557//557 560//560
f 1166//1166 562//562 1172//1172
f 1173//1173 563//563 541//541
f 1174//1174 543//543 1180//1180
f 1180//1180 543//543 539//539
f 1179//1179 540//540 526//526
f 1711//1711 1714//1714 1136//1136
f 1135//1135 1251//1251 1710//1710
f 1712//1712 1250//1250 1259//1259
f 1713//1713 1255//1255 1717//1717
f 1718//1718 1254//1254 1261//1261
f 1716//1716 1260//1260 1708//1708
f 1709//1709 1262//1262 1240//1240
f 1706//1706 1235//1235 1248//1248
f 1719//1719 534//534 556//556
f 1145//1145 1141//1141 1722//1722
f 546//546 1161//1161 549//549
f 549//549 1161//1161 1210//1210
f 547//547 1209//1209 551//551
f 551//551 1209//1209 1202//1202
f 552//552 1204//1204 555//555
f 555//555 1204//1204 1148//1148
f 556//556 1147//1147 1719//1719
f 1720//1720 1149//1149 1725//1725
f 1139//1139 1117//1117 1724//1724
f 1726//1726 1119//1119 1124//1124
f 1723//1723 1122//1122 1728//1728
f 1729//1729 1125//1125 1131//1131
f 1727//1727 1128//1128 1732//1732
f 1731//1731 1130//1130 1133//1133
f 1730//1730 1132//1132 1715//1715
f 1106//1106 518//518 1721//1721
f 1721//1721 518//518 532//532
f 30//30 1105//1105 43//43
f 43//43 1105//1105 1733//1733
f 1734//1734 23//23 42//42
f 1705//1705 527//527 1101//1101
f 1101//1101 527//527 531//531
f 76//76 1743//1743 1752//1752
f 1112//1112 1755//1755 67//67
f 69//69 1758//1758 1763//1763
f 68//68 1760//1760 66//66
f 668//668 1074//1074 673//673
f 1749//1749 1747//1747 614//614
f 615//615 1748//1748 1739//1739
f 613//613 1740//1740 670//670
f 672//672 1738//1738 1737//1737
f 669//669 1736//1736 1086//1086
f 1084//1084 1735//1735 1087//1087
f 825//825 1764//1764 1762//1762
f 824//824 1759//1759 816//816
f 1761//1761 1757//1757 810//810
f 809//809 1756//1756 1751//1751
f 812//812 1754//1754 804//804
f 803//803 1753//1753 1744//1744
f 805//805 1746//1746 620//620
f 616//616 1745//1745 1741//1741
f 617//617 1742//1742 1750//1750
f 1765//1765 877//877 474//474
f 1766//1766 472//472 469//469
f 81//81 421//421 1772//1772
f 1767//1767 423//423 459//459
f 1768//1768 460//460 1775//1775
f 1777//1777 458//458 1779//1779
f 1785//1785 432//432 1790//1790
f 1788//1788 434//434 425//425
f 1791//1791 428//428 1794//1794
f 1783//1783 1800//1800 433//433
f 430//430 1799//1799 1801//1801
f 431//431 1806//1806 457//457
f 456//456 1805//1805 1811//1811
f 461//461 1808//1808 1780//1780
f 27//27 33//33 426//426
f 424//424 39//39 1812//1812
f 429//429 1815//1815 1793//1793
f 405//405 402//402 1818//1818
f 1820//1820 403//403 401//401
f 1819//1819 400//400 417//417
f 416//416 415//415 1821//1821
f 1817//1817 414//414 411//411
f 1824//1824 413//413 1827//1827
f 1829//1829 412//412 7//7
f 1831//1831 6//6 8//8
f 32//32 399//399 34//34
f 35//35 398//398 408//408
f 37//37 409//409 1832//1832
f 1835//1835 410//410 406//406
f 1836//1836 404//404 1839//1839
f 1841//1841 407//407 1823//1823
f 1769//1769 1774//1774 1842//1842
f 1822//1822 1830//1830 1848//1848
f 1856//1856 138//138 128//128
f 1840//1840 1861//1861 1833//1833
f 1834//1834 1862//1862 1813//1813
f 1837//1837 1814//1814 38//38
f 1872//1872 1878//1878 1804//1804
f 1803//1803 1877//1877 1883//1883
f 1802//1802 1881//1881 1809//1809
f 1844//1844 1776//1776 1882//1882
f 1880//1880 1773//1773 1781//1781
f 1879//1879 1778//1778 1810//1810
f 1888//1888 1900//1900 1902//1902
f 1903//1903 1899//1899 1908//1908
f 1901//1901 1907//1907 1910//1910
f 1915//1915 1916//1916 1897//1897
f 1898//1898 1917//1917 1918//1918
f 1896//1896 1919//1919 1909//1909
f 1928//1928 1935//1935 3//3
f 1//1 75//75 1927//1927
f 1926//1926 74//74 73//73
f 1925//1925 72//72 70//70
f 22//22 19//19 1939//1939
f 1939//1939 19//19 18//18
f 1940//1940 16//16 1934//1934
f 1931//1931 17//17 4//4
f 1930//1930 5//5 2//2
f 1942//1942 1850//1850 15//15
f 1828//1828 9//9 1849//1849
f 1851//1851 10//10 11//11
f 1854//1854 12//12 14//14
f 1951//1951 1892//1892 1960//1960
f 1961//1961 1891//1891 1904//1904
f 1958//1958 1905//1905 1963//1963
f 1964//1964 1906//1906 1911//1911
f 1962//1962 1912//1912 1857//1857
f 13//13 20//20 1944//1944
f 1947//1947 21//21 1937//1937
f 1943//1943 1936//1936 1971//1971
f 1972//1972 1938//1938 1929//1929
f 1968//1968 1933//1933 1976//1976
f 1974//1974 1932//1932 1921//1921
f 1975//1975 1924//1924 1985//1985
f 1858//1858 132//132 1967//1967
f 1966//1966 129//129 121//121
f 1965//1965 122//122 1956//1956
f 1959//1959 119//119 112//112
f 1957//1957 111//111 1948//1948
f 1838//1838 1825//1825 1864//1864
f 1865//1865 1826//1826 1852//1852
f 1866//1866 1855//1855 1987//1987
f 1990//1990 1853//1853 1945//1945
f 1989//1989 1946//1946 1873//1873
f 1867//1867 1941//1941 1973//1973
f 1868//1868 1969//1969 1876//1876
f 1874//1874 1970//1970 1979//1979
f 1875//1875 1978//1978 1884//1884
f 1886//1886 1977//1977 1982//1982
f 1885//1885 1984//1984 1847//1847
f 110//110 101//101 1954//1954
f 1949//1949 100//100 92//92
f 1953//1953 93//93 83//83
f 85//85 1770//1770 1955//1955
f 1950//1950 1771//1771 1843//1843
f 1952//1952 1846//1846 1887//1887
f 1889//1889 1845//1845 1981//1981
f 1890//1890 1983//1983 1893//1893
f 1894//1894 1980//1980 1920//1920
f 1895//1895 1923//1923 1913//1913
f 1914//1914 1922//1922 71//71
f 1807//1807 1798//1798 1869//1869
f 1870//1870 1797//1797 1784//1784
f 1871//1871 1782//1782 1986//1986
f 1988//1988 1786//1786 1787//1787
f 1991//1991 1792//1792 1863//1863
f 1860//1860 1789//1789 1795//1795
f 1859//1859 1796//1796 1816//1816
f 394//394 392//392 248//248
f 252//252 393//393 391//391
f 248//248 133//133 394//394
f 394//394 133//133 136//136

