mtllib material.mtl
usemtl motor
v -0.03403100 0.02590000 0.07836900
v -0.03403100 0.02590000 0.07118500
v -0.04725300 0.02590000 0.09408600
v -0.04103100 0.02590000 0.09049400
v 0.00700000 0.02590000 0.06276200
v 0.01322200 0.02590000 0.05917000
v -0.01322100 0.02590000 0.05917000
v -0.00700000 0.02590000 0.06276200
v 0.01900000 0.03010000 0.10610000
v 0.01883800 0.03010000 0.10858000
v 0.01735800 0.03010000 0.11382800
v 0.01444800 0.03010000 0.11843900
v 0.01034900 0.03010000 0.12203500
v 0.00539700 0.03010000 0.12431800
v 0.00000000 0.03010000 0.12510000
v -0.00539600 0.03010000 0.12431800
v -0.01034800 0.03010000 0.12203500
v -0.01444700 0.03010000 0.11844000
v -0.01735700 0.03010000 0.11382800
v -0.01883700 0.03010000 0.10858000
v -0.01900000 0.03010000 0.10610000
v -0.01883700 0.03010000 0.10362000
v -0.01735700 0.03010000 0.09837200
v -0.01444700 0.03010000 0.09376100
v -0.01034800 0.03010000 0.09016500
v -0.00539600 0.03010000 0.08788200
v 0.00000000 0.03010000 0.08710000
v 0.00539700 0.03010000 0.08788200
v 0.01034800 0.03010000 0.09016500
v 0.01444800 0.03010000 0.09376000
v 0.01735800 0.03010000 0.09837200
v 0.01883800 0.03010000 0.10362000
v 0.04103200 0.02590000 0.09049300
v 0.04725300 0.02590000 0.09408500
v 0.03403200 0.02590000 0.07118500
v 0.03403200 0.02590000 0.07836900
v -0.00588200 0.02976400 0.06817100
v -0.00588200 0.02976400 0.06817100
v -0.00589000 0.02661400 0.06550000
v -0.00589000 0.02661400 0.06550000
v -0.00744000 0.03172300 0.07012300
v -0.00744000 0.03172300 0.07012300
v -0.00744000 0.03172300 0.07012300
v -0.00690100 0.03161500 0.06992300
v -0.00690100 0.03161500 0.06992300
v -0.00633300 0.03118000 0.06944900
v -0.00633300 0.03118000 0.06944900
v -0.00597500 0.03046700 0.06878200
v -0.00597500 0.03046700 0.06878200
v -0.02743700 0.03172300 0.08166800
v -0.02743700 0.03172300 0.08166800
v -0.02743700 0.03172300 0.08166800
v -0.02462500 0.03172300 0.07883600
v -0.02462500 0.03172300 0.07883600
v -0.02462500 0.03172300 0.07883600
v -0.02055900 0.03172300 0.07565300
v -0.02055900 0.03172300 0.07565300
v -0.02055900 0.03172300 0.07565300
v -0.02055900 0.03172300 0.07565300
v -0.01608800 0.03172300 0.07307100
v -0.01608800 0.03172300 0.07307100
v -0.01608800 0.03172300 0.07307100
v -0.01608800 0.03172300 0.07307100
v -0.01129800 0.03172300 0.07114200
v -0.01129800 0.03172300 0.07114200
v -0.01129800 0.03172300 0.07114200
v -0.02938200 0.03041000 0.08225500
v -0.02938200 0.03041000 0.08225500
v -0.02877000 0.03101700 0.08231200
v -0.02877000 0.03101700 0.08231200
v -0.02990600 0.02976400 0.08204100
v -0.02990600 0.02976400 0.08204100
v -0.02775200 0.03166400 0.08195100
v -0.02775200 0.03166400 0.08195100
v -0.02758800 0.03170800 0.08182000
v -0.02758800 0.03170800 0.08182000
v -0.02844100 0.03128100 0.08226400
v -0.02844100 0.03128100 0.08226400
v -0.02809900 0.03150500 0.08215000
v -0.02809900 0.03150500 0.08215000
v -0.02792400 0.03159500 0.08206100
v -0.02792400 0.03159500 0.08206100
v -0.03221600 0.02661400 0.08069900
v -0.03221600 0.02661400 0.08069900
v -0.03262100 0.02619300 0.08042400
v -0.03262100 0.02619300 0.08042400
v -0.03262100 0.02619300 0.08042400
v -0.03302700 0.02597500 0.08013000
v -0.03302700 0.02597500 0.08013000
v -0.03302700 0.02597500 0.08013000
v -0.03344500 0.02590000 0.07978400
v -0.03344500 0.02590000 0.07978400
v -0.03900600 0.02597400 0.09048200
v -0.03900600 0.02597400 0.09048200
v -0.03900600 0.02597400 0.09048200
v -0.03951300 0.02590000 0.09029400
v -0.03951300 0.02590000 0.09029400
v -0.03854700 0.02619300 0.09068700
v -0.03854700 0.02619300 0.09068700
v -0.03854700 0.02619300 0.09068700
v -0.04029200 0.02590000 0.09024300
v -0.03810600 0.02661400 0.09090100
v -0.03810600 0.02661400 0.09090100
v -0.03578900 0.02976400 0.09223000
v -0.03578900 0.02976400 0.09223000
v -0.03478000 0.03161500 0.09398800
v -0.03478000 0.03161500 0.09398800
v -0.03487700 0.03172300 0.09455500
v -0.03487700 0.03172300 0.09455500
v -0.03490700 0.03118000 0.09325900
v -0.03490700 0.03118000 0.09325900
v -0.03530500 0.03046700 0.09261600
v -0.03530500 0.03046700 0.09261600
v -0.03673800 0.03172300 0.10610000
v -0.03673800 0.03172300 0.10610000
v -0.03673800 0.03172300 0.10610000
v -0.03655000 0.03172300 0.10238700
v -0.03655000 0.03172300 0.10238700
v -0.03655000 0.03172300 0.10238700
v -0.03586500 0.03172300 0.09813800
v -0.03586500 0.03172300 0.09813800
v -0.03487700 0.03172300 0.11764600
v -0.03487700 0.03172300 0.11764600
v -0.03586500 0.03172300 0.11406200
v -0.03586500 0.03172300 0.11406200
v -0.03655000 0.03172300 0.10981300
v -0.03655000 0.03172300 0.10981300
v -0.03655000 0.03172300 0.10981300
v -0.03655000 0.03172300 0.10981300
v 0.03302900 0.02597500 0.08012800
v 0.03302900 0.02597500 0.08012800
v 0.03302900 0.02597500 0.08012800
v 0.03344600 0.02590000 0.07978400
v 0.03344600 0.02590000 0.07978400
v 0.03262200 0.02619300 0.08042300
v 0.03262200 0.02619300 0.08042300
v 0.03262200 0.02619300 0.08042300
v 0.03387900 0.02590000 0.07913500
v 0.03221600 0.02661400 0.08069900
v 0.03221600 0.02661400 0.08069900
v 0.02990700 0.02976400 0.08204100
v 0.02990700 0.02976400 0.08204100
v 0.02743800 0.03172300 0.08166800
v 0.02743800 0.03172300 0.08166800
v 0.02743800 0.03172300 0.08166800
v 0.02788000 0.03161500 0.08203500
v 0.02788000 0.03161500 0.08203500
v 0.02857500 0.03118000 0.08229000
v 0.02857500 0.03118000 0.08229000
v 0.02933100 0.03046700 0.08226700
v 0.02933100 0.03046700 0.08226700
v 0.00744000 0.03172300 0.07012200
v 0.00744000 0.03172300 0.07012200
v 0.00744000 0.03172300 0.07012200
v 0.01129900 0.03172300 0.07114200
v 0.01129900 0.03172300 0.07114200
v 0.01129900 0.03172300 0.07114200
v 0.01608800 0.03172300 0.07307100
v 0.01608800 0.03172300 0.07307100
v 0.01608800 0.03172300 0.07307100
v 0.01608800 0.03172300 0.07307100
v 0.02056000 0.03172300 0.07565300
v 0.02056000 0.03172300 0.07565300
v 0.02056000 0.03172300 0.07565300
v 0.02056000 0.03172300 0.07565300
v 0.02462600 0.03172300 0.07883600
v 0.02462600 0.03172300 0.07883600
v 0.02462600 0.03172300 0.07883600
v 0.00596000 0.03041000 0.06873200
v 0.00596000 0.03041000 0.06873200
v 0.00621600 0.03101700 0.06929000
v 0.00621600 0.03101700 0.06929000
v 0.00588300 0.02976400 0.06817100
v 0.00588300 0.02976400 0.06817100
v 0.00703800 0.03166400 0.06999100
v 0.00703800 0.03166400 0.06999100
v 0.00723300 0.03170800 0.07006800
v 0.00723300 0.03170800 0.07006800
v 0.00642200 0.03128100 0.06955100
v 0.00642200 0.03128100 0.06955100
v 0.00669200 0.03150500 0.06979000
v 0.00669200 0.03150500 0.06979000
v 0.00685700 0.03159500 0.06989800
v 0.00685700 0.03159500 0.06989800
v 0.00589000 0.02661400 0.06550000
v 0.00589000 0.02661400 0.06550000
v 0.00592600 0.02619300 0.06501100
v 0.00592600 0.02619300 0.06501100
v 0.00592600 0.02619300 0.06501100
v 0.00597700 0.02597500 0.06451300
v 0.00597700 0.02597500 0.06451300
v 0.00597700 0.02597500 0.06451300
v 0.00606800 0.02590000 0.06397700
v 0.00606800 0.02590000 0.06397700
v -0.00597700 0.02597400 0.06451000
v -0.00597700 0.02597400 0.06451000
v -0.00597700 0.02597400 0.06451000
v -0.00606800 0.02590000 0.06397700
v -0.00606800 0.02590000 0.06397700
v -0.00592500 0.02619300 0.06501100
v -0.00592500 0.02619300 0.06501100
v -0.00592500 0.02619300 0.06501100
v -0.00641300 0.02590000 0.06327700
v 0.03673900 0.03172300 0.10610000
v 0.03673900 0.03172300 0.10610000
v 0.03673900 0.03172300 0.10610000
v 0.03487800 0.03172300 0.11764600
v 0.03487800 0.03172300 0.11764600
v 0.03586600 0.03172300 0.11406200
v 0.03586600 0.03172300 0.11406200
v 0.03655100 0.03172300 0.10981300
v 0.03655100 0.03172300 0.10981300
v 0.03655100 0.03172300 0.10981300
v 0.03487800 0.03172300 0.09455400
v 0.03487800 0.03172300 0.09455400
v 0.03586600 0.03172300 0.09813800
v 0.03586600 0.03172300 0.09813800
v 0.03655100 0.03172300 0.10238700
v 0.03655100 0.03172300 0.10238700
v 0.03655100 0.03172300 0.10238700
v 0.03655100 0.03172300 0.10238700
v 0.03534200 0.03041000 0.09257700
v 0.03534200 0.03041000 0.09257700
v 0.03578900 0.02976400 0.09223000
v 0.03578900 0.02976400 0.09223000
v 0.03498800 0.03101400 0.09307500
v 0.03498800 0.03101400 0.09307500
v 0.03479000 0.03166400 0.09414000
v 0.03479000 0.03166400 0.09414000
v 0.03479200 0.03150500 0.09374000
v 0.03479200 0.03150500 0.09374000
v 0.03810600 0.02661400 0.09090100
v 0.03810600 0.02661400 0.09090100
v 0.03854800 0.02619300 0.09068700
v 0.03854800 0.02619300 0.09068700
v 0.03854800 0.02619300 0.09068700
v 0.03900500 0.02597500 0.09048300
v 0.03900500 0.02597500 0.09048300
v 0.03900500 0.02597500 0.09048300
v 0.03951400 0.02590000 0.09029400
v 0.03951400 0.02590000 0.09029400
v 0.03478100 0.03161500 0.11821200
v 0.03478100 0.03161500 0.11821200
v 0.03490800 0.03118000 0.11894100
v 0.03490800 0.03118000 0.11894100
v 0.03530600 0.03046700 0.11958400
v 0.03530600 0.03046700 0.11958400
v 0.03578900 0.02976400 0.11997000
v 0.03578900 0.02976400 0.11997000
v 0.03113400 0.02661400 0.07938300
v 0.03113400 0.02661400 0.07938300
v 0.03113400 0.02661400 0.07938300
v 0.03113400 0.02661400 0.07938300
v 0.03113400 0.02661400 0.07938300
v 0.03113400 0.02661400 0.07938300
v 0.03113400 0.02661400 0.07938300
v 0.03113400 0.02661400 0.07938300
v 0.03113400 0.02661400 0.07938300
v 0.02876800 0.02661400 0.07685100
v 0.02876800 0.02661400 0.07685100
v 0.02876800 0.02661400 0.07685100
v 0.02876800 0.02661400 0.07685100
v 0.02876800 0.02661400 0.07685100
v 0.02619600 0.02661400 0.07452700
v 0.02619600 0.02661400 0.07452700
v 0.02619600 0.02661400 0.07452700
v 0.02619600 0.02661400 0.07452700
v 0.02619600 0.02661400 0.07452700
v 0.02343800 0.02661400 0.07242900
v 0.02343800 0.02661400 0.07242900
v 0.02343800 0.02661400 0.07242900
v 0.02343800 0.02661400 0.07242900
v 0.02051300 0.02661400 0.07057100
v 0.02051300 0.02661400 0.07057100
v 0.02051300 0.02661400 0.07057100
v 0.02051300 0.02661400 0.07057100
v 0.02051300 0.02661400 0.07057100
v 0.00757100 0.02661400 0.06577900
v 0.00757100 0.02661400 0.06577900
v 0.00757100 0.02661400 0.06577900
v 0.00757100 0.02661400 0.06577900
v 0.00757100 0.02661400 0.06577900
v 0.00757100 0.02661400 0.06577900
v 0.00757100 0.02661400 0.06577900
v 0.00757100 0.02661400 0.06577900
v 0.00757100 0.02661400 0.06577900
v 0.00757100 0.02661400 0.06577900
v 0.00757100 0.02661400 0.06577900
v 0.00757100 0.02661400 0.06577900
v 0.00757100 0.02661400 0.06577900
v 0.01744100 0.02661400 0.06896700
v 0.01744100 0.02661400 0.06896700
v 0.01744100 0.02661400 0.06896700
v 0.01744100 0.02661400 0.06896700
v 0.01424500 0.02661400 0.06762700
v 0.01424500 0.02661400 0.06762700
v 0.01424500 0.02661400 0.06762700
v 0.01424500 0.02661400 0.06762700
v 0.01424500 0.02661400 0.06762700
v 0.01094700 0.02661400 0.06656200
v 0.01094700 0.02661400 0.06656200
v 0.01094700 0.02661400 0.06656200
v 0.01094700 0.02661400 0.06656200
v 0.01094700 0.02661400 0.06656200
v -0.00757100 0.02661400 0.06577900
v -0.00757100 0.02661400 0.06577900
v -0.00757100 0.02661400 0.06577900
v -0.00757100 0.02661400 0.06577900
v -0.00757100 0.02661400 0.06577900
v -0.00757100 0.02661400 0.06577900
v -0.00757100 0.02661400 0.06577900
v -0.00757100 0.02661400 0.06577900
v -0.00757100 0.02661400 0.06577900
v -0.01094700 0.02661400 0.06656200
v -0.01094700 0.02661400 0.06656200
v -0.01094700 0.02661400 0.06656200
v -0.01094700 0.02661400 0.06656200
v -0.01094700 0.02661400 0.06656200
v -0.01424400 0.02661400 0.06762700
v -0.01424400 0.02661400 0.06762700
v -0.01424400 0.02661400 0.06762700
v -0.01424400 0.02661400 0.06762700
v -0.01424400 0.02661400 0.06762700
v -0.01744100 0.02661400 0.06896700
v -0.01744100 0.02661400 0.06896700
v -0.01744100 0.02661400 0.06896700
v -0.01744100 0.02661400 0.06896700
v -0.02051200 0.02661400 0.07057100
v -0.02051200 0.02661400 0.07057100
v -0.02051200 0.02661400 0.07057100
v -0.02051200 0.02661400 0.07057100
v -0.02051200 0.02661400 0.07057100
v -0.03113300 0.02661400 0.07938300
v -0.03113300 0.02661400 0.07938300
v -0.03113300 0.02661400 0.07938300
v -0.03113300 0.02661400 0.07938300
v -0.03113300 0.02661400 0.07938300
v -0.03113300 0.02661400 0.07938300
v -0.03113300 0.02661400 0.07938300
v -0.03113300 0.02661400 0.07938300
v -0.03113300 0.02661400 0.07938300
v -0.03113300 0.02661400 0.07938300
v -0.03113300 0.02661400 0.07938300
v -0.03113300 0.02661400 0.07938300
v -0.03113300 0.02661400 0.07938300
v -0.02343800 0.02661400 0.07242900
v -0.02343800 0.02661400 0.07242900
v -0.02343800 0.02661400 0.07242900
v -0.02343800 0.02661400 0.07242900
v -0.02619600 0.02661400 0.07452700
v -0.02619600 0.02661400 0.07452700
v -0.02619600 0.02661400 0.07452700
v -0.02619600 0.02661400 0.07452700
v -0.02619600 0.02661400 0.07452700
v -0.02876700 0.02661400 0.07685100
v -0.02876700 0.02661400 0.07685100
v -0.02876700 0.02661400 0.07685100
v -0.02876700 0.02661400 0.07685100
v -0.02876700 0.02661400 0.07685100
v -0.03534100 0.03041000 0.11962300
v -0.03534100 0.03041000 0.11962300
v -0.03498600 0.03101700 0.11912200
v -0.03498600 0.03101700 0.11912200
v -0.03578900 0.02976400 0.11997000
v -0.03578900 0.02976400 0.11997000
v -0.03478900 0.03166400 0.11806000
v -0.03478900 0.03166400 0.11806000
v -0.03482100 0.03170800 0.11785300
v -0.03482100 0.03170800 0.11785300
v -0.03486300 0.03128100 0.11881300
v -0.03486300 0.03128100 0.11881300
v -0.03479100 0.03150500 0.11846000
v -0.03479100 0.03150500 0.11846000
v -0.03478000 0.03159500 0.11826300
v -0.03478000 0.03159500 0.11826300
v 0.00700100 0.02590000 0.14943800
v 0.01322200 0.02590000 0.15303000
v 0.03403200 0.02590000 0.13383100
v 0.03403200 0.02590000 0.14101500
v 0.04725300 0.02590000 0.11811400
v 0.04103200 0.02590000 0.12170600
v -0.03403100 0.02590000 0.14101500
v -0.03403100 0.02590000 0.13383100
v -0.00699900 0.02590000 0.14943800
v -0.01322100 0.02590000 0.15303000
v 0.03810600 0.02661400 0.12129900
v 0.03810600 0.02661400 0.12129900
v 0.03810600 0.02661400 0.12129900
v 0.03854800 0.02619300 0.12151300
v 0.03854800 0.02619300 0.12151300
v 0.03229600 0.02590000 0.07838500
v 0.03229600 0.02590000 0.07838500
v 0.03229600 0.02590000 0.07838500
v 0.03229600 0.02590000 0.07838500
v 0.03165500 0.02608700 0.07893600
v 0.03165500 0.02608700 0.07893600
v 0.03165500 0.02608700 0.07893600
v 0.03165500 0.02608700 0.07893600
v 0.03165500 0.02608700 0.07893600
v 0.02924900 0.02608700 0.07636100
v 0.02924900 0.02608700 0.07636100
v 0.02924900 0.02608700 0.07636100
v 0.02924900 0.02608700 0.07636100
v 0.02984200 0.02590000 0.07575800
v 0.02984200 0.02590000 0.07575800
v 0.02984200 0.02590000 0.07575800
v 0.02663500 0.02608700 0.07399900
v 0.02663500 0.02608700 0.07399900
v 0.02663500 0.02608700 0.07399900
v 0.02663500 0.02608700 0.07399900
v 0.02717500 0.02590000 0.07334800
v 0.02717500 0.02590000 0.07334800
v 0.02717500 0.02590000 0.07334800
v 0.02383100 0.02608700 0.07186500
v 0.02383100 0.02608700 0.07186500
v 0.02383100 0.02608700 0.07186500
v 0.02383100 0.02608700 0.07186500
v 0.02431400 0.02590000 0.07117100
v 0.02431400 0.02590000 0.07117100
v 0.02431400 0.02590000 0.07117100
v 0.02085600 0.02608700 0.06997600
v 0.02085600 0.02608700 0.06997600
v 0.02085600 0.02608700 0.06997600
v 0.02085600 0.02608700 0.06997600
v 0.02127900 0.02590000 0.06924400
v 0.02127900 0.02590000 0.06924400
v 0.02127900 0.02590000 0.06924400
v 0.01773300 0.02608700 0.06834500
v 0.01773300 0.02608700 0.06834500
v 0.01773300 0.02608700 0.06834500
v 0.01773300 0.02608700 0.06834500
v 0.01809200 0.02590000 0.06758000
v 0.01809200 0.02590000 0.06758000
v 0.01809200 0.02590000 0.06758000
v 0.01448300 0.02608700 0.06698300
v 0.01448300 0.02608700 0.06698300
v 0.01448300 0.02608700 0.06698300
v 0.01448300 0.02608700 0.06698300
v 0.01477700 0.02590000 0.06619000
v 0.01477700 0.02590000 0.06619000
v 0.01477700 0.02590000 0.06619000
v 0.01113000 0.02608700 0.06590000
v 0.01113000 0.02608700 0.06590000
v 0.01113000 0.02608700 0.06590000
v 0.01113000 0.02608700 0.06590000
v 0.01135600 0.02590000 0.06508600
v 0.01135600 0.02590000 0.06508600
v 0.01135600 0.02590000 0.06508600
v 0.00769800 0.02608700 0.06510400
v 0.00769800 0.02608700 0.06510400
v 0.00769800 0.02608700 0.06510400
v 0.00769800 0.02608700 0.06510400
v 0.00769800 0.02608700 0.06510400
v 0.00785400 0.02590000 0.06427300
v 0.00785400 0.02590000 0.06427300
v 0.00785400 0.02590000 0.06427300
v 0.00785400 0.02590000 0.06427300
v -0.00785300 0.02590000 0.06427400
v -0.00785300 0.02590000 0.06427400
v -0.00785300 0.02590000 0.06427400
v -0.00785300 0.02590000 0.06427400
v -0.00769700 0.02608700 0.06510400
v -0.00769700 0.02608700 0.06510400
v -0.00769700 0.02608700 0.06510400
v -0.00769700 0.02608700 0.06510400
v -0.00769700 0.02608700 0.06510400
v -0.01113000 0.02608700 0.06590000
v -0.01113000 0.02608700 0.06590000
v -0.01113000 0.02608700 0.06590000
v -0.01113000 0.02608700 0.06590000
v -0.01135500 0.02590000 0.06508600
v -0.01135500 0.02590000 0.06508600
v -0.01135500 0.02590000 0.06508600
v -0.01448300 0.02608700 0.06698300
v -0.01448300 0.02608700 0.06698300
v -0.01448300 0.02608700 0.06698300
v -0.01448300 0.02608700 0.06698300
v -0.01477600 0.02590000 0.06619000
v -0.01477600 0.02590000 0.06619000
v -0.01477600 0.02590000 0.06619000
v -0.01773300 0.02608700 0.06834500
v -0.01773300 0.02608700 0.06834500
v -0.01773300 0.02608700 0.06834500
v -0.01773300 0.02608700 0.06834500
v -0.01809200 0.02590000 0.06758000
v -0.01809200 0.02590000 0.06758000
v -0.01809200 0.02590000 0.06758000
v -0.02085600 0.02608700 0.06997600
v -0.02085600 0.02608700 0.06997600
v -0.02085600 0.02608700 0.06997600
v -0.02085600 0.02608700 0.06997600
v -0.02127800 0.02590000 0.06924400
v -0.02127800 0.02590000 0.06924400
v -0.02127800 0.02590000 0.06924400
v -0.02383000 0.02608700 0.07186500
v -0.02383000 0.02608700 0.07186500
v -0.02383000 0.02608700 0.07186500
v -0.02383000 0.02608700 0.07186500
v -0.02431300 0.02590000 0.07117200
v -0.02431300 0.02590000 0.07117200
v -0.02431300 0.02590000 0.07117200
v -0.02663500 0.02608700 0.07399900
v -0.02663500 0.02608700 0.07399900
v -0.02663500 0.02608700 0.07399900
v -0.02663500 0.02608700 0.07399900
v -0.02717400 0.02590000 0.07334800
v -0.02717400 0.02590000 0.07334800
v -0.02717400 0.02590000 0.07334800
v -0.02924900 0.02608700 0.07636100
v -0.02924900 0.02608700 0.07636100
v -0.02924900 0.02608700 0.07636100
v -0.02924900 0.02608700 0.07636100
v -0.02984100 0.02590000 0.07575900
v -0.02984100 0.02590000 0.07575900
v -0.02984100 0.02590000 0.07575900
v -0.03165400 0.02608700 0.07893600
v -0.03165400 0.02608700 0.07893600
v -0.03165400 0.02608700 0.07893600
v -0.03165400 0.02608700 0.07893600
v -0.03165400 0.02608700 0.07893600
v -0.03229600 0.02590000 0.07838600
v -0.03229600 0.02590000 0.07838600
v -0.03229600 0.02590000 0.07838600
v -0.03229600 0.02590000 0.07838600
v -0.03810500 0.02661400 0.12129900
v -0.03810500 0.02661400 0.12129900
v -0.03854700 0.02619300 0.12151300
v -0.03854700 0.02619300 0.12151300
v -0.03854700 0.02619300 0.12151300
v -0.04103100 0.02590000 0.12170700
v -0.04725300 0.02590000 0.11811500
v -0.00588900 0.02661400 0.14670000
v -0.00588900 0.02661400 0.14670000
v -0.00588200 0.02976400 0.14402900
v -0.00588200 0.02976400 0.14402900
v -0.00592500 0.02619300 0.14718900
v -0.00592500 0.02619300 0.14718900
v -0.00592500 0.02619300 0.14718900
v -0.00597700 0.02597500 0.14768700
v -0.00597700 0.02597500 0.14768700
v -0.00597700 0.02597500 0.14768700
v -0.00606700 0.02590000 0.14822300
v -0.00606700 0.02590000 0.14822300
v 0.00597800 0.02597400 0.14769000
v 0.00597800 0.02597400 0.14769000
v 0.00597800 0.02597400 0.14769000
v 0.00606900 0.02590000 0.14822300
v 0.00606900 0.02590000 0.14822300
v 0.00592600 0.02619300 0.14718900
v 0.00592600 0.02619300 0.14718900
v 0.00592600 0.02619300 0.14718900
v 0.00641400 0.02590000 0.14892300
v 0.00589100 0.02661400 0.14670000
v 0.00589100 0.02661400 0.14670000
v 0.00588300 0.02976400 0.14402900
v 0.00588300 0.02976400 0.14402900
v 0.00744000 0.03172300 0.14207700
v 0.00744000 0.03172300 0.14207700
v 0.00744000 0.03172300 0.14207700
v 0.00690200 0.03161500 0.14227700
v 0.00690200 0.03161500 0.14227700
v 0.00633400 0.03118000 0.14275100
v 0.00633400 0.03118000 0.14275100
v 0.00597500 0.03046700 0.14341800
v 0.00597500 0.03046700 0.14341800
v 0.02743800 0.03172300 0.13053200
v 0.02743800 0.03172300 0.13053200
v 0.02743800 0.03172300 0.13053200
v 0.02462600 0.03172300 0.13336400
v 0.02462600 0.03172300 0.13336400
v 0.02462600 0.03172300 0.13336400
v 0.02056000 0.03172300 0.13654700
v 0.02056000 0.03172300 0.13654700
v 0.02056000 0.03172300 0.13654700
v 0.02056000 0.03172300 0.13654700
v 0.01608900 0.03172300 0.13912900
v 0.01608900 0.03172300 0.13912900
v 0.01608900 0.03172300 0.13912900
v 0.01608900 0.03172300 0.13912900
v 0.01129900 0.03172300 0.14105800
v 0.01129900 0.03172300 0.14105800
v 0.01129900 0.03172300 0.14105800
v 0.02938200 0.03041000 0.12994500
v 0.02938200 0.03041000 0.12994500
v 0.02877100 0.03101700 0.12988800
v 0.02877100 0.03101700 0.12988800
v 0.02990700 0.02976400 0.13015900
v 0.02990700 0.02976400 0.13015900
v 0.02775300 0.03166400 0.13024900
v 0.02775300 0.03166400 0.13024900
v 0.02758900 0.03170800 0.13038000
v 0.02758900 0.03170800 0.13038000
v 0.02844200 0.03128100 0.12993600
v 0.02844200 0.03128100 0.12993600
v 0.02810000 0.03150500 0.13005000
v 0.02810000 0.03150500 0.13005000
v 0.02792400 0.03159500 0.13013900
v 0.02792400 0.03159500 0.13013900
v 0.03221600 0.02661400 0.13150100
v 0.03221600 0.02661400 0.13150100
v 0.03262200 0.02619300 0.13177600
v 0.03262200 0.02619300 0.13177600
v 0.03262200 0.02619300 0.13177600
v 0.03302800 0.02597500 0.13207000
v 0.03302800 0.02597500 0.13207000
v 0.03302800 0.02597500 0.13207000
v 0.03344600 0.02590000 0.13241600
v 0.03344600 0.02590000 0.13241600
v 0.03900700 0.02597500 0.12171800
v 0.03900700 0.02597500 0.12171800
v 0.03900700 0.02597500 0.12171800
v 0.03951400 0.02590000 0.12190600
v 0.03951400 0.02590000 0.12190600
v 0.04029300 0.02590000 0.12195700
v -0.03139400 0.02590000 0.06879400
v -0.02800100 0.02590000 0.06618500
v -0.02437800 0.02590000 0.06387600
v -0.02123300 0.02590000 0.06220900
v -0.01730200 0.02590000 0.06051600
v -0.03900400 0.02597500 0.12171700
v -0.03900400 0.02597500 0.12171700
v -0.03900400 0.02597500 0.12171700
v -0.03951300 0.02590000 0.12190600
v -0.03951300 0.02590000 0.12190600
v -0.03302800 0.02597400 0.13207200
v -0.03302800 0.02597400 0.13207200
v -0.03302800 0.02597400 0.13207200
v -0.03344500 0.02590000 0.13241600
v -0.03344500 0.02590000 0.13241600
v -0.03262100 0.02619300 0.13177700
v -0.03262100 0.02619300 0.13177700
v -0.03262100 0.02619300 0.13177700
v -0.03387900 0.02590000 0.13306500
v -0.03221500 0.02661400 0.13150100
v -0.03221500 0.02661400 0.13150100
v -0.02990600 0.02976400 0.13015900
v -0.02990600 0.02976400 0.13015900
v -0.02743700 0.03172300 0.13053200
v -0.02743700 0.03172300 0.13053200
v -0.02743700 0.03172300 0.13053200
v -0.02787900 0.03161500 0.13016500
v -0.02787900 0.03161500 0.13016500
v -0.02857400 0.03118000 0.12991000
v -0.02857400 0.03118000 0.12991000
v -0.02933000 0.03046700 0.12993300
v -0.02933000 0.03046700 0.12993300
v -0.00743900 0.03172300 0.14207800
v -0.00743900 0.03172300 0.14207800
v -0.00743900 0.03172300 0.14207800
v -0.01129800 0.03172300 0.14105800
v -0.01129800 0.03172300 0.14105800
v -0.01129800 0.03172300 0.14105800
v -0.01608800 0.03172300 0.13912900
v -0.01608800 0.03172300 0.13912900
v -0.01608800 0.03172300 0.13912900
v -0.01608800 0.03172300 0.13912900
v -0.02055900 0.03172300 0.13654700
v -0.02055900 0.03172300 0.13654700
v -0.02055900 0.03172300 0.13654700
v -0.02055900 0.03172300 0.13654700
v -0.02462500 0.03172300 0.13336400
v -0.02462500 0.03172300 0.13336400
v -0.02462500 0.03172300 0.13336400
v -0.00595900 0.03041000 0.14346800
v -0.00595900 0.03041000 0.14346800
v -0.00621500 0.03101700 0.14291000
v -0.00621500 0.03101700 0.14291000
v -0.00703700 0.03166400 0.14220900
v -0.00703700 0.03166400 0.14220900
v -0.00723200 0.03170800 0.14213200
v -0.00723200 0.03170800 0.14213200
v -0.00642200 0.03128100 0.14264900
v -0.00642200 0.03128100 0.14264900
v -0.00669200 0.03150500 0.14241000
v -0.00669200 0.03150500 0.14241000
v -0.00685600 0.03159500 0.14230200
v -0.00685600 0.03159500 0.14230200
v -0.03113300 0.02661400 0.13281700
v -0.03113300 0.02661400 0.13281700
v -0.03113300 0.02661400 0.13281700
v -0.03113300 0.02661400 0.13281700
v -0.03113300 0.02661400 0.13281700
v -0.03113300 0.02661400 0.13281700
v -0.03113300 0.02661400 0.13281700
v -0.03113300 0.02661400 0.13281700
v -0.03113300 0.02661400 0.13281700
v -0.02876700 0.02661400 0.13534900
v -0.02876700 0.02661400 0.13534900
v -0.02876700 0.02661400 0.13534900
v -0.02876700 0.02661400 0.13534900
v -0.02876700 0.02661400 0.13534900
v -0.02619600 0.02661400 0.13767300
v -0.02619600 0.02661400 0.13767300
v -0.02619600 0.02661400 0.13767300
v -0.02619600 0.02661400 0.13767300
v -0.02619600 0.02661400 0.13767300
v -0.02343700 0.02661400 0.13977100
v -0.02343700 0.02661400 0.13977100
v -0.02343700 0.02661400 0.13977100
v -0.02343700 0.02661400 0.13977100
v -0.02051200 0.02661400 0.14162900
v -0.02051200 0.02661400 0.14162900
v -0.02051200 0.02661400 0.14162900
v -0.02051200 0.02661400 0.14162900
v -0.02051200 0.02661400 0.14162900
v -0.00757000 0.02661400 0.14642100
v -0.00757000 0.02661400 0.14642100
v -0.00757000 0.02661400 0.14642100
v -0.00757000 0.02661400 0.14642100
v -0.00757000 0.02661400 0.14642100
v -0.00757000 0.02661400 0.14642100
v -0.00757000 0.02661400 0.14642100
v -0.00757000 0.02661400 0.14642100
v -0.00757000 0.02661400 0.14642100
v -0.00757000 0.02661400 0.14642100
v -0.00757000 0.02661400 0.14642100
v -0.00757000 0.02661400 0.14642100
v -0.00757000 0.02661400 0.14642100
v -0.01744000 0.02661400 0.14323300
v -0.01744000 0.02661400 0.14323300
v -0.01744000 0.02661400 0.14323300
v -0.01744000 0.02661400 0.14323300
v -0.01424400 0.02661400 0.14457300
v -0.01424400 0.02661400 0.14457300
v -0.01424400 0.02661400 0.14457300
v -0.01424400 0.02661400 0.14457300
v -0.01424400 0.02661400 0.14457300
v -0.01094600 0.02661400 0.14563800
v -0.01094600 0.02661400 0.14563800
v -0.01094600 0.02661400 0.14563800
v -0.01094600 0.02661400 0.14563800
v -0.01094600 0.02661400 0.14563800
v -0.01094600 0.02661400 0.14563800
v 0.00757100 0.02661400 0.14642100
v 0.00757100 0.02661400 0.14642100
v 0.00757100 0.02661400 0.14642100
v 0.00757100 0.02661400 0.14642100
v 0.00757100 0.02661400 0.14642100
v 0.00757100 0.02661400 0.14642100
v 0.00757100 0.02661400 0.14642100
v 0.00757100 0.02661400 0.14642100
v 0.00757100 0.02661400 0.14642100
v 0.01094700 0.02661400 0.14563800
v 0.01094700 0.02661400 0.14563800
v 0.01094700 0.02661400 0.14563800
v 0.01094700 0.02661400 0.14563800
v 0.01094700 0.02661400 0.14563800
v 0.01094700 0.02661400 0.14563800
v 0.01424500 0.02661400 0.14457300
v 0.01424500 0.02661400 0.14457300
v 0.01424500 0.02661400 0.14457300
v 0.01424500 0.02661400 0.14457300
v 0.01424500 0.02661400 0.14457300
v 0.01744100 0.02661400 0.14323300
v 0.01744100 0.02661400 0.14323300
v 0.01744100 0.02661400 0.14323300
v 0.01744100 0.02661400 0.14323300
v 0.02051300 0.02661400 0.14162900
v 0.02051300 0.02661400 0.14162900
v 0.02051300 0.02661400 0.14162900
v 0.02051300 0.02661400 0.14162900
v 0.02051300 0.02661400 0.14162900
v 0.03113400 0.02661400 0.13281700
v 0.03113400 0.02661400 0.13281700
v 0.03113400 0.02661400 0.13281700
v 0.03113400 0.02661400 0.13281700
v 0.03113400 0.02661400 0.13281700
v 0.03113400 0.02661400 0.13281700
v 0.03113400 0.02661400 0.13281700
v 0.03113400 0.02661400 0.13281700
v 0.03113400 0.02661400 0.13281700
v 0.03113400 0.02661400 0.13281700
v 0.03113400 0.02661400 0.13281700
v 0.03113400 0.02661400 0.13281700
v 0.03113400 0.02661400 0.13281700
v 0.02343900 0.02661400 0.13977100
v 0.02343900 0.02661400 0.13977100
v 0.02343900 0.02661400 0.13977100
v 0.02343900 0.02661400 0.13977100
v 0.02619700 0.02661400 0.13767300
v 0.02619700 0.02661400 0.13767300
v 0.02619700 0.02661400 0.13767300
v 0.02619700 0.02661400 0.13767300
v 0.02619700 0.02661400 0.13767300
v 0.02876800 0.02661400 0.13534900
v 0.02876800 0.02661400 0.13534900
v 0.02876800 0.02661400 0.13534900
v 0.02876800 0.02661400 0.13534900
v 0.02876800 0.02661400 0.13534900
v 0.03082700 0.02590000 0.06832400
v 0.02739500 0.02590000 0.06576600
v 0.01730000 0.02590000 0.06051500
v 0.02122100 0.02590000 0.06220300
v 0.02335600 0.02590000 0.06330100
v 0.02437800 0.02590000 0.06387600
v -0.03229500 0.02590000 0.13381500
v -0.03229500 0.02590000 0.13381500
v -0.03229500 0.02590000 0.13381500
v -0.03229500 0.02590000 0.13381500
v -0.03165400 0.02608700 0.13326400
v -0.03165400 0.02608700 0.13326400
v -0.03165400 0.02608700 0.13326400
v -0.03165400 0.02608700 0.13326400
v -0.03165400 0.02608700 0.13326400
v -0.02924800 0.02608700 0.13583900
v -0.02924800 0.02608700 0.13583900
v -0.02924800 0.02608700 0.13583900
v -0.02924800 0.02608700 0.13583900
v -0.02984100 0.02590000 0.13644200
v -0.02984100 0.02590000 0.13644200
v -0.02984100 0.02590000 0.13644200
v -0.02663400 0.02608700 0.13820100
v -0.02663400 0.02608700 0.13820100
v -0.02663400 0.02608700 0.13820100
v -0.02663400 0.02608700 0.13820100
v -0.02717400 0.02590000 0.13885200
v -0.02717400 0.02590000 0.13885200
v -0.02717400 0.02590000 0.13885200
v -0.02383000 0.02608700 0.14033500
v -0.02383000 0.02608700 0.14033500
v -0.02383000 0.02608700 0.14033500
v -0.02383000 0.02608700 0.14033500
v -0.02431300 0.02590000 0.14102900
v -0.02431300 0.02590000 0.14102900
v -0.02431300 0.02590000 0.14102900
v -0.02431300 0.02590000 0.14102900
v -0.02085600 0.02608700 0.14222400
v -0.02085600 0.02608700 0.14222400
v -0.02085600 0.02608700 0.14222400
v -0.02085600 0.02608700 0.14222400
v -0.02085600 0.02608700 0.14222400
v -0.02127800 0.02590000 0.14295600
v -0.02127800 0.02590000 0.14295600
v -0.02127800 0.02590000 0.14295600
v -0.01773200 0.02608700 0.14385500
v -0.01773200 0.02608700 0.14385500
v -0.01773200 0.02608700 0.14385500
v -0.01773200 0.02608700 0.14385500
v -0.01809200 0.02590000 0.14462000
v -0.01809200 0.02590000 0.14462000
v -0.01809200 0.02590000 0.14462000
v -0.01448300 0.02608700 0.14521700
v -0.01448300 0.02608700 0.14521700
v -0.01448300 0.02608700 0.14521700
v -0.01448300 0.02608700 0.14521700
v -0.01448300 0.02608700 0.14521700
v -0.01477600 0.02590000 0.14601000
v -0.01477600 0.02590000 0.14601000
v -0.01477600 0.02590000 0.14601000
v -0.01477600 0.02590000 0.14601000
v -0.01112900 0.02608700 0.14630000
v -0.01112900 0.02608700 0.14630000
v -0.01112900 0.02608700 0.14630000
v -0.01112900 0.02608700 0.14630000
v -0.01112900 0.02608700 0.14630000
v -0.01135500 0.02590000 0.14711400
v -0.01135500 0.02590000 0.14711400
v -0.01135500 0.02590000 0.14711400
v -0.00769700 0.02608700 0.14709600
v -0.00769700 0.02608700 0.14709600
v -0.00769700 0.02608700 0.14709600
v -0.00769700 0.02608700 0.14709600
v -0.00769700 0.02608700 0.14709600
v -0.00785300 0.02590000 0.14792600
v -0.00785300 0.02590000 0.14792600
v -0.00785300 0.02590000 0.14792600
v -0.00785300 0.02590000 0.14792600
v 0.00785400 0.02590000 0.14792600
v 0.00785400 0.02590000 0.14792600
v 0.00785400 0.02590000 0.14792600
v 0.00785400 0.02590000 0.14792600
v 0.00769800 0.02608700 0.14709600
v 0.00769800 0.02608700 0.14709600
v 0.00769800 0.02608700 0.14709600
v 0.00769800 0.02608700 0.14709600
v 0.00769800 0.02608700 0.14709600
v 0.00769800 0.02608700 0.14709600
v 0.01113100 0.02608700 0.14630000
v 0.01113100 0.02608700 0.14630000
v 0.01113100 0.02608700 0.14630000
v 0.01113100 0.02608700 0.14630000
v 0.01135600 0.02590000 0.14711400
v 0.01135600 0.02590000 0.14711400
v 0.01135600 0.02590000 0.14711400
v 0.01448400 0.02608700 0.14521700
v 0.01448400 0.02608700 0.14521700
v 0.01448400 0.02608700 0.14521700
v 0.01448400 0.02608700 0.14521700
v 0.01477700 0.02590000 0.14601000
v 0.01477700 0.02590000 0.14601000
v 0.01477700 0.02590000 0.14601000
v 0.01773300 0.02608700 0.14385500
v 0.01773300 0.02608700 0.14385500
v 0.01773300 0.02608700 0.14385500
v 0.01773300 0.02608700 0.14385500
v 0.01809300 0.02590000 0.14462000
v 0.01809300 0.02590000 0.14462000
v 0.01809300 0.02590000 0.14462000
v 0.02085700 0.02608700 0.14222400
v 0.02085700 0.02608700 0.14222400
v 0.02085700 0.02608700 0.14222400
v 0.02085700 0.02608700 0.14222400
v 0.02127900 0.02590000 0.14295600
v 0.02127900 0.02590000 0.14295600
v 0.02127900 0.02590000 0.14295600
v 0.02383100 0.02608700 0.14033500
v 0.02383100 0.02608700 0.14033500
v 0.02383100 0.02608700 0.14033500
v 0.02383100 0.02608700 0.14033500
v 0.02431400 0.02590000 0.14102800
v 0.02431400 0.02590000 0.14102800
v 0.02431400 0.02590000 0.14102800
v 0.02663500 0.02608700 0.13820100
v 0.02663500 0.02608700 0.13820100
v 0.02663500 0.02608700 0.13820100
v 0.02663500 0.02608700 0.13820100
v 0.02717500 0.02590000 0.13885200
v 0.02717500 0.02590000 0.13885200
v 0.02717500 0.02590000 0.13885200
v 0.02925000 0.02608700 0.13583900
v 0.02925000 0.02608700 0.13583900
v 0.02925000 0.02608700 0.13583900
v 0.02925000 0.02608700 0.13583900
v 0.02984200 0.02590000 0.13644100
v 0.02984200 0.02590000 0.13644100
v 0.02984200 0.02590000 0.13644100
v 0.03165500 0.02608700 0.13326400
v 0.03165500 0.02608700 0.13326400
v 0.03165500 0.02608700 0.13326400
v 0.03165500 0.02608700 0.13326400
v 0.03165500 0.02608700 0.13326400
v 0.03229700 0.02590000 0.13381400
v 0.03229700 0.02590000 0.13381400
v 0.03229700 0.02590000 0.13381400
v 0.03229700 0.02590000 0.13381400
v -0.02739400 0.02590000 0.14643400
v -0.03082600 0.02590000 0.14387600
v -0.01730000 0.02590000 0.15168500
v -0.02122000 0.02590000 0.14999700
v -0.02335500 0.02590000 0.14889900
v -0.02437800 0.02590000 0.14832400
v 0.02123400 0.02590000 0.14999100
v 0.01730300 0.02590000 0.15168400
v 0.03082800 0.02590000 0.14387500
v 0.02740600 0.02590000 0.14642600
v 0.02538700 0.02590000 0.14772600
v 0.02437900 0.02590000 0.14832400
v 0.04812800 0.02590000 0.09829000
v 0.04733200 0.02590000 0.11780200
v 0.04810600 0.02590000 0.11404900
v 0.04856800 0.02590000 0.11039100
v 0.04875700 0.02590000 0.10610000
v 0.04874300 0.02590000 0.10492700
v 0.04862700 0.02590000 0.10252900
v -0.04812700 0.02590000 0.11391000
v -0.04733100 0.02590000 0.09439800
v -0.04810500 0.02590000 0.09815100
v -0.04856800 0.02590000 0.10180900
v -0.04875600 0.02590000 0.10610000
v -0.04874200 0.02590000 0.10727300
v -0.04862600 0.02590000 0.10967100
v 0.04255800 0.02590000 0.10610000
v 0.04255800 0.02590000 0.10610000
v 0.04255800 0.02590000 0.10610000
v 0.04224700 0.02590000 0.11123300
v 0.04224700 0.02590000 0.11123300
v 0.04224700 0.02590000 0.11123300
v 0.04111800 0.02590000 0.11707800
v 0.04111800 0.02590000 0.11707800
v 0.04111800 0.02590000 0.11707800
v 0.04111800 0.02590000 0.11707800
v 0.04111800 0.02590000 0.09512200
v 0.04111800 0.02590000 0.09512200
v 0.04111800 0.02590000 0.09512200
v 0.04111800 0.02590000 0.09512200
v 0.04224700 0.02590000 0.10096700
v 0.04224700 0.02590000 0.10096700
v 0.04224700 0.02590000 0.10096700
v -0.04255700 0.02590000 0.10610000
v -0.04255700 0.02590000 0.10610000
v -0.04255700 0.02590000 0.10610000
v -0.04224600 0.02590000 0.10096700
v -0.04224600 0.02590000 0.10096700
v -0.04224600 0.02590000 0.10096700
v -0.04111700 0.02590000 0.09512200
v -0.04111700 0.02590000 0.09512200
v -0.04111700 0.02590000 0.09512200
v -0.04111700 0.02590000 0.09512200
v -0.04111700 0.02590000 0.11707800
v -0.04111700 0.02590000 0.11707800
v -0.04111700 0.02590000 0.11707800
v -0.04111700 0.02590000 0.11707800
v -0.04224600 0.02590000 0.11123300
v -0.04224600 0.02590000 0.11123300
v -0.04224600 0.02590000 0.11123300
v 0.04030100 0.02608700 0.09534000
v 0.04030100 0.02608700 0.09534000
v 0.04030100 0.02608700 0.09534000
v 0.04030100 0.02608700 0.09534000
v 0.04030100 0.02608700 0.09534000
v 0.04171300 0.02608700 0.10610000
v 0.04171300 0.02608700 0.10610000
v 0.04171300 0.02608700 0.10610000
v 0.04171300 0.02608700 0.10610000
v 0.04171300 0.02608700 0.10610000
v 0.04102600 0.02661500 0.10610000
v 0.04102600 0.02661500 0.10610000
v 0.04102600 0.02661500 0.10610000
v 0.04102600 0.02661500 0.10610000
v 0.04102600 0.02661500 0.10610000
v 0.04072600 0.02661500 0.10115200
v 0.04072600 0.02661500 0.10115200
v 0.04072600 0.02661500 0.10115200
v 0.04072600 0.02661500 0.10115200
v 0.04072600 0.02661500 0.10115200
v 0.04140800 0.02608700 0.10106900
v 0.04140800 0.02608700 0.10106900
v 0.04140800 0.02608700 0.10106900
v 0.04140800 0.02608700 0.10106900
v 0.03963700 0.02661500 0.09551700
v 0.03963700 0.02661500 0.09551700
v 0.03963700 0.02661500 0.09551700
v 0.03963700 0.02661500 0.09551700
v 0.03963700 0.02661500 0.09551700
v 0.03963700 0.02661500 0.09551700
v 0.03963700 0.02661500 0.09551700
v 0.03963700 0.02661500 0.09551700
v 0.03963700 0.02661500 0.09551700
v 0.03963700 0.02661500 0.09551700
v 0.03963700 0.02661500 0.09551700
v 0.03963700 0.02661500 0.09551700
v 0.04072600 0.02661500 0.11104800
v 0.04072600 0.02661500 0.11104800
v 0.04072600 0.02661500 0.11104800
v 0.04072600 0.02661500 0.11104800
v 0.04072600 0.02661500 0.11104800
v 0.03963700 0.02661500 0.11668200
v 0.03963700 0.02661500 0.11668200
v 0.03963700 0.02661500 0.11668200
v 0.03963700 0.02661500 0.11668200
v 0.03963700 0.02661500 0.11668200
v 0.03963700 0.02661500 0.11668200
v 0.03963700 0.02661500 0.11668200
v 0.03963700 0.02661500 0.11668200
v 0.03963700 0.02661500 0.11668200
v 0.03963700 0.02661500 0.11668200
v 0.04030100 0.02608700 0.11686000
v 0.04030100 0.02608700 0.11686000
v 0.04030100 0.02608700 0.11686000
v 0.04030100 0.02608700 0.11686000
v 0.04030100 0.02608700 0.11686000
v 0.04030100 0.02608700 0.11686000
v 0.04140800 0.02608700 0.11113100
v 0.04140800 0.02608700 0.11113100
v 0.04140800 0.02608700 0.11113100
v 0.04140800 0.02608700 0.11113100
v -0.04102500 0.02661400 0.10610000
v -0.04102500 0.02661400 0.10610000
v -0.04102500 0.02661400 0.10610000
v -0.04102500 0.02661400 0.10610000
v -0.04102500 0.02661400 0.10610000
v -0.04102500 0.02661400 0.10610000
v -0.04102500 0.02661400 0.10610000
v -0.04171200 0.02608700 0.10610000
v -0.04171200 0.02608700 0.10610000
v -0.04171200 0.02608700 0.10610000
v -0.04171200 0.02608700 0.10610000
v -0.04140700 0.02608700 0.11113100
v -0.04140700 0.02608700 0.11113100
v -0.04140700 0.02608700 0.11113100
v -0.04140700 0.02608700 0.11113100
v -0.04140700 0.02608700 0.11113100
v -0.04030000 0.02608700 0.11686000
v -0.04030000 0.02608700 0.11686000
v -0.04030000 0.02608700 0.11686000
v -0.04030000 0.02608700 0.11686000
v -0.04030000 0.02608700 0.11686000
v -0.03963600 0.02661400 0.11668300
v -0.03963600 0.02661400 0.11668300
v -0.03963600 0.02661400 0.11668300
v -0.03963600 0.02661400 0.11668300
v -0.03963600 0.02661400 0.11668300
v -0.03963600 0.02661400 0.11668300
v -0.03963600 0.02661400 0.11668300
v -0.03963600 0.02661400 0.11668300
v -0.03963600 0.02661400 0.11668300
v -0.03963600 0.02661400 0.11668300
v -0.03963600 0.02661400 0.11668300
v -0.03963600 0.02661400 0.11668300
v -0.03963600 0.02661400 0.11668300
v -0.03963600 0.02661400 0.11668300
v -0.03963600 0.02661400 0.11668300
v -0.04072500 0.02661400 0.11104800
v -0.04072500 0.02661400 0.11104800
v -0.04072500 0.02661400 0.11104800
v -0.04072500 0.02661400 0.11104800
v -0.04030000 0.02608700 0.09534000
v -0.04030000 0.02608700 0.09534000
v -0.04030000 0.02608700 0.09534000
v -0.04030000 0.02608700 0.09534000
v -0.04030000 0.02608700 0.09534000
v -0.04140700 0.02608700 0.10106900
v -0.04140700 0.02608700 0.10106900
v -0.04140700 0.02608700 0.10106900
v -0.04140700 0.02608700 0.10106900
v -0.04140700 0.02608700 0.10106900
v -0.03963700 0.02661400 0.09551800
v -0.03963700 0.02661400 0.09551800
v -0.03963700 0.02661400 0.09551800
v -0.03963700 0.02661400 0.09551800
v -0.03963700 0.02661400 0.09551800
v -0.03963700 0.02661400 0.09551800
v -0.03963700 0.02661400 0.09551800
v -0.03963700 0.02661400 0.09551800
v -0.03963700 0.02661400 0.09551800
v -0.03963700 0.02661400 0.09551800
v -0.03963700 0.02661400 0.09551800
v -0.04072500 0.02661400 0.10115200
v -0.04072500 0.02661400 0.10115200
v -0.04072500 0.02661400 0.10115200
v -0.04072500 0.02661400 0.10115200
v -0.04072500 0.02661400 0.10115200
v 0.03403200 -0.02590000 0.07136900
v 0.03083800 -0.02590000 0.06850400
v 0.01306200 -0.02590000 0.05926200
v 0.01339500 -0.02590000 0.05935600
v 0.01704300 -0.02590000 0.06055800
v 0.02050700 -0.02590000 0.06201000
v 0.02431300 -0.02590000 0.06399000
v 0.02458600 -0.02590000 0.06414800
v 0.02785800 -0.02590000 0.06624400
v -0.01306200 -0.02590000 0.05926200
v -0.01714000 -0.02590000 0.06059500
v -0.03403100 -0.02590000 0.07136900
v -0.03403100 -0.02590000 0.07136900
v -0.03378300 -0.02590000 0.07112800
v -0.03091800 -0.02590000 0.06857000
v -0.02792900 -0.02590000 0.06629600
v -0.02431200 -0.02590000 0.06399000
v -0.02403800 -0.02590000 0.06383300
v -0.02058700 -0.02590000 0.06204700
v -0.03442200 -0.02598000 0.07231300
v -0.04709300 -0.02590000 0.09399400
v -0.04709300 -0.02590000 0.11820700
v -0.03403100 -0.02590000 0.14083100
v -0.01306100 -0.02590000 0.15293800
v -0.01339400 -0.02590000 0.15284400
v -0.01704200 -0.02590000 0.15164200
v -0.02050600 -0.02590000 0.15019000
v -0.02431200 -0.02590000 0.14821000
v -0.02457500 -0.02590000 0.14805700
v -0.02783300 -0.02590000 0.14597200
v -0.02927000 -0.02590000 0.14493000
v -0.02940200 -0.02590000 0.14483000
v -0.03083800 -0.02590000 0.14369500
v 0.01306300 -0.02590000 0.15293800
v 0.03403200 -0.02590000 0.14083100
v 0.03378400 -0.02590000 0.14107200
v 0.03091900 -0.02590000 0.14363000
v 0.02793100 -0.02590000 0.14590400
v 0.02431300 -0.02590000 0.14821000
v 0.02404800 -0.02590000 0.14836200
v 0.02061400 -0.02590000 0.15014000
v 0.01899300 -0.02590000 0.15086400
v 0.01884100 -0.02590000 0.15092800
v 0.01714000 -0.02590000 0.15160500
v 0.04709400 -0.02590000 0.11820600
v 0.04709400 -0.02590000 0.09399300
v 0.04103200 -0.02590000 0.12170600
v 0.04103200 -0.02590000 0.09049300
v 0.03403200 -0.02590000 0.07836900
v 0.00785400 -0.02590000 0.06427300
v 0.00785400 -0.02590000 0.06427300
v 0.00785400 -0.02590000 0.06427300
v 0.00785400 -0.02590000 0.06427300
v 0.00606800 -0.02590000 0.06397700
v 0.00606800 -0.02590000 0.06397700
v 0.00641300 -0.02590000 0.06327700
v 0.00700000 -0.02590000 0.06276200
v 0.01135600 -0.02590000 0.06508600
v 0.01135600 -0.02590000 0.06508600
v 0.01135600 -0.02590000 0.06508600
v 0.01477700 -0.02590000 0.06619000
v 0.01477700 -0.02590000 0.06619000
v 0.01477700 -0.02590000 0.06619000
v 0.01809300 -0.02590000 0.06758000
v 0.01809300 -0.02590000 0.06758000
v 0.01809300 -0.02590000 0.06758000
v 0.02127900 -0.02590000 0.06924400
v 0.02127900 -0.02590000 0.06924400
v 0.02127900 -0.02590000 0.06924400
v 0.03344600 -0.02590000 0.07978400
v 0.03344600 -0.02590000 0.07978400
v 0.03229600 -0.02590000 0.07838500
v 0.03229600 -0.02590000 0.07838500
v 0.03229600 -0.02590000 0.07838500
v 0.03229600 -0.02590000 0.07838500
v 0.02984200 -0.02590000 0.07575800
v 0.02984200 -0.02590000 0.07575800
v 0.02984200 -0.02590000 0.07575800
v 0.02717500 -0.02590000 0.07334800
v 0.02717500 -0.02590000 0.07334800
v 0.02717500 -0.02590000 0.07334800
v 0.02431400 -0.02590000 0.07117100
v 0.02431400 -0.02590000 0.07117100
v 0.02431400 -0.02590000 0.07117100
v -0.04103100 -0.02590000 0.09049400
v -0.04103100 -0.02590000 0.12170700
v -0.03403100 -0.02590000 0.13383100
v -0.00785300 -0.02590000 0.14792600
v -0.00785300 -0.02590000 0.14792600
v -0.00785300 -0.02590000 0.14792600
v -0.00785300 -0.02590000 0.14792600
v -0.00606700 -0.02590000 0.14822300
v -0.00606700 -0.02590000 0.14822300
v -0.00641200 -0.02590000 0.14892300
v -0.00699900 -0.02590000 0.14943800
v -0.01135500 -0.02590000 0.14711400
v -0.01135500 -0.02590000 0.14711400
v -0.01135500 -0.02590000 0.14711400
v -0.01135500 -0.02590000 0.14711400
v -0.01477600 -0.02590000 0.14601000
v -0.01477600 -0.02590000 0.14601000
v -0.01477600 -0.02590000 0.14601000
v -0.01809200 -0.02590000 0.14462000
v -0.01809200 -0.02590000 0.14462000
v -0.01809200 -0.02590000 0.14462000
v -0.02127800 -0.02590000 0.14295600
v -0.02127800 -0.02590000 0.14295600
v -0.02127800 -0.02590000 0.14295600
v -0.02431300 -0.02590000 0.14102900
v -0.02431300 -0.02590000 0.14102900
v -0.02431300 -0.02590000 0.14102900
v -0.02431300 -0.02590000 0.14102900
v -0.03344500 -0.02590000 0.13241600
v -0.03344500 -0.02590000 0.13241600
v -0.03229500 -0.02590000 0.13381500
v -0.03229500 -0.02590000 0.13381500
v -0.03229500 -0.02590000 0.13381500
v -0.03229500 -0.02590000 0.13381500
v -0.02984100 -0.02590000 0.13644200
v -0.02984100 -0.02590000 0.13644200
v -0.02984100 -0.02590000 0.13644200
v -0.02717400 -0.02590000 0.13885200
v -0.02717400 -0.02590000 0.13885200
v -0.02717400 -0.02590000 0.13885200
v 0.00700100 -0.02590000 0.14943800
v 0.01809300 -0.02590000 0.14462000
v 0.01809300 -0.02590000 0.14462000
v 0.01809300 -0.02590000 0.14462000
v 0.02127900 -0.02590000 0.14295600
v 0.02127900 -0.02590000 0.14295600
v 0.02127900 -0.02590000 0.14295600
v 0.03229700 -0.02590000 0.13381400
v 0.03229700 -0.02590000 0.13381400
v 0.03229700 -0.02590000 0.13381400
v 0.03229700 -0.02590000 0.13381400
v 0.03344600 -0.02590000 0.13241600
v 0.03344600 -0.02590000 0.13241600
v 0.03388000 -0.02590000 0.13306500
v 0.03403200 -0.02590000 0.13383100
v 0.02984200 -0.02590000 0.13644100
v 0.02984200 -0.02590000 0.13644100
v 0.02984200 -0.02590000 0.13644100
v 0.02717500 -0.02590000 0.13885200
v 0.02717500 -0.02590000 0.13885200
v 0.02717500 -0.02590000 0.13885200
v 0.02431400 -0.02590000 0.14102800
v 0.02431400 -0.02590000 0.14102800
v 0.02431400 -0.02590000 0.14102800
v 0.00606900 -0.02590000 0.14822300
v 0.00606900 -0.02590000 0.14822300
v 0.00785400 -0.02590000 0.14792600
v 0.00785400 -0.02590000 0.14792600
v 0.00785400 -0.02590000 0.14792600
v 0.00785400 -0.02590000 0.14792600
v 0.01135600 -0.02590000 0.14711400
v 0.01135600 -0.02590000 0.14711400
v 0.01135600 -0.02590000 0.14711400
v 0.01477700 -0.02590000 0.14601000
v 0.01477700 -0.02590000 0.14601000
v 0.01477700 -0.02590000 0.14601000
v -0.03229600 -0.02590000 0.07838600
v -0.03229600 -0.02590000 0.07838600
v -0.03229600 -0.02590000 0.07838600
v -0.03229600 -0.02590000 0.07838600
v -0.03344500 -0.02590000 0.07978400
v -0.03344500 -0.02590000 0.07978400
v -0.03387900 -0.02590000 0.07913500
v -0.00606800 -0.02590000 0.06397700
v -0.00606800 -0.02590000 0.06397700
v -0.00700000 -0.02590000 0.06276200
v -0.00785300 -0.02590000 0.06427400
v -0.00785300 -0.02590000 0.06427400
v -0.00785300 -0.02590000 0.06427400
v -0.00785300 -0.02590000 0.06427400
v -0.01135500 -0.02590000 0.06508600
v -0.01135500 -0.02590000 0.06508600
v -0.01135500 -0.02590000 0.06508600
v -0.01477600 -0.02590000 0.06619000
v -0.01477600 -0.02590000 0.06619000
v -0.01477600 -0.02590000 0.06619000
v -0.01809200 -0.02590000 0.06758000
v -0.01809200 -0.02590000 0.06758000
v -0.01809200 -0.02590000 0.06758000
v -0.02127800 -0.02590000 0.06924400
v -0.02127800 -0.02590000 0.06924400
v -0.02127800 -0.02590000 0.06924400
v -0.03403100 -0.02590000 0.07836900
v -0.03403100 -0.02590000 0.07836900
v -0.02984100 -0.02590000 0.07575900
v -0.02984100 -0.02590000 0.07575900
v -0.02984100 -0.02590000 0.07575900
v -0.02717400 -0.02590000 0.07334800
v -0.02717400 -0.02590000 0.07334800
v -0.02717400 -0.02590000 0.07334800
v -0.02431300 -0.02590000 0.07117200
v -0.02431300 -0.02590000 0.07117200
v -0.02431300 -0.02590000 0.07117200
v 0.04029300 -0.02590000 0.09024200
v 0.03951400 -0.02590000 0.09029400
v 0.03951400 -0.02590000 0.09029400
v 0.00597800 -0.02597400 0.06451000
v 0.00597800 -0.02597400 0.06451000
v 0.00597800 -0.02597400 0.06451000
v 0.00592600 -0.02619300 0.06501100
v 0.00592600 -0.02619300 0.06501100
v 0.00592600 -0.02619300 0.06501100
v 0.00769800 -0.02608700 0.06510400
v 0.00769800 -0.02608700 0.06510400
v 0.00769800 -0.02608700 0.06510400
v 0.00769800 -0.02608700 0.06510400
v 0.00769800 -0.02608700 0.06510400
v 0.01113000 -0.02608700 0.06590000
v 0.01113000 -0.02608700 0.06590000
v 0.01113000 -0.02608700 0.06590000
v 0.01113000 -0.02608700 0.06590000
v 0.01448300 -0.02608700 0.06698300
v 0.01448300 -0.02608700 0.06698300
v 0.01448300 -0.02608700 0.06698300
v 0.01448300 -0.02608700 0.06698300
v 0.01773300 -0.02608700 0.06834500
v 0.01773300 -0.02608700 0.06834500
v 0.01773300 -0.02608700 0.06834500
v 0.01773300 -0.02608700 0.06834500
v 0.02085600 -0.02608700 0.06997600
v 0.02085600 -0.02608700 0.06997600
v 0.02085600 -0.02608700 0.06997600
v 0.02085600 -0.02608700 0.06997600
v 0.02383100 -0.02608700 0.07186500
v 0.02383100 -0.02608700 0.07186500
v 0.02383100 -0.02608700 0.07186500
v 0.02383100 -0.02608700 0.07186500
v 0.02663500 -0.02608700 0.07399900
v 0.02663500 -0.02608700 0.07399900
v 0.02663500 -0.02608700 0.07399900
v 0.02663500 -0.02608700 0.07399900
v 0.02924900 -0.02608700 0.07636100
v 0.02924900 -0.02608700 0.07636100
v 0.02924900 -0.02608700 0.07636100
v 0.02924900 -0.02608700 0.07636100
v 0.03165500 -0.02608700 0.07893600
v 0.03165500 -0.02608700 0.07893600
v 0.03165500 -0.02608700 0.07893600
v 0.03165500 -0.02608700 0.07893600
v 0.03165500 -0.02608700 0.07893600
v 0.00589000 -0.02661400 0.06550000
v 0.00589000 -0.02661400 0.06550000
v 0.00757100 -0.02661400 0.06577900
v 0.00757100 -0.02661400 0.06577900
v 0.00757100 -0.02661400 0.06577900
v 0.00757100 -0.02661400 0.06577900
v 0.00757100 -0.02661400 0.06577900
v 0.00757100 -0.02661400 0.06577900
v 0.00757100 -0.02661400 0.06577900
v 0.00757100 -0.02661400 0.06577900
v 0.01094700 -0.02661400 0.06656200
v 0.01094700 -0.02661400 0.06656200
v 0.01094700 -0.02661400 0.06656200
v 0.01094700 -0.02661400 0.06656200
v 0.01094700 -0.02661400 0.06656200
v 0.01094700 -0.02661400 0.06656200
v 0.01424500 -0.02661400 0.06762700
v 0.01424500 -0.02661400 0.06762700
v 0.01424500 -0.02661400 0.06762700
v 0.01424500 -0.02661400 0.06762700
v 0.01424500 -0.02661400 0.06762700
v 0.01744100 -0.02661400 0.06896700
v 0.01744100 -0.02661400 0.06896700
v 0.01744100 -0.02661400 0.06896700
v 0.01744100 -0.02661400 0.06896700
v 0.02051300 -0.02661400 0.07057100
v 0.02051300 -0.02661400 0.07057100
v 0.02051300 -0.02661400 0.07057100
v 0.02051300 -0.02661400 0.07057100
v 0.02051300 -0.02661400 0.07057100
v 0.02343800 -0.02661400 0.07242900
v 0.02343800 -0.02661400 0.07242900
v 0.02343800 -0.02661400 0.07242900
v 0.02343800 -0.02661400 0.07242900
v 0.02619700 -0.02661400 0.07452700
v 0.02619700 -0.02661400 0.07452700
v 0.02619700 -0.02661400 0.07452700
v 0.02619700 -0.02661400 0.07452700
v 0.02619700 -0.02661400 0.07452700
v 0.02876800 -0.02661400 0.07685100
v 0.02876800 -0.02661400 0.07685100
v 0.02876800 -0.02661400 0.07685100
v 0.02876800 -0.02661400 0.07685100
v 0.02876800 -0.02661400 0.07685100
v 0.02876800 -0.02661400 0.07685100
v 0.02876800 -0.02661400 0.07685100
v 0.02876800 -0.02661400 0.07685100
v 0.02876800 -0.02661400 0.07685100
v 0.02876800 -0.02661400 0.07685100
v 0.03113400 -0.02661400 0.07938300
v 0.03113400 -0.02661400 0.07938300
v 0.03113400 -0.02661400 0.07938300
v 0.03113400 -0.02661400 0.07938300
v 0.03113400 -0.02661400 0.07938300
v 0.03113400 -0.02661400 0.07938300
v 0.03113400 -0.02661400 0.07938300
v 0.03113400 -0.02661400 0.07938300
v 0.03113400 -0.02661400 0.07938300
v 0.03113400 -0.02661400 0.07938300
v 0.03221600 -0.02661400 0.08069900
v 0.03221600 -0.02661400 0.08069900
v 0.03262200 -0.02619300 0.08042300
v 0.03262200 -0.02619300 0.08042300
v 0.03262200 -0.02619300 0.08042300
v 0.03302700 -0.02597500 0.08013000
v 0.03302700 -0.02597500 0.08013000
v 0.03302700 -0.02597500 0.08013000
v -0.00597700 -0.02597400 0.14769000
v -0.00597700 -0.02597400 0.14769000
v -0.00597700 -0.02597400 0.14769000
v -0.00592500 -0.02619300 0.14718900
v -0.00592500 -0.02619300 0.14718900
v -0.00592500 -0.02619300 0.14718900
v -0.00769700 -0.02608700 0.14709600
v -0.00769700 -0.02608700 0.14709600
v -0.00769700 -0.02608700 0.14709600
v -0.00769700 -0.02608700 0.14709600
v -0.00769700 -0.02608700 0.14709600
v -0.00769700 -0.02608700 0.14709600
v -0.01112900 -0.02608700 0.14630000
v -0.01112900 -0.02608700 0.14630000
v -0.01112900 -0.02608700 0.14630000
v -0.01112900 -0.02608700 0.14630000
v -0.01448200 -0.02608700 0.14521700
v -0.01448200 -0.02608700 0.14521700
v -0.01448200 -0.02608700 0.14521700
v -0.01448200 -0.02608700 0.14521700
v -0.01448200 -0.02608700 0.14521700
v -0.01773200 -0.02608700 0.14385500
v -0.01773200 -0.02608700 0.14385500
v -0.01773200 -0.02608700 0.14385500
v -0.01773200 -0.02608700 0.14385500
v -0.02085500 -0.02608700 0.14222400
v -0.02085500 -0.02608700 0.14222400
v -0.02085500 -0.02608700 0.14222400
v -0.02085500 -0.02608700 0.14222400
v -0.02383000 -0.02608700 0.14033500
v -0.02383000 -0.02608700 0.14033500
v -0.02383000 -0.02608700 0.14033500
v -0.02383000 -0.02608700 0.14033500
v -0.02663400 -0.02608700 0.13820100
v -0.02663400 -0.02608700 0.13820100
v -0.02663400 -0.02608700 0.13820100
v -0.02663400 -0.02608700 0.13820100
v -0.02663400 -0.02608700 0.13820100
v -0.02924800 -0.02608700 0.13583900
v -0.02924800 -0.02608700 0.13583900
v -0.02924800 -0.02608700 0.13583900
v -0.02924800 -0.02608700 0.13583900
v -0.03165400 -0.02608700 0.13326400
v -0.03165400 -0.02608700 0.13326400
v -0.03165400 -0.02608700 0.13326400
v -0.03165400 -0.02608700 0.13326400
v -0.03165400 -0.02608700 0.13326400
v -0.00588900 -0.02661400 0.14670000
v -0.00588900 -0.02661400 0.14670000
v -0.00757000 -0.02661400 0.14642100
v -0.00757000 -0.02661400 0.14642100
v -0.00757000 -0.02661400 0.14642100
v -0.00757000 -0.02661400 0.14642100
v -0.00757000 -0.02661400 0.14642100
v -0.00757000 -0.02661400 0.14642100
v -0.00757000 -0.02661400 0.14642100
v -0.00757000 -0.02661400 0.14642100
v -0.01094600 -0.02661400 0.14563800
v -0.01094600 -0.02661400 0.14563800
v -0.01094600 -0.02661400 0.14563800
v -0.01094600 -0.02661400 0.14563800
v -0.01094600 -0.02661400 0.14563800
v -0.01094600 -0.02661400 0.14563800
v -0.01094600 -0.02661400 0.14563800
v -0.01424400 -0.02661400 0.14457300
v -0.01424400 -0.02661400 0.14457300
v -0.01424400 -0.02661400 0.14457300
v -0.01424400 -0.02661400 0.14457300
v -0.01424400 -0.02661400 0.14457300
v -0.01744000 -0.02661400 0.14323300
v -0.01744000 -0.02661400 0.14323300
v -0.01744000 -0.02661400 0.14323300
v -0.01744000 -0.02661400 0.14323300
v -0.02051200 -0.02661400 0.14162900
v -0.02051200 -0.02661400 0.14162900
v -0.02051200 -0.02661400 0.14162900
v -0.02051200 -0.02661400 0.14162900
v -0.02051200 -0.02661400 0.14162900
v -0.02343700 -0.02661400 0.13977100
v -0.02343700 -0.02661400 0.13977100
v -0.02343700 -0.02661400 0.13977100
v -0.02343700 -0.02661400 0.13977100
v -0.02619600 -0.02661400 0.13767300
v -0.02619600 -0.02661400 0.13767300
v -0.02619600 -0.02661400 0.13767300
v -0.02619600 -0.02661400 0.13767300
v -0.02619600 -0.02661400 0.13767300
v -0.02876700 -0.02661400 0.13534900
v -0.02876700 -0.02661400 0.13534900
v -0.02876700 -0.02661400 0.13534900
v -0.02876700 -0.02661400 0.13534900
v -0.02876700 -0.02661400 0.13534900
v -0.02876700 -0.02661400 0.13534900
v -0.02876700 -0.02661400 0.13534900
v -0.02876700 -0.02661400 0.13534900
v -0.02876700 -0.02661400 0.13534900
v -0.02876700 -0.02661400 0.13534900
v -0.03113300 -0.02661400 0.13281700
v -0.03113300 -0.02661400 0.13281700
v -0.03113300 -0.02661400 0.13281700
v -0.03113300 -0.02661400 0.13281700
v -0.03113300 -0.02661400 0.13281700
v -0.03113300 -0.02661400 0.13281700
v -0.03113300 -0.02661400 0.13281700
v -0.03113300 -0.02661400 0.13281700
v -0.03113300 -0.02661400 0.13281700
v -0.03113300 -0.02661400 0.13281700
v -0.03221500 -0.02661400 0.13150100
v -0.03221500 -0.02661400 0.13150100
v -0.03262100 -0.02619300 0.13177700
v -0.03262100 -0.02619300 0.13177700
v -0.03262100 -0.02619300 0.13177700
v -0.03302600 -0.02597500 0.13207000
v -0.03302600 -0.02597500 0.13207000
v -0.03302600 -0.02597500 0.13207000
v 0.03303000 -0.02597400 0.13207100
v 0.03303000 -0.02597400 0.13207100
v 0.03303000 -0.02597400 0.13207100
v 0.03262200 -0.02619300 0.13177600
v 0.03262200 -0.02619300 0.13177600
v 0.03262200 -0.02619300 0.13177600
v 0.03165500 -0.02608700 0.13326400
v 0.03165500 -0.02608700 0.13326400
v 0.03165500 -0.02608700 0.13326400
v 0.03165500 -0.02608700 0.13326400
v 0.03165500 -0.02608700 0.13326400
v 0.02925000 -0.02608700 0.13583900
v 0.02925000 -0.02608700 0.13583900
v 0.02925000 -0.02608700 0.13583900
v 0.02925000 -0.02608700 0.13583900
v 0.02663500 -0.02608700 0.13820100
v 0.02663500 -0.02608700 0.13820100
v 0.02663500 -0.02608700 0.13820100
v 0.02663500 -0.02608700 0.13820100
v 0.02383100 -0.02608700 0.14033500
v 0.02383100 -0.02608700 0.14033500
v 0.02383100 -0.02608700 0.14033500
v 0.02383100 -0.02608700 0.14033500
v 0.02085700 -0.02608700 0.14222400
v 0.02085700 -0.02608700 0.14222400
v 0.02085700 -0.02608700 0.14222400
v 0.02085700 -0.02608700 0.14222400
v 0.01773400 -0.02608700 0.14385500
v 0.01773400 -0.02608700 0.14385500
v 0.01773400 -0.02608700 0.14385500
v 0.01773400 -0.02608700 0.14385500
v 0.01448400 -0.02608700 0.14521700
v 0.01448400 -0.02608700 0.14521700
v 0.01448400 -0.02608700 0.14521700
v 0.01448400 -0.02608700 0.14521700
v 0.01113100 -0.02608700 0.14630000
v 0.01113100 -0.02608700 0.14630000
v 0.01113100 -0.02608700 0.14630000
v 0.01113100 -0.02608700 0.14630000
v 0.00769800 -0.02608700 0.14709600
v 0.00769800 -0.02608700 0.14709600
v 0.00769800 -0.02608700 0.14709600
v 0.00769800 -0.02608700 0.14709600
v 0.00769800 -0.02608700 0.14709600
v 0.03221600 -0.02661400 0.13150100
v 0.03221600 -0.02661400 0.13150100
v 0.03113400 -0.02661400 0.13281700
v 0.03113400 -0.02661400 0.13281700
v 0.03113400 -0.02661400 0.13281700
v 0.03113400 -0.02661400 0.13281700
v 0.03113400 -0.02661400 0.13281700
v 0.03113400 -0.02661400 0.13281700
v 0.03113400 -0.02661400 0.13281700
v 0.03113400 -0.02661400 0.13281700
v 0.02876800 -0.02661400 0.13534900
v 0.02876800 -0.02661400 0.13534900
v 0.02876800 -0.02661400 0.13534900
v 0.02876800 -0.02661400 0.13534900
v 0.02876800 -0.02661400 0.13534900
v 0.02876800 -0.02661400 0.13534900
v 0.02619700 -0.02661400 0.13767300
v 0.02619700 -0.02661400 0.13767300
v 0.02619700 -0.02661400 0.13767300
v 0.02619700 -0.02661400 0.13767300
v 0.02619700 -0.02661400 0.13767300
v 0.02343900 -0.02661400 0.13977100
v 0.02343900 -0.02661400 0.13977100
v 0.02343900 -0.02661400 0.13977100
v 0.02343900 -0.02661400 0.13977100
v 0.02051300 -0.02661400 0.14162900
v 0.02051300 -0.02661400 0.14162900
v 0.02051300 -0.02661400 0.14162900
v 0.02051300 -0.02661400 0.14162900
v 0.02051300 -0.02661400 0.14162900
v 0.01744200 -0.02661400 0.14323300
v 0.01744200 -0.02661400 0.14323300
v 0.01744200 -0.02661400 0.14323300
v 0.01744200 -0.02661400 0.14323300
v 0.01424500 -0.02661400 0.14457300
v 0.01424500 -0.02661400 0.14457300
v 0.01424500 -0.02661400 0.14457300
v 0.01424500 -0.02661400 0.14457300
v 0.01424500 -0.02661400 0.14457300
v 0.01094700 -0.02661400 0.14563800
v 0.01094700 -0.02661400 0.14563800
v 0.01094700 -0.02661400 0.14563800
v 0.01094700 -0.02661400 0.14563800
v 0.01094700 -0.02661400 0.14563800
v 0.01094700 -0.02661400 0.14563800
v 0.01094700 -0.02661400 0.14563800
v 0.01094700 -0.02661400 0.14563800
v 0.01094700 -0.02661400 0.14563800
v 0.01094700 -0.02661400 0.14563800
v 0.00757100 -0.02661400 0.14642100
v 0.00757100 -0.02661400 0.14642100
v 0.00757100 -0.02661400 0.14642100
v 0.00757100 -0.02661400 0.14642100
v 0.00757100 -0.02661400 0.14642100
v 0.00757100 -0.02661400 0.14642100
v 0.00757100 -0.02661400 0.14642100
v 0.00757100 -0.02661400 0.14642100
v 0.00757100 -0.02661400 0.14642100
v 0.00757100 -0.02661400 0.14642100
v 0.00589100 -0.02661400 0.14670000
v 0.00589100 -0.02661400 0.14670000
v 0.00592600 -0.02619300 0.14718900
v 0.00592600 -0.02619300 0.14718900
v 0.00592600 -0.02619300 0.14718900
v 0.00597800 -0.02597500 0.14768700
v 0.00597800 -0.02597500 0.14768700
v 0.00597800 -0.02597500 0.14768700
v 0.03951400 -0.02590000 0.12190600
v 0.03951400 -0.02590000 0.12190600
v -0.03302900 -0.02597500 0.08012900
v -0.03302900 -0.02597500 0.08012900
v -0.03302900 -0.02597500 0.08012900
v -0.03262100 -0.02619300 0.08042400
v -0.03262100 -0.02619300 0.08042400
v -0.03262100 -0.02619300 0.08042400
v -0.03165400 -0.02608700 0.07893600
v -0.03165400 -0.02608700 0.07893600
v -0.03165400 -0.02608700 0.07893600
v -0.03165400 -0.02608700 0.07893600
v -0.03165400 -0.02608700 0.07893600
v -0.02924900 -0.02608700 0.07636100
v -0.02924900 -0.02608700 0.07636100
v -0.02924900 -0.02608700 0.07636100
v -0.02924900 -0.02608700 0.07636100
v -0.02663400 -0.02608700 0.07399900
v -0.02663400 -0.02608700 0.07399900
v -0.02663400 -0.02608700 0.07399900
v -0.02663400 -0.02608700 0.07399900
v -0.02383000 -0.02608700 0.07186500
v -0.02383000 -0.02608700 0.07186500
v -0.02383000 -0.02608700 0.07186500
v -0.02383000 -0.02608700 0.07186500
v -0.02085600 -0.02608700 0.06997600
v -0.02085600 -0.02608700 0.06997600
v -0.02085600 -0.02608700 0.06997600
v -0.02085600 -0.02608700 0.06997600
v -0.01773300 -0.02608700 0.06834500
v -0.01773300 -0.02608700 0.06834500
v -0.01773300 -0.02608700 0.06834500
v -0.01773300 -0.02608700 0.06834500
v -0.01448300 -0.02608700 0.06698300
v -0.01448300 -0.02608700 0.06698300
v -0.01448300 -0.02608700 0.06698300
v -0.01448300 -0.02608700 0.06698300
v -0.01113000 -0.02608700 0.06590000
v -0.01113000 -0.02608700 0.06590000
v -0.01113000 -0.02608700 0.06590000
v -0.01113000 -0.02608700 0.06590000
v -0.00769700 -0.02608700 0.06510400
v -0.00769700 -0.02608700 0.06510400
v -0.00769700 -0.02608700 0.06510400
v -0.00769700 -0.02608700 0.06510400
v -0.00769700 -0.02608700 0.06510400
v -0.03221500 -0.02661400 0.08069900
v -0.03221500 -0.02661400 0.08069900
v -0.03113300 -0.02661400 0.07938300
v -0.03113300 -0.02661400 0.07938300
v -0.03113300 -0.02661400 0.07938300
v -0.03113300 -0.02661400 0.07938300
v -0.03113300 -0.02661400 0.07938300
v -0.03113300 -0.02661400 0.07938300
v -0.03113300 -0.02661400 0.07938300
v -0.03113300 -0.02661400 0.07938300
v -0.02876700 -0.02661400 0.07685100
v -0.02876700 -0.02661400 0.07685100
v -0.02876700 -0.02661400 0.07685100
v -0.02876700 -0.02661400 0.07685100
v -0.02876700 -0.02661400 0.07685100
v -0.02876700 -0.02661400 0.07685100
v -0.02619600 -0.02661400 0.07452700
v -0.02619600 -0.02661400 0.07452700
v -0.02619600 -0.02661400 0.07452700
v -0.02619600 -0.02661400 0.07452700
v -0.02619600 -0.02661400 0.07452700
v -0.02343800 -0.02661400 0.07242900
v -0.02343800 -0.02661400 0.07242900
v -0.02343800 -0.02661400 0.07242900
v -0.02343800 -0.02661400 0.07242900
v -0.02051200 -0.02661400 0.07057100
v -0.02051200 -0.02661400 0.07057100
v -0.02051200 -0.02661400 0.07057100
v -0.02051200 -0.02661400 0.07057100
v -0.02051200 -0.02661400 0.07057100
v -0.01744100 -0.02661400 0.06896700
v -0.01744100 -0.02661400 0.06896700
v -0.01744100 -0.02661400 0.06896700
v -0.01744100 -0.02661400 0.06896700
v -0.01424400 -0.02661400 0.06762700
v -0.01424400 -0.02661400 0.06762700
v -0.01424400 -0.02661400 0.06762700
v -0.01424400 -0.02661400 0.06762700
v -0.01424400 -0.02661400 0.06762700
v -0.01094600 -0.02661400 0.06656200
v -0.01094600 -0.02661400 0.06656200
v -0.01094600 -0.02661400 0.06656200
v -0.01094600 -0.02661400 0.06656200
v -0.01094600 -0.02661400 0.06656200
v -0.01094600 -0.02661400 0.06656200
v -0.01094600 -0.02661400 0.06656200
v -0.01094600 -0.02661400 0.06656200
v -0.01094600 -0.02661400 0.06656200
v -0.01094600 -0.02661400 0.06656200
v -0.00757000 -0.02661400 0.06577900
v -0.00757000 -0.02661400 0.06577900
v -0.00757000 -0.02661400 0.06577900
v -0.00757000 -0.02661400 0.06577900
v -0.00757000 -0.02661400 0.06577900
v -0.00757000 -0.02661400 0.06577900
v -0.00757000 -0.02661400 0.06577900
v -0.00757000 -0.02661400 0.06577900
v -0.00757000 -0.02661400 0.06577900
v -0.00589000 -0.02661400 0.06550000
v -0.00589000 -0.02661400 0.06550000
v -0.00592500 -0.02619300 0.06501100
v -0.00592500 -0.02619300 0.06501100
v -0.00592500 -0.02619300 0.06501100
v -0.00597700 -0.02597500 0.06451300
v -0.00597700 -0.02597500 0.06451300
v -0.00597700 -0.02597500 0.06451300
v -0.03951300 -0.02590000 0.09029400
v -0.03951300 -0.02590000 0.09029400
v -0.04029200 -0.02590000 0.12195800
v -0.03951300 -0.02590000 0.12190600
v -0.03951300 -0.02590000 0.12190600
v 0.03900700 -0.02597400 0.09048200
v 0.03900700 -0.02597400 0.09048200
v 0.03900700 -0.02597400 0.09048200
v 0.03854800 -0.02619300 0.09068700
v 0.03854800 -0.02619300 0.09068700
v 0.03854800 -0.02619300 0.09068700
v 0.00633000 -0.03349800 0.07142300
v 0.00633000 -0.03349800 0.07142300
v 0.00595600 -0.03273700 0.07071000
v 0.00595600 -0.03273700 0.07071000
v 0.00587700 -0.03208400 0.07014100
v 0.00587700 -0.03208400 0.07014100
v 0.00688900 -0.03391900 0.07189000
v 0.00688900 -0.03391900 0.07189000
v 0.00688900 -0.03391900 0.07189000
v 0.00741100 -0.03402100 0.07208800
v 0.00741100 -0.03402100 0.07208800
v 0.01093800 -0.03402100 0.07305300
v 0.01093800 -0.03402100 0.07305300
v 0.01093800 -0.03402100 0.07305300
v 0.01531700 -0.03402100 0.07484100
v 0.01531700 -0.03402100 0.07484100
v 0.01531700 -0.03402100 0.07484100
v 0.01531700 -0.03402100 0.07484100
v 0.01941300 -0.03402100 0.07720600
v 0.01941300 -0.03402100 0.07720600
v 0.01941300 -0.03402100 0.07720600
v 0.01941300 -0.03402100 0.07720600
v 0.02315100 -0.03402100 0.08010400
v 0.02315100 -0.03402100 0.08010400
v 0.02315100 -0.03402100 0.08010400
v 0.02675000 -0.03358500 0.08325700
v 0.02675000 -0.03358500 0.08325700
v 0.02675000 -0.03358500 0.08325700
v 0.02641000 -0.03380600 0.08314600
v 0.02641000 -0.03380600 0.08314600
v 0.02623600 -0.03389500 0.08306100
v 0.02623600 -0.03389500 0.08306100
v 0.02606500 -0.03396300 0.08295300
v 0.02606500 -0.03396300 0.08295300
v 0.02590100 -0.03400700 0.08282400
v 0.02590100 -0.03400700 0.08282400
v 0.02575000 -0.03402100 0.08267600
v 0.02575000 -0.03402100 0.08267600
v 0.02820300 -0.03208400 0.08303100
v 0.02820300 -0.03208400 0.08303100
v 0.02768400 -0.03272300 0.08324400
v 0.02768400 -0.03272300 0.08324400
v 0.02768000 -0.03272800 0.08324500
v 0.02768000 -0.03272800 0.08324500
v 0.02708400 -0.03331800 0.08330400
v 0.02708400 -0.03331800 0.08330400
v 0.02707700 -0.03332400 0.08330300
v 0.02707700 -0.03332400 0.08330300
v 0.02683400 -0.03352300 0.12892600
v 0.02683400 -0.03352300 0.12892600
v 0.02760800 -0.03280700 0.12893800
v 0.02760800 -0.03280700 0.12893800
v 0.02820400 -0.03208400 0.12916800
v 0.02820400 -0.03208400 0.12916800
v 0.02618200 -0.03391900 0.12917100
v 0.02618200 -0.03391900 0.12917100
v 0.02618200 -0.03391900 0.12917100
v 0.02575000 -0.03402100 0.12952400
v 0.02575000 -0.03402100 0.12952400
v 0.02315200 -0.03402100 0.13209600
v 0.02315200 -0.03402100 0.13209600
v 0.02315200 -0.03402100 0.13209600
v 0.01941400 -0.03402100 0.13499400
v 0.01941400 -0.03402100 0.13499400
v 0.01941400 -0.03402100 0.13499400
v 0.01941400 -0.03402100 0.13499400
v 0.01531700 -0.03402100 0.13735900
v 0.01531700 -0.03402100 0.13735900
v 0.01531700 -0.03402100 0.13735900
v 0.01531700 -0.03402100 0.13735900
v 0.01093800 -0.03402100 0.13914700
v 0.01093800 -0.03402100 0.13914700
v 0.01093800 -0.03402100 0.13914700
v 0.00640800 -0.03358500 0.14068700
v 0.00640800 -0.03358500 0.14068700
v 0.00640800 -0.03358500 0.14068700
v 0.00667400 -0.03380600 0.14044800
v 0.00667400 -0.03380600 0.14044800
v 0.00683600 -0.03389500 0.14034000
v 0.00683600 -0.03389500 0.14034000
v 0.00701400 -0.03396300 0.14024600
v 0.00701400 -0.03396300 0.14024600
v 0.00720700 -0.03400700 0.14016900
v 0.00720700 -0.03400700 0.14016900
v 0.00741200 -0.03402100 0.14011200
v 0.00741200 -0.03402100 0.14011200
v 0.00587700 -0.03208400 0.14205900
v 0.00587700 -0.03208400 0.14205900
v 0.00595300 -0.03272300 0.14150200
v 0.00595300 -0.03272300 0.14150200
v 0.00595400 -0.03272800 0.14149800
v 0.00595400 -0.03272800 0.14149800
v 0.00620100 -0.03331800 0.14095300
v 0.00620100 -0.03331800 0.14095300
v 0.00620500 -0.03332400 0.14094700
v 0.00620500 -0.03332400 0.14094700
v 0.03900500 -0.02597500 0.12171700
v 0.03900500 -0.02597500 0.12171700
v 0.03900500 -0.02597500 0.12171700
v 0.03854800 -0.02619300 0.12151300
v 0.03854800 -0.02619300 0.12151300
v 0.03854800 -0.02619300 0.12151300
v -0.03900400 -0.02597500 0.09048300
v -0.03900400 -0.02597500 0.09048300
v -0.03900400 -0.02597500 0.09048300
v -0.03854700 -0.02619300 0.09068700
v -0.03854700 -0.02619300 0.09068700
v -0.03854700 -0.02619300 0.09068700
v -0.03900600 -0.02597500 0.12171800
v -0.03900600 -0.02597500 0.12171800
v -0.03900600 -0.02597500 0.12171800
v -0.03854700 -0.02619300 0.12151300
v -0.03854700 -0.02619300 0.12151300
v -0.00635000 -0.03352300 0.14075100
v -0.00635000 -0.03352300 0.14075100
v -0.00597400 -0.03280700 0.14142800
v -0.00597400 -0.03280700 0.14142800
v -0.00587600 -0.03208400 0.14205900
v -0.00587600 -0.03208400 0.14205900
v -0.00688800 -0.03391900 0.14030900
v -0.00688800 -0.03391900 0.14030900
v -0.00688800 -0.03391900 0.14030900
v -0.00741000 -0.03402100 0.14011200
v -0.00741000 -0.03402100 0.14011200
v -0.01093700 -0.03402100 0.13914700
v -0.01093700 -0.03402100 0.13914700
v -0.01093700 -0.03402100 0.13914700
v -0.01531600 -0.03402100 0.13735900
v -0.01531600 -0.03402100 0.13735900
v -0.01531600 -0.03402100 0.13735900
v -0.01531600 -0.03402100 0.13735900
v -0.01941200 -0.03402100 0.13499400
v -0.01941200 -0.03402100 0.13499400
v -0.01941200 -0.03402100 0.13499400
v -0.01941200 -0.03402100 0.13499400
v -0.02315000 -0.03402100 0.13209600
v -0.02315000 -0.03402100 0.13209600
v -0.02315000 -0.03402100 0.13209600
v -0.02674900 -0.03358500 0.12894300
v -0.02674900 -0.03358500 0.12894300
v -0.02674900 -0.03358500 0.12894300
v -0.02640900 -0.03380600 0.12905400
v -0.02640900 -0.03380600 0.12905400
v -0.02623500 -0.03389500 0.12913900
v -0.02623500 -0.03389500 0.12913900
v -0.02606400 -0.03396300 0.12924700
v -0.02606400 -0.03396300 0.12924700
v -0.02590000 -0.03400700 0.12937600
v -0.02590000 -0.03400700 0.12937600
v -0.02574900 -0.03402100 0.12952400
v -0.02574900 -0.03402100 0.12952400
v -0.02820200 -0.03208400 0.12916900
v -0.02820200 -0.03208400 0.12916900
v -0.02768300 -0.03272300 0.12895600
v -0.02768300 -0.03272300 0.12895600
v -0.02767900 -0.03272800 0.12895500
v -0.02767900 -0.03272800 0.12895500
v -0.02708300 -0.03331800 0.12889600
v -0.02708300 -0.03331800 0.12889600
v -0.02707600 -0.03332400 0.12889700
v -0.02707600 -0.03332400 0.12889700
v -0.02683300 -0.03352300 0.08327400
v -0.02683300 -0.03352300 0.08327400
v -0.02760700 -0.03280700 0.08326200
v -0.02760700 -0.03280700 0.08326200
v -0.02820300 -0.03208400 0.08303200
v -0.02820300 -0.03208400 0.08303200
v -0.02618100 -0.03391900 0.08302900
v -0.02618100 -0.03391900 0.08302900
v -0.02618100 -0.03391900 0.08302900
v -0.02574900 -0.03402100 0.08267600
v -0.02574900 -0.03402100 0.08267600
v -0.02315100 -0.03402100 0.08010400
v -0.02315100 -0.03402100 0.08010400
v -0.02315100 -0.03402100 0.08010400
v -0.01941300 -0.03402100 0.07720600
v -0.01941300 -0.03402100 0.07720600
v -0.01941300 -0.03402100 0.07720600
v -0.01941300 -0.03402100 0.07720600
v -0.01531600 -0.03402100 0.07484100
v -0.01531600 -0.03402100 0.07484100
v -0.01531600 -0.03402100 0.07484100
v -0.01531600 -0.03402100 0.07484100
v -0.01093700 -0.03402100 0.07305300
v -0.01093700 -0.03402100 0.07305300
v -0.01093700 -0.03402100 0.07305300
v -0.00640700 -0.03358500 0.07151300
v -0.00640700 -0.03358500 0.07151300
v -0.00640700 -0.03358500 0.07151300
v -0.00667300 -0.03380600 0.07175200
v -0.00667300 -0.03380600 0.07175200
v -0.00683500 -0.03389500 0.07186000
v -0.00683500 -0.03389500 0.07186000
v -0.00701300 -0.03396300 0.07195400
v -0.00701300 -0.03396300 0.07195400
v -0.00720600 -0.03400700 0.07203100
v -0.00720600 -0.03400700 0.07203100
v -0.00741100 -0.03402100 0.07208800
v -0.00741100 -0.03402100 0.07208800
v -0.00587600 -0.03208400 0.07014100
v -0.00587600 -0.03208400 0.07014100
v -0.00595200 -0.03272300 0.07069800
v -0.00595200 -0.03272300 0.07069800
v -0.00595300 -0.03272800 0.07070200
v -0.00595300 -0.03272800 0.07070200
v -0.00620000 -0.03331800 0.07124700
v -0.00620400 -0.03332400 0.07125300
v 0.03810600 -0.02661400 0.12129900
v 0.03810600 -0.02661400 0.12129900
v 0.03810600 -0.02661400 0.09090100
v 0.03810600 -0.02661400 0.09090100
v -0.03810500 -0.02661400 0.09090100
v -0.03810500 -0.02661400 0.09090100
v -0.03810500 -0.02661400 0.12129900
v -0.03810500 -0.02661400 0.12129900
v -0.03810500 -0.02661400 0.12129900
v -0.03328400 -0.03331800 0.09404300
v -0.03328400 -0.03331800 0.09404300
v -0.03363500 -0.03272300 0.09355400
v -0.03363500 -0.03272300 0.09355400
v -0.03328000 -0.03332400 0.09405000
v -0.03328000 -0.03332400 0.09405000
v -0.03407900 -0.03208400 0.09321000
v -0.03407900 -0.03208400 0.09321000
v 0.03408000 -0.03208400 0.09321000
v 0.03408000 -0.03208400 0.09321000
v 0.03408000 -0.03208400 0.09321000
v 0.03408000 -0.03208400 0.09321000
v 0.03318500 -0.03352300 0.09427500
v 0.03318500 -0.03352300 0.09427500
v 0.03307100 -0.03391900 0.09496100
v 0.03307100 -0.03391900 0.09496100
v 0.03316100 -0.03402100 0.09551200
v 0.03316100 -0.03402100 0.09551200
v 0.03358200 -0.03280700 0.09361000
v 0.03358200 -0.03280700 0.09361000
v 0.03408000 -0.03208400 0.11899000
v 0.03408000 -0.03208400 0.11899000
v -0.03407900 -0.03208400 0.11899000
v -0.03407900 -0.03208400 0.11899000
v -0.03407900 -0.03208400 0.11899000
v -0.03407900 -0.03208400 0.11899000
v -0.03403600 -0.03402100 0.11339700
v -0.03403600 -0.03402100 0.11339700
v -0.03403600 -0.03402100 0.11339700
v -0.03403600 -0.03402100 0.11339700
v -0.03403600 -0.03402100 0.11339700
v -0.03464300 -0.03402100 0.10950200
v -0.03464300 -0.03402100 0.10950200
v -0.03464300 -0.03402100 0.10950200
v -0.03481000 -0.03402100 0.10610000
v -0.03481000 -0.03402100 0.10610000
v -0.03316000 -0.03402100 0.11668800
v -0.03316000 -0.03402100 0.11668800
v -0.03316000 -0.03402100 0.09551200
v -0.03316000 -0.03402100 0.09551200
v -0.03403600 -0.03402100 0.09880300
v -0.03403600 -0.03402100 0.09880300
v -0.03403600 -0.03402100 0.09880300
v -0.03455600 -0.03402100 0.10190200
v -0.03455600 -0.03402100 0.10190200
v -0.03464300 -0.03402100 0.10269900
v -0.03464300 -0.03402100 0.10269900
v -0.03464300 -0.03402100 0.10269900
v -0.03307800 -0.03396300 0.09510100
v -0.03307800 -0.03396300 0.09510100
v -0.03310700 -0.03400700 0.09530700
v -0.03310700 -0.03400700 0.09530700
v -0.03315700 -0.03358500 0.09435500
v -0.03315700 -0.03358500 0.09435500
v -0.03308300 -0.03380600 0.09470500
v -0.03308300 -0.03380600 0.09470500
v -0.03307000 -0.03389500 0.09489900
v -0.03307000 -0.03389500 0.09489900
v -0.03963600 -0.02661500 0.09551800
v -0.03963600 -0.02661500 0.09551800
v -0.03963600 -0.02661500 0.09551800
v -0.03963600 -0.02661500 0.09551800
v -0.03963600 -0.02661500 0.09551800
v -0.03963600 -0.02661500 0.09551800
v -0.03963600 -0.02661500 0.09551800
v -0.03963600 -0.02661500 0.09551800
v -0.03963600 -0.02661500 0.09551800
v -0.03963600 -0.02661500 0.09551800
v -0.03963600 -0.02661500 0.09551800
v -0.03963600 -0.02661500 0.09551800
v -0.03963600 -0.02661500 0.09551800
v -0.03963600 -0.02661500 0.09551800
v -0.03963600 -0.02661500 0.09551800
v -0.04102500 -0.02661500 0.10610000
v -0.04102500 -0.02661500 0.10610000
v -0.04102500 -0.02661500 0.10610000
v -0.04102500 -0.02661500 0.10610000
v -0.04102500 -0.02661500 0.10610000
v -0.04102500 -0.02661500 0.10610000
v -0.04072500 -0.02661500 0.10115200
v -0.04072500 -0.02661500 0.10115200
v -0.04072500 -0.02661500 0.10115200
v -0.04072500 -0.02661500 0.10115200
v -0.04072500 -0.02661500 0.10115200
v -0.04072500 -0.02661500 0.10115200
v -0.04072500 -0.02661500 0.10115200
v 0.03963700 -0.02661400 0.09551700
v 0.03963700 -0.02661400 0.09551700
v 0.03963700 -0.02661400 0.09551700
v 0.03963700 -0.02661400 0.09551700
v 0.03963700 -0.02661400 0.09551700
v 0.03963700 -0.02661400 0.09551700
v 0.03363900 -0.03305300 0.09437700
v 0.03363900 -0.03305300 0.09437700
v 0.03363900 -0.03305300 0.09437700
v 0.03363900 -0.03305300 0.09437700
v 0.03363900 -0.03305300 0.09437700
v 0.03363900 -0.03305300 0.09437700
v 0.03403700 -0.03402100 0.09880300
v 0.03403700 -0.03402100 0.09880300
v 0.03403700 -0.03402100 0.09880300
v 0.03403700 -0.03402100 0.09880300
v 0.03403700 -0.03402100 0.09880300
v 0.04072600 -0.02661400 0.10115200
v 0.04072600 -0.02661400 0.10115200
v 0.04072600 -0.02661400 0.10115200
v 0.04072600 -0.02661400 0.10115200
v 0.04072600 -0.02661400 0.10115200
v 0.03464400 -0.03402100 0.10269800
v 0.03464400 -0.03402100 0.10269800
v 0.03464400 -0.03402100 0.10269800
v 0.04102600 -0.02661400 0.10610000
v 0.04102600 -0.02661400 0.10610000
v 0.04102600 -0.02661400 0.10610000
v 0.04102600 -0.02661400 0.10610000
v 0.04102600 -0.02661400 0.10610000
v 0.04102600 -0.02661400 0.10610000
v 0.03481100 -0.03402100 0.10610000
v 0.03481100 -0.03402100 0.10610000
v 0.03316100 -0.03402100 0.11668800
v 0.03316100 -0.03402100 0.11668800
v 0.03403700 -0.03402100 0.11339700
v 0.03403700 -0.03402100 0.11339700
v 0.03403700 -0.03402100 0.11339700
v 0.03455700 -0.03402100 0.11029800
v 0.03455700 -0.03402100 0.11029800
v 0.03464400 -0.03402100 0.10950100
v 0.03464400 -0.03402100 0.10950100
v 0.03464400 -0.03402100 0.10950100
v -0.04030000 -0.02608700 0.09534000
v -0.04030000 -0.02608700 0.09534000
v -0.04030000 -0.02608700 0.09534000
v -0.04030000 -0.02608700 0.09534000
v -0.04030000 -0.02608700 0.09534000
v -0.04111700 -0.02590000 0.09512200
v -0.04111700 -0.02590000 0.09512200
v -0.04111700 -0.02590000 0.09512200
v -0.04111700 -0.02590000 0.09512200
v -0.04224600 -0.02590000 0.10096700
v -0.04224600 -0.02590000 0.10096700
v -0.04224600 -0.02590000 0.10096700
v -0.04171200 -0.02608700 0.10610000
v -0.04171200 -0.02608700 0.10610000
v -0.04171200 -0.02608700 0.10610000
v -0.04171200 -0.02608700 0.10610000
v -0.04171200 -0.02608700 0.10610000
v -0.04255700 -0.02590000 0.10610000
v -0.04255700 -0.02590000 0.10610000
v -0.04255700 -0.02590000 0.10610000
v -0.04140700 -0.02608700 0.10106900
v -0.04140700 -0.02608700 0.10106900
v -0.04140700 -0.02608700 0.10106900
v -0.04140700 -0.02608700 0.10106900
v 0.04111800 -0.02590000 0.09512200
v 0.04111800 -0.02590000 0.09512200
v 0.04111800 -0.02590000 0.09512200
v 0.04111800 -0.02590000 0.09512200
v 0.04030100 -0.02608700 0.09534000
v 0.04030100 -0.02608700 0.09534000
v 0.04030100 -0.02608700 0.09534000
v 0.04030100 -0.02608700 0.09534000
v 0.04030100 -0.02608700 0.09534000
v 0.04140800 -0.02608700 0.10106900
v 0.04140800 -0.02608700 0.10106900
v 0.04140800 -0.02608700 0.10106900
v 0.04140800 -0.02608700 0.10106900
v 0.04224700 -0.02590000 0.10096700
v 0.04224700 -0.02590000 0.10096700
v 0.04224700 -0.02590000 0.10096700
v 0.04171300 -0.02608700 0.10610000
v 0.04171300 -0.02608700 0.10610000
v 0.04171300 -0.02608700 0.10610000
v 0.04171300 -0.02608700 0.10610000
v 0.04255800 -0.02590000 0.10610000
v 0.04255800 -0.02590000 0.10610000
v 0.04255800 -0.02590000 0.10610000
v 0.03307900 -0.03396300 0.11709900
v 0.03307900 -0.03396300 0.11709900
v 0.03310800 -0.03400700 0.11689300
v 0.03310800 -0.03400700 0.11689300
v 0.03328100 -0.03332400 0.11815000
v 0.03328100 -0.03332400 0.11815000
v 0.03315800 -0.03358500 0.11784500
v 0.03315800 -0.03358500 0.11784500
v 0.03308400 -0.03380600 0.11749500
v 0.03308400 -0.03380600 0.11749500
v 0.03307100 -0.03389500 0.11730100
v 0.03307100 -0.03389500 0.11730100
v -0.03307000 -0.03391900 0.11723900
v -0.03307000 -0.03391900 0.11723900
v -0.03318400 -0.03352300 0.11792500
v -0.03318400 -0.03352300 0.11792500
v -0.03358100 -0.03280700 0.11859000
v -0.03358100 -0.03280700 0.11859000
v 0.03363600 -0.03272300 0.11864600
v 0.03363600 -0.03272300 0.11864600
v 0.03328500 -0.03331800 0.11815700
v 0.03328500 -0.03331800 0.11815700
v 0.03363300 -0.03272800 0.11864300
v 0.03363300 -0.03272800 0.11864300
v -0.04787300 -0.02590000 0.09757700
v -0.04111700 -0.02590000 0.11707800
v -0.04111700 -0.02590000 0.11707800
v -0.04111700 -0.02590000 0.11707800
v -0.04111700 -0.02590000 0.11707800
v -0.04224600 -0.02590000 0.11123300
v -0.04224600 -0.02590000 0.11123300
v -0.04224600 -0.02590000 0.11123300
v -0.04848700 -0.02590000 0.10976400
v -0.04862400 -0.02590000 0.10610000
v -0.04843600 -0.02590000 0.10181300
v -0.04797800 -0.02590000 0.11400800
v 0.04111800 -0.02590000 0.11707800
v 0.04111800 -0.02590000 0.11707800
v 0.04111800 -0.02590000 0.11707800
v 0.04111800 -0.02590000 0.11707800
v 0.04224700 -0.02590000 0.11123300
v 0.04224700 -0.02590000 0.11123300
v 0.04224700 -0.02590000 0.11123300
v 0.04787400 -0.02590000 0.11462300
v 0.04797900 -0.02590000 0.09819200
v 0.04848800 -0.02590000 0.10243600
v 0.04862500 -0.02590000 0.10610000
v 0.04843700 -0.02590000 0.11038600
v -0.04072500 -0.02661500 0.11104800
v -0.04072500 -0.02661500 0.11104800
v -0.04072500 -0.02661500 0.11104800
v -0.04072500 -0.02661500 0.11104800
v -0.04072500 -0.02661500 0.11104800
v -0.03963600 -0.02661500 0.11668300
v -0.03963600 -0.02661500 0.11668300
v -0.03963600 -0.02661500 0.11668300
v -0.03963600 -0.02661500 0.11668300
v -0.03963600 -0.02661500 0.11668300
v -0.04030000 -0.02608700 0.11686000
v -0.04030000 -0.02608700 0.11686000
v -0.04030000 -0.02608700 0.11686000
v -0.04030000 -0.02608700 0.11686000
v -0.04030000 -0.02608700 0.11686000
v -0.04030000 -0.02608700 0.11686000
v -0.04140700 -0.02608700 0.11113100
v -0.04140700 -0.02608700 0.11113100
v -0.04140700 -0.02608700 0.11113100
v -0.04140700 -0.02608700 0.11113100
v 0.04140800 -0.02608700 0.11113100
v 0.04140800 -0.02608700 0.11113100
v 0.04140800 -0.02608700 0.11113100
v 0.04140800 -0.02608700 0.11113100
v 0.04030100 -0.02608700 0.11686000
v 0.04030100 -0.02608700 0.11686000
v 0.04030100 -0.02608700 0.11686000
v 0.04030100 -0.02608700 0.11686000
v 0.04030100 -0.02608700 0.11686000
v 0.03963700 -0.02661400 0.11668200
v 0.03963700 -0.02661400 0.11668200
v 0.03963700 -0.02661400 0.11668200
v 0.03963700 -0.02661400 0.11668200
v 0.03963700 -0.02661400 0.11668200
v 0.03963700 -0.02661400 0.11668200
v 0.03963700 -0.02661400 0.11668200
v 0.03963700 -0.02661400 0.11668200
v 0.03963700 -0.02661400 0.11668200
v 0.03963700 -0.02661400 0.11668200
v 0.03963700 -0.02661400 0.11668200
v 0.03963700 -0.02661400 0.11668200
v 0.03963700 -0.02661400 0.11668200
v 0.03963700 -0.02661400 0.11668200
v 0.03963700 -0.02661400 0.11668200
v 0.03963700 -0.02661400 0.11668200
v 0.04072600 -0.02661400 0.11104800
v 0.04072600 -0.02661400 0.11104800
v 0.04072600 -0.02661400 0.11104800
v 0.04072600 -0.02661400 0.11104800
v 0.04072600 -0.02661400 0.11104800
v 0.04072600 -0.02661400 0.11104800
v -0.03363800 -0.03305300 0.11782300
v -0.03363800 -0.03305300 0.11782300
v -0.03363800 -0.03305300 0.11782300
v -0.03363800 -0.03305300 0.11782300
v -0.03363800 -0.03305300 0.11782300
v -0.03363800 -0.03305300 0.11782300
vn -0.00000000 1.00000000 -0.00000000
vn -0.00000000 1.00000000 -0.00000000
vn -0.00000000 1.00000000 -0.00000000
vn -0.00000000 1.00000000 -0.00000000
vn -0.00000000 1.00000000 -0.00000000
vn -0.00000000 1.00000000 -0.00000000
vn -0.00000000 1.00000000 -0.00000000
vn -0.00000000 1.00000000 -0.00000000
vn -0.00000000 1.00000000 -0.00000000
vn -0.00000000 1.00000000 -0.00000000
vn -0.00000000 1.00000000 -0.00000000
vn -0.00000000 1.00000000 -0.00000000
vn -0.00000000 1.00000000 -0.00000000
vn -0.00000000 1.00000000 -0.00000000
vn -0.00000000 1.00000000 -0.00000000
vn -0.00000000 1.00000000 -0.00000000
vn -0.00000000 1.00000000 -0.00000000
vn -0.00000000 1.00000000 -0.00000000
vn -0.00000000 1.00000000 -0.00000000
vn -0.00000000 1.00000000 -0.00000000
vn -0.00000000 1.00000000 -0.00000000
vn -0.00000000 1.00000000 -0.00000000
vn -0.00000000 1.00000000 -0.00000000
vn -0.00000000 1.00000000 -0.00000000
vn -0.00000000 1.00000000 -0.00000000
vn -0.00000000 1.00000000 -0.00000000
vn -0.00000000 1.00000000 -0.00000000
vn -0.00000000 1.00000000 -0.00000000
vn -0.00000000 1.00000000 -0.00000000
vn -0.00000000 1.00000000 -0.00000000
vn -0.00000000 1.00000000 -0.00000000
vn -0.00000000 1.00000000 -0.00000000
vn -0.00000000 1.00000000 -0.00000000
vn -0.00000000 1.00000000 -0.00000000
vn -0.00000000 1.00000000 -0.00000000
vn -0.00000000 1.00000000 -0.00000000
vn -0.12560000 0.64180000 -0.75650000
vn -0.12580000 0.64190000 -0.75640000
vn -0.12580000 0.64190000 -0.75640000
vn -0.10710000 0.75740000 -0.64410000
vn -0.19470000 0.64730000 -0.73700000
vn -0.14940000 0.64270000 -0.75140000
vn -0.17350000 0.64050000 -0.74810000
vn -0.13690000 0.64290000 -0.75370000
vn -0.14940000 0.64270000 -0.75140000
vn -0.13690000 0.64290000 -0.75370000
vn -0.12750000 0.64210000 -0.75590000
vn -0.12750000 0.64210000 -0.75590000
vn -0.12560000 0.64180000 -0.75650000
vn -0.57380000 0.64240000 -0.50800000
vn -0.54090000 0.64730000 -0.53710000
vn -0.56120000 0.64050000 -0.52430000
vn -0.51540000 0.63950000 -0.57040000
vn -0.54090000 0.64730000 -0.53710000
vn -0.46890000 0.64930000 -0.59880000
vn -0.37970000 0.65070000 -0.65760000
vn -0.46890000 0.64930000 -0.59880000
vn -0.46280000 0.64470000 -0.60840000
vn -0.41160000 0.64080000 -0.64800000
vn -0.28420000 0.64930000 -0.70550000
vn -0.29550000 0.64470000 -0.70500000
vn -0.37970000 0.65070000 -0.65760000
vn -0.35540000 0.64080000 -0.68040000
vn -0.19470000 0.64730000 -0.73700000
vn -0.28420000 0.64930000 -0.70550000
vn -0.23620000 0.63950000 -0.73160000
vn -0.59230000 0.64180000 -0.48710000
vn -0.59160000 0.64200000 -0.48770000
vn -0.58850000 0.64240000 -0.49090000
vn -0.59160000 0.64200000 -0.48770000
vn -0.59230000 0.64180000 -0.48710000
vn -0.59220000 0.64180000 -0.48720000
vn -0.57660000 0.64260000 -0.50460000
vn -0.57920000 0.64280000 -0.50130000
vn -0.57660000 0.64260000 -0.50460000
vn -0.57380000 0.64240000 -0.50800000
vn -0.58850000 0.64240000 -0.49090000
vn -0.58510000 0.64270000 -0.49460000
vn -0.58180000 0.64280000 -0.49840000
vn -0.58510000 0.64270000 -0.49460000
vn -0.57920000 0.64280000 -0.50130000
vn -0.58180000 0.64280000 -0.49840000
vn -0.59220000 0.64180000 -0.48720000
vn -0.50420000 0.75740000 -0.41480000
vn -0.30330000 0.91610000 -0.26240000
vn -0.50420000 0.75740000 -0.41480000
vn -0.48350000 0.79290000 -0.37080000
vn -0.10590000 0.99060000 -0.08700000
vn -0.30330000 0.91610000 -0.26240000
vn -0.18320000 0.97590000 -0.11880000
vn -0.00000000 1.00000000 -0.00000000
vn -0.10590000 0.99060000 -0.08700000
vn -0.38190000 0.91600000 -0.12300000
vn -0.20340000 0.97610000 -0.07690000
vn -0.12960000 0.99060000 -0.04300000
vn -0.12960000 0.99060000 -0.04300000
vn -0.00000000 1.00000000 -0.00000000
vn -0.38190000 0.91600000 -0.12300000
vn -0.62130000 0.75600000 -0.20600000
vn -0.57630000 0.79260000 -0.19910000
vn -0.00000000 1.00000000 -0.00000000
vn -0.62130000 0.75600000 -0.20600000
vn -0.73000000 0.63920000 -0.24210000
vn -0.73080000 0.63710000 -0.24500000
vn -0.73000000 0.63920000 -0.24210000
vn -0.73170000 0.63380000 -0.25100000
vn -0.73190000 0.63550000 -0.24610000
vn -0.73520000 0.64680000 -0.20270000
vn -0.73190000 0.63550000 -0.24610000
vn -0.73170000 0.63380000 -0.25100000
vn -0.73160000 0.63410000 -0.25040000
vn -0.73080000 0.63710000 -0.24500000
vn -0.73160000 0.63410000 -0.25040000
vn -0.76550000 0.64230000 0.03880000
vn -0.76910000 0.63800000 -0.03900000
vn -0.76520000 0.64210000 -0.04630000
vn -0.74870000 0.64690000 -0.14470000
vn -0.76700000 0.62960000 -0.12360000
vn -0.76910000 0.63800000 -0.03900000
vn -0.76700000 0.62960000 -0.12360000
vn -0.73520000 0.64680000 -0.20270000
vn -0.73210000 0.63610000 0.24380000
vn -0.73520000 0.64680000 0.20270000
vn -0.76700000 0.62960000 0.12370000
vn -0.73520000 0.64680000 0.20270000
vn -0.76550000 0.64230000 0.03880000
vn -0.76700000 0.62960000 0.12370000
vn -0.76790000 0.63890000 0.04650000
vn -0.74870000 0.64690000 0.14470000
vn 0.18320000 0.97590000 -0.11870000
vn 0.30280000 0.91630000 -0.26210000
vn 0.10540000 0.99060000 -0.08660000
vn 0.10540000 0.99060000 -0.08660000
vn -0.00000000 1.00000000 -0.00000000
vn 0.50420000 0.75740000 -0.41480000
vn 0.48350000 0.79290000 -0.37080000
vn 0.30280000 0.91630000 -0.26210000
vn -0.00000000 1.00000000 -0.00000000
vn 0.59220000 0.64190000 -0.48720000
vn 0.50420000 0.75740000 -0.41480000
vn 0.59220000 0.64190000 -0.48720000
vn 0.59240000 0.64180000 -0.48700000
vn 0.54090000 0.64730000 -0.53710000
vn 0.57610000 0.64270000 -0.50510000
vn 0.56120000 0.64050000 -0.52430000
vn 0.57610000 0.64270000 -0.50510000
vn 0.58420000 0.64290000 -0.49540000
vn 0.59090000 0.64210000 -0.48840000
vn 0.58420000 0.64290000 -0.49540000
vn 0.59240000 0.64180000 -0.48700000
vn 0.59090000 0.64210000 -0.48840000
vn 0.19470000 0.64730000 -0.73700000
vn 0.17350000 0.64050000 -0.74810000
vn 0.15310000 0.64240000 -0.75100000
vn 0.19470000 0.64730000 -0.73700000
vn 0.28420000 0.64930000 -0.70550000
vn 0.23620000 0.63950000 -0.73160000
vn 0.37970000 0.65070000 -0.65760000
vn 0.35540000 0.64080000 -0.68040000
vn 0.29550000 0.64470000 -0.70500000
vn 0.28420000 0.64930000 -0.70550000
vn 0.46280000 0.64470000 -0.60840000
vn 0.41160000 0.64080000 -0.64800000
vn 0.46890000 0.64930000 -0.59890000
vn 0.37970000 0.65070000 -0.65760000
vn 0.51540000 0.63960000 -0.57040000
vn 0.54090000 0.64730000 -0.53710000
vn 0.46890000 0.64930000 -0.59890000
vn 0.12660000 0.64200000 -0.75620000
vn 0.12560000 0.64180000 -0.75650000
vn 0.12660000 0.64200000 -0.75620000
vn 0.13080000 0.64240000 -0.75510000
vn 0.12580000 0.64190000 -0.75640000
vn 0.12560000 0.64180000 -0.75650000
vn 0.14870000 0.64260000 -0.75160000
vn 0.14460000 0.64280000 -0.75230000
vn 0.15310000 0.64240000 -0.75100000
vn 0.14870000 0.64260000 -0.75160000
vn 0.13580000 0.64270000 -0.75400000
vn 0.13080000 0.64240000 -0.75510000
vn 0.14070000 0.64280000 -0.75300000
vn 0.13580000 0.64270000 -0.75400000
vn 0.14070000 0.64280000 -0.75300000
vn 0.14460000 0.64280000 -0.75230000
vn 0.10710000 0.75740000 -0.64410000
vn 0.12580000 0.64190000 -0.75640000
vn 0.10710000 0.75740000 -0.64410000
vn 0.07940000 0.79290000 -0.60420000
vn 0.07560000 0.91610000 -0.39380000
vn 0.07560000 0.91610000 -0.39380000
vn 0.02240000 0.99060000 -0.13520000
vn 0.01130000 0.97590000 -0.21800000
vn -0.00000000 1.00000000 -0.00000000
vn 0.02240000 0.99060000 -0.13520000
vn -0.07560000 0.91630000 -0.39330000
vn -0.02230000 0.99060000 -0.13460000
vn -0.01120000 0.97590000 -0.21800000
vn -0.02230000 0.99060000 -0.13460000
vn -0.00000000 1.00000000 -0.00000000
vn -0.10710000 0.75740000 -0.64410000
vn -0.07560000 0.91630000 -0.39330000
vn -0.07940000 0.79290000 -0.60420000
vn -0.00000000 1.00000000 -0.00000000
vn 0.76520000 0.64210000 0.04630000
vn 0.76910000 0.63800000 0.03900000
vn 0.76550000 0.64230000 -0.03880000
vn 0.73190000 0.63550000 0.24610000
vn 0.73520000 0.64680000 0.20270000
vn 0.76700000 0.62960000 0.12360000
vn 0.73520000 0.64680000 0.20270000
vn 0.76910000 0.63800000 0.03900000
vn 0.74870000 0.64690000 0.14470000
vn 0.76700000 0.62960000 0.12360000
vn 0.73200000 0.63570000 -0.24520000
vn 0.73520000 0.64680000 -0.20270000
vn 0.73520000 0.64680000 -0.20270000
vn 0.76700000 0.62960000 -0.12370000
vn 0.76700000 0.62960000 -0.12370000
vn 0.76550000 0.64230000 -0.03880000
vn 0.76790000 0.63890000 -0.04650000
vn 0.74870000 0.64690000 -0.14470000
vn 0.73070000 0.63730000 -0.24470000
vn 0.73160000 0.63440000 -0.24980000
vn 0.73000000 0.63920000 -0.24210000
vn 0.73070000 0.63730000 -0.24470000
vn 0.73160000 0.63440000 -0.24980000
vn 0.73170000 0.63350000 -0.25160000
vn 0.73170000 0.63440000 -0.24930000
vn 0.73200000 0.63570000 -0.24520000
vn 0.73170000 0.63440000 -0.24930000
vn 0.73170000 0.63350000 -0.25160000
vn 0.73000000 0.63920000 -0.24210000
vn 0.62130000 0.75600000 -0.20600000
vn 0.57630000 0.79260000 -0.19910000
vn 0.38240000 0.91570000 -0.12320000
vn 0.62130000 0.75600000 -0.20600000
vn 0.13010000 0.99060000 -0.04320000
vn 0.20350000 0.97610000 -0.07690000
vn 0.38240000 0.91570000 -0.12320000
vn 0.13010000 0.99060000 -0.04320000
vn -0.00000000 1.00000000 -0.00000000
vn 0.73170000 0.63380000 0.25100000
vn 0.73190000 0.63550000 0.24610000
vn 0.73170000 0.63380000 0.25100000
vn 0.73160000 0.63410000 0.25040000
vn 0.73160000 0.63410000 0.25040000
vn 0.73080000 0.63720000 0.24500000
vn 0.73080000 0.63720000 0.24500000
vn 0.73000000 0.63920000 0.24210000
vn 0.48350000 0.79290000 -0.37080000
vn 0.59240000 0.64180000 -0.48700000
vn 0.56120000 0.64050000 -0.52430000
vn 0.57610000 0.64270000 -0.50510000
vn 0.59220000 0.64190000 -0.48720000
vn 0.58420000 0.64290000 -0.49540000
vn 0.50420000 0.75740000 -0.41480000
vn 0.44510000 0.79310000 -0.41580000
vn 0.59090000 0.64210000 -0.48840000
vn 0.56120000 0.64050000 -0.52430000
vn 0.51540000 0.63960000 -0.57040000
vn 0.40840000 0.79310000 -0.45190000
vn 0.54090000 0.64730000 -0.53710000
vn 0.44510000 0.79310000 -0.41580000
vn 0.40840000 0.79310000 -0.45190000
vn 0.46890000 0.64930000 -0.59890000
vn 0.36880000 0.79310000 -0.48480000
vn 0.51540000 0.63960000 -0.57040000
vn 0.46280000 0.64470000 -0.60840000
vn 0.46280000 0.64470000 -0.60840000
vn 0.41160000 0.64080000 -0.64800000
vn 0.32660000 0.79310000 -0.51420000
vn 0.36880000 0.79310000 -0.48480000
vn 0.28200000 0.79310000 -0.53990000
vn 0.32660000 0.79310000 -0.51420000
vn 0.37970000 0.65070000 -0.65760000
vn 0.41160000 0.64080000 -0.64800000
vn 0.35540000 0.64080000 -0.68040000
vn 0.12660000 0.64200000 -0.75620000
vn 0.14870000 0.64260000 -0.75160000
vn 0.13080000 0.64240000 -0.75510000
vn 0.12580000 0.64190000 -0.75640000
vn 0.12560000 0.64180000 -0.75650000
vn 0.14460000 0.64280000 -0.75230000
vn 0.13760000 0.79310000 -0.59340000
vn 0.07940000 0.79290000 -0.60420000
vn 0.10710000 0.75740000 -0.64410000
vn 0.14070000 0.64280000 -0.75300000
vn 0.15310000 0.64240000 -0.75100000
vn 0.17350000 0.64050000 -0.74810000
vn 0.13580000 0.64270000 -0.75400000
vn 0.23540000 0.79310000 -0.56180000
vn 0.35540000 0.64080000 -0.68040000
vn 0.29550000 0.64470000 -0.70500000
vn 0.28200000 0.79310000 -0.53990000
vn 0.28420000 0.64930000 -0.70550000
vn 0.23620000 0.63950000 -0.73160000
vn 0.23540000 0.79310000 -0.56180000
vn 0.29550000 0.64470000 -0.70500000
vn 0.18720000 0.79310000 -0.57960000
vn 0.19470000 0.64730000 -0.73700000
vn 0.13760000 0.79310000 -0.59340000
vn 0.23620000 0.63950000 -0.73160000
vn 0.17350000 0.64050000 -0.74810000
vn 0.18720000 0.79310000 -0.57960000
vn -0.12580000 0.64190000 -0.75640000
vn -0.17350000 0.64050000 -0.74810000
vn -0.13690000 0.64290000 -0.75370000
vn -0.12560000 0.64180000 -0.75650000
vn -0.12750000 0.64210000 -0.75590000
vn -0.14940000 0.64270000 -0.75140000
vn -0.10710000 0.75740000 -0.64410000
vn -0.13760000 0.79310000 -0.59340000
vn -0.07940000 0.79290000 -0.60420000
vn -0.23620000 0.63950000 -0.73160000
vn -0.18720000 0.79310000 -0.57960000
vn -0.17350000 0.64050000 -0.74810000
vn -0.19470000 0.64730000 -0.73700000
vn -0.13760000 0.79310000 -0.59340000
vn -0.29550000 0.64470000 -0.70500000
vn -0.23620000 0.63950000 -0.73160000
vn -0.18720000 0.79310000 -0.57960000
vn -0.28420000 0.64930000 -0.70550000
vn -0.23540000 0.79310000 -0.56180000
vn -0.23540000 0.79310000 -0.56180000
vn -0.29550000 0.64470000 -0.70500000
vn -0.35540000 0.64080000 -0.68040000
vn -0.28200000 0.79310000 -0.53990000
vn -0.35540000 0.64080000 -0.68040000
vn -0.32660000 0.79310000 -0.51420000
vn -0.28200000 0.79310000 -0.53990000
vn -0.41160000 0.64080000 -0.64800000
vn -0.37970000 0.65070000 -0.65760000
vn -0.59160000 0.64200000 -0.48770000
vn -0.57920000 0.64280000 -0.50130000
vn -0.56120000 0.64050000 -0.52430000
vn -0.58510000 0.64270000 -0.49460000
vn -0.58180000 0.64280000 -0.49840000
vn -0.58850000 0.64240000 -0.49090000
vn -0.48350000 0.79290000 -0.37080000
vn -0.44510000 0.79310000 -0.41580000
vn -0.59230000 0.64180000 -0.48710000
vn -0.57380000 0.64240000 -0.50800000
vn -0.59220000 0.64180000 -0.48720000
vn -0.57660000 0.64260000 -0.50460000
vn -0.50420000 0.75740000 -0.41480000
vn -0.36880000 0.79310000 -0.48480000
vn -0.41160000 0.64080000 -0.64800000
vn -0.46280000 0.64470000 -0.60840000
vn -0.32660000 0.79310000 -0.51420000
vn -0.40840000 0.79310000 -0.45190000
vn -0.46280000 0.64470000 -0.60840000
vn -0.36880000 0.79310000 -0.48480000
vn -0.51540000 0.63950000 -0.57040000
vn -0.46890000 0.64930000 -0.59880000
vn -0.56120000 0.64050000 -0.52430000
vn -0.54090000 0.64730000 -0.53710000
vn -0.40840000 0.79310000 -0.45190000
vn -0.44510000 0.79310000 -0.41580000
vn -0.51540000 0.63950000 -0.57040000
vn -0.73160000 0.63440000 0.24980000
vn -0.73070000 0.63730000 0.24470000
vn -0.73170000 0.63350000 0.25170000
vn -0.73160000 0.63440000 0.24980000
vn -0.73070000 0.63730000 0.24470000
vn -0.73000000 0.63920000 0.24210000
vn -0.73180000 0.63460000 0.24860000
vn -0.73190000 0.63530000 0.24650000
vn -0.73190000 0.63530000 0.24650000
vn -0.73210000 0.63610000 0.24380000
vn -0.73170000 0.63350000 0.25170000
vn -0.73170000 0.63360000 0.25140000
vn -0.73170000 0.63360000 0.25140000
vn -0.73170000 0.63410000 0.25010000
vn -0.73180000 0.63460000 0.24860000
vn -0.73170000 0.63410000 0.25010000
vn -0.00000000 1.00000000 -0.00000000
vn -0.00000000 1.00000000 -0.00000000
vn -0.00000000 1.00000000 -0.00000000
vn -0.00000000 1.00000000 -0.00000000
vn -0.00000000 1.00000000 -0.00000000
vn -0.00000000 1.00000000 -0.00000000
vn -0.00000000 1.00000000 -0.00000000
vn -0.00000000 1.00000000 -0.00000000
vn -0.00000000 1.00000000 -0.00000000
vn -0.00000000 1.00000000 -0.00000000
vn 0.73000000 0.63920000 0.24210000
vn 0.57850000 0.79280000 0.19180000
vn 0.61740000 0.75660000 0.21540000
vn 0.61740000 0.75660000 0.21540000
vn 0.38190000 0.91600000 0.12300000
vn -0.00000000 1.00000000 -0.00000000
vn 0.18320000 0.97590000 -0.11870000
vn 0.10540000 0.99060000 -0.08660000
vn 0.15830000 0.97630000 -0.14790000
vn 0.44510000 0.79310000 -0.41580000
vn 0.48350000 0.79290000 -0.37080000
vn 0.30280000 0.91630000 -0.26210000
vn 0.18320000 0.97590000 -0.11870000
vn 0.15830000 0.97630000 -0.14790000
vn 0.15830000 0.97630000 -0.14790000
vn 0.44510000 0.79310000 -0.41580000
vn 0.40840000 0.79310000 -0.45190000
vn 0.14520000 0.97630000 -0.16070000
vn -0.00000000 1.00000000 -0.00000000
vn 0.15830000 0.97630000 -0.14790000
vn 0.14520000 0.97630000 -0.16070000
vn 0.14520000 0.97630000 -0.16070000
vn 0.13120000 0.97630000 -0.17240000
vn 0.40840000 0.79310000 -0.45190000
vn 0.36880000 0.79310000 -0.48480000
vn 0.13120000 0.97630000 -0.17240000
vn 0.14520000 0.97630000 -0.16070000
vn -0.00000000 1.00000000 -0.00000000
vn 0.32660000 0.79310000 -0.51420000
vn 0.11610000 0.97630000 -0.18290000
vn 0.13120000 0.97630000 -0.17240000
vn 0.36880000 0.79310000 -0.48480000
vn 0.13120000 0.97630000 -0.17240000
vn 0.11610000 0.97630000 -0.18290000
vn -0.00000000 1.00000000 -0.00000000
vn 0.10030000 0.97630000 -0.19200000
vn 0.11610000 0.97630000 -0.18290000
vn 0.28200000 0.79310000 -0.53990000
vn 0.32660000 0.79310000 -0.51420000
vn 0.10030000 0.97630000 -0.19200000
vn 0.11610000 0.97630000 -0.18290000
vn -0.00000000 1.00000000 -0.00000000
vn 0.23540000 0.79310000 -0.56180000
vn 0.28200000 0.79310000 -0.53990000
vn 0.08370000 0.97630000 -0.19980000
vn 0.10030000 0.97630000 -0.19200000
vn 0.10030000 0.97630000 -0.19200000
vn 0.08370000 0.97630000 -0.19980000
vn -0.00000000 1.00000000 -0.00000000
vn 0.23540000 0.79310000 -0.56180000
vn 0.06660000 0.97630000 -0.20610000
vn 0.08370000 0.97630000 -0.19980000
vn 0.18720000 0.79310000 -0.57960000
vn 0.08370000 0.97630000 -0.19980000
vn 0.06660000 0.97630000 -0.20610000
vn -0.00000000 1.00000000 -0.00000000
vn 0.13760000 0.79310000 -0.59340000
vn 0.04890000 0.97630000 -0.21100000
vn 0.06660000 0.97630000 -0.20610000
vn 0.18720000 0.79310000 -0.57960000
vn 0.06660000 0.97630000 -0.20610000
vn 0.04890000 0.97630000 -0.21100000
vn -0.00000000 1.00000000 -0.00000000
vn 0.01130000 0.97590000 -0.21800000
vn 0.13760000 0.79310000 -0.59340000
vn 0.07560000 0.91610000 -0.39380000
vn 0.04890000 0.97630000 -0.21100000
vn 0.07940000 0.79290000 -0.60420000
vn 0.02240000 0.99060000 -0.13520000
vn 0.01130000 0.97590000 -0.21800000
vn 0.04890000 0.97630000 -0.21100000
vn -0.00000000 1.00000000 -0.00000000
vn -0.02230000 0.99060000 -0.13460000
vn -0.01120000 0.97590000 -0.21800000
vn -0.00000000 1.00000000 -0.00000000
vn -0.04890000 0.97630000 -0.21100000
vn -0.13760000 0.79310000 -0.59340000
vn -0.07940000 0.79290000 -0.60420000
vn -0.07560000 0.91630000 -0.39330000
vn -0.01120000 0.97590000 -0.21800000
vn -0.04890000 0.97630000 -0.21100000
vn -0.13760000 0.79310000 -0.59340000
vn -0.04890000 0.97630000 -0.21100000
vn -0.18720000 0.79310000 -0.57960000
vn -0.06660000 0.97630000 -0.20610000
vn -0.00000000 1.00000000 -0.00000000
vn -0.04890000 0.97630000 -0.21100000
vn -0.06660000 0.97630000 -0.20610000
vn -0.08370000 0.97630000 -0.19980000
vn -0.23540000 0.79310000 -0.56180000
vn -0.18720000 0.79310000 -0.57960000
vn -0.06660000 0.97630000 -0.20610000
vn -0.00000000 1.00000000 -0.00000000
vn -0.08370000 0.97630000 -0.19980000
vn -0.06660000 0.97630000 -0.20610000
vn -0.28200000 0.79310000 -0.53990000
vn -0.23540000 0.79310000 -0.56180000
vn -0.10030000 0.97630000 -0.19200000
vn -0.08370000 0.97630000 -0.19980000
vn -0.10030000 0.97630000 -0.19200000
vn -0.08370000 0.97630000 -0.19980000
vn -0.00000000 1.00000000 -0.00000000
vn -0.11610000 0.97630000 -0.18290000
vn -0.10030000 0.97630000 -0.19200000
vn -0.28200000 0.79310000 -0.53990000
vn -0.32660000 0.79310000 -0.51420000
vn -0.11610000 0.97630000 -0.18290000
vn -0.10030000 0.97630000 -0.19200000
vn -0.00000000 1.00000000 -0.00000000
vn -0.32660000 0.79310000 -0.51420000
vn -0.11610000 0.97630000 -0.18290000
vn -0.13120000 0.97630000 -0.17240000
vn -0.36880000 0.79310000 -0.48480000
vn -0.13120000 0.97630000 -0.17240000
vn -0.00000000 1.00000000 -0.00000000
vn -0.11610000 0.97630000 -0.18290000
vn -0.13120000 0.97630000 -0.17240000
vn -0.40840000 0.79310000 -0.45190000
vn -0.36880000 0.79310000 -0.48480000
vn -0.14520000 0.97630000 -0.16070000
vn -0.14520000 0.97630000 -0.16070000
vn -0.13120000 0.97630000 -0.17240000
vn -0.00000000 1.00000000 -0.00000000
vn -0.44510000 0.79310000 -0.41580000
vn -0.14520000 0.97630000 -0.16070000
vn -0.15830000 0.97630000 -0.14790000
vn -0.40840000 0.79310000 -0.45190000
vn -0.00000000 1.00000000 -0.00000000
vn -0.15830000 0.97630000 -0.14790000
vn -0.14520000 0.97630000 -0.16070000
vn -0.18320000 0.97590000 -0.11880000
vn -0.48350000 0.79290000 -0.37080000
vn -0.30330000 0.91610000 -0.26240000
vn -0.44510000 0.79310000 -0.41580000
vn -0.15830000 0.97630000 -0.14790000
vn -0.00000000 1.00000000 -0.00000000
vn -0.15830000 0.97630000 -0.14790000
vn -0.18320000 0.97590000 -0.11880000
vn -0.10590000 0.99060000 -0.08700000
vn -0.62130000 0.75600000 0.20600000
vn -0.73000000 0.63920000 0.24210000
vn -0.38240000 0.91570000 0.12320000
vn -0.62130000 0.75600000 0.20600000
vn -0.57630000 0.79260000 0.19910000
vn -0.00000000 1.00000000 -0.00000000
vn -0.00000000 1.00000000 -0.00000000
vn -0.12580000 0.64190000 0.75640000
vn -0.10710000 0.75740000 0.64410000
vn -0.12560000 0.64180000 0.75650000
vn -0.12580000 0.64190000 0.75640000
vn -0.07940000 0.79290000 0.60420000
vn -0.10710000 0.75740000 0.64410000
vn -0.07560000 0.91610000 0.39380000
vn -0.02240000 0.99060000 0.13520000
vn -0.01130000 0.97590000 0.21800000
vn -0.07560000 0.91610000 0.39380000
vn -0.02240000 0.99060000 0.13520000
vn -0.00000000 1.00000000 -0.00000000
vn 0.07560000 0.91630000 0.39320000
vn 0.01120000 0.97590000 0.21800000
vn 0.02230000 0.99060000 0.13460000
vn -0.00000000 1.00000000 -0.00000000
vn 0.02230000 0.99060000 0.13460000
vn 0.07940000 0.79290000 0.60420000
vn 0.10710000 0.75740000 0.64410000
vn 0.07560000 0.91630000 0.39320000
vn -0.00000000 1.00000000 -0.00000000
vn 0.10710000 0.75740000 0.64410000
vn 0.12580000 0.64190000 0.75640000
vn 0.12580000 0.64190000 0.75640000
vn 0.12560000 0.64180000 0.75650000
vn 0.17350000 0.64050000 0.74810000
vn 0.19470000 0.64730000 0.73700000
vn 0.14940000 0.64270000 0.75140000
vn 0.13690000 0.64290000 0.75370000
vn 0.14940000 0.64270000 0.75140000
vn 0.13690000 0.64290000 0.75370000
vn 0.12760000 0.64210000 0.75590000
vn 0.12560000 0.64180000 0.75650000
vn 0.12760000 0.64210000 0.75590000
vn 0.56120000 0.64050000 0.52430000
vn 0.54090000 0.64730000 0.53710000
vn 0.57380000 0.64230000 0.50810000
vn 0.54090000 0.64730000 0.53710000
vn 0.46890000 0.64930000 0.59880000
vn 0.51540000 0.63950000 0.57040000
vn 0.46280000 0.64470000 0.60840000
vn 0.41160000 0.64080000 0.64800000
vn 0.37970000 0.65070000 0.65760000
vn 0.46890000 0.64930000 0.59880000
vn 0.29550000 0.64470000 0.70500000
vn 0.37970000 0.65070000 0.65760000
vn 0.35540000 0.64080000 0.68040000
vn 0.28420000 0.64930000 0.70550000
vn 0.23620000 0.63950000 0.73160000
vn 0.19470000 0.64730000 0.73700000
vn 0.28420000 0.64930000 0.70550000
vn 0.59160000 0.64200000 0.48770000
vn 0.59230000 0.64180000 0.48700000
vn 0.58850000 0.64240000 0.49080000
vn 0.59160000 0.64200000 0.48770000
vn 0.59230000 0.64180000 0.48700000
vn 0.59220000 0.64190000 0.48720000
vn 0.57650000 0.64260000 0.50460000
vn 0.57930000 0.64280000 0.50130000
vn 0.57380000 0.64230000 0.50810000
vn 0.57650000 0.64260000 0.50460000
vn 0.58510000 0.64270000 0.49460000
vn 0.58850000 0.64240000 0.49080000
vn 0.58170000 0.64280000 0.49840000
vn 0.58510000 0.64270000 0.49460000
vn 0.58170000 0.64280000 0.49840000
vn 0.57930000 0.64280000 0.50130000
vn 0.50420000 0.75740000 0.41480000
vn 0.59220000 0.64190000 0.48720000
vn 0.48350000 0.79290000 0.37080000
vn 0.30330000 0.91610000 0.26240000
vn 0.50420000 0.75740000 0.41480000
vn 0.18320000 0.97590000 0.11880000
vn 0.30330000 0.91610000 0.26240000
vn 0.10590000 0.99060000 0.08700000
vn 0.10590000 0.99060000 0.08700000
vn -0.00000000 1.00000000 -0.00000000
vn 0.20340000 0.97610000 0.07690000
vn 0.12960000 0.99060000 0.04300000
vn 0.38190000 0.91600000 0.12300000
vn 0.12960000 0.99060000 0.04300000
vn -0.00000000 1.00000000 -0.00000000
vn -0.00000000 1.00000000 -0.00000000
vn -0.00000000 1.00000000 -0.00000000
vn -0.00000000 1.00000000 -0.00000000
vn -0.00000000 1.00000000 -0.00000000
vn -0.00000000 1.00000000 -0.00000000
vn -0.00000000 1.00000000 -0.00000000
vn -0.13010000 0.99060000 0.04320000
vn -0.38240000 0.91570000 0.12320000
vn -0.20350000 0.97610000 0.07690000
vn -0.00000000 1.00000000 -0.00000000
vn -0.13010000 0.99060000 0.04320000
vn -0.10540000 0.99060000 0.08660000
vn -0.30280000 0.91630000 0.26210000
vn -0.18320000 0.97590000 0.11870000
vn -0.10540000 0.99060000 0.08660000
vn -0.00000000 1.00000000 -0.00000000
vn -0.48350000 0.79290000 0.37080000
vn -0.50420000 0.75740000 0.41480000
vn -0.30280000 0.91630000 0.26210000
vn -0.00000000 1.00000000 -0.00000000
vn -0.50420000 0.75740000 0.41480000
vn -0.59220000 0.64190000 0.48720000
vn -0.59220000 0.64190000 0.48720000
vn -0.59240000 0.64180000 0.48700000
vn -0.56120000 0.64050000 0.52430000
vn -0.54090000 0.64730000 0.53710000
vn -0.57610000 0.64270000 0.50510000
vn -0.58420000 0.64290000 0.49540000
vn -0.57610000 0.64270000 0.50510000
vn -0.59090000 0.64210000 0.48840000
vn -0.58420000 0.64290000 0.49540000
vn -0.59090000 0.64210000 0.48840000
vn -0.59240000 0.64180000 0.48700000
vn -0.15300000 0.64240000 0.75100000
vn -0.19470000 0.64730000 0.73700000
vn -0.17350000 0.64050000 0.74810000
vn -0.28420000 0.64930000 0.70550000
vn -0.23620000 0.63950000 0.73160000
vn -0.19470000 0.64730000 0.73700000
vn -0.37970000 0.65070000 0.65760000
vn -0.35540000 0.64080000 0.68050000
vn -0.29550000 0.64470000 0.70500000
vn -0.28420000 0.64930000 0.70550000
vn -0.37970000 0.65070000 0.65760000
vn -0.46280000 0.64470000 0.60840000
vn -0.41160000 0.64080000 0.64800000
vn -0.46890000 0.64930000 0.59890000
vn -0.51540000 0.63950000 0.57040000
vn -0.46890000 0.64930000 0.59890000
vn -0.54090000 0.64730000 0.53710000
vn -0.12560000 0.64180000 0.75650000
vn -0.12660000 0.64200000 0.75620000
vn -0.12660000 0.64200000 0.75620000
vn -0.13080000 0.64240000 0.75510000
vn -0.14460000 0.64280000 0.75230000
vn -0.14860000 0.64260000 0.75160000
vn -0.15300000 0.64240000 0.75100000
vn -0.14860000 0.64260000 0.75160000
vn -0.13080000 0.64240000 0.75510000
vn -0.13580000 0.64270000 0.75400000
vn -0.13580000 0.64270000 0.75400000
vn -0.14070000 0.64280000 0.75300000
vn -0.14070000 0.64280000 0.75300000
vn -0.14460000 0.64280000 0.75230000
vn -0.48350000 0.79290000 0.37080000
vn -0.50420000 0.75740000 0.41480000
vn -0.44510000 0.79310000 0.41580000
vn -0.59090000 0.64210000 0.48840000
vn -0.57610000 0.64270000 0.50510000
vn -0.56120000 0.64050000 0.52430000
vn -0.59240000 0.64180000 0.48700000
vn -0.59220000 0.64190000 0.48720000
vn -0.58420000 0.64290000 0.49540000
vn -0.56120000 0.64050000 0.52430000
vn -0.44510000 0.79310000 0.41580000
vn -0.51540000 0.63950000 0.57040000
vn -0.40840000 0.79310000 0.45190000
vn -0.54090000 0.64730000 0.53710000
vn -0.46280000 0.64470000 0.60840000
vn -0.51540000 0.63950000 0.57040000
vn -0.36880000 0.79310000 0.48480000
vn -0.46890000 0.64930000 0.59890000
vn -0.40840000 0.79310000 0.45190000
vn -0.32660000 0.79310000 0.51420000
vn -0.46280000 0.64470000 0.60840000
vn -0.41160000 0.64080000 0.64800000
vn -0.36880000 0.79310000 0.48480000
vn -0.35540000 0.64080000 0.68050000
vn -0.32660000 0.79310000 0.51420000
vn -0.41160000 0.64080000 0.64800000
vn -0.28200000 0.79310000 0.53990000
vn -0.37970000 0.65070000 0.65760000
vn -0.10710000 0.75740000 0.64410000
vn -0.14460000 0.64280000 0.75230000
vn -0.13760000 0.79310000 0.59340000
vn -0.07940000 0.79290000 0.60420000
vn -0.13580000 0.64270000 0.75400000
vn -0.12580000 0.64190000 0.75640000
vn -0.17350000 0.64050000 0.74810000
vn -0.15300000 0.64240000 0.75100000
vn -0.14070000 0.64280000 0.75300000
vn -0.12560000 0.64180000 0.75650000
vn -0.12660000 0.64200000 0.75620000
vn -0.13080000 0.64240000 0.75510000
vn -0.14860000 0.64260000 0.75160000
vn -0.29550000 0.64470000 0.70500000
vn -0.35540000 0.64080000 0.68050000
vn -0.23540000 0.79310000 0.56180000
vn -0.28200000 0.79310000 0.53990000
vn -0.18720000 0.79310000 0.57960000
vn -0.23540000 0.79310000 0.56180000
vn -0.23620000 0.63950000 0.73160000
vn -0.29550000 0.64470000 0.70500000
vn -0.28420000 0.64930000 0.70550000
vn -0.13760000 0.79310000 0.59340000
vn -0.18720000 0.79310000 0.57970000
vn -0.19470000 0.64730000 0.73700000
vn -0.17350000 0.64050000 0.74810000
vn -0.18720000 0.79310000 0.57960000
vn -0.23620000 0.63950000 0.73160000
vn 0.12760000 0.64210000 0.75590000
vn 0.12560000 0.64180000 0.75650000
vn 0.14940000 0.64270000 0.75140000
vn 0.17350000 0.64050000 0.74810000
vn 0.10710000 0.75740000 0.64410000
vn 0.07940000 0.79290000 0.60420000
vn 0.13760000 0.79310000 0.59330000
vn 0.12580000 0.64190000 0.75640000
vn 0.13690000 0.64290000 0.75370000
vn 0.13760000 0.79310000 0.59330000
vn 0.18720000 0.79310000 0.57960000
vn 0.23620000 0.63950000 0.73160000
vn 0.17350000 0.64050000 0.74810000
vn 0.13760000 0.79310000 0.59340000
vn 0.19470000 0.64730000 0.73700000
vn 0.28420000 0.64930000 0.70550000
vn 0.29550000 0.64470000 0.70500000
vn 0.23620000 0.63950000 0.73160000
vn 0.18720000 0.79310000 0.57960000
vn 0.23540000 0.79310000 0.56180000
vn 0.23540000 0.79310000 0.56180000
vn 0.35540000 0.64080000 0.68040000
vn 0.29550000 0.64470000 0.70500000
vn 0.28200000 0.79310000 0.53990000
vn 0.41160000 0.64080000 0.64800000
vn 0.28200000 0.79310000 0.53990000
vn 0.37970000 0.65070000 0.65760000
vn 0.35540000 0.64080000 0.68040000
vn 0.32660000 0.79310000 0.51420000
vn 0.50420000 0.75740000 0.41480000
vn 0.44510000 0.79310000 0.41580000
vn 0.59160000 0.64200000 0.48770000
vn 0.58850000 0.64240000 0.49080000
vn 0.57380000 0.64230000 0.50810000
vn 0.48350000 0.79290000 0.37080000
vn 0.59230000 0.64180000 0.48700000
vn 0.59220000 0.64190000 0.48720000
vn 0.57650000 0.64260000 0.50460000
vn 0.56120000 0.64050000 0.52430000
vn 0.58170000 0.64280000 0.49840000
vn 0.58510000 0.64270000 0.49460000
vn 0.57930000 0.64280000 0.50130000
vn 0.41160000 0.64080000 0.64800000
vn 0.32660000 0.79310000 0.51420000
vn 0.36880000 0.79310000 0.48480000
vn 0.46280000 0.64470000 0.60840000
vn 0.46280000 0.64470000 0.60840000
vn 0.46890000 0.64930000 0.59880000
vn 0.51540000 0.63950000 0.57040000
vn 0.36880000 0.79310000 0.48480000
vn 0.40840000 0.79310000 0.45190000
vn 0.44510000 0.79310000 0.41580000
vn 0.51540000 0.63950000 0.57040000
vn 0.54090000 0.64730000 0.53710000
vn 0.56120000 0.64050000 0.52430000
vn 0.40840000 0.79310000 0.45190000
vn -0.00000000 1.00000000 -0.00000000
vn -0.00000000 1.00000000 -0.00000000
vn -0.00000000 1.00000000 -0.00000000
vn -0.00000000 1.00000000 -0.00000000
vn -0.00000000 1.00000000 -0.00000000
vn -0.00000000 1.00000000 -0.00000000
vn -0.15830000 0.97630000 0.14790000
vn -0.10540000 0.99060000 0.08660000
vn -0.18320000 0.97590000 0.11870000
vn -0.00000000 1.00000000 -0.00000000
vn -0.48350000 0.79290000 0.37080000
vn -0.15830000 0.97630000 0.14790000
vn -0.18320000 0.97590000 0.11870000
vn -0.30280000 0.91630000 0.26210000
vn -0.44510000 0.79310000 0.41580000
vn -0.44510000 0.79310000 0.41580000
vn -0.40840000 0.79310000 0.45190000
vn -0.14520000 0.97630000 0.16070000
vn -0.15830000 0.97630000 0.14790000
vn -0.14520000 0.97630000 0.16070000
vn -0.15830000 0.97630000 0.14790000
vn -0.00000000 1.00000000 -0.00000000
vn -0.40840000 0.79310000 0.45190000
vn -0.13120000 0.97630000 0.17240000
vn -0.36880000 0.79310000 0.48480000
vn -0.14520000 0.97630000 0.16070000
vn -0.13120000 0.97630000 0.17240000
vn -0.00000000 1.00000000 -0.00000000
vn -0.14520000 0.97630000 0.16070000
vn -0.32660000 0.79310000 0.51420000
vn -0.11610000 0.97630000 0.18290000
vn -0.13120000 0.97630000 0.17240000
vn -0.36880000 0.79310000 0.48480000
vn -0.00000000 1.00000000 -0.00000000
vn -0.11610000 0.97630000 0.18290000
vn -0.13120000 0.97630000 0.17240000
vn -0.11610000 0.97630000 0.18280000
vn -0.11610000 0.97630000 0.18280000
vn -0.10030000 0.97630000 0.19200000
vn -0.11610000 0.97630000 0.18290000
vn -0.28200000 0.79310000 0.53990000
vn -0.32660000 0.79310000 0.51420000
vn -0.10030000 0.97630000 0.19200000
vn -0.00000000 1.00000000 -0.00000000
vn -0.11610000 0.97630000 0.18280000
vn -0.28200000 0.79310000 0.53990000
vn -0.08370000 0.97630000 0.19980000
vn -0.23540000 0.79310000 0.56180000
vn -0.10030000 0.97630000 0.19200000
vn -0.10030000 0.97630000 0.19200000
vn -0.08370000 0.97630000 0.19980000
vn -0.00000000 1.00000000 -0.00000000
vn -0.08370000 0.97630000 0.19980000
vn -0.18720000 0.79310000 0.57970000
vn -0.18720000 0.79310000 0.57960000
vn -0.06660000 0.97630000 0.20610000
vn -0.23540000 0.79310000 0.56180000
vn -0.06660000 0.97630000 0.20620000
vn -0.00000000 1.00000000 -0.00000000
vn -0.08370000 0.97630000 0.19980000
vn -0.06660000 0.97630000 0.20610000
vn -0.06660000 0.97630000 0.20620000
vn -0.18720000 0.79310000 0.57970000
vn -0.13760000 0.79310000 0.59340000
vn -0.04890000 0.97630000 0.21100000
vn -0.06660000 0.97630000 0.20610000
vn -0.04890000 0.97630000 0.21100000
vn -0.00000000 1.00000000 -0.00000000
vn -0.06660000 0.97630000 0.20620000
vn -0.01130000 0.97590000 0.21800000
vn -0.07560000 0.91610000 0.39380000
vn -0.04890000 0.97630000 0.21100000
vn -0.07940000 0.79290000 0.60420000
vn -0.13760000 0.79310000 0.59340000
vn -0.04890000 0.97630000 0.21100000
vn -0.02240000 0.99060000 0.13520000
vn -0.01130000 0.97590000 0.21800000
vn -0.00000000 1.00000000 -0.00000000
vn -0.00000000 1.00000000 -0.00000000
vn 0.04890000 0.97630000 0.21100000
vn 0.01120000 0.97590000 0.21800000
vn 0.02230000 0.99060000 0.13460000
vn 0.13760000 0.79310000 0.59330000
vn 0.01120000 0.97590000 0.21800000
vn 0.07940000 0.79290000 0.60420000
vn 0.13760000 0.79310000 0.59340000
vn 0.07560000 0.91630000 0.39320000
vn 0.04890000 0.97630000 0.21100000
vn 0.13760000 0.79310000 0.59340000
vn 0.06660000 0.97630000 0.20610000
vn 0.04890000 0.97630000 0.21100000
vn 0.18720000 0.79310000 0.57960000
vn 0.04890000 0.97630000 0.21100000
vn 0.06660000 0.97630000 0.20610000
vn -0.00000000 1.00000000 -0.00000000
vn 0.08370000 0.97630000 0.19980000
vn 0.23540000 0.79310000 0.56180000
vn 0.18720000 0.79310000 0.57960000
vn 0.06660000 0.97630000 0.20610000
vn -0.00000000 1.00000000 -0.00000000
vn 0.06660000 0.97630000 0.20610000
vn 0.08370000 0.97630000 0.19980000
vn 0.08370000 0.97630000 0.19980000
vn 0.10030000 0.97630000 0.19200000
vn 0.23540000 0.79310000 0.56180000
vn 0.28200000 0.79310000 0.53990000
vn -0.00000000 1.00000000 -0.00000000
vn 0.10030000 0.97630000 0.19200000
vn 0.08370000 0.97630000 0.19980000
vn 0.28200000 0.79310000 0.53990000
vn 0.10030000 0.97630000 0.19200000
vn 0.11610000 0.97630000 0.18290000
vn 0.32660000 0.79310000 0.51420000
vn -0.00000000 1.00000000 -0.00000000
vn 0.11610000 0.97630000 0.18290000
vn 0.10030000 0.97630000 0.19200000
vn 0.32660000 0.79310000 0.51420000
vn 0.11610000 0.97630000 0.18290000
vn 0.13120000 0.97630000 0.17240000
vn 0.36880000 0.79310000 0.48480000
vn 0.13120000 0.97630000 0.17240000
vn -0.00000000 1.00000000 -0.00000000
vn 0.11610000 0.97630000 0.18290000
vn 0.40840000 0.79310000 0.45190000
vn 0.36880000 0.79310000 0.48480000
vn 0.13120000 0.97630000 0.17240000
vn 0.14520000 0.97630000 0.16070000
vn 0.14520000 0.97630000 0.16070000
vn 0.13120000 0.97630000 0.17240000
vn -0.00000000 1.00000000 -0.00000000
vn 0.14520000 0.97630000 0.16070000
vn 0.15830000 0.97630000 0.14790000
vn 0.40840000 0.79310000 0.45190000
vn 0.44510000 0.79310000 0.41580000
vn 0.14520000 0.97630000 0.16070000
vn 0.15830000 0.97630000 0.14790000
vn -0.00000000 1.00000000 -0.00000000
vn 0.15830000 0.97630000 0.14790000
vn 0.18320000 0.97590000 0.11880000
vn 0.30330000 0.91610000 0.26240000
vn 0.48350000 0.79290000 0.37080000
vn 0.44510000 0.79310000 0.41580000
vn 0.15830000 0.97630000 0.14790000
vn 0.18320000 0.97590000 0.11880000
vn -0.00000000 1.00000000 -0.00000000
vn 0.10590000 0.99060000 0.08700000
vn -0.00000000 1.00000000 -0.00000000
vn -0.00000000 1.00000000 -0.00000000
vn -0.00000000 1.00000000 -0.00000000
vn -0.00000000 1.00000000 -0.00000000
vn -0.00000000 1.00000000 -0.00000000
vn -0.00000000 1.00000000 -0.00000000
vn -0.00000000 1.00000000 -0.00000000
vn -0.00000000 1.00000000 -0.00000000
vn -0.00000000 1.00000000 -0.00000000
vn -0.00000000 1.00000000 -0.00000000
vn -0.00000000 1.00000000 -0.00000000
vn -0.00000000 1.00000000 -0.00000000
vn -0.00000000 1.00000000 -0.00000000
vn -0.00000000 1.00000000 -0.00000000
vn -0.00000000 1.00000000 -0.00000000
vn -0.00000000 1.00000000 -0.00000000
vn -0.00000000 1.00000000 -0.00000000
vn -0.00000000 1.00000000 -0.00000000
vn -0.00000000 1.00000000 -0.00000000
vn -0.00000000 1.00000000 -0.00000000
vn -0.00000000 1.00000000 -0.00000000
vn -0.00000000 1.00000000 -0.00000000
vn -0.00000000 1.00000000 -0.00000000
vn -0.00000000 1.00000000 -0.00000000
vn -0.00000000 1.00000000 -0.00000000
vn -0.00000000 1.00000000 -0.00000000
vn 0.21640000 0.97620000 -0.01310000
vn -0.00000000 1.00000000 -0.00000000
vn 0.21640000 0.97620000 0.01310000
vn 0.21300000 0.97620000 0.04120000
vn 0.21640000 0.97620000 0.01310000
vn -0.00000000 1.00000000 -0.00000000
vn 0.20340000 0.97610000 0.07690000
vn 0.12960000 0.99060000 0.04300000
vn 0.21300000 0.97620000 0.04120000
vn -0.00000000 1.00000000 -0.00000000
vn 0.20350000 0.97610000 -0.07690000
vn 0.21300000 0.97620000 -0.04120000
vn 0.13010000 0.99060000 -0.04320000
vn -0.00000000 1.00000000 -0.00000000
vn 0.21300000 0.97620000 -0.04120000
vn 0.21640000 0.97620000 -0.01310000
vn -0.00000000 1.00000000 -0.00000000
vn -0.00000000 1.00000000 -0.00000000
vn -0.21640000 0.97620000 0.01310000
vn -0.21640000 0.97620000 -0.01310000
vn -0.00000000 1.00000000 -0.00000000
vn -0.21640000 0.97620000 -0.01310000
vn -0.21300000 0.97620000 -0.04120000
vn -0.12960000 0.99060000 -0.04300000
vn -0.21300000 0.97620000 -0.04120000
vn -0.00000000 1.00000000 -0.00000000
vn -0.20340000 0.97610000 -0.07690000
vn -0.21300000 0.97620000 0.04120000
vn -0.20350000 0.97610000 0.07690000
vn -0.00000000 1.00000000 -0.00000000
vn -0.13010000 0.99060000 0.04320000
vn -0.00000000 1.00000000 -0.00000000
vn -0.21640000 0.97620000 0.01310000
vn -0.21300000 0.97620000 0.04120000
vn 0.59860000 0.79260000 -0.11570000
vn 0.57630000 0.79260000 -0.19910000
vn 0.38240000 0.91570000 -0.12320000
vn 0.21300000 0.97620000 -0.04120000
vn 0.20350000 0.97610000 -0.07690000
vn 0.60830000 0.79280000 0.03680000
vn 0.60840000 0.79280000 -0.03680000
vn 0.21640000 0.97620000 0.01310000
vn 0.60830000 0.79280000 -0.03680000
vn 0.21640000 0.97620000 -0.01310000
vn 0.76790000 0.63890000 -0.04650000
vn 0.76550000 0.64230000 -0.03880000
vn 0.60830000 0.79280000 0.03680000
vn 0.76520000 0.64210000 0.04630000
vn 0.60840000 0.79280000 -0.03680000
vn 0.59860000 0.79260000 -0.11570000
vn 0.60840000 0.79280000 -0.03680000
vn 0.76790000 0.63890000 -0.04650000
vn 0.74870000 0.64690000 -0.14470000
vn 0.60830000 0.79280000 -0.03680000
vn 0.60830000 0.79280000 -0.03680000
vn 0.21640000 0.97620000 -0.01310000
vn 0.59860000 0.79260000 -0.11570000
vn 0.21300000 0.97620000 -0.04120000
vn 0.73160000 0.63440000 -0.24980000
vn 0.57630000 0.79260000 -0.19910000
vn 0.59860000 0.79260000 -0.11570000
vn 0.62130000 0.75600000 -0.20600000
vn 0.73000000 0.63920000 -0.24210000
vn 0.74870000 0.64690000 -0.14470000
vn 0.73200000 0.63570000 -0.24520000
vn 0.73520000 0.64680000 -0.20270000
vn 0.76700000 0.62960000 -0.12370000
vn 0.73070000 0.63730000 -0.24470000
vn 0.73170000 0.63350000 -0.25160000
vn 0.73170000 0.63440000 -0.24930000
vn 0.74870000 0.64690000 0.14470000
vn 0.59860000 0.79260000 0.11570000
vn 0.76910000 0.63800000 0.03900000
vn 0.60830000 0.79280000 0.03680000
vn 0.76520000 0.64210000 0.04630000
vn 0.74870000 0.64690000 0.14470000
vn 0.76700000 0.62960000 0.12360000
vn 0.73000000 0.63920000 0.24210000
vn 0.73080000 0.63720000 0.24500000
vn 0.73170000 0.63380000 0.25100000
vn 0.73190000 0.63550000 0.24610000
vn 0.57850000 0.79280000 0.19180000
vn 0.59860000 0.79260000 0.11570000
vn 0.73520000 0.64680000 0.20270000
vn 0.73160000 0.63410000 0.25040000
vn 0.20340000 0.97610000 0.07690000
vn 0.21300000 0.97620000 0.04120000
vn 0.59860000 0.79260000 0.11570000
vn 0.61740000 0.75660000 0.21540000
vn 0.57850000 0.79280000 0.19180000
vn 0.38190000 0.91600000 0.12300000
vn 0.21640000 0.97620000 0.01310000
vn 0.59860000 0.79260000 0.11570000
vn 0.21300000 0.97620000 0.04120000
vn 0.60830000 0.79280000 0.03680000
vn -0.60830000 0.79280000 -0.03680000
vn -0.60840000 0.79280000 0.03680000
vn -0.60830000 0.79280000 0.03680000
vn -0.60840000 0.79280000 -0.03680000
vn -0.76790000 0.63890000 0.04650000
vn -0.76520000 0.64210000 -0.04630000
vn -0.76550000 0.64230000 0.03880000
vn -0.21640000 0.97620000 0.01310000
vn -0.21640000 0.97620000 -0.01310000
vn -0.60840000 0.79280000 -0.03680000
vn -0.60840000 0.79280000 0.03680000
vn -0.59860000 0.79260000 0.11570000
vn -0.21300000 0.97620000 0.04120000
vn -0.60830000 0.79280000 0.03680000
vn -0.21640000 0.97620000 0.01310000
vn -0.60840000 0.79280000 0.03680000
vn -0.57630000 0.79260000 0.19910000
vn -0.38240000 0.91570000 0.12320000
vn -0.20350000 0.97610000 0.07690000
vn -0.59860000 0.79260000 0.11570000
vn -0.21300000 0.97620000 0.04120000
vn -0.73180000 0.63460000 0.24860000
vn -0.62130000 0.75600000 0.20600000
vn -0.73210000 0.63610000 0.24380000
vn -0.73170000 0.63350000 0.25170000
vn -0.73190000 0.63530000 0.24650000
vn -0.73160000 0.63440000 0.24980000
vn -0.59860000 0.79260000 0.11570000
vn -0.74870000 0.64690000 0.14470000
vn -0.73520000 0.64680000 0.20270000
vn -0.76700000 0.62960000 0.12370000
vn -0.73000000 0.63920000 0.24210000
vn -0.57630000 0.79260000 0.19910000
vn -0.73070000 0.63730000 0.24470000
vn -0.73170000 0.63360000 0.25140000
vn -0.73170000 0.63410000 0.25010000
vn -0.76790000 0.63890000 0.04650000
vn -0.59860000 0.79260000 0.11570000
vn -0.60830000 0.79280000 0.03680000
vn -0.74870000 0.64690000 0.14470000
vn -0.59860000 0.79260000 -0.11570000
vn -0.21300000 0.97620000 -0.04120000
vn -0.38190000 0.91600000 -0.12300000
vn -0.57630000 0.79260000 -0.19910000
vn -0.20340000 0.97610000 -0.07690000
vn -0.60840000 0.79280000 -0.03680000
vn -0.60830000 0.79280000 -0.03680000
vn -0.59860000 0.79260000 -0.11570000
vn -0.21640000 0.97620000 -0.01310000
vn -0.21300000 0.97620000 -0.04120000
vn -0.57630000 0.79260000 -0.19910000
vn -0.59860000 0.79260000 -0.11570000
vn -0.62130000 0.75600000 -0.20600000
vn -0.76700000 0.62960000 -0.12360000
vn -0.73520000 0.64680000 -0.20270000
vn -0.73080000 0.63710000 -0.24500000
vn -0.73170000 0.63380000 -0.25100000
vn -0.73190000 0.63550000 -0.24610000
vn -0.73160000 0.63410000 -0.25040000
vn -0.74870000 0.64690000 -0.14470000
vn -0.73000000 0.63920000 -0.24210000
vn -0.76520000 0.64210000 -0.04630000
vn -0.76910000 0.63800000 -0.03900000
vn -0.59860000 0.79260000 -0.11570000
vn -0.60830000 0.79280000 -0.03680000
vn -0.74870000 0.64690000 -0.14470000
vn -0.00000000 -1.00000000 -0.00000000
vn -0.00000000 -1.00000000 -0.00000000
vn -0.00000000 -1.00000000 -0.00000000
vn -0.00000000 -1.00000000 -0.00000000
vn -0.00000000 -1.00000000 -0.00000000
vn -0.00000000 -1.00000000 -0.00000000
vn -0.00000000 -1.00000000 -0.00000000
vn -0.00000000 -1.00000000 -0.00000000
vn -0.00000000 -1.00000000 -0.00000000
vn -0.00000000 -1.00000000 -0.00000000
vn -0.00000000 -1.00000000 -0.00000000
vn 0.19960000 -0.97990000 -0.00000000
vn -0.00000000 -1.00000000 -0.00000000
vn -0.00000000 -1.00000000 -0.00000000
vn -0.00000000 -1.00000000 -0.00000000
vn -0.00000000 -1.00000000 -0.00000000
vn -0.00000000 -1.00000000 -0.00000000
vn -0.00000000 -1.00000000 -0.00000000
vn -0.00000000 -1.00000000 -0.00000000
vn 0.19960000 -0.97990000 -0.00000000
vn -0.00000000 -1.00000000 -0.00000000
vn -0.00000000 -1.00000000 -0.00000000
vn -0.00000000 -1.00000000 -0.00000000
vn -0.00000000 -1.00000000 -0.00000000
vn -0.00000000 -1.00000000 -0.00000000
vn -0.00000000 -1.00000000 -0.00000000
vn -0.00000000 -1.00000000 -0.00000000
vn -0.00000000 -1.00000000 -0.00000000
vn -0.00000000 -1.00000000 -0.00000000
vn -0.00000000 -1.00000000 -0.00000000
vn -0.00000000 -1.00000000 -0.00000000
vn -0.00000000 -1.00000000 -0.00000000
vn -0.00000000 -1.00000000 -0.00000000
vn -0.00000000 -1.00000000 -0.00000000
vn -0.00000000 -1.00000000 -0.00000000
vn -0.00000000 -1.00000000 -0.00000000
vn -0.00000000 -1.00000000 -0.00000000
vn -0.00000000 -1.00000000 -0.00000000
vn -0.00000000 -1.00000000 -0.00000000
vn -0.00000000 -1.00000000 -0.00000000
vn -0.00000000 -1.00000000 -0.00000000
vn -0.00000000 -1.00000000 -0.00000000
vn -0.00000000 -1.00000000 -0.00000000
vn -0.00000000 -1.00000000 -0.00000000
vn -0.00000000 -1.00000000 -0.00000000
vn -0.00000000 -1.00000000 -0.00000000
vn -0.00000000 -1.00000000 -0.00000000
vn -0.00000000 -1.00000000 -0.00000000
vn -0.00000000 -1.00000000 -0.00000000
vn 0.01120000 -0.97590000 -0.21800000
vn 0.04890000 -0.97630000 -0.21100000
vn 0.02230000 -0.99060000 -0.13460000
vn -0.00000000 -1.00000000 -0.00000000
vn 0.02230000 -0.99060000 -0.13460000
vn -0.00000000 -1.00000000 -0.00000000
vn -0.00000000 -1.00000000 -0.00000000
vn -0.00000000 -1.00000000 -0.00000000
vn 0.04890000 -0.97630000 -0.21100000
vn -0.00000000 -1.00000000 -0.00000000
vn 0.06660000 -0.97630000 -0.20610000
vn 0.06660000 -0.97630000 -0.20610000
vn 0.08370000 -0.97630000 -0.19980000
vn -0.00000000 -1.00000000 -0.00000000
vn -0.00000000 -1.00000000 -0.00000000
vn 0.08370000 -0.97630000 -0.19980000
vn 0.10030000 -0.97630000 -0.19200000
vn 0.11610000 -0.97630000 -0.18290000
vn 0.10030000 -0.97630000 -0.19200000
vn -0.00000000 -1.00000000 -0.00000000
vn 0.10590000 -0.99060000 -0.08700000
vn -0.00000000 -1.00000000 -0.00000000
vn -0.00000000 -1.00000000 -0.00000000
vn 0.15830000 -0.97630000 -0.14790000
vn 0.18320000 -0.97590000 -0.11880000
vn 0.10590000 -0.99060000 -0.08700000
vn -0.00000000 -1.00000000 -0.00000000
vn 0.15830000 -0.97630000 -0.14790000
vn 0.14520000 -0.97630000 -0.16070000
vn 0.13120000 -0.97630000 -0.17240000
vn 0.14520000 -0.97630000 -0.16070000
vn -0.00000000 -1.00000000 -0.00000000
vn 0.11610000 -0.97630000 -0.18290000
vn -0.00000000 -1.00000000 -0.00000000
vn 0.13120000 -0.97630000 -0.17240000
vn -0.00000000 -1.00000000 -0.00000000
vn -0.00000000 -1.00000000 -0.00000000
vn -0.00000000 -1.00000000 -0.00000000
vn -0.02230000 -0.99060000 0.13460000
vn -0.01120000 -0.97590000 0.21800000
vn -0.04890000 -0.97630000 0.21100000
vn -0.00000000 -1.00000000 -0.00000000
vn -0.02230000 -0.99060000 0.13460000
vn -0.00000000 -1.00000000 -0.00000000
vn -0.00000000 -1.00000000 -0.00000000
vn -0.00000000 -1.00000000 -0.00000000
vn -0.04890000 -0.97630000 0.21100000
vn -0.06660000 -0.97630000 0.20620000
vn -0.06660000 -0.97630000 0.20610000
vn -0.00000000 -1.00000000 -0.00000000
vn -0.00000000 -1.00000000 -0.00000000
vn -0.06660000 -0.97630000 0.20620000
vn -0.08370000 -0.97630000 0.19980000
vn -0.00000000 -1.00000000 -0.00000000
vn -0.08370000 -0.97630000 0.19980000
vn -0.10030000 -0.97630000 0.19200000
vn -0.00000000 -1.00000000 -0.00000000
vn -0.10030000 -0.97630000 0.19200000
vn -0.11610000 -0.97630000 0.18290000
vn -0.11610000 -0.97630000 0.18290000
vn -0.13110000 -0.97630000 0.17240000
vn -0.00000000 -1.00000000 -0.00000000
vn -0.13120000 -0.97630000 0.17240000
vn -0.10590000 -0.99060000 0.08700000
vn -0.00000000 -1.00000000 -0.00000000
vn -0.10590000 -0.99060000 0.08700000
vn -0.00000000 -1.00000000 -0.00000000
vn -0.18320000 -0.97590000 0.11880000
vn -0.15830000 -0.97630000 0.14790000
vn -0.00000000 -1.00000000 -0.00000000
vn -0.15830000 -0.97630000 0.14790000
vn -0.14520000 -0.97630000 0.16070000
vn -0.13120000 -0.97630000 0.17240000
vn -0.14520000 -0.97630000 0.16070000
vn -0.00000000 -1.00000000 -0.00000000
vn -0.00000000 -1.00000000 -0.00000000
vn -0.00000000 -1.00000000 -0.00000000
vn 0.10030000 -0.97630000 0.19200000
vn 0.08370000 -0.97630000 0.19980000
vn 0.10030000 -0.97630000 0.19200000
vn -0.00000000 -1.00000000 -0.00000000
vn 0.11610000 -0.97630000 0.18290000
vn -0.00000000 -1.00000000 -0.00000000
vn 0.18320000 -0.97590000 0.11870000
vn 0.15830000 -0.97630000 0.14790000
vn 0.10540000 -0.99060000 0.08660000
vn 0.10540000 -0.99060000 0.08660000
vn -0.00000000 -1.00000000 -0.00000000
vn -0.00000000 -1.00000000 -0.00000000
vn -0.00000000 -1.00000000 -0.00000000
vn 0.15830000 -0.97630000 0.14790000
vn 0.14520000 -0.97630000 0.16070000
vn -0.00000000 -1.00000000 -0.00000000
vn -0.00000000 -1.00000000 -0.00000000
vn 0.13120000 -0.97630000 0.17240000
vn 0.14520000 -0.97630000 0.16070000
vn 0.13120000 -0.97630000 0.17240000
vn 0.11610000 -0.97630000 0.18290000
vn -0.00000000 -1.00000000 -0.00000000
vn -0.00000000 -1.00000000 -0.00000000
vn 0.02240000 -0.99060000 0.13520000
vn 0.02240000 -0.99060000 0.13520000
vn 0.04890000 -0.97630000 0.21100000
vn -0.00000000 -1.00000000 -0.00000000
vn 0.01130000 -0.97590000 0.21800000
vn 0.06660000 -0.97630000 0.20610000
vn -0.00000000 -1.00000000 -0.00000000
vn 0.04890000 -0.97630000 0.21100000
vn 0.06660000 -0.97630000 0.20610000
vn 0.08370000 -0.97630000 0.19980000
vn -0.00000000 -1.00000000 -0.00000000
vn -0.15830000 -0.97630000 -0.14790000
vn -0.18320000 -0.97590000 -0.11870000
vn -0.00000000 -1.00000000 -0.00000000
vn -0.10540000 -0.99060000 -0.08660000
vn -0.00000000 -1.00000000 -0.00000000
vn -0.10540000 -0.99060000 -0.08660000
vn -0.00000000 -1.00000000 -0.00000000
vn -0.02240000 -0.99060000 -0.13520000
vn -0.00000000 -1.00000000 -0.00000000
vn -0.00000000 -1.00000000 -0.00000000
vn -0.02240000 -0.99060000 -0.13520000
vn -0.04890000 -0.97630000 -0.21100000
vn -0.00000000 -1.00000000 -0.00000000
vn -0.01130000 -0.97590000 -0.21800000
vn -0.00000000 -1.00000000 -0.00000000
vn -0.06660000 -0.97630000 -0.20610000
vn -0.04890000 -0.97630000 -0.21100000
vn -0.08370000 -0.97630000 -0.19980000
vn -0.00000000 -1.00000000 -0.00000000
vn -0.06660000 -0.97630000 -0.20610000
vn -0.00000000 -1.00000000 -0.00000000
vn -0.08370000 -0.97630000 -0.19980000
vn -0.10030000 -0.97630000 -0.19200000
vn -0.11610000 -0.97630000 -0.18290000
vn -0.10030000 -0.97630000 -0.19200000
vn -0.00000000 -1.00000000 -0.00000000
vn -0.00000000 -1.00000000 -0.00000000
vn 0.19960000 -0.97990000 -0.00000000
vn -0.14520000 -0.97630000 -0.16070000
vn -0.15830000 -0.97630000 -0.14790000
vn -0.00000000 -1.00000000 -0.00000000
vn -0.00000000 -1.00000000 -0.00000000
vn -0.14520000 -0.97630000 -0.16070000
vn -0.13120000 -0.97630000 -0.17240000
vn -0.13120000 -0.97630000 -0.17240000
vn -0.11610000 -0.97630000 -0.18290000
vn -0.00000000 -1.00000000 -0.00000000
vn -0.00000000 -1.00000000 -0.00000000
vn 0.12960000 -0.99060000 -0.04300000
vn -0.00000000 -1.00000000 -0.00000000
vn 0.07560000 -0.91630000 -0.39330000
vn 0.02230000 -0.99060000 -0.13460000
vn 0.01120000 -0.97590000 -0.21800000
vn 0.07560000 -0.91630000 -0.39330000
vn 0.07940000 -0.79290000 -0.60410000
vn 0.10710000 -0.75740000 -0.64410000
vn 0.13760000 -0.79310000 -0.59340000
vn 0.07940000 -0.79290000 -0.60410000
vn 0.01120000 -0.97590000 -0.21800000
vn 0.07560000 -0.91630000 -0.39330000
vn 0.04890000 -0.97630000 -0.21100000
vn 0.18720000 -0.79310000 -0.57960000
vn 0.04890000 -0.97630000 -0.21100000
vn 0.06660000 -0.97630000 -0.20610000
vn 0.13760000 -0.79310000 -0.59340000
vn 0.18720000 -0.79310000 -0.57960000
vn 0.06660000 -0.97630000 -0.20610000
vn 0.23540000 -0.79310000 -0.56180000
vn 0.08370000 -0.97630000 -0.19980000
vn 0.08370000 -0.97630000 -0.19980000
vn 0.23540000 -0.79310000 -0.56180000
vn 0.28200000 -0.79310000 -0.53990000
vn 0.10030000 -0.97630000 -0.19200000
vn 0.32660000 -0.79310000 -0.51420000
vn 0.10030000 -0.97630000 -0.19200000
vn 0.28200000 -0.79310000 -0.53990000
vn 0.11610000 -0.97630000 -0.18290000
vn 0.11610000 -0.97630000 -0.18290000
vn 0.13120000 -0.97630000 -0.17240000
vn 0.32660000 -0.79310000 -0.51420000
vn 0.36880000 -0.79310000 -0.48480000
vn 0.36880000 -0.79310000 -0.48480000
vn 0.40840000 -0.79310000 -0.45190000
vn 0.14520000 -0.97630000 -0.16070000
vn 0.13120000 -0.97630000 -0.17240000
vn 0.14520000 -0.97630000 -0.16070000
vn 0.44510000 -0.79310000 -0.41580000
vn 0.15830000 -0.97630000 -0.14790000
vn 0.40840000 -0.79310000 -0.45190000
vn 0.15830000 -0.97630000 -0.14790000
vn 0.44510000 -0.79310000 -0.41580000
vn 0.30330000 -0.91610000 -0.26240000
vn 0.48350000 -0.79290000 -0.37080000
vn 0.18320000 -0.97590000 -0.11880000
vn 0.12580000 -0.64210000 -0.75630000
vn 0.10710000 -0.75740000 -0.64410000
vn 0.10710000 -0.75740000 -0.64410000
vn 0.07940000 -0.79290000 -0.60410000
vn 0.13760000 -0.79310000 -0.59340000
vn 0.17330000 -0.64140000 -0.74730000
vn 0.12830000 -0.64230000 -0.75560000
vn 0.13270000 -0.64270000 -0.75460000
vn 0.12580000 -0.64210000 -0.75630000
vn 0.14430000 -0.64290000 -0.75230000
vn 0.17330000 -0.64140000 -0.74730000
vn 0.20150000 -0.64570000 -0.73650000
vn 0.18720000 -0.79310000 -0.57960000
vn 0.13760000 -0.79310000 -0.59340000
vn 0.23600000 -0.64060000 -0.73070000
vn 0.15940000 -0.63810000 -0.75330000
vn 0.29560000 -0.64420000 -0.70540000
vn 0.28840000 -0.64630000 -0.70650000
vn 0.23600000 -0.64060000 -0.73070000
vn 0.23540000 -0.79310000 -0.56180000
vn 0.18720000 -0.79310000 -0.57960000
vn 0.35520000 -0.64130000 -0.68010000
vn 0.29560000 -0.64420000 -0.70540000
vn 0.28200000 -0.79310000 -0.53990000
vn 0.23540000 -0.79310000 -0.56180000
vn 0.41140000 -0.64130000 -0.64770000
vn 0.32660000 -0.79310000 -0.51420000
vn 0.28200000 -0.79310000 -0.53990000
vn 0.35520000 -0.64130000 -0.68010000
vn 0.38100000 -0.64760000 -0.65990000
vn 0.36880000 -0.79310000 -0.48480000
vn 0.46310000 -0.64420000 -0.60870000
vn 0.32660000 -0.79310000 -0.51420000
vn 0.41140000 -0.64130000 -0.64770000
vn 0.36880000 -0.79310000 -0.48480000
vn 0.40840000 -0.79310000 -0.45190000
vn 0.51480000 -0.64060000 -0.56970000
vn 0.46760000 -0.64630000 -0.60300000
vn 0.46310000 -0.64420000 -0.60870000
vn 0.57550000 -0.63730000 -0.51260000
vn 0.57730000 -0.63670000 -0.51120000
vn 0.57050000 -0.63860000 -0.51650000
vn 0.57320000 -0.63790000 -0.51440000
vn 0.51480000 -0.64060000 -0.56970000
vn 0.53710000 -0.64570000 -0.54280000
vn 0.57920000 -0.63610000 -0.50980000
vn 0.44510000 -0.79310000 -0.41580000
vn 0.40840000 -0.79310000 -0.45190000
vn 0.55980000 -0.64270000 -0.52300000
vn 0.44510000 -0.79310000 -0.41580000
vn 0.50420000 -0.75740000 -0.41480000
vn 0.58980000 -0.64180000 -0.49010000
vn 0.58680000 -0.64290000 -0.49230000
vn 0.58810000 -0.64250000 -0.49120000
vn 0.48350000 -0.79290000 -0.37080000
vn 0.55980000 -0.64270000 -0.52300000
vn 0.58420000 -0.64280000 -0.49550000
vn 0.59200000 -0.64210000 -0.48710000
vn 0.59020000 -0.64230000 -0.48890000
vn 0.50420000 -0.75740000 -0.41480000
vn 0.59200000 -0.64210000 -0.48710000
vn 0.48350000 -0.79290000 -0.37080000
vn 0.30330000 -0.91610000 -0.26240000
vn 0.50420000 -0.75740000 -0.41480000
vn 0.18320000 -0.97590000 -0.11880000
vn 0.10590000 -0.99060000 -0.08700000
vn 0.30330000 -0.91610000 -0.26240000
vn -0.01120000 -0.97590000 0.21800000
vn -0.02230000 -0.99060000 0.13460000
vn -0.07560000 -0.91630000 0.39330000
vn -0.07560000 -0.91630000 0.39330000
vn -0.10710000 -0.75740000 0.64410000
vn -0.07940000 -0.79290000 0.60420000
vn -0.13760000 -0.79310000 0.59330000
vn -0.13760000 -0.79310000 0.59340000
vn -0.04890000 -0.97630000 0.21100000
vn -0.07940000 -0.79290000 0.60420000
vn -0.07560000 -0.91630000 0.39330000
vn -0.01120000 -0.97590000 0.21800000
vn -0.06660000 -0.97630000 0.20610000
vn -0.04890000 -0.97630000 0.21100000
vn -0.18720000 -0.79310000 0.57960000
vn -0.13760000 -0.79310000 0.59340000
vn -0.23540000 -0.79310000 0.56180000
vn -0.06660000 -0.97630000 0.20620000
vn -0.08370000 -0.97630000 0.19980000
vn -0.06660000 -0.97630000 0.20610000
vn -0.18720000 -0.79310000 0.57960000
vn -0.10030000 -0.97630000 0.19200000
vn -0.28200000 -0.79310000 0.53990000
vn -0.23540000 -0.79310000 0.56180000
vn -0.08370000 -0.97630000 0.19980000
vn -0.28200000 -0.79310000 0.53990000
vn -0.11610000 -0.97630000 0.18290000
vn -0.10030000 -0.97630000 0.19200000
vn -0.32660000 -0.79310000 0.51420000
vn -0.13110000 -0.97630000 0.17240000
vn -0.36880000 -0.79310000 0.48480000
vn -0.11610000 -0.97630000 0.18290000
vn -0.32660000 -0.79310000 0.51420000
vn -0.13120000 -0.97630000 0.17240000
vn -0.13110000 -0.97630000 0.17240000
vn -0.14520000 -0.97630000 0.16070000
vn -0.40840000 -0.79310000 0.45190000
vn -0.36880000 -0.79310000 0.48480000
vn -0.44510000 -0.79310000 0.41580000
vn -0.40840000 -0.79310000 0.45190000
vn -0.14520000 -0.97630000 0.16070000
vn -0.15830000 -0.97630000 0.14790000
vn -0.48350000 -0.79290000 0.37080000
vn -0.15830000 -0.97630000 0.14790000
vn -0.44510000 -0.79310000 0.41580000
vn -0.18320000 -0.97590000 0.11880000
vn -0.30330000 -0.91610000 0.26240000
vn -0.12580000 -0.64210000 0.75630000
vn -0.10710000 -0.75740000 0.64410000
vn -0.13320000 -0.64270000 0.75450000
vn -0.12840000 -0.64230000 0.75560000
vn -0.07940000 -0.79290000 0.60420000
vn -0.13760000 -0.79310000 0.59330000
vn -0.10710000 -0.75740000 0.64410000
vn -0.12580000 -0.64210000 0.75630000
vn -0.17330000 -0.64140000 0.74730000
vn -0.14460000 -0.64280000 0.75220000
vn -0.18720000 -0.79310000 0.57960000
vn -0.15940000 -0.63810000 0.75330000
vn -0.17330000 -0.64140000 0.74730000
vn -0.20150000 -0.64570000 0.73650000
vn -0.13760000 -0.79310000 0.59330000
vn -0.13760000 -0.79310000 0.59340000
vn -0.23600000 -0.64060000 0.73070000
vn -0.29560000 -0.64420000 0.70540000
vn -0.23600000 -0.64060000 0.73070000
vn -0.23540000 -0.79310000 0.56180000
vn -0.18720000 -0.79310000 0.57960000
vn -0.28840000 -0.64630000 0.70650000
vn -0.23540000 -0.79310000 0.56180000
vn -0.28200000 -0.79310000 0.53990000
vn -0.35520000 -0.64130000 0.68010000
vn -0.29560000 -0.64420000 0.70540000
vn -0.32660000 -0.79310000 0.51420000
vn -0.41140000 -0.64130000 0.64770000
vn -0.28200000 -0.79310000 0.53990000
vn -0.35520000 -0.64130000 0.68010000
vn -0.38100000 -0.64760000 0.65990000
vn -0.36880000 -0.79310000 0.48480000
vn -0.41140000 -0.64130000 0.64770000
vn -0.46310000 -0.64420000 0.60870000
vn -0.32660000 -0.79310000 0.51420000
vn -0.46310000 -0.64420000 0.60870000
vn -0.51480000 -0.64060000 0.56970000
vn -0.36880000 -0.79310000 0.48480000
vn -0.40840000 -0.79310000 0.45190000
vn -0.46760000 -0.64630000 0.60300000
vn -0.55980000 -0.64270000 0.52300000
vn -0.57730000 -0.63670000 0.51120000
vn -0.51480000 -0.64060000 0.56970000
vn -0.57320000 -0.63790000 0.51440000
vn -0.57550000 -0.63730000 0.51260000
vn -0.57930000 -0.63610000 0.50970000
vn -0.44510000 -0.79310000 0.41580000
vn -0.53710000 -0.64570000 0.54280000
vn -0.40840000 -0.79310000 0.45190000
vn -0.57050000 -0.63860000 0.51650000
vn -0.59020000 -0.64230000 0.48890000
vn -0.58420000 -0.64280000 0.49550000
vn -0.55980000 -0.64270000 0.52300000
vn -0.50420000 -0.75740000 0.41480000
vn -0.59150000 -0.64360000 0.48570000
vn -0.44510000 -0.79310000 0.41580000
vn -0.48350000 -0.79290000 0.37080000
vn -0.58810000 -0.64260000 0.49120000
vn -0.58610000 -0.64060000 0.49600000
vn -0.59200000 -0.64210000 0.48710000
vn -0.50420000 -0.75740000 0.41480000
vn -0.59200000 -0.64210000 0.48710000
vn -0.50420000 -0.75740000 0.41480000
vn -0.48350000 -0.79290000 0.37080000
vn -0.30330000 -0.91610000 0.26240000
vn -0.10590000 -0.99060000 0.08700000
vn -0.18320000 -0.97590000 0.11880000
vn -0.30330000 -0.91610000 0.26240000
vn 0.18320000 -0.97590000 0.11870000
vn 0.30280000 -0.91630000 0.26210000
vn 0.10540000 -0.99060000 0.08660000
vn 0.48350000 -0.79290000 0.37080000
vn 0.50420000 -0.75740000 0.41480000
vn 0.30280000 -0.91630000 0.26210000
vn 0.18320000 -0.97590000 0.11870000
vn 0.30280000 -0.91630000 0.26210000
vn 0.15830000 -0.97630000 0.14790000
vn 0.44510000 -0.79310000 0.41580000
vn 0.48350000 -0.79290000 0.37080000
vn 0.44510000 -0.79310000 0.41580000
vn 0.40840000 -0.79310000 0.45190000
vn 0.14520000 -0.97630000 0.16070000
vn 0.15830000 -0.97630000 0.14790000
vn 0.13120000 -0.97630000 0.17240000
vn 0.14520000 -0.97630000 0.16070000
vn 0.40840000 -0.79310000 0.45190000
vn 0.36880000 -0.79310000 0.48480000
vn 0.11610000 -0.97630000 0.18290000
vn 0.32660000 -0.79310000 0.51420000
vn 0.13120000 -0.97630000 0.17240000
vn 0.36880000 -0.79310000 0.48480000
vn 0.11610000 -0.97630000 0.18290000
vn 0.28200000 -0.79310000 0.53990000
vn 0.10030000 -0.97630000 0.19200000
vn 0.32660000 -0.79310000 0.51420000
vn 0.23540000 -0.79310000 0.56180000
vn 0.10030000 -0.97630000 0.19200000
vn 0.08370000 -0.97630000 0.19980000
vn 0.28200000 -0.79310000 0.53990000
vn 0.08370000 -0.97630000 0.19980000
vn 0.06660000 -0.97630000 0.20610000
vn 0.18720000 -0.79310000 0.57960000
vn 0.23540000 -0.79310000 0.56180000
vn 0.18720000 -0.79310000 0.57960000
vn 0.13760000 -0.79310000 0.59340000
vn 0.06660000 -0.97630000 0.20610000
vn 0.04890000 -0.97630000 0.21100000
vn 0.13760000 -0.79310000 0.59340000
vn 0.01130000 -0.97590000 0.21800000
vn 0.07560000 -0.91610000 0.39380000
vn 0.04890000 -0.97630000 0.21100000
vn 0.07940000 -0.79290000 0.60420000
vn 0.50420000 -0.75740000 0.41480000
vn 0.59200000 -0.64210000 0.48710000
vn 0.48350000 -0.79290000 0.37080000
vn 0.59010000 -0.64230000 0.48900000
vn 0.44510000 -0.79310000 0.41580000
vn 0.57920000 -0.64280000 0.50130000
vn 0.58680000 -0.64270000 0.49260000
vn 0.50420000 -0.75740000 0.41480000
vn 0.59200000 -0.64210000 0.48710000
vn 0.56060000 -0.64140000 0.52370000
vn 0.53710000 -0.64570000 0.54280000
vn 0.51480000 -0.64060000 0.56970000
vn 0.40840000 -0.79310000 0.45190000
vn 0.56060000 -0.64140000 0.52370000
vn 0.57270000 -0.63810000 0.51470000
vn 0.44510000 -0.79310000 0.41580000
vn 0.40840000 -0.79310000 0.45190000
vn 0.46310000 -0.64420000 0.60870000
vn 0.51480000 -0.64060000 0.56970000
vn 0.36880000 -0.79310000 0.48480000
vn 0.46760000 -0.64630000 0.60300000
vn 0.36880000 -0.79310000 0.48480000
vn 0.32660000 -0.79310000 0.51420000
vn 0.41140000 -0.64130000 0.64770000
vn 0.46310000 -0.64420000 0.60870000
vn 0.35530000 -0.64130000 0.68010000
vn 0.38100000 -0.64760000 0.65990000
vn 0.41140000 -0.64130000 0.64770000
vn 0.28200000 -0.79310000 0.53990000
vn 0.32660000 -0.79310000 0.51420000
vn 0.23540000 -0.79310000 0.56180000
vn 0.29560000 -0.64420000 0.70540000
vn 0.35530000 -0.64130000 0.68010000
vn 0.28200000 -0.79310000 0.53990000
vn 0.23600000 -0.64060000 0.73070000
vn 0.18720000 -0.79310000 0.57960000
vn 0.23540000 -0.79310000 0.56180000
vn 0.29560000 -0.64420000 0.70540000
vn 0.28840000 -0.64630000 0.70650000
vn 0.20150000 -0.64570000 0.73650000
vn 0.15880000 -0.63790000 0.75350000
vn 0.18720000 -0.79310000 0.57960000
vn 0.13760000 -0.79310000 0.59340000
vn 0.23600000 -0.64060000 0.73070000
vn 0.17310000 -0.64270000 0.74630000
vn 0.15620000 -0.63730000 0.75470000
vn 0.15410000 -0.63670000 0.75560000
vn 0.16210000 -0.63860000 0.75230000
vn 0.15180000 -0.63610000 0.75650000
vn 0.13130000 -0.64260000 0.75490000
vn 0.17310000 -0.64270000 0.74630000
vn 0.12830000 -0.64230000 0.75560000
vn 0.12580000 -0.64210000 0.75630000
vn 0.12450000 -0.64200000 0.75650000
vn 0.13690000 -0.64280000 0.75370000
vn 0.13800000 -0.64270000 0.75360000
vn 0.13760000 -0.79310000 0.59340000
vn 0.10720000 -0.75740000 0.64410000
vn 0.07940000 -0.79290000 0.60420000
vn 0.10720000 -0.75740000 0.64410000
vn 0.12580000 -0.64210000 0.75630000
vn 0.10720000 -0.75740000 0.64410000
vn 0.07560000 -0.91610000 0.39380000
vn 0.07940000 -0.79290000 0.60420000
vn 0.07560000 -0.91610000 0.39380000
vn 0.01130000 -0.97590000 0.21800000
vn 0.02240000 -0.99060000 0.13520000
vn 0.13010000 -0.99060000 0.04320000
vn -0.00000000 -1.00000000 -0.00000000
vn -0.18320000 -0.97590000 -0.11870000
vn -0.30280000 -0.91630000 -0.26210000
vn -0.10540000 -0.99060000 -0.08660000
vn -0.48350000 -0.79290000 -0.37080000
vn -0.50420000 -0.75740000 -0.41480000
vn -0.30280000 -0.91630000 -0.26210000
vn -0.18320000 -0.97590000 -0.11870000
vn -0.30280000 -0.91630000 -0.26210000
vn -0.48350000 -0.79290000 -0.37080000
vn -0.15830000 -0.97630000 -0.14790000
vn -0.44510000 -0.79310000 -0.41580000
vn -0.40840000 -0.79310000 -0.45190000
vn -0.15830000 -0.97630000 -0.14790000
vn -0.44510000 -0.79310000 -0.41580000
vn -0.14520000 -0.97630000 -0.16070000
vn -0.14520000 -0.97630000 -0.16070000
vn -0.36880000 -0.79310000 -0.48480000
vn -0.40840000 -0.79310000 -0.45190000
vn -0.13120000 -0.97630000 -0.17240000
vn -0.11610000 -0.97630000 -0.18290000
vn -0.13120000 -0.97630000 -0.17240000
vn -0.36880000 -0.79310000 -0.48480000
vn -0.32660000 -0.79310000 -0.51420000
vn -0.32660000 -0.79310000 -0.51420000
vn -0.28200000 -0.79310000 -0.53990000
vn -0.10030000 -0.97630000 -0.19200000
vn -0.11610000 -0.97630000 -0.18290000
vn -0.23540000 -0.79310000 -0.56180000
vn -0.28200000 -0.79310000 -0.53990000
vn -0.08370000 -0.97630000 -0.19980000
vn -0.10030000 -0.97630000 -0.19200000
vn -0.08370000 -0.97630000 -0.19980000
vn -0.06660000 -0.97630000 -0.20610000
vn -0.18720000 -0.79310000 -0.57960000
vn -0.23540000 -0.79310000 -0.56180000
vn -0.18720000 -0.79310000 -0.57960000
vn -0.13760000 -0.79310000 -0.59340000
vn -0.06660000 -0.97630000 -0.20610000
vn -0.04890000 -0.97630000 -0.21100000
vn -0.04890000 -0.97630000 -0.21100000
vn -0.07940000 -0.79290000 -0.60410000
vn -0.07560000 -0.91610000 -0.39380000
vn -0.01130000 -0.97590000 -0.21800000
vn -0.13760000 -0.79310000 -0.59340000
vn -0.50420000 -0.75740000 -0.41480000
vn -0.59200000 -0.64210000 -0.48710000
vn -0.59200000 -0.64210000 -0.48710000
vn -0.57920000 -0.64280000 -0.50130000
vn -0.56060000 -0.64140000 -0.52370000
vn -0.59020000 -0.64230000 -0.48900000
vn -0.58680000 -0.64270000 -0.49260000
vn -0.44510000 -0.79310000 -0.41580000
vn -0.48350000 -0.79290000 -0.37080000
vn -0.50420000 -0.75740000 -0.41480000
vn -0.56060000 -0.64140000 -0.52370000
vn -0.51480000 -0.64060000 -0.56970000
vn -0.53710000 -0.64570000 -0.54280000
vn -0.40840000 -0.79310000 -0.45190000
vn -0.44510000 -0.79310000 -0.41580000
vn -0.57270000 -0.63810000 -0.51470000
vn -0.46310000 -0.64420000 -0.60870000
vn -0.46760000 -0.64630000 -0.60300000
vn -0.40840000 -0.79310000 -0.45190000
vn -0.36880000 -0.79310000 -0.48480000
vn -0.51480000 -0.64060000 -0.56970000
vn -0.36880000 -0.79310000 -0.48480000
vn -0.41140000 -0.64130000 -0.64770000
vn -0.46310000 -0.64420000 -0.60870000
vn -0.32660000 -0.79310000 -0.51420000
vn -0.35530000 -0.64130000 -0.68010000
vn -0.28200000 -0.79310000 -0.53990000
vn -0.32660000 -0.79310000 -0.51420000
vn -0.38100000 -0.64760000 -0.65990000
vn -0.41140000 -0.64130000 -0.64770000
vn -0.29560000 -0.64420000 -0.70540000
vn -0.28200000 -0.79310000 -0.53990000
vn -0.35530000 -0.64130000 -0.68010000
vn -0.23540000 -0.79310000 -0.56180000
vn -0.23540000 -0.79310000 -0.56180000
vn -0.29560000 -0.64420000 -0.70540000
vn -0.23600000 -0.64060000 -0.73070000
vn -0.18720000 -0.79310000 -0.57960000
vn -0.28840000 -0.64630000 -0.70650000
vn -0.18720000 -0.79310000 -0.57960000
vn -0.13760000 -0.79310000 -0.59340000
vn -0.23600000 -0.64060000 -0.73070000
vn -0.15190000 -0.63610000 -0.75650000
vn -0.15400000 -0.63670000 -0.75560000
vn -0.17310000 -0.64270000 -0.74630000
vn -0.20150000 -0.64570000 -0.73650000
vn -0.16210000 -0.63860000 -0.75230000
vn -0.15880000 -0.63790000 -0.75360000
vn -0.15620000 -0.63730000 -0.75460000
vn -0.17310000 -0.64270000 -0.74630000
vn -0.10710000 -0.75740000 -0.64410000
vn -0.12820000 -0.64230000 -0.75560000
vn -0.12580000 -0.64210000 -0.75630000
vn -0.13130000 -0.64260000 -0.75490000
vn -0.13700000 -0.64270000 -0.75370000
vn -0.12990000 -0.64170000 -0.75590000
vn -0.13760000 -0.79310000 -0.59340000
vn -0.07940000 -0.79290000 -0.60410000
vn -0.12580000 -0.64210000 -0.75630000
vn -0.10710000 -0.75740000 -0.64410000
vn -0.07940000 -0.79290000 -0.60410000
vn -0.10710000 -0.75740000 -0.64410000
vn -0.07560000 -0.91610000 -0.39380000
vn -0.02240000 -0.99060000 -0.13520000
vn -0.07560000 -0.91610000 -0.39380000
vn -0.01130000 -0.97590000 -0.21800000
vn -0.13010000 -0.99060000 -0.04320000
vn -0.00000000 -1.00000000 -0.00000000
vn -0.00000000 -1.00000000 -0.00000000
vn -0.00000000 -1.00000000 -0.00000000
vn -0.12960000 -0.99060000 0.04300000
vn 0.20340000 -0.97610000 -0.07690000
vn 0.38190000 -0.91600000 -0.12300000
vn 0.12960000 -0.99060000 -0.04300000
vn 0.57630000 -0.79260000 -0.19910000
vn 0.38190000 -0.91600000 -0.12300000
vn 0.62130000 -0.75600000 -0.20600000
vn 0.14430000 -0.64290000 -0.75230000
vn 0.13270000 -0.64270000 -0.75460000
vn 0.12830000 -0.64230000 -0.75560000
vn 0.13270000 -0.64270000 -0.75460000
vn 0.12830000 -0.64230000 -0.75560000
vn 0.12580000 -0.64210000 -0.75630000
vn 0.17330000 -0.64140000 -0.74730000
vn 0.15940000 -0.63810000 -0.75330000
vn 0.14430000 -0.64290000 -0.75230000
vn 0.15940000 -0.63810000 -0.75330000
vn 0.20150000 -0.64570000 -0.73650000
vn 0.28840000 -0.64630000 -0.70650000
vn 0.20150000 -0.64570000 -0.73650000
vn 0.23600000 -0.64060000 -0.73070000
vn 0.29560000 -0.64420000 -0.70540000
vn 0.28840000 -0.64630000 -0.70650000
vn 0.38100000 -0.64760000 -0.65990000
vn 0.35520000 -0.64130000 -0.68010000
vn 0.46310000 -0.64420000 -0.60870000
vn 0.41140000 -0.64130000 -0.64770000
vn 0.38100000 -0.64760000 -0.65990000
vn 0.46760000 -0.64630000 -0.60300000
vn 0.53710000 -0.64570000 -0.54280000
vn 0.46760000 -0.64630000 -0.60300000
vn 0.51480000 -0.64060000 -0.56970000
vn 0.58420000 -0.64280000 -0.49550000
vn 0.55980000 -0.64270000 -0.52300000
vn 0.57920000 -0.63610000 -0.50980000
vn 0.57730000 -0.63670000 -0.51120000
vn 0.57920000 -0.63610000 -0.50980000
vn 0.57550000 -0.63730000 -0.51260000
vn 0.57730000 -0.63670000 -0.51120000
vn 0.57320000 -0.63790000 -0.51440000
vn 0.57550000 -0.63730000 -0.51260000
vn 0.57050000 -0.63860000 -0.51650000
vn 0.57320000 -0.63790000 -0.51440000
vn 0.53710000 -0.64570000 -0.54280000
vn 0.57050000 -0.63860000 -0.51650000
vn 0.59020000 -0.64230000 -0.48890000
vn 0.59200000 -0.64210000 -0.48710000
vn 0.58980000 -0.64180000 -0.49010000
vn 0.59020000 -0.64230000 -0.48890000
vn 0.58810000 -0.64250000 -0.49120000
vn 0.58980000 -0.64180000 -0.49010000
vn 0.58810000 -0.64250000 -0.49120000
vn 0.58680000 -0.64290000 -0.49230000
vn 0.58680000 -0.64290000 -0.49230000
vn 0.58420000 -0.64280000 -0.49550000
vn 0.58680000 -0.64270000 0.49260000
vn 0.57920000 -0.64280000 0.50130000
vn 0.59010000 -0.64230000 0.48900000
vn 0.58680000 -0.64270000 0.49260000
vn 0.59200000 -0.64210000 0.48710000
vn 0.59010000 -0.64230000 0.48900000
vn 0.57920000 -0.64280000 0.50130000
vn 0.56060000 -0.64140000 0.52370000
vn 0.57270000 -0.63810000 0.51470000
vn 0.53710000 -0.64570000 0.54280000
vn 0.57270000 -0.63810000 0.51470000
vn 0.51480000 -0.64060000 0.56970000
vn 0.46760000 -0.64630000 0.60300000
vn 0.53710000 -0.64570000 0.54280000
vn 0.46760000 -0.64630000 0.60300000
vn 0.46310000 -0.64420000 0.60870000
vn 0.38100000 -0.64760000 0.65990000
vn 0.41140000 -0.64130000 0.64770000
vn 0.38100000 -0.64760000 0.65990000
vn 0.29560000 -0.64420000 0.70540000
vn 0.28840000 -0.64630000 0.70650000
vn 0.35530000 -0.64130000 0.68010000
vn 0.28840000 -0.64630000 0.70650000
vn 0.23600000 -0.64060000 0.73070000
vn 0.20150000 -0.64570000 0.73650000
vn 0.13690000 -0.64280000 0.75370000
vn 0.17310000 -0.64270000 0.74630000
vn 0.15180000 -0.63610000 0.75650000
vn 0.15410000 -0.63670000 0.75560000
vn 0.15180000 -0.63610000 0.75650000
vn 0.15620000 -0.63730000 0.75470000
vn 0.15410000 -0.63670000 0.75560000
vn 0.15880000 -0.63790000 0.75350000
vn 0.15620000 -0.63730000 0.75470000
vn 0.15880000 -0.63790000 0.75350000
vn 0.16210000 -0.63860000 0.75230000
vn 0.16210000 -0.63860000 0.75230000
vn 0.20150000 -0.64570000 0.73650000
vn 0.12830000 -0.64230000 0.75560000
vn 0.12580000 -0.64210000 0.75630000
vn 0.12830000 -0.64230000 0.75560000
vn 0.12450000 -0.64200000 0.75650000
vn 0.13130000 -0.64260000 0.75490000
vn 0.12450000 -0.64200000 0.75650000
vn 0.13800000 -0.64270000 0.75360000
vn 0.13130000 -0.64260000 0.75490000
vn 0.13690000 -0.64280000 0.75370000
vn 0.13800000 -0.64270000 0.75360000
vn 0.13010000 -0.99060000 0.04320000
vn 0.20350000 -0.97610000 0.07680000
vn 0.38240000 -0.91570000 0.12320000
vn 0.57630000 -0.79260000 0.19910000
vn 0.38240000 -0.91570000 0.12320000
vn 0.62130000 -0.75600000 0.20600000
vn -0.20340000 -0.97610000 -0.07690000
vn -0.38240000 -0.91570000 -0.12320000
vn -0.13010000 -0.99060000 -0.04320000
vn -0.57630000 -0.79260000 -0.19910000
vn -0.38240000 -0.91570000 -0.12320000
vn -0.62130000 -0.75600000 -0.20600000
vn -0.38190000 -0.91600000 0.12300000
vn -0.20340000 -0.97610000 0.07690000
vn -0.12960000 -0.99060000 0.04300000
vn -0.61730000 -0.75660000 0.21540000
vn -0.38190000 -0.91600000 0.12300000
vn -0.14460000 -0.64280000 0.75220000
vn -0.13320000 -0.64270000 0.75450000
vn -0.13320000 -0.64270000 0.75450000
vn -0.12840000 -0.64230000 0.75560000
vn -0.12580000 -0.64210000 0.75630000
vn -0.12840000 -0.64230000 0.75560000
vn -0.15940000 -0.63810000 0.75330000
vn -0.17330000 -0.64140000 0.74730000
vn -0.14460000 -0.64280000 0.75220000
vn -0.20150000 -0.64570000 0.73650000
vn -0.15940000 -0.63810000 0.75330000
vn -0.20150000 -0.64570000 0.73650000
vn -0.28840000 -0.64630000 0.70650000
vn -0.23600000 -0.64060000 0.73070000
vn -0.29560000 -0.64420000 0.70540000
vn -0.28840000 -0.64630000 0.70650000
vn -0.35520000 -0.64130000 0.68010000
vn -0.38100000 -0.64760000 0.65990000
vn -0.46760000 -0.64630000 0.60300000
vn -0.38100000 -0.64760000 0.65990000
vn -0.41140000 -0.64130000 0.64770000
vn -0.46310000 -0.64420000 0.60870000
vn -0.46760000 -0.64630000 0.60300000
vn -0.53710000 -0.64570000 0.54280000
vn -0.51480000 -0.64060000 0.56970000
vn -0.55980000 -0.64270000 0.52300000
vn -0.58420000 -0.64280000 0.49550000
vn -0.57930000 -0.63610000 0.50970000
vn -0.57930000 -0.63610000 0.50970000
vn -0.57730000 -0.63670000 0.51120000
vn -0.57730000 -0.63670000 0.51120000
vn -0.57550000 -0.63730000 0.51260000
vn -0.57550000 -0.63730000 0.51260000
vn -0.57320000 -0.63790000 0.51440000
vn -0.57320000 -0.63790000 0.51440000
vn -0.57050000 -0.63860000 0.51650000
vn -0.57050000 -0.63860000 0.51650000
vn -0.53710000 -0.64570000 0.54280000
vn -0.59020000 -0.64230000 0.48890000
vn -0.59200000 -0.64210000 0.48710000
vn -0.59020000 -0.64230000 0.48890000
vn -0.59150000 -0.64360000 0.48570000
vn -0.59150000 -0.64360000 0.48570000
vn -0.58810000 -0.64260000 0.49120000
vn -0.58810000 -0.64260000 0.49120000
vn -0.58610000 -0.64060000 0.49600000
vn -0.58420000 -0.64280000 0.49550000
vn -0.58610000 -0.64060000 0.49600000
vn -0.58680000 -0.64270000 -0.49260000
vn -0.57920000 -0.64280000 -0.50130000
vn -0.59020000 -0.64230000 -0.48900000
vn -0.58680000 -0.64270000 -0.49260000
vn -0.59200000 -0.64210000 -0.48710000
vn -0.59020000 -0.64230000 -0.48900000
vn -0.56060000 -0.64140000 -0.52370000
vn -0.57270000 -0.63810000 -0.51470000
vn -0.57920000 -0.64280000 -0.50130000
vn -0.57270000 -0.63810000 -0.51470000
vn -0.53710000 -0.64570000 -0.54280000
vn -0.53710000 -0.64570000 -0.54280000
vn -0.51480000 -0.64060000 -0.56970000
vn -0.46760000 -0.64630000 -0.60300000
vn -0.38100000 -0.64760000 -0.65990000
vn -0.41140000 -0.64130000 -0.64770000
vn -0.46760000 -0.64630000 -0.60300000
vn -0.46310000 -0.64420000 -0.60870000
vn -0.29560000 -0.64420000 -0.70540000
vn -0.38100000 -0.64760000 -0.65990000
vn -0.28840000 -0.64630000 -0.70650000
vn -0.35530000 -0.64130000 -0.68010000
vn -0.28840000 -0.64630000 -0.70650000
vn -0.20150000 -0.64570000 -0.73650000
vn -0.23600000 -0.64060000 -0.73070000
vn -0.15190000 -0.63610000 -0.75650000
vn -0.13700000 -0.64270000 -0.75370000
vn -0.17310000 -0.64270000 -0.74630000
vn -0.15400000 -0.63670000 -0.75560000
vn -0.15190000 -0.63610000 -0.75650000
vn -0.15620000 -0.63730000 -0.75460000
vn -0.15400000 -0.63670000 -0.75560000
vn -0.15620000 -0.63730000 -0.75460000
vn -0.15880000 -0.63790000 -0.75360000
vn -0.15880000 -0.63790000 -0.75360000
vn -0.16210000 -0.63860000 -0.75230000
vn -0.16210000 -0.63860000 -0.75230000
vn -0.20150000 -0.64570000 -0.73650000
vn -0.12580000 -0.64210000 -0.75630000
vn -0.12820000 -0.64230000 -0.75560000
vn -0.12820000 -0.64230000 -0.75560000
vn -0.12990000 -0.64170000 -0.75590000
vn -0.12990000 -0.64170000 -0.75590000
vn -0.13130000 -0.64260000 -0.75490000
vn -0.13130000 -0.64260000 -0.75490000
vn -0.13700000 -0.64270000 -0.75370000
vn 0.62130000 -0.75600000 0.20600000
vn 0.72980000 -0.63940000 0.24200000
vn 0.62130000 -0.75600000 -0.20600000
vn 0.72980000 -0.63940000 -0.24200000
vn -0.72980000 -0.63940000 -0.24200000
vn -0.62130000 -0.75600000 -0.20600000
vn -0.61730000 -0.75660000 0.21540000
vn -0.72980000 -0.63940000 0.24200000
vn -0.57850000 -0.79280000 0.19180000
vn -0.72970000 -0.63670000 -0.24930000
vn -0.72970000 -0.63650000 -0.24980000
vn -0.72970000 -0.63670000 -0.24930000
vn -0.72980000 -0.63830000 -0.24470000
vn -0.72970000 -0.63650000 -0.24980000
vn -0.72970000 -0.63660000 -0.24960000
vn -0.72980000 -0.63940000 -0.24200000
vn -0.72980000 -0.63830000 -0.24470000
vn 0.77820000 -0.59530000 -0.20030000
vn 0.72910000 -0.64840000 -0.21900000
vn 0.72250000 -0.64090000 -0.25910000
vn 0.72980000 -0.63940000 -0.24200000
vn 0.72270000 -0.64370000 -0.25150000
vn 0.72210000 -0.64140000 -0.25920000
vn 0.73030000 -0.64000000 -0.23870000
vn 0.72270000 -0.64370000 -0.25150000
vn 0.76270000 -0.61410000 -0.20300000
vn 0.73030000 -0.64000000 -0.23870000
vn 0.72250000 -0.64090000 -0.25910000
vn 0.72210000 -0.64140000 -0.25920000
vn 0.72980000 -0.63940000 0.24200000
vn 0.72980000 -0.63830000 0.24470000
vn -0.72980000 -0.63940000 0.24200000
vn -0.72250000 -0.64090000 0.25910000
vn -0.72910000 -0.64840000 0.21900000
vn -0.77820000 -0.59530000 0.20030000
vn -0.76270000 -0.61410000 0.20300000
vn -0.72910000 -0.64840000 0.21900000
vn -0.75530000 -0.64480000 0.11770000
vn -0.75680000 -0.63710000 0.14630000
vn -0.77820000 -0.59530000 0.20030000
vn -0.75530000 -0.64480000 0.11770000
vn -0.76720000 -0.63970000 0.04640000
vn -0.76550000 -0.64230000 0.03750000
vn -0.76550000 -0.64230000 -0.03750000
vn -0.76550000 -0.64230000 0.03750000
vn -0.73030000 -0.64000000 0.23870000
vn -0.76270000 -0.61410000 0.20300000
vn -0.73170000 -0.63960000 -0.23570000
vn -0.73820000 -0.64530000 -0.19650000
vn -0.75680000 -0.63710000 -0.14630000
vn -0.73820000 -0.64530000 -0.19650000
vn -0.75580000 -0.64240000 -0.12670000
vn -0.75580000 -0.64240000 -0.12670000
vn -0.76150000 -0.64280000 -0.08360000
vn -0.76550000 -0.64230000 -0.03750000
vn -0.76720000 -0.63970000 -0.04640000
vn -0.76150000 -0.64280000 -0.08360000
vn -0.73060000 -0.63830000 -0.24240000
vn -0.73110000 -0.63900000 -0.23930000
vn -0.73170000 -0.63960000 -0.23570000
vn -0.73110000 -0.63900000 -0.23930000
vn -0.72990000 -0.63710000 -0.24770000
vn -0.72970000 -0.63660000 -0.24960000
vn -0.72990000 -0.63710000 -0.24770000
vn -0.73030000 -0.63770000 -0.24500000
vn -0.73030000 -0.63770000 -0.24500000
vn -0.73060000 -0.63830000 -0.24240000
vn -0.73820000 -0.64530000 -0.19650000
vn -0.75680000 -0.63710000 -0.14630000
vn -0.72970000 -0.63660000 -0.24960000
vn -0.57630000 -0.79260000 -0.19910000
vn -0.59860000 -0.79260000 -0.11570000
vn -0.62130000 -0.75600000 -0.20600000
vn -0.73030000 -0.63770000 -0.24500000
vn -0.72990000 -0.63710000 -0.24770000
vn -0.73110000 -0.63900000 -0.23930000
vn -0.72980000 -0.63830000 -0.24470000
vn -0.72970000 -0.63670000 -0.24930000
vn -0.72970000 -0.63650000 -0.24980000
vn -0.73060000 -0.63830000 -0.24240000
vn -0.73170000 -0.63960000 -0.23570000
vn -0.72980000 -0.63940000 -0.24200000
vn -0.76720000 -0.63970000 -0.04640000
vn -0.60840000 -0.79280000 -0.03680000
vn -0.76550000 -0.64230000 0.03750000
vn -0.76720000 -0.63970000 0.04640000
vn -0.76550000 -0.64230000 -0.03750000
vn -0.60830000 -0.79280000 0.03680000
vn -0.75580000 -0.64240000 -0.12670000
vn -0.76150000 -0.64280000 -0.08360000
vn -0.76720000 -0.63970000 -0.04640000
vn -0.60840000 -0.79280000 -0.03680000
vn -0.75680000 -0.63710000 -0.14630000
vn -0.59860000 -0.79260000 -0.11570000
vn -0.60830000 -0.79280000 -0.03680000
vn 0.59860000 -0.79260000 -0.11570000
vn 0.62130000 -0.75600000 -0.20600000
vn 0.72980000 -0.63940000 -0.24200000
vn 0.57630000 -0.79260000 -0.19910000
vn 0.72910000 -0.64840000 -0.21900000
vn 0.75680000 -0.63710000 -0.14630000
vn 0.72210000 -0.64140000 -0.25920000
vn 0.77820000 -0.59530000 -0.20030000
vn 0.72250000 -0.64090000 -0.25910000
vn 0.73030000 -0.64000000 -0.23870000
vn 0.72270000 -0.64370000 -0.25150000
vn 0.76270000 -0.61410000 -0.20300000
vn 0.72910000 -0.64840000 -0.21900000
vn 0.75680000 -0.63710000 -0.14630000
vn 0.75530000 -0.64480000 -0.11770000
vn 0.77820000 -0.59530000 -0.20030000
vn 0.76270000 -0.61410000 -0.20300000
vn 0.75530000 -0.64480000 -0.11770000
vn 0.75680000 -0.63710000 -0.14630000
vn 0.76720000 -0.63970000 -0.04640000
vn 0.60840000 -0.79280000 -0.03680000
vn 0.59860000 -0.79260000 -0.11570000
vn 0.76550000 -0.64230000 -0.03750000
vn 0.76720000 -0.63970000 -0.04640000
vn 0.75530000 -0.64480000 -0.11770000
vn 0.76550000 -0.64230000 0.03750000
vn 0.60840000 -0.79280000 -0.03680000
vn 0.76720000 -0.63970000 -0.04640000
vn 0.60840000 -0.79280000 0.03680000
vn 0.76720000 -0.63970000 0.04640000
vn 0.76550000 -0.64230000 -0.03750000
vn 0.76550000 -0.64230000 0.03750000
vn 0.76550000 -0.64230000 -0.03750000
vn 0.73820000 -0.64530000 0.19650000
vn 0.73170000 -0.63960000 0.23570000
vn 0.73820000 -0.64530000 0.19650000
vn 0.75680000 -0.63710000 0.14630000
vn 0.75580000 -0.64240000 0.12670000
vn 0.76150000 -0.64280000 0.08360000
vn 0.75580000 -0.64240000 0.12670000
vn 0.76720000 -0.63970000 0.04640000
vn 0.76550000 -0.64230000 0.03750000
vn 0.76150000 -0.64280000 0.08360000
vn -0.59860000 -0.79260000 -0.11570000
vn -0.57630000 -0.79260000 -0.19910000
vn -0.21300000 -0.97620000 -0.04120000
vn -0.20340000 -0.97610000 -0.07690000
vn -0.38240000 -0.91570000 -0.12320000
vn -0.13010000 -0.99060000 -0.04320000
vn -0.20340000 -0.97610000 -0.07690000
vn -0.21300000 -0.97620000 -0.04120000
vn -0.00000000 -1.00000000 -0.00000000
vn -0.21300000 -0.97620000 -0.04120000
vn -0.00000000 -1.00000000 -0.00000000
vn -0.21640000 -0.97620000 -0.01310000
vn -0.21640000 -0.97620000 0.01310000
vn -0.21640000 -0.97620000 -0.01310000
vn -0.60840000 -0.79280000 -0.03680000
vn -0.60830000 -0.79280000 0.03680000
vn -0.60830000 -0.79280000 -0.03680000
vn -0.21640000 -0.97620000 0.01310000
vn -0.00000000 -1.00000000 -0.00000000
vn -0.21640000 -0.97620000 -0.01310000
vn -0.59860000 -0.79260000 -0.11570000
vn -0.21300000 -0.97620000 -0.04120000
vn -0.21640000 -0.97620000 -0.01310000
vn -0.60830000 -0.79280000 -0.03680000
vn -0.00000000 -1.00000000 -0.00000000
vn 0.20340000 -0.97610000 -0.07690000
vn 0.21300000 -0.97620000 -0.04120000
vn 0.12960000 -0.99060000 -0.04300000
vn 0.38190000 -0.91600000 -0.12300000
vn 0.21300000 -0.97620000 -0.04120000
vn 0.20340000 -0.97610000 -0.07690000
vn 0.57630000 -0.79260000 -0.19910000
vn 0.59860000 -0.79260000 -0.11570000
vn 0.21300000 -0.97620000 -0.04120000
vn 0.59860000 -0.79260000 -0.11570000
vn 0.21640000 -0.97620000 -0.01310000
vn 0.60840000 -0.79280000 -0.03680000
vn 0.21640000 -0.97620000 -0.01310000
vn -0.00000000 -1.00000000 -0.00000000
vn 0.21300000 -0.97620000 -0.04120000
vn 0.60840000 -0.79280000 0.03680000
vn 0.21640000 -0.97620000 -0.01310000
vn 0.21640000 -0.97620000 0.01310000
vn 0.60840000 -0.79280000 -0.03680000
vn 0.21640000 -0.97620000 0.01310000
vn -0.00000000 -1.00000000 -0.00000000
vn 0.21640000 -0.97620000 -0.01310000
vn 0.73060000 -0.63830000 0.24240000
vn 0.73110000 -0.63890000 0.23930000
vn 0.73110000 -0.63890000 0.23930000
vn 0.73170000 -0.63960000 0.23570000
vn 0.73000000 -0.63580000 0.25080000
vn 0.72970000 -0.63660000 0.24960000
vn 0.72990000 -0.63710000 0.24770000
vn 0.72970000 -0.63660000 0.24960000
vn 0.73020000 -0.63780000 0.24490000
vn 0.72990000 -0.63710000 0.24770000
vn 0.73060000 -0.63830000 0.24240000
vn 0.73020000 -0.63780000 0.24490000
vn -0.73030000 -0.64000000 0.23870000
vn -0.72280000 -0.64370000 0.25160000
vn -0.72210000 -0.64140000 0.25920000
vn -0.72280000 -0.64370000 0.25160000
vn -0.72210000 -0.64140000 0.25920000
vn -0.72250000 -0.64090000 0.25910000
vn 0.72870000 -0.63820000 0.24830000
vn 0.72980000 -0.63830000 0.24470000
vn 0.73000000 -0.63580000 0.25080000
vn 0.72970000 -0.63670000 0.24930000
vn 0.72870000 -0.63820000 0.24830000
vn 0.72970000 -0.63670000 0.24930000
vn -0.00000000 -1.00000000 -0.00000000
vn -0.00000000 -1.00000000 -0.00000000
vn -0.20340000 -0.97610000 0.07690000
vn -0.21300000 -0.97620000 0.04120000
vn -0.12960000 -0.99060000 0.04300000
vn -0.21640000 -0.97620000 0.01310000
vn -0.21300000 -0.97620000 0.04120000
vn -0.00000000 -1.00000000 -0.00000000
vn -0.00000000 -1.00000000 -0.00000000
vn -0.00000000 -1.00000000 -0.00000000
vn -0.00000000 -1.00000000 -0.00000000
vn -0.00000000 -1.00000000 -0.00000000
vn 0.21300000 -0.97620000 0.04120000
vn -0.00000000 -1.00000000 -0.00000000
vn 0.20350000 -0.97610000 0.07680000
vn 0.13010000 -0.99060000 0.04320000
vn -0.00000000 -1.00000000 -0.00000000
vn 0.21300000 -0.97620000 0.04120000
vn 0.21640000 -0.97620000 0.01310000
vn -0.00000000 -1.00000000 -0.00000000
vn -0.00000000 -1.00000000 -0.00000000
vn -0.00000000 -1.00000000 -0.00000000
vn -0.00000000 -1.00000000 -0.00000000
vn -0.00000000 -1.00000000 -0.00000000
vn -0.75680000 -0.63710000 0.14630000
vn -0.59860000 -0.79260000 0.11570000
vn -0.60830000 -0.79280000 0.03680000
vn -0.75530000 -0.64480000 0.11770000
vn -0.76720000 -0.63970000 0.04640000
vn -0.57850000 -0.79280000 0.19180000
vn -0.72980000 -0.63940000 0.24200000
vn -0.75680000 -0.63710000 0.14630000
vn -0.72910000 -0.64840000 0.21900000
vn -0.59860000 -0.79260000 0.11570000
vn -0.38190000 -0.91600000 0.12300000
vn -0.20340000 -0.97610000 0.07690000
vn -0.61730000 -0.75660000 0.21540000
vn -0.57850000 -0.79280000 0.19180000
vn -0.59860000 -0.79260000 0.11570000
vn -0.21300000 -0.97620000 0.04120000
vn -0.59860000 -0.79260000 0.11570000
vn -0.21300000 -0.97620000 0.04120000
vn -0.21640000 -0.97620000 0.01310000
vn -0.60830000 -0.79280000 0.03680000
vn 0.21640000 -0.97620000 0.01310000
vn 0.60840000 -0.79280000 0.03680000
vn 0.21300000 -0.97620000 0.04120000
vn 0.59860000 -0.79260000 0.11570000
vn 0.57630000 -0.79260000 0.19910000
vn 0.38240000 -0.91570000 0.12320000
vn 0.59860000 -0.79260000 0.11570000
vn 0.21300000 -0.97620000 0.04120000
vn 0.20350000 -0.97610000 0.07680000
vn 0.73000000 -0.63580000 0.25080000
vn 0.59860000 -0.79260000 0.11570000
vn 0.73110000 -0.63890000 0.23930000
vn 0.57630000 -0.79260000 0.19910000
vn 0.62130000 -0.75600000 0.20600000
vn 0.73170000 -0.63960000 0.23570000
vn 0.72980000 -0.63830000 0.24470000
vn 0.72870000 -0.63820000 0.24830000
vn 0.72970000 -0.63660000 0.24960000
vn 0.75680000 -0.63710000 0.14630000
vn 0.73060000 -0.63830000 0.24240000
vn 0.72970000 -0.63670000 0.24930000
vn 0.72980000 -0.63940000 0.24200000
vn 0.72990000 -0.63710000 0.24770000
vn 0.73020000 -0.63780000 0.24490000
vn 0.73820000 -0.64530000 0.19650000
vn 0.75680000 -0.63710000 0.14630000
vn 0.76720000 -0.63970000 0.04640000
vn 0.75580000 -0.64240000 0.12670000
vn 0.76150000 -0.64280000 0.08360000
vn 0.59860000 -0.79260000 0.11570000
vn 0.60840000 -0.79280000 0.03680000
vn -0.72250000 -0.64090000 0.25910000
vn -0.72210000 -0.64140000 0.25920000
vn -0.76270000 -0.61410000 0.20300000
vn -0.77820000 -0.59530000 0.20030000
vn -0.72280000 -0.64370000 0.25160000
vn -0.73030000 -0.64000000 0.23870000
f 141//141 139//139 254//254
f 147//147 149//149 255//255
f 258//258 148//148 151//151
f 251//251 150//150 142//142
f 146//146 253//253 144//144
f 145//145 252//252 259//259
f 143//143 262//262 167//167
f 166//166 260//260 267//267
f 168//168 265//265 164//164
f 268//268 269//269 162//162
f 163//163 270//270 276//276
f 165//165 275//275 158//158
f 179//179 182//182 290//290
f 287//287 181//181 183//183
f 283//283 184//184 176//176
f 277//277 292//292 159//159
f 160//160 293//293 298//298
f 161//161 295//295 156//156
f 157//157 296//296 302//302
f 155//155 300//300 152//152
f 153//153 303//303 289//289
f 154//154 288//288 177//177
f 178//178 279//279 175//175
f 281//281 186//186 173//173
f 174//174 170//170 282//282
f 278//278 169//169 171//171
f 280//280 172//172 180//180
f 38//38 39//39 305//305
f 44//44 46//46 307//307
f 309//309 47//47 48//48
f 308//308 49//49 37//37
f 45//45 310//310 42//42
f 43//43 306//306 316//316
f 41//41 317//317 64//64
f 66//66 314//314 320//320
f 65//65 322//322 60//60
f 319//319 325//325 61//61
f 63//63 326//326 328//328
f 62//62 332//332 56//56
f 78//78 80//80 336//336
f 337//337 79//79 82//82
f 334//334 81//81 74//74
f 331//331 347//347 59//59
f 58//58 348//348 351//351
f 57//57 354//354 55//55
f 53//53 353//353 359//359
f 54//54 356//356 51//51
f 52//52 355//355 335//335
f 50//50 342//342 76//76
f 75//75 344//344 73//73
f 343//343 83//83 72//72
f 71//71 67//67 341//341
f 333//333 68//68 70//70
f 338//338 69//69 77//77
f 30//30 29//29 22//22
f 29//29 28//28 22//22
f 22//22 28//28 27//27
f 22//22 27//27 26//26
f 26//26 25//25 22//22
f 22//22 25//25 24//24
f 22//22 24//24 23//23
f 15//15 14//14 10//10
f 10//10 14//14 13//13
f 10//10 13//13 11//11
f 11//11 13//13 12//12
f 10//10 9//9 21//21
f 21//21 9//9 32//32
f 21//21 32//32 22//22
f 22//22 32//32 31//31
f 22//22 31//31 30//30
f 21//21 20//20 10//10
f 10//10 20//20 19//19
f 10//10 19//19 18//18
f 18//18 17//17 10//10
f 10//10 17//17 16//16
f 10//10 16//16 15//15
f 132//132 133//133 393//393
f 137//137 131//131 397//397
f 398//398 130//130 392//392
f 399//399 394//394 400//400
f 400//400 394//394 405//405
f 403//403 406//406 407//407
f 407//407 406//406 412//412
f 408//408 411//411 416//416
f 416//416 411//411 418//418
f 415//415 419//419 422//422
f 422//422 419//419 426//426
f 421//421 425//425 431//431
f 431//431 425//425 432//432
f 430//430 433//433 437//437
f 437//437 433//433 439//439
f 436//436 440//440 444//444
f 444//444 440//440 446//446
f 443//443 447//447 452//452
f 452//452 447//447 456//456
f 140//140 135//135 256//256
f 250//250 136//136 396//396
f 257//257 395//395 263//263
f 263//263 395//395 401//401
f 261//261 402//402 264//264
f 264//264 402//402 409//409
f 266//266 410//410 272//272
f 272//272 410//410 417//417
f 271//271 414//414 274//274
f 274//274 414//414 424//424
f 273//273 423//423 294//294
f 294//294 423//423 429//429
f 291//291 428//428 297//297
f 297//297 428//428 435//435
f 299//299 438//438 304//304
f 304//304 438//438 445//445
f 301//301 442//442 284//284
f 284//284 442//442 450//450
f 185//185 286//286 187//187
f 188//188 285//285 453//453
f 189//189 451//451 190//190
f 192//192 449//449 455//455
f 191//191 454//454 194//194
f 196//196 198//198 458//458
f 201//201 195//195 464//464
f 465//465 197//197 459//459
f 466//466 461//461 468//468
f 468//468 461//461 472//472
f 470//470 473//473 477//477
f 477//477 473//473 480//480
f 474//474 479//479 484//484
f 484//484 479//479 486//486
f 483//483 485//485 489//489
f 489//489 485//485 493//493
f 488//488 492//492 496//496
f 496//496 492//492 501//501
f 497//497 499//499 502//502
f 502//502 499//499 507//507
f 505//505 506//506 510//510
f 510//510 506//506 515//515
f 511//511 514//514 520//520
f 520//520 514//514 522//522
f 40//40 200//200 311//311
f 313//313 202//202 463//463
f 312//312 462//462 318//318
f 318//318 462//462 467//467
f 315//315 469//469 321//321
f 321//321 469//469 476//476
f 323//323 475//475 324//324
f 324//324 475//475 482//482
f 327//327 481//481 330//330
f 330//330 481//481 490//490
f 329//329 491//491 349//349
f 349//349 491//491 495//495
f 346//346 498//498 352//352
f 352//352 498//498 504//504
f 350//350 503//503 357//357
f 357//357 503//503 512//512
f 358//358 509//509 340//340
f 340//340 509//509 519//519
f 84//84 345//345 86//86
f 87//87 339//339 517//517
f 85//85 518//518 89//89
f 90//90 516//516 523//523
f 88//88 524//524 92//92
f 199//199 203//203 460//460
f 460//460 203//203 8//8
f 460//460 8//8 7//7
f 1//1 91//91 521//521
f 1//1 521//521 2//2
f 2//2 521//521 513//513
f 2//2 513//513 615//615
f 615//615 513//513 508//508
f 615//615 508//508 616//616
f 616//616 508//508 500//500
f 616//616 500//500 617//617
f 617//617 500//500 494//494
f 617//617 494//494 618//618
f 618//618 494//494 487//487
f 618//618 487//487 619//619
f 619//619 487//487 478//478
f 619//619 478//478 7//7
f 7//7 478//478 471//471
f 7//7 471//471 460//460
f 636//636 635//635 685//685
f 641//641 644//644 686//686
f 681//681 643//643 645//645
f 684//684 646//646 637//637
f 642//642 682//682 640//640
f 638//638 683//683 687//687
f 639//639 691//691 663//663
f 661//661 689//689 693//693
f 662//662 695//695 660//660
f 692//692 698//698 658//658
f 659//659 699//699 703//703
f 657//657 705//705 653//653
f 673//673 674//674 710//710
f 714//714 675//675 676//676
f 707//707 677//677 668//668
f 701//701 720//720 654//654
f 655//655 719//719 726//726
f 656//656 727//727 650//650
f 651//651 725//725 733//733
f 652//652 730//730 648//648
f 649//649 731//731 712//712
f 647//647 713//713 670//670
f 671//671 718//718 669//669
f 711//711 532//532 535//535
f 534//534 664//664 715//715
f 716//716 665//665 666//666
f 717//717 667//667 672//672
f 555//555 554//554 741//741
f 560//560 562//562 742//742
f 734//734 563//563 565//565
f 735//735 564//564 556//556
f 561//561 736//736 559//559
f 557//557 737//737 746//746
f 558//558 748//748 581//581
f 580//580 745//745 751//751
f 582//582 749//749 579//579
f 750//750 756//756 576//576
f 578//578 755//755 761//761
f 577//577 760//760 574//574
f 593//593 596//596 774//774
f 773//773 595//595 597//597
f 775//775 598//598 590//590
f 758//758 776//776 573//573
f 572//572 779//779 780//780
f 575//575 781//781 570//570
f 571//571 782//782 786//786
f 569//569 787//787 567//567
f 566//566 788//788 772//772
f 568//568 767//767 591//591
f 592//592 771//771 589//589
f 770//770 600//600 588//588
f 587//587 584//584 769//769
f 765//765 583//583 586//586
f 766//766 585//585 594//594
f 35//35 790//790 413//413
f 413//413 790//790 420//420
f 420//420 790//790 791//791
f 420//420 791//791 427//427
f 391//391 134//134 138//138
f 5//5 193//193 457//457
f 5//5 457//457 6//6
f 6//6 457//457 448//448
f 6//6 448//448 792//792
f 792//792 448//448 441//441
f 792//792 441//441 793//793
f 793//793 441//441 434//434
f 793//793 434//434 794//794
f 794//794 434//434 427//427
f 794//794 427//427 795//795
f 795//795 427//427 791//791
f 413//413 404//404 35//35
f 35//35 404//404 391//391
f 35//35 391//391 36//36
f 36//36 391//391 138//138
f 625//625 628//628 797//797
f 632//632 626//626 803//803
f 802//802 627//627 798//798
f 801//801 796//796 808//808
f 808//808 796//796 810//810
f 807//807 809//809 815//815
f 815//815 809//809 818//818
f 813//813 816//816 821//821
f 821//821 816//816 825//825
f 820//820 824//824 829//829
f 827//827 826//826 834//834
f 828//828 832//832 838//838
f 838//838 832//832 839//839
f 836//836 840//840 842//842
f 842//842 840//840 849//849
f 845//845 850//850 855//855
f 851//851 847//847 858//858
f 854//854 856//856 861//861
f 861//861 856//856 864//864
f 634//634 631//631 679//679
f 678//678 630//630 800//800
f 680//680 804//804 688//688
f 688//688 804//804 805//805
f 690//690 806//806 696//696
f 696//696 806//806 812//812
f 694//694 814//814 700//700
f 700//700 814//814 822//822
f 697//697 819//819 702//702
f 702//702 819//819 831//831
f 704//704 830//830 722//722
f 722//722 830//830 835//835
f 721//721 837//837 724//724
f 724//724 837//837 846//846
f 723//723 844//844 732//732
f 729//729 843//843 852//852
f 728//728 853//853 708//708
f 708//708 853//853 863//863
f 533//533 706//706 537//537
f 536//536 709//709 862//862
f 538//538 860//860 541//541
f 540//540 859//859 866//866
f 539//539 865//865 542//542
f 546//546 548//548 871//871
f 551//551 544//544 876//876
f 873//873 545//545 870//870
f 877//877 869//869 880//880
f 880//880 869//869 882//882
f 879//879 883//883 888//888
f 888//888 883//883 890//890
f 885//885 891//891 892//892
f 892//892 891//891 898//898
f 893//893 897//897 900//900
f 900//900 897//897 905//905
f 901//901 904//904 907//907
f 907//907 904//904 912//912
f 908//908 910//910 915//915
f 915//915 910//910 918//918
f 916//916 917//917 920//920
f 920//920 917//917 924//924
f 921//921 925//925 927//927
f 927//927 925//925 932//932
f 553//553 550//550 738//738
f 739//739 549//549 874//874
f 740//740 872//872 743//743
f 747//747 875//875 878//878
f 744//744 881//881 752//752
f 752//752 881//881 887//887
f 753//753 886//886 754//754
f 754//754 886//886 894//894
f 757//757 895//895 759//759
f 759//759 895//895 899//899
f 762//762 902//902 777//777
f 777//777 902//902 906//906
f 778//778 909//909 783//783
f 783//783 909//909 914//914
f 784//784 913//913 789//789
f 789//789 913//913 922//922
f 785//785 923//923 764//764
f 764//764 923//923 931//931
f 599//599 763//763 603//603
f 601//601 768//768 930//930
f 602//602 929//929 605//605
f 604//604 928//928 933//933
f 606//606 935//935 607//607
f 833//833 823//823 936//936
f 936//936 823//823 937//937
f 937//937 823//823 817//817
f 937//937 817//817 382//382
f 799//799 629//629 633//633
f 817//817 811//811 382//382
f 382//382 811//811 799//799
f 382//382 799//799 383//383
f 383//383 799//799 633//633
f 384//384 543//543 867//867
f 384//384 867//867 385//385
f 385//385 867//867 857//857
f 385//385 857//857 938//938
f 938//938 857//857 848//848
f 938//938 848//848 939//939
f 939//939 848//848 841//841
f 939//939 841//841 940//940
f 940//940 841//841 833//833
f 940//940 833//833 941//941
f 941//941 833//833 936//936
f 903//903 896//896 942//942
f 942//942 896//896 943//943
f 943//943 896//896 889//889
f 943//943 889//889 377//377
f 868//868 547//547 552//552
f 889//889 884//884 377//377
f 377//377 884//884 868//868
f 377//377 868//868 376//376
f 376//376 868//868 552//552
f 378//378 608//608 934//934
f 378//378 934//934 379//379
f 379//379 934//934 926//926
f 379//379 926//926 944//944
f 944//944 926//926 919//919
f 944//944 919//919 945//945
f 945//945 919//919 911//911
f 945//945 911//911 946//946
f 946//946 911//911 903//903
f 946//946 903//903 947//947
f 947//947 903//903 942//942
f 952//952 963//963 951//951
f 951//951 963//963 967//967
f 951//951 967//967 950//950
f 950//950 967//967 971//971
f 950//950 971//971 949//949
f 949//949 971//971 380//380
f 613//613 614//614 971//971
f 971//971 614//614 381//381
f 971//971 381//381 380//380
f 33//33 241//241 975//975
f 952//952 953//953 963//963
f 963//963 953//953 954//954
f 963//963 954//954 978//978
f 978//978 954//954 948//948
f 978//978 948//948 975//975
f 975//975 948//948 34//34
f 975//975 34//34 33//33
f 959//959 979//979 958//958
f 958//958 979//979 982//982
f 958//958 982//982 957//957
f 957//957 982//982 987//987
f 957//957 987//987 956//956
f 956//956 987//987 3//3
f 97//97 101//101 987//987
f 987//987 101//101 4//4
f 987//987 4//4 3//3
f 530//530 623//623 991//991
f 959//959 960//960 979//979
f 979//979 960//960 961//961
f 979//979 961//961 993//993
f 993//993 961//961 955//955
f 993//993 955//955 991//991
f 991//991 955//955 531//531
f 991//991 531//531 530//530
f 239//239 235//235 998//998
f 240//240 237//237 974//974
f 972//972 238//238 1000//1000
f 973//973 999//999 976//976
f 1005//1005 962//962 977//977
f 1010//1010 1002//1002 1012//1012
f 1015//1015 1004//1004 1016//1016
f 1011//1011 1018//1018 1022//1022
f 1005//1005 977//977 1017//1017
f 1019//1019 976//976 999//999
f 1018//1018 996//996 1022//1022
f 1021//1021 997//997 234//234
f 1023//1023 236//236 233//233
f 610//610 612//612 969//969
f 1033//1033 1044//1044 1049//1049
f 1051//1051 1043//1043 387//387
f 1050//1050 388//388 389//389
f 1049//1049 1054//1054 1033//1033
f 1035//1035 1056//1056 1001//1001
f 1035//1035 1001//1001 1008//1008
f 390//390 611//611 1052//1052
f 1047//1047 609//609 968//968
f 1048//1048 970//970 1055//1055
f 1055//1055 970//970 965//965
f 1053//1053 966//966 1003//1003
f 1003//1003 966//966 964//964
f 1058//1058 1067//1067 1072//1072
f 1076//1076 1084//1084 1068//1068
f 1068//1068 1084//1084 1094//1094
f 1070//1070 1095//1095 1059//1059
f 525//525 1079//1079 528//528
f 529//529 1089//1089 1073//1073
f 527//527 1074//1074 621//621
f 1064//1064 980//980 1071//1071
f 1071//1071 980//980 994//994
f 1069//1069 995//995 1077//1077
f 1077//1077 995//995 989//989
f 1075//1075 990//990 622//622
f 620//620 992//992 624//624
f 95//95 96//96 985//985
f 98//98 93//93 1099//1099
f 1101//1101 94//94 988//988
f 1098//1098 986//986 1106//1106
f 1106//1106 986//986 984//984
f 1105//1105 983//983 1065//1065
f 1065//1065 983//983 981//981
f 102//102 99//99 1109//1109
f 1107//1107 100//100 1100//1100
f 1108//1108 1097//1097 1120//1120
f 1120//1120 1097//1097 1104//1104
f 1121//1121 1103//1103 1057//1057
f 1060//1060 1102//1102 1066//1066
f 232//232 224//224 1024//1024
f 1029//1029 225//225 222//222
f 1020//1020 223//223 226//226
f 227//227 231//231 1030//1030
f 1031//1031 230//230 228//228
f 1026//1026 229//229 214//214
f 219//219 206//206 1007//1007
f 215//215 216//216 1027//1027
f 1028//1028 217//217 218//218
f 1025//1025 221//221 1014//1014
f 1013//1013 220//220 1006//1006
f 249//249 386//386 1039//1039
f 248//248 1040//1040 247//247
f 207//207 243//243 1042//1042
f 1041//1041 242//242 244//244
f 1046//1046 245//245 246//246
f 1009//1009 204//204 1036//1036
f 1034//1034 205//205 211//211
f 1032//1032 212//212 1037//1037
f 1038//1038 213//213 209//209
f 1045//1045 210//210 208//208
f 1088//1088 526//526 365//365
f 373//373 375//375 1092//1092
f 372//372 1091//1091 371//371
f 364//364 361//361 1090//1090
f 1083//1083 360//360 363//363
f 1081//1081 362//362 370//370
f 374//374 366//366 1078//1078
f 1082//1082 367//367 368//368
f 1080//1080 369//369 122//122
f 126//126 114//114 1063//1063
f 123//123 125//125 1086//1086
f 1087//1087 124//124 127//127
f 1085//1085 129//129 1096//1096
f 1093//1093 128//128 1061//1061
f 105//105 103//103 1117//1117
f 104//104 1112//1112 112//112
f 109//109 107//107 1114//1114
f 1113//1113 106//106 110//110
f 1115//1115 111//111 113//113
f 1062//1062 116//116 1118//1118
f 1119//1119 115//115 119//119
f 1122//1122 117//117 1116//1116
f 1110//1110 118//118 120//120
f 1111//1111 121//121 108//108
f 1175//1175 1177//1177 1178//1178
f 1178//1178 1179//1179 1175//1175
f 1175//1175 1179//1179 1125//1125
f 1175//1175 1125//1125 1181//1181
f 1181//1181 1125//1125 1126//1126
f 1181//1181 1126//1126 1185//1185
f 1185//1185 1126//1126 1127//1127
f 1185//1185 1127//1127 1186//1186
f 1186//1186 1127//1127 1128//1128
f 1186//1186 1128//1128 1191//1191
f 1171//1171 1193//1193 1194//1194
f 1171//1171 1194//1194 1123//1123
f 1123//1123 1194//1194 1198//1198
f 1123//1123 1198//1198 1124//1124
f 1124//1124 1198//1198 1203//1203
f 1124//1124 1203//1203 1131//1131
f 1131//1131 1203//1203 1205//1205
f 1131//1131 1205//1205 1130//1130
f 1130//1130 1205//1205 1191//1191
f 1130//1130 1191//1191 1129//1129
f 1129//1129 1191//1191 1128//1128
f 1213//1213 1215//1215 1216//1216
f 1216//1216 1217//1217 1213//1213
f 1213//1213 1217//1217 1146//1146
f 1213//1213 1146//1146 1221//1221
f 1221//1221 1146//1146 1147//1147
f 1221//1221 1147//1147 1222//1222
f 1222//1222 1147//1147 1148//1148
f 1222//1222 1148//1148 1225//1225
f 1225//1225 1148//1148 1149//1149
f 1225//1225 1149//1149 1228//1228
f 1152//1152 1233//1233 1151//1151
f 1151//1151 1233//1233 1228//1228
f 1151//1151 1228//1228 1150//1150
f 1150//1150 1228//1228 1149//1149
f 1209//1209 1236//1236 1238//1238
f 1209//1209 1238//1238 1145//1145
f 1145//1145 1238//1238 1241//1241
f 1145//1145 1241//1241 1155//1155
f 1155//1155 1241//1241 1246//1246
f 1155//1155 1246//1246 1154//1154
f 1154//1154 1246//1246 1233//1233
f 1154//1154 1233//1233 1153//1153
f 1153//1153 1233//1233 1152//1152
f 1163//1163 1248//1248 1162//1162
f 1162//1162 1248//1248 1252//1252
f 1254//1254 1259//1259 1260//1260
f 1260//1260 1261//1261 1254//1254
f 1254//1254 1261//1261 1157//1157
f 1254//1254 1157//1157 1264//1264
f 1264//1264 1157//1157 1158//1158
f 1264//1264 1158//1158 1265//1265
f 1265//1265 1158//1158 1159//1159
f 1265//1265 1159//1159 1270//1270
f 1270//1270 1159//1159 1160//1160
f 1270//1270 1160//1160 1252//1252
f 1252//1252 1160//1160 1161//1161
f 1252//1252 1161//1161 1162//1162
f 1247//1247 1271//1271 1275//1275
f 1247//1247 1275//1275 1156//1156
f 1156//1156 1275//1275 1278//1278
f 1156//1156 1278//1278 1166//1166
f 1166//1166 1278//1278 1282//1282
f 1166//1166 1282//1282 1165//1165
f 1165//1165 1282//1282 1248//1248
f 1165//1165 1248//1248 1164//1164
f 1164//1164 1248//1248 1163//1163
f 1285//1285 1287//1287 1289//1289
f 1292//1292 1291//1291 1295//1295
f 1292//1292 1295//1295 1132//1132
f 1132//1132 1295//1295 1297//1297
f 1132//1132 1297//1297 1133//1133
f 1133//1133 1297//1297 1301//1301
f 1133//1133 1301//1301 1141//1141
f 1141//1141 1301//1301 1303//1303
f 1141//1141 1303//1303 1140//1140
f 1140//1140 1303//1303 1308//1308
f 1289//1289 1309//1309 1285//1285
f 1285//1285 1309//1309 1135//1135
f 1285//1285 1135//1135 1313//1313
f 1313//1313 1135//1135 1136//1136
f 1313//1313 1136//1136 1314//1314
f 1314//1314 1136//1136 1137//1137
f 1314//1314 1137//1137 1319//1319
f 1319//1319 1137//1137 1138//1138
f 1319//1319 1138//1138 1308//1308
f 1308//1308 1138//1138 1139//1139
f 1308//1308 1139//1139 1140//1140
f 1310//1310 1142//1142 1134//1134
f 1324//1324 1176//1176 1174//1174
f 1326//1326 1323//1323 1332//1332
f 1331//1331 1325//1325 1172//1172
f 1333//1333 1173//1173 1335//1335
f 1335//1335 1173//1173 1180//1180
f 1336//1336 1182//1182 1339//1339
f 1339//1339 1182//1182 1183//1183
f 1341//1341 1184//1184 1342//1342
f 1342//1342 1184//1184 1187//1187
f 1345//1345 1188//1188 1347//1347
f 1347//1347 1188//1188 1190//1190
f 1349//1349 1189//1189 1350//1350
f 1350//1350 1189//1189 1204//1204
f 1351//1351 1206//1206 1357//1357
f 1357//1357 1206//1206 1201//1201
f 1356//1356 1202//1202 1358//1358
f 1358//1358 1202//1202 1200//1200
f 1360//1360 1199//1199 1362//1362
f 1362//1362 1199//1199 1195//1195
f 1368//1368 1328//1328 1369//1369
f 1370//1370 1327//1327 1330//1330
f 1371//1371 1329//1329 1380//1380
f 1380//1380 1329//1329 1337//1337
f 1379//1379 1334//1334 1387//1387
f 1387//1387 1334//1334 1338//1338
f 1386//1386 1340//1340 1391//1391
f 1391//1391 1340//1340 1343//1343
f 1390//1390 1344//1344 1394//1394
f 1394//1394 1344//1344 1348//1348
f 1393//1393 1346//1346 1399//1399
f 1399//1399 1346//1346 1352//1352
f 1397//1397 1353//1353 1401//1401
f 1401//1401 1353//1353 1354//1354
f 1402//1402 1355//1355 1414//1414
f 1414//1414 1355//1355 1361//1361
f 1413//1413 1359//1359 1416//1416
f 1416//1416 1359//1359 1363//1363
f 1426//1426 1417//1417 1430//1430
f 1428//1428 1421//1421 1365//1365
f 1429//1429 1364//1364 1433//1433
f 1431//1431 1366//1366 1196//1196
f 1432//1432 1197//1197 1192//1192
f 1435//1435 1214//1214 1210//1210
f 1437//1437 1436//1436 1444//1444
f 1445//1445 1434//1434 1211//1211
f 1442//1442 1212//1212 1447//1447
f 1447//1447 1212//1212 1218//1218
f 1446//1446 1220//1220 1453//1453
f 1451//1451 1219//1219 1223//1223
f 1452//1452 1224//1224 1458//1458
f 1458//1458 1224//1224 1226//1226
f 1455//1455 1227//1227 1461//1461
f 1461//1461 1227//1227 1229//1229
f 1460//1460 1230//1230 1465//1465
f 1465//1465 1230//1230 1231//1231
f 1463//1463 1232//1232 1468//1468
f 1467//1467 1234//1234 1244//1244
f 1469//1469 1245//1245 1474//1474
f 1474//1474 1245//1245 1243//1243
f 1475//1475 1242//1242 1477//1477
f 1477//1477 1242//1242 1240//1240
f 1482//1482 1438//1438 1487//1487
f 1485//1485 1439//1439 1443//1443
f 1486//1486 1440//1440 1495//1495
f 1496//1496 1441//1441 1449//1449
f 1491//1491 1448//1448 1501//1501
f 1501//1501 1448//1448 1454//1454
f 1500//1500 1450//1450 1503//1503
f 1503//1503 1450//1450 1457//1457
f 1504//1504 1456//1456 1509//1509
f 1509//1509 1456//1456 1459//1459
f 1507//1507 1462//1462 1515//1515
f 1515//1515 1462//1462 1466//1466
f 1512//1512 1464//1464 1518//1518
f 1518//1518 1464//1464 1471//1471
f 1519//1519 1470//1470 1529//1529
f 1529//1529 1470//1470 1473//1473
f 1527//1527 1472//1472 1536//1536
f 1536//1536 1472//1472 1478//1478
f 1541//1541 1534//1534 1543//1543
f 1544//1544 1537//1537 1476//1476
f 1545//1545 1480//1480 1548//1548
f 1547//1547 1479//1479 1239//1239
f 1546//1546 1237//1237 1235//1235
f 1551//1551 1258//1258 1257//1257
f 1554//1554 1550//1550 1556//1556
f 1555//1555 1549//1549 1255//1255
f 1557//1557 1256//1256 1563//1563
f 1563//1563 1256//1256 1262//1262
f 1562//1562 1263//1263 1565//1565
f 1565//1565 1263//1263 1267//1267
f 1564//1564 1266//1266 1570//1570
f 1570//1570 1266//1266 1268//1268
f 1568//1568 1269//1269 1572//1572
f 1572//1572 1269//1269 1253//1253
f 1574//1574 1251//1251 1577//1577
f 1577//1577 1251//1251 1249//1249
f 1578//1578 1250//1250 1580//1580
f 1580//1580 1250//1250 1281//1281
f 1581//1581 1280//1280 1586//1586
f 1586//1586 1280//1280 1277//1277
f 1587//1587 1279//1279 1591//1591
f 1591//1591 1279//1279 1274//1274
f 1593//1593 1553//1553 1600//1600
f 1595//1595 1552//1552 1559//1559
f 1597//1597 1558//1558 1608//1608
f 1608//1608 1558//1558 1560//1560
f 1605//1605 1561//1561 1609//1609
f 1609//1609 1561//1561 1566//1566
f 1612//1612 1567//1567 1614//1614
f 1614//1614 1567//1567 1571//1571
f 1615//1615 1569//1569 1622//1622
f 1622//1622 1569//1569 1575//1575
f 1621//1621 1573//1573 1626//1626
f 1626//1626 1573//1573 1579//1579
f 1623//1623 1576//1576 1629//1629
f 1629//1629 1576//1576 1583//1583
f 1628//1628 1582//1582 1634//1634
f 1634//1634 1582//1582 1584//1584
f 1635//1635 1585//1585 1649//1649
f 1649//1649 1585//1585 1588//1588
f 1652//1652 1650//1650 1654//1654
f 1656//1656 1651//1651 1592//1592
f 1655//1655 1590//1590 1657//1657
f 1658//1658 1589//1589 1276//1276
f 1659//1659 1273//1273 1272//1272
f 1664//1664 1288//1288 1286//1286
f 1667//1667 1663//1663 1669//1669
f 1668//1668 1662//1662 1284//1284
f 1671//1671 1283//1283 1674//1674
f 1674//1674 1283//1283 1312//1312
f 1676//1676 1311//1311 1677//1677
f 1677//1677 1311//1311 1315//1315
f 1680//1680 1316//1316 1682//1682
f 1682//1682 1316//1316 1317//1317
f 1681//1681 1318//1318 1688//1688
f 1688//1688 1318//1318 1306//1306
f 1687//1687 1307//1307 1692//1692
f 1692//1692 1307//1307 1305//1305
f 1691//1691 1304//1304 1693//1693
f 1693//1693 1304//1304 1300//1300
f 1694//1694 1302//1302 1699//1699
f 1699//1699 1302//1302 1298//1298
f 1700//1700 1299//1299 1701//1701
f 1701//1701 1299//1299 1294//1294
f 1706//1706 1666//1666 1715//1715
f 1714//1714 1665//1665 1670//1670
f 1713//1713 1672//1672 1720//1720
f 1720//1720 1672//1672 1675//1675
f 1719//1719 1673//1673 1724//1724
f 1724//1724 1673//1673 1679//1679
f 1725//1725 1678//1678 1727//1727
f 1727//1727 1678//1678 1683//1683
f 1730//1730 1684//1684 1733//1733
f 1733//1733 1684//1684 1685//1685
f 1732//1732 1686//1686 1737//1737
f 1737//1737 1686//1686 1690//1690
f 1739//1739 1689//1689 1740//1740
f 1740//1740 1689//1689 1696//1696
f 1743//1743 1695//1695 1745//1745
f 1745//1745 1695//1695 1697//1697
f 1746//1746 1698//1698 1762//1762
f 1762//1762 1698//1698 1705//1705
f 1765//1765 1756//1756 1767//1767
f 1766//1766 1763//1763 1702//1702
f 1768//1768 1703//1703 1770//1770
f 1771//1771 1704//1704 1296//1296
f 1769//1769 1293//1293 1290//1290
f 1784//1784 1786//1786 1374//1374
f 1373//1373 1785//1785 1787//1787
f 1375//1375 1788//1788 1367//1367
f 1783//1783 1376//1376 1791//1791
f 1789//1789 1372//1372 1377//1377
f 1790//1790 1382//1382 1792//1792
f 1793//1793 1378//1378 1795//1795
f 1796//1796 1381//1381 1385//1385
f 1794//1794 1384//1384 1798//1798
f 1383//1383 1389//1389 1797//1797
f 1800//1800 1388//1388 1395//1395
f 1799//1799 1396//1396 1803//1803
f 1410//1410 1807//1807 1403//1403
f 1404//1404 1806//1806 1804//1804
f 1405//1405 1801//1801 1398//1398
f 1400//1400 1802//1802 1392//1392
f 1415//1415 1422//1422 1809//1809
f 1810//1810 1812//1812 1412//1412
f 1407//1407 1811//1811 1814//1814
f 1406//1406 1813//1813 1816//1816
f 1815//1815 1818//1818 1409//1409
f 1408//1408 1817//1817 1820//1820
f 1411//1411 1819//1819 1805//1805
f 1427//1427 1822//1822 1424//1424
f 1425//1425 1821//1821 1824//1824
f 1418//1418 1823//1823 1826//1826
f 1825//1825 1827//1827 1420//1420
f 1419//1419 1828//1828 1829//1829
f 1423//1423 1830//1830 1808//1808
f 1831//1831 1834//1834 1599//1599
f 1596//1596 1833//1833 1836//1836
f 1601//1601 1835//1835 1594//1594
f 1832//1832 1598//1598 1837//1837
f 1838//1838 1602//1602 1606//1606
f 1839//1839 1607//1607 1841//1841
f 1840//1840 1603//1603 1844//1844
f 1842//1842 1604//1604 1611//1611
f 1843//1843 1613//1613 1845//1845
f 1610//1610 1617//1617 1846//1846
f 1848//1848 1616//1616 1620//1620
f 1847//1847 1619//1619 1849//1849
f 1636//1636 1854//1854 1627//1627
f 1631//1631 1853//1853 1851//1851
f 1630//1630 1850//1850 1624//1624
f 1625//1625 1852//1852 1618//1618
f 1637//1637 1643//1643 1857//1857
f 1858//1858 1860//1860 1641//1641
f 1639//1639 1859//1859 1862//1862
f 1638//1638 1861//1861 1864//1864
f 1863//1863 1865//1865 1633//1633
f 1640//1640 1866//1866 1867//1867
f 1632//1632 1868//1868 1855//1855
f 1653//1653 1870//1870 1645//1645
f 1644//1644 1869//1869 1871//1871
f 1646//1646 1872//1872 1874//1874
f 1873//1873 1876//1876 1642//1642
f 1648//1648 1875//1875 1878//1878
f 1647//1647 1877//1877 1856//1856
f 1897//1897 1898//1898 1483//1483
f 1484//1484 1899//1899 1901//1901
f 1488//1488 1900//1900 1481//1481
f 1896//1896 1490//1490 1904//1904
f 1903//1903 1489//1489 1493//1493
f 1902//1902 1492//1492 1906//1906
f 1905//1905 1494//1494 1907//1907
f 1909//1909 1497//1497 1499//1499
f 1908//1908 1502//1502 1911//1911
f 1498//1498 1506//1506 1910//1910
f 1912//1912 1505//1505 1510//1510
f 1913//1913 1511//1511 1915//1915
f 1523//1523 1920//1920 1517//1517
f 1520//1520 1918//1918 1914//1914
f 1516//1516 1917//1917 1514//1514
f 1513//1513 1916//1916 1508//1508
f 1521//1521 1533//1533 1921//1921
f 1923//1923 1924//1924 1526//1526
f 1522//1522 1925//1925 1926//1926
f 1525//1525 1927//1927 1928//1928
f 1929//1929 1930//1930 1524//1524
f 1530//1530 1931//1931 1932//1932
f 1528//1528 1933//1933 1919//1919
f 1542//1542 1935//1935 1540//1540
f 1531//1531 1934//1934 1936//1936
f 1535//1535 1937//1937 1938//1938
f 1939//1939 1940//1940 1538//1538
f 1539//1539 1941//1941 1943//1943
f 1532//1532 1942//1942 1922//1922
f 1944//1944 1947//1947 1712//1712
f 1711//1711 1946//1946 1949//1949
f 1708//1708 1948//1948 1707//1707
f 1945//1945 1709//1709 1952//1952
f 1950//1950 1710//1710 1716//1716
f 1951//1951 1721//1721 1953//1953
f 1954//1954 1718//1718 1955//1955
f 1956//1956 1717//1717 1726//1726
f 1957//1957 1723//1723 1960//1960
f 1722//1722 1729//1729 1961//1961
f 1959//1959 1728//1728 1735//1735
f 1958//1958 1734//1734 1963//1963
f 1747//1747 1968//1968 1742//1742
f 1744//1744 1966//1966 1964//1964
f 1741//1741 1962//1962 1736//1736
f 1738//1738 1965//1965 1731//1731
f 1750//1750 1755//1755 1971//1971
f 1969//1969 1973//1973 1748//1748
f 1749//1749 1972//1972 1975//1975
f 1754//1754 1974//1974 1976//1976
f 1977//1977 1978//1978 1753//1753
f 1752//1752 1979//1979 1980//1980
f 1751//1751 1981//1981 1967//1967
f 1764//1764 1982//1982 1758//1758
f 1757//1757 1983//1983 1984//1984
f 1761//1761 1985//1985 1986//1986
f 1987//1987 1988//1988 1759//1759
f 1760//1760 1989//1989 1970//1970
f 1994//1994 2005//2005 2071//2071
f 2066//2066 2006//2006 2002//2002
f 2067//2067 2001//2001 1999//1999
f 2000//2000 2003//2003 2068//2068
f 2059//2059 2004//2004 2052//2052
f 2064//2064 2051//2051 2053//2053
f 2054//2054 2055//2055 2063//2063
f 2069//2069 2056//2056 2047//2047
f 2065//2065 2048//2048 2050//2050
f 2033//2033 2076//2076 2044//2044
f 2045//2045 2072//2072 2080//2080
f 2049//2049 2037//2037 2070//2070
f 2057//2057 2038//2038 2040//2040
f 2058//2058 2039//2039 2082//2082
f 2078//2078 2041//2041 2042//2042
f 2079//2079 2043//2043 2046//2046
f 2010//2010 1993//1993 2087//2087
f 2017//2017 2009//2009 2093//2093
f 2092//2092 2007//2007 2100//2100
f 2096//2096 2101//2101 2015//2015
f 2016//2016 2013//2013 2094//2094
f 2095//2095 2014//2014 2011//2011
f 2091//2091 2012//2012 2018//2018
f 2008//2008 2089//2089 2097//2097
f 2098//2098 2090//2090 2103//2103
f 2099//2099 2102//2102 2109//2109
f 2108//2108 2104//2104 2112//2112
f 2107//2107 2115//2115 2117//2117
f 1886//1886 1889//1889 2132//2132
f 1772//1772 1887//1887 2133//2133
f 2134//2134 1885//1885 2131//2131
f 2135//2135 2130//2130 2137//2137
f 2141//2141 2147//2147 2139//2139
f 2073//2073 2142//2142 2081//2081
f 2084//2084 2144//2144 2151//2151
f 2083//2083 2148//2148 2061//2061
f 2141//2141 2139//2139 2150//2150
f 2149//2149 2137//2137 2130//2130
f 2148//2148 2128//2128 2061//2061
f 2060//2060 2129//2129 1888//1888
f 2062//2062 1890//1890 1995//1995
f 1779//1779 1321//1321 2155//2155
f 1781//1781 1778//1778 2156//2156
f 2158//2158 1777//1777 2153//2153
f 2157//2157 2154//2154 2161//2161
f 2161//2161 2154//2154 2167//2167
f 2163//2163 2165//2165 2169//2169
f 2169//2169 2165//2165 2174//2174
f 1992//1992 1782//1782 2086//2086
f 2088//2088 1780//1780 2159//2159
f 2085//2085 2160//2160 2106//2106
f 2106//2106 2160//2160 2162//2162
f 2105//2105 2164//2164 2111//2111
f 2111//2111 2164//2164 2171//2171
f 1207//1207 1773//1773 2136//2136
f 2138//2138 2199//2199 2136//2136
f 2136//2136 2199//2199 1143//1143
f 2136//2136 1143//1143 1207//1207
f 2200//2200 1775//1775 1774//1774
f 2206//2206 2207//2207 2146//2146
f 2146//2146 2207//2207 2208//2208
f 2146//2146 2208//2208 2138//2138
f 2138//2138 2208//2208 2209//2209
f 2138//2138 2209//2209 2199//2199
f 1774//1774 1208//1208 2200//2200
f 2200//2200 1208//1208 1144//1144
f 2200//2200 1144//1144 2206//2206
f 2206//2206 1144//1144 2210//2210
f 2206//2206 2210//2210 2207//2207
f 2166//2166 2152//2152 1168//1168
f 1322//1322 1320//1320 2152//2152
f 2152//2152 1320//1320 1170//1170
f 2152//2152 1170//1170 1168//1168
f 1169//1169 1661//1661 2212//2212
f 2215//2215 2218//2218 2212//2212
f 2212//2212 2218//2218 1167//1167
f 2212//2212 1167//1167 1169//1169
f 1168//1168 2219//2219 2166//2166
f 2166//2166 2219//2219 2220//2220
f 2166//2166 2220//2220 2173//2173
f 2173//2173 2220//2220 2221//2221
f 2173//2173 2221//2221 2215//2215
f 2215//2215 2221//2221 2222//2222
f 2215//2215 2222//2222 2218//2218
f 1893//1893 1776//1776 2203//2203
f 2224//2224 2232//2232 2237//2237
f 2236//2236 2228//2228 1998//1998
f 2235//2235 1996//1996 1894//1894
f 2237//2237 2239//2239 2224//2224
f 2225//2225 2242//2242 2143//2143
f 2225//2225 2143//2143 2077//2077
f 1895//1895 1891//1891 2233//2233
f 2234//2234 1892//1892 2201//2201
f 2238//2238 2202//2202 2240//2240
f 2240//2240 2202//2202 2205//2205
f 2241//2241 2204//2204 2140//2140
f 2140//2140 2204//2204 2145//2145
f 2113//2113 2168//2168 2244//2244
f 2249//2249 2253//2253 2246//2246
f 2246//2246 2253//2253 2272//2272
f 2244//2244 2273//2273 2113//2113
f 1990//1990 2256//2256 1884//1884
f 1882//1882 2255//2255 2247//2247
f 1883//1883 2248//2248 1881//1881
f 2170//2170 2172//2172 2243//2243
f 2243//2243 2172//2172 2217//2217
f 2245//2245 2216//2216 2250//2250
f 2250//2250 2216//2216 2211//2211
f 2251//2251 2213//2213 1880//1880
f 1879//1879 2214//2214 1660//1660
f 2021//2021 1997//1997 2229//2229
f 2192//2192 2022//2022 2274//2274
f 2277//2277 2024//2024 2029//2029
f 2276//2276 2025//2025 2036//2036
f 2035//2035 2187//2187 2279//2279
f 2278//2278 2188//2188 2190//2190
f 2275//2275 2189//2189 2191//2191
f 2023//2023 2231//2231 2026//2026
f 2028//2028 2230//2230 2223//2223
f 2027//2027 2226//2226 2030//2030
f 2031//2031 2227//2227 2075//2075
f 2032//2032 2074//2074 2034//2034
f 2264//2264 1991//1991 2019//2019
f 2020//2020 2194//2194 2258//2258
f 2259//2259 2193//2193 2197//2197
f 2263//2263 2198//2198 2196//2196
f 2195//2195 2179//2179 2252//2252
f 2260//2260 2180//2180 2182//2182
f 2265//2265 2181//2181 2184//2184
f 2183//2183 2186//2186 2266//2266
f 2262//2262 2185//2185 2175//2175
f 2254//2254 2176//2176 2177//2177
f 2116//2116 2110//2110 2126//2126
f 2125//2125 2114//2114 2269//2269
f 2178//2178 2119//2119 2257//2257
f 2267//2267 2118//2118 2120//2120
f 2261//2261 2121//2121 2268//2268
f 2270//2270 2122//2122 2124//2124
f 2271//2271 2123//2123 2127//2127

