# https://github.com/mikedh/trimesh
v 0.05117141 0.02155284 0.10664053
v 0.05117141 -0.02033415 0.10664053
v 0.05116139 0.02155284 0.10539524
v 0.05108125 0.02278610 0.10664053
v 0.05112132 0.02155284 0.10784919
v 0.05116139 -0.02153821 0.10664053
v 0.05116139 -0.02033415 0.10539524
v 0.05112132 -0.02033415 0.10784919
v 0.05111130 0.02155284 0.10416216
v 0.05107123 0.02278610 0.10539524
v 0.05084082 0.02403395 0.10664053
v 0.05103116 0.02278610 0.10784919
v 0.05104118 0.02155284 0.10908226
v 0.05105120 -0.02277877 0.10664053
v 0.05105120 -0.02277877 0.10539524
v 0.05115137 -0.02153821 0.10539524
v 0.05111130 -0.02153821 0.10784919
v 0.05101112 -0.02277877 0.10784919
v 0.05111130 -0.02033415 0.10416216
v 0.05104118 -0.02033415 0.10908226
v 0.05095102 0.02155284 0.10168380
v 0.05087088 0.02278610 0.10168380
v 0.05095102 0.02278610 0.10292909
v 0.05102114 0.02278610 0.10416216
v 0.05083080 0.02403395 0.10539524
v 0.05061041 0.02474909 0.10539524
v 0.05061041 0.02475639 0.10664053
v 0.05060039 0.02469071 0.10784919
v 0.05079073 0.02403395 0.10784919
v 0.05095102 0.02278610 0.10908226
v 0.05077070 0.02278610 0.11156062
v 0.05095102 0.02155284 0.11031534
v 0.05075066 -0.02393176 0.10784919
v 0.05073063 -0.02414338 0.10653065
v 0.05073063 -0.02412149 0.10546849
v 0.05074064 -0.02393176 0.10416216
v 0.05100111 -0.02277877 0.10416216
v 0.05110128 -0.02153821 0.10416216
v 0.05103116 -0.02153821 0.10908226
v 0.05084082 -0.02277877 0.11031534
v 0.05061041 -0.02350121 0.11156062
v 0.05095102 -0.02153821 0.10168380
v 0.05095102 -0.02033415 0.11031534
v 0.05085084 -0.02153821 0.11156062
v 0.05084082 0.02155284 0.10047514
v 0.05074064 0.02412881 0.10405229
v 0.05072061 0.02291745 0.10035306
v 0.05058036 0.02339908 0.09986471
v 0.05061041 0.02360340 0.10067048
v 0.05052025 0.02441341 0.10168380
v 0.05058036 0.02465423 0.10355173
v 0.05060039 0.02471260 0.10436971
v 0.05029986 0.02536937 0.10539524
v 0.05029986 0.02537667 0.10664053
v 0.05027982 0.02531829 0.10784919
v 0.05058036 0.02466152 0.10848404
v 0.05052025 0.02441341 0.11031534
v 0.05059037 0.02347205 0.11224431
v 0.05053027 0.02304880 0.11305008
v 0.05058036 0.02220230 0.11341634
v 0.05085084 0.02155284 0.11156062
v 0.05055030 -0.02458122 0.10784919
v 0.05058036 -0.02463960 0.10688470
v 0.05047016 -0.02428203 0.11031534
v 0.05051023 -0.02444257 0.10908226
v 0.05058036 -0.02464690 0.10609114
v 0.05058036 -0.02464690 0.10594463
v 0.05057034 -0.02461041 0.10516328
v 0.05055030 -0.02454474 0.10416216
v 0.05047016 -0.02431122 0.10168380
v 0.05061041 -0.02355959 0.10078036
v 0.05084082 -0.02277877 0.10168380
v 0.05074064 -0.02277877 0.11156062
v 0.05058036 -0.02340634 0.11218327
v 0.05042007 -0.02412149 0.11156062
v 0.05083080 -0.02153821 0.10047514
v 0.05084082 -0.02033415 0.10047514
v 0.05059037 -0.02033415 0.11342855
v 0.05058036 -0.02219498 0.11337972
v 0.05049020 0.02155284 0.09798457
v 0.05040004 0.02278610 0.09798457
v 0.05032991 0.02403395 0.09924207
v 0.05048018 0.02403395 0.10035306
v 0.04994923 0.02403395 0.09675150
v 0.05018966 0.02403395 0.09825316
v 0.04981900 0.02504828 0.09825316
v 0.04969879 0.02534748 0.09825316
v 0.05001936 0.02526721 0.10047514
v 0.05013957 0.02526721 0.10168380
v 0.05033993 0.02517964 0.10405229
v 0.05021971 0.02526721 0.10292909
v 0.04959861 0.02609911 0.10168380
v 0.04963868 0.02612830 0.10292909
v 0.04966873 0.02615019 0.10416216
v 0.04968877 0.02615749 0.10539524
v 0.04968877 0.02615749 0.10664053
v 0.04967875 0.02615749 0.10784919
v 0.04959861 0.02609911 0.11031534
v 0.04954852 0.02606262 0.11156062
v 0.05013957 0.02526721 0.11031534
v 0.05029986 0.02514315 0.10897238
v 0.05003939 0.02526721 0.11156062
v 0.05047016 0.02422368 0.11156062
v 0.05040004 0.02393178 0.11268382
v 0.04995925 0.02403395 0.11522323
v 0.05020970 0.02278610 0.11522323
v 0.05059037 0.02155284 0.11342855
v 0.05006945 0.02155284 0.11644410
v 0.05028984 0.02155284 0.11522323
v 0.05049020 0.02155284 0.11403899
v 0.05002938 -0.02525988 0.11031534
v 0.05011954 -0.02525988 0.10908226
v 0.05018966 -0.02525988 0.10784919
v 0.05029986 -0.02513582 0.10653065
v 0.04979896 -0.02525988 0.11275707
v 0.05028984 -0.02513582 0.10546849
v 0.05017964 -0.02525988 0.10416216
v 0.05010952 -0.02525988 0.10292909
v 0.05002938 -0.02525988 0.10168380
v 0.04976891 -0.02525988 0.09924207
v 0.05044011 -0.02399013 0.10040189
v 0.05056032 -0.02332607 0.09997459
v 0.05061041 -0.02248687 0.09946182
v 0.05017964 -0.02277877 0.11522323
v 0.04967875 -0.02402662 0.11644410
v 0.05008948 -0.02402662 0.11400236
v 0.05034995 -0.02389527 0.11263499
v 0.04953850 -0.02499717 0.11522323
v 0.05052025 -0.02156740 0.09825316
v 0.05049020 -0.02033415 0.09798457
v 0.05049020 -0.02033415 0.11403899
v 0.05028984 -0.02153821 0.11522323
v 0.05005943 -0.02153821 0.11644410
v 0.04994923 -0.02277877 0.11644410
v 0.05027982 0.02155284 0.09675150
v 0.05018966 0.02278610 0.09675150
v 0.04956855 0.02512126 0.09675150
v 0.04969879 0.02403395 0.09553063
v 0.04936820 0.02468342 0.09488357
v 0.04943832 0.02485855 0.09553063
v 0.04963868 0.02538396 0.09792353
v 0.04940827 0.02593857 0.09830200
v 0.04946838 0.02600424 0.09924207
v 0.04953850 0.02605532 0.10047514
v 0.03624482 0.03614760 0.10609114
v 0.03624482 0.03614760 0.10661611
v 0.03622478 0.03612571 0.10784919
v 0.03617469 0.03609652 0.10909447
v 0.03611459 0.03605274 0.11032755
v 0.04947839 0.02600424 0.11275707
v 0.04940827 0.02593857 0.11374598
v 0.04934816 0.02587289 0.11457617
v 0.04958859 0.02514315 0.11522323
v 0.04946838 0.02489504 0.11644410
v 0.04938823 0.02471990 0.11722545
v 0.04973886 0.02403395 0.11644410
v 0.04997929 0.02278610 0.11644410
v 0.05006945 -0.02033415 0.11644410
v 0.04979896 0.02155284 0.11770159
v 0.04941829 -0.02595313 0.11275707
v 0.04947839 -0.02601151 0.11156062
v 0.04953850 -0.02604800 0.11031534
v 0.04957857 -0.02607719 0.10908226
v 0.04960863 -0.02611367 0.10784919
v 0.04961864 -0.02611367 0.10539524
v 0.04962866 -0.02611367 0.10664053
v 0.04936820 -0.02588745 0.11346518
v 0.04959861 -0.02611367 0.10416216
v 0.04956855 -0.02607719 0.10292909
v 0.04952848 -0.02604800 0.10168380
v 0.04947839 -0.02601151 0.10047514
v 0.04940827 -0.02591665 0.09924207
v 0.04935818 -0.02588745 0.09860722
v 0.04955854 -0.02539853 0.09826537
v 0.04951847 -0.02496798 0.09675150
v 0.05011954 -0.02402662 0.09825316
v 0.05007947 -0.02402662 0.09798457
v 0.05041005 -0.02281526 0.09825316
v 0.04935818 -0.02464690 0.11710336
v 0.04942830 -0.02477825 0.11644410
v 0.04937822 -0.02349391 0.11839748
v 0.04927804 -0.02579259 0.11429537
v 0.05027982 -0.02156740 0.09675150
v 0.04978895 -0.02153821 0.11770159
v 0.04967875 -0.02277877 0.11770159
v 0.05002938 0.02155284 0.09553063
v 0.04993922 0.02278610 0.09553063
v 0.04924798 0.02573424 0.09675150
v 0.04932813 0.02587289 0.09747181
v 0.04937822 0.02350854 0.09358945
v 0.04926802 0.02434774 0.09404117
v 0.04864691 0.02526721 0.09308889
v 0.04901757 0.02516504 0.09443185
v 0.04667340 0.02691641 0.09061053
v 0.03539330 0.03676788 0.10609114
v 0.03539330 0.03676788 0.10661611
v 0.03536325 0.03674599 0.10784919
v 0.03531316 0.03670950 0.10909447
v 0.03524303 0.03666572 0.11032755
v 0.03505269 0.03668761 0.11157283
v 0.03602443 0.03600166 0.11156062
v 0.03515287 0.03649058 0.11279370
v 0.04608234 0.02739804 0.12140082
v 0.04927804 0.02577073 0.11522323
v 0.04670345 0.02691641 0.12140082
v 0.04825621 0.02602613 0.11892246
v 0.04815604 0.02593857 0.11966719
v 0.04947839 0.02399746 0.11766496
v 0.04867697 0.02526721 0.11892246
v 0.04824620 0.02488044 0.12110781
v 0.04880720 0.02403395 0.12017995
v 0.04927804 0.02438422 0.11803122
v 0.04970880 0.02278610 0.11770159
v 0.04979896 -0.02033415 0.11770159
v 0.04949843 0.02155284 0.11886141
v 0.03295896 -0.03680434 0.11153621
v 0.03393069 -0.03628623 0.11030313
v 0.04657322 -0.02682882 0.12141303
v 0.04595211 -0.02728855 0.12141303
v 0.03393069 -0.03643947 0.10781256
v 0.03393069 -0.03649055 0.10664053
v 0.03393069 -0.03649055 0.10539524
v 0.04821614 -0.02597502 0.11865387
v 0.03393069 -0.03643947 0.10416216
v 0.03393069 -0.03635920 0.10292909
v 0.03393069 -0.03624974 0.10168380
v 0.03293893 -0.03676785 0.10046293
v 0.04592206 -0.02728855 0.09061053
v 0.04932813 -0.02582908 0.09826537
v 0.04637286 -0.02696017 0.09061053
v 0.04829629 -0.02604800 0.09433418
v 0.04819611 -0.02595313 0.09339411
v 0.04916784 -0.02559556 0.09675150
v 0.04942830 -0.02480014 0.09579922
v 0.04957857 -0.02412149 0.09546959
v 0.05016963 -0.02277877 0.09675150
v 0.04925800 -0.02431852 0.11790914
v 0.04873707 -0.02402662 0.12017995
v 0.04820613 -0.02480014 0.12103456
v 0.04810595 -0.02585097 0.11952068
v 0.04905764 -0.02539853 0.11644410
v 0.04918788 -0.02561745 0.11522323
v 0.04927804 -0.02277877 0.11925209
v 0.04902759 -0.02277877 0.12017995
v 0.05001936 -0.02156740 0.09553063
v 0.05002938 -0.02033415 0.09553063
v 0.04933814 -0.02153821 0.11945964
v 0.04947839 0.02155284 0.09317435
v 0.04965871 0.02278610 0.09433418
v 0.04813600 0.02590937 0.09240521
v 0.04822616 0.02599694 0.09308889
v 0.04927804 0.02278610 0.09274705
v 0.04901757 0.02278610 0.09184361
v 0.04875711 0.02403395 0.09184361
v 0.04821614 0.02482936 0.09094017
v 0.04721436 0.02629614 0.09061053
v 0.04688377 0.02590208 0.08877923
v 0.04644299 0.02666101 0.08938966
v 0.04551133 0.02699668 0.08785137
v 0.04568163 0.02714993 0.08869377
v 0.04583190 0.02724480 0.08938966
v 0.04442940 0.02836859 0.08992684
v 0.03477219 0.03714005 0.10609114
v 0.03934033 0.03125836 0.08815659
v 0.03477219 0.03714005 0.10661611
v 0.03475216 0.03713275 0.10784919
v 0.03469205 0.03710356 0.10909447
v 0.03457184 0.03703059 0.11118215
v 0.03449169 0.03700140 0.11200014
v 0.03441155 0.03696491 0.11279370
v 0.03427130 0.03687734 0.11402678
v 0.03526307 0.03620599 0.11407561
v 0.04493029 0.02798183 0.12258506
v 0.04586195 0.02730318 0.12263390
v 0.03503266 0.03615490 0.11525985
v 0.04571168 0.02717912 0.12345188
v 0.04649307 0.02669019 0.12263390
v 0.04701400 0.02605532 0.12263390
v 0.04689379 0.02590937 0.12329316
v 0.04801579 0.02570505 0.12048517
v 0.04938823 0.02353043 0.11844632
v 0.04809593 0.02456666 0.12196242
v 0.04675354 0.02564667 0.12412335
v 0.04697393 0.02482206 0.12472158
v 0.04821614 0.02373475 0.12229205
v 0.04869700 0.02278610 0.12140082
v 0.04905764 0.02278610 0.12017995
v 0.04949843 -0.02033415 0.11886141
v 0.04933814 0.02155284 0.11945964
v 0.03279868 -0.03674596 0.11278149
v 0.03225771 -0.03708164 0.11278149
v 0.03233786 -0.03713272 0.11153621
v 0.03315932 -0.03695029 0.10664053
v 0.04579183 -0.02723017 0.12237751
v 0.04715425 -0.02621584 0.12140082
v 0.04610238 -0.02637638 0.12387918
v 0.04549129 -0.02699666 0.12387918
v 0.03261836 -0.03668758 0.11403899
v 0.03315932 -0.03695029 0.10539524
v 0.03309921 -0.03692840 0.10416216
v 0.03232784 -0.03712543 0.10046293
v 0.03223768 -0.03708164 0.09922986
v 0.04513065 -0.02755126 0.08931641
v 0.04577179 -0.02722288 0.08970709
v 0.03260834 -0.03668758 0.09797236
v 0.04654316 -0.02679963 0.09061053
v 0.04807589 -0.02582178 0.09256392
v 0.04845657 -0.02536204 0.09301564
v 0.04932813 -0.02458122 0.09499345
v 0.04935818 -0.02346472 0.09366270
v 0.04941829 -0.02277877 0.09341853
v 0.04866695 -0.02277877 0.12140082
v 0.04820613 -0.02366905 0.12224322
v 0.04806588 -0.02448636 0.12185254
v 0.04781543 -0.02523799 0.12142524
v 0.04799575 -0.02566124 0.12017995
v 0.04693386 -0.02474177 0.12464833
v 0.04684370 -0.02582178 0.12313445
v 0.04877714 -0.02153821 0.12140082
v 0.04973886 -0.02156740 0.09433418
v 0.04947839 -0.02033415 0.09317435
v 0.04878716 0.02155284 0.12140082
v 0.04932813 0.02155284 0.09256392
v 0.04746481 0.02526721 0.08938966
v 0.04812598 0.02220230 0.08877923
v 0.04862688 0.02278610 0.09061053
v 0.04805586 0.02301961 0.08892573
v 0.04819611 0.02369827 0.08979255
v 0.04807589 0.02452287 0.09009777
v 0.04706409 0.02521612 0.08825426
v 0.04672348 0.02559559 0.08793683
v 0.04573172 0.02598965 0.08611774
v 0.04590202 0.02616478 0.08692351
v 0.04532099 0.02679236 0.08692351
v 0.04434925 0.02704777 0.08525092
v 0.04451956 0.02720831 0.08606890
v 0.04508056 0.02747102 0.08821763
v 0.04431920 0.02825913 0.08909665
v 0.04413888 0.02814238 0.08814438
v 0.04339756 0.02864589 0.08813217
v 0.03392068 0.03727140 0.10609114
v 0.03918005 0.03125836 0.08779033
v 0.03556360 0.03125836 0.08147844
v 0.01116013 0.02839778 0.03686793
v 0.00924672 0.02908374 0.03753940
v 0.00646175 0.02966023 0.03681909
v 0.00764386 0.03089349 0.04426639
v 0.00430792 0.03160134 0.04495007
v 0.04265624 0.02877725 0.08682584
v 0.03392068 0.03727140 0.10661611
v 0.03392068 0.03725681 0.10784919
v 0.03392068 0.03722762 0.10909447
v 0.03365019 0.03714735 0.11402678
v 0.03350994 0.03711816 0.11525985
v 0.03338973 0.03705978 0.11615109
v 0.03413105 0.03676788 0.11525985
v 0.03486235 0.03603814 0.11649293
v 0.03392068 0.03643220 0.11772601
v 0.03458185 0.03581922 0.11851957
v 0.04432922 0.02831022 0.12295132
v 0.04416893 0.02819346 0.12387918
v 0.04510059 0.02752210 0.12385476
v 0.04475999 0.02737615 0.12511226
v 0.04555140 0.02703317 0.12425765
v 0.04593207 0.02623046 0.12511226
v 0.04797572 0.02412881 0.12265831
v 0.04709415 0.02403395 0.12512447
v 0.04575175 0.02601884 0.12593024
v 0.04658323 0.02524531 0.12512447
v 0.04579183 0.02492423 0.12727319
v 0.04560149 0.02453017 0.12810339
v 0.04661329 0.02403395 0.12625987
v 0.04693386 0.02359610 0.12583257
v 0.04806588 0.02307799 0.12311003
v 0.04827625 0.02272042 0.12265831
v 0.04812598 0.02223149 0.12328096
v 0.03215754 -0.03703056 0.11364831
v 0.03095539 -0.03706705 0.11745742
v 0.03145629 -0.03721299 0.11278149
v 0.03145629 -0.03727137 0.11153621
v 0.03254823 -0.03713272 0.10664053
v 0.03140620 -0.03675326 0.11782368
v 0.04462976 -0.02728855 0.12511226
v 0.04487018 -0.02745639 0.12387918
v 0.04393852 -0.02807667 0.12387918
v 0.04585193 -0.02614286 0.12511226
v 0.04534102 -0.02682882 0.12466054
v 0.04428915 -0.02699666 0.12667497
v 0.03254823 -0.03713272 0.10539524
v 0.03248812 -0.03713272 0.10416216
v 0.03235789 -0.03713272 0.10168380
v 0.03145629 -0.03727137 0.10046293
v 0.03145629 -0.03721299 0.09922986
v 0.03213750 -0.03701596 0.09837525
v 0.03094538 -0.03705975 0.09462719
v 0.03168670 -0.03680434 0.09551842
v 0.03139618 -0.03673137 0.09423651
v 0.04377824 -0.02810586 0.08802229
v 0.04483011 -0.02741991 0.08811996
v 0.04443941 -0.02712801 0.08626424
v 0.04424908 -0.02699666 0.08540963
v 0.04544120 -0.02696017 0.08814438
v 0.04577179 -0.02696017 0.08898678
v 0.04698395 -0.02601151 0.08971930
v 0.04713422 -0.02617935 0.09061053
v 0.04726445 -0.02533285 0.08931641
v 0.04778538 -0.02520150 0.09062274
v 0.04829629 -0.02499717 0.09184361
v 0.04924798 -0.02431852 0.09433418
v 0.04868698 -0.02402662 0.09184361
v 0.04898752 -0.02277877 0.09184361
v 0.04926802 -0.02277877 0.09279588
v 0.04931811 -0.02156740 0.09256392
v 0.04812598 -0.02221687 0.12326875
v 0.04826623 -0.02268390 0.12264610
v 0.04805586 -0.02304148 0.12306120
v 0.04691383 -0.02352310 0.12579594
v 0.04705408 -0.02399013 0.12507563
v 0.04748484 -0.02402662 0.12387918
v 0.04672348 -0.02559556 0.12387918
v 0.04675354 -0.02434771 0.12546631
v 0.04576177 -0.02484393 0.12717552
v 0.04650309 -0.02520150 0.12507563
v 0.04813600 -0.02033415 0.12329316
v 0.04932813 -0.02033415 0.09256392
v 0.04813600 0.02155284 0.12329316
v 0.04871704 -0.02033415 0.09061053
v 0.04694388 0.02477828 0.08737523
v 0.04784549 0.02268393 0.08825426
v 0.04812598 0.02155284 0.08877923
v 0.03061479 0.00059475 0.03753940
v 0.03054466 0.00183531 0.03753940
v 0.02987346 0.00430182 0.03658713
v 0.02967311 0.00651293 0.03681909
v 0.04689379 0.02347205 0.08626424
v 0.04752491 0.02403395 0.08814438
v 0.04795568 0.02406314 0.08938966
v 0.04579183 0.02489504 0.08477478
v 0.04596213 0.02528180 0.08570264
v 0.04555140 0.02570505 0.08529976
v 0.04451956 0.02603343 0.08363938
v 0.04472993 0.02625235 0.08446957
v 0.04416893 0.02687993 0.08446957
v 0.04333745 0.02724480 0.08351729
v 0.04355784 0.02741264 0.08446957
v 0.04387842 0.02756588 0.08567822
v 0.04375820 0.02804021 0.08687468
v 0.04313710 0.02832481 0.08638633
v 0.03269850 0.03727870 0.10609114
v 0.00307572 0.03177647 0.04495007
v -0.01542724 0.03724951 0.09429755
v -0.01665944 0.03727870 0.09429755
v 0.03715644 0.02969672 0.07987910
v 0.01609893 0.02593857 0.03685572
v 0.01294330 0.02732507 0.03670921
v 0.01163096 0.02775561 0.03655050
v 0.01047891 0.02851454 0.03670921
v 0.00924672 0.02870427 0.03652608
v 0.00430792 0.02990105 0.03657492
v 0.00430792 0.03023672 0.03753940
v 0.03269850 0.03727870 0.11402678
v 0.03269850 0.03724221 0.11525985
v 0.03145629 0.03724951 0.11895908
v 0.03230780 0.03711816 0.11895908
v 0.03385055 0.03670950 0.11654176
v 0.03217757 0.03706707 0.11976486
v 0.03291889 0.03678978 0.11895908
v 0.03400082 0.03611841 0.11894687
v 0.04298683 0.02864589 0.12507563
v 0.04376822 0.02806210 0.12520993
v 0.04358790 0.02742723 0.12757841
v 0.04435927 0.02706966 0.12684589
v 0.04536106 0.02685074 0.12511226
v 0.04477001 0.02628884 0.12757841
v 0.04556142 0.02574154 0.12676043
v 0.04455963 0.02605532 0.12845744
v 0.04483011 0.02531829 0.12883591
v 0.04459970 0.02495342 0.12973935
v 0.04435927 0.02448639 0.13054512
v 0.04474997 0.02406314 0.13008119
v 0.04541115 0.02406314 0.12878707
v 0.04573172 0.02369827 0.12837198
v 0.04673350 0.02278610 0.12661392
v 0.04737464 0.02278610 0.12511226
v 0.04788556 0.02272042 0.12375709
v 0.04746481 0.02155284 0.12511226
v 0.04791561 0.02155284 0.12390360
v 0.03022409 -0.03722759 0.11644410
v 0.03082516 -0.03699407 0.11829981
v 0.02980334 -0.03708164 0.11993578
v 0.03005379 -0.03713272 0.11892246
v 0.02899189 -0.03727137 0.11892246
v 0.04332744 -0.02844154 0.12387918
v 0.04347770 -0.02732504 0.12759062
v 0.04319720 -0.02836127 0.12453845
v 0.04570166 -0.02595313 0.12583257
v 0.04468986 -0.02617935 0.12757841
v 0.04403870 -0.02682882 0.12763945
v 0.04328736 -0.02719369 0.12837198
v 0.03022409 -0.03727137 0.09675150
v 0.03022409 -0.03722029 0.09551842
v 0.03000370 -0.03713272 0.09308889
v 0.02977329 -0.03708164 0.09213662
v 0.03078509 -0.03699407 0.09377258
v 0.04302690 -0.02827370 0.08691130
v 0.04378826 -0.02777748 0.08691130
v 0.04342761 -0.02728855 0.08445736
v 0.04325731 -0.02716450 0.08368821
v 0.04342761 -0.02696017 0.08355391
v 0.04421902 -0.02696017 0.08526313
v 0.04568163 -0.02591665 0.08622762
v 0.04582188 -0.02607719 0.08692351
v 0.04669343 -0.02555907 0.08814438
v 0.04804584 -0.02444257 0.09021985
v 0.04817607 -0.02474177 0.09105004
v 0.04705408 -0.02494609 0.08814438
v 0.04817607 -0.02359608 0.08980476
v 0.04806588 -0.02277877 0.08892573
v 0.04811597 -0.02212930 0.08879144
v 0.04791561 -0.02033415 0.12390360
v 0.04790559 -0.02153821 0.12389139
v 0.04745479 -0.02153821 0.12511226
v 0.04734459 -0.02277877 0.12511226
v 0.04786552 -0.02268390 0.12375709
v 0.04699397 -0.02277877 0.12597907
v 0.04571168 -0.02363256 0.12833535
v 0.04557143 -0.02444987 0.12800572
v 0.04551133 -0.02566124 0.12667497
v 0.04455963 -0.02488042 0.12966610
v 0.04475999 -0.02525988 0.12878707
v 0.04828627 -0.02029036 0.08927979
v 0.04657322 0.02396097 0.08577589
v 0.04728448 0.02278610 0.08692351
v 0.04811597 -0.02131199 0.08877923
v 0.03061479 -0.00060202 0.03753940
v 0.03009386 0.00059475 0.03644062
v 0.03005379 0.00183531 0.03647725
v 0.02995361 0.00306856 0.03650167
v 0.02898188 0.00552049 0.03622087
v 0.02890173 0.00799430 0.03644062
v 0.02873143 0.00923485 0.03652608
v 0.02850102 0.01046081 0.03675805
v 0.04593207 0.02403395 0.08439631
v 0.04558145 0.02444990 0.08394459
v 0.02837079 0.01109569 0.03690455
v 0.02717866 0.01366437 0.03684351
v 0.04454961 0.02488774 0.08232084
v 0.04430918 0.02570505 0.08282139
v 0.04326733 0.02599694 0.08122206
v 0.04347770 0.02623046 0.08197899
v 0.04381831 0.02654425 0.08315103
v 0.02221983 0.02099094 0.03686793
v 0.04070276 0.02710615 0.07890241
v 0.04099328 0.02727399 0.07972039
v 0.00307572 0.03038997 0.03753940
v 0.00184353 0.03042646 0.03753940
v 0.00184353 0.03178377 0.04495007
v -0.03145580 0.03727870 0.09429755
v 0.03841869 0.02845616 0.07864603
v 0.01746135 0.02482936 0.03673363
v 0.01655975 0.02525991 0.03657492
v 0.01541771 0.02609181 0.03670921
v 0.01410537 0.02652236 0.03653829
v 0.01047891 0.02774832 0.03622087
v 0.00924672 0.02774832 0.03606215
v 0.00554011 0.02898157 0.03620866
v 0.00307572 0.02998132 0.03648946
v 0.03145629 0.03727870 0.11772601
v 0.03147632 0.03715464 0.12019216
v 0.02899189 0.03727870 0.12267052
v 0.02899189 0.03723491 0.12389139
v 0.02983339 0.03711086 0.12389139
v 0.03092534 0.03705978 0.12220659
v 0.03262837 0.03665842 0.12019216
v 0.03366021 0.03600895 0.12019216
v 0.03830849 0.03212675 0.12342746
v 0.03812817 0.03200269 0.12425765
v 0.04267627 0.02880644 0.12520993
v 0.04284658 0.02864589 0.12536864
v 0.04335749 0.02724480 0.12854290
v 0.03727665 0.03225080 0.12512447
v 0.04419899 0.02690912 0.12757841
v 0.04434925 0.02577073 0.12928763
v 0.04384836 0.02658073 0.12890916
v 0.04352779 0.02627424 0.13003236
v 0.04329738 0.02603343 0.13086255
v 0.04330740 0.02485855 0.13210783
v 0.04306697 0.02425287 0.13288919
v 0.04319720 0.02343556 0.13312115
v 0.04457967 0.02278610 0.13093580
v 0.04508056 0.02278610 0.13003236
v 0.04553136 0.02278610 0.12915333
v 0.04705408 0.02155284 0.12607674
v 0.04558145 0.02155284 0.12928763
v 0.04746481 -0.02033415 0.12511226
v 0.03558364 -0.03319214 0.12264610
v 0.03219761 -0.03583379 0.11980148
v 0.03022409 -0.03679704 0.12028983
v 0.02833072 -0.03699407 0.12321991
v 0.02856113 -0.03708164 0.12238972
v 0.03756717 -0.03175455 0.12387918
v 0.02877150 -0.03713272 0.12141303
v 0.02775970 -0.03727137 0.12141303
v 0.03690600 -0.03200996 0.12428207
v 0.04258611 -0.02859478 0.12500238
v 0.04301688 -0.02824451 0.12534422
v 0.04428915 -0.02569772 0.12918996
v 0.04344765 -0.02617205 0.13003236
v 0.04378826 -0.02650773 0.12878707
v 0.03476218 -0.03217780 0.12757841
v 0.04067271 -0.02709152 0.13306011
v 0.03876931 -0.02794532 0.13367054
v 0.02899189 -0.03727137 0.09308889
v 0.02875147 -0.03712543 0.09061053
v 0.02853107 -0.03708164 0.08969488
v 0.03020405 -0.03675326 0.09174594
v 0.03151639 -0.03607460 0.09184361
v 0.03216755 -0.03581919 0.09225870
v 0.03707630 -0.03210483 0.08862052
v 0.03576396 -0.03209753 0.08619099
v 0.03478221 -0.03217780 0.08470153
v 0.04089310 -0.02723017 0.07986689
v 0.04077288 -0.02696017 0.07913437
v 0.02221983 -0.02099091 0.03686793
v 0.04212529 -0.02611367 0.07980585
v 0.04339756 -0.02611367 0.08197899
v 0.04464979 -0.02615016 0.08446957
v 0.04691383 -0.02471258 0.08744848
v 0.04443941 -0.02595313 0.08372484
v 0.04550131 -0.02561745 0.08539742
v 0.04589200 -0.02523799 0.08576369
v 0.04790559 -0.02402662 0.08938966
v 0.04744477 -0.02402662 0.08814438
v 0.04688377 -0.02343553 0.08630087
v 0.04775532 -0.02277877 0.08814438
v 0.02967311 -0.00651290 0.03681909
v 0.02987346 -0.00430179 0.03658713
v 0.03054466 -0.00184258 0.03753940
v 0.04704406 -0.02153821 0.12607674
v 0.04557143 -0.02153821 0.12925100
v 0.04551133 -0.02277877 0.12915333
v 0.04470990 -0.02401932 0.13006898
v 0.04431920 -0.02441338 0.13049629
v 0.04326733 -0.02477825 0.13201016
v 0.04323727 -0.02595313 0.13076488
v 0.03005379 -0.00184258 0.03647725
v 0.03009386 -0.00060202 0.03644062
v 0.02898188 0.00183531 0.03600111
v 0.02898188 0.00306856 0.03603774
v 0.02898188 0.00430182 0.03611099
v 0.02774968 0.00923485 0.03606215
v 0.02774968 0.01046081 0.03626970
v 0.02654754 0.01410951 0.03652608
v 0.02732893 0.01293463 0.03668480
v 0.02610675 0.01540114 0.03667259
v 0.02594647 0.01607980 0.03685572
v 0.02480443 0.01743711 0.03675805
v 0.02248029 0.02034147 0.03667259
v 0.02158871 0.02128283 0.03666038
v -0.00184304 0.03042646 0.03753940
v 0.00184353 0.02998861 0.03648946
v -0.00184304 0.03178377 0.04495007
v -0.00307524 0.03177647 0.04495007
v -0.00430743 0.03023672 0.03753940
v -0.03244757 0.03714735 0.09429755
v -0.03267798 0.03723491 0.09675150
v -0.03267798 0.03727140 0.09797236
v -0.03267798 0.03727870 0.09921765
v 0.01786207 0.02405584 0.03647725
v 0.01664991 0.02403395 0.03606215
v 0.01541771 0.02527450 0.03620866
v 0.01294330 0.02651506 0.03620866
v 0.01171111 0.02651506 0.03603774
v 0.00677231 0.01540114 0.03258268
v 0.00307572 0.01663440 0.03258268
v 0.00430792 0.02898157 0.03608657
v 0.00307572 0.02898157 0.03603774
v 0.02651749 0.03727870 0.12635754
v 0.02774968 0.03727140 0.12512447
v 0.02778975 0.03716924 0.12638196
v 0.02898188 0.03714005 0.12506342
v 0.02967311 0.03705248 0.12462391
v 0.03581405 0.03333811 0.12457507
v 0.04159435 0.02679236 0.13251072
v 0.03707630 0.03213404 0.12582036
v 0.03517291 0.03309730 0.12647963
v 0.03454178 0.03331622 0.12698019
v 0.04075285 0.02714993 0.13319440
v 0.04199506 0.02593857 0.13319440
v 0.04196501 0.02466152 0.13436644
v 0.04207520 0.02403395 0.13453736
v 0.04283656 0.02278610 0.13384146
v 0.04324729 0.02278610 0.13320661
v 0.04366804 0.02278610 0.13251072
v 0.04068272 0.02328232 0.13680817
v 0.04462976 0.02155284 0.13099684
v 0.04518074 0.02155284 0.13003236
v 0.04329738 0.02155284 0.13330428
v 0.04638288 -0.02033415 0.12757841
v 0.04705408 -0.02033415 0.12607674
v 0.04518074 -0.02033415 0.13003236
v 0.03645519 -0.03237483 0.12387918
v 0.02971318 -0.03582649 0.12466054
v 0.02814038 -0.03687731 0.12387918
v 0.02722875 -0.03706705 0.12467274
v 0.02653752 -0.03714732 0.12508784
v 0.02529531 -0.03727137 0.12510005
v 0.02945272 -0.03568784 0.12549073
v 0.03799794 -0.02823721 0.13403680
v 0.04193495 -0.02585097 0.13307232
v 0.04108344 -0.02625232 0.13371938
v 0.04081296 -0.02598232 0.13450073
v 0.03940044 -0.02579259 0.13674713
v 0.03842871 -0.02682882 0.13647854
v 0.03840867 -0.02723017 0.13581927
v 0.02405310 -0.03727137 0.08569043
v 0.02775970 -0.03725678 0.09061053
v 0.02781981 -0.03714732 0.08930420
v 0.02645738 -0.03712543 0.08694793
v 0.02607670 -0.03708164 0.08606890
v 0.02722875 -0.03702326 0.08741186
v 0.02828063 -0.03695759 0.08887690
v 0.02896184 -0.03674596 0.08930420
v 0.03049457 -0.03557108 0.08811996
v 0.02967311 -0.03580460 0.08741186
v 0.03453177 -0.03203915 0.08385913
v 0.03757719 -0.02853640 0.07837743
v 0.01609893 -0.02593124 0.03685572
v 0.01746135 -0.02483663 0.03673363
v 0.04320722 -0.02591665 0.08130752
v 0.01879373 -0.02366905 0.03668480
v 0.02158871 -0.02127551 0.03666038
v 0.02248029 -0.02033415 0.03667259
v 0.02480443 -0.01744438 0.03675805
v 0.02594647 -0.01607247 0.03685572
v 0.04575175 -0.02480744 0.08486024
v 0.04675354 -0.02424554 0.08661829
v 0.04425909 -0.02561745 0.08290685
v 0.04669343 -0.02277877 0.08553172
v 0.04651311 -0.02393176 0.08578810
v 0.02850102 -0.01046808 0.03675805
v 0.02873143 -0.00923483 0.03652608
v 0.02890173 -0.00800157 0.03644062
v 0.02898188 -0.00552046 0.03622087
v 0.02995361 -0.00306124 0.03650167
v 0.04517072 -0.02153821 0.13003236
v 0.04505050 -0.02277877 0.13003236
v 0.04443941 -0.02359608 0.13076488
v 0.04317717 -0.02336986 0.13307232
v 0.04341760 -0.02402662 0.13229096
v 0.04305695 -0.02402662 0.13288919
v 0.04192494 -0.02458122 0.13431760
v 0.04219542 -0.02503366 0.13348741
v 0.02898188 -0.00430179 0.03611099
v 0.02898188 -0.00306124 0.03603774
v 0.02898188 -0.00184258 0.03600111
v 0.01664991 0.00058745 0.03252164
v 0.01664991 0.00182801 0.03254606
v 0.01664991 0.00305397 0.03259489
v 0.01664991 0.00430182 0.03268035
v 0.01540769 0.00677564 0.03259489
v 0.02529531 0.01417518 0.03601332
v 0.02651749 0.01293463 0.03620866
v 0.02529531 0.01540114 0.03620866
v 0.02524522 0.01654683 0.03659934
v 0.02406311 0.01785306 0.03648946
v 0.02289102 0.01916659 0.03640400
v 0.02158871 0.02034147 0.03620866
v 0.01916439 0.02286637 0.03641621
v -0.00307524 0.03038997 0.03753940
v -0.00184304 0.02998861 0.03648946
v -0.00307524 0.02998132 0.03648946
v -0.00430743 0.02990105 0.03657492
v -0.00646127 0.02966023 0.03681909
v -0.01115964 0.02839778 0.03686793
v -0.03305866 0.03689924 0.09429755
v -0.03336921 0.03705248 0.09592131
v -0.03347940 0.03711086 0.09675150
v -0.03361965 0.03714735 0.09797236
v -0.03392019 0.03725681 0.10414996
v -0.03392019 0.03727140 0.10538303
v -0.03267798 0.03727870 0.11402678
v 0.01047891 0.01293463 0.03254606
v 0.00923670 0.01417518 0.03263152
v 0.01417550 0.02527450 0.03602553
v 0.00798447 0.01417518 0.03252164
v 0.00554011 0.01540114 0.03252164
v 0.00184353 0.01663440 0.03252164
v -0.00307524 0.02898157 0.03603774
v 0.02035651 0.03727870 0.13252293
v 0.02529531 0.03723491 0.12882370
v 0.02857115 0.03709626 0.12600349
v 0.02521517 0.03711086 0.12998352
v 0.02622697 0.03710356 0.12882370
v 0.02939261 0.03690653 0.12544189
v 0.03094538 0.03584841 0.12590582
v 0.03345985 0.03340379 0.12842081
v 0.03471209 0.03217783 0.12969051
v 0.03497255 0.03235296 0.12882370
v 0.03717648 0.02972591 0.13219329
v 0.03783765 0.02864589 0.13393913
v 0.04007164 0.02737615 0.13365833
v 0.03851887 0.02731047 0.13592915
v 0.03933031 0.02700398 0.13537976
v 0.04087306 0.02606262 0.13458619
v 0.03946055 0.02587289 0.13680817
v 0.03992137 0.02554451 0.13647854
v 0.04170454 0.02550802 0.13400018
v 0.04084301 0.02485855 0.13578264
v 0.03990133 0.02403395 0.13752848
v 0.04082297 0.02359610 0.13647854
v 0.04288665 0.02155284 0.13390251
v 0.04221546 0.02278610 0.13473270
v 0.04075285 0.02246501 0.13689363
v 0.04184479 0.02155284 0.13541638
v 0.04033210 0.02284447 0.13735756
v 0.04096322 0.02298313 0.13647854
v 0.03954069 0.02359610 0.13813892
v 0.04462976 -0.02033415 0.13099684
v 0.04329738 -0.02153821 0.13330428
v 0.02771963 -0.03668758 0.12508784
v 0.02784986 -0.03615487 0.12643079
v 0.02467420 -0.03700137 0.12818885
v 0.02488458 -0.03707435 0.12757841
v 0.02405310 -0.03719840 0.12757841
v 0.02405310 -0.03727137 0.12634533
v 0.02833072 -0.03574622 0.12690693
v 0.03760725 -0.02804748 0.13500129
v 0.03717648 -0.02844154 0.13458619
v 0.04174462 -0.02536204 0.13384146
v 0.03935035 -0.02437690 0.13790695
v 0.03700617 -0.02464690 0.14051961
v 0.03705626 -0.02594583 0.13937199
v 0.03857898 -0.02617935 0.13722327
v 0.04011171 -0.02529637 0.13623436
v 0.03693605 -0.02706233 0.13800462
v 0.03755716 -0.02741991 0.13647854
v 0.02290104 -0.03714732 0.08311440
v 0.02413324 -0.03714732 0.08434748
v 0.02529531 -0.03725678 0.08692351
v 0.01905419 -0.03727137 0.08073371
v 0.02651749 -0.03721299 0.08811996
v 0.02530533 -0.03714732 0.08567822
v 0.02491463 -0.03708164 0.08472595
v 0.02459406 -0.03696489 0.08389576
v 0.01116013 -0.02839046 0.03686793
v 0.02768958 -0.03665839 0.08694793
v 0.02899189 -0.03600892 0.08696014
v 0.01361450 -0.02716450 0.03685572
v 0.01294330 -0.02732504 0.03670921
v 0.01541771 -0.02609178 0.03670921
v 0.01655975 -0.02525988 0.03657492
v 0.01786207 -0.02405581 0.03647725
v 0.04402868 -0.02523799 0.08197899
v 0.01916439 -0.02287364 0.03641621
v 0.02158871 -0.02033415 0.03620866
v 0.02406311 -0.01786033 0.03648946
v 0.02524522 -0.01655410 0.03659934
v 0.02610675 -0.01540841 0.03667259
v 0.02717866 -0.01366434 0.03684351
v 0.04589200 -0.02399013 0.08446957
v 0.02837079 -0.01108106 0.03690455
v 0.04554138 -0.02437690 0.08405447
v 0.02732893 -0.01293460 0.03668480
v 0.02654754 -0.01410218 0.03652608
v 0.02774968 -0.01046808 0.03626970
v 0.02774968 -0.00923483 0.03606215
v 0.04461974 -0.02153821 0.13099684
v 0.04325731 -0.02255255 0.13320661
v 0.04288665 -0.02287364 0.13367054
v 0.04220544 -0.02277877 0.13473270
v 0.04208522 -0.02376392 0.13453736
v 0.04066269 -0.02322391 0.13675934
v 0.04080294 -0.02477825 0.13569718
v 0.01664991 -0.00306124 0.03259489
v 0.01664991 -0.00183528 0.03254606
v 0.01664991 -0.00060202 0.03252164
v 0.01540769 0.00552049 0.03252164
v 0.01417550 0.00923485 0.03258268
v 0.02405310 0.01663440 0.03608657
v 0.01171111 0.01170867 0.03254606
v -0.00430743 0.02898157 0.03608657
v -0.00553963 0.02898157 0.03620866
v -0.00924623 0.02870427 0.03652608
v -0.01047843 0.02851454 0.03670921
v -0.01163048 0.02775561 0.03655050
v -0.01294282 0.02732507 0.03670921
v -0.01609844 0.02593857 0.03685572
v -0.03582358 0.03092268 0.08113660
v -0.03933985 0.03125836 0.08814438
v -0.03393021 0.03638112 0.09429755
v -0.03411053 0.03675329 0.09675150
v -0.03384005 0.03668761 0.09551842
v -0.03423074 0.03686275 0.09797236
v -0.03436097 0.03695761 0.09921765
v -0.03448119 0.03700140 0.10007226
v -0.03456133 0.03703059 0.10087803
v -0.03468155 0.03709626 0.10290467
v -0.03474165 0.03712545 0.10414996
v -0.03478173 0.03714005 0.10538303
v -0.03392019 0.03727140 0.10661611
v -0.03363969 0.03714735 0.11402678
v -0.03267798 0.03724221 0.11525985
v -0.03145580 0.03724951 0.11894687
v -0.03145580 0.03727870 0.11772601
v -0.03392019 0.03725681 0.10784919
v -0.03392019 0.03722762 0.10909447
v 0.01417550 0.00799430 0.03252164
v -0.00060083 0.01663440 0.03252164
v -0.00184304 0.01663440 0.03253385
v 0.02405310 0.03723491 0.13005677
v 0.01664991 0.03727870 0.13498908
v 0.01912431 0.03727140 0.13375600
v 0.02597652 0.03705248 0.12951959
v 0.02283092 0.03722032 0.13128985
v 0.02042664 0.03716924 0.13382925
v 0.02395292 0.03709626 0.13121660
v 0.02476436 0.03705248 0.13075267
v 0.03024413 0.03608193 0.12633312
v 0.02898188 0.03674599 0.12638196
v 0.02908205 0.03618409 0.12766387
v 0.02955289 0.03575355 0.12812780
v 0.03317936 0.03324325 0.12925100
v 0.03691601 0.02955807 0.13302348
v 0.03770742 0.02877725 0.13380484
v 0.03704624 0.02836859 0.13561172
v 0.03789776 0.02813508 0.13498908
v 0.03703623 0.02714993 0.13809008
v 0.03877933 0.02675587 0.13647854
v 0.03909990 0.02645668 0.13647854
v 0.03711637 0.02601884 0.13943304
v 0.03920008 0.02538396 0.13752848
v 0.04007164 0.02528180 0.13647854
v 0.03939042 0.02441341 0.13795579
v 0.03787773 0.02412881 0.13988476
v 0.03836860 0.02376395 0.13945745
v 0.04288665 -0.02033415 0.13390251
v 0.04030204 0.02157473 0.13754069
v 0.04078290 0.02157473 0.13694247
v 0.04184479 -0.02153821 0.13541638
v 0.03795787 0.02278610 0.14021439
v 0.02719870 -0.03577541 0.12823768
v 0.03680582 -0.02827370 0.13541638
v 0.03611459 -0.02726666 0.13841972
v 0.02344201 -0.03700867 0.12943413
v 0.02393288 -0.03705975 0.12870161
v 0.02282090 -0.03707435 0.12970272
v 0.02282090 -0.03719840 0.12878707
v 0.01905419 -0.03727137 0.13127764
v 0.03952065 -0.02352310 0.13812671
v 0.03834857 -0.02369094 0.13943304
v 0.03717648 -0.02382959 0.14071495
v 0.03453177 -0.02464690 0.14301018
v 0.03548346 -0.02549340 0.14148410
v 0.03466200 -0.02597502 0.14189919
v 0.02254040 -0.03708164 0.08229642
v 0.02376258 -0.03708164 0.08349287
v 0.02037655 -0.03714732 0.08070929
v 0.01295332 -0.03727137 0.07703448
v 0.01541771 -0.03725678 0.07827976
v 0.01900410 -0.03712543 0.07948842
v 0.00646175 -0.02966020 0.03681909
v 0.01047891 -0.02852181 0.03670921
v 0.01163096 -0.02775558 0.03655050
v 0.01410537 -0.02652233 0.03653829
v 0.01541771 -0.02527447 0.03620866
v 0.01664991 -0.02404122 0.03606215
v 0.02405310 -0.01663437 0.03608657
v 0.02529531 -0.01540841 0.03620866
v 0.01047891 -0.01293460 0.03254606
v 0.01171111 -0.01170134 0.03254606
v 0.01417550 -0.00923483 0.03258268
v 0.02651749 -0.01293460 0.03620866
v 0.02529531 -0.01417515 0.03601332
v 0.01540769 -0.00676831 0.03259489
v 0.01664991 -0.00430179 0.03268035
v 0.04107342 -0.02189579 0.13647854
v 0.04074283 -0.02239201 0.13688142
v 0.04098326 -0.02268390 0.13647854
v 0.04030204 -0.02280796 0.13735756
v 0.01540769 -0.00552046 0.03252164
v -0.00307524 0.01663440 0.03258268
v -0.00924623 0.02774832 0.03606215
v -0.01047843 0.02774832 0.03622087
v -0.01410489 0.02652236 0.03653829
v -0.01541723 0.02609181 0.03670921
v -0.01655926 0.02525991 0.03657492
v -0.01746087 0.02482936 0.03673363
v -0.04070227 0.02711344 0.07890241
v -0.04099279 0.02727399 0.07972039
v -0.03842822 0.02845616 0.07864603
v -0.03715596 0.02969672 0.07987910
v -0.03956024 0.03087889 0.08742407
v -0.04266577 0.02877725 0.08682584
v -0.03467153 0.03589220 0.09429755
v -0.04318670 0.02864589 0.08761940
v -0.04338706 0.02864589 0.08813217
v -0.03525257 0.03618409 0.09794795
v -0.03515238 0.03646139 0.09921765
v -0.03484183 0.03601625 0.09551842
v -0.04443893 0.02836859 0.08992684
v -0.03504219 0.03667302 0.10046293
v -0.03521249 0.03665842 0.10168380
v -0.03529264 0.03670220 0.10290467
v -0.03536276 0.03673869 0.10414996
v -0.03539282 0.03676059 0.10538303
v -0.03539282 0.03676788 0.10661611
v -0.03478173 0.03714005 0.10661611
v -0.03475167 0.03713275 0.10784919
v -0.03469157 0.03710356 0.10909447
v -0.03457135 0.03703059 0.11116995
v -0.03349944 0.03711816 0.11525985
v -0.03229730 0.03711816 0.11894687
v -0.03148585 0.03715464 0.12019216
v -0.03022360 0.03724221 0.12142524
v -0.02775921 0.03727140 0.12512447
v -0.02898139 0.03727870 0.12265831
v -0.00553963 0.01540114 0.03252164
v 0.01419553 0.03727870 0.13623436
v 0.01542773 0.03725681 0.13623436
v 0.01789212 0.03722762 0.13498908
v 0.02557581 0.03686275 0.13033757
v 0.02643734 0.03659274 0.12998352
v 0.02841086 0.03580463 0.12948297
v 0.02867132 0.03593598 0.12882370
v 0.01904417 0.03713275 0.13498908
v 0.02005597 0.03710356 0.13456177
v 0.02135829 0.03710356 0.13346299
v 0.02347206 0.03703059 0.13193691
v 0.02395292 0.03657815 0.13242526
v 0.02521517 0.03661464 0.13121660
v 0.03024413 0.03554922 0.12766387
v 0.03441155 0.03201729 0.13052070
v 0.02643734 0.03599436 0.13120439
v 0.03570385 0.02714993 0.13933537
v 0.03472210 0.02601884 0.14196024
v 0.02520515 0.03597976 0.13244967
v 0.03554357 0.02557370 0.14154514
v 0.03704624 0.02471990 0.14058065
v 0.03717648 0.02403395 0.14071495
v 0.04030204 -0.02033415 0.13754069
v 0.03801798 0.02157473 0.14025102
v 0.04078290 -0.02033415 0.13694247
v 0.04078290 -0.02157470 0.13693026
v 0.03550350 0.02278610 0.14274159
v 0.03681584 0.02157473 0.14158177
v 0.02040660 -0.03681164 0.13252293
v 0.02168888 -0.03623515 0.13260839
v 0.02282090 -0.03639569 0.13127764
v 0.03339975 -0.02595313 0.14307123
v 0.03145629 -0.02604800 0.14453627
v 0.02003594 -0.03708164 0.13214446
v 0.01904417 -0.03714732 0.13252293
v 0.01541771 -0.03727137 0.13371938
v 0.03846878 -0.02280796 0.13956733
v 0.03611459 -0.02280796 0.14209453
v 0.03470207 -0.02382230 0.14315669
v 0.03793783 -0.02280796 0.14016556
v 0.03325950 -0.02458122 0.14420663
v 0.03368025 -0.02525988 0.14333982
v 0.01997583 -0.03708164 0.07990352
v 0.01295332 -0.03712543 0.07609441
v 0.01394509 -0.03708164 0.07625312
v 0.01541771 -0.03711813 0.07724203
v 0.00924672 -0.03727137 0.07581361
v 0.00924672 -0.03713272 0.07477587
v 0.01627925 -0.03707435 0.07749841
v 0.00554011 -0.02976237 0.03670921
v 0.00924672 -0.02869695 0.03652608
v 0.00430792 -0.03023669 0.03753940
v 0.01047891 -0.02774099 0.03622087
v 0.01294330 -0.02651503 0.03620866
v 0.01417550 -0.02527447 0.03602553
v 0.00677231 -0.01540841 0.03258268
v 0.00923670 -0.01417515 0.03263152
v 0.00798447 -0.01417515 0.03252164
v 0.01417550 -0.00798697 0.03252164
v 0.04029203 -0.02157470 0.13754069
v -0.00677182 0.01540114 0.03258268
v -0.01171062 0.02651506 0.03603774
v -0.01294282 0.02651506 0.03620866
v -0.01541723 0.02527450 0.03620866
v -0.01664942 0.02403395 0.03606215
v -0.01787160 0.02405584 0.03647725
v -0.02221934 0.02099094 0.03686793
v -0.02158822 0.02128283 0.03666038
v -0.04146363 0.02665371 0.07931750
v -0.04333697 0.02723750 0.08351729
v -0.04313661 0.02832481 0.08638633
v -0.04375772 0.02804021 0.08687468
v -0.04413840 0.02814238 0.08814438
v -0.04431872 0.02825913 0.08909665
v -0.04667291 0.02691641 0.09061053
v -0.04939777 0.02593857 0.09826537
v -0.03601392 0.03598706 0.10045073
v -0.04491979 0.02793075 0.08947512
v -0.04583141 0.02726669 0.08938966
v -0.03609406 0.03604544 0.10168380
v -0.03616419 0.03608922 0.10290467
v -0.03621428 0.03612571 0.10414996
v -0.03624433 0.03614760 0.10551733
v -0.03624433 0.03614760 0.10661611
v -0.03622430 0.03612571 0.10784919
v -0.03536276 0.03674599 0.10784919
v -0.03531267 0.03670950 0.10909447
v -0.03504219 0.03668761 0.11156062
v -0.03449121 0.03700140 0.11200014
v -0.03524255 0.03666572 0.11031534
v -0.03439103 0.03696491 0.11278149
v -0.03426080 0.03687734 0.11402678
v -0.03338924 0.03705978 0.11613888
v -0.03216707 0.03706707 0.11977706
v -0.02983291 0.03711086 0.12389139
v -0.02898139 0.03723491 0.12389139
v -0.02778927 0.03716924 0.12639417
v -0.02528480 0.03723491 0.12882370
v -0.02651700 0.03727870 0.12634533
v -0.00798398 0.01417518 0.03252164
v 0.01171111 0.03727870 0.13745523
v 0.00925673 0.03726411 0.13870052
v 0.01295332 0.03724221 0.13745523
v 0.01542773 0.03713275 0.13716222
v 0.01665992 0.03716194 0.13625878
v 0.02087744 0.03698680 0.13428097
v 0.02217976 0.03700870 0.13310894
v 0.01626923 0.03708167 0.13697909
v 0.01858335 0.03703789 0.13566055
v 0.02283092 0.03686275 0.13284035
v 0.02169890 0.03686275 0.13382925
v 0.02283092 0.03639572 0.13375600
v 0.02345203 0.03579003 0.13439085
v 0.02472429 0.03581922 0.13319440
v 0.03086523 0.02590937 0.14550075
v 0.03216755 0.02596046 0.14430430
v 0.03298902 0.02550072 0.14393804
v 0.03458185 0.02472720 0.14302239
v 0.03471209 0.02403395 0.14315669
v 0.03801798 -0.02033415 0.14025102
v 0.03488239 0.02278610 0.14333982
v 0.03368025 0.02157473 0.14453627
v 0.03493248 -0.02157470 0.14338865
v 0.03681584 -0.02033415 0.14158177
v 0.02037655 -0.03616947 0.13379263
v 0.01945490 -0.03693569 0.13297465
v 0.03299904 -0.02525988 0.14393804
v 0.03077507 -0.02582178 0.14542750
v 0.03024413 -0.02598232 0.14562284
v 0.01863344 -0.03706705 0.13324324
v 0.01534759 -0.03712543 0.13498908
v 0.01417550 -0.03721299 0.13498908
v 0.01295332 -0.03727137 0.13498908
v 0.03800796 -0.02157470 0.14025102
v 0.03680582 -0.02157470 0.14154514
v 0.03486235 -0.02280796 0.14332761
v 0.03339975 -0.02375662 0.14435314
v 0.03079511 -0.02326769 0.14668499
v 0.03149636 -0.02399013 0.14586701
v 0.03062480 -0.02402662 0.14655070
v 0.02977329 -0.02484393 0.14681929
v 0.03102552 -0.02520150 0.14562284
v 0.00307572 -0.03039724 0.03753940
v 0.00430792 -0.03727137 0.07456833
v 0.00430792 -0.03713272 0.07365268
v 0.00430792 -0.02989372 0.03657492
v 0.00554011 -0.02896695 0.03620866
v 0.00924672 -0.02774099 0.03606215
v 0.01171111 -0.02651503 0.03603774
v 0.00307572 -0.01664167 0.03258268
v 0.00554011 -0.01540841 0.03252164
v -0.00924623 0.01417518 0.03261931
v -0.01417501 0.02527450 0.03602553
v -0.01168057 0.01170867 0.03252164
v -0.02158822 0.02034147 0.03620866
v -0.01916390 0.02286637 0.03641621
v -0.02247981 0.02034147 0.03667259
v -0.02480395 0.01743711 0.03675805
v -0.02594598 0.01607980 0.03685572
v -0.04326684 0.02599694 0.08122206
v -0.04347722 0.02623046 0.08197899
v -0.04381783 0.02654425 0.08316324
v -0.04416845 0.02685804 0.08446957
v -0.04432873 0.02704777 0.08525092
v -0.04451908 0.02720831 0.08608111
v -0.04354734 0.02741264 0.08446957
v -0.04387793 0.02756588 0.08567822
v -0.04551084 0.02699668 0.08785137
v -0.04644250 0.02666101 0.08938966
v -0.04688329 0.02590208 0.08877923
v -0.04721387 0.02629614 0.09061053
v -0.04813552 0.02590937 0.09240521
v -0.04822568 0.02599694 0.09308889
v -0.04932764 0.02587289 0.09747181
v -0.04946789 0.02599694 0.09924207
v -0.04963819 0.02538396 0.09792353
v -0.05002889 0.02526721 0.10047514
v -0.04953802 0.02605532 0.10047514
v -0.04958810 0.02609911 0.10168380
v -0.04966825 0.02615019 0.10416216
v -0.04963819 0.02612830 0.10292909
v -0.04968828 0.02615749 0.10539524
v -0.04968828 0.02615749 0.10664053
v -0.04967826 0.02615019 0.10784919
v -0.04963819 0.02612830 0.10908226
v -0.04959812 0.02609911 0.11031534
v -0.03617421 0.03608922 0.10909447
v -0.03611410 0.03605274 0.11031534
v -0.03602394 0.03600166 0.11156062
v -0.03515238 0.03649058 0.11278149
v -0.03528262 0.03620599 0.11411224
v -0.03412055 0.03676059 0.11525985
v -0.03385007 0.03670220 0.11652956
v -0.03387010 0.03662193 0.11689582
v -0.03291841 0.03678978 0.11894687
v -0.03364971 0.03600895 0.12019216
v -0.03829799 0.03212675 0.12342746
v -0.03474165 0.03466624 0.12242635
v -0.03138568 0.03665112 0.12263390
v -0.03092485 0.03705978 0.12220659
v -0.03399032 0.03611841 0.11894687
v -0.02967262 0.03705248 0.12462391
v -0.02898139 0.03714005 0.12506342
v -0.02857066 0.03709626 0.12599128
v -0.02623650 0.03710356 0.12882370
v -0.02521468 0.03711086 0.12998352
v -0.02405261 0.03723491 0.13004456
v -0.02034601 0.03727870 0.13252293
v -0.02158822 0.03727870 0.13128985
v 0.00801452 0.03727870 0.13870052
v 0.01295332 0.03711816 0.13828542
v 0.00308574 0.03726411 0.13993359
v 0.00431794 0.03722762 0.13993359
v 0.00925673 0.03713275 0.13956733
v 0.01378480 0.03705978 0.13816333
v 0.01940481 0.03690653 0.13539196
v 0.02042664 0.03676788 0.13498908
v 0.02164881 0.03621328 0.13506233
v 0.01461628 0.03697221 0.13795579
v 0.01542773 0.03685545 0.13777266
v 0.01665992 0.03669491 0.13741860
v 0.01904417 0.03661464 0.13613669
v 0.02866131 0.02603343 0.14689254
v 0.02722875 0.02593857 0.14799132
v 0.02948277 0.02577073 0.14661174
v 0.02981336 0.02495342 0.14686812
v 0.03108562 0.02526721 0.14569609
v 0.03330959 0.02466152 0.14421884
v 0.02126813 0.03592868 0.13581927
v 0.03405091 0.02403395 0.14379154
v 0.03225771 0.02278610 0.14562284
v 0.03293893 0.02157473 0.14518333
v 0.03368025 -0.02033415 0.14453627
v 0.03238795 -0.02156740 0.14562284
v 0.01785205 -0.03642488 0.13498908
v 0.02858116 -0.02598232 0.14684371
v 0.02715863 -0.02590935 0.14796690
v 0.01669999 -0.03680434 0.13498908
v 0.02940263 -0.02569042 0.14656291
v 0.01489678 -0.03701596 0.13563614
v 0.01417550 -0.03708164 0.13578264
v 0.01047891 -0.03711813 0.13711339
v 0.01047891 -0.03722759 0.13620995
v 0.00554011 -0.03727137 0.13744302
v 0.03416110 -0.02280796 0.14393804
v 0.03090530 -0.02244309 0.14674604
v 0.02938259 -0.02277877 0.14778377
v 0.02712857 -0.02340634 0.14917556
v 0.03001372 -0.02402662 0.14700242
v 0.02834073 -0.02461041 0.14791807
v 0.02745916 -0.02525988 0.14815003
v 0.00184353 -0.03041913 0.03753940
v 0.00307572 -0.02997399 0.03648946
v -0.00430743 -0.03727137 0.07456833
v 0.00184353 -0.03713272 0.07357942
v 0.00307572 -0.03713272 0.07360384
v 0.00430792 -0.02896695 0.03608657
v 0.00184353 -0.01664167 0.03252164
v -0.01417501 0.00799430 0.03252164
v -0.01417501 0.00923485 0.03263152
v -0.02405261 0.01663440 0.03608657
v -0.02529482 0.01540114 0.03620866
v -0.02406263 0.01785306 0.03648946
v -0.02289054 0.01916659 0.03640400
v -0.02524473 0.01654683 0.03659934
v -0.02610627 0.01540114 0.03667259
v -0.02717818 0.01366437 0.03684351
v -0.04579134 0.02489504 0.08477478
v -0.04454913 0.02488044 0.08233305
v -0.04431872 0.02570505 0.08282139
v -0.04451908 0.02603343 0.08363938
v -0.04472945 0.02624506 0.08446957
v -0.04573123 0.02598965 0.08611774
v -0.04532050 0.02679236 0.08692351
v -0.04590154 0.02616478 0.08692351
v -0.04652264 0.02521612 0.08692351
v -0.04706361 0.02521612 0.08825426
v -0.04746432 0.02526721 0.08938966
v -0.04863641 0.02526721 0.09308889
v -0.04901709 0.02516504 0.09443185
v -0.04924750 0.02573424 0.09675150
v -0.04821566 0.02482936 0.09094017
v -0.04956807 0.02512126 0.09675150
v -0.05014910 0.02526721 0.10168380
v -0.04969830 0.02534748 0.09825316
v -0.05019919 0.02403395 0.09826537
v -0.05033944 0.02403395 0.09924207
v -0.05052978 0.02441341 0.10168380
v -0.05022925 0.02526721 0.10292909
v -0.05030939 0.02536937 0.10539524
v -0.05030939 0.02537667 0.10664053
v -0.05028935 0.02531829 0.10784919
v -0.04953802 0.02606262 0.11156062
v -0.04947791 0.02600424 0.11275707
v -0.04941780 0.02593857 0.11374598
v -0.03592376 0.03592868 0.11278149
v -0.04670296 0.02693831 0.12140082
v -0.03481178 0.03599436 0.11689582
v -0.04608186 0.02737615 0.12140082
v -0.04492981 0.02796724 0.12258506
v -0.04433875 0.02831022 0.12295132
v -0.03392019 0.03642491 0.11772601
v -0.04417847 0.02819346 0.12387918
v -0.04268581 0.02880644 0.12520993
v -0.03810765 0.03200269 0.12424544
v -0.03675524 0.03295865 0.12389139
v -0.03597385 0.03344757 0.12389139
v -0.03618422 0.03295865 0.12505121
v -0.03326903 0.03452758 0.12568606
v -0.03458137 0.03581922 0.11850736
v -0.03094489 0.03584841 0.12589361
v -0.02939212 0.03690653 0.12544189
v -0.02597604 0.03705248 0.12953180
v -0.02475386 0.03705248 0.13075267
v -0.02395243 0.03709626 0.13121660
v -0.02041613 0.03716924 0.13381704
v -0.02281040 0.03722032 0.13128985
v -0.01911381 0.03727140 0.13376821
v -0.01665944 0.03727870 0.13500129
v 0.00000024 0.03727870 0.13870052
v 0.00185354 0.03727140 0.13993359
v 0.01022847 0.03708897 0.13944525
v 0.00185354 0.03714005 0.14077599
v 0.00308574 0.03713275 0.14076378
v 0.00431794 0.03709626 0.14069053
v 0.00526963 0.03705248 0.14060507
v 0.01389500 0.03654896 0.13894469
v 0.01419553 0.03668031 0.13861505
v 0.01389500 0.03696491 0.13827321
v 0.02029640 0.03608193 0.13623436
v 0.01547782 0.03621328 0.13878598
v 0.01664991 0.03604544 0.13844413
v 0.01754149 0.03588490 0.13821217
v 0.01793219 0.03618409 0.13752848
v 0.01912431 0.03597976 0.13713780
v 0.01985562 0.03584112 0.13691805
v 0.02491463 0.02600424 0.14932207
v 0.02576615 0.02576343 0.14909010
v 0.02654754 0.02531829 0.14885814
v 0.02838081 0.02469071 0.14797911
v 0.03006380 0.02403395 0.14705125
v 0.03067489 0.02403395 0.14658732
v 0.03177686 0.02425287 0.14562284
v 0.03214752 0.02360340 0.14553738
v 0.03081514 0.02334070 0.14669720
v 0.03090530 0.02252339 0.14674604
v 0.03293893 -0.02033415 0.14518333
v 0.03094538 0.02155284 0.14679487
v 0.03094538 -0.02156740 0.14679487
v 0.01534759 -0.03662191 0.13611228
v 0.02484451 -0.02597502 0.14926102
v 0.02607670 -0.02484393 0.14928544
v 0.02567599 -0.02569042 0.14902906
v 0.01417550 -0.03676056 0.13641749
v 0.01226209 -0.03699407 0.13679596
v 0.01145064 -0.03707435 0.13694247
v 0.00867570 -0.03700867 0.13807787
v 0.00678233 -0.03708164 0.13826100
v 0.00554011 -0.03713272 0.13832205
v 0.00430792 -0.03713272 0.13841972
v 0.00307572 -0.03713272 0.13849297
v 0.00184353 -0.03713272 0.13850518
v -0.00553963 -0.03727137 0.13744302
v 0.02947275 -0.02156740 0.14785703
v 0.02876148 -0.02277877 0.14821108
v 0.02690818 -0.02422365 0.14900464
v 0.02899189 -0.02412149 0.14766169
v 0.02721873 -0.02277877 0.14923661
v 0.02556579 -0.02277877 0.15022551
v 0.02478440 -0.02363256 0.15048189
v -0.00184304 -0.03041913 0.03753940
v 0.00184353 -0.02998129 0.03648946
v 0.00307572 -0.02896695 0.03603774
v -0.00924623 -0.03727137 0.07581361
v -0.00924623 -0.03713272 0.07477587
v -0.00430743 -0.03713272 0.07365268
v -0.00307524 -0.03713272 0.07360384
v -0.00184304 -0.03713272 0.07357942
v -0.00060083 -0.01664167 0.03252164
v -0.01540721 0.00552049 0.03252164
v -0.01540721 0.00677564 0.03258268
v -0.02529482 0.01417518 0.03601332
v -0.02651700 0.01293463 0.03620866
v -0.02654706 0.01410951 0.03652608
v -0.02732845 0.01293463 0.03668480
v -0.02850054 0.01046081 0.03675805
v -0.02837030 0.01109569 0.03690455
v -0.04555091 0.02570505 0.08529976
v -0.04558097 0.02444990 0.08394459
v -0.04657273 0.02396097 0.08577589
v -0.04694339 0.02477828 0.08737523
v -0.04808543 0.02452287 0.09009777
v -0.04935769 0.02467612 0.09488357
v -0.04943784 0.02485126 0.09553063
v -0.04875662 0.02403395 0.09184361
v -0.04926753 0.02431854 0.09405338
v -0.04994875 0.02403395 0.09675150
v -0.05058989 0.02465423 0.10355173
v -0.05034946 0.02517964 0.10405229
v -0.05058989 0.02339908 0.09986471
v -0.05048971 0.02403395 0.10035306
v -0.05087039 0.02278610 0.10168380
v -0.05095053 0.02278610 0.10292909
v -0.05074016 0.02412881 0.10405229
v -0.05060992 0.02469071 0.10439413
v -0.05060992 0.02474909 0.10539524
v -0.05060992 0.02475639 0.10664053
v -0.05060992 0.02469071 0.10784919
v -0.05058989 0.02466152 0.10848404
v -0.05030939 0.02514315 0.10897238
v -0.05014910 0.02526721 0.11031534
v -0.05004893 0.02526721 0.11156062
v -0.04934768 0.02587289 0.11457617
v -0.04825573 0.02602613 0.11892246
v -0.04815555 0.02593857 0.11966719
v -0.04723391 0.02632533 0.12140082
v -0.04648257 0.02669019 0.12263390
v -0.04556093 0.02701128 0.12423323
v -0.04587148 0.02727399 0.12263390
v -0.04475950 0.02739804 0.12511226
v -0.04377775 0.02806210 0.12520993
v -0.04359743 0.02742723 0.12757841
v -0.03708583 0.03213404 0.12580815
v -0.03516240 0.03309730 0.12647963
v -0.03559317 0.03320676 0.12539306
v -0.03454130 0.03331622 0.12695577
v -0.03024364 0.03608193 0.12633312
v -0.03433092 0.03319946 0.12759062
v -0.03471160 0.03217783 0.12967830
v -0.02954239 0.03575355 0.12812780
v -0.02898139 0.03674599 0.12639417
v -0.02840036 0.03580463 0.12947076
v -0.02643686 0.03660004 0.12998352
v -0.02558534 0.03687005 0.13034978
v -0.02775921 0.03641031 0.12882370
v -0.02521468 0.03660734 0.13121660
v -0.02429304 0.03684815 0.13158286
v -0.02218929 0.03700870 0.13312115
v -0.02135781 0.03710356 0.13345078
v -0.02005549 0.03710356 0.13454957
v -0.01903367 0.03713275 0.13498908
v -0.01788162 0.03722762 0.13500129
v -0.01542724 0.03725681 0.13623436
v -0.01172064 0.03727870 0.13745523
v -0.00801404 0.03727870 0.13868831
v -0.00185306 0.03727140 0.13993359
v 0.00609109 0.03700870 0.14050740
v 0.00925673 0.03679707 0.14017777
v 0.01056907 0.03673139 0.13988476
v 0.00000024 0.03714005 0.14077599
v 0.00185354 0.03676059 0.14139864
v 0.00308574 0.03674599 0.14137422
v 0.00431794 0.03670220 0.14130097
v 0.00562026 0.03670950 0.14108121
v 0.00678233 0.03651977 0.14116667
v 0.01171111 0.03643220 0.13993359
v 0.01419553 0.03601625 0.13962838
v 0.01511718 0.03588490 0.13943304
v 0.02006599 0.02601884 0.15176380
v 0.02255042 0.02603343 0.15059177
v 0.02337188 0.02584370 0.15037201
v 0.02376258 0.02501909 0.15060398
v 0.02613681 0.02492423 0.14932207
v 0.02695827 0.02428936 0.14905348
v 0.02715863 0.02347205 0.14918777
v 0.02940263 0.02278610 0.14780819
v 0.02948277 0.02155284 0.14785703
v 0.02948277 -0.02033415 0.14785703
v 0.02244022 -0.02598232 0.15053073
v 0.02157869 -0.02611367 0.15075048
v 0.02327170 -0.02575610 0.15031097
v 0.02453395 -0.02444987 0.15033539
v 0.02371249 -0.02490961 0.15056735
v 0.02526525 -0.02525988 0.14950520
v 0.01994578 -0.02597502 0.15172718
v 0.01295332 -0.03647596 0.13744302
v 0.01181129 -0.03675326 0.13740640
v 0.00911648 -0.03662191 0.13855401
v 0.00923670 -0.02744909 0.15339977
v 0.00677231 -0.02827370 0.15269166
v 0.00554011 -0.03627893 0.13992138
v 0.00678233 -0.03675326 0.13887144
v 0.00554011 -0.03681164 0.13896911
v 0.00307572 -0.03693569 0.13910340
v 0.00184353 -0.03695029 0.13914003
v -0.00184304 -0.03713272 0.13850518
v -0.00307524 -0.03713272 0.13849297
v -0.00430743 -0.03713272 0.13841972
v -0.00553963 -0.03713272 0.13832205
v -0.01047843 -0.03711813 0.13711339
v -0.01047843 -0.03722759 0.13620995
v -0.01295283 -0.03727137 0.13498908
v 0.02794002 -0.02033415 0.14889476
v 0.02731891 -0.02156740 0.14929765
v 0.02567599 -0.02156740 0.15029876
v 0.02405310 -0.02277877 0.15106791
v 0.02238012 -0.02372743 0.15173938
v 0.02280086 -0.02408500 0.15139754
v -0.00307524 -0.03039724 0.03753940
v -0.00307524 -0.02997399 0.03648946
v -0.00184304 -0.02998129 0.03648946
v -0.00307524 -0.02896695 0.03603774
v -0.01295283 -0.03727137 0.07703448
v -0.01295283 -0.03712543 0.07609441
v -0.00184304 -0.01664167 0.03253385
v -0.01417501 -0.01417515 0.03252164
v -0.01664942 0.00182801 0.03252164
v -0.01664942 0.00305397 0.03258268
v -0.02774920 0.00923485 0.03606215
v -0.02774920 0.01046081 0.03626970
v -0.02873094 0.00923485 0.03652608
v -0.02967262 0.00651293 0.03681909
v -0.04592157 0.02403395 0.08439631
v -0.04690332 0.02347205 0.08626424
v -0.04704357 0.02396097 0.08692351
v -0.04750439 0.02403395 0.08814438
v -0.04795520 0.02406314 0.08938966
v -0.04819562 0.02369827 0.08979255
v -0.04969830 0.02403395 0.09553063
v -0.04901709 0.02278610 0.09184361
v -0.04937773 0.02350124 0.09358945
v -0.05018918 0.02278610 0.09675150
v -0.05039955 0.02278610 0.09798457
v -0.05083032 0.02403395 0.10539524
v -0.05072012 0.02291745 0.10035306
v -0.05043962 0.02281528 0.09826537
v -0.05095053 0.02155284 0.10168380
v -0.05111082 0.02155284 0.10416216
v -0.05084034 0.02155284 0.10047514
v -0.05102066 0.02278610 0.10416216
v -0.05084034 0.02403395 0.10664053
v -0.05079025 0.02403395 0.10784919
v -0.05052978 0.02439152 0.11031534
v -0.05047969 0.02422368 0.11156062
v -0.04958810 0.02513585 0.11522323
v -0.04946789 0.02490963 0.11644410
v -0.04938775 0.02472720 0.11722545
v -0.04868650 0.02526721 0.11892246
v -0.04824571 0.02488044 0.12110781
v -0.04801530 0.02570505 0.12048517
v -0.04690332 0.02590937 0.12329316
v -0.04702354 0.02606262 0.12263390
v -0.04594161 0.02623046 0.12511226
v -0.04537059 0.02685074 0.12511226
v -0.04436880 0.02706966 0.12684589
v -0.04336702 0.02724480 0.12854290
v -0.04075236 0.02714993 0.13316999
v -0.03717599 0.02971861 0.13219329
v -0.03190660 0.03446191 0.12799351
v -0.03024364 0.03554922 0.12765166
v -0.03691553 0.02955807 0.13302348
v -0.03703574 0.02836859 0.13561172
v -0.03704576 0.02714993 0.13812671
v -0.02395243 0.03656356 0.13242526
v -0.03628440 0.02727399 0.13859064
v -0.02293061 0.03627896 0.13385367
v -0.02168840 0.03687005 0.13381704
v -0.02087695 0.03698680 0.13426877
v -0.01857285 0.03703789 0.13564835
v -0.01625872 0.03708167 0.13697909
v -0.01665944 0.03716194 0.13624657
v -0.01542724 0.03712545 0.13713780
v -0.01296285 0.03724221 0.13745523
v -0.00925625 0.03726411 0.13868831
v -0.00308525 0.03726411 0.13993359
v -0.00185306 0.03714005 0.14076378
v 0.00801452 0.03635193 0.14116667
v 0.00915656 0.03611112 0.14121551
v 0.00986782 0.02711344 0.15412008
v -0.00185306 0.03676059 0.14139864
v 0.00185354 0.03614031 0.14231429
v 0.00308574 0.03613301 0.14228987
v 0.00431794 0.03608922 0.14222883
v 0.00555013 0.03602355 0.14213116
v 0.00678233 0.03595058 0.14199686
v 0.01245243 0.03581193 0.14058065
v 0.01743130 0.02596046 0.15292363
v 0.02089747 0.02583640 0.15158067
v 0.02219979 0.02466152 0.15162951
v 0.02459406 0.02453017 0.15037201
v 0.02524522 0.02409233 0.15014005
v 0.02654754 0.02393178 0.14941974
v 0.02785988 0.02278610 0.14884593
v 0.02560586 0.02278610 0.15024993
v 0.02722875 0.02278610 0.14926102
v 0.02794002 0.02155284 0.14889476
v 0.02076724 -0.02572691 0.15154405
v 0.02283092 -0.02529637 0.15079932
v 0.02165883 -0.02529637 0.15139754
v 0.02210963 -0.02454474 0.15158067
v 0.01730107 -0.02588745 0.15289921
v 0.00923670 -0.02703314 0.15401020
v 0.00842525 -0.02709152 0.15407124
v 0.00677231 -0.02719369 0.15420554
v 0.00430792 -0.02732504 0.15436425
v 0.00554011 -0.02831019 0.15280154
v 0.00430792 -0.03589946 0.14075158
v 0.00430792 -0.03640298 0.13992138
v 0.00307572 -0.03648325 0.13992138
v -0.00184304 -0.03695029 0.13914003
v 0.00184353 -0.03649785 0.13992138
v -0.00307524 -0.03693569 0.13910340
v -0.00678184 -0.03708164 0.13826100
v -0.01145016 -0.03707435 0.13694247
v -0.01418503 -0.03708164 0.13578264
v -0.01295283 -0.03713272 0.13601461
v -0.01418503 -0.03721299 0.13498908
v -0.00867521 -0.03700867 0.13807787
v -0.01541723 -0.03727137 0.13371938
v 0.02731891 0.02155284 0.14929765
v 0.02568600 -0.02033415 0.15029876
v 0.02332179 -0.02033415 0.15158067
v 0.02270069 -0.02156740 0.15189810
v 0.02320158 -0.02277877 0.15151963
v 0.02258047 -0.02277877 0.15183705
v 0.02157869 -0.02277877 0.15231319
v 0.01977547 -0.02356689 0.15292363
v 0.02165883 -0.02408500 0.15194693
v -0.01395462 -0.03708164 0.07625312
v -0.01627876 -0.03707435 0.07749841
v -0.00430743 -0.03023669 0.03753940
v -0.00430743 -0.02989372 0.03657492
v -0.00553963 -0.02896695 0.03620866
v -0.00430743 -0.02896695 0.03608657
v -0.01905370 -0.03727137 0.08073371
v -0.01541723 -0.03725678 0.07827976
v -0.01541723 -0.03711813 0.07724203
v -0.00307524 -0.01664167 0.03258268
v -0.01294282 -0.01540841 0.03268035
v -0.01664942 -0.00183528 0.03252164
v -0.01419505 -0.01546679 0.03286348
v -0.01511669 -0.01510922 0.03298557
v -0.01547733 -0.01421164 0.03286348
v -0.01540721 -0.01293460 0.03268035
v -0.02898139 0.00183531 0.03600111
v -0.02898139 0.00306856 0.03603774
v -0.02898139 0.00430182 0.03611099
v -0.02898139 0.00552049 0.03622087
v -0.02890125 0.00799430 0.03644062
v -0.02987298 0.00430182 0.03658713
v -0.04812550 0.02220230 0.08877923
v -0.04805537 0.02301961 0.08892573
v -0.04728400 0.02278610 0.08692351
v -0.04993873 0.02278610 0.09553063
v -0.04932764 0.02155284 0.09256392
v -0.04927755 0.02278610 0.09274705
v -0.04862639 0.02278610 0.09061053
v -0.04965823 0.02278610 0.09433418
v -0.05027934 0.02155284 0.09675150
v -0.05048971 0.02155284 0.09798457
v -0.05107075 0.02278610 0.10539524
v -0.05052978 0.02155284 0.09826537
v -0.05095053 -0.02153821 0.10168380
v -0.05111082 -0.02033415 0.10416216
v -0.05116091 0.02155284 0.10539524
v -0.05084034 -0.02033415 0.10047514
v -0.05108076 0.02278610 0.10664053
v -0.05103067 0.02278610 0.10784919
v -0.05095053 0.02278610 0.10908226
v -0.05059991 0.02347205 0.11224431
v -0.05040957 0.02393178 0.11268382
v -0.05016914 0.02403395 0.11400236
v -0.04996878 0.02403395 0.11522323
v -0.04974839 0.02403395 0.11644410
v -0.04928757 0.02438422 0.11805564
v -0.04881673 0.02403395 0.12017995
v -0.04809544 0.02456666 0.12196242
v -0.04698347 0.02482206 0.12472158
v -0.04749437 0.02526721 0.12263390
v -0.04675305 0.02564667 0.12412335
v -0.04576129 0.02601884 0.12593024
v -0.04420852 0.02690912 0.12757841
v -0.04385790 0.02658073 0.12890916
v -0.04159386 0.02679236 0.13251072
v -0.04123322 0.02642019 0.13358508
v -0.03932983 0.02699668 0.13537976
v -0.03850837 0.02731047 0.13592915
v -0.03789728 0.02813508 0.13498908
v -0.03770694 0.02877725 0.13380484
v -0.03878886 0.02675587 0.13647854
v -0.03946006 0.02587289 0.13680817
v -0.03711588 0.02600424 0.13943304
v -0.03472162 0.02601884 0.14196024
v -0.03570337 0.02714993 0.13933537
v -0.02260002 0.03597976 0.13469607
v -0.02163831 0.03621328 0.13505012
v -0.02041613 0.03676059 0.13498908
v -0.01903367 0.03660004 0.13611228
v -0.01792169 0.03616950 0.13752848
v -0.01665944 0.03669491 0.13740640
v -0.01542724 0.03685545 0.13777266
v -0.01461580 0.03696491 0.13795579
v -0.01379433 0.03705978 0.13815112
v -0.01296285 0.03711816 0.13827321
v -0.00925625 0.03713275 0.13956733
v -0.00431745 0.03722762 0.13993359
v -0.00308525 0.03713275 0.14076378
v 0.00744350 0.02836130 0.15287479
v 0.00676229 0.02792345 0.15355848
v 0.00553009 0.02737615 0.15438867
v 0.00426785 0.02687993 0.15508456
v 0.00553009 0.02677776 0.15501131
v 0.00553009 0.02616478 0.15554850
v 0.00776407 0.02596775 0.15538978
v 0.00861559 0.02587289 0.15534095
v 0.01035870 0.02655884 0.15446192
v 0.01293328 0.02606262 0.15427879
v 0.01375475 0.02593857 0.15415670
v -0.00308525 0.03674599 0.14136201
v -0.00308525 0.03613301 0.14227766
v -0.00185306 0.03614031 0.14231429
v 0.00062135 0.03322135 0.14657511
v 0.00185354 0.03363731 0.14595247
v 0.00308574 0.03570247 0.14291251
v 0.00431794 0.03566598 0.14283926
v 0.01457621 0.02576343 0.15402241
v 0.01823273 0.02572694 0.15277712
v 0.02157869 0.02492423 0.15176380
v 0.02236008 0.02403395 0.15172718
v 0.02298119 0.02403395 0.15139754
v 0.01866349 0.02490963 0.15300909
v 0.01959515 0.02444990 0.15282596
v 0.02157869 0.02403395 0.15209344
v 0.02481445 0.02369827 0.15048189
v 0.02405310 0.02278610 0.15108012
v 0.02332179 0.02155284 0.15158067
v 0.02568600 0.02155284 0.15029876
v 0.02129819 -0.02490961 0.15178822
v 0.01778192 -0.02523799 0.15308234
v 0.01812253 -0.02561745 0.15271608
v 0.01509714 -0.02484393 0.15420554
v 0.01359446 -0.02588745 0.15412008
v 0.01168105 -0.02615016 0.15435204
v 0.01046889 -0.02631070 0.15446192
v 0.00923670 -0.02643476 0.15459622
v 0.00554011 -0.02667557 0.15490143
v 0.00430792 -0.02677044 0.15497469
v 0.00307572 -0.02682882 0.15503573
v 0.00307572 -0.02735423 0.15442530
v 0.00430792 -0.02801099 0.15337535
v 0.00472867 -0.02833938 0.15286258
v 0.00307572 -0.03217050 0.14688033
v 0.00307572 -0.03496540 0.14237533
v 0.00184353 -0.03357890 0.14468277
v -0.00184304 -0.03649785 0.13992138
v -0.00307524 -0.03648325 0.13992138
v -0.00553963 -0.03681164 0.13896911
v -0.00430743 -0.03640298 0.13992138
v -0.00678184 -0.03675326 0.13887144
v -0.01180078 -0.03675326 0.13740640
v -0.01295283 -0.03692110 0.13664946
v -0.01487626 -0.03701596 0.13563614
v -0.01534710 -0.03712543 0.13496466
v -0.01905370 -0.03714732 0.13252293
v -0.00553963 -0.03627893 0.13992138
v -0.00677182 -0.02827370 0.15269166
v -0.00923621 -0.02745639 0.15339977
v -0.01905370 -0.03727137 0.13127764
v 0.02270069 -0.02033415 0.15191031
v 0.02157869 -0.02156740 0.15243528
v 0.01802235 -0.02156740 0.15393695
v 0.01780196 -0.02277877 0.15388811
v 0.01708067 -0.02318013 0.15407124
v 0.01785205 -0.02402662 0.15355848
v 0.01862342 -0.02480744 0.15296025
v -0.01900361 -0.03712543 0.07950063
v -0.01998536 -0.03708164 0.07991573
v -0.00646127 -0.02966020 0.03681909
v -0.00553963 -0.02976237 0.03670921
v -0.00924623 -0.02869695 0.03652608
v -0.00924623 -0.02774099 0.03606215
v -0.02035603 -0.03727137 0.08196679
v -0.02037606 -0.03714732 0.08069708
v -0.01047843 -0.02774099 0.03622087
v -0.02898139 -0.00306124 0.03603774
v -0.02898139 -0.00184258 0.03600111
v -0.01664942 -0.02404122 0.03606215
v -0.01294282 -0.02651503 0.03620866
v -0.01541723 -0.02527447 0.03620866
v -0.02158822 -0.02033415 0.03620866
v -0.02405261 -0.01663437 0.03608657
v -0.02529482 -0.01540841 0.03620866
v -0.02651700 -0.01293460 0.03620866
v -0.02774920 -0.00923483 0.03606215
v -0.02898139 -0.00430179 0.03611099
v -0.03009337 0.00059475 0.03644062
v -0.03006332 0.00183531 0.03647725
v -0.02995312 0.00306856 0.03650167
v -0.03054418 0.00183531 0.03753940
v -0.04812550 -0.02124632 0.08877923
v -0.04871655 0.02155284 0.09061053
v -0.03061430 0.00059475 0.03753940
v -0.04947791 0.02155284 0.09317435
v -0.05002889 0.02155284 0.09553063
v -0.04932764 -0.02033415 0.09256392
v -0.05027934 -0.02156740 0.09675150
v -0.05048971 -0.02033415 0.09798457
v -0.05052978 -0.02033415 0.09826537
v -0.05084034 -0.02277877 0.10168380
v -0.05100062 -0.02277877 0.10416216
v -0.05110080 -0.02153821 0.10416216
v -0.05083032 -0.02153821 0.10047514
v -0.05116091 -0.02033415 0.10539524
v -0.05117092 0.02155284 0.10664053
v -0.05051976 -0.02156740 0.09825316
v -0.05112084 0.02155284 0.10784919
v -0.05104069 0.02155284 0.10908226
v -0.05077021 0.02278610 0.11156062
v -0.05058989 0.02220230 0.11341634
v -0.05053980 0.02304150 0.11305008
v -0.05021923 0.02278610 0.11522323
v -0.04970832 0.02278610 0.11770159
v -0.04947791 0.02399746 0.11766496
v -0.04998882 0.02278610 0.11644410
v -0.04938775 0.02353043 0.11844632
v -0.04906717 0.02278610 0.12017995
v -0.04870653 0.02278610 0.12140082
v -0.04821566 0.02373475 0.12229205
v -0.04710368 0.02400476 0.12512447
v -0.04661280 0.02400476 0.12625987
v -0.04561102 0.02453017 0.12810339
v -0.04580136 0.02492423 0.12727319
v -0.04658275 0.02524531 0.12512447
v -0.04557095 0.02574154 0.12676043
v -0.04455915 0.02605532 0.12845744
v -0.04329690 0.02603343 0.13086255
v -0.04352731 0.02627424 0.13003236
v -0.04219493 0.02616478 0.13251072
v -0.04199457 0.02593857 0.13319440
v -0.04088260 0.02606262 0.13458619
v -0.03909942 0.02645668 0.13647854
v -0.03919960 0.02538396 0.13752848
v -0.03992088 0.02554451 0.13647854
v -0.03704576 0.02471990 0.14058065
v -0.03554308 0.02554451 0.14154514
v -0.03379998 0.02511396 0.14348632
v -0.03300857 0.02547883 0.14393804
v -0.03218710 0.02596775 0.14430430
v -0.03085473 0.02590208 0.14547633
v -0.02126765 0.03592139 0.13579485
v -0.03022360 0.02603343 0.14573272
v -0.02867084 0.02603343 0.14689254
v -0.01983510 0.03583382 0.13689363
v -0.01911381 0.03597247 0.13712560
v -0.01754101 0.03589220 0.13819996
v -0.01665944 0.03605274 0.13844413
v -0.01548735 0.03620599 0.13878598
v -0.01418503 0.03667302 0.13861505
v -0.01172064 0.03645410 0.13993359
v -0.01058862 0.03674599 0.13988476
v -0.01023800 0.03708897 0.13943304
v -0.00609061 0.03700870 0.14051961
v -0.00525913 0.03705248 0.14059286
v -0.00431745 0.03709626 0.14067832
v -0.00431745 0.03670220 0.14130097
v 0.00555013 0.02864589 0.15275270
v 0.00553009 0.02798913 0.15363173
v 0.00426785 0.02742723 0.15447413
v 0.00426785 0.02805481 0.15370498
v 0.00306570 0.02691641 0.15515782
v 0.00426785 0.02623046 0.15562175
v 0.00553009 0.02526721 0.15608568
v 0.00676229 0.02526721 0.15591476
v 0.00923670 0.02515045 0.15560954
v 0.00923670 0.02577073 0.15529211
v 0.01168105 0.02624506 0.15441309
v 0.01046889 0.02554451 0.15515782
v 0.01293328 0.02526721 0.15475493
v 0.01416548 0.02531829 0.15438867
v -0.00431745 0.03608922 0.14222883
v -0.00308525 0.03361541 0.14591585
v -0.00185306 0.03363731 0.14595247
v 0.00000024 0.03322135 0.14657511
v 0.00306570 0.02746372 0.15453517
v 0.00185354 0.03266675 0.14733205
v 0.00308574 0.03361541 0.14591585
v 0.00308574 0.03213404 0.14802795
v 0.01540769 0.02485855 0.15420554
v 0.01785205 0.02528180 0.15315559
v 0.02157869 0.02278610 0.15236203
v 0.02260051 0.02278610 0.15184926
v 0.01592862 0.02466152 0.15412008
v 0.01785205 0.02403395 0.15364394
v 0.01781198 0.02281528 0.15392474
v 0.02270069 0.02155284 0.15191031
v 0.01592862 -0.02454474 0.15407124
v 0.01407532 -0.02525988 0.15430321
v 0.01417550 -0.02402662 0.15480377
v 0.01293328 -0.02525988 0.15462063
v 0.00923670 -0.02503366 0.15554850
v 0.00923670 -0.02561745 0.15520665
v 0.00826497 -0.02579259 0.15529211
v 0.00744350 -0.02588745 0.15534095
v 0.00676229 -0.02595313 0.15538978
v 0.00426785 -0.02615016 0.15554850
v -0.00307524 -0.02682882 0.15503573
v 0.00306570 -0.02621584 0.15558512
v 0.00183351 -0.02625232 0.15560954
v 0.00060131 -0.02625232 0.15563396
v -0.00307524 -0.02735423 0.15442530
v 0.00387715 -0.02836127 0.15289921
v -0.00184304 -0.03357890 0.14468277
v 0.00061133 -0.03218510 0.14692917
v -0.00307524 -0.03496540 0.14237533
v -0.00430743 -0.03589946 0.14075158
v -0.01295283 -0.03647596 0.13744302
v -0.01418503 -0.03676056 0.13641749
v -0.01785156 -0.03642488 0.13498908
v -0.01864297 -0.03706705 0.13324324
v -0.01534710 -0.03661461 0.13611228
v -0.02003545 -0.03708164 0.13214446
v -0.02282041 -0.03719840 0.12878707
v -0.00553963 -0.02831019 0.15280154
v -0.00430743 -0.02732504 0.15436425
v -0.00677182 -0.02719369 0.15420554
v -0.00842477 -0.02709152 0.15407124
v -0.00923621 -0.02703314 0.15401020
v -0.01664942 -0.02601151 0.15300909
v -0.02405261 -0.03719840 0.12757841
v -0.02405261 -0.03727137 0.12634533
v 0.02157869 0.02155284 0.15243528
v 0.02015615 -0.02033415 0.15305792
v 0.01803237 -0.02033415 0.15393695
v 0.01740124 -0.02156740 0.15415670
v 0.01734114 -0.02235552 0.15412008
v 0.01540769 -0.02277877 0.15470610
v 0.01630930 -0.02372743 0.15420554
v 0.01668998 -0.02408500 0.15396137
v -0.02124761 -0.03708164 0.08108776
v -0.01115964 -0.02839046 0.03686793
v -0.01047843 -0.02852181 0.03670921
v -0.02252990 -0.03708164 0.08229642
v -0.02376209 -0.03708164 0.08349287
v -0.02459357 -0.03696489 0.08389576
v -0.02405261 -0.03727137 0.08569043
v -0.02413275 -0.03714732 0.08433527
v -0.02290056 -0.03714732 0.08312661
v -0.01163048 -0.02775558 0.03655050
v -0.03006332 -0.00184258 0.03647725
v -0.03009337 -0.00060202 0.03644062
v -0.01655926 -0.02525988 0.03657492
v -0.01787160 -0.02405581 0.03647725
v -0.01916390 -0.02287364 0.03641621
v -0.01410489 -0.02652233 0.03653829
v -0.02158822 -0.02127551 0.03666038
v -0.02247981 -0.02033415 0.03667259
v -0.02406263 -0.01786033 0.03648946
v -0.02524473 -0.01655410 0.03659934
v -0.02610627 -0.01540841 0.03667259
v -0.02654706 -0.01410218 0.03652608
v -0.02774920 -0.01046808 0.03626970
v -0.02873094 -0.00923483 0.03652608
v -0.02890125 -0.00800157 0.03644062
v -0.02898139 -0.00552046 0.03622087
v -0.02995312 -0.00306124 0.03650167
v -0.04811548 -0.02209282 0.08879144
v -0.04871655 -0.02033415 0.09061053
v -0.03061430 -0.00060202 0.03753940
v -0.04947791 -0.02033415 0.09317435
v -0.05002889 -0.02033415 0.09553063
v -0.04931762 -0.02156740 0.09260055
v -0.04946789 -0.02156740 0.09318656
v -0.05016914 -0.02277877 0.09675150
v -0.05040957 -0.02281526 0.09825316
v -0.05001887 -0.02156740 0.09553063
v -0.05052978 -0.02287364 0.09915661
v -0.05056985 -0.02332607 0.09997459
v -0.05060992 -0.02352310 0.10078036
v -0.05074016 -0.02393176 0.10416216
v -0.05105071 -0.02277877 0.10539524
v -0.05115089 -0.02153821 0.10539524
v -0.05117092 -0.02033415 0.10664053
v -0.05112084 -0.02033415 0.10784919
v -0.05104069 -0.02033415 0.10908226
v -0.05095053 0.02155284 0.11031534
v -0.05085035 0.02155284 0.11156062
v -0.05059991 0.02155284 0.11342855
v -0.05049973 0.02155284 0.11403899
v -0.05029937 0.02155284 0.11522323
v -0.05007898 0.02155284 0.11644410
v -0.04979848 0.02155284 0.11770159
v -0.04879669 0.02155284 0.12140082
v -0.04949794 0.02155284 0.11886141
v -0.04933766 0.02155284 0.11945964
v -0.04812550 0.02223149 0.12328096
v -0.04806539 0.02307799 0.12311003
v -0.04694339 0.02359610 0.12583257
v -0.04574125 0.02369827 0.12837198
v -0.04542068 0.02406314 0.12878707
v -0.04436880 0.02448639 0.13054512
v -0.04459922 0.02495342 0.12973935
v -0.04482963 0.02531829 0.12883591
v -0.04435879 0.02577073 0.12928763
v -0.04330691 0.02485126 0.13210783
v -0.04196452 0.02466152 0.13436644
v -0.04170406 0.02550802 0.13400018
v -0.04085254 0.02485855 0.13578264
v -0.03938994 0.02441341 0.13795579
v -0.03717599 0.02403395 0.14071495
v -0.03471160 0.02403395 0.14315669
v -0.03457135 0.02471990 0.14302239
v -0.03787724 0.02412881 0.13988476
v -0.03330910 0.02466152 0.14421884
v -0.03262789 0.02515045 0.14448743
v -0.03108514 0.02526721 0.14568388
v -0.02982289 0.02494612 0.14686812
v -0.02948228 0.02577073 0.14661174
v -0.02722827 0.02596046 0.14799132
v -0.02491414 0.02600424 0.14932207
v -0.02255995 0.02603343 0.15059177
v -0.02007552 0.02600424 0.15176380
v -0.01510667 0.03587760 0.13943304
v -0.01418503 0.03601625 0.13961617
v -0.01247198 0.03582652 0.14058065
v -0.00983728 0.02711344 0.15410787
v -0.00914605 0.03611112 0.14122771
v -0.00925625 0.03680437 0.14016556
v -0.00679186 0.03651977 0.14116667
v -0.00554964 0.03602355 0.14213116
v 0.00430792 0.02864589 0.15287479
v -0.00307524 0.02691641 0.15515782
v 0.00060131 0.02636181 0.15571942
v 0.00183351 0.02636181 0.15568279
v 0.00306570 0.02530369 0.15628102
v 0.00416767 0.02513585 0.15628102
v 0.00453833 0.02455936 0.15656182
v 0.00923670 0.02403395 0.15603684
v 0.01046889 0.02492423 0.15547524
v 0.01129036 0.02475639 0.15538978
v 0.01211182 0.02445720 0.15530432
v 0.01417550 0.02403395 0.15487702
v -0.00431745 0.03566598 0.14283926
v -0.00307524 0.03213404 0.14802795
v -0.00236397 0.03295865 0.14689254
v -0.00554964 0.02864589 0.15275270
v -0.00184304 0.03295865 0.14691696
v -0.00118186 0.03295865 0.14692917
v -0.00430743 0.02805481 0.15370498
v -0.00307524 0.02746372 0.15453517
v 0.02015615 0.02155284 0.15305792
v 0.01627925 0.02403395 0.15420554
v 0.01736117 0.02242852 0.15412008
v 0.01803237 0.02155284 0.15393695
v 0.01409535 0.02274961 0.15515782
v 0.01334402 -0.02311445 0.15530432
v 0.01293328 -0.02399013 0.15515782
v 0.01194152 -0.02438419 0.15525549
v 0.01111004 -0.02464690 0.15534095
v 0.01046889 -0.02477825 0.15542641
v 0.00791434 -0.02533285 0.15560954
v 0.00923670 -0.02402662 0.15596359
v 0.00553009 -0.02424554 0.15643973
v 0.00553009 -0.02525988 0.15596359
v 0.00426785 -0.02525988 0.15609789
v -0.00430743 -0.02677044 0.15495027
v -0.00061085 -0.02625232 0.15563396
v -0.00183302 -0.02625232 0.15560954
v -0.00307524 -0.02621584 0.15558512
v -0.00430743 -0.02615016 0.15554850
v 0.00060131 -0.02529637 0.15625660
v -0.00431745 -0.02801099 0.15337535
v -0.00387666 -0.02836127 0.15289921
v -0.00061085 -0.03218510 0.14692917
v -0.00307524 -0.03217050 0.14688033
v -0.00472818 -0.02833938 0.15286258
v -0.01995531 -0.02597502 0.15172718
v -0.02158822 -0.02611367 0.15075048
v -0.01946444 -0.03693569 0.13297465
v -0.02485404 -0.02597502 0.14926102
v -0.02651700 -0.02601151 0.14815003
v -0.02715814 -0.02588745 0.14796690
v -0.02858068 -0.02598232 0.14685591
v -0.02244975 -0.02598232 0.15053073
v -0.02040611 -0.03681164 0.13252293
v -0.02344152 -0.03700867 0.12943413
v -0.02282041 -0.03707435 0.12970272
v -0.00553963 -0.02667557 0.15488923
v -0.00923621 -0.02643476 0.15459622
v -0.01047843 -0.02631070 0.15447413
v -0.01171062 -0.02615016 0.15435204
v -0.01361401 -0.02588745 0.15412008
v -0.01733063 -0.02590935 0.15289921
v -0.02488409 -0.03707435 0.12757841
v -0.02653704 -0.03714002 0.12508784
v -0.02529482 -0.03727137 0.12510005
v -0.02393240 -0.03705975 0.12870161
v 0.01741126 0.02155284 0.15415670
v 0.01663989 -0.02033415 0.15441309
v 0.01365457 -0.02156740 0.15537757
v 0.01361450 -0.02229714 0.15536536
v -0.01609844 -0.02593124 0.03685572
v -0.01361401 -0.02716450 0.03685572
v -0.01294282 -0.02732504 0.03670921
v -0.02607621 -0.03708164 0.08606890
v -0.02722827 -0.03702326 0.08741186
v -0.02768909 -0.03665839 0.08694793
v -0.02491414 -0.03708164 0.08471374
v -0.02899141 -0.03727137 0.09308889
v -0.02775921 -0.03725678 0.09061053
v -0.02529482 -0.03725678 0.08692351
v -0.02530484 -0.03714732 0.08567822
v -0.02987298 -0.00430179 0.03658713
v -0.03054418 -0.00184258 0.03753940
v -0.01541723 -0.02609178 0.03670921
v -0.01746087 -0.02483663 0.03673363
v -0.01879324 -0.02366905 0.03668480
v -0.02221934 -0.02099091 0.03686793
v -0.02480395 -0.01744438 0.03675805
v -0.02594598 -0.01607247 0.03685572
v -0.02732845 -0.01293460 0.03668480
v -0.02717818 -0.01366434 0.03684351
v -0.02850054 -0.01046808 0.03675805
v -0.02967262 -0.00651290 0.03681909
v -0.04775484 -0.02277877 0.08814438
v -0.04806539 -0.02277877 0.08892573
v -0.04898703 -0.02277877 0.09184361
v -0.04973837 -0.02156740 0.09433418
v -0.04926753 -0.02277877 0.09279588
v -0.04941780 -0.02277877 0.09341853
v -0.05012907 -0.02402662 0.09826537
v -0.04935769 -0.02346472 0.09366270
v -0.04957809 -0.02412149 0.09543296
v -0.05044964 -0.02399013 0.10040189
v -0.05047969 -0.02428203 0.10168380
v -0.05055983 -0.02454474 0.10416216
v -0.05057987 -0.02461041 0.10516328
v -0.05073014 -0.02412149 0.10548070
v -0.05073014 -0.02414338 0.10653065
v -0.05105071 -0.02277877 0.10664053
v -0.05116091 -0.02153821 0.10664053
v -0.05111082 -0.02153821 0.10784919
v -0.05103067 -0.02153821 0.10908226
v -0.05085035 -0.02153821 0.11156062
v -0.05095053 -0.02033415 0.11031534
v -0.05059991 -0.02033415 0.11342855
v -0.05049973 -0.02033415 0.11403899
v -0.05029937 -0.02153821 0.11522323
v -0.05007898 -0.02033415 0.11644410
v -0.04979848 -0.02033415 0.11770159
v -0.04813552 0.02155284 0.12329316
v -0.04933766 -0.02153821 0.11945964
v -0.04878668 -0.02153821 0.12140082
v -0.04813552 -0.02033415 0.12329316
v -0.04949794 -0.02033415 0.11886141
v -0.04791512 0.02155284 0.12390360
v -0.04747434 0.02155284 0.12511226
v -0.04738418 0.02278610 0.12511226
v -0.04788507 0.02272042 0.12375709
v -0.04701352 0.02278610 0.12597907
v -0.04673302 0.02278610 0.12661392
v -0.04554089 0.02278610 0.12915333
v -0.04508007 0.02278610 0.13003236
v -0.04474948 0.02406314 0.13008119
v -0.04319672 0.02343556 0.13312115
v -0.04306649 0.02425287 0.13288919
v -0.04207472 0.02403395 0.13453736
v -0.04102284 0.02403395 0.13601461
v -0.04069226 0.02403395 0.13647854
v -0.03990085 0.02403395 0.13752848
v -0.03550301 0.02278610 0.14274159
v -0.03836812 0.02376395 0.13945745
v -0.03795738 0.02278610 0.14021439
v -0.03488190 0.02278610 0.14333982
v -0.03339926 0.02403395 0.14435314
v -0.03214703 0.02360340 0.14553738
v -0.03067441 0.02403395 0.14658732
v -0.03006332 0.02403395 0.14705125
v -0.02838032 0.02469071 0.14797911
v -0.02768909 0.02517234 0.14817445
v -0.02653704 0.02531829 0.14885814
v -0.02576566 0.02576343 0.14909010
v -0.02337140 0.02584370 0.15037201
v -0.02089699 0.02582910 0.15158067
v -0.01743081 0.02593857 0.15292363
v -0.01374424 0.02593857 0.15415670
v -0.01294282 0.02606262 0.15427879
v -0.01047843 0.02642019 0.15453517
v -0.00862512 0.02587289 0.15534095
v -0.00677182 0.02668290 0.15493806
v -0.00430743 0.02687993 0.15508456
v -0.00901582 0.02717182 0.15415670
v -0.00677182 0.02791616 0.15355848
v -0.00744302 0.02836130 0.15287479
v -0.00801404 0.03634463 0.14116667
v -0.00679186 0.03595058 0.14199686
v -0.00430743 0.02623046 0.15562175
v -0.00183302 0.02636181 0.15568279
v -0.00061085 0.02636181 0.15571942
v -0.00430743 0.02742723 0.15447413
v 0.00060131 0.02541315 0.15631764
v 0.00060131 0.02479288 0.15662286
v 0.00371686 0.02466152 0.15656182
v 0.00553009 0.02434774 0.15648856
v 0.00796443 0.02403395 0.15623218
v 0.00060131 0.02403395 0.15689145
v 0.00426785 0.02278610 0.15696470
v 0.00636158 0.02353043 0.15659844
v 0.01046889 0.02403395 0.15579267
v 0.00718304 0.02320934 0.15656182
v 0.00923670 0.02278610 0.15628102
v 0.01296334 0.02406314 0.15520665
v 0.01340412 0.02315096 0.15530432
v -0.00430743 0.02864589 0.15287479
v -0.00553963 0.02798913 0.15363173
v -0.00553963 0.02737615 0.15438867
v 0.01663989 0.02155284 0.15441309
v 0.01361450 0.02233366 0.15536536
v 0.01251254 -0.02356689 0.15538978
v 0.00923670 -0.02277877 0.15628102
v 0.01046889 -0.02402662 0.15571942
v 0.00708286 -0.02314364 0.15653740
v 0.00625138 -0.02346472 0.15658623
v 0.00553009 -0.02363256 0.15662286
v 0.00426785 -0.02444987 0.15651298
v 0.00306570 -0.02454474 0.15654961
v -0.00061085 -0.02529637 0.15625660
v -0.00430743 -0.02525988 0.15609789
v -0.00553963 -0.02525988 0.15596359
v -0.00677182 -0.02595313 0.15538978
v 0.00060131 -0.02468339 0.15658623
v -0.02078679 -0.02572691 0.15154405
v -0.02327122 -0.02572691 0.15031097
v -0.02567550 -0.02566124 0.14902906
v -0.02607621 -0.02484393 0.14928544
v -0.02744866 -0.02525988 0.14815003
v -0.02940214 -0.02569042 0.14656291
v -0.03078460 -0.02582178 0.14542750
v -0.02992307 -0.02604800 0.14573272
v -0.02168840 -0.03623515 0.13260839
v -0.02282041 -0.03641758 0.13127764
v -0.02282041 -0.03686272 0.13031316
v -0.03144578 -0.02604800 0.14453627
v -0.03610408 -0.02726666 0.13841972
v -0.02467372 -0.03700137 0.12818885
v -0.00745304 -0.02588745 0.15534095
v -0.00826448 -0.02579259 0.15529211
v -0.00923621 -0.02566124 0.15520665
v -0.01047843 -0.02542772 0.15508456
v -0.01162046 -0.02515772 0.15498690
v -0.01294282 -0.02525988 0.15462063
v -0.01408485 -0.02525988 0.15430321
v -0.01510667 -0.02484393 0.15420554
v -0.01779146 -0.02523799 0.15308234
v -0.02036604 -0.02529637 0.15197135
v -0.02722827 -0.03706705 0.12467274
v -0.02855062 -0.03708164 0.12238972
v -0.02877102 -0.03713272 0.12141303
v -0.02775921 -0.03727137 0.12141303
v 0.01366459 -0.02033415 0.15537757
v 0.01293328 -0.02156740 0.15554850
v 0.01046889 -0.02156740 0.15612230
v -0.04089261 -0.02723017 0.07986689
v -0.02899141 -0.03600892 0.08696014
v -0.02967262 -0.03580460 0.08741186
v -0.03453128 -0.03203915 0.08387134
v -0.02645689 -0.03712543 0.08694793
v -0.02853059 -0.03708164 0.08969488
v -0.02899141 -0.03637379 0.08811996
v -0.03022360 -0.03722029 0.09551842
v -0.03000321 -0.03713272 0.09308889
v -0.02875098 -0.03712543 0.09061053
v -0.03146582 -0.03727137 0.10046293
v -0.02781932 -0.03714732 0.08930420
v -0.02651700 -0.03721299 0.08811996
v -0.04111300 -0.02696017 0.07969597
v -0.04342713 -0.02696017 0.08355391
v -0.04212481 -0.02611367 0.07980585
v -0.04321675 -0.02591665 0.08130752
v -0.04402820 -0.02523799 0.08197899
v -0.04575127 -0.02480744 0.08486024
v -0.02837030 -0.01108106 0.03690455
v -0.04651262 -0.02393176 0.08578810
v -0.04688329 -0.02343553 0.08630087
v -0.04694339 -0.02277877 0.08612995
v -0.04817559 -0.02359608 0.08980476
v -0.04744428 -0.02402662 0.08814438
v -0.04868650 -0.02402662 0.09184361
v -0.05026932 -0.02402662 0.09924207
v -0.04942782 -0.02480014 0.09579922
v -0.04951798 -0.02496798 0.09675150
v -0.04967826 -0.02513582 0.09825316
v -0.04924750 -0.02431852 0.09433418
v -0.04932764 -0.02458122 0.09499345
v -0.04976842 -0.02525988 0.09924207
v -0.05003891 -0.02525988 0.10168380
v -0.05018918 -0.02525988 0.10416216
v -0.05011905 -0.02525988 0.10292909
v -0.05030939 -0.02513582 0.10548070
v -0.05058989 -0.02464690 0.10599347
v -0.05058989 -0.02464690 0.10606672
v -0.05058989 -0.02463960 0.10687249
v -0.05075018 -0.02393176 0.10784919
v -0.05101064 -0.02277877 0.10784919
v -0.05084034 -0.02277877 0.11031534
v -0.05074016 -0.02277877 0.11156062
v -0.05058989 -0.02219498 0.11337972
v -0.05006896 -0.02153821 0.11644410
v -0.04978846 -0.02153821 0.11770159
v -0.04903712 -0.02277877 0.12017995
v -0.04967826 -0.02277877 0.11770159
v -0.04867648 -0.02277877 0.12140082
v -0.04812550 -0.02221687 0.12326875
v -0.04813552 -0.02153821 0.12328096
v -0.04791512 -0.02033415 0.12390360
v -0.04706361 0.02155284 0.12607674
v -0.04747434 -0.02033415 0.12511226
v -0.04559098 0.02155284 0.12928763
v -0.04518025 0.02155284 0.13003236
v -0.04457918 0.02278610 0.13093580
v -0.04324681 0.02278610 0.13320661
v -0.04284609 0.02278610 0.13384146
v -0.04068224 0.02328232 0.13680817
v -0.04366755 0.02278610 0.13251072
v -0.03954020 0.02359610 0.13813892
v -0.03680533 0.02157473 0.14158177
v -0.03556312 0.02157473 0.14279043
v -0.04033161 0.02284447 0.13735756
v -0.03915953 0.02157473 0.13892027
v -0.03801749 0.02157473 0.14025102
v -0.03367976 0.02157473 0.14453627
v -0.03293844 0.02157473 0.14518333
v -0.03225723 0.02281528 0.14562284
v -0.03082468 0.02334070 0.14669720
v -0.02715814 0.02347205 0.14918777
v -0.02696780 0.02428936 0.14907789
v -0.02614634 0.02492423 0.14932207
v -0.02376209 0.02501909 0.15060398
v -0.02219931 0.02466152 0.15162951
v -0.02158822 0.02553721 0.15143417
v -0.01878322 0.02490963 0.15300909
v -0.01823224 0.02572694 0.15277712
v -0.01457573 0.02574154 0.15402241
v -0.01416499 0.02531829 0.15438867
v -0.01294282 0.02526721 0.15474272
v -0.01047843 0.02550802 0.15515782
v -0.00923621 0.02514315 0.15560954
v -0.00813425 0.02538396 0.15565837
v -0.00677182 0.02526721 0.15591476
v -0.00553963 0.02526721 0.15608568
v -0.00553963 0.02616478 0.15554850
v -0.00307524 0.02530369 0.15628102
v -0.00061085 0.02541315 0.15631764
v -0.00061085 0.02479288 0.15662286
v -0.00061085 0.02403395 0.15689145
v 0.00060131 0.02278610 0.15714783
v 0.00060131 0.02155284 0.15724550
v 0.00426785 0.02155284 0.15703795
v 0.00553009 0.02155284 0.15690366
v 0.00760379 0.02239204 0.15659844
v 0.01046889 0.02278610 0.15603684
v 0.01258266 0.02363989 0.15538978
v 0.00923670 0.02155284 0.15637869
v 0.01296334 0.02274961 0.15547524
v 0.01366459 0.02155284 0.15537757
v 0.01046889 0.02155284 0.15613451
v 0.00923670 -0.02156740 0.15637869
v 0.00829502 -0.02156740 0.15653740
v 0.00757374 -0.02231903 0.15658623
v 0.00553009 -0.02277877 0.15680599
v 0.00426785 -0.02382959 0.15669611
v 0.00060131 -0.02402662 0.15680599
v -0.00061085 -0.02468339 0.15658623
v -0.00307524 -0.02454474 0.15654961
v -0.00430743 -0.02444987 0.15651298
v -0.00792388 -0.02533285 0.15560954
v -0.02165834 -0.02529637 0.15139754
v -0.02129770 -0.02490961 0.15178822
v -0.02527479 -0.02525988 0.14950520
v -0.02284045 -0.02529637 0.15079932
v -0.02371200 -0.02490961 0.15056735
v -0.02453347 -0.02444987 0.15033539
v -0.02713811 -0.02340634 0.14917556
v -0.02690770 -0.02422365 0.14900464
v -0.02835027 -0.02461041 0.14791807
v -0.02977280 -0.02484393 0.14681929
v -0.03108514 -0.02499717 0.14569609
v -0.03325901 -0.02458122 0.14420663
v -0.03339926 -0.02595313 0.14307123
v -0.03692555 -0.02706233 0.13795579
v -0.03724612 -0.02728855 0.13712560
v -0.03681535 -0.02827370 0.13541638
v -0.03466151 -0.02597502 0.14189919
v -0.03717599 -0.02844154 0.13458619
v -0.02719821 -0.03577541 0.12823768
v -0.02833023 -0.03574622 0.12690693
v -0.02784937 -0.03615487 0.12643079
v -0.00923621 -0.02503366 0.15554850
v -0.01047843 -0.02480744 0.15543862
v -0.01115964 -0.02468339 0.15535316
v -0.01592814 -0.02454474 0.15407124
v -0.01198110 -0.02438419 0.15525549
v -0.01418503 -0.02402662 0.15480377
v -0.01862294 -0.02480744 0.15296025
v -0.02771914 -0.03668758 0.12508784
v -0.02813989 -0.03687731 0.12387918
v -0.02833023 -0.03699407 0.12321991
v -0.02980285 -0.03708164 0.11993578
v -0.03005330 -0.03713272 0.11892246
v -0.02899141 -0.03727137 0.11892246
v 0.01046889 -0.02033415 0.15613451
v -0.03478173 -0.03217780 0.08470153
v -0.04324681 -0.02716450 0.08368821
v -0.02896136 -0.03674596 0.08930420
v -0.03146582 -0.03505297 0.08811996
v -0.02977280 -0.03708164 0.09213662
v -0.03078460 -0.03699407 0.09377258
v -0.03020357 -0.03675326 0.09174594
v -0.03146582 -0.03721299 0.09922986
v -0.03094489 -0.03705975 0.09462719
v -0.03146582 -0.03727137 0.11153621
v -0.03254775 -0.03713272 0.10664053
v -0.03253773 -0.03713272 0.10539524
v -0.03236742 -0.03713272 0.10168380
v -0.03232735 -0.03712543 0.10046293
v -0.04464931 -0.02615016 0.08446957
v -0.04339707 -0.02611367 0.08197899
v -0.04425861 -0.02699666 0.08540963
v -0.04432873 -0.02696017 0.08548289
v -0.04443893 -0.02595313 0.08372484
v -0.04425861 -0.02561745 0.08290685
v -0.04550082 -0.02561745 0.08539742
v -0.04589152 -0.02523799 0.08576369
v -0.04691334 -0.02471258 0.08744848
v -0.04589152 -0.02399013 0.08446957
v -0.04674303 -0.02424554 0.08661829
v -0.04790511 -0.02402662 0.08938966
v -0.04804536 -0.02444257 0.09021985
v -0.04817559 -0.02474177 0.09105004
v -0.04829580 -0.02499717 0.09184361
v -0.04845609 -0.02536204 0.09301564
v -0.04819562 -0.02595313 0.09339411
v -0.04916736 -0.02559556 0.09675150
v -0.04936771 -0.02588745 0.09857059
v -0.04950796 -0.02552259 0.09826537
v -0.04940778 -0.02594583 0.09924207
v -0.04947791 -0.02601151 0.10047514
v -0.04959812 -0.02611367 0.10416216
v -0.04952800 -0.02604800 0.10168380
v -0.04956807 -0.02607719 0.10292909
v -0.04961816 -0.02611367 0.10539524
v -0.04962818 -0.02611367 0.10664053
v -0.05030939 -0.02513582 0.10653065
v -0.05019919 -0.02525988 0.10784919
v -0.05055983 -0.02458122 0.10784919
v -0.05047969 -0.02428203 0.11031534
v -0.05060992 -0.02350121 0.11156062
v -0.05058989 -0.02340634 0.11218327
v -0.05018918 -0.02277877 0.11522323
v -0.04995877 -0.02277877 0.11644410
v -0.04874661 -0.02402662 0.12017995
v -0.04937773 -0.02349391 0.11839748
v -0.04820564 -0.02366905 0.12224322
v -0.04805537 -0.02304148 0.12306120
v -0.04826575 -0.02268390 0.12264610
v -0.04786504 -0.02268390 0.12375709
v -0.04735412 -0.02277877 0.12511226
v -0.04746432 -0.02153821 0.12511226
v -0.04791512 -0.02153821 0.12389139
v -0.04706361 -0.02033415 0.12607674
v -0.04638239 -0.02033415 0.12757841
v -0.04558097 -0.02153821 0.12925100
v -0.04518025 -0.02033415 0.13003236
v -0.04426863 -0.02153821 0.13164390
v -0.04376774 0.02155284 0.13251072
v -0.04329690 0.02155284 0.13330428
v -0.04228509 0.02155284 0.13481816
v -0.04075236 0.02246501 0.13689363
v -0.04101283 0.02274961 0.13647854
v -0.04222499 0.02278610 0.13473270
v -0.04097276 0.02298313 0.13647854
v -0.03680533 -0.02033415 0.14158177
v -0.03493199 -0.02157470 0.14338865
v -0.03556312 -0.02033415 0.14279043
v -0.03915953 -0.02033415 0.13892027
v -0.04030156 0.02157473 0.13754069
v -0.03801749 -0.02033415 0.14025102
v -0.03367976 -0.02033415 0.14453627
v -0.03095491 0.02155284 0.14679487
v -0.03091484 0.02252339 0.14674604
v -0.03293844 -0.02033415 0.14518333
v -0.02940214 0.02278610 0.14780819
v -0.02722827 0.02278610 0.14926102
v -0.02651700 0.02278610 0.14970054
v -0.02560538 0.02278610 0.15024993
v -0.02525475 0.02409233 0.15014005
v -0.02460359 0.02453017 0.15037201
v -0.02236961 0.02403395 0.15172718
v -0.02158822 0.02403395 0.15209344
v -0.01960469 0.02444990 0.15282596
v -0.02158822 0.02492423 0.15176380
v -0.02298070 0.02403395 0.15139754
v -0.01916390 0.02403395 0.15313117
v -0.01785156 0.02403395 0.15364394
v -0.01592814 0.02466152 0.15412008
v -0.01541723 0.02485855 0.15420554
v -0.01785156 0.02528180 0.15315559
v -0.01418503 0.02403395 0.15487702
v -0.01210132 0.02444990 0.15529211
v -0.01127985 0.02472720 0.15538978
v -0.01047843 0.02491693 0.15547524
v -0.00923621 0.02403395 0.15603684
v -0.00553963 0.02434774 0.15648856
v -0.00453784 0.02455936 0.15656182
v -0.00416718 0.02513585 0.15628102
v -0.00371638 0.02466152 0.15656182
v -0.00430743 0.02278610 0.15696470
v -0.00061085 0.02278610 0.15714783
v 0.00060131 -0.02156740 0.15723329
v 0.00426785 -0.02156740 0.15703795
v -0.00061085 0.02155284 0.15723329
v -0.00061085 -0.02156740 0.15723329
v 0.00553009 -0.02156740 0.15690366
v 0.00832507 0.02155284 0.15653740
v 0.00832507 -0.02033415 0.15653740
v 0.00426785 -0.02277877 0.15690366
v 0.00306570 -0.02277877 0.15698912
v -0.00061085 -0.02402662 0.15680599
v 0.00060131 -0.02277877 0.15708679
v -0.00430743 -0.02382959 0.15669611
v -0.00553963 -0.02424554 0.15643973
v -0.00553963 -0.02363256 0.15662286
v -0.02211917 -0.02454474 0.15158067
v -0.02478391 -0.02362527 0.15048189
v -0.02281040 -0.02408500 0.15139754
v -0.02784937 -0.02277877 0.14882151
v -0.02938211 -0.02277877 0.14778377
v -0.03079462 -0.02326769 0.14668499
v -0.03001323 -0.02402662 0.14700242
v -0.02899141 -0.02412149 0.14766169
v -0.02557532 -0.02277877 0.15022551
v -0.02722827 -0.02277877 0.14923661
v -0.03062432 -0.02402662 0.14655070
v -0.03367976 -0.02525988 0.14333982
v -0.03339926 -0.02375662 0.14435314
v -0.03470158 -0.02382959 0.14315669
v -0.03453128 -0.02464690 0.14301018
v -0.03857849 -0.02617935 0.13722327
v -0.03841821 -0.02682882 0.13647854
v -0.03841821 -0.02723017 0.13579485
v -0.03705578 -0.02594583 0.13937199
v -0.03765685 -0.02749288 0.13620995
v -0.03760676 -0.02804748 0.13500129
v -0.03548298 -0.02550069 0.14148410
v -0.03800747 -0.02823721 0.13403680
v -0.02902146 -0.03557108 0.12643079
v -0.00923621 -0.02402662 0.15596359
v -0.01047843 -0.02402662 0.15571942
v -0.01252207 -0.02356689 0.15538978
v -0.01293280 -0.02399013 0.15515782
v -0.01630881 -0.02372743 0.15420554
v -0.01669951 -0.02408500 0.15396137
v -0.01785156 -0.02402662 0.15355848
v -0.01335355 -0.02311445 0.15530432
v -0.01977499 -0.02356689 0.15292363
v -0.01942436 -0.02438419 0.15277712
v -0.02165834 -0.02408500 0.15194693
v -0.02971269 -0.03582649 0.12466054
v -0.02992307 -0.03594325 0.12387918
v -0.03021359 -0.03680434 0.12028983
v -0.03082468 -0.03699407 0.11829981
v -0.03096493 -0.03706705 0.11745742
v -0.03022360 -0.03722759 0.11644410
v -0.03577349 -0.03209753 0.08617878
v -0.03603396 -0.03218510 0.08692351
v -0.04302642 -0.02827370 0.08691130
v -0.04342713 -0.02728855 0.08445736
v -0.03022360 -0.03642488 0.09061053
v -0.03707581 -0.03210483 0.08862052
v -0.03139569 -0.03673137 0.09423651
v -0.04333697 -0.02844154 0.08838855
v -0.03223719 -0.03708164 0.09922986
v -0.03213702 -0.03701596 0.09841188
v -0.03260785 -0.03668758 0.09797236
v -0.03146582 -0.03721299 0.11278149
v -0.03232735 -0.03713272 0.11153621
v -0.03249766 -0.03713272 0.10781256
v -0.03316885 -0.03695029 0.10664053
v -0.03315883 -0.03695029 0.10539524
v -0.03294846 -0.03679704 0.10046293
v -0.04568114 -0.02591665 0.08622762
v -0.04382784 -0.02741991 0.08576369
v -0.04576129 -0.02722288 0.08970709
v -0.04543070 -0.02696017 0.08811996
v -0.04582139 -0.02607719 0.08692351
v -0.04669295 -0.02555907 0.08814438
v -0.04705359 -0.02494609 0.08814438
v -0.04726396 -0.02533285 0.08931641
v -0.04778489 -0.02520150 0.09062274
v -0.04807541 -0.02582178 0.09260055
v -0.04829580 -0.02604800 0.09433418
v -0.04713373 -0.02617935 0.09061053
v -0.04653266 -0.02679963 0.09061053
v -0.04636236 -0.02696017 0.09061053
v -0.04591155 -0.02728855 0.09061053
v -0.03392019 -0.03627163 0.10168380
v -0.03392019 -0.03635920 0.10292909
v -0.03392019 -0.03649055 0.10539524
v -0.03392019 -0.03649055 0.10664053
v -0.04960814 -0.02611367 0.10784919
v -0.04957809 -0.02607719 0.10908226
v -0.04948793 -0.02601151 0.11156062
v -0.05003891 -0.02525988 0.11031534
v -0.04993873 -0.02525988 0.11156062
v -0.05042960 -0.02412149 0.11156062
v -0.05035948 -0.02389527 0.11263499
v -0.05009902 -0.02402662 0.11400236
v -0.04960814 -0.02415068 0.11657839
v -0.04946789 -0.02376392 0.11770159
v -0.04820564 -0.02480014 0.12103456
v -0.04806539 -0.02448636 0.12185254
v -0.04935769 -0.02464690 0.11707895
v -0.04749437 -0.02402662 0.12387918
v -0.04706361 -0.02399013 0.12507563
v -0.04692336 -0.02352310 0.12579594
v -0.04700350 -0.02277877 0.12593024
v -0.04705359 -0.02153821 0.12607674
v -0.04552086 -0.02277877 0.12915333
v -0.04517023 -0.02153821 0.13003236
v -0.04505002 -0.02277877 0.13003236
v -0.04420852 -0.02277877 0.13150961
v -0.04325683 -0.02255255 0.13320661
v -0.04329690 -0.02153821 0.13330428
v -0.04228509 -0.02033415 0.13481816
v -0.04130334 0.02155284 0.13620995
v -0.04109297 0.02191041 0.13647854
v -0.04077240 0.02157473 0.13694247
v -0.03680533 -0.02157470 0.14154514
v -0.03800747 -0.02157470 0.14025102
v -0.03486187 -0.02280796 0.14332761
v -0.03238746 -0.02156740 0.14562284
v -0.04030156 -0.02033415 0.13754069
v -0.04029154 -0.02157470 0.13754069
v -0.03095491 -0.02033415 0.14679487
v -0.03022360 0.02155284 0.14733205
v -0.02948228 0.02155284 0.14785703
v -0.02731843 0.02155284 0.14929765
v -0.02651700 0.02155284 0.14981041
v -0.02568552 0.02155284 0.15029876
v -0.02333132 0.02155284 0.15158067
v -0.02324116 0.02278610 0.15153184
v -0.02482398 0.02369827 0.15048189
v -0.02158822 0.02278610 0.15236203
v -0.01782151 0.02281528 0.15392474
v -0.01689987 0.02403395 0.15397357
v -0.01541723 0.02403395 0.15447413
v -0.01341366 0.02315096 0.15530432
v -0.01297287 0.02403395 0.15520665
v -0.01047843 0.02403395 0.15576825
v -0.01047843 0.02278610 0.15603684
v -0.00923621 0.02278610 0.15628102
v -0.00719257 0.02320934 0.15656182
v -0.00796395 0.02403395 0.15623218
v -0.00637111 0.02353043 0.15659844
v -0.00760330 0.02239204 0.15659844
v -0.00553963 0.02155284 0.15690366
v -0.00430743 0.02155284 0.15703795
v -0.00061085 -0.02277877 0.15708679
v -0.00430743 -0.02156740 0.15703795
v -0.00430743 -0.02277877 0.15690366
v -0.00553963 -0.02277877 0.15680599
v -0.00626091 -0.02346472 0.15658623
v -0.02238965 -0.02372743 0.15173938
v -0.02321111 -0.02277877 0.15151963
v -0.02405261 -0.02277877 0.15106791
v -0.02948228 -0.02156740 0.14785703
v -0.03090482 -0.02244309 0.14674604
v -0.03416062 -0.02280796 0.14393804
v -0.02568552 -0.02156740 0.15029876
v -0.02651700 -0.02156740 0.14981041
v -0.02731843 -0.02156740 0.14929765
v -0.03717599 -0.02382959 0.14071495
v -0.03700569 -0.02464690 0.14051961
v -0.03939995 -0.02579259 0.13674713
v -0.03950013 -0.02588745 0.13647854
v -0.03923967 -0.02693098 0.13526988
v -0.04067222 -0.02709152 0.13306011
v -0.03876883 -0.02794532 0.13367054
v -0.03476169 -0.03217780 0.12757841
v -0.00709239 -0.02314364 0.15653740
v -0.00923621 -0.02277877 0.15628102
v -0.01541723 -0.02277877 0.15470610
v -0.01708019 -0.02318013 0.15407124
v -0.01781149 -0.02277877 0.15388811
v -0.01361401 -0.02229714 0.15536536
v -0.01409487 -0.02274958 0.15513340
v -0.02158822 -0.02277877 0.15231319
v -0.03690551 -0.03200996 0.12428207
v -0.03153594 -0.03609650 0.12021658
v -0.03146582 -0.03647596 0.11892246
v -0.04319672 -0.02836127 0.12453845
v -0.04394806 -0.02807667 0.12387918
v -0.03140571 -0.03675326 0.11782368
v -0.03215705 -0.03703056 0.11367273
v -0.03225723 -0.03708164 0.11278149
v -0.04375772 -0.02810586 0.08802229
v -0.04379779 -0.02777748 0.08691130
v -0.04408831 -0.02817883 0.08938966
v -0.03294846 -0.03679704 0.11153621
v -0.03311876 -0.03692840 0.10781256
v -0.03392019 -0.03646137 0.10781256
v -0.04698347 -0.02601151 0.08971930
v -0.04627220 -0.02696017 0.09030531
v -0.04577130 -0.02696017 0.08898678
v -0.04941780 -0.02595313 0.11275707
v -0.03392019 -0.03628623 0.11030313
v -0.04979848 -0.02525988 0.11275707
v -0.04953802 -0.02499717 0.11522323
v -0.04848614 -0.02536204 0.11902013
v -0.04810546 -0.02585097 0.11952068
v -0.04799527 -0.02566124 0.12017995
v -0.04781495 -0.02523799 0.12142524
v -0.04729402 -0.02535475 0.12269494
v -0.04694339 -0.02474177 0.12464833
v -0.04886682 -0.02525988 0.11770159
v -0.04918739 -0.02561745 0.11522323
v -0.04675305 -0.02434771 0.12546631
v -0.04558097 -0.02444987 0.12800572
v -0.04572121 -0.02363256 0.12833535
v -0.04470941 -0.02401932 0.13006898
v -0.04443893 -0.02358878 0.13076488
v -0.04317668 -0.02336986 0.13307232
v -0.04289618 -0.02287364 0.13367054
v -0.04221497 -0.02277877 0.13473270
v -0.04289618 -0.02153821 0.13390251
v -0.04227508 -0.02153821 0.13481816
v -0.04130334 -0.02033415 0.13620995
v -0.04077240 -0.02033415 0.13694247
v -0.03793735 -0.02280796 0.14016556
v -0.03846829 -0.02280796 0.13956733
v -0.03094489 -0.02156740 0.14679487
v -0.04077240 -0.02157470 0.13693026
v -0.04074235 -0.02239201 0.13688142
v -0.04030156 -0.02280796 0.13735756
v -0.03022360 -0.02033415 0.14733205
v -0.02271022 0.02155284 0.15191031
v -0.02333132 -0.02033415 0.15158067
v -0.02158822 0.02155284 0.15243528
v -0.02015567 0.02155284 0.15305792
v -0.01803188 0.02155284 0.15393695
v -0.01737071 0.02242852 0.15412008
v -0.01410489 0.02274961 0.15515782
v -0.01361401 0.02233366 0.15536536
v -0.01297287 0.02274961 0.15547524
v -0.01259219 0.02363259 0.15538978
v -0.01047843 0.02155284 0.15613451
v -0.00923621 0.02155284 0.15637869
v -0.00833461 0.02155284 0.15653740
v -0.00553963 -0.02156740 0.15690366
v -0.00757325 -0.02231903 0.15658623
v -0.02259000 -0.02277877 0.15183705
v -0.02271022 -0.02156740 0.15189810
v -0.03022360 -0.02156740 0.14731984
v -0.03834808 -0.02369094 0.13943304
v -0.03934986 -0.02434771 0.13790695
v -0.03999101 -0.02516501 0.13647854
v -0.04081247 -0.02477825 0.13569718
v -0.04192445 -0.02458122 0.13431760
v -0.04174413 -0.02536204 0.13384146
v -0.04193447 -0.02585097 0.13307232
v -0.04082249 -0.02598232 0.13450073
v -0.04109297 -0.02625232 0.13371938
v -0.04323679 -0.02595313 0.13076488
v -0.04379779 -0.02650773 0.12878707
v -0.04328688 -0.02719369 0.12837198
v -0.00830455 -0.02156740 0.15653740
v -0.00923621 -0.02156740 0.15637869
v -0.01047843 -0.02156740 0.15612230
v -0.01735067 -0.02235552 0.15412008
v -0.01803188 -0.02156740 0.15393695
v -0.01294282 -0.02156740 0.15554850
v -0.01366410 -0.02156740 0.15537757
v -0.01541723 -0.02156740 0.15480377
v -0.02158822 -0.02156740 0.15243528
v -0.04258563 -0.02859478 0.12500238
v -0.03756669 -0.03175455 0.12387918
v -0.03558315 -0.03319214 0.12264610
v -0.04301640 -0.02824451 0.12534422
v -0.04346720 -0.02732504 0.12759062
v -0.04488973 -0.02745639 0.12387918
v -0.04580136 -0.02723017 0.12240193
v -0.03261787 -0.03668758 0.11403899
v -0.03279819 -0.03673866 0.11278149
v -0.04595162 -0.02728855 0.12141303
v -0.04936771 -0.02588745 0.11344076
v -0.04845609 -0.02615016 0.11644410
v -0.04821566 -0.02597502 0.11865387
v -0.04656271 -0.02682882 0.12141303
v -0.04716379 -0.02621584 0.12140082
v -0.04685323 -0.02582178 0.12313445
v -0.04672300 -0.02559556 0.12387918
v -0.04650261 -0.02520150 0.12507563
v -0.04577130 -0.02484393 0.12717552
v -0.04455915 -0.02488042 0.12966610
v -0.04537059 -0.02402662 0.12875045
v -0.04432873 -0.02441338 0.13049629
v -0.04242534 -0.02412149 0.13384146
v -0.04208474 -0.02376392 0.13453736
v -0.04305647 -0.02402662 0.13288919
v -0.04099279 -0.02267661 0.13647854
v -0.04066220 -0.02322391 0.13675934
v -0.04110299 -0.02153821 0.13647854
v -0.03952017 -0.02352310 0.13812671
v -0.02271022 -0.02033415 0.15191031
v -0.02015567 -0.02033415 0.15305792
v -0.01742079 0.02155284 0.15415670
v -0.01664942 0.02155284 0.15441309
v -0.01367412 0.02155284 0.15537757
v -0.01047843 -0.02033415 0.15613451
v -0.00833461 -0.02033415 0.15653740
v -0.04078242 -0.02350121 0.13647854
v -0.04326684 -0.02477825 0.13201016
v -0.04220495 -0.02503366 0.13348741
v -0.04300638 -0.02559556 0.13155844
v -0.04429868 -0.02569772 0.12918996
v -0.04468938 -0.02617935 0.12757841
v -0.04411836 -0.02682882 0.12745632
v -0.04428866 -0.02699666 0.12667497
v -0.01664942 -0.02033415 0.15441309
v -0.01742079 -0.02033415 0.15415670
v -0.01367412 -0.02033415 0.15537757
v -0.04461925 -0.02726666 0.12511226
v -0.04564107 -0.02709882 0.12323212
v -0.04610190 -0.02637638 0.12387918
v -0.04586146 -0.02614286 0.12511226
v -0.04571120 -0.02595313 0.12583257
v -0.04552086 -0.02566124 0.12667497
v -0.04475950 -0.02525988 0.12878707
v -0.04534054 -0.02682882 0.12467274
f 1 2 7
f 1 7 3
f 1 3 10
f 1 10 4
f 1 4 12
f 1 12 5
f 1 5 8
f 1 8 2
f 2 6 16
f 2 16 7
f 2 8 17
f 2 17 6
f 3 7 19
f 3 19 9
f 3 9 24
f 3 24 10
f 4 10 25
f 4 25 11
f 4 11 29
f 4 29 12
f 5 12 30
f 5 30 13
f 5 13 20
f 5 20 8
f 6 14 15
f 6 15 16
f 6 17 18
f 6 18 14
f 7 16 38
f 7 38 19
f 8 20 39
f 8 39 17
f 9 19 42
f 9 42 21
f 9 21 22
f 9 22 23
f 9 23 24
f 10 24 25
f 11 25 26
f 11 26 27
f 11 27 28
f 11 28 29
f 12 29 30
f 13 30 31
f 13 31 32
f 13 32 43
f 13 43 20
f 14 18 33
f 14 33 34
f 14 34 15
f 15 35 36
f 15 36 37
f 15 37 38
f 15 38 16
f 15 34 35
f 17 39 18
f 18 39 40
f 18 40 41
f 18 41 33
f 19 38 42
f 20 43 44
f 20 44 39
f 21 42 77
f 21 77 45
f 21 45 22
f 22 46 23
f 22 45 47
f 22 47 48
f 22 48 49
f 22 49 50
f 22 50 46
f 23 46 24
f 24 46 25
f 25 46 51
f 25 51 52
f 25 52 26
f 26 52 53
f 26 53 54
f 26 54 27
f 27 54 28
f 28 54 55
f 28 55 56
f 28 56 29
f 29 56 57
f 29 57 58
f 29 58 30
f 30 58 31
f 31 58 59
f 31 59 60
f 31 60 61
f 31 61 32
f 32 61 44
f 32 44 43
f 33 62 63
f 33 63 34
f 33 41 64
f 33 64 65
f 33 65 62
f 34 66 67
f 34 67 35
f 34 63 66
f 35 67 68
f 35 68 36
f 36 68 69
f 36 69 70
f 36 70 71
f 36 71 37
f 37 71 72
f 37 72 42
f 37 42 38
f 39 44 40
f 40 44 73
f 40 73 74
f 40 74 41
f 41 74 75
f 41 75 64
f 42 72 76
f 42 76 77
f 44 61 107
f 44 107 78
f 44 78 79
f 44 79 73
f 45 77 130
f 45 130 80
f 45 80 81
f 45 81 47
f 46 50 51
f 47 81 48
f 48 82 83
f 48 83 50
f 48 50 49
f 48 81 84
f 48 84 85
f 48 85 82
f 50 83 82
f 50 82 86
f 50 86 87
f 50 87 88
f 50 88 89
f 50 89 51
f 51 90 52
f 51 89 90
f 52 90 53
f 53 90 91
f 53 91 92
f 53 92 93
f 53 93 94
f 53 94 95
f 53 95 54
f 54 95 96
f 54 96 97
f 54 97 98
f 54 98 55
f 55 98 99
f 55 99 100
f 55 100 101
f 55 101 56
f 56 101 100
f 56 100 102
f 56 102 57
f 57 102 103
f 57 103 58
f 58 104 105
f 58 105 106
f 58 106 59
f 58 103 104
f 59 106 60
f 60 107 61
f 60 106 108
f 60 108 109
f 60 109 110
f 60 110 107
f 62 65 111
f 62 111 112
f 62 112 63
f 63 112 113
f 63 113 114
f 63 114 66
f 64 75 115
f 64 115 111
f 64 111 65
f 66 114 67
f 67 116 117
f 67 117 68
f 67 114 116
f 68 117 69
f 69 117 118
f 69 118 119
f 69 119 70
f 70 119 120
f 70 120 121
f 70 121 71
f 71 121 122
f 71 122 72
f 72 122 123
f 72 123 76
f 73 79 74
f 74 79 124
f 74 124 125
f 74 125 126
f 74 126 127
f 74 127 75
f 75 127 128
f 75 128 115
f 76 123 129
f 76 129 77
f 77 129 130
f 78 107 110
f 78 110 131
f 78 131 132
f 78 132 79
f 79 132 133
f 79 133 134
f 79 134 124
f 80 130 183
f 80 183 135
f 80 135 136
f 80 136 81
f 81 136 84
f 82 85 86
f 84 137 85
f 84 136 187
f 84 187 138
f 84 138 139
f 84 139 140
f 84 140 137
f 85 137 86
f 86 137 141
f 86 141 87
f 87 141 142
f 87 142 88
f 88 142 143
f 88 143 89
f 89 92 91
f 89 91 90
f 89 143 144
f 89 144 92
f 92 144 145
f 92 145 93
f 93 145 94
f 94 145 95
f 95 145 146
f 95 146 96
f 96 146 97
f 97 146 147
f 97 147 98
f 98 147 148
f 98 148 99
f 99 102 100
f 99 148 149
f 99 149 150
f 99 150 102
f 102 150 151
f 102 151 152
f 102 152 153
f 102 153 103
f 103 153 104
f 104 153 105
f 105 153 154
f 105 154 155
f 105 155 156
f 105 156 106
f 106 156 157
f 106 157 108
f 108 158 132
f 108 132 109
f 108 157 213
f 108 213 159
f 108 159 214
f 108 214 158
f 109 132 131
f 109 131 110
f 111 115 160
f 111 160 161
f 111 161 112
f 112 162 113
f 112 161 162
f 113 162 163
f 113 163 164
f 113 164 114
f 114 165 116
f 114 164 166
f 114 166 165
f 115 167 160
f 115 128 167
f 116 165 168
f 116 168 117
f 117 168 169
f 117 169 170
f 117 170 118
f 118 170 171
f 118 171 119
f 119 171 172
f 119 172 173
f 119 173 120
f 120 173 174
f 120 174 175
f 120 175 176
f 120 176 121
f 121 176 122
f 122 176 177
f 122 177 178
f 122 178 123
f 123 178 129
f 124 134 125
f 125 179 180
f 125 180 126
f 125 134 181
f 125 181 179
f 126 180 128
f 126 128 127
f 128 180 182
f 128 182 167
f 129 178 183
f 129 183 130
f 132 158 133
f 133 158 214
f 133 214 184
f 133 184 185
f 133 185 134
f 134 185 181
f 135 183 246
f 135 246 186
f 135 186 187
f 135 187 136
f 137 188 189
f 137 189 141
f 137 140 188
f 138 187 190
f 138 190 191
f 138 191 139
f 139 191 192
f 139 192 140
f 140 192 193
f 140 193 188
f 141 189 142
f 142 189 194
f 142 194 195
f 142 195 143
f 143 195 144
f 144 195 145
f 145 195 196
f 145 196 146
f 146 196 147
f 147 197 148
f 147 196 197
f 148 198 149
f 148 197 198
f 149 199 200
f 149 200 201
f 149 201 150
f 149 198 199
f 150 201 151
f 151 201 202
f 151 202 203
f 151 203 152
f 152 204 153
f 152 203 205
f 152 205 206
f 152 206 207
f 152 207 204
f 153 204 154
f 154 204 155
f 155 208 156
f 155 204 207
f 155 207 209
f 155 209 210
f 155 210 211
f 155 211 212
f 155 212 208
f 156 208 213
f 156 213 157
f 159 213 215
f 159 215 288
f 159 288 214
f 160 216 217
f 160 217 161
f 160 167 218
f 160 218 219
f 160 219 216
f 161 217 220
f 161 220 162
f 162 220 164
f 162 164 163
f 164 220 221
f 164 221 166
f 165 166 222
f 165 222 168
f 166 221 222
f 167 182 223
f 167 223 218
f 168 222 224
f 168 224 170
f 168 170 169
f 170 224 171
f 171 224 225
f 171 225 226
f 171 226 227
f 171 227 228
f 171 228 173
f 171 173 172
f 173 229 175
f 173 175 174
f 173 228 230
f 173 230 231
f 173 231 232
f 173 232 229
f 175 177 176
f 175 229 233
f 175 233 234
f 175 234 177
f 177 234 235
f 177 235 236
f 177 236 178
f 178 236 183
f 179 181 237
f 179 237 238
f 179 238 239
f 179 239 240
f 179 240 180
f 180 240 241
f 180 241 242
f 180 242 182
f 181 243 244
f 181 244 238
f 181 238 237
f 181 185 243
f 182 242 223
f 183 236 245
f 183 245 246
f 184 214 247
f 184 247 185
f 185 247 243
f 186 246 321
f 186 321 248
f 186 248 187
f 187 248 249
f 187 249 190
f 188 193 250
f 188 250 189
f 189 250 251
f 189 251 194
f 190 249 252
f 190 252 253
f 190 253 254
f 190 254 191
f 191 254 255
f 191 255 192
f 192 250 193
f 192 255 250
f 194 256 257
f 194 257 258
f 194 258 259
f 194 259 260
f 194 260 261
f 194 261 262
f 194 262 195
f 194 251 250
f 194 250 256
f 195 263 265
f 195 265 196
f 195 262 264
f 195 264 263
f 196 265 266
f 196 266 197
f 197 266 267
f 197 267 198
f 198 267 268
f 198 268 199
f 199 268 200
f 200 269 202
f 200 202 201
f 200 268 269
f 202 269 270
f 202 270 271
f 202 271 272
f 202 272 203
f 203 273 274
f 203 274 205
f 203 272 275
f 203 275 273
f 205 207 206
f 205 274 276
f 205 276 277
f 205 277 207
f 207 277 278
f 207 278 279
f 207 279 280
f 207 280 210
f 207 210 209
f 208 212 211
f 208 211 281
f 208 281 213
f 210 282 211
f 210 280 283
f 210 283 284
f 210 284 282
f 211 282 285
f 211 285 286
f 211 286 287
f 211 287 281
f 213 281 287
f 213 287 215
f 214 288 247
f 215 287 289
f 215 289 247
f 215 247 288
f 216 219 290
f 216 290 291
f 216 291 292
f 216 292 293
f 216 293 220
f 216 220 217
f 218 294 219
f 218 223 240
f 218 240 295
f 218 295 296
f 218 296 297
f 218 297 294
f 219 294 298
f 219 298 290
f 220 293 221
f 221 293 299
f 221 299 222
f 222 299 224
f 223 242 240
f 224 299 300
f 224 300 225
f 225 300 301
f 225 301 227
f 225 227 226
f 227 301 302
f 227 302 228
f 228 303 304
f 228 304 230
f 228 302 305
f 228 305 303
f 229 232 233
f 230 304 306
f 230 306 232
f 230 232 231
f 232 307 308
f 232 308 234
f 232 234 233
f 232 306 307
f 234 308 309
f 234 309 235
f 235 309 310
f 235 310 236
f 236 310 311
f 236 311 245
f 238 244 312
f 238 312 313
f 238 313 314
f 238 314 239
f 239 315 316
f 239 316 240
f 239 314 317
f 239 317 315
f 240 316 318
f 240 318 295
f 240 242 241
f 243 247 244
f 244 319 312
f 244 247 319
f 245 311 320
f 245 320 321
f 245 321 246
f 247 289 322
f 247 322 319
f 248 321 425
f 248 425 323
f 248 323 252
f 248 252 249
f 250 255 324
f 250 324 257
f 250 257 256
f 252 323 253
f 253 325 326
f 253 326 327
f 253 327 328
f 253 328 254
f 253 323 325
f 254 328 329
f 254 329 255
f 255 329 324
f 257 330 331
f 257 331 332
f 257 332 333
f 257 333 258
f 257 324 330
f 258 333 259
f 259 333 334
f 259 334 335
f 259 335 336
f 259 336 260
f 260 336 337
f 260 337 261
f 261 338 262
f 261 337 339
f 261 339 338
f 262 338 340
f 262 340 264
f 263 341 350
f 263 350 265
f 263 264 342
f 263 342 343
f 263 343 344
f 263 344 345
f 263 345 346
f 263 346 347
f 263 347 348
f 263 348 341
f 264 340 349
f 264 349 342
f 265 350 266
f 266 351 352
f 266 352 353
f 266 353 267
f 266 350 351
f 267 353 268
f 268 353 354
f 268 354 269
f 269 354 270
f 270 354 271
f 271 354 355
f 271 355 356
f 271 356 272
f 272 356 275
f 273 275 357
f 273 357 358
f 273 358 359
f 273 359 360
f 273 360 361
f 273 361 274
f 274 361 362
f 274 362 276
f 275 356 357
f 276 362 363
f 276 363 364
f 276 364 277
f 277 364 365
f 277 365 279
f 277 279 278
f 279 365 283
f 279 283 280
f 282 366 285
f 282 284 367
f 282 367 366
f 283 365 368
f 283 368 369
f 283 369 284
f 284 369 370
f 284 370 371
f 284 371 372
f 284 372 367
f 285 366 367
f 285 367 373
f 285 373 374
f 285 374 286
f 286 322 287
f 286 374 375
f 286 375 376
f 286 376 322
f 287 322 289
f 290 298 377
f 290 377 291
f 291 377 378
f 291 378 292
f 292 378 379
f 292 379 380
f 292 380 381
f 292 381 293
f 293 381 389
f 293 389 299
f 294 382 298
f 294 297 383
f 294 383 384
f 294 384 385
f 294 385 382
f 295 318 386
f 295 386 296
f 296 386 297
f 297 386 387
f 297 387 388
f 297 388 383
f 298 382 377
f 299 389 390
f 299 390 301
f 299 301 300
f 301 390 391
f 301 391 392
f 301 392 393
f 301 393 302
f 302 394 305
f 302 393 395
f 302 395 394
f 303 305 396
f 303 396 397
f 303 397 398
f 303 398 399
f 303 399 304
f 304 399 400
f 304 400 401
f 304 401 402
f 304 402 403
f 304 403 306
f 305 394 396
f 306 403 404
f 306 404 405
f 306 405 307
f 307 405 404
f 307 404 406
f 307 406 407
f 307 407 408
f 307 408 308
f 308 408 309
f 309 409 310
f 309 408 410
f 309 410 409
f 310 409 410
f 310 410 411
f 310 411 412
f 310 412 311
f 311 412 413
f 311 413 320
f 312 319 414
f 312 414 415
f 312 415 416
f 312 416 313
f 313 416 417
f 313 417 418
f 313 418 419
f 313 419 314
f 314 419 317
f 315 317 420
f 315 420 316
f 316 420 318
f 317 419 418
f 317 418 421
f 317 421 422
f 317 422 423
f 317 423 420
f 318 420 386
f 319 322 424
f 319 424 414
f 320 413 321
f 321 413 425
f 322 376 426
f 322 426 424
f 323 425 427
f 323 427 325
f 324 329 428
f 324 428 330
f 325 429 327
f 325 327 326
f 325 427 430
f 325 430 535
f 325 535 431
f 325 431 432
f 325 432 433
f 325 433 434
f 325 434 429
f 327 429 435
f 327 435 436
f 327 436 328
f 328 436 437
f 328 437 329
f 329 437 436
f 329 436 428
f 330 428 331
f 331 428 438
f 331 438 439
f 331 439 440
f 331 440 332
f 332 440 441
f 332 441 442
f 332 442 443
f 332 443 334
f 332 334 333
f 334 443 335
f 335 443 444
f 335 444 336
f 336 444 445
f 336 445 446
f 336 446 447
f 336 447 337
f 337 447 339
f 338 339 340
f 339 447 340
f 340 447 448
f 340 448 349
f 341 449 461
f 341 461 350
f 341 348 450
f 341 450 451
f 341 451 452
f 341 452 449
f 342 349 444
f 342 444 343
f 343 444 453
f 343 453 454
f 343 454 344
f 344 454 455
f 344 455 456
f 344 456 457
f 344 457 346
f 344 346 345
f 346 457 458
f 346 458 459
f 346 459 460
f 346 460 347
f 347 460 348
f 348 460 450
f 349 448 444
f 350 461 351
f 351 461 352
f 352 461 353
f 353 461 462
f 353 462 354
f 354 462 463
f 354 463 464
f 354 464 355
f 355 465 356
f 355 464 466
f 355 466 467
f 355 467 465
f 356 465 357
f 357 465 358
f 358 465 467
f 358 467 468
f 358 468 359
f 359 468 360
f 360 468 361
f 361 469 470
f 361 470 363
f 361 363 362
f 361 468 469
f 363 470 471
f 363 471 472
f 363 472 364
f 364 472 473
f 364 473 365
f 365 473 582
f 365 582 474
f 365 474 368
f 367 372 373
f 368 475 369
f 368 474 476
f 368 476 475
f 369 475 370
f 370 475 477
f 370 477 478
f 370 478 371
f 371 478 479
f 371 479 480
f 371 480 481
f 371 481 482
f 371 482 372
f 372 482 373
f 373 482 483
f 373 483 484
f 373 484 374
f 374 485 376
f 374 376 375
f 374 484 485
f 376 485 484
f 376 484 486
f 376 486 487
f 376 487 426
f 377 382 378
f 378 488 379
f 378 382 489
f 378 489 490
f 378 490 491
f 378 491 488
f 379 488 380
f 380 488 492
f 380 492 603
f 380 603 707
f 380 707 826
f 380 826 949
f 380 949 1054
f 380 1054 1151
f 380 1151 1262
f 380 1262 1381
f 380 1381 1510
f 380 1510 1627
f 380 1627 1776
f 380 1776 1938
f 380 1938 2103
f 380 2103 2266
f 380 2266 2417
f 380 2417 2428
f 380 2428 2280
f 380 2280 2116
f 380 2116 1953
f 380 1953 1790
f 380 1790 1643
f 380 1643 1521
f 380 1521 1392
f 380 1392 1272
f 380 1272 1162
f 380 1162 1065
f 380 1065 959
f 380 959 841
f 380 841 716
f 380 716 613
f 380 613 500
f 380 500 392
f 380 392 389
f 380 389 381
f 382 385 493
f 382 493 489
f 383 385 384
f 383 388 494
f 383 494 385
f 385 494 495
f 385 495 493
f 386 420 496
f 386 496 497
f 386 497 498
f 386 498 388
f 386 388 387
f 388 498 499
f 388 499 494
f 389 392 390
f 390 392 391
f 392 500 501
f 392 501 393
f 393 501 502
f 393 502 395
f 394 395 396
f 395 502 503
f 395 503 504
f 395 504 396
f 396 504 397
f 397 504 398
f 398 505 506
f 398 506 399
f 398 504 505
f 399 506 507
f 399 507 400
f 400 507 401
f 401 507 508
f 401 508 509
f 401 509 510
f 401 510 511
f 401 511 512
f 401 512 402
f 402 512 404
f 402 404 403
f 404 512 511
f 404 511 513
f 404 513 406
f 406 514 515
f 406 515 407
f 406 513 516
f 406 516 514
f 407 515 408
f 408 515 410
f 410 515 514
f 410 514 517
f 410 517 411
f 411 517 518
f 411 518 519
f 411 519 413
f 411 413 412
f 413 519 427
f 413 427 425
f 414 416 415
f 414 424 520
f 414 520 521
f 414 521 522
f 414 522 523
f 414 523 524
f 414 524 416
f 416 524 523
f 416 523 417
f 417 523 525
f 417 525 526
f 417 526 527
f 417 527 421
f 417 421 418
f 420 423 496
f 421 527 422
f 422 528 423
f 422 527 529
f 422 529 530
f 422 530 528
f 423 528 496
f 424 426 487
f 424 487 520
f 427 519 531
f 427 531 430
f 428 436 532
f 428 532 438
f 429 533 435
f 429 434 533
f 430 531 534
f 430 534 535
f 431 535 647
f 431 647 536
f 431 536 537
f 431 537 432
f 432 537 538
f 432 538 433
f 433 538 539
f 433 539 540
f 433 540 434
f 434 540 541
f 434 541 542
f 434 542 532
f 434 532 435
f 434 435 533
f 435 532 436
f 438 440 439
f 438 532 543
f 438 543 544
f 438 544 545
f 438 545 546
f 438 546 547
f 438 547 548
f 438 548 441
f 438 441 440
f 441 548 549
f 441 549 550
f 441 550 551
f 441 551 443
f 441 443 442
f 443 551 444
f 444 551 550
f 444 550 552
f 444 552 553
f 444 553 554
f 444 554 453
f 444 448 445
f 445 448 447
f 445 447 446
f 449 452 558
f 449 558 668
f 449 668 782
f 449 782 905
f 449 905 1017
f 449 1017 1117
f 449 1117 1227
f 449 1227 1226
f 449 1226 1337
f 449 1337 1462
f 449 1462 1463
f 449 1463 1338
f 449 1338 1228
f 449 1228 1119
f 449 1119 1019
f 449 1019 912
f 449 912 790
f 449 790 678
f 449 678 570
f 449 570 568
f 449 568 461
f 450 460 555
f 450 555 556
f 450 556 557
f 450 557 452
f 450 452 451
f 452 557 662
f 452 662 558
f 453 554 559
f 453 559 454
f 454 560 561
f 454 561 562
f 454 562 455
f 454 559 554
f 454 554 560
f 455 562 563
f 455 563 456
f 456 563 564
f 456 564 457
f 457 564 458
f 458 564 565
f 458 565 566
f 458 566 459
f 459 555 460
f 459 566 567
f 459 567 555
f 461 568 463
f 461 463 462
f 463 569 464
f 463 568 570
f 463 570 571
f 463 571 569
f 464 569 572
f 464 572 466
f 466 573 574
f 466 574 575
f 466 575 468
f 466 468 467
f 466 572 573
f 468 575 576
f 468 576 469
f 469 576 577
f 469 577 578
f 469 578 579
f 469 579 471
f 469 471 470
f 471 580 472
f 471 579 581
f 471 581 580
f 472 580 582
f 472 582 473
f 474 582 476
f 475 476 583
f 475 583 477
f 476 582 584
f 476 584 585
f 476 585 586
f 476 586 583
f 477 583 478
f 478 583 586
f 478 586 587
f 478 587 479
f 479 587 588
f 479 588 589
f 479 589 480
f 480 590 591
f 480 591 482
f 480 482 481
f 480 589 590
f 482 591 592
f 482 592 483
f 483 593 484
f 483 592 594
f 483 594 593
f 484 593 486
f 486 595 520
f 486 520 487
f 486 593 700
f 486 700 595
f 488 491 492
f 489 596 597
f 489 597 598
f 489 598 599
f 489 599 600
f 489 600 490
f 489 493 495
f 489 495 601
f 489 601 596
f 490 600 491
f 491 600 602
f 491 602 603
f 491 603 492
f 494 499 604
f 494 604 605
f 494 605 606
f 494 606 495
f 495 606 605
f 495 605 601
f 496 528 607
f 496 607 497
f 497 607 608
f 497 608 609
f 497 609 498
f 498 609 499
f 499 610 604
f 499 609 608
f 499 608 611
f 499 611 612
f 499 612 610
f 500 613 501
f 501 613 502
f 502 613 614
f 502 614 615
f 502 615 503
f 503 615 504
f 504 615 616
f 504 616 617
f 504 617 618
f 504 618 619
f 504 619 505
f 505 619 620
f 505 620 508
f 505 508 507
f 505 507 506
f 508 620 621
f 508 621 622
f 508 622 509
f 509 622 623
f 509 623 624
f 509 624 625
f 509 625 626
f 509 626 627
f 509 627 510
f 510 627 511
f 511 628 513
f 511 627 629
f 511 629 630
f 511 630 631
f 511 631 628
f 513 628 516
f 514 516 628
f 514 628 632
f 514 632 517
f 517 632 633
f 517 633 518
f 518 633 634
f 518 634 635
f 518 635 519
f 519 534 531
f 519 635 636
f 519 636 637
f 519 637 638
f 519 638 535
f 519 535 534
f 520 595 522
f 520 522 521
f 522 595 700
f 522 700 639
f 522 639 525
f 522 525 523
f 525 639 640
f 525 640 641
f 525 641 526
f 526 641 642
f 526 642 527
f 527 642 529
f 528 530 607
f 529 607 530
f 529 642 643
f 529 643 644
f 529 644 645
f 529 645 607
f 532 542 543
f 535 638 646
f 535 646 647
f 536 647 756
f 536 756 648
f 536 648 649
f 536 649 537
f 537 649 538
f 538 649 650
f 538 650 539
f 539 650 651
f 539 651 540
f 540 651 541
f 541 651 652
f 541 652 653
f 541 653 654
f 541 654 542
f 542 654 546
f 542 546 545
f 542 545 543
f 543 545 544
f 546 654 655
f 546 655 656
f 546 656 547
f 547 656 548
f 548 656 549
f 549 656 552
f 549 552 550
f 552 656 657
f 552 657 658
f 552 658 659
f 552 659 560
f 552 560 553
f 553 560 554
f 555 567 556
f 556 660 662
f 556 662 557
f 556 567 661
f 556 661 771
f 556 771 660
f 558 662 663
f 558 663 664
f 558 664 665
f 558 665 666
f 558 666 667
f 558 667 668
f 560 659 669
f 560 669 561
f 561 563 562
f 561 669 670
f 561 670 671
f 561 671 563
f 563 671 672
f 563 672 564
f 564 672 673
f 564 673 565
f 565 673 674
f 565 674 675
f 565 675 676
f 565 676 566
f 566 676 567
f 567 676 677
f 567 677 661
f 569 571 572
f 570 678 679
f 570 679 571
f 571 679 680
f 571 680 681
f 571 681 572
f 572 681 682
f 572 682 573
f 573 682 683
f 573 683 574
f 574 683 577
f 574 577 575
f 575 577 576
f 577 683 581
f 577 581 579
f 577 579 578
f 580 684 584
f 580 584 582
f 580 581 685
f 580 685 686
f 580 686 687
f 580 687 688
f 580 688 684
f 581 686 685
f 581 683 686
f 584 684 585
f 585 684 586
f 586 684 689
f 586 689 587
f 587 689 690
f 587 690 588
f 588 690 691
f 588 691 589
f 589 692 693
f 589 693 694
f 589 694 590
f 589 691 695
f 589 695 692
f 590 696 697
f 590 697 591
f 590 694 698
f 590 698 696
f 591 697 594
f 591 594 592
f 593 594 699
f 593 699 700
f 594 697 701
f 594 701 640
f 594 640 699
f 596 702 598
f 596 598 597
f 596 601 702
f 598 702 599
f 599 702 703
f 599 703 704
f 599 704 705
f 599 705 600
f 600 705 706
f 600 706 602
f 601 605 604
f 601 604 702
f 602 706 603
f 603 706 707
f 604 703 702
f 604 610 703
f 607 645 608
f 608 645 611
f 610 708 703
f 610 612 709
f 610 709 708
f 611 710 711
f 611 711 712
f 611 712 713
f 611 713 714
f 611 714 715
f 611 715 612
f 611 645 710
f 612 715 709
f 613 716 717
f 613 717 614
f 614 717 718
f 614 718 615
f 615 718 719
f 615 719 720
f 615 720 721
f 615 721 722
f 615 722 723
f 615 723 616
f 616 723 617
f 617 723 724
f 617 724 619
f 617 619 618
f 619 724 620
f 620 724 725
f 620 725 621
f 621 726 622
f 621 725 726
f 622 727 728
f 622 728 729
f 622 729 624
f 622 624 623
f 622 726 727
f 624 730 625
f 624 729 731
f 624 731 732
f 624 732 733
f 624 733 734
f 624 734 735
f 624 735 730
f 625 730 626
f 626 629 627
f 626 730 629
f 628 633 632
f 628 631 736
f 628 736 737
f 628 737 633
f 629 730 738
f 629 738 630
f 630 738 736
f 630 736 631
f 633 737 634
f 634 739 635
f 634 737 740
f 634 740 636
f 634 636 739
f 635 739 636
f 636 741 742
f 636 742 743
f 636 743 637
f 636 740 741
f 637 743 744
f 637 744 745
f 637 745 638
f 638 745 646
f 639 700 699
f 639 699 640
f 640 701 746
f 640 746 641
f 641 746 747
f 641 747 642
f 642 747 748
f 642 748 749
f 642 749 750
f 642 750 643
f 643 750 644
f 644 750 751
f 644 751 752
f 644 752 753
f 644 753 710
f 644 710 645
f 646 745 754
f 646 754 755
f 646 755 647
f 647 755 756
f 648 756 877
f 648 877 757
f 648 757 758
f 648 758 649
f 649 758 759
f 649 759 650
f 650 759 651
f 651 759 760
f 651 760 761
f 651 761 762
f 651 762 763
f 651 763 652
f 652 763 653
f 653 763 764
f 653 764 655
f 653 655 654
f 655 764 765
f 655 765 656
f 656 765 657
f 657 765 658
f 658 765 766
f 658 766 767
f 658 767 768
f 658 768 659
f 659 768 769
f 659 769 669
f 660 770 663
f 660 663 662
f 660 771 772
f 660 772 770
f 661 677 789
f 661 789 771
f 663 770 664
f 664 770 773
f 664 773 774
f 664 774 665
f 665 774 775
f 665 775 776
f 665 776 777
f 665 777 778
f 665 778 666
f 666 778 779
f 666 779 667
f 667 779 780
f 667 780 781
f 667 781 668
f 668 781 901
f 668 901 782
f 669 769 670
f 670 783 784
f 670 784 674
f 670 674 785
f 670 785 671
f 670 769 768
f 670 768 783
f 671 785 672
f 672 785 673
f 673 785 674
f 674 783 786
f 674 786 787
f 674 787 788
f 674 788 675
f 674 784 783
f 675 788 676
f 676 788 677
f 677 788 909
f 677 909 789
f 678 790 791
f 678 791 679
f 679 791 680
f 680 792 681
f 680 791 793
f 680 793 794
f 680 794 792
f 681 792 682
f 682 792 795
f 682 795 796
f 682 796 687
f 682 687 683
f 683 687 686
f 684 688 689
f 687 796 797
f 687 797 798
f 687 798 799
f 687 799 800
f 687 800 688
f 688 801 802
f 688 802 803
f 688 803 804
f 688 804 805
f 688 805 689
f 688 800 801
f 689 805 806
f 689 806 807
f 689 807 808
f 689 808 690
f 690 808 809
f 690 809 810
f 690 810 691
f 691 810 811
f 691 811 695
f 692 812 698
f 692 698 693
f 692 695 813
f 692 813 814
f 692 814 815
f 692 815 812
f 693 698 694
f 695 816 814
f 695 814 817
f 695 817 813
f 695 811 810
f 695 810 818
f 695 818 816
f 696 819 701
f 696 701 697
f 696 698 820
f 696 820 819
f 698 812 937
f 698 937 820
f 701 819 868
f 701 868 746
f 703 708 704
f 704 708 821
f 704 821 705
f 705 821 822
f 705 822 823
f 705 823 824
f 705 824 706
f 706 824 825
f 706 825 707
f 707 825 826
f 708 709 827
f 708 827 822
f 708 822 821
f 709 715 828
f 709 828 829
f 709 829 827
f 710 753 830
f 710 830 713
f 710 713 712
f 710 712 711
f 713 831 832
f 713 832 833
f 713 833 834
f 713 834 714
f 713 830 835
f 713 835 831
f 714 834 836
f 714 836 715
f 715 836 837
f 715 837 828
f 716 838 839
f 716 839 840
f 716 840 717
f 716 841 838
f 717 840 842
f 717 842 718
f 718 842 719
f 719 842 840
f 719 840 843
f 719 843 720
f 720 843 844
f 720 844 845
f 720 845 846
f 720 846 721
f 721 846 847
f 721 847 722
f 722 847 848
f 722 848 723
f 723 848 725
f 723 725 724
f 725 848 728
f 725 728 726
f 726 728 727
f 728 849 850
f 728 850 851
f 728 851 852
f 728 852 729
f 728 848 847
f 728 847 846
f 728 846 849
f 729 852 853
f 729 853 731
f 730 735 854
f 730 854 738
f 731 853 855
f 731 855 732
f 732 855 856
f 732 856 733
f 733 856 857
f 733 857 858
f 733 858 734
f 734 858 735
f 735 858 859
f 735 859 860
f 735 860 736
f 735 736 854
f 736 861 740
f 736 740 737
f 736 738 854
f 736 860 862
f 736 862 863
f 736 863 861
f 740 861 862
f 740 862 741
f 741 862 860
f 741 860 864
f 741 864 742
f 742 865 866
f 742 866 867
f 742 867 743
f 742 864 865
f 743 867 744
f 744 754 745
f 744 867 754
f 746 868 747
f 747 868 869
f 747 869 749
f 747 749 748
f 749 869 870
f 749 870 871
f 749 871 872
f 749 872 751
f 749 751 750
f 751 872 752
f 752 830 753
f 752 872 873
f 752 873 831
f 752 831 874
f 752 874 835
f 752 835 830
f 754 867 875
f 754 875 755
f 755 875 876
f 755 876 756
f 756 876 877
f 757 877 981
f 757 981 1077
f 757 1077 1076
f 757 1076 1169
f 757 1169 1276
f 757 1276 1397
f 757 1397 1524
f 757 1524 1648
f 757 1648 1525
f 757 1525 1398
f 757 1398 1277
f 757 1277 1172
f 757 1172 1118
f 757 1118 1018
f 757 1018 909
f 757 909 788
f 757 788 787
f 757 787 786
f 757 786 908
f 757 908 878
f 757 878 758
f 758 878 759
f 759 878 761
f 759 761 760
f 761 878 879
f 761 879 762
f 762 879 880
f 762 880 764
f 762 764 763
f 764 880 768
f 764 768 766
f 764 766 765
f 766 768 767
f 768 880 879
f 768 879 881
f 768 881 783
f 770 772 773
f 771 789 772
f 772 789 882
f 772 882 883
f 772 883 773
f 773 883 884
f 773 884 774
f 774 884 885
f 774 885 775
f 775 885 886
f 775 886 887
f 775 887 888
f 775 888 776
f 776 888 889
f 776 889 890
f 776 890 891
f 776 891 777
f 777 892 778
f 777 891 893
f 777 893 892
f 778 892 894
f 778 894 895
f 778 895 896
f 778 896 897
f 778 897 779
f 779 897 898
f 779 898 899
f 779 899 780
f 780 899 900
f 780 900 781
f 781 900 1008
f 781 1008 901
f 782 902 903
f 782 903 904
f 782 904 905
f 782 901 906
f 782 906 907
f 782 907 902
f 783 881 786
f 786 881 908
f 789 909 910
f 789 910 982
f 789 982 882
f 790 911 791
f 790 912 913
f 790 913 911
f 791 911 793
f 792 794 914
f 792 914 795
f 793 914 794
f 793 911 915
f 793 915 916
f 793 916 917
f 793 917 918
f 793 918 914
f 795 919 796
f 795 914 920
f 795 920 921
f 795 921 922
f 795 922 919
f 796 919 923
f 796 923 797
f 797 923 798
f 798 800 799
f 798 923 924
f 798 924 800
f 800 924 925
f 800 925 801
f 801 925 926
f 801 926 927
f 801 927 802
f 802 927 803
f 803 927 926
f 803 926 928
f 803 928 804
f 804 928 929
f 804 929 930
f 804 930 805
f 805 930 806
f 806 928 931
f 806 931 932
f 806 932 807
f 806 930 929
f 806 929 928
f 807 809 808
f 807 932 933
f 807 933 809
f 809 933 932
f 809 932 934
f 809 934 810
f 810 934 935
f 810 935 936
f 810 936 818
f 812 815 940
f 812 940 937
f 813 817 814
f 814 816 938
f 814 938 939
f 814 939 815
f 815 939 1043
f 815 1043 940
f 816 818 941
f 816 941 938
f 818 936 941
f 819 820 868
f 820 869 868
f 820 937 940
f 820 940 871
f 820 871 869
f 822 827 823
f 823 942 829
f 823 829 943
f 823 943 944
f 823 944 945
f 823 945 946
f 823 946 824
f 823 827 942
f 824 946 825
f 825 946 947
f 825 947 948
f 825 948 949
f 825 949 826
f 827 829 942
f 828 837 943
f 828 943 829
f 831 835 874
f 831 873 950
f 831 950 951
f 831 951 832
f 832 952 953
f 832 953 954
f 832 954 833
f 832 951 952
f 833 836 834
f 833 954 955
f 833 955 836
f 836 955 944
f 836 944 943
f 836 943 837
f 838 956 957
f 838 957 839
f 838 841 958
f 838 958 956
f 839 957 844
f 839 844 843
f 839 843 840
f 841 959 960
f 841 960 961
f 841 961 958
f 844 957 845
f 845 957 962
f 845 962 846
f 846 962 963
f 846 963 850
f 846 850 849
f 850 963 964
f 850 964 965
f 850 965 851
f 851 965 852
f 852 965 966
f 852 966 967
f 852 967 853
f 853 967 855
f 855 967 856
f 856 968 969
f 856 969 857
f 856 967 970
f 856 970 971
f 856 971 972
f 856 972 968
f 857 969 858
f 858 969 859
f 859 969 865
f 859 865 864
f 859 864 860
f 861 863 862
f 865 969 973
f 865 973 866
f 866 973 867
f 867 974 975
f 867 975 976
f 867 976 875
f 867 973 974
f 869 871 870
f 871 940 977
f 871 977 978
f 871 978 979
f 871 979 873
f 871 873 872
f 873 979 978
f 873 978 980
f 873 980 950
f 875 975 981
f 875 981 876
f 875 976 975
f 876 981 877
f 878 908 879
f 879 908 881
f 882 982 983
f 882 983 883
f 883 983 884
f 884 983 984
f 884 984 885
f 885 984 886
f 886 985 887
f 886 984 985
f 887 985 986
f 887 986 888
f 888 986 987
f 888 987 988
f 888 988 989
f 888 989 990
f 888 990 991
f 888 991 992
f 888 992 889
f 889 992 993
f 889 993 890
f 890 993 994
f 890 994 891
f 891 995 893
f 891 994 996
f 891 996 997
f 891 997 995
f 892 998 999
f 892 999 894
f 892 893 995
f 892 995 1000
f 892 1000 1001
f 892 1001 998
f 894 999 895
f 895 999 896
f 896 999 1002
f 896 1002 897
f 897 1002 1003
f 897 1003 1004
f 897 1004 898
f 898 1004 1005
f 898 1005 899
f 899 1005 1006
f 899 1006 900
f 900 1006 1007
f 900 1007 1008
f 901 1008 1009
f 901 1009 906
f 902 907 1009
f 902 1009 1010
f 902 1010 1011
f 902 1011 1012
f 902 1012 903
f 903 1012 904
f 904 1013 1014
f 904 1014 1015
f 904 1015 1016
f 904 1016 1017
f 904 1017 905
f 904 1012 1013
f 906 1009 907
f 909 1018 910
f 910 1018 982
f 911 913 915
f 912 1019 1020
f 912 1020 913
f 913 1020 1021
f 913 1021 916
f 913 916 915
f 914 918 1022
f 914 1022 1023
f 914 1023 1024
f 914 1024 1025
f 914 1025 920
f 916 1021 1026
f 916 1026 1027
f 916 1027 1028
f 916 1028 917
f 917 1028 918
f 918 1028 1029
f 918 1029 1030
f 918 1030 1031
f 918 1031 1022
f 919 922 1032
f 919 1032 923
f 920 1025 921
f 921 1025 922
f 922 1025 1024
f 922 1024 924
f 922 924 1033
f 922 1033 923
f 922 923 1032
f 923 1033 924
f 924 926 925
f 924 1024 926
f 926 1024 1023
f 926 1023 1034
f 926 1034 928
f 928 1035 1036
f 928 1036 931
f 928 1034 1031
f 928 1031 1037
f 928 1037 1035
f 931 1036 1038
f 931 1038 1039
f 931 1039 932
f 932 1039 934
f 934 1039 935
f 935 1039 1040
f 935 1040 936
f 936 1040 941
f 938 1041 1043
f 938 1043 939
f 938 941 1042
f 938 1042 1138
f 938 1138 1041
f 940 1043 1044
f 940 1044 977
f 941 1040 1045
f 941 1045 1046
f 941 1046 1042
f 944 1047 1048
f 944 1048 1049
f 944 1049 945
f 944 955 1050
f 944 1050 1051
f 944 1051 1047
f 945 1049 1047
f 945 1047 1052
f 945 1052 947
f 945 947 946
f 947 1052 948
f 948 1052 1053
f 948 1053 949
f 949 1053 1054
f 950 980 1055
f 950 1055 951
f 951 1055 952
f 952 1056 1057
f 952 1057 953
f 952 1055 1058
f 952 1058 1056
f 953 955 954
f 953 1057 1059
f 953 1059 1060
f 953 1060 955
f 955 1060 1050
f 956 958 1061
f 956 1061 962
f 956 962 957
f 958 961 1061
f 959 1062 1063
f 959 1063 1064
f 959 1064 960
f 959 1065 1066
f 959 1066 1062
f 960 1064 961
f 961 1064 1067
f 961 1067 1061
f 962 1068 1069
f 962 1069 963
f 962 1061 1070
f 962 1070 1068
f 963 1069 1071
f 963 1071 964
f 964 1071 1072
f 964 1072 965
f 965 1072 966
f 966 1072 1073
f 966 1073 967
f 967 1073 1074
f 967 1074 1075
f 967 1075 970
f 968 972 974
f 968 974 969
f 969 974 973
f 970 1074 1076
f 970 1076 1077
f 970 1077 971
f 970 1075 1074
f 971 1077 972
f 972 1077 981
f 972 981 975
f 972 975 974
f 977 1044 978
f 978 1044 1078
f 978 1078 980
f 980 1078 1055
f 982 1018 1079
f 982 1079 983
f 983 1079 1080
f 983 1080 984
f 984 1081 985
f 984 1080 1081
f 985 987 986
f 985 1081 1082
f 985 1082 987
f 987 1082 1083
f 987 1083 1084
f 987 1084 988
f 988 1085 989
f 988 1084 1086
f 988 1086 1085
f 989 1087 1088
f 989 1088 990
f 989 1085 1087
f 990 1088 991
f 991 1088 992
f 992 1088 993
f 993 1088 994
f 994 1089 1090
f 994 1090 1091
f 994 1091 996
f 994 1088 1089
f 995 997 1092
f 995 1092 1001
f 995 1001 1000
f 996 1091 997
f 997 1091 1092
f 998 1001 1093
f 998 1093 999
f 999 1094 1095
f 999 1095 1002
f 999 1093 1094
f 1001 1092 1096
f 1001 1096 1097
f 1001 1097 1093
f 1002 1095 1098
f 1002 1098 1003
f 1003 1098 1004
f 1004 1099 1005
f 1004 1098 1099
f 1005 1099 1100
f 1005 1100 1006
f 1006 1101 1007
f 1006 1100 1101
f 1007 1101 1102
f 1007 1102 1103
f 1007 1103 1104
f 1007 1104 1009
f 1007 1009 1008
f 1009 1104 1010
f 1010 1104 1105
f 1010 1105 1011
f 1011 1106 1107
f 1011 1107 1012
f 1011 1105 1108
f 1011 1108 1106
f 1012 1107 1109
f 1012 1109 1110
f 1012 1110 1111
f 1012 1111 1013
f 1013 1112 1014
f 1013 1111 1112
f 1014 1112 1113
f 1014 1113 1114
f 1014 1114 1015
f 1015 1114 1016
f 1016 1114 1115
f 1016 1115 1116
f 1016 1116 1117
f 1016 1117 1017
f 1018 1118 1079
f 1019 1119 1020
f 1020 1119 1120
f 1020 1120 1121
f 1020 1121 1122
f 1020 1122 1123
f 1020 1123 1021
f 1021 1123 1026
f 1022 1031 1034
f 1022 1034 1023
f 1026 1123 1027
f 1027 1124 1125
f 1027 1125 1028
f 1027 1123 1126
f 1027 1126 1127
f 1027 1127 1124
f 1028 1125 1029
f 1029 1128 1030
f 1029 1125 1129
f 1029 1129 1128
f 1030 1128 1129
f 1030 1129 1130
f 1030 1130 1131
f 1030 1131 1132
f 1030 1132 1031
f 1031 1132 1037
f 1035 1037 1132
f 1035 1132 1131
f 1035 1131 1133
f 1035 1133 1134
f 1035 1134 1036
f 1036 1134 1135
f 1036 1135 1038
f 1038 1135 1136
f 1038 1136 1039
f 1039 1136 1040
f 1040 1136 1137
f 1040 1137 1045
f 1041 1078 1044
f 1041 1044 1043
f 1041 1138 1152
f 1041 1152 1078
f 1042 1046 1142
f 1042 1142 1138
f 1045 1137 1139
f 1045 1139 1046
f 1046 1139 1140
f 1046 1140 1141
f 1046 1141 1142
f 1047 1049 1048
f 1047 1051 1143
f 1047 1143 1144
f 1047 1144 1052
f 1050 1060 1145
f 1050 1145 1146
f 1050 1146 1051
f 1051 1146 1147
f 1051 1147 1143
f 1052 1144 1148
f 1052 1148 1053
f 1053 1148 1149
f 1053 1149 1150
f 1053 1150 1054
f 1054 1150 1151
f 1055 1078 1152
f 1055 1152 1058
f 1056 1153 1154
f 1056 1154 1057
f 1056 1058 1153
f 1057 1154 1155
f 1057 1155 1059
f 1058 1152 1153
f 1059 1155 1156
f 1059 1156 1157
f 1059 1157 1158
f 1059 1158 1159
f 1059 1159 1160
f 1059 1160 1146
f 1059 1146 1145
f 1059 1145 1060
f 1061 1067 1070
f 1062 1066 1161
f 1062 1161 1063
f 1063 1067 1064
f 1063 1161 1067
f 1065 1162 1066
f 1066 1162 1163
f 1066 1163 1161
f 1067 1161 1070
f 1068 1070 1164
f 1068 1164 1069
f 1069 1165 1166
f 1069 1166 1071
f 1069 1164 1165
f 1070 1161 1164
f 1071 1166 1167
f 1071 1167 1072
f 1072 1167 1073
f 1073 1167 1074
f 1074 1168 1276
f 1074 1276 1169
f 1074 1169 1076
f 1074 1167 1166
f 1074 1166 1168
f 1079 1170 1171
f 1079 1171 1080
f 1079 1118 1170
f 1080 1171 1081
f 1081 1171 1082
f 1082 1171 1083
f 1083 1171 1170
f 1083 1170 1172
f 1083 1172 1173
f 1083 1173 1174
f 1083 1174 1084
f 1084 1174 1086
f 1085 1086 1175
f 1085 1175 1176
f 1085 1176 1177
f 1085 1177 1178
f 1085 1178 1179
f 1085 1179 1087
f 1086 1174 1173
f 1086 1173 1175
f 1087 1179 1088
f 1088 1179 1180
f 1088 1180 1181
f 1088 1181 1182
f 1088 1182 1183
f 1088 1183 1184
f 1088 1184 1089
f 1089 1184 1090
f 1090 1184 1185
f 1090 1185 1183
f 1090 1183 1097
f 1090 1097 1091
f 1091 1097 1092
f 1092 1097 1096
f 1093 1097 1186
f 1093 1186 1187
f 1093 1187 1188
f 1093 1188 1189
f 1093 1189 1190
f 1093 1190 1191
f 1093 1191 1192
f 1093 1192 1094
f 1094 1193 1095
f 1094 1192 1194
f 1094 1194 1195
f 1094 1195 1193
f 1095 1193 1098
f 1097 1183 1186
f 1098 1193 1196
f 1098 1196 1099
f 1099 1196 1197
f 1099 1197 1100
f 1100 1198 1101
f 1100 1197 1199
f 1100 1199 1198
f 1101 1198 1200
f 1101 1200 1201
f 1101 1201 1102
f 1102 1201 1202
f 1102 1202 1103
f 1103 1202 1203
f 1103 1203 1204
f 1103 1204 1205
f 1103 1205 1105
f 1103 1105 1104
f 1105 1205 1206
f 1105 1206 1108
f 1106 1207 1208
f 1106 1208 1107
f 1106 1108 1207
f 1107 1208 1109
f 1108 1206 1207
f 1109 1208 1110
f 1110 1208 1209
f 1110 1209 1210
f 1110 1210 1111
f 1111 1210 1211
f 1111 1211 1212
f 1111 1212 1213
f 1111 1213 1112
f 1112 1214 1215
f 1112 1215 1216
f 1112 1216 1217
f 1112 1217 1218
f 1112 1218 1113
f 1112 1213 1219
f 1112 1219 1214
f 1113 1220 1221
f 1113 1221 1114
f 1113 1218 1220
f 1114 1221 1115
f 1115 1221 1222
f 1115 1222 1223
f 1115 1223 1116
f 1116 1223 1224
f 1116 1224 1225
f 1116 1225 1226
f 1116 1226 1227
f 1116 1227 1117
f 1118 1172 1170
f 1119 1228 1120
f 1120 1229 1121
f 1120 1228 1230
f 1120 1230 1231
f 1120 1231 1232
f 1120 1232 1229
f 1121 1229 1122
f 1122 1229 1233
f 1122 1233 1126
f 1122 1126 1123
f 1124 1127 1234
f 1124 1234 1235
f 1124 1235 1236
f 1124 1236 1131
f 1124 1131 1129
f 1124 1129 1125
f 1126 1233 1237
f 1126 1237 1238
f 1126 1238 1239
f 1126 1239 1240
f 1126 1240 1127
f 1127 1240 1234
f 1129 1131 1130
f 1131 1236 1133
f 1133 1241 1242
f 1133 1242 1243
f 1133 1243 1244
f 1133 1244 1245
f 1133 1245 1246
f 1133 1246 1135
f 1133 1135 1134
f 1133 1236 1247
f 1133 1247 1241
f 1135 1246 1136
f 1136 1246 1248
f 1136 1248 1137
f 1137 1248 1139
f 1138 1142 1152
f 1139 1248 1249
f 1139 1249 1250
f 1139 1250 1140
f 1140 1250 1365
f 1140 1365 1251
f 1140 1251 1141
f 1141 1251 1252
f 1141 1252 1154
f 1141 1154 1153
f 1141 1153 1142
f 1142 1153 1152
f 1143 1253 1144
f 1143 1147 1254
f 1143 1254 1255
f 1143 1255 1253
f 1144 1253 1256
f 1144 1256 1148
f 1146 1160 1159
f 1146 1159 1257
f 1146 1257 1255
f 1146 1255 1254
f 1146 1254 1147
f 1148 1256 1258
f 1148 1258 1149
f 1149 1258 1259
f 1149 1259 1150
f 1150 1259 1260
f 1150 1260 1151
f 1151 1260 1261
f 1151 1261 1262
f 1154 1252 1263
f 1154 1263 1155
f 1155 1263 1156
f 1156 1158 1157
f 1156 1263 1264
f 1156 1264 1265
f 1156 1265 1266
f 1156 1266 1267
f 1156 1267 1158
f 1158 1267 1159
f 1159 1267 1268
f 1159 1268 1269
f 1159 1269 1255
f 1159 1255 1257
f 1161 1163 1270
f 1161 1270 1271
f 1161 1271 1164
f 1162 1272 1396
f 1162 1396 1273
f 1162 1273 1274
f 1162 1274 1163
f 1163 1274 1270
f 1164 1271 1165
f 1165 1271 1275
f 1165 1275 1166
f 1166 1275 1168
f 1168 1275 1276
f 1172 1277 1278
f 1172 1278 1279
f 1172 1279 1173
f 1173 1280 1281
f 1173 1281 1282
f 1173 1282 1175
f 1173 1279 1280
f 1175 1282 1281
f 1175 1281 1283
f 1175 1283 1176
f 1176 1283 1177
f 1177 1283 1284
f 1177 1284 1285
f 1177 1285 1286
f 1177 1286 1287
f 1177 1287 1288
f 1177 1288 1178
f 1178 1288 1289
f 1178 1289 1179
f 1179 1289 1180
f 1180 1289 1181
f 1181 1289 1290
f 1181 1290 1291
f 1181 1291 1292
f 1181 1292 1182
f 1182 1292 1186
f 1182 1186 1183
f 1183 1185 1184
f 1186 1292 1293
f 1186 1293 1187
f 1187 1293 1188
f 1188 1293 1291
f 1188 1291 1294
f 1188 1294 1295
f 1188 1295 1296
f 1188 1296 1190
f 1188 1190 1189
f 1190 1297 1298
f 1190 1298 1299
f 1190 1299 1192
f 1190 1192 1191
f 1190 1296 1300
f 1190 1300 1297
f 1192 1299 1301
f 1192 1301 1194
f 1193 1195 1302
f 1193 1302 1196
f 1194 1303 1195
f 1194 1301 1304
f 1194 1304 1305
f 1194 1305 1303
f 1195 1306 1302
f 1195 1303 1306
f 1196 1302 1197
f 1197 1302 1307
f 1197 1307 1308
f 1197 1308 1199
f 1198 1199 1308
f 1198 1308 1200
f 1200 1308 1309
f 1200 1309 1201
f 1201 1309 1202
f 1202 1309 1203
f 1203 1309 1204
f 1204 1309 1310
f 1204 1310 1311
f 1204 1311 1205
f 1205 1311 1206
f 1206 1311 1312
f 1206 1312 1207
f 1207 1312 1313
f 1207 1313 1314
f 1207 1314 1208
f 1208 1314 1315
f 1208 1315 1209
f 1209 1316 1212
f 1209 1212 1210
f 1209 1315 1317
f 1209 1317 1318
f 1209 1318 1319
f 1209 1319 1316
f 1210 1212 1211
f 1212 1316 1320
f 1212 1320 1213
f 1213 1320 1219
f 1214 1219 1321
f 1214 1321 1322
f 1214 1322 1215
f 1215 1322 1323
f 1215 1323 1216
f 1216 1323 1324
f 1216 1324 1325
f 1216 1325 1326
f 1216 1326 1217
f 1217 1326 1327
f 1217 1327 1220
f 1217 1220 1218
f 1219 1320 1328
f 1219 1328 1319
f 1219 1319 1321
f 1220 1327 1329
f 1220 1329 1330
f 1220 1330 1222
f 1220 1222 1221
f 1222 1330 1331
f 1222 1331 1223
f 1223 1331 1224
f 1224 1331 1332
f 1224 1332 1333
f 1224 1333 1334
f 1224 1334 1335
f 1224 1335 1225
f 1225 1335 1336
f 1225 1336 1226
f 1226 1336 1337
f 1228 1338 1464
f 1228 1464 1339
f 1228 1339 1230
f 1229 1232 1340
f 1229 1340 1233
f 1230 1339 1341
f 1230 1341 1342
f 1230 1342 1231
f 1231 1342 1232
f 1232 1342 1343
f 1232 1343 1344
f 1232 1344 1340
f 1233 1340 1345
f 1233 1345 1346
f 1233 1346 1347
f 1233 1347 1237
f 1234 1240 1235
f 1235 1240 1348
f 1235 1348 1247
f 1235 1247 1236
f 1237 1347 1346
f 1237 1346 1349
f 1237 1349 1238
f 1238 1349 1239
f 1239 1349 1350
f 1239 1350 1351
f 1239 1351 1352
f 1239 1352 1240
f 1240 1352 1353
f 1240 1353 1354
f 1240 1354 1348
f 1241 1247 1348
f 1241 1348 1354
f 1241 1354 1242
f 1242 1355 1356
f 1242 1356 1243
f 1242 1354 1355
f 1243 1356 1357
f 1243 1357 1244
f 1244 1357 1358
f 1244 1358 1359
f 1244 1359 1360
f 1244 1360 1361
f 1244 1361 1246
f 1244 1246 1245
f 1246 1361 1362
f 1246 1362 1248
f 1248 1362 1249
f 1249 1362 1363
f 1249 1363 1364
f 1249 1364 1250
f 1250 1364 1366
f 1250 1366 1367
f 1250 1367 1365
f 1251 1365 1252
f 1252 1365 1367
f 1252 1367 1264
f 1252 1264 1263
f 1253 1368 1256
f 1253 1255 1369
f 1253 1369 1368
f 1255 1269 1370
f 1255 1370 1371
f 1255 1371 1369
f 1256 1368 1258
f 1258 1368 1372
f 1258 1372 1373
f 1258 1373 1259
f 1259 1373 1374
f 1259 1374 1260
f 1260 1374 1375
f 1260 1375 1376
f 1260 1376 1377
f 1260 1377 1262
f 1260 1262 1261
f 1262 1377 1378
f 1262 1378 1379
f 1262 1379 1380
f 1262 1380 1504
f 1262 1504 1381
f 1264 1367 1382
f 1264 1382 1265
f 1265 1382 1383
f 1265 1383 1266
f 1266 1384 1268
f 1266 1268 1385
f 1266 1385 1267
f 1266 1383 1386
f 1266 1386 1387
f 1266 1387 1388
f 1266 1388 1370
f 1266 1370 1384
f 1267 1385 1268
f 1268 1384 1370
f 1268 1370 1269
f 1270 1274 1273
f 1270 1273 1396
f 1270 1396 1389
f 1270 1389 1519
f 1270 1519 1390
f 1270 1390 1271
f 1271 1390 1391
f 1271 1391 1275
f 1272 1392 1393
f 1272 1393 1394
f 1272 1394 1395
f 1272 1395 1396
f 1275 1391 1276
f 1276 1391 1520
f 1276 1520 1397
f 1277 1398 1399
f 1277 1399 1278
f 1278 1400 1279
f 1278 1399 1400
f 1279 1400 1280
f 1280 1401 1402
f 1280 1402 1284
f 1280 1284 1283
f 1280 1283 1281
f 1280 1400 1401
f 1284 1402 1403
f 1284 1403 1285
f 1285 1403 1404
f 1285 1404 1405
f 1285 1405 1286
f 1286 1406 1288
f 1286 1288 1287
f 1286 1405 1407
f 1286 1407 1408
f 1286 1408 1409
f 1286 1409 1294
f 1286 1294 1406
f 1288 1406 1289
f 1289 1406 1291
f 1289 1291 1290
f 1291 1406 1294
f 1291 1293 1292
f 1294 1409 1295
f 1295 1409 1410
f 1295 1410 1296
f 1296 1410 1300
f 1297 1411 1412
f 1297 1412 1298
f 1297 1300 1411
f 1298 1412 1299
f 1299 1412 1301
f 1300 1410 1413
f 1300 1413 1414
f 1300 1414 1411
f 1301 1415 1304
f 1301 1412 1415
f 1302 1306 1416
f 1302 1416 1417
f 1302 1417 1307
f 1303 1305 1306
f 1304 1418 1305
f 1304 1415 1418
f 1305 1418 1419
f 1305 1419 1306
f 1306 1420 1421
f 1306 1421 1422
f 1306 1422 1416
f 1306 1419 1418
f 1306 1418 1420
f 1307 1417 1308
f 1308 1417 1423
f 1308 1423 1424
f 1308 1424 1425
f 1308 1425 1309
f 1309 1425 1426
f 1309 1426 1310
f 1310 1426 1427
f 1310 1427 1428
f 1310 1428 1429
f 1310 1429 1311
f 1311 1430 1312
f 1311 1429 1430
f 1312 1430 1313
f 1313 1430 1431
f 1313 1431 1315
f 1313 1315 1314
f 1315 1432 1433
f 1315 1433 1434
f 1315 1434 1435
f 1315 1435 1436
f 1315 1436 1437
f 1315 1437 1318
f 1315 1318 1317
f 1315 1431 1432
f 1316 1319 1328
f 1316 1328 1320
f 1318 1437 1319
f 1319 1437 1321
f 1321 1437 1438
f 1321 1438 1439
f 1321 1439 1322
f 1322 1439 1440
f 1322 1440 1441
f 1322 1441 1326
f 1322 1326 1323
f 1323 1326 1324
f 1324 1326 1325
f 1326 1441 1442
f 1326 1442 1443
f 1326 1443 1327
f 1327 1443 1444
f 1327 1444 1329
f 1329 1445 1330
f 1329 1444 1446
f 1329 1446 1447
f 1329 1447 1445
f 1330 1445 1448
f 1330 1448 1449
f 1330 1449 1331
f 1331 1450 1451
f 1331 1451 1452
f 1331 1452 1332
f 1331 1449 1453
f 1331 1453 1450
f 1332 1452 1454
f 1332 1454 1455
f 1332 1455 1456
f 1332 1456 1457
f 1332 1457 1333
f 1333 1457 1334
f 1334 1458 1459
f 1334 1459 1460
f 1334 1460 1336
f 1334 1336 1335
f 1334 1457 1458
f 1336 1460 1461
f 1336 1461 1337
f 1337 1461 1462
f 1338 1463 1464
f 1339 1464 1468
f 1339 1468 1341
f 1340 1344 1465
f 1340 1465 1466
f 1340 1466 1467
f 1340 1467 1345
f 1341 1468 1588
f 1341 1588 1469
f 1341 1469 1342
f 1342 1469 1470
f 1342 1470 1343
f 1343 1470 1471
f 1343 1471 1472
f 1343 1472 1344
f 1344 1472 1473
f 1344 1473 1465
f 1345 1467 1474
f 1345 1474 1475
f 1345 1475 1349
f 1345 1349 1346
f 1349 1475 1476
f 1349 1476 1477
f 1349 1477 1478
f 1349 1478 1350
f 1350 1478 1351
f 1351 1478 1355
f 1351 1355 1352
f 1352 1355 1353
f 1353 1355 1354
f 1355 1478 1479
f 1355 1479 1356
f 1356 1479 1480
f 1356 1480 1481
f 1356 1481 1357
f 1357 1481 1358
f 1358 1481 1482
f 1358 1482 1483
f 1358 1483 1359
f 1359 1483 1484
f 1359 1484 1363
f 1359 1363 1360
f 1360 1363 1362
f 1360 1362 1361
f 1363 1484 1364
f 1364 1484 1485
f 1364 1485 1366
f 1366 1485 1486
f 1366 1486 1367
f 1367 1486 1382
f 1368 1369 1487
f 1368 1487 1488
f 1368 1488 1372
f 1369 1371 1489
f 1369 1489 1487
f 1370 1388 1490
f 1370 1490 1491
f 1370 1491 1492
f 1370 1492 1371
f 1371 1492 1491
f 1371 1491 1489
f 1372 1488 1493
f 1372 1493 1494
f 1372 1494 1373
f 1373 1494 1495
f 1373 1495 1375
f 1373 1375 1374
f 1375 1495 1496
f 1375 1496 1497
f 1375 1497 1498
f 1375 1498 1499
f 1375 1499 1500
f 1375 1500 1376
f 1376 1500 1501
f 1376 1501 1502
f 1376 1502 1377
f 1377 1502 1378
f 1378 1502 1503
f 1378 1503 1379
f 1379 1503 1380
f 1380 1503 1618
f 1380 1618 1504
f 1381 1504 1505
f 1381 1505 1506
f 1381 1506 1507
f 1381 1507 1508
f 1381 1508 1509
f 1381 1509 1510
f 1382 1486 1511
f 1382 1511 1512
f 1382 1512 1383
f 1383 1512 1386
f 1386 1512 1513
f 1386 1513 1387
f 1387 1513 1514
f 1387 1514 1388
f 1388 1514 1515
f 1388 1515 1516
f 1388 1516 1490
f 1389 1396 1395
f 1389 1395 1394
f 1389 1394 1517
f 1389 1517 1518
f 1389 1518 1519
f 1390 1519 1520
f 1390 1520 1391
f 1392 1521 1393
f 1393 1517 1394
f 1393 1521 1522
f 1393 1522 1517
f 1397 1520 1523
f 1397 1523 1524
f 1398 1525 1399
f 1399 1525 1526
f 1399 1526 1527
f 1399 1527 1400
f 1400 1527 1401
f 1401 1528 1402
f 1401 1527 1528
f 1402 1528 1529
f 1402 1529 1403
f 1403 1529 1404
f 1404 1529 1530
f 1404 1530 1408
f 1404 1408 1405
f 1405 1408 1531
f 1405 1531 1407
f 1407 1531 1408
f 1408 1530 1532
f 1408 1532 1533
f 1408 1533 1409
f 1409 1533 1534
f 1409 1534 1410
f 1410 1534 1535
f 1410 1535 1536
f 1410 1536 1413
f 1411 1537 1412
f 1411 1414 1537
f 1412 1537 1415
f 1413 1536 1538
f 1413 1538 1539
f 1413 1539 1414
f 1414 1539 1537
f 1415 1540 1541
f 1415 1541 1418
f 1415 1537 1662
f 1415 1662 1540
f 1416 1422 1542
f 1416 1542 1423
f 1416 1423 1417
f 1418 1543 1420
f 1418 1541 1544
f 1418 1544 1543
f 1420 1545 1546
f 1420 1546 1421
f 1420 1543 1547
f 1420 1547 1545
f 1421 1546 1548
f 1421 1548 1422
f 1422 1548 1542
f 1423 1542 1424
f 1424 1542 1549
f 1424 1549 1425
f 1425 1549 1426
f 1426 1550 1427
f 1426 1549 1550
f 1427 1551 1430
f 1427 1430 1429
f 1427 1429 1428
f 1427 1550 1551
f 1430 1552 1553
f 1430 1553 1431
f 1430 1551 1552
f 1431 1553 1554
f 1431 1554 1433
f 1431 1433 1432
f 1433 1554 1555
f 1433 1555 1556
f 1433 1556 1557
f 1433 1557 1558
f 1433 1558 1559
f 1433 1559 1560
f 1433 1560 1434
f 1434 1560 1435
f 1435 1560 1561
f 1435 1561 1562
f 1435 1562 1436
f 1436 1562 1438
f 1436 1438 1437
f 1438 1562 1563
f 1438 1563 1440
f 1438 1440 1439
f 1440 1563 1564
f 1440 1564 1441
f 1441 1564 1442
f 1442 1444 1443
f 1442 1564 1444
f 1444 1564 1565
f 1444 1565 1566
f 1444 1566 1447
f 1444 1447 1446
f 1445 1447 1567
f 1445 1567 1568
f 1445 1568 1448
f 1447 1568 1567
f 1447 1566 1569
f 1447 1569 1568
f 1448 1450 1453
f 1448 1453 1449
f 1448 1568 1569
f 1448 1569 1450
f 1450 1569 1570
f 1450 1570 1451
f 1451 1570 1452
f 1452 1570 1571
f 1452 1571 1454
f 1454 1572 1455
f 1454 1571 1573
f 1454 1573 1572
f 1455 1572 1456
f 1456 1574 1575
f 1456 1575 1576
f 1456 1576 1458
f 1456 1458 1457
f 1456 1572 1574
f 1458 1576 1577
f 1458 1577 1578
f 1458 1578 1579
f 1458 1579 1459
f 1459 1579 1460
f 1460 1579 1461
f 1461 1579 1580
f 1461 1580 1581
f 1461 1581 1582
f 1461 1582 1462
f 1462 1582 1463
f 1463 1582 1583
f 1463 1583 1464
f 1464 1583 1715
f 1464 1715 1584
f 1464 1584 1468
f 1465 1473 1466
f 1466 1473 1585
f 1466 1585 1586
f 1466 1586 1467
f 1467 1586 1587
f 1467 1587 1474
f 1468 1584 1588
f 1469 1588 1729
f 1469 1729 1589
f 1469 1589 1590
f 1469 1590 1470
f 1470 1590 1591
f 1470 1591 1471
f 1471 1591 1592
f 1471 1592 1472
f 1472 1592 1473
f 1473 1592 1593
f 1473 1593 1585
f 1474 1587 1594
f 1474 1594 1475
f 1475 1594 1587
f 1475 1587 1595
f 1475 1595 1477
f 1475 1477 1476
f 1477 1595 1596
f 1477 1596 1478
f 1478 1596 1479
f 1479 1596 1597
f 1479 1597 1480
f 1480 1597 1598
f 1480 1598 1481
f 1481 1598 1599
f 1481 1599 1482
f 1482 1599 1600
f 1482 1600 1483
f 1483 1601 1484
f 1483 1600 1599
f 1483 1599 1602
f 1483 1602 1603
f 1483 1603 1601
f 1484 1601 1604
f 1484 1604 1485
f 1485 1604 1511
f 1485 1511 1486
f 1487 1605 1493
f 1487 1493 1488
f 1487 1489 1605
f 1489 1491 1606
f 1489 1606 1607
f 1489 1607 1605
f 1490 1516 1608
f 1490 1608 1491
f 1491 1608 1607
f 1491 1607 1606
f 1493 1605 1609
f 1493 1609 1494
f 1494 1609 1497
f 1494 1497 1495
f 1495 1497 1496
f 1497 1609 1610
f 1497 1610 1498
f 1498 1610 1611
f 1498 1611 1612
f 1498 1612 1613
f 1498 1613 1614
f 1498 1614 1615
f 1498 1615 1499
f 1499 1616 1500
f 1499 1615 1616
f 1500 1616 1501
f 1501 1616 1502
f 1502 1616 1617
f 1502 1617 1503
f 1503 1617 1619
f 1503 1619 1763
f 1503 1763 1618
f 1504 1618 1505
f 1505 1618 1506
f 1506 1618 1620
f 1506 1620 1507
f 1507 1620 1621
f 1507 1621 1508
f 1508 1622 1623
f 1508 1623 1624
f 1508 1624 1625
f 1508 1625 1510
f 1508 1510 1509
f 1508 1621 1626
f 1508 1626 1622
f 1510 1625 1627
f 1511 1604 1628
f 1511 1628 1512
f 1512 1628 1745
f 1512 1745 1629
f 1512 1629 1513
f 1513 1629 1630
f 1513 1630 1631
f 1513 1631 1514
f 1514 1632 1515
f 1514 1631 1632
f 1515 1608 1516
f 1515 1632 1633
f 1515 1633 1634
f 1515 1634 1635
f 1515 1635 1636
f 1515 1636 1608
f 1517 1522 1637
f 1517 1637 1638
f 1517 1638 1639
f 1517 1639 1640
f 1517 1640 1518
f 1518 1641 1642
f 1518 1642 1520
f 1518 1520 1519
f 1518 1640 1641
f 1520 1642 1646
f 1520 1646 1523
f 1521 1643 1644
f 1521 1644 1645
f 1521 1645 1637
f 1521 1637 1522
f 1523 1646 1647
f 1523 1647 1524
f 1524 1647 1649
f 1524 1649 1650
f 1524 1650 1651
f 1524 1651 1652
f 1524 1652 1648
f 1525 1648 1794
f 1525 1794 1653
f 1525 1653 1654
f 1525 1654 1526
f 1526 1654 1655
f 1526 1655 1527
f 1527 1655 1656
f 1527 1656 1657
f 1527 1657 1529
f 1527 1529 1528
f 1529 1657 1530
f 1530 1657 1658
f 1530 1658 1659
f 1530 1659 1660
f 1530 1660 1661
f 1530 1661 1532
f 1532 1661 1660
f 1532 1660 1534
f 1532 1534 1533
f 1534 1660 1535
f 1535 1660 1536
f 1536 1660 1538
f 1537 1539 1662
f 1538 1663 1664
f 1538 1664 1539
f 1538 1660 1665
f 1538 1665 1659
f 1538 1659 1663
f 1539 1664 1666
f 1539 1666 1662
f 1540 1667 1668
f 1540 1668 1541
f 1540 1662 1812
f 1540 1812 1667
f 1541 1668 1544
f 1542 1548 1669
f 1542 1669 1675
f 1542 1675 1549
f 1543 1544 1547
f 1544 1670 1547
f 1544 1668 1670
f 1545 1671 1672
f 1545 1672 1546
f 1545 1547 1674
f 1545 1674 1671
f 1546 1672 1821
f 1546 1821 1673
f 1546 1673 1669
f 1546 1669 1548
f 1547 1670 1816
f 1547 1816 1674
f 1549 1675 1676
f 1549 1676 1550
f 1550 1676 1677
f 1550 1677 1678
f 1550 1678 1552
f 1550 1552 1551
f 1552 1678 1679
f 1552 1679 1680
f 1552 1680 1553
f 1553 1680 1554
f 1554 1680 1681
f 1554 1681 1555
f 1555 1681 1682
f 1555 1682 1683
f 1555 1683 1557
f 1555 1557 1556
f 1557 1683 1684
f 1557 1684 1685
f 1557 1685 1686
f 1557 1686 1687
f 1557 1687 1558
f 1558 1687 1559
f 1559 1687 1688
f 1559 1688 1689
f 1559 1689 1561
f 1559 1561 1560
f 1561 1689 1690
f 1561 1690 1562
f 1562 1690 1563
f 1563 1690 1564
f 1564 1690 1691
f 1564 1691 1692
f 1564 1692 1565
f 1565 1693 1694
f 1565 1694 1695
f 1565 1695 1696
f 1565 1696 1697
f 1565 1697 1566
f 1565 1692 1693
f 1566 1697 1569
f 1569 1697 1570
f 1570 1697 1696
f 1570 1696 1695
f 1570 1695 1571
f 1571 1695 1694
f 1571 1694 1698
f 1571 1698 1699
f 1571 1699 1700
f 1571 1700 1701
f 1571 1701 1702
f 1571 1702 1573
f 1572 1573 1702
f 1572 1702 1574
f 1574 1702 1703
f 1574 1703 1575
f 1575 1703 1576
f 1576 1703 1704
f 1576 1704 1705
f 1576 1705 1577
f 1577 1705 1706
f 1577 1706 1707
f 1577 1707 1708
f 1577 1708 1578
f 1578 1708 1709
f 1578 1709 1710
f 1578 1710 1711
f 1578 1711 1712
f 1578 1712 1580
f 1578 1580 1579
f 1580 1712 1581
f 1581 1712 1713
f 1581 1713 1582
f 1582 1713 1714
f 1582 1714 1583
f 1583 1714 1715
f 1584 1715 1588
f 1585 1593 1716
f 1585 1716 1587
f 1585 1587 1586
f 1587 1716 1717
f 1587 1717 1718
f 1587 1718 1719
f 1587 1719 1720
f 1587 1720 1721
f 1587 1721 1722
f 1587 1722 1723
f 1587 1723 1724
f 1587 1724 1725
f 1587 1725 1726
f 1587 1726 1595
f 1588 1715 1727
f 1588 1727 1728
f 1588 1728 1729
f 1589 1729 1891
f 1589 1891 1730
f 1589 1730 1731
f 1589 1731 1590
f 1590 1731 1732
f 1590 1732 1591
f 1591 1732 1733
f 1591 1733 1592
f 1592 1733 1716
f 1592 1716 1593
f 1595 1726 1734
f 1595 1734 1735
f 1595 1735 1596
f 1596 1735 1736
f 1596 1736 1597
f 1597 1737 1738
f 1597 1738 1598
f 1597 1736 1739
f 1597 1739 1740
f 1597 1740 1741
f 1597 1741 1737
f 1598 1738 1599
f 1599 1738 1742
f 1599 1742 1602
f 1601 1603 1604
f 1602 1742 1738
f 1602 1738 1743
f 1602 1743 1744
f 1602 1744 1745
f 1602 1745 1603
f 1603 1745 1628
f 1603 1628 1604
f 1605 1607 1746
f 1605 1746 1747
f 1605 1747 1748
f 1605 1748 1609
f 1607 1608 1746
f 1608 1636 1746
f 1609 1748 1747
f 1609 1747 1749
f 1609 1749 1750
f 1609 1750 1610
f 1610 1750 1751
f 1610 1751 1752
f 1610 1752 1753
f 1610 1753 1754
f 1610 1754 1611
f 1611 1754 1612
f 1612 1754 1755
f 1612 1755 1613
f 1613 1755 1756
f 1613 1756 1757
f 1613 1757 1758
f 1613 1758 1759
f 1613 1759 1614
f 1614 1759 1615
f 1615 1759 1760
f 1615 1760 1761
f 1615 1761 1617
f 1615 1617 1616
f 1617 1761 1762
f 1617 1762 1619
f 1618 1763 1764
f 1618 1764 1620
f 1619 1762 1920
f 1619 1920 1763
f 1620 1765 1621
f 1620 1764 1766
f 1620 1766 1765
f 1621 1765 1767
f 1621 1767 1626
f 1622 1626 1768
f 1622 1768 1769
f 1622 1769 1623
f 1623 1770 1771
f 1623 1771 1625
f 1623 1625 1624
f 1623 1769 1770
f 1625 1771 1772
f 1625 1772 1627
f 1626 1767 1773
f 1626 1773 1774
f 1626 1774 1775
f 1626 1775 1768
f 1627 1772 1776
f 1629 1745 1744
f 1629 1744 1630
f 1630 1744 1903
f 1630 1903 1777
f 1630 1777 1631
f 1631 1777 1778
f 1631 1778 1633
f 1631 1633 1632
f 1633 1778 1634
f 1634 1778 1779
f 1634 1779 1780
f 1634 1780 1635
f 1635 1780 1781
f 1635 1781 1782
f 1635 1782 1783
f 1635 1783 1636
f 1636 1783 1746
f 1637 1645 1638
f 1638 1645 1784
f 1638 1784 1785
f 1638 1785 1639
f 1639 1785 1786
f 1639 1786 1787
f 1639 1787 1640
f 1640 1787 1788
f 1640 1788 1641
f 1641 1788 1789
f 1641 1789 1642
f 1642 1789 1647
f 1642 1647 1646
f 1643 1790 1791
f 1643 1791 1784
f 1643 1784 1644
f 1644 1784 1645
f 1647 1789 1792
f 1647 1792 1649
f 1648 1652 1793
f 1648 1793 1794
f 1649 1795 1650
f 1649 1792 1796
f 1649 1796 1797
f 1649 1797 1795
f 1650 1795 1798
f 1650 1798 1651
f 1651 1798 1799
f 1651 1799 1800
f 1651 1800 1801
f 1651 1801 1802
f 1651 1802 1652
f 1652 1802 1803
f 1652 1803 1793
f 1653 1794 1958
f 1653 1958 1804
f 1653 1804 1654
f 1654 1804 1805
f 1654 1805 1655
f 1655 1805 1806
f 1655 1806 1656
f 1656 1806 1658
f 1656 1658 1657
f 1658 1807 1659
f 1658 1806 1805
f 1658 1805 1807
f 1659 1808 1975
f 1659 1975 1809
f 1659 1809 1663
f 1659 1665 1660
f 1659 1807 1810
f 1659 1810 1976
f 1659 1976 1808
f 1662 1666 1811
f 1662 1811 1812
f 1663 1813 1977
f 1663 1977 1811
f 1663 1811 1664
f 1663 1809 1975
f 1663 1975 1813
f 1664 1811 1666
f 1667 1814 1815
f 1667 1815 1668
f 1667 1812 1978
f 1667 1978 1814
f 1668 1815 1816
f 1668 1816 1670
f 1669 1673 1822
f 1669 1822 1675
f 1671 1817 1818
f 1671 1818 1819
f 1671 1819 1672
f 1671 1674 1820
f 1671 1820 1817
f 1672 1819 1989
f 1672 1989 1821
f 1673 1821 1990
f 1673 1990 1822
f 1674 1816 1823
f 1674 1823 1820
f 1675 1822 1824
f 1675 1824 1676
f 1676 1824 1825
f 1676 1825 1677
f 1677 1825 1826
f 1677 1826 1678
f 1678 1827 1828
f 1678 1828 1829
f 1678 1829 1681
f 1678 1681 1680
f 1678 1680 1679
f 1678 1826 1827
f 1681 1829 1682
f 1682 1830 1831
f 1682 1831 1683
f 1682 1829 1832
f 1682 1832 1830
f 1683 1833 1684
f 1683 1831 1833
f 1684 1834 1835
f 1684 1835 1836
f 1684 1836 1685
f 1684 1833 1834
f 1685 1836 1837
f 1685 1837 1686
f 1686 1837 1838
f 1686 1838 1839
f 1686 1839 1840
f 1686 1840 1841
f 1686 1841 1688
f 1686 1688 1687
f 1688 1841 1689
f 1689 1842 1843
f 1689 1843 1690
f 1689 1841 1842
f 1690 1843 1691
f 1691 1843 1844
f 1691 1844 1845
f 1691 1845 1692
f 1692 1845 1844
f 1692 1844 1846
f 1692 1846 1847
f 1692 1847 1693
f 1693 1847 1848
f 1693 1848 1698
f 1693 1698 1694
f 1698 1848 1849
f 1698 1849 1699
f 1699 1850 1700
f 1699 1849 1848
f 1699 1848 1847
f 1699 1847 1851
f 1699 1851 1850
f 1700 1850 1852
f 1700 1852 1853
f 1700 1853 1701
f 1701 1853 1854
f 1701 1854 1855
f 1701 1855 1856
f 1701 1856 1702
f 1702 1856 1703
f 1703 1856 1857
f 1703 1857 1704
f 1704 1858 1705
f 1704 1857 1859
f 1704 1859 1860
f 1704 1860 1858
f 1705 1858 1861
f 1705 1861 1862
f 1705 1862 1707
f 1705 1707 1706
f 1707 1863 1708
f 1707 1862 1863
f 1708 1863 1864
f 1708 1864 1709
f 1709 1864 1865
f 1709 1865 1866
f 1709 1866 1710
f 1710 1866 1711
f 1711 1866 1867
f 1711 1867 1868
f 1711 1868 1869
f 1711 1869 1712
f 1712 1869 1713
f 1713 1869 1870
f 1713 1870 1871
f 1713 1871 1872
f 1713 1872 1715
f 1713 1715 1714
f 1715 1872 1873
f 1715 1873 1727
f 1716 1874 1717
f 1716 1733 1874
f 1717 1874 1875
f 1717 1875 1718
f 1718 1876 1719
f 1718 1875 1877
f 1718 1877 1876
f 1719 1876 1878
f 1719 1878 1879
f 1719 1879 1721
f 1719 1721 1720
f 1721 1879 1880
f 1721 1880 1722
f 1722 1880 1723
f 1723 1880 1881
f 1723 1881 1882
f 1723 1882 1883
f 1723 1883 1724
f 1724 1884 1725
f 1724 1883 1884
f 1725 1884 1883
f 1725 1883 1885
f 1725 1885 1886
f 1725 1886 1726
f 1726 1886 1887
f 1726 1887 1734
f 1727 1873 1888
f 1727 1888 1728
f 1728 1888 1889
f 1728 1889 1890
f 1728 1890 1729
f 1729 1890 1891
f 1730 1891 2057
f 1730 2057 1892
f 1730 1892 1877
f 1730 1877 1893
f 1730 1893 1731
f 1731 1894 1732
f 1731 1893 1895
f 1731 1895 1894
f 1732 1894 1733
f 1733 1894 1874
f 1734 1887 1896
f 1734 1896 1897
f 1734 1897 1735
f 1735 1897 1739
f 1735 1739 1736
f 1737 1743 1738
f 1737 1741 1898
f 1737 1898 1899
f 1737 1899 1743
f 1739 1897 1900
f 1739 1900 1901
f 1739 1901 1740
f 1740 1901 1741
f 1741 1901 1902
f 1741 1902 1898
f 1743 1899 1903
f 1743 1903 1744
f 1746 1783 1747
f 1747 1783 1904
f 1747 1904 1749
f 1749 1905 1750
f 1749 1904 1906
f 1749 1906 1907
f 1749 1907 1905
f 1750 1905 1907
f 1750 1907 1908
f 1750 1908 1909
f 1750 1909 1751
f 1751 1909 1910
f 1751 1910 1752
f 1752 1910 1753
f 1753 1910 1911
f 1753 1911 1912
f 1753 1912 1754
f 1754 1912 1913
f 1754 1913 1755
f 1755 1913 1756
f 1756 1914 1918
f 1756 1918 1757
f 1756 1913 1915
f 1756 1915 1916
f 1756 1916 1917
f 1756 1917 2074
f 1756 2074 1914
f 1757 1918 2080
f 1757 2080 1919
f 1757 1919 1758
f 1758 1919 1759
f 1759 1919 1760
f 1760 1762 1761
f 1760 1919 1762
f 1762 1919 1921
f 1762 1921 2081
f 1762 2081 1920
f 1763 1920 1764
f 1764 1920 1922
f 1764 1922 1923
f 1764 1923 1766
f 1765 1766 1767
f 1766 1773 1767
f 1766 1923 1773
f 1768 1775 1924
f 1768 1924 1769
f 1769 1924 1925
f 1769 1925 1770
f 1770 1926 1927
f 1770 1927 1771
f 1770 1925 1928
f 1770 1928 1926
f 1771 1927 1772
f 1772 1929 1930
f 1772 1930 1776
f 1772 1927 1929
f 1773 1923 1774
f 1774 1931 1932
f 1774 1932 1933
f 1774 1933 1934
f 1774 1934 1935
f 1774 1935 1775
f 1774 1923 1931
f 1775 1935 1936
f 1775 1936 1924
f 1776 1930 1937
f 1776 1937 1938
f 1777 1903 1939
f 1777 1939 1778
f 1778 1939 2058
f 1778 2058 1940
f 1778 1940 1779
f 1779 1940 1941
f 1779 1941 1942
f 1779 1942 1943
f 1779 1943 1780
f 1780 1943 1781
f 1781 1943 1944
f 1781 1944 1945
f 1781 1945 1782
f 1782 1946 1904
f 1782 1904 1783
f 1782 1945 1946
f 1784 1791 1785
f 1785 1791 1947
f 1785 1947 1786
f 1786 1948 1949
f 1786 1949 1788
f 1786 1788 1787
f 1786 1947 1950
f 1786 1950 1951
f 1786 1951 1952
f 1786 1952 1948
f 1788 1792 1789
f 1788 1949 1792
f 1790 1953 1954
f 1790 1954 1955
f 1790 1955 1791
f 1791 1955 1950
f 1791 1950 1947
f 1792 1949 1956
f 1792 1956 1796
f 1793 1803 1957
f 1793 1957 1958
f 1793 1958 1794
f 1795 1797 1959
f 1795 1959 1960
f 1795 1960 1961
f 1795 1961 1798
f 1796 1956 1962
f 1796 1962 1797
f 1797 1962 1959
f 1798 1961 1963
f 1798 1963 1964
f 1798 1964 1965
f 1798 1965 1800
f 1798 1800 1799
f 1800 1965 1966
f 1800 1966 1967
f 1800 1967 1968
f 1800 1968 1801
f 1801 1968 1969
f 1801 1969 1802
f 1802 1969 1970
f 1802 1970 1971
f 1802 1971 1972
f 1802 1972 1803
f 1803 1972 1973
f 1803 1973 1957
f 1804 1958 1976
f 1804 1976 1810
f 1804 1810 1805
f 1805 1810 1807
f 1808 1974 1975
f 1808 1976 1974
f 1811 1977 1978
f 1811 1978 1812
f 1813 1979 1980
f 1813 1980 1977
f 1813 1975 1979
f 1814 1981 1982
f 1814 1982 1823
f 1814 1823 1815
f 1814 1978 1983
f 1814 1983 1981
f 1815 1823 1816
f 1817 1820 1984
f 1817 1984 1985
f 1817 1985 1986
f 1817 1986 1987
f 1817 1987 1818
f 1818 1987 1988
f 1818 1988 1989
f 1818 1989 1819
f 1820 1823 1984
f 1821 1989 2148
f 1821 2148 1990
f 1822 1990 1991
f 1822 1991 1824
f 1823 1982 1984
f 1824 1991 1992
f 1824 1992 1825
f 1825 1992 2152
f 1825 2152 1993
f 1825 1993 1826
f 1826 1994 1827
f 1826 1993 1994
f 1827 1994 1995
f 1827 1995 1996
f 1827 1996 1997
f 1827 1997 1998
f 1827 1998 1829
f 1827 1829 1828
f 1829 1998 1832
f 1830 1832 1998
f 1830 1998 1999
f 1830 1999 1834
f 1830 1834 1833
f 1830 1833 1831
f 1834 2000 1835
f 1834 1999 2001
f 1834 2001 2002
f 1834 2002 2000
f 1835 2000 2003
f 1835 2003 2004
f 1835 2004 1836
f 1836 2004 2005
f 1836 2005 1837
f 1837 2005 1838
f 1838 2005 1839
f 1839 2006 2007
f 1839 2007 2008
f 1839 2008 2009
f 1839 2009 1840
f 1839 2005 2006
f 1840 1842 1841
f 1840 2009 2010
f 1840 2010 2011
f 1840 2011 1842
f 1842 2011 1843
f 1843 2011 1844
f 1844 2012 1847
f 1844 1847 1846
f 1844 2011 2012
f 1847 2013 2014
f 1847 2014 1851
f 1847 2012 2013
f 1850 1851 2015
f 1850 2015 2016
f 1850 2016 1852
f 1851 2014 2015
f 1852 2017 2018
f 1852 2018 2019
f 1852 2019 1853
f 1852 2016 2020
f 1852 2020 2017
f 1853 2019 1854
f 1854 2021 1855
f 1854 2019 2021
f 1855 2021 2022
f 1855 2022 1856
f 1856 2022 1857
f 1857 2023 2024
f 1857 2024 2025
f 1857 2025 1860
f 1857 1860 1859
f 1857 2022 2023
f 1858 1860 2026
f 1858 2026 1861
f 1860 2025 2026
f 1861 2026 1862
f 1862 2026 2027
f 1862 2027 1863
f 1863 2027 2028
f 1863 2028 1864
f 1864 2028 1865
f 1865 2028 2029
f 1865 2029 2030
f 1865 2030 2031
f 1865 2031 1866
f 1866 2031 1867
f 1867 2031 2032
f 1867 2032 2033
f 1867 2033 1868
f 1868 2033 2034
f 1868 2034 2035
f 1868 2035 1869
f 1869 2035 1870
f 1870 2036 1871
f 1870 2035 2036
f 1871 2036 1873
f 1871 1873 1872
f 1873 2036 2037
f 1873 2037 1888
f 1874 2038 1877
f 1874 1877 1875
f 1874 1894 1895
f 1874 1895 2038
f 1876 1892 1878
f 1876 1877 1892
f 1877 2038 1893
f 1878 2039 2206
f 1878 2206 2040
f 1878 2040 2041
f 1878 2041 1879
f 1878 1892 2057
f 1878 2057 2039
f 1879 2041 2042
f 1879 2042 1880
f 1880 2042 2043
f 1880 2043 2044
f 1880 2044 1881
f 1881 2044 1882
f 1882 2044 2045
f 1882 2045 2046
f 1882 2046 1885
f 1882 1885 1883
f 1885 2046 2047
f 1885 2047 1886
f 1886 2047 2048
f 1886 2048 1887
f 1887 2048 2049
f 1887 2049 1896
f 1888 2037 2050
f 1888 2050 1889
f 1889 2051 2052
f 1889 2052 1890
f 1889 2050 2053
f 1889 2053 2051
f 1890 2052 2054
f 1890 2054 2055
f 1890 2055 1891
f 1891 2055 2056
f 1891 2056 2057
f 1893 2038 1895
f 1896 1900 1897
f 1896 2049 1900
f 1898 1939 1903
f 1898 1903 1899
f 1898 1902 2058
f 1898 2058 1939
f 1900 2049 2059
f 1900 2059 1901
f 1901 2059 1902
f 1902 2060 2061
f 1902 2061 2058
f 1902 2059 2062
f 1902 2062 2060
f 1904 1945 1906
f 1904 1946 1945
f 1906 1945 2063
f 1906 2063 2064
f 1906 2064 1907
f 1907 2064 2065
f 1907 2065 2066
f 1907 2066 2067
f 1907 2067 1908
f 1908 2068 1910
f 1908 1910 1909
f 1908 2067 2069
f 1908 2069 2070
f 1908 2070 2068
f 1910 2068 2071
f 1910 2071 1912
f 1910 1912 1911
f 1912 2071 1913
f 1913 2071 2072
f 1913 2072 1915
f 1914 2073 1932
f 1914 1932 1918
f 1914 2074 2075
f 1914 2075 2076
f 1914 2076 2077
f 1914 2077 2073
f 1915 2072 2078
f 1915 2078 1916
f 1916 2078 1917
f 1917 2078 2234
f 1917 2234 2074
f 1918 1932 2079
f 1918 2079 2080
f 1919 2080 2081
f 1919 2081 1921
f 1920 2081 2080
f 1920 2080 2082
f 1920 2082 1922
f 1922 2082 1923
f 1923 2082 2083
f 1923 2083 1931
f 1924 1936 2084
f 1924 2084 1925
f 1925 2084 2085
f 1925 2085 1928
f 1926 2086 1927
f 1926 1928 2087
f 1926 2087 2088
f 1926 2088 2089
f 1926 2089 2090
f 1926 2090 2086
f 1927 2086 1929
f 1928 2085 2091
f 1928 2091 2087
f 1929 2086 2092
f 1929 2092 2093
f 1929 2093 2094
f 1929 2094 1930
f 1930 2094 1937
f 1931 2083 1932
f 1932 2073 1933
f 1932 2083 2079
f 1933 2073 2095
f 1933 2095 1934
f 1934 2095 2096
f 1934 2096 1935
f 1935 2096 2097
f 1935 2097 2098
f 1935 2098 2099
f 1935 2099 1936
f 1936 2099 2100
f 1936 2100 2084
f 1937 2101 2102
f 1937 2102 2103
f 1937 2103 1938
f 1937 2094 2104
f 1937 2104 2101
f 1940 2058 2061
f 1940 2061 1941
f 1941 2061 2105
f 1941 2105 1942
f 1942 2105 2106
f 1942 2106 2107
f 1942 2107 2108
f 1942 2108 1943
f 1943 2108 1944
f 1944 2108 2063
f 1944 2063 1945
f 1948 2109 2110
f 1948 2110 2111
f 1948 2111 1949
f 1948 1952 2112
f 1948 2112 2113
f 1948 2113 2114
f 1948 2114 2109
f 1949 2111 1956
f 1950 1955 1951
f 1951 1955 1954
f 1951 1954 2115
f 1951 2115 1952
f 1952 2115 2112
f 1953 2116 2117
f 1953 2117 2118
f 1953 2118 1954
f 1954 2118 2119
f 1954 2119 2115
f 1956 2111 1962
f 1957 1973 2120
f 1957 2120 2121
f 1957 2121 1976
f 1957 1976 1958
f 1959 1962 2122
f 1959 2122 2109
f 1959 2109 2123
f 1959 2123 1960
f 1960 2123 2124
f 1960 2124 1961
f 1961 2124 1963
f 1962 2111 2122
f 1963 2124 2125
f 1963 2125 1964
f 1964 1966 1965
f 1964 2125 2126
f 1964 2126 1966
f 1966 2126 2127
f 1966 2127 1967
f 1967 2128 1968
f 1967 2127 2129
f 1967 2129 2128
f 1968 1970 1969
f 1968 2128 1970
f 1970 2128 2130
f 1970 2130 2131
f 1970 2131 1971
f 1971 2131 2120
f 1971 2120 1972
f 1972 2120 1973
f 1974 2132 2133
f 1974 2133 2134
f 1974 2134 1979
f 1974 1979 1975
f 1974 1976 2121
f 1974 2121 2120
f 1974 2120 2131
f 1974 2131 2132
f 1977 1980 2135
f 1977 2135 1983
f 1977 1983 1978
f 1979 2136 1980
f 1979 2134 2136
f 1980 2137 2135
f 1980 2136 2137
f 1981 2138 1982
f 1981 1983 2137
f 1981 2137 2139
f 1981 2139 2140
f 1981 2140 2138
f 1982 2138 1985
f 1982 1985 1984
f 1983 2135 2137
f 1985 2138 2141
f 1985 2141 1986
f 1986 2142 1987
f 1986 2141 2142
f 1987 2143 2144
f 1987 2144 2145
f 1987 2145 1988
f 1987 2142 2143
f 1988 2145 2146
f 1988 2146 2147
f 1988 2147 2148
f 1988 2148 1989
f 1990 2148 2149
f 1990 2149 1991
f 1991 2149 2150
f 1991 2150 1992
f 1992 2150 2151
f 1992 2151 2152
f 1993 2152 2151
f 1993 2151 1994
f 1994 2151 2153
f 1994 2153 1995
f 1995 2153 2154
f 1995 2154 1996
f 1996 2154 2155
f 1996 2155 1997
f 1997 2155 2156
f 1997 2156 1998
f 1998 2156 2157
f 1998 2157 1999
f 1999 2157 2162
f 1999 2162 2001
f 2000 2158 2003
f 2000 2002 2159
f 2000 2159 2160
f 2000 2160 2161
f 2000 2161 2158
f 2001 2162 2159
f 2001 2159 2002
f 2003 2158 2163
f 2003 2163 2164
f 2003 2164 2165
f 2003 2165 2166
f 2003 2166 2004
f 2004 2166 2165
f 2004 2165 2005
f 2005 2167 2168
f 2005 2168 2006
f 2005 2165 2167
f 2006 2169 2170
f 2006 2170 2171
f 2006 2171 2007
f 2006 2168 2169
f 2007 2171 2008
f 2008 2171 2172
f 2008 2172 2173
f 2008 2173 2012
f 2008 2012 2009
f 2009 2011 2010
f 2009 2012 2011
f 2012 2173 2013
f 2013 2174 2175
f 2013 2175 2176
f 2013 2176 2015
f 2013 2015 2014
f 2013 2173 2174
f 2015 2176 2177
f 2015 2177 2016
f 2016 2177 2020
f 2017 2178 2018
f 2017 2020 2179
f 2017 2179 2180
f 2017 2180 2178
f 2018 2178 2181
f 2018 2181 2182
f 2018 2182 2021
f 2018 2021 2019
f 2020 2177 2179
f 2021 2182 2183
f 2021 2183 2184
f 2021 2184 2024
f 2021 2024 2023
f 2021 2023 2022
f 2024 2185 2186
f 2024 2186 2187
f 2024 2187 2025
f 2024 2184 2185
f 2025 2187 2188
f 2025 2188 2189
f 2025 2189 2026
f 2026 2189 2027
f 2027 2189 2190
f 2027 2190 2028
f 2028 2190 2191
f 2028 2191 2029
f 2029 2191 2192
f 2029 2192 2031
f 2029 2031 2030
f 2031 2192 2032
f 2032 2192 2033
f 2033 2192 2193
f 2033 2193 2194
f 2033 2194 2195
f 2033 2195 2196
f 2033 2196 2197
f 2033 2197 2198
f 2033 2198 2199
f 2033 2199 2200
f 2033 2200 2201
f 2033 2201 2202
f 2033 2202 2034
f 2034 2202 2035
f 2035 2202 2036
f 2036 2202 2203
f 2036 2203 2037
f 2037 2203 2201
f 2037 2201 2050
f 2039 2204 2205
f 2039 2205 2206
f 2039 2057 2207
f 2039 2207 2198
f 2039 2198 2204
f 2040 2206 2360
f 2040 2360 2208
f 2040 2208 2041
f 2041 2208 2042
f 2042 2208 2209
f 2042 2209 2210
f 2042 2210 2044
f 2042 2044 2043
f 2044 2211 2212
f 2044 2212 2045
f 2044 2210 2213
f 2044 2213 2214
f 2044 2214 2215
f 2044 2215 2211
f 2045 2216 2047
f 2045 2047 2046
f 2045 2212 2217
f 2045 2217 2218
f 2045 2218 2368
f 2045 2368 2216
f 2047 2216 2048
f 2048 2216 2219
f 2048 2219 2049
f 2049 2219 2220
f 2049 2220 2059
f 2050 2201 2053
f 2051 2054 2052
f 2051 2053 2221
f 2051 2221 2056
f 2051 2056 2054
f 2053 2201 2222
f 2053 2222 2056
f 2053 2056 2221
f 2054 2056 2055
f 2056 2222 2223
f 2056 2223 2207
f 2056 2207 2057
f 2059 2220 2062
f 2060 2224 2105
f 2060 2105 2061
f 2060 2062 2225
f 2060 2225 2224
f 2062 2220 2225
f 2063 2226 2064
f 2063 2108 2227
f 2063 2227 2226
f 2064 2226 2228
f 2064 2228 2065
f 2065 2228 2066
f 2066 2228 2067
f 2067 2228 2069
f 2068 2070 2071
f 2069 2228 2227
f 2069 2227 2229
f 2069 2229 2230
f 2069 2230 2070
f 2070 2230 2231
f 2070 2231 2232
f 2070 2232 2071
f 2071 2232 2072
f 2072 2232 2233
f 2072 2233 2078
f 2073 2077 2095
f 2074 2234 2075
f 2075 2234 2076
f 2076 2234 2235
f 2076 2235 2077
f 2077 2235 2236
f 2077 2236 2237
f 2077 2237 2095
f 2078 2233 2238
f 2078 2238 2380
f 2078 2380 2234
f 2079 2083 2080
f 2080 2083 2082
f 2084 2100 2239
f 2084 2239 2091
f 2084 2091 2085
f 2086 2090 2092
f 2087 2091 2240
f 2087 2240 2241
f 2087 2241 2089
f 2087 2089 2088
f 2089 2241 2242
f 2089 2242 2243
f 2089 2243 2244
f 2089 2244 2090
f 2090 2244 2245
f 2090 2245 2246
f 2090 2246 2092
f 2091 2239 2240
f 2092 2247 2248
f 2092 2248 2249
f 2092 2249 2093
f 2092 2246 2250
f 2092 2250 2251
f 2092 2251 2247
f 2093 2252 2104
f 2093 2104 2094
f 2093 2249 2248
f 2093 2248 2251
f 2093 2251 2252
f 2095 2237 2096
f 2096 2237 2253
f 2096 2253 2254
f 2096 2254 2097
f 2097 2254 2255
f 2097 2255 2098
f 2098 2255 2099
f 2099 2255 2256
f 2099 2256 2257
f 2099 2257 2258
f 2099 2258 2259
f 2099 2259 2260
f 2099 2260 2100
f 2100 2260 2261
f 2100 2261 2262
f 2100 2262 2239
f 2101 2263 2102
f 2101 2104 2252
f 2101 2252 2263
f 2102 2263 2264
f 2102 2264 2265
f 2102 2265 2266
f 2102 2266 2103
f 2105 2224 2106
f 2106 2224 2372
f 2106 2372 2267
f 2106 2267 2107
f 2107 2267 2268
f 2107 2268 2108
f 2108 2268 2269
f 2108 2269 2227
f 2109 2270 2123
f 2109 2122 2111
f 2109 2111 2110
f 2109 2114 2271
f 2109 2271 2272
f 2109 2272 2273
f 2109 2273 2270
f 2112 2115 2119
f 2112 2119 2274
f 2112 2274 2275
f 2112 2275 2113
f 2113 2275 2114
f 2114 2275 2276
f 2114 2276 2271
f 2116 2277 2278
f 2116 2278 2279
f 2116 2279 2117
f 2116 2280 2277
f 2117 2279 2281
f 2117 2281 2282
f 2117 2282 2118
f 2118 2282 2274
f 2118 2274 2119
f 2123 2270 2125
f 2123 2125 2124
f 2125 2127 2126
f 2125 2270 2283
f 2125 2283 2284
f 2125 2284 2285
f 2125 2285 2286
f 2125 2286 2127
f 2127 2286 2287
f 2127 2287 2288
f 2127 2288 2129
f 2128 2129 2130
f 2129 2289 2130
f 2129 2288 2289
f 2130 2289 2290
f 2130 2290 2131
f 2131 2290 2291
f 2131 2291 2292
f 2131 2292 2132
f 2132 2292 2291
f 2132 2291 2133
f 2133 2293 2134
f 2133 2291 2294
f 2133 2294 2293
f 2134 2293 2295
f 2134 2295 2139
f 2134 2139 2136
f 2136 2139 2137
f 2138 2296 2141
f 2138 2140 2297
f 2138 2297 2298
f 2138 2298 2299
f 2138 2299 2296
f 2139 2295 2300
f 2139 2300 2301
f 2139 2301 2140
f 2140 2301 2297
f 2141 2296 2299
f 2141 2299 2302
f 2141 2302 2142
f 2142 2303 2143
f 2142 2302 2303
f 2143 2304 2144
f 2143 2303 2305
f 2143 2305 2304
f 2144 2306 2307
f 2144 2307 2145
f 2144 2304 2306
f 2145 2307 2146
f 2146 2307 2308
f 2146 2308 2309
f 2146 2309 2310
f 2146 2310 2147
f 2147 2310 2311
f 2147 2311 2148
f 2148 2311 2149
f 2149 2311 2150
f 2150 2311 2312
f 2150 2312 2151
f 2151 2313 2314
f 2151 2314 2153
f 2151 2312 2313
f 2153 2314 2155
f 2153 2155 2154
f 2155 2315 2156
f 2155 2314 2315
f 2156 2315 2316
f 2156 2316 2157
f 2157 2316 2159
f 2157 2159 2162
f 2158 2161 2322
f 2158 2322 2163
f 2159 2317 2160
f 2159 2316 2318
f 2159 2318 2317
f 2160 2317 2319
f 2160 2319 2320
f 2160 2320 2321
f 2160 2321 2161
f 2161 2321 2476
f 2161 2476 2322
f 2163 2322 2324
f 2163 2324 2164
f 2164 2323 2165
f 2164 2324 2477
f 2164 2477 2323
f 2165 2323 2167
f 2167 2323 2168
f 2168 2323 2325
f 2168 2325 2169
f 2169 2325 2170
f 2170 2325 2326
f 2170 2326 2327
f 2170 2327 2171
f 2171 2327 2172
f 2172 2328 2329
f 2172 2329 2330
f 2172 2330 2174
f 2172 2174 2173
f 2172 2327 2331
f 2172 2331 2328
f 2174 2330 2175
f 2175 2330 2176
f 2176 2330 2177
f 2177 2330 2332
f 2177 2332 2179
f 2178 2333 2334
f 2178 2334 2181
f 2178 2180 2333
f 2179 2332 2180
f 2180 2332 2335
f 2180 2335 2336
f 2180 2336 2337
f 2180 2337 2333
f 2181 2338 2339
f 2181 2339 2340
f 2181 2340 2182
f 2181 2334 2338
f 2182 2340 2183
f 2183 2340 2341
f 2183 2341 2184
f 2184 2341 2185
f 2185 2342 2343
f 2185 2343 2186
f 2185 2341 2342
f 2186 2343 2344
f 2186 2344 2188
f 2186 2188 2187
f 2188 2344 2189
f 2189 2344 2345
f 2189 2345 2190
f 2190 2345 2346
f 2190 2346 2347
f 2190 2347 2191
f 2191 2347 2348
f 2191 2348 2349
f 2191 2349 2192
f 2192 2349 2350
f 2192 2350 2193
f 2193 2350 2351
f 2193 2351 2352
f 2193 2352 2194
f 2194 2352 2353
f 2194 2353 2196
f 2194 2196 2195
f 2196 2353 2354
f 2196 2354 2355
f 2196 2355 2356
f 2196 2356 2357
f 2196 2357 2358
f 2196 2358 2197
f 2197 2358 2198
f 2198 2207 2223
f 2198 2223 2199
f 2198 2358 2204
f 2199 2223 2200
f 2200 2222 2201
f 2200 2223 2222
f 2201 2203 2202
f 2204 2358 2357
f 2204 2357 2359
f 2204 2359 2205
f 2205 2359 2360
f 2205 2360 2206
f 2208 2360 2361
f 2208 2361 2209
f 2209 2361 2362
f 2209 2362 2213
f 2209 2213 2210
f 2211 2215 2212
f 2212 2215 2217
f 2213 2362 2525
f 2213 2525 2363
f 2213 2363 2214
f 2214 2363 2364
f 2214 2364 2365
f 2214 2365 2366
f 2214 2366 2367
f 2214 2367 2217
f 2214 2217 2215
f 2216 2368 2220
f 2216 2220 2369
f 2216 2369 2219
f 2217 2367 2218
f 2218 2367 2370
f 2218 2370 2373
f 2218 2373 2368
f 2219 2369 2220
f 2220 2368 2371
f 2220 2371 2225
f 2224 2225 2372
f 2225 2371 2368
f 2225 2368 2373
f 2225 2373 2372
f 2226 2227 2228
f 2227 2269 2374
f 2227 2374 2375
f 2227 2375 2376
f 2227 2376 2229
f 2229 2376 2377
f 2229 2377 2230
f 2230 2377 2231
f 2231 2377 2378
f 2231 2378 2232
f 2232 2378 2233
f 2233 2378 2379
f 2233 2379 2238
f 2234 2380 2381
f 2234 2381 2235
f 2235 2381 2382
f 2235 2382 2236
f 2236 2383 2254
f 2236 2254 2253
f 2236 2253 2237
f 2236 2382 2383
f 2238 2379 2535
f 2238 2535 2380
f 2239 2384 2240
f 2239 2262 2385
f 2239 2385 2384
f 2240 2386 2241
f 2240 2384 2387
f 2240 2387 2388
f 2240 2388 2386
f 2241 2386 2242
f 2242 2386 2388
f 2242 2388 2389
f 2242 2389 2390
f 2242 2390 2391
f 2242 2391 2392
f 2242 2392 2243
f 2243 2392 2393
f 2243 2393 2244
f 2244 2393 2245
f 2245 2250 2246
f 2245 2393 2394
f 2245 2394 2395
f 2245 2395 2396
f 2245 2396 2250
f 2247 2251 2248
f 2250 2396 2251
f 2251 2397 2398
f 2251 2398 2399
f 2251 2399 2252
f 2251 2396 2400
f 2251 2400 2397
f 2252 2399 2401
f 2252 2401 2402
f 2252 2402 2403
f 2252 2403 2404
f 2252 2404 2263
f 2254 2383 2255
f 2255 2383 2405
f 2255 2405 2406
f 2255 2406 2256
f 2256 2406 2257
f 2257 2406 2407
f 2257 2407 2258
f 2258 2260 2259
f 2258 2407 2260
f 2260 2408 2261
f 2260 2407 2409
f 2260 2409 2410
f 2260 2410 2408
f 2261 2411 2385
f 2261 2385 2262
f 2261 2408 2411
f 2263 2404 2412
f 2263 2412 2413
f 2263 2413 2414
f 2263 2414 2264
f 2264 2414 2415
f 2264 2415 2416
f 2264 2416 2265
f 2265 2416 2266
f 2266 2416 2417
f 2267 2372 2373
f 2267 2373 2418
f 2267 2418 2268
f 2268 2418 2269
f 2269 2418 2374
f 2270 2273 2419
f 2270 2419 2420
f 2270 2420 2284
f 2270 2284 2283
f 2271 2276 2272
f 2272 2276 2421
f 2272 2421 2422
f 2272 2422 2419
f 2272 2419 2273
f 2274 2282 2281
f 2274 2281 2275
f 2275 2281 2279
f 2275 2279 2278
f 2275 2278 2423
f 2275 2423 2424
f 2275 2424 2425
f 2275 2425 2421
f 2275 2421 2276
f 2277 2280 2426
f 2277 2426 2278
f 2278 2426 2427
f 2278 2427 2423
f 2280 2428 2429
f 2280 2429 2430
f 2280 2430 2431
f 2280 2431 2432
f 2280 2432 2426
f 2284 2433 2434
f 2284 2434 2286
f 2284 2286 2285
f 2284 2420 2435
f 2284 2435 2436
f 2284 2436 2433
f 2286 2434 2437
f 2286 2437 2438
f 2286 2438 2287
f 2287 2438 2288
f 2288 2439 2440
f 2288 2440 2441
f 2288 2441 2290
f 2288 2290 2442
f 2288 2442 2289
f 2288 2438 2439
f 2289 2442 2290
f 2290 2441 2443
f 2290 2443 2294
f 2290 2294 2291
f 2293 2294 2444
f 2293 2444 2445
f 2293 2445 2295
f 2294 2443 2441
f 2294 2441 2444
f 2295 2445 2446
f 2295 2446 2447
f 2295 2447 2301
f 2295 2301 2300
f 2297 2301 2448
f 2297 2448 2449
f 2297 2449 2450
f 2297 2450 2451
f 2297 2451 2452
f 2297 2452 2298
f 2298 2452 2299
f 2299 2452 2302
f 2301 2447 2448
f 2302 2452 2451
f 2302 2451 2303
f 2303 2451 2453
f 2303 2453 2454
f 2303 2454 2305
f 2304 2455 2306
f 2304 2305 2456
f 2304 2456 2457
f 2304 2457 2455
f 2305 2454 2456
f 2306 2455 2458
f 2306 2458 2459
f 2306 2459 2460
f 2306 2460 2308
f 2306 2308 2307
f 2308 2460 2309
f 2309 2461 2462
f 2309 2462 2310
f 2309 2460 2461
f 2310 2462 2463
f 2310 2463 2464
f 2310 2464 2311
f 2311 2464 2465
f 2311 2465 2312
f 2312 2465 2313
f 2313 2465 2314
f 2314 2465 2466
f 2314 2466 2467
f 2314 2467 2315
f 2315 2467 2318
f 2315 2318 2316
f 2317 2468 2319
f 2317 2318 2469
f 2317 2469 2468
f 2318 2467 2469
f 2319 2468 2470
f 2319 2470 2471
f 2319 2471 2472
f 2319 2472 2320
f 2320 2472 2471
f 2320 2471 2473
f 2320 2473 2474
f 2320 2474 2475
f 2320 2475 2476
f 2320 2476 2321
f 2322 2476 2324
f 2323 2477 2478
f 2323 2478 2325
f 2324 2476 2475
f 2324 2475 2634
f 2324 2634 2477
f 2325 2479 2480
f 2325 2480 2326
f 2325 2478 2479
f 2326 2480 2481
f 2326 2481 2482
f 2326 2482 2327
f 2327 2482 2331
f 2328 2483 2329
f 2328 2331 2483
f 2329 2483 2484
f 2329 2484 2485
f 2329 2485 2486
f 2329 2486 2487
f 2329 2487 2488
f 2329 2488 2330
f 2330 2485 2335
f 2330 2335 2332
f 2330 2488 2486
f 2330 2486 2485
f 2331 2482 2483
f 2333 2489 2491
f 2333 2491 2334
f 2333 2337 2494
f 2333 2494 2489
f 2334 2490 2338
f 2334 2491 2490
f 2335 2485 2336
f 2336 2492 2494
f 2336 2494 2337
f 2336 2485 2493
f 2336 2493 2649
f 2336 2649 2492
f 2338 2495 2498
f 2338 2498 2339
f 2338 2490 2495
f 2339 2496 2497
f 2339 2497 2340
f 2339 2498 2651
f 2339 2651 2496
f 2340 2497 2341
f 2341 2497 2499
f 2341 2499 2342
f 2342 2499 2500
f 2342 2500 2501
f 2342 2501 2502
f 2342 2502 2503
f 2342 2503 2343
f 2343 2503 2504
f 2343 2504 2344
f 2344 2504 2345
f 2345 2504 2346
f 2346 2505 2506
f 2346 2506 2507
f 2346 2507 2348
f 2346 2348 2508
f 2346 2508 2347
f 2346 2504 2509
f 2346 2509 2505
f 2347 2508 2348
f 2348 2507 2510
f 2348 2510 2511
f 2348 2511 2512
f 2348 2512 2513
f 2348 2513 2514
f 2348 2514 2349
f 2349 2514 2350
f 2350 2514 2351
f 2351 2514 2513
f 2351 2513 2515
f 2351 2515 2516
f 2351 2516 2352
f 2352 2516 2517
f 2352 2517 2518
f 2352 2518 2353
f 2353 2518 2354
f 2354 2518 2519
f 2354 2519 2520
f 2354 2520 2521
f 2354 2521 2356
f 2354 2356 2355
f 2356 2521 2357
f 2357 2521 2522
f 2357 2522 2359
f 2359 2522 2521
f 2359 2521 2523
f 2359 2523 2361
f 2359 2361 2360
f 2361 2523 2362
f 2362 2524 2525
f 2362 2523 2521
f 2362 2521 2524
f 2363 2525 2364
f 2364 2526 2527
f 2364 2527 2365
f 2364 2525 2528
f 2364 2528 2529
f 2364 2529 2526
f 2365 2527 2530
f 2365 2530 2366
f 2366 2530 2532
f 2366 2532 2531
f 2366 2531 2367
f 2367 2531 2370
f 2370 2531 2532
f 2370 2532 2374
f 2370 2374 2418
f 2370 2418 2373
f 2374 2532 2375
f 2375 2532 2530
f 2375 2530 2376
f 2376 2530 2377
f 2377 2530 2527
f 2377 2527 2533
f 2377 2533 2378
f 2378 2533 2534
f 2378 2534 2379
f 2379 2534 2536
f 2379 2536 2675
f 2379 2675 2535
f 2380 2535 2381
f 2381 2535 2537
f 2381 2537 2382
f 2382 2538 2383
f 2382 2537 2539
f 2382 2539 2538
f 2383 2538 2405
f 2384 2385 2540
f 2384 2540 2387
f 2385 2411 2540
f 2387 2540 2388
f 2388 2540 2389
f 2389 2541 2390
f 2389 2540 2542
f 2389 2542 2541
f 2390 2543 2544
f 2390 2544 2545
f 2390 2545 2546
f 2390 2546 2547
f 2390 2547 2392
f 2390 2392 2391
f 2390 2541 2548
f 2390 2548 2549
f 2390 2549 2543
f 2392 2547 2546
f 2392 2546 2393
f 2393 2546 2550
f 2393 2550 2395
f 2393 2395 2394
f 2395 2551 2396
f 2395 2550 2545
f 2395 2545 2552
f 2395 2552 2553
f 2395 2553 2554
f 2395 2554 2551
f 2396 2551 2400
f 2397 2555 2556
f 2397 2556 2557
f 2397 2557 2398
f 2397 2400 2558
f 2397 2558 2555
f 2398 2557 2559
f 2398 2559 2399
f 2399 2559 2560
f 2399 2560 2401
f 2400 2551 2554
f 2400 2554 2561
f 2400 2561 2558
f 2401 2560 2562
f 2401 2562 2403
f 2401 2403 2402
f 2403 2563 2404
f 2403 2562 2563
f 2404 2563 2412
f 2405 2538 2564
f 2405 2564 2406
f 2406 2564 2407
f 2407 2564 2565
f 2407 2565 2566
f 2407 2566 2567
f 2407 2567 2409
f 2408 2410 2568
f 2408 2568 2569
f 2408 2569 2570
f 2408 2570 2411
f 2409 2567 2410
f 2410 2567 2571
f 2410 2571 2568
f 2411 2570 2572
f 2411 2572 2573
f 2411 2573 2574
f 2411 2574 2540
f 2412 2575 2413
f 2412 2563 2575
f 2413 2575 2414
f 2414 2575 2576
f 2414 2576 2577
f 2414 2577 2578
f 2414 2578 2415
f 2415 2578 2579
f 2415 2579 2416
f 2416 2579 2580
f 2416 2580 2417
f 2417 2580 2428
f 2419 2581 2420
f 2419 2422 2581
f 2420 2581 2582
f 2420 2582 2583
f 2420 2583 2584
f 2420 2584 2435
f 2421 2425 2585
f 2421 2585 2422
f 2422 2586 2582
f 2422 2582 2581
f 2422 2585 2425
f 2422 2425 2586
f 2423 2427 2424
f 2424 2427 2587
f 2424 2587 2588
f 2424 2588 2583
f 2424 2583 2586
f 2424 2586 2425
f 2426 2432 2589
f 2426 2589 2427
f 2427 2589 2590
f 2427 2590 2591
f 2427 2591 2587
f 2428 2580 2592
f 2428 2592 2593
f 2428 2593 2594
f 2428 2594 2429
f 2429 2595 2596
f 2429 2596 2430
f 2429 2594 2595
f 2430 2596 2431
f 2431 2596 2432
f 2432 2597 2589
f 2432 2596 2597
f 2433 2437 2434
f 2433 2436 2598
f 2433 2598 2437
f 2435 2599 2600
f 2435 2600 2601
f 2435 2601 2436
f 2435 2584 2599
f 2436 2601 2602
f 2436 2602 2598
f 2437 2598 2439
f 2437 2439 2438
f 2439 2598 2440
f 2440 2598 2441
f 2441 2598 2603
f 2441 2603 2604
f 2441 2604 2445
f 2441 2445 2444
f 2445 2604 2605
f 2445 2605 2446
f 2446 2606 2447
f 2446 2605 2606
f 2447 2606 2607
f 2447 2607 2448
f 2448 2607 2449
f 2449 2608 2451
f 2449 2451 2450
f 2449 2607 2609
f 2449 2609 2610
f 2449 2610 2611
f 2449 2611 2608
f 2451 2608 2611
f 2451 2611 2612
f 2451 2612 2453
f 2453 2612 2597
f 2453 2597 2454
f 2454 2597 2613
f 2454 2613 2614
f 2454 2614 2456
f 2455 2457 2456
f 2455 2456 2615
f 2455 2615 2458
f 2456 2614 2615
f 2458 2615 2459
f 2459 2615 2616
f 2459 2616 2617
f 2459 2617 2460
f 2460 2617 2461
f 2461 2617 2618
f 2461 2618 2619
f 2461 2619 2620
f 2461 2620 2462
f 2462 2620 2621
f 2462 2621 2463
f 2463 2621 2622
f 2463 2622 2465
f 2463 2465 2464
f 2465 2622 2623
f 2465 2623 2624
f 2465 2624 2625
f 2465 2625 2466
f 2466 2625 2467
f 2467 2625 2626
f 2467 2626 2469
f 2468 2627 2628
f 2468 2628 2470
f 2468 2469 2629
f 2468 2629 2627
f 2469 2626 2629
f 2470 2628 2630
f 2470 2630 2631
f 2470 2631 2632
f 2470 2632 2471
f 2471 2632 2474
f 2471 2474 2473
f 2474 2632 2633
f 2474 2633 2634
f 2474 2634 2475
f 2477 2634 2478
f 2478 2634 2479
f 2479 2635 2636
f 2479 2636 2480
f 2479 2634 2635
f 2480 2636 2481
f 2481 2636 2637
f 2481 2637 2638
f 2481 2638 2639
f 2481 2639 2640
f 2481 2640 2482
f 2482 2640 2483
f 2483 2640 2641
f 2483 2641 2484
f 2484 2641 2744
f 2484 2744 2642
f 2484 2642 2643
f 2484 2643 2485
f 2485 2644 2493
f 2485 2643 2644
f 2486 2488 2487
f 2489 2645 2490
f 2489 2490 2491
f 2489 2494 2646
f 2489 2646 2645
f 2490 2647 2648
f 2490 2648 2495
f 2490 2645 2647
f 2492 2646 2494
f 2492 2649 2650
f 2492 2650 2646
f 2493 2644 2745
f 2493 2745 2649
f 2495 2648 2498
f 2496 2651 2752
f 2496 2752 2652
f 2496 2652 2497
f 2497 2652 2499
f 2498 2648 2748
f 2498 2748 2651
f 2499 2652 2653
f 2499 2653 2500
f 2500 2654 2655
f 2500 2655 2501
f 2500 2653 2654
f 2501 2655 2502
f 2502 2656 2657
f 2502 2657 2658
f 2502 2658 2659
f 2502 2659 2503
f 2502 2655 2656
f 2503 2659 2509
f 2503 2509 2504
f 2505 2509 2659
f 2505 2659 2658
f 2505 2658 2660
f 2505 2660 2506
f 2506 2660 2510
f 2506 2510 2507
f 2510 2661 2511
f 2510 2660 2661
f 2511 2661 2662
f 2511 2662 2512
f 2512 2663 2515
f 2512 2515 2513
f 2512 2662 2663
f 2515 2663 2664
f 2515 2664 2665
f 2515 2665 2516
f 2516 2665 2666
f 2516 2666 2517
f 2517 2666 2519
f 2517 2519 2518
f 2519 2666 2667
f 2519 2667 2668
f 2519 2668 2669
f 2519 2669 2670
f 2519 2670 2520
f 2520 2670 2671
f 2520 2671 2521
f 2521 2671 2524
f 2524 2671 2669
f 2524 2669 2672
f 2524 2672 2673
f 2524 2673 2674
f 2524 2674 2528
f 2524 2528 2525
f 2526 2529 2675
f 2526 2675 2536
f 2526 2536 2534
f 2526 2534 2527
f 2527 2534 2533
f 2528 2674 2676
f 2528 2676 2529
f 2529 2676 2677
f 2529 2677 2675
f 2535 2675 2537
f 2537 2675 2677
f 2537 2677 2678
f 2537 2678 2539
f 2538 2539 2679
f 2538 2679 2564
f 2539 2678 2679
f 2540 2680 2542
f 2540 2574 2680
f 2541 2542 2680
f 2541 2680 2681
f 2541 2681 2682
f 2541 2682 2548
f 2543 2683 2544
f 2543 2549 2683
f 2544 2683 2684
f 2544 2684 2545
f 2545 2685 2552
f 2545 2550 2546
f 2545 2684 2685
f 2548 2682 2686
f 2548 2686 2687
f 2548 2687 2549
f 2549 2687 2688
f 2549 2688 2683
f 2552 2685 2647
f 2552 2647 2553
f 2553 2689 2554
f 2553 2647 2689
f 2554 2689 2690
f 2554 2690 2561
f 2555 2558 2691
f 2555 2691 2556
f 2556 2692 2693
f 2556 2693 2557
f 2556 2691 2692
f 2557 2693 2694
f 2557 2694 2562
f 2557 2562 2559
f 2558 2561 2690
f 2558 2690 2691
f 2559 2562 2560
f 2562 2694 2695
f 2562 2695 2696
f 2562 2696 2563
f 2563 2696 2575
f 2564 2679 2697
f 2564 2697 2698
f 2564 2698 2565
f 2565 2698 2566
f 2566 2698 2571
f 2566 2571 2567
f 2568 2699 2700
f 2568 2700 2570
f 2568 2570 2569
f 2568 2571 2699
f 2570 2700 2701
f 2570 2701 2572
f 2571 2698 2702
f 2571 2702 2703
f 2571 2703 2699
f 2572 2701 2704
f 2572 2704 2680
f 2572 2680 2574
f 2572 2574 2573
f 2575 2696 2705
f 2575 2705 2576
f 2576 2705 2577
f 2577 2706 2578
f 2577 2705 2706
f 2578 2706 2707
f 2578 2707 2708
f 2578 2708 2709
f 2578 2709 2710
f 2578 2710 2579
f 2579 2711 2712
f 2579 2712 2593
f 2579 2593 2592
f 2579 2592 2580
f 2579 2710 2711
f 2582 2586 2583
f 2583 2588 2713
f 2583 2713 2714
f 2583 2714 2599
f 2583 2599 2584
f 2587 2715 2588
f 2587 2591 2715
f 2588 2715 2600
f 2588 2600 2713
f 2589 2591 2590
f 2589 2597 2591
f 2591 2597 2612
f 2591 2612 2600
f 2591 2600 2715
f 2593 2712 2716
f 2593 2716 2717
f 2593 2717 2595
f 2593 2595 2594
f 2595 2717 2718
f 2595 2718 2616
f 2595 2616 2615
f 2595 2615 2596
f 2596 2615 2614
f 2596 2614 2597
f 2597 2614 2613
f 2598 2602 2719
f 2598 2719 2603
f 2599 2714 2600
f 2600 2612 2611
f 2600 2611 2720
f 2600 2720 2721
f 2600 2721 2601
f 2600 2714 2713
f 2601 2721 2602
f 2602 2721 2719
f 2603 2719 2605
f 2603 2605 2604
f 2605 2719 2607
f 2605 2607 2606
f 2607 2719 2609
f 2609 2719 2720
f 2609 2720 2610
f 2610 2720 2611
f 2616 2718 2617
f 2617 2718 2618
f 2618 2718 2619
f 2619 2722 2621
f 2619 2621 2620
f 2619 2718 2723
f 2619 2723 2722
f 2621 2722 2724
f 2621 2724 2622
f 2622 2724 2725
f 2622 2725 2623
f 2623 2725 2624
f 2624 2725 2629
f 2624 2629 2625
f 2625 2629 2626
f 2627 2629 2726
f 2627 2726 2727
f 2627 2727 2728
f 2627 2728 2729
f 2627 2729 2730
f 2627 2730 2731
f 2627 2731 2628
f 2628 2731 2630
f 2629 2732 2727
f 2629 2727 2726
f 2629 2725 2733
f 2629 2733 2732
f 2630 2731 2631
f 2631 2731 2734
f 2631 2734 2632
f 2632 2734 2735
f 2632 2735 2736
f 2632 2736 2635
f 2632 2635 2633
f 2633 2635 2634
f 2635 2637 2636
f 2635 2736 2737
f 2635 2737 2637
f 2637 2737 2738
f 2637 2738 2638
f 2638 2738 2739
f 2638 2739 2639
f 2639 2739 2740
f 2639 2740 2741
f 2639 2741 2640
f 2640 2741 2742
f 2640 2742 2641
f 2641 2743 2744
f 2641 2742 2743
f 2642 2644 2643
f 2642 2744 2745
f 2642 2745 2644
f 2645 2646 2746
f 2645 2746 2647
f 2646 2650 2747
f 2646 2747 2746
f 2647 2685 2648
f 2647 2746 2689
f 2648 2685 2684
f 2648 2684 2748
f 2649 2745 2749
f 2649 2749 2650
f 2650 2749 2750
f 2650 2750 2751
f 2650 2751 2747
f 2651 2748 2752
f 2652 2752 2683
f 2652 2683 2653
f 2653 2683 2688
f 2653 2688 2654
f 2654 2688 2687
f 2654 2687 2655
f 2655 2687 2686
f 2655 2686 2656
f 2656 2686 2754
f 2656 2754 2657
f 2657 2753 2658
f 2657 2754 2821
f 2657 2821 2753
f 2658 2753 2660
f 2660 2753 2755
f 2660 2755 2756
f 2660 2756 2661
f 2661 2757 2758
f 2661 2758 2759
f 2661 2759 2663
f 2661 2663 2662
f 2661 2756 2757
f 2663 2759 2664
f 2664 2760 2761
f 2664 2761 2667
f 2664 2667 2762
f 2664 2762 2665
f 2664 2759 2760
f 2665 2762 2666
f 2666 2762 2667
f 2667 2761 2760
f 2667 2760 2763
f 2667 2763 2764
f 2667 2764 2668
f 2668 2764 2765
f 2668 2765 2672
f 2668 2672 2669
f 2669 2671 2670
f 2672 2765 2673
f 2673 2766 2676
f 2673 2676 2674
f 2673 2765 2827
f 2673 2827 2766
f 2676 2766 2678
f 2676 2678 2677
f 2678 2767 2697
f 2678 2697 2679
f 2678 2766 2767
f 2680 2704 2768
f 2680 2768 2681
f 2681 2768 2769
f 2681 2769 2682
f 2682 2769 2686
f 2683 2752 2770
f 2683 2770 2684
f 2684 2770 2748
f 2686 2769 2754
f 2689 2746 2747
f 2689 2747 2771
f 2689 2771 2690
f 2690 2771 2772
f 2690 2772 2691
f 2691 2772 2773
f 2691 2773 2774
f 2691 2774 2775
f 2691 2775 2776
f 2691 2776 2777
f 2691 2777 2778
f 2691 2778 2692
f 2692 2778 2694
f 2692 2694 2693
f 2694 2778 2779
f 2694 2779 2777
f 2694 2777 2780
f 2694 2780 2781
f 2694 2781 2782
f 2694 2782 2695
f 2695 2782 2696
f 2696 2782 2705
f 2697 2767 2698
f 2698 2767 2783
f 2698 2783 2784
f 2698 2784 2785
f 2698 2785 2702
f 2699 2703 2702
f 2699 2702 2786
f 2699 2786 2700
f 2700 2786 2701
f 2701 2787 2704
f 2701 2786 2787
f 2702 2785 2788
f 2702 2788 2789
f 2702 2789 2790
f 2702 2790 2787
f 2702 2787 2786
f 2704 2787 2791
f 2704 2791 2768
f 2705 2782 2792
f 2705 2792 2793
f 2705 2793 2794
f 2705 2794 2706
f 2706 2794 2707
f 2707 2794 2793
f 2707 2793 2708
f 2708 2792 2795
f 2708 2795 2796
f 2708 2796 2709
f 2708 2793 2792
f 2709 2797 2798
f 2709 2798 2710
f 2709 2796 2797
f 2710 2798 2799
f 2710 2799 2711
f 2711 2800 2712
f 2711 2799 2798
f 2711 2798 2801
f 2711 2801 2800
f 2712 2800 2716
f 2716 2800 2801
f 2716 2801 2722
f 2716 2722 2723
f 2716 2723 2718
f 2716 2718 2717
f 2719 2721 2720
f 2722 2802 2724
f 2722 2801 2803
f 2722 2803 2802
f 2724 2802 2725
f 2725 2802 2733
f 2727 2732 2733
f 2727 2733 2804
f 2727 2804 2805
f 2727 2805 2806
f 2727 2806 2807
f 2727 2807 2728
f 2728 2807 2729
f 2729 2807 2730
f 2730 2807 2808
f 2730 2808 2731
f 2731 2809 2810
f 2731 2810 2735
f 2731 2735 2734
f 2731 2808 2809
f 2733 2802 2804
f 2735 2811 2737
f 2735 2737 2812
f 2735 2812 2736
f 2735 2810 2811
f 2736 2812 2737
f 2737 2811 2813
f 2737 2813 2739
f 2737 2739 2738
f 2739 2814 2815
f 2739 2815 2741
f 2739 2741 2740
f 2739 2813 2816
f 2739 2816 2814
f 2741 2817 2750
f 2741 2750 2743
f 2741 2743 2742
f 2741 2815 2818
f 2741 2818 2817
f 2743 2819 2744
f 2743 2750 2819
f 2744 2819 2745
f 2745 2819 2749
f 2747 2751 2820
f 2747 2820 2771
f 2748 2770 2752
f 2749 2819 2750
f 2750 2817 2751
f 2751 2817 2818
f 2751 2818 2820
f 2753 2821 2791
f 2753 2791 2755
f 2754 2769 2821
f 2755 2791 2822
f 2755 2822 2756
f 2756 2822 2787
f 2756 2787 2757
f 2757 2823 2758
f 2757 2787 2837
f 2757 2837 2823
f 2758 2823 2824
f 2758 2824 2760
f 2758 2760 2759
f 2760 2824 2825
f 2760 2825 2763
f 2763 2826 2784
f 2763 2784 2764
f 2763 2825 2838
f 2763 2838 2826
f 2764 2784 2827
f 2764 2827 2765
f 2766 2827 2783
f 2766 2783 2767
f 2768 2791 2769
f 2769 2791 2821
f 2771 2820 2772
f 2772 2820 2828
f 2772 2828 2774
f 2772 2774 2773
f 2774 2828 2775
f 2775 2815 2814
f 2775 2814 2829
f 2775 2829 2830
f 2775 2830 2776
f 2775 2828 2815
f 2776 2830 2777
f 2777 2779 2778
f 2777 2830 2829
f 2777 2829 2831
f 2777 2831 2780
f 2780 2831 2811
f 2780 2811 2832
f 2780 2832 2781
f 2781 2832 2833
f 2781 2833 2834
f 2781 2834 2782
f 2782 2834 2835
f 2782 2835 2796
f 2782 2796 2792
f 2783 2827 2784
f 2784 2826 2785
f 2785 2826 2788
f 2787 2822 2791
f 2787 2790 2836
f 2787 2836 2837
f 2788 2838 2789
f 2788 2826 2838
f 2789 2838 2836
f 2789 2836 2790
f 2792 2796 2795
f 2796 2835 2839
f 2796 2839 2797
f 2797 2840 2798
f 2797 2839 2840
f 2798 2840 2805
f 2798 2805 2801
f 2801 2805 2803
f 2802 2803 2804
f 2803 2805 2804
f 2805 2840 2806
f 2806 2840 2841
f 2806 2841 2842
f 2806 2842 2807
f 2807 2842 2808
f 2808 2842 2843
f 2808 2843 2809
f 2809 2843 2844
f 2809 2844 2810
f 2810 2844 2845
f 2810 2845 2811
f 2811 2845 2832
f 2811 2831 2829
f 2811 2829 2813
f 2813 2829 2816
f 2814 2816 2829
f 2815 2828 2818
f 2818 2828 2820
f 2823 2837 2836
f 2823 2836 2824
f 2824 2836 2838
f 2824 2838 2825
f 2832 2845 2844
f 2832 2844 2843
f 2832 2843 2833
f 2833 2843 2842
f 2833 2842 2834
f 2834 2842 2835
f 2835 2842 2846
f 2835 2846 2840
f 2835 2840 2839
f 2840 2846 2842
f 2840 2842 2841

