# https://github.com/mikedh/trimesh
v 0.24617983 0.02589724 -0.03187784
v 0.24617983 0.02694280 -0.03187784
v 0.24618671 -0.01890564 -0.03187784
v 0.24549227 -0.01473416 -0.03185912
v 0.24617983 0.02764344 -0.03180919
v 0.24687426 0.02764344 -0.03180295
v 0.24687426 0.02694280 -0.03186536
v 0.24653736 0.02589185 -0.03187160
v 0.24618671 0.02589185 -0.03187784
v 0.24549227 0.02589185 -0.03185912
v 0.24541664 0.02694280 -0.03185288
v 0.24548540 0.02764344 -0.03179671
v 0.24688114 -0.01890564 -0.03186536
v 0.24618671 -0.01959549 -0.03185912
v 0.24549227 -0.01959549 -0.03183415
v 0.24541664 -0.01890564 -0.03184663
v 0.24549227 -0.01821039 -0.03185288
v 0.24478409 -0.00986206 -0.03180295
v 0.24408966 0.00333681 -0.03175926
v 0.24408966 0.00817658 -0.03176550
v 0.24617983 0.02833868 -0.03154083
v 0.24687426 0.02833868 -0.03153459
v 0.24756869 0.02764344 -0.03177175
v 0.24756869 0.02694280 -0.03183415
v 0.24722492 0.02589724 -0.03185288
v 0.24688114 0.02589185 -0.03186536
v 0.24408966 0.02626912 -0.03176550
v 0.24339523 0.02694280 -0.03171558
v 0.24408966 0.02763805 -0.03170310
v 0.24548540 0.02833868 -0.03152211
v 0.24339523 0.02827401 -0.03142850
v 0.24757557 -0.00708647 -0.03183415
v 0.24757557 -0.01403892 -0.03182791
v 0.24757557 -0.01681990 -0.03182167
v 0.24757557 -0.01890564 -0.03181543
v 0.24688114 -0.01959549 -0.03184663
v 0.24688114 -0.02016139 -0.03154707
v 0.24618671 -0.02016139 -0.03155331
v 0.23923551 -0.02133091 -0.03090427
v 0.24541664 -0.01959549 -0.03182791
v 0.23854108 -0.02133091 -0.03086059
v 0.24478409 -0.01959010 -0.03177175
v 0.24408966 -0.01959010 -0.03170310
v 0.24478409 -0.01889486 -0.03178423
v 0.24478409 -0.01402814 -0.03179671
v 0.24408966 -0.00083466 -0.03175302
v 0.24339523 0.01443379 -0.03170934
v 0.24339523 0.01928972 -0.03171558
v 0.24541664 0.02870517 -0.03129120
v 0.24617983 0.02871595 -0.03129744
v 0.24687426 0.02871056 -0.03129744
v 0.24756869 0.02869978 -0.03128496
v 0.24756869 0.02833868 -0.03150339
v 0.24896443 0.02829018 -0.03144098
v 0.24965886 0.02824706 -0.03141602
v 0.24965886 0.02764344 -0.03162821
v 0.24965886 0.02694280 -0.03168437
v 0.24932196 0.02589185 -0.03170934
v 0.24757557 0.02589185 -0.03183415
v 0.24339523 0.02763805 -0.03165317
v 0.24268017 0.02626912 -0.03165317
v 0.24270767 0.02694280 -0.03165317
v 0.24541664 0.02834407 -0.03151587
v 0.24339523 0.02861894 -0.03121631
v 0.24408966 0.02865666 -0.03124752
v 0.24475659 0.02840336 -0.03144098
v 0.24270767 0.02822011 -0.03139729
v 0.24270767 0.02857582 -0.03117887
v 0.24965886 0.02415643 -0.03168437
v 0.24965886 0.01511825 -0.03167189
v 0.24965886 0.01025693 -0.03165941
v 0.24827000 -0.01751514 -0.03174054
v 0.25218220 -0.01890564 -0.03128496
v 0.24965886 -0.01959549 -0.03157204
v 0.24757557 -0.01959549 -0.03179671
v 0.24965886 -0.02012366 -0.03142226
v 0.24757557 -0.02015600 -0.03152835
v 0.23970305 -0.02133091 -0.03070457
v 0.21539106 -0.02404721 -0.01076518
v 0.24896443 -0.02013983 -0.03145346
v 0.25104773 -0.02005899 -0.03134113
v 0.25313102 -0.02015600 -0.03083562
v 0.25243659 -0.02051170 -0.03029267
v 0.25174216 -0.02071651 -0.02999935
v 0.25382545 -0.02075423 -0.02935655
v 0.25451989 -0.02082430 -0.02883856
v 0.25660318 -0.02084046 -0.02814583
v 0.25799205 -0.02086741 -0.02744686
v 0.24023934 -0.01995659 -0.03127248
v 0.21073631 -0.02391787 -0.01076518
v 0.23506205 -0.02133091 -0.02976220
v 0.20894866 -0.00819671 -0.02502543
v 0.20896241 -0.00541573 -0.02571816
v 0.20885928 -0.00500613 -0.02576808
v 0.20865301 -0.00361564 -0.02593035
v 0.20934744 -0.00361564 -0.02610509
v 0.20934744 -0.00291500 -0.02619870
v 0.20934744 -0.00222515 -0.02626111
v 0.24061750 -0.01959010 -0.03132865
v 0.24201324 -0.01889486 -0.03148467
v 0.24408966 -0.01681451 -0.03171558
v 0.24408966 -0.01264304 -0.03172806
v 0.24408966 -0.00500074 -0.03174678
v 0.24270767 0.02137545 -0.03165317
v 0.24548540 0.02906088 -0.03094796
v 0.24617983 0.02906627 -0.03096044
v 0.24450219 0.02867822 -0.03126000
v 0.24473596 0.02903932 -0.03092299
v 0.24687426 0.02906627 -0.03095420
v 0.24756869 0.02939503 -0.03059223
v 0.24798123 0.02938425 -0.03057975
v 0.24896443 0.02934652 -0.03054855
v 0.24896443 0.02900159 -0.03088555
v 0.24793310 0.02868361 -0.03127248
v 0.24896443 0.02862972 -0.03123503
v 0.24965886 0.02859738 -0.03120383
v 0.25035330 0.02818239 -0.03137857
v 0.25035330 0.02764344 -0.03154707
v 0.25035330 0.02694280 -0.03160324
v 0.24270767 0.02763805 -0.03159076
v 0.24201324 0.01720399 -0.03155956
v 0.24198574 0.02626912 -0.03155956
v 0.24201324 0.02694280 -0.03155956
v 0.24270767 0.02895848 -0.03082938
v 0.24339523 0.02898542 -0.03086683
v 0.24339523 0.02968606 -0.03018034
v 0.24201324 0.02814466 -0.03135361
v 0.24201324 0.02849498 -0.03112894
v 0.24061750 0.02879679 -0.03067336
v 0.25035330 0.02485707 -0.03160324
v 0.25035330 0.01859986 -0.03159700
v 0.25035330 0.01581350 -0.03159076
v 0.25224408 -0.00917221 -0.03129744
v 0.25251910 -0.01959549 -0.03123503
v 0.25214782 -0.01996198 -0.03127872
v 0.21559045 -0.02417656 0.01076562
v 0.25938091 -0.02086741 -0.02675413
v 0.26076977 -0.02086202 -0.02606140
v 0.26214488 -0.02085663 -0.02536243
v 0.26284619 -0.02087280 -0.02466346
v 0.26492949 -0.02086202 -0.02327800
v 0.26562392 -0.02087280 -0.02258527
v 0.26770722 -0.02087280 -0.02050084
v 0.26910295 -0.02086741 -0.01910914
v 0.27117937 -0.02086741 -0.01632574
v 0.27326955 -0.02086741 -0.01285585
v 0.27465841 -0.02087280 -0.00868699
v 0.27535284 -0.02087280 -0.00660256
v 0.27604727 -0.02086741 -0.00312643
v 0.27604727 -0.02087280 -0.00241497
v 0.25382545 -0.02011827 -0.03073577
v 0.25243659 -0.02067878 -0.02994319
v 0.25451989 -0.02071112 -0.02929414
v 0.25660318 -0.02072728 -0.02862013
v 0.25799205 -0.02074884 -0.02800854
v 0.25938091 -0.02074884 -0.02732205
v 0.24021872 -0.01959010 -0.03127248
v 0.20934744 -0.00083466 -0.02632976
v 0.20934744 -0.00013941 -0.02636096
v 0.21073631 -0.02391787 0.01076562
v 0.21004188 -0.02372384 -0.01076518
v 0.21004188 -0.02368073 -0.01145791
v 0.23437449 -0.02133091 -0.02952505
v 0.20884553 -0.00969499 -0.02439511
v 0.20862551 -0.00917760 -0.02450120
v 0.20868739 -0.00844462 -0.02480700
v 0.20882490 -0.00778172 -0.02508784
v 0.20839174 -0.00443484 -0.02564951
v 0.20863238 -0.00424621 -0.02581801
v 0.20865301 -0.00291500 -0.02601148
v 0.20830236 -0.00397134 -0.02570568
v 0.20865301 -0.00222515 -0.02607388
v 0.20865301 -0.00083466 -0.02614877
v 0.24201324 0.01025693 -0.03155331
v 0.24021184 -0.01819961 -0.03127872
v 0.24541664 0.03009566 -0.02990574
v 0.24617983 0.03010644 -0.02991198
v 0.24687426 0.02975612 -0.03025523
v 0.24840751 0.03006332 -0.02986830
v 0.24896443 0.03004715 -0.02984957
v 0.24965886 0.02931418 -0.03051110
v 0.24965886 0.02896926 -0.03085435
v 0.24840064 0.02866205 -0.03125376
v 0.25035330 0.02892075 -0.03081066
v 0.25173528 0.02881835 -0.03070457
v 0.25035330 0.02853271 -0.03116014
v 0.25242972 0.02833868 -0.03092923
v 0.25104085 0.02808538 -0.03132241
v 0.25148776 0.02801531 -0.03128496
v 0.25194843 0.02786441 -0.03124752
v 0.25218907 0.02740091 -0.03129120
v 0.25259473 0.02694280 -0.03124127
v 0.25140526 0.02589185 -0.03143474
v 0.24201324 0.02763805 -0.03149715
v 0.24095440 0.02799915 -0.03126624
v 0.24131881 0.02804765 -0.03129744
v 0.24061750 -0.00500074 -0.03134737
v 0.24061750 0.02626912 -0.03133489
v 0.24061750 -0.00083466 -0.03134737
v 0.20934744 0.00055583 -0.02636096
v 0.24025310 0.02731468 -0.03126624
v 0.24270767 0.02929801 -0.03049238
v 0.24201324 0.02924951 -0.03044245
v 0.24339523 0.03002560 -0.02982461
v 0.24408966 0.03005254 -0.02985582
v 0.24270767 0.02999326 -0.02979341
v 0.23955179 0.02869439 -0.03057975
v 0.24061750 0.02983157 -0.02963115
v 0.25225095 -0.00778172 -0.03129744
v 0.25259473 -0.00848235 -0.03123503
v 0.25257410 -0.01264304 -0.03123503
v 0.25255348 -0.01543480 -0.03123503
v 0.25313102 -0.01890564 -0.03111022
v 0.25313102 -0.01959549 -0.03109774
v 0.25486366 -0.01995120 -0.03057351
v 0.25451989 -0.02002126 -0.03062968
v 0.23949678 -0.02133091 0.03080486
v 0.23922864 -0.02133091 0.03091095
v 0.23888486 -0.02133091 0.03091095
v 0.23853420 -0.02133091 0.03086103
v 0.27604727 -0.02087280 0.00241541
v 0.27604727 -0.02086741 0.00311438
v 0.27535284 -0.02087280 0.00659052
v 0.27465841 -0.02087280 0.00867495
v 0.27326955 -0.02086741 0.01285005
v 0.27188068 -0.02087280 0.01493448
v 0.27118625 -0.02086202 0.01632618
v 0.27049182 -0.02087280 0.01701891
v 0.26840852 -0.02087280 0.01980231
v 0.26631835 -0.02087280 0.02189298
v 0.26562392 -0.02087280 0.02258571
v 0.26284619 -0.02087280 0.02466390
v 0.26214488 -0.02085124 0.02535663
v 0.25938778 -0.02086202 0.02674833
v 0.25799205 -0.02086202 0.02744730
v 0.26076977 -0.02074345 -0.02661059
v 0.26214488 -0.02073806 -0.02589914
v 0.26283932 -0.02077040 -0.02536867
v 0.26561704 -0.02077040 -0.02328424
v 0.26635960 -0.02077579 -0.02262896
v 0.26706091 -0.02077579 -0.02194247
v 0.26774159 -0.02077579 -0.02122478
v 0.26910295 -0.02077040 -0.01980187
v 0.26978363 -0.02076501 -0.01909042
v 0.26979739 -0.02085663 -0.01841641
v 0.27049182 -0.02084046 -0.01771744
v 0.27257511 -0.02084585 -0.01424131
v 0.27330392 -0.02077040 -0.01357978
v 0.27371646 -0.02070573 -0.01336760
v 0.27379209 -0.02074884 -0.01285585
v 0.27396398 -0.02083507 -0.01146415
v 0.27465841 -0.02085663 -0.00937348
v 0.27535284 -0.02085124 -0.00729529
v 0.27654919 -0.02074884 -0.00312643
v 0.27656294 -0.02075962 -0.00241497
v 0.25660318 -0.02005899 -0.02996191
v 0.25590875 -0.02013444 -0.03006800
v 0.25799205 -0.02014522 -0.02939400
v 0.25799205 -0.02040391 -0.02883856
v 0.25708447 -0.02067878 -0.02855149
v 0.25853521 -0.02071112 -0.02789620
v 0.26127857 -0.02070034 -0.02649826
v 0.20865301 -0.00013941 -0.02617998
v 0.20865301 0.00055583 -0.02618622
v 0.21004188 -0.02368073 0.01146459
v 0.21004188 -0.02372384 0.01076562
v 0.23506205 -0.02133091 0.02976264
v 0.23437449 -0.02133091 0.02951925
v 0.20951933 -0.02351904 0.01146459
v 0.20951933 -0.02351365 -0.01145791
v 0.20955371 -0.02347593 -0.01190725
v 0.23380382 -0.02133091 -0.02928166
v 0.20899679 -0.01300414 -0.02292852
v 0.20884553 -0.01266999 -0.02301589
v 0.20881802 -0.01113398 -0.02371486
v 0.20837799 -0.00941473 -0.02425781
v 0.20825423 -0.00895124 -0.02437014
v 0.20848112 -0.00778172 -0.02489437
v 0.20836424 -0.00723199 -0.02496302
v 0.20827486 -0.00361564 -0.02573064
v 0.20830236 -0.00676849 -0.02501295
v 0.20826110 -0.00639662 -0.02505663
v 0.20819235 -0.00569059 -0.02514400
v 0.20813734 -0.00500613 -0.02523138
v 0.20824735 -0.00291500 -0.02577433
v 0.20818547 -0.00083466 -0.02583673
v 0.24617983 0.03040286 -0.02953129
v 0.24339523 0.03032202 -0.02948137
v 0.24540977 0.03038669 -0.02953129
v 0.24687426 0.03009566 -0.02990574
v 0.24820812 0.03029507 -0.02959370
v 0.24896443 0.03032741 -0.02950633
v 0.24965886 0.03000404 -0.02981213
v 0.25035330 0.03027351 -0.02941896
v 0.25035330 0.02927107 -0.03046742
v 0.25173528 0.02916867 -0.03036132
v 0.25242972 0.02875906 -0.03064840
v 0.25288350 0.02871056 -0.03059847
v 0.25311727 0.02838719 -0.03076073
v 0.25381858 0.02820934 -0.03069833
v 0.25437550 0.02808538 -0.03062968
v 0.25312415 0.02764344 -0.03106029
v 0.25242972 0.02763266 -0.03120383
v 0.25312415 0.02694280 -0.03112270
v 0.25313102 0.02589185 -0.03112270
v 0.25259473 0.02589724 -0.03124127
v 0.25225095 0.02589185 -0.03129744
v 0.24048686 0.02778357 -0.03122255
v 0.23923551 0.02763805 -0.03099164
v 0.23805979 0.02804765 -0.03060471
v 0.23854108 0.02815544 -0.03066088
v 0.23928364 0.02836024 -0.03071705
v 0.23992994 0.02833329 -0.03086683
v 0.20934744 0.00125108 -0.02633600
v 0.23998495 0.02758415 -0.03116639
v 0.20934744 0.00195171 -0.02629231
v 0.24201324 0.02993936 -0.02974348
v 0.24270767 0.03028968 -0.02944392
v 0.24061750 0.03016572 -0.02928166
v 0.24201324 0.03025734 -0.02939400
v 0.23960679 0.03007410 -0.02916933
v 0.24006745 0.03011722 -0.02922549
v 0.23909113 0.02860816 -0.03051734
v 0.23682907 0.02867283 -0.02986206
v 0.23728973 0.02874290 -0.02992446
v 0.23783977 0.02916328 -0.02964987
v 0.23783977 0.02984774 -0.02894466
v 0.23854108 0.02993397 -0.02903827
v 0.25313102 -0.01056270 -0.03112270
v 0.25382545 -0.00361564 -0.03094172
v 0.25382545 -0.01264304 -0.03092299
v 0.25382545 -0.01890564 -0.03090427
v 0.25382545 -0.01959549 -0.03089803
v 0.25487742 -0.01959549 -0.03057975
v 0.25705009 -0.01959549 -0.02991198
v 0.25701572 -0.01997815 -0.02989950
v 0.25590875 -0.02087280 0.02814003
v 0.25660318 -0.02083507 0.02814003
v 0.25382545 -0.02087280 0.02883900
v 0.25382545 -0.02074884 0.02935699
v 0.25243659 -0.02067878 0.02994363
v 0.25243659 -0.02051170 0.03029311
v 0.25313102 -0.02015600 0.03083606
v 0.25104773 -0.02005899 0.03133533
v 0.24965886 -0.02011827 0.03142270
v 0.24757557 -0.02015600 0.03152255
v 0.24688114 -0.02015600 0.03154751
v 0.24618671 -0.01959010 0.03185956
v 0.24549227 -0.01959010 0.03183459
v 0.24541664 -0.01959010 0.03182835
v 0.24478409 -0.01959010 0.03177218
v 0.24023247 -0.01995659 0.03127292
v 0.20934744 -0.00222515 0.02626155
v 0.20934744 -0.00291500 0.02619914
v 0.20934744 -0.00361564 0.02611177
v 0.20865301 -0.00361564 0.02593703
v 0.20885240 -0.00500613 0.02576852
v 0.20896241 -0.00542112 0.02571860
v 0.20882490 -0.00778711 0.02509452
v 0.20894866 -0.00819671 0.02502587
v 0.27656294 -0.02075962 0.00241541
v 0.27654919 -0.02074884 0.00311438
v 0.27535284 -0.02085124 0.00728949
v 0.27465841 -0.02085663 0.00936768
v 0.27396398 -0.02083507 0.01145211
v 0.27379209 -0.02074884 0.01285005
v 0.27371646 -0.02070573 0.01336179
v 0.27329705 -0.02077040 0.01359894
v 0.27257511 -0.02075962 0.01491576
v 0.27188068 -0.02081352 0.01562721
v 0.27049182 -0.02083507 0.01771788
v 0.26979739 -0.02085124 0.01841061
v 0.26910295 -0.02077040 0.01980231
v 0.26706779 -0.02077579 0.02194291
v 0.26633898 -0.02077040 0.02261067
v 0.26560329 -0.02075962 0.02327220
v 0.26492949 -0.02085124 0.02327220
v 0.25938778 -0.02074884 0.02732249
v 0.26423506 -0.02082430 0.02397741
v 0.26283932 -0.02077040 0.02536911
v 0.25799205 -0.02074884 0.02800273
v 0.26259867 -0.02069495 -0.02579929
v 0.26488823 -0.02073806 -0.02395825
v 0.26616021 -0.02071651 -0.02305333
v 0.26538327 -0.02070034 -0.02371486
v 0.26686840 -0.02071651 -0.02242301
v 0.26752845 -0.02071651 -0.02174276
v 0.27023055 -0.02069495 -0.01884703
v 0.27047119 -0.02074345 -0.01838521
v 0.26886918 -0.02071651 -0.02028241
v 0.27100748 -0.02072728 -0.01771744
v 0.27187381 -0.02081891 -0.01563301
v 0.27257511 -0.02075962 -0.01492156
v 0.27396398 -0.02039314 -0.01424131
v 0.27453465 -0.02012905 -0.01424131
v 0.27518783 -0.02012366 -0.01285585
v 0.27465841 -0.02037158 -0.01285585
v 0.27443152 -0.02072189 -0.01146415
v 0.27163316 -0.02070573 -0.01683125
v 0.27516032 -0.02073806 -0.00937348
v 0.27535284 -0.02080274 -0.00799426
v 0.27584100 -0.02073267 -0.00729529
v 0.27651481 -0.02072189 -0.00382540
v 0.27788305 -0.02008594 -0.00312643
v 0.27791055 -0.02010749 -0.00241497
v 0.25855584 -0.02006977 -0.02929414
v 0.25938091 -0.02040930 -0.02814583
v 0.26214488 -0.02038775 -0.02675413
v 0.20817172 -0.00013941 -0.02585546
v 0.20865301 0.00125108 -0.02616126
v 0.20817172 0.00055583 -0.02586170
v 0.20817860 0.00125108 -0.02584922
v 0.20955371 -0.02347593 0.01190769
v 0.23380382 -0.02133091 0.02929458
v 0.20883178 -0.00969499 0.02439555
v 0.20865301 -0.02301243 0.01215732
v 0.20865301 -0.02301782 -0.01215064
v 0.20933369 -0.02331963 -0.01213816
v 0.20894179 -0.02275374 -0.01323654
v 0.23066169 -0.02133091 -0.02774018
v 0.23363193 -0.02133091 -0.02920053
v 0.20881115 -0.01384490 -0.02233564
v 0.20867364 -0.01332212 -0.02256031
v 0.20849487 -0.01266999 -0.02280370
v 0.20832986 -0.01225500 -0.02290355
v 0.20859801 -0.01199630 -0.02318439
v 0.20824048 -0.01179689 -0.02300965
v 0.20817172 -0.00987284 -0.02380223
v 0.20812359 -0.00917760 -0.02400194
v 0.20819923 -0.00847696 -0.02445127
v 0.20815110 -0.00424621 -0.02538740
v 0.20808922 -0.00361564 -0.02535619
v 0.20814422 -0.00778172 -0.02454489
v 0.20799983 -0.00569059 -0.02466346
v 0.20795170 -0.00500613 -0.02466346
v 0.20805484 -0.00291500 -0.02535619
v 0.24541664 0.03042442 -0.02947513
v 0.24541664 0.03071545 -0.02900707
v 0.24617983 0.03072084 -0.02901955
v 0.24687426 0.03071545 -0.02900707
v 0.24687426 0.03038669 -0.02953129
v 0.24339523 0.03066695 -0.02891969
v 0.24478409 0.03070467 -0.02897586
v 0.24270767 0.03064539 -0.02888849
v 0.24756869 0.03036513 -0.02953129
v 0.24896443 0.03068311 -0.02893842
v 0.24965886 0.03065617 -0.02890721
v 0.25104085 0.03023579 -0.02936903
v 0.25104085 0.02990703 -0.02971852
v 0.25173528 0.03052682 -0.02883856
v 0.25173528 0.02985852 -0.02966235
v 0.25242972 0.02910938 -0.03029891
v 0.25381858 0.02928724 -0.02978717
v 0.25521432 0.02875906 -0.02994943
v 0.25561310 0.02870517 -0.02989950
v 0.25334417 0.02864050 -0.03054231
v 0.25521432 0.02833868 -0.03024274
v 0.25484304 0.02796142 -0.03056727
v 0.25465740 0.02765422 -0.03067336
v 0.25499430 0.02749253 -0.03061095
v 0.25348855 0.02589185 -0.03103533
v 0.25506306 0.02694280 -0.03062968
v 0.23744787 0.02737396 -0.03057975
v 0.23783977 0.02761649 -0.03064216
v 0.23759225 0.02783746 -0.03054231
v 0.20934744 0.00262540 -0.02622366
v 0.23594899 0.02809077 -0.02993070
v 0.23644403 0.02822550 -0.03001808
v 0.23709034 0.02840336 -0.03011169
v 0.20865301 0.00195171 -0.02611133
v 0.24061750 0.03049448 -0.02883856
v 0.23986806 0.03033280 -0.02889473
v 0.23783977 0.03017111 -0.02860141
v 0.23854108 0.03024656 -0.02869502
v 0.23923551 0.03031124 -0.02878240
v 0.23479390 0.02865127 -0.02915060
v 0.23644403 0.02929263 -0.02908196
v 0.23686344 0.02936269 -0.02915060
v 0.23735848 0.03011183 -0.02853276
v 0.23732411 0.02943275 -0.02923174
v 0.25506306 0.02554693 -0.03062968
v 0.25451989 0.01234266 -0.03076697
v 0.25541371 0.02485707 -0.03053606
v 0.25503555 0.01442301 -0.03062968
v 0.25537933 0.01372776 -0.03052358
v 0.25745575 -0.00778172 -0.02982461
v 0.25740075 -0.01890564 -0.02980589
v 0.25799205 -0.01890564 -0.02961866
v 0.25799205 -0.01959549 -0.02960618
v 0.25660318 -0.02072728 0.02861433
v 0.25451301 -0.02082430 0.02883900
v 0.25451301 -0.02071112 0.02929458
v 0.25382545 -0.02011827 0.03073621
v 0.25214782 -0.01996198 0.03127292
v 0.25174216 -0.01999970 0.03129788
v 0.24757557 -0.01959010 0.03180339
v 0.24688114 -0.01959010 0.03184707
v 0.24618671 -0.01890564 0.03187828
v 0.24549227 -0.01890564 0.03185331
v 0.24541664 -0.01890564 0.03184707
v 0.24478409 -0.01890564 0.03179091
v 0.24339523 -0.01959010 0.03163489
v 0.24061750 -0.01959010 0.03132909
v 0.24020497 -0.01890564 0.03127916
v 0.20934744 -0.00013941 0.02635516
v 0.20934744 -0.00083466 0.02633020
v 0.20934744 -0.00153529 0.02629899
v 0.20865301 -0.00083466 0.02616169
v 0.20865301 -0.00153529 0.02611801
v 0.20865301 -0.00222515 0.02607432
v 0.20865301 -0.00291500 0.02601816
v 0.20863238 -0.00425160 0.02581845
v 0.20827486 -0.00361564 0.02573732
v 0.20830236 -0.00397673 0.02570612
v 0.20838487 -0.00444023 0.02564995
v 0.20850863 -0.00500613 0.02558754
v 0.20861176 -0.00706491 0.02515693
v 0.20847425 -0.00778711 0.02490105
v 0.20868739 -0.00845001 0.02480744
v 0.20862551 -0.00918837 0.02450164
v 0.27791055 -0.02010749 0.00241541
v 0.27651481 -0.02072189 0.00380711
v 0.27584100 -0.02073267 0.00728949
v 0.27788305 -0.02008594 0.00311438
v 0.27535284 -0.02080274 0.00798222
v 0.27516032 -0.02073806 0.00936768
v 0.27443152 -0.02072189 0.01145211
v 0.27465841 -0.02037158 0.01285005
v 0.27518783 -0.02012366 0.01285005
v 0.27454152 -0.02012905 0.01424175
v 0.27397085 -0.02039314 0.01424175
v 0.27299452 -0.02067878 0.01467236
v 0.27163316 -0.02070034 0.01682544
v 0.27100748 -0.02072728 0.01771788
v 0.27047807 -0.02073806 0.01838565
v 0.26978363 -0.02075962 0.01909710
v 0.26886918 -0.02071112 0.02028909
v 0.26752845 -0.02071112 0.02174320
v 0.26686840 -0.02071112 0.02238601
v 0.26611896 -0.02071112 0.02303505
v 0.26536265 -0.02068956 0.02370282
v 0.26127169 -0.02070034 0.02649870
v 0.25853521 -0.02071112 0.02790288
v 0.26259867 -0.02068956 0.02579349
v 0.26354062 -0.02032846 -0.02606140
v 0.26423506 -0.02039852 -0.02536243
v 0.26701278 -0.02037697 -0.02327800
v 0.26770722 -0.02040391 -0.02258527
v 0.27169504 -0.02009133 -0.01897184
v 0.27089748 -0.02067878 -0.01809813
v 0.26840852 -0.02037697 -0.02188630
v 0.27327642 -0.02013983 -0.01629454
v 0.27187381 -0.02037697 -0.01771744
v 0.27191506 -0.02017217 -0.01841641
v 0.27439714 -0.02005360 -0.01473433
v 0.27507782 -0.02004821 -0.01339880
v 0.27579975 -0.02006977 -0.01146415
v 0.27654231 -0.02010749 -0.00937348
v 0.27509157 -0.02068956 -0.00989771
v 0.27577225 -0.02068417 -0.00799426
v 0.27665920 -0.02015600 -0.00868699
v 0.27722299 -0.02010749 -0.00660256
v 0.27715424 -0.02005360 -0.00729529
v 0.27782804 -0.02001587 -0.00382540
v 0.27798618 -0.01959549 -0.00312643
v 0.27804119 -0.01959549 -0.00241497
v 0.25866585 -0.01959549 -0.02934407
v 0.25901650 -0.01959549 -0.02916933
v 0.25992408 -0.02006977 -0.02859517
v 0.25938091 -0.02013983 -0.02873247
v 0.26214488 -0.02012905 -0.02730956
v 0.26266055 -0.02005360 -0.02718475
v 0.26287370 -0.02017756 -0.02679158
v 0.26076977 -0.02013444 -0.02802102
v 0.26130607 -0.02006438 -0.02788996
v 0.20799983 -0.00083466 -0.02535619
v 0.20798608 -0.00013941 -0.02535619
v 0.20797921 0.00055583 -0.02535619
v 0.20820610 0.00195171 -0.02582425
v 0.20798608 0.00125108 -0.02535619
v 0.20801358 0.00195171 -0.02535619
v 0.20894179 -0.02275913 0.01324322
v 0.20933369 -0.02331424 0.01214484
v 0.20868739 -0.02285075 0.01280012
v 0.20828861 -0.02274835 0.01253801
v 0.23083358 -0.02133091 0.02782799
v 0.23066169 -0.02133091 0.02774062
v 0.20879740 -0.01113937 0.02372778
v 0.20899679 -0.01300414 0.02292896
v 0.20881115 -0.01383951 0.02232984
v 0.20898991 -0.01507909 0.02154350
v 0.20837111 -0.00942551 0.02427697
v 0.20868739 -0.02285075 -0.01279344
v 0.20828861 -0.02274835 -0.01215064
v 0.20828861 -0.02274296 -0.01253133
v 0.20848112 -0.02261900 -0.01299939
v 0.20833673 -0.02201537 -0.01385438
v 0.20879740 -0.02215011 -0.01407281
v 0.20890053 -0.02138480 -0.01534593
v 0.23020102 -0.02133091 -0.02748431
v 0.20865301 -0.01804870 -0.01895312
v 0.20865301 -0.01769300 -0.01929636
v 0.20865301 -0.01734268 -0.01960841
v 0.20879740 -0.01664744 -0.02027617
v 0.20887303 -0.01587674 -0.02091274
v 0.20835049 -0.01363471 -0.02219210
v 0.20823360 -0.01317121 -0.02232940
v 0.20815797 -0.01264843 -0.02246046
v 0.20797921 -0.00987284 -0.02327176
v 0.20800671 -0.00847696 -0.02396449
v 0.20795170 -0.00778172 -0.02396449
v 0.20792420 -0.00430549 -0.02466346
v 0.24548540 0.03081246 -0.02866382
v 0.24270767 0.03079090 -0.02855149
v 0.24617983 0.03081246 -0.02867006
v 0.24687426 0.03081246 -0.02865758
v 0.24826312 0.03080707 -0.02861389
v 0.24896443 0.03080168 -0.02858893
v 0.24826312 0.03069389 -0.02896338
v 0.24109879 0.03076396 -0.02846411
v 0.25137775 0.03076935 -0.02848908
v 0.25110273 0.03061844 -0.02877615
v 0.25173528 0.03019267 -0.02931287
v 0.25173528 0.03076396 -0.02844539
v 0.25242972 0.03042981 -0.02883856
v 0.25242972 0.03012800 -0.02924422
v 0.25242972 0.02944892 -0.02994943
v 0.25332354 0.02934652 -0.02984333
v 0.25381858 0.02997170 -0.02908196
v 0.25451301 0.02954054 -0.02935031
v 0.25465740 0.02951898 -0.02933159
v 0.25451301 0.02988547 -0.02898834
v 0.25506306 0.03013339 -0.02855773
v 0.25716698 0.02945431 -0.02857021
v 0.25766889 0.02869439 -0.02919429
v 0.25607376 0.02859738 -0.02981213
v 0.25586750 0.02835485 -0.03004304
v 0.25660318 0.02810155 -0.02994943
v 0.25696071 0.02799376 -0.02988078
v 0.25590187 0.02764344 -0.03031764
v 0.25522119 0.02769194 -0.03051110
v 0.25541371 0.02694280 -0.03053606
v 0.23718659 0.02761649 -0.03046742
v 0.20891428 0.00523931 -0.02574312
v 0.23644403 0.02763805 -0.03022402
v 0.20865301 0.00262540 -0.02603020
v 0.23548833 0.02784285 -0.02984957
v 0.23395508 0.02804226 -0.02920677
v 0.23449137 0.02820934 -0.02931287
v 0.20824735 0.00262540 -0.02577433
v 0.24061750 0.03074779 -0.02841419
v 0.23992994 0.03071545 -0.02831434
v 0.23783977 0.03049448 -0.02813959
v 0.23713847 0.03031663 -0.02818952
v 0.23332253 0.02868361 -0.02848908
v 0.23367318 0.02875906 -0.02856397
v 0.23437449 0.02924951 -0.02835178
v 0.23482828 0.02934113 -0.02844539
v 0.23533707 0.03009566 -0.02782131
v 0.23576335 0.03016572 -0.02789620
v 0.25590875 0.02485707 -0.03038004
v 0.25590875 0.01650874 -0.03036756
v 0.25713260 0.00471113 -0.02994943
v 0.25799205 -0.00917221 -0.02963739
v 0.25799205 -0.01264304 -0.02963115
v 0.25708447 -0.02067878 0.02855192
v 0.25799205 -0.02040930 0.02883900
v 0.25799205 -0.02014522 0.02939444
v 0.25590875 -0.02013444 0.03006844
v 0.25660318 -0.02005899 0.02995611
v 0.25451301 -0.02002126 0.03063012
v 0.25487054 -0.01995659 0.03058019
v 0.25313102 -0.01959010 0.03109818
v 0.25251910 -0.01959010 0.03123547
v 0.24965886 -0.01959010 0.03157248
v 0.24688114 -0.01890564 0.03186580
v 0.24757557 -0.01890564 0.03181587
v 0.24618671 0.02589724 0.03187828
v 0.24549227 -0.01542941 0.03185956
v 0.24478409 -0.00292039 0.03181587
v 0.24408966 -0.00223054 0.03175346
v 0.24408966 -0.00570137 0.03174722
v 0.24408966 -0.01333829 0.03172850
v 0.24201324 -0.01890564 0.03148511
v 0.24061750 -0.01680912 0.03133533
v 0.24339523 0.00817658 0.03170354
v 0.24270767 0.01720938 0.03164737
v 0.24201324 0.01095217 0.03155375
v 0.24201324 0.02137545 0.03155999
v 0.24020497 -0.00986745 0.03127916
v 0.20934744 0.00054505 0.02635516
v 0.20865301 -0.00013941 0.02618666
v 0.20817172 -0.00013941 0.02586214
v 0.20818547 -0.00083466 0.02584341
v 0.20821985 -0.00222515 0.02579973
v 0.20824048 -0.00291500 0.02576852
v 0.20815110 -0.00425160 0.02539408
v 0.20813734 -0.00500613 0.02523181
v 0.20818547 -0.00569598 0.02515693
v 0.20824735 -0.00639662 0.02507579
v 0.20828861 -0.00681700 0.02502587
v 0.20835736 -0.00727510 0.02496346
v 0.20825423 -0.00895663 0.02437058
v 0.27804119 -0.01959549 0.00241541
v 0.27722299 -0.02010749 0.00659052
v 0.27577225 -0.02068417 0.00798222
v 0.27665920 -0.02015600 0.00867495
v 0.27798618 -0.01959549 0.00311438
v 0.27782804 -0.02001587 0.00380711
v 0.27715424 -0.02005360 0.00728949
v 0.27509157 -0.02068956 0.00989190
v 0.27654231 -0.02010749 0.00936768
v 0.27507782 -0.02004821 0.01339300
v 0.27439714 -0.02004821 0.01472853
v 0.27304953 -0.02007516 0.01688161
v 0.27245135 -0.02011827 0.01771788
v 0.27191506 -0.02016678 0.01842309
v 0.27188068 -0.02037697 0.01771788
v 0.27089748 -0.02067878 0.01809857
v 0.27023055 -0.02068956 0.01884747
v 0.26840852 -0.02037697 0.02189298
v 0.26770722 -0.02039852 0.02258571
v 0.26769346 -0.02014522 0.02327220
v 0.26423506 -0.02039314 0.02535663
v 0.26214488 -0.02038775 0.02674833
v 0.26076977 -0.02039852 0.02744730
v 0.25938778 -0.02040930 0.02814003
v 0.26354062 -0.02032307 0.02605560
v 0.26287370 -0.02017756 0.02679826
v 0.26354062 -0.02009133 -0.02657939
v 0.26420068 -0.02012366 -0.02604892
v 0.26493636 -0.02017217 -0.02538116
v 0.26769346 -0.02014522 -0.02327176
v 0.26816100 -0.02005899 -0.02304085
v 0.26840165 -0.02015061 -0.02256655
v 0.27230697 -0.02004282 -0.01819174
v 0.26883481 -0.02003743 -0.02232940
v 0.27017554 -0.01998892 -0.02088153
v 0.27084247 -0.01996198 -0.02015760
v 0.27304953 -0.02007516 -0.01688741
v 0.27365458 -0.01999970 -0.01603866
v 0.27476842 -0.01959549 -0.01424131
v 0.27498844 -0.01959549 -0.01384814
v 0.27572412 -0.01997815 -0.01186356
v 0.27645293 -0.02002126 -0.00986650
v 0.27599227 -0.02049015 -0.00863082
v 0.27711986 -0.01998892 -0.00777583
v 0.27779367 -0.01996198 -0.00419985
v 0.27786930 -0.01959549 -0.00382540
v 0.27799306 -0.01890564 -0.00312643
v 0.27804806 -0.01821039 -0.00241497
v 0.25868648 -0.00848235 -0.02935655
v 0.25905088 -0.00848235 -0.02918805
v 0.25904401 -0.00986206 -0.02918805
v 0.25901650 -0.01890564 -0.02917557
v 0.26002721 -0.01959549 -0.02864510
v 0.26274306 -0.01959549 -0.02722843
v 0.26308684 -0.01959549 -0.02704121
v 0.26393941 -0.02000509 -0.02644833
v 0.20792420 0.00401050 -0.02466346
v 0.20813047 0.00471113 -0.02525010
v 0.20815797 0.00540638 -0.02519393
v 0.20819235 0.00610162 -0.02513776
v 0.20793795 0.00471113 -0.02466346
v 0.20796546 0.00540638 -0.02466346
v 0.20890053 -0.02138480 0.01535261
v 0.20879740 -0.02215011 0.01407325
v 0.20832986 -0.02201537 0.01386106
v 0.20848112 -0.02261900 0.01299983
v 0.23020102 -0.02133091 0.02748475
v 0.20821298 -0.02215550 0.01339300
v 0.20816485 -0.02238186 0.01280012
v 0.20813734 -0.02238186 0.01215732
v 0.20886615 -0.01586596 0.02091317
v 0.20879052 -0.01664205 0.02027661
v 0.20865301 -0.01734268 0.01960885
v 0.20865301 -0.01768761 0.01930304
v 0.20865301 -0.01804870 0.01895356
v 0.20865301 -0.01840441 0.01859159
v 0.20833673 -0.01086451 0.02359672
v 0.20859113 -0.01200708 0.02319731
v 0.20883178 -0.01264843 0.02302257
v 0.20835049 -0.01364010 0.02219878
v 0.20813734 -0.02238186 -0.01215064
v 0.20816485 -0.02238725 -0.01279344
v 0.20821985 -0.02215550 -0.01339256
v 0.20825423 -0.02140097 -0.01467817
v 0.20843987 -0.02123929 -0.01514623
v 0.20865989 -0.02152493 -0.01492156
v 0.20862551 -0.02100215 -0.01563925
v 0.20881802 -0.02075423 -0.01611355
v 0.20879052 -0.02010210 -0.01683125
v 0.20865301 -0.01840441 -0.01857243
v 0.20827486 -0.01790858 -0.01880334
v 0.20828861 -0.01719717 -0.01947735
v 0.20859801 -0.01686302 -0.01997037
v 0.20833673 -0.01643186 -0.02011391
v 0.20841237 -0.01565577 -0.02075047
v 0.20828861 -0.01442158 -0.02155554
v 0.20820610 -0.01404970 -0.02169908
v 0.20811672 -0.01338140 -0.02192999
v 0.20796546 -0.01266999 -0.02188630
v 0.20793108 -0.00917221 -0.02327176
v 0.20792420 -0.00708108 -0.02396449
v 0.20791733 -0.00500613 0.00380711
v 0.24541664 0.03081246 -0.02865758
v 0.24339523 0.03085019 -0.02813959
v 0.24541664 0.03081785 -0.02860765
v 0.24541664 0.03086636 -0.02814583
v 0.24617983 0.03087175 -0.02814583
v 0.24061750 0.03081785 -0.02806470
v 0.24826312 0.03086097 -0.02814583
v 0.24965886 0.03085019 -0.02814583
v 0.25035330 0.03083941 -0.02814583
v 0.25173528 0.03082324 -0.02810215
v 0.23822480 0.03076396 -0.02778387
v 0.23992994 0.03080707 -0.02796485
v 0.25381858 0.03027890 -0.02873247
v 0.25242972 0.03072623 -0.02834554
v 0.25421736 0.03077474 -0.02780259
v 0.25447176 0.03058610 -0.02807718
v 0.25282850 0.03009027 -0.02919429
v 0.25451301 0.03020345 -0.02863886
v 0.25525557 0.03033819 -0.02820824
v 0.25590187 0.03028968 -0.02806470
v 0.25660318 0.03020345 -0.02795237
v 0.25711197 0.03013339 -0.02785876
v 0.25762764 0.02937347 -0.02848284
v 0.25812956 0.02856504 -0.02909444
v 0.25848709 0.02810694 -0.02925046
v 0.25793704 0.02833868 -0.02931911
v 0.25868648 0.02915789 -0.02825193
v 0.25911276 0.02871595 -0.02852652
v 0.25660318 0.02764344 -0.03007424
v 0.25799205 0.02764344 -0.02956874
v 0.25590187 0.02694280 -0.03038004
v 0.25590875 0.02589185 -0.03038004
v 0.20872177 0.00401050 -0.02585546
v 0.20847425 0.00471113 -0.02559334
v 0.20865301 0.00610162 -0.02543732
v 0.20865301 0.00679148 -0.02528754
v 0.20828173 0.00313201 -0.02573064
v 0.20859113 0.00334759 -0.02588666
v 0.20887990 0.00797178 -0.02506287
v 0.23253184 0.02806921 -0.02853900
v 0.23783977 0.03074240 -0.02770898
v 0.23576335 0.03048370 -0.02744686
v 0.23714534 0.03068850 -0.02757168
v 0.23286187 0.02853271 -0.02837674
v 0.23190616 0.02869978 -0.02780883
v 0.23297875 0.02928185 -0.02767777
v 0.23449137 0.02993936 -0.02764657
v 0.23487641 0.03001482 -0.02772770
v 0.23508955 0.03028429 -0.02747807
v 0.23437449 0.03020884 -0.02727212
v 0.25660318 0.01511825 -0.03013665
v 0.25713260 0.02694280 -0.02994943
v 0.25748325 0.00401589 -0.02982461
v 0.25774453 0.02589185 -0.02973100
v 0.25799205 0.02694280 -0.02963739
v 0.25855584 -0.02006977 0.02929458
v 0.25701572 -0.01997815 0.02989370
v 0.25799205 -0.01959010 0.02960662
v 0.25705009 -0.01959010 0.02990618
v 0.25740075 -0.01890564 0.02980633
v 0.25660318 -0.00569598 0.03009340
v 0.25504243 0.01511825 0.03063012
v 0.25382545 -0.01542941 0.03091095
v 0.25382545 -0.01959010 0.03089847
v 0.25313102 -0.01890564 0.03111066
v 0.25253285 -0.01890564 0.03123547
v 0.25174216 -0.01403353 0.03134781
v 0.24757557 -0.01821039 0.03182211
v 0.24688114 0.02694280 0.03186580
v 0.24757557 -0.00708647 0.03183459
v 0.24618671 0.02694280 0.03187204
v 0.24540977 0.02694280 0.03185331
v 0.24549227 0.02589724 0.03185956
v 0.24478409 0.02615055 0.03181587
v 0.24399340 0.02615055 0.03175970
v 0.24329897 0.02615055 0.03170978
v 0.24339523 0.01928972 0.03171602
v 0.24270767 0.02068021 0.03165361
v 0.24201324 0.02694280 0.03155999
v 0.20934744 0.00124569 0.02633644
v 0.20865301 0.00054505 0.02618666
v 0.24061750 0.02694280 0.03133533
v 0.24025310 0.02731468 0.03126668
v 0.20817172 0.00054505 0.02586214
v 0.20797921 -0.00013941 0.02535663
v 0.20799296 -0.00083466 0.02535663
v 0.20801358 -0.00153529 0.02535663
v 0.20805484 -0.00291500 0.02535663
v 0.20808922 -0.00361564 0.02535663
v 0.20794483 -0.00500613 0.02466390
v 0.20799296 -0.00569598 0.02466390
v 0.20813734 -0.00778711 0.02455157
v 0.20819235 -0.00848235 0.02445171
v 0.20824048 -0.01040101 0.02370282
v 0.20816485 -0.00987284 0.02382763
v 0.27799306 -0.01890564 0.00311438
v 0.27804806 -0.01821039 0.00241541
v 0.27599227 -0.02049015 0.00862502
v 0.27711986 -0.01998892 0.00777003
v 0.27786930 -0.01959549 0.00380711
v 0.27779367 -0.01996198 0.00419404
v 0.27645293 -0.02002126 0.00986070
v 0.27572412 -0.01997815 0.01185776
v 0.27498844 -0.01959010 0.01384858
v 0.27365458 -0.01999970 0.01603910
v 0.27230697 -0.02003743 0.01819842
v 0.27476842 -0.01959010 0.01424175
v 0.27169504 -0.02009133 0.01897228
v 0.26840165 -0.02014522 0.02257323
v 0.26816100 -0.02005899 0.02303505
v 0.26744594 -0.02002126 0.02369034
v 0.26546578 -0.02007516 0.02515693
v 0.26493636 -0.02016678 0.02538159
v 0.26214488 -0.02012905 0.02731000
v 0.25938778 -0.02013444 0.02872667
v 0.26420068 -0.02011827 0.02604312
v 0.26354062 -0.02009133 0.02657983
v 0.26266055 -0.02004821 0.02718519
v 0.26470259 -0.02005360 -0.02580553
v 0.26546578 -0.02007516 -0.02516273
v 0.26744594 -0.02002665 -0.02368990
v 0.26821601 -0.01959549 -0.02309702
v 0.27178442 -0.01959549 -0.01907170
v 0.27212820 -0.01959549 -0.01860364
v 0.26856666 -0.01959549 -0.02272257
v 0.26922671 -0.01959549 -0.02198615
v 0.27053995 -0.01959549 -0.02050708
v 0.27053995 -0.01890564 -0.02051332
v 0.27085622 -0.01681990 -0.02017008
v 0.27150252 -0.01959549 -0.01940246
v 0.27346206 -0.01959549 -0.01641935
v 0.27443839 -0.01959549 -0.01480298
v 0.27234134 -0.01959549 -0.01826039
v 0.27477529 -0.01890564 -0.01424131
v 0.27444527 -0.01890564 -0.01480922
v 0.27512595 -0.01890564 -0.01350489
v 0.27589601 -0.01959549 -0.01146415
v 0.27478904 -0.01125794 -0.01424131
v 0.27498844 -0.01681990 -0.01385438
v 0.27579288 0.01859986 -0.01201334
v 0.27668670 -0.01959549 -0.00937348
v 0.27692047 -0.01959549 -0.00868699
v 0.27705798 -0.01959549 -0.00819396
v 0.27713361 -0.01959549 -0.00785072
v 0.27788992 -0.01264304 -0.00382540
v 0.27799993 -0.01264304 -0.00312643
v 0.27806181 -0.00708647 -0.00241497
v 0.27790367 -0.00778172 -0.00382540
v 0.27815807 0.02589185 -0.00034302
v 0.27813744 0.01511825 -0.00034302
v 0.25868648 0.02589185 -0.02935655
v 0.25939466 0.00401589 -0.02903203
v 0.26048787 0.01928972 -0.02852028
v 0.26047412 0.01372776 -0.02852028
v 0.26083853 0.01789384 -0.02834554
v 0.26004784 -0.01403892 -0.02865758
v 0.26139545 -0.01890564 -0.02793989
v 0.26309371 -0.01890564 -0.02704745
v 0.26354062 -0.01959549 -0.02676037
v 0.26396691 -0.01959549 -0.02646706
v 0.26668963 -0.01997276 -0.02433894
v 0.20792420 0.00679148 -0.02396449
v 0.20800671 0.00610162 -0.02466346
v 0.20806859 0.00679148 -0.02466346
v 0.20816485 0.00742205 -0.02468218
v 0.20826110 0.00679148 -0.02505663
v 0.20837111 0.00401050 -0.02565575
v 0.20794483 0.00748673 -0.02396449
v 0.20886615 -0.02134169 0.01539006
v 0.20850863 -0.02134169 0.01507802
v 0.20832986 -0.02134169 0.01488455
v 0.20825423 -0.02140636 0.01468485
v 0.20843987 -0.02124468 0.01515291
v 0.20878365 -0.02009671 0.01683792
v 0.20881802 -0.02074884 0.01611399
v 0.20817172 -0.02154649 0.01424175
v 0.20809609 -0.02174051 0.01359270
v 0.20795170 -0.02169200 0.01285005
v 0.20840549 -0.01567194 0.02075715
v 0.20859801 -0.01685763 0.01998329
v 0.20828173 -0.01719717 0.01948403
v 0.20826798 -0.01790858 0.01881002
v 0.20829548 -0.01926673 0.01738712
v 0.20823360 -0.01180767 0.02302257
v 0.20832298 -0.01226578 0.02291023
v 0.20848800 -0.01264843 0.02281662
v 0.20823360 -0.01317660 0.02232984
v 0.20819923 -0.01404431 0.02170576
v 0.20828173 -0.01443235 0.02156846
v 0.20795170 -0.02168662 -0.01284961
v 0.20817172 -0.02154110 -0.01423507
v 0.20809609 -0.02174051 -0.01359226
v 0.20835736 -0.02059255 -0.01592633
v 0.20814422 -0.02100754 -0.01492156
v 0.20821985 -0.02078118 -0.01545827
v 0.20820610 -0.02012905 -0.01617596
v 0.20819923 -0.01817266 -0.01834776
v 0.20819923 -0.01746125 -0.01906545
v 0.20820610 -0.01682529 -0.01962089
v 0.20814422 -0.01542941 -0.02050708
v 0.20801358 -0.01404970 -0.02119357
v 0.20793108 -0.01334907 -0.02119357
v 0.20792420 -0.01195319 -0.02188006
v 0.20792420 -0.01404970 -0.02049460
v 0.20792420 -0.01682529 -0.01841017
v 0.20792420 -0.01751514 -0.01771120
v 0.20792420 -0.02099676 -0.01354234
v 0.20791733 -0.00500613 0.00450608
v 0.20792420 0.02486246 -0.00312019
v 0.20792420 0.02415643 -0.00659632
v 0.20792420 0.02277133 -0.01006621
v 0.20792420 0.02207609 -0.01145791
v 0.20792420 0.02137545 -0.01284961
v 0.20792420 0.01929511 -0.01563301
v 0.20792420 0.01512903 -0.01979563
v 0.20792420 0.01304868 -0.02118733
v 0.20792420 0.00887721 -0.02327176
v 0.24541664 0.03087175 -0.02807094
v 0.24061750 0.03087714 -0.02744686
v 0.25104085 0.03087714 -0.02744686
v 0.25242972 0.03087175 -0.02744686
v 0.23783977 0.03081246 -0.02735949
v 0.23992994 0.03086636 -0.02744686
v 0.25381858 0.03083941 -0.02744686
v 0.25447176 0.03081246 -0.02747807
v 0.23614838 0.03076396 -0.02708490
v 0.25465740 0.03073701 -0.02776514
v 0.25465740 0.03081246 -0.02742814
v 0.25629378 0.03077474 -0.02710986
v 0.25467803 0.03075318 -0.02772770
v 0.25655505 0.03058610 -0.02738445
v 0.25731824 0.03032741 -0.02749679
v 0.25799205 0.03025195 -0.02732829
v 0.25856272 0.03015494 -0.02720347
v 0.25757264 0.03004715 -0.02776514
v 0.25799205 0.02961599 -0.02805846
v 0.25956655 0.02859199 -0.02841419
v 0.25991033 0.02812849 -0.02857645
v 0.26037099 0.02787519 -0.02847036
v 0.25894775 0.02777818 -0.02914436
v 0.25870710 0.02758415 -0.02929414
v 0.25903026 0.03007410 -0.02709738
v 0.25933966 0.02960521 -0.02746558
v 0.26007534 0.02918484 -0.02757792
v 0.26052225 0.02873212 -0.02784628
v 0.25660318 0.02694280 -0.03013665
v 0.20830236 0.00714719 -0.02501295
v 0.20865301 0.00742205 -0.02511280
v 0.20841237 0.00761607 -0.02493182
v 0.20841237 0.01112463 -0.02355260
v 0.20896929 0.00994433 -0.02432646
v 0.23115673 0.02806921 -0.02784003
v 0.23163802 0.02831713 -0.02793365
v 0.20887303 0.01143184 -0.02367741
v 0.23576335 0.03073701 -0.02699128
v 0.23449137 0.03055377 -0.02678534
v 0.23506892 0.03066695 -0.02683526
v 0.23143862 0.02852732 -0.02767153
v 0.23057918 0.02866205 -0.02707865
v 0.23163802 0.02889380 -0.02744062
v 0.23196117 0.02936808 -0.02708490
v 0.23248371 0.03013877 -0.02647954
v 0.23297875 0.02993397 -0.02695384
v 0.23342566 0.03003098 -0.02705369
v 0.23388632 0.03012261 -0.02715979
v 0.23365943 0.03031663 -0.02679158
v 0.23297875 0.03023579 -0.02659811
v 0.25748325 0.02589185 -0.02982461
v 0.25903713 0.02731468 -0.02918805
v 0.25868648 0.02694280 -0.02935031
v 0.26129919 -0.02005899 0.02789040
v 0.25901650 -0.01959010 0.02917601
v 0.25866585 -0.01959010 0.02934451
v 0.25799205 -0.01890564 0.02961910
v 0.25745575 -0.00778172 0.02981881
v 0.25590875 0.01859986 0.03037424
v 0.25541371 0.02485707 0.03053650
v 0.25524182 0.02589724 0.03058643
v 0.25382545 0.00125108 0.03094840
v 0.25313102 -0.01125255 0.03112314
v 0.25257410 -0.01333290 0.03123547
v 0.25225095 -0.00778172 0.03129788
v 0.24965886 0.01511825 0.03167233
v 0.24965886 0.02589724 0.03168481
v 0.24688114 0.02764344 0.03180339
v 0.24757557 0.02589724 0.03183459
v 0.24756869 0.02694280 0.03183459
v 0.24860690 0.02590263 0.03176594
v 0.24618671 0.02764344 0.03180963
v 0.24549227 0.02764344 0.03179715
v 0.24478409 0.02694280 0.03180963
v 0.24270767 0.02694280 0.03164737
v 0.24270767 0.02615055 0.03165361
v 0.24339523 0.02694280 0.03170978
v 0.24201324 0.02763805 0.03150383
v 0.20934744 0.00193554 0.02629275
v 0.20865301 0.00124569 0.02616169
v 0.20817860 0.00124569 0.02584965
v 0.24048686 0.02778357 0.03122923
v 0.23997807 0.02758954 0.03116682
v 0.23922864 0.02763805 0.03099208
v 0.20798608 0.00124569 0.02535663
v 0.20797921 0.00054505 0.02535663
v 0.20792420 -0.00431088 0.02466390
v 0.20792420 -0.00708108 0.02397117
v 0.20795170 -0.00778711 0.02397117
v 0.20800671 -0.00848235 0.02397117
v 0.20812359 -0.00918837 0.02400862
v 0.20815797 -0.01125794 0.02315362
v 0.20797233 -0.00987284 0.02327844
v 0.27806181 -0.00708647 0.00241541
v 0.27799993 -0.01264304 0.00311438
v 0.27790367 -0.00778172 0.00380711
v 0.27788992 -0.01264304 0.00380711
v 0.27813744 0.01511825 0.00033722
v 0.27815807 0.02589185 0.00034346
v 0.27713361 -0.01959549 0.00783868
v 0.27705798 -0.01959549 0.00818816
v 0.27692047 -0.01959549 0.00867495
v 0.27668670 -0.01959549 0.00936768
v 0.27648043 -0.01959549 0.00992935
v 0.27498844 -0.01821039 0.01385482
v 0.27477529 -0.01890564 0.01424175
v 0.27600602 0.01650874 0.01145211
v 0.27601977 0.02276595 0.01145211
v 0.27579288 0.01859986 0.01200754
v 0.27444527 -0.01959010 0.01480342
v 0.27234822 -0.01959010 0.01826083
v 0.27212820 -0.01959010 0.01861032
v 0.27178442 -0.01959010 0.01907213
v 0.27084247 -0.01996198 0.02015180
v 0.27017554 -0.01998892 0.02088197
v 0.26950861 -0.02001587 0.02160590
v 0.26883481 -0.02003743 0.02232360
v 0.26822288 -0.01959010 0.02309746
v 0.26668963 -0.01997276 0.02433938
v 0.26470259 -0.02004821 0.02580597
v 0.26749407 -0.01959010 0.02372778
v 0.26393941 -0.01999970 0.02644877
v 0.26309371 -0.01959010 0.02703541
v 0.26274306 -0.01959010 0.02722263
v 0.26749407 -0.01959549 -0.02372734
v 0.26822288 -0.01890564 -0.02309702
v 0.27178442 -0.01890564 -0.01907794
v 0.27212820 -0.01890564 -0.01860988
v 0.27234822 -0.01890564 -0.01826039
v 0.26857353 -0.01611927 -0.02272881
v 0.26822976 -0.01543480 -0.02310326
v 0.27058807 0.00471113 -0.02056325
v 0.27089060 0.00471113 -0.02021376
v 0.27445902 -0.00708647 -0.01484043
v 0.27292577 -0.00764159 -0.01737420
v 0.27353769 0.02589724 -0.01653793
v 0.27600602 0.01650874 -0.01146415
v 0.27650793 -0.00152990 -0.01001004
v 0.27648043 -0.01890564 -0.00994139
v 0.27499531 0.02589724 -0.01386062
v 0.27445902 -0.00500613 -0.01484667
v 0.27445902 0.00194093 -0.01485915
v 0.27446589 0.02589724 -0.01486539
v 0.27553160 0.02589724 -0.01262494
v 0.27553160 0.02694280 -0.01262494
v 0.27601977 0.02693741 -0.01146415
v 0.27601977 0.02346119 -0.01146415
v 0.27669357 -0.01890564 -0.00937348
v 0.27693422 -0.01890564 -0.00868699
v 0.27706486 -0.01890564 -0.00820020
v 0.27760115 0.02137006 -0.00590983
v 0.27782804 0.00125108 -0.00437459
v 0.27777991 0.01234266 -0.00479272
v 0.27782804 0.01303252 -0.00444948
v 0.27795868 0.02589185 -0.00346967
v 0.27799993 0.02693741 -0.00312643
v 0.27806181 0.02693741 -0.00241497
v 0.27815807 0.02693741 -0.00034302
v 0.25905088 0.02694280 -0.02918805
v 0.25974531 0.02589185 -0.02886977
v 0.26049475 0.02485707 -0.02852028
v 0.26083853 0.02485707 -0.02835178
v 0.26146420 0.02415643 -0.02801478
v 0.26180798 0.00817119 -0.02780259
v 0.26310059 -0.01611927 -0.02705369
v 0.26175985 -0.01473416 -0.02776514
v 0.26354062 -0.01890564 -0.02676661
v 0.26397379 -0.01821039 -0.02647330
v 0.26431756 -0.01890564 -0.02620494
v 0.26704716 -0.01959549 -0.02407683
v 0.20799983 0.00817658 -0.02396449
v 0.20814422 0.00957246 -0.02385216
v 0.20819235 0.00817658 -0.02447000
v 0.20795170 0.00957246 -0.02327176
v 0.20835049 -0.02059794 0.01592677
v 0.20821985 -0.02078118 0.01545871
v 0.20823360 -0.02134169 0.01472853
v 0.20857050 -0.02035002 0.01638859
v 0.20815797 -0.02134169 0.01451010
v 0.20803421 -0.02134169 0.01394843
v 0.20795170 -0.02029612 0.01493448
v 0.20792420 -0.02099137 0.01354278
v 0.20792420 -0.02099676 -0.01284961
v 0.20797921 -0.02099137 0.01424175
v 0.20832986 -0.01643725 0.02012059
v 0.20824048 -0.01520844 0.02092566
v 0.20821298 -0.01597914 0.02030157
v 0.20820610 -0.01681990 0.01963381
v 0.20819235 -0.01746125 0.01907213
v 0.20819235 -0.01817266 0.01836068
v 0.20821298 -0.01885713 0.01765547
v 0.20821298 -0.01942842 0.01702515
v 0.20820610 -0.02013444 0.01619512
v 0.20815797 -0.01264843 0.02246714
v 0.20810984 -0.01337601 0.02193667
v 0.20800671 -0.01404431 0.02119401
v 0.20813734 -0.01544019 0.02051376
v 0.20795170 -0.02029612 -0.01493404
v 0.20798608 -0.02099676 -0.01424131
v 0.20811672 -0.02033924 -0.01566421
v 0.20819235 -0.01945536 -0.01689365
v 0.20801358 -0.01821039 -0.01771120
v 0.20799296 -0.01751514 -0.01841017
v 0.20801358 -0.01682529 -0.01910290
v 0.20797921 -0.01473416 -0.02049460
v 0.20795170 -0.01543480 -0.01979563
v 0.20793108 -0.01613005 -0.01910290
v 0.20793795 -0.01890564 -0.01632574
v 0.20792420 -0.01821039 0.01702515
v 0.20792420 -0.01681990 0.01841061
v 0.20792420 -0.01404431 0.02049504
v 0.20792420 -0.01195319 0.02188050
v 0.20792420 0.00400511 0.02466390
v 0.20792420 0.00679148 0.02397117
v 0.20792420 0.00887721 0.02327844
v 0.20792420 0.01304868 0.02119401
v 0.20792420 0.01512903 0.01980231
v 0.20792420 0.01930050 0.01563345
v 0.20792420 0.02137545 0.01285005
v 0.20792420 0.02208148 0.01146459
v 0.20792420 0.02277672 0.01007289
v 0.20792420 0.02415643 0.00659052
v 0.20792420 0.02486246 0.00311438
v 0.20806171 0.02555231 -0.00034302
v 0.20807546 0.02555231 -0.00104200
v 0.20811672 0.02549842 -0.00312019
v 0.20794483 0.02486246 -0.00381916
v 0.20795170 0.02415643 -0.00728905
v 0.20793108 0.02346658 -0.00868075
v 0.20794483 0.02207609 -0.01215064
v 0.20793108 0.01999036 -0.01493404
v 0.20795858 0.01929511 -0.01632574
v 0.20797921 0.01581889 -0.01979563
v 0.20793795 0.01443379 -0.02048836
v 0.20793108 0.01095217 -0.02257279
v 0.23783977 0.03087175 -0.02674789
v 0.23644403 0.03087714 -0.02605516
v 0.22217037 0.03088253 -0.01664402
v 0.25465740 0.03087714 -0.02675413
v 0.25521432 0.03086636 -0.02675413
v 0.23714534 0.03085019 -0.02674789
v 0.23576335 0.03081246 -0.02664180
v 0.23420260 0.03074240 -0.02630480
v 0.23467014 0.03077474 -0.02641713
v 0.25676132 0.03075318 -0.02702249
v 0.25655505 0.03081246 -0.02677286
v 0.25729761 0.03080168 -0.02654819
v 0.25824644 0.03076396 -0.02636720
v 0.25800580 0.03062922 -0.02670421
v 0.25874836 0.03035974 -0.02682278
v 0.25938091 0.03027890 -0.02666676
v 0.26098979 0.02860277 -0.02772770
v 0.26076290 0.02836024 -0.02800854
v 0.26128544 0.02813927 -0.02788996
v 0.26046037 0.02741169 -0.02850780
v 0.26011659 0.02763805 -0.02863262
v 0.26173923 0.02779434 -0.02775266
v 0.26149171 0.02759493 -0.02793989
v 0.26072164 0.02763805 -0.02833930
v 0.25938091 0.02999326 -0.02701625
v 0.25994471 0.03017111 -0.02652322
v 0.26007534 0.02949743 -0.02722843
v 0.26047412 0.02940042 -0.02712858
v 0.26072852 0.02901237 -0.02742814
v 0.26146420 0.02881296 -0.02724716
v 0.20822673 0.01026232 -0.02371486
v 0.20828861 0.01066114 -0.02363997
v 0.20864614 0.01165819 -0.02344026
v 0.20826110 0.01208935 -0.02297844
v 0.22982974 0.02800992 -0.02710986
v 0.20865301 0.01232649 -0.02310326
v 0.23299938 0.03060227 -0.02599899
v 0.23367318 0.03068311 -0.02617374
v 0.22954097 0.02830635 -0.02672293
v 0.22925907 0.02860816 -0.02632976
v 0.22971973 0.02875368 -0.02647330
v 0.23083358 0.02906088 -0.02678534
v 0.23115673 0.03011183 -0.02575560
v 0.23202305 0.03002560 -0.02635472
v 0.23226369 0.03032202 -0.02609261
v 0.26083853 0.02694280 -0.02835178
v 0.26048100 0.02694280 -0.02852028
v 0.26003409 -0.01821039 0.02865178
v 0.25938778 -0.01681451 0.02899502
v 0.25905088 -0.00847696 0.02919473
v 0.25867273 -0.01890564 0.02934451
v 0.26309371 -0.01890564 0.02704789
v 0.25799205 -0.00917221 0.02963159
v 0.25869335 -0.00847696 0.02935699
v 0.25713948 0.00539021 0.02994363
v 0.25590875 0.02346119 0.03038048
v 0.25565435 0.02589724 0.03046161
v 0.25541371 0.02694280 0.03053650
v 0.25506306 0.02694280 0.03063012
v 0.25416923 0.02590263 0.03086103
v 0.25382545 0.02589724 0.03094840
v 0.25313102 0.02589724 0.03112314
v 0.25259473 0.02590263 0.03124171
v 0.25260160 -0.00708647 0.03123547
v 0.25035330 0.02590263 0.03160368
v 0.25035330 0.01511825 0.03158496
v 0.25259473 0.02694280 0.03124171
v 0.25035330 0.02694280 0.03160368
v 0.24965886 0.02694280 0.03168481
v 0.24688114 0.02833868 0.03153503
v 0.24756869 0.02764344 0.03177218
v 0.24965886 0.02764344 0.03162865
v 0.24618671 0.02833868 0.03154127
v 0.24549227 0.02833868 0.03152255
v 0.24339523 0.02827401 0.03142894
v 0.24270767 0.02822550 0.03139773
v 0.24339523 0.02763805 0.03164737
v 0.24478409 0.02763805 0.03174722
v 0.24270767 0.02763805 0.03159120
v 0.24131193 0.02804765 0.03129788
v 0.24094753 0.02799376 0.03126668
v 0.20934744 0.00262540 0.02622410
v 0.20865301 0.00193554 0.02611801
v 0.23744787 0.02737396 0.03058643
v 0.20820610 0.00193554 0.02581845
v 0.20813047 0.00469497 0.02526302
v 0.20801358 0.00193554 0.02535663
v 0.23805979 0.02804765 0.03059891
v 0.23759225 0.02783207 0.03053650
v 0.23854108 0.02763805 0.03081734
v 0.20796546 0.00540099 0.02466390
v 0.20793795 0.00469497 0.02466390
v 0.20793108 -0.00917760 0.02327844
v 0.20796546 -0.01264843 0.02188050
v 0.27806181 0.02693741 0.00241541
v 0.27799993 0.02589185 0.00312062
v 0.27791055 0.02589185 0.00381960
v 0.27777991 0.01303252 0.00478692
v 0.27777991 0.01234266 0.00478068
v 0.27782804 0.00125108 0.00436255
v 0.27775241 -0.00639123 0.00466210
v 0.27815807 0.02693741 0.00034346
v 0.27706486 -0.01890564 0.00818816
v 0.27759427 0.01789384 0.00589779
v 0.27693422 -0.01890564 0.00867495
v 0.27669357 -0.01890564 0.00936768
v 0.27498844 -0.01403353 0.01386106
v 0.27478904 -0.01264304 0.01424175
v 0.27426650 0.00194632 0.01520907
v 0.27445902 -0.00778172 0.01483462
v 0.27670733 -0.01333290 0.00936768
v 0.27627416 0.02276595 0.01075938
v 0.27601977 0.02589185 0.01146459
v 0.27579288 0.02589185 0.01201378
v 0.27425275 -0.00708647 0.01519035
v 0.27214195 -0.01472878 0.01862280
v 0.27213508 -0.01890564 0.01861032
v 0.27352394 0.01928972 0.01652588
v 0.27178442 -0.01821039 0.01908462
v 0.27084935 -0.01959010 0.02016428
v 0.26856666 -0.01959010 0.02272301
v 0.26891044 -0.00221976 0.02241097
v 0.26822976 -0.01681451 0.02309746
v 0.26751470 -0.00639123 0.02375274
v 0.26750782 -0.01403353 0.02374026
v 0.26704716 -0.01959010 0.02407726
v 0.26396691 -0.01959010 0.02647374
v 0.26354062 -0.01959010 0.02676081
v 0.26749407 -0.01821039 -0.02373358
v 0.27178442 -0.01681990 -0.01908418
v 0.27214195 -0.01473416 -0.01862236
v 0.26858041 -0.00778172 -0.02274753
v 0.26958424 0.00886644 -0.02169908
v 0.26822976 0.02694280 -0.02310326
v 0.26858729 0.02589724 -0.02275377
v 0.26858041 -0.00361564 -0.02275377
v 0.26751470 -0.00708647 -0.02374606
v 0.26751470 -0.00222515 -0.02375230
v 0.27025805 0.01650874 -0.02097514
v 0.27026492 0.02589724 -0.02099387
v 0.27061558 0.02589724 -0.02056949
v 0.27138564 0.02589724 -0.01962089
v 0.27178442 -0.01056270 -0.01909666
v 0.27295327 0.01094678 -0.01741788
v 0.27322141 0.02589724 -0.01702471
v 0.27353769 0.02694280 -0.01653793
v 0.27373708 0.02589724 -0.01618844
v 0.27627416 0.02276595 -0.01076518
v 0.27650793 0.01164742 -0.01005997
v 0.27672108 -0.00570137 -0.00937348
v 0.27694110 -0.01751514 -0.00868699
v 0.27670733 -0.01333290 -0.00937348
v 0.27499531 0.02694280 -0.01386062
v 0.27389522 0.02589724 -0.01590761
v 0.27446589 0.02694280 -0.01486539
v 0.27546972 0.02764344 -0.01262494
v 0.27595789 0.02763805 -0.01146415
v 0.27627416 0.02693741 -0.01076518
v 0.27706486 -0.01543480 -0.00822517
v 0.27714736 -0.00570137 -0.00790065
v 0.27744989 0.01997958 -0.00660256
v 0.27744989 0.02589185 -0.00660256
v 0.27760115 0.02693741 -0.00590359
v 0.27771803 0.02693741 -0.00518589
v 0.27771803 0.02415643 -0.00518589
v 0.27729175 0.00886644 -0.00729529
v 0.27777991 0.02693741 -0.00479272
v 0.27782804 0.02589185 -0.00444948
v 0.27794493 0.02763805 -0.00312643
v 0.27781429 0.02743864 -0.00434963
v 0.27810306 0.02763805 -0.00034302
v 0.27799993 0.02763805 -0.00241497
v 0.26049475 0.02589185 -0.02852028
v 0.26146420 0.02694280 -0.02801478
v 0.26165672 0.02589185 -0.02790868
v 0.26277056 0.00125108 -0.02725964
v 0.26310746 -0.01403892 -0.02705369
v 0.26354062 -0.01403892 -0.02677910
v 0.26398754 -0.01125794 -0.02648578
v 0.26562392 0.00955629 -0.02528754
v 0.20803421 0.01026232 -0.02327176
v 0.20818547 0.01164742 -0.02308454
v 0.20799296 0.01164742 -0.02257279
v 0.20811672 -0.02033924 0.01567089
v 0.20814422 -0.02100754 0.01492200
v 0.20802733 -0.01890564 0.01702515
v 0.20800671 -0.01821039 0.01771788
v 0.20799296 -0.01750975 0.01841061
v 0.20801358 -0.01681990 0.01910334
v 0.20793108 -0.01334907 0.02119401
v 0.20797233 -0.01472878 0.02049504
v 0.20793108 -0.01612466 0.01910334
v 0.20793795 0.00748673 0.02397117
v 0.20793108 0.01094678 0.02257947
v 0.20793795 0.01443379 0.02049504
v 0.20797921 0.01582427 0.01980231
v 0.20797233 0.01652491 0.01910334
v 0.20795858 0.01859986 0.01702515
v 0.20795858 0.01930050 0.01632618
v 0.20793108 0.01999036 0.01493448
v 0.20794483 0.02208148 0.01215732
v 0.20795170 0.02277672 0.01076562
v 0.20793108 0.02347197 0.00866870
v 0.20795170 0.02415643 0.00728949
v 0.20794483 0.02486246 0.00380711
v 0.20811672 0.02550381 0.00311438
v 0.20809609 0.02555231 0.00172268
v 0.20806171 0.02555231 0.00033722
v 0.20825423 0.02595653 -0.00034302
v 0.20809609 0.02555231 -0.00173473
v 0.20813734 0.02543375 -0.00381916
v 0.20798608 0.02486246 -0.00451189
v 0.20815110 0.02561699 -0.00240873
v 0.20829548 0.02591341 -0.00217782
v 0.20795858 0.02277133 -0.01076518
v 0.20813734 0.02473311 -0.00728905
v 0.20802046 0.02415643 -0.00798802
v 0.20798608 0.02346658 -0.00937348
v 0.20804796 0.02277133 -0.01145791
v 0.20809609 0.02213537 -0.01289953
v 0.20799296 0.02137545 -0.01354234
v 0.20799983 0.01999036 -0.01563301
v 0.20816485 0.01999036 -0.01629454
v 0.20813734 0.01930050 -0.01701847
v 0.20815797 0.01650874 -0.01978939
v 0.20819235 0.01575960 -0.02046964
v 0.20803421 0.01512903 -0.02048836
v 0.20797921 0.01372776 -0.02118733
v 0.20795170 0.01234266 -0.02188006
v 0.23576335 0.03087175 -0.02605516
v 0.23297875 0.03087175 -0.02466346
v 0.23227744 0.03087714 -0.02397073
v 0.23089546 0.03087714 -0.02327176
v 0.22463182 0.03087714 -0.01979563
v 0.22393739 0.03087714 -0.01910290
v 0.22185409 0.03088253 -0.01632574
v 0.22217037 0.03088253 0.01631994
v 0.27397085 0.03087714 -0.00381916
v 0.27326955 0.03087714 -0.00729529
v 0.27257511 0.03087714 -0.00937972
v 0.27119313 0.03087714 -0.01285585
v 0.26979739 0.03087714 -0.01494028
v 0.26770722 0.03087714 -0.01772368
v 0.26285307 0.03087714 -0.02257903
v 0.26076977 0.03087714 -0.02397073
v 0.25938091 0.03087714 -0.02466970
v 0.25660318 0.03087714 -0.02606140
v 0.25729761 0.03085558 -0.02606140
v 0.23367318 0.03079629 -0.02582425
v 0.23506892 0.03084480 -0.02605516
v 0.23278623 0.03074779 -0.02561831
v 0.25800580 0.03081785 -0.02610509
v 0.25868648 0.03080707 -0.02589290
v 0.25966968 0.03076396 -0.02568071
v 0.25941529 0.03064539 -0.02602396
v 0.26014410 0.03036513 -0.02612381
v 0.26076977 0.03025734 -0.02594907
v 0.26186299 0.02871056 -0.02712858
v 0.26318997 0.02867822 -0.02639841
v 0.26232365 0.02855426 -0.02699752
v 0.26260555 0.02809077 -0.02715979
v 0.26181486 0.02733085 -0.02780259
v 0.26305934 0.02764344 -0.02702249
v 0.26014410 0.02988547 -0.02675413
v 0.26041224 0.03006871 -0.02639841
v 0.26128544 0.03014955 -0.02580553
v 0.26175298 0.03004715 -0.02568071
v 0.26215864 0.02929801 -0.02630480
v 0.20830236 0.01548474 -0.02084408
v 0.20831611 0.01336667 -0.02221707
v 0.20841237 0.01255285 -0.02282866
v 0.20815110 0.01232649 -0.02259151
v 0.20821298 0.01290856 -0.02236684
v 0.20821985 0.01512903 -0.02095642
v 0.20887990 0.01279538 -0.02298468
v 0.22900467 0.02814466 -0.02651074
v 0.23227744 0.03068311 -0.02547477
v 0.22845463 0.02868900 -0.02571192
v 0.22952034 0.02901776 -0.02604268
v 0.22978161 0.02941658 -0.02575560
v 0.23020102 0.02922256 -0.02622990
v 0.23020102 0.02952437 -0.02588042
v 0.23091608 0.03027890 -0.02537491
v 0.23069606 0.02999865 -0.02561831
v 0.22985037 0.03007949 -0.02500671
v 0.23031103 0.03018189 -0.02515649
v 0.23163802 0.03056993 -0.02530002
v 0.26083165 0.01720938 0.02833974
v 0.25905088 0.02694280 0.02919473
v 0.26083853 0.02554693 0.02835222
v 0.26065976 0.02589724 0.02843959
v 0.26048787 0.02694280 0.02852072
v 0.26310746 -0.01333290 0.02704789
v 0.26181486 0.01234266 0.02780927
v 0.26354062 -0.01264304 0.02678578
v 0.25799205 0.02590263 0.02963783
v 0.25748325 0.02590263 0.02982505
v 0.25869335 0.02589724 0.02935699
v 0.25660318 0.02590263 0.03013709
v 0.25590875 0.02694280 0.03038048
v 0.25590875 0.02764344 0.03031808
v 0.25499430 0.02749792 0.03061139
v 0.25381858 0.02694280 0.03094840
v 0.25312415 0.02694280 0.03112314
v 0.25220282 0.02740091 0.03129164
v 0.25035330 0.02764344 0.03154751
v 0.24688114 0.02870517 0.03129788
v 0.24618671 0.02871595 0.03129788
v 0.24756869 0.02833868 0.03150383
v 0.24756869 0.02869978 0.03128540
v 0.24965886 0.02824706 0.03142270
v 0.25035330 0.02818778 0.03137901
v 0.24540977 0.02870517 0.03129164
v 0.24474971 0.02840336 0.03144142
v 0.24408966 0.02865666 0.03124171
v 0.24339523 0.02861894 0.03121051
v 0.24270767 0.02857043 0.03117931
v 0.24201324 0.02814466 0.03135405
v 0.23954491 0.02869439 0.03057395
v 0.24201324 0.02849498 0.03112938
v 0.23992307 0.02833329 0.03086727
v 0.23928364 0.02836024 0.03071749
v 0.23854108 0.02815005 0.03066132
v 0.20865301 0.00262540 0.02603688
v 0.20827486 0.00318052 0.02573732
v 0.20824048 0.00262540 0.02577476
v 0.23718659 0.02761649 0.03046161
v 0.23645091 0.02763805 0.03023070
v 0.20891428 0.00523392 0.02573732
v 0.20881115 0.00469497 0.02578725
v 0.20799983 0.00609085 0.02466390
v 0.20815797 0.00540099 0.02520061
v 0.23908425 0.02860816 0.03051154
v 0.23709034 0.02839797 0.03011213
v 0.23645091 0.02822550 0.03001852
v 0.23594899 0.02808538 0.02993114
v 0.27810306 0.02763805 0.00034346
v 0.27803431 0.02763805 0.00173516
v 0.27799993 0.02763805 0.00241541
v 0.27794493 0.02763805 0.00312062
v 0.27799993 0.02693741 0.00312062
v 0.27791055 0.02693741 0.00381960
v 0.27774554 0.02589185 0.00500535
v 0.27771803 0.02693741 0.00518633
v 0.27771803 0.02589185 0.00518633
v 0.27760115 0.02589185 0.00590403
v 0.27760115 0.02346119 0.00589779
v 0.27706486 -0.01751514 0.00820064
v 0.27694110 -0.01751514 0.00867495
v 0.27729175 0.00886644 0.00728949
v 0.27714736 -0.00570137 0.00788860
v 0.27498844 0.02694280 0.01386106
v 0.27478904 0.02694280 0.01424799
v 0.27512595 0.02589185 0.01356150
v 0.27462403 0.02590263 0.01456003
v 0.27427338 0.00747595 0.01520907
v 0.27353082 0.02554693 0.01653837
v 0.27672795 -0.00084005 0.00936768
v 0.27627416 0.02589185 0.01076562
v 0.27601977 0.02693741 0.01146459
v 0.27579288 0.02693741 0.01201378
v 0.27295327 0.01095217 0.01741832
v 0.27271950 0.01025693 0.01776781
v 0.27214195 0.02590263 0.01863528
v 0.27179130 -0.01055731 0.01909710
v 0.27119313 -0.01333290 0.01980231
v 0.27025805 0.01720938 0.02098182
v 0.26922671 -0.01890564 0.02199283
v 0.26960487 0.01720938 0.02170576
v 0.26891731 0.00471113 0.02241097
v 0.26858041 0.02590263 0.02275421
v 0.26822976 0.02590263 0.02310370
v 0.26751470 0.02694280 0.02375274
v 0.26693028 0.02590263 0.02425201
v 0.26600207 0.02554693 0.02504459
v 0.26518388 0.01372776 0.02564371
v 0.26397379 -0.01890564 0.02647374
v 0.26600207 0.02415643 -0.02503791
v 0.26600895 0.02589724 -0.02503791
v 0.27214195 -0.00778172 -0.01862860
v 0.26995552 0.02589724 -0.02133711
v 0.26994865 0.02276595 -0.02133711
v 0.26819538 0.02764344 -0.02305957
v 0.26858729 0.02694280 -0.02275377
v 0.26751470 0.02694280 -0.02375230
v 0.26875918 0.02589724 -0.02257903
v 0.26960487 0.02589724 -0.02170532
v 0.26635273 0.02589724 -0.02474459
v 0.27026492 0.02694280 -0.02099387
v 0.27061558 0.02694280 -0.02056949
v 0.27152315 0.02694280 -0.01943366
v 0.27179130 0.02694280 -0.01909666
v 0.27179130 0.02589724 -0.01909666
v 0.27322141 0.02694280 -0.01702471
v 0.27226571 0.02589724 -0.01845386
v 0.27294639 0.02740091 -0.01740540
v 0.27350331 0.02764344 -0.01647552
v 0.27370270 0.02764344 -0.01613227
v 0.27373708 0.02694280 -0.01618844
v 0.27672795 0.02693741 -0.00937972
v 0.27672795 0.02589185 -0.00937972
v 0.27672795 -0.00014480 -0.00937348
v 0.27694797 0.02589185 -0.00868075
v 0.27707173 0.02589185 -0.00824389
v 0.27706486 -0.00570137 -0.00824389
v 0.27706486 -0.01056270 -0.00823765
v 0.27496093 0.02764344 -0.01378573
v 0.27443152 0.02764344 -0.01480298
v 0.27572412 0.02800992 -0.01185108
v 0.27620541 0.02763805 -0.01076518
v 0.27667295 0.02763805 -0.00937972
v 0.27737425 0.02589185 -0.00693956
v 0.27744989 0.02693741 -0.00659632
v 0.27753927 0.02763805 -0.00590359
v 0.27784867 0.02765961 -0.00383164
v 0.27777304 0.02790752 -0.00406879
v 0.27780742 0.02801531 -0.00360697
v 0.27783492 0.02807460 -0.00312643
v 0.27765615 0.02763805 -0.00518589
v 0.27786930 0.02812849 -0.00241497
v 0.27790367 0.02818239 -0.00103575
v 0.27791055 0.02820395 -0.00034302
v 0.26277056 0.02694280 -0.02725964
v 0.26294933 0.02589724 -0.02715354
v 0.26311434 -0.01056270 -0.02705369
v 0.26354062 -0.01056270 -0.02678534
v 0.26399441 -0.00292039 -0.02648578
v 0.26518388 0.01442301 -0.02564327
v 0.20795170 -0.01542941 0.01980231
v 0.20799983 0.00818197 0.02397117
v 0.20795170 0.00957246 0.02327844
v 0.20799296 0.01165819 0.02257947
v 0.20797233 0.01373315 0.02119401
v 0.20802733 0.01512903 0.02049504
v 0.20818547 0.01576499 0.02047632
v 0.20815797 0.01650874 0.01978983
v 0.20815110 0.01721476 0.01910334
v 0.20813734 0.01860525 0.01772412
v 0.20813734 0.01930589 0.01702515
v 0.20815797 0.01999036 0.01630122
v 0.20799983 0.01999036 0.01563345
v 0.20798608 0.02137545 0.01354278
v 0.20809609 0.02214076 0.01290621
v 0.20804109 0.02277672 0.01146459
v 0.20797921 0.02346658 0.00938016
v 0.20802046 0.02415643 0.00798222
v 0.20813734 0.02473311 0.00728949
v 0.20802733 0.02486246 0.00519881
v 0.20797921 0.02486246 0.00450608
v 0.20813047 0.02543375 0.00380711
v 0.20829548 0.02591341 0.00217202
v 0.20825423 0.02595653 0.00033722
v 0.20865301 0.02618289 -0.00034302
v 0.21719246 0.03082324 -0.00659632
v 0.21723371 0.03082324 -0.00729529
v 0.20832298 0.02588646 -0.00263340
v 0.20817860 0.02536368 -0.00451189
v 0.21729559 0.03080168 -0.00798178
v 0.20822673 0.02529901 -0.00520462
v 0.20831611 0.02519661 -0.00620939
v 0.20836424 0.02515888 -0.00659632
v 0.20821298 0.02461993 -0.00798802
v 0.20817860 0.02398936 -0.00937348
v 0.20815110 0.02335340 -0.01076518
v 0.20816485 0.02278211 -0.01210071
v 0.20820610 0.02255575 -0.01270607
v 0.20819235 0.02052931 -0.01563301
v 0.20822673 0.01975322 -0.01679380
v 0.20822673 0.01906336 -0.01748029
v 0.20824735 0.01696685 -0.01955224
v 0.20824735 0.01626621 -0.02022625
v 0.20817172 0.01372776 -0.02175524
v 0.23227744 0.03084480 -0.02466346
v 0.23158989 0.03086636 -0.02397073
v 0.22418491 0.03080168 -0.02019504
v 0.22394426 0.03082863 -0.01978315
v 0.23103297 0.03079090 -0.02440759
v 0.22325671 0.03082863 -0.01907794
v 0.22324295 0.03087175 -0.01841017
v 0.22115966 0.03087714 -0.01562053
v 0.21907636 0.03088253 -0.01145167
v 0.22185409 0.03088253 0.01631994
v 0.25104773 0.03087714 0.02744730
v 0.25451989 0.03087714 0.02675457
v 0.25660318 0.03087714 0.02606184
v 0.25938091 0.03087714 0.02467014
v 0.26076977 0.03087714 0.02397117
v 0.26284619 0.03087714 0.02258571
v 0.26770722 0.03087714 0.01771788
v 0.26979739 0.03087714 0.01494072
v 0.27257511 0.03087714 0.00938016
v 0.27326955 0.03087714 0.00729573
v 0.27397085 0.03087714 0.00381960
v 0.27417712 0.03086636 0.00083025
v 0.27466528 0.03083941 -0.00103575
v 0.27397085 0.03086636 -0.00518589
v 0.27326955 0.03086636 -0.00798802
v 0.27257511 0.03086636 -0.01007245
v 0.27119313 0.03085019 -0.01354858
v 0.27049182 0.03087175 -0.01424755
v 0.26910295 0.03087175 -0.01633198
v 0.26701966 0.03086636 -0.01910914
v 0.26563080 0.03086636 -0.02050084
v 0.26354062 0.03085019 -0.02257903
v 0.26215864 0.03086636 -0.02327800
v 0.26007534 0.03086097 -0.02466970
v 0.25868648 0.03086636 -0.02536243
v 0.23190616 0.03077474 -0.02502543
v 0.23227744 0.03079090 -0.02513152
v 0.23299938 0.03080707 -0.02537491
v 0.23057230 0.03076396 -0.02430149
v 0.25941529 0.03082324 -0.02541236
v 0.26007534 0.03080168 -0.02519393
v 0.26146420 0.03079629 -0.02445751
v 0.26100354 0.03075857 -0.02495054
v 0.26076977 0.03062383 -0.02531875
v 0.26149858 0.03033819 -0.02541236
v 0.26389815 0.02799376 -0.02641089
v 0.26354062 0.02816622 -0.02652322
v 0.26265368 0.02946509 -0.02581177
v 0.26391878 0.02939503 -0.02503167
v 0.26477135 0.02879679 -0.02514400
v 0.26523201 0.02864589 -0.02498174
v 0.26468884 0.02809616 -0.02578057
v 0.26311434 0.02694280 -0.02705369
v 0.26394628 0.02764344 -0.02644833
v 0.26354062 0.02694280 -0.02678534
v 0.26215864 0.03021423 -0.02520017
v 0.26257805 0.03011183 -0.02506912
v 0.26215864 0.02959444 -0.02596155
v 0.22695576 0.02810694 -0.02509408
v 0.23084045 0.03067234 -0.02464474
v 0.22931408 0.02929263 -0.02559334
v 0.22719640 0.02857043 -0.02490685
v 0.22766394 0.02874290 -0.02507536
v 0.23013227 0.02991781 -0.02537491
v 0.23013227 0.03037052 -0.02473211
v 0.25905088 0.02731468 0.02918849
v 0.25868648 0.02694280 0.02935699
v 0.26146420 0.02485707 0.02801522
v 0.26083853 0.02694280 0.02835222
v 0.26046037 0.02741169 0.02851448
v 0.26311434 -0.00986206 0.02704789
v 0.26164297 0.02589724 0.02791536
v 0.26354062 0.02694280 0.02678578
v 0.26332748 0.02590263 0.02692307
v 0.26294245 0.02590263 0.02716022
v 0.26398754 -0.01125255 0.02648622
v 0.26399441 -0.00291500 0.02648622
v 0.25799205 0.02694280 0.02963783
v 0.25748325 0.02694280 0.02982505
v 0.25660318 0.02694280 0.03013709
v 0.25484304 0.02796142 0.03056771
v 0.25522119 0.02769194 0.03051778
v 0.25660318 0.02764344 0.03007468
v 0.25696071 0.02799376 0.02988122
v 0.25381858 0.02764344 0.03088599
v 0.25312415 0.02764344 0.03106073
v 0.25242972 0.02763266 0.03120427
v 0.25195530 0.02786441 0.03124795
v 0.25149464 0.02800992 0.03128540
v 0.25104773 0.02808538 0.03132284
v 0.24688114 0.02906627 0.03095464
v 0.24618671 0.02906627 0.03096088
v 0.24793997 0.02868361 0.03127292
v 0.24896443 0.02900159 0.03088599
v 0.24896443 0.02934652 0.03054899
v 0.24799498 0.02938425 0.03058019
v 0.24965886 0.02859199 0.03120427
v 0.24896443 0.02862972 0.03123547
v 0.25035330 0.02852732 0.03116058
v 0.25243659 0.02833868 0.03092967
v 0.25104773 0.02843569 0.03110442
v 0.24540977 0.02905549 0.03094840
v 0.24449532 0.02867822 0.03125420
v 0.24549227 0.02906088 0.03094840
v 0.24339523 0.02898542 0.03086727
v 0.24270767 0.02895309 0.03082982
v 0.24201324 0.02889919 0.03077989
v 0.24061750 0.02879679 0.03066756
v 0.23959992 0.03006871 0.02917601
v 0.23783977 0.02984774 0.02895134
v 0.23783977 0.02916328 0.02965031
v 0.23728973 0.02874290 0.02992490
v 0.23682907 0.02867283 0.02986250
v 0.23992307 0.02872673 0.03061139
v 0.24061750 0.02983157 0.02963159
v 0.24006058 0.03011722 0.02923217
v 0.20870114 0.00400511 0.02584965
v 0.20858426 0.00336915 0.02588710
v 0.20830923 0.00363324 0.02569988
v 0.20819235 0.00609085 0.02513820
v 0.23548146 0.02783746 0.02984377
v 0.20865301 0.00679148 0.02528798
v 0.20865301 0.00609085 0.02544400
v 0.20846050 0.00469497 0.02560626
v 0.20806859 0.00679148 0.02466390
v 0.23479390 0.02864589 0.02915104
v 0.23437449 0.02817700 0.02929458
v 0.23396196 0.02804226 0.02921345
v 0.27791055 0.02820395 0.00034346
v 0.27790367 0.02819317 0.00083025
v 0.27786930 0.02812849 0.00241541
v 0.27783492 0.02807460 0.00312062
v 0.27780742 0.02801531 0.00360741
v 0.27777304 0.02790752 0.00406923
v 0.27784867 0.02765961 0.00383208
v 0.27781429 0.02743864 0.00435006
v 0.27760115 0.02693741 0.00590403
v 0.27744989 0.02589185 0.00659676
v 0.27744989 0.01997958 0.00659052
v 0.27706486 -0.01543480 0.00821313
v 0.27694797 -0.01056270 0.00867495
v 0.27722299 0.02589185 0.00760153
v 0.27707173 0.02589185 0.00823809
v 0.27706486 -0.00570137 0.00823185
v 0.27706486 -0.01056270 0.00822561
v 0.27495406 0.02764344 0.01379241
v 0.27472029 0.02764344 0.01424799
v 0.27510532 0.02694280 0.01360519
v 0.27442464 0.02764344 0.01480342
v 0.27445902 0.02694280 0.01485959
v 0.27403961 0.02694280 0.01563345
v 0.27373021 0.02590263 0.01618888
v 0.27353082 0.02694280 0.01653837
v 0.27321454 0.02694280 0.01702515
v 0.27673483 0.02589185 0.00938016
v 0.27627416 0.02693741 0.01076562
v 0.27595789 0.02763805 0.01146459
v 0.27575850 0.02763805 0.01193889
v 0.27214195 0.02694280 0.01863528
v 0.27179130 0.02694280 0.01909710
v 0.27123438 0.02590263 0.01980855
v 0.27123438 0.00678070 0.01980231
v 0.27026492 0.02590263 0.02099431
v 0.26995552 0.02590263 0.02133755
v 0.26943298 0.02590263 0.02188674
v 0.26858041 0.02694280 0.02275421
v 0.26822976 0.02694280 0.02310370
v 0.26818850 0.02764344 0.02306625
v 0.26746657 0.02764344 0.02371530
v 0.26598833 0.02737935 0.02503211
v 0.26635273 0.02694280 0.02474503
v 0.26600207 0.02589724 0.02504459
v 0.26563080 0.02694280 0.02531919
v 0.26518388 0.02694280 0.02564371
v 0.26459259 0.02590263 0.02606808
v 0.26600895 0.02694280 -0.02503791
v 0.26563080 0.02589724 -0.02531875
v 0.27197006 0.02589724 -0.01885951
v 0.27214195 0.02694280 -0.01862860
v 0.26995552 0.02694280 -0.02133711
v 0.26854603 0.02764344 -0.02271009
v 0.26747345 0.02764344 -0.02371486
v 0.26740469 0.02803687 -0.02365869
v 0.26811975 0.02807460 -0.02299092
v 0.26957049 0.02764344 -0.02166787
v 0.26960487 0.02694280 -0.02170532
v 0.26635273 0.02694280 -0.02474459
v 0.26598833 0.02737935 -0.02503167
v 0.27023055 0.02764344 -0.02095018
v 0.27087685 0.02746559 -0.02020128
v 0.27175692 0.02764344 -0.01905297
v 0.27289826 0.02786441 -0.01733675
v 0.27311828 0.02763266 -0.01707464
v 0.27210757 0.02764344 -0.01857867
v 0.27234134 0.02764344 -0.01823543
v 0.27365458 0.02804226 -0.01604490
v 0.27694797 0.02693741 -0.00868075
v 0.27707173 0.02693741 -0.00824389
v 0.27505719 0.02806921 -0.01331143
v 0.27436964 0.02807999 -0.01469065
v 0.27579975 0.02814466 -0.01146415
v 0.27643230 0.02804226 -0.00982282
v 0.27505719 0.02852193 -0.01262494
v 0.27688609 0.02763805 -0.00868075
v 0.27729175 0.02693741 -0.00729529
v 0.27713361 0.02751409 -0.00780703
v 0.27738801 0.02763805 -0.00659632
v 0.27709236 0.02798298 -0.00763853
v 0.27714736 0.02807999 -0.00717671
v 0.27720924 0.02819317 -0.00659632
v 0.27725737 0.02837641 -0.00584742
v 0.27738801 0.02833868 -0.00518589
v 0.27761490 0.02841953 -0.00312643
v 0.27764928 0.02847881 -0.00241497
v 0.27769741 0.02855965 -0.00034302
v 0.26400129 0.02589724 -0.02648578
v 0.26518388 0.02694280 -0.02564327
v 0.20814422 0.00957246 0.02386508
v 0.20802733 0.01026232 0.02327844
v 0.20814422 0.01092522 0.02330964
v 0.20818547 0.01165819 0.02309122
v 0.20815110 0.01233188 0.02259819
v 0.20816485 0.01373315 0.02177441
v 0.20813047 0.01443917 0.02121897
v 0.20821985 0.01512903 0.02096934
v 0.20829548 0.01549552 0.02085701
v 0.20824735 0.01627160 0.02022668
v 0.20824048 0.01697763 0.01955892
v 0.20822673 0.01907414 0.01749321
v 0.20822673 0.01975861 0.01680048
v 0.20818547 0.02053469 0.01563345
v 0.20810296 0.02075027 0.01499064
v 0.20817172 0.02193596 0.01354278
v 0.20820610 0.02256114 0.01271275
v 0.20816485 0.02278750 0.01210739
v 0.20815110 0.02336957 0.01076562
v 0.20817172 0.02400014 0.00938016
v 0.20820610 0.02461993 0.00798222
v 0.20835736 0.02516966 0.00659052
v 0.20830923 0.02520739 0.00623479
v 0.20826798 0.02525050 0.00577297
v 0.20817172 0.02537446 0.00450608
v 0.20832298 0.02588646 0.00263384
v 0.21729559 0.03080168 0.00798222
v 0.21723371 0.03082324 0.00728949
v 0.21719246 0.03082324 0.00659052
v 0.20865301 0.02618289 0.00033722
v 0.21768750 0.03088253 -0.00729529
v 0.21768750 0.03086097 -0.00798178
v 0.21732997 0.03078013 -0.00836871
v 0.20839174 0.02584335 -0.00312019
v 0.21797627 0.03080707 -0.01006621
v 0.21801753 0.03078551 -0.01048434
v 0.20850863 0.02508882 -0.00728905
v 0.20827486 0.02453370 -0.00840615
v 0.20824048 0.02321327 -0.01145791
v 0.20829548 0.02313243 -0.01183236
v 0.20846737 0.02301925 -0.01229418
v 0.20832986 0.02239946 -0.01316165
v 0.20833673 0.02100897 -0.01523984
v 0.20827486 0.02037840 -0.01603866
v 0.20848112 0.02021671 -0.01650672
v 0.22350423 0.03080168 -0.01955224
v 0.20843987 0.01953225 -0.01724938
v 0.20846050 0.01673510 -0.02001406
v 0.22644009 0.02861894 -0.02425157
v 0.22570441 0.02866205 -0.02359628
v 0.22496872 0.02869439 -0.02293476
v 0.22283730 0.03079629 -0.01884079
v 0.22118029 0.03083402 -0.01629454
v 0.22076775 0.03080168 -0.01604490
v 0.21936514 0.03080707 -0.01333639
v 0.21867070 0.03080707 -0.01195717
v 0.21838193 0.03086636 -0.01006621
v 0.21907636 0.03088253 0.01145211
v 0.22115966 0.03087714 0.01562097
v 0.22324295 0.03087175 0.01839813
v 0.22393739 0.03087714 0.01909086
v 0.22463182 0.03087714 0.01978983
v 0.23228432 0.03087714 0.02396493
v 0.23645091 0.03087714 0.02605560
v 0.23854108 0.03087714 0.02674833
v 0.24131193 0.03087714 0.02744106
v 0.24540977 0.03087714 0.02744730
v 0.24618671 0.03087175 0.02814627
v 0.25243659 0.03087175 0.02744730
v 0.25521432 0.03086636 0.02675457
v 0.25868648 0.03086636 0.02536287
v 0.26007534 0.03085558 0.02467014
v 0.26215176 0.03086636 0.02327844
v 0.26354062 0.03084480 0.02258571
v 0.26563080 0.03086636 0.02050128
v 0.26701278 0.03086636 0.01910958
v 0.26910295 0.03087175 0.01633242
v 0.27049182 0.03087175 0.01424799
v 0.27257511 0.03086636 0.01007289
v 0.27118625 0.03087175 0.01285005
v 0.27326955 0.03086636 0.00798846
v 0.27397085 0.03086636 0.00518633
v 0.27466528 0.03083941 0.00103619
v 0.27463091 0.03081785 -0.00381916
v 0.27456903 0.03081785 -0.00449940
v 0.27507094 0.03078551 -0.00034302
v 0.27504344 0.03078551 -0.00173473
v 0.27472716 0.03081246 -0.00318259
v 0.27397085 0.03085019 -0.00590359
v 0.27326955 0.03084480 -0.00868075
v 0.27382647 0.03080707 -0.00798802
v 0.27313891 0.03080707 -0.01007245
v 0.27257511 0.03083941 -0.01076518
v 0.27049182 0.03084480 -0.01494028
v 0.27190131 0.03082324 -0.01262494
v 0.27190131 0.03081246 -0.01283713
v 0.27166066 0.03079629 -0.01354858
v 0.26979739 0.03086097 -0.01563925
v 0.26840852 0.03085558 -0.01772368
v 0.26700591 0.03081246 -0.01979563
v 0.26630460 0.03081246 -0.02048836
v 0.26417318 0.03079629 -0.02252911
v 0.26389815 0.03077474 -0.02293476
v 0.26354062 0.03079090 -0.02306581
v 0.26287370 0.03081785 -0.02331545
v 0.26146420 0.03085019 -0.02397073
v 0.26560329 0.03080707 -0.02118109
v 0.26536265 0.03078551 -0.02160546
v 0.26076977 0.03081785 -0.02469466
v 0.26184236 0.03078013 -0.02433894
v 0.26311434 0.03075857 -0.02356508
v 0.26146420 0.03069389 -0.02478828
v 0.26210363 0.03057532 -0.02460729
v 0.26593332 0.02783746 -0.02498174
v 0.26479198 0.02764344 -0.02585546
v 0.26384315 0.03004715 -0.02428277
v 0.26418693 0.02955132 -0.02465098
v 0.26497074 0.02905010 -0.02469466
v 0.26546578 0.02818778 -0.02515025
v 0.26563080 0.02881296 -0.02448248
v 0.26598833 0.02869978 -0.02433894
v 0.26400129 0.02694280 -0.02648578
v 0.26282556 0.03026812 -0.02466970
v 0.26338249 0.03016572 -0.02444503
v 0.26011659 0.02764344 0.02863306
v 0.25895462 0.02778357 0.02914480
v 0.25870710 0.02758415 0.02929458
v 0.25799205 0.02764344 0.02957542
v 0.26146420 0.02694280 0.02801522
v 0.26182173 0.02732546 0.02780303
v 0.26149858 0.02759493 0.02794033
v 0.26072852 0.02764344 0.02833974
v 0.26354062 0.02764344 0.02671089
v 0.26305934 0.02764344 0.02701669
v 0.26311434 0.02694280 0.02705413
v 0.26399441 0.02589724 0.02648622
v 0.26400129 0.02694280 0.02647998
v 0.26394628 0.02764344 0.02644877
v 0.25438238 0.02807999 0.03063012
v 0.25660318 0.02810694 0.02994987
v 0.25586750 0.02834946 0.03004348
v 0.25521432 0.02833868 0.03024318
v 0.25848709 0.02810694 0.02925090
v 0.25414861 0.02812849 0.03066132
v 0.25381858 0.02820395 0.03069876
v 0.24794685 0.03007949 0.02988122
v 0.24688114 0.03009027 0.02990618
v 0.24618671 0.03010644 0.02991242
v 0.24549227 0.02975073 0.03025567
v 0.24965886 0.02896926 0.03085478
v 0.24965886 0.02931418 0.03051778
v 0.24896443 0.03004176 0.02985001
v 0.24840751 0.03006871 0.02986874
v 0.25174216 0.02881835 0.03070501
v 0.25035330 0.02892075 0.03081110
v 0.25243659 0.02876445 0.03064260
v 0.25312415 0.02838180 0.03076117
v 0.25289038 0.02870517 0.03060515
v 0.24495598 0.03008488 0.02988746
v 0.24339523 0.02933035 0.03052402
v 0.24270767 0.02929801 0.03049282
v 0.24131193 0.02989086 0.02968775
v 0.24201324 0.02959444 0.03009340
v 0.23854108 0.03024656 0.02868922
v 0.23783977 0.03017111 0.02860185
v 0.23735848 0.03011183 0.02853320
v 0.23732411 0.02942736 0.02923842
v 0.23686344 0.02935730 0.02916353
v 0.23504142 0.02903932 0.02883900
v 0.23525456 0.02873212 0.02923217
v 0.24061750 0.03016572 0.02928834
v 0.23986806 0.03033280 0.02890141
v 0.23922864 0.03030585 0.02878283
v 0.20835736 0.00400511 0.02566867
v 0.20816485 0.00742744 0.02468262
v 0.20826110 0.00679148 0.02505707
v 0.20887990 0.00797178 0.02506331
v 0.20864614 0.00742744 0.02511948
v 0.20830236 0.00714719 0.02501339
v 0.20818547 0.00818197 0.02447668
v 0.23482828 0.02934113 0.02844583
v 0.23437449 0.02924951 0.02835222
v 0.23437449 0.02889919 0.02871419
v 0.23332253 0.02868361 0.02848952
v 0.23437449 0.02852193 0.02906367
v 0.23253184 0.02806921 0.02853320
v 0.27769741 0.02855965 0.00034346
v 0.27764928 0.02847881 0.00241541
v 0.27761490 0.02841953 0.00312062
v 0.27738801 0.02833868 0.00518633
v 0.27725737 0.02837641 0.00584786
v 0.27720924 0.02819317 0.00659676
v 0.27753927 0.02763805 0.00590403
v 0.27765615 0.02763805 0.00518633
v 0.27714736 0.02807999 0.00717715
v 0.27744989 0.02693741 0.00659676
v 0.27694797 0.02589185 0.00868119
v 0.27707173 0.02693741 0.00823809
v 0.27506407 0.02736318 0.01360519
v 0.27572412 0.02800992 0.01185152
v 0.27505719 0.02806382 0.01331187
v 0.27436276 0.02807999 0.01469109
v 0.27364770 0.02804226 0.01604534
v 0.27370270 0.02764344 0.01613271
v 0.27373021 0.02694280 0.01618888
v 0.27349644 0.02764344 0.01648220
v 0.27294639 0.02740091 0.01740584
v 0.27673483 0.02693741 0.00938016
v 0.27620541 0.02763805 0.01076562
v 0.27667295 0.02763805 0.00938016
v 0.27210757 0.02764344 0.01857911
v 0.27175692 0.02764344 0.01905341
v 0.27087685 0.02746559 0.02020172
v 0.27123438 0.02694280 0.01980855
v 0.27026492 0.02694280 0.02099431
v 0.26995552 0.02694280 0.02133755
v 0.26960487 0.02694280 0.02170576
v 0.26957049 0.02764344 0.02166831
v 0.26881418 0.02806382 0.02229863
v 0.26811975 0.02807460 0.02299136
v 0.26740469 0.02803687 0.02365913
v 0.26666901 0.02798298 0.02432066
v 0.26592644 0.02783207 0.02498218
v 0.26567205 0.02761649 0.02521933
v 0.26513575 0.02764344 0.02560626
v 0.26600207 0.02694280 0.02503835
v 0.26563080 0.02694280 -0.02531875
v 0.26881418 0.02806382 -0.02229820
v 0.26666901 0.02798837 -0.02432022
v 0.26765909 0.02829018 -0.02323432
v 0.26626335 0.02826862 -0.02444503
v 0.26792036 0.02853810 -0.02278498
v 0.26836727 0.02830635 -0.02254159
v 0.26950174 0.02805843 -0.02159298
v 0.27017554 0.02803148 -0.02088777
v 0.26567205 0.02761649 -0.02521889
v 0.27082872 0.02793447 -0.02013887
v 0.27148877 0.02764344 -0.01938998
v 0.27166066 0.02817161 -0.01892816
v 0.27305640 0.02817700 -0.01686869
v 0.27227946 0.02806921 -0.01812933
v 0.27287764 0.02863511 -0.01661282
v 0.27348269 0.02850576 -0.01575783
v 0.27362020 0.02868361 -0.01528977
v 0.27420462 0.02854348 -0.01440357
v 0.27446589 0.02832252 -0.01420386
v 0.27433526 0.02870517 -0.01394175
v 0.27566224 0.02862972 -0.01100233
v 0.27590289 0.02837641 -0.01077142
v 0.27650106 0.02816622 -0.00937972
v 0.27497468 0.02864050 -0.01262494
v 0.27500906 0.02867283 -0.01249388
v 0.27704423 0.02770811 -0.00801922
v 0.27658357 0.02837641 -0.00867451
v 0.27678296 0.02833868 -0.00798802
v 0.27698922 0.02854348 -0.00659632
v 0.27705110 0.02862433 -0.00607833
v 0.27709923 0.02869439 -0.00561651
v 0.27713361 0.02872134 -0.00518589
v 0.27726425 0.02886685 -0.00312643
v 0.27729862 0.02889919 -0.00241497
v 0.27734675 0.02894231 -0.00034302
v 0.20821985 0.01026232 0.02373402
v 0.20828173 0.01067731 0.02364665
v 0.20826110 0.01209474 0.02297888
v 0.20821298 0.01293012 0.02237977
v 0.20824735 0.01421282 0.02161839
v 0.20830923 0.01339361 0.02223623
v 0.20839861 0.01467092 0.02146861
v 0.22900467 0.02814466 0.02651118
v 0.22774645 0.02800992 0.02571860
v 0.22695576 0.02810694 0.02508204
v 0.22719640 0.02857043 0.02490105
v 0.20846050 0.01673510 0.02002074
v 0.20843987 0.01744112 0.01934049
v 0.20843987 0.01954303 0.01726230
v 0.20826798 0.02038918 0.01605158
v 0.22350423 0.03080168 0.01954644
v 0.20848112 0.02021671 0.01650716
v 0.20821298 0.02116527 0.01479094
v 0.20826110 0.02179045 0.01399212
v 0.20832298 0.02241024 0.01318081
v 0.20829548 0.02313782 0.01183904
v 0.20823360 0.02321866 0.01146459
v 0.20824048 0.02389235 0.00991687
v 0.20827486 0.02453909 0.00841283
v 0.20850863 0.02508882 0.00728949
v 0.21801753 0.03078551 0.01047230
v 0.21732997 0.03078013 0.00836291
v 0.20837799 0.02584874 0.00311438
v 0.21797627 0.03080707 0.01006665
v 0.21768750 0.03086097 0.00798222
v 0.21768750 0.03088253 0.00728949
v 0.20834361 0.02378995 -0.01034704
v 0.22006644 0.03080168 -0.01471561
v 0.22218412 0.03078013 -0.01807941
v 0.21838193 0.03086636 0.01006665
v 0.21867070 0.03080707 0.01194513
v 0.21997706 0.03082324 0.01422927
v 0.22076775 0.03080168 0.01604534
v 0.22118029 0.03083402 0.01628873
v 0.22325671 0.03082863 0.01907213
v 0.22394426 0.03082863 0.01978359
v 0.22418491 0.03080168 0.02018300
v 0.23228432 0.03084480 0.02466390
v 0.23297875 0.03086636 0.02466390
v 0.23783977 0.03086636 0.02674833
v 0.23576335 0.03086636 0.02605560
v 0.24061750 0.03087175 0.02744106
v 0.24540977 0.03086636 0.02814627
v 0.24540977 0.03080707 0.02865802
v 0.24618671 0.03080707 0.02867050
v 0.24688114 0.03080707 0.02865802
v 0.24826312 0.03080707 0.02861433
v 0.25035330 0.03083941 0.02814627
v 0.25174216 0.03081785 0.02809635
v 0.25381858 0.03083941 0.02744730
v 0.25521432 0.03080707 0.02726632
v 0.25656193 0.03080707 0.02677329
v 0.25729761 0.03080168 0.02654863
v 0.25868648 0.03080707 0.02589334
v 0.25941529 0.03081785 0.02541280
v 0.26007534 0.03080168 0.02519437
v 0.26146420 0.03079629 0.02445795
v 0.26146420 0.03084480 0.02397117
v 0.26354062 0.03079090 0.02306625
v 0.26389815 0.03077474 0.02293520
v 0.26417318 0.03079629 0.02252954
v 0.26561017 0.03080707 0.02118153
v 0.26700591 0.03080707 0.01979607
v 0.26769346 0.03080707 0.01908462
v 0.26840852 0.03085019 0.01771788
v 0.27049182 0.03084480 0.01494072
v 0.27112437 0.03085019 0.01360519
v 0.27257511 0.03083941 0.01076562
v 0.27313203 0.03080707 0.01007289
v 0.27326955 0.03084480 0.00868119
v 0.27188068 0.03084480 0.01215732
v 0.27382647 0.03080707 0.00798846
v 0.27397085 0.03085019 0.00590403
v 0.27456903 0.03081785 0.00449984
v 0.27463091 0.03081785 0.00381960
v 0.27504344 0.03078551 0.00173516
v 0.27507094 0.03078551 0.00034346
v 0.27502281 0.03077474 -0.00298913
v 0.27432150 0.03077474 -0.00700821
v 0.27401211 0.03080707 -0.00726408
v 0.27500906 0.03076396 -0.00345719
v 0.27497468 0.03075857 -0.00381916
v 0.27541472 0.03064539 -0.00034302
v 0.27502969 0.03078013 -0.00241497
v 0.27427338 0.03075857 -0.00747003
v 0.27358582 0.03075857 -0.00963559
v 0.27293264 0.03077474 -0.01115211
v 0.27258199 0.03080707 -0.01141422
v 0.27084247 0.03077474 -0.01529601
v 0.26958424 0.03079629 -0.01690613
v 0.26917171 0.03082863 -0.01709336
v 0.27221758 0.03078551 -0.01262494
v 0.27155065 0.03078013 -0.01394799
v 0.26894482 0.03080168 -0.01772368
v 0.26769346 0.03080707 -0.01908418
v 0.26676526 0.03078551 -0.02025121
v 0.26607083 0.03078551 -0.02094394
v 0.26810600 0.03078551 -0.01882830
v 0.26744594 0.03078551 -0.01955224
v 0.26354062 0.03068850 -0.02340282
v 0.26583019 0.03074240 -0.02140576
v 0.26436569 0.03069928 -0.02272881
v 0.26287370 0.03065078 -0.02394577
v 0.26358188 0.03034358 -0.02402066
v 0.26423506 0.03019267 -0.02379599
v 0.26461321 0.03009027 -0.02365245
v 0.26470259 0.02944892 -0.02440135
v 0.26516326 0.02930340 -0.02422660
v 0.26582331 0.02997709 -0.02280370
v 0.26637336 0.02975612 -0.02262896
v 0.26697840 0.02888302 -0.02325928
v 0.26745282 0.02874829 -0.02300965
v 0.26719155 0.02850576 -0.02345898
v 0.26037099 0.02786980 0.02846455
v 0.26271556 0.02764344 0.02722263
v 0.26174610 0.02779434 0.02775310
v 0.26389815 0.02799376 0.02641133
v 0.26260555 0.02808538 0.02716022
v 0.25381858 0.02855426 0.03048034
v 0.25793704 0.02833868 0.02931955
v 0.25767577 0.02869439 0.02919473
v 0.25608064 0.02859199 0.02981257
v 0.25561310 0.02869978 0.02989994
v 0.25991720 0.02812310 0.02857689
v 0.25958030 0.02859199 0.02841463
v 0.25813643 0.02855965 0.02909488
v 0.24821500 0.03029507 0.02960038
v 0.24688114 0.03038669 0.02953173
v 0.24618671 0.03040286 0.02953173
v 0.24549227 0.03039208 0.02953173
v 0.24540977 0.03009027 0.02990618
v 0.25035330 0.02927646 0.03046785
v 0.24965886 0.03000404 0.02981257
v 0.25035330 0.02996092 0.02976888
v 0.24896443 0.03032741 0.02950677
v 0.24965886 0.03029507 0.02946932
v 0.25174216 0.02950821 0.03001852
v 0.25104773 0.02921717 0.03041793
v 0.25243659 0.02910399 0.03029935
v 0.25174216 0.02986391 0.02966279
v 0.25335104 0.02863511 0.03054274
v 0.25451989 0.02919561 0.02969399
v 0.25381858 0.02928185 0.02978761
v 0.25333041 0.02934652 0.02984377
v 0.25243659 0.02944892 0.02994987
v 0.24339523 0.03002560 0.02982505
v 0.24339523 0.03031663 0.02947557
v 0.24270767 0.02999326 0.02979385
v 0.23783977 0.03049448 0.02814003
v 0.23713847 0.03031124 0.02818996
v 0.23645091 0.03025734 0.02802146
v 0.23576335 0.03016572 0.02789664
v 0.23689782 0.03003637 0.02845207
v 0.23645091 0.02961060 0.02874539
v 0.24061750 0.03049448 0.02883276
v 0.24201324 0.03025734 0.02940068
v 0.20896929 0.00994433 0.02433314
v 0.20882490 0.00957246 0.02440803
v 0.20832986 0.00916825 0.02429569
v 0.20841237 0.00761607 0.02493226
v 0.20825423 0.00869936 0.02438306
v 0.23533707 0.03009566 0.02782175
v 0.23487641 0.03001482 0.02773438
v 0.23388632 0.03012261 0.02716022
v 0.23297875 0.02993397 0.02694804
v 0.23285499 0.02852732 0.02837718
v 0.23190616 0.02869978 0.02780927
v 0.23163802 0.02831174 0.02793409
v 0.23115673 0.02806921 0.02784047
v 0.20887303 0.01143184 0.02367785
v 0.27734675 0.02894231 0.00034346
v 0.27729862 0.02889919 0.00241541
v 0.27726425 0.02886685 0.00312062
v 0.27713361 0.02872134 0.00518633
v 0.27709923 0.02869439 0.00561695
v 0.27705110 0.02862433 0.00607877
v 0.27698922 0.02854348 0.00659676
v 0.27738801 0.02763805 0.00659676
v 0.27709236 0.02798298 0.00763897
v 0.27720924 0.02770811 0.00735813
v 0.27678983 0.02833868 0.00798846
v 0.27713361 0.02751409 0.00780747
v 0.27694797 0.02693741 0.00868119
v 0.27688609 0.02763805 0.00868119
v 0.27643230 0.02804226 0.00982325
v 0.27579975 0.02814466 0.01146459
v 0.27500906 0.02867283 0.01249432
v 0.27433526 0.02869978 0.01394219
v 0.27446589 0.02832252 0.01420430
v 0.27348269 0.02850576 0.01575826
v 0.27326955 0.02833868 0.01632618
v 0.27305640 0.02817700 0.01686913
v 0.27289826 0.02786441 0.01733719
v 0.27420462 0.02854348 0.01440401
v 0.27234134 0.02764344 0.01823587
v 0.27227946 0.02806921 0.01812353
v 0.27166066 0.02816622 0.01892860
v 0.27082184 0.02793447 0.02013931
v 0.27023055 0.02764344 0.02094438
v 0.26991427 0.02764344 0.02129386
v 0.26949486 0.02805304 0.02159966
v 0.27017554 0.02803148 0.02088821
v 0.26930235 0.02851654 0.02138748
v 0.26791348 0.02853271 0.02278542
v 0.26765221 0.02829018 0.02323475
v 0.26598833 0.02869978 0.02433314
v 0.26625647 0.02826323 0.02445171
v 0.26546578 0.02818778 0.02515693
v 0.26930235 0.02852193 -0.02139328
v 0.26814725 0.02875368 -0.02232316
v 0.26998303 0.02850576 -0.02066310
v 0.27083560 0.02868361 -0.01944614
v 0.27148190 0.02862972 -0.01869101
v 0.27302202 0.02877523 -0.01615100
v 0.27226571 0.02871056 -0.01742412
v 0.27239635 0.02882913 -0.01702471
v 0.27278138 0.02925490 -0.01563925
v 0.27361332 0.02937347 -0.01388558
v 0.27300827 0.03014416 -0.01336135
v 0.27372333 0.02947587 -0.01342376
v 0.27386084 0.02959444 -0.01285585
v 0.27420462 0.02927646 -0.01285585
v 0.27485780 0.02876445 -0.01262494
v 0.27573787 0.02871595 -0.01053427
v 0.27642543 0.02871595 -0.00844360
v 0.27635667 0.02862433 -0.00890542
v 0.27522220 0.02888302 -0.01146415
v 0.27534597 0.02902854 -0.01075270
v 0.27648043 0.02877523 -0.00798802
v 0.27641168 0.02938964 -0.00561027
v 0.27678983 0.02907705 -0.00518589
v 0.27693422 0.02920639 -0.00312643
v 0.27696172 0.02924412 -0.00241497
v 0.27700985 0.02929263 -0.00034302
v 0.20840549 0.01114080 0.02355928
v 0.20864614 0.01233188 0.02310994
v 0.20841237 0.01255285 0.02284158
v 0.22925907 0.02860816 0.02633644
v 0.22845463 0.02868900 0.02571236
v 0.20887990 0.01279538 0.02299136
v 0.22982974 0.02800992 0.02710406
v 0.22690075 0.02879140 0.02443923
v 0.22644009 0.02861894 0.02424577
v 0.22742330 0.02865666 0.02498218
v 0.22570441 0.02866205 0.02359048
v 0.22496872 0.02869439 0.02292896
v 0.22283730 0.03079629 0.01883498
v 0.20832986 0.02101436 0.01525900
v 0.22218412 0.03078013 0.01807985
v 0.20846737 0.02302464 0.01230086
v 0.20832986 0.02380073 0.01037245
v 0.22006644 0.03080168 0.01470981
v 0.22258290 0.03081246 0.01834820
v 0.22767082 0.02874290 0.02507579
v 0.22985037 0.03007410 0.02501339
v 0.23031103 0.03018189 0.02515693
v 0.23013227 0.03037052 0.02473255
v 0.23084045 0.03067234 0.02464518
v 0.23057918 0.03076396 0.02429569
v 0.23191304 0.03077474 0.02501963
v 0.23164489 0.03080168 0.02464518
v 0.23299938 0.03080707 0.02537535
v 0.23367318 0.03084480 0.02535663
v 0.23714534 0.03085019 0.02674833
v 0.23992307 0.03086097 0.02744106
v 0.23506892 0.03083941 0.02605560
v 0.24061750 0.03081785 0.02806514
v 0.24339523 0.03085019 0.02814003
v 0.24540977 0.03071006 0.02900751
v 0.24618671 0.03072084 0.02901999
v 0.24339523 0.03079090 0.02857689
v 0.24896443 0.03080168 0.02859561
v 0.25137775 0.03076935 0.02848952
v 0.25174216 0.03076396 0.02844583
v 0.25422424 0.03077474 0.02780303
v 0.25630066 0.03077474 0.02711030
v 0.25824644 0.03076396 0.02636764
v 0.25966968 0.03076396 0.02567491
v 0.26100354 0.03075857 0.02495098
v 0.26183549 0.03077474 0.02433938
v 0.26417318 0.03054299 0.02320979
v 0.26436569 0.03069389 0.02272925
v 0.26561017 0.03062383 0.02185554
v 0.26582331 0.03073701 0.02140620
v 0.26536265 0.03078013 0.02160590
v 0.26311434 0.03075857 0.02356552
v 0.26354062 0.03068850 0.02340326
v 0.26606396 0.03078551 0.02094438
v 0.26675839 0.03078551 0.02025165
v 0.26744594 0.03078551 0.01955268
v 0.26893794 0.03080168 0.01771788
v 0.26916483 0.03082863 0.01709380
v 0.27045056 0.03080168 0.01557104
v 0.27083560 0.03077474 0.01529645
v 0.27162628 0.03079629 0.01360519
v 0.27118625 0.03084480 0.01360519
v 0.27258199 0.03080707 0.01141466
v 0.27293264 0.03077474 0.01115255
v 0.27358582 0.03075857 0.00962979
v 0.27190131 0.03080707 0.01283757
v 0.27427338 0.03075857 0.00747047
v 0.27432150 0.03077474 0.00700865
v 0.27401211 0.03080707 0.00726452
v 0.27497468 0.03075857 0.00381960
v 0.27502281 0.03077474 0.00298957
v 0.27541472 0.03064539 0.00034346
v 0.27538034 0.03059688 -0.00241497
v 0.27491968 0.03074240 -0.00449940
v 0.27529096 0.03061305 -0.00318259
v 0.27535972 0.03052682 -0.00381916
v 0.27597164 0.03028968 -0.00034302
v 0.27593726 0.03027351 -0.00173473
v 0.27417024 0.03072623 -0.00798802
v 0.27483717 0.03071006 -0.00518589
v 0.27535972 0.03039747 -0.00518589
v 0.27459653 0.03058610 -0.00726408
v 0.27466528 0.03043520 -0.00798802
v 0.27348269 0.03072623 -0.01007245
v 0.27391585 0.03061305 -0.00939220
v 0.27397085 0.03044598 -0.01007245
v 0.27281576 0.03074240 -0.01161393
v 0.27215570 0.03075318 -0.01306180
v 0.27112437 0.03054299 -0.01557060
v 0.27045056 0.03062922 -0.01632574
v 0.27005178 0.03075318 -0.01655041
v 0.26944673 0.03076935 -0.01736795
v 0.27127563 0.03066695 -0.01494028
v 0.26722593 0.03074240 -0.02001406
v 0.26653149 0.03074240 -0.02070679
v 0.26791348 0.03073701 -0.01929636
v 0.26417318 0.03054299 -0.02320935
v 0.26700591 0.03064539 -0.02048836
v 0.26630460 0.03064539 -0.02118109
v 0.26560329 0.03062922 -0.02185510
v 0.26488136 0.03021423 -0.02324680
v 0.26609833 0.03014955 -0.02233564
v 0.26655900 0.03000404 -0.02212345
v 0.26701966 0.02924412 -0.02274129
v 0.26737031 0.02937886 -0.02223579
v 0.26763846 0.02898542 -0.02251038
v 0.26128544 0.02813927 0.02789040
v 0.26318997 0.02867283 0.02640509
v 0.26523201 0.02864589 0.02498218
v 0.26232365 0.02855426 0.02699796
v 0.25762764 0.02937347 0.02848328
v 0.25716698 0.02945431 0.02857065
v 0.25604626 0.02930879 0.02911360
v 0.25911276 0.02871595 0.02852696
v 0.25868648 0.02915789 0.02825237
v 0.25584687 0.02960521 0.02886396
v 0.25521432 0.02943275 0.02925090
v 0.25451989 0.02988547 0.02898878
v 0.26076290 0.02836024 0.02800898
v 0.26011659 0.02834946 0.02832726
v 0.26098979 0.02859738 0.02772814
v 0.26052913 0.02873212 0.02784671
v 0.24688114 0.03071006 0.02900751
v 0.24826312 0.03069389 0.02896382
v 0.24339523 0.03066695 0.02892638
v 0.25104773 0.03023040 0.02936947
v 0.25174216 0.03019267 0.02931330
v 0.24896443 0.03068311 0.02893886
v 0.24965886 0.03065617 0.02890765
v 0.25174216 0.03052143 0.02883900
v 0.25110961 0.03061844 0.02877659
v 0.25035330 0.03061844 0.02887645
v 0.25243659 0.03012261 0.02924466
v 0.25381858 0.02962138 0.02943812
v 0.25381858 0.02997170 0.02907615
v 0.24270767 0.03028968 0.02944436
v 0.23992307 0.03071006 0.02831477
v 0.23822480 0.03076396 0.02778431
v 0.23783977 0.03074240 0.02770318
v 0.23714534 0.03068850 0.02756588
v 0.23576335 0.03048370 0.02744106
v 0.23508955 0.03028429 0.02747851
v 0.24201324 0.03060227 0.02886396
v 0.24109879 0.03076396 0.02846455
v 0.24061750 0.03074779 0.02841463
v 0.23437449 0.03020884 0.02727256
v 0.23297875 0.03023040 0.02659855
v 0.23248371 0.03013877 0.02647998
v 0.23196117 0.02936808 0.02708533
v 0.23020790 0.02887763 0.02662352
v 0.23057918 0.02866205 0.02707909
v 0.23143862 0.02852732 0.02767197
v 0.20864614 0.01166358 0.02344070
v 0.27700985 0.02929263 0.00034346
v 0.27696172 0.02924412 0.00241541
v 0.27693422 0.02921178 0.00312062
v 0.27678983 0.02907705 0.00518633
v 0.27640480 0.02938964 0.00561071
v 0.27613665 0.02912016 0.00798846
v 0.27648043 0.02877523 0.00798846
v 0.27642543 0.02871595 0.00844404
v 0.27704423 0.02770811 0.00801966
v 0.27658357 0.02837641 0.00867495
v 0.27650793 0.02816622 0.00938016
v 0.27566912 0.02862972 0.01100277
v 0.27556598 0.02849498 0.01146459
v 0.27522220 0.02888302 0.01146459
v 0.27485092 0.02922795 0.01146459
v 0.27412899 0.02989625 0.01146459
v 0.27420462 0.02927107 0.01285005
v 0.27441776 0.02878601 0.01354902
v 0.27300827 0.03013877 0.01336179
v 0.27361332 0.02937347 0.01388602
v 0.27326267 0.02886685 0.01557104
v 0.27361332 0.02868900 0.01529020
v 0.27287764 0.02862972 0.01661326
v 0.27148190 0.02862433 0.01869769
v 0.27083560 0.02868361 0.01944034
v 0.26998303 0.02850576 0.02066354
v 0.26974238 0.02827401 0.02113784
v 0.26951549 0.02873751 0.02092566
v 0.26883481 0.02874290 0.02163087
v 0.26814725 0.02874829 0.02232360
v 0.26745282 0.02874290 0.02301009
v 0.26672401 0.02872134 0.02367161
v 0.26462009 0.03009027 0.02365289
v 0.26563080 0.02880757 0.02448292
v 0.26697840 0.02888302 0.02325972
v 0.26664838 0.02936269 0.02291647
v 0.26952236 0.02874290 -0.02092522
v 0.26806474 0.02937886 -0.02154306
v 0.26833289 0.02898542 -0.02181765
v 0.26908233 0.02889919 -0.02117485
v 0.27018242 0.02871056 -0.02020128
v 0.27097998 0.02879679 -0.01910914
v 0.27164691 0.02878062 -0.01822919
v 0.27258886 0.02904471 -0.01635070
v 0.27230697 0.02943814 -0.01608859
v 0.27214883 0.02930879 -0.01655665
v 0.27288451 0.03003637 -0.01382318
v 0.27202507 0.02990164 -0.01563925
v 0.27216258 0.03001482 -0.01517119
v 0.27229322 0.03012261 -0.01470313
v 0.27241698 0.03021962 -0.01424755
v 0.27262324 0.03032741 -0.01357978
v 0.27312516 0.03023579 -0.01285585
v 0.27352394 0.02999326 -0.01262494
v 0.27347581 0.02993936 -0.01285585
v 0.27412899 0.02989625 -0.01146415
v 0.27545597 0.02914172 -0.01007245
v 0.27573100 0.02940042 -0.00841863
v 0.27613665 0.02912016 -0.00798802
v 0.27495406 0.02932496 -0.01096488
v 0.27432838 0.03008488 -0.01045938
v 0.27571037 0.03008488 -0.00558531
v 0.27623979 0.02990164 -0.00312643
v 0.27626729 0.02993936 -0.00241497
v 0.27631542 0.02999326 -0.00034302
v 0.22881216 0.02879140 0.02583717
v 0.22971973 0.02875368 0.02647374
v 0.22932095 0.02928724 0.02559378
v 0.22978161 0.02941658 0.02574980
v 0.23020790 0.02952437 0.02588086
v 0.23013227 0.02991242 0.02537535
v 0.23069606 0.02999326 0.02561874
v 0.23116360 0.03011183 0.02575604
v 0.23091608 0.03027890 0.02537535
v 0.23228432 0.03068311 0.02547521
v 0.23278623 0.03074779 0.02561874
v 0.23324690 0.03077474 0.02573108
v 0.23367318 0.03079090 0.02582469
v 0.23440887 0.03080707 0.02606808
v 0.23783977 0.03081246 0.02735993
v 0.23922864 0.03084480 0.02744106
v 0.23576335 0.03080707 0.02664224
v 0.24156633 0.03076935 0.02849576
v 0.24270767 0.03078551 0.02854568
v 0.24478409 0.03069928 0.02897630
v 0.25243659 0.03042981 0.02883900
v 0.25243659 0.03072623 0.02834598
v 0.25447863 0.03058610 0.02807762
v 0.25467803 0.03074779 0.02772814
v 0.25676132 0.03074779 0.02702293
v 0.25656193 0.03058610 0.02738489
v 0.25801267 0.03062383 0.02670465
v 0.25875523 0.03035974 0.02682322
v 0.25941529 0.03064539 0.02602440
v 0.26014410 0.03036513 0.02612425
v 0.26076977 0.03062383 0.02531919
v 0.26149858 0.03033280 0.02541280
v 0.26146420 0.03069389 0.02478872
v 0.26358188 0.03033819 0.02402110
v 0.26423506 0.03019267 0.02379643
v 0.26488136 0.03021423 0.02324724
v 0.26559642 0.03026273 0.02257947
v 0.26632523 0.03028968 0.02189922
v 0.26630460 0.03064539 0.02118153
v 0.26653149 0.03073701 0.02070723
v 0.26287370 0.03065078 0.02394621
v 0.26722593 0.03073701 0.02001450
v 0.26790661 0.03073701 0.01929680
v 0.26944673 0.03076935 0.01736839
v 0.26958424 0.03079629 0.01690657
v 0.27005178 0.03074779 0.01655085
v 0.27111749 0.03054299 0.01557104
v 0.27127563 0.03066156 0.01494072
v 0.27199757 0.03068311 0.01360519
v 0.27214883 0.03074779 0.01305599
v 0.27225196 0.03077474 0.01259417
v 0.27281576 0.03074240 0.01161437
v 0.27348269 0.03072623 0.01007289
v 0.27397085 0.03044598 0.01007289
v 0.27391585 0.03061305 0.00939264
v 0.27417712 0.03072623 0.00798846
v 0.27466528 0.03043520 0.00798846
v 0.27459653 0.03058610 0.00726452
v 0.27535972 0.03039747 0.00518633
v 0.27483717 0.03071006 0.00518633
v 0.27491968 0.03074240 0.00449984
v 0.27535972 0.03052682 0.00381960
v 0.27529096 0.03061305 0.00318303
v 0.27538034 0.03059688 0.00241541
v 0.27593726 0.03027351 0.00173516
v 0.27597164 0.03028968 0.00034346
v 0.27591664 0.03025734 -0.00241497
v 0.27535972 0.03047292 -0.00449940
v 0.27588226 0.03023040 -0.00312643
v 0.27583413 0.03019267 -0.00381916
v 0.27539409 0.03027890 -0.00584742
v 0.27524283 0.03026812 -0.00659632
v 0.27469279 0.03027890 -0.00864330
v 0.27516032 0.03020884 -0.00729529
v 0.27507782 0.03012800 -0.00798802
v 0.27334518 0.03065078 -0.01076518
v 0.27450715 0.03023579 -0.00937972
v 0.27399148 0.03026812 -0.01072149
v 0.27320766 0.03057532 -0.01141422
v 0.27257511 0.03063461 -0.01262494
v 0.27252011 0.03060766 -0.01283713
v 0.27201132 0.03068850 -0.01354858
v 0.27117937 0.03023579 -0.01628829
v 0.27053307 0.03031663 -0.01704967
v 0.26979739 0.03046753 -0.01772368
v 0.27191506 0.03029507 -0.01494028
v 0.27168129 0.03018728 -0.01563925
v 0.26981114 0.03068850 -0.01709336
v 0.26928859 0.03071006 -0.01772368
v 0.26769346 0.03064539 -0.01979563
v 0.26836727 0.03061305 -0.01908418
v 0.26560329 0.03025734 -0.02257903
v 0.26772784 0.03029507 -0.02051332
v 0.26632523 0.03028968 -0.02189878
v 0.26702654 0.03029507 -0.02120605
v 0.26680652 0.03016033 -0.02168035
v 0.26772784 0.02985313 -0.02120605
v 0.26265368 0.02946509 0.02581221
v 0.26226864 0.02926568 0.02627403
v 0.26146420 0.02881296 0.02724760
v 0.26186299 0.02870517 0.02713526
v 0.26496386 0.02905549 0.02469510
v 0.26384315 0.03004176 0.02428945
v 0.25799205 0.02996631 0.02767197
v 0.25757264 0.03004176 0.02776558
v 0.25711197 0.03012800 0.02785920
v 0.25903026 0.03007410 0.02709782
v 0.25660318 0.02989086 0.02830229
v 0.26007534 0.02883452 0.02795281
v 0.25907838 0.02939503 0.02781551
v 0.25590875 0.03000404 0.02841463
v 0.25506306 0.03012800 0.02855817
v 0.25451989 0.03019806 0.02863930
v 0.25414861 0.03008488 0.02887021
v 0.26048100 0.02940042 0.02712902
v 0.26007534 0.02949743 0.02722887
v 0.24270767 0.03064000 0.02889517
v 0.25381858 0.03027351 0.02873291
v 0.23614151 0.03076396 0.02708533
v 0.23576335 0.03073701 0.02699172
v 0.23506892 0.03066695 0.02684194
v 0.23440887 0.03058610 0.02668592
v 0.23367318 0.03031663 0.02679202
v 0.23299938 0.03060227 0.02599943
v 0.23226369 0.03031663 0.02609305
v 0.23158989 0.03019806 0.02588086
v 0.23158989 0.02991781 0.02623034
v 0.27631542 0.02999326 0.00034346
v 0.27626729 0.02993936 0.00241541
v 0.27623979 0.02990164 0.00312062
v 0.27618478 0.02986391 0.00381960
v 0.27571037 0.03008488 0.00558574
v 0.27604727 0.02902854 0.00866246
v 0.27516720 0.03020884 0.00729573
v 0.27542160 0.02980463 0.00798846
v 0.27573100 0.02940042 0.00841907
v 0.27573787 0.02871595 0.01054095
v 0.27635667 0.02862433 0.00890586
v 0.27534597 0.02902854 0.01075314
v 0.27495406 0.02932496 0.01096532
v 0.27423900 0.02999865 0.01092164
v 0.27367520 0.03011722 0.01193889
v 0.27346894 0.02993397 0.01285005
v 0.27312516 0.03023040 0.01285005
v 0.27260949 0.03032202 0.01360519
v 0.27241698 0.03021962 0.01424799
v 0.27288451 0.03004176 0.01382361
v 0.27229322 0.03012261 0.01470981
v 0.27216258 0.03000943 0.01517163
v 0.27278138 0.02924951 0.01563345
v 0.27230009 0.02943275 0.01608903
v 0.27302202 0.02877523 0.01615144
v 0.27239635 0.02882913 0.01702515
v 0.27226571 0.02870517 0.01742456
v 0.27164004 0.02877523 0.01822963
v 0.27119313 0.02903393 0.01842933
v 0.27097311 0.02879679 0.01910958
v 0.27018242 0.02871595 0.02020172
v 0.26908233 0.02889380 0.02117529
v 0.26976988 0.02886685 0.02045759
v 0.26833289 0.02898542 0.02181809
v 0.26763846 0.02898542 0.02251706
v 0.26737031 0.02937886 0.02224247
v 0.26609833 0.03014955 0.02234232
v 0.26656587 0.03000404 0.02212389
v 0.26847040 0.02976690 -0.02056949
v 0.26865604 0.02999326 -0.02003278
v 0.26942611 0.02935730 -0.02012015
v 0.26976988 0.02886685 -0.02045716
v 0.27073246 0.02929801 -0.01862236
v 0.27119313 0.02903932 -0.01842889
v 0.27105561 0.02956210 -0.01772368
v 0.27153003 0.02937347 -0.01736795
v 0.27155753 0.03009566 -0.01602618
v 0.27319391 0.03026273 -0.01262494
v 0.27367520 0.03011722 -0.01193845
v 0.27423900 0.02999865 -0.01092120
v 0.27494718 0.03000943 -0.00884925
v 0.27502281 0.03008488 -0.00838119
v 0.27542160 0.02980463 -0.00798802
v 0.27377834 0.03019806 -0.01146415
v 0.22952034 0.02901776 0.02604312
v 0.23367318 0.03068311 0.02618042
v 0.23420260 0.03074240 0.02630523
v 0.23467014 0.03077474 0.02641757
v 0.23714534 0.03079629 0.02722263
v 0.25590875 0.03028968 0.02807138
v 0.25732512 0.03032741 0.02749723
v 0.25856959 0.03015494 0.02720391
v 0.25938091 0.03027351 0.02666720
v 0.25995158 0.03016572 0.02652990
v 0.26076977 0.03025734 0.02594951
v 0.26215176 0.03021423 0.02520685
v 0.26210363 0.03057532 0.02460773
v 0.26129231 0.03014955 0.02580597
v 0.26338249 0.03016572 0.02444547
v 0.26679964 0.03015494 0.02168079
v 0.26702654 0.03029507 0.02120649
v 0.26700591 0.03064539 0.02048880
v 0.26769346 0.03064539 0.01979607
v 0.26836727 0.03061305 0.01908462
v 0.26904795 0.03057532 0.01836068
v 0.26979739 0.03046753 0.01771788
v 0.26980426 0.03068850 0.01709380
v 0.27045056 0.03062383 0.01632618
v 0.27052619 0.03031663 0.01704387
v 0.27117937 0.03023579 0.01628873
v 0.27168129 0.03018728 0.01563345
v 0.27190818 0.03029507 0.01494072
v 0.27182568 0.03058610 0.01420430
v 0.27252011 0.03059688 0.01283757
v 0.27269200 0.03068311 0.01215732
v 0.27320766 0.03057532 0.01141466
v 0.27334518 0.03065078 0.01076562
v 0.27399148 0.03026812 0.01072193
v 0.27450715 0.03023579 0.00938016
v 0.27469279 0.03027890 0.00864374
v 0.27524283 0.03026812 0.00659676
v 0.27539409 0.03027890 0.00584786
v 0.27583413 0.03019267 0.00381960
v 0.27535972 0.03047292 0.00449984
v 0.27588226 0.03023040 0.00312062
v 0.27591664 0.03025734 0.00241541
v 0.27094560 0.03014955 -0.01682500
v 0.27028555 0.03017650 -0.01772368
v 0.26976301 0.03019806 -0.01836024
v 0.26908920 0.03024656 -0.01907794
v 0.26841540 0.03028968 -0.01980187
v 0.26750095 0.03016033 -0.02098138
v 0.26818850 0.03016033 -0.02028865
v 0.26257117 0.03011183 0.02506955
v 0.26215176 0.02993936 0.02555010
v 0.26175298 0.03004176 0.02567491
v 0.26180798 0.02938425 0.02640509
v 0.26146420 0.02916328 0.02685443
v 0.25660318 0.03019806 0.02795281
v 0.25938091 0.02999326 0.02701669
v 0.26014410 0.02989086 0.02675457
v 0.27502281 0.03008488 0.00838787
v 0.27432838 0.03008488 0.01045982
v 0.27377834 0.03019806 0.01146459
v 0.27331080 0.03030585 0.01216356
v 0.27155753 0.03009027 0.01602662
v 0.27214883 0.02930879 0.01655709
v 0.27105561 0.02956210 0.01771788
v 0.27015492 0.03008488 0.01806736
v 0.27073246 0.02929263 0.01862280
v 0.26930922 0.02997170 0.01929056
v 0.26913733 0.02975073 0.01984600
v 0.26847040 0.02977229 0.02056369
v 0.26806474 0.02937886 0.02154350
v 0.26864917 0.02999865 0.02003322
v 0.26726030 0.03000404 0.02144988
v 0.26884856 0.03013877 -0.01957096
v 0.26950861 0.03011183 -0.01882830
v 0.27016179 0.03008488 -0.01807317
v 0.27091123 0.02943275 -0.01814805
v 0.27078747 0.03002560 -0.01728682
v 0.26041224 0.03006871 0.02639885
v 0.26750095 0.03015494 0.02098182
v 0.26772097 0.03029507 0.02051376
v 0.26841540 0.03028968 0.01980855
v 0.27028555 0.03017650 0.01771788
v 0.26908233 0.03024656 0.01907838
v 0.26975613 0.03019267 0.01835444
v 0.27093873 0.03014955 0.01682544
v 0.27078059 0.03002560 0.01728726
v 0.26949486 0.03011183 0.01882874
v 0.26884856 0.03013877 0.01957140
v 0.26818850 0.03015494 0.02028909
f 1 2 9
f 1 9 3
f 1 3 4
f 1 4 10
f 1 10 2
f 2 5 6
f 2 6 7
f 2 7 8
f 2 8 9
f 2 10 11
f 2 11 12
f 2 12 5
f 3 9 8
f 3 8 13
f 3 13 36
f 3 36 14
f 3 14 15
f 3 15 16
f 3 16 17
f 3 17 4
f 4 17 16
f 4 16 18
f 4 18 19
f 4 19 20
f 4 20 27
f 4 27 10
f 5 12 21
f 5 21 22
f 5 22 6
f 6 22 53
f 6 53 23
f 6 23 24
f 6 24 7
f 7 24 25
f 7 25 26
f 7 26 8
f 8 26 13
f 10 27 11
f 11 27 28
f 11 28 29
f 11 29 12
f 12 30 21
f 12 29 31
f 12 31 30
f 13 26 25
f 13 25 32
f 13 32 33
f 13 33 34
f 13 34 35
f 13 35 75
f 13 75 36
f 14 36 37
f 14 37 38
f 14 38 39
f 14 39 15
f 15 40 16
f 15 39 41
f 15 41 40
f 16 40 42
f 16 42 43
f 16 43 44
f 16 44 45
f 16 45 18
f 18 45 103
f 18 103 46
f 18 46 19
f 19 46 47
f 19 47 20
f 20 47 48
f 20 48 28
f 20 28 27
f 21 30 49
f 21 49 50
f 21 50 51
f 21 51 22
f 22 51 52
f 22 52 53
f 23 53 54
f 23 54 55
f 23 55 56
f 23 56 24
f 24 56 57
f 24 57 58
f 24 58 59
f 24 59 25
f 25 59 32
f 28 60 29
f 28 48 61
f 28 61 62
f 28 62 120
f 28 120 60
f 29 60 31
f 30 31 63
f 30 63 49
f 31 64 65
f 31 65 66
f 31 66 63
f 31 60 67
f 31 67 68
f 31 68 64
f 32 59 58
f 32 58 69
f 32 69 33
f 33 69 70
f 33 70 34
f 34 70 71
f 34 71 72
f 34 72 35
f 35 72 73
f 35 73 74
f 35 74 75
f 36 75 76
f 36 76 77
f 36 77 37
f 37 77 39
f 37 39 38
f 39 78 79
f 39 79 41
f 39 77 80
f 39 80 76
f 39 76 81
f 39 81 82
f 39 82 83
f 39 83 84
f 39 84 85
f 39 85 86
f 39 86 87
f 39 87 88
f 39 88 78
f 40 41 42
f 41 89 42
f 41 79 90
f 41 90 91
f 41 91 92
f 41 92 93
f 41 93 94
f 41 94 95
f 41 95 96
f 41 96 97
f 41 97 98
f 41 98 89
f 42 89 43
f 43 89 99
f 43 99 44
f 44 99 100
f 44 100 101
f 44 101 102
f 44 102 45
f 45 102 103
f 46 103 47
f 47 104 48
f 47 103 104
f 48 104 61
f 49 105 106
f 49 106 50
f 49 63 107
f 49 107 108
f 49 108 105
f 50 106 51
f 51 109 52
f 51 106 109
f 52 109 110
f 52 110 111
f 52 111 112
f 52 112 113
f 52 113 114
f 52 114 53
f 53 114 54
f 54 114 115
f 54 115 116
f 54 116 55
f 55 116 117
f 55 117 56
f 56 117 118
f 56 118 119
f 56 119 57
f 57 119 130
f 57 130 69
f 57 69 58
f 60 120 67
f 61 104 121
f 61 121 122
f 61 122 123
f 61 123 62
f 62 123 194
f 62 194 120
f 63 66 107
f 64 68 124
f 64 124 65
f 65 107 66
f 65 124 125
f 65 125 126
f 65 126 107
f 67 120 127
f 67 127 68
f 68 127 128
f 68 128 129
f 68 129 124
f 69 130 131
f 69 131 70
f 70 131 132
f 70 132 73
f 70 73 71
f 71 73 72
f 73 133 134
f 73 134 135
f 73 135 74
f 73 132 131
f 73 131 133
f 74 135 75
f 75 135 81
f 75 81 76
f 76 80 77
f 78 88 79
f 79 136 90
f 79 88 137
f 79 137 138
f 79 138 139
f 79 139 140
f 79 140 141
f 79 141 142
f 79 142 143
f 79 143 144
f 79 144 145
f 79 145 146
f 79 146 147
f 79 147 148
f 79 148 149
f 79 149 150
f 79 150 136
f 81 135 82
f 82 135 151
f 82 151 83
f 83 151 152
f 83 152 84
f 84 152 85
f 85 153 154
f 85 154 87
f 85 87 86
f 85 152 153
f 87 154 155
f 87 155 88
f 88 155 156
f 88 156 137
f 89 157 99
f 89 98 158
f 89 158 159
f 89 159 157
f 90 136 160
f 90 160 266
f 90 266 161
f 90 161 162
f 90 162 163
f 90 163 91
f 91 163 92
f 92 164 165
f 92 165 166
f 92 166 167
f 92 167 93
f 92 163 164
f 93 167 94
f 94 167 168
f 94 168 169
f 94 169 95
f 95 170 97
f 95 97 96
f 95 169 171
f 95 171 170
f 97 170 172
f 97 172 98
f 98 172 173
f 98 173 158
f 99 174 100
f 99 157 175
f 99 175 174
f 100 174 103
f 100 103 102
f 100 102 101
f 103 174 104
f 104 174 121
f 105 108 176
f 105 176 106
f 106 176 177
f 106 177 109
f 107 126 108
f 108 126 176
f 109 178 110
f 109 177 178
f 110 178 179
f 110 179 111
f 111 179 180
f 111 180 112
f 112 180 181
f 112 181 182
f 112 182 113
f 113 182 116
f 113 116 115
f 113 115 183
f 113 183 114
f 114 183 115
f 116 182 184
f 116 184 185
f 116 185 186
f 116 186 117
f 117 186 187
f 117 187 188
f 117 188 118
f 118 188 189
f 118 189 190
f 118 190 191
f 118 191 119
f 119 191 192
f 119 192 193
f 119 193 130
f 120 194 195
f 120 195 196
f 120 196 127
f 121 174 197
f 121 197 122
f 122 198 123
f 122 197 199
f 122 199 200
f 122 200 198
f 123 198 201
f 123 201 194
f 124 202 126
f 124 126 125
f 124 129 203
f 124 203 202
f 126 204 205
f 126 205 176
f 126 202 206
f 126 206 204
f 127 196 128
f 128 196 207
f 128 207 129
f 129 207 208
f 129 208 203
f 130 193 209
f 130 209 133
f 130 133 131
f 133 209 210
f 133 210 211
f 133 211 212
f 133 212 134
f 134 212 213
f 134 213 214
f 134 214 135
f 135 214 215
f 135 215 216
f 135 216 151
f 136 217 218
f 136 218 219
f 136 219 220
f 136 220 160
f 136 150 221
f 136 221 222
f 136 222 223
f 136 223 224
f 136 224 225
f 136 225 226
f 136 226 227
f 136 227 228
f 136 228 229
f 136 229 230
f 136 230 231
f 136 231 232
f 136 232 233
f 136 233 234
f 136 234 235
f 136 235 217
f 137 156 138
f 138 156 139
f 139 156 236
f 139 236 237
f 139 237 238
f 139 238 141
f 139 141 140
f 141 239 240
f 141 240 142
f 141 238 239
f 142 240 241
f 142 241 143
f 143 241 144
f 144 241 242
f 144 242 243
f 144 243 244
f 144 244 245
f 144 245 145
f 145 245 246
f 145 246 247
f 145 247 146
f 146 247 248
f 146 248 249
f 146 249 250
f 146 250 251
f 146 251 252
f 146 252 147
f 147 252 148
f 148 252 253
f 148 253 149
f 149 254 255
f 149 255 150
f 149 253 254
f 150 255 361
f 150 361 221
f 151 216 256
f 151 256 257
f 151 257 153
f 151 153 152
f 153 257 154
f 154 258 259
f 154 259 260
f 154 260 261
f 154 261 155
f 154 257 258
f 155 261 156
f 156 261 262
f 156 262 236
f 157 159 175
f 158 173 263
f 158 263 159
f 159 263 264
f 159 264 200
f 159 200 199
f 159 199 197
f 159 197 175
f 160 265 266
f 160 220 267
f 160 267 268
f 160 268 265
f 161 266 269
f 161 269 270
f 161 270 162
f 162 270 271
f 162 271 272
f 162 272 163
f 163 272 273
f 163 273 164
f 164 273 274
f 164 274 275
f 164 275 276
f 164 276 165
f 165 276 277
f 165 277 166
f 166 278 167
f 166 277 278
f 167 278 279
f 167 279 168
f 168 279 171
f 168 171 169
f 170 171 280
f 170 280 172
f 171 279 281
f 171 281 282
f 171 282 283
f 171 283 284
f 171 284 280
f 172 280 285
f 172 285 173
f 173 285 286
f 173 286 263
f 174 175 197
f 176 287 177
f 176 205 288
f 176 288 289
f 176 289 287
f 177 287 290
f 177 290 178
f 178 290 179
f 179 290 291
f 179 291 292
f 179 292 180
f 180 293 181
f 180 292 294
f 180 294 293
f 181 293 295
f 181 295 182
f 182 295 184
f 184 295 296
f 184 296 185
f 185 296 297
f 185 297 186
f 186 297 187
f 187 189 188
f 187 297 298
f 187 298 299
f 187 299 189
f 189 299 300
f 189 300 301
f 189 301 190
f 190 302 303
f 190 303 191
f 190 301 302
f 191 303 302
f 191 302 192
f 192 302 304
f 192 304 305
f 192 305 329
f 192 329 306
f 192 306 209
f 192 209 307
f 192 307 193
f 193 307 209
f 194 201 195
f 195 201 308
f 195 308 309
f 195 309 310
f 195 310 311
f 195 311 312
f 195 312 313
f 195 313 207
f 195 207 196
f 198 200 201
f 200 264 410
f 200 410 314
f 200 314 201
f 201 309 315
f 201 315 308
f 201 314 316
f 201 316 309
f 202 203 206
f 203 208 317
f 203 317 206
f 204 288 205
f 204 206 288
f 206 318 288
f 206 317 319
f 206 319 320
f 206 320 318
f 207 321 322
f 207 322 208
f 207 313 312
f 207 312 311
f 207 311 323
f 207 323 324
f 207 324 325
f 207 325 326
f 207 326 327
f 207 327 328
f 207 328 321
f 208 319 317
f 208 322 319
f 209 306 210
f 210 306 329
f 210 329 211
f 211 329 213
f 211 213 212
f 213 329 330
f 213 330 331
f 213 331 332
f 213 332 333
f 213 333 214
f 214 333 215
f 215 333 334
f 215 334 335
f 215 335 336
f 215 336 216
f 216 336 256
f 217 235 218
f 218 235 337
f 218 337 338
f 218 338 339
f 218 339 340
f 218 340 341
f 218 341 342
f 218 342 343
f 218 343 344
f 218 344 345
f 218 345 346
f 218 346 347
f 218 347 348
f 218 348 219
f 219 348 349
f 219 349 350
f 219 350 351
f 219 351 352
f 219 352 220
f 220 352 353
f 220 353 354
f 220 354 355
f 220 355 356
f 220 356 357
f 220 357 358
f 220 358 359
f 220 359 360
f 220 360 267
f 221 361 222
f 222 361 362
f 222 362 363
f 222 363 223
f 223 363 364
f 223 364 224
f 224 364 225
f 225 364 365
f 225 365 366
f 225 366 367
f 225 367 368
f 225 368 369
f 225 369 370
f 225 370 371
f 225 371 227
f 225 227 226
f 227 371 372
f 227 372 229
f 227 229 228
f 229 373 374
f 229 374 230
f 229 372 373
f 230 374 231
f 231 374 375
f 231 375 376
f 231 376 377
f 231 377 233
f 231 233 232
f 233 378 234
f 233 377 379
f 233 379 380
f 233 380 378
f 234 378 235
f 235 381 338
f 235 338 337
f 235 378 381
f 236 262 237
f 237 382 238
f 237 262 382
f 238 383 239
f 238 382 383
f 239 384 240
f 239 383 385
f 239 385 384
f 240 384 386
f 240 386 241
f 241 386 387
f 241 387 242
f 242 387 243
f 243 387 244
f 244 388 389
f 244 389 246
f 244 246 245
f 244 387 390
f 244 390 388
f 246 389 391
f 246 391 392
f 246 392 247
f 247 393 248
f 247 392 393
f 248 393 249
f 249 394 395
f 249 395 396
f 249 396 397
f 249 397 398
f 249 398 250
f 249 393 399
f 249 399 394
f 250 398 400
f 250 400 251
f 251 400 252
f 252 400 401
f 252 401 253
f 253 401 402
f 253 402 254
f 254 402 403
f 254 403 404
f 254 404 405
f 254 405 255
f 255 405 521
f 255 521 361
f 256 336 406
f 256 406 258
f 256 258 257
f 258 406 259
f 259 406 407
f 259 407 261
f 259 261 260
f 261 407 262
f 262 408 382
f 262 407 408
f 263 286 409
f 263 409 411
f 263 411 264
f 264 411 412
f 264 412 410
f 265 413 269
f 265 269 266
f 265 268 414
f 265 414 413
f 267 360 268
f 268 360 415
f 268 415 414
f 269 413 416
f 269 416 417
f 269 417 270
f 270 417 271
f 271 417 418
f 271 418 419
f 271 419 420
f 271 420 421
f 271 421 272
f 272 421 422
f 272 422 273
f 273 422 423
f 273 423 424
f 273 424 274
f 274 424 425
f 274 425 426
f 274 426 276
f 274 276 275
f 276 426 425
f 276 425 277
f 277 279 278
f 277 425 427
f 277 427 428
f 277 428 429
f 277 429 430
f 277 430 279
f 279 430 281
f 280 284 431
f 280 431 432
f 280 432 285
f 281 430 282
f 282 430 283
f 283 430 433
f 283 433 284
f 284 434 435
f 284 435 432
f 284 432 431
f 284 433 434
f 285 432 436
f 285 436 286
f 286 436 409
f 287 289 437
f 287 437 438
f 287 438 439
f 287 439 440
f 287 440 441
f 287 441 290
f 288 442 443
f 288 443 437
f 288 437 289
f 288 318 444
f 288 444 442
f 290 441 445
f 290 445 291
f 291 445 292
f 292 446 447
f 292 447 294
f 292 445 446
f 293 294 448
f 293 448 449
f 293 449 295
f 294 447 450
f 294 450 448
f 295 449 451
f 295 451 296
f 296 451 452
f 296 452 297
f 297 452 298
f 298 453 454
f 298 454 455
f 298 455 456
f 298 456 299
f 298 452 453
f 299 456 300
f 300 456 455
f 300 455 457
f 300 457 301
f 301 457 458
f 301 458 302
f 302 458 459
f 302 459 460
f 302 460 304
f 304 461 305
f 304 460 462
f 304 462 461
f 305 461 329
f 308 315 309
f 309 463 464
f 309 464 465
f 309 465 310
f 309 316 466
f 309 466 463
f 310 465 467
f 310 467 468
f 310 468 469
f 310 469 323
f 310 323 311
f 314 410 316
f 316 410 470
f 316 470 466
f 318 320 471
f 318 471 444
f 319 471 320
f 319 322 472
f 319 472 471
f 321 328 473
f 321 473 474
f 321 474 475
f 321 475 322
f 322 475 472
f 323 469 324
f 324 468 467
f 324 467 476
f 324 476 477
f 324 477 478
f 324 478 479
f 324 479 480
f 324 480 325
f 324 469 468
f 325 480 326
f 326 480 327
f 327 473 328
f 327 480 479
f 327 479 473
f 329 461 481
f 329 481 482
f 329 482 330
f 330 482 483
f 330 483 484
f 330 484 331
f 331 484 485
f 331 485 486
f 331 486 334
f 331 334 332
f 332 334 333
f 334 486 335
f 335 486 487
f 335 487 488
f 335 488 489
f 335 489 336
f 336 489 406
f 338 381 490
f 338 490 491
f 338 491 339
f 339 491 340
f 340 491 490
f 340 490 492
f 340 492 341
f 341 492 493
f 341 493 342
f 342 493 343
f 343 494 495
f 343 495 344
f 343 493 494
f 344 495 496
f 344 496 345
f 345 496 497
f 345 497 346
f 346 497 347
f 347 497 348
f 348 497 676
f 348 676 498
f 348 498 499
f 348 499 349
f 349 499 500
f 349 500 350
f 350 500 501
f 350 501 351
f 351 501 502
f 351 502 352
f 352 502 503
f 352 503 504
f 352 504 505
f 352 505 506
f 352 506 507
f 352 507 353
f 353 507 508
f 353 508 509
f 353 509 510
f 353 510 511
f 353 511 354
f 354 511 356
f 354 356 355
f 356 512 357
f 356 511 513
f 356 513 514
f 356 514 512
f 357 512 515
f 357 515 516
f 357 516 517
f 357 517 359
f 357 359 358
f 359 517 518
f 359 518 519
f 359 519 360
f 360 519 520
f 360 520 415
f 361 521 362
f 362 522 523
f 362 523 363
f 362 521 524
f 362 524 522
f 363 523 525
f 363 525 364
f 364 525 526
f 364 526 365
f 365 526 366
f 366 526 527
f 366 527 367
f 367 527 528
f 367 528 529
f 367 529 530
f 367 530 531
f 367 531 532
f 367 532 533
f 367 533 534
f 367 534 369
f 367 369 368
f 369 534 370
f 370 534 371
f 371 534 535
f 371 535 536
f 371 536 372
f 372 536 373
f 373 537 538
f 373 538 374
f 373 536 537
f 374 538 539
f 374 539 375
f 375 540 376
f 375 539 540
f 376 541 380
f 376 380 379
f 376 379 377
f 376 540 541
f 378 542 543
f 378 543 381
f 378 380 542
f 380 541 544
f 380 544 542
f 381 543 490
f 382 408 545
f 382 545 546
f 382 546 385
f 382 385 383
f 384 385 547
f 384 547 548
f 384 548 386
f 385 546 547
f 386 548 387
f 387 548 390
f 388 549 550
f 388 550 389
f 388 390 548
f 388 548 551
f 388 551 549
f 389 550 391
f 391 550 399
f 391 399 393
f 391 393 392
f 394 552 395
f 394 399 553
f 394 553 554
f 394 554 552
f 395 552 555
f 395 555 556
f 395 556 396
f 396 556 557
f 396 557 558
f 396 558 397
f 397 558 398
f 398 558 559
f 398 559 400
f 399 550 553
f 400 559 560
f 400 560 402
f 400 402 401
f 402 560 561
f 402 561 562
f 402 562 403
f 403 562 404
f 404 562 563
f 404 563 564
f 404 564 565
f 404 565 566
f 404 566 405
f 405 566 704
f 405 704 521
f 406 567 568
f 406 568 569
f 406 569 570
f 406 570 407
f 406 489 567
f 407 570 408
f 408 571 572
f 408 572 573
f 408 573 545
f 408 570 574
f 408 574 575
f 408 575 571
f 409 436 576
f 409 576 577
f 409 577 578
f 409 578 411
f 410 412 579
f 410 579 470
f 411 578 580
f 411 580 412
f 412 580 581
f 412 581 579
f 413 582 583
f 413 583 584
f 413 584 585
f 413 585 416
f 413 414 586
f 413 586 587
f 413 587 582
f 414 415 588
f 414 588 589
f 414 589 590
f 414 590 591
f 414 591 586
f 415 520 592
f 415 592 588
f 416 585 417
f 417 593 418
f 417 585 594
f 417 594 595
f 417 595 593
f 418 593 419
f 419 593 596
f 419 596 597
f 419 597 598
f 419 598 599
f 419 599 600
f 419 600 420
f 420 600 601
f 420 601 602
f 420 602 603
f 420 603 604
f 420 604 605
f 420 605 422
f 420 422 421
f 422 605 606
f 422 606 423
f 423 606 424
f 424 606 425
f 425 606 607
f 425 607 427
f 427 607 608
f 427 608 428
f 428 608 429
f 429 609 610
f 429 610 430
f 429 608 609
f 430 610 433
f 432 435 436
f 433 610 434
f 434 610 611
f 434 611 435
f 435 611 804
f 435 804 612
f 435 612 436
f 436 612 576
f 437 443 438
f 438 613 439
f 438 443 614
f 438 614 613
f 439 613 615
f 439 615 616
f 439 616 617
f 439 617 440
f 440 445 441
f 440 617 618
f 440 618 619
f 440 619 445
f 442 444 620
f 442 620 443
f 443 620 614
f 444 471 620
f 445 619 446
f 446 619 621
f 446 621 447
f 447 621 622
f 447 622 450
f 448 450 623
f 448 623 449
f 449 623 451
f 450 624 625
f 450 625 623
f 450 622 621
f 450 621 624
f 451 623 626
f 451 626 627
f 451 627 452
f 452 627 628
f 452 628 453
f 453 628 822
f 453 822 629
f 453 629 630
f 453 630 455
f 453 455 454
f 455 630 631
f 455 631 632
f 455 632 633
f 455 633 634
f 455 634 635
f 455 635 636
f 455 636 637
f 455 637 457
f 457 637 458
f 458 637 638
f 458 638 639
f 458 639 640
f 458 640 641
f 458 641 460
f 458 460 459
f 460 641 640
f 460 640 642
f 460 642 462
f 461 462 481
f 462 642 483
f 462 483 481
f 463 643 465
f 463 465 464
f 463 466 644
f 463 644 643
f 465 643 645
f 465 645 467
f 466 470 646
f 466 646 644
f 467 645 647
f 467 647 648
f 467 648 649
f 467 649 476
f 470 579 650
f 470 650 646
f 471 651 620
f 471 472 475
f 471 475 652
f 471 652 651
f 473 653 474
f 473 479 654
f 473 654 653
f 474 653 475
f 475 653 652
f 476 649 648
f 476 648 655
f 476 655 656
f 476 656 657
f 476 657 658
f 476 658 477
f 477 479 478
f 477 658 659
f 477 659 479
f 479 659 660
f 479 660 654
f 481 483 482
f 483 642 837
f 483 837 661
f 483 661 662
f 483 662 485
f 483 485 484
f 485 662 486
f 486 663 664
f 486 664 665
f 486 665 488
f 486 488 487
f 486 662 663
f 488 665 567
f 488 567 489
f 490 543 666
f 490 666 667
f 490 667 668
f 490 668 669
f 490 669 492
f 492 669 493
f 493 669 670
f 493 670 671
f 493 671 494
f 494 671 672
f 494 672 673
f 494 673 674
f 494 674 675
f 494 675 496
f 494 496 495
f 496 676 497
f 496 675 677
f 496 677 676
f 498 678 878
f 498 878 679
f 498 679 499
f 498 676 874
f 498 874 678
f 499 679 500
f 500 679 501
f 501 680 681
f 501 681 682
f 501 682 683
f 501 683 684
f 501 684 503
f 501 503 502
f 501 679 680
f 503 685 504
f 503 684 683
f 503 683 682
f 503 682 686
f 503 686 687
f 503 687 685
f 504 685 688
f 504 688 689
f 504 689 884
f 504 884 690
f 504 690 691
f 504 691 505
f 505 691 886
f 505 886 692
f 505 692 508
f 505 508 506
f 506 508 507
f 508 692 693
f 508 693 694
f 508 694 695
f 508 695 509
f 509 695 510
f 510 695 696
f 510 696 513
f 510 513 511
f 512 514 515
f 513 696 697
f 513 697 698
f 513 698 514
f 514 698 699
f 514 699 700
f 514 700 701
f 514 701 702
f 514 702 515
f 515 702 516
f 516 702 517
f 517 702 518
f 518 702 703
f 518 703 519
f 519 703 592
f 519 592 520
f 521 704 524
f 522 524 705
f 522 705 523
f 523 706 526
f 523 526 525
f 523 705 707
f 523 707 706
f 524 704 708
f 524 708 709
f 524 709 710
f 524 710 705
f 526 706 711
f 526 711 527
f 527 711 528
f 528 711 712
f 528 712 529
f 529 712 713
f 529 713 530
f 530 714 715
f 530 715 716
f 530 716 531
f 530 713 714
f 531 716 717
f 531 717 718
f 531 718 533
f 531 533 532
f 533 718 719
f 533 719 534
f 534 719 535
f 535 720 536
f 535 719 720
f 536 720 537
f 537 721 722
f 537 722 538
f 537 720 721
f 538 722 539
f 539 722 540
f 540 722 723
f 540 723 541
f 541 724 544
f 541 723 724
f 542 725 726
f 542 726 543
f 542 544 725
f 543 726 727
f 543 727 667
f 543 667 666
f 544 724 728
f 544 728 729
f 544 729 725
f 545 573 730
f 545 730 731
f 545 731 732
f 545 732 546
f 546 732 547
f 547 733 548
f 547 732 733
f 548 733 734
f 548 734 735
f 548 735 551
f 549 736 554
f 549 554 550
f 549 551 735
f 549 735 737
f 549 737 738
f 549 738 739
f 549 739 736
f 550 554 553
f 552 740 555
f 552 554 740
f 554 736 740
f 555 740 736
f 555 736 741
f 555 741 742
f 555 742 743
f 555 743 556
f 556 743 744
f 556 744 745
f 556 745 557
f 557 745 558
f 558 746 559
f 558 745 747
f 558 747 561
f 558 561 746
f 559 746 560
f 560 746 561
f 561 747 563
f 561 563 562
f 563 747 564
f 564 748 565
f 564 747 748
f 565 748 749
f 565 749 750
f 565 750 566
f 566 750 751
f 566 751 902
f 566 902 704
f 567 665 752
f 567 752 753
f 567 753 754
f 567 754 755
f 567 755 568
f 568 755 756
f 568 756 575
f 568 575 569
f 569 575 570
f 570 575 574
f 571 575 572
f 572 757 758
f 572 758 759
f 572 759 730
f 572 730 573
f 572 575 757
f 575 756 757
f 576 612 577
f 577 612 578
f 578 612 760
f 578 760 580
f 579 581 761
f 579 761 762
f 579 762 763
f 579 763 650
f 580 760 764
f 580 764 581
f 581 764 765
f 581 765 761
f 582 766 767
f 582 767 768
f 582 768 769
f 582 769 584
f 582 584 583
f 582 587 770
f 582 770 766
f 584 769 585
f 585 768 771
f 585 771 772
f 585 772 773
f 585 773 784
f 585 784 594
f 585 769 768
f 586 591 774
f 586 774 775
f 586 775 587
f 587 775 776
f 587 776 777
f 587 777 778
f 587 778 779
f 587 779 770
f 588 592 780
f 588 780 781
f 588 781 782
f 588 782 589
f 589 782 783
f 589 783 590
f 590 783 774
f 590 774 591
f 592 703 780
f 593 595 596
f 594 784 595
f 595 597 596
f 595 784 785
f 595 785 786
f 595 786 597
f 597 786 787
f 597 787 788
f 597 788 789
f 597 789 598
f 598 789 599
f 599 789 788
f 599 788 790
f 599 790 791
f 599 791 600
f 600 791 792
f 600 792 793
f 600 793 601
f 601 793 794
f 601 794 602
f 602 794 795
f 602 795 603
f 603 795 796
f 603 796 604
f 604 796 797
f 604 797 605
f 605 797 798
f 605 798 606
f 606 797 799
f 606 799 800
f 606 800 607
f 606 798 797
f 607 800 801
f 607 801 608
f 608 801 802
f 608 802 609
f 609 802 803
f 609 803 611
f 609 611 610
f 611 803 804
f 612 805 760
f 612 804 805
f 613 614 806
f 613 806 807
f 613 807 808
f 613 808 809
f 613 809 810
f 613 810 615
f 614 807 806
f 614 620 811
f 614 811 807
f 615 810 616
f 616 810 812
f 616 812 617
f 617 812 813
f 617 813 618
f 618 813 814
f 618 814 815
f 618 815 621
f 618 621 619
f 620 651 816
f 620 816 817
f 620 817 811
f 621 815 624
f 623 625 818
f 623 818 626
f 624 819 625
f 624 815 820
f 624 820 819
f 625 819 821
f 625 821 818
f 626 818 822
f 626 822 627
f 627 822 628
f 629 818 823
f 629 823 632
f 629 632 630
f 629 822 818
f 630 632 631
f 632 823 633
f 633 823 824
f 633 824 825
f 633 825 826
f 633 826 827
f 633 827 634
f 634 827 828
f 634 828 635
f 635 829 830
f 635 830 831
f 635 831 638
f 635 638 637
f 635 637 636
f 635 828 832
f 635 832 833
f 635 833 829
f 638 831 639
f 639 834 640
f 639 831 830
f 639 830 835
f 639 835 834
f 640 836 642
f 640 834 1051
f 640 1051 836
f 642 836 837
f 643 644 645
f 644 646 838
f 644 838 839
f 644 839 840
f 644 840 841
f 644 841 647
f 644 647 645
f 646 650 842
f 646 842 843
f 646 843 838
f 647 841 844
f 647 844 648
f 648 845 655
f 648 844 845
f 650 763 842
f 651 652 816
f 652 653 816
f 653 846 816
f 653 654 847
f 653 847 848
f 653 848 846
f 654 660 847
f 655 845 849
f 655 849 850
f 655 850 851
f 655 851 657
f 655 657 656
f 657 852 658
f 657 851 852
f 658 852 853
f 658 853 659
f 659 854 660
f 659 853 855
f 659 855 854
f 660 854 847
f 661 837 1051
f 661 1051 856
f 661 856 663
f 661 663 662
f 663 857 1073
f 663 1073 858
f 663 858 664
f 663 856 1051
f 663 1051 857
f 664 858 859
f 664 859 860
f 664 860 956
f 664 956 752
f 664 752 665
f 667 727 861
f 667 861 668
f 668 670 669
f 668 861 670
f 670 861 862
f 670 862 672
f 670 672 671
f 672 862 863
f 672 863 864
f 672 864 865
f 672 865 866
f 672 866 867
f 672 867 868
f 672 868 869
f 672 869 673
f 673 870 674
f 673 869 870
f 674 870 871
f 674 871 872
f 674 872 675
f 675 872 873
f 675 873 677
f 676 677 873
f 676 873 875
f 676 875 1091
f 676 1091 874
f 678 876 877
f 678 877 878
f 678 874 876
f 679 878 879
f 679 879 680
f 680 879 880
f 680 880 881
f 680 881 882
f 680 882 686
f 680 686 681
f 681 686 682
f 685 687 688
f 686 882 883
f 686 883 687
f 687 883 688
f 688 883 689
f 689 883 1098
f 689 1098 884
f 690 884 691
f 691 885 886
f 691 884 887
f 691 887 888
f 691 888 885
f 692 886 889
f 692 889 693
f 693 889 1108
f 693 1108 890
f 693 890 891
f 693 891 892
f 693 892 893
f 693 893 694
f 694 893 695
f 695 893 894
f 695 894 696
f 696 894 697
f 697 894 698
f 698 894 895
f 698 895 896
f 698 896 897
f 698 897 699
f 699 897 700
f 700 897 898
f 700 898 701
f 701 898 702
f 702 898 703
f 703 899 780
f 703 898 900
f 703 900 899
f 704 901 708
f 704 902 901
f 705 710 707
f 706 707 903
f 706 903 711
f 707 710 904
f 707 904 712
f 707 712 903
f 708 905 906
f 708 906 709
f 708 901 905
f 709 906 904
f 709 904 710
f 711 903 712
f 712 907 713
f 712 904 907
f 713 907 908
f 713 908 909
f 713 909 714
f 714 910 911
f 714 911 715
f 714 909 912
f 714 912 910
f 715 911 716
f 716 911 717
f 717 911 913
f 717 913 719
f 717 719 718
f 719 913 720
f 720 913 721
f 721 914 722
f 721 913 914
f 722 914 723
f 723 914 915
f 723 915 916
f 723 916 917
f 723 917 918
f 723 918 724
f 724 918 728
f 725 919 726
f 725 729 919
f 726 919 920
f 726 920 727
f 727 920 861
f 728 921 922
f 728 922 729
f 728 918 921
f 729 923 919
f 729 922 923
f 730 759 731
f 731 759 924
f 731 924 732
f 732 924 925
f 732 925 733
f 733 926 734
f 733 925 926
f 734 926 927
f 734 927 737
f 734 737 735
f 736 739 928
f 736 928 929
f 736 929 741
f 737 927 930
f 737 930 738
f 738 930 739
f 739 930 931
f 739 931 932
f 739 932 933
f 739 933 934
f 739 934 935
f 739 935 928
f 741 936 937
f 741 937 742
f 741 929 938
f 741 938 936
f 742 939 743
f 742 937 940
f 742 940 939
f 743 941 942
f 743 942 744
f 743 939 943
f 743 943 944
f 743 944 945
f 743 945 941
f 744 942 946
f 744 946 745
f 745 946 947
f 745 947 747
f 747 947 948
f 747 948 949
f 747 949 748
f 748 949 749
f 749 950 750
f 749 949 950
f 750 951 952
f 750 952 751
f 750 950 953
f 750 953 951
f 751 952 954
f 751 954 955
f 751 955 1120
f 751 1120 902
f 752 956 957
f 752 957 753
f 753 957 958
f 753 958 959
f 753 959 960
f 753 960 754
f 754 960 755
f 755 961 962
f 755 962 756
f 755 960 961
f 756 962 757
f 757 963 758
f 757 962 963
f 758 963 964
f 758 964 759
f 759 965 966
f 759 966 924
f 759 964 965
f 760 805 967
f 760 967 764
f 761 765 968
f 761 968 762
f 762 968 763
f 763 968 969
f 763 969 970
f 763 970 971
f 763 971 972
f 763 972 842
f 764 973 765
f 764 967 973
f 765 973 968
f 766 974 767
f 766 770 974
f 767 974 975
f 767 975 768
f 768 976 977
f 768 977 771
f 768 975 978
f 768 978 976
f 770 779 979
f 770 979 980
f 770 980 974
f 771 981 982
f 771 982 772
f 771 977 981
f 772 982 983
f 772 983 773
f 773 983 784
f 774 783 984
f 774 984 775
f 775 984 985
f 775 985 776
f 776 985 986
f 776 986 777
f 777 986 987
f 777 987 778
f 778 987 779
f 779 987 988
f 779 988 979
f 780 899 989
f 780 989 990
f 780 990 781
f 781 990 782
f 782 990 991
f 782 991 783
f 783 990 992
f 783 992 993
f 783 993 994
f 783 994 984
f 783 991 990
f 784 983 995
f 784 995 785
f 785 996 786
f 785 995 997
f 785 997 996
f 786 996 787
f 787 998 788
f 787 996 999
f 787 999 1000
f 787 1000 998
f 788 998 790
f 790 998 791
f 791 998 792
f 792 998 794
f 792 794 793
f 794 998 1001
f 794 1001 1002
f 794 1002 1003
f 794 1003 795
f 795 1003 1004
f 795 1004 800
f 795 800 799
f 795 799 797
f 795 797 796
f 800 1004 1005
f 800 1005 1006
f 800 1006 801
f 801 1006 802
f 802 1006 1007
f 802 1007 1008
f 802 1008 803
f 803 1008 804
f 804 1008 805
f 805 1008 1009
f 805 1009 1010
f 805 1010 1011
f 805 1011 1012
f 805 1012 1205
f 805 1205 1013
f 805 1013 1245
f 805 1245 1014
f 805 1014 1015
f 805 1015 1016
f 805 1016 1017
f 805 1017 1018
f 805 1018 1019
f 805 1019 1020
f 805 1020 1021
f 805 1021 1022
f 805 1022 967
f 807 1023 809
f 807 809 808
f 807 811 1024
f 807 1024 1023
f 809 1023 810
f 810 1023 1024
f 810 1024 1025
f 810 1025 1026
f 810 1026 812
f 811 817 1027
f 811 1027 1028
f 811 1028 1024
f 812 1026 813
f 813 1026 815
f 813 815 814
f 815 1026 1029
f 815 1029 1030
f 815 1030 820
f 816 846 1031
f 816 1031 1027
f 816 1027 817
f 818 821 823
f 819 820 1032
f 819 1032 821
f 820 1030 1033
f 820 1033 1034
f 820 1034 1035
f 820 1035 1032
f 821 1032 1036
f 821 1036 824
f 821 824 823
f 824 1036 825
f 825 1036 826
f 826 1036 1037
f 826 1037 827
f 827 1037 1038
f 827 1038 1039
f 827 1039 1040
f 827 1040 828
f 828 1040 1041
f 828 1041 832
f 829 833 1042
f 829 1042 830
f 830 1042 1043
f 830 1043 1044
f 830 1044 1045
f 830 1045 1046
f 830 1046 835
f 832 1047 1048
f 832 1048 1049
f 832 1049 833
f 832 1041 1047
f 833 1049 1050
f 833 1050 1042
f 834 835 860
f 834 860 857
f 834 857 1051
f 835 1046 860
f 836 1051 837
f 838 843 972
f 838 972 839
f 839 972 971
f 839 971 840
f 840 971 1052
f 840 1052 841
f 841 1052 1053
f 841 1053 844
f 842 972 843
f 844 1053 1054
f 844 1054 1055
f 844 1055 1056
f 844 1056 845
f 845 1057 1058
f 845 1058 850
f 845 850 849
f 845 1056 1059
f 845 1059 1057
f 846 848 1031
f 847 1060 1031
f 847 1031 848
f 847 854 1061
f 847 1061 1062
f 847 1062 1060
f 850 1058 1063
f 850 1063 1064
f 850 1064 1065
f 850 1065 1066
f 850 1066 1067
f 850 1067 1068
f 850 1068 851
f 851 1068 1069
f 851 1069 852
f 852 1069 1070
f 852 1070 853
f 853 1070 855
f 854 855 1071
f 854 1071 1061
f 855 1070 1072
f 855 1072 1071
f 857 860 859
f 857 859 1073
f 858 1073 859
f 860 1046 1074
f 860 1074 1075
f 860 1075 956
f 861 920 919
f 861 919 1076
f 861 1076 1077
f 861 1077 1078
f 861 1078 863
f 861 863 862
f 863 1079 864
f 863 1078 1079
f 864 1079 865
f 865 1079 1080
f 865 1080 866
f 866 1080 1081
f 866 1081 867
f 867 1081 1082
f 867 1082 1083
f 867 1083 1084
f 867 1084 1085
f 867 1085 870
f 867 870 868
f 868 870 869
f 870 1085 871
f 871 1085 1086
f 871 1086 1087
f 871 1087 872
f 872 1087 1088
f 872 1088 873
f 873 1088 1089
f 873 1089 875
f 874 1090 1094
f 874 1094 876
f 874 1091 1092
f 874 1092 1328
f 874 1328 1090
f 875 1089 1093
f 875 1093 1091
f 876 1094 1095
f 876 1095 877
f 877 1096 879
f 877 879 878
f 877 1095 1096
f 879 1096 880
f 880 1096 1099
f 880 1099 881
f 881 1097 1098
f 881 1098 883
f 881 883 882
f 881 1099 1097
f 884 1100 888
f 884 888 887
f 884 1098 1097
f 884 1097 1336
f 884 1336 1100
f 885 1101 1340
f 885 1340 1102
f 885 1102 886
f 885 888 1101
f 886 1102 1103
f 886 1103 889
f 888 1100 1104
f 888 1104 1105
f 888 1105 1106
f 888 1106 1101
f 889 1103 1107
f 889 1107 1108
f 890 1109 891
f 890 1108 1235
f 890 1235 1109
f 891 1109 892
f 892 1109 895
f 892 895 893
f 893 895 894
f 895 1109 1110
f 895 1110 1111
f 895 1111 896
f 896 1112 897
f 896 1111 1112
f 897 1112 898
f 898 1112 1113
f 898 1113 900
f 899 900 989
f 900 1114 989
f 900 1113 1115
f 900 1115 1114
f 901 902 1116
f 901 1116 1117
f 901 1117 1118
f 901 1118 1119
f 901 1119 905
f 902 1120 1121
f 902 1121 1116
f 904 906 1122
f 904 1122 1123
f 904 1123 1124
f 904 1124 907
f 905 1119 1122
f 905 1122 906
f 907 1124 1125
f 907 1125 1126
f 907 1126 908
f 908 1126 909
f 909 1127 1128
f 909 1128 912
f 909 1126 1129
f 909 1129 1130
f 909 1130 1131
f 909 1131 1127
f 910 912 1132
f 910 1132 1133
f 910 1133 911
f 911 1133 1134
f 911 1134 1135
f 911 1135 1136
f 911 1136 913
f 912 1128 1132
f 913 1136 1137
f 913 1137 1138
f 913 1138 1139
f 913 1139 914
f 914 1139 915
f 915 1139 1140
f 915 1140 916
f 916 1141 1142
f 916 1142 917
f 916 1140 1143
f 916 1143 1141
f 917 1142 918
f 918 1142 921
f 919 923 1076
f 921 1142 922
f 922 1142 1144
f 922 1144 923
f 923 1144 1145
f 923 1145 1146
f 923 1146 1077
f 923 1077 1076
f 924 966 926
f 924 926 925
f 926 966 1147
f 926 1147 927
f 927 1148 930
f 927 1147 1148
f 928 935 1149
f 928 1149 1150
f 928 1150 929
f 929 1150 1151
f 929 1151 938
f 930 1152 931
f 930 1148 1153
f 930 1153 1152
f 931 1152 1154
f 931 1154 934
f 931 934 933
f 931 933 932
f 934 1154 1155
f 934 1155 1149
f 934 1149 935
f 936 940 937
f 936 938 1151
f 936 1151 940
f 939 940 1156
f 939 1156 943
f 940 1151 1157
f 940 1157 1158
f 940 1158 1156
f 941 945 1159
f 941 1159 1160
f 941 1160 1161
f 941 1161 942
f 942 1161 946
f 943 1162 944
f 943 1156 1163
f 943 1163 1164
f 943 1164 1165
f 943 1165 1162
f 944 1162 1166
f 944 1166 945
f 945 1167 1168
f 945 1168 1169
f 945 1169 1159
f 945 1166 1167
f 946 1170 1171
f 946 1171 947
f 946 1161 1170
f 947 1171 948
f 948 1171 1172
f 948 1172 949
f 949 1172 1173
f 949 1173 1174
f 949 1174 953
f 949 953 950
f 951 953 1175
f 951 1175 1176
f 951 1176 1177
f 951 1177 1178
f 951 1178 1179
f 951 1179 952
f 952 1179 1180
f 952 1180 954
f 953 1174 1175
f 954 1180 1359
f 954 1359 1121
f 954 1121 1120
f 954 1120 955
f 956 1075 1181
f 956 1181 1182
f 956 1182 957
f 957 1182 1183
f 957 1183 958
f 958 1183 1184
f 958 1184 960
f 958 960 959
f 960 1184 1185
f 960 1185 1186
f 960 1186 1187
f 960 1187 1188
f 960 1188 961
f 961 1188 962
f 962 1188 963
f 963 1188 1187
f 963 1187 1189
f 963 1189 964
f 964 1189 965
f 965 1189 1190
f 965 1190 1191
f 965 1191 1192
f 965 1192 966
f 966 1192 1147
f 967 1022 973
f 968 1193 969
f 968 973 1193
f 969 1193 1194
f 969 1194 970
f 970 1194 1195
f 970 1195 1052
f 970 1052 971
f 973 1196 1193
f 973 1022 1196
f 974 980 1197
f 974 1197 978
f 974 978 975
f 976 978 1197
f 976 1197 977
f 977 1197 1198
f 977 1198 1199
f 977 1199 981
f 979 988 1200
f 979 1200 980
f 980 1200 1197
f 981 1199 1201
f 981 1201 982
f 982 1202 983
f 982 1201 1202
f 983 1203 1204
f 983 1204 1205
f 983 1205 1012
f 983 1012 995
f 983 1202 1206
f 983 1206 1203
f 984 994 1207
f 984 1207 985
f 985 1207 986
f 986 1207 994
f 986 994 1208
f 986 1208 1209
f 986 1209 1210
f 986 1210 1211
f 986 1211 987
f 987 1211 1212
f 987 1212 988
f 988 1197 1200
f 988 1212 1213
f 988 1213 1214
f 988 1214 1215
f 988 1215 1197
f 989 992 990
f 989 1114 1216
f 989 1216 992
f 992 1216 1217
f 992 1217 993
f 993 1209 1208
f 993 1208 994
f 993 1217 1218
f 993 1218 1219
f 993 1219 1209
f 995 1012 1220
f 995 1220 1221
f 995 1221 997
f 996 997 1221
f 996 1221 999
f 998 1000 1001
f 999 1221 1222
f 999 1222 1000
f 1000 1222 1001
f 1001 1223 1002
f 1001 1222 1223
f 1002 1223 1224
f 1002 1224 1225
f 1002 1225 1003
f 1003 1225 1226
f 1003 1226 1004
f 1004 1226 1005
f 1005 1226 1006
f 1006 1226 1227
f 1006 1227 1007
f 1007 1227 1228
f 1007 1228 1229
f 1007 1229 1010
f 1007 1010 1009
f 1007 1009 1008
f 1010 1229 1225
f 1010 1225 1011
f 1011 1225 1230
f 1011 1230 1012
f 1012 1230 1220
f 1013 1205 1204
f 1013 1204 1231
f 1013 1231 1232
f 1013 1232 1233
f 1013 1233 1234
f 1013 1234 1110
f 1013 1110 1109
f 1013 1109 1235
f 1013 1235 1236
f 1013 1236 1237
f 1013 1237 1238
f 1013 1238 1239
f 1013 1239 1240
f 1013 1240 1241
f 1013 1241 1242
f 1013 1242 1243
f 1013 1243 1244
f 1013 1244 1245
f 1014 1245 1465
f 1014 1465 1246
f 1014 1246 1247
f 1014 1247 1248
f 1014 1248 1249
f 1014 1249 1015
f 1015 1249 1250
f 1015 1250 1251
f 1015 1251 1016
f 1016 1251 1252
f 1016 1252 1017
f 1017 1252 1018
f 1018 1252 1253
f 1018 1253 1019
f 1019 1253 1254
f 1019 1254 1020
f 1020 1254 1255
f 1020 1255 1256
f 1020 1256 1021
f 1021 1256 1257
f 1021 1257 1022
f 1022 1257 1196
f 1024 1028 1258
f 1024 1258 1259
f 1024 1259 1260
f 1024 1260 1025
f 1025 1260 1261
f 1025 1261 1026
f 1026 1261 1262
f 1026 1262 1029
f 1027 1263 1258
f 1027 1258 1028
f 1027 1031 1264
f 1027 1264 1263
f 1029 1262 1033
f 1029 1033 1030
f 1031 1060 1265
f 1031 1265 1266
f 1031 1266 1264
f 1032 1035 1267
f 1032 1267 1036
f 1033 1262 1268
f 1033 1268 1034
f 1034 1268 1269
f 1034 1269 1270
f 1034 1270 1267
f 1034 1267 1035
f 1036 1267 1037
f 1037 1267 1271
f 1037 1271 1038
f 1038 1271 1272
f 1038 1272 1273
f 1038 1273 1039
f 1039 1273 1047
f 1039 1047 1040
f 1040 1047 1041
f 1042 1050 1274
f 1042 1274 1275
f 1042 1275 1043
f 1043 1275 1276
f 1043 1276 1044
f 1044 1277 1278
f 1044 1278 1046
f 1044 1046 1045
f 1044 1276 1279
f 1044 1279 1280
f 1044 1280 1281
f 1044 1281 1277
f 1046 1278 1074
f 1047 1282 1049
f 1047 1049 1048
f 1047 1273 1283
f 1047 1283 1282
f 1049 1282 1284
f 1049 1284 1285
f 1049 1285 1286
f 1049 1286 1050
f 1050 1286 1287
f 1050 1287 1274
f 1052 1195 1288
f 1052 1288 1289
f 1052 1289 1054
f 1052 1054 1053
f 1054 1289 1055
f 1055 1290 1059
f 1055 1059 1056
f 1055 1289 1291
f 1055 1291 1290
f 1057 1292 1064
f 1057 1064 1063
f 1057 1063 1058
f 1057 1059 1290
f 1057 1290 1293
f 1057 1293 1292
f 1060 1062 1265
f 1061 1071 1294
f 1061 1294 1295
f 1061 1295 1265
f 1061 1265 1062
f 1064 1292 1296
f 1064 1296 1297
f 1064 1297 1298
f 1064 1298 1299
f 1064 1299 1065
f 1065 1299 1066
f 1066 1299 1300
f 1066 1300 1301
f 1066 1301 1067
f 1067 1072 1069
f 1067 1069 1068
f 1067 1301 1300
f 1067 1300 1302
f 1067 1302 1072
f 1069 1072 1070
f 1071 1072 1294
f 1072 1302 1294
f 1074 1181 1075
f 1074 1278 1277
f 1074 1277 1303
f 1074 1303 1304
f 1074 1304 1181
f 1077 1305 1306
f 1077 1306 1307
f 1077 1307 1308
f 1077 1308 1078
f 1077 1146 1309
f 1077 1309 1305
f 1078 1308 1079
f 1079 1310 1080
f 1079 1308 1311
f 1079 1311 1310
f 1080 1310 1312
f 1080 1312 1081
f 1081 1313 1082
f 1081 1312 1313
f 1082 1313 1314
f 1082 1314 1315
f 1082 1315 1083
f 1083 1316 1317
f 1083 1317 1084
f 1083 1315 1316
f 1084 1317 1318
f 1084 1318 1319
f 1084 1319 1085
f 1085 1319 1324
f 1085 1324 1320
f 1085 1320 1321
f 1085 1321 1086
f 1086 1321 1087
f 1087 1322 1323
f 1087 1323 1088
f 1087 1321 1320
f 1087 1320 1324
f 1087 1324 1325
f 1087 1325 1322
f 1088 1323 1322
f 1088 1322 1089
f 1089 1326 1093
f 1089 1322 1325
f 1089 1325 1326
f 1090 1327 1330
f 1090 1330 1094
f 1090 1328 1566
f 1090 1566 1327
f 1091 1093 1092
f 1092 1093 1326
f 1092 1326 1329
f 1092 1329 1328
f 1094 1330 1095
f 1095 1330 1331
f 1095 1331 1332
f 1095 1332 1333
f 1095 1333 1334
f 1095 1334 1335
f 1095 1335 1096
f 1096 1335 1334
f 1096 1334 1099
f 1097 1099 1336
f 1099 1334 1336
f 1100 1336 1337
f 1100 1337 1338
f 1100 1338 1104
f 1101 1339 1340
f 1101 1106 1341
f 1101 1341 1339
f 1102 1340 1103
f 1103 1342 1343
f 1103 1343 1344
f 1103 1344 1107
f 1103 1340 1342
f 1104 1338 1106
f 1104 1106 1105
f 1106 1338 1345
f 1106 1345 1346
f 1106 1346 1347
f 1106 1347 1341
f 1107 1348 1349
f 1107 1349 1235
f 1107 1235 1108
f 1107 1344 1348
f 1110 1234 1350
f 1110 1350 1111
f 1111 1350 1115
f 1111 1115 1112
f 1112 1115 1113
f 1114 1115 1216
f 1115 1350 1234
f 1115 1234 1351
f 1115 1351 1216
f 1116 1352 1598
f 1116 1598 1353
f 1116 1353 1117
f 1116 1121 1359
f 1116 1359 1352
f 1117 1353 1354
f 1117 1354 1355
f 1117 1355 1118
f 1118 1355 1356
f 1118 1356 1357
f 1118 1357 1358
f 1118 1358 1119
f 1119 1358 1122
f 1122 1360 1123
f 1122 1358 1361
f 1122 1361 1360
f 1123 1360 1362
f 1123 1362 1124
f 1124 1362 1125
f 1125 1362 1363
f 1125 1363 1126
f 1126 1363 1129
f 1127 1364 1365
f 1127 1365 1128
f 1127 1131 1364
f 1128 1365 1366
f 1128 1366 1367
f 1128 1367 1132
f 1129 1363 1368
f 1129 1368 1130
f 1130 1369 1370
f 1130 1370 1131
f 1130 1368 1369
f 1131 1370 1371
f 1131 1371 1364
f 1132 1367 1366
f 1132 1366 1372
f 1132 1372 1133
f 1133 1373 1374
f 1133 1374 1134
f 1133 1372 1375
f 1133 1375 1373
f 1134 1374 1135
f 1135 1374 1376
f 1135 1376 1377
f 1135 1377 1136
f 1136 1377 1378
f 1136 1378 1137
f 1137 1378 1138
f 1138 1378 1140
f 1138 1140 1139
f 1140 1378 1379
f 1140 1379 1380
f 1140 1380 1381
f 1140 1381 1382
f 1140 1382 1143
f 1141 1143 1383
f 1141 1383 1384
f 1141 1384 1144
f 1141 1144 1142
f 1143 1382 1383
f 1144 1384 1385
f 1144 1385 1145
f 1145 1309 1146
f 1145 1385 1309
f 1147 1192 1386
f 1147 1386 1148
f 1148 1386 1153
f 1149 1387 1388
f 1149 1388 1150
f 1149 1155 1387
f 1150 1388 1151
f 1151 1388 1157
f 1152 1153 1389
f 1152 1389 1390
f 1152 1390 1154
f 1153 1391 1641
f 1153 1641 1392
f 1153 1392 1393
f 1153 1393 1389
f 1153 1386 1394
f 1153 1394 1395
f 1153 1395 1642
f 1153 1642 1391
f 1154 1396 1397
f 1154 1397 1155
f 1154 1390 1396
f 1155 1397 1398
f 1155 1398 1399
f 1155 1399 1400
f 1155 1400 1387
f 1156 1158 1163
f 1157 1388 1158
f 1158 1388 1401
f 1158 1401 1402
f 1158 1402 1651
f 1158 1651 1403
f 1158 1403 1656
f 1158 1656 1404
f 1158 1404 1163
f 1159 1169 1160
f 1160 1169 1405
f 1160 1405 1406
f 1160 1406 1407
f 1160 1407 1408
f 1160 1408 1409
f 1160 1409 1170
f 1160 1170 1161
f 1162 1410 1167
f 1162 1167 1166
f 1162 1165 1412
f 1162 1412 1410
f 1163 1404 1411
f 1163 1411 1164
f 1164 1411 1165
f 1165 1411 1412
f 1167 1410 1413
f 1167 1413 1414
f 1167 1414 1168
f 1168 1414 1415
f 1168 1415 1405
f 1168 1405 1169
f 1170 1409 1408
f 1170 1408 1171
f 1171 1408 1172
f 1172 1416 1417
f 1172 1417 1173
f 1172 1408 1416
f 1173 1418 1419
f 1173 1419 1420
f 1173 1420 1421
f 1173 1421 1422
f 1173 1422 1175
f 1173 1175 1174
f 1173 1417 1423
f 1173 1423 1418
f 1175 1422 1421
f 1175 1421 1424
f 1175 1424 1425
f 1175 1425 1176
f 1176 1425 1177
f 1177 1425 1424
f 1177 1424 1178
f 1178 1426 1179
f 1178 1424 1427
f 1178 1427 1426
f 1179 1428 1180
f 1179 1426 1429
f 1179 1429 1428
f 1180 1428 1594
f 1180 1594 1359
f 1181 1304 1430
f 1181 1430 1182
f 1182 1430 1183
f 1183 1430 1303
f 1183 1303 1184
f 1184 1303 1431
f 1184 1431 1185
f 1185 1431 1432
f 1185 1432 1433
f 1185 1433 1434
f 1185 1434 1186
f 1186 1434 1187
f 1187 1434 1435
f 1187 1435 1189
f 1189 1435 1436
f 1189 1436 1190
f 1190 1436 1191
f 1191 1436 1437
f 1191 1437 1192
f 1192 1437 1386
f 1193 1438 1194
f 1193 1196 1438
f 1194 1439 1288
f 1194 1288 1195
f 1194 1438 1439
f 1196 1257 1440
f 1196 1440 1438
f 1197 1215 1198
f 1198 1215 1441
f 1198 1441 1442
f 1198 1442 1201
f 1198 1201 1199
f 1201 1442 1206
f 1201 1206 1202
f 1203 1231 1204
f 1203 1206 1443
f 1203 1443 1444
f 1203 1444 1445
f 1203 1445 1231
f 1206 1441 1443
f 1206 1442 1441
f 1209 1219 1210
f 1210 1219 1446
f 1210 1446 1211
f 1211 1446 1445
f 1211 1445 1212
f 1212 1214 1213
f 1212 1445 1444
f 1212 1444 1443
f 1212 1443 1214
f 1214 1443 1215
f 1215 1443 1441
f 1216 1351 1217
f 1217 1351 1218
f 1218 1351 1447
f 1218 1447 1448
f 1218 1448 1446
f 1218 1446 1219
f 1220 1230 1225
f 1220 1225 1224
f 1220 1224 1222
f 1220 1222 1221
f 1222 1224 1223
f 1225 1229 1226
f 1226 1229 1228
f 1226 1228 1227
f 1231 1445 1232
f 1232 1449 1447
f 1232 1447 1233
f 1232 1445 1449
f 1233 1447 1234
f 1234 1447 1351
f 1235 1349 1450
f 1235 1450 1236
f 1236 1450 1237
f 1237 1450 1451
f 1237 1451 1238
f 1238 1451 1452
f 1238 1452 1239
f 1239 1452 1453
f 1239 1453 1454
f 1239 1454 1455
f 1239 1455 1456
f 1239 1456 1240
f 1240 1456 1457
f 1240 1457 1241
f 1241 1457 1458
f 1241 1458 1242
f 1242 1458 1243
f 1243 1458 1459
f 1243 1459 1460
f 1243 1460 1244
f 1244 1460 1461
f 1244 1461 1462
f 1244 1462 1245
f 1245 1462 1463
f 1245 1463 1464
f 1245 1464 1465
f 1246 1465 1709
f 1246 1709 1466
f 1246 1466 1247
f 1247 1466 1467
f 1247 1467 1248
f 1248 1468 1469
f 1248 1469 1249
f 1248 1467 1470
f 1248 1470 1471
f 1248 1471 1468
f 1249 1469 1250
f 1250 1472 1251
f 1250 1469 1473
f 1250 1473 1474
f 1250 1474 1475
f 1250 1475 1472
f 1251 1472 1252
f 1252 1472 1476
f 1252 1476 1477
f 1252 1477 1478
f 1252 1478 1479
f 1252 1479 1254
f 1252 1254 1253
f 1254 1479 1480
f 1254 1480 1481
f 1254 1481 1255
f 1255 1481 1482
f 1255 1482 1483
f 1255 1483 1484
f 1255 1484 1485
f 1255 1485 1256
f 1256 1486 1257
f 1256 1485 1440
f 1256 1440 1486
f 1257 1486 1440
f 1258 1263 1487
f 1258 1487 1259
f 1259 1487 1488
f 1259 1488 1489
f 1259 1489 1260
f 1260 1489 1490
f 1260 1490 1491
f 1260 1491 1492
f 1260 1492 1493
f 1260 1493 1738
f 1260 1738 1977
f 1260 1977 2239
f 1260 2239 2004
f 1260 2004 1739
f 1260 1739 1494
f 1260 1494 1750
f 1260 1750 1495
f 1260 1495 1496
f 1260 1496 1497
f 1260 1497 1498
f 1260 1498 1499
f 1260 1499 1500
f 1260 1500 1501
f 1260 1501 1502
f 1260 1502 1503
f 1260 1503 1504
f 1260 1504 1261
f 1261 1504 1262
f 1262 1504 1505
f 1262 1505 1268
f 1263 1264 1487
f 1264 1266 1506
f 1264 1506 1507
f 1264 1507 1487
f 1265 1295 1508
f 1265 1508 1266
f 1266 1508 1506
f 1267 1270 1271
f 1268 1505 1509
f 1268 1509 1269
f 1269 1509 1510
f 1269 1510 1270
f 1270 1510 1511
f 1270 1511 1512
f 1270 1512 1273
f 1270 1273 1272
f 1270 1272 1271
f 1273 1512 1513
f 1273 1513 1514
f 1273 1514 1283
f 1274 1287 1515
f 1274 1515 1516
f 1274 1516 1517
f 1274 1517 1276
f 1274 1276 1275
f 1276 1517 1518
f 1276 1518 1279
f 1277 1281 1280
f 1277 1280 1519
f 1277 1519 1303
f 1279 1518 1520
f 1279 1520 1280
f 1280 1520 1519
f 1282 1283 1521
f 1282 1521 1284
f 1283 1522 1521
f 1283 1514 1523
f 1283 1523 1524
f 1283 1524 1522
f 1284 1521 1285
f 1285 1524 1287
f 1285 1287 1286
f 1285 1521 1522
f 1285 1522 1524
f 1287 1524 1525
f 1287 1525 1516
f 1287 1516 1515
f 1288 1439 1289
f 1289 1439 1291
f 1290 1291 1293
f 1291 1526 1527
f 1291 1527 1528
f 1291 1528 1293
f 1291 1439 1529
f 1291 1529 1530
f 1291 1530 1531
f 1291 1531 1526
f 1292 1293 1532
f 1292 1532 1533
f 1292 1533 1296
f 1293 1528 1532
f 1294 1508 1295
f 1294 1302 1534
f 1294 1534 1508
f 1296 1533 1297
f 1297 1533 1535
f 1297 1535 1298
f 1298 1536 1537
f 1298 1537 1538
f 1298 1538 1299
f 1298 1535 1536
f 1299 1538 1539
f 1299 1539 1300
f 1300 1540 1302
f 1300 1539 1541
f 1300 1541 1542
f 1300 1542 1543
f 1300 1543 1540
f 1302 1540 1544
f 1302 1544 1534
f 1303 1519 1431
f 1303 1430 1304
f 1305 1309 1306
f 1306 1309 1545
f 1306 1545 1307
f 1307 1546 1555
f 1307 1555 1311
f 1307 1311 1308
f 1307 1545 1547
f 1307 1547 1548
f 1307 1548 1549
f 1307 1549 1546
f 1309 1550 1551
f 1309 1551 1545
f 1309 1385 1552
f 1309 1552 1550
f 1310 1553 1554
f 1310 1554 1312
f 1310 1311 1553
f 1311 1555 1807
f 1311 1807 1553
f 1312 1554 1556
f 1312 1556 1313
f 1313 1557 1314
f 1313 1556 1809
f 1313 1809 1557
f 1314 1557 1315
f 1315 1557 1558
f 1315 1558 1559
f 1315 1559 1316
f 1316 1559 1560
f 1316 1560 1317
f 1317 1560 1318
f 1318 1560 1561
f 1318 1561 1319
f 1319 1561 1324
f 1324 1561 1562
f 1324 1562 1325
f 1325 1563 1329
f 1325 1329 1326
f 1325 1562 1563
f 1327 1564 1565
f 1327 1565 1330
f 1327 1566 1567
f 1327 1567 1564
f 1328 1329 1568
f 1328 1568 1566
f 1329 1563 1569
f 1329 1569 1568
f 1330 1565 1570
f 1330 1570 1331
f 1331 1570 1571
f 1331 1571 1332
f 1332 1571 1572
f 1332 1572 1573
f 1332 1573 1574
f 1332 1574 1333
f 1333 1574 1575
f 1333 1575 1336
f 1333 1336 1334
f 1336 1575 1337
f 1337 1576 1338
f 1337 1575 1577
f 1337 1577 1576
f 1338 1576 1578
f 1338 1578 1579
f 1338 1579 1580
f 1338 1580 1345
f 1339 1581 1340
f 1339 1341 1581
f 1340 1581 1582
f 1340 1582 1583
f 1340 1583 1342
f 1341 1347 1346
f 1341 1346 1584
f 1341 1584 1585
f 1341 1585 1586
f 1341 1586 1587
f 1341 1587 1581
f 1342 1583 1343
f 1343 1588 1344
f 1343 1583 1589
f 1343 1589 1588
f 1344 1588 1348
f 1345 1580 1590
f 1345 1590 1591
f 1345 1591 1592
f 1345 1592 1593
f 1345 1593 1346
f 1346 1593 1585
f 1346 1585 1584
f 1348 1588 1450
f 1348 1450 1349
f 1352 1359 1594
f 1352 1594 1595
f 1352 1595 1596
f 1352 1596 1597
f 1352 1597 1598
f 1353 1598 1599
f 1353 1599 1354
f 1354 1599 1355
f 1355 1600 1601
f 1355 1601 1602
f 1355 1602 1603
f 1355 1603 1604
f 1355 1604 1361
f 1355 1361 1356
f 1355 1599 1600
f 1356 1361 1357
f 1357 1361 1358
f 1360 1605 1606
f 1360 1606 1362
f 1360 1361 1605
f 1361 1604 1607
f 1361 1607 1608
f 1361 1608 1605
f 1362 1606 1363
f 1363 1606 1368
f 1364 1609 1610
f 1364 1610 1365
f 1364 1371 1611
f 1364 1611 1609
f 1365 1610 1612
f 1365 1612 1613
f 1365 1613 1366
f 1366 1613 1614
f 1366 1614 1375
f 1366 1375 1372
f 1368 1606 1615
f 1368 1615 1369
f 1369 1616 1370
f 1369 1615 1616
f 1370 1617 1618
f 1370 1618 1371
f 1370 1616 1885
f 1370 1885 1617
f 1371 1618 1611
f 1373 1375 1619
f 1373 1619 1620
f 1373 1620 1621
f 1373 1621 1622
f 1373 1622 1376
f 1373 1376 1374
f 1375 1614 1619
f 1376 1622 1623
f 1376 1623 1377
f 1377 1623 1624
f 1377 1624 1625
f 1377 1625 1378
f 1378 1625 1379
f 1379 1626 1627
f 1379 1627 1380
f 1379 1625 1624
f 1379 1624 1626
f 1380 1628 1629
f 1380 1629 1381
f 1380 1627 1628
f 1381 1629 1896
f 1381 1896 1630
f 1381 1630 1631
f 1381 1631 1632
f 1381 1632 1382
f 1382 1632 1633
f 1382 1633 1634
f 1382 1634 1383
f 1383 1634 1384
f 1384 1634 1385
f 1385 1634 1552
f 1386 1437 1635
f 1386 1635 1636
f 1386 1636 1394
f 1387 1400 1388
f 1388 1400 1637
f 1388 1637 1401
f 1389 1393 1638
f 1389 1638 1390
f 1390 1638 1639
f 1390 1639 1396
f 1391 1640 1641
f 1391 1642 1911
f 1391 1911 1640
f 1392 1641 1643
f 1392 1643 1393
f 1393 1643 1644
f 1393 1644 1638
f 1394 1636 1395
f 1395 1636 1645
f 1395 1645 1916
f 1395 1916 1642
f 1396 1639 1397
f 1397 1639 1638
f 1397 1638 1909
f 1397 1909 1646
f 1397 1646 1647
f 1397 1647 1398
f 1398 1647 1399
f 1399 1648 1649
f 1399 1649 1650
f 1399 1650 1400
f 1399 1647 1648
f 1400 1650 1637
f 1401 1637 1402
f 1402 1637 1652
f 1402 1652 1651
f 1403 1651 1653
f 1403 1653 1654
f 1403 1654 1655
f 1403 1655 1656
f 1404 1656 1411
f 1405 1415 1406
f 1406 1415 1657
f 1406 1657 1658
f 1406 1658 1659
f 1406 1659 1408
f 1406 1408 1407
f 1408 1659 1660
f 1408 1660 1661
f 1408 1661 1662
f 1408 1662 1663
f 1408 1663 1416
f 1410 1664 1413
f 1410 1412 1665
f 1410 1665 1664
f 1411 1656 1412
f 1412 1656 1655
f 1412 1655 1665
f 1413 1664 1666
f 1413 1666 1414
f 1414 1666 1667
f 1414 1667 1415
f 1415 1667 1668
f 1415 1668 1657
f 1416 1663 1417
f 1417 1663 1662
f 1417 1662 1661
f 1417 1661 1423
f 1418 1423 1669
f 1418 1669 1419
f 1419 1670 1420
f 1419 1669 1670
f 1420 1670 1936
f 1420 1936 1671
f 1420 1671 1427
f 1420 1427 1421
f 1421 1427 1424
f 1423 1661 1927
f 1423 1927 1934
f 1423 1934 1669
f 1426 1427 1672
f 1426 1672 1673
f 1426 1673 1674
f 1426 1674 1675
f 1426 1675 1429
f 1427 1671 1676
f 1427 1676 1673
f 1427 1673 1672
f 1428 1429 1677
f 1428 1677 1678
f 1428 1678 1679
f 1428 1679 1858
f 1428 1858 1594
f 1429 1675 1677
f 1431 1519 1680
f 1431 1680 1432
f 1432 1680 1433
f 1433 1680 1681
f 1433 1681 1682
f 1433 1682 1434
f 1434 1682 1683
f 1434 1683 1435
f 1435 1683 1436
f 1436 1683 1684
f 1436 1684 1685
f 1436 1685 1437
f 1437 1685 1636
f 1437 1636 1635
f 1438 1440 1439
f 1439 1440 1529
f 1440 1485 1484
f 1440 1484 1529
f 1445 1446 1686
f 1445 1686 1449
f 1446 1448 1686
f 1447 1449 1686
f 1447 1686 1448
f 1450 1588 1687
f 1450 1687 1688
f 1450 1688 1451
f 1451 1688 1689
f 1451 1689 1690
f 1451 1690 1452
f 1452 1690 1453
f 1453 1690 1691
f 1453 1691 1692
f 1453 1692 1693
f 1453 1693 1694
f 1453 1694 1695
f 1453 1695 1454
f 1454 1695 1455
f 1455 1695 1696
f 1455 1696 1456
f 1456 1458 1457
f 1456 1696 1697
f 1456 1697 1698
f 1456 1698 1699
f 1456 1699 1458
f 1458 1699 1700
f 1458 1700 1701
f 1458 1701 1459
f 1459 1461 1460
f 1459 1701 1702
f 1459 1702 1461
f 1461 1702 1703
f 1461 1703 1704
f 1461 1704 1705
f 1461 1705 1706
f 1461 1706 1462
f 1462 1706 1463
f 1463 1706 1707
f 1463 1707 1708
f 1463 1708 1709
f 1463 1709 1464
f 1464 1709 1465
f 1466 1471 1470
f 1466 1470 1467
f 1466 1709 1976
f 1466 1976 1710
f 1466 1710 1711
f 1466 1711 1712
f 1466 1712 1471
f 1468 1473 1469
f 1468 1471 1713
f 1468 1713 1714
f 1468 1714 1473
f 1471 1712 1715
f 1471 1715 1713
f 1472 1475 1476
f 1473 1714 1716
f 1473 1716 1717
f 1473 1717 1718
f 1473 1718 1719
f 1473 1719 1720
f 1473 1720 1474
f 1474 1720 1721
f 1474 1721 1476
f 1474 1476 1475
f 1476 1721 1722
f 1476 1722 1477
f 1477 1479 1478
f 1477 1722 1723
f 1477 1723 1724
f 1477 1724 1479
f 1479 1724 1480
f 1480 1724 1725
f 1480 1725 1481
f 1481 1725 1726
f 1481 1726 1482
f 1482 1726 1727
f 1482 1727 1728
f 1482 1728 1483
f 1483 1728 1531
f 1483 1531 1484
f 1484 1531 1729
f 1484 1729 1529
f 1487 1507 1730
f 1487 1730 1488
f 1488 1730 1731
f 1488 1731 1491
f 1488 1491 1490
f 1488 1490 1489
f 1491 1732 1733
f 1491 1733 1492
f 1491 1731 1730
f 1491 1730 1734
f 1491 1734 1732
f 1492 1733 1735
f 1492 1735 1736
f 1492 1736 1493
f 1493 1737 1738
f 1493 1736 1737
f 1494 1739 2013
f 1494 2013 1740
f 1494 1740 1741
f 1494 1741 1742
f 1494 1742 1743
f 1494 1743 1744
f 1494 1744 1745
f 1494 1745 1746
f 1494 1746 1747
f 1494 1747 1748
f 1494 1748 1749
f 1494 1749 1750
f 1495 1750 1751
f 1495 1751 1752
f 1495 1752 1753
f 1495 1753 1496
f 1496 1754 1755
f 1496 1755 1497
f 1496 1753 1754
f 1497 1755 1498
f 1498 1756 2040
f 1498 2040 1757
f 1498 1757 1758
f 1498 1758 1499
f 1498 1755 2039
f 1498 2039 1756
f 1499 1758 1500
f 1500 1758 1759
f 1500 1759 1760
f 1500 1760 1501
f 1501 1760 1761
f 1501 1761 1762
f 1501 1762 1502
f 1502 1762 1763
f 1502 1763 1764
f 1502 1764 1503
f 1503 1764 1504
f 1504 1764 1505
f 1505 1764 1509
f 1506 1508 1765
f 1506 1765 1766
f 1506 1766 1767
f 1506 1767 1730
f 1506 1730 1507
f 1508 1534 1768
f 1508 1768 1765
f 1509 1764 1510
f 1510 1764 1769
f 1510 1769 1511
f 1511 1769 1770
f 1511 1770 1771
f 1511 1771 1772
f 1511 1772 1513
f 1511 1513 1512
f 1513 1772 1773
f 1513 1773 1774
f 1513 1774 1514
f 1514 1774 1523
f 1516 1775 1776
f 1516 1776 1518
f 1516 1518 1517
f 1516 1525 1787
f 1516 1787 1777
f 1516 1777 1778
f 1516 1778 1779
f 1516 1779 1780
f 1516 1780 1781
f 1516 1781 1775
f 1518 1776 1775
f 1518 1775 1520
f 1519 1520 1782
f 1519 1782 1680
f 1520 1775 1783
f 1520 1783 1784
f 1520 1784 1782
f 1523 1774 1524
f 1524 1774 1785
f 1524 1785 1786
f 1524 1786 1777
f 1524 1777 1787
f 1524 1787 1525
f 1526 1531 1728
f 1526 1728 1788
f 1526 1788 1533
f 1526 1533 1528
f 1526 1528 1527
f 1528 1533 1532
f 1529 1729 1530
f 1530 1729 1531
f 1533 1788 1535
f 1534 1544 1789
f 1534 1789 1768
f 1535 1790 1536
f 1535 1788 1791
f 1535 1791 1792
f 1535 1792 1732
f 1535 1732 1790
f 1536 1790 1537
f 1537 1542 1793
f 1537 1793 1541
f 1537 1541 1539
f 1537 1539 1538
f 1537 1790 1542
f 1540 1789 1544
f 1540 1543 1794
f 1540 1794 1789
f 1541 1793 1542
f 1542 1790 1732
f 1542 1732 1543
f 1543 1732 1794
f 1545 1551 1547
f 1546 1795 1796
f 1546 1796 1555
f 1546 1549 1795
f 1547 1551 1797
f 1547 1797 2075
f 1547 2075 1798
f 1547 1798 1548
f 1548 1798 1549
f 1549 1798 1799
f 1549 1799 1795
f 1550 1552 1800
f 1550 1800 1551
f 1551 1801 1797
f 1551 1800 1801
f 1552 1802 1803
f 1552 1803 1804
f 1552 1804 1800
f 1552 1634 1805
f 1552 1805 1806
f 1552 1806 2082
f 1552 2082 1802
f 1553 1807 1808
f 1553 1808 1554
f 1554 1808 1809
f 1554 1809 1556
f 1555 1796 1807
f 1557 1809 1812
f 1557 1812 1558
f 1558 1810 1811
f 1558 1811 1559
f 1558 1812 1813
f 1558 1813 1810
f 1559 1811 1810
f 1559 1810 1814
f 1559 1814 1815
f 1559 1815 1561
f 1559 1561 1560
f 1561 1815 1562
f 1562 1815 1816
f 1562 1816 1817
f 1562 1817 1563
f 1563 1817 1818
f 1563 1818 1819
f 1563 1819 1569
f 1564 1567 1820
f 1564 1820 1565
f 1565 1820 1821
f 1565 1821 1570
f 1566 1568 1822
f 1566 1822 1567
f 1567 1822 1823
f 1567 1823 1824
f 1567 1824 1825
f 1567 1825 1820
f 1568 1826 1827
f 1568 1827 1822
f 1568 1569 1826
f 1569 1828 1826
f 1569 1819 1829
f 1569 1829 1830
f 1569 1830 1828
f 1570 1831 1832
f 1570 1832 1571
f 1570 1821 1833
f 1570 1833 1831
f 1571 1832 1572
f 1572 1834 1573
f 1572 1832 1834
f 1573 1834 1835
f 1573 1835 1574
f 1574 1835 1836
f 1574 1836 1837
f 1574 1837 1577
f 1574 1577 1575
f 1576 1838 1839
f 1576 1839 1840
f 1576 1840 1841
f 1576 1841 1842
f 1576 1842 1590
f 1576 1590 1579
f 1576 1579 1578
f 1576 1577 1843
f 1576 1843 1844
f 1576 1844 1845
f 1576 1845 1838
f 1577 1837 1843
f 1579 1590 1580
f 1581 1587 1846
f 1581 1846 1847
f 1581 1847 1848
f 1581 1848 1582
f 1582 1848 1849
f 1582 1849 1589
f 1582 1589 1583
f 1585 1593 1850
f 1585 1850 1851
f 1585 1851 1586
f 1586 1851 1852
f 1586 1852 1587
f 1587 1852 1853
f 1587 1853 1846
f 1588 1589 1849
f 1588 1849 1854
f 1588 1854 1687
f 1590 1842 1591
f 1591 1842 1592
f 1592 1842 1593
f 1593 1842 1855
f 1593 1855 1856
f 1593 1856 1857
f 1593 1857 1850
f 1594 1858 1859
f 1594 1859 1860
f 1594 1860 1595
f 1595 1860 1596
f 1596 1860 1861
f 1596 1861 1597
f 1597 1861 1862
f 1597 1862 1863
f 1597 1863 1864
f 1597 1864 1865
f 1597 1865 1598
f 1598 1865 1599
f 1599 1865 1601
f 1599 1601 1600
f 1601 1865 1866
f 1601 1866 1603
f 1601 1603 1602
f 1603 1866 2142
f 1603 2142 1867
f 1603 1867 1868
f 1603 1868 1604
f 1604 1868 1607
f 1605 1608 1869
f 1605 1869 1606
f 1606 1870 1615
f 1606 1869 1870
f 1607 1871 1608
f 1607 1868 1867
f 1607 1867 1871
f 1608 1871 1872
f 1608 1872 1873
f 1608 1873 1874
f 1608 1874 1869
f 1609 1875 1876
f 1609 1876 1610
f 1609 1611 1877
f 1609 1877 1875
f 1610 1876 1878
f 1610 1878 1879
f 1610 1879 1612
f 1611 1618 1877
f 1612 1879 1880
f 1612 1880 1613
f 1613 1880 1881
f 1613 1881 1614
f 1614 1882 1883
f 1614 1883 1619
f 1614 1881 2151
f 1614 2151 1882
f 1615 1884 1616
f 1615 1870 1884
f 1616 1884 2154
f 1616 2154 1885
f 1617 1885 1886
f 1617 1886 1618
f 1618 1886 1887
f 1618 1887 1877
f 1619 1883 1888
f 1619 1888 1621
f 1619 1621 1620
f 1621 1888 1889
f 1621 1889 1622
f 1622 1889 2160
f 1622 2160 1890
f 1622 1890 1891
f 1622 1891 1623
f 1623 1891 1624
f 1624 1891 1892
f 1624 1892 1893
f 1624 1893 1626
f 1626 1894 1627
f 1626 1893 1894
f 1627 1894 1628
f 1628 1895 1896
f 1628 1896 1629
f 1628 1894 1895
f 1630 1896 1897
f 1630 1897 1898
f 1630 1898 1899
f 1630 1899 1900
f 1630 1900 1631
f 1631 1900 1901
f 1631 1901 1632
f 1632 1901 1902
f 1632 1902 1633
f 1633 1902 1903
f 1633 1903 1904
f 1633 1904 1806
f 1633 1806 1805
f 1633 1805 1634
f 1636 1905 1916
f 1636 1916 1645
f 1636 1685 1906
f 1636 1906 2173
f 1636 2173 1905
f 1637 1650 1907
f 1637 1907 1908
f 1637 1908 1652
f 1638 1644 1915
f 1638 1915 1909
f 1640 1910 1641
f 1640 1911 1912
f 1640 1912 1913
f 1640 1913 1910
f 1641 1910 1914
f 1641 1914 1915
f 1641 1915 1643
f 1642 1916 1917
f 1642 1917 1911
f 1643 1915 1644
f 1646 1909 1918
f 1646 1918 1919
f 1646 1919 1647
f 1647 1919 1648
f 1648 1919 1649
f 1649 1919 1920
f 1649 1920 1908
f 1649 1908 1907
f 1649 1907 1650
f 1651 1652 1908
f 1651 1908 1653
f 1653 1921 1922
f 1653 1922 1654
f 1653 1908 1923
f 1653 1923 1924
f 1653 1924 1921
f 1654 1925 1655
f 1654 1922 1921
f 1654 1921 1925
f 1655 1925 1665
f 1657 1668 1926
f 1657 1926 1660
f 1657 1660 1658
f 1658 1660 1659
f 1660 1926 1927
f 1660 1927 1661
f 1664 1928 1666
f 1664 1665 1929
f 1664 1929 1928
f 1665 1925 1929
f 1666 1930 1931
f 1666 1931 1667
f 1666 1928 1932
f 1666 1932 1930
f 1667 1931 1668
f 1668 1933 1926
f 1668 1931 1933
f 1669 1934 1670
f 1670 1934 1935
f 1670 1935 1936
f 1671 1673 1676
f 1671 1936 1937
f 1671 1937 1938
f 1671 1938 1673
f 1673 1938 1939
f 1673 1939 1674
f 1674 1939 1940
f 1674 1940 1941
f 1674 1941 1675
f 1675 1941 1942
f 1675 1942 1943
f 1675 1943 1677
f 1677 1943 1678
f 1678 1943 1944
f 1678 1944 1679
f 1679 1944 2133
f 1679 2133 1858
f 1680 1782 1681
f 1681 1782 1682
f 1682 1782 1784
f 1682 1784 1683
f 1683 1784 2068
f 1683 2068 1945
f 1683 1945 1684
f 1684 1945 1685
f 1685 1946 2173
f 1685 2173 1906
f 1685 1945 2068
f 1685 2068 1946
f 1687 1854 1947
f 1687 1947 1948
f 1687 1948 1688
f 1688 1948 1689
f 1689 1691 1690
f 1689 1948 1949
f 1689 1949 1950
f 1689 1950 1951
f 1689 1951 1952
f 1689 1952 1691
f 1691 1952 1953
f 1691 1953 1692
f 1692 1953 1952
f 1692 1952 1954
f 1692 1954 1955
f 1692 1955 1956
f 1692 1956 1693
f 1693 1956 1957
f 1693 1957 1694
f 1694 1957 1695
f 1695 1957 1958
f 1695 1958 1696
f 1696 1958 1959
f 1696 1959 1697
f 1697 1959 1960
f 1697 1960 1961
f 1697 1961 1698
f 1698 1961 1699
f 1699 1961 1700
f 1700 1961 1962
f 1700 1962 1963
f 1700 1963 1964
f 1700 1964 1701
f 1701 1964 1965
f 1701 1965 1966
f 1701 1966 1702
f 1702 1966 1703
f 1703 1966 1704
f 1704 1707 1705
f 1704 1966 1967
f 1704 1967 1968
f 1704 1968 1969
f 1704 1969 1970
f 1704 1970 1971
f 1704 1971 1707
f 1705 1707 1706
f 1707 1971 1972
f 1707 1972 1708
f 1708 1972 1973
f 1708 1973 1974
f 1708 1974 1709
f 1709 1974 1975
f 1709 1975 1976
f 1710 1976 1975
f 1710 1975 1711
f 1711 1975 2239
f 1711 2239 1977
f 1711 1977 1712
f 1712 1977 1978
f 1712 1978 1715
f 1713 1718 1717
f 1713 1717 1716
f 1713 1716 1714
f 1713 1715 1979
f 1713 1979 1980
f 1713 1980 1718
f 1715 1978 1981
f 1715 1981 1982
f 1715 1982 1979
f 1718 1980 1979
f 1718 1979 1982
f 1718 1982 1983
f 1718 1983 1719
f 1719 1983 1984
f 1719 1984 1985
f 1719 1985 1720
f 1720 1985 1721
f 1721 1985 1722
f 1722 1985 1986
f 1722 1986 1723
f 1723 1986 1987
f 1723 1987 1988
f 1723 1988 1989
f 1723 1989 1990
f 1723 1990 1724
f 1724 1990 1725
f 1725 1990 1991
f 1725 1991 1992
f 1725 1992 1993
f 1725 1993 1726
f 1726 1993 1994
f 1726 1994 1727
f 1727 1994 1728
f 1728 1994 1788
f 1730 1767 1766
f 1730 1766 1734
f 1732 1792 1791
f 1732 1791 1995
f 1732 1995 1996
f 1732 1996 1997
f 1732 1997 1994
f 1732 1994 1993
f 1732 1993 1992
f 1732 1992 1733
f 1732 1734 1768
f 1732 1768 1789
f 1732 1789 1794
f 1733 1992 1735
f 1734 1766 1765
f 1734 1765 1768
f 1735 1992 1998
f 1735 1998 1999
f 1735 1999 1737
f 1735 1737 1736
f 1737 1999 2000
f 1737 2000 2001
f 1737 2001 1738
f 1738 2001 2002
f 1738 2002 2003
f 1738 2003 1977
f 1739 2004 2005
f 1739 2005 2006
f 1739 2006 2007
f 1739 2007 2008
f 1739 2008 2009
f 1739 2009 2010
f 1739 2010 2011
f 1739 2011 2012
f 1739 2012 2013
f 1740 2013 2014
f 1740 2014 2015
f 1740 2015 1741
f 1741 2016 1742
f 1741 2015 2016
f 1742 2016 2017
f 1742 2017 1743
f 1743 2017 1744
f 1744 2017 2018
f 1744 2018 2019
f 1744 2019 1745
f 1745 2020 2021
f 1745 2021 1746
f 1745 2019 2020
f 1746 2021 2022
f 1746 2022 2023
f 1746 2023 1747
f 1747 2024 1748
f 1747 2023 2024
f 1748 2025 2027
f 1748 2027 1749
f 1748 2024 2026
f 1748 2026 2025
f 1749 2027 2028
f 1749 2028 1750
f 1750 2028 2029
f 1750 2029 1751
f 1751 2029 1752
f 1752 2030 2031
f 1752 2031 1753
f 1752 2029 2290
f 1752 2290 2032
f 1752 2032 2033
f 1752 2033 2034
f 1752 2034 2030
f 1753 2031 2035
f 1753 2035 1754
f 1754 2036 1755
f 1754 2035 2037
f 1754 2037 2036
f 1755 2036 2038
f 1755 2038 2039
f 1756 2039 2041
f 1756 2041 2042
f 1756 2042 2043
f 1756 2043 2040
f 1757 2040 2044
f 1757 2044 1758
f 1758 2045 1759
f 1758 2044 2045
f 1759 2045 2046
f 1759 2046 1760
f 1760 2047 1761
f 1760 2046 2047
f 1761 2048 2049
f 1761 2049 2050
f 1761 2050 2051
f 1761 2051 1771
f 1761 1771 2052
f 1761 2052 1762
f 1761 2047 2053
f 1761 2053 2054
f 1761 2054 2048
f 1762 2052 1763
f 1763 1769 1764
f 1763 2052 2055
f 1763 2055 1769
f 1769 2055 1771
f 1769 1771 1770
f 1771 2055 2052
f 1771 2051 2056
f 1771 2056 1772
f 1772 2056 2057
f 1772 2057 2058
f 1772 2058 1774
f 1772 1774 1773
f 1774 2059 1785
f 1774 2058 2059
f 1775 1781 2060
f 1775 2060 2061
f 1775 2061 1783
f 1777 2062 1778
f 1777 1786 2062
f 1778 2062 2063
f 1778 2063 1779
f 1779 2064 1780
f 1779 2063 2064
f 1780 2065 1781
f 1780 2064 2066
f 1780 2066 2067
f 1780 2067 2065
f 1781 2065 2060
f 1783 2068 1784
f 1783 2061 2068
f 1785 2059 2069
f 1785 2069 1786
f 1786 2069 2070
f 1786 2070 2062
f 1788 1994 1791
f 1791 1994 1995
f 1795 1799 2071
f 1795 2071 2072
f 1795 2072 2073
f 1795 2073 2074
f 1795 2074 1807
f 1795 1807 1796
f 1797 1801 2075
f 1798 2075 2076
f 1798 2076 1799
f 1799 2076 2077
f 1799 2077 2078
f 1799 2078 2071
f 1800 1804 1801
f 1801 1804 2075
f 1802 2079 2080
f 1802 2080 2081
f 1802 2081 1803
f 1802 2082 2083
f 1802 2083 2084
f 1802 2084 2079
f 1803 2081 1804
f 1804 2081 2075
f 1806 1904 2082
f 1807 2074 1808
f 1808 2074 1812
f 1808 1812 1809
f 1810 2085 1817
f 1810 1817 1815
f 1810 1815 1814
f 1810 1813 2086
f 1810 2086 2087
f 1810 2087 2088
f 1810 2088 2085
f 1812 2074 1813
f 1813 2074 2089
f 1813 2089 2086
f 1815 1817 1816
f 1817 2085 2090
f 1817 2090 1818
f 1818 1829 1819
f 1818 2090 2091
f 1818 2091 1829
f 1820 1825 2092
f 1820 2092 2093
f 1820 2093 2094
f 1820 2094 1821
f 1821 2094 2095
f 1821 2095 1833
f 1822 1827 1823
f 1823 1827 2096
f 1823 2096 2097
f 1823 2097 1824
f 1824 2097 2098
f 1824 2098 2099
f 1824 2099 1825
f 1825 2099 2092
f 1826 2096 1827
f 1826 1828 2100
f 1826 2100 2101
f 1826 2101 2096
f 1828 1830 2102
f 1828 2102 2100
f 1829 2091 2103
f 1829 2103 2104
f 1829 2104 1830
f 1830 2104 2102
f 1831 2105 2106
f 1831 2106 1834
f 1831 1834 1832
f 1831 1833 2105
f 1833 2095 2105
f 1834 2106 2107
f 1834 2107 1835
f 1835 2107 1836
f 1836 2107 1837
f 1837 2108 1844
f 1837 1844 1843
f 1837 2107 2109
f 1837 2109 2108
f 1838 1845 2110
f 1838 2110 2111
f 1838 2111 1839
f 1839 2111 2112
f 1839 2112 2113
f 1839 2113 1840
f 1840 2113 1841
f 1841 2113 1842
f 1842 2113 2114
f 1842 2114 2115
f 1842 2115 2116
f 1842 2116 1855
f 1844 2108 2117
f 1844 2117 1845
f 1845 2118 2119
f 1845 2119 2110
f 1845 2117 2118
f 1846 1853 2120
f 1846 2120 1847
f 1847 2120 1848
f 1848 2120 1849
f 1849 2121 1854
f 1849 2120 2122
f 1849 2122 2121
f 1850 1857 2123
f 1850 2123 2124
f 1850 2124 1851
f 1851 2124 2125
f 1851 2125 1852
f 1852 2125 1853
f 1853 2125 2122
f 1853 2122 2120
f 1854 2121 2126
f 1854 2126 1947
f 1855 2116 2115
f 1855 2115 2127
f 1855 2127 2128
f 1855 2128 2129
f 1855 2129 2130
f 1855 2130 2131
f 1855 2131 1856
f 1856 2131 1857
f 1857 2131 2130
f 1857 2130 2132
f 1857 2132 2123
f 1858 2133 1859
f 1859 2133 1860
f 1860 2133 2134
f 1860 2134 1861
f 1861 2134 2135
f 1861 2135 1862
f 1862 2135 2136
f 1862 2136 2137
f 1862 2137 2138
f 1862 2138 1863
f 1863 2139 2140
f 1863 2140 1865
f 1863 1865 1864
f 1863 2138 2141
f 1863 2141 2139
f 1865 2140 2139
f 1865 2139 1866
f 1866 2139 2391
f 1866 2391 2142
f 1867 2142 1871
f 1869 1874 1870
f 1870 2143 1884
f 1870 1874 1873
f 1870 1873 1872
f 1870 1872 2143
f 1871 2144 1872
f 1871 2142 2144
f 1872 2144 2396
f 1872 2396 2143
f 1875 1877 2145
f 1875 2145 1887
f 1875 1887 2146
f 1875 2146 2147
f 1875 2147 2148
f 1875 2148 1876
f 1876 2148 1878
f 1877 1887 2145
f 1878 2148 2149
f 1878 2149 2150
f 1878 2150 1880
f 1878 1880 1879
f 1880 2151 1881
f 1880 2150 2151
f 1882 2152 2153
f 1882 2153 1883
f 1882 2151 2150
f 1882 2150 2152
f 1883 2153 1888
f 1884 2143 2396
f 1884 2396 2154
f 1885 2155 1886
f 1885 2154 2156
f 1885 2156 2155
f 1886 2146 1887
f 1886 2155 2146
f 1888 2157 2158
f 1888 2158 1889
f 1888 2153 2157
f 1889 2158 2159
f 1889 2159 2160
f 1890 2160 2161
f 1890 2161 1892
f 1890 1892 1891
f 1892 2161 2162
f 1892 2162 1893
f 1893 2162 1894
f 1894 2162 2163
f 1894 2163 1895
f 1895 1897 1896
f 1895 2163 2164
f 1895 2164 1897
f 1897 2164 2165
f 1897 2165 2166
f 1897 2166 2167
f 1897 2167 1898
f 1898 2167 2168
f 1898 2168 1899
f 1899 2169 2170
f 1899 2170 2171
f 1899 2171 2084
f 1899 2084 2083
f 1899 2083 1903
f 1899 1903 1902
f 1899 1902 2172
f 1899 2172 1900
f 1899 2168 2169
f 1900 2172 1901
f 1901 2172 1902
f 1903 2083 1904
f 1904 2083 2082
f 1905 2173 1917
f 1905 1917 1916
f 1908 1920 1923
f 1909 1915 1914
f 1909 1914 1918
f 1910 2174 1914
f 1910 1913 2174
f 1911 2175 1912
f 1911 1917 2060
f 1911 2060 2175
f 1912 2176 1913
f 1912 2175 2177
f 1912 2177 2067
f 1912 2067 2176
f 1913 2176 2178
f 1913 2178 2179
f 1913 2179 2174
f 1914 2174 2180
f 1914 2180 2181
f 1914 2181 1918
f 1917 2173 1946
f 1917 1946 2068
f 1917 2068 2061
f 1917 2061 2182
f 1917 2182 2060
f 1918 2181 2183
f 1918 2183 1919
f 1919 2183 2184
f 1919 2184 1920
f 1920 2184 2183
f 1920 2183 2185
f 1920 2185 1923
f 1921 2186 1925
f 1921 1924 1923
f 1921 1923 2187
f 1921 2187 2186
f 1923 2185 2187
f 1925 2186 2188
f 1925 2188 2189
f 1925 2189 2190
f 1925 2190 2191
f 1925 2191 1929
f 1926 1933 1927
f 1927 1935 1934
f 1927 1933 1935
f 1928 1929 2192
f 1928 2192 2193
f 1928 2193 1932
f 1929 2191 2192
f 1930 1932 2194
f 1930 2194 2195
f 1930 2195 1931
f 1931 2195 2196
f 1931 2196 1937
f 1931 1937 1933
f 1932 2193 2197
f 1932 2197 2198
f 1932 2198 2194
f 1933 2199 1935
f 1933 1937 2199
f 1935 2199 1937
f 1935 1937 1936
f 1937 2200 2201
f 1937 2201 1938
f 1937 2196 2200
f 1938 2201 2202
f 1938 2202 1939
f 1939 2202 1940
f 1940 2202 2203
f 1940 2203 2204
f 1940 2204 1941
f 1941 2204 1942
f 1942 2204 2205
f 1942 2205 2206
f 1942 2206 1943
f 1943 2206 2207
f 1943 2207 1944
f 1944 2207 2208
f 1944 2208 2384
f 1944 2384 2133
f 1947 2126 2209
f 1947 2209 1949
f 1947 1949 1948
f 1949 2209 1950
f 1950 2209 2210
f 1950 2210 2211
f 1950 2211 2212
f 1950 2212 1951
f 1951 2212 1952
f 1952 2212 2213
f 1952 2213 1954
f 1954 2213 1955
f 1955 2213 2214
f 1955 2214 2215
f 1955 2215 2216
f 1955 2216 2217
f 1955 2217 2218
f 1955 2218 1956
f 1956 2218 2219
f 1956 2219 2220
f 1956 2220 2221
f 1956 2221 1957
f 1957 2221 1958
f 1958 2221 2222
f 1958 2222 1959
f 1959 2223 1960
f 1959 2222 2224
f 1959 2224 2225
f 1959 2225 2223
f 1960 2226 1962
f 1960 1962 1961
f 1960 2223 2226
f 1962 2226 1963
f 1963 2226 2227
f 1963 2227 2228
f 1963 2228 2229
f 1963 2229 2230
f 1963 2230 1964
f 1964 2230 1965
f 1965 2230 1966
f 1966 2230 2231
f 1966 2231 1967
f 1967 2231 2232
f 1967 2232 2233
f 1967 2233 1968
f 1968 2233 2234
f 1968 2234 2235
f 1968 2235 1969
f 1969 2235 2236
f 1969 2236 1972
f 1969 1972 1970
f 1970 1972 1971
f 1972 2236 2235
f 1972 2235 1973
f 1973 2235 2234
f 1973 2234 2237
f 1973 2237 2238
f 1973 2238 1974
f 1974 2238 2239
f 1974 2239 1975
f 1977 2003 1978
f 1978 2003 1981
f 1981 2003 2002
f 1981 2002 1982
f 1982 2002 1983
f 1983 2002 1984
f 1984 2240 1986
f 1984 1986 1985
f 1984 2002 2001
f 1984 2001 2241
f 1984 2241 2000
f 1984 2000 2240
f 1986 2240 2000
f 1986 2000 1987
f 1987 2000 2242
f 1987 2242 1988
f 1988 2242 1989
f 1989 2242 1998
f 1989 1998 1991
f 1989 1991 1990
f 1991 1998 1992
f 1994 1997 1996
f 1994 1996 1995
f 1998 2242 2000
f 1998 2000 1999
f 2000 2241 2001
f 2004 2243 2244
f 2004 2244 2245
f 2004 2245 2005
f 2004 2239 2243
f 2005 2245 2246
f 2005 2246 2247
f 2005 2247 2248
f 2005 2248 2006
f 2006 2248 2007
f 2007 2248 2249
f 2007 2249 2008
f 2008 2249 2250
f 2008 2250 2251
f 2008 2251 2252
f 2008 2252 2009
f 2009 2252 2010
f 2010 2253 2011
f 2010 2252 2254
f 2010 2254 2253
f 2011 2253 2255
f 2011 2255 2012
f 2012 2255 2256
f 2012 2256 2014
f 2012 2014 2013
f 2014 2256 2257
f 2014 2257 2258
f 2014 2258 2259
f 2014 2259 2260
f 2014 2260 2261
f 2014 2261 2015
f 2015 2261 2262
f 2015 2262 2263
f 2015 2263 2016
f 2016 2264 2265
f 2016 2265 2266
f 2016 2266 2017
f 2016 2263 2264
f 2017 2267 2268
f 2017 2268 2269
f 2017 2269 2270
f 2017 2270 2018
f 2017 2266 2267
f 2018 2270 2271
f 2018 2271 2019
f 2019 2271 2020
f 2020 2272 2273
f 2020 2273 2274
f 2020 2274 2275
f 2020 2275 2021
f 2020 2271 2270
f 2020 2270 2272
f 2021 2275 2276
f 2021 2276 2022
f 2022 2276 2277
f 2022 2277 2278
f 2022 2278 2023
f 2023 2278 2279
f 2023 2279 2024
f 2024 2279 2280
f 2024 2280 2026
f 2025 2281 2282
f 2025 2282 2283
f 2025 2283 2027
f 2025 2026 2280
f 2025 2280 2284
f 2025 2284 2281
f 2027 2283 2285
f 2027 2285 2286
f 2027 2286 2028
f 2028 2286 2287
f 2028 2287 2029
f 2029 2287 2288
f 2029 2288 2289
f 2029 2289 2290
f 2030 2034 2291
f 2030 2291 2031
f 2031 2292 2293
f 2031 2293 2035
f 2031 2291 2294
f 2031 2294 2295
f 2031 2295 2292
f 2032 2290 2519
f 2032 2519 2296
f 2032 2296 2033
f 2033 2291 2297
f 2033 2297 2034
f 2033 2296 2291
f 2034 2297 2291
f 2035 2293 2037
f 2036 2037 2038
f 2037 2293 2292
f 2037 2292 2298
f 2037 2298 2299
f 2037 2299 2038
f 2038 2300 2301
f 2038 2301 2039
f 2038 2299 2300
f 2039 2301 2041
f 2040 2043 2302
f 2040 2302 2303
f 2040 2303 2304
f 2040 2304 2045
f 2040 2045 2044
f 2041 2301 2042
f 2042 2301 2305
f 2042 2305 2043
f 2043 2305 2306
f 2043 2306 2302
f 2045 2304 2307
f 2045 2307 2308
f 2045 2308 2046
f 2046 2309 2310
f 2046 2310 2047
f 2046 2308 2311
f 2046 2311 2312
f 2046 2312 2309
f 2047 2310 2054
f 2047 2054 2053
f 2048 2054 2049
f 2049 2313 2057
f 2049 2057 2056
f 2049 2056 2050
f 2049 2054 2314
f 2049 2314 2315
f 2049 2315 2313
f 2050 2056 2051
f 2054 2310 2314
f 2057 2313 2316
f 2057 2316 2058
f 2058 2316 2059
f 2059 2316 2317
f 2059 2317 2069
f 2060 2182 2061
f 2060 2065 2175
f 2062 2070 2318
f 2062 2318 2319
f 2062 2319 2320
f 2062 2320 2063
f 2063 2320 2064
f 2064 2320 2066
f 2065 2067 2177
f 2065 2177 2175
f 2066 2320 2321
f 2066 2321 2067
f 2067 2321 2319
f 2067 2319 2322
f 2067 2322 2323
f 2067 2323 2324
f 2067 2324 2325
f 2067 2325 2326
f 2067 2326 2176
f 2069 2317 2070
f 2070 2317 2318
f 2071 2078 2327
f 2071 2327 2072
f 2072 2089 2074
f 2072 2074 2073
f 2072 2327 2089
f 2075 2081 2076
f 2076 2081 2080
f 2076 2080 2328
f 2076 2328 2077
f 2077 2328 2329
f 2077 2329 2078
f 2078 2329 2327
f 2079 2084 2330
f 2079 2330 2080
f 2080 2331 2328
f 2080 2330 2331
f 2084 2171 2330
f 2085 2088 2332
f 2085 2332 2090
f 2086 2089 2333
f 2086 2333 2334
f 2086 2334 2335
f 2086 2335 2087
f 2087 2336 2088
f 2087 2335 2336
f 2088 2336 2332
f 2089 2327 2337
f 2089 2337 2338
f 2089 2338 2339
f 2089 2339 2334
f 2089 2334 2333
f 2090 2332 2091
f 2091 2332 2103
f 2092 2099 2340
f 2092 2340 2094
f 2092 2094 2093
f 2094 2340 2341
f 2094 2341 2342
f 2094 2342 2343
f 2094 2343 2344
f 2094 2344 2095
f 2095 2344 2105
f 2096 2101 2345
f 2096 2345 2097
f 2097 2346 2098
f 2097 2345 2347
f 2097 2347 2346
f 2098 2348 2099
f 2098 2346 2349
f 2098 2349 2348
f 2099 2348 2340
f 2100 2102 2350
f 2100 2350 2351
f 2100 2351 2345
f 2100 2345 2101
f 2102 2104 2352
f 2102 2352 2353
f 2102 2353 2350
f 2103 2354 2104
f 2103 2332 2354
f 2104 2354 2336
f 2104 2336 2355
f 2104 2355 2356
f 2104 2356 2357
f 2104 2357 2358
f 2104 2358 2352
f 2105 2359 2106
f 2105 2344 2343
f 2105 2343 2360
f 2105 2360 2359
f 2106 2359 2361
f 2106 2361 2107
f 2107 2361 2109
f 2108 2109 2361
f 2108 2361 2117
f 2110 2119 2362
f 2110 2362 2111
f 2111 2362 2363
f 2111 2363 2112
f 2112 2363 2364
f 2112 2364 2365
f 2112 2365 2366
f 2112 2366 2114
f 2112 2114 2113
f 2114 2366 2367
f 2114 2367 2127
f 2114 2127 2115
f 2117 2368 2118
f 2117 2361 2369
f 2117 2369 2368
f 2118 2368 2362
f 2118 2362 2119
f 2121 2122 2126
f 2122 2125 2126
f 2123 2370 2371
f 2123 2371 2372
f 2123 2372 2373
f 2123 2373 2124
f 2123 2132 2370
f 2124 2373 2125
f 2125 2372 2374
f 2125 2374 2126
f 2125 2373 2372
f 2126 2374 2209
f 2127 2367 2366
f 2127 2366 2375
f 2127 2375 2376
f 2127 2376 2128
f 2128 2376 2377
f 2128 2377 2378
f 2128 2378 2130
f 2128 2130 2129
f 2130 2379 2132
f 2130 2378 2380
f 2130 2380 2379
f 2132 2379 2380
f 2132 2380 2381
f 2132 2381 2382
f 2132 2382 2383
f 2132 2383 2370
f 2133 2384 2385
f 2133 2385 2134
f 2134 2385 2386
f 2134 2386 2135
f 2135 2386 2387
f 2135 2387 2388
f 2135 2388 2136
f 2136 2388 2137
f 2137 2388 2389
f 2137 2389 2390
f 2137 2390 2138
f 2138 2390 2141
f 2139 2141 2392
f 2139 2392 2393
f 2139 2393 2391
f 2141 2390 2394
f 2141 2394 2392
f 2142 2391 2395
f 2142 2395 2144
f 2144 2395 2397
f 2144 2397 2396
f 2146 2155 2398
f 2146 2398 2399
f 2146 2399 2400
f 2146 2400 2147
f 2147 2400 2401
f 2147 2401 2402
f 2147 2402 2148
f 2148 2402 2149
f 2149 2403 2404
f 2149 2404 2405
f 2149 2405 2406
f 2149 2406 2152
f 2149 2152 2150
f 2149 2402 2407
f 2149 2407 2403
f 2152 2406 2153
f 2153 2406 2408
f 2153 2408 2157
f 2154 2396 2397
f 2154 2397 2156
f 2155 2156 2398
f 2156 2397 2398
f 2157 2408 2406
f 2157 2406 2409
f 2157 2409 2410
f 2157 2410 2158
f 2158 2410 2411
f 2158 2411 2159
f 2159 2411 2412
f 2159 2412 2161
f 2159 2161 2160
f 2161 2412 2162
f 2162 2413 2164
f 2162 2164 2163
f 2162 2412 2413
f 2164 2414 2165
f 2164 2413 2415
f 2164 2415 2414
f 2165 2414 2416
f 2165 2416 2417
f 2165 2417 2166
f 2166 2417 2418
f 2166 2418 2167
f 2167 2418 2419
f 2167 2419 2420
f 2167 2420 2168
f 2168 2420 2421
f 2168 2421 2169
f 2169 2421 2330
f 2169 2330 2171
f 2169 2171 2170
f 2174 2179 2422
f 2174 2422 2180
f 2176 2326 2178
f 2178 2423 2422
f 2178 2422 2179
f 2178 2326 2325
f 2178 2325 2423
f 2180 2422 2181
f 2181 2424 2425
f 2181 2425 2185
f 2181 2185 2183
f 2181 2422 2424
f 2185 2426 2186
f 2185 2186 2187
f 2185 2425 2426
f 2186 2426 2188
f 2188 2427 2190
f 2188 2190 2189
f 2188 2426 2428
f 2188 2428 2429
f 2188 2429 2427
f 2190 2427 2430
f 2190 2430 2431
f 2190 2431 2193
f 2190 2193 2191
f 2191 2193 2192
f 2193 2431 2432
f 2193 2432 2433
f 2193 2433 2434
f 2193 2434 2435
f 2193 2435 2436
f 2193 2436 2198
f 2193 2198 2197
f 2194 2437 2438
f 2194 2438 2439
f 2194 2439 2196
f 2194 2196 2195
f 2194 2198 2440
f 2194 2440 2441
f 2194 2441 2437
f 2196 2439 2200
f 2198 2436 2440
f 2200 2439 2438
f 2200 2438 2201
f 2201 2438 2202
f 2202 2438 2203
f 2203 2438 2204
f 2204 2438 2442
f 2204 2442 2443
f 2204 2443 2444
f 2204 2444 2205
f 2205 2444 2206
f 2206 2444 2445
f 2206 2445 2207
f 2207 2445 2446
f 2207 2446 2447
f 2207 2447 2208
f 2208 2447 2601
f 2208 2601 2384
f 2209 2374 2372
f 2209 2372 2210
f 2210 2372 2448
f 2210 2448 2211
f 2211 2448 2449
f 2211 2449 2450
f 2211 2450 2214
f 2211 2214 2212
f 2212 2214 2213
f 2214 2450 2216
f 2214 2216 2215
f 2216 2451 2452
f 2216 2452 2217
f 2216 2450 2453
f 2216 2453 2454
f 2216 2454 2451
f 2217 2452 2218
f 2218 2452 2219
f 2219 2455 2456
f 2219 2456 2220
f 2219 2452 2457
f 2219 2457 2455
f 2220 2456 2458
f 2220 2458 2221
f 2221 2458 2459
f 2221 2459 2250
f 2221 2250 2222
f 2222 2250 2224
f 2223 2227 2226
f 2223 2225 2460
f 2223 2460 2461
f 2223 2461 2227
f 2224 2250 2249
f 2224 2249 2248
f 2224 2248 2460
f 2224 2460 2225
f 2227 2461 2228
f 2228 2461 2462
f 2228 2462 2246
f 2228 2246 2463
f 2228 2463 2229
f 2229 2463 2246
f 2229 2246 2464
f 2229 2464 2231
f 2229 2231 2230
f 2231 2464 2232
f 2232 2464 2246
f 2232 2246 2465
f 2232 2465 2244
f 2232 2244 2233
f 2233 2244 2234
f 2234 2244 2237
f 2237 2244 2243
f 2237 2243 2238
f 2238 2243 2239
f 2244 2465 2245
f 2245 2465 2246
f 2246 2462 2460
f 2246 2460 2466
f 2246 2466 2247
f 2247 2466 2248
f 2248 2466 2460
f 2250 2459 2458
f 2250 2458 2456
f 2250 2456 2455
f 2250 2455 2467
f 2250 2467 2452
f 2250 2452 2468
f 2250 2468 2469
f 2250 2469 2470
f 2250 2470 2471
f 2250 2471 2472
f 2250 2472 2473
f 2250 2473 2474
f 2250 2474 2251
f 2251 2474 2473
f 2251 2473 2475
f 2251 2475 2476
f 2251 2476 2254
f 2251 2254 2252
f 2253 2254 2477
f 2253 2477 2681
f 2253 2681 2478
f 2253 2478 2255
f 2254 2476 2479
f 2254 2479 2477
f 2255 2478 2480
f 2255 2480 2481
f 2255 2481 2256
f 2256 2481 2257
f 2257 2482 2483
f 2257 2483 2258
f 2257 2481 2484
f 2257 2484 2482
f 2258 2483 2259
f 2259 2483 2260
f 2260 2485 2261
f 2260 2483 2485
f 2261 2485 2486
f 2261 2486 2262
f 2262 2486 2487
f 2262 2487 2488
f 2262 2488 2263
f 2263 2488 2264
f 2264 2488 2489
f 2264 2489 2266
f 2264 2266 2265
f 2266 2489 2490
f 2266 2490 2267
f 2267 2491 2269
f 2267 2269 2268
f 2267 2490 2491
f 2269 2491 2270
f 2270 2491 2492
f 2270 2492 2493
f 2270 2493 2273
f 2270 2273 2272
f 2273 2494 2495
f 2273 2495 2496
f 2273 2496 2497
f 2273 2497 2498
f 2273 2498 2274
f 2273 2493 2499
f 2273 2499 2500
f 2273 2500 2494
f 2274 2498 2275
f 2275 2498 2501
f 2275 2501 2276
f 2276 2501 2502
f 2276 2502 2503
f 2276 2503 2277
f 2277 2503 2504
f 2277 2504 2278
f 2278 2504 2505
f 2278 2505 2279
f 2279 2506 2507
f 2279 2507 2508
f 2279 2508 2509
f 2279 2509 2280
f 2279 2505 2506
f 2280 2509 2284
f 2281 2510 2282
f 2281 2284 2510
f 2282 2510 2511
f 2282 2511 2512
f 2282 2512 2285
f 2282 2285 2283
f 2284 2509 2513
f 2284 2513 2510
f 2285 2514 2515
f 2285 2515 2516
f 2285 2516 2286
f 2285 2512 2514
f 2286 2516 2287
f 2287 2516 2515
f 2287 2515 2517
f 2287 2517 2518
f 2287 2518 2288
f 2288 2518 2289
f 2289 2518 2519
f 2289 2519 2290
f 2291 2296 2520
f 2291 2520 2294
f 2292 2295 2521
f 2292 2521 2298
f 2294 2520 2522
f 2294 2522 2523
f 2294 2523 2295
f 2295 2523 2521
f 2296 2519 2731
f 2296 2731 2524
f 2296 2524 2525
f 2296 2525 2520
f 2298 2526 2299
f 2298 2521 2527
f 2298 2527 2528
f 2298 2528 2529
f 2298 2529 2530
f 2298 2530 2526
f 2299 2531 2300
f 2299 2526 2532
f 2299 2532 2533
f 2299 2533 2531
f 2300 2534 2535
f 2300 2535 2305
f 2300 2305 2301
f 2300 2531 2534
f 2302 2536 2537
f 2302 2537 2538
f 2302 2538 2539
f 2302 2539 2303
f 2302 2306 2535
f 2302 2535 2540
f 2302 2540 2536
f 2303 2539 2307
f 2303 2307 2304
f 2305 2535 2306
f 2307 2539 2311
f 2307 2311 2308
f 2309 2312 2541
f 2309 2541 2542
f 2309 2542 2310
f 2310 2542 2314
f 2311 2543 2312
f 2311 2539 2543
f 2312 2543 2541
f 2313 2315 2544
f 2313 2544 2317
f 2313 2317 2316
f 2314 2542 2545
f 2314 2545 2546
f 2314 2546 2547
f 2314 2547 2315
f 2315 2547 2544
f 2317 2544 2318
f 2318 2548 2319
f 2318 2544 2548
f 2319 2548 2549
f 2319 2549 2322
f 2319 2321 2320
f 2322 2549 2323
f 2323 2549 2550
f 2323 2550 2551
f 2323 2551 2324
f 2324 2551 2325
f 2325 2551 2552
f 2325 2552 2553
f 2325 2553 2423
f 2327 2329 2554
f 2327 2554 2337
f 2328 2331 2329
f 2329 2331 2554
f 2330 2555 2331
f 2330 2421 2556
f 2330 2556 2555
f 2331 2555 2557
f 2331 2557 2554
f 2332 2336 2354
f 2334 2558 2559
f 2334 2559 2560
f 2334 2560 2336
f 2334 2336 2335
f 2334 2339 2561
f 2334 2561 2562
f 2334 2562 2558
f 2336 2560 2563
f 2336 2563 2564
f 2336 2564 2565
f 2336 2565 2355
f 2337 2554 2566
f 2337 2566 2567
f 2337 2567 2338
f 2338 2561 2339
f 2338 2567 2566
f 2338 2566 2568
f 2338 2568 2569
f 2338 2569 2561
f 2340 2348 2341
f 2341 2570 2483
f 2341 2483 2342
f 2341 2348 2571
f 2341 2571 2570
f 2342 2483 2343
f 2343 2483 2482
f 2343 2482 2572
f 2343 2572 2360
f 2345 2351 2350
f 2345 2350 2353
f 2345 2353 2347
f 2346 2347 2573
f 2346 2573 2349
f 2347 2353 2574
f 2347 2574 2573
f 2348 2575 2571
f 2348 2349 2576
f 2348 2576 2575
f 2349 2573 2577
f 2349 2577 2578
f 2349 2578 2579
f 2349 2579 2576
f 2352 2358 2353
f 2353 2358 2580
f 2353 2580 2574
f 2355 2565 2356
f 2356 2581 2357
f 2356 2565 2581
f 2357 2581 2582
f 2357 2582 2358
f 2358 2582 2580
f 2359 2360 2583
f 2359 2583 2361
f 2360 2572 2782
f 2360 2782 2583
f 2361 2583 2369
f 2362 2368 2584
f 2362 2584 2585
f 2362 2585 2586
f 2362 2586 2587
f 2362 2587 2588
f 2362 2588 2363
f 2363 2588 2364
f 2364 2588 2589
f 2364 2589 2365
f 2365 2589 2375
f 2365 2375 2366
f 2368 2369 2590
f 2368 2590 2591
f 2368 2591 2592
f 2368 2592 2584
f 2369 2583 2590
f 2370 2383 2448
f 2370 2448 2371
f 2371 2448 2372
f 2375 2589 2376
f 2376 2593 2377
f 2376 2589 2593
f 2377 2594 2595
f 2377 2595 2378
f 2377 2593 2594
f 2378 2595 2380
f 2380 2596 2597
f 2380 2597 2598
f 2380 2598 2599
f 2380 2599 2382
f 2380 2382 2381
f 2380 2595 2596
f 2382 2599 2598
f 2382 2598 2454
f 2382 2454 2449
f 2382 2449 2600
f 2382 2600 2383
f 2383 2600 2448
f 2384 2601 2385
f 2385 2601 2602
f 2385 2602 2603
f 2385 2603 2386
f 2386 2603 2387
f 2387 2603 2604
f 2387 2604 2388
f 2388 2604 2605
f 2388 2605 2606
f 2388 2606 2607
f 2388 2607 2608
f 2388 2608 2389
f 2389 2608 2390
f 2390 2608 2394
f 2391 2393 2395
f 2392 2397 2609
f 2392 2609 2395
f 2392 2395 2393
f 2392 2394 2610
f 2392 2610 2611
f 2392 2611 2398
f 2392 2398 2397
f 2394 2608 2610
f 2395 2609 2397
f 2398 2611 2612
f 2398 2612 2399
f 2399 2612 2613
f 2399 2613 2400
f 2400 2613 2612
f 2400 2612 2614
f 2400 2614 2615
f 2400 2615 2616
f 2400 2616 2617
f 2400 2617 2618
f 2400 2618 2401
f 2401 2407 2402
f 2401 2618 2617
f 2401 2617 2619
f 2401 2619 2620
f 2401 2620 2621
f 2401 2621 2622
f 2401 2622 2407
f 2403 2407 2622
f 2403 2622 2623
f 2403 2623 2404
f 2404 2623 2405
f 2405 2623 2624
f 2405 2624 2410
f 2405 2410 2409
f 2405 2409 2406
f 2410 2624 2625
f 2410 2625 2626
f 2410 2626 2415
f 2410 2415 2411
f 2411 2415 2412
f 2412 2415 2413
f 2414 2415 2627
f 2414 2627 2416
f 2415 2626 2627
f 2416 2627 2626
f 2416 2626 2628
f 2416 2628 2629
f 2416 2629 2417
f 2417 2629 2630
f 2417 2630 2631
f 2417 2631 2418
f 2418 2631 2632
f 2418 2632 2419
f 2419 2633 2634
f 2419 2634 2556
f 2419 2556 2421
f 2419 2421 2420
f 2419 2632 2635
f 2419 2635 2636
f 2419 2636 2633
f 2422 2637 2424
f 2422 2423 2637
f 2423 2553 2552
f 2423 2552 2638
f 2423 2638 2639
f 2423 2639 2640
f 2423 2640 2637
f 2424 2641 2425
f 2424 2637 2641
f 2425 2641 2642
f 2425 2642 2426
f 2426 2642 2643
f 2426 2643 2428
f 2427 2429 2644
f 2427 2644 2645
f 2427 2645 2430
f 2428 2643 2429
f 2429 2643 2646
f 2429 2646 2645
f 2429 2645 2644
f 2430 2647 2431
f 2430 2645 2648
f 2430 2648 2649
f 2430 2649 2647
f 2431 2647 2432
f 2432 2647 2650
f 2432 2650 2651
f 2432 2651 2652
f 2432 2652 2653
f 2432 2653 2654
f 2432 2654 2655
f 2432 2655 2434
f 2432 2434 2433
f 2434 2656 2436
f 2434 2436 2435
f 2434 2655 2654
f 2434 2654 2656
f 2436 2656 2440
f 2437 2441 2657
f 2437 2657 2438
f 2438 2657 2658
f 2438 2658 2659
f 2438 2659 2442
f 2440 2656 2660
f 2440 2660 2441
f 2441 2660 2661
f 2441 2661 2657
f 2442 2659 2443
f 2443 2659 2662
f 2443 2662 2444
f 2444 2662 2663
f 2444 2663 2445
f 2445 2663 2664
f 2445 2664 2446
f 2446 2664 2665
f 2446 2665 2447
f 2447 2665 2793
f 2447 2793 2601
f 2448 2600 2449
f 2449 2453 2450
f 2449 2454 2453
f 2451 2666 2452
f 2451 2454 2598
f 2451 2598 2667
f 2451 2667 2666
f 2452 2666 2668
f 2452 2668 2468
f 2452 2467 2457
f 2455 2457 2467
f 2460 2462 2461
f 2468 2669 2670
f 2468 2670 2671
f 2468 2671 2672
f 2468 2672 2673
f 2468 2673 2469
f 2468 2668 2669
f 2469 2673 2674
f 2469 2674 2470
f 2470 2674 2471
f 2471 2674 2675
f 2471 2675 2472
f 2472 2675 2676
f 2472 2676 2473
f 2473 2676 2677
f 2473 2677 2475
f 2475 2677 2678
f 2475 2678 2679
f 2475 2679 2476
f 2476 2679 2479
f 2477 2680 2681
f 2477 2479 2682
f 2477 2682 2680
f 2478 2681 2480
f 2479 2679 2682
f 2480 2681 2680
f 2480 2680 2585
f 2480 2585 2591
f 2480 2591 2683
f 2480 2683 2684
f 2480 2684 2481
f 2481 2684 2484
f 2482 2484 2684
f 2482 2684 2683
f 2482 2683 2685
f 2482 2685 2572
f 2483 2570 2485
f 2485 2570 2571
f 2485 2571 2575
f 2485 2575 2486
f 2486 2575 2576
f 2486 2576 2578
f 2486 2578 2487
f 2487 2578 2577
f 2487 2577 2686
f 2487 2686 2687
f 2487 2687 2488
f 2488 2688 2689
f 2488 2689 2489
f 2488 2687 2688
f 2489 2690 2490
f 2489 2689 2690
f 2490 2690 2691
f 2490 2691 2692
f 2490 2692 2693
f 2490 2693 2694
f 2490 2694 2491
f 2491 2694 2695
f 2491 2695 2492
f 2492 2696 2697
f 2492 2697 2698
f 2492 2698 2499
f 2492 2499 2493
f 2492 2695 2696
f 2494 2500 2699
f 2494 2699 2700
f 2494 2700 2701
f 2494 2701 2702
f 2494 2702 2496
f 2494 2496 2495
f 2496 2702 2703
f 2496 2703 2704
f 2496 2704 2497
f 2497 2704 2705
f 2497 2705 2501
f 2497 2501 2498
f 2499 2706 2500
f 2499 2698 2706
f 2500 2706 2699
f 2501 2705 2707
f 2501 2707 2502
f 2502 2707 2503
f 2503 2707 2708
f 2503 2708 2709
f 2503 2709 2504
f 2504 2709 2710
f 2504 2710 2505
f 2505 2710 2506
f 2506 2710 2507
f 2507 2710 2709
f 2507 2709 2711
f 2507 2711 2712
f 2507 2712 2713
f 2507 2713 2714
f 2507 2714 2715
f 2507 2715 2508
f 2508 2715 2716
f 2508 2716 2511
f 2508 2511 2510
f 2508 2510 2513
f 2508 2513 2509
f 2511 2716 2715
f 2511 2715 2717
f 2511 2717 2718
f 2511 2718 2512
f 2512 2718 2719
f 2512 2719 2720
f 2512 2720 2721
f 2512 2721 2514
f 2514 2721 2722
f 2514 2722 2723
f 2514 2723 2724
f 2514 2724 2725
f 2514 2725 2726
f 2514 2726 2515
f 2515 2726 2517
f 2517 2726 2727
f 2517 2727 2728
f 2517 2728 2518
f 2518 2728 2729
f 2518 2729 2519
f 2519 2729 2730
f 2519 2730 2731
f 2520 2525 2732
f 2520 2732 2522
f 2521 2523 2733
f 2521 2733 2528
f 2521 2528 2527
f 2522 2732 2523
f 2523 2732 2734
f 2523 2734 2733
f 2524 2731 2793
f 2524 2793 2665
f 2524 2665 2525
f 2525 2665 2664
f 2525 2664 2732
f 2526 2530 2532
f 2528 2733 2735
f 2528 2735 2662
f 2528 2662 2736
f 2528 2736 2737
f 2528 2737 2529
f 2529 2737 2530
f 2530 2738 2533
f 2530 2533 2532
f 2530 2737 2739
f 2530 2739 2740
f 2530 2740 2738
f 2531 2741 2534
f 2531 2533 2741
f 2533 2738 2742
f 2533 2742 2743
f 2533 2743 2744
f 2533 2744 2741
f 2534 2741 2744
f 2534 2744 2745
f 2534 2745 2535
f 2535 2745 2746
f 2535 2746 2652
f 2535 2652 2747
f 2535 2747 2540
f 2536 2748 2749
f 2536 2749 2750
f 2536 2750 2537
f 2536 2540 2751
f 2536 2751 2752
f 2536 2752 2748
f 2537 2750 2753
f 2537 2753 2538
f 2538 2753 2539
f 2539 2754 2543
f 2539 2753 2750
f 2539 2750 2754
f 2540 2747 2652
f 2540 2652 2751
f 2541 2545 2542
f 2541 2543 2755
f 2541 2755 2545
f 2543 2754 2756
f 2543 2756 2755
f 2544 2547 2757
f 2544 2757 2548
f 2545 2755 2758
f 2545 2758 2760
f 2545 2760 2546
f 2546 2759 2547
f 2546 2760 2759
f 2547 2759 2757
f 2548 2757 2549
f 2549 2759 2761
f 2549 2761 2550
f 2549 2757 2759
f 2550 2761 2552
f 2550 2552 2551
f 2552 2761 2762
f 2552 2762 2638
f 2554 2557 2568
f 2554 2568 2566
f 2555 2763 2764
f 2555 2764 2765
f 2555 2765 2766
f 2555 2766 2568
f 2555 2568 2557
f 2555 2556 2767
f 2555 2767 2768
f 2555 2768 2763
f 2556 2634 2767
f 2558 2769 2770
f 2558 2770 2771
f 2558 2771 2559
f 2558 2562 2772
f 2558 2772 2769
f 2559 2771 2773
f 2559 2773 2560
f 2560 2773 2563
f 2561 2569 2774
f 2561 2774 2562
f 2562 2774 2775
f 2562 2775 2772
f 2563 2773 2776
f 2563 2776 2777
f 2563 2777 2564
f 2564 2777 2565
f 2565 2778 2779
f 2565 2779 2582
f 2565 2582 2581
f 2565 2777 2778
f 2568 2766 2765
f 2568 2765 2569
f 2569 2765 2780
f 2569 2780 2781
f 2569 2781 2774
f 2572 2685 2683
f 2572 2683 2591
f 2572 2591 2782
f 2573 2574 2577
f 2574 2580 2783
f 2574 2783 2686
f 2574 2686 2577
f 2576 2579 2578
f 2580 2582 2779
f 2580 2779 2783
f 2583 2782 2590
f 2584 2592 2585
f 2585 2680 2784
f 2585 2784 2586
f 2585 2592 2591
f 2586 2784 2587
f 2587 2784 2588
f 2588 2784 2785
f 2588 2785 2786
f 2588 2786 2589
f 2589 2786 2787
f 2589 2787 2788
f 2589 2788 2593
f 2590 2782 2591
f 2593 2788 2594
f 2594 2789 2790
f 2594 2790 2595
f 2594 2788 2789
f 2595 2790 2791
f 2595 2791 2673
f 2595 2673 2792
f 2595 2792 2596
f 2596 2792 2670
f 2596 2670 2597
f 2597 2670 2669
f 2597 2669 2667
f 2597 2667 2598
f 2601 2793 2602
f 2602 2793 2794
f 2602 2794 2603
f 2603 2794 2795
f 2603 2795 2796
f 2603 2796 2604
f 2604 2796 2797
f 2604 2797 2605
f 2605 2797 2606
f 2606 2798 2608
f 2606 2608 2607
f 2606 2797 2799
f 2606 2799 2800
f 2606 2800 2801
f 2606 2801 2798
f 2608 2798 2802
f 2608 2802 2612
f 2608 2612 2803
f 2608 2803 2610
f 2610 2803 2611
f 2611 2803 2612
f 2612 2802 2804
f 2612 2804 2805
f 2612 2805 2614
f 2614 2805 2615
f 2615 2805 2616
f 2616 2806 2807
f 2616 2807 2617
f 2616 2805 2806
f 2617 2807 2808
f 2617 2808 2619
f 2619 2809 2810
f 2619 2810 2811
f 2619 2811 2813
f 2619 2813 2812
f 2619 2812 2620
f 2619 2808 2807
f 2619 2807 2809
f 2620 2812 2621
f 2621 2812 2813
f 2621 2813 2814
f 2621 2814 2815
f 2621 2815 2816
f 2621 2816 2817
f 2621 2817 2622
f 2622 2817 2623
f 2623 2817 2818
f 2623 2818 2819
f 2623 2819 2624
f 2624 2819 2820
f 2624 2820 2821
f 2624 2821 2822
f 2624 2822 2625
f 2625 2822 2823
f 2625 2823 2626
f 2626 2823 2628
f 2628 2824 2629
f 2628 2823 2825
f 2628 2825 2824
f 2629 2824 2826
f 2629 2826 2630
f 2630 2827 2631
f 2630 2826 2827
f 2631 2828 2635
f 2631 2635 2632
f 2631 2827 2828
f 2633 2701 2700
f 2633 2700 2768
f 2633 2768 2767
f 2633 2767 2634
f 2633 2636 2829
f 2633 2829 2701
f 2635 2828 2636
f 2636 2828 2830
f 2636 2830 2829
f 2637 2640 2831
f 2637 2831 2832
f 2637 2832 2833
f 2637 2833 2834
f 2637 2834 2641
f 2638 2762 2831
f 2638 2831 2640
f 2638 2640 2639
f 2641 2834 2833
f 2641 2833 2642
f 2642 2835 2836
f 2642 2836 2643
f 2642 2833 2835
f 2643 2836 2837
f 2643 2837 2838
f 2643 2838 2646
f 2645 2646 2838
f 2645 2838 2839
f 2645 2839 2648
f 2647 2649 2650
f 2648 2839 2752
f 2648 2752 2649
f 2649 2752 2650
f 2650 2752 2651
f 2651 2752 2751
f 2651 2751 2652
f 2652 2840 2653
f 2652 2746 2840
f 2653 2840 2841
f 2653 2841 2654
f 2654 2841 2656
f 2656 2841 2842
f 2656 2842 2660
f 2657 2843 2844
f 2657 2844 2658
f 2657 2661 2843
f 2658 2844 2845
f 2658 2845 2659
f 2659 2845 2662
f 2660 2842 2661
f 2661 2842 2846
f 2661 2846 2743
f 2661 2743 2742
f 2661 2742 2844
f 2661 2844 2843
f 2662 2735 2663
f 2662 2845 2740
f 2662 2740 2739
f 2662 2739 2737
f 2662 2737 2736
f 2663 2735 2734
f 2663 2734 2664
f 2664 2734 2732
f 2666 2667 2847
f 2666 2847 2669
f 2666 2669 2668
f 2667 2669 2847
f 2670 2792 2673
f 2670 2673 2672
f 2670 2672 2671
f 2673 2791 2674
f 2674 2791 2790
f 2674 2790 2675
f 2675 2789 2676
f 2675 2790 2789
f 2676 2789 2848
f 2676 2848 2849
f 2676 2849 2850
f 2676 2850 2677
f 2677 2850 2679
f 2677 2679 2678
f 2679 2850 2682
f 2680 2682 2851
f 2680 2851 2784
f 2682 2850 2784
f 2682 2784 2851
f 2686 2783 2688
f 2686 2688 2687
f 2688 2778 2852
f 2688 2852 2691
f 2688 2691 2689
f 2688 2783 2778
f 2689 2691 2690
f 2691 2853 2692
f 2691 2852 2853
f 2692 2853 2693
f 2693 2854 2855
f 2693 2855 2694
f 2693 2853 2854
f 2694 2855 2695
f 2695 2855 2856
f 2695 2856 2857
f 2695 2857 2697
f 2695 2697 2696
f 2697 2858 2859
f 2697 2859 2698
f 2697 2857 2860
f 2697 2860 2858
f 2698 2859 2706
f 2699 2706 2859
f 2699 2859 2858
f 2699 2858 2861
f 2699 2861 2700
f 2700 2861 2768
f 2701 2829 2702
f 2702 2829 2703
f 2703 2829 2862
f 2703 2862 2863
f 2703 2863 2704
f 2704 2863 2864
f 2704 2864 2705
f 2705 2864 2707
f 2707 2864 2865
f 2707 2865 2708
f 2708 2865 2866
f 2708 2866 2709
f 2709 2866 2867
f 2709 2867 2868
f 2709 2868 2869
f 2709 2869 2711
f 2711 2869 2870
f 2711 2870 2712
f 2712 2870 2868
f 2712 2868 2871
f 2712 2871 2872
f 2712 2872 2873
f 2712 2873 2874
f 2712 2874 2713
f 2713 2874 2875
f 2713 2875 2714
f 2714 2875 2874
f 2714 2874 2810
f 2714 2810 2876
f 2714 2876 2715
f 2715 2876 2877
f 2715 2877 2717
f 2717 2877 2878
f 2717 2878 2879
f 2717 2879 2718
f 2718 2879 2719
f 2719 2880 2881
f 2719 2881 2882
f 2719 2882 2722
f 2719 2722 2720
f 2719 2879 2878
f 2719 2878 2880
f 2720 2722 2721
f 2722 2882 2799
f 2722 2799 2883
f 2722 2883 2723
f 2723 2883 2724
f 2724 2883 2884
f 2724 2884 2797
f 2724 2797 2885
f 2724 2885 2886
f 2724 2886 2726
f 2724 2726 2725
f 2726 2886 2727
f 2727 2886 2887
f 2727 2887 2888
f 2727 2888 2728
f 2728 2888 2729
f 2729 2888 2730
f 2730 2888 2794
f 2730 2794 2793
f 2730 2793 2731
f 2733 2734 2735
f 2738 2740 2844
f 2738 2844 2742
f 2740 2845 2844
f 2743 2846 2840
f 2743 2840 2744
f 2744 2840 2745
f 2745 2840 2746
f 2748 2889 2749
f 2748 2752 2839
f 2748 2839 2889
f 2749 2889 2890
f 2749 2890 2750
f 2750 2890 2891
f 2750 2891 2892
f 2750 2892 2893
f 2750 2893 2756
f 2750 2756 2754
f 2755 2756 2893
f 2755 2893 2758
f 2758 2894 2761
f 2758 2761 2760
f 2758 2893 2895
f 2758 2895 2894
f 2759 2760 2761
f 2761 2894 2762
f 2762 2894 2895
f 2762 2895 2831
f 2763 2768 2896
f 2763 2896 2897
f 2763 2897 2898
f 2763 2898 2764
f 2764 2898 2899
f 2764 2899 2900
f 2764 2900 2765
f 2765 2900 2780
f 2768 2861 2896
f 2769 2772 2854
f 2769 2854 2770
f 2770 2854 2771
f 2771 2854 2853
f 2771 2853 2901
f 2771 2901 2776
f 2771 2776 2773
f 2772 2775 2774
f 2772 2774 2781
f 2772 2781 2902
f 2772 2902 2903
f 2772 2903 2856
f 2772 2856 2855
f 2772 2855 2854
f 2776 2901 2777
f 2777 2901 2852
f 2777 2852 2778
f 2778 2783 2779
f 2780 2900 2903
f 2780 2903 2781
f 2781 2903 2902
f 2784 2850 2849
f 2784 2849 2785
f 2785 2849 2786
f 2786 2849 2848
f 2786 2848 2787
f 2787 2848 2788
f 2788 2848 2789
f 2794 2888 2887
f 2794 2887 2795
f 2795 2887 2885
f 2795 2885 2797
f 2795 2797 2796
f 2797 2884 2799
f 2798 2801 2904
f 2798 2904 2905
f 2798 2905 2804
f 2798 2804 2802
f 2799 2904 2800
f 2799 2884 2883
f 2799 2882 2904
f 2800 2904 2801
f 2804 2905 2805
f 2805 2905 2806
f 2806 2905 2906
f 2806 2906 2807
f 2807 2906 2809
f 2809 2877 2876
f 2809 2876 2810
f 2809 2906 2907
f 2809 2907 2878
f 2809 2878 2877
f 2810 2874 2811
f 2811 2874 2873
f 2811 2873 2813
f 2813 2873 2814
f 2814 2816 2815
f 2814 2873 2816
f 2816 2873 2908
f 2816 2908 2909
f 2816 2909 2817
f 2817 2909 2818
f 2818 2909 2820
f 2818 2820 2819
f 2820 2909 2910
f 2820 2910 2821
f 2821 2910 2911
f 2821 2911 2912
f 2821 2912 2822
f 2822 2912 2823
f 2823 2912 2913
f 2823 2913 2914
f 2823 2914 2825
f 2824 2825 2915
f 2824 2915 2916
f 2824 2916 2826
f 2825 2914 2917
f 2825 2917 2915
f 2826 2916 2828
f 2826 2828 2827
f 2828 2918 2862
f 2828 2862 2830
f 2828 2916 2918
f 2829 2830 2862
f 2831 2895 2832
f 2832 2895 2919
f 2832 2919 2920
f 2832 2920 2833
f 2833 2920 2835
f 2835 2921 2836
f 2835 2920 2921
f 2836 2921 2922
f 2836 2922 2837
f 2837 2922 2921
f 2837 2921 2923
f 2837 2923 2838
f 2838 2923 2839
f 2839 2923 2889
f 2840 2846 2841
f 2841 2846 2842
f 2852 2901 2853
f 2856 2903 2924
f 2856 2924 2860
f 2856 2860 2857
f 2858 2896 2861
f 2858 2860 2898
f 2858 2898 2896
f 2860 2924 2898
f 2862 2918 2925
f 2862 2925 2863
f 2863 2925 2926
f 2863 2926 2864
f 2864 2926 2865
f 2865 2926 2927
f 2865 2927 2866
f 2866 2927 2867
f 2867 2927 2868
f 2868 2928 2871
f 2868 2870 2869
f 2868 2927 2929
f 2868 2929 2930
f 2868 2930 2928
f 2871 2928 2872
f 2872 2928 2931
f 2872 2931 2908
f 2872 2908 2873
f 2878 2907 2880
f 2880 2907 2906
f 2880 2906 2905
f 2880 2905 2881
f 2881 2905 2904
f 2881 2904 2882
f 2885 2887 2886
f 2889 2923 2890
f 2890 2921 2891
f 2890 2923 2921
f 2891 2920 2919
f 2891 2919 2892
f 2891 2921 2920
f 2892 2919 2893
f 2893 2919 2895
f 2896 2898 2897
f 2898 2924 2899
f 2899 2924 2900
f 2900 2924 2903
f 2908 2931 2932
f 2908 2932 2910
f 2908 2910 2909
f 2910 2932 2911
f 2911 2932 2928
f 2911 2928 2930
f 2911 2930 2933
f 2911 2933 2913
f 2911 2913 2912
f 2913 2933 2934
f 2913 2934 2917
f 2913 2917 2914
f 2915 2917 2935
f 2915 2935 2918
f 2915 2918 2916
f 2917 2934 2927
f 2917 2927 2935
f 2918 2935 2925
f 2925 2935 2926
f 2926 2935 2927
f 2927 2934 2929
f 2928 2932 2931
f 2929 2934 2930
f 2930 2934 2933

