mtllib material.mtl
usemtl motor
v 0.21289200 0.02594700 -0.00165800
v 0.21289200 0.02594700 -0.00165800
v 0.21285500 0.02600100 -0.00000400
v 0.21285500 0.02600100 -0.00000400
v 0.21285500 0.02600100 -0.00000400
v 0.21289100 0.02594800 0.00165800
v 0.21289100 0.02594800 0.00165800
v 0.21289100 0.02594800 0.00165800
v 0.21295800 0.02585600 0.00274500
v 0.21295800 0.02585600 0.00274500
v 0.21301600 0.02578000 0.00337900
v 0.21301600 0.02578000 0.00337900
v 0.21331700 0.02542400 0.00544700
v 0.21331700 0.02542400 0.00544700
v 0.21331700 0.02542400 0.00544700
v 0.21285800 0.02599600 0.00049400
v 0.21285800 0.02599600 0.00049400
v 0.21295900 0.02585500 -0.00274000
v 0.21295900 0.02585500 -0.00274000
v 0.21295900 0.02585500 -0.00274000
v 0.21331700 0.02542400 -0.00544600
v 0.21331700 0.02542400 -0.00544600
v 0.21602700 0.02233000 0.01332100
v 0.21602700 0.02233000 0.01332100
v 0.21602700 0.02233000 0.01332100
v 0.21604100 0.02231300 0.01334800
v 0.21604100 0.02231300 0.01334800
v 0.21524100 0.02324200 0.01165300
v 0.21524100 0.02324200 0.01165300
v 0.21518400 0.02330700 0.01152200
v 0.21443300 0.02416700 0.00958400
v 0.21443300 0.02416700 0.00958400
v 0.21443300 0.02416700 0.00958400
v 0.21380400 0.02487800 0.00755300
v 0.21380400 0.02487800 0.00755300
v 0.21380400 0.02487800 0.00755300
v 0.21360900 0.02509700 0.00679400
v 0.21360900 0.02509700 0.00679400
v 0.21640600 0.02188400 0.01404100
v 0.21640600 0.02188400 0.01404100
v 0.21751200 0.02056100 0.01591600
v 0.21751200 0.02056100 0.01591600
v 0.21873400 0.01905600 0.01768900
v 0.21873400 0.01905600 0.01768900
v 0.21873400 0.01905600 0.01768900
v 0.22009800 0.01733000 0.01938400
v 0.22013500 0.01728300 0.01942500
v 0.22017000 0.01723700 0.01946600
v 0.22017000 0.01723700 0.01946600
v 0.21759700 0.02045700 0.01604800
v 0.21759700 0.02045700 0.01604800
v 0.21759700 0.02045700 0.01604800
v 0.22461800 0.01066300 0.02371400
v 0.22461800 0.01066300 0.02371400
v 0.22455600 0.01077200 0.02366500
v 0.22455600 0.01077200 0.02366500
v 0.22455600 0.01077200 0.02366500
v 0.22449400 0.01088000 0.02361500
v 0.22449400 0.01088000 0.02361500
v 0.22449400 0.01088000 0.02361500
v 0.22345900 0.01257600 0.02275700
v 0.22345900 0.01257600 0.02275700
v 0.22325800 0.01288800 0.02258200
v 0.22325800 0.01288800 0.02258200
v 0.22046500 0.01685300 0.01979900
v 0.22046500 0.01685300 0.01979900
v 0.22202200 0.01472200 0.02143200
v 0.22202200 0.01472200 0.02143200
v 0.22202200 0.01472200 0.02143200
v 0.22056700 0.01671900 0.01991200
v 0.22056700 0.01671900 0.01991200
v 0.22056700 0.01671900 0.01991200
v 0.22645000 0.00694300 0.02505700
v 0.22645000 0.00694300 0.02505700
v 0.22650600 0.00680500 0.02509400
v 0.22650600 0.00680500 0.02509400
v 0.22542700 0.00916700 0.02433100
v 0.22542700 0.00916700 0.02433100
v 0.22608500 0.00779800 0.02480400
v 0.22608500 0.00779800 0.02480400
v 0.22639400 0.00708100 0.02501800
v 0.22639400 0.00708100 0.02501800
v 0.22639400 0.00708100 0.02501800
v 0.22521100 0.00958300 0.02417000
v 0.22521100 0.00958300 0.02417000
v 0.22720500 0.00476900 0.02556000
v 0.22720500 0.00476900 0.02556000
v 0.22720500 0.00476900 0.02556000
v 0.22764900 0.00288100 0.02584000
v 0.22764900 0.00288100 0.02584000
v 0.22768000 0.00269500 0.02586000
v 0.22768000 0.00269500 0.02586000
v 0.22770200 0.00256300 0.02587400
v 0.22770200 0.00256300 0.02587400
v 0.22770200 0.00256300 0.02587400
v 0.22776600 0.00211700 0.02591400
v 0.22776600 0.00211700 0.02591400
v 0.22789000 0.00030400 0.02599900
v 0.22789000 0.00030400 0.02599900
v 0.22789000 0.00030400 0.02599900
v 0.22780900 -0.00155700 0.02595400
v 0.22780900 -0.00155700 0.02595400
v 0.22777600 -0.00186800 0.02593300
v 0.22777600 -0.00186800 0.02593300
v 0.22773600 -0.00219100 0.02590800
v 0.22773600 -0.00219100 0.02590800
v 0.22773600 -0.00219100 0.02590800
v 0.22769000 -0.00251000 0.02587900
v 0.22769000 -0.00251000 0.02587900
v 0.22740600 -0.00397900 0.02569400
v 0.22740600 -0.00397900 0.02569400
v 0.22740600 -0.00397900 0.02569400
v 0.22685400 -0.00586500 0.02533000
v 0.22685400 -0.00586500 0.02533000
v 0.22674800 -0.00616200 0.02526000
v 0.22674800 -0.00616200 0.02526000
v 0.22616600 -0.00761100 0.02486100
v 0.22616600 -0.00761100 0.02486100
v 0.22612600 -0.00770300 0.02483300
v 0.22612600 -0.00770300 0.02483300
v 0.22511400 -0.00977600 0.02409200
v 0.22511400 -0.00977600 0.02409200
v 0.22503100 -0.00993000 0.02402900
v 0.22503100 -0.00993000 0.02402900
v 0.22494600 -0.01008500 0.02396400
v 0.22494600 -0.01008500 0.02396400
v 0.22488400 -0.01019800 0.02391700
v 0.22488400 -0.01019800 0.02391700
v 0.22365800 -0.01226300 0.02292600
v 0.22365800 -0.01226300 0.02292600
v 0.22356600 -0.01240900 0.02284800
v 0.22356600 -0.01240900 0.02284800
v 0.22356600 -0.01240900 0.02284800
v 0.22299100 -0.01329500 0.02234300
v 0.22299100 -0.01329500 0.02234300
v 0.22299100 -0.01329500 0.02234300
v 0.22278300 -0.01360700 0.02215500
v 0.22278300 -0.01360700 0.02215500
v 0.22221100 -0.01444000 0.02162100
v 0.22221100 -0.01444000 0.02162100
v 0.22076000 -0.01645700 0.02012800
v 0.22076000 -0.01645700 0.02012800
v 0.22057100 -0.01670900 0.01992000
v 0.22057100 -0.01670900 0.01992000
v 0.22057100 -0.01670900 0.01992000
v 0.21985500 -0.01764600 0.01909400
v 0.21985500 -0.01764600 0.01909400
v 0.21857500 -0.01926400 0.01746100
v 0.21857500 -0.01926400 0.01746100
v 0.21831800 -0.01958200 0.01710400
v 0.21831800 -0.01958200 0.01710400
v 0.21831800 -0.01958200 0.01710400
v 0.21575200 -0.02265100 0.01276300
v 0.21575200 -0.02265100 0.01276300
v 0.21575200 -0.02265100 0.01276300
v 0.21575200 -0.02265100 0.01276300
v 0.21575200 -0.02265100 0.01276300
v 0.21575200 -0.02265100 0.01276300
v 0.21575200 -0.02265100 0.01276300
v 0.21575200 -0.02265100 0.01276300
v 0.21484700 -0.02369300 0.01070600
v 0.21484700 -0.02369300 0.01070600
v 0.21685700 -0.02135400 0.01483200
v 0.21685700 -0.02135400 0.01483200
v 0.21685700 -0.02135400 0.01483200
v 0.21799100 -0.01998400 0.01663100
v 0.21799100 -0.01998400 0.01663100
v 0.21799100 -0.01998400 0.01663100
v 0.21484700 -0.02369300 -0.01070500
v 0.21484700 -0.02369300 -0.01070500
v 0.21524500 -0.02323200 -0.01167100
v 0.21524500 -0.02323200 -0.01167100
v 0.21524500 -0.02323200 -0.01167100
v 0.21524500 -0.02323200 -0.01167100
v 0.21524500 -0.02323200 -0.01167100
v 0.22278800 -0.01360200 -0.02215700
v 0.22278800 -0.01360200 -0.02215700
v 0.22135900 -0.01567500 -0.02074200
v 0.22135900 -0.01567500 -0.02074200
v 0.22135900 -0.01567500 -0.02074200
v 0.22060700 -0.01670900 -0.01991900
v 0.22060700 -0.01670900 -0.01991900
v 0.21993000 -0.01760200 -0.01913400
v 0.21993000 -0.01760200 -0.01913400
v 0.21858100 -0.01927200 -0.01745100
v 0.21858100 -0.01927200 -0.01745100
v 0.21858100 -0.01927200 -0.01745100
v 0.21768200 -0.02033700 -0.01619700
v 0.21768200 -0.02033700 -0.01619700
v 0.21768200 -0.02033700 -0.01619700
v 0.21733800 -0.02074700 -0.01566900
v 0.21733800 -0.02074700 -0.01566900
v 0.21733800 -0.02074700 -0.01566900
v 0.21733800 -0.02074700 -0.01566900
v 0.21622300 -0.02207800 -0.01373000
v 0.21622300 -0.02207800 -0.01373000
v 0.21622300 -0.02207800 -0.01373000
v 0.21622300 -0.02207800 -0.01373000
v 0.22485700 -0.01021500 -0.02390900
v 0.22485700 -0.01021500 -0.02390900
v 0.22589400 -0.00818500 -0.02467700
v 0.22589400 -0.00818500 -0.02467700
v 0.22615400 -0.00761700 -0.02485900
v 0.22615400 -0.00761700 -0.02485900
v 0.22615400 -0.00761700 -0.02485900
v 0.22675200 -0.00614900 -0.02526200
v 0.22675200 -0.00614900 -0.02526200
v 0.22675200 -0.00614900 -0.02526200
v 0.22299400 -0.01329100 -0.02234500
v 0.22299400 -0.01329100 -0.02234500
v 0.22299400 -0.01329100 -0.02234500
v 0.22356400 -0.01240900 -0.02284700
v 0.22356400 -0.01240900 -0.02284700
v 0.22366300 -0.01225100 -0.02293200
v 0.22366300 -0.01225100 -0.02293200
v 0.22366300 -0.01225100 -0.02293200
v 0.22685900 -0.00585100 -0.02533200
v 0.22685900 -0.00585100 -0.02533200
v 0.22697200 -0.00551700 -0.02540700
v 0.22697200 -0.00551700 -0.02540700
v 0.22746900 -0.00371900 -0.02573200
v 0.22746900 -0.00371900 -0.02573200
v 0.22769700 -0.00251200 -0.02587800
v 0.22769700 -0.00251200 -0.02587800
v 0.22769700 -0.00251200 -0.02587800
v 0.22778600 -0.00184700 -0.02593400
v 0.22778600 -0.00184700 -0.02593400
v 0.22778600 -0.00184700 -0.02593400
v 0.22769500 0.00260800 -0.02586900
v 0.22769500 0.00260800 -0.02586900
v 0.22769500 0.00260800 -0.02586900
v 0.22788000 0.00079900 -0.02598700
v 0.22788000 0.00079900 -0.02598700
v 0.22788000 0.00079900 -0.02598700
v 0.22785900 -0.00104000 -0.02597900
v 0.22785900 -0.00104000 -0.02597900
v 0.22461500 0.01066900 -0.02371000
v 0.22461500 0.01066900 -0.02371000
v 0.22659000 0.00654800 -0.02516200
v 0.22659000 0.00654800 -0.02516200
v 0.22607100 0.00779700 -0.02480300
v 0.22607100 0.00779700 -0.02480300
v 0.22607100 0.00779700 -0.02480300
v 0.22571300 0.00857400 -0.02454500
v 0.22571300 0.00857400 -0.02454500
v 0.22768100 0.00269500 -0.02586000
v 0.22768100 0.00269500 -0.02586000
v 0.22764000 0.00292900 -0.02583400
v 0.22764000 0.00292900 -0.02583400
v 0.22725100 0.00458500 -0.02559200
v 0.22725100 0.00458500 -0.02559200
v 0.22725100 0.00458500 -0.02559200
v 0.22046000 0.01685400 -0.01979800
v 0.22046000 0.01685400 -0.01979800
v 0.22046000 0.01685400 -0.01979800
v 0.22017100 0.01723600 -0.01946700
v 0.22154100 0.01536800 -0.02097200
v 0.22154100 0.01536800 -0.02097200
v 0.22154100 0.01536800 -0.02097200
v 0.22415900 0.01142800 -0.02335400
v 0.22415900 0.01142800 -0.02335400
v 0.22415900 0.01142800 -0.02335400
v 0.22343000 0.01257400 -0.02275700
v 0.22343000 0.01257400 -0.02275700
v 0.22343000 0.01257400 -0.02275700
v 0.22293100 0.01333600 -0.02231900
v 0.22293100 0.01333600 -0.02231900
v 0.22448900 0.01088700 -0.02361100
v 0.22448900 0.01088700 -0.02361100
v 0.22000500 0.01745200 -0.01927300
v 0.22000500 0.01745200 -0.01927300
v 0.21959600 0.01798100 -0.01878100
v 0.21959600 0.01798100 -0.01878100
v 0.21761000 0.02045600 -0.01605000
v 0.21761000 0.02045600 -0.01605000
v 0.21761000 0.02045600 -0.01605000
v 0.21715600 0.02100000 -0.01533100
v 0.21715600 0.02100000 -0.01533100
v 0.22009900 0.01732900 -0.01938400
v 0.21603500 0.02232000 -0.01333600
v 0.21833200 0.01957400 -0.01711400
v 0.21833200 0.01957400 -0.01711400
v 0.21833200 0.01957400 -0.01711400
v 0.21524000 0.02324300 -0.01165300
v 0.21524000 0.02324300 -0.01165300
v 0.21517900 0.02331300 -0.01151000
v 0.21360900 0.02509700 -0.00679400
v 0.21360900 0.02509700 -0.00679400
v 0.21360900 0.02509700 -0.00679400
v 0.21380400 0.02487900 -0.00755300
v 0.21380400 0.02487900 -0.00755300
v 0.21380400 0.02487900 -0.00755300
v 0.21443000 0.02417100 -0.00957900
v 0.21443000 0.02417100 -0.00957900
v 0.21602000 0.02233800 -0.01330600
v 0.21602000 0.02233800 -0.01330600
v 0.21484700 -0.02323700 -0.01000000
v 0.21484700 -0.02323700 -0.01000000
v 0.21071400 -0.02369300 -0.01070500
v 0.21071400 -0.02369300 -0.01070500
v 0.21071400 -0.02369300 -0.01070500
v 0.21071400 -0.02369300 -0.01070500
v 0.21071400 -0.02369300 -0.01070500
v 0.21071400 -0.02369300 -0.01070500
v 0.21071400 -0.02323700 -0.01000000
v 0.21071400 -0.02323700 -0.01000000
v 0.21071400 -0.02323700 -0.01000000
v 0.21071400 -0.02323700 -0.01000000
v 0.21000700 -0.02317000 -0.01029200
v 0.21000700 -0.02317000 -0.01029200
v 0.21000700 -0.02317000 -0.01029200
v 0.21000700 -0.02317000 -0.01029200
v 0.21000700 -0.02317000 -0.01029200
v 0.21000700 -0.02317000 -0.01029200
v 0.21036100 -0.02362500 -0.01085500
v 0.21036100 -0.02362500 -0.01085500
v 0.21036100 -0.02362500 -0.01085500
v 0.21036100 -0.02362500 -0.01085500
v 0.21036100 -0.02362500 -0.01085500
v 0.21052000 -0.02367500 -0.01074500
v 0.21052000 -0.02367500 -0.01074500
v 0.21052000 -0.02367500 -0.01074500
v 0.21052000 -0.02367500 -0.01074500
v 0.21041800 -0.02322700 -0.01004500
v 0.21041800 -0.02322700 -0.01004500
v 0.21041800 -0.02322700 -0.01004500
v 0.21041800 -0.02322700 -0.01004500
v 0.21041800 -0.02322700 -0.01004500
v 0.21041800 -0.02322700 -0.01004500
v 0.21041800 -0.02322700 -0.01004500
v 0.20964800 -0.02327700 -0.01158100
v 0.20964800 -0.02327700 -0.01158100
v 0.20964800 -0.02327700 -0.01158100
v 0.20964800 -0.02327700 -0.01158100
v 0.20964800 -0.02327700 -0.01158100
v 0.20859300 -0.02246700 -0.01170700
v 0.20859300 -0.02246700 -0.01170700
v 0.20859300 -0.02246700 -0.01170700
v 0.20859300 -0.02246700 -0.01170700
v 0.20859300 -0.02246700 -0.01170700
v 0.20894700 -0.02290700 -0.01229700
v 0.20894700 -0.02290700 -0.01229700
v 0.20894700 -0.02290700 -0.01229700
v 0.20894700 -0.02290700 -0.01229700
v 0.20894700 -0.02290700 -0.01229700
v 0.20894700 -0.02290700 -0.01229700
v 0.20879800 -0.02270900 -0.01265600
v 0.20879800 -0.02270900 -0.01265600
v 0.20879800 -0.02270900 -0.01265600
v 0.20879800 -0.02270900 -0.01265600
v 0.20879800 -0.02270900 -0.01265600
v 0.20880000 -0.02271000 -0.01265700
v 0.20880000 -0.02271000 -0.01265700
v 0.20880000 -0.02271000 -0.01265700
v 0.20880000 -0.02271000 -0.01265700
v 0.20880000 -0.02271000 -0.01265700
v 0.20880000 -0.02271000 -0.01265700
v 0.20883700 -0.02281600 -0.01246500
v 0.20883700 -0.02281600 -0.01246500
v 0.20883700 -0.02281600 -0.01246500
v 0.20883700 -0.02281600 -0.01246500
v 0.20883700 -0.02281600 -0.01246500
v 0.20839700 -0.02239000 -0.01198500
v 0.20839700 -0.02239000 -0.01198500
v 0.20839700 -0.02239000 -0.01198500
v 0.20839700 -0.02239000 -0.01198500
v 0.20839700 -0.02239000 -0.01198500
v 0.20839700 -0.02239000 -0.01198500
v 0.20839700 -0.02239000 -0.01198500
v 0.20839700 -0.02239000 -0.01198500
v 0.20830000 -0.02227300 -0.01241400
v 0.20830000 -0.02227300 -0.01241400
v 0.20830000 -0.02227300 -0.01241400
v 0.20830000 -0.02227300 -0.01241400
v 0.20859300 -0.02246700 0.01170800
v 0.20859300 -0.02246700 0.01170800
v 0.20859300 -0.02246700 0.01170800
v 0.20859300 -0.02246700 0.01170800
v 0.20859300 -0.02246700 0.01170800
v 0.20859300 -0.02246700 0.01170800
v 0.20859300 -0.02246700 0.01170800
v 0.20894700 -0.02290700 0.01229800
v 0.20894700 -0.02290700 0.01229800
v 0.20894700 -0.02290700 0.01229800
v 0.20894700 -0.02290700 0.01229800
v 0.20894700 -0.02290700 0.01229800
v 0.20883700 -0.02281600 0.01246600
v 0.20883700 -0.02281600 0.01246600
v 0.20883700 -0.02281600 0.01246600
v 0.20883700 -0.02281600 0.01246600
v 0.20880000 -0.02271000 0.01265800
v 0.20880000 -0.02271000 0.01265800
v 0.20880000 -0.02271000 0.01265800
v 0.20880000 -0.02271000 0.01265800
v 0.20879900 -0.02270900 0.01265700
v 0.20879900 -0.02270900 0.01265700
v 0.20879900 -0.02270900 0.01265700
v 0.20879900 -0.02270900 0.01265700
v 0.20835800 -0.02236600 0.01207800
v 0.20835800 -0.02236600 0.01207800
v 0.20835800 -0.02236600 0.01207800
v 0.20835800 -0.02236600 0.01207800
v 0.20835800 -0.02236600 0.01207800
v 0.20835800 -0.02236600 0.01207800
v 0.20835800 -0.02236600 0.01207800
v 0.20830000 -0.02227400 0.01241500
v 0.20830000 -0.02227400 0.01241500
v 0.20830000 -0.02227400 0.01241500
v 0.20830000 -0.02227400 0.01241500
v 0.21000700 -0.02317000 0.01029300
v 0.21000700 -0.02317000 0.01029300
v 0.21000700 -0.02317000 0.01029300
v 0.21000700 -0.02317000 0.01029300
v 0.21036100 -0.02362500 0.01085600
v 0.21036100 -0.02362500 0.01085600
v 0.21036100 -0.02362500 0.01085600
v 0.21036100 -0.02362500 0.01085600
v 0.21036100 -0.02362500 0.01085600
v 0.21036100 -0.02362500 0.01085600
v 0.20964800 -0.02327700 0.01158200
v 0.20964800 -0.02327700 0.01158200
v 0.20964800 -0.02327700 0.01158200
v 0.20964800 -0.02327700 0.01158200
v 0.21071400 -0.02323700 0.01000000
v 0.21071400 -0.02323700 0.01000000
v 0.21071400 -0.02323700 0.01000000
v 0.21071400 -0.02323700 0.01000000
v 0.21071400 -0.02323700 0.01000000
v 0.21071400 -0.02369300 0.01070600
v 0.21071400 -0.02369300 0.01070600
v 0.21071400 -0.02369300 0.01070600
v 0.21071400 -0.02369300 0.01070600
v 0.21052100 -0.02367500 0.01074600
v 0.21052100 -0.02367500 0.01074600
v 0.21052100 -0.02367500 0.01074600
v 0.21052100 -0.02367500 0.01074600
v 0.21052100 -0.02367500 0.01074600
v 0.21025700 -0.02321200 0.01011100
v 0.21025700 -0.02321200 0.01011100
v 0.21025700 -0.02321200 0.01011100
v 0.21025700 -0.02321200 0.01011100
v 0.21025700 -0.02321200 0.01011100
v 0.21025700 -0.02321200 0.01011100
v 0.21025700 -0.02321200 0.01011100
v 0.21484700 -0.02323700 0.01000000
v 0.21484700 -0.02323700 0.01000000
v 0.20837600 -0.00868300 -0.00994300
v 0.20837600 -0.00868300 -0.00994300
v 0.20837600 -0.00868300 -0.00994300
v 0.20837600 -0.00868300 -0.00994300
v 0.20837600 -0.00868300 -0.00994300
v 0.20830000 -0.00836000 -0.01014900
v 0.20830000 -0.00836000 -0.01014900
v 0.20830000 -0.00836000 -0.01014900
v 0.20830000 -0.00836000 -0.01014900
v 0.20830000 -0.00902400 -0.01097400
v 0.20830000 -0.00902400 -0.01097400
v 0.20830000 -0.00902400 -0.01097400
v 0.20830000 -0.00902400 -0.01097400
v 0.20859300 -0.00855200 -0.00895600
v 0.20859300 -0.00855200 -0.00895600
v 0.20859300 -0.00855200 -0.00895600
v 0.20859300 -0.00855200 -0.00895600
v 0.20859300 -0.00844400 -0.00862000
v 0.20859300 -0.00844400 -0.00862000
v 0.20859300 -0.00844400 -0.00862000
v 0.20859300 -0.00844400 -0.00862000
v 0.20837600 -0.00813100 -0.00870600
v 0.20837600 -0.00813100 -0.00870600
v 0.20837600 -0.00813100 -0.00870600
v 0.20837600 -0.00813100 -0.00870600
v 0.20837600 -0.00813100 -0.00870600
v 0.20837600 -0.00813100 -0.00870600
v 0.20837600 -0.00813100 -0.00870600
v 0.20837600 -0.00813100 -0.00870600
v 0.20837600 -0.00813100 -0.00870600
v 0.20859300 -0.00895600 -0.00976800
v 0.20859300 -0.00895600 -0.00976800
v 0.20859300 -0.00895600 -0.00976800
v 0.20859300 -0.00895600 -0.00976800
v 0.20859300 -0.00895600 -0.00976800
v 0.20859300 -0.00895600 -0.00976800
v 0.20859300 -0.00895600 -0.00976800
v 0.20837600 -0.00929500 -0.01070400
v 0.20837600 -0.00929500 -0.01070400
v 0.20837600 -0.00929500 -0.01070400
v 0.20837600 -0.00929500 -0.01070400
v 0.20837600 -0.00929500 -0.01070400
v 0.20830000 -0.00985000 -0.01163800
v 0.20830000 -0.00985000 -0.01163800
v 0.20830000 -0.00985000 -0.01163800
v 0.20837600 -0.01005600 -0.01131600
v 0.20837600 -0.01005600 -0.01131600
v 0.20837600 -0.01005600 -0.01131600
v 0.20837600 -0.01005600 -0.01131600
v 0.20837600 -0.01005600 -0.01131600
v 0.20837600 -0.01005600 -0.01131600
v 0.20830000 -0.01079800 -0.01211000
v 0.20830000 -0.01079800 -0.01211000
v 0.20830000 -0.01079800 -0.01211000
v 0.20830000 -0.01079800 -0.01211000
v 0.20837600 -0.01093100 -0.01175100
v 0.20837600 -0.01093100 -0.01175100
v 0.20837600 -0.01093100 -0.01175100
v 0.20837600 -0.01093100 -0.01175100
v 0.20837600 -0.01093100 -0.01175100
v 0.20830000 -0.01163500 -0.01233700
v 0.20830000 -0.01163500 -0.01233700
v 0.20830000 -0.01163500 -0.01233700
v 0.20837600 -0.01170200 -0.01196100
v 0.20837600 -0.01170200 -0.01196100
v 0.20837600 -0.01170200 -0.01196100
v 0.20837600 -0.01170200 -0.01196100
v 0.20837600 -0.01170200 -0.01196100
v 0.20830000 -0.01249900 -0.01241400
v 0.20830000 -0.01249900 -0.01241400
v 0.20830000 -0.01249900 -0.01241400
v 0.20830000 -0.01249900 -0.01241400
v 0.20830000 -0.01249900 -0.01241400
v 0.20837600 -0.01249900 -0.01203100
v 0.20837600 -0.01249900 -0.01203100
v 0.20837600 -0.01249900 -0.01203100
v 0.20837600 -0.01249900 -0.01203100
v 0.20830000 -0.00776200 -0.00880800
v 0.20830000 -0.00776200 -0.00880800
v 0.20830000 -0.00776200 -0.00880800
v 0.20830000 -0.00776200 -0.00880800
v 0.20859300 -0.00952400 -0.01047400
v 0.20859300 -0.00952400 -0.01047400
v 0.20859300 -0.00952400 -0.01047400
v 0.20859300 -0.00952400 -0.01047400
v 0.20859300 -0.00952400 -0.01047400
v 0.20859300 -0.01023100 -0.01104300
v 0.20859300 -0.01023100 -0.01104300
v 0.20859300 -0.01023100 -0.01104300
v 0.20859300 -0.01023100 -0.01104300
v 0.20859300 -0.01023100 -0.01104300
v 0.20859300 -0.01023100 -0.01104300
v 0.20859300 -0.01104300 -0.01144700
v 0.20859300 -0.01104300 -0.01144700
v 0.20859300 -0.01104300 -0.01144700
v 0.20859300 -0.01104300 -0.01144700
v 0.20859300 -0.01176000 -0.01164100
v 0.20859300 -0.01176000 -0.01164100
v 0.20859300 -0.01176000 -0.01164100
v 0.20859300 -0.01176000 -0.01164100
v 0.20859300 -0.01176000 -0.01164100
v 0.20859300 -0.01249900 -0.01170700
v 0.20859300 -0.01249900 -0.01170700
v 0.20859300 -0.01249900 -0.01170700
v 0.20859300 -0.01249900 -0.01170700
v 0.20859300 -0.01249900 -0.01170700
v 0.20830000 -0.01249900 0.01241500
v 0.20830000 -0.01249900 0.01241500
v 0.20830000 -0.01249900 0.01241500
v 0.20830000 -0.01249900 0.01241500
v 0.20830000 -0.01249900 0.01241500
v 0.20837600 -0.01249900 0.01203200
v 0.20837600 -0.01249900 0.01203200
v 0.20837600 -0.01249900 0.01203200
v 0.20837600 -0.01249900 0.01203200
v 0.20859300 -0.01249900 0.01170800
v 0.20859300 -0.01249900 0.01170800
v 0.20859300 -0.01249900 0.01170800
v 0.20859300 -0.01249900 0.01170800
v 0.20859300 -0.01249900 0.01170800
v 0.20859300 -0.01249900 0.01170800
v 0.20837600 -0.01170200 0.01196100
v 0.20837600 -0.01170200 0.01196100
v 0.20837600 -0.01170200 0.01196100
v 0.20837600 -0.01170200 0.01196100
v 0.20837600 -0.01170200 0.01196100
v 0.20830000 -0.01163500 0.01233800
v 0.20830000 -0.01163500 0.01233800
v 0.20830000 -0.01163500 0.01233800
v 0.20830000 -0.01079800 0.01211100
v 0.20830000 -0.01079800 0.01211100
v 0.20830000 -0.01079800 0.01211100
v 0.20837600 -0.01093100 0.01175200
v 0.20837600 -0.01093100 0.01175200
v 0.20837600 -0.01093100 0.01175200
v 0.20837600 -0.01093100 0.01175200
v 0.20837600 -0.01093100 0.01175200
v 0.20830000 -0.00985000 0.01163900
v 0.20830000 -0.00985000 0.01163900
v 0.20830000 -0.00985000 0.01163900
v 0.20837600 -0.01005600 0.01131700
v 0.20837600 -0.01005600 0.01131700
v 0.20837600 -0.01005600 0.01131700
v 0.20837600 -0.01005600 0.01131700
v 0.20837600 -0.01005600 0.01131700
v 0.20837600 -0.01005600 0.01131700
v 0.20830000 -0.00902400 0.01097500
v 0.20830000 -0.00902400 0.01097500
v 0.20830000 -0.00902400 0.01097500
v 0.20830000 -0.00902400 0.01097500
v 0.20837600 -0.00929500 0.01070500
v 0.20837600 -0.00929500 0.01070500
v 0.20837600 -0.00929500 0.01070500
v 0.20837600 -0.00929500 0.01070500
v 0.20837600 -0.00929500 0.01070500
v 0.20830000 -0.00836000 0.01015000
v 0.20830000 -0.00836000 0.01015000
v 0.20830000 -0.00836000 0.01015000
v 0.20830000 -0.00836000 0.01015000
v 0.20837600 -0.00868300 0.00994400
v 0.20837600 -0.00868300 0.00994400
v 0.20837600 -0.00868300 0.00994400
v 0.20837600 -0.00868300 0.00994400
v 0.20837600 -0.00868300 0.00994400
v 0.20830000 -0.00788900 0.00920100
v 0.20830000 -0.00788900 0.00920100
v 0.20830000 -0.00788900 0.00920100
v 0.20837600 -0.00824800 0.00906900
v 0.20837600 -0.00824800 0.00906900
v 0.20837600 -0.00824800 0.00906900
v 0.20837600 -0.00824800 0.00906900
v 0.20837600 -0.00824800 0.00906900
v 0.20830000 -0.00776200 0.00880900
v 0.20830000 -0.00776200 0.00880900
v 0.20830000 -0.00776200 0.00880900
v 0.20830000 -0.00776200 0.00880900
v 0.20830000 -0.00776200 0.00880900
v 0.20830000 -0.00776200 0.00880900
v 0.20837600 -0.00813100 0.00870700
v 0.20837600 -0.00813100 0.00870700
v 0.20837600 -0.00813100 0.00870700
v 0.20837600 -0.00813100 0.00870700
v 0.20837600 -0.00813100 0.00870700
v 0.20837600 -0.00813100 0.00870700
v 0.20837600 -0.00813100 0.00870700
v 0.20859300 -0.01176000 0.01164200
v 0.20859300 -0.01176000 0.01164200
v 0.20859300 -0.01176000 0.01164200
v 0.20859300 -0.01176000 0.01164200
v 0.20859300 -0.01176000 0.01164200
v 0.20859300 -0.01176000 0.01164200
v 0.20859300 -0.01104300 0.01144700
v 0.20859300 -0.01104300 0.01144700
v 0.20859300 -0.01104300 0.01144700
v 0.20859300 -0.01104300 0.01144700
v 0.20859300 -0.01104300 0.01144700
v 0.20859300 -0.01023100 0.01104400
v 0.20859300 -0.01023100 0.01104400
v 0.20859300 -0.01023100 0.01104400
v 0.20859300 -0.01023100 0.01104400
v 0.20859300 -0.01023100 0.01104400
v 0.20859300 -0.00952400 0.01047500
v 0.20859300 -0.00952400 0.01047500
v 0.20859300 -0.00952400 0.01047500
v 0.20859300 -0.00952400 0.01047500
v 0.20859300 -0.00952400 0.01047500
v 0.20859300 -0.00895600 0.00976900
v 0.20859300 -0.00895600 0.00976900
v 0.20859300 -0.00895600 0.00976900
v 0.20859300 -0.00895600 0.00976900
v 0.20859300 -0.00895600 0.00976900
v 0.20859300 -0.00855200 0.00895700
v 0.20859300 -0.00855200 0.00895700
v 0.20859300 -0.00855200 0.00895700
v 0.20859300 -0.00855200 0.00895700
v 0.20859300 -0.00855200 0.00895700
v 0.20859300 -0.00844400 0.00862100
v 0.20859300 -0.00844400 0.00862100
v 0.20859300 -0.00844400 0.00862100
v 0.20859300 -0.00844400 0.00862100
v 0.20859300 -0.00844400 0.00862100
v 0.20830000 -0.00758500 0.00346500
v 0.20830000 -0.00758500 0.00346500
v 0.20830000 -0.00758500 0.00346500
v 0.20830000 -0.00758500 -0.00346500
v 0.20830000 -0.00758500 -0.00346500
v 0.20830000 -0.00758500 -0.00346500
v 0.20837600 -0.00796800 -0.00346500
v 0.20837600 -0.00796800 -0.00346500
v 0.20837600 -0.00796800 -0.00346500
v 0.20837600 -0.00796800 -0.00346500
v 0.20837600 -0.00796800 -0.00346500
v 0.20837600 -0.00796800 0.00346500
v 0.20837600 -0.00796800 0.00346500
v 0.20837600 -0.00796800 0.00346500
v 0.20837600 -0.00796800 0.00346500
v 0.20837600 -0.00796800 0.00346500
v 0.20837600 -0.00796800 0.00346500
v 0.20837600 -0.00796800 0.00346500
v 0.20859300 -0.00829200 -0.00346500
v 0.20859300 -0.00829200 -0.00346500
v 0.20859300 -0.00829200 -0.00346500
v 0.20859300 -0.00829200 -0.00346500
v 0.20859300 -0.00829200 -0.00346500
v 0.20859300 -0.00829200 0.00346500
v 0.20859300 -0.00829200 0.00346500
v 0.20859300 -0.00829200 0.00346500
v 0.21000700 -0.00970600 0.00750000
v 0.21000700 -0.00970600 0.00750000
v 0.21000700 -0.00970600 0.00750000
v 0.21000700 -0.00970600 0.00750000
v 0.21000700 -0.00970600 0.00750000
v 0.21000700 -0.00970600 0.00750000
v 0.21000700 -0.00970600 0.00750000
v 0.21000700 -0.00970600 0.00750000
v 0.21000700 -0.00970600 -0.00750000
v 0.21000700 -0.00970600 -0.00750000
v 0.21000700 -0.00970600 -0.00750000
v 0.21000700 -0.00970600 -0.00750000
v 0.21000700 -0.00970600 -0.00750000
v 0.21000700 -0.00970600 -0.00750000
v 0.21000700 -0.00970600 -0.00750000
v 0.21000700 -0.00970600 -0.00750000
v 0.21033200 -0.00992300 -0.00750000
v 0.21033200 -0.00992300 -0.00750000
v 0.21033200 -0.00992300 -0.00750000
v 0.21033200 -0.00992300 -0.00750000
v 0.21033200 -0.00992300 0.00750000
v 0.21033200 -0.00992300 0.00750000
v 0.21033200 -0.00992300 0.00750000
v 0.21033200 -0.00992300 0.00750000
v 0.21071400 -0.00999900 -0.00750000
v 0.21071400 -0.00999900 -0.00750000
v 0.21071400 -0.00999900 -0.00750000
v 0.21071400 -0.00999900 -0.00750000
v 0.21071400 -0.00999900 -0.00750000
v 0.21071400 -0.00999900 0.00750000
v 0.21071400 -0.00999900 0.00750000
v 0.21071400 -0.00999900 0.00750000
v 0.21071400 -0.00999900 0.00750000
v 0.21071400 -0.00999900 0.00750000
v 0.21033200 -0.01008200 -0.00839100
v 0.21033200 -0.01008200 -0.00839100
v 0.21033200 -0.01008200 -0.00839100
v 0.21033200 -0.01008200 -0.00839100
v 0.21033200 -0.01008200 -0.00839100
v 0.21000700 -0.00987900 -0.00846600
v 0.21000700 -0.00987900 -0.00846600
v 0.21000700 -0.00987900 -0.00846600
v 0.21000700 -0.00987900 -0.00846600
v 0.21000700 -0.00987900 -0.00846600
v 0.21000700 -0.00987900 -0.00846600
v 0.21000700 -0.00987900 -0.00846600
v 0.21000700 -0.01052400 -0.00947400
v 0.21000700 -0.01052400 -0.00947400
v 0.21000700 -0.01052400 -0.00947400
v 0.21000700 -0.01052400 -0.00947400
v 0.21000700 -0.01052400 -0.00947400
v 0.21000700 -0.01052400 -0.00947400
v 0.21000700 -0.01052400 -0.00947400
v 0.21033200 -0.01067800 -0.00932100
v 0.21033200 -0.01067800 -0.00932100
v 0.21033200 -0.01067800 -0.00932100
v 0.21033200 -0.01067800 -0.00932100
v 0.21033200 -0.01067800 -0.00932100
v 0.21000700 -0.01153200 -0.01012000
v 0.21000700 -0.01153200 -0.01012000
v 0.21000700 -0.01153200 -0.01012000
v 0.21000700 -0.01153200 -0.01012000
v 0.21000700 -0.01153200 -0.01012000
v 0.21000700 -0.01153200 -0.01012000
v 0.21000700 -0.01153200 -0.01012000
v 0.21033200 -0.01160700 -0.00991600
v 0.21033200 -0.01160700 -0.00991600
v 0.21033200 -0.01160700 -0.00991600
v 0.21033200 -0.01160700 -0.00991600
v 0.21033200 -0.01160700 -0.00991600
v 0.21000700 -0.01249900 -0.01029200
v 0.21000700 -0.01249900 -0.01029200
v 0.21000700 -0.01249900 -0.01029200
v 0.21000700 -0.01249900 -0.01029200
v 0.21000700 -0.01249900 -0.01029200
v 0.21000700 -0.01249900 -0.01029200
v 0.21033200 -0.01249900 -0.01007600
v 0.21033200 -0.01249900 -0.01007600
v 0.21033200 -0.01249900 -0.01007600
v 0.21033200 -0.01249900 -0.01007600
v 0.21071400 -0.01015400 -0.00836500
v 0.21071400 -0.01015400 -0.00836500
v 0.21071400 -0.01015400 -0.00836500
v 0.21071400 -0.01015400 -0.00836500
v 0.21071400 -0.01015400 -0.00836500
v 0.21071400 -0.01015400 -0.00836500
v 0.21071400 -0.01073100 -0.00926700
v 0.21071400 -0.01073100 -0.00926700
v 0.21071400 -0.01073100 -0.00926700
v 0.21071400 -0.01073100 -0.00926700
v 0.21071400 -0.01073100 -0.00926700
v 0.21071400 -0.01073100 -0.00926700
v 0.21071400 -0.01073100 -0.00926700
v 0.21071400 -0.01163400 -0.00984500
v 0.21071400 -0.01163400 -0.00984500
v 0.21071400 -0.01163400 -0.00984500
v 0.21071400 -0.01163400 -0.00984500
v 0.21071400 -0.01163400 -0.00984500
v 0.21071400 -0.01249900 -0.01000000
v 0.21071400 -0.01249900 -0.01000000
v 0.21071400 -0.01249900 -0.01000000
v 0.21071400 -0.01249900 -0.01000000
v 0.21071400 -0.01249900 -0.01000000
v 0.21071400 -0.01249900 -0.01000000
v 0.21071400 -0.01249900 0.01000000
v 0.21071400 -0.01249900 0.01000000
v 0.21071400 -0.01249900 0.01000000
v 0.21071400 -0.01249900 0.01000000
v 0.21071400 -0.01249900 0.01000000
v 0.21071400 -0.01249900 0.01000000
v 0.21033200 -0.01249900 0.01007700
v 0.21033200 -0.01249900 0.01007700
v 0.21033200 -0.01249900 0.01007700
v 0.21033200 -0.01249900 0.01007700
v 0.21033200 -0.01249900 0.01007700
v 0.21033200 -0.01160700 0.00991700
v 0.21033200 -0.01160700 0.00991700
v 0.21033200 -0.01160700 0.00991700
v 0.21033200 -0.01160700 0.00991700
v 0.21033200 -0.01160700 0.00991700
v 0.21000700 -0.01249900 0.01029300
v 0.21000700 -0.01249900 0.01029300
v 0.21000700 -0.01249900 0.01029300
v 0.21000700 -0.01249900 0.01029300
v 0.21000700 -0.01249900 0.01029300
v 0.21000700 -0.01249900 0.01029300
v 0.21000700 -0.01153200 0.01012100
v 0.21000700 -0.01153200 0.01012100
v 0.21000700 -0.01153200 0.01012100
v 0.21000700 -0.01153200 0.01012100
v 0.21000700 -0.01153200 0.01012100
v 0.21000700 -0.01153200 0.01012100
v 0.21000700 -0.01153200 0.01012100
v 0.21000700 -0.01052400 0.00947500
v 0.21000700 -0.01052400 0.00947500
v 0.21000700 -0.01052400 0.00947500
v 0.21000700 -0.01052400 0.00947500
v 0.21000700 -0.01052400 0.00947500
v 0.21000700 -0.01052400 0.00947500
v 0.21000700 -0.01052400 0.00947500
v 0.21033200 -0.01067800 0.00932200
v 0.21033200 -0.01067800 0.00932200
v 0.21033200 -0.01067800 0.00932200
v 0.21033200 -0.01067800 0.00932200
v 0.21033200 -0.01067800 0.00932200
v 0.21033200 -0.01067800 0.00932200
v 0.21000700 -0.00987900 0.00846700
v 0.21000700 -0.00987900 0.00846700
v 0.21000700 -0.00987900 0.00846700
v 0.21000700 -0.00987900 0.00846700
v 0.21000700 -0.00987900 0.00846700
v 0.21000700 -0.00987900 0.00846700
v 0.21000700 -0.00987900 0.00846700
v 0.21033200 -0.01008200 0.00839200
v 0.21033200 -0.01008200 0.00839200
v 0.21033200 -0.01008200 0.00839200
v 0.21033200 -0.01008200 0.00839200
v 0.21071400 -0.01163400 0.00984600
v 0.21071400 -0.01163400 0.00984600
v 0.21071400 -0.01163400 0.00984600
v 0.21071400 -0.01163400 0.00984600
v 0.21071400 -0.01163400 0.00984600
v 0.21071400 -0.01163400 0.00984600
v 0.21071400 -0.01163400 0.00984600
v 0.21071400 -0.01073100 0.00926800
v 0.21071400 -0.01073100 0.00926800
v 0.21071400 -0.01073100 0.00926800
v 0.21071400 -0.01073100 0.00926800
v 0.21071400 -0.01073100 0.00926800
v 0.21071400 -0.01073100 0.00926800
v 0.21071400 -0.01015400 0.00836600
v 0.21071400 -0.01015400 0.00836600
v 0.21071400 -0.01015400 0.00836600
v 0.21071400 -0.01015400 0.00836600
v 0.21071400 -0.01015400 0.00836600
v 0.21775100 -0.01249900 0.01000000
v 0.21775100 -0.01249900 0.01000000
v 0.21774600 -0.01225500 0.00998800
v 0.21774600 -0.01225500 0.00998800
v 0.21774600 -0.01225500 0.00998800
v 0.21768200 -0.01152500 0.00980300
v 0.21768200 -0.01152500 0.00980300
v 0.21754200 -0.01085400 0.00938300
v 0.21754200 -0.01085400 0.00938300
v 0.21754200 -0.01085400 0.00938300
v 0.21750500 -0.01073100 0.00926800
v 0.21750500 -0.01073100 0.00926800
v 0.21736800 -0.01038300 0.00883200
v 0.21736800 -0.01038300 0.00883200
v 0.21736800 -0.01038300 0.00883200
v 0.21716500 -0.01008100 0.00813600
v 0.21716500 -0.01008100 0.00813600
v 0.21716500 -0.01008100 0.00813600
v 0.21699500 -0.00999900 0.00750000
v 0.21699500 -0.00999900 0.00750000
v 0.21775100 -0.02049900 0.01000000
v 0.21699500 -0.00999900 -0.00750000
v 0.21699500 -0.00999900 -0.00750000
v 0.21705800 -0.01001100 -0.00774300
v 0.21705800 -0.01001100 -0.00774300
v 0.21705800 -0.01001100 -0.00774300
v 0.21725300 -0.01018500 -0.00844500
v 0.21725300 -0.01018500 -0.00844500
v 0.21744300 -0.01055800 -0.00907500
v 0.21744300 -0.01055800 -0.00907500
v 0.21744300 -0.01055800 -0.00907500
v 0.21750400 -0.01073100 -0.00926700
v 0.21750400 -0.01073100 -0.00926700
v 0.21760700 -0.01111000 -0.00957800
v 0.21760700 -0.01111000 -0.00957800
v 0.21760700 -0.01111000 -0.00957800
v 0.21771200 -0.01176300 -0.00988900
v 0.21771200 -0.01176300 -0.00988900
v 0.21771200 -0.01176300 -0.00988900
v 0.21775100 -0.01249900 -0.01000000
v 0.21775100 -0.01249900 -0.01000000
v 0.21656800 -0.00999900 0.00557400
v 0.21656800 -0.00999900 -0.00557300
v 0.21605000 -0.00999900 0.00000000
v 0.26075600 -0.03129900 -0.01398100
v 0.24545100 -0.03099900 -0.00677700
v 0.24584100 -0.03099900 -0.00651700
v 0.23978200 -0.03099900 -0.00045800
v 0.23769900 -0.03099900 0.01444500
v 0.23739300 -0.03099900 0.01450600
v 0.23795900 -0.03099900 -0.01427000
v 0.23179500 -0.03099900 -0.00890600
v 0.23795900 -0.03099900 0.01427100
v 0.23202900 -0.03099900 0.00834200
v 0.23952200 -0.03099900 0.00085000
v 0.23978200 -0.03099900 0.00046000
v 0.23987300 -0.03099900 0.00000100
v 0.24630000 -0.03099900 -0.00642600
v 0.24675900 -0.03099900 -0.00651700
v 0.26057100 -0.03099900 -0.00833900
v 0.24714800 -0.03099900 -0.00677700
v 0.23259500 -0.03099900 0.01450600
v 0.23219500 -0.03099900 0.01439800
v 0.23190200 -0.03099900 0.01410600
v 0.23202900 -0.03099900 -0.00834000
v 0.23952200 -0.03099900 -0.00084800
v 0.25464100 -0.03099900 -0.01427000
v 0.25490100 -0.03099900 -0.01444400
v 0.25520700 -0.03099900 -0.01450500
v 0.23179500 -0.03099900 0.01370600
v 0.23179500 -0.03099900 0.00890700
v 0.23185600 -0.03099900 0.00860100
v 0.23190200 -0.03099900 -0.01410500
v 0.23219500 -0.03099900 -0.01439700
v 0.23179500 -0.03099900 -0.01370500
v 0.23259500 -0.03099900 -0.01450500
v 0.23739300 -0.03099900 -0.01450500
v 0.26040600 -0.03099900 -0.01439700
v 0.26069800 -0.03099900 -0.01410500
v 0.26069800 -0.03099900 -0.01410500
v 0.26000600 -0.03099900 -0.01450500
v 0.26080600 -0.03099900 -0.01370500
v 0.26080600 -0.03099900 -0.01370500
v 0.26080600 -0.03099900 -0.00890500
v 0.25397300 -0.03099900 0.00202600
v 0.26001600 -0.03099900 0.00806900
v 0.25312400 -0.03099900 0.00202600
v 0.25339300 -0.03099900 0.00187100
v 0.25354800 -0.03099900 0.00185000
v 0.25370400 -0.03099900 0.00187100
v 0.24832500 -0.03099900 0.00682400
v 0.24832500 -0.03099900 0.00767300
v 0.24819500 -0.03099900 0.00747800
v 0.24814900 -0.03099900 0.00724800
v 0.24819500 -0.03099900 0.00701900
v 0.25436800 -0.03099900 0.01371600
v 0.25456300 -0.03099900 0.01384600
v 0.25479200 -0.03099900 0.01389100
v 0.26001600 -0.03099900 0.00891700
v 0.25521700 -0.03099900 0.01371600
v 0.26014600 -0.03099900 0.00826300
v 0.26019100 -0.03099900 0.00849300
v 0.26014600 -0.03099900 0.00872300
v 0.25502200 -0.03099900 0.01384600
v 0.20857200 -0.00834300 0.00827700
v 0.20857200 -0.00834300 0.00827700
v 0.20857200 -0.00834300 0.00827700
v 0.20857200 -0.00834300 0.00827700
v 0.20855500 -0.00829800 0.00810400
v 0.20855500 -0.00829800 0.00810400
v 0.20855500 -0.00829800 0.00810400
v 0.20855500 -0.00829800 0.00810400
v 0.20855500 -0.00829800 0.00810400
v 0.20854500 -0.00826500 0.00792900
v 0.20854500 -0.00826500 0.00792900
v 0.20854500 -0.00826500 0.00792900
v 0.20854500 -0.00826500 0.00792900
v 0.20854500 -0.00826500 0.00792900
v 0.20853700 -0.00823600 0.00750000
v 0.20853700 -0.00823600 0.00750000
v 0.20853700 -0.00823600 0.00750000
v 0.20853700 -0.00823600 0.00750000
v 0.20853700 -0.00823600 0.00750000
v 0.20855500 -0.00829800 -0.00810400
v 0.20855500 -0.00829800 -0.00810400
v 0.20855500 -0.00829800 -0.00810400
v 0.20855500 -0.00829800 -0.00810400
v 0.20854500 -0.00826500 -0.00792800
v 0.20854500 -0.00826500 -0.00792800
v 0.20854500 -0.00826500 -0.00792800
v 0.20854500 -0.00826500 -0.00792800
v 0.20853700 -0.00823600 -0.00750000
v 0.20853700 -0.00823600 -0.00750000
v 0.20853700 -0.00823600 -0.00750000
v 0.20853700 -0.00823600 -0.00750000
v 0.20853700 -0.00823600 -0.00750000
v 0.20853700 -0.00823600 -0.00750000
v 0.20857200 -0.00834300 -0.00827600
v 0.20857200 -0.00834300 -0.00827600
v 0.20857200 -0.00834300 -0.00827600
v 0.20857200 -0.00834300 -0.00827600
v 0.20857200 -0.00834300 -0.00827600
v 0.20858700 -0.00839400 -0.00844800
v 0.20858700 -0.00839400 -0.00844800
v 0.20858700 -0.00839400 -0.00844800
v 0.20858700 -0.00839400 -0.00844800
v 0.20858700 -0.00839400 -0.00844800
v 0.20853700 -0.00823600 -0.00450000
v 0.20853700 -0.00823600 -0.00450000
v 0.20853700 -0.00823600 -0.00450000
v 0.20853700 -0.00823600 0.00450000
v 0.20853700 -0.00823600 0.00450000
v 0.20853700 -0.00823600 0.00450000
v 0.20853700 -0.00823600 0.00450000
v 0.20830000 -0.00778900 -0.00396500
v 0.20830000 -0.00778900 -0.00396500
v 0.20830000 -0.00778900 -0.00396500
v 0.20830000 -0.00778900 -0.00396500
v 0.20830000 -0.00785900 -0.00450000
v 0.20830000 -0.00785900 -0.00450000
v 0.20830000 -0.00785900 -0.00450000
v 0.20837200 -0.00801800 -0.00450000
v 0.20837200 -0.00801800 -0.00450000
v 0.20837200 -0.00801800 -0.00450000
v 0.20837200 -0.00801800 -0.00450000
v 0.20837200 -0.00801800 -0.00450000
v 0.20837200 -0.00801800 -0.00450000
v 0.20837200 -0.00801800 -0.00450000
v 0.20829900 -0.00775800 0.00386000
v 0.20829900 -0.00775800 0.00386000
v 0.20829900 -0.00775800 0.00386000
v 0.20830000 -0.00785900 0.00450000
v 0.20830000 -0.00785900 0.00450000
v 0.20830000 -0.00785900 0.00450000
v 0.20830000 -0.00785900 0.00450000
v 0.20830000 -0.00785900 0.00450000
v 0.20837200 -0.00801800 0.00450000
v 0.20837200 -0.00801800 0.00450000
v 0.20837200 -0.00801800 0.00450000
v 0.20837200 -0.00801800 0.00450000
v 0.20837200 -0.00801800 0.00450000
v 0.20830000 -0.00785900 0.00750000
v 0.20830000 -0.00785900 0.00750000
v 0.20830000 -0.00785900 0.00750000
v 0.20830000 -0.00785900 0.00750000
v 0.20830000 -0.00785900 0.00750000
v 0.20837500 -0.00804200 0.00796300
v 0.20837500 -0.00804200 0.00796300
v 0.20837500 -0.00804200 0.00796300
v 0.20837500 -0.00804200 0.00796300
v 0.20837500 -0.00804200 0.00796300
v 0.20837500 -0.00804200 0.00796300
v 0.20837500 -0.00804200 0.00796300
v 0.20830000 -0.00786100 0.00774400
v 0.20830000 -0.00786100 0.00774400
v 0.20830000 -0.00786900 0.00798800
v 0.20830000 -0.00786900 0.00798800
v 0.20830000 -0.00786900 0.00798800
v 0.20830000 -0.00786900 0.00798800
v 0.20830000 -0.00787000 0.00807500
v 0.20830000 -0.00787000 0.00807500
v 0.20830000 -0.00787000 0.00807500
v 0.20830000 -0.00787000 0.00807500
v 0.20830000 -0.00787000 0.00807500
v 0.20837500 -0.00804200 -0.00796200
v 0.20837500 -0.00804200 -0.00796200
v 0.20837500 -0.00804200 -0.00796200
v 0.20837500 -0.00804200 -0.00796200
v 0.20837500 -0.00804200 -0.00796200
v 0.20837500 -0.00804200 -0.00796200
v 0.20837500 -0.00804200 -0.00796200
v 0.20837500 -0.00804200 -0.00796200
v 0.20837500 -0.00804200 -0.00796200
v 0.20830000 -0.00786900 -0.00798700
v 0.20830000 -0.00786900 -0.00798700
v 0.20830000 -0.00786900 -0.00798700
v 0.20830000 -0.00786100 -0.00774400
v 0.20830000 -0.00786100 -0.00774400
v 0.20830000 -0.00786100 -0.00774400
v 0.20830000 -0.00785900 -0.00750000
v 0.20830000 -0.00785900 -0.00750000
v 0.20830000 -0.00785900 -0.00750000
v 0.20830000 -0.00785900 -0.00750000
v 0.20830000 -0.00785900 -0.00750000
v 0.20830000 0.01129800 -0.02286100
v 0.20830000 0.01129800 -0.02286100
v 0.20830000 0.01129800 -0.02286100
v 0.20830000 0.01129800 -0.02286100
v 0.20830000 0.01129800 -0.02286100
v 0.20830000 0.02433800 0.00761500
v 0.20830000 0.02433800 0.00761500
v 0.20830000 0.02433800 0.00761500
v 0.20830000 0.02433800 0.00761500
v 0.20830000 0.02433800 0.00761500
v 0.20830000 0.02433800 0.00761500
v 0.20830000 0.02433800 0.00761500
v 0.20830000 0.02433800 0.00761500
v 0.20830000 0.01565800 -0.02012700
v 0.20830000 0.01565800 -0.02012700
v 0.20830000 0.01565800 -0.02012700
v 0.20830000 0.01565800 -0.02012700
v 0.20830000 0.01565800 -0.02012700
v 0.20830000 0.01938000 -0.01657400
v 0.20830000 0.01938000 -0.01657400
v 0.20830000 0.01938000 -0.01657400
v 0.20830000 0.01938000 -0.01657400
v 0.20830000 0.01938000 -0.01657400
v 0.20830000 0.02231300 -0.01234500
v 0.20830000 0.02231300 -0.01234500
v 0.20830000 0.02231300 -0.01234500
v 0.20830000 0.02231300 -0.01234500
v 0.20830000 0.02231300 -0.01234500
v 0.20830000 0.02433800 -0.00761400
v 0.20830000 0.02433800 -0.00761400
v 0.20830000 0.02433800 -0.00761400
v 0.20830000 0.02433800 -0.00761400
v 0.20830000 0.02433800 -0.00761400
v 0.20830000 0.02537100 0.00257300
v 0.20830000 0.02537100 0.00257300
v 0.20830000 0.02537100 0.00257300
v 0.20830000 0.02537100 0.00257300
v 0.20830000 0.00647800 0.02466400
v 0.20830000 0.00647800 0.02466400
v 0.20830000 0.00647800 0.02466400
v 0.20830000 0.00647800 0.02466400
v 0.20830000 0.00647800 0.02466400
v 0.20830000 0.01129800 0.02286100
v 0.20830000 0.01129800 0.02286100
v 0.20830000 0.01129800 0.02286100
v 0.20830000 0.01129800 0.02286100
v 0.20830000 0.01129800 0.02286100
v 0.20830000 -0.02083100 -0.01470600
v 0.20830000 -0.02083100 -0.01470600
v 0.20830000 -0.02083100 -0.01470600
v 0.20830000 -0.02083100 -0.01470600
v 0.20830000 -0.02083100 -0.01470600
v 0.20830000 -0.02083100 -0.01470600
v 0.20830000 0.01565800 0.02012800
v 0.20830000 0.01565800 0.02012800
v 0.20830000 0.01565800 0.02012800
v 0.20830000 0.01565800 0.02012800
v 0.20830000 0.01565800 0.02012800
v 0.20830000 0.01938000 0.01657400
v 0.20830000 0.01938000 0.01657400
v 0.20830000 0.01938000 0.01657400
v 0.20830000 0.01938000 0.01657400
v 0.20830000 0.01938000 0.01657400
v 0.20830000 0.02231300 0.01234600
v 0.20830000 0.02231300 0.01234600
v 0.20830000 0.02231300 0.01234600
v 0.20830000 0.02231300 0.01234600
v 0.20830000 0.02231300 0.01234600
v 0.20830000 -0.02083100 0.01470600
v 0.20830000 -0.02083100 0.01470600
v 0.20830000 -0.02083100 0.01470600
v 0.20830000 -0.02083100 0.01470600
v 0.20830000 -0.02083100 0.01470600
v 0.20830000 -0.01745400 -0.01858900
v 0.20830000 -0.01745400 -0.01858900
v 0.20830000 -0.01745400 -0.01858900
v 0.20830000 -0.01745400 -0.01858900
v 0.20830000 -0.01745400 -0.01858900
v 0.20830000 0.02550100 0.00000000
v 0.20830000 0.02550100 0.00000000
v 0.20830000 0.02550100 0.00000000
v 0.20830000 0.02537100 -0.00257300
v 0.20830000 0.02537100 -0.00257300
v 0.20830000 0.02537100 -0.00257300
v 0.20830000 0.02537100 -0.00257300
v 0.20830000 -0.01745400 0.01859000
v 0.20830000 -0.01745400 0.01859000
v 0.20830000 -0.01745400 0.01859000
v 0.20830000 -0.01745400 0.01859000
v 0.20830000 -0.01745400 0.01859000
v 0.20830000 -0.01336700 0.02171600
v 0.20830000 -0.01336700 0.02171600
v 0.20830000 -0.01336700 0.02171600
v 0.20830000 -0.01336700 0.02171600
v 0.20830000 -0.01336700 0.02171600
v 0.20830000 -0.00873500 0.02395700
v 0.20830000 -0.00873500 0.02395700
v 0.20830000 -0.00873500 0.02395700
v 0.20830000 -0.00873500 0.02395700
v 0.20830000 -0.00873500 0.02395700
v 0.20830000 -0.00374700 0.02522400
v 0.20830000 -0.00374700 0.02522400
v 0.20830000 -0.00374700 0.02522400
v 0.20830000 -0.00374700 0.02522400
v 0.20830000 -0.00374700 0.02522400
v 0.20830000 0.00000100 0.02550000
v 0.20830000 0.00000100 0.02550000
v 0.20830000 0.00000100 0.02550000
v 0.20830000 0.00000100 0.02550000
v 0.20830000 0.00139400 0.02546200
v 0.20830000 0.00139400 0.02546200
v 0.20830000 0.00139400 0.02546200
v 0.20830000 0.00139400 0.02546200
v 0.20830000 0.00647800 -0.02466300
v 0.20830000 0.00647800 -0.02466300
v 0.20830000 0.00647800 -0.02466300
v 0.20830000 0.00647800 -0.02466300
v 0.20830000 0.00647800 -0.02466300
v 0.20830000 0.00139400 -0.02546200
v 0.20830000 0.00139400 -0.02546200
v 0.20830000 0.00139400 -0.02546200
v 0.20830000 0.00139400 -0.02546200
v 0.20830000 0.00139400 -0.02546200
v 0.20830000 0.00000100 -0.02550000
v 0.20830000 0.00000100 -0.02550000
v 0.20830000 0.00000100 -0.02550000
v 0.20830000 -0.00374700 -0.02522300
v 0.20830000 -0.00374700 -0.02522300
v 0.20830000 -0.00374700 -0.02522300
v 0.20830000 -0.00374700 -0.02522300
v 0.20830000 -0.00374700 -0.02522300
v 0.20830000 -0.00873500 -0.02395700
v 0.20830000 -0.00873500 -0.02395700
v 0.20830000 -0.00873500 -0.02395700
v 0.20830000 -0.00873500 -0.02395700
v 0.20830000 -0.00873500 -0.02395700
v 0.20830000 -0.01336700 -0.02171500
v 0.20830000 -0.01336700 -0.02171500
v 0.20830000 -0.01336700 -0.02171500
v 0.20830000 -0.01336700 -0.02171500
v 0.20830000 -0.01336700 -0.02171500
v 0.20880000 -0.02124000 0.01499500
v 0.20880000 -0.02124000 0.01499500
v 0.20880000 -0.02124000 0.01499500
v 0.20880000 -0.02124000 0.01499500
v 0.20880000 -0.02124000 0.01499500
v 0.20880000 -0.02124000 0.01499500
v 0.20880000 -0.02124000 -0.01499400
v 0.20880000 -0.02124000 -0.01499400
v 0.20880000 -0.02124000 -0.01499400
v 0.20880000 -0.02124000 -0.01499400
v 0.20880000 -0.02034100 0.01619300
v 0.20880000 -0.02034100 0.01619300
v 0.20880000 -0.02034100 0.01619300
v 0.20880000 -0.02034100 0.01619300
v 0.20880000 -0.02034100 0.01619300
v 0.20880000 -0.02034100 0.01619300
v 0.20880000 -0.01779700 0.01895400
v 0.20880000 -0.01779700 0.01895400
v 0.20880000 -0.01779700 0.01895400
v 0.20880000 -0.01779700 0.01895400
v 0.20880000 -0.01779700 0.01895400
v 0.20880000 -0.01670900 0.01991900
v 0.20880000 -0.01670900 0.01991900
v 0.20880000 -0.01670900 0.01991900
v 0.20880000 -0.01670900 0.01991900
v 0.20880000 -0.01670900 0.01991900
v 0.20880000 -0.01670900 0.01991900
v 0.20880000 -0.01670900 0.01991900
v 0.20880000 -0.01670900 0.01991900
v 0.20880000 -0.01362900 0.02214200
v 0.20880000 -0.01362900 0.02214200
v 0.20880000 -0.01362900 0.02214200
v 0.20880000 -0.01362900 0.02214200
v 0.20880000 -0.01362900 0.02214200
v 0.20880000 -0.01362900 0.02214200
v 0.20880000 -0.01362900 0.02214200
v 0.20880000 -0.01362900 0.02214200
v 0.20880000 -0.01240800 0.02284800
v 0.20880000 -0.01240800 0.02284800
v 0.20880000 -0.01240800 0.02284800
v 0.20880000 -0.01240800 0.02284800
v 0.20880000 -0.01240800 0.02284800
v 0.20880000 -0.01240800 0.02284800
v 0.20880000 -0.00890600 0.02442700
v 0.20880000 -0.00890600 0.02442700
v 0.20880000 -0.00890600 0.02442700
v 0.20880000 -0.00890600 0.02442700
v 0.20880000 -0.00890600 0.02442700
v 0.20880000 -0.00890600 0.02442700
v 0.20880000 -0.00890600 0.02442700
v 0.20880000 -0.00890600 0.02442700
v 0.20880000 -0.00890600 0.02442700
v 0.20880000 -0.00890600 0.02442700
v 0.20880000 -0.00761100 0.02486100
v 0.20880000 -0.00761100 0.02486100
v 0.20880000 -0.00761100 0.02486100
v 0.20880000 -0.00761100 0.02486100
v 0.20880000 -0.00761100 0.02486100
v 0.20880000 -0.00382000 0.02571800
v 0.20880000 -0.00382000 0.02571800
v 0.20880000 -0.00382000 0.02571800
v 0.20880000 -0.00382000 0.02571800
v 0.20880000 -0.00382000 0.02571800
v 0.20880000 -0.00382000 0.02571800
v 0.20880000 -0.00382000 0.02571800
v 0.20880000 -0.00250800 0.02587900
v 0.20880000 -0.00250800 0.02587900
v 0.20880000 -0.00250800 0.02587900
v 0.20880000 -0.00250800 0.02587900
v 0.20880000 -0.00250800 0.02587900
v 0.20880000 -0.00250800 0.02587900
v 0.20880000 -0.00250800 0.02587900
v 0.20880000 0.00000100 0.02600000
v 0.20880000 0.00000100 0.02600000
v 0.20880000 0.00000100 0.02600000
v 0.20880000 0.00000100 0.02600000
v 0.20880000 0.00000100 0.02600000
v 0.20880000 0.00000100 0.02600000
v 0.20880000 0.00000100 0.02600000
v 0.20880000 0.00142100 0.02596200
v 0.20880000 0.00142100 0.02596200
v 0.20880000 0.00142100 0.02596200
v 0.20880000 0.00142100 0.02596200
v 0.20880000 0.00142100 0.02596200
v 0.20880000 0.00142100 0.02596200
v 0.20880000 0.00269500 0.02586000
v 0.20880000 0.00269500 0.02586000
v 0.20880000 0.00269500 0.02586000
v 0.20880000 0.00269500 0.02586000
v 0.20880000 0.00269500 0.02586000
v 0.20880000 0.00269500 0.02586000
v 0.20880000 0.00269500 0.02586000
v 0.20880000 0.00269500 0.02586000
v 0.20880000 0.00660500 0.02514800
v 0.20880000 0.00660500 0.02514800
v 0.20880000 0.00660500 0.02514800
v 0.20880000 0.00660500 0.02514800
v 0.20880000 0.00660500 0.02514800
v 0.20880000 0.00660500 0.02514800
v 0.20880000 0.00660500 0.02514800
v 0.20880000 0.00779000 0.02480600
v 0.20880000 0.00779000 0.02480600
v 0.20880000 0.00779000 0.02480600
v 0.20880000 0.00779000 0.02480600
v 0.20880000 0.00779000 0.02480600
v 0.20880000 0.00779000 0.02480600
v 0.20880000 0.00779000 0.02480600
v 0.20880000 0.00779000 0.02480600
v 0.20880000 0.00779000 0.02480600
v 0.20880000 0.00779000 0.02480600
v 0.20880000 0.01151900 0.02331000
v 0.20880000 0.01151900 0.02331000
v 0.20880000 0.01151900 0.02331000
v 0.20880000 0.01151900 0.02331000
v 0.20880000 0.01151900 0.02331000
v 0.20880000 0.01257400 0.02275800
v 0.20880000 0.01257400 0.02275800
v 0.20880000 0.01257400 0.02275800
v 0.20880000 0.01257400 0.02275800
v 0.20880000 0.01257400 0.02275800
v 0.20880000 0.01257400 0.02275800
v 0.20880000 0.01257400 0.02275800
v 0.20880000 0.01257400 0.02275800
v 0.20880000 0.01596500 0.02052200
v 0.20880000 0.01596500 0.02052200
v 0.20880000 0.01596500 0.02052200
v 0.20880000 0.01596500 0.02052200
v 0.20880000 0.01596500 0.02052200
v 0.20880000 0.01685300 0.01979900
v 0.20880000 0.01685300 0.01979900
v 0.20880000 0.01685300 0.01979900
v 0.20880000 0.01685300 0.01979900
v 0.20880000 0.01685300 0.01979900
v 0.20880000 0.01685300 0.01979900
v 0.20880000 0.01685300 0.01979900
v 0.20880000 0.01685300 0.01979900
v 0.20880000 0.01685300 0.01979900
v 0.20880000 0.01976000 0.01689900
v 0.20880000 0.01976000 0.01689900
v 0.20880000 0.01976000 0.01689900
v 0.20880000 0.01976000 0.01689900
v 0.20880000 0.01976000 0.01689900
v 0.20880000 0.02045800 0.01604700
v 0.20880000 0.02045800 0.01604700
v 0.20880000 0.02045800 0.01604700
v 0.20880000 0.02045800 0.01604700
v 0.20880000 0.02045800 0.01604700
v 0.20880000 0.02045800 0.01604700
v 0.20880000 0.02045800 0.01604700
v 0.20880000 0.02045800 0.01604700
v 0.20880000 0.02045800 0.01604700
v 0.20880000 0.02275100 0.01258800
v 0.20880000 0.02275100 0.01258800
v 0.20880000 0.02275100 0.01258800
v 0.20880000 0.02275100 0.01258800
v 0.20880000 0.02324400 0.01165200
v 0.20880000 0.02324400 0.01165200
v 0.20880000 0.02324400 0.01165200
v 0.20880000 0.02324400 0.01165200
v 0.20880000 0.02324400 0.01165200
v 0.20880000 0.02481500 0.00776400
v 0.20880000 0.02481500 0.00776400
v 0.20880000 0.02481500 0.00776400
v 0.20880000 0.02481500 0.00776400
v 0.20880000 0.02481500 0.00776400
v 0.20880000 0.02509800 0.00679100
v 0.20880000 0.02509800 0.00679100
v 0.20880000 0.02509800 0.00679100
v 0.20880000 0.02509800 0.00679100
v 0.20880000 0.02509800 0.00679100
v 0.20880000 0.02509800 0.00679100
v 0.20880000 0.02509800 0.00679100
v 0.20880000 0.02586800 0.00262400
v 0.20880000 0.02586800 0.00262400
v 0.20880000 0.02586800 0.00262400
v 0.20880000 0.02586800 0.00262400
v 0.20880000 0.02586800 0.00262400
v 0.20880000 0.02586800 0.00262400
v 0.20880000 0.02586800 0.00262400
v 0.20880000 0.02600100 0.00000000
v 0.20880000 0.02600100 0.00000000
v 0.20880000 0.02600100 0.00000000
v 0.20880000 0.02600100 0.00000000
v 0.20880000 0.02600100 0.00000000
v 0.20880000 0.02600100 0.00000000
v 0.20880000 0.02600100 0.00000000
v 0.20880000 0.02586800 -0.00262300
v 0.20880000 0.02586800 -0.00262300
v 0.20880000 0.02586800 -0.00262300
v 0.20880000 0.02586800 -0.00262300
v 0.20880000 0.02586800 -0.00262300
v 0.20880000 0.02586800 -0.00262300
v 0.20880000 0.02586800 -0.00262300
v 0.20880000 0.02509800 -0.00679000
v 0.20880000 0.02509800 -0.00679000
v 0.20880000 0.02509800 -0.00679000
v 0.20880000 0.02509800 -0.00679000
v 0.20880000 0.02509800 -0.00679000
v 0.20880000 0.02509800 -0.00679000
v 0.20880000 0.02481500 -0.00776300
v 0.20880000 0.02481500 -0.00776300
v 0.20880000 0.02481500 -0.00776300
v 0.20880000 0.02481500 -0.00776300
v 0.20880000 0.02481500 -0.00776300
v 0.20880000 0.02481500 -0.00776300
v 0.20880000 0.02324400 -0.01165200
v 0.20880000 0.02324400 -0.01165200
v 0.20880000 0.02324400 -0.01165200
v 0.20880000 0.02324400 -0.01165200
v 0.20880000 0.02324400 -0.01165200
v 0.20880000 0.02324400 -0.01165200
v 0.20880000 0.02275100 -0.01258700
v 0.20880000 0.02275100 -0.01258700
v 0.20880000 0.02275100 -0.01258700
v 0.20880000 0.02275100 -0.01258700
v 0.20880000 0.02275100 -0.01258700
v 0.20880000 0.02275100 -0.01258700
v 0.20880000 0.02045800 -0.01604600
v 0.20880000 0.02045800 -0.01604600
v 0.20880000 0.02045800 -0.01604600
v 0.20880000 0.02045800 -0.01604600
v 0.20880000 0.02045800 -0.01604600
v 0.20880000 0.02045800 -0.01604600
v 0.20880000 0.01976000 -0.01689900
v 0.20880000 0.01976000 -0.01689900
v 0.20880000 0.01976000 -0.01689900
v 0.20880000 0.01976000 -0.01689900
v 0.20880000 0.01976000 -0.01689900
v 0.20880000 0.01976000 -0.01689900
v 0.20880000 0.01685300 -0.01979800
v 0.20880000 0.01685300 -0.01979800
v 0.20880000 0.01685300 -0.01979800
v 0.20880000 0.01685300 -0.01979800
v 0.20880000 0.01685300 -0.01979800
v 0.20880000 0.01685300 -0.01979800
v 0.20880000 0.01685300 -0.01979800
v 0.20880000 0.01685300 -0.01979800
v 0.20880000 0.01596500 -0.02052200
v 0.20880000 0.01596500 -0.02052200
v 0.20880000 0.01596500 -0.02052200
v 0.20880000 0.01596500 -0.02052200
v 0.20880000 0.01596500 -0.02052200
v 0.20880000 0.01596500 -0.02052200
v 0.20880000 0.01257400 -0.02275800
v 0.20880000 0.01257400 -0.02275800
v 0.20880000 0.01257400 -0.02275800
v 0.20880000 0.01257400 -0.02275800
v 0.20880000 0.01257400 -0.02275800
v 0.20880000 0.01257400 -0.02275800
v 0.20880000 0.01151900 -0.02330900
v 0.20880000 0.01151900 -0.02330900
v 0.20880000 0.01151900 -0.02330900
v 0.20880000 0.01151900 -0.02330900
v 0.20880000 0.01151900 -0.02330900
v 0.20880000 0.01151900 -0.02330900
v 0.20880000 0.00779000 -0.02480500
v 0.20880000 0.00779000 -0.02480500
v 0.20880000 0.00779000 -0.02480500
v 0.20880000 0.00779000 -0.02480500
v 0.20880000 0.00779000 -0.02480500
v 0.20880000 0.00779000 -0.02480500
v 0.20880000 0.00779000 -0.02480500
v 0.20880000 0.00779000 -0.02480500
v 0.20880000 0.00660500 -0.02514700
v 0.20880000 0.00660500 -0.02514700
v 0.20880000 0.00660500 -0.02514700
v 0.20880000 0.00660500 -0.02514700
v 0.20880000 0.00660500 -0.02514700
v 0.20880000 0.00660500 -0.02514700
v 0.20880000 0.00660500 -0.02514700
v 0.20880000 0.00269500 -0.02586000
v 0.20880000 0.00269500 -0.02586000
v 0.20880000 0.00269500 -0.02586000
v 0.20880000 0.00269500 -0.02586000
v 0.20880000 0.00269500 -0.02586000
v 0.20880000 0.00269500 -0.02586000
v 0.20880000 0.00269500 -0.02586000
v 0.20880000 0.00142100 -0.02596100
v 0.20880000 0.00142100 -0.02596100
v 0.20880000 0.00142100 -0.02596100
v 0.20880000 0.00142100 -0.02596100
v 0.20880000 0.00142100 -0.02596100
v 0.20880000 0.00000100 -0.02600000
v 0.20880000 0.00000100 -0.02600000
v 0.20880000 0.00000100 -0.02600000
v 0.20880000 0.00000100 -0.02600000
v 0.20880000 0.00000100 -0.02600000
v 0.20880000 0.00000100 -0.02600000
v 0.20880000 0.00000100 -0.02600000
v 0.20880000 -0.00250800 -0.02587800
v 0.20880000 -0.00250800 -0.02587800
v 0.20880000 -0.00250800 -0.02587800
v 0.20880000 -0.00250800 -0.02587800
v 0.20880000 -0.00250800 -0.02587800
v 0.20880000 -0.00382000 -0.02571700
v 0.20880000 -0.00382000 -0.02571700
v 0.20880000 -0.00382000 -0.02571700
v 0.20880000 -0.00382000 -0.02571700
v 0.20880000 -0.00382000 -0.02571700
v 0.20880000 -0.00382000 -0.02571700
v 0.20880000 -0.00382000 -0.02571700
v 0.20880000 -0.00382000 -0.02571700
v 0.20880000 -0.00382000 -0.02571700
v 0.20880000 -0.00761100 -0.02486100
v 0.20880000 -0.00761100 -0.02486100
v 0.20880000 -0.00761100 -0.02486100
v 0.20880000 -0.00761100 -0.02486100
v 0.20880000 -0.00761100 -0.02486100
v 0.20880000 -0.00890600 -0.02442600
v 0.20880000 -0.00890600 -0.02442600
v 0.20880000 -0.00890600 -0.02442600
v 0.20880000 -0.00890600 -0.02442600
v 0.20880000 -0.00890600 -0.02442600
v 0.20880000 -0.00890600 -0.02442600
v 0.20880000 -0.00890600 -0.02442600
v 0.20880000 -0.00890600 -0.02442600
v 0.20880000 -0.01240800 -0.02284700
v 0.20880000 -0.01240800 -0.02284700
v 0.20880000 -0.01240800 -0.02284700
v 0.20880000 -0.01240800 -0.02284700
v 0.20880000 -0.01240800 -0.02284700
v 0.20880000 -0.01240800 -0.02284700
v 0.20880000 -0.01362900 -0.02214100
v 0.20880000 -0.01362900 -0.02214100
v 0.20880000 -0.01362900 -0.02214100
v 0.20880000 -0.01362900 -0.02214100
v 0.20880000 -0.01362900 -0.02214100
v 0.20880000 -0.01362900 -0.02214100
v 0.20880000 -0.01362900 -0.02214100
v 0.20880000 -0.01670900 -0.01991900
v 0.20880000 -0.01670900 -0.01991900
v 0.20880000 -0.01670900 -0.01991900
v 0.20880000 -0.01670900 -0.01991900
v 0.20880000 -0.01670900 -0.01991900
v 0.20880000 -0.01670900 -0.01991900
v 0.20880000 -0.01670900 -0.01991900
v 0.20880000 -0.01779700 -0.01895300
v 0.20880000 -0.01779700 -0.01895300
v 0.20880000 -0.01779700 -0.01895300
v 0.20880000 -0.01779700 -0.01895300
v 0.20880000 -0.01779700 -0.01895300
v 0.20880000 -0.01779700 -0.01895300
v 0.20880000 -0.02034100 -0.01619300
v 0.20880000 -0.02034100 -0.01619300
v 0.20880000 -0.02034100 -0.01619300
v 0.20880000 -0.02034100 -0.01619300
v 0.20880000 -0.02034100 -0.01619300
vn 0.00080000 0.99640000 -0.08460000
vn -0.01150000 0.99940000 -0.03280000
vn -0.00000000 1.00000000 0.00940000
vn -0.00010000 0.99870000 -0.05050000
vn -0.01150000 0.99940000 -0.03280000
vn 0.00050000 0.99640000 0.08470000
vn -0.00390000 0.99910000 0.04150000
vn -0.00760000 0.99870000 0.05050000
vn 0.00050000 0.99640000 0.08470000
vn -0.00040000 0.99300000 0.11780000
vn -0.00040000 0.99300000 0.11780000
vn -0.01020000 0.98520000 0.17130000
vn 0.00020000 0.97180000 0.23600000
vn -0.01020000 0.98520000 0.17130000
vn -0.01680000 0.98320000 0.18160000
vn -0.00390000 0.99910000 0.04150000
vn -0.00000000 1.00000000 0.00940000
vn -0.00200000 0.98340000 -0.18160000
vn 0.00080000 0.99640000 -0.08460000
vn -0.02340000 0.98680000 -0.16030000
vn -0.02340000 0.98680000 -0.16030000
vn 0.00010000 0.97180000 -0.23570000
vn -0.00740000 0.83350000 0.55240000
vn 0.00260000 0.87780000 0.47900000
vn -0.02400000 0.85290000 0.52150000
vn -0.01780000 0.84560000 0.53350000
vn -0.02400000 0.85290000 0.52150000
vn 0.00260000 0.87780000 0.47900000
vn 0.00020000 0.88470000 0.46620000
vn -0.00080000 0.91390000 0.40600000
vn 0.00190000 0.94400000 0.32990000
vn -0.01450000 0.92710000 0.37460000
vn -0.00080000 0.91390000 0.40600000
vn 0.00010000 0.96090000 0.27680000
vn -0.00040000 0.96000000 0.27990000
vn 0.00190000 0.94400000 0.32990000
vn 0.00020000 0.97180000 0.23600000
vn 0.00010000 0.96090000 0.27680000
vn -0.01780000 0.84560000 0.53350000
vn -0.00090000 0.81670000 0.57700000
vn -0.00090000 0.81670000 0.57700000
vn -0.00000000 0.78880000 0.61470000
vn 0.00240000 0.76130000 0.64840000
vn -0.00320000 0.69920000 0.71500000
vn -0.00630000 0.70630000 0.70790000
vn -0.00320000 0.69920000 0.71500000
vn -0.00050000 0.66360000 0.74810000
vn -0.00050000 0.66360000 0.74810000
vn -0.00000000 0.65560000 0.75510000
vn -0.00000000 0.78880000 0.61470000
vn -0.00000000 0.77360000 0.63370000
vn 0.00240000 0.76130000 0.64840000
vn -0.00650000 0.38640000 0.92230000
vn -0.01080000 0.40690000 0.91340000
vn -0.01080000 0.40690000 0.91340000
vn -0.00320000 0.37240000 0.92810000
vn -0.00070000 0.41610000 0.90930000
vn -0.00070000 0.41610000 0.90930000
vn 0.00160000 0.46340000 0.88610000
vn -0.00000000 0.45130000 0.89240000
vn -0.00000000 0.48970000 0.87190000
vn -0.00000000 0.45130000 0.89240000
vn -0.00120000 0.53080000 0.84750000
vn -0.00000000 0.48970000 0.87190000
vn -0.00000000 0.64560000 0.76370000
vn -0.00000000 0.65560000 0.75510000
vn -0.00120000 0.53080000 0.84750000
vn 0.00230000 0.60640000 0.79520000
vn -0.00570000 0.55050000 0.83480000
vn 0.00230000 0.60640000 0.79520000
vn -0.00030000 0.63120000 0.77560000
vn -0.00000000 0.64560000 0.76370000
vn -0.00010000 0.26430000 0.96440000
vn -0.00020000 0.26960000 0.96300000
vn -0.00010000 0.26430000 0.96440000
vn 0.00040000 0.22280000 0.97490000
vn -0.00310000 0.35920000 0.93330000
vn -0.00000000 0.32630000 0.94530000
vn -0.00000000 0.28610000 0.95820000
vn -0.00000000 0.32630000 0.94530000
vn -0.00020000 0.26960000 0.96300000
vn -0.00040000 0.27690000 0.96090000
vn -0.00000000 0.28610000 0.95820000
vn -0.00650000 0.38640000 0.92230000
vn -0.00310000 0.35920000 0.93330000
vn -0.00410000 0.17930000 0.98380000
vn 0.00040000 0.22280000 0.97490000
vn -0.00040000 0.14710000 0.98910000
vn -0.00000000 0.10720000 0.99420000
vn -0.00040000 0.14710000 0.98910000
vn -0.00000000 0.10110000 0.99490000
vn -0.00000000 0.10720000 0.99420000
vn -0.00080000 0.08980000 0.99600000
vn -0.00000000 0.10110000 0.99490000
vn -0.00020000 0.07920000 0.99690000
vn -0.00080000 0.08980000 0.99600000
vn 0.00080000 0.04660000 0.99890000
vn 0.00050000 -0.02420000 0.99970000
vn -0.00030000 0.02730000 0.99960000
vn 0.00080000 0.04660000 0.99890000
vn -0.00290000 -0.06560000 0.99780000
vn 0.00050000 -0.02420000 0.99970000
vn -0.00290000 -0.06560000 0.99780000
vn -0.00410000 -0.07760000 0.99700000
vn -0.00000000 -0.09050000 0.99590000
vn -0.00410000 -0.07760000 0.99700000
vn -0.00070000 -0.04830000 0.99880000
vn -0.00000000 -0.09050000 0.99590000
vn -0.00000000 -0.12490000 0.99220000
vn 0.00020000 -0.12180000 0.99260000
vn -0.00000000 -0.12490000 0.99220000
vn -0.00030000 -0.18940000 0.98190000
vn -0.00030000 -0.18940000 0.98190000
vn -0.00510000 -0.22960000 0.97330000
vn -0.00950000 -0.26150000 0.96520000
vn -0.00510000 -0.22960000 0.97330000
vn -0.00950000 -0.26150000 0.96520000
vn -0.00000000 -0.22050000 0.97540000
vn -0.00010000 -0.31780000 0.94820000
vn 0.00140000 -0.33710000 0.94150000
vn 0.00140000 -0.33710000 0.94150000
vn -0.00120000 -0.37840000 0.92560000
vn -0.00120000 -0.37840000 0.92560000
vn -0.00160000 -0.38420000 0.92320000
vn -0.00160000 -0.38420000 0.92320000
vn -0.00200000 -0.38920000 0.92120000
vn -0.00580000 -0.42960000 0.90300000
vn -0.00200000 -0.38920000 0.92120000
vn -0.00580000 -0.42960000 0.90300000
vn -0.01580000 -0.46560000 0.88480000
vn -0.00000000 -0.49460000 0.86910000
vn -0.00000000 -0.41100000 0.91160000
vn -0.01580000 -0.46560000 0.88480000
vn -0.00050000 -0.50090000 0.86550000
vn -0.00000000 -0.51740000 0.85570000
vn -0.00000000 -0.49460000 0.86910000
vn -0.00000000 -0.53950000 0.84200000
vn -0.00000000 -0.51740000 0.85570000
vn -0.00000000 -0.53950000 0.84200000
vn -0.00460000 -0.59280000 0.80540000
vn -0.00460000 -0.59280000 0.80540000
vn -0.01820000 -0.62960000 0.77670000
vn -0.01820000 -0.62960000 0.77670000
vn -0.00000000 -0.66090000 0.75050000
vn -0.00000000 -0.58500000 0.81100000
vn -0.00720000 -0.70770000 0.70650000
vn -0.00000000 -0.66090000 0.75050000
vn -0.00720000 -0.70770000 0.70650000
vn -0.02350000 -0.73840000 0.67390000
vn -0.02350000 -0.73840000 0.67390000
vn 0.02090000 -0.66370000 0.74770000
vn -0.01450000 -0.75590000 0.65450000
vn -0.00000000 -0.89210000 0.45180000
vn 0.00760000 -0.89920000 0.43750000
vn 0.01130000 -0.90320000 0.42900000
vn 0.00660000 -0.89850000 0.43890000
vn 0.00190000 -0.88750000 0.46070000
vn -0.00090000 -0.84640000 0.53250000
vn -0.00120000 -0.84690000 0.53170000
vn 0.00020000 -0.87730000 0.48000000
vn -0.00000000 -0.84020000 -0.54230000
vn -0.00000000 -0.89210000 0.45180000
vn 0.00210000 -0.79640000 0.60480000
vn -0.00120000 -0.84690000 0.53170000
vn 0.00080000 -0.80000000 0.60000000
vn -0.00380000 -0.73540000 0.67770000
vn -0.01450000 -0.75590000 0.65450000
vn 0.00210000 -0.79640000 0.60480000
vn -0.00000000 -0.84020000 0.54230000
vn -0.00000000 -0.90260000 -0.43040000
vn 0.00270000 -0.90750000 -0.42000000
vn 0.00030000 -0.90200000 -0.43180000
vn -0.00000000 -0.90260000 -0.43040000
vn -0.00020000 -0.88840000 -0.45910000
vn 0.00340000 -0.87300000 -0.48780000
vn 0.00010000 -0.56380000 -0.82590000
vn -0.00000000 -0.51720000 -0.85590000
vn -0.00500000 -0.58500000 -0.81100000
vn -0.00000000 -0.62300000 -0.78220000
vn 0.00010000 -0.56380000 -0.82590000
vn -0.00000000 -0.62300000 -0.78220000
vn -0.00000000 -0.66000000 -0.75120000
vn -0.00000000 -0.66000000 -0.75120000
vn -0.00690000 -0.70710000 -0.70710000
vn -0.01390000 -0.75710000 -0.65310000
vn 0.01470000 -0.66380000 -0.74780000
vn -0.00690000 -0.70710000 -0.70710000
vn -0.00000000 -0.79020000 -0.61290000
vn -0.00000000 -0.73540000 -0.67770000
vn -0.01390000 -0.75710000 -0.65310000
vn -0.00120000 -0.80000000 -0.60000000
vn -0.01260000 -0.82100000 -0.57080000
vn 0.00680000 -0.84640000 -0.53250000
vn -0.00000000 -0.79020000 -0.61290000
vn 0.00460000 -0.87520000 -0.48380000
vn 0.00570000 -0.87780000 -0.47910000
vn 0.00340000 -0.87300000 -0.48780000
vn -0.01260000 -0.82100000 -0.57080000
vn 0.00120000 -0.35470000 -0.93500000
vn -0.00590000 -0.42960000 -0.90300000
vn -0.00120000 -0.30340000 -0.95290000
vn 0.00120000 -0.35470000 -0.93500000
vn -0.00000000 -0.26490000 -0.96430000
vn -0.00000000 -0.31780000 -0.94820000
vn -0.00120000 -0.30340000 -0.95290000
vn -0.00000000 -0.26490000 -0.96430000
vn -0.00500000 -0.22910000 -0.97340000
vn -0.00390000 -0.22050000 -0.97540000
vn -0.00050000 -0.50090000 -0.86550000
vn -0.00000000 -0.49440000 -0.86930000
vn -0.00000000 -0.51720000 -0.85590000
vn -0.00000000 -0.47430000 -0.88040000
vn -0.00000000 -0.49440000 -0.86930000
vn -0.00080000 -0.41100000 -0.91160000
vn -0.00590000 -0.42960000 -0.90300000
vn -0.00000000 -0.47430000 -0.88040000
vn -0.00370000 -0.21750000 -0.97610000
vn -0.00500000 -0.22910000 -0.97340000
vn 0.00020000 -0.17780000 -0.98410000
vn -0.00370000 -0.21750000 -0.97610000
vn -0.00010000 -0.11990000 -0.99280000
vn 0.00020000 -0.17780000 -0.98410000
vn -0.00010000 -0.11990000 -0.99280000
vn -0.00000000 -0.12180000 -0.99260000
vn -0.00000000 -0.08390000 -0.99650000
vn -0.00000000 -0.08390000 -0.99650000
vn -0.00120000 -0.04830000 -0.99880000
vn -0.00190000 -0.05540000 -0.99850000
vn 0.00080000 0.06560000 -0.99780000
vn -0.00010000 0.07920000 -0.99690000
vn -0.00000000 0.10030000 -0.99500000
vn 0.00080000 -0.00470000 -1.00000000
vn -0.00050000 0.02730000 -0.99960000
vn 0.00080000 0.06560000 -0.99780000
vn 0.00080000 -0.00470000 -1.00000000
vn -0.00190000 -0.05540000 -0.99850000
vn -0.00280000 0.36910000 -0.92940000
vn -0.01130000 0.40910000 -0.91240000
vn 0.00010000 0.27590000 -0.96120000
vn -0.00010000 0.21420000 -0.97680000
vn -0.00000000 0.31480000 -0.94910000
vn 0.00010000 0.27590000 -0.96120000
vn -0.00000000 0.27690000 -0.96090000
vn -0.00280000 0.36910000 -0.92940000
vn -0.00000000 0.31480000 -0.94910000
vn -0.00000000 0.10880000 -0.99410000
vn -0.00000000 0.10030000 -0.99500000
vn -0.00000000 0.10880000 -0.99410000
vn -0.00050000 0.14440000 -0.98950000
vn -0.00010000 0.21420000 -0.97680000
vn -0.00410000 0.17930000 -0.98380000
vn -0.00050000 0.14440000 -0.98950000
vn -0.00000000 0.65560000 -0.75510000
vn 0.00130000 0.62060000 -0.78410000
vn -0.00000000 0.63120000 -0.77560000
vn -0.00000000 0.65560000 -0.75510000
vn -0.00380000 0.55080000 -0.83470000
vn -0.00370000 0.55050000 -0.83490000
vn 0.00130000 0.62060000 -0.78410000
vn 0.00020000 0.46180000 -0.88700000
vn -0.01430000 0.42200000 -0.90650000
vn -0.00050000 0.37240000 -0.92810000
vn -0.00000000 0.46340000 -0.88610000
vn 0.00020000 0.46180000 -0.88700000
vn -0.00000000 0.49830000 -0.86700000
vn -0.00000000 0.49830000 -0.86700000
vn -0.00380000 0.55080000 -0.83470000
vn -0.01430000 0.42200000 -0.90650000
vn -0.01130000 0.40910000 -0.91240000
vn -0.00080000 0.66850000 -0.74370000
vn -0.00200000 0.68060000 -0.73270000
vn -0.00200000 0.68060000 -0.73270000
vn -0.00960000 0.71920000 -0.69470000
vn 0.00060000 0.77020000 -0.63770000
vn -0.00000000 0.79730000 -0.60360000
vn -0.00000000 0.77360000 -0.63370000
vn -0.00000000 0.79730000 -0.60360000
vn -0.00650000 0.83220000 -0.55440000
vn -0.00080000 0.66850000 -0.74370000
vn -0.00650000 0.83220000 -0.55440000
vn 0.00060000 0.77020000 -0.63770000
vn -0.00960000 0.71920000 -0.69470000
vn -0.00220000 0.70630000 -0.70790000
vn 0.00010000 0.88470000 -0.46620000
vn 0.00250000 0.87780000 -0.47910000
vn -0.00100000 0.91390000 -0.40600000
vn 0.00010000 0.96000000 -0.27990000
vn -0.00070000 0.96100000 -0.27650000
vn 0.00010000 0.97180000 -0.23570000
vn 0.00390000 0.92720000 -0.37460000
vn -0.03030000 0.94060000 -0.33820000
vn -0.00070000 0.96100000 -0.27650000
vn -0.00100000 0.91390000 -0.40600000
vn -0.03030000 0.94060000 -0.33820000
vn 0.00250000 0.87780000 -0.47910000
vn -0.00730000 0.83350000 -0.55240000
vn -0.00000000 -0.00000000 1.00000000
vn -0.00000000 -0.84020000 0.54230000
vn 0.00110000 -0.90900000 -0.41680000
vn -0.00000000 -0.84020000 0.54230000
vn -0.00000000 -0.90260000 -0.43040000
vn 0.00270000 -0.90750000 -0.42000000
vn -0.11070000 -0.83500000 0.53890000
vn -0.18370000 -0.84030000 0.51000000
vn -0.11070000 -0.83500000 0.53890000
vn -0.15000000 -0.00000000 0.98870000
vn -0.00000000 -0.00000000 1.00000000
vn -0.00000000 -0.84020000 0.54230000
vn -0.48650000 -0.80340000 0.34330000
vn -0.51690000 -0.00000000 0.85600000
vn -0.60720000 -0.75990000 0.23210000
vn -0.70710000 -0.00000000 0.70710000
vn -0.60960000 -0.75780000 0.23260000
vn -0.38570000 -0.80210000 0.45600000
vn 0.00270000 -0.90750000 -0.42000000
vn 0.00110000 -0.90900000 -0.41680000
vn 0.00030000 -0.90200000 -0.43180000
vn -0.60720000 -0.75990000 0.23210000
vn -0.48650000 -0.80340000 0.34330000
vn -0.38570000 -0.80210000 0.45600000
vn -0.18370000 -0.84030000 0.51000000
vn 0.00110000 -0.90900000 -0.41680000
vn -0.48650000 -0.80340000 0.34330000
vn -0.18370000 -0.84030000 0.51000000
vn -0.11070000 -0.83500000 0.53890000
vn -0.19510000 0.00130000 0.98080000
vn -0.15000000 -0.00000000 0.98870000
vn -0.51690000 -0.00000000 0.85600000
vn -0.55560000 -0.00200000 0.83150000
vn -0.38570000 -0.80210000 0.45600000
vn -0.60960000 -0.75780000 0.23260000
vn 0.00030000 -0.90200000 -0.43180000
vn -0.61140000 -0.76450000 0.20440000
vn -0.60720000 -0.75990000 0.23210000
vn -0.00020000 -0.88840000 -0.45910000
vn -0.70710000 -0.00000000 0.70710000
vn -0.61140000 -0.76450000 0.20440000
vn -0.60960000 -0.75780000 0.23260000
vn -0.60170000 -0.76950000 0.21390000
vn -0.81740000 -0.00000000 0.57610000
vn -0.61140000 -0.76450000 0.20440000
vn -0.67280000 -0.73890000 0.03760000
vn 0.00340000 -0.87300000 -0.48780000
vn -0.60170000 -0.76950000 0.21390000
vn 0.00570000 -0.87780000 -0.47910000
vn -0.00020000 -0.88840000 -0.45910000
vn -0.70600000 -0.66690000 -0.23840000
vn -0.67110000 -0.73960000 -0.05140000
vn -0.70660000 -0.59890000 -0.37680000
vn -0.77820000 -0.60130000 -0.18110000
vn -0.70440000 -0.60160000 -0.37660000
vn -0.01260000 -0.82100000 -0.57080000
vn 0.00460000 -0.87520000 -0.48380000
vn -0.70600000 -0.66690000 -0.23840000
vn -0.70440000 -0.60160000 -0.37660000
vn 0.00680000 -0.84640000 -0.53250000
vn -0.70660000 -0.59890000 -0.37680000
vn -0.67280000 -0.73890000 0.03760000
vn 0.00460000 -0.87520000 -0.48380000
vn 0.00570000 -0.87780000 -0.47910000
vn -0.70600000 -0.66690000 -0.23840000
vn -0.77820000 -0.60130000 -0.18110000
vn -0.67280000 -0.73890000 0.03760000
vn -0.77820000 -0.60130000 -0.18110000
vn -0.81740000 -0.00000000 0.57610000
vn -0.97560000 -0.00000000 0.21960000
vn -0.98080000 -0.00110000 0.19510000
vn -0.83150000 0.00090000 0.55560000
vn -0.60170000 -0.76950000 0.21390000
vn -0.67110000 -0.73960000 -0.05140000
vn -0.97560000 -0.00000000 0.21960000
vn -1.00000000 -0.00000000 -0.00000000
vn -0.67110000 -0.73960000 -0.05140000
vn -0.70660000 -0.59890000 -0.37680000
vn -0.60940000 -0.75700000 -0.23560000
vn -0.60860000 -0.75920000 -0.23080000
vn -0.71480000 -0.69360000 -0.08960000
vn -0.84490000 -0.00000000 -0.53490000
vn -0.60060000 -0.78190000 -0.16700000
vn -0.70710000 -0.00000000 -0.70710000
vn -0.61140000 -0.76450000 -0.20440000
vn -0.71480000 -0.69360000 -0.08960000
vn 0.00020000 -0.87730000 0.48000000
vn -0.61140000 -0.76450000 -0.20440000
vn 0.01950000 -0.87380000 0.48600000
vn 0.00190000 -0.88750000 0.46070000
vn -0.71480000 -0.69360000 -0.08960000
vn -0.60060000 -0.78190000 -0.16700000
vn 0.01950000 -0.87380000 0.48600000
vn -0.75270000 -0.62700000 0.20070000
vn 0.00020000 -0.87730000 0.48000000
vn -0.70440000 -0.60250000 0.37530000
vn -0.00090000 -0.84640000 0.53250000
vn 0.01950000 -0.87380000 0.48600000
vn -0.67820000 -0.73020000 0.08280000
vn -0.70660000 -0.59890000 0.37680000
vn -0.70440000 -0.60250000 0.37530000
vn -0.75270000 -0.62700000 0.20070000
vn -0.98080000 0.00080000 -0.19510000
vn -0.83150000 -0.00110000 -0.55560000
vn -0.98550000 -0.00000000 -0.16980000
vn -0.84490000 -0.00000000 -0.53490000
vn -0.60060000 -0.78190000 -0.16700000
vn -0.75270000 -0.62700000 0.20070000
vn -0.67820000 -0.73020000 0.08280000
vn -0.98550000 -0.00000000 -0.16980000
vn -1.00000000 -0.00000000 -0.00010000
vn -0.70660000 -0.59890000 0.37680000
vn -0.67820000 -0.73020000 0.08280000
vn -0.58920000 -0.00000000 -0.80800000
vn -0.42400000 -0.81610000 -0.39270000
vn -0.60860000 -0.75920000 -0.23080000
vn -0.70710000 -0.00000000 -0.70710000
vn -0.49630000 -0.78700000 -0.36640000
vn -0.42400000 -0.81610000 -0.39270000
vn -0.60860000 -0.75920000 -0.23080000
vn -0.60940000 -0.75700000 -0.23560000
vn 0.00760000 -0.89920000 0.43750000
vn 0.01130000 -0.90320000 0.42900000
vn 0.00190000 -0.88750000 0.46070000
vn 0.00760000 -0.89920000 0.43750000
vn -0.61140000 -0.76450000 -0.20440000
vn -0.60940000 -0.75700000 -0.23560000
vn -0.17320000 -0.82910000 -0.53160000
vn -0.00000000 -0.00000000 -1.00000000
vn -0.00000000 -0.84020000 -0.54230000
vn -0.18640000 -0.82550000 -0.53280000
vn -0.23530000 -0.00000000 -0.97190000
vn -0.00000000 -0.84020000 -0.54230000
vn 0.00660000 -0.89850000 0.43890000
vn -0.18640000 -0.82550000 -0.53280000
vn -0.00000000 -0.89210000 0.45180000
vn -0.18640000 -0.82550000 -0.53280000
vn 0.00660000 -0.89850000 0.43890000
vn 0.01130000 -0.90320000 0.42900000
vn -0.49630000 -0.78700000 -0.36640000
vn -0.17320000 -0.82910000 -0.53160000
vn -0.58920000 -0.00000000 -0.80800000
vn -0.19510000 -0.00180000 -0.98080000
vn -0.49630000 -0.78700000 -0.36640000
vn -0.42400000 -0.81610000 -0.39270000
vn -0.23530000 -0.00000000 -0.97190000
vn -0.17320000 -0.82910000 -0.53160000
vn -0.55560000 0.00120000 -0.83150000
vn -0.00000000 -0.84020000 -0.54230000
vn -0.00000000 -0.00000000 -1.00000000
vn -0.82860000 -0.51130000 0.22810000
vn -0.98030000 -0.18020000 0.08030000
vn -0.98060000 -0.15290000 0.12300000
vn -0.98060000 -0.15280000 0.12300000
vn -0.82990000 -0.43470000 0.34960000
vn -0.98030000 -0.18020000 0.08030000
vn -0.98040000 -0.18010000 0.08030000
vn -1.00000000 -0.00000000 -0.00000000
vn -0.98060000 -0.15280000 0.12300000
vn -0.98060000 -0.15280000 0.12300000
vn -1.00000000 -0.00000000 -0.00000000
vn -0.98060000 -0.12300000 0.15290000
vn -0.98060000 -0.15290000 0.12300000
vn -0.70680000 -0.67340000 0.21680000
vn -0.83130000 -0.52910000 0.17040000
vn -0.70500000 -0.63500000 0.31570000
vn -0.77490000 -0.56600000 0.28140000
vn -0.83120000 -0.54120000 0.12700000
vn -0.70680000 -0.67340000 0.21680000
vn -0.83130000 -0.52910000 0.17040000
vn -0.71070000 -0.68200000 0.17260000
vn -0.83130000 -0.52910000 0.17040000
vn -0.77490000 -0.56600000 0.28140000
vn -0.98030000 -0.18020000 0.08030000
vn -0.98030000 -0.19610000 0.02240000
vn -0.82080000 -0.56300000 0.09640000
vn -0.98040000 -0.18010000 0.08030000
vn -0.82860000 -0.51130000 0.22810000
vn -0.83120000 -0.54120000 0.12700000
vn -0.79990000 -0.59600000 0.07060000
vn -0.83000000 -0.43460000 0.34960000
vn -0.70500000 -0.55260000 0.44450000
vn -0.77490000 -0.56600000 0.28140000
vn -0.82860000 -0.51130000 0.22810000
vn -0.82990000 -0.43470000 0.34960000
vn -0.70500000 -0.63500000 0.31570000
vn -0.72280000 -0.58200000 0.37260000
vn -0.98060000 -0.12300000 0.15290000
vn -0.98060000 -0.15290000 0.12300000
vn -0.82990000 -0.43470000 0.34960000
vn -0.83000000 -0.43460000 0.34960000
vn -0.83000000 -0.34950000 0.43470000
vn -0.98060000 -0.12300000 0.15290000
vn -0.98060000 -0.08740000 0.17570000
vn -1.00000000 -0.00000000 -0.00000000
vn -0.98060000 -0.12300000 0.15290000
vn -0.98060000 -0.08730000 0.17570000
vn -0.82990000 -0.24840000 0.49950000
vn -0.83000000 -0.34950000 0.43470000
vn -0.82990000 -0.34970000 0.43460000
vn -0.98060000 -0.08740000 0.17570000
vn -0.98060000 -0.08740000 0.17570000
vn -0.98060000 -0.05130000 0.18900000
vn -0.98060000 -0.08730000 0.17570000
vn -1.00000000 -0.00000000 -0.00000000
vn -0.83050000 -0.14600000 0.53760000
vn -0.82990000 -0.24840000 0.49950000
vn -0.98060000 -0.05130000 0.18900000
vn -0.98060000 -0.08730000 0.17570000
vn -0.83000000 -0.24830000 0.49950000
vn -0.98060000 -0.05130000 0.18900000
vn -1.00000000 -0.00000000 -0.00000000
vn -0.98060000 -0.01730000 0.19510000
vn -0.98060000 -0.05130000 0.18900000
vn -0.83050000 -0.14600000 0.53760000
vn -0.98060000 -0.01730000 0.19510000
vn -0.83050000 -0.04920000 0.55490000
vn -0.98060000 -0.01720000 0.19500000
vn -0.98080000 -0.00110000 0.19510000
vn -1.00000000 -0.00000000 -0.00000000
vn -0.97560000 -0.00000000 0.21960000
vn -0.98060000 -0.01730000 0.19510000
vn -0.98060000 -0.01720000 0.19500000
vn -0.83050000 -0.04920000 0.55490000
vn -0.83150000 0.00090000 0.55560000
vn -0.98060000 -0.01720000 0.19500000
vn -0.98080000 -0.00110000 0.19510000
vn -0.98030000 -0.19610000 0.02240000
vn -0.91310000 -0.40430000 -0.05240000
vn -1.00000000 -0.00000000 -0.00000000
vn -0.98040000 -0.18010000 0.08030000
vn -0.70500000 -0.44450000 0.55260000
vn -0.83000000 -0.43460000 0.34960000
vn -0.83000000 -0.34950000 0.43470000
vn -0.82990000 -0.34970000 0.43460000
vn -0.70500000 -0.55260000 0.44450000
vn -0.82990000 -0.34970000 0.43460000
vn -0.83000000 -0.24830000 0.49950000
vn -0.72280000 -0.37260000 0.58200000
vn -0.70500000 -0.31570000 0.63500000
vn -0.70500000 -0.44450000 0.55260000
vn -0.82990000 -0.24840000 0.49950000
vn -0.70500000 -0.31570000 0.63500000
vn -0.70570000 -0.18560000 0.68370000
vn -0.83050000 -0.14600000 0.53760000
vn -0.83000000 -0.24830000 0.49950000
vn -0.71770000 -0.12240000 0.68550000
vn -0.70570000 -0.06250000 0.70570000
vn -0.70570000 -0.18560000 0.68370000
vn -0.83050000 -0.04920000 0.55490000
vn -0.83050000 -0.14600000 0.53760000
vn -0.83150000 0.00090000 0.55560000
vn -0.81740000 -0.00000000 0.57610000
vn -0.83050000 -0.04920000 0.55490000
vn -0.70710000 -0.00000000 0.70710000
vn -0.70570000 -0.06250000 0.70570000
vn -0.98550000 -0.00000000 -0.16980000
vn -0.98080000 0.00080000 -0.19510000
vn -1.00000000 -0.00000000 -0.00000000
vn -0.98060000 -0.01730000 -0.19510000
vn -1.00000000 -0.00000000 -0.00010000
vn -0.83150000 -0.00110000 -0.55560000
vn -0.83050000 -0.04910000 -0.55490000
vn -0.98080000 0.00080000 -0.19510000
vn -0.98060000 -0.01730000 -0.19510000
vn -0.83150000 -0.00110000 -0.55560000
vn -0.83050000 -0.04910000 -0.55490000
vn -0.83050000 -0.04920000 -0.55490000
vn -0.70570000 -0.06260000 -0.70570000
vn -0.70710000 -0.00000000 -0.70710000
vn -0.84490000 -0.00000000 -0.53490000
vn -0.83050000 -0.04910000 -0.55490000
vn -0.98060000 -0.05130000 -0.18900000
vn -0.83050000 -0.14590000 -0.53760000
vn -0.98060000 -0.01730000 -0.19510000
vn -0.83050000 -0.04920000 -0.55490000
vn -0.98060000 -0.05130000 -0.18900000
vn -0.98060000 -0.01730000 -0.19510000
vn -1.00000000 -0.00000000 -0.00000000
vn -0.98060000 -0.05130000 -0.18900000
vn -0.98060000 -0.08730000 -0.17570000
vn -1.00000000 -0.00000000 -0.00000000
vn -0.83050000 -0.14600000 -0.53760000
vn -0.83000000 -0.24830000 -0.49950000
vn -0.83050000 -0.14590000 -0.53760000
vn -0.98060000 -0.05130000 -0.18900000
vn -0.98060000 -0.08730000 -0.17570000
vn -0.98060000 -0.12290000 -0.15290000
vn -0.98060000 -0.08730000 -0.17570000
vn -1.00000000 -0.00000000 -0.00000000
vn -0.83000000 -0.24840000 -0.49950000
vn -0.83000000 -0.24830000 -0.49950000
vn -0.83000000 -0.34960000 -0.43470000
vn -0.98060000 -0.12300000 -0.15290000
vn -0.98060000 -0.08730000 -0.17570000
vn -0.98060000 -0.12290000 -0.15290000
vn -0.98060000 -0.12300000 -0.15290000
vn -0.98060000 -0.15280000 -0.12300000
vn -1.00000000 -0.00000000 -0.00000000
vn -0.98060000 -0.12290000 -0.15290000
vn -0.98060000 -0.15290000 -0.12300000
vn -0.83000000 -0.34960000 -0.43470000
vn -0.98060000 -0.12300000 -0.15290000
vn -0.83000000 -0.43460000 -0.34960000
vn -0.98060000 -0.15280000 -0.12300000
vn -0.98060000 -0.15290000 -0.12300000
vn -0.98060000 -0.15280000 -0.12300000
vn -0.98060000 -0.17570000 -0.08730000
vn -1.00000000 -0.00000000 -0.00000000
vn -0.98060000 -0.15290000 -0.12300000
vn -0.83000000 -0.43460000 -0.34960000
vn -0.82990000 -0.43470000 -0.34960000
vn -0.83000000 -0.49950000 -0.24840000
vn -0.98060000 -0.17570000 -0.08730000
vn -0.98060000 -0.17570000 -0.08730000
vn -1.00000000 -0.00000000 -0.00000000
vn -0.98080000 -0.18590000 -0.05980000
vn -0.98080000 -0.18590000 -0.05980000
vn -0.83000000 -0.49950000 -0.24840000
vn -0.83120000 -0.52910000 -0.17040000
vn -0.98080000 -0.18580000 -0.05980000
vn -0.98060000 -0.17570000 -0.08730000
vn -0.98080000 -0.18590000 -0.05980000
vn -0.98080000 -0.18580000 -0.05980000
vn -1.00000000 -0.00000000 -0.00000000
vn -0.89750000 -0.43620000 0.06440000
vn -0.98030000 -0.19610000 -0.02240000
vn -1.00000000 -0.00000000 0.00030000
vn -0.83120000 -0.52910000 -0.17040000
vn -0.98080000 -0.18580000 -0.05980000
vn -0.83120000 -0.52920000 -0.17040000
vn -0.80530000 -0.58780000 -0.07730000
vn -0.79650000 -0.60040000 -0.07110000
vn -0.98030000 -0.19610000 -0.02240000
vn -0.83080000 -0.54570000 -0.10940000
vn -0.71770000 -0.12240000 -0.68550000
vn -0.70570000 -0.06260000 -0.70570000
vn -0.70570000 -0.18560000 -0.68370000
vn -0.83050000 -0.04920000 -0.55490000
vn -0.83050000 -0.14590000 -0.53760000
vn -0.83050000 -0.14600000 -0.53760000
vn -0.70500000 -0.31570000 -0.63500000
vn -0.70570000 -0.18560000 -0.68370000
vn -0.83000000 -0.24830000 -0.49950000
vn -0.83000000 -0.24840000 -0.49950000
vn -0.83050000 -0.14600000 -0.53760000
vn -0.83000000 -0.34960000 -0.43470000
vn -0.72280000 -0.37260000 -0.58200000
vn -0.83000000 -0.24840000 -0.49950000
vn -0.70500000 -0.44450000 -0.55260000
vn -0.70500000 -0.31570000 -0.63500000
vn -0.83000000 -0.34960000 -0.43470000
vn -0.83000000 -0.43460000 -0.34960000
vn -0.70500000 -0.55260000 -0.44450000
vn -0.70500000 -0.44450000 -0.55260000
vn -0.82990000 -0.43470000 -0.34960000
vn -0.70500000 -0.55260000 -0.44450000
vn -0.82990000 -0.43470000 -0.34960000
vn -0.72280000 -0.58200000 -0.37260000
vn -0.83000000 -0.49950000 -0.24840000
vn -0.70500000 -0.63500000 -0.31570000
vn -0.83120000 -0.52920000 -0.17040000
vn -0.83000000 -0.49950000 -0.24840000
vn -0.83120000 -0.52910000 -0.17040000
vn -0.70680000 -0.67340000 -0.21680000
vn -0.70500000 -0.63500000 -0.31570000
vn -0.71340000 -0.68990000 -0.12320000
vn -0.70680000 -0.67340000 -0.21680000
vn -0.72300000 -0.67360000 -0.15370000
vn -0.83080000 -0.54570000 -0.10940000
vn -0.83120000 -0.52920000 -0.17040000
vn -1.00000000 -0.00000000 -0.00000000
vn -0.98080000 -0.19510000 -0.00000000
vn -1.00000000 0.00040000 -0.00300000
vn -0.97770000 -0.19440000 0.07930000
vn -0.98080000 -0.19510000 -0.00000000
vn -1.00000000 -0.00000000 -0.00000000
vn -0.83140000 -0.55560000 -0.00000000
vn -0.93930000 -0.34260000 0.02060000
vn -0.83100000 -0.55540000 0.03060000
vn -0.98080000 -0.19510000 -0.00000000
vn -0.97770000 -0.19440000 0.07930000
vn -0.98080000 -0.19510000 -0.00000000
vn -0.83150000 -0.55550000 -0.00000000
vn -0.83140000 -0.55560000 -0.00000000
vn -0.96030000 -0.27600000 -0.04170000
vn -0.91110000 -0.41140000 -0.02390000
vn -0.79660000 -0.60360000 -0.03280000
vn -0.83140000 -0.55550000 -0.01490000
vn -0.83100000 -0.55540000 0.03060000
vn -0.70710000 -0.70710000 -0.00000000
vn -0.83150000 -0.55550000 -0.00000000
vn -0.83140000 -0.55560000 -0.00000000
vn -0.79700000 -0.60390000 0.01050000
vn -0.83150000 -0.55550000 -0.00000000
vn -0.83140000 -0.55550000 -0.01490000
vn -0.70710000 -0.70710000 -0.00000000
vn -0.55560000 -0.83150000 -0.00000000
vn -0.72300000 -0.67360000 -0.15370000
vn -0.70670000 -0.70660000 -0.03570000
vn -0.54950000 -0.82250000 -0.14690000
vn -0.71180000 -0.69730000 -0.08480000
vn -0.71560000 -0.68940000 -0.11230000
vn -0.70710000 -0.70710000 -0.00000000
vn -0.71340000 -0.68990000 -0.12320000
vn -0.71640000 -0.68680000 0.12270000
vn -0.71560000 -0.68940000 0.11230000
vn -0.71180000 -0.69730000 0.08480000
vn -0.54950000 -0.82250000 0.14690000
vn -0.70670000 -0.70670000 0.03570000
vn -0.72060000 -0.67920000 0.13950000
vn -0.55560000 -0.83150000 -0.00000000
vn -0.70710000 -0.70710000 -0.00000000
vn -0.55560000 -0.83150000 -0.00000000
vn -0.19510000 -0.98080000 -0.00000000
vn -0.54950000 -0.82250000 0.14690000
vn -0.19220000 -0.96610000 0.17250000
vn -0.54950000 -0.82250000 -0.14690000
vn -0.19220000 -0.96610000 -0.17250000
vn -0.19510000 -0.98080000 -0.00000000
vn -0.55560000 -0.83150000 -0.00000000
vn -0.19510000 -0.98080000 -0.00000000
vn 0.00490000 -0.98440000 0.17580000
vn -0.00000000 -0.99880000 0.04870000
vn -0.19220000 -0.96610000 0.17250000
vn -0.00000000 -1.00000000 -0.00000000
vn -0.19510000 -0.98080000 -0.00000000
vn 0.00480000 -0.98440000 -0.17580000
vn -0.19220000 -0.96610000 -0.17250000
vn -0.00000000 -0.99170000 -0.12830000
vn -0.00000000 -1.00000000 -0.00000000
vn -0.19070000 -0.82680000 0.52920000
vn -0.54950000 -0.82250000 0.14690000
vn -0.54650000 -0.70530000 0.45150000
vn -0.19220000 -0.96610000 0.17250000
vn -0.54660000 -0.70530000 0.45150000
vn -0.54650000 -0.70530000 0.45150000
vn -0.71070000 -0.68200000 0.17260000
vn -0.54950000 -0.82250000 0.14690000
vn -0.70680000 -0.67340000 0.21680000
vn -0.70500000 -0.63500000 0.31570000
vn -0.72280000 -0.58200000 0.37260000
vn -0.71640000 -0.68680000 0.12270000
vn -0.70500000 -0.55260000 0.44450000
vn -0.72280000 -0.58200000 0.37260000
vn -0.70500000 -0.44450000 0.55260000
vn -0.72280000 -0.37260000 0.58200000
vn -0.54650000 -0.70530000 0.45150000
vn -0.54660000 -0.70530000 0.45150000
vn -0.54660000 -0.45140000 0.70530000
vn -0.54660000 -0.70530000 0.45150000
vn -0.19070000 -0.52930000 0.82670000
vn -0.19070000 -0.82680000 0.52920000
vn -0.54660000 -0.45140000 0.70530000
vn -0.54650000 -0.45150000 0.70530000
vn -0.70500000 -0.31570000 0.63500000
vn -0.54650000 -0.45150000 0.70530000
vn -0.54660000 -0.45140000 0.70530000
vn -0.70570000 -0.18560000 0.68370000
vn -0.54950000 -0.14690000 0.82250000
vn -0.72280000 -0.37260000 0.58200000
vn -0.71770000 -0.12240000 0.68550000
vn -0.19070000 -0.52930000 0.82670000
vn -0.19070000 -0.52920000 0.82680000
vn -0.19220000 -0.17250000 0.96610000
vn -0.54950000 -0.14690000 0.82250000
vn -0.54650000 -0.45150000 0.70530000
vn -0.71770000 -0.12240000 0.68550000
vn -0.70570000 -0.06250000 0.70570000
vn -0.70710000 -0.00000000 0.70710000
vn -0.54950000 -0.14690000 0.82250000
vn -0.51690000 -0.00000000 0.85600000
vn -0.55560000 -0.00200000 0.83150000
vn -0.19220000 -0.17250000 0.96610000
vn -0.54950000 -0.14690000 0.82250000
vn -0.19510000 0.00130000 0.98080000
vn -0.55560000 -0.00200000 0.83150000
vn -0.00170000 -0.97080000 0.23970000
vn 0.00490000 -0.98440000 0.17580000
vn -0.19220000 -0.96610000 0.17250000
vn -0.19070000 -0.82680000 0.52920000
vn 0.00630000 -0.84220000 0.53910000
vn 0.00220000 -0.86010000 0.51010000
vn -0.00000000 -0.74300000 0.66930000
vn 0.00630000 -0.84220000 0.53910000
vn -0.00000000 -0.63450000 0.77290000
vn 0.00840000 -0.53910000 0.84220000
vn -0.19070000 -0.52920000 0.82680000
vn -0.19070000 -0.82680000 0.52920000
vn -0.19070000 -0.52930000 0.82670000
vn 0.00840000 -0.53910000 0.84220000
vn -0.19070000 -0.52920000 0.82680000
vn -0.00230000 -0.42970000 0.90300000
vn 0.00290000 -0.17580000 0.98440000
vn -0.19220000 -0.17250000 0.96610000
vn -0.00000000 -0.00000000 1.00000000
vn 0.00290000 -0.17580000 0.98440000
vn -0.19220000 -0.17250000 0.96610000
vn -0.19510000 0.00130000 0.98080000
vn -0.15000000 -0.00000000 0.98870000
vn -0.00000000 -0.14880000 0.98890000
vn 0.00440000 -0.17580000 -0.98440000
vn -0.00000000 -0.00000000 -1.00000000
vn -0.19220000 -0.17250000 -0.96610000
vn -0.19510000 -0.00180000 -0.98080000
vn -0.23530000 -0.00000000 -0.97190000
vn -0.00000000 -0.04880000 -0.99880000
vn -0.54950000 -0.14690000 -0.82250000
vn -0.19510000 -0.00180000 -0.98080000
vn -0.19220000 -0.17250000 -0.96610000
vn -0.54960000 -0.14690000 -0.82240000
vn -0.55560000 0.00120000 -0.83150000
vn -0.54660000 -0.45150000 -0.70530000
vn -0.54650000 -0.45150000 -0.70530000
vn -0.54950000 -0.14690000 -0.82250000
vn -0.19220000 -0.17250000 -0.96610000
vn -0.19070000 -0.52930000 -0.82680000
vn -0.58920000 -0.00000000 -0.80800000
vn -0.70710000 -0.00000000 -0.70710000
vn -0.70570000 -0.06260000 -0.70570000
vn -0.71770000 -0.12240000 -0.68550000
vn -0.55560000 0.00120000 -0.83150000
vn -0.54960000 -0.14690000 -0.82240000
vn -0.70500000 -0.31570000 -0.63500000
vn -0.72280000 -0.37260000 -0.58200000
vn -0.70570000 -0.18560000 -0.68370000
vn -0.54960000 -0.14690000 -0.82240000
vn -0.54950000 -0.14690000 -0.82250000
vn -0.54650000 -0.45150000 -0.70530000
vn -0.71770000 -0.12240000 -0.68550000
vn -0.70500000 -0.55260000 -0.44450000
vn -0.70500000 -0.44450000 -0.55260000
vn -0.72280000 -0.58200000 -0.37260000
vn -0.72280000 -0.37260000 -0.58200000
vn -0.54650000 -0.45150000 -0.70530000
vn -0.54660000 -0.45150000 -0.70530000
vn -0.54650000 -0.70530000 -0.45150000
vn -0.54660000 -0.45150000 -0.70530000
vn -0.19070000 -0.52930000 -0.82670000
vn -0.19070000 -0.52930000 -0.82680000
vn -0.19070000 -0.82680000 -0.52920000
vn -0.54660000 -0.70530000 -0.45150000
vn -0.54650000 -0.70530000 -0.45150000
vn -0.71340000 -0.68990000 -0.12320000
vn -0.70680000 -0.67340000 -0.21680000
vn -0.54950000 -0.82250000 -0.14690000
vn -0.54660000 -0.70530000 -0.45150000
vn -0.70500000 -0.63500000 -0.31570000
vn -0.72280000 -0.58200000 -0.37260000
vn -0.54650000 -0.70530000 -0.45150000
vn -0.19070000 -0.82680000 -0.52920000
vn -0.54950000 -0.82250000 -0.14690000
vn -0.54660000 -0.70530000 -0.45150000
vn -0.19220000 -0.96610000 -0.17250000
vn -0.19070000 -0.52930000 -0.82670000
vn 0.00310000 -0.53020000 -0.84790000
vn -0.19220000 -0.17250000 -0.96610000
vn -0.00210000 -0.24660000 -0.96910000
vn -0.19070000 -0.52930000 -0.82680000
vn 0.00440000 -0.17580000 -0.98440000
vn 0.00450000 -0.53910000 -0.84220000
vn 0.00450000 -0.53910000 -0.84220000
vn 0.00870000 -0.84220000 -0.53910000
vn -0.19070000 -0.82680000 -0.52920000
vn -0.19070000 -0.52930000 -0.82670000
vn -0.00000000 -0.68310000 -0.73030000
vn -0.00000000 -0.78170000 -0.62360000
vn -0.00380000 -0.91780000 -0.39710000
vn 0.00870000 -0.84220000 -0.53910000
vn -0.19070000 -0.82680000 -0.52920000
vn -0.19220000 -0.96610000 -0.17250000
vn 0.00480000 -0.98440000 -0.17580000
vn -0.00000000 -0.00000000 -1.00000000
vn -0.00000000 -0.04880000 -0.99880000
vn -0.00210000 -0.24660000 -0.96910000
vn -0.00000000 -0.04880000 -0.99880000
vn 0.00440000 -0.17580000 -0.98440000
vn -0.00210000 -0.24660000 -0.96910000
vn 0.00310000 -0.53020000 -0.84790000
vn 0.00310000 -0.53020000 -0.84790000
vn -0.00000000 -0.68310000 -0.73030000
vn 0.00450000 -0.53910000 -0.84220000
vn -0.00000000 -0.68310000 -0.73030000
vn -0.00000000 -0.78170000 -0.62360000
vn -0.00000000 -0.78170000 -0.62360000
vn -0.00380000 -0.91780000 -0.39710000
vn 0.00870000 -0.84220000 -0.53910000
vn -0.00380000 -0.91780000 -0.39710000
vn -0.00000000 -0.99170000 -0.12830000
vn 0.00480000 -0.98440000 -0.17580000
vn -0.00000000 -0.99170000 -0.12830000
vn -0.00000000 -1.00000000 -0.00000000
vn -0.00000000 -0.00000000 -1.00000000
vn -0.00000000 -1.00000000 -0.00000000
vn -0.00000000 -0.99880000 0.04870000
vn -0.00000000 -0.99880000 0.04870000
vn 0.00490000 -0.98440000 0.17580000
vn -0.00170000 -0.97080000 0.23970000
vn 0.00220000 -0.86010000 0.51010000
vn -0.00170000 -0.97080000 0.23970000
vn -0.00000000 -0.74300000 0.66930000
vn 0.00220000 -0.86010000 0.51010000
vn 0.00630000 -0.84220000 0.53910000
vn -0.00000000 -0.63450000 0.77290000
vn -0.00000000 -0.74300000 0.66930000
vn -0.00000000 -0.63450000 0.77290000
vn 0.00840000 -0.53910000 0.84220000
vn -0.00230000 -0.42970000 0.90300000
vn -0.00000000 -0.14880000 0.98890000
vn 0.00290000 -0.17580000 0.98440000
vn -0.00230000 -0.42970000 0.90300000
vn -0.00000000 -0.00000000 1.00000000
vn -0.00000000 -0.14880000 0.98890000
vn -0.00000000 -1.00000000 -0.00000000
vn -0.00000000 -1.00000000 -0.00000000
vn -0.00000000 -1.00000000 -0.00000000
vn -0.96290000 -0.07930000 0.25800000
vn -0.00000000 -1.00000000 -0.00000000
vn -0.00000000 -1.00000000 -0.00000000
vn -0.00000000 -1.00000000 -0.00000000
vn -0.00000000 -1.00000000 -0.00000000
vn -0.00000000 -1.00000000 -0.00000000
vn -0.00000000 -1.00000000 -0.00000000
vn -0.00000000 -1.00000000 -0.00000000
vn -0.00000000 -1.00000000 -0.00000000
vn -0.00000000 -1.00000000 -0.00000000
vn -0.00000000 -1.00000000 -0.00000000
vn -0.00000000 -1.00000000 -0.00000000
vn -0.00000000 -1.00000000 -0.00000000
vn -0.00000000 -1.00000000 -0.00000000
vn -0.00000000 -1.00000000 -0.00000000
vn -0.00000000 -1.00000000 -0.00000000
vn -0.00000000 -1.00000000 -0.00000000
vn -0.00000000 -1.00000000 -0.00000000
vn -0.00000000 -1.00000000 -0.00000000
vn -0.00000000 -1.00000000 -0.00000000
vn -0.00000000 -1.00000000 -0.00000000
vn -0.00000000 -1.00000000 -0.00000000
vn -0.00000000 -1.00000000 -0.00000000
vn -0.00000000 -1.00000000 -0.00000000
vn -0.00000000 -1.00000000 -0.00000000
vn -0.00000000 -1.00000000 -0.00000000
vn -0.00000000 -1.00000000 -0.00000000
vn -0.00000000 -1.00000000 -0.00000000
vn -0.00000000 -1.00000000 -0.00000000
vn -0.00000000 -1.00000000 -0.00000000
vn -0.00000000 -1.00000000 -0.00000000
vn -0.00000000 -1.00000000 -0.00000000
vn -0.00000000 -1.00000000 -0.00000000
vn -0.00000000 -1.00000000 -0.00000000
vn -0.96290000 -0.07930000 0.25800000
vn -0.00000000 -1.00000000 -0.00000000
vn -0.00000000 -1.00000000 -0.00000000
vn -0.96290000 -0.07930000 0.25800000
vn -0.00000000 -1.00000000 -0.00000000
vn -0.00000000 -1.00000000 -0.00000000
vn -0.00000000 -1.00000000 -0.00000000
vn -0.00000000 -1.00000000 -0.00000000
vn -0.00000000 -1.00000000 -0.00000000
vn -0.00000000 -1.00000000 -0.00000000
vn -0.00000000 -1.00000000 -0.00000000
vn -0.00000000 -1.00000000 -0.00000000
vn -0.00000000 -1.00000000 -0.00000000
vn -0.00000000 -1.00000000 -0.00000000
vn -0.00000000 -1.00000000 -0.00000000
vn -0.00000000 -1.00000000 -0.00000000
vn -0.00000000 -1.00000000 -0.00000000
vn -0.00000000 -1.00000000 -0.00000000
vn -0.00000000 -1.00000000 -0.00000000
vn -0.00000000 -1.00000000 -0.00000000
vn -0.00000000 -1.00000000 -0.00000000
vn -0.00000000 -1.00000000 -0.00000000
vn -0.00000000 -1.00000000 -0.00000000
vn -0.00000000 -1.00000000 -0.00000000
vn -0.00000000 -1.00000000 -0.00000000
vn -0.00000000 -1.00000000 -0.00000000
vn -0.80530000 -0.58780000 -0.07730000
vn -0.72300000 -0.67360000 -0.15370000
vn -0.71560000 -0.68940000 -0.11230000
vn -0.83080000 -0.54570000 -0.10940000
vn -0.79990000 -0.59700000 -0.06080000
vn -0.80530000 -0.58780000 -0.07730000
vn -0.79650000 -0.60040000 -0.07110000
vn -0.71180000 -0.69730000 -0.08480000
vn -0.71560000 -0.68940000 -0.11230000
vn -0.71180000 -0.69730000 -0.08480000
vn -0.70670000 -0.70660000 -0.03570000
vn -0.79990000 -0.59700000 -0.06080000
vn -0.80010000 -0.59080000 -0.10350000
vn -0.84660000 -0.53180000 -0.02120000
vn -0.79710000 -0.60390000 -0.00000000
vn -0.84660000 -0.53180000 -0.02120000
vn -0.70670000 -0.70660000 -0.03570000
vn -0.84670000 -0.53200000 0.00800000
vn -0.70710000 -0.70710000 -0.00000000
vn -0.71560000 -0.68940000 0.11230000
vn -0.79270000 -0.60400000 0.08290000
vn -0.71180000 -0.69730000 0.08480000
vn -0.79980000 -0.59720000 0.06080000
vn -0.71180000 -0.69730000 0.08480000
vn -0.79860000 -0.60130000 0.02680000
vn -0.79980000 -0.59720000 0.06080000
vn -0.70670000 -0.70670000 0.03570000
vn -0.70670000 -0.70670000 0.03570000
vn -0.84450000 -0.53060000 0.07250000
vn -0.79860000 -0.60130000 0.02680000
vn -0.70710000 -0.70710000 -0.00000000
vn -0.84670000 -0.53200000 -0.00800000
vn -0.79710000 -0.60390000 -0.00000000
vn -0.71560000 -0.68940000 0.11230000
vn -0.82080000 -0.56300000 0.09640000
vn -0.79990000 -0.59600000 0.07060000
vn -0.72060000 -0.67920000 0.13950000
vn -0.79270000 -0.60400000 0.08290000
vn -0.83120000 -0.54120000 0.12700000
vn -0.71070000 -0.68200000 0.17260000
vn -0.82080000 -0.56300000 0.09640000
vn -0.72060000 -0.67920000 0.13950000
vn -0.71640000 -0.68680000 0.12270000
vn -0.79710000 -0.60390000 -0.00000000
vn -0.70710000 -0.70710000 -0.00000000
vn -0.79700000 -0.60390000 0.01050000
vn -0.70710000 -0.70710000 -0.00000000
vn -0.83140000 -0.55550000 -0.01490000
vn -0.79710000 -0.60390000 -0.00000000
vn -0.79660000 -0.60360000 -0.03280000
vn -0.91010000 -0.41080000 0.05380000
vn -0.93930000 -0.34260000 0.02060000
vn -0.97770000 -0.19440000 0.07930000
vn -1.00000000 -0.00000000 -0.00000000
vn -0.91150000 -0.41120000 -0.00000000
vn -0.91010000 -0.41080000 0.05380000
vn -1.00000000 -0.00000000 -0.00000000
vn -0.91010000 -0.41080000 0.05380000
vn -0.93930000 -0.34260000 0.02060000
vn -0.79700000 -0.60390000 0.01050000
vn -0.84670000 -0.53200000 -0.00800000
vn -0.91150000 -0.41120000 -0.00000000
vn -0.79710000 -0.60390000 -0.00000000
vn -0.83100000 -0.55540000 0.03060000
vn -0.96030000 -0.27600000 -0.04170000
vn -1.00000000 0.00040000 -0.00300000
vn -1.00000000 -0.00020000 0.00190000
vn -0.96030000 -0.27600000 -0.04170000
vn -1.00000000 -0.00020000 0.00190000
vn -0.91110000 -0.41140000 -0.02390000
vn -0.91140000 -0.41140000 -0.00000000
vn -1.00000000 -0.00000000 -0.00000000
vn -0.79660000 -0.60360000 -0.03280000
vn -0.84670000 -0.53200000 0.00800000
vn -0.79710000 -0.60390000 -0.00000000
vn -0.91140000 -0.41140000 -0.00000000
vn -0.91110000 -0.41140000 -0.02390000
vn -0.91140000 -0.41140000 -0.00000000
vn -1.00000000 -0.00000000 -0.00000000
vn -0.84670000 -0.53200000 0.00800000
vn -0.80010000 -0.59080000 -0.10350000
vn -0.84660000 -0.53180000 -0.02120000
vn -0.91770000 -0.39710000 -0.01200000
vn -0.80010000 -0.59080000 -0.10350000
vn -0.89750000 -0.43620000 0.06440000
vn -0.91750000 -0.39760000 -0.00900000
vn -0.98030000 -0.19610000 -0.02240000
vn -0.79650000 -0.60040000 -0.07110000
vn -0.79990000 -0.59700000 -0.06080000
vn -0.91770000 -0.39710000 -0.01200000
vn -1.00000000 -0.00000000 -0.00000000
vn -1.00000000 -0.00000000 -0.00240000
vn -1.00000000 -0.00000000 -0.00000000
vn -0.91770000 -0.39710000 -0.01200000
vn -0.91750000 -0.39760000 -0.00900000
vn -1.00000000 -0.00000000 0.00030000
vn -0.89750000 -0.43620000 0.06440000
vn -0.91750000 -0.39760000 -0.00900000
vn -1.00000000 -0.00000000 -0.00240000
vn -1.00000000 -0.00000000 -0.00000000
vn -0.79860000 -0.60130000 0.02680000
vn -0.91310000 -0.40430000 -0.05240000
vn -0.84450000 -0.53060000 0.07250000
vn -0.91770000 -0.39710000 0.01200000
vn -0.98030000 -0.19610000 0.02240000
vn -0.79990000 -0.59600000 0.07060000
vn -0.79270000 -0.60400000 0.08290000
vn -0.79980000 -0.59720000 0.06080000
vn -0.92140000 -0.38860000 0.00390000
vn -1.00000000 -0.00000000 -0.00000000
vn -0.91310000 -0.40430000 -0.05240000
vn -0.91770000 -0.39710000 0.01200000
vn -1.00000000 -0.00000000 -0.00000000
vn -0.92140000 -0.38860000 0.00390000
vn -0.91770000 -0.39710000 0.01200000
vn -0.92140000 -0.38860000 0.00390000
vn -0.91150000 -0.41120000 -0.00000000
vn -0.84670000 -0.53200000 -0.00800000
vn -0.84450000 -0.53060000 0.07250000
vn -1.00000000 -0.00000000 -0.00000000
vn -1.00000000 -0.00000000 -0.00000000
vn -0.70530000 0.24830000 -0.66400000
vn -0.77650000 0.34680000 -0.52600000
vn -0.70530000 0.37660000 -0.60060000
vn -0.70700000 0.32770000 -0.62670000
vn -0.70600000 0.65670000 0.26530000
vn -1.00000000 -0.00000000 -0.00240000
vn -1.00000000 -0.00020000 0.00190000
vn -1.00000000 0.00040000 -0.00300000
vn -1.00000000 -0.00000000 -0.00000000
vn -0.75740000 0.63960000 0.13110000
vn -0.75890000 0.59870000 0.25610000
vn -0.70700000 0.67890000 0.19800000
vn -1.00000000 -0.00000000 -0.00000000
vn -0.70700000 0.44640000 -0.54850000
vn -0.70530000 0.37660000 -0.60060000
vn -0.77430000 0.44700000 -0.44800000
vn -0.70530000 0.48950000 -0.51280000
vn -0.70700000 0.54700000 -0.44820000
vn -1.00000000 -0.00000000 -0.00000000
vn -0.77210000 0.52970000 -0.35110000
vn -0.70530000 0.48950000 -0.51280000
vn -0.70530000 0.58250000 -0.40410000
vn -0.70530000 0.58250000 -0.40410000
vn -0.76980000 0.59180000 -0.23910000
vn -0.70700000 0.62560000 -0.32970000
vn -0.70530000 0.65180000 -0.27890000
vn -1.00000000 -0.00000000 -0.00000000
vn -0.70700000 0.67890000 -0.19800000
vn -0.70530000 0.65180000 -0.27890000
vn -0.70530000 0.69440000 -0.14230000
vn -0.76750000 0.63040000 -0.11640000
vn -1.00000000 -0.00000000 -0.00000000
vn -0.75740000 0.63960000 0.13110000
vn -1.00000000 -0.00000000 -0.00000000
vn -0.70670000 0.70660000 0.03570000
vn -0.70590000 0.69650000 0.12870000
vn -0.70610000 0.12700000 0.69670000
vn -0.76560000 0.09980000 0.63550000
vn -1.00000000 -0.00000000 -0.00000000
vn -0.70700000 0.19580000 0.67960000
vn -0.76440000 0.22590000 0.60390000
vn -0.70610000 0.26370000 0.65720000
vn -0.76440000 0.22590000 0.60390000
vn -1.00000000 -0.00000000 -0.00000000
vn -0.76310000 0.34330000 0.54760000
vn -0.70700000 0.32770000 0.62670000
vn -0.79120000 -0.44970000 -0.41440000
vn -0.70440000 -0.60160000 -0.37660000
vn -0.70660000 -0.59890000 -0.37680000
vn -0.70700000 -0.56580000 -0.42440000
vn -1.00000000 -0.00000000 -0.00000000
vn -0.70530000 -0.53500000 -0.46520000
vn -0.70700000 0.44640000 0.54850000
vn -0.70600000 0.38980000 0.59120000
vn -1.00000000 -0.00000000 -0.00000000
vn -0.76180000 0.44740000 0.46860000
vn -0.76310000 0.34330000 0.54760000
vn -0.70600000 0.50020000 0.50140000
vn -0.76180000 0.44740000 0.46860000
vn -0.76040000 0.53370000 0.37020000
vn -1.00000000 -0.00000000 -0.00000000
vn -0.70700000 0.54710000 0.44810000
vn -0.76040000 0.53370000 0.37020000
vn -0.75890000 0.59870000 0.25610000
vn -0.70600000 0.59030000 0.39130000
vn -1.00000000 -0.00000000 -0.00000000
vn -1.00000000 -0.00000000 0.00030000
vn -1.00000000 -0.00000000 -0.00010000
vn -0.70700000 -0.56580000 0.42440000
vn -0.77110000 -0.48040000 0.41780000
vn -1.00000000 -0.00000000 -0.00000000
vn -0.70660000 -0.59890000 0.37680000
vn -0.70700000 -0.46950000 -0.52890000
vn -1.00000000 -0.00000000 -0.00000000
vn -0.70530000 -0.53500000 -0.46520000
vn -0.70530000 -0.43070000 -0.56310000
vn -0.78920000 -0.35920000 -0.49810000
vn -0.70670000 0.70660000 0.03570000
vn -0.70660000 0.70670000 -0.03570000
vn -1.00000000 -0.00000000 -0.00000000
vn -0.70660000 0.70670000 -0.03570000
vn -0.70670000 0.70670000 -0.03570000
vn -1.00000000 -0.00000000 -0.00000000
vn -0.70530000 0.69440000 -0.14230000
vn -1.00000000 -0.00000000 -0.00000000
vn -0.77110000 -0.48040000 0.41780000
vn -0.77010000 -0.38750000 0.50670000
vn -0.70700000 -0.46950000 0.52890000
vn -0.70620000 -0.52070000 0.47980000
vn -1.00000000 -0.00000000 -0.00000000
vn -0.76910000 -0.27840000 0.57530000
vn -0.70700000 -0.35430000 0.61210000
vn -0.70620000 -0.41420000 0.57420000
vn -0.77010000 -0.38750000 0.50670000
vn -0.76800000 -0.15760000 0.62080000
vn -0.70700000 -0.22470000 0.67060000
vn -0.76910000 -0.27840000 0.57530000
vn -0.70610000 -0.29100000 0.64550000
vn -1.00000000 -0.00000000 -0.00000000
vn -0.70610000 -0.15610000 0.69070000
vn -0.74740000 -0.04900000 0.66260000
vn -1.00000000 -0.00000000 -0.00000000
vn -0.70700000 -0.08610000 0.70200000
vn -0.76800000 -0.15760000 0.62080000
vn -0.70700000 0.01930000 0.70700000
vn -0.70670000 -0.03420000 0.70670000
vn -0.74740000 -0.04900000 0.66260000
vn -1.00000000 -0.00000000 -0.00000000
vn -1.00000000 -0.00000000 -0.00000000
vn -0.70700000 0.05600000 0.70500000
vn -0.76560000 0.09980000 0.63550000
vn -0.70700000 0.01930000 0.70700000
vn -0.70530000 0.24830000 -0.66400000
vn -1.00000000 -0.00000000 -0.00000000
vn -0.70530000 0.11000000 -0.70030000
vn -0.77870000 0.23360000 -0.58230000
vn -0.70700000 0.19580000 -0.67960000
vn -0.70700000 0.05600000 -0.70500000
vn -0.70700000 0.01930000 -0.70700000
vn -1.00000000 -0.00000000 -0.00000000
vn -0.70530000 0.11000000 -0.70030000
vn -0.78090000 0.11200000 -0.61460000
vn -1.00000000 -0.00000000 -0.00000000
vn -0.70620000 -0.05220000 -0.70610000
vn -0.70700000 0.01930000 -0.70700000
vn -1.00000000 -0.00000000 -0.00000000
vn -0.70530000 -0.17440000 -0.68710000
vn -0.70700000 -0.08610000 -0.70200000
vn -0.70620000 -0.05220000 -0.70610000
vn -0.76560000 -0.03110000 -0.64260000
vn -0.70530000 -0.30880000 -0.63810000
vn -1.00000000 -0.00000000 -0.00000000
vn -0.78510000 -0.13660000 -0.60410000
vn -0.70700000 -0.22470000 -0.67060000
vn -0.70530000 -0.17440000 -0.68710000
vn -0.78720000 -0.25350000 -0.56220000
vn -0.70530000 -0.30880000 -0.63810000
vn -0.70530000 -0.43070000 -0.56310000
vn -1.00000000 -0.00000000 -0.00000000
vn -0.70700000 -0.35430000 -0.61210000
vn -0.70700000 -0.56580000 0.42440000
vn -0.70440000 -0.60250000 0.37530000
vn -0.00120000 -0.84690000 0.53170000
vn 0.00080000 -0.80000000 0.60000000
vn -0.70660000 -0.59890000 0.37680000
vn -0.00090000 -0.84640000 0.53250000
vn -0.70660000 -0.59890000 -0.37680000
vn 0.00680000 -0.84640000 -0.53250000
vn -0.00120000 -0.80000000 -0.60000000
vn -0.70700000 -0.56580000 -0.42440000
vn -0.00380000 -0.73540000 0.67770000
vn -0.77110000 -0.48040000 0.41780000
vn -0.70620000 -0.52070000 0.47980000
vn 0.00080000 -0.80000000 0.60000000
vn -0.70700000 -0.56580000 0.42440000
vn 0.00210000 -0.79640000 0.60480000
vn 0.02090000 -0.66370000 0.74770000
vn -0.70620000 -0.52070000 0.47980000
vn -0.00380000 -0.73540000 0.67770000
vn -0.01450000 -0.75590000 0.65450000
vn -0.70700000 -0.46950000 0.52890000
vn -0.00720000 -0.70770000 0.70650000
vn 0.02090000 -0.66370000 0.74770000
vn -0.00000000 -0.58500000 0.81100000
vn -0.70620000 -0.41420000 0.57420000
vn -0.70700000 -0.46950000 0.52890000
vn -0.77010000 -0.38750000 0.50670000
vn -0.02350000 -0.73840000 0.67390000
vn -0.00000000 -0.66090000 0.75050000
vn -0.00050000 -0.50090000 0.86550000
vn -0.00460000 -0.59280000 0.80540000
vn -0.70700000 -0.35430000 0.61210000
vn -0.70620000 -0.41420000 0.57420000
vn -0.01820000 -0.62960000 0.77670000
vn -0.00000000 -0.58500000 0.81100000
vn -0.00000000 -0.53950000 0.84200000
vn -0.00000000 -0.51740000 0.85570000
vn -0.76910000 -0.27840000 0.57530000
vn -0.70610000 -0.29100000 0.64550000
vn -0.00000000 -0.49460000 0.86910000
vn -0.00000000 -0.41100000 0.91160000
vn -0.00050000 -0.50090000 0.86550000
vn -0.70700000 -0.35430000 0.61210000
vn -0.00120000 -0.37840000 0.92560000
vn -0.01580000 -0.46560000 0.88480000
vn 0.00140000 -0.33710000 0.94150000
vn -0.00200000 -0.38920000 0.92120000
vn -0.70700000 -0.22470000 0.67060000
vn -0.00010000 -0.31780000 0.94820000
vn -0.70610000 -0.29100000 0.64550000
vn -0.00580000 -0.42960000 0.90300000
vn -0.00000000 -0.41100000 0.91160000
vn -0.00160000 -0.38420000 0.92320000
vn -0.00010000 -0.31780000 0.94820000
vn -0.00000000 -0.22050000 0.97540000
vn -0.70700000 -0.22470000 0.67060000
vn -0.70610000 -0.15610000 0.69070000
vn -0.76800000 -0.15760000 0.62080000
vn -0.00950000 -0.26150000 0.96520000
vn 0.00020000 -0.12180000 0.99260000
vn -0.00510000 -0.22960000 0.97330000
vn -0.70610000 -0.15610000 0.69070000
vn -0.00000000 -0.22050000 0.97540000
vn -0.70700000 -0.08610000 0.70200000
vn -0.00030000 -0.18940000 0.98190000
vn -0.00000000 -0.12490000 0.99220000
vn -0.00000000 -0.09050000 0.99590000
vn -0.00070000 -0.04830000 0.99880000
vn -0.70700000 -0.08610000 0.70200000
vn -0.74740000 -0.04900000 0.66260000
vn -0.70670000 -0.03420000 0.70670000
vn 0.00020000 -0.12180000 0.99260000
vn -0.00410000 -0.07760000 0.99700000
vn -0.00070000 -0.04830000 0.99880000
vn -0.70670000 -0.03420000 0.70670000
vn 0.00050000 -0.02420000 0.99970000
vn -0.00290000 -0.06560000 0.99780000
vn -0.70700000 0.01930000 0.70700000
vn -0.00030000 0.02730000 0.99960000
vn -0.00020000 0.07920000 0.99690000
vn 0.00080000 0.04660000 0.99890000
vn -0.00080000 0.08980000 0.99600000
vn -0.70700000 0.01930000 0.70700000
vn -0.00030000 0.02730000 0.99960000
vn -0.70700000 0.05600000 0.70500000
vn -0.70610000 0.12700000 0.69670000
vn -0.70700000 0.05600000 0.70500000
vn -0.00000000 0.10720000 0.99420000
vn -0.00020000 0.07920000 0.99690000
vn -0.00040000 0.14710000 0.98910000
vn -0.00410000 0.17930000 0.98380000
vn -0.00000000 0.10110000 0.99490000
vn -0.76560000 0.09980000 0.63550000
vn -0.70610000 0.12700000 0.69670000
vn -0.00410000 0.17930000 0.98380000
vn 0.00040000 0.22280000 0.97490000
vn -0.00040000 0.27690000 0.96090000
vn -0.00020000 0.26960000 0.96300000
vn -0.00010000 0.26430000 0.96440000
vn -0.70700000 0.19580000 0.67960000
vn -0.01080000 0.40690000 0.91340000
vn -0.00040000 0.27690000 0.96090000
vn -0.00320000 0.37240000 0.92810000
vn -0.00000000 0.32630000 0.94530000
vn -0.70610000 0.26370000 0.65720000
vn -0.70700000 0.19580000 0.67960000
vn -0.76440000 0.22590000 0.60390000
vn -0.00310000 0.35920000 0.93330000
vn -0.00650000 0.38640000 0.92230000
vn -0.00000000 0.28610000 0.95820000
vn -0.70610000 0.26370000 0.65720000
vn -0.70700000 0.32770000 0.62670000
vn -0.00320000 0.37240000 0.92810000
vn -0.00070000 0.41610000 0.90930000
vn 0.00160000 0.46340000 0.88610000
vn -0.00000000 0.48970000 0.87190000
vn -0.00570000 0.55050000 0.83480000
vn -0.00000000 0.45130000 0.89240000
vn 0.00160000 0.46340000 0.88610000
vn -0.00120000 0.53080000 0.84750000
vn -0.70700000 0.32770000 0.62670000
vn -0.70600000 0.38980000 0.59120000
vn -0.76310000 0.34330000 0.54760000
vn -0.70600000 0.38980000 0.59120000
vn 0.00230000 0.60640000 0.79520000
vn -0.70700000 0.44640000 0.54850000
vn -0.00570000 0.55050000 0.83480000
vn -0.00030000 0.63120000 0.77560000
vn -0.00000000 0.65560000 0.75510000
vn -0.00630000 0.70630000 0.70790000
vn -0.70700000 0.44640000 0.54850000
vn -0.70600000 0.50020000 0.50140000
vn -0.76180000 0.44740000 0.46860000
vn -0.00000000 0.64560000 0.76370000
vn -0.00320000 0.69920000 0.71500000
vn -0.00050000 0.66360000 0.74810000
vn -0.00030000 0.63120000 0.77560000
vn -0.00630000 0.70630000 0.70790000
vn -0.00000000 0.77360000 0.63370000
vn 0.00240000 0.76130000 0.64840000
vn -0.70700000 0.54710000 0.44810000
vn -0.70600000 0.50020000 0.50140000
vn -0.70600000 0.59030000 0.39130000
vn -0.70700000 0.54710000 0.44810000
vn -0.00000000 0.78880000 0.61470000
vn -0.02400000 0.85290000 0.52150000
vn -0.01780000 0.84560000 0.53350000
vn -0.00000000 0.77360000 0.63370000
vn -0.00740000 0.83350000 0.55240000
vn -0.00090000 0.81670000 0.57700000
vn -0.76040000 0.53370000 0.37020000
vn -0.70600000 0.59030000 0.39130000
vn 0.00020000 0.88470000 0.46620000
vn 0.00260000 0.87780000 0.47900000
vn -0.00740000 0.83350000 0.55240000
vn -0.00080000 0.91390000 0.40600000
vn -0.75890000 0.59870000 0.25610000
vn -0.01450000 0.92710000 0.37460000
vn 0.00020000 0.88470000 0.46620000
vn -0.70600000 0.65670000 0.26530000
vn -0.00040000 0.96000000 0.27990000
vn -0.70700000 0.67890000 0.19800000
vn -0.70600000 0.65670000 0.26530000
vn 0.00190000 0.94400000 0.32990000
vn -0.01450000 0.92710000 0.37460000
vn -0.70590000 0.69650000 0.12870000
vn -0.01680000 0.98320000 0.18160000
vn 0.00010000 0.96090000 0.27680000
vn 0.00020000 0.97180000 0.23600000
vn -0.00040000 0.96000000 0.27990000
vn -0.70700000 0.67890000 0.19800000
vn -0.75740000 0.63960000 0.13110000
vn -0.70590000 0.69650000 0.12870000
vn -0.70670000 0.70660000 0.03570000
vn -0.00040000 0.99300000 0.11780000
vn 0.00050000 0.99640000 0.08470000
vn -0.01680000 0.98320000 0.18160000
vn -0.00760000 0.99870000 0.05050000
vn -0.01020000 0.98520000 0.17130000
vn -0.00010000 0.99870000 -0.05050000
vn -0.70660000 0.70670000 -0.03570000
vn -0.00390000 0.99910000 0.04150000
vn -0.00760000 0.99870000 0.05050000
vn -0.00000000 1.00000000 0.00940000
vn -0.70670000 0.70670000 -0.03570000
vn -0.70670000 0.70660000 0.03570000
vn 0.00080000 0.99640000 -0.08460000
vn -0.00010000 0.99870000 -0.05050000
vn -0.76750000 0.63040000 -0.11640000
vn -0.01150000 0.99940000 -0.03280000
vn -0.00200000 0.98340000 -0.18160000
vn -0.70530000 0.69440000 -0.14230000
vn -0.70670000 0.70670000 -0.03570000
vn -0.76750000 0.63040000 -0.11640000
vn -0.02340000 0.98680000 -0.16030000
vn 0.00010000 0.96000000 -0.27990000
vn -0.70700000 0.67890000 -0.19800000
vn 0.00010000 0.97180000 -0.23570000
vn -0.00200000 0.98340000 -0.18160000
vn -0.76980000 0.59180000 -0.23910000
vn -0.70700000 0.67890000 -0.19800000
vn -0.70530000 0.65180000 -0.27890000
vn 0.00010000 0.96000000 -0.27990000
vn -0.00070000 0.96100000 -0.27650000
vn 0.00390000 0.92720000 -0.37460000
vn 0.00390000 0.92720000 -0.37460000
vn -0.00100000 0.91390000 -0.40600000
vn -0.03030000 0.94060000 -0.33820000
vn -0.76980000 0.59180000 -0.23910000
vn -0.70700000 0.62560000 -0.32970000
vn 0.00010000 0.88470000 -0.46620000
vn -0.00730000 0.83350000 -0.55240000
vn 0.00010000 0.88470000 -0.46620000
vn 0.00250000 0.87780000 -0.47910000
vn -0.70530000 0.58250000 -0.40410000
vn -0.77210000 0.52970000 -0.35110000
vn -0.70700000 0.62560000 -0.32970000
vn -0.70700000 0.54700000 -0.44820000
vn -0.00730000 0.83350000 -0.55240000
vn -0.00000000 0.79730000 -0.60360000
vn -0.00000000 0.77360000 -0.63370000
vn -0.00650000 0.83220000 -0.55440000
vn -0.77210000 0.52970000 -0.35110000
vn 0.00060000 0.77020000 -0.63770000
vn -0.00220000 0.70630000 -0.70790000
vn -0.70700000 0.54700000 -0.44820000
vn -0.77430000 0.44700000 -0.44800000
vn -0.70530000 0.48950000 -0.51280000
vn -0.00000000 0.77360000 -0.63370000
vn -0.00220000 0.70630000 -0.70790000
vn -0.00200000 0.68060000 -0.73270000
vn -0.00960000 0.71920000 -0.69470000
vn -0.00080000 0.66850000 -0.74370000
vn -0.00000000 0.63120000 -0.77560000
vn -0.00000000 0.65560000 -0.75510000
vn -0.77430000 0.44700000 -0.44800000
vn -0.70700000 0.44640000 -0.54850000
vn -0.77650000 0.34680000 -0.52600000
vn -0.70700000 0.44640000 -0.54850000
vn -0.00000000 0.63120000 -0.77560000
vn -0.70530000 0.37660000 -0.60060000
vn 0.00130000 0.62060000 -0.78410000
vn -0.00370000 0.55050000 -0.83490000
vn -0.00370000 0.55050000 -0.83490000
vn -0.00000000 0.46340000 -0.88610000
vn -0.00000000 0.49830000 -0.86700000
vn -0.77650000 0.34680000 -0.52600000
vn -0.00380000 0.55080000 -0.83470000
vn -0.70700000 0.32770000 -0.62670000
vn 0.00020000 0.46180000 -0.88700000
vn -0.00000000 0.46340000 -0.88610000
vn -0.70700000 0.32770000 -0.62670000
vn -0.70530000 0.24830000 -0.66400000
vn -0.77870000 0.23360000 -0.58230000
vn -0.00050000 0.37240000 -0.92810000
vn -0.00280000 0.36910000 -0.92940000
vn -0.00000000 0.27690000 -0.96090000
vn -0.01130000 0.40910000 -0.91240000
vn -0.01430000 0.42200000 -0.90650000
vn -0.00000000 0.31480000 -0.94910000
vn -0.77870000 0.23360000 -0.58230000
vn -0.70700000 0.19580000 -0.67960000
vn -0.00050000 0.37240000 -0.92810000
vn -0.00000000 0.27690000 -0.96090000
vn 0.00010000 0.27590000 -0.96120000
vn -0.70700000 0.19580000 -0.67960000
vn -0.00410000 0.17930000 -0.98380000
vn -0.00010000 0.21420000 -0.97680000
vn -0.70530000 0.11000000 -0.70030000
vn -0.78090000 0.11200000 -0.61460000
vn -0.00410000 0.17930000 -0.98380000
vn -0.00000000 0.10030000 -0.99500000
vn -0.00010000 0.07920000 -0.99690000
vn -0.00050000 0.14440000 -0.98950000
vn -0.78090000 0.11200000 -0.61460000
vn -0.70700000 0.05600000 -0.70500000
vn -0.00000000 0.10880000 -0.99410000
vn -0.70700000 0.01930000 -0.70700000
vn -0.00010000 0.07920000 -0.99690000
vn 0.00080000 0.06560000 -0.99780000
vn -0.00050000 0.02730000 -0.99960000
vn -0.70700000 0.05600000 -0.70500000
vn -0.70620000 -0.05220000 -0.70610000
vn -0.70700000 0.01930000 -0.70700000
vn -0.76560000 -0.03110000 -0.64260000
vn -0.00120000 -0.04830000 -0.99880000
vn 0.00080000 -0.00470000 -1.00000000
vn -0.00190000 -0.05540000 -0.99850000
vn -0.00050000 0.02730000 -0.99960000
vn -0.00000000 -0.12180000 -0.99260000
vn -0.00000000 -0.08390000 -0.99650000
vn -0.70700000 -0.08610000 -0.70200000
vn -0.76560000 -0.03110000 -0.64260000
vn -0.00120000 -0.04830000 -0.99880000
vn -0.00000000 -0.12180000 -0.99260000
vn -0.70530000 -0.17440000 -0.68710000
vn 0.00020000 -0.17780000 -0.98410000
vn -0.78510000 -0.13660000 -0.60410000
vn -0.00370000 -0.21750000 -0.97610000
vn -0.00010000 -0.11990000 -0.99280000
vn -0.70700000 -0.08610000 -0.70200000
vn -0.00390000 -0.22050000 -0.97540000
vn -0.00500000 -0.22910000 -0.97340000
vn -0.70700000 -0.22470000 -0.67060000
vn -0.78510000 -0.13660000 -0.60410000
vn -0.00000000 -0.26490000 -0.96430000
vn -0.00000000 -0.31780000 -0.94820000
vn -0.00390000 -0.22050000 -0.97540000
vn 0.00120000 -0.35470000 -0.93500000
vn -0.00000000 -0.31780000 -0.94820000
vn -0.00590000 -0.42960000 -0.90300000
vn -0.70530000 -0.30880000 -0.63810000
vn -0.70700000 -0.22470000 -0.67060000
vn -0.78720000 -0.25350000 -0.56220000
vn -0.00080000 -0.41100000 -0.91160000
vn -0.00120000 -0.30340000 -0.95290000
vn -0.00080000 -0.41100000 -0.91160000
vn -0.00050000 -0.50090000 -0.86550000
vn -0.00000000 -0.47430000 -0.88040000
vn -0.78720000 -0.25350000 -0.56220000
vn -0.70700000 -0.35430000 -0.61210000
vn -0.00000000 -0.49440000 -0.86930000
vn -0.70530000 -0.43070000 -0.56310000
vn -0.00000000 -0.51720000 -0.85590000
vn -0.00050000 -0.50090000 -0.86550000
vn -0.70700000 -0.35430000 -0.61210000
vn 0.00010000 -0.56380000 -0.82590000
vn -0.00500000 -0.58500000 -0.81100000
vn -0.78920000 -0.35920000 -0.49810000
vn 0.01470000 -0.66380000 -0.74780000
vn -0.00500000 -0.58500000 -0.81100000
vn -0.00690000 -0.70710000 -0.70710000
vn -0.70700000 -0.46950000 -0.52890000
vn -0.78920000 -0.35920000 -0.49810000
vn -0.00000000 -0.66000000 -0.75120000
vn -0.00000000 -0.62300000 -0.78220000
vn -0.70530000 -0.53500000 -0.46520000
vn -0.00000000 -0.73540000 -0.67770000
vn -0.70700000 -0.46950000 -0.52890000
vn 0.01470000 -0.66380000 -0.74780000
vn -0.01390000 -0.75710000 -0.65310000
vn -0.79120000 -0.44970000 -0.41440000
vn -0.00000000 -0.73540000 -0.67770000
vn -0.79120000 -0.44970000 -0.41440000
vn -0.70700000 -0.56580000 -0.42440000
vn -0.00000000 -0.79020000 -0.61290000
vn -0.00120000 -0.80000000 -0.60000000
f 169//169 298//298 300//300
f 300//300 298//298 308//308
f 309//309 319//319 323//323
f 314//314 320//320 330//330
f 324//324 321//321 304//304
f 325//325 303//303 305//305
f 318//318 311//311 334//334
f 331//331 313//313 338//338
f 333//333 337//337 341//341
f 347//347 354//354 361//361
f 370//370 373//373 348//348
f 350//350 362//362 364//364
f 363//363 358//358 342//342
f 369//369 344//344 339//339
f 377//377 382//382 387//387
f 379//379 388//388 403//403
f 404//404 390//390 398//398
f 405//405 395//395 409//409
f 412//412 416//416 376//376
f 375//375 417//417 423//423
f 381//381 422//422 384//384
f 427//427 431//431 433//433
f 424//424 437//437 443//443
f 440//440 436//436 414//414
f 441//441 415//415 411//411
f 429//429 426//426 161//161
f 161//161 426//426 445//445
f 450//450 455//455 456//456
f 461//461 466//466 468//468
f 463//463 469//469 479//479
f 449//449 459//459 485//485
f 484//484 458//458 489//489
f 484//484 489//489 492//492
f 497//497 490//490 498//498
f 493//493 500//500 505//505
f 504//504 499//499 507//507
f 504//504 507//507 510//510
f 512//512 509//509 518//518
f 514//514 519//519 522//522
f 527//527 453//453 473//473
f 470//470 452//452 448//448
f 474//474 447//447 480//480
f 481//481 451//451 486//486
f 477//477 487//487 529//529
f 530//530 488//488 495//495
f 531//531 496//496 533//533
f 538//538 494//494 503//503
f 534//534 506//506 542//542
f 541//541 502//502 511//511
f 541//541 511//511 547//547
f 546//546 513//513 520//520
f 546//546 520//520 550//550
f 365//365 340//340 549//549
f 548//548 521//521 368//368
f 367//367 523//523 515//515
f 366//366 517//517 371//371
f 401//401 406//406 553//553
f 554//554 560//560 399//399
f 400//400 558//558 562//562
f 402//402 567//567 378//378
f 563//563 559//559 568//568
f 561//561 556//556 574//574
f 561//561 574//574 571//571
f 569//569 573//573 576//576
f 569//569 576//576 582//582
f 583//583 577//577 585//585
f 583//583 585//585 591//591
f 592//592 584//584 596//596
f 590//590 593//593 599//599
f 601//601 594//594 603//603
f 597//597 602//602 606//606
f 610//610 604//604 611//611
f 610//610 611//611 618//618
f 614//614 613//613 619//619
f 617//617 620//620 626//626
f 564//564 572//572 635//635
f 636//636 570//570 581//581
f 637//637 579//579 642//642
f 640//640 580//580 588//588
f 641//641 587//587 645//645
f 643//643 589//589 598//598
f 643//643 598//598 648//648
f 649//649 600//600 607//607
f 652//652 608//608 654//654
f 656//656 609//609 615//615
f 656//656 615//615 659//659
f 660//660 616//616 625//625
f 658//658 627//627 667//667
f 669//669 672//672 677//677
f 669//669 677//677 679//679
f 681//681 674//674 689//689
f 680//680 688//688 691//691
f 694//694 708//708 710//710
f 694//694 710//710 717//717
f 716//716 711//711 718//718
f 716//716 718//718 723//723
f 721//721 713//713 731//731
f 712//712 705//705 735//735
f 712//712 735//735 729//729
f 730//730 733//733 744//744
f 732//732 745//745 747//747
f 750//750 746//746 754//754
f 751//751 753//753 763//763
f 762//762 756//756 767//767
f 762//762 767//767 771//771
f 721//721 731//731 776//776
f 777//777 728//728 749//749
f 777//777 749//749 785//785
f 786//786 748//748 759//759
f 784//784 760//760 788//788
f 791//791 761//761 770//770
f 791//791 770//770 794//794
f 312//312 766//766 336//336
f 336//336 766//766 551//551
f 800//800 806//806 812//812
f 807//807 819//819 823//823
f 804//804 824//824 811//811
f 810//810 825//825 831//831
f 809//809 832//832 834//834
f 839//839 833//833 846//846
f 838//838 843//843 849//849
f 848//848 842//842 697//697
f 848//848 697//697 714//714
f 800//800 812//812 853//853
f 855//855 813//813 836//836
f 851//851 835//835 861//861
f 860//860 837//837 847//847
f 860//860 847//847 866//866
f 867//867 850//850 715//715
f 867//867 715//715 725//725
f 438//438 410//410 814//814
f 818//818 808//808 444//444
f 439//439 805//805 801//801
f 442//442 802//802 428//428
f 870//870 803//803 872//872
f 873//873 798//798 856//856
f 871//871 854//854 874//874
f 875//875 852//852 876//876
f 878//878 857//857 858//858
f 877//877 862//862 879//879
f 880//880 863//863 881//881
f 883//883 859//859 865//865
f 882//882 864//864 884//884
f 886//886 868//868 724//724
f 885//885 726//726 887//887
f 327//327 306//306 796//796
f 795//795 772//772 326//326
f 329//329 773//773 769//769
f 328//328 768//768 310//310
f 891//891 720//720 892//892
f 893//893 719//719 775//775
f 894//894 774//774 896//896
f 895//895 779//779 898//898
f 899//899 778//778 781//781
f 897//897 780//780 901//901
f 900//900 782//782 902//902
f 903//903 783//783 787//787
f 904//904 789//789 907//907
f 906//906 790//790 793//793
f 905//905 797//797 909//909
f 914//914 915//915 916//916
f 917//917 918//918 915//915
f 919//919 914//914 920//920
f 917//917 915//915 921//921
f 922//922 923//923 918//918
f 918//918 923//923 924//924
f 918//918 924//924 915//915
f 915//915 924//924 925//925
f 915//915 925//925 916//916
f 915//915 926//926 921//921
f 921//921 926//926 927//927
f 921//921 927//927 928//928
f 928//928 927//927 929//929
f 930//930 931//931 932//932
f 933//933 920//920 914//914
f 933//933 914//914 934//934
f 934//934 914//914 916//916
f 929//929 935//935 928//928
f 928//928 935//935 936//936
f 928//928 936//936 937//937
f 932//932 938//938 930//930
f 930//930 938//938 939//939
f 930//930 939//939 918//918
f 918//918 939//939 940//940
f 918//918 940//940 922//922
f 941//941 942//942 943//943
f 943//943 942//942 944//944
f 943//943 944//944 920//920
f 920//920 944//944 945//945
f 920//920 945//945 919//919
f 946//946 948//948 949//949
f 949//949 948//948 951//951
f 949//949 951//951 937//937
f 937//937 951//951 952//952
f 937//937 952//952 928//928
f 964//964 960//960 959//959
f 955//955 956//956 957//957
f 970//970 971//971 969//969
f 969//969 971//971 967//967
f 969//969 967//967 954//954
f 954//954 967//967 953//953
f 961//961 962//962 960//960
f 960//960 962//962 963//963
f 960//960 963//963 959//959
f 966//966 965//965 972//972
f 972//972 965//965 964//964
f 972//972 964//964 968//968
f 968//968 964//964 959//959
f 968//968 959//959 967//967
f 967//967 959//959 955//955
f 967//967 955//955 953//953
f 953//953 955//955 957//957
f 953//953 957//957 958//958
f 913//913 950//950 947//947
f 890//890 911//911 722//722
f 722//722 911//911 912//912
f 722//722 912//912 727//727
f 727//727 912//912 910//910
f 727//727 910//910 888//888
f 792//792 307//307 297//297
f 297//297 908//908 792//792
f 869//869 889//889 799//799
f 799//799 889//889 446//446
f 799//799 446//446 425//425
f 380//380 566//566 413//413
f 413//413 566//566 815//815
f 974//974 695//695 665//665
f 663//663 701//701 840//840
f 664//664 841//841 661//661
f 975//975 981//981 699//699
f 698//698 980//980 982//982
f 696//696 983//983 989//989
f 662//662 844//844 657//657
f 655//655 845//845 829//829
f 653//653 827//827 650//650
f 651//651 828//828 646//646
f 644//644 830//830 821//821
f 647//647 820//820 638//638
f 639//639 822//822 634//634
f 632//632 826//826 817//817
f 633//633 816//816 565//565
f 994//994 704//704 996//996
f 999//999 706//706 1000//1000
f 992//992 1006//1006 703//703
f 707//707 1009//1009 1014//1014
f 702//702 1015//1015 739//739
f 734//734 1012//1012 467//467
f 552//552 765//765 544//544
f 543//543 764//764 758//758
f 743//743 535//535 757//757
f 752//752 536//536 539//539
f 755//755 540//540 545//545
f 465//465 460//460 736//736
f 737//737 462//462 482//482
f 738//738 483//483 741//741
f 740//740 478//478 532//532
f 742//742 528//528 537//537
f 1017//1017 1003//1003 709//709
f 991//991 1019//1019 700//700
f 700//700 1019//1019 693//693
f 700//700 693//693 709//709
f 709//709 693//693 687//687
f 709//709 687//687 1017//1017
f 1023//1023 1028//1028 1030//1030
f 1018//1018 690//690 1032//1032
f 1036//1036 686//686 676//676
f 1031//1031 675//675 1024//1024
f 1025//1025 678//678 671//671
f 1037//1037 682//682 1040//1040
f 692//692 1020//1020 685//685
f 684//684 1022//1022 1045//1045
f 683//683 1049//1049 1042//1042
f 1021//1021 987//987 1047//1047
f 1046//1046 990//990 1052//1052
f 1048//1048 1050//1050 1043//1043
f 988//988 986//986 1054//1054
f 1053//1053 985//985 1056//1056
f 1062//1062 1055//1055 1066//1066
f 630//630 623//623 1059//1059
f 1057//1057 622//622 1069//1069
f 1058//1058 1070//1070 1067//1067
f 1061//1061 984//984 977//977
f 1060//1060 979//979 629//629
f 628//628 978//978 973//973
f 631//631 976//976 666//666
f 995//995 998//998 1080//1080
f 993//993 1079//1079 1010//1010
f 475//475 464//464 1011//1011
f 1013//1013 1007//1007 472//472
f 476//476 1008//1008 1078//1078
f 471//471 1077//1077 524//524
f 525//525 1074//1074 1083//1083
f 1087//1087 1084//1084 1076//1076
f 997//997 1002//1002 1073//1073
f 1075//1075 1001//1001 1091//1091
f 1081//1081 1088//1088 1086//1086
f 1027//1027 1089//1089 1034//1034
f 1033//1033 1090//1090 1004//1004
f 1035//1035 1005//1005 1016//1016
f 457//457 454//454 1093//1093
f 1051//1051 1063//1063 1102//1102
f 1093//1093 454//454 1106//1106
f 1106//1106 454//454 526//526
f 1106//1106 526//526 1112//1112
f 1112//1112 526//526 1120//1120
f 1120//1120 526//526 1082//1082
f 1120//1120 1082//1082 1125//1125
f 668//668 1102//1102 1127//1127
f 595//595 1132//1132 605//605
f 605//605 1132//1132 1137//1137
f 605//605 1137//1137 612//612
f 1144//1144 372//372 516//516
f 1082//1082 1085//1085 1125//1125
f 1125//1125 1085//1085 1092//1092
f 1125//1125 1092//1092 1029//1029
f 670//670 1038//1038 1101//1101
f 1100//1100 1039//1039 1041//1041
f 1102//1102 1044//1044 1051//1051
f 1137//1137 1148//1148 612//612
f 612//612 1148//1148 1154//1154
f 612//612 1154//1154 621//621
f 621//621 1154//1154 1159//1159
f 624//624 1160//1160 1068//1068
f 1072//1072 1159//1159 1102//1102
f 1071//1071 1099//1099 1064//1064
f 1065//1065 1102//1102 1063//1063
f 557//557 407//407 1161//1161
f 1144//1144 516//516 1167//1167
f 1127//1127 1173//1173 668//668
f 668//668 1173//1173 1176//1176
f 668//668 1176//1176 673//673
f 673//673 1176//1176 1125//1125
f 673//673 1125//1125 1026//1026
f 1026//1026 1125//1125 1029//1029
f 1164//1164 1178//1178 555//555
f 555//555 1178//1178 1183//1183
f 555//555 1183//1183 575//575
f 575//575 1183//1183 1192//1192
f 575//575 1192//1192 578//578
f 578//578 1192//1192 1195//1195
f 578//578 1195//1195 586//586
f 586//586 1195//1195 1201//1201
f 586//586 1201//1201 595//595
f 595//595 1201//1201 1202//1202
f 595//595 1202//1202 1132//1132
f 1093//1093 1207//1207 457//457
f 457//457 1207//1207 1213//1213
f 457//457 1213//1213 491//491
f 491//491 1213//1213 1216//1216
f 491//491 1216//1216 501//501
f 501//501 1216//1216 1219//1219
f 501//501 1219//1219 508//508
f 508//508 1219//1219 1225//1225
f 508//508 1225//1225 516//516
f 516//516 1225//1225 1232//1232
f 516//516 1232//1232 1167//1167
f 397//397 392//392 1235//1235
f 1165//1165 408//408 396//396
f 1240//1240 357//357 1142//1142
f 1141//1141 355//355 351//351
f 1142//1142 349//349 374//374
f 396//396 1238//1238 1165//1165
f 1162//1162 1234//1234 1248//1248
f 1163//1163 1245//1245 1179//1179
f 1246//1246 1251//1251 1182//1182
f 1181//1181 1254//1254 1259//1259
f 1180//1180 1260//1260 1187//1187
f 1258//1258 1266//1266 1186//1186
f 1185//1185 1265//1265 1276//1276
f 1184//1184 1271//1271 1190//1190
f 1272//1272 1283//1283 1191//1191
f 1189//1189 1281//1281 1289//1289
f 1188//1188 1291//1291 1197//1197
f 1290//1290 1295//1295 1193//1193
f 1196//1196 1297//1297 1302//1302
f 1194//1194 1303//1303 1200//1200
f 1199//1199 1304//1304 1308//1308
f 1198//1198 1311//1311 1205//1205
f 1311//1311 1316//1316 1205//1205
f 1203//1203 1318//1318 1320//1320
f 1204//1204 1326//1326 1131//1131
f 1319//1319 1327//1327 1130//1130
f 1133//1133 1333//1333 1339//1339
f 1134//1134 1340//1340 1136//1136
f 1338//1338 1344//1344 1135//1135
f 1139//1139 1345//1345 1354//1354
f 1138//1138 1356//1356 1150//1150
f 1355//1355 1357//1357 1147//1147
f 1146//1146 1359//1359 1364//1364
f 1149//1149 1366//1366 1152//1152
f 1365//1365 1375//1375 1151//1151
f 1155//1155 1374//1374 1377//1377
f 1153//1153 1384//1384 1156//1156
f 1376//1376 1385//1385 1158//1158
f 1157//1157 1390//1390 1104//1104
f 1393//1393 1396//1396 1098//1098
f 1105//1105 1395//1395 1404//1404
f 1103//1103 1405//1405 1126//1126
f 1129//1129 1399//1399 1406//1406
f 1128//1128 1407//1407 1171//1171
f 1171//1171 1407//1407 1419//1419
f 1172//1172 1414//1414 1174//1174
f 1175//1175 1418//1418 1426//1426
f 1177//1177 1425//1425 1123//1123
f 1422//1422 1427//1427 1124//1124
f 1121//1121 1430//1430 1434//1434
f 1122//1122 1435//1435 1119//1119
f 1433//1433 1442//1442 1117//1117
f 1118//1118 1443//1443 1450//1450
f 1116//1116 1448//1448 1115//1115
f 1449//1449 1456//1456 1113//1113
f 1111//1111 1451//1451 1459//1459
f 1114//1114 1461//1461 1110//1110
f 1460//1460 1469//1469 1109//1109
f 1107//1107 1470//1470 1472//1472
f 1108//1108 1474//1474 1096//1096
f 1471//1471 1480//1480 1095//1095
f 1097//1097 1482//1482 1485//1485
f 1094//1094 1486//1486 1206//1206
f 1487//1487 1494//1494 1209//1209
f 1210//1210 1495//1495 1499//1499
f 1208//1208 1502//1502 1214//1214
f 1503//1503 1508//1508 1215//1215
f 1211//1211 1509//1509 1515//1515
f 1212//1212 1511//1511 1218//1218
f 1218//1218 1511//1511 1517//1517
f 1217//1217 1516//1516 1222//1222
f 1518//1518 1526//1526 1223//1223
f 1221//1221 1525//1525 1534//1534
f 1220//1220 1529//1529 1228//1228
f 1531//1531 1538//1538 1226//1226
f 1227//1227 1537//1537 1546//1546
f 1224//1224 1545//1545 1230//1230
f 1547//1547 1553//1553 1229//1229
f 1233//1233 1554//1554 1559//1559
f 1231//1231 1556//1556 1169//1169
f 1562//1562 1567//1567 1170//1170
f 1166//1166 1566//1566 1572//1572
f 1168//1168 1570//1570 1145//1145
f 1140//1140 1575//1575 1577//1577
f 1143//1143 1578//1578 1243//1243
f 147//147 144//144 1262//1262
f 1400//1400 15//15 1410//1410
f 1412//1412 14//14 12//12
f 1391//1391 32//32 1398//1398
f 1397//1397 31//31 36//36
f 1394//1394 35//35 1403//1403
f 1401//1401 34//34 38//38
f 1402//1402 37//37 13//13
f 39//39 26//26 1380//1380
f 1379//1379 27//27 25//25
f 1382//1382 23//23 1388//1388
f 1387//1387 24//24 28//28
f 1386//1386 29//29 1392//1392
f 1389//1389 30//30 33//33
f 47//47 1369//1369 48//48
f 49//49 1362//1362 66//66
f 1368//1368 46//46 44//44
f 1363//1363 45//45 1371//1371
f 1373//1373 43//43 52//52
f 1372//1372 51//51 1381//1381
f 1378//1378 50//50 42//42
f 1383//1383 41//41 40//40
f 65//65 1367//1367 72//72
f 71//71 1370//1370 1361//1361
f 70//70 1358//1358 68//68
f 69//69 1360//1360 1350//1350
f 67//67 1353//1353 63//63
f 77//77 85//85 1341//1341
f 84//84 53//53 1342//1342
f 1334//1334 54//54 55//55
f 1336//1336 56//56 1346//1346
f 1347//1347 57//57 58//58
f 1348//1348 59//59 1352//1352
f 1351//1351 60//60 62//62
f 1349//1349 61//61 64//64
f 75//75 73//73 1332//1332
f 1331//1331 74//74 81//81
f 1330//1330 82//82 1335//1335
f 1343//1343 83//83 79//79
f 1337//1337 80//80 78//78
f 76//76 1329//1329 87//87
f 86//86 1328//1328 1324//1324
f 88//88 1323//1323 90//90
f 1313//1313 95//95 1322//1322
f 1325//1325 94//94 91//91
f 1321//1321 92//92 89//89
f 104//104 1306//1306 106//106
f 107//107 1307//1307 1301//1301
f 105//105 1300//1300 108//108
f 103//103 101//101 1310//1310
f 1309//1309 102//102 98//98
f 1312//1312 99//99 1317//1317
f 1314//1314 100//100 97//97
f 1315//1315 96//96 93//93
f 109//109 1299//1299 111//111
f 110//110 1305//1305 1293//1293
f 112//112 1298//1298 113//113
f 1282//1282 119//119 1287//1287
f 1288//1288 118//118 1296//1296
f 1292//1292 117//117 115//115
f 1294//1294 116//116 114//114
f 128//128 126//126 1280//1280
f 125//125 124//124 1286//1286
f 1277//1277 123//123 122//122
f 1279//1279 121//121 120//120
f 139//139 137//137 1269//1269
f 1270//1270 138//138 135//135
f 1263//1263 134//134 1275//1275
f 1273//1273 136//136 131//131
f 1274//1274 132//132 1285//1285
f 1278//1278 133//133 130//130
f 1284//1284 129//129 127//127
f 1257//1257 145//145 1268//1268
f 1267//1267 143//143 142//142
f 1264//1264 141//141 140//140
f 394//394 389//389 385//385
f 393//393 158//158 1239//1239
f 1236//1236 159//159 164//164
f 1237//1237 165//165 1247//1247
f 1249//1249 163//163 168//168
f 1244//1244 166//166 1252//1252
f 1253//1253 167//167 152//152
f 1250//1250 151//151 1256//1256
f 1261//1261 150//150 149//149
f 1255//1255 148//148 146//146
f 391//391 383//383 160//160
f 157//157 386//386 420//420
f 154//154 421//421 418//418
f 419//419 435//435 155//155
f 156//156 434//434 430//430
f 153//153 432//432 162//162
f 11//11 10//10 1408//1408
f 1409//1409 9//9 6//6
f 1411//1411 8//8 1416//1416
f 1415//1415 7//7 16//16
f 1417//1417 17//17 3//3
f 1421//1421 1413//1413 4//4
f 5//5 2//2 1423//1423
f 1420//1420 1//1 19//19
f 1424//1424 18//18 1432//1432
f 294//294 1441//1441 291//291
f 290//290 1439//1439 1438//1438
f 292//292 1437//1437 288//288
f 287//287 1436//1436 1429//1429
f 289//289 1431//1431 22//22
f 21//21 1428//1428 20//20
f 293//293 286//286 1440//1440
f 1444//1444 284//284 1446//1446
f 1447//1447 285//285 295//295
f 1445//1445 296//296 1452//1452
f 280//280 278//278 1455//1455
f 1453//1453 277//277 275//275
f 1454//1454 276//276 1462//1462
f 1457//1457 274//274 281//281
f 1458//1458 283//283 1463//1463
f 282//282 273//273 1465//1465
f 1464//1464 272//272 271//271
f 1466//1466 270//270 279//279
f 1468//1468 256//256 253//253
f 1467//1467 255//255 1473//1473
f 1475//1475 254//254 259//259
f 1476//1476 258//258 1477//1477
f 257//257 267//267 1481//1481
f 1479//1479 266//266 265//265
f 1478//1478 263//263 1484//1484
f 1483//1483 264//264 260//260
f 1488//1488 262//262 1496//1496
f 1492//1492 261//261 268//268
f 1491//1491 269//269 238//238
f 249//249 1507//1507 252//252
f 251//251 1504//1504 1500//1500
f 237//237 244//244 1489//1489
f 1493//1493 245//245 241//241
f 1490//1490 243//243 1497//1497
f 1498//1498 242//242 239//239
f 1501//1501 240//240 250//250
f 248//248 246//246 1510//1510
f 1505//1505 247//247 231//231
f 1506//1506 230//230 1512//1512
f 1513//1513 229//229 234//234
f 1514//1514 233//233 1522//1522
f 232//232 235//235 1520//1520
f 1521//1521 236//236 228//228
f 1519//1519 227//227 1527//1527
f 1524//1524 226//226 225//225
f 1523//1523 224//224 1528//1528
f 1533//1533 223//223 221//221
f 1530//1530 222//222 219//219
f 200//200 215//215 1544//1544
f 1548//1548 214//214 1550//1550
f 220//220 217//217 1532//1532
f 1536//1536 218//218 207//207
f 1535//1535 208//208 1541//1541
f 1539//1539 206//206 203//203
f 1540//1540 204//204 1543//1543
f 1549//1549 205//205 201//201
f 1542//1542 202//202 199//199
f 181//181 1569//1569 179//179
f 178//178 1564//1564 1561//1561
f 216//216 212//212 1552//1552
f 1555//1555 213//213 210//210
f 1551//1551 209//209 1558//1558
f 1557//1557 211//211 177//177
f 1560//1560 176//176 180//180
f 182//182 183//183 1568//1568
f 1565//1565 184//184 187//187
f 1563//1563 186//186 1573//1573
f 1574//1574 185//185 190//190
f 1571//1571 189//189 1576//1576
f 1579//1579 188//188 194//194
f 1580//1580 191//191 1242//1242
f 1241//1241 193//193 356//356
f 352//352 192//192 198//198
f 353//353 195//195 359//359
f 360//360 196//196 345//345
f 343//343 197//197 175//175
f 346//346 174//174 335//335
f 173//173 170//170 301//301
f 332//332 172//172 317//317
f 315//315 171//171 302//302
f 316//316 299//299 322//322

