# https://github.com/mikedh/trimesh
v 0.24616604 -0.03003390 -0.03091890
v 0.24686126 -0.03003390 -0.03090074
v 0.24686126 -0.03041037 -0.03060414
v 0.24616604 -0.03041553 -0.03061020
v 0.24549542 -0.03040934 -0.03060414
v 0.24549542 -0.03003390 -0.03090074
v 0.23853088 -0.02864663 -0.03085837
v 0.23868469 -0.02810410 -0.03089469
v 0.23853088 -0.02795042 -0.03090074
v 0.23922610 -0.02134311 -0.03091284
v 0.24825171 -0.02941092 -0.03084626
v 0.24756264 -0.03003390 -0.03087653
v 0.24804253 -0.03038768 -0.03058598
v 0.24686126 -0.03075796 -0.03025913
v 0.24616604 -0.03110761 -0.02991411
v 0.24549542 -0.03075693 -0.03025307
v 0.24447412 -0.03107564 -0.02988384
v 0.24444336 -0.03038252 -0.03057993
v 0.24416035 -0.03009682 -0.03078573
v 0.24480020 -0.03003390 -0.03086442
v 0.24340360 -0.02999986 -0.03080994
v 0.23853088 -0.02920154 -0.03069494
v 0.23799562 -0.02908911 -0.03062230
v 0.23753419 -0.02889830 -0.03056177
v 0.23779259 -0.02865695 -0.03065862
v 0.23744190 -0.02843519 -0.03058598
v 0.24270838 -0.02996170 -0.03077363
v 0.23742344 -0.02810410 -0.03059809
v 0.23741729 -0.02795042 -0.03059809
v 0.23853088 -0.02447658 -0.03090074
v 0.23853088 -0.02134311 -0.03086442
v 0.23969984 -0.02134311 -0.03071310
v 0.25854472 -0.02955222 -0.02858246
v 0.25705583 -0.02961617 -0.02923013
v 0.25497016 -0.02961926 -0.02992016
v 0.25219541 -0.02964402 -0.03060414
v 0.25173398 -0.02958007 -0.03064651
v 0.25103261 -0.02950787 -0.03069494
v 0.25034353 -0.02945836 -0.03074336
v 0.24964216 -0.02942845 -0.03078573
v 0.24894693 -0.02941504 -0.03082205
v 0.24894693 -0.03001018 -0.03082205
v 0.24827017 -0.03010197 -0.03079784
v 0.24756264 -0.03108905 -0.02989595
v 0.24850396 -0.03037840 -0.03057388
v 0.24686126 -0.03110245 -0.02990806
v 0.24686126 -0.03142220 -0.02953277
v 0.24616604 -0.03143045 -0.02953277
v 0.24549542 -0.03141395 -0.02953277
v 0.24549542 -0.03109833 -0.02990200
v 0.24410498 -0.03136856 -0.02952672
v 0.24410498 -0.03106636 -0.02987174
v 0.24474483 -0.03132524 -0.02960541
v 0.24397577 -0.03036911 -0.03056177
v 0.24340360 -0.03034848 -0.03054361
v 0.23926917 -0.02937997 -0.03069494
v 0.23952757 -0.02969972 -0.03057993
v 0.23906614 -0.02963783 -0.03052546
v 0.23853088 -0.02954810 -0.03045887
v 0.23779259 -0.02932840 -0.03039834
v 0.23709121 -0.02940576 -0.03013807
v 0.23645751 -0.02925208 -0.03004122
v 0.23590995 -0.02911490 -0.02994437
v 0.23544851 -0.02887870 -0.02985963
v 0.23645751 -0.02864663 -0.03024702
v 0.23718965 -0.02865695 -0.03048309
v 0.23718350 -0.02810410 -0.03052546
v 0.24270838 -0.03030723 -0.03050124
v 0.23742344 -0.02725524 -0.03059809
v 0.23743575 -0.02656006 -0.03059809
v 0.23505476 -0.02134311 -0.02976279
v 0.23986595 -0.02134311 -0.03023491
v 0.27535314 -0.02918813 -0.00937647
v 0.27465176 -0.02913450 -0.01076865
v 0.27396269 -0.02916956 -0.01285086
v 0.27327362 -0.02917988 -0.01424304
v 0.27257840 -0.02921392 -0.01563522
v 0.27118795 -0.02919226 -0.01771743
v 0.26910228 -0.02925930 -0.02049573
v 0.26840090 -0.02922939 -0.02119182
v 0.26771183 -0.02922629 -0.02188791
v 0.26701661 -0.02925105 -0.02258399
v 0.26620449 -0.02951406 -0.02381274
v 0.26566307 -0.02937791 -0.02401249
v 0.26492478 -0.02941298 -0.02468437
v 0.26469099 -0.02957182 -0.02510202
v 0.26417418 -0.02948724 -0.02534414
v 0.26354049 -0.02953469 -0.02584653
v 0.26261762 -0.02957904 -0.02648814
v 0.26130716 -0.02954603 -0.02721450
v 0.26007052 -0.02956460 -0.02789243
v 0.26042121 -0.02968218 -0.02780163
v 0.25705583 -0.02975644 -0.02923013
v 0.25497016 -0.02974819 -0.02992016
v 0.25219541 -0.02972860 -0.03060414
v 0.25173398 -0.02979254 -0.03064651
v 0.25034353 -0.02992044 -0.03074336
v 0.24964216 -0.02997098 -0.03078573
v 0.24894693 -0.03035777 -0.03055572
v 0.24843013 -0.03106945 -0.02987174
v 0.24821480 -0.03131493 -0.02959936
v 0.24756264 -0.03139641 -0.02953277
v 0.24894693 -0.03104882 -0.02985358
v 0.24686126 -0.03174400 -0.02908486
v 0.24616604 -0.03174710 -0.02909091
v 0.24549542 -0.03173884 -0.02907275
v 0.24410498 -0.03171822 -0.02903038
v 0.24340360 -0.03134793 -0.02949645
v 0.24340360 -0.03103851 -0.02984147
v 0.24270838 -0.03064966 -0.03015623
v 0.24201315 -0.03025050 -0.03045282
v 0.24132408 -0.03055064 -0.03005333
v 0.24062886 -0.03049598 -0.02999280
v 0.24062886 -0.03084254 -0.02964173
v 0.24045659 -0.03110039 -0.02933908
v 0.24006898 -0.03112205 -0.02923013
v 0.23923226 -0.03102922 -0.02913328
v 0.23853088 -0.03094877 -0.02905459
v 0.23853088 -0.02991941 -0.03011385
v 0.23784181 -0.02983071 -0.03002306
v 0.23728809 -0.02975232 -0.02993832
v 0.23682666 -0.02967909 -0.02986568
v 0.23645751 -0.02959761 -0.02979910
v 0.23479020 -0.02966155 -0.02916354
v 0.23436569 -0.02920669 -0.02932092
v 0.23392271 -0.02907261 -0.02923013
v 0.23511628 -0.02864663 -0.02976884
v 0.23537468 -0.02841456 -0.02988990
v 0.23436569 -0.02864663 -0.02949040
v 0.23707275 -0.02795042 -0.03048914
v 0.23645136 -0.02795042 -0.03027729
v 0.24132408 -0.03089926 -0.02970226
v 0.23436569 -0.02134311 -0.02952672
v 0.23987211 -0.02134311 -0.02953277
v 0.27673744 -0.02914378 -0.00033943
v 0.27673744 -0.02914791 -0.00103552
v 0.27673744 -0.02915512 -0.00173161
v 0.27673744 -0.02917678 -0.00242769
v 0.27605452 -0.02912934 -0.00590208
v 0.27605452 -0.02915822 -0.00659817
v 0.27535314 -0.02913037 -0.00868038
v 0.27527931 -0.02942123 -0.01076865
v 0.27465176 -0.02921288 -0.01146474
v 0.27605452 -0.02922526 -0.00729426
v 0.27586379 -0.02947487 -0.00937647
v 0.27450411 -0.02945424 -0.01285086
v 0.27401191 -0.02938720 -0.01357722
v 0.27331669 -0.02939957 -0.01495729
v 0.27259070 -0.02943258 -0.01630709
v 0.27194470 -0.02936450 -0.01708792
v 0.27174782 -0.02947796 -0.01771743
v 0.27118795 -0.02943051 -0.01839536
v 0.27052349 -0.02938720 -0.01913382
v 0.27030815 -0.02951715 -0.01966648
v 0.26961908 -0.02953881 -0.02049573
v 0.26904691 -0.02953572 -0.02113129
v 0.26835168 -0.02951303 -0.02183948
v 0.26764415 -0.02952953 -0.02253557
v 0.26701661 -0.02953263 -0.02311665
v 0.26738575 -0.02966362 -0.02294717
v 0.26544774 -0.02953469 -0.02446041
v 0.26469099 -0.02979564 -0.02510202
v 0.26390963 -0.02965846 -0.02572547
v 0.26042121 -0.02969250 -0.02780163
v 0.25797869 -0.03029691 -0.02840693
v 0.25659440 -0.03020718 -0.02901827
v 0.25659440 -0.02986062 -0.02930881
v 0.25854472 -0.02981420 -0.02858246
v 0.25450873 -0.03018964 -0.02970226
v 0.25450873 -0.02984102 -0.02998674
v 0.25173398 -0.03013910 -0.03036203
v 0.25380735 -0.02994726 -0.03007148
v 0.25332746 -0.03035261 -0.02985358
v 0.25103261 -0.03021234 -0.03041650
v 0.25103261 -0.02986474 -0.03069494
v 0.25034353 -0.03026803 -0.03046493
v 0.24964216 -0.03031754 -0.03051335
v 0.24964216 -0.03100963 -0.02981726
v 0.24894693 -0.03135619 -0.02950856
v 0.24825171 -0.03172131 -0.02903643
v 0.24964216 -0.03132627 -0.02946619
v 0.24894693 -0.03182239 -0.02866115
v 0.24825171 -0.03182652 -0.02869141
v 0.24686126 -0.03182652 -0.02873378
v 0.24616604 -0.03182652 -0.02874589
v 0.24549542 -0.03182652 -0.02872773
v 0.24410498 -0.03182652 -0.02868536
v 0.24340360 -0.03182033 -0.02864904
v 0.24132408 -0.03179351 -0.02854009
v 0.24080728 -0.03178320 -0.02851588
v 0.24340360 -0.03169656 -0.02900011
v 0.24270838 -0.03131390 -0.02945408
v 0.24270838 -0.03099622 -0.02979910
v 0.24201315 -0.03094980 -0.02975068
v 0.24132408 -0.03123654 -0.02935724
v 0.24062886 -0.03118188 -0.02929066
v 0.23853088 -0.03126955 -0.02870352
v 0.23784181 -0.03118291 -0.02860667
v 0.23784181 -0.03051042 -0.02932092
v 0.23732500 -0.03043409 -0.02924223
v 0.23686972 -0.03036086 -0.02916354
v 0.23576229 -0.03050939 -0.02862483
v 0.23482712 -0.03034229 -0.02844930
v 0.23436569 -0.02990807 -0.02872773
v 0.23333208 -0.02969869 -0.02850377
v 0.23436569 -0.02955429 -0.02907275
v 0.23576229 -0.03118084 -0.02791058
v 0.23532547 -0.03110039 -0.02783190
v 0.23384273 -0.02864663 -0.02927250
v 0.23283989 -0.02956666 -0.02839482
v 0.23248920 -0.02910355 -0.02855220
v 0.23204622 -0.02864663 -0.02843719
v 0.23436569 -0.02795042 -0.02953277
v 0.23513474 -0.02810410 -0.02981121
v 0.23380582 -0.02810410 -0.02929066
v 0.23379966 -0.02134311 -0.02929066
v 0.23988441 -0.02134311 0.02981633
v 0.27673744 -0.02914687 0.00033245
v 0.27729115 -0.02942742 -0.00033943
v 0.27727270 -0.02943258 -0.00103552
v 0.27725424 -0.02944186 -0.00173161
v 0.27723578 -0.02946249 -0.00242769
v 0.27673744 -0.02922114 -0.00312378
v 0.27673744 -0.02927993 -0.00381987
v 0.27658978 -0.02944599 -0.00659817
v 0.27515011 -0.02949962 -0.01146474
v 0.27650980 -0.02950890 -0.00729426
v 0.27577766 -0.02957595 -0.00994545
v 0.27644212 -0.02959864 -0.00780876
v 0.27439336 -0.02956047 -0.01335931
v 0.27381503 -0.02946765 -0.01424304
v 0.27505782 -0.02960276 -0.01193687
v 0.27309520 -0.02949962 -0.01563522
v 0.27236922 -0.02952541 -0.01689423
v 0.27160016 -0.02959142 -0.01814719
v 0.27095416 -0.02954397 -0.01891591
v 0.26945912 -0.02966980 -0.02085890
v 0.26878850 -0.02963886 -0.02157920
v 0.26808713 -0.02963474 -0.02226924
v 0.26738575 -0.02970900 -0.02294717
v 0.26438952 -0.03025772 -0.02487201
v 0.26414958 -0.02998439 -0.02530177
v 0.26390963 -0.02971003 -0.02572547
v 0.26544774 -0.02984205 -0.02446041
v 0.26492478 -0.03005040 -0.02466621
v 0.26007052 -0.02980905 -0.02789243
v 0.26261762 -0.02979151 -0.02648814
v 0.26130716 -0.02982968 -0.02721450
v 0.25797869 -0.03062181 -0.02805585
v 0.25710505 -0.03113959 -0.02786216
v 0.25714196 -0.03046091 -0.02857641
v 0.25874159 -0.03004215 -0.02830402
v 0.25954141 -0.03030723 -0.02771689
v 0.25907998 -0.03040624 -0.02782584
v 0.25602222 -0.03031135 -0.02911512
v 0.25933838 -0.03005968 -0.02801954
v 0.25521010 -0.03043822 -0.02924828
v 0.25450873 -0.03054239 -0.02935724
v 0.25380735 -0.03029485 -0.02979305
v 0.25242305 -0.03044750 -0.02995043
v 0.25173398 -0.03051557 -0.03001701
v 0.25380735 -0.03063213 -0.02944803
v 0.25242305 -0.03113340 -0.02924828
v 0.25103261 -0.03056921 -0.03007148
v 0.25034353 -0.03061459 -0.03011991
v 0.25103261 -0.03091474 -0.02972041
v 0.25103261 -0.03125098 -0.02936934
v 0.25034353 -0.03129018 -0.02941777
v 0.24894693 -0.03170378 -0.02900617
v 0.24964216 -0.03167490 -0.02896985
v 0.25173398 -0.03178526 -0.02851588
v 0.25103261 -0.03179764 -0.02855220
v 0.25103261 -0.03159754 -0.02889721
v 0.24964216 -0.03181517 -0.02861878
v 0.25103261 -0.03185230 -0.02814665
v 0.24964216 -0.03186983 -0.02814665
v 0.24894693 -0.03187706 -0.02814665
v 0.24825171 -0.03188015 -0.02814665
v 0.24410498 -0.03188015 -0.02814665
v 0.24340360 -0.03187499 -0.02814665
v 0.24201315 -0.03185849 -0.02814665
v 0.24132408 -0.03184714 -0.02814665
v 0.24062886 -0.03182239 -0.02819507
v 0.23993363 -0.03182548 -0.02803770
v 0.23923226 -0.03181517 -0.02793480
v 0.23853088 -0.03179970 -0.02786216
v 0.23806329 -0.03178526 -0.02781979
v 0.24062886 -0.03177701 -0.02849772
v 0.24132408 -0.03158413 -0.02888511
v 0.24201315 -0.03127677 -0.02940566
v 0.24062886 -0.03157278 -0.02878826
v 0.24059194 -0.03157175 -0.02878221
v 0.23923226 -0.03133453 -0.02878826
v 0.23784181 -0.03157072 -0.02808612
v 0.24034584 -0.03176566 -0.02846140
v 0.23853088 -0.03161714 -0.02821323
v 0.23645751 -0.03128192 -0.02803164
v 0.23728809 -0.03110039 -0.02851588
v 0.23690664 -0.03104160 -0.02845535
v 0.23645751 -0.03096940 -0.02837666
v 0.23370123 -0.03110039 -0.02712370
v 0.23333208 -0.03096527 -0.02711160
v 0.23303676 -0.02989466 -0.02815270
v 0.23228002 -0.02979254 -0.02791058
v 0.23189241 -0.02970487 -0.02781374
v 0.23508552 -0.03130461 -0.02747477
v 0.23576844 -0.03156350 -0.02739608
v 0.23436569 -0.03122519 -0.02726897
v 0.23226771 -0.02933872 -0.02827376
v 0.23112951 -0.02909633 -0.02785611
v 0.23158479 -0.02864663 -0.02820718
v 0.23158479 -0.02810410 -0.02821928
v 0.23379966 -0.02795042 -0.02929066
v 0.23158479 -0.02795042 -0.02821928
v 0.23320903 -0.02134311 -0.02900011
v 0.23986595 -0.02134311 0.03022793
v 0.27673744 -0.02916028 0.00102854
v 0.27727270 -0.02943155 0.00033245
v 0.27725424 -0.02944805 0.00102854
v 0.27729115 -0.02995138 -0.00033943
v 0.27723578 -0.02989672 -0.00242769
v 0.27719887 -0.02950581 -0.00312378
v 0.27716195 -0.02956460 -0.00381987
v 0.27712504 -0.02963680 -0.00450991
v 0.27710043 -0.02967806 -0.00488519
v 0.27577766 -0.02979873 -0.00994545
v 0.27644212 -0.02976160 -0.00780876
v 0.27439336 -0.02980080 -0.01335931
v 0.27369814 -0.02957698 -0.01473938
v 0.27505782 -0.02976779 -0.01193687
v 0.27296600 -0.02961514 -0.01606498
v 0.27160016 -0.02976882 -0.01814719
v 0.26945912 -0.02970281 -0.02085890
v 0.26878850 -0.02973066 -0.02157920
v 0.26808713 -0.02973066 -0.02226924
v 0.26760724 -0.02995138 -0.02248715
v 0.26701661 -0.02986784 -0.02311665
v 0.26620449 -0.02988022 -0.02381274
v 0.26515242 -0.03030413 -0.02422434
v 0.26469099 -0.03045059 -0.02441198
v 0.26392809 -0.03040315 -0.02504149
v 0.26354049 -0.03019274 -0.02551967
v 0.26354049 -0.02984515 -0.02584653
v 0.26007052 -0.03015664 -0.02758372
v 0.26227924 -0.03025462 -0.02627024
v 0.26208236 -0.03002874 -0.02659104
v 0.26181165 -0.03038871 -0.02641551
v 0.26091955 -0.03029279 -0.02700264
v 0.25756648 -0.03104985 -0.02776531
v 0.25659440 -0.03122107 -0.02795296
v 0.25659440 -0.03090030 -0.02830402
v 0.25902461 -0.03107770 -0.02710554
v 0.25867392 -0.03114474 -0.02717818
v 0.25797869 -0.03126748 -0.02732950
v 0.25731423 -0.03135103 -0.02749898
v 0.25659440 -0.03055167 -0.02867325
v 0.26045812 -0.03040521 -0.02712975
v 0.26007052 -0.03049804 -0.02723266
v 0.25948604 -0.03097868 -0.02699054
v 0.25867392 -0.03083222 -0.02752925
v 0.25583765 -0.03060428 -0.02886695
v 0.25505014 -0.03113959 -0.02855825
v 0.25450873 -0.03088895 -0.02899406
v 0.25173398 -0.03086213 -0.02966594
v 0.25380735 -0.03097868 -0.02908486
v 0.25236768 -0.03152328 -0.02877615
v 0.25173398 -0.03120147 -0.02931487
v 0.25380735 -0.03129430 -0.02873984
v 0.25173398 -0.03154803 -0.02886695
v 0.25210313 -0.03177598 -0.02849772
v 0.25173398 -0.03183889 -0.02814665
v 0.25380735 -0.03186158 -0.02745056
v 0.25312443 -0.03187396 -0.02745056
v 0.25242305 -0.03188015 -0.02745056
v 0.24062886 -0.03188015 -0.02745056
v 0.23993363 -0.03187809 -0.02744451
v 0.23923226 -0.03186983 -0.02744451
v 0.23853088 -0.03185436 -0.02744451
v 0.23714658 -0.03181826 -0.02729318
v 0.23645751 -0.03180176 -0.02717818
v 0.23600838 -0.03178526 -0.02712975
v 0.23760186 -0.03175741 -0.02774110
v 0.23365816 -0.03134484 -0.02679684
v 0.23333208 -0.03102510 -0.02704501
v 0.23298139 -0.03094980 -0.02695422
v 0.23164016 -0.02933356 -0.02795296
v 0.23242767 -0.03047741 -0.02720844
v 0.23222464 -0.03075590 -0.02678474
v 0.23158479 -0.03092814 -0.02623392
v 0.23114182 -0.03112515 -0.02576179
v 0.23108644 -0.03045885 -0.02649419
v 0.23103107 -0.02979358 -0.02722055
v 0.23056964 -0.02967393 -0.02708738
v 0.23143713 -0.02955944 -0.02768057
v 0.23406422 -0.03176669 -0.02637919
v 0.23554695 -0.03174916 -0.02702080
v 0.23103723 -0.02864663 -0.02791664
v 0.23020050 -0.02953881 -0.02697843
v 0.22980059 -0.02904064 -0.02712370
v 0.23112951 -0.02810410 -0.02798927
v 0.23065578 -0.02134311 -0.02774110
v 0.23982904 -0.02134311 0.03046400
v 0.27605452 -0.02913037 0.00589510
v 0.27673744 -0.02918194 0.00172462
v 0.27725424 -0.02991529 0.00102854
v 0.27673744 -0.02921185 0.00242071
v 0.27721733 -0.02946868 0.00172462
v 0.27719272 -0.02949859 0.00242071
v 0.27727270 -0.02994932 0.00033245
v 0.27701430 -0.03029691 0.00033245
v 0.27700814 -0.03030001 -0.00033943
v 0.27697738 -0.03027216 -0.00173161
v 0.27725424 -0.02992457 -0.00173161
v 0.27719887 -0.02985237 -0.00312378
v 0.27695892 -0.03024534 -0.00242769
v 0.27716195 -0.02979977 -0.00381987
v 0.27712504 -0.02973582 -0.00450991
v 0.27710043 -0.02969662 -0.00488519
v 0.27586379 -0.02991219 -0.00937647
v 0.27557463 -0.03025772 -0.00937647
v 0.27494708 -0.03032889 -0.01096234
v 0.27485479 -0.03022781 -0.01146474
v 0.27515011 -0.02988228 -0.01146474
v 0.27650980 -0.02985340 -0.00729426
v 0.27566076 -0.03033817 -0.00888013
v 0.27468253 -0.03006794 -0.01220320
v 0.27420879 -0.03028144 -0.01285086
v 0.27351972 -0.03028350 -0.01424304
v 0.27369814 -0.02979564 -0.01473938
v 0.27296600 -0.02975541 -0.01606498
v 0.27153864 -0.03038252 -0.01737241
v 0.27136022 -0.03023090 -0.01783849
v 0.27072652 -0.03029176 -0.01861932
v 0.27095416 -0.02982865 -0.01891591
v 0.27236922 -0.02985856 -0.01689423
v 0.27204314 -0.03006690 -0.01708792
v 0.26875159 -0.03038149 -0.02084680
v 0.27030815 -0.02987300 -0.01966648
v 0.27008051 -0.03033611 -0.01938199
v 0.26853010 -0.03019377 -0.02131288
v 0.26830861 -0.02996273 -0.02179711
v 0.26782873 -0.03019377 -0.02201502
v 0.26736729 -0.03038252 -0.02223898
v 0.26664746 -0.03036911 -0.02291691
v 0.26642597 -0.03012570 -0.02337088
v 0.26590917 -0.03034229 -0.02357668
v 0.26461101 -0.03109420 -0.02364931
v 0.26422956 -0.03093743 -0.02414565
v 0.26418649 -0.03056096 -0.02465410
v 0.26384195 -0.03105398 -0.02429092
v 0.26304214 -0.03099209 -0.02491438
v 0.26215619 -0.03094465 -0.02555599
v 0.26264838 -0.03046400 -0.02581021
v 0.26310366 -0.03033714 -0.02565889
v 0.26175013 -0.03105191 -0.02568310
v 0.26128870 -0.03116021 -0.02581021
v 0.25994132 -0.03117878 -0.02652446
v 0.25692048 -0.03176979 -0.02708738
v 0.25664977 -0.03160682 -0.02740819
v 0.25485941 -0.03177288 -0.02780163
v 0.25589302 -0.03131287 -0.02806796
v 0.25450873 -0.03121591 -0.02864299
v 0.25930146 -0.03125098 -0.02675447
v 0.25863700 -0.03152121 -0.02669394
v 0.25450873 -0.03178629 -0.02783190
v 0.25380735 -0.03180589 -0.02789243
v 0.25312443 -0.03182033 -0.02796506
v 0.25450873 -0.03184096 -0.02745056
v 0.25589302 -0.03186365 -0.02675447
v 0.25521010 -0.03187706 -0.02675447
v 0.25659440 -0.03188015 -0.02605838
v 0.23784181 -0.03188015 -0.02674842
v 0.23714658 -0.03187293 -0.02674842
v 0.23645751 -0.03185643 -0.02674842
v 0.23576844 -0.03182136 -0.02677263
v 0.23506091 -0.03181207 -0.02655473
v 0.23452565 -0.03179042 -0.02645182
v 0.23447028 -0.03178732 -0.02644577
v 0.23298139 -0.03124582 -0.02660315
v 0.23293217 -0.03162539 -0.02602812
v 0.23298139 -0.03110039 -0.02677868
v 0.23246459 -0.03110039 -0.02651235
v 0.23231693 -0.03109936 -0.02643367
v 0.23090187 -0.03130461 -0.02538045
v 0.23031739 -0.03119425 -0.02516255
v 0.23068038 -0.03100860 -0.02562257
v 0.22970830 -0.02976057 -0.02648209
v 0.23020050 -0.02988744 -0.02662736
v 0.23158479 -0.03122210 -0.02588285
v 0.22924687 -0.02962855 -0.02634287
v 0.23367662 -0.03181517 -0.02591311
v 0.23312905 -0.03179351 -0.02577389
v 0.23266762 -0.03176566 -0.02568310
v 0.22973906 -0.02864663 -0.02716002
v 0.22970215 -0.02810410 -0.02718423
v 0.23019434 -0.02795042 -0.02748083
v 0.23073576 -0.02810410 -0.02777742
v 0.22952373 -0.02933562 -0.02673631
v 0.22898232 -0.02916750 -0.02652446
v 0.22773953 -0.02904373 -0.02573758
v 0.22885311 -0.02864663 -0.02660920
v 0.22939453 -0.02864663 -0.02695422
v 0.23064962 -0.02795042 -0.02773505
v 0.23100031 -0.02795042 -0.02792269
v 0.23019434 -0.02725524 -0.02748688
v 0.23019434 -0.02134311 -0.02748688
v 0.23969984 -0.02134311 0.03071217
v 0.27396269 -0.02916750 0.01284993
v 0.27465176 -0.02913346 0.01076167
v 0.27535314 -0.02919638 0.00936949
v 0.27535314 -0.02913140 0.00867340
v 0.27605452 -0.02916441 0.00659119
v 0.27719272 -0.02982968 0.00242071
v 0.27697738 -0.03026184 0.00102854
v 0.27664515 -0.02941814 0.00589510
v 0.27673744 -0.02926342 0.00311680
v 0.27715580 -0.02954913 0.00311680
v 0.27710658 -0.02966465 0.00426081
v 0.27640520 -0.03039283 0.00559851
v 0.27627600 -0.03095084 0.00172462
v 0.27593762 -0.03129224 0.00172462
v 0.27629446 -0.03097765 0.00102854
v 0.27666361 -0.03064760 0.00033245
v 0.27666361 -0.03064450 -0.00033943
v 0.27631292 -0.03099209 -0.00033943
v 0.27625755 -0.03093743 -0.00242769
v 0.27692201 -0.03019893 -0.00312378
v 0.27658363 -0.03056611 -0.00312378
v 0.27654671 -0.03052692 -0.00381987
v 0.27623294 -0.03091267 -0.00312378
v 0.27688509 -0.03014529 -0.00381987
v 0.27684818 -0.03008341 -0.00450991
v 0.27636829 -0.03035055 -0.00606551
v 0.27658978 -0.02994623 -0.00659817
v 0.27523624 -0.03059706 -0.00937647
v 0.27511320 -0.03047947 -0.01007256
v 0.27424570 -0.03100963 -0.01091392
v 0.27450411 -0.03056508 -0.01146474
v 0.27439336 -0.03046297 -0.01200950
v 0.27429492 -0.03036911 -0.01246953
v 0.27630677 -0.03029382 -0.00659817
v 0.27622063 -0.03019893 -0.00729426
v 0.27578996 -0.03046297 -0.00799035
v 0.27502091 -0.03109214 -0.00838984
v 0.27386425 -0.03060015 -0.01285086
v 0.27372275 -0.03047947 -0.01341984
v 0.27361200 -0.03037530 -0.01387986
v 0.27329823 -0.03007722 -0.01498755
v 0.27316903 -0.03060118 -0.01424304
v 0.27302137 -0.03047225 -0.01476964
v 0.27289217 -0.03035674 -0.01523572
v 0.27309520 -0.02989259 -0.01563522
v 0.27277528 -0.03024122 -0.01563522
v 0.27215388 -0.03032167 -0.01655526
v 0.27165553 -0.03048257 -0.01702134
v 0.27140944 -0.03097765 -0.01648868
v 0.27094801 -0.03116125 -0.01682765
v 0.27078189 -0.03103232 -0.01729372
v 0.27015434 -0.03108595 -0.01808061
v 0.27089878 -0.03043616 -0.01815324
v 0.27026509 -0.03048257 -0.01892196
v 0.27052349 -0.03008238 -0.01915197
v 0.26864085 -0.03099622 -0.02002965
v 0.26817941 -0.03117053 -0.02028993
v 0.26796408 -0.03101478 -0.02075601
v 0.26806867 -0.03038871 -0.02154894
v 0.26950834 -0.03112102 -0.01883117
v 0.26884388 -0.03114681 -0.01956358
v 0.26764415 -0.03048773 -0.02182738
v 0.26656748 -0.03100550 -0.02213608
v 0.26609374 -0.03116125 -0.02234793
v 0.26581688 -0.03098384 -0.02281401
v 0.26422956 -0.03120250 -0.02379458
v 0.26535545 -0.03112824 -0.02299560
v 0.26560770 -0.03127986 -0.02258399
v 0.26338052 -0.03117878 -0.02444830
v 0.26257456 -0.03111999 -0.02506570
v 0.26215619 -0.03122519 -0.02520492
v 0.26143636 -0.03142735 -0.02535624
v 0.26075344 -0.03127161 -0.02595548
v 0.26007052 -0.03144798 -0.02606444
v 0.25936914 -0.03164086 -0.02615523
v 0.25836630 -0.03178010 -0.02642156
v 0.25797869 -0.03179764 -0.02647604
v 0.25728962 -0.03181826 -0.02662736
v 0.25645904 -0.03178938 -0.02714791
v 0.25589302 -0.03180898 -0.02721450
v 0.25513627 -0.03181311 -0.02744451
v 0.25883388 -0.03172750 -0.02628234
v 0.25664977 -0.03182652 -0.02681500
v 0.25797869 -0.03185024 -0.02605838
v 0.25728962 -0.03187190 -0.02605838
v 0.25867392 -0.03187499 -0.02536230
v 0.26075344 -0.03188015 -0.02397617
v 0.23576229 -0.03188015 -0.02605233
v 0.23506091 -0.03186674 -0.02605233
v 0.23432262 -0.03182652 -0.02611286
v 0.23226771 -0.03133968 -0.02609470
v 0.23158479 -0.03159857 -0.02531992
v 0.23088957 -0.03167387 -0.02480543
v 0.22985596 -0.03107151 -0.02500517
v 0.23013282 -0.03091474 -0.02538045
v 0.22950527 -0.03124582 -0.02453909
v 0.22892694 -0.03110039 -0.02434540
v 0.22951758 -0.03002565 -0.02604628
v 0.22881620 -0.02980080 -0.02584653
v 0.22844705 -0.02969869 -0.02571942
v 0.22719196 -0.02959761 -0.02492043
v 0.22798562 -0.02950684 -0.02555599
v 0.23293217 -0.03182858 -0.02541072
v 0.23228002 -0.03181207 -0.02520492
v 0.23180013 -0.03179042 -0.02505965
v 0.23088957 -0.03180589 -0.02446041
v 0.23050196 -0.03178217 -0.02433935
v 0.23134485 -0.03175225 -0.02494464
v 0.22934531 -0.02795042 -0.02698448
v 0.22969600 -0.02795042 -0.02719028
v 0.22968984 -0.02725524 -0.02719634
v 0.22695202 -0.02913656 -0.02510807
v 0.22850858 -0.02864663 -0.02637314
v 0.22685973 -0.02864663 -0.02518071
v 0.22733347 -0.02864663 -0.02553178
v 0.22847167 -0.02810410 -0.02639735
v 0.22882235 -0.02810410 -0.02663341
v 0.22969600 -0.02134311 -0.02719634
v 0.23949681 -0.02134311 0.03081507
v 0.26007052 -0.02956666 0.02789150
v 0.26127024 -0.02955429 0.02720146
v 0.26259916 -0.02959348 0.02646300
v 0.26354049 -0.02953263 0.02583955
v 0.26417418 -0.02948827 0.02534321
v 0.26469099 -0.02957595 0.02510109
v 0.26492478 -0.02941608 0.02468344
v 0.26565077 -0.02938101 0.02400551
v 0.26771183 -0.02922320 0.02188698
v 0.26840090 -0.02923351 0.02118484
v 0.26910228 -0.02925724 0.02050085
v 0.27118795 -0.02918813 0.01771650
v 0.27257840 -0.02921598 0.01562823
v 0.27327362 -0.02918710 0.01424211
v 0.27401191 -0.02938616 0.01357629
v 0.27450411 -0.02945321 0.01284993
v 0.27465176 -0.02921701 0.01145776
v 0.27527931 -0.02942123 0.01076167
v 0.27585149 -0.02948105 0.00936949
v 0.27596223 -0.02941814 0.00867340
v 0.27605452 -0.02923454 0.00728728
v 0.27658363 -0.02945011 0.00659119
v 0.27710658 -0.02970384 0.00426081
v 0.27712504 -0.02961720 0.00381289
v 0.27649749 -0.02952128 0.00728728
v 0.27644212 -0.02960792 0.00780178
v 0.27673744 -0.03003390 0.00519901
v 0.27660823 -0.03008135 0.00585878
v 0.27658363 -0.02993488 0.00659119
v 0.27629446 -0.03028144 0.00659119
v 0.27566076 -0.03103232 0.00604643
v 0.27570383 -0.03108492 0.00558035
v 0.27585149 -0.03123963 0.00311680
v 0.27590071 -0.03127367 0.00242071
v 0.27596223 -0.03131699 0.00033245
v 0.27631292 -0.03099415 0.00033245
v 0.27542697 -0.03162126 0.00242071
v 0.27544543 -0.03164086 0.00172462
v 0.27546388 -0.03165220 0.00102854
v 0.27596223 -0.03131493 -0.00033943
v 0.27590686 -0.03126748 -0.00242769
v 0.27588840 -0.03124995 -0.00312378
v 0.27619602 -0.03087554 -0.00381987
v 0.27649749 -0.03048154 -0.00450991
v 0.27585149 -0.03121488 -0.00381987
v 0.27570383 -0.03107976 -0.00557522
v 0.27566691 -0.03103851 -0.00604130
v 0.27560539 -0.03098075 -0.00659817
v 0.27596223 -0.03063213 -0.00659817
v 0.27494708 -0.03102613 -0.00884987
v 0.27486710 -0.03094362 -0.00937647
v 0.27379043 -0.03122519 -0.01146474
v 0.27413496 -0.03091164 -0.01146474
v 0.27439336 -0.03114990 -0.01007256
v 0.27368583 -0.03113340 -0.01194897
v 0.27399346 -0.03074971 -0.01220925
v 0.27588225 -0.03054858 -0.00729426
v 0.27507628 -0.03114165 -0.00799035
v 0.27470098 -0.03129946 -0.00864407
v 0.27451641 -0.03125717 -0.00937647
v 0.27300291 -0.03114784 -0.01336536
v 0.27289217 -0.03104676 -0.01383144
v 0.27277528 -0.03094980 -0.01424304
v 0.27259685 -0.03074455 -0.01496939
v 0.27243074 -0.03055270 -0.01563522
v 0.27156325 -0.03110039 -0.01602866
v 0.27117564 -0.03125717 -0.01628893
v 0.27052349 -0.03134484 -0.01704555
v 0.27028354 -0.03118291 -0.01771743
v 0.26976674 -0.03121282 -0.01835299
v 0.26996977 -0.03094362 -0.01854668
v 0.26840705 -0.03130049 -0.01979964
v 0.26773029 -0.03132215 -0.02051389
v 0.26750880 -0.03117259 -0.02098602
v 0.26773029 -0.03086626 -0.02120998
v 0.26908382 -0.03126026 -0.01907934
v 0.26680742 -0.03116847 -0.02167605
v 0.26632753 -0.03131287 -0.02190001
v 0.26420495 -0.03156247 -0.02323771
v 0.26366969 -0.03169140 -0.02344351
v 0.26352818 -0.03143354 -0.02396406
v 0.26565077 -0.03165633 -0.02189396
v 0.26282065 -0.03128502 -0.02467831
v 0.26112258 -0.03177598 -0.02502333
v 0.25975674 -0.03178113 -0.02573152
v 0.25936914 -0.03180176 -0.02580416
v 0.25863700 -0.03181517 -0.02605233
v 0.25936914 -0.03185540 -0.02536230
v 0.26007052 -0.03187293 -0.02466621
v 0.26215619 -0.03187602 -0.02328008
v 0.26283911 -0.03188015 -0.02258399
v 0.23436569 -0.03188015 -0.02535624
v 0.23367662 -0.03186880 -0.02535624
v 0.22924687 -0.03175328 -0.02355247
v 0.22948681 -0.03161920 -0.02394591
v 0.22881620 -0.03130565 -0.02398222
v 0.22858241 -0.03100550 -0.02422434
v 0.22765339 -0.02975644 -0.02509597
v 0.22691510 -0.02979770 -0.02446041
v 0.22644752 -0.02963989 -0.02426066
v 0.22621372 -0.02917678 -0.02446041
v 0.23228002 -0.03186571 -0.02466621
v 0.23158479 -0.03182652 -0.02469647
v 0.23088957 -0.03185952 -0.02397012
v 0.22948681 -0.03182755 -0.02331035
v 0.22881620 -0.03180073 -0.02306218
v 0.22844705 -0.03177701 -0.02294112
v 0.22933916 -0.02725524 -0.02698448
v 0.22881620 -0.02795042 -0.02663341
v 0.22501400 -0.02887045 -0.02360694
v 0.22652135 -0.02864663 -0.02490832
v 0.22819481 -0.02810410 -0.02620365
v 0.22728425 -0.02810410 -0.02555599
v 0.22682897 -0.02810410 -0.02520492
v 0.22762263 -0.02795042 -0.02581021
v 0.22810867 -0.02795042 -0.02614918
v 0.22846551 -0.02795042 -0.02639735
v 0.22934531 -0.02134311 -0.02698448
v 0.25855702 -0.02955738 0.02857548
v 0.23923226 -0.02134311 0.03091797
v 0.26042121 -0.02968218 0.02780070
v 0.26390963 -0.02965537 0.02573060
v 0.26469099 -0.02979048 0.02510109
v 0.26736729 -0.02968012 0.02293414
v 0.26544159 -0.02953572 0.02445343
v 0.26616757 -0.02951715 0.02379971
v 0.26764415 -0.02953675 0.02253464
v 0.26835168 -0.02951406 0.02183856
v 0.26904691 -0.02953778 0.02113641
v 0.26960062 -0.02953778 0.02050085
v 0.27118795 -0.02942948 0.01839443
v 0.27174782 -0.02947487 0.01771650
v 0.27259070 -0.02943464 0.01630616
v 0.27329823 -0.02940576 0.01494425
v 0.27380888 -0.02947487 0.01424211
v 0.27439336 -0.02955738 0.01335838
v 0.27515011 -0.02950375 0.01145776
v 0.27575920 -0.02958420 0.00991426
v 0.27644212 -0.02975438 0.00780178
v 0.27649749 -0.02983999 0.00728728
v 0.27622063 -0.03018861 0.00728728
v 0.27578996 -0.03046194 0.00798337
v 0.27586994 -0.03054445 0.00728728
v 0.27551310 -0.03089204 0.00728728
v 0.27516242 -0.03122313 0.00728728
v 0.27540236 -0.03130049 0.00584668
v 0.27535314 -0.03143045 0.00519901
v 0.27529777 -0.03155009 0.00452714
v 0.27502091 -0.03178010 0.00430923
v 0.27540851 -0.03158723 0.00311680
v 0.27546388 -0.03166561 0.00033245
v 0.27546388 -0.03166458 -0.00033943
v 0.27503937 -0.03178732 0.00381289
v 0.27508859 -0.03180486 0.00242071
v 0.27542697 -0.03161611 -0.00242769
v 0.27540851 -0.03159651 -0.00312378
v 0.27539005 -0.03156350 -0.00381987
v 0.27579611 -0.03116331 -0.00450991
v 0.27529777 -0.03156041 -0.00452201
v 0.27535314 -0.03142942 -0.00520599
v 0.27540236 -0.03129946 -0.00584761
v 0.27525470 -0.03129430 -0.00659817
v 0.27516857 -0.03122210 -0.00729426
v 0.27399346 -0.03128708 -0.01071417
v 0.27390732 -0.03153256 -0.01003624
v 0.27340897 -0.03167902 -0.01076865
v 0.27322440 -0.03160785 -0.01149500
v 0.27289217 -0.03176360 -0.01175528
v 0.27331669 -0.03133865 -0.01217293
v 0.27312596 -0.03124582 -0.01285086
v 0.27459639 -0.03153050 -0.00794192
v 0.27422725 -0.03174606 -0.00814773
v 0.27403037 -0.03160373 -0.00937647
v 0.27255994 -0.03142220 -0.01351669
v 0.27242459 -0.03123654 -0.01424304
v 0.27229539 -0.03113237 -0.01470306
v 0.27167399 -0.03119425 -0.01563522
v 0.27113873 -0.03156453 -0.01561100
v 0.27048657 -0.03165736 -0.01638578
v 0.27012358 -0.03176979 -0.01665816
v 0.26998823 -0.03169553 -0.01702134
v 0.26974828 -0.03154390 -0.01768111
v 0.26907151 -0.03160063 -0.01840141
v 0.26840090 -0.03163983 -0.01912171
v 0.26773029 -0.03167077 -0.01984201
v 0.26731192 -0.03176154 -0.02010229
v 0.26705352 -0.03167593 -0.02053205
v 0.26702891 -0.03131905 -0.02120998
v 0.26635214 -0.03167180 -0.02122208
v 0.26515242 -0.03174091 -0.02213002
v 0.26320825 -0.03177804 -0.02363721
v 0.26590302 -0.03175638 -0.02147631
v 0.26283911 -0.03165220 -0.02408512
v 0.26283911 -0.03180073 -0.02373405
v 0.26139329 -0.03180692 -0.02463594
v 0.26075344 -0.03179454 -0.02508991
v 0.26002130 -0.03181414 -0.02534414
v 0.26075344 -0.03184818 -0.02466621
v 0.26145481 -0.03186674 -0.02397617
v 0.26354049 -0.03186365 -0.02258399
v 0.26492478 -0.03187396 -0.02119182
v 0.26631523 -0.03187602 -0.01980569
v 0.26562616 -0.03188015 -0.01980569
v 0.22881620 -0.03188015 -0.02188791
v 0.22950527 -0.03187706 -0.02258399
v 0.22881620 -0.03166665 -0.02340719
v 0.22814559 -0.03143045 -0.02326192
v 0.22829324 -0.03118394 -0.02376432
v 0.22773953 -0.03040418 -0.02434540
v 0.22708122 -0.03107770 -0.02293507
v 0.22661363 -0.03093021 -0.02274137
v 0.22598608 -0.03006794 -0.02332851
v 0.22571538 -0.02966980 -0.02360694
v 0.22528471 -0.02939957 -0.02347378
v 0.22430647 -0.02899319 -0.02293507
v 0.23020050 -0.03186880 -0.02328008
v 0.22881620 -0.03185436 -0.02258399
v 0.22818865 -0.03180279 -0.02253557
v 0.22746882 -0.03181104 -0.02185764
v 0.22701969 -0.03178938 -0.02160342
v 0.22655826 -0.03171615 -0.02137946
v 0.22727809 -0.03170274 -0.02206344
v 0.22676744 -0.03157588 -0.02185764
v 0.22746882 -0.03153462 -0.02253557
v 0.22863778 -0.02134311 -0.02651841
v 0.22907460 -0.02134311 -0.02680895
v 0.22426956 -0.02864663 -0.02295928
v 0.22471253 -0.02864251 -0.02336482
v 0.22497709 -0.02840734 -0.02363721
v 0.22648443 -0.02810410 -0.02492648
v 0.22682281 -0.02795042 -0.02521097
v 0.22727809 -0.02795042 -0.02555599
v 0.22846551 -0.02134311 -0.02639735
v 0.25699431 -0.02965124 0.02920499
v 0.25855702 -0.02980595 0.02857548
v 0.23888772 -0.02134311 0.03091192
v 0.23853088 -0.02656109 0.03087560
v 0.24616604 -0.03003390 0.03090586
v 0.24686126 -0.03003390 0.03089981
v 0.24825171 -0.02941092 0.03083928
v 0.24894693 -0.02941608 0.03081507
v 0.24964216 -0.02943051 0.03077270
v 0.25034353 -0.02946971 0.03071822
v 0.25103261 -0.02953572 0.03065769
v 0.25160478 -0.02961308 0.03060927
v 0.25497016 -0.02961823 0.02991923
v 0.26042121 -0.02969250 0.02780070
v 0.26390963 -0.02971313 0.02573060
v 0.26437106 -0.03025256 0.02487108
v 0.26492478 -0.03004731 0.02466528
v 0.26544159 -0.02983999 0.02445343
v 0.26736729 -0.02969353 0.02293414
v 0.26809328 -0.02962855 0.02226831
v 0.26877620 -0.02964402 0.02157222
v 0.26945912 -0.02966774 0.02086403
v 0.27094801 -0.02954810 0.01889682
v 0.27160016 -0.02958832 0.01814626
v 0.27236922 -0.02952747 0.01688119
v 0.27296600 -0.02961720 0.01606405
v 0.27307674 -0.02950272 0.01562823
v 0.27368583 -0.02958523 0.01471424
v 0.27439336 -0.02980080 0.01335838
v 0.27505782 -0.02960998 0.01192383
v 0.27575920 -0.02978223 0.00991426
v 0.27585149 -0.02989362 0.00936949
v 0.27617757 -0.03000502 0.00801363
v 0.27572229 -0.03040624 0.00840102
v 0.27502091 -0.03109214 0.00837681
v 0.27507628 -0.03114371 0.00798337
v 0.27524240 -0.03129018 0.00659119
v 0.27459639 -0.03153050 0.00794100
v 0.27431953 -0.03177907 0.00768677
v 0.27492247 -0.03174710 0.00519901
v 0.27498399 -0.03176669 0.00477531
v 0.27435030 -0.03178938 0.00728728
v 0.27447950 -0.03181930 0.00589510
v 0.27457178 -0.03182652 0.00519901
v 0.27471944 -0.03181930 0.00452714
v 0.27512550 -0.03181414 0.00033245
v 0.27512550 -0.03181414 -0.00033943
v 0.27507628 -0.03180279 -0.00242769
v 0.27505782 -0.03179764 -0.00312378
v 0.27503937 -0.03178835 -0.00381987
v 0.27505782 -0.03179764 0.00311680
v 0.27465176 -0.03184096 0.00381289
v 0.27465176 -0.03185230 0.00311680
v 0.27465176 -0.03185849 0.00242071
v 0.27502091 -0.03178010 -0.00429805
v 0.27497784 -0.03176463 -0.00476413
v 0.27431953 -0.03177804 -0.00768165
v 0.27363046 -0.03178113 -0.00978202
v 0.27296600 -0.03179145 -0.01128920
v 0.27222771 -0.03177288 -0.01320193
v 0.27190778 -0.03132008 -0.01493307
v 0.27134176 -0.03168624 -0.01493913
v 0.27147096 -0.03175844 -0.01450937
v 0.27087418 -0.03178629 -0.01535678
v 0.27024663 -0.03180073 -0.01619209
v 0.26963754 -0.03180795 -0.01702134
v 0.26947757 -0.03178526 -0.01742083
v 0.26928685 -0.03171512 -0.01788691
v 0.26797638 -0.03175122 -0.01936383
v 0.26882542 -0.03179248 -0.01815929
v 0.26751495 -0.03180279 -0.01964226
v 0.26685049 -0.03180382 -0.02032625
v 0.26661055 -0.03175947 -0.02079232
v 0.26544159 -0.03180176 -0.02166395
v 0.26394655 -0.03178732 -0.02297744
v 0.26348511 -0.03180589 -0.02323771
v 0.26614911 -0.03180279 -0.02101023
v 0.26283911 -0.03185436 -0.02328008
v 0.26565077 -0.03182961 -0.02122208
v 0.26635214 -0.03183167 -0.02053205
v 0.26705352 -0.03183167 -0.01984201
v 0.26701661 -0.03187499 -0.01910960
v 0.26910228 -0.03188015 -0.01632525
v 0.22604146 -0.03186777 -0.01979964
v 0.22743190 -0.03186571 -0.02119182
v 0.22395578 -0.03188015 -0.01702134
v 0.22812713 -0.03186158 -0.02188791
v 0.22743190 -0.03118084 -0.02308034
v 0.22783181 -0.03104469 -0.02358273
v 0.22680436 -0.03119425 -0.02254162
v 0.22633677 -0.03110658 -0.02227529
v 0.22498939 -0.02969869 -0.02294717
v 0.22471253 -0.02927168 -0.02306823
v 0.22451565 -0.02945733 -0.02271716
v 0.22358664 -0.02969972 -0.02155499
v 0.22343283 -0.02934078 -0.02172448
v 0.22292218 -0.02892924 -0.02153078
v 0.21539161 -0.02134517 -0.01545968
v 0.22676744 -0.03181517 -0.02116761
v 0.22561694 -0.03179145 -0.02022335
v 0.22515551 -0.03172234 -0.01999334
v 0.22585688 -0.03171925 -0.02068942
v 0.22606607 -0.03158826 -0.02116761
v 0.22607837 -0.03122210 -0.02185159
v 0.22473099 -0.02810410 -0.02343746
v 0.22495863 -0.02795042 -0.02364931
v 0.22606607 -0.02795042 -0.02458752
v 0.22647828 -0.02795042 -0.02493254
v 0.22647213 -0.02656006 -0.02493859
v 0.22647213 -0.02378140 -0.02493859
v 0.22648443 -0.02169689 -0.02493254
v 0.22649058 -0.02134311 -0.02493254
v 0.25699431 -0.02971828 0.02920499
v 0.25497016 -0.02975129 0.02991923
v 0.25659440 -0.03016386 0.02898708
v 0.25797869 -0.03027628 0.02838784
v 0.25874775 -0.03003493 0.02829704
v 0.26007052 -0.02980595 0.02789150
v 0.23853088 -0.02134311 0.03086349
v 0.23853088 -0.02378140 0.03087560
v 0.23745420 -0.02810410 0.03053663
v 0.23839553 -0.02810410 0.03082717
v 0.23853088 -0.02810410 0.03086349
v 0.23923226 -0.02864766 0.03085744
v 0.24549542 -0.03003390 0.03088165
v 0.24616604 -0.03041243 0.03060322
v 0.24686126 -0.03041140 0.03059716
v 0.24804868 -0.03038871 0.03057900
v 0.24756264 -0.03003390 0.03087560
v 0.24894693 -0.03001018 0.03081507
v 0.24964216 -0.02996479 0.03077270
v 0.25034353 -0.02989878 0.03071822
v 0.25160478 -0.02975129 0.03060927
v 0.26007052 -0.03015354 0.02757674
v 0.26091340 -0.03027731 0.02698961
v 0.26127024 -0.02981420 0.02720146
v 0.26259916 -0.02976882 0.02646300
v 0.26354049 -0.02984412 0.02583955
v 0.26309751 -0.03033507 0.02565796
v 0.26354049 -0.03019274 0.02551269
v 0.26469099 -0.03045472 0.02440500
v 0.26516473 -0.03030310 0.02421736
v 0.26390963 -0.03039593 0.02503451
v 0.26736114 -0.03038149 0.02223805
v 0.26809328 -0.02973272 0.02226831
v 0.26877620 -0.02972447 0.02157222
v 0.26945912 -0.02970590 0.02086403
v 0.27160016 -0.02977192 0.01814626
v 0.27296600 -0.02975438 0.01606405
v 0.27368583 -0.02977914 0.01471424
v 0.27350126 -0.03026803 0.01424211
v 0.27360585 -0.03036808 0.01386683
v 0.27420879 -0.03027835 0.01284993
v 0.27505782 -0.02975851 0.01192383
v 0.27515011 -0.02988022 0.01145776
v 0.27495939 -0.03033507 0.01096142
v 0.27556848 -0.03024225 0.00936949
v 0.27564846 -0.03033095 0.00886710
v 0.27503937 -0.03040831 0.01050139
v 0.27468868 -0.03129739 0.00863709
v 0.27433184 -0.03109111 0.01045297
v 0.27439336 -0.03115093 0.01006558
v 0.27450411 -0.03125407 0.00936949
v 0.27390732 -0.03153668 0.01003532
v 0.27422725 -0.03174503 0.00814680
v 0.27363046 -0.03178113 0.00978109
v 0.27367968 -0.03179557 0.00936949
v 0.27377197 -0.03181517 0.00867340
v 0.27398115 -0.03181826 0.00794100
v 0.27396269 -0.03184302 0.00728728
v 0.27396269 -0.03186055 0.00659119
v 0.27396269 -0.03187396 0.00589510
v 0.27465176 -0.03186777 0.00033245
v 0.27465176 -0.03186777 -0.00033943
v 0.27465176 -0.03185230 -0.00312378
v 0.27465176 -0.03184302 -0.00381987
v 0.27455948 -0.03182652 -0.00520599
v 0.27396269 -0.03188015 0.00519901
v 0.27447950 -0.03182033 -0.00590208
v 0.27435030 -0.03178835 -0.00729426
v 0.27398115 -0.03181826 -0.00794192
v 0.27377197 -0.03181620 -0.00868038
v 0.27367968 -0.03179557 -0.00937647
v 0.27305829 -0.03181311 -0.01076865
v 0.27242459 -0.03181517 -0.01215477
v 0.27185241 -0.03180589 -0.01348037
v 0.27100338 -0.03181001 -0.01493913
v 0.27048657 -0.03181930 -0.01561100
v 0.26985903 -0.03183270 -0.01638578
v 0.26910228 -0.03186158 -0.01702134
v 0.26907151 -0.03181311 -0.01768111
v 0.26773029 -0.03182858 -0.01912171
v 0.26840090 -0.03182136 -0.01840141
v 0.26492478 -0.03182342 -0.02189396
v 0.26840090 -0.03186880 -0.01771743
v 0.26979135 -0.03187396 -0.01563522
v 0.27048657 -0.03188015 -0.01424304
v 0.22534008 -0.03186571 -0.01910355
v 0.22536469 -0.03181517 -0.01977543
v 0.22606607 -0.03181620 -0.02047152
v 0.22257149 -0.03188015 -0.01493307
v 0.22326671 -0.03187190 -0.01631920
v 0.22395578 -0.03185849 -0.01771137
v 0.22464486 -0.03186261 -0.01840141
v 0.22494017 -0.03111586 -0.02090128
v 0.22428802 -0.02969972 -0.02225108
v 0.22332209 -0.02980080 -0.02112524
v 0.22291603 -0.02968940 -0.02084680
v 0.22308829 -0.02934078 -0.02136130
v 0.22447874 -0.03095496 -0.02066521
v 0.22276837 -0.02934078 -0.02101023
v 0.22206699 -0.02918710 -0.02033835
v 0.22077498 -0.02909015 -0.01882512
v 0.21937223 -0.02909530 -0.01675501
v 0.21865239 -0.02913656 -0.01543547
v 0.21806176 -0.02889727 -0.01455174
v 0.21793871 -0.02916338 -0.01407961
v 0.21726810 -0.02913037 -0.01267533
v 0.21661594 -0.02907158 -0.01121051
v 0.21592072 -0.02906745 -0.00914041
v 0.21528702 -0.02887355 -0.00686450
v 0.21523165 -0.02906952 -0.00639842
v 0.21504707 -0.02864663 -0.00588392
v 0.21493633 -0.02864663 -0.00519389
v 0.21482559 -0.02864663 -0.00449780
v 0.21462871 -0.02860331 -0.00306325
v 0.21456718 -0.02834339 -0.00280298
v 0.21455488 -0.02810410 -0.00282114
v 0.21455488 -0.02794939 -0.00282719
v 0.21453027 -0.02794939 -0.00242769
v 0.21443798 -0.02794939 -0.00033943
v 0.21449951 -0.02750381 -0.00033943
v 0.21539161 -0.02134517 -0.00961859
v 0.21560079 -0.02134311 0.00961161
v 0.21850474 -0.02134311 -0.01626472
v 0.22094725 -0.02134311 -0.01929119
v 0.22289142 -0.02134311 -0.02155499
v 0.22303907 -0.02134311 -0.02172448
v 0.22354972 -0.02134311 -0.02228740
v 0.22370969 -0.02134311 -0.02245688
v 0.22422649 -0.02134311 -0.02298954
v 0.22460794 -0.02134311 -0.02334061
v 0.22495248 -0.02134311 -0.02364931
v 0.22495248 -0.02656006 -0.02364931
v 0.22493402 -0.03178938 -0.01952726
v 0.22536469 -0.03159341 -0.02047152
v 0.22358664 -0.03178010 -0.01808061
v 0.22447259 -0.03170584 -0.01927304
v 0.22468177 -0.03158413 -0.01977543
v 0.22538315 -0.03122932 -0.02115550
v 0.22605991 -0.02447658 -0.02459357
v 0.22605991 -0.02378140 -0.02459357
v 0.22570923 -0.02134311 -0.02429698
v 0.22605991 -0.02134311 -0.02458752
v 0.22626910 -0.02134311 -0.02475700
v 0.25450873 -0.02983999 0.02998582
v 0.25450873 -0.03018861 0.02969527
v 0.25553618 -0.03037633 0.02918078
v 0.25589302 -0.03031032 0.02911419
v 0.25867392 -0.03047947 0.02790360
v 0.25906152 -0.03040109 0.02781886
v 0.25755418 -0.03035674 0.02846653
v 0.25756648 -0.03104985 0.02777044
v 0.25953526 -0.03030413 0.02770991
v 0.23506091 -0.02134311 0.02976791
v 0.23528855 -0.02810410 0.02984660
v 0.23714658 -0.02864766 0.03042768
v 0.23854318 -0.02864766 0.03082717
v 0.24340360 -0.02999677 0.03080296
v 0.24410498 -0.03002152 0.03082717
v 0.24410498 -0.03036911 0.03056085
v 0.24549542 -0.03109523 0.02990107
v 0.24616604 -0.03110658 0.02990713
v 0.24686126 -0.03075796 0.03025820
v 0.24756264 -0.03108905 0.02989502
v 0.24843013 -0.03106945 0.02987686
v 0.24851011 -0.03037840 0.03056690
v 0.24894693 -0.03035777 0.03054874
v 0.24964216 -0.03031135 0.03050637
v 0.25034353 -0.03024637 0.03044584
v 0.25329055 -0.03035158 0.02985265
v 0.25103261 -0.02982349 0.03065769
v 0.25380735 -0.02994416 0.03007056
v 0.26007052 -0.03049701 0.02723173
v 0.26044582 -0.03040212 0.02712277
v 0.26284526 -0.03005247 0.02606351
v 0.26173167 -0.03103851 0.02567007
v 0.26215619 -0.03093021 0.02554296
v 0.26215619 -0.03122726 0.02519794
v 0.26257456 -0.03111999 0.02506477
v 0.26304214 -0.03098900 0.02490740
v 0.26383580 -0.03104779 0.02429000
v 0.26461101 -0.03109523 0.02364839
v 0.26609374 -0.03115299 0.02233489
v 0.26655517 -0.03100138 0.02213515
v 0.26357740 -0.03087657 0.02467738
v 0.26679512 -0.03117053 0.02166302
v 0.26725655 -0.03100963 0.02144511
v 0.26749649 -0.03117053 0.02097904
v 0.26805636 -0.03038355 0.02154196
v 0.26771183 -0.03024328 0.02205646
v 0.26875159 -0.03038149 0.02084587
v 0.26904691 -0.02986062 0.02113641
v 0.26914534 -0.03023812 0.02056744
v 0.26941605 -0.03035570 0.02010741
v 0.27115719 -0.03002565 0.01838232
v 0.27094801 -0.02981730 0.01889682
v 0.27140944 -0.03026803 0.01771650
v 0.27174782 -0.02992044 0.01771650
v 0.27236922 -0.02985237 0.01688119
v 0.27255994 -0.03003390 0.01630616
v 0.27277528 -0.03023503 0.01562823
v 0.27288602 -0.03035055 0.01521664
v 0.27372275 -0.03048257 0.01340681
v 0.27300291 -0.03115196 0.01335233
v 0.27347665 -0.03094774 0.01284993
v 0.27429492 -0.03036292 0.01245649
v 0.27485479 -0.03022677 0.01145776
v 0.27412881 -0.03090649 0.01145776
v 0.27423955 -0.03101169 0.01091905
v 0.27399346 -0.03129018 0.01071930
v 0.27353202 -0.03174400 0.01025322
v 0.27288602 -0.03176257 0.01173619
v 0.27222771 -0.03177288 0.01320100
v 0.27296600 -0.03178938 0.01127617
v 0.27305829 -0.03181207 0.01076167
v 0.27327977 -0.03182033 0.01003532
v 0.27327362 -0.03184921 0.00936949
v 0.27327362 -0.03186983 0.00867340
v 0.27327362 -0.03188015 0.00798337
v 0.27396269 -0.03188015 -0.00520599
v 0.27396269 -0.03187396 -0.00590208
v 0.27396269 -0.03186055 -0.00659817
v 0.27440567 -0.03180589 -0.00659817
v 0.27396269 -0.03184199 -0.00729426
v 0.27327362 -0.03184921 -0.00937647
v 0.27327977 -0.03181930 -0.01003624
v 0.27257840 -0.03186674 -0.01076865
v 0.27187702 -0.03184302 -0.01285086
v 0.27122486 -0.03182858 -0.01426725
v 0.27048657 -0.03186365 -0.01493913
v 0.27118795 -0.03186880 -0.01354695
v 0.27257840 -0.03188015 -0.01007256
v 0.22468177 -0.03181517 -0.01902486
v 0.22468177 -0.03181104 -0.01906723
v 0.22118104 -0.03187499 -0.01284481
v 0.22187011 -0.03186983 -0.01423093
v 0.22257149 -0.03186261 -0.01562916
v 0.22047966 -0.03188015 -0.01076260
v 0.22399885 -0.03180589 -0.01834693
v 0.22321749 -0.03183064 -0.01705766
v 0.22345744 -0.03180486 -0.01771137
v 0.22468177 -0.03123035 -0.02045941
v 0.22425725 -0.03110967 -0.02019913
v 0.22378967 -0.03093639 -0.01993281
v 0.22332824 -0.03116331 -0.01902486
v 0.22267608 -0.03011848 -0.01987833
v 0.22225772 -0.02965021 -0.02010229
v 0.22240537 -0.02938926 -0.02054415
v 0.22118719 -0.02934800 -0.01907934
v 0.22095955 -0.02955222 -0.01856484
v 0.22016589 -0.02965124 -0.01730583
v 0.21955680 -0.02955841 -0.01647657
v 0.21926148 -0.02933253 -0.01626472
v 0.21882466 -0.02960070 -0.01512072
v 0.21810483 -0.02962442 -0.01375275
v 0.21742806 -0.02959348 -0.01230610
v 0.21732347 -0.02971003 -0.01184607
v 0.21678206 -0.02953881 -0.01075654
v 0.21654211 -0.02919329 -0.01075654
v 0.21584689 -0.02918297 -0.00866223
v 0.21669592 -0.02964402 -0.01027836
v 0.21608683 -0.02953056 -0.00866223
v 0.21517628 -0.02916131 -0.00588392
v 0.21600685 -0.02963474 -0.00812957
v 0.21540391 -0.02950787 -0.00588392
v 0.21473330 -0.02864663 -0.00380171
v 0.21460410 -0.02878278 -0.00241559
v 0.21455488 -0.02843622 -0.00241559
v 0.21451181 -0.02810410 -0.00194951
v 0.21449336 -0.02864663 -0.00032732
v 0.21443798 -0.02794939 0.00033850
v 0.21560079 -0.02134311 0.01548296
v 0.22380197 -0.03168521 -0.01854668
v 0.22218389 -0.03178629 -0.01604076
v 0.22295909 -0.03176154 -0.01731188
v 0.22310675 -0.03168108 -0.01771137
v 0.22399885 -0.03154700 -0.01906723
v 0.22399270 -0.03120250 -0.01973911
v 0.25380735 -0.03029176 0.02979212
v 0.25450873 -0.03053930 0.02935026
v 0.25506244 -0.03045575 0.02926552
v 0.25710505 -0.03113237 0.02785518
v 0.25901845 -0.03107254 0.02709856
v 0.25730808 -0.03134793 0.02750411
v 0.25797869 -0.03126748 0.02732252
v 0.25855702 -0.03116434 0.02720146
v 0.25936914 -0.03100241 0.02701382
v 0.23436569 -0.02134311 0.02953184
v 0.23436569 -0.02794939 0.02953184
v 0.23436569 -0.02864766 0.02948947
v 0.23645751 -0.02864766 0.03020372
v 0.23590995 -0.02911490 0.02993739
v 0.23799562 -0.02908911 0.03060927
v 0.23854318 -0.02920154 0.03067585
v 0.23926917 -0.02937997 0.03068190
v 0.24270838 -0.02995242 0.03076059
v 0.24270838 -0.03030104 0.03049426
v 0.24340360 -0.03034436 0.03053663
v 0.24410498 -0.03106429 0.02987081
v 0.24477559 -0.03132421 0.02960448
v 0.24549542 -0.03141085 0.02953184
v 0.24616604 -0.03142942 0.02953184
v 0.24686126 -0.03110349 0.02990713
v 0.24756264 -0.03139744 0.02953184
v 0.24821480 -0.03131493 0.02959843
v 0.24686126 -0.03142220 0.02953184
v 0.24894693 -0.03135619 0.02950763
v 0.24894693 -0.03104779 0.02985265
v 0.24964216 -0.03100241 0.02981028
v 0.25173398 -0.03119838 0.02930183
v 0.25282911 -0.03039387 0.02989502
v 0.25327824 -0.03103541 0.02914446
v 0.25242305 -0.03113340 0.02924130
v 0.26012589 -0.03088379 0.02675960
v 0.25992901 -0.03117981 0.02652353
v 0.26075344 -0.03126748 0.02594245
v 0.26141790 -0.03142632 0.02534926
v 0.26112258 -0.03177494 0.02502240
v 0.26158401 -0.03169759 0.02484687
v 0.26282065 -0.03128399 0.02467738
v 0.26337437 -0.03117672 0.02444737
v 0.26422956 -0.03120250 0.02379366
v 0.26486941 -0.03122313 0.02324284
v 0.26632753 -0.03131080 0.02189908
v 0.26559540 -0.03127058 0.02257096
v 0.26702891 -0.03131905 0.02120300
v 0.26771798 -0.03131905 0.02050691
v 0.26817941 -0.03117053 0.02027689
v 0.26795793 -0.03100860 0.02074297
v 0.26864700 -0.03099828 0.02002873
v 0.26895462 -0.03053620 0.02037979
v 0.27015434 -0.03108389 0.01807362
v 0.27043120 -0.03068370 0.01834601
v 0.27089878 -0.03043616 0.01814626
v 0.27070806 -0.03027938 0.01860628
v 0.27152633 -0.03037840 0.01735938
v 0.27214773 -0.03031445 0.01655434
v 0.27105875 -0.03055993 0.01771650
v 0.27229539 -0.03044234 0.01608826
v 0.27242459 -0.03055580 0.01562823
v 0.27228308 -0.03112927 0.01470213
v 0.27312596 -0.03125098 0.01284993
v 0.27241228 -0.03123242 0.01424211
v 0.27255379 -0.03142220 0.01350970
v 0.27367968 -0.03112824 0.01193594
v 0.27377812 -0.03121694 0.01145776
v 0.27331669 -0.03133556 0.01215990
v 0.27322440 -0.03160063 0.01148802
v 0.27184011 -0.03180589 0.01347944
v 0.27228308 -0.03178938 0.01284993
v 0.27190778 -0.03132112 0.01493215
v 0.27135407 -0.03169037 0.01493820
v 0.27148327 -0.03175947 0.01451449
v 0.27087418 -0.03178732 0.01535585
v 0.27100338 -0.03181001 0.01493820
v 0.27242459 -0.03181517 0.01215385
v 0.27187702 -0.03184302 0.01284993
v 0.27257840 -0.03186571 0.01076167
v 0.27257840 -0.03188015 0.01006558
v 0.27327362 -0.03188015 -0.00799035
v 0.27327362 -0.03186983 -0.00868038
v 0.27187702 -0.03186880 -0.01215477
v 0.22118104 -0.03185333 -0.01353484
v 0.21978444 -0.03188015 -0.00937042
v 0.22047966 -0.03187293 -0.01145869
v 0.22181474 -0.03182961 -0.01498150
v 0.22203623 -0.03180898 -0.01562916
v 0.22343898 -0.03119322 -0.01910355
v 0.22275606 -0.03119941 -0.01826219
v 0.22142714 -0.02976985 -0.01886749
v 0.22161171 -0.02960586 -0.01933356
v 0.22079959 -0.02971828 -0.01809876
v 0.22149482 -0.03110039 -0.01667632
v 0.22075652 -0.03044131 -0.01676712
v 0.22001823 -0.02978739 -0.01683975
v 0.21941529 -0.02971003 -0.01600445
v 0.21869546 -0.02972860 -0.01466069
v 0.21800639 -0.02973169 -0.01329273
v 0.21857857 -0.02983380 -0.01421883
v 0.22001823 -0.03117569 -0.01409777
v 0.21841245 -0.03001740 -0.01349247
v 0.21724964 -0.02978429 -0.01144658
v 0.21865855 -0.03114990 -0.01129526
v 0.21856011 -0.03110039 -0.01118025
v 0.21712044 -0.02990600 -0.01075654
v 0.21662209 -0.02972344 -0.00982439
v 0.21512090 -0.02924898 -0.00519389
v 0.21534239 -0.02959451 -0.00519389
v 0.21654827 -0.02979667 -0.00936437
v 0.21643137 -0.02990188 -0.00866223
v 0.21626525 -0.02993901 -0.00792377
v 0.21595148 -0.02969765 -0.00765744
v 0.21582228 -0.02982555 -0.00657396
v 0.21457334 -0.02899319 -0.00136843
v 0.21491787 -0.02934078 -0.00311168
v 0.21449336 -0.02864663 0.00033245
v 0.21454873 -0.02904064 -0.00032732
v 0.21457334 -0.02833101 0.00278994
v 0.21453642 -0.02794939 0.00242071
v 0.21456718 -0.02759561 0.00278994
v 0.21456718 -0.02794939 0.00280205
v 0.21456718 -0.02810410 0.00279600
v 0.21494248 -0.02864663 0.00518691
v 0.21506553 -0.02864663 0.00587694
v 0.21523165 -0.02906642 0.00639144
v 0.21528702 -0.02886014 0.00685147
v 0.21592072 -0.02906848 0.00913948
v 0.21661594 -0.02907261 0.01119748
v 0.21726810 -0.02912728 0.01267440
v 0.21793871 -0.02916338 0.01407868
v 0.21806176 -0.02886323 0.01455081
v 0.21865239 -0.02913759 0.01544059
v 0.21937223 -0.02909530 0.01675408
v 0.22077498 -0.02909015 0.01881814
v 0.22140868 -0.02914378 0.01958081
v 0.22292218 -0.02893131 0.02150564
v 0.22430647 -0.02899525 0.02291598
v 0.22427571 -0.02864766 0.02295230
v 0.22423264 -0.02794939 0.02298256
v 0.22462025 -0.02794939 0.02333363
v 0.22495248 -0.02656109 0.02364839
v 0.22495248 -0.02134311 0.02364839
v 0.22326671 -0.03144283 -0.01840141
v 0.22155019 -0.03176566 -0.01524177
v 0.22168554 -0.03169862 -0.01562916
v 0.22191933 -0.03156041 -0.01628893
v 0.22253457 -0.03132627 -0.01771743
v 0.25450873 -0.03088586 0.02898708
v 0.25503168 -0.03113855 0.02855732
v 0.25659440 -0.03121179 0.02793992
v 0.25936914 -0.03129224 0.02666880
v 0.25692663 -0.03177082 0.02709856
v 0.25869237 -0.03144592 0.02675960
v 0.23380582 -0.02134311 0.02929578
v 0.23380582 -0.02794939 0.02929578
v 0.23381197 -0.02810410 0.02928973
v 0.23384273 -0.02864766 0.02925341
v 0.23392271 -0.02907364 0.02922315
v 0.23544851 -0.02876834 0.02984660
v 0.23645751 -0.02959967 0.02978607
v 0.23645751 -0.02925311 0.03002819
v 0.23436569 -0.02920773 0.02930789
v 0.23478405 -0.02966259 0.02915051
v 0.23779259 -0.02932944 0.03038531
v 0.23854318 -0.02954810 0.03043979
v 0.23906614 -0.02963783 0.03050637
v 0.23952757 -0.02970075 0.03056085
v 0.24201315 -0.03024431 0.03044584
v 0.24201315 -0.03059809 0.03010082
v 0.24270838 -0.03064657 0.03014924
v 0.24340360 -0.03103748 0.02984055
v 0.24340360 -0.03134793 0.02949553
v 0.24410498 -0.03136856 0.02951974
v 0.24549542 -0.03173884 0.02907182
v 0.24616604 -0.03174813 0.02908998
v 0.24686126 -0.03174400 0.02908393
v 0.24825171 -0.03172131 0.02903550
v 0.24894693 -0.03170378 0.02901129
v 0.24964216 -0.03167387 0.02896892
v 0.24964216 -0.03132524 0.02945921
v 0.25103261 -0.03124479 0.02935026
v 0.25173398 -0.03154494 0.02886602
v 0.25236768 -0.03152328 0.02877523
v 0.25380735 -0.03129224 0.02873286
v 0.25450873 -0.03121385 0.02863601
v 0.25307521 -0.03130565 0.02888418
v 0.26139329 -0.03180589 0.02463501
v 0.26283911 -0.03179970 0.02373313
v 0.26320825 -0.03177701 0.02363628
v 0.25936914 -0.03164086 0.02615430
v 0.25975674 -0.03178217 0.02573060
v 0.26002130 -0.03181517 0.02534926
v 0.26283911 -0.03165014 0.02408420
v 0.26352203 -0.03143251 0.02396314
v 0.26420495 -0.03156350 0.02323678
v 0.26366969 -0.03169037 0.02344258
v 0.26635214 -0.03167490 0.02122116
v 0.26566307 -0.03165220 0.02189303
v 0.26590917 -0.03175947 0.02148748
v 0.26705352 -0.03167490 0.02053717
v 0.26773644 -0.03167077 0.01983503
v 0.26840705 -0.03130152 0.01979266
v 0.26884388 -0.03114578 0.01955660
v 0.27028354 -0.03118188 0.01771650
v 0.27078189 -0.03103026 0.01728674
v 0.26908382 -0.03125717 0.01907236
v 0.26974828 -0.03120560 0.01835206
v 0.27156325 -0.03109936 0.01601562
v 0.27202468 -0.03090442 0.01562823
v 0.27167399 -0.03119631 0.01562823
v 0.27113873 -0.03156350 0.01561008
v 0.27012358 -0.03176979 0.01665723
v 0.26963754 -0.03180898 0.01702041
v 0.27048657 -0.03181930 0.01561008
v 0.27048657 -0.03186468 0.01493820
v 0.27118795 -0.03186777 0.01354602
v 0.27187702 -0.03186983 0.01215385
v 0.27048657 -0.03188015 0.01424211
v 0.22120565 -0.03181104 -0.01418856
v 0.22047966 -0.03185024 -0.01214267
v 0.22048582 -0.03181517 -0.01279639
v 0.22074422 -0.03179970 -0.01353484
v 0.21978444 -0.03186777 -0.01006651
v 0.21839399 -0.03188015 -0.00381382
v 0.21909537 -0.03187809 -0.00728821
v 0.21909537 -0.03186880 -0.00797824
v 0.22081190 -0.03177804 -0.01391618
v 0.22249766 -0.03110039 -0.01809271
v 0.22118719 -0.02988537 -0.01835299
v 0.22209160 -0.03110039 -0.01752373
v 0.22137177 -0.03119631 -0.01631920
v 0.22108876 -0.03110039 -0.01607103
v 0.22212851 -0.03114887 -0.01748742
v 0.22188857 -0.03124067 -0.01697292
v 0.21977829 -0.02989259 -0.01626472
v 0.22061502 -0.03110039 -0.01529625
v 0.22047966 -0.03144179 -0.01423699
v 0.21987673 -0.03128811 -0.01353484
v 0.21950143 -0.03110039 -0.01323220
v 0.21981520 -0.03110039 -0.01386170
v 0.22074422 -0.03114681 -0.01541731
v 0.22113182 -0.03133968 -0.01564127
v 0.21933531 -0.03116847 -0.01271770
v 0.21916920 -0.03110039 -0.01252400
v 0.21856011 -0.03123654 -0.01076260
v 0.21920611 -0.03127367 -0.01214267
v 0.21909537 -0.03143045 -0.01144053
v 0.21802485 -0.03110039 -0.00968517
v 0.21784027 -0.03057540 -0.01075654
v 0.21700970 -0.03002771 -0.01004230
v 0.21791410 -0.03110039 -0.00937042
v 0.21574845 -0.02989569 -0.00588392
v 0.21569308 -0.02995551 -0.00519389
v 0.21526856 -0.02968321 -0.00413462
v 0.21750804 -0.03092918 -0.00866223
v 0.21756342 -0.03110039 -0.00822036
v 0.21723118 -0.03119013 -0.00659212
v 0.21652366 -0.03050732 -0.00657396
v 0.21680667 -0.03093021 -0.00588392
v 0.21644983 -0.03058262 -0.00588392
v 0.21486250 -0.02934078 -0.00241559
v 0.21477637 -0.02938823 -0.00032732
v 0.21523780 -0.02971828 -0.00367460
v 0.21521319 -0.02975335 -0.00311168
v 0.21517628 -0.02978223 -0.00241559
v 0.21454873 -0.02904064 0.00033245
v 0.21457334 -0.02899319 0.00137355
v 0.21460410 -0.02877040 0.00242071
v 0.21464101 -0.02859712 0.00305627
v 0.21517628 -0.02916028 0.00587694
v 0.21540391 -0.02950684 0.00587694
v 0.21579152 -0.02937791 0.00791073
v 0.21584689 -0.02918297 0.00866130
v 0.21608683 -0.02953056 0.00866130
v 0.21652981 -0.02919432 0.01074956
v 0.21678206 -0.02953985 0.01074956
v 0.21689280 -0.02931809 0.01143960
v 0.21743421 -0.02959038 0.01229306
v 0.21810483 -0.02962442 0.01374577
v 0.21882466 -0.02960070 0.01511979
v 0.21926764 -0.02933356 0.01626379
v 0.21955680 -0.02955841 0.01646354
v 0.22017204 -0.02964814 0.01729279
v 0.22095955 -0.02955222 0.01855181
v 0.22118719 -0.02934800 0.01907236
v 0.22225772 -0.02965124 0.02008925
v 0.22206699 -0.02918813 0.02032532
v 0.22276837 -0.02934078 0.02100325
v 0.22308829 -0.02934078 0.02134221
v 0.22451565 -0.02945836 0.02269807
v 0.22471253 -0.02927374 0.02305520
v 0.22528471 -0.02940060 0.02346074
v 0.22621372 -0.02917678 0.02445343
v 0.22502631 -0.02885292 0.02359996
v 0.22359894 -0.02969869 0.02154196
v 0.22428802 -0.02969972 0.02225015
v 0.22498939 -0.02838981 0.02363023
v 0.22497093 -0.02810410 0.02363628
v 0.22497093 -0.02794939 0.02364233
v 0.22605991 -0.02725524 0.02458659
v 0.22570923 -0.02586488 0.02429000
v 0.22570923 -0.02134311 0.02429000
v 0.25589302 -0.03130977 0.02805493
v 0.25836630 -0.03178010 0.02642063
v 0.25883388 -0.03172544 0.02628141
v 0.25728962 -0.03181826 0.02663248
v 0.25797869 -0.03179764 0.02647511
v 0.25485941 -0.03177391 0.02780070
v 0.25646520 -0.03178938 0.02714698
v 0.23158479 -0.02794939 0.02821836
v 0.23066193 -0.02134311 0.02774017
v 0.23158479 -0.02810410 0.02821836
v 0.23204622 -0.02864766 0.02841810
v 0.23436569 -0.02955532 0.02906577
v 0.23248920 -0.02910252 0.02853311
v 0.23226771 -0.02933769 0.02826678
v 0.23285219 -0.02956563 0.02838178
v 0.23682666 -0.02968012 0.02985265
v 0.23367662 -0.02976985 0.02856943
v 0.23436569 -0.02991116 0.02871470
v 0.23531931 -0.03109936 0.02782491
v 0.23576229 -0.03085491 0.02824862
v 0.23728809 -0.02975335 0.02992529
v 0.23784181 -0.02983071 0.03001608
v 0.24062886 -0.03118084 0.02929578
v 0.24062886 -0.03084047 0.02964080
v 0.24062886 -0.03049185 0.02998582
v 0.24132408 -0.03054755 0.03004634
v 0.23854318 -0.02991838 0.03010082
v 0.23923226 -0.03102613 0.02912630
v 0.24132408 -0.03089617 0.02970133
v 0.24201315 -0.03094465 0.02974975
v 0.24270838 -0.03099312 0.02979818
v 0.24201315 -0.03127677 0.02940473
v 0.24270838 -0.03131390 0.02945316
v 0.24132408 -0.03158310 0.02889023
v 0.24340360 -0.03169656 0.02899313
v 0.24410498 -0.03171718 0.02902945
v 0.24340360 -0.03182033 0.02864812
v 0.24410498 -0.03182652 0.02868443
v 0.24616604 -0.03182652 0.02874496
v 0.24686126 -0.03182652 0.02873286
v 0.24825171 -0.03182652 0.02869049
v 0.24549542 -0.03182652 0.02872680
v 0.24894693 -0.03182342 0.02866022
v 0.24964216 -0.03181517 0.02862390
v 0.25103261 -0.03179764 0.02855127
v 0.25173398 -0.03178526 0.02851495
v 0.25210313 -0.03177598 0.02849679
v 0.26075344 -0.03184714 0.02467133
v 0.26283911 -0.03185436 0.02327915
v 0.26347281 -0.03180589 0.02323678
v 0.26394655 -0.03178732 0.02297651
v 0.25936914 -0.03180176 0.02580323
v 0.25936914 -0.03185643 0.02536137
v 0.26544774 -0.03180073 0.02166302
v 0.26614911 -0.03180279 0.02102141
v 0.26730577 -0.03175947 0.02009531
v 0.26797638 -0.03175328 0.01937501
v 0.26840090 -0.03164086 0.01912078
v 0.27052349 -0.03134381 0.01704462
v 0.27093570 -0.03115815 0.01682066
v 0.26974828 -0.03154081 0.01768018
v 0.27117564 -0.03125304 0.01628195
v 0.26998823 -0.03169656 0.01702041
v 0.26928685 -0.03170893 0.01787993
v 0.26947757 -0.03178526 0.01741385
v 0.26907151 -0.03181414 0.01768018
v 0.26910228 -0.03186261 0.01702041
v 0.26985903 -0.03183167 0.01638485
v 0.26979135 -0.03187293 0.01562823
v 0.26910228 -0.03188015 0.01632432
v 0.21977829 -0.03184302 -0.01076260
v 0.21980290 -0.03181104 -0.01139210
v 0.22005515 -0.03179764 -0.01214267
v 0.22011667 -0.03177907 -0.01253611
v 0.21909537 -0.03184818 -0.00867433
v 0.21839399 -0.03187396 -0.00450991
v 0.21839399 -0.03188015 0.00380684
v 0.21769877 -0.03184405 -0.00033338
v 0.21769877 -0.03184096 -0.00102946
v 0.21769877 -0.03183683 -0.00172555
v 0.21839399 -0.03186365 -0.00519994
v 0.21839399 -0.03185230 -0.00588998
v 0.21849243 -0.03182342 -0.00728821
v 0.22038738 -0.03163570 -0.01353484
v 0.22088573 -0.03103232 -0.01587128
v 0.21977829 -0.03144592 -0.01285691
v 0.21943375 -0.03177494 -0.01112577
v 0.21844936 -0.03153462 -0.00933410
v 0.21838169 -0.03128502 -0.01008467
v 0.21796948 -0.03115196 -0.00937042
v 0.21769262 -0.03110039 -0.00867433
v 0.21691126 -0.03110039 -0.00549654
v 0.21604377 -0.03030207 -0.00519389
v 0.21661594 -0.03110039 -0.00366249
v 0.21785873 -0.03125201 -0.00867433
v 0.21775414 -0.03132731 -0.00797824
v 0.21774799 -0.03158310 -0.00663449
v 0.21715736 -0.03125717 -0.00588998
v 0.21698509 -0.03110039 -0.00588998
v 0.21515782 -0.02980080 -0.00172555
v 0.21512705 -0.02983174 -0.00032732
v 0.21512705 -0.02982968 0.00033245
v 0.21478867 -0.02938823 0.00033245
v 0.21654827 -0.03110039 -0.00303904
v 0.21649289 -0.03110039 -0.00228242
v 0.21654211 -0.03118703 -0.00172555
v 0.21617297 -0.03086213 -0.00102341
v 0.21486250 -0.02934078 0.00242071
v 0.21491787 -0.02934078 0.00311075
v 0.21512090 -0.02924898 0.00518691
v 0.21534239 -0.02959451 0.00518691
v 0.21574845 -0.02989259 0.00587694
v 0.21595148 -0.02969559 0.00764440
v 0.21601300 -0.02963474 0.00811048
v 0.21662209 -0.02972344 0.00981741
v 0.21669592 -0.02964402 0.01028349
v 0.21733578 -0.02970487 0.01182699
v 0.21800639 -0.02973169 0.01327969
v 0.21841245 -0.03001636 0.01349760
v 0.21857857 -0.02983380 0.01422395
v 0.21869546 -0.02972860 0.01465976
v 0.21941529 -0.02971003 0.01600957
v 0.22001823 -0.02978429 0.01683882
v 0.22079959 -0.02971622 0.01808573
v 0.22142099 -0.02976985 0.01887261
v 0.22161171 -0.02960586 0.01932053
v 0.22287911 -0.03110039 0.01856391
v 0.22364201 -0.03110039 0.01949607
v 0.22291603 -0.02969043 0.02082771
v 0.22498939 -0.02969972 0.02293414
v 0.22644752 -0.02963989 0.02424763
v 0.22720427 -0.02959967 0.02491345
v 0.22695202 -0.02913656 0.02508898
v 0.22687203 -0.02864766 0.02517373
v 0.22652135 -0.02864766 0.02488319
v 0.22611529 -0.02864766 0.02454422
v 0.22425110 -0.03111380 0.02018610
v 0.22332209 -0.02979873 0.02110615
v 0.22493402 -0.03111999 0.02086403
v 0.22587534 -0.03095084 0.02204435
v 0.22648443 -0.02810410 0.02491950
v 0.22648443 -0.02794939 0.02492556
v 0.22647213 -0.02656109 0.02493161
v 0.22647213 -0.02586488 0.02493161
v 0.22846551 -0.02134311 0.02639642
v 0.25797869 -0.03185024 0.02605746
v 0.25863700 -0.03181517 0.02604535
v 0.25664977 -0.03182652 0.02682013
v 0.25513627 -0.03181311 0.02744358
v 0.25589302 -0.03180898 0.02721357
v 0.25450873 -0.03178629 0.02783097
v 0.23064347 -0.02794939 0.02774017
v 0.22968984 -0.02134311 0.02719541
v 0.23020050 -0.02725524 0.02749200
v 0.23158479 -0.02864766 0.02819414
v 0.23331362 -0.02969456 0.02847863
v 0.23112951 -0.02909736 0.02784913
v 0.23164016 -0.02933356 0.02794597
v 0.23189857 -0.02970694 0.02780070
v 0.23645751 -0.03096837 0.02836968
v 0.23732500 -0.03043409 0.02922920
v 0.23303676 -0.02989466 0.02814572
v 0.23387965 -0.03113340 0.02715909
v 0.23576229 -0.03118084 0.02789755
v 0.23436569 -0.03122519 0.02726199
v 0.23507937 -0.03130668 0.02746779
v 0.23784181 -0.03118394 0.02859364
v 0.23854318 -0.03094671 0.02904156
v 0.24062886 -0.03155628 0.02881154
v 0.24132408 -0.03123654 0.02935026
v 0.23854318 -0.03126851 0.02869654
v 0.24062886 -0.03161198 0.02873286
v 0.24080728 -0.03178423 0.02851495
v 0.24132408 -0.03179351 0.02853916
v 0.24132408 -0.03184818 0.02814572
v 0.24270838 -0.03186674 0.02814572
v 0.24340360 -0.03187499 0.02814572
v 0.24410498 -0.03188015 0.02814572
v 0.24825171 -0.03188015 0.02814572
v 0.24894693 -0.03187706 0.02814572
v 0.24964216 -0.03186983 0.02814572
v 0.25103261 -0.03185230 0.02814572
v 0.25173398 -0.03183993 0.02814572
v 0.25312443 -0.03182033 0.02795808
v 0.25380735 -0.03180589 0.02789150
v 0.26145481 -0.03186674 0.02396919
v 0.26354049 -0.03186468 0.02257701
v 0.26566307 -0.03182961 0.02122116
v 0.26492478 -0.03182342 0.02189303
v 0.26420495 -0.03181620 0.02255886
v 0.25728962 -0.03187190 0.02605746
v 0.25867392 -0.03187499 0.02536137
v 0.26007052 -0.03187190 0.02467133
v 0.26635214 -0.03183167 0.02053717
v 0.26705352 -0.03183167 0.01983503
v 0.26684434 -0.03180279 0.02032532
v 0.26751495 -0.03180279 0.01962923
v 0.26816096 -0.03179867 0.01890893
v 0.26773644 -0.03182858 0.01912078
v 0.26840090 -0.03186777 0.01771650
v 0.26701661 -0.03187499 0.01910868
v 0.26562616 -0.03187499 0.02050085
v 0.26492478 -0.03188015 0.02050085
v 0.21939069 -0.03178938 -0.01076260
v 0.21907691 -0.03181930 -0.00933410
v 0.21929840 -0.03181311 -0.01008467
v 0.21861548 -0.03181414 -0.00797824
v 0.21769877 -0.03183064 -0.00241559
v 0.21780951 -0.03182548 -0.00381382
v 0.21909537 -0.03188015 0.00727517
v 0.21839399 -0.03187499 0.00450293
v 0.21769877 -0.03183270 0.00242071
v 0.21769877 -0.03183786 0.00171857
v 0.21769877 -0.03184302 0.00033245
v 0.21731732 -0.03179042 -0.00033338
v 0.21731732 -0.03178732 -0.00102946
v 0.21788334 -0.03182033 -0.00450991
v 0.21793871 -0.03181001 -0.00519994
v 0.21798793 -0.03179867 -0.00588998
v 0.21802485 -0.03178526 -0.00642869
v 0.21872622 -0.03178010 -0.00907988
v 0.21833862 -0.03159857 -0.00867433
v 0.21669592 -0.03110039 -0.00417699
v 0.21674514 -0.03098797 -0.00519389
v 0.21709583 -0.03130771 -0.00519994
v 0.21693587 -0.03134587 -0.00386829
v 0.21659749 -0.03113855 -0.00311168
v 0.21806176 -0.03176772 -0.00689477
v 0.21763724 -0.03160579 -0.00588998
v 0.21640061 -0.03110039 -0.00080551
v 0.21616066 -0.03087451 -0.00032732
v 0.21517628 -0.02978223 0.00242071
v 0.21547159 -0.03017520 0.00033245
v 0.21654211 -0.03118497 0.00171857
v 0.21656672 -0.03116331 -0.00241559
v 0.21652366 -0.03120766 -0.00102946
v 0.21707737 -0.03153565 -0.00304509
v 0.21735423 -0.03177288 -0.00277271
v 0.21521319 -0.02975335 0.00311075
v 0.21523780 -0.02971622 0.00366762
v 0.21526856 -0.02968321 0.00413370
v 0.21529317 -0.02965330 0.00450898
v 0.21569308 -0.02995551 0.00518691
v 0.21674514 -0.03099209 0.00518691
v 0.21644983 -0.03058055 0.00587694
v 0.21680667 -0.03092918 0.00587694
v 0.21732347 -0.03110039 0.00734176
v 0.21632678 -0.03001121 0.00786231
v 0.21643137 -0.02990291 0.00866130
v 0.21750804 -0.03092918 0.00866130
v 0.21793871 -0.03110039 0.00942397
v 0.21712044 -0.02990600 0.01074956
v 0.21726195 -0.02978120 0.01143960
v 0.21795102 -0.03047122 0.01131854
v 0.21871392 -0.03110039 0.01150618
v 0.21940914 -0.03110039 0.01307995
v 0.21943375 -0.03107667 0.01318890
v 0.21896617 -0.03017933 0.01422395
v 0.21930455 -0.02980492 0.01561613
v 0.21996286 -0.03110039 0.01412710
v 0.22014743 -0.03037427 0.01594904
v 0.21977829 -0.02989259 0.01626379
v 0.22088573 -0.03103232 0.01587641
v 0.22149482 -0.03110039 0.01666329
v 0.22218389 -0.03110039 0.01768018
v 0.22118719 -0.02988537 0.01835206
v 0.22275606 -0.03119735 0.01824311
v 0.22399270 -0.03120456 0.01972002
v 0.22326671 -0.03144076 0.01839443
v 0.22534008 -0.02981936 0.02309151
v 0.22691510 -0.02979770 0.02444737
v 0.22765339 -0.02975438 0.02508293
v 0.22844705 -0.02969869 0.02570639
v 0.22897001 -0.02916750 0.02651143
v 0.22746882 -0.02932118 0.02532505
v 0.22772722 -0.02904373 0.02571849
v 0.22733962 -0.02864766 0.02552480
v 0.22756111 -0.02810410 0.02574876
v 0.22719196 -0.02810410 0.02547032
v 0.22683512 -0.02810410 0.02519794
v 0.22467562 -0.03158516 0.01976845
v 0.22469408 -0.03122932 0.02044638
v 0.22510014 -0.03122932 0.02086403
v 0.22563540 -0.03109936 0.02159038
v 0.22608452 -0.03122313 0.02184461
v 0.22635523 -0.03110452 0.02225621
v 0.22683512 -0.02794939 0.02520399
v 0.22728425 -0.02794939 0.02555506
v 0.22763493 -0.02794939 0.02580928
v 0.22846551 -0.02794939 0.02639642
v 0.22881620 -0.02134311 0.02663248
v 0.25589302 -0.03186261 0.02675354
v 0.25450873 -0.03184096 0.02744963
v 0.22968984 -0.02725524 0.02720146
v 0.22968984 -0.02794939 0.02719541
v 0.23103107 -0.02864766 0.02790360
v 0.22935146 -0.02134311 0.02698356
v 0.22933916 -0.02725524 0.02698356
v 0.23228002 -0.02979358 0.02789755
v 0.23143713 -0.02956047 0.02766754
v 0.22980059 -0.02904064 0.02711672
v 0.22952373 -0.02933666 0.02673539
v 0.23245228 -0.03109936 0.02650537
v 0.23296909 -0.03094980 0.02694724
v 0.23056964 -0.02967496 0.02707435
v 0.23108644 -0.03045781 0.02648116
v 0.23114182 -0.03112205 0.02574876
v 0.23736807 -0.03111483 0.02851495
v 0.23296909 -0.03060221 0.02733463
v 0.23298139 -0.03124582 0.02659011
v 0.23365816 -0.03134278 0.02677776
v 0.23576844 -0.03156453 0.02737700
v 0.23645751 -0.03128089 0.02801256
v 0.23407037 -0.03176463 0.02636616
v 0.23554080 -0.03174916 0.02701382
v 0.23784181 -0.03157175 0.02807914
v 0.23714658 -0.03133040 0.02817599
v 0.24033969 -0.03176566 0.02845442
v 0.23854318 -0.03161714 0.02820625
v 0.23806329 -0.03178423 0.02781281
v 0.23854318 -0.03179970 0.02785518
v 0.23923226 -0.03181517 0.02792782
v 0.24062886 -0.03182342 0.02819414
v 0.23854318 -0.03185333 0.02743147
v 0.23923226 -0.03186880 0.02743147
v 0.23993363 -0.03187809 0.02743147
v 0.24062886 -0.03188015 0.02745569
v 0.25242305 -0.03188015 0.02744963
v 0.25312443 -0.03187396 0.02744963
v 0.25380735 -0.03186158 0.02744963
v 0.26215619 -0.03187602 0.02327915
v 0.26492478 -0.03187396 0.02118484
v 0.25521010 -0.03187706 0.02675354
v 0.25936914 -0.03188015 0.02467133
v 0.26075344 -0.03188015 0.02396919
v 0.25659440 -0.03188015 0.02605746
v 0.26283911 -0.03188015 0.02257701
v 0.21868931 -0.03179454 -0.00867433
v 0.21733578 -0.03178320 -0.00172555
v 0.21734193 -0.03177701 -0.00241559
v 0.21909537 -0.03186880 0.00796521
v 0.21839399 -0.03186468 0.00519901
v 0.21978444 -0.03188015 0.00935739
v 0.21978444 -0.03186880 0.01005347
v 0.21735423 -0.03177391 0.00280205
v 0.21734193 -0.03177804 0.00242071
v 0.21732347 -0.03178320 0.00171857
v 0.21788334 -0.03182033 0.00450293
v 0.21731732 -0.03178938 0.00033245
v 0.21696663 -0.03156660 -0.00033338
v 0.21739730 -0.03176050 -0.00323879
v 0.21704046 -0.03134896 -0.00450991
v 0.21651135 -0.03122107 -0.00033338
v 0.21639446 -0.03110039 0.00033245
v 0.21649289 -0.03110039 0.00242071
v 0.21651135 -0.03121488 0.00033245
v 0.21699124 -0.03151606 0.00242071
v 0.21656672 -0.03116950 0.00242071
v 0.21697278 -0.03155628 -0.00102946
v 0.21659749 -0.03113649 0.00311680
v 0.21663440 -0.03110039 0.00363735
v 0.21709583 -0.03131183 0.00519901
v 0.21715736 -0.03125717 0.00589510
v 0.21699124 -0.03110039 0.00589510
v 0.21769877 -0.03134381 0.00768677
v 0.21775414 -0.03133040 0.00796521
v 0.21735423 -0.03107151 0.00758993
v 0.21670823 -0.03032785 0.00808021
v 0.21748959 -0.03110039 0.00796521
v 0.21769262 -0.03110039 0.00866735
v 0.21785873 -0.03124892 0.00866735
v 0.21836323 -0.03129121 0.01000505
v 0.21856011 -0.03123757 0.01076167
v 0.21811713 -0.03101478 0.01020480
v 0.21820942 -0.03092402 0.01074956
v 0.21920611 -0.03127367 0.01213569
v 0.21985212 -0.03152328 0.01279546
v 0.21979675 -0.03124479 0.01346733
v 0.22002438 -0.03117156 0.01407868
v 0.22074422 -0.03114887 0.01541638
v 0.22079959 -0.03110039 0.01561008
v 0.22094110 -0.03110039 0.01582798
v 0.22113182 -0.03133968 0.01564639
v 0.22253457 -0.03132834 0.01772255
v 0.22399885 -0.03154700 0.01905420
v 0.22310060 -0.03168212 0.01770439
v 0.22380197 -0.03168418 0.01853970
v 0.22708122 -0.03107564 0.02291598
v 0.22781951 -0.03104573 0.02356970
v 0.22773953 -0.03040521 0.02433237
v 0.22811482 -0.03051661 0.02447764
v 0.22881620 -0.02980183 0.02583955
v 0.22924687 -0.02963061 0.02632379
v 0.22885311 -0.02864766 0.02660222
v 0.22847782 -0.02810410 0.02639642
v 0.22447259 -0.03170790 0.01926000
v 0.22515551 -0.03171925 0.01998030
v 0.22536469 -0.03159135 0.02045848
v 0.22577075 -0.03159032 0.02086403
v 0.22605991 -0.03159032 0.02114247
v 0.22676744 -0.03157485 0.02184461
v 0.22673053 -0.03121797 0.02242569
v 0.22882235 -0.02810410 0.02663248
v 0.22881620 -0.02794939 0.02663248
v 0.22970215 -0.02810410 0.02718936
v 0.22935146 -0.02794939 0.02698356
v 0.22935146 -0.02810410 0.02697750
v 0.22973906 -0.02864766 0.02715909
v 0.22938838 -0.02864766 0.02694724
v 0.23248305 -0.03114474 0.02646906
v 0.22970830 -0.02976160 0.02647511
v 0.23020050 -0.02988744 0.02662038
v 0.23158479 -0.03121901 0.02586981
v 0.23050196 -0.03109936 0.02539163
v 0.23031124 -0.03119735 0.02514951
v 0.23090187 -0.03130358 0.02536742
v 0.23226156 -0.03133968 0.02608167
v 0.23292602 -0.03162539 0.02600903
v 0.23760186 -0.03175741 0.02772807
v 0.23266762 -0.03176566 0.02566401
v 0.23312905 -0.03179351 0.02576691
v 0.23367662 -0.03181517 0.02590008
v 0.23453180 -0.03178938 0.02643879
v 0.23600838 -0.03178423 0.02711067
v 0.23645751 -0.03180176 0.02715909
v 0.23714658 -0.03181826 0.02728015
v 0.23784181 -0.03182136 0.02747384
v 0.23645751 -0.03185540 0.02674144
v 0.23714658 -0.03187190 0.02674144
v 0.23784181 -0.03188015 0.02674144
v 0.21909537 -0.03184714 0.00866735
v 0.21848628 -0.03182548 0.00727517
v 0.21839399 -0.03185024 0.00589510
v 0.22047966 -0.03188015 0.01076167
v 0.22118104 -0.03187396 0.01283178
v 0.22047966 -0.03187293 0.01144565
v 0.22047966 -0.03185230 0.01213569
v 0.21978444 -0.03184199 0.01076167
v 0.21793256 -0.03181104 0.00519901
v 0.21798793 -0.03179764 0.00589510
v 0.21802485 -0.03178423 0.00642171
v 0.21806176 -0.03176669 0.00688173
v 0.21758802 -0.03165736 0.00519901
v 0.21704046 -0.03134896 0.00450293
v 0.21707737 -0.03153256 0.00306838
v 0.21697278 -0.03154803 0.00102248
v 0.21697278 -0.03156350 0.00033245
v 0.21763724 -0.03160270 0.00589510
v 0.21833862 -0.03159548 0.00866735
v 0.21845552 -0.03153153 0.00932712
v 0.21943375 -0.03177288 0.01110063
v 0.21910152 -0.03142735 0.01142749
v 0.22011052 -0.03178010 0.01252308
v 0.22039353 -0.03163364 0.01352786
v 0.22153788 -0.03176979 0.01525901
v 0.22060887 -0.03125717 0.01492004
v 0.22294063 -0.03176360 0.01732306
v 0.22358664 -0.03177907 0.01807362
v 0.22828094 -0.03118703 0.02375734
v 0.22859471 -0.03100241 0.02421131
v 0.22984981 -0.03107254 0.02500424
v 0.22978213 -0.03042068 0.02574270
v 0.22561694 -0.03179042 0.02021637
v 0.22655826 -0.03171925 0.02137248
v 0.22593686 -0.03166871 0.02086403
v 0.22493402 -0.03179042 0.01950817
v 0.22727809 -0.03169965 0.02205041
v 0.22844705 -0.03177701 0.02293414
v 0.22813328 -0.03143148 0.02324889
v 0.22949912 -0.03124582 0.02452606
v 0.23018204 -0.03145314 0.02467133
v 0.23088957 -0.03167283 0.02479239
v 0.23158479 -0.03159548 0.02531294
v 0.23134485 -0.03175122 0.02493161
v 0.23050196 -0.03178217 0.02432631
v 0.23088957 -0.03180589 0.02444132
v 0.23228002 -0.03181104 0.02519794
v 0.23432877 -0.03182652 0.02609983
v 0.23506091 -0.03181104 0.02654774
v 0.23292602 -0.03182858 0.02540374
v 0.23576844 -0.03182136 0.02676565
v 0.23506091 -0.03186571 0.02604535
v 0.23576229 -0.03188015 0.02604535
v 0.21907691 -0.03181826 0.00932712
v 0.21860317 -0.03181414 0.00796521
v 0.22257149 -0.03188015 0.01492004
v 0.22187011 -0.03186983 0.01422395
v 0.22118104 -0.03185230 0.01352786
v 0.22048582 -0.03181517 0.01279546
v 0.21980290 -0.03180898 0.01137907
v 0.21939069 -0.03178835 0.01076167
v 0.21929840 -0.03181414 0.01005347
v 0.21868931 -0.03179351 0.00866735
v 0.21872622 -0.03177907 0.00906079
v 0.22005515 -0.03179764 0.01213569
v 0.22074422 -0.03179764 0.01352786
v 0.22081805 -0.03177804 0.01390920
v 0.22203008 -0.03180898 0.01562218
v 0.22343898 -0.03180486 0.01770439
v 0.22119950 -0.03181104 0.01417553
v 0.22399885 -0.03180589 0.01833995
v 0.22881620 -0.03166665 0.02339416
v 0.22881620 -0.03130461 0.02396919
v 0.22536469 -0.03181620 0.01976845
v 0.22628755 -0.03179248 0.02086403
v 0.22702584 -0.03178835 0.02158433
v 0.22467562 -0.03181207 0.01905420
v 0.22818250 -0.03180279 0.02252254
v 0.22881620 -0.03180176 0.02304914
v 0.23088957 -0.03186055 0.02395708
v 0.23158479 -0.03182548 0.02467738
v 0.22881620 -0.03185540 0.02257701
v 0.23367662 -0.03186880 0.02534926
v 0.23228002 -0.03186571 0.02465317
v 0.23436569 -0.03188015 0.02534926
v 0.22395578 -0.03188015 0.01700831
v 0.22326671 -0.03187190 0.01631222
v 0.22257149 -0.03186261 0.01562218
v 0.22180859 -0.03182961 0.01498057
v 0.22321134 -0.03183064 0.01705068
v 0.22395578 -0.03185849 0.01770439
v 0.22534008 -0.03186674 0.01908447
v 0.22673053 -0.03186674 0.02047664
v 0.22646597 -0.03181517 0.02086403
v 0.22464486 -0.03186261 0.01839443
v 0.22748728 -0.03181001 0.02184461
v 0.22949912 -0.03187706 0.02257701
v 0.22811482 -0.03186158 0.02186277
v 0.22881620 -0.03188015 0.02186277
v 0.22780105 -0.03188015 0.02086403
v 0.22711198 -0.03186571 0.02086403
f 1 2 3
f 1 3 4
f 1 4 5
f 1 5 6
f 1 6 7
f 1 7 8
f 1 8 9
f 1 9 10
f 1 10 2
f 2 11 12
f 2 12 13
f 2 13 3
f 2 10 11
f 3 13 14
f 3 14 4
f 4 14 15
f 4 15 5
f 5 15 16
f 5 16 17
f 5 17 18
f 5 18 6
f 6 18 19
f 6 19 20
f 6 20 21
f 6 21 7
f 7 22 23
f 7 23 24
f 7 24 25
f 7 25 26
f 7 26 9
f 7 9 8
f 7 21 27
f 7 27 22
f 9 26 28
f 9 28 29
f 9 29 30
f 9 30 10
f 10 30 31
f 10 31 71
f 10 71 133
f 10 133 216
f 10 216 315
f 10 315 401
f 10 401 506
f 10 506 625
f 10 625 744
f 10 744 852
f 10 852 851
f 10 851 859
f 10 859 971
f 10 971 1114
f 10 1114 1113
f 10 1113 1112
f 10 1112 1102
f 10 1102 1101
f 10 1101 1100
f 10 1100 1099
f 10 1099 1098
f 10 1098 1097
f 10 1097 1096
f 10 1096 1095
f 10 1095 1094
f 10 1094 1093
f 10 1093 1242
f 10 1242 1392
f 10 1392 1552
f 10 1552 1697
f 10 1697 1843
f 10 1843 1849
f 10 1849 1705
f 10 1705 1561
f 10 1561 1404
f 10 1404 1258
f 10 1258 1124
f 10 1124 978
f 10 978 862
f 10 862 746
f 10 746 626
f 10 626 507
f 10 507 402
f 10 402 316
f 10 316 217
f 10 217 134
f 10 134 72
f 10 72 32
f 10 32 33
f 10 33 34
f 10 34 35
f 10 35 36
f 10 36 37
f 10 37 38
f 10 38 39
f 10 39 40
f 10 40 41
f 10 41 11
f 11 41 12
f 12 41 42
f 12 42 43
f 12 43 13
f 13 44 14
f 13 43 45
f 13 45 44
f 14 44 46
f 14 46 15
f 15 46 47
f 15 47 48
f 15 48 49
f 15 49 50
f 15 50 16
f 16 50 17
f 17 51 52
f 17 52 18
f 17 50 53
f 17 53 51
f 18 52 54
f 18 54 55
f 18 55 19
f 19 55 21
f 19 21 20
f 21 55 27
f 22 27 56
f 22 56 57
f 22 57 58
f 22 58 59
f 22 59 23
f 23 59 60
f 23 60 61
f 23 61 62
f 23 62 63
f 23 63 24
f 24 63 64
f 24 64 65
f 24 65 66
f 24 66 26
f 24 26 25
f 26 66 65
f 26 65 67
f 26 67 28
f 27 55 68
f 27 68 57
f 27 57 56
f 28 67 29
f 29 69 30
f 29 67 69
f 30 69 70
f 30 70 31
f 31 70 71
f 32 72 73
f 32 73 74
f 32 74 75
f 32 75 76
f 32 76 77
f 32 77 78
f 32 78 79
f 32 79 80
f 32 80 81
f 32 81 82
f 32 82 83
f 32 83 84
f 32 84 85
f 32 85 86
f 32 86 87
f 32 87 88
f 32 88 89
f 32 89 90
f 32 90 91
f 32 91 33
f 33 91 92
f 33 92 34
f 34 92 164
f 34 164 93
f 34 93 94
f 34 94 35
f 35 94 95
f 35 95 36
f 36 95 96
f 36 96 37
f 37 96 97
f 37 97 39
f 37 39 38
f 39 97 98
f 39 98 40
f 40 98 42
f 40 42 41
f 42 45 43
f 42 98 99
f 42 99 45
f 44 45 100
f 44 100 101
f 44 101 102
f 44 102 47
f 44 47 46
f 45 99 103
f 45 103 100
f 47 102 104
f 47 104 48
f 48 104 105
f 48 105 49
f 49 106 51
f 49 51 53
f 49 53 50
f 49 105 106
f 51 106 107
f 51 107 108
f 51 108 52
f 52 108 109
f 52 109 55
f 52 55 54
f 55 109 110
f 55 110 68
f 57 68 111
f 57 111 112
f 57 112 113
f 57 113 114
f 57 114 115
f 57 115 116
f 57 116 117
f 57 117 118
f 57 118 119
f 57 119 58
f 58 119 120
f 58 120 59
f 59 120 121
f 59 121 122
f 59 122 61
f 59 61 60
f 61 122 62
f 62 122 123
f 62 123 63
f 63 123 124
f 63 124 125
f 63 125 126
f 63 126 64
f 64 127 128
f 64 128 65
f 64 126 129
f 64 129 127
f 65 128 67
f 67 130 69
f 67 128 131
f 67 131 130
f 68 110 132
f 68 132 112
f 68 112 111
f 69 130 70
f 70 130 71
f 71 130 131
f 71 131 133
f 72 134 135
f 72 135 136
f 72 136 137
f 72 137 138
f 72 138 139
f 72 139 140
f 72 140 141
f 72 141 73
f 73 142 143
f 73 143 74
f 73 141 140
f 73 140 144
f 73 144 145
f 73 145 142
f 74 143 75
f 75 143 146
f 75 146 147
f 75 147 76
f 76 147 148
f 76 148 77
f 77 148 149
f 77 149 78
f 78 149 150
f 78 150 151
f 78 151 152
f 78 152 153
f 78 153 79
f 79 153 154
f 79 154 155
f 79 155 156
f 79 156 157
f 79 157 80
f 80 157 81
f 81 157 158
f 81 158 82
f 82 158 159
f 82 159 83
f 83 159 160
f 83 160 161
f 83 161 85
f 83 85 84
f 85 161 86
f 86 162 243
f 86 243 163
f 86 163 88
f 86 88 87
f 86 161 160
f 86 160 240
f 86 240 162
f 88 163 89
f 89 163 92
f 89 92 90
f 90 92 91
f 92 163 243
f 92 243 164
f 93 165 166
f 93 166 167
f 93 167 94
f 93 164 168
f 93 168 165
f 94 167 169
f 94 169 170
f 94 170 95
f 95 171 96
f 95 170 172
f 95 172 173
f 95 173 171
f 96 171 174
f 96 174 175
f 96 175 97
f 97 175 174
f 97 174 176
f 97 176 177
f 97 177 98
f 98 177 99
f 99 177 178
f 99 178 103
f 100 103 179
f 100 179 101
f 101 179 102
f 102 179 180
f 102 180 104
f 103 178 181
f 103 181 179
f 104 180 182
f 104 182 183
f 104 183 184
f 104 184 105
f 105 185 186
f 105 186 187
f 105 187 106
f 105 184 185
f 106 187 107
f 107 187 188
f 107 188 189
f 107 189 190
f 107 190 191
f 107 191 108
f 108 191 192
f 108 192 109
f 109 192 193
f 109 193 110
f 110 193 194
f 110 194 132
f 112 132 113
f 113 132 114
f 114 132 195
f 114 195 196
f 114 196 115
f 115 196 116
f 116 196 197
f 116 197 117
f 117 197 118
f 118 197 198
f 118 198 199
f 118 199 120
f 118 120 119
f 120 199 121
f 121 200 122
f 121 199 200
f 122 200 201
f 122 201 202
f 122 202 124
f 122 124 123
f 124 203 204
f 124 204 205
f 124 205 206
f 124 206 125
f 124 202 207
f 124 207 208
f 124 208 203
f 125 206 126
f 126 209 129
f 126 206 210
f 126 210 211
f 126 211 212
f 126 212 209
f 127 129 128
f 128 129 213
f 128 213 214
f 128 214 131
f 129 209 215
f 129 215 213
f 131 214 133
f 132 194 195
f 133 213 216
f 133 214 213
f 134 217 135
f 135 218 219
f 135 219 136
f 135 217 218
f 136 219 137
f 137 219 220
f 137 220 221
f 137 221 138
f 138 221 222
f 138 222 223
f 138 223 140
f 138 140 139
f 140 223 224
f 140 224 225
f 140 225 144
f 142 145 226
f 142 226 143
f 143 226 146
f 144 225 227
f 144 227 145
f 145 228 226
f 145 227 229
f 145 229 228
f 146 230 231
f 146 231 147
f 146 226 232
f 146 232 230
f 147 231 148
f 148 231 233
f 148 233 149
f 149 233 234
f 149 234 151
f 149 151 150
f 151 234 235
f 151 235 152
f 152 236 154
f 152 154 153
f 152 235 236
f 154 236 237
f 154 237 155
f 155 237 238
f 155 238 156
f 156 238 157
f 157 239 158
f 157 238 239
f 158 239 159
f 159 239 160
f 160 239 335
f 160 335 240
f 162 241 242
f 162 242 243
f 162 240 244
f 162 244 245
f 162 245 241
f 164 246 168
f 164 243 247
f 164 247 248
f 164 248 246
f 165 249 250
f 165 250 251
f 165 251 166
f 165 168 252
f 165 252 253
f 165 253 254
f 165 254 249
f 166 255 167
f 166 251 255
f 167 255 169
f 168 246 256
f 168 256 252
f 169 255 257
f 169 257 258
f 169 258 259
f 169 259 170
f 170 259 172
f 171 173 260
f 171 260 261
f 171 261 174
f 172 259 173
f 173 259 262
f 173 262 263
f 173 263 260
f 174 261 264
f 174 264 176
f 176 264 177
f 177 264 265
f 177 265 178
f 178 265 264
f 178 264 266
f 178 266 267
f 178 267 268
f 178 268 181
f 179 269 180
f 179 181 270
f 179 270 269
f 180 269 271
f 180 271 272
f 180 272 182
f 181 268 273
f 181 273 270
f 182 274 275
f 182 275 276
f 182 276 183
f 182 272 274
f 183 276 277
f 183 277 278
f 183 278 184
f 184 278 185
f 185 278 279
f 185 279 186
f 186 279 187
f 187 279 280
f 187 280 281
f 187 281 188
f 188 281 282
f 188 282 189
f 189 282 283
f 189 283 190
f 190 283 284
f 190 284 285
f 190 285 286
f 190 286 287
f 190 287 288
f 190 288 289
f 190 289 191
f 191 289 192
f 192 289 290
f 192 290 193
f 193 290 195
f 193 195 194
f 195 290 289
f 195 289 291
f 195 291 196
f 196 291 292
f 196 292 293
f 196 293 197
f 197 294 198
f 197 293 295
f 197 295 296
f 197 296 294
f 198 294 297
f 198 297 298
f 198 298 200
f 198 200 199
f 200 298 299
f 200 299 201
f 201 299 202
f 202 299 300
f 202 300 207
f 203 208 204
f 204 208 301
f 204 301 302
f 204 302 205
f 205 302 303
f 205 303 304
f 205 304 305
f 205 305 210
f 205 210 206
f 207 306 208
f 207 300 299
f 207 299 297
f 207 297 307
f 207 307 306
f 208 306 308
f 208 308 301
f 209 212 215
f 210 305 309
f 210 309 211
f 211 309 310
f 211 310 311
f 211 311 212
f 212 311 312
f 212 312 313
f 212 313 215
f 213 215 313
f 213 313 216
f 216 313 312
f 216 312 314
f 216 314 315
f 217 316 218
f 218 317 219
f 218 316 317
f 219 318 319
f 219 319 405
f 219 405 320
f 219 320 413
f 219 413 321
f 219 321 222
f 219 222 221
f 219 221 220
f 219 317 318
f 222 321 414
f 222 414 416
f 222 416 323
f 222 323 322
f 222 322 225
f 222 225 224
f 222 224 223
f 225 322 323
f 225 323 324
f 225 324 325
f 225 325 227
f 226 228 232
f 227 325 229
f 228 229 327
f 228 327 326
f 228 326 330
f 228 330 232
f 229 325 418
f 229 418 327
f 230 232 330
f 230 330 328
f 230 328 429
f 230 429 329
f 230 329 231
f 231 329 233
f 233 331 234
f 233 329 331
f 234 331 235
f 235 332 333
f 235 333 237
f 235 237 236
f 235 331 430
f 235 430 332
f 237 333 334
f 237 334 238
f 238 334 335
f 238 335 239
f 240 336 337
f 240 337 338
f 240 338 244
f 240 335 336
f 241 245 339
f 241 339 340
f 241 340 341
f 241 341 342
f 241 342 242
f 242 342 243
f 243 342 343
f 243 343 247
f 244 339 245
f 244 338 446
f 244 446 339
f 246 248 344
f 246 344 253
f 246 253 256
f 247 343 345
f 247 345 346
f 247 346 248
f 248 346 347
f 248 347 348
f 248 348 344
f 249 349 250
f 249 254 349
f 250 350 351
f 250 351 251
f 250 349 352
f 250 352 353
f 250 353 354
f 250 354 355
f 250 355 350
f 251 351 356
f 251 356 255
f 252 256 253
f 253 344 348
f 253 348 357
f 253 357 358
f 253 358 359
f 253 359 352
f 253 352 254
f 254 352 360
f 254 360 349
f 255 356 361
f 255 361 257
f 257 361 362
f 257 362 363
f 257 363 258
f 258 363 365
f 258 365 262
f 258 262 259
f 260 263 364
f 260 364 261
f 261 364 264
f 262 365 263
f 263 366 367
f 263 367 364
f 263 365 368
f 263 368 366
f 264 364 266
f 266 364 367
f 266 367 267
f 267 367 369
f 267 369 268
f 268 369 273
f 269 270 370
f 269 370 271
f 270 273 370
f 271 370 371
f 271 371 272
f 272 371 275
f 272 275 274
f 273 369 370
f 275 371 372
f 275 372 373
f 275 373 276
f 276 373 277
f 277 373 374
f 277 374 278
f 278 374 471
f 278 471 594
f 278 594 717
f 278 717 829
f 278 829 942
f 278 942 1056
f 278 1056 1202
f 278 1202 1330
f 278 1330 1190
f 278 1190 1037
f 278 1037 1189
f 278 1189 1329
f 278 1329 1468
f 278 1468 1622
f 278 1622 1755
f 278 1755 1889
f 278 1889 1887
f 278 1887 1886
f 278 1886 1888
f 278 1888 1880
f 278 1880 1731
f 278 1731 1730
f 278 1730 1879
f 278 1879 1982
f 278 1982 2035
f 278 2035 2067
f 278 2067 2081
f 278 2081 2082
f 278 2082 2068
f 278 2068 2038
f 278 2038 1986
f 278 1986 1895
f 278 1895 1762
f 278 1762 1629
f 278 1629 1474
f 278 1474 1334
f 278 1334 1208
f 278 1208 1060
f 278 1060 945
f 278 945 830
f 278 830 718
f 278 718 595
f 278 595 472
f 278 472 375
f 278 375 279
f 279 375 376
f 279 376 280
f 280 376 377
f 280 377 281
f 281 377 282
f 282 284 283
f 282 377 378
f 282 378 284
f 284 378 285
f 285 378 286
f 286 378 379
f 286 379 287
f 287 379 380
f 287 380 381
f 287 381 382
f 287 382 295
f 287 295 288
f 288 295 291
f 288 291 289
f 291 295 292
f 292 295 293
f 294 382 297
f 294 296 382
f 295 382 296
f 297 299 298
f 297 382 307
f 301 308 383
f 301 383 384
f 301 384 302
f 302 384 304
f 302 304 303
f 304 384 385
f 304 385 305
f 305 386 309
f 305 385 387
f 305 387 388
f 305 388 389
f 305 389 390
f 305 390 391
f 305 391 392
f 305 392 393
f 305 393 394
f 305 394 386
f 306 307 395
f 306 395 383
f 306 383 308
f 307 381 396
f 307 396 395
f 307 382 381
f 309 386 310
f 310 397 311
f 310 386 394
f 310 394 398
f 310 398 399
f 310 399 397
f 311 397 400
f 311 400 312
f 312 400 314
f 314 400 401
f 314 401 315
f 316 402 403
f 316 403 317
f 317 404 318
f 317 403 404
f 318 404 319
f 319 404 406
f 319 406 407
f 319 407 408
f 319 408 513
f 319 513 405
f 320 405 409
f 320 409 410
f 320 410 411
f 320 411 412
f 320 412 413
f 321 413 415
f 321 415 414
f 323 416 417
f 323 417 324
f 324 417 418
f 324 418 325
f 326 327 419
f 326 419 420
f 326 420 421
f 326 421 422
f 326 422 423
f 326 423 330
f 327 418 424
f 327 424 425
f 327 425 419
f 328 330 426
f 328 426 427
f 328 427 428
f 328 428 429
f 329 429 430
f 329 430 331
f 330 423 422
f 330 422 426
f 332 431 432
f 332 432 433
f 332 433 434
f 332 434 333
f 332 430 435
f 332 435 436
f 332 436 431
f 333 437 334
f 333 434 438
f 333 438 439
f 333 439 437
f 334 437 440
f 334 440 441
f 334 441 335
f 335 441 442
f 335 442 336
f 336 442 443
f 336 443 444
f 336 444 337
f 337 444 445
f 337 445 338
f 338 445 446
f 339 446 340
f 340 447 448
f 340 448 449
f 340 449 341
f 340 446 447
f 341 449 450
f 341 450 451
f 341 451 452
f 341 452 453
f 341 453 454
f 341 454 342
f 342 454 345
f 342 345 343
f 345 347 346
f 345 454 453
f 345 453 347
f 347 455 456
f 347 456 457
f 347 457 357
f 347 357 348
f 347 453 455
f 349 360 352
f 350 355 458
f 350 458 459
f 350 459 460
f 350 460 461
f 350 461 462
f 350 462 362
f 350 362 351
f 351 362 361
f 351 361 356
f 352 359 457
f 352 457 463
f 352 463 353
f 353 463 354
f 354 458 355
f 354 463 464
f 354 464 458
f 357 457 358
f 358 457 359
f 362 462 363
f 363 462 365
f 365 462 368
f 366 370 369
f 366 369 367
f 366 368 370
f 368 462 460
f 368 460 370
f 370 460 465
f 370 465 466
f 370 466 467
f 370 467 371
f 371 467 372
f 372 467 468
f 372 468 469
f 372 469 470
f 372 470 373
f 373 470 374
f 374 470 471
f 375 472 376
f 376 472 473
f 376 473 377
f 377 473 378
f 378 473 474
f 378 474 379
f 379 474 380
f 380 474 475
f 380 475 381
f 381 475 476
f 381 476 477
f 381 477 478
f 381 478 395
f 381 395 396
f 383 479 384
f 383 395 480
f 383 480 479
f 384 479 481
f 384 481 385
f 385 481 482
f 385 482 388
f 385 388 387
f 388 482 483
f 388 483 390
f 388 390 389
f 390 484 485
f 390 485 486
f 390 486 487
f 390 487 488
f 390 488 391
f 390 483 489
f 390 489 484
f 391 488 393
f 391 393 392
f 393 488 487
f 393 487 490
f 393 490 398
f 393 398 394
f 395 478 491
f 395 491 492
f 395 492 493
f 395 493 480
f 397 399 494
f 397 494 495
f 397 495 496
f 397 496 497
f 397 497 400
f 398 498 399
f 398 490 498
f 399 498 499
f 399 499 500
f 399 500 501
f 399 501 502
f 399 502 494
f 400 497 503
f 400 503 504
f 400 504 401
f 401 503 505
f 401 505 506
f 401 504 503
f 402 507 508
f 402 508 509
f 402 509 510
f 402 510 511
f 402 511 512
f 402 512 403
f 403 512 406
f 403 406 404
f 405 513 514
f 405 514 410
f 405 410 409
f 406 515 516
f 406 516 408
f 406 408 407
f 406 512 515
f 408 516 515
f 408 515 517
f 408 517 518
f 408 518 649
f 408 649 513
f 410 514 519
f 410 519 520
f 410 520 521
f 410 521 522
f 410 522 523
f 410 523 411
f 411 523 524
f 411 524 412
f 412 415 413
f 412 524 525
f 412 525 526
f 412 526 415
f 414 415 527
f 414 527 416
f 415 528 529
f 415 529 527
f 415 526 530
f 415 530 528
f 416 527 531
f 416 531 532
f 416 532 417
f 417 532 418
f 418 532 533
f 418 533 534
f 418 534 424
f 419 425 420
f 420 425 535
f 420 535 536
f 420 536 421
f 421 536 537
f 421 537 538
f 421 538 422
f 422 538 539
f 422 539 540
f 422 540 426
f 424 534 541
f 424 541 542
f 424 542 425
f 425 542 543
f 425 543 544
f 425 544 535
f 426 540 427
f 427 540 545
f 427 545 546
f 427 546 547
f 427 547 428
f 428 548 429
f 428 547 549
f 428 549 550
f 428 550 551
f 428 551 548
f 429 548 552
f 429 552 430
f 430 552 553
f 430 553 554
f 430 554 435
f 431 436 554
f 431 554 555
f 431 555 556
f 431 556 557
f 431 557 558
f 431 558 559
f 431 559 560
f 431 560 433
f 431 433 432
f 433 560 561
f 433 561 439
f 433 439 562
f 433 562 434
f 434 562 438
f 435 554 436
f 437 563 564
f 437 564 565
f 437 565 566
f 437 566 440
f 437 439 563
f 438 562 439
f 439 561 567
f 439 567 568
f 439 568 563
f 440 566 442
f 440 442 441
f 442 566 443
f 443 566 569
f 443 569 570
f 443 570 444
f 444 570 571
f 444 571 446
f 444 446 445
f 446 572 447
f 446 571 572
f 447 573 450
f 447 450 448
f 447 572 574
f 447 574 575
f 447 575 573
f 448 450 449
f 450 573 576
f 450 576 451
f 451 576 577
f 451 577 452
f 452 578 455
f 452 455 453
f 452 577 578
f 455 578 456
f 456 578 579
f 456 579 580
f 456 580 457
f 457 580 581
f 457 581 582
f 457 582 463
f 458 464 583
f 458 583 584
f 458 584 585
f 458 585 586
f 458 586 460
f 458 460 459
f 460 586 587
f 460 587 588
f 460 588 465
f 460 462 461
f 463 582 464
f 464 582 589
f 464 589 583
f 465 468 466
f 465 588 468
f 466 468 467
f 468 588 587
f 468 587 590
f 468 590 469
f 469 590 591
f 469 591 592
f 469 592 470
f 470 592 593
f 470 593 471
f 471 593 594
f 472 595 473
f 473 595 596
f 473 596 474
f 474 596 597
f 474 597 475
f 475 597 476
f 476 597 491
f 476 491 477
f 477 491 478
f 479 480 598
f 479 598 489
f 479 489 482
f 479 482 481
f 480 493 598
f 482 489 483
f 484 489 598
f 484 598 493
f 484 493 599
f 484 599 600
f 484 600 485
f 485 601 602
f 485 602 486
f 485 600 603
f 485 603 604
f 485 604 601
f 486 602 605
f 486 605 487
f 487 605 490
f 490 606 607
f 490 607 608
f 490 608 609
f 490 609 499
f 490 499 498
f 490 605 606
f 491 597 610
f 491 610 611
f 491 611 492
f 492 611 493
f 493 611 612
f 493 612 613
f 493 613 614
f 493 614 615
f 493 615 600
f 493 600 599
f 494 502 616
f 494 616 495
f 495 616 617
f 495 617 496
f 496 617 618
f 496 618 505
f 496 505 503
f 496 503 497
f 499 609 619
f 499 619 500
f 500 620 501
f 500 619 621
f 500 621 622
f 500 622 620
f 501 620 623
f 501 623 624
f 501 624 616
f 501 616 502
f 505 618 506
f 506 618 625
f 507 626 627
f 507 627 628
f 507 628 629
f 507 629 630
f 507 630 631
f 507 631 632
f 507 632 633
f 507 633 634
f 507 634 635
f 507 635 636
f 507 636 637
f 507 637 638
f 507 638 639
f 507 639 640
f 507 640 508
f 508 640 641
f 508 641 642
f 508 642 643
f 508 643 509
f 509 643 510
f 510 643 644
f 510 644 645
f 510 645 646
f 510 646 647
f 510 647 512
f 510 512 511
f 512 647 648
f 512 648 515
f 513 649 519
f 513 519 514
f 515 648 517
f 517 650 518
f 517 648 650
f 518 650 648
f 518 648 651
f 518 651 652
f 518 652 765
f 518 765 649
f 519 649 653
f 519 653 654
f 519 654 655
f 519 655 656
f 519 656 657
f 519 657 658
f 519 658 659
f 519 659 660
f 519 660 520
f 520 660 521
f 521 661 662
f 521 662 522
f 521 660 663
f 521 663 664
f 521 664 665
f 521 665 661
f 522 662 523
f 523 662 525
f 523 525 524
f 525 662 661
f 525 661 666
f 525 666 667
f 525 667 668
f 525 668 526
f 526 668 530
f 527 529 531
f 528 530 669
f 528 669 529
f 529 670 531
f 529 669 670
f 530 668 671
f 530 671 669
f 531 670 532
f 532 670 533
f 533 541 534
f 533 670 672
f 533 672 673
f 533 673 674
f 533 674 675
f 533 675 541
f 535 544 676
f 535 676 677
f 535 677 536
f 536 677 537
f 537 678 679
f 537 679 538
f 537 677 680
f 537 680 678
f 538 679 539
f 539 679 681
f 539 681 682
f 539 682 540
f 540 682 545
f 541 675 683
f 541 683 543
f 541 543 542
f 543 683 684
f 543 684 544
f 544 684 685
f 544 685 686
f 544 686 676
f 545 682 681
f 545 681 687
f 545 687 688
f 545 688 546
f 546 688 547
f 547 688 549
f 548 551 553
f 548 553 552
f 549 688 689
f 549 689 550
f 550 689 551
f 551 689 690
f 551 690 691
f 551 691 554
f 551 554 553
f 554 691 692
f 554 692 555
f 555 692 556
f 556 692 557
f 557 692 693
f 557 693 694
f 557 694 695
f 557 695 559
f 557 559 558
f 559 561 560
f 559 695 696
f 559 696 567
f 559 567 697
f 559 697 561
f 561 697 567
f 563 568 564
f 564 568 698
f 564 698 699
f 564 699 700
f 564 700 565
f 565 700 701
f 565 701 566
f 566 701 569
f 567 696 702
f 567 702 568
f 568 702 698
f 569 701 703
f 569 703 570
f 570 703 571
f 571 703 704
f 571 704 575
f 571 575 574
f 571 574 572
f 573 575 705
f 573 705 706
f 573 706 707
f 573 707 576
f 575 708 705
f 575 704 708
f 576 707 709
f 576 709 578
f 576 578 577
f 578 710 579
f 578 709 710
f 579 710 580
f 580 710 581
f 581 710 582
f 582 710 711
f 582 711 589
f 583 589 711
f 583 711 712
f 583 712 713
f 583 713 584
f 584 713 585
f 585 713 591
f 585 591 590
f 585 590 586
f 586 590 587
f 591 713 714
f 591 714 592
f 592 714 593
f 593 714 715
f 593 715 594
f 594 716 717
f 594 715 716
f 595 718 719
f 595 719 596
f 596 719 597
f 597 719 610
f 600 614 720
f 600 720 721
f 600 721 722
f 600 722 603
f 600 615 614
f 601 605 602
f 601 604 605
f 603 722 604
f 604 722 723
f 604 723 607
f 604 607 606
f 604 606 605
f 607 723 724
f 607 724 608
f 608 725 726
f 608 726 727
f 608 727 619
f 608 619 609
f 608 724 725
f 610 728 729
f 610 729 611
f 610 719 728
f 611 729 613
f 611 613 612
f 613 730 731
f 613 731 732
f 613 732 614
f 613 729 730
f 614 732 733
f 614 733 720
f 616 734 618
f 616 618 617
f 616 624 735
f 616 735 734
f 618 734 744
f 618 744 625
f 619 727 736
f 619 736 737
f 619 737 621
f 620 738 623
f 620 622 739
f 620 739 738
f 621 740 739
f 621 739 622
f 621 737 740
f 623 738 741
f 623 741 742
f 623 742 743
f 623 743 735
f 623 735 624
f 626 745 627
f 626 746 745
f 627 745 747
f 627 747 628
f 628 747 629
f 629 748 630
f 629 747 748
f 630 748 632
f 630 632 631
f 632 749 878
f 632 878 750
f 632 750 751
f 632 751 633
f 632 748 874
f 632 874 749
f 633 751 634
f 634 751 752
f 634 752 753
f 634 753 635
f 635 753 754
f 635 754 637
f 635 637 636
f 637 754 755
f 637 755 756
f 637 756 757
f 637 757 638
f 638 757 758
f 638 758 759
f 638 759 639
f 639 759 760
f 639 760 761
f 639 761 641
f 639 641 640
f 641 761 642
f 642 761 762
f 642 762 763
f 642 763 643
f 643 763 644
f 644 763 645
f 645 763 764
f 645 764 652
f 645 652 651
f 645 651 646
f 646 651 648
f 646 648 647
f 649 765 655
f 649 655 654
f 649 654 653
f 652 764 890
f 652 890 765
f 655 765 766
f 655 766 767
f 655 767 656
f 656 767 768
f 656 768 769
f 656 769 657
f 657 769 770
f 657 770 771
f 657 771 772
f 657 772 658
f 658 772 773
f 658 773 659
f 659 773 774
f 659 774 660
f 660 774 775
f 660 775 776
f 660 776 663
f 661 665 777
f 661 777 778
f 661 778 666
f 663 776 775
f 663 775 664
f 664 775 779
f 664 779 780
f 664 780 665
f 665 780 777
f 666 778 781
f 666 781 667
f 667 781 668
f 668 781 782
f 668 782 783
f 668 783 671
f 669 671 670
f 670 671 784
f 670 784 672
f 671 783 785
f 671 785 786
f 671 786 787
f 671 787 784
f 672 784 787
f 672 787 673
f 673 787 788
f 673 788 674
f 674 788 789
f 674 789 684
f 674 684 683
f 674 683 675
f 676 686 677
f 677 686 680
f 678 680 790
f 678 790 791
f 678 791 792
f 678 792 793
f 678 793 794
f 678 794 795
f 678 795 796
f 678 796 681
f 678 681 679
f 680 686 790
f 681 796 687
f 684 789 685
f 685 789 797
f 685 797 798
f 685 798 799
f 685 799 686
f 686 799 791
f 686 791 790
f 687 796 800
f 687 800 688
f 688 800 801
f 688 801 802
f 688 802 689
f 689 802 690
f 690 802 692
f 690 692 691
f 692 802 803
f 692 803 693
f 693 804 805
f 693 805 694
f 693 803 804
f 694 805 806
f 694 806 807
f 694 807 808
f 694 808 695
f 695 808 696
f 696 808 809
f 696 809 702
f 698 810 811
f 698 811 699
f 698 702 810
f 699 811 812
f 699 812 813
f 699 813 814
f 699 814 700
f 700 814 703
f 700 703 701
f 702 809 810
f 703 814 704
f 704 815 708
f 704 814 815
f 705 708 706
f 706 708 816
f 706 816 817
f 706 817 707
f 707 817 709
f 708 815 818
f 708 818 816
f 709 817 819
f 709 819 710
f 710 819 817
f 710 817 820
f 710 820 821
f 710 821 822
f 710 822 712
f 710 712 711
f 712 714 713
f 712 822 823
f 712 823 824
f 712 824 714
f 714 824 825
f 714 825 715
f 715 825 716
f 716 825 937
f 716 937 826
f 716 826 827
f 716 827 717
f 717 827 828
f 717 828 829
f 718 728 719
f 718 830 831
f 718 831 728
f 720 733 832
f 720 832 721
f 721 832 722
f 722 832 833
f 722 833 834
f 722 834 723
f 723 834 835
f 723 835 724
f 724 835 725
f 725 836 837
f 725 837 838
f 725 838 839
f 725 839 726
f 725 835 836
f 726 839 840
f 726 840 727
f 727 840 841
f 727 841 736
f 728 831 842
f 728 842 730
f 728 730 729
f 730 842 843
f 730 843 731
f 731 843 732
f 732 843 844
f 732 844 733
f 733 833 832
f 733 844 845
f 733 845 846
f 733 846 847
f 733 847 848
f 733 848 849
f 733 849 850
f 733 850 833
f 734 735 851
f 734 851 852
f 734 852 744
f 735 743 851
f 736 841 853
f 736 853 854
f 736 854 855
f 736 855 737
f 737 856 740
f 737 855 856
f 738 739 741
f 739 740 857
f 739 857 858
f 739 858 741
f 740 856 967
f 740 967 857
f 741 859 851
f 741 851 742
f 741 858 859
f 742 851 743
f 745 860 972
f 745 972 861
f 745 861 873
f 745 873 747
f 745 746 860
f 746 862 863
f 746 863 864
f 746 864 865
f 746 865 866
f 746 866 867
f 746 867 868
f 746 868 869
f 746 869 870
f 746 870 871
f 746 871 872
f 746 872 860
f 747 873 874
f 747 874 748
f 749 874 875
f 749 875 876
f 749 876 877
f 749 877 878
f 750 878 1004
f 750 1004 879
f 750 879 751
f 751 879 752
f 752 879 753
f 753 879 754
f 754 879 880
f 754 880 755
f 755 880 881
f 755 881 756
f 756 881 882
f 756 882 757
f 757 882 883
f 757 883 758
f 758 884 759
f 758 883 884
f 759 885 886
f 759 886 761
f 759 761 760
f 759 884 885
f 761 886 887
f 761 887 762
f 762 888 1013
f 762 1013 889
f 762 889 763
f 762 887 1009
f 762 1009 888
f 763 889 764
f 764 889 1013
f 764 1013 890
f 765 890 891
f 765 891 892
f 765 892 767
f 765 767 766
f 767 892 893
f 767 893 768
f 768 770 769
f 768 893 894
f 768 894 895
f 768 895 770
f 770 895 771
f 771 896 772
f 771 895 897
f 771 897 896
f 772 896 898
f 772 898 899
f 772 899 900
f 772 900 773
f 773 900 774
f 774 900 775
f 775 900 898
f 775 898 901
f 775 901 902
f 775 902 903
f 775 903 904
f 775 904 779
f 777 780 905
f 777 905 906
f 777 906 778
f 778 906 907
f 778 907 908
f 778 908 909
f 778 909 781
f 779 904 910
f 779 910 780
f 780 910 911
f 780 911 912
f 780 912 913
f 780 913 905
f 781 909 914
f 781 914 782
f 782 914 783
f 783 914 785
f 785 914 915
f 785 915 786
f 786 915 787
f 787 915 788
f 788 915 916
f 788 916 797
f 788 797 789
f 791 799 917
f 791 917 792
f 792 917 794
f 792 794 793
f 794 917 918
f 794 918 919
f 794 919 795
f 795 919 796
f 796 919 800
f 797 916 798
f 798 916 917
f 798 917 799
f 800 919 801
f 801 919 920
f 801 920 803
f 801 803 802
f 803 920 804
f 804 920 919
f 804 919 921
f 804 921 806
f 804 806 805
f 806 921 922
f 806 922 923
f 806 923 924
f 806 924 925
f 806 925 926
f 806 926 927
f 806 927 807
f 807 927 808
f 808 927 809
f 809 927 810
f 810 927 928
f 810 928 811
f 811 928 812
f 812 928 926
f 812 926 929
f 812 929 930
f 812 930 931
f 812 931 932
f 812 932 813
f 813 932 815
f 813 815 814
f 815 932 818
f 816 818 817
f 817 818 933
f 817 933 934
f 817 934 935
f 817 935 820
f 818 932 936
f 818 936 933
f 820 935 937
f 820 937 821
f 821 824 823
f 821 823 822
f 821 937 824
f 824 937 825
f 826 937 938
f 826 938 827
f 827 938 939
f 827 939 828
f 828 939 940
f 828 940 941
f 828 941 942
f 828 942 829
f 830 943 944
f 830 944 831
f 830 945 943
f 831 944 946
f 831 946 843
f 831 843 842
f 833 850 947
f 833 947 834
f 834 947 948
f 834 948 835
f 835 948 836
f 836 947 949
f 836 949 950
f 836 950 837
f 836 948 947
f 837 950 838
f 838 951 839
f 838 950 951
f 839 951 840
f 840 951 952
f 840 952 841
f 841 952 951
f 841 951 953
f 841 953 954
f 841 954 955
f 841 955 956
f 841 956 957
f 841 957 853
f 843 946 845
f 843 845 844
f 845 946 958
f 845 958 846
f 846 958 959
f 846 959 960
f 846 960 961
f 846 961 847
f 847 962 849
f 847 849 848
f 847 961 962
f 849 949 850
f 849 962 963
f 849 963 949
f 850 949 947
f 853 957 855
f 853 855 854
f 855 957 964
f 855 964 965
f 855 965 966
f 855 966 856
f 856 966 967
f 857 967 968
f 857 968 969
f 857 969 858
f 858 969 859
f 859 969 970
f 859 970 971
f 860 872 973
f 860 973 972
f 861 972 973
f 861 973 974
f 861 974 975
f 861 975 976
f 861 976 977
f 861 977 873
f 862 978 979
f 862 979 863
f 863 979 980
f 863 980 981
f 863 981 982
f 863 982 864
f 864 982 983
f 864 983 984
f 864 984 985
f 864 985 865
f 865 985 986
f 865 986 987
f 865 987 988
f 865 988 866
f 866 988 867
f 867 988 989
f 867 989 990
f 867 990 868
f 868 990 991
f 868 991 869
f 869 991 992
f 869 992 871
f 869 871 870
f 871 992 973
f 871 973 872
f 873 977 993
f 873 993 994
f 873 994 995
f 873 995 996
f 873 996 874
f 874 996 997
f 874 997 998
f 874 998 999
f 874 999 875
f 875 1000 1001
f 875 1001 876
f 875 999 1002
f 875 1002 1000
f 876 1001 877
f 877 1001 1003
f 877 1003 1004
f 877 1004 878
f 879 1004 1005
f 879 1005 880
f 880 1005 1006
f 880 1006 881
f 881 1006 1007
f 881 1007 883
f 881 883 882
f 883 1007 1008
f 883 1008 885
f 883 885 884
f 885 1008 1009
f 885 1009 887
f 885 887 886
f 888 1009 1010
f 888 1010 1011
f 888 1011 1012
f 888 1012 1013
f 890 1013 1014
f 890 1014 1015
f 890 1015 891
f 891 1015 1016
f 891 1016 892
f 892 1016 1017
f 892 1017 893
f 893 1017 1018
f 893 1018 894
f 894 1019 895
f 894 1018 1020
f 894 1020 1021
f 894 1021 1022
f 894 1022 1019
f 895 1019 897
f 896 897 898
f 897 1019 1023
f 897 1023 1024
f 897 1024 898
f 898 900 899
f 898 1024 1025
f 898 1025 1026
f 898 1026 1027
f 898 1027 1028
f 898 1028 901
f 901 1028 902
f 902 1028 1029
f 902 1029 903
f 903 1029 1030
f 903 1030 1031
f 903 1031 912
f 903 912 911
f 903 911 904
f 904 911 910
f 905 913 1032
f 905 1032 1033
f 905 1033 906
f 906 1033 1034
f 906 1034 907
f 907 1034 908
f 908 1034 1035
f 908 1035 909
f 909 1035 1036
f 909 1036 914
f 912 1031 1037
f 912 1037 913
f 913 1037 1032
f 914 1036 1038
f 914 1038 1039
f 914 1039 916
f 914 916 915
f 916 1039 1040
f 916 1040 1041
f 916 1041 1042
f 916 1042 917
f 917 1042 1043
f 917 1043 918
f 918 1043 1044
f 918 1044 919
f 919 1044 1045
f 919 1045 1046
f 919 1046 923
f 919 923 922
f 919 922 921
f 923 1046 924
f 924 1046 1047
f 924 1047 925
f 925 1048 1049
f 925 1049 1050
f 925 1050 926
f 925 1047 1048
f 926 1050 929
f 926 928 927
f 929 1050 930
f 930 1051 940
f 930 940 931
f 930 1050 1052
f 930 1052 1051
f 931 940 939
f 931 939 936
f 931 936 932
f 933 936 938
f 933 938 1053
f 933 1053 935
f 933 935 934
f 935 1053 937
f 936 939 938
f 937 1053 938
f 940 1051 1054
f 940 1054 941
f 941 1054 942
f 942 1054 1055
f 942 1055 1056
f 943 1057 1058
f 943 1058 1059
f 943 1059 944
f 943 945 1057
f 944 1059 958
f 944 958 946
f 945 1060 1061
f 945 1061 1062
f 945 1062 1063
f 945 1063 1057
f 949 963 950
f 950 963 1064
f 950 1064 951
f 951 1064 1065
f 951 1065 953
f 953 1065 954
f 954 1066 1067
f 954 1067 1068
f 954 1068 955
f 954 1065 1064
f 954 1064 1069
f 954 1069 1066
f 955 1068 956
f 956 1068 1070
f 956 1070 1071
f 956 1071 1072
f 956 1072 957
f 957 1072 1073
f 957 1073 1074
f 957 1074 1075
f 957 1075 1076
f 957 1076 1077
f 957 1077 1078
f 957 1078 1079
f 957 1079 1080
f 957 1080 1081
f 957 1081 1082
f 957 1082 1083
f 957 1083 1084
f 957 1084 1085
f 957 1085 1086
f 957 1086 1087
f 957 1087 1088
f 957 1088 1089
f 957 1089 1090
f 957 1090 1091
f 957 1091 1092
f 957 1092 1242
f 957 1242 1093
f 957 1093 1094
f 957 1094 1095
f 957 1095 1096
f 957 1096 1097
f 957 1097 1098
f 957 1098 1099
f 957 1099 1100
f 957 1100 1101
f 957 1101 1102
f 957 1102 1103
f 957 1103 965
f 957 965 964
f 958 1059 959
f 959 1058 1104
f 959 1104 960
f 959 1059 1058
f 960 1105 961
f 960 1104 1106
f 960 1106 1107
f 960 1107 1108
f 960 1108 1105
f 961 1105 962
f 962 1105 963
f 963 1105 1109
f 963 1109 1064
f 965 1103 968
f 965 968 966
f 966 968 967
f 968 1103 1110
f 968 1110 1111
f 968 1111 969
f 969 1111 1112
f 969 1112 1113
f 969 1113 1114
f 969 1114 970
f 970 1114 971
f 973 992 1115
f 973 1115 1116
f 973 1116 1117
f 973 1117 1118
f 973 1118 974
f 974 1118 975
f 975 1119 1120
f 975 1120 976
f 975 1118 1121
f 975 1121 1122
f 975 1122 1119
f 976 1120 1123
f 976 1123 977
f 977 1123 993
f 978 1124 979
f 979 1124 980
f 980 1125 1126
f 980 1126 981
f 980 1124 1125
f 981 1126 1127
f 981 1127 982
f 982 1127 983
f 983 1127 1128
f 983 1128 984
f 984 1128 1129
f 984 1129 1130
f 984 1130 985
f 985 1130 1131
f 985 1131 1132
f 985 1132 1133
f 985 1133 986
f 986 1133 987
f 987 1133 1134
f 987 1134 1135
f 987 1135 1136
f 987 1136 988
f 988 1136 989
f 989 1136 1137
f 989 1137 990
f 990 1137 1138
f 990 1138 991
f 991 1138 1139
f 991 1139 1140
f 991 1140 1141
f 991 1141 992
f 992 1141 1142
f 992 1142 1115
f 993 1123 1143
f 993 1143 1144
f 993 1144 994
f 994 998 1145
f 994 1145 995
f 994 1144 998
f 995 1145 996
f 996 1145 997
f 997 1145 998
f 998 1144 1146
f 998 1146 1147
f 998 1147 1148
f 998 1148 1149
f 998 1149 1150
f 998 1150 1002
f 998 1002 999
f 1000 1002 1151
f 1000 1151 1152
f 1000 1152 1001
f 1001 1152 1153
f 1001 1153 1154
f 1001 1154 1003
f 1002 1150 1155
f 1002 1155 1151
f 1003 1154 1156
f 1003 1156 1157
f 1003 1157 1158
f 1003 1158 1159
f 1003 1159 1160
f 1003 1160 1004
f 1004 1160 1161
f 1004 1161 1005
f 1005 1161 1162
f 1005 1162 1006
f 1006 1162 1161
f 1006 1161 1163
f 1006 1163 1164
f 1006 1164 1165
f 1006 1165 1166
f 1006 1166 1007
f 1007 1166 1165
f 1007 1165 1167
f 1007 1167 1168
f 1007 1168 1169
f 1007 1169 1008
f 1008 1169 1170
f 1008 1170 1171
f 1008 1171 1009
f 1009 1171 1010
f 1010 1171 1172
f 1010 1172 1011
f 1011 1173 1012
f 1011 1172 1174
f 1011 1174 1173
f 1012 1173 1175
f 1012 1175 1176
f 1012 1176 1177
f 1012 1177 1013
f 1013 1177 1014
f 1014 1177 1015
f 1015 1020 1018
f 1015 1018 1017
f 1015 1017 1016
f 1015 1177 1176
f 1015 1176 1178
f 1015 1178 1179
f 1015 1179 1020
f 1019 1022 1023
f 1020 1179 1180
f 1020 1180 1021
f 1021 1180 1022
f 1022 1180 1023
f 1023 1180 1181
f 1023 1181 1024
f 1024 1181 1025
f 1025 1181 1182
f 1025 1182 1183
f 1025 1183 1184
f 1025 1184 1185
f 1025 1185 1186
f 1025 1186 1026
f 1026 1186 1027
f 1027 1186 1187
f 1027 1187 1028
f 1028 1187 1029
f 1029 1187 1188
f 1029 1188 1030
f 1030 1188 1031
f 1031 1188 1189
f 1031 1189 1037
f 1032 1037 1190
f 1032 1190 1033
f 1033 1190 1034
f 1034 1190 1191
f 1034 1191 1035
f 1035 1191 1036
f 1036 1191 1192
f 1036 1192 1038
f 1038 1193 1039
f 1038 1192 1194
f 1038 1194 1040
f 1038 1040 1193
f 1039 1193 1040
f 1040 1194 1195
f 1040 1195 1041
f 1041 1195 1196
f 1041 1196 1042
f 1042 1196 1043
f 1043 1197 1198
f 1043 1198 1044
f 1043 1196 1195
f 1043 1195 1197
f 1044 1198 1045
f 1045 1198 1199
f 1045 1199 1046
f 1046 1199 1200
f 1046 1200 1047
f 1047 1200 1048
f 1048 1200 1049
f 1049 1200 1055
f 1049 1055 1054
f 1049 1054 1051
f 1049 1051 1052
f 1049 1052 1050
f 1055 1200 1056
f 1056 1200 1201
f 1056 1201 1202
f 1057 1063 1058
f 1058 1063 1062
f 1058 1062 1203
f 1058 1203 1204
f 1058 1204 1104
f 1060 1205 1206
f 1060 1206 1207
f 1060 1207 1061
f 1060 1208 1205
f 1061 1207 1062
f 1062 1209 1203
f 1062 1207 1210
f 1062 1210 1211
f 1062 1211 1209
f 1064 1109 1212
f 1064 1212 1069
f 1066 1069 1213
f 1066 1213 1067
f 1067 1213 1214
f 1067 1214 1215
f 1067 1215 1216
f 1067 1216 1217
f 1067 1217 1218
f 1067 1218 1070
f 1067 1070 1068
f 1069 1212 1213
f 1070 1218 1071
f 1071 1218 1217
f 1071 1217 1219
f 1071 1219 1072
f 1072 1219 1220
f 1072 1220 1221
f 1072 1221 1073
f 1073 1221 1222
f 1073 1222 1223
f 1073 1223 1074
f 1074 1223 1224
f 1074 1224 1076
f 1074 1076 1075
f 1076 1224 1225
f 1076 1225 1077
f 1077 1225 1226
f 1077 1226 1078
f 1078 1226 1227
f 1078 1227 1228
f 1078 1228 1229
f 1078 1229 1079
f 1079 1230 1081
f 1079 1081 1080
f 1079 1229 1231
f 1079 1231 1232
f 1079 1232 1230
f 1081 1233 1084
f 1081 1084 1083
f 1081 1083 1082
f 1081 1230 1234
f 1081 1234 1235
f 1081 1235 1233
f 1084 1233 1236
f 1084 1236 1085
f 1085 1236 1237
f 1085 1237 1086
f 1086 1237 1238
f 1086 1238 1239
f 1086 1239 1087
f 1087 1239 1089
f 1087 1089 1088
f 1089 1239 1090
f 1090 1239 1238
f 1090 1238 1240
f 1090 1240 1366
f 1090 1366 1241
f 1090 1241 1091
f 1091 1241 1242
f 1091 1242 1092
f 1102 1112 1103
f 1103 1112 1110
f 1104 1204 1209
f 1104 1209 1106
f 1105 1108 1212
f 1105 1212 1109
f 1106 1243 1107
f 1106 1209 1211
f 1106 1211 1244
f 1106 1244 1245
f 1106 1245 1246
f 1106 1246 1243
f 1107 1243 1108
f 1108 1243 1247
f 1108 1247 1248
f 1108 1248 1212
f 1110 1112 1111
f 1115 1142 1249
f 1115 1249 1116
f 1116 1250 1251
f 1116 1251 1117
f 1116 1249 1250
f 1117 1251 1252
f 1117 1252 1122
f 1117 1122 1121
f 1117 1121 1118
f 1119 1122 1120
f 1120 1253 1123
f 1120 1122 1253
f 1122 1252 1254
f 1122 1254 1255
f 1122 1255 1256
f 1122 1256 1253
f 1123 1257 1143
f 1123 1253 1257
f 1124 1258 1125
f 1125 1259 1260
f 1125 1260 1261
f 1125 1261 1126
f 1125 1258 1259
f 1126 1261 1262
f 1126 1262 1263
f 1126 1263 1127
f 1127 1263 1264
f 1127 1264 1265
f 1127 1265 1128
f 1128 1266 1267
f 1128 1267 1268
f 1128 1268 1130
f 1128 1130 1129
f 1128 1265 1266
f 1130 1268 1269
f 1130 1269 1131
f 1131 1270 1271
f 1131 1271 1272
f 1131 1272 1132
f 1131 1269 1270
f 1132 1272 1273
f 1132 1273 1133
f 1133 1273 1134
f 1134 1274 1275
f 1134 1275 1135
f 1134 1273 1276
f 1134 1276 1274
f 1135 1275 1277
f 1135 1277 1278
f 1135 1278 1136
f 1136 1278 1137
f 1137 1278 1279
f 1137 1279 1138
f 1138 1279 1280
f 1138 1280 1281
f 1138 1281 1139
f 1139 1281 1140
f 1140 1282 1249
f 1140 1249 1142
f 1140 1142 1141
f 1140 1281 1283
f 1140 1283 1282
f 1143 1284 1146
f 1143 1146 1144
f 1143 1257 1285
f 1143 1285 1284
f 1146 1148 1147
f 1146 1284 1285
f 1146 1285 1148
f 1148 1286 1287
f 1148 1287 1288
f 1148 1288 1289
f 1148 1289 1290
f 1148 1290 1149
f 1148 1285 1286
f 1149 1290 1291
f 1149 1291 1150
f 1150 1291 1151
f 1150 1151 1155
f 1151 1292 1152
f 1151 1291 1292
f 1152 1292 1293
f 1152 1293 1153
f 1153 1294 1154
f 1153 1293 1295
f 1153 1295 1294
f 1154 1294 1156
f 1156 1294 1296
f 1156 1296 1158
f 1156 1158 1157
f 1158 1297 1298
f 1158 1298 1299
f 1158 1299 1161
f 1158 1161 1159
f 1158 1296 1297
f 1159 1161 1160
f 1161 1300 1301
f 1161 1301 1164
f 1161 1164 1163
f 1161 1299 1298
f 1161 1298 1300
f 1164 1301 1300
f 1164 1300 1302
f 1164 1302 1303
f 1164 1303 1304
f 1164 1304 1305
f 1164 1305 1165
f 1165 1305 1304
f 1165 1304 1167
f 1167 1306 1307
f 1167 1307 1168
f 1167 1304 1308
f 1167 1308 1306
f 1168 1307 1169
f 1169 1307 1170
f 1170 1307 1171
f 1171 1307 1309
f 1171 1309 1172
f 1172 1309 1310
f 1172 1310 1311
f 1172 1311 1174
f 1173 1174 1175
f 1174 1312 1175
f 1174 1311 1313
f 1174 1313 1314
f 1174 1314 1312
f 1175 1315 1176
f 1175 1312 1315
f 1176 1315 1178
f 1178 1315 1179
f 1179 1315 1316
f 1179 1316 1180
f 1180 1316 1317
f 1180 1317 1318
f 1180 1318 1181
f 1181 1318 1182
f 1182 1318 1317
f 1182 1317 1183
f 1183 1319 1320
f 1183 1320 1185
f 1183 1185 1184
f 1183 1317 1312
f 1183 1312 1314
f 1183 1314 1321
f 1183 1321 1322
f 1183 1322 1323
f 1183 1323 1324
f 1183 1324 1325
f 1183 1325 1319
f 1185 1320 1326
f 1185 1326 1327
f 1185 1327 1328
f 1185 1328 1186
f 1186 1328 1187
f 1187 1328 1188
f 1188 1328 1329
f 1188 1329 1189
f 1190 1330 1191
f 1191 1330 1331
f 1191 1331 1192
f 1192 1331 1194
f 1194 1331 1195
f 1195 1331 1197
f 1197 1331 1202
f 1197 1202 1332
f 1197 1332 1198
f 1198 1332 1201
f 1198 1201 1200
f 1198 1200 1199
f 1201 1332 1202
f 1202 1331 1330
f 1203 1209 1204
f 1205 1333 1206
f 1205 1208 1334
f 1205 1334 1335
f 1205 1335 1333
f 1206 1333 1207
f 1207 1333 1336
f 1207 1336 1337
f 1207 1337 1210
f 1210 1337 1211
f 1211 1337 1244
f 1212 1248 1213
f 1213 1248 1214
f 1214 1248 1215
f 1215 1338 1339
f 1215 1339 1216
f 1215 1248 1338
f 1216 1339 1217
f 1217 1340 1341
f 1217 1341 1219
f 1217 1339 1340
f 1219 1341 1220
f 1220 1341 1340
f 1220 1340 1342
f 1220 1342 1221
f 1221 1342 1343
f 1221 1343 1344
f 1221 1344 1345
f 1221 1345 1346
f 1221 1346 1222
f 1222 1346 1224
f 1222 1224 1223
f 1224 1347 1225
f 1224 1346 1347
f 1225 1348 1227
f 1225 1227 1226
f 1225 1347 1349
f 1225 1349 1350
f 1225 1350 1351
f 1225 1351 1348
f 1227 1352 1231
f 1227 1231 1228
f 1227 1348 1353
f 1227 1353 1354
f 1227 1354 1352
f 1228 1231 1229
f 1230 1232 1234
f 1231 1352 1355
f 1231 1355 1356
f 1231 1356 1234
f 1231 1234 1232
f 1233 1357 1237
f 1233 1237 1236
f 1233 1235 1358
f 1233 1358 1357
f 1234 1356 1359
f 1234 1359 1360
f 1234 1360 1361
f 1234 1361 1362
f 1234 1362 1235
f 1235 1362 1363
f 1235 1363 1358
f 1237 1364 1238
f 1237 1357 1365
f 1237 1365 1364
f 1238 1364 1240
f 1240 1364 1367
f 1240 1367 1516
f 1240 1516 1366
f 1241 1366 1368
f 1241 1368 1369
f 1241 1369 1370
f 1241 1370 1242
f 1242 1370 1369
f 1242 1369 1371
f 1242 1371 1372
f 1242 1372 1368
f 1242 1368 1373
f 1242 1373 1374
f 1242 1374 1375
f 1242 1375 1376
f 1242 1376 1377
f 1242 1377 1378
f 1242 1378 1379
f 1242 1379 1380
f 1242 1380 1381
f 1242 1381 1382
f 1242 1382 1383
f 1242 1383 1384
f 1242 1384 1385
f 1242 1385 1386
f 1242 1386 1387
f 1242 1387 1388
f 1242 1388 1389
f 1242 1389 1390
f 1242 1390 1391
f 1242 1391 1392
f 1243 1246 1393
f 1243 1393 1247
f 1244 1337 1394
f 1244 1394 1245
f 1245 1394 1395
f 1245 1395 1396
f 1245 1396 1246
f 1246 1396 1397
f 1246 1397 1339
f 1246 1339 1393
f 1247 1393 1338
f 1247 1338 1248
f 1249 1398 1250
f 1249 1282 1398
f 1250 1398 1251
f 1251 1398 1399
f 1251 1399 1252
f 1252 1400 1254
f 1252 1399 1400
f 1253 1256 1401
f 1253 1401 1257
f 1254 1400 1402
f 1254 1402 1255
f 1255 1402 1403
f 1255 1403 1401
f 1255 1401 1256
f 1257 1401 1285
f 1258 1404 1405
f 1258 1405 1259
f 1259 1405 1406
f 1259 1406 1260
f 1260 1406 1407
f 1260 1407 1408
f 1260 1408 1262
f 1260 1262 1409
f 1260 1409 1261
f 1261 1409 1262
f 1262 1410 1411
f 1262 1411 1263
f 1262 1408 1412
f 1262 1412 1413
f 1262 1413 1410
f 1263 1414 1415
f 1263 1415 1264
f 1263 1411 1414
f 1264 1415 1416
f 1264 1416 1417
f 1264 1417 1265
f 1265 1417 1266
f 1266 1417 1267
f 1267 1417 1418
f 1267 1418 1419
f 1267 1419 1420
f 1267 1420 1268
f 1268 1420 1421
f 1268 1421 1269
f 1269 1421 1422
f 1269 1422 1423
f 1269 1423 1270
f 1270 1423 1271
f 1271 1423 1424
f 1271 1424 1425
f 1271 1425 1272
f 1272 1425 1276
f 1272 1276 1273
f 1274 1276 1426
f 1274 1426 1427
f 1274 1427 1277
f 1274 1277 1275
f 1276 1425 1426
f 1277 1427 1428
f 1277 1428 1429
f 1277 1429 1430
f 1277 1430 1278
f 1278 1430 1279
f 1279 1430 1280
f 1280 1431 1432
f 1280 1432 1433
f 1280 1433 1283
f 1280 1283 1281
f 1280 1430 1431
f 1282 1434 1435
f 1282 1435 1398
f 1282 1283 1434
f 1283 1433 1436
f 1283 1436 1434
f 1285 1401 1288
f 1285 1288 1286
f 1286 1288 1287
f 1288 1437 1438
f 1288 1438 1439
f 1288 1439 1289
f 1288 1401 1440
f 1288 1440 1441
f 1288 1441 1442
f 1288 1442 1437
f 1289 1439 1443
f 1289 1443 1290
f 1290 1443 1439
f 1290 1439 1444
f 1290 1444 1291
f 1291 1444 1292
f 1292 1445 1293
f 1292 1444 1446
f 1292 1446 1445
f 1293 1445 1295
f 1294 1447 1296
f 1294 1295 1448
f 1294 1448 1449
f 1294 1449 1447
f 1295 1445 1448
f 1296 1447 1450
f 1296 1450 1297
f 1297 1450 1451
f 1297 1451 1452
f 1297 1452 1298
f 1298 1452 1453
f 1298 1453 1300
f 1300 1453 1302
f 1302 1454 1455
f 1302 1455 1308
f 1302 1308 1304
f 1302 1304 1303
f 1302 1453 1456
f 1302 1456 1457
f 1302 1457 1454
f 1306 1308 1455
f 1306 1455 1458
f 1306 1458 1307
f 1307 1458 1309
f 1309 1459 1310
f 1309 1458 1459
f 1310 1459 1311
f 1311 1459 1460
f 1311 1460 1313
f 1312 1317 1316
f 1312 1316 1315
f 1313 1460 1321
f 1313 1321 1314
f 1319 1327 1320
f 1319 1325 1327
f 1320 1327 1326
f 1321 1460 1461
f 1321 1461 1322
f 1322 1461 1462
f 1322 1462 1323
f 1323 1462 1324
f 1324 1462 1463
f 1324 1463 1325
f 1325 1464 1465
f 1325 1465 1327
f 1325 1463 1464
f 1327 1465 1466
f 1327 1466 1467
f 1327 1467 1328
f 1328 1467 1329
f 1329 1467 1468
f 1333 1469 1336
f 1333 1335 1470
f 1333 1470 1471
f 1333 1471 1472
f 1333 1472 1469
f 1334 1473 1335
f 1334 1474 1475
f 1334 1475 1476
f 1334 1476 1473
f 1335 1473 1470
f 1336 1469 1337
f 1337 1469 1477
f 1337 1477 1394
f 1338 1393 1339
f 1339 1397 1478
f 1339 1478 1340
f 1340 1479 1342
f 1340 1478 1479
f 1342 1479 1478
f 1342 1478 1480
f 1342 1480 1343
f 1343 1481 1482
f 1343 1482 1344
f 1343 1480 1483
f 1343 1483 1484
f 1343 1484 1481
f 1344 1482 1345
f 1345 1485 1346
f 1345 1482 1485
f 1346 1485 1486
f 1346 1486 1350
f 1346 1350 1347
f 1347 1350 1349
f 1348 1351 1353
f 1350 1487 1488
f 1350 1488 1489
f 1350 1489 1490
f 1350 1490 1351
f 1350 1486 1491
f 1350 1491 1492
f 1350 1492 1487
f 1351 1490 1489
f 1351 1489 1493
f 1351 1493 1494
f 1351 1494 1353
f 1352 1354 1355
f 1353 1495 1354
f 1353 1494 1493
f 1353 1493 1496
f 1353 1496 1497
f 1353 1497 1495
f 1354 1495 1498
f 1354 1498 1499
f 1354 1499 1355
f 1355 1500 1356
f 1355 1499 1498
f 1355 1498 1501
f 1355 1501 1500
f 1356 1500 1359
f 1357 1358 1365
f 1358 1363 1502
f 1358 1502 1503
f 1358 1503 1504
f 1358 1504 1365
f 1359 1500 1501
f 1359 1501 1360
f 1360 1501 1505
f 1360 1505 1506
f 1360 1506 1361
f 1361 1506 1507
f 1361 1507 1362
f 1362 1507 1508
f 1362 1508 1363
f 1363 1508 1509
f 1363 1509 1510
f 1363 1510 1502
f 1364 1365 1511
f 1364 1511 1512
f 1364 1512 1367
f 1365 1504 1513
f 1365 1513 1514
f 1365 1514 1515
f 1365 1515 1511
f 1366 1516 1517
f 1366 1517 1368
f 1367 1512 1516
f 1368 1517 1518
f 1368 1518 1519
f 1368 1519 1373
f 1368 1372 1369
f 1369 1372 1371
f 1373 1519 1520
f 1373 1520 1375
f 1373 1375 1374
f 1375 1520 1521
f 1375 1521 1522
f 1375 1522 1523
f 1375 1523 1377
f 1375 1377 1376
f 1377 1524 1525
f 1377 1525 1378
f 1377 1523 1524
f 1378 1526 1527
f 1378 1527 1528
f 1378 1528 1379
f 1378 1525 1526
f 1379 1528 1529
f 1379 1529 1380
f 1380 1529 1530
f 1380 1530 1382
f 1380 1382 1381
f 1382 1530 1531
f 1382 1531 1383
f 1383 1531 1532
f 1383 1532 1533
f 1383 1533 1384
f 1384 1533 1534
f 1384 1534 1535
f 1384 1535 1385
f 1385 1535 1536
f 1385 1536 1537
f 1385 1537 1386
f 1386 1537 1538
f 1386 1538 1539
f 1386 1539 1387
f 1387 1540 1541
f 1387 1541 1542
f 1387 1542 1543
f 1387 1543 1544
f 1387 1544 1388
f 1387 1539 1545
f 1387 1545 1546
f 1387 1546 1540
f 1388 1544 1547
f 1388 1547 1389
f 1389 1547 1390
f 1390 1547 1548
f 1390 1548 1549
f 1390 1549 1391
f 1391 1549 1550
f 1391 1550 1551
f 1391 1551 1552
f 1391 1552 1392
f 1394 1477 1487
f 1394 1487 1492
f 1394 1492 1395
f 1395 1492 1396
f 1396 1492 1481
f 1396 1481 1484
f 1396 1484 1397
f 1397 1484 1483
f 1397 1483 1478
f 1398 1435 1399
f 1399 1553 1400
f 1399 1435 1553
f 1400 1553 1402
f 1401 1403 1554
f 1401 1554 1555
f 1401 1555 1440
f 1402 1556 1557
f 1402 1557 1554
f 1402 1554 1403
f 1402 1553 1558
f 1402 1558 1559
f 1402 1559 1556
f 1404 1560 1562
f 1404 1562 1405
f 1404 1561 1560
f 1405 1562 1563
f 1405 1563 1406
f 1406 1563 1407
f 1407 1563 1408
f 1408 1564 1412
f 1408 1563 1565
f 1408 1565 1566
f 1408 1566 1567
f 1408 1567 1564
f 1410 1568 1411
f 1410 1413 1568
f 1411 1568 1414
f 1412 1564 1413
f 1413 1564 1569
f 1413 1569 1570
f 1413 1570 1571
f 1413 1571 1572
f 1413 1572 1568
f 1414 1568 1415
f 1415 1568 1573
f 1415 1573 1574
f 1415 1574 1416
f 1416 1574 1417
f 1417 1575 1576
f 1417 1576 1577
f 1417 1577 1578
f 1417 1578 1418
f 1417 1574 1579
f 1417 1579 1580
f 1417 1580 1575
f 1418 1578 1419
f 1419 1578 1581
f 1419 1581 1582
f 1419 1582 1583
f 1419 1583 1420
f 1420 1583 1421
f 1421 1583 1584
f 1421 1584 1585
f 1421 1585 1422
f 1422 1585 1586
f 1422 1586 1587
f 1422 1587 1588
f 1422 1588 1423
f 1423 1588 1424
f 1424 1588 1589
f 1424 1589 1590
f 1424 1590 1425
f 1425 1591 1592
f 1425 1592 1593
f 1425 1593 1426
f 1425 1590 1594
f 1425 1594 1591
f 1426 1593 1595
f 1426 1595 1427
f 1427 1595 1596
f 1427 1596 1597
f 1427 1597 1598
f 1427 1598 1428
f 1428 1598 1599
f 1428 1599 1429
f 1429 1599 1430
f 1430 1599 1432
f 1430 1432 1431
f 1432 1599 1433
f 1433 1599 1434
f 1433 1434 1436
f 1434 1599 1558
f 1434 1558 1435
f 1435 1558 1553
f 1437 1442 1600
f 1437 1600 1601
f 1437 1601 1438
f 1438 1601 1602
f 1438 1602 1439
f 1439 1602 1603
f 1439 1603 1449
f 1439 1449 1446
f 1439 1446 1444
f 1440 1555 1441
f 1441 1555 1554
f 1441 1554 1604
f 1441 1604 1442
f 1442 1604 1605
f 1442 1605 1600
f 1445 1446 1448
f 1446 1449 1448
f 1447 1449 1450
f 1449 1603 1606
f 1449 1606 1607
f 1449 1607 1608
f 1449 1608 1450
f 1450 1608 1451
f 1451 1609 1610
f 1451 1610 1452
f 1451 1608 1609
f 1452 1610 1456
f 1452 1456 1453
f 1454 1611 1612
f 1454 1612 1455
f 1454 1457 1613
f 1454 1613 1611
f 1455 1612 1458
f 1456 1613 1457
f 1456 1610 1613
f 1458 1612 1614
f 1458 1614 1460
f 1458 1460 1459
f 1460 1614 1461
f 1461 1614 1462
f 1462 1614 1611
f 1462 1611 1615
f 1462 1615 1616
f 1462 1616 1617
f 1462 1617 1463
f 1463 1617 1618
f 1463 1618 1619
f 1463 1619 1620
f 1463 1620 1464
f 1464 1620 1465
f 1465 1468 1466
f 1465 1620 1619
f 1465 1619 1621
f 1465 1621 1468
f 1466 1468 1467
f 1468 1621 1622
f 1469 1472 1477
f 1470 1473 1623
f 1470 1623 1471
f 1471 1623 1624
f 1471 1624 1625
f 1471 1625 1626
f 1471 1626 1472
f 1472 1626 1477
f 1473 1476 1627
f 1473 1627 1623
f 1474 1628 1475
f 1474 1629 1630
f 1474 1630 1631
f 1474 1631 1632
f 1474 1632 1628
f 1475 1628 1476
f 1476 1628 1633
f 1476 1633 1634
f 1476 1634 1635
f 1476 1635 1627
f 1477 1626 1636
f 1477 1636 1487
f 1478 1483 1480
f 1481 1492 1482
f 1482 1492 1491
f 1482 1491 1486
f 1482 1486 1637
f 1482 1637 1485
f 1485 1637 1486
f 1487 1636 1488
f 1488 1636 1638
f 1488 1638 1496
f 1488 1496 1493
f 1488 1493 1489
f 1495 1497 1639
f 1495 1639 1640
f 1495 1640 1641
f 1495 1641 1642
f 1495 1642 1498
f 1496 1638 1497
f 1497 1638 1639
f 1498 1642 1501
f 1501 1642 1643
f 1501 1643 1505
f 1502 1510 1644
f 1502 1644 1645
f 1502 1645 1503
f 1503 1645 1646
f 1503 1646 1504
f 1504 1646 1513
f 1505 1643 1506
f 1506 1643 1647
f 1506 1647 1648
f 1506 1648 1507
f 1507 1648 1649
f 1507 1649 1650
f 1507 1650 1651
f 1507 1651 1509
f 1507 1509 1508
f 1509 1651 1644
f 1509 1644 1510
f 1511 1515 1512
f 1512 1515 1652
f 1512 1652 1653
f 1512 1653 1654
f 1512 1654 1655
f 1512 1655 1516
f 1513 1656 1514
f 1513 1646 1656
f 1514 1656 1515
f 1515 1656 1657
f 1515 1657 1658
f 1515 1658 1659
f 1515 1659 1652
f 1516 1655 1660
f 1516 1660 1517
f 1517 1660 1661
f 1517 1661 1662
f 1517 1662 1518
f 1518 1662 1520
f 1518 1520 1519
f 1520 1662 1663
f 1520 1663 1521
f 1521 1663 1664
f 1521 1664 1665
f 1521 1665 1666
f 1521 1666 1522
f 1522 1666 1523
f 1523 1666 1524
f 1524 1666 1667
f 1524 1667 1668
f 1524 1668 1525
f 1525 1668 1526
f 1526 1668 1669
f 1526 1669 1528
f 1526 1528 1527
f 1528 1669 1529
f 1529 1669 1670
f 1529 1670 1671
f 1529 1671 1672
f 1529 1672 1673
f 1529 1673 1530
f 1530 1673 1674
f 1530 1674 1531
f 1531 1674 1532
f 1532 1674 1533
f 1533 1674 1675
f 1533 1675 1676
f 1533 1676 1534
f 1534 1676 1677
f 1534 1677 1678
f 1534 1678 1535
f 1535 1678 1536
f 1536 1678 1677
f 1536 1677 1679
f 1536 1679 1680
f 1536 1680 1681
f 1536 1681 1538
f 1536 1538 1537
f 1538 1681 1539
f 1539 1681 1545
f 1540 1682 1541
f 1540 1546 1682
f 1541 1682 1542
f 1542 1682 1683
f 1542 1683 1543
f 1543 1683 1684
f 1543 1684 1685
f 1543 1685 1544
f 1544 1685 1686
f 1544 1686 1687
f 1544 1687 1688
f 1544 1688 1547
f 1545 1689 1546
f 1545 1681 1690
f 1545 1690 1689
f 1546 1689 1691
f 1546 1691 1692
f 1546 1692 1682
f 1547 1688 1693
f 1547 1693 1548
f 1548 1693 1694
f 1548 1694 1549
f 1549 1694 1550
f 1550 1694 1695
f 1550 1695 1696
f 1550 1696 1552
f 1550 1552 1551
f 1552 1696 1697
f 1554 1557 1604
f 1556 1698 1699
f 1556 1699 1557
f 1556 1559 1700
f 1556 1700 1698
f 1557 1699 1604
f 1558 1701 1702
f 1558 1702 1559
f 1558 1599 1703
f 1558 1703 1701
f 1559 1702 1700
f 1560 1561 1704
f 1560 1704 1562
f 1561 1705 1706
f 1561 1706 1704
f 1562 1704 1707
f 1562 1707 1563
f 1563 1707 1565
f 1564 1567 1708
f 1564 1708 1569
f 1565 1707 1709
f 1565 1709 1566
f 1566 1710 1711
f 1566 1711 1567
f 1566 1709 1710
f 1567 1711 1708
f 1568 1572 1712
f 1568 1712 1713
f 1568 1713 1573
f 1569 1708 1714
f 1569 1714 1715
f 1569 1715 1571
f 1569 1571 1570
f 1571 1716 1572
f 1571 1715 1717
f 1571 1717 1718
f 1571 1718 1716
f 1572 1716 1712
f 1573 1713 1574
f 1574 1719 1720
f 1574 1720 1579
f 1574 1713 1719
f 1575 1721 1722
f 1575 1722 1581
f 1575 1581 1576
f 1575 1580 1723
f 1575 1723 1721
f 1576 1581 1578
f 1576 1578 1577
f 1579 1720 1580
f 1580 1720 1723
f 1581 1722 1582
f 1582 1722 1583
f 1583 1722 1584
f 1584 1722 1586
f 1584 1586 1585
f 1586 1722 1721
f 1586 1721 1724
f 1586 1724 1725
f 1586 1725 1587
f 1587 1725 1588
f 1588 1725 1726
f 1588 1726 1589
f 1589 1726 1727
f 1589 1727 1590
f 1590 1727 1728
f 1590 1728 1729
f 1590 1729 1730
f 1590 1730 1594
f 1591 1594 1730
f 1591 1730 1731
f 1591 1731 1592
f 1592 1731 1593
f 1593 1731 1732
f 1593 1732 1595
f 1595 1732 1733
f 1595 1733 1734
f 1595 1734 1735
f 1595 1735 1596
f 1596 1735 1597
f 1597 1735 1598
f 1598 1735 1599
f 1599 1735 1736
f 1599 1736 1737
f 1599 1737 1703
f 1600 1738 1601
f 1600 1605 1738
f 1601 1739 1740
f 1601 1740 1741
f 1601 1741 1742
f 1601 1742 1602
f 1601 1738 1739
f 1602 1742 1606
f 1602 1606 1603
f 1604 1699 1605
f 1605 1699 1698
f 1605 1698 1743
f 1605 1743 1744
f 1605 1744 1745
f 1605 1745 1738
f 1606 1741 1740
f 1606 1740 1607
f 1606 1742 1741
f 1607 1746 1747
f 1607 1747 1748
f 1607 1748 1608
f 1607 1740 1746
f 1608 1748 1749
f 1608 1749 1609
f 1609 1749 1750
f 1609 1750 1617
f 1609 1617 1616
f 1609 1616 1610
f 1610 1616 1613
f 1611 1613 1615
f 1611 1614 1612
f 1613 1616 1615
f 1617 1750 1618
f 1618 1750 1751
f 1618 1751 1619
f 1619 1752 1622
f 1619 1622 1621
f 1619 1751 1747
f 1619 1747 1752
f 1622 1752 1753
f 1622 1753 1754
f 1622 1754 1755
f 1623 1756 1639
f 1623 1639 1624
f 1623 1627 1757
f 1623 1757 1758
f 1623 1758 1756
f 1624 1639 1625
f 1625 1639 1626
f 1626 1639 1638
f 1626 1638 1636
f 1627 1635 1759
f 1627 1759 1757
f 1628 1632 1760
f 1628 1760 1761
f 1628 1761 1633
f 1629 1762 1763
f 1629 1763 1764
f 1629 1764 1765
f 1629 1765 1766
f 1629 1766 1630
f 1630 1766 1901
f 1630 1901 1767
f 1630 1767 1768
f 1630 1768 1631
f 1631 1768 1632
f 1632 1768 1760
f 1633 1761 1634
f 1634 1761 1769
f 1634 1769 1770
f 1634 1770 1771
f 1634 1771 1635
f 1635 1771 1772
f 1635 1772 1759
f 1639 1756 1773
f 1639 1773 1640
f 1640 1773 1774
f 1640 1774 1647
f 1640 1647 1641
f 1641 1647 1642
f 1642 1647 1643
f 1644 1775 1776
f 1644 1776 1645
f 1644 1651 1650
f 1644 1650 1777
f 1644 1777 1775
f 1645 1776 1775
f 1645 1775 1646
f 1646 1775 1777
f 1646 1777 1778
f 1646 1778 1779
f 1646 1779 1656
f 1647 1774 1648
f 1648 1774 1780
f 1648 1780 1649
f 1649 1780 1781
f 1649 1781 1650
f 1650 1781 1777
f 1652 1659 1653
f 1653 1659 1782
f 1653 1782 1783
f 1653 1783 1654
f 1654 1784 1655
f 1654 1783 1785
f 1654 1785 1786
f 1654 1786 1784
f 1655 1784 1660
f 1656 1779 1787
f 1656 1787 1657
f 1657 1787 1658
f 1658 1788 1782
f 1658 1782 1659
f 1658 1787 1789
f 1658 1789 1790
f 1658 1790 1788
f 1660 1784 1661
f 1661 1784 1791
f 1661 1791 1792
f 1661 1792 1793
f 1661 1793 1794
f 1661 1794 1662
f 1662 1794 1663
f 1663 1794 1795
f 1663 1795 1664
f 1664 1795 1796
f 1664 1796 1797
f 1664 1797 1665
f 1665 1797 1798
f 1665 1798 1799
f 1665 1799 1800
f 1665 1800 1666
f 1666 1800 1801
f 1666 1801 1667
f 1667 1802 1803
f 1667 1803 1804
f 1667 1804 1668
f 1667 1801 1802
f 1668 1804 1805
f 1668 1805 1669
f 1669 1805 1806
f 1669 1806 1807
f 1669 1807 1671
f 1669 1671 1670
f 1671 1807 1808
f 1671 1808 1809
f 1671 1809 1672
f 1672 1809 1810
f 1672 1810 1673
f 1673 1810 1811
f 1673 1811 1674
f 1674 1812 1813
f 1674 1813 1814
f 1674 1814 1675
f 1674 1811 1812
f 1675 1814 1813
f 1675 1813 1815
f 1675 1815 1816
f 1675 1816 1817
f 1675 1817 1818
f 1675 1818 1676
f 1676 1818 1677
f 1677 1818 1817
f 1677 1817 1679
f 1679 1819 1680
f 1679 1817 1819
f 1680 1820 1689
f 1680 1689 1681
f 1680 1819 1821
f 1680 1821 1820
f 1681 1689 1690
f 1682 1692 1822
f 1682 1822 1683
f 1683 1823 1684
f 1683 1822 1823
f 1684 1823 1824
f 1684 1824 1825
f 1684 1825 1826
f 1684 1826 1827
f 1684 1827 1685
f 1685 1827 1828
f 1685 1828 1686
f 1686 1828 1829
f 1686 1829 1830
f 1686 1830 1831
f 1686 1831 1832
f 1686 1832 1693
f 1686 1693 1687
f 1687 1693 1688
f 1689 1820 1833
f 1689 1833 1834
f 1689 1834 1835
f 1689 1835 1691
f 1691 1835 1836
f 1691 1836 1692
f 1692 1836 1837
f 1692 1837 1838
f 1692 1838 1822
f 1693 1832 1839
f 1693 1839 1694
f 1694 1839 1695
f 1695 1839 1840
f 1695 1840 1696
f 1696 1840 1697
f 1697 1841 1842
f 1697 1842 1956
f 1697 1956 1843
f 1697 1840 1841
f 1698 1700 1844
f 1698 1844 1743
f 1700 1702 1701
f 1700 1701 1845
f 1700 1845 1844
f 1701 1703 1845
f 1703 1737 1845
f 1704 1706 1846
f 1704 1846 1847
f 1704 1847 1848
f 1704 1848 1707
f 1705 1849 1850
f 1705 1850 1846
f 1705 1846 1706
f 1707 1848 1709
f 1708 1711 1851
f 1708 1851 1714
f 1709 1852 1710
f 1709 1848 1853
f 1709 1853 1854
f 1709 1854 1852
f 1710 1852 1711
f 1711 1855 1856
f 1711 1856 1851
f 1711 1852 1857
f 1711 1857 1858
f 1711 1858 1859
f 1711 1859 1855
f 1712 1860 1713
f 1712 1716 1860
f 1713 1860 1719
f 1714 1861 1715
f 1714 1851 1861
f 1715 1861 1856
f 1715 1856 1862
f 1715 1862 1863
f 1715 1863 1717
f 1716 1718 1864
f 1716 1864 1865
f 1716 1865 1719
f 1716 1719 1860
f 1717 1863 1718
f 1718 1863 1866
f 1718 1866 1867
f 1718 1867 1864
f 1719 1868 1723
f 1719 1723 1720
f 1719 1865 1869
f 1719 1869 1868
f 1721 1723 1870
f 1721 1870 1724
f 1723 1871 1870
f 1723 1868 1871
f 1724 1870 1725
f 1725 1870 1872
f 1725 1872 1873
f 1725 1873 1874
f 1725 1874 1875
f 1725 1875 1727
f 1725 1727 1726
f 1727 1875 1876
f 1727 1876 1877
f 1727 1877 1728
f 1728 1877 1878
f 1728 1878 1729
f 1729 1878 1730
f 1730 1878 1879
f 1731 1880 1732
f 1732 1880 1881
f 1732 1881 1733
f 1733 1881 1734
f 1734 1881 1735
f 1735 1881 1882
f 1735 1882 1845
f 1735 1845 1736
f 1736 1845 1737
f 1738 1883 1739
f 1738 1745 1883
f 1739 1883 1884
f 1739 1884 1740
f 1740 1884 1746
f 1743 1844 1885
f 1743 1885 1888
f 1743 1888 1744
f 1744 1886 1887
f 1744 1887 1745
f 1744 1888 1886
f 1745 1887 1883
f 1746 1884 1754
f 1746 1754 1747
f 1747 1751 1749
f 1747 1749 1748
f 1747 1754 1753
f 1747 1753 1752
f 1749 1751 1750
f 1754 1884 1889
f 1754 1889 1755
f 1756 1758 1773
f 1757 1759 1890
f 1757 1890 1773
f 1757 1773 1758
f 1759 1772 1890
f 1760 1768 1891
f 1760 1891 1892
f 1760 1892 1761
f 1761 1892 1790
f 1761 1790 1769
f 1762 1893 1894
f 1762 1894 1763
f 1762 1895 1896
f 1762 1896 1893
f 1763 1894 1764
f 1764 1897 1898
f 1764 1898 1899
f 1764 1899 1765
f 1764 1894 1900
f 1764 1900 1897
f 1765 1899 1901
f 1765 1901 1766
f 1767 1901 1902
f 1767 1902 1768
f 1768 1892 1891
f 1768 1902 1892
f 1769 1790 1771
f 1769 1771 1770
f 1771 1790 1772
f 1772 1790 1903
f 1772 1903 1780
f 1772 1780 1890
f 1773 1890 1780
f 1773 1780 1774
f 1777 1904 1778
f 1777 1781 1903
f 1777 1903 1904
f 1778 1904 1903
f 1778 1903 1789
f 1778 1789 1779
f 1779 1789 1787
f 1780 1903 1781
f 1782 1788 1905
f 1782 1905 1783
f 1783 1905 1906
f 1783 1906 1785
f 1784 1786 1907
f 1784 1907 1791
f 1785 1906 1786
f 1786 1906 1908
f 1786 1908 1909
f 1786 1909 1910
f 1786 1910 1907
f 1788 1790 1911
f 1788 1911 1905
f 1789 1903 1790
f 1790 1892 1911
f 1791 1907 1912
f 1791 1912 1792
f 1792 1912 1793
f 1793 1795 1794
f 1793 1912 1795
f 1795 1912 1913
f 1795 1913 1796
f 1796 1913 1914
f 1796 1914 1915
f 1796 1915 1916
f 1796 1916 1798
f 1796 1798 1797
f 1798 1916 1799
f 1799 1916 1915
f 1799 1915 1917
f 1799 1917 1918
f 1799 1918 1919
f 1799 1919 1800
f 1800 1919 1920
f 1800 1920 1801
f 1801 1920 1802
f 1802 1921 1922
f 1802 1922 1803
f 1802 1920 1921
f 1803 1922 1923
f 1803 1923 1924
f 1803 1924 1925
f 1803 1925 1926
f 1803 1926 1804
f 1804 1926 1927
f 1804 1927 1806
f 1804 1806 1805
f 1806 1927 1807
f 1807 1928 1808
f 1807 1927 1925
f 1807 1925 1928
f 1808 1929 1930
f 1808 1930 1809
f 1808 1928 1929
f 1809 1930 1931
f 1809 1931 1812
f 1809 1812 1810
f 1810 1812 1811
f 1812 1931 1932
f 1812 1932 1813
f 1813 1932 1933
f 1813 1933 1815
f 1815 1933 1934
f 1815 1934 1816
f 1816 1934 1935
f 1816 1935 1817
f 1817 1935 1936
f 1817 1936 1819
f 1819 1936 1821
f 1820 1937 1833
f 1820 1821 1937
f 1821 1936 1938
f 1821 1938 1939
f 1821 1939 1937
f 1822 1838 1940
f 1822 1940 1823
f 1823 1940 1941
f 1823 1941 1942
f 1823 1942 1824
f 1824 1942 1943
f 1824 1943 1944
f 1824 1944 1825
f 1825 1944 1945
f 1825 1945 1826
f 1826 1828 1827
f 1826 1945 1854
f 1826 1854 1853
f 1826 1853 1828
f 1828 1853 1946
f 1828 1946 1829
f 1829 1946 1830
f 1830 1946 1947
f 1830 1947 1842
f 1830 1842 1841
f 1830 1841 1840
f 1830 1840 1831
f 1831 1840 1832
f 1832 1840 1839
f 1833 1937 1939
f 1833 1939 1948
f 1833 1948 1949
f 1833 1949 1950
f 1833 1950 1835
f 1833 1835 1834
f 1835 1950 1951
f 1835 1951 1837
f 1835 1837 1836
f 1837 1952 1953
f 1837 1953 1954
f 1837 1954 1838
f 1837 1951 1952
f 1838 1954 1940
f 1842 1947 1955
f 1842 1955 1956
f 1843 1956 1850
f 1843 1850 1849
f 1844 1845 1882
f 1844 1882 1885
f 1846 1850 1847
f 1847 1957 1848
f 1847 1850 1958
f 1847 1958 1959
f 1847 1959 1957
f 1848 1957 1960
f 1848 1960 1853
f 1850 1956 1958
f 1851 1856 1861
f 1852 1854 1857
f 1853 1960 1961
f 1853 1961 1946
f 1854 1945 1857
f 1855 1962 1856
f 1855 1859 1962
f 1856 1962 1862
f 1857 1945 1963
f 1857 1963 1964
f 1857 1964 1858
f 1858 1964 1859
f 1859 1965 1962
f 1859 1964 1963
f 1859 1963 1966
f 1859 1966 1967
f 1859 1967 1968
f 1859 1968 1965
f 1862 1866 1863
f 1862 1962 1969
f 1862 1969 1970
f 1862 1970 1866
f 1864 1867 1971
f 1864 1971 1868
f 1864 1868 1865
f 1865 1868 1869
f 1866 1970 1972
f 1866 1972 1973
f 1866 1973 1974
f 1866 1974 1975
f 1866 1975 1976
f 1866 1976 1867
f 1867 1976 1971
f 1868 1971 1871
f 1870 1871 1872
f 1871 1971 1872
f 1872 1971 1976
f 1872 1976 1977
f 1872 1977 1978
f 1872 1978 1873
f 1873 1978 1979
f 1873 1979 1876
f 1873 1876 1874
f 1874 1876 1875
f 1876 1979 1978
f 1876 1978 1980
f 1876 1980 1981
f 1876 1981 1877
f 1877 1981 1878
f 1878 1981 1982
f 1878 1982 1879
f 1880 1888 1885
f 1880 1885 1881
f 1881 1885 1882
f 1883 1887 1889
f 1883 1889 1884
f 1892 1902 1911
f 1893 1983 1984
f 1893 1984 1985
f 1893 1985 1894
f 1893 1896 1983
f 1894 1985 1900
f 1895 1986 1987
f 1895 1987 1988
f 1895 1988 1896
f 1896 1988 1989
f 1896 1989 1990
f 1896 1990 1983
f 1897 1900 1991
f 1897 1991 1992
f 1897 1992 1993
f 1897 1993 1994
f 1897 1994 1995
f 1897 1995 1914
f 1897 1914 1996
f 1897 1996 1997
f 1897 1997 1909
f 1897 1909 1898
f 1898 1909 1998
f 1898 1998 1899
f 1899 1998 1999
f 1899 1999 1902
f 1899 1902 1901
f 1900 1985 1991
f 1902 1999 1908
f 1902 1908 1905
f 1902 1905 1911
f 1905 1908 1906
f 1907 1910 1912
f 1908 1999 1998
f 1908 1998 1909
f 1909 1997 1910
f 1910 1997 1912
f 1912 1997 1996
f 1912 1996 1914
f 1912 1914 1913
f 1914 1995 2000
f 1914 2000 1915
f 1915 2000 1994
f 1915 1994 1917
f 1917 1994 1918
f 1918 1994 2001
f 1918 2001 1923
f 1918 1923 1921
f 1918 1921 1919
f 1919 1921 1920
f 1921 1923 1922
f 1923 2001 2002
f 1923 2002 1924
f 1924 2002 1925
f 1925 2002 2003
f 1925 2003 2004
f 1925 2004 1928
f 1925 1927 1926
f 1928 2004 2003
f 1928 2003 1929
f 1929 2003 2005
f 1929 2005 2006
f 1929 2006 1930
f 1930 2006 1931
f 1931 2006 2007
f 1931 2007 2008
f 1931 2008 1932
f 1932 2008 1935
f 1932 1935 1933
f 1933 1935 1934
f 1935 2007 1936
f 1935 2008 2007
f 1936 2007 2009
f 1936 2009 1938
f 1938 2009 2010
f 1938 2010 1939
f 1939 2010 1948
f 1940 1954 2011
f 1940 2011 1941
f 1941 2011 1942
f 1942 2011 1943
f 1943 2011 2012
f 1943 2012 2013
f 1943 2013 1944
f 1944 2013 2014
f 1944 2014 1963
f 1944 1963 1945
f 1946 1955 1947
f 1946 1961 1959
f 1946 1959 1955
f 1948 2010 1949
f 1949 2015 2016
f 1949 2016 2017
f 1949 2017 1950
f 1949 2010 2018
f 1949 2018 2015
f 1950 2017 1951
f 1951 2017 2016
f 1951 2016 1952
f 1952 2016 1953
f 1953 2019 2020
f 1953 2020 1954
f 1953 2016 2019
f 1954 2020 2021
f 1954 2021 2011
f 1955 1959 1958
f 1955 1958 1956
f 1957 1959 1961
f 1957 1961 1960
f 1962 1965 1969
f 1963 2014 1966
f 1965 1968 1969
f 1966 2014 2013
f 1966 2013 1967
f 1967 2013 2022
f 1967 2022 2023
f 1967 2023 2024
f 1967 2024 1968
f 1968 2024 2025
f 1968 2025 1969
f 1969 1972 1970
f 1969 2025 1972
f 1972 2025 2026
f 1972 2026 2027
f 1972 2027 2028
f 1972 2028 2029
f 1972 2029 1973
f 1973 2029 1974
f 1974 2030 2031
f 1974 2031 1975
f 1974 2029 2032
f 1974 2032 2030
f 1975 2031 1976
f 1976 2031 2033
f 1976 2033 1977
f 1977 2033 1978
f 1978 2033 1980
f 1980 2033 2030
f 1980 2030 2034
f 1980 2034 1981
f 1981 2034 2035
f 1981 2035 1982
f 1983 2036 2037
f 1983 2037 1984
f 1983 1990 2036
f 1984 2037 1993
f 1984 1993 1992
f 1984 1992 1991
f 1984 1991 1985
f 1986 2038 1987
f 1987 2038 2039
f 1987 2039 2040
f 1987 2040 1989
f 1987 1989 1988
f 1989 2041 2042
f 1989 2042 1990
f 1989 2040 2041
f 1990 2042 2043
f 1990 2043 2044
f 1990 2044 2036
f 1993 2037 2045
f 1993 2045 1994
f 1994 2000 1995
f 1994 2045 2046
f 1994 2046 2001
f 2001 2046 2002
f 2002 2046 2003
f 2003 2043 2047
f 2003 2047 2005
f 2003 2046 2043
f 2005 2047 2041
f 2005 2041 2048
f 2005 2048 2049
f 2005 2049 2006
f 2006 2049 2007
f 2007 2050 2051
f 2007 2051 2009
f 2007 2049 2052
f 2007 2052 2050
f 2009 2051 2010
f 2010 2053 2018
f 2010 2051 2053
f 2011 2021 2020
f 2011 2020 2054
f 2011 2054 2055
f 2011 2055 2022
f 2011 2022 2013
f 2011 2013 2012
f 2015 2018 2056
f 2015 2056 2057
f 2015 2057 2016
f 2016 2057 2058
f 2016 2058 2020
f 2016 2020 2019
f 2018 2059 2056
f 2018 2053 2059
f 2020 2060 2061
f 2020 2061 2027
f 2020 2027 2054
f 2020 2058 2060
f 2022 2055 2023
f 2023 2055 2054
f 2023 2054 2024
f 2024 2026 2025
f 2024 2054 2027
f 2024 2027 2026
f 2027 2061 2028
f 2028 2062 2063
f 2028 2063 2029
f 2028 2061 2064
f 2028 2064 2062
f 2029 2063 2032
f 2030 2033 2031
f 2030 2032 2065
f 2030 2065 2034
f 2032 2063 2062
f 2032 2062 2066
f 2032 2066 2065
f 2034 2065 2035
f 2035 2065 2067
f 2036 2046 2045
f 2036 2045 2037
f 2036 2044 2046
f 2038 2068 2069
f 2038 2069 2070
f 2038 2070 2039
f 2039 2070 2040
f 2040 2070 2071
f 2040 2071 2052
f 2040 2052 2041
f 2041 2052 2048
f 2041 2047 2042
f 2042 2047 2043
f 2043 2046 2044
f 2048 2052 2049
f 2050 2052 2071
f 2050 2071 2070
f 2050 2070 2072
f 2050 2072 2051
f 2051 2072 2073
f 2051 2073 2059
f 2051 2059 2053
f 2056 2074 2075
f 2056 2075 2076
f 2056 2076 2057
f 2056 2059 2073
f 2056 2073 2077
f 2056 2077 2074
f 2057 2076 2058
f 2058 2076 2078
f 2058 2078 2060
f 2060 2078 2064
f 2060 2064 2061
f 2062 2064 2079
f 2062 2079 2066
f 2064 2078 2076
f 2064 2076 2080
f 2064 2080 2079
f 2065 2066 2067
f 2066 2079 2067
f 2067 2079 2081
f 2068 2073 2069
f 2068 2082 2074
f 2068 2074 2077
f 2068 2077 2073
f 2069 2073 2070
f 2070 2073 2072
f 2074 2082 2075
f 2075 2083 2076
f 2075 2082 2081
f 2075 2081 2083
f 2076 2083 2080
f 2079 2080 2083
f 2079 2083 2081

