mtllib material.mtl
usemtl motor
v -0.00498900 0.07237700 0.00900000
v -0.00498900 0.07237700 0.00900000
v -0.00498900 0.07237700 0.00900000
v -0.00498900 0.07237700 0.00900000
v -0.00498900 0.07237700 0.00900000
v -0.00498900 0.07237700 0.01100000
v -0.00498900 0.07237700 0.01100000
v -0.00498900 0.07237700 0.01100000
v -0.00498900 0.07237700 0.01100000
v -0.00498900 0.07237700 0.01100000
v -0.00498900 0.07237700 0.01100000
v -0.00498900 0.07237700 0.01100000
v -0.00395000 0.07480000 0.00900000
v -0.00395000 0.07480000 0.00900000
v -0.00395000 0.07480000 0.00900000
v -0.00395000 0.07480000 0.01100000
v -0.00395000 0.07480000 0.01100000
v -0.00395000 0.07480000 0.01100000
v -0.00395000 0.07479600 0.00897300
v -0.00395000 0.07479600 0.00897300
v -0.00395000 0.07479600 0.00897300
v -0.00395000 0.07479600 0.00897300
v -0.00497400 0.07237100 0.00891300
v -0.00497400 0.07237100 0.00891300
v -0.00497400 0.07237100 0.00891300
v -0.00497400 0.07237100 0.00891300
v -0.00497400 0.07237100 0.00891300
v -0.00497400 0.07237100 0.00891300
v -0.00395000 0.07437000 0.00876300
v -0.00395000 0.07437000 0.00876300
v -0.00395000 0.07437000 0.00876300
v -0.00395000 0.07437000 0.00876300
v -0.00395000 0.07416500 0.00875000
v -0.00395000 0.07416500 0.00875000
v -0.00395000 0.07416500 0.00875000
v -0.00475900 0.07227900 0.00875000
v -0.00475900 0.07227900 0.00875000
v -0.00475900 0.07227900 0.00875000
v -0.00475900 0.07227900 0.00875000
v -0.00395000 0.07475700 0.00890900
v -0.00395000 0.07475700 0.00890900
v -0.00395000 0.07475700 0.00890900
v -0.00395000 0.07462300 0.00882700
v -0.00395000 0.07462300 0.00882700
v -0.00395000 0.07462300 0.00882700
v -0.00492100 0.07234800 0.00882300
v -0.00492100 0.07234800 0.00882300
v -0.00492100 0.07234800 0.00882300
v -0.00492100 0.07234800 0.00882300
v -0.00492100 0.07234800 0.00882300
v -0.00483800 0.07231300 0.00876500
v -0.00483800 0.07231300 0.00876500
v -0.00483800 0.07231300 0.00876500
v -0.00483800 0.07231300 0.00876500
v -0.00483800 0.07231300 0.00876500
v -0.00483800 0.07231300 0.00876500
v -0.00515000 0.07158900 0.00900000
v -0.00515000 0.07158900 0.00900000
v -0.00515000 0.07158900 0.00900000
v -0.00515000 0.07158900 0.00900000
v -0.00515000 0.07158900 0.00900000
v -0.00515000 0.07158900 0.01100000
v -0.00515000 0.07158900 0.01100000
v -0.00515000 0.07158900 0.01100000
v -0.00515000 0.07158900 0.01100000
v -0.00395000 0.07478600 0.01105100
v -0.00395000 0.07478600 0.01105100
v -0.00395000 0.07478600 0.01105100
v -0.00483800 0.07231300 0.01123500
v -0.00483800 0.07231300 0.01123500
v -0.00483800 0.07231300 0.01123500
v -0.00483800 0.07231300 0.01123500
v -0.00483800 0.07231300 0.01123500
v -0.00483800 0.07231300 0.01123500
v -0.00483800 0.07231300 0.01123500
v -0.00475900 0.07227900 0.01125000
v -0.00475900 0.07227900 0.01125000
v -0.00475900 0.07227900 0.01125000
v -0.00395000 0.07416500 0.01125000
v -0.00395000 0.07416500 0.01125000
v -0.00395000 0.07416500 0.01125000
v -0.00395000 0.07416500 0.01125000
v -0.00395000 0.07472700 0.01111600
v -0.00395000 0.07472700 0.01111600
v -0.00395000 0.07472700 0.01111600
v -0.00395000 0.07472700 0.01111600
v -0.00395000 0.07472700 0.01111600
v -0.00395000 0.07447100 0.01121900
v -0.00395000 0.07447100 0.01121900
v -0.00395000 0.07447100 0.01121900
v -0.00395000 0.07460000 0.01118200
v -0.00395000 0.07460000 0.01118200
v -0.00395000 0.07460000 0.01118200
v -0.00395000 0.07460000 0.01118200
v -0.00492100 0.07234800 0.01117700
v -0.00492100 0.07234800 0.01117700
v -0.00492100 0.07234800 0.01117700
v -0.00492100 0.07234800 0.01117700
v -0.00492100 0.07234800 0.01117700
v -0.00492100 0.07234800 0.01117700
v -0.00497400 0.07237100 0.01108700
v -0.00497400 0.07237100 0.01108700
v -0.00497400 0.07237100 0.01108700
v -0.00497400 0.07237100 0.01108700
v -0.00497400 0.07237100 0.01108700
v -0.00395000 0.05133500 0.00875000
v -0.00395000 0.05133500 0.00875000
v -0.00395000 0.05133500 0.00875000
v -0.00395000 0.05133500 0.00875000
v -0.00475900 0.05322100 0.00875000
v -0.00475900 0.05322100 0.00875000
v -0.00475900 0.05322100 0.00875000
v -0.00486500 0.07194100 0.00875000
v -0.00486500 0.07194100 0.00875000
v -0.00486500 0.07194100 0.00875000
v -0.00486500 0.07194100 0.00875000
v -0.00490000 0.07158900 0.00875000
v -0.00490000 0.07158900 0.00875000
v -0.00490000 0.07158900 0.00875000
v -0.00490000 0.05391000 0.00875000
v -0.00490000 0.05391000 0.00875000
v -0.00490000 0.05391000 0.00875000
v -0.00486500 0.05355900 0.00875000
v -0.00486500 0.05355900 0.00875000
v -0.00486500 0.05355900 0.00875000
v -0.00486500 0.05355900 0.00875000
v -0.00499400 0.07158900 0.00876800
v -0.00499400 0.07158900 0.00876800
v -0.00499400 0.07158900 0.00876800
v -0.00499400 0.07158900 0.00876800
v -0.00499400 0.07158900 0.00876800
v -0.00507600 0.07158900 0.00882200
v -0.00507600 0.07158900 0.00882200
v -0.00507600 0.07158900 0.00882200
v -0.00507600 0.07158900 0.00882200
v -0.00507600 0.07158900 0.00882200
v -0.00513100 0.07158900 0.00890400
v -0.00513100 0.07158900 0.00890400
v -0.00513100 0.07158900 0.00890400
v -0.00513100 0.07158900 0.00890400
v -0.00513100 0.07158900 0.00890400
v -0.00515000 0.05391000 0.01100000
v -0.00515000 0.05391000 0.01100000
v -0.00515000 0.05391000 0.01100000
v -0.00515000 0.05391000 0.01100000
v -0.00515000 0.05391000 0.00900000
v -0.00515000 0.05391000 0.00900000
v -0.00515000 0.05391000 0.00900000
v -0.00515000 0.05391000 0.00900000
v -0.00513100 0.07158900 0.01109600
v -0.00513100 0.07158900 0.01109600
v -0.00513100 0.07158900 0.01109600
v -0.00513100 0.07158900 0.01109600
v -0.00513100 0.07158900 0.01109600
v -0.00507700 0.07158900 0.01117700
v -0.00507700 0.07158900 0.01117700
v -0.00507700 0.07158900 0.01117700
v -0.00507700 0.07158900 0.01117700
v -0.00507700 0.07158900 0.01117700
v -0.00499600 0.07158900 0.01123100
v -0.00499600 0.07158900 0.01123100
v -0.00499600 0.07158900 0.01123100
v -0.00499600 0.07158900 0.01123100
v -0.00499600 0.07158900 0.01123100
v -0.00490000 0.07158900 0.01125000
v -0.00490000 0.07158900 0.01125000
v -0.00490000 0.07158900 0.01125000
v -0.00490000 0.07158900 0.01125000
v -0.00490000 0.05391000 0.01125000
v -0.00490000 0.05391000 0.01125000
v -0.00490000 0.05391000 0.01125000
v -0.00475900 0.05322100 0.01125000
v -0.00475900 0.05322100 0.01125000
v -0.00475900 0.05322100 0.01125000
v -0.00475900 0.05322100 0.01125000
v -0.00475900 0.05322100 0.01125000
v -0.00395000 0.05133500 0.01125000
v -0.00395000 0.05133500 0.01125000
v -0.00395000 0.05133500 0.01125000
v -0.00513100 0.05391000 0.00890400
v -0.00513100 0.05391000 0.00890400
v -0.00513100 0.05391000 0.00890400
v -0.00513100 0.05391000 0.00890400
v -0.00507700 0.05391000 0.00882300
v -0.00507700 0.05391000 0.00882300
v -0.00507700 0.05391000 0.00882300
v -0.00507700 0.05391000 0.00882300
v -0.00499600 0.05391000 0.00876900
v -0.00499600 0.05391000 0.00876900
v -0.00499600 0.05391000 0.00876900
v -0.00499600 0.05391000 0.00876900
v -0.00499600 0.05391000 0.00876900
v -0.00484500 0.05318400 0.00876800
v -0.00484500 0.05318400 0.00876800
v -0.00484500 0.05318400 0.00876800
v -0.00484500 0.05318400 0.00876800
v -0.00484500 0.05318400 0.00876800
v -0.00484500 0.05318400 0.00876800
v -0.00492000 0.05315200 0.00882200
v -0.00492000 0.05315200 0.00882200
v -0.00492000 0.05315200 0.00882200
v -0.00492000 0.05315200 0.00882200
v -0.00492000 0.05315200 0.00882200
v -0.00492000 0.05315200 0.00882200
v -0.00497100 0.05313000 0.00890400
v -0.00497100 0.05313000 0.00890400
v -0.00497100 0.05313000 0.00890400
v -0.00497100 0.05313000 0.00890400
v -0.00497100 0.05313000 0.00890400
v -0.00497100 0.05313000 0.00890400
v -0.00498900 0.05312300 0.00900000
v -0.00498900 0.05312300 0.00900000
v -0.00498900 0.05312300 0.00900000
v -0.00498900 0.05312300 0.00900000
v -0.00498900 0.05312300 0.00900000
v -0.00498900 0.05312300 0.00900000
v -0.00395000 0.05090000 0.00881800
v -0.00395000 0.05090000 0.00881800
v -0.00395000 0.05090000 0.00881800
v -0.00395000 0.05090000 0.00881800
v -0.00395000 0.05077200 0.00888400
v -0.00395000 0.05077200 0.00888400
v -0.00395000 0.05077200 0.00888400
v -0.00395000 0.05074100 0.00891100
v -0.00395000 0.05074100 0.00891100
v -0.00395000 0.05074100 0.00891100
v -0.00395000 0.05074100 0.00891100
v -0.00395000 0.05071400 0.00894900
v -0.00395000 0.05071400 0.00894900
v -0.00395000 0.05071400 0.00894900
v -0.00395000 0.05070000 0.00900000
v -0.00395000 0.05070000 0.00900000
v -0.00395000 0.05070000 0.00900000
v -0.00395000 0.05111900 0.00876400
v -0.00395000 0.05111900 0.00876400
v -0.00395000 0.05111900 0.00876400
v -0.00395000 0.05111900 0.00876400
v -0.00395000 0.05102900 0.00878100
v -0.00395000 0.05102900 0.00878100
v -0.00395000 0.05102900 0.00878100
v -0.00498900 0.05312300 0.01100000
v -0.00498900 0.05312300 0.01100000
v -0.00498900 0.05312300 0.01100000
v -0.00498900 0.05312300 0.01100000
v -0.00498900 0.05312300 0.01100000
v -0.00513100 0.05391000 0.01109600
v -0.00513100 0.05391000 0.01109600
v -0.00513100 0.05391000 0.01109600
v -0.00513100 0.05391000 0.01109600
v -0.00513100 0.05391000 0.01109600
v -0.00507700 0.05391000 0.01117700
v -0.00507700 0.05391000 0.01117700
v -0.00507700 0.05391000 0.01117700
v -0.00507700 0.05391000 0.01117700
v -0.00507700 0.05391000 0.01117700
v -0.00507700 0.05391000 0.01117700
v -0.00499600 0.05391000 0.01123100
v -0.00499600 0.05391000 0.01123100
v -0.00499600 0.05391000 0.01123100
v -0.00499600 0.05391000 0.01123100
v -0.00499600 0.05391000 0.01123100
v -0.00487400 0.05317200 0.01121600
v -0.00487400 0.05317200 0.01121600
v -0.00487400 0.05317200 0.01121600
v -0.00487400 0.05317200 0.01121600
v -0.00487400 0.05317200 0.01121600
v -0.00492100 0.05315200 0.01117700
v -0.00492100 0.05315200 0.01117700
v -0.00492100 0.05315200 0.01117700
v -0.00492100 0.05315200 0.01117700
v -0.00492100 0.05315200 0.01117700
v -0.00495800 0.05313600 0.01112500
v -0.00495800 0.05313600 0.01112500
v -0.00495800 0.05313600 0.01112500
v -0.00495800 0.05313600 0.01112500
v -0.00495800 0.05313600 0.01112500
v -0.00495800 0.05313600 0.01112500
v -0.00497100 0.05313000 0.01109600
v -0.00497100 0.05313000 0.01109600
v -0.00497100 0.05313000 0.01109600
v -0.00497100 0.05313000 0.01109600
v -0.00497100 0.05313000 0.01109600
v -0.00395000 0.05113000 0.01123700
v -0.00395000 0.05113000 0.01123700
v -0.00395000 0.05113000 0.01123700
v -0.00395000 0.05113000 0.01123700
v -0.00395000 0.05113000 0.01123700
v -0.00395000 0.05087700 0.01117300
v -0.00395000 0.05087700 0.01117300
v -0.00395000 0.05087700 0.01117300
v -0.00395000 0.05087700 0.01117300
v -0.00395000 0.05074300 0.01109100
v -0.00395000 0.05074300 0.01109100
v -0.00395000 0.05074300 0.01109100
v -0.00395000 0.05074300 0.01109100
v -0.00395000 0.05070400 0.01102700
v -0.00395000 0.05070400 0.01102700
v -0.00395000 0.05070400 0.01102700
v -0.00395000 0.05070400 0.01102700
v -0.00395000 0.05070000 0.01100000
v -0.00395000 0.05070000 0.01100000
v -0.00395000 0.05070000 0.01100000
v -0.00498900 0.07237700 0.00400000
v -0.00498900 0.07237700 0.00400000
v -0.00498900 0.07237700 0.00400000
v -0.00498900 0.07237700 0.00400000
v -0.00498900 0.07237700 0.00400000
v -0.00498900 0.07237700 0.00600000
v -0.00498900 0.07237700 0.00600000
v -0.00498900 0.07237700 0.00600000
v -0.00498900 0.07237700 0.00600000
v -0.00498900 0.07237700 0.00600000
v -0.00498900 0.07237700 0.00600000
v -0.00498900 0.07237700 0.00600000
v -0.00395000 0.07480000 0.00400000
v -0.00395000 0.07480000 0.00400000
v -0.00395000 0.07480000 0.00400000
v -0.00395000 0.07480000 0.00600000
v -0.00395000 0.07480000 0.00600000
v -0.00395000 0.07480000 0.00600000
v -0.00395000 0.07479600 0.00397300
v -0.00395000 0.07479600 0.00397300
v -0.00395000 0.07479600 0.00397300
v -0.00395000 0.07479600 0.00397300
v -0.00497400 0.07237100 0.00391300
v -0.00497400 0.07237100 0.00391300
v -0.00497400 0.07237100 0.00391300
v -0.00497400 0.07237100 0.00391300
v -0.00497400 0.07237100 0.00391300
v -0.00497400 0.07237100 0.00391300
v -0.00395000 0.07437000 0.00376300
v -0.00395000 0.07437000 0.00376300
v -0.00395000 0.07437000 0.00376300
v -0.00395000 0.07437000 0.00376300
v -0.00395000 0.07416500 0.00375000
v -0.00395000 0.07416500 0.00375000
v -0.00395000 0.07416500 0.00375000
v -0.00475900 0.07227900 0.00375000
v -0.00475900 0.07227900 0.00375000
v -0.00475900 0.07227900 0.00375000
v -0.00475900 0.07227900 0.00375000
v -0.00395000 0.07475700 0.00390900
v -0.00395000 0.07475700 0.00390900
v -0.00395000 0.07475700 0.00390900
v -0.00395000 0.07462300 0.00382700
v -0.00395000 0.07462300 0.00382700
v -0.00395000 0.07462300 0.00382700
v -0.00492100 0.07234800 0.00382300
v -0.00492100 0.07234800 0.00382300
v -0.00492100 0.07234800 0.00382300
v -0.00492100 0.07234800 0.00382300
v -0.00492100 0.07234800 0.00382300
v -0.00483800 0.07231300 0.00376500
v -0.00483800 0.07231300 0.00376500
v -0.00483800 0.07231300 0.00376500
v -0.00483800 0.07231300 0.00376500
v -0.00483800 0.07231300 0.00376500
v -0.00483800 0.07231300 0.00376500
v -0.00515000 0.07158900 0.00400000
v -0.00515000 0.07158900 0.00400000
v -0.00515000 0.07158900 0.00400000
v -0.00515000 0.07158900 0.00400000
v -0.00515000 0.07158900 0.00400000
v -0.00515000 0.07158900 0.00600000
v -0.00515000 0.07158900 0.00600000
v -0.00515000 0.07158900 0.00600000
v -0.00515000 0.07158900 0.00600000
v -0.00395000 0.07478600 0.00605100
v -0.00395000 0.07478600 0.00605100
v -0.00395000 0.07478600 0.00605100
v -0.00483800 0.07231300 0.00623500
v -0.00483800 0.07231300 0.00623500
v -0.00483800 0.07231300 0.00623500
v -0.00483800 0.07231300 0.00623500
v -0.00483800 0.07231300 0.00623500
v -0.00483800 0.07231300 0.00623500
v -0.00483800 0.07231300 0.00623500
v -0.00475900 0.07227900 0.00625000
v -0.00475900 0.07227900 0.00625000
v -0.00475900 0.07227900 0.00625000
v -0.00395000 0.07416500 0.00625000
v -0.00395000 0.07416500 0.00625000
v -0.00395000 0.07416500 0.00625000
v -0.00395000 0.07416500 0.00625000
v -0.00395000 0.07472700 0.00611600
v -0.00395000 0.07472700 0.00611600
v -0.00395000 0.07472700 0.00611600
v -0.00395000 0.07472700 0.00611600
v -0.00395000 0.07472700 0.00611600
v -0.00395000 0.07447100 0.00621900
v -0.00395000 0.07447100 0.00621900
v -0.00395000 0.07447100 0.00621900
v -0.00395000 0.07460000 0.00618200
v -0.00395000 0.07460000 0.00618200
v -0.00395000 0.07460000 0.00618200
v -0.00395000 0.07460000 0.00618200
v -0.00492100 0.07234800 0.00617700
v -0.00492100 0.07234800 0.00617700
v -0.00492100 0.07234800 0.00617700
v -0.00492100 0.07234800 0.00617700
v -0.00492100 0.07234800 0.00617700
v -0.00492100 0.07234800 0.00617700
v -0.00497400 0.07237100 0.00608700
v -0.00497400 0.07237100 0.00608700
v -0.00497400 0.07237100 0.00608700
v -0.00497400 0.07237100 0.00608700
v -0.00497400 0.07237100 0.00608700
v -0.00395000 0.05133500 0.00375000
v -0.00395000 0.05133500 0.00375000
v -0.00395000 0.05133500 0.00375000
v -0.00395000 0.05133500 0.00375000
v -0.00475900 0.05322100 0.00375000
v -0.00475900 0.05322100 0.00375000
v -0.00475900 0.05322100 0.00375000
v -0.00486500 0.07194100 0.00375000
v -0.00486500 0.07194100 0.00375000
v -0.00486500 0.07194100 0.00375000
v -0.00486500 0.07194100 0.00375000
v -0.00490000 0.07158900 0.00375000
v -0.00490000 0.07158900 0.00375000
v -0.00490000 0.07158900 0.00375000
v -0.00490000 0.05391000 0.00375000
v -0.00490000 0.05391000 0.00375000
v -0.00490000 0.05391000 0.00375000
v -0.00486400 0.05355900 0.00375000
v -0.00486400 0.05355900 0.00375000
v -0.00486400 0.05355900 0.00375000
v -0.00486400 0.05355900 0.00375000
v -0.00499400 0.07158900 0.00376800
v -0.00499400 0.07158900 0.00376800
v -0.00499400 0.07158900 0.00376800
v -0.00499400 0.07158900 0.00376800
v -0.00499400 0.07158900 0.00376800
v -0.00507600 0.07158900 0.00382200
v -0.00507600 0.07158900 0.00382200
v -0.00507600 0.07158900 0.00382200
v -0.00507600 0.07158900 0.00382200
v -0.00507600 0.07158900 0.00382200
v -0.00513100 0.07158900 0.00390400
v -0.00513100 0.07158900 0.00390400
v -0.00513100 0.07158900 0.00390400
v -0.00513100 0.07158900 0.00390400
v -0.00513100 0.07158900 0.00390400
v -0.00515000 0.05391000 0.00600000
v -0.00515000 0.05391000 0.00600000
v -0.00515000 0.05391000 0.00600000
v -0.00515000 0.05391000 0.00600000
v -0.00515000 0.05391000 0.00400000
v -0.00515000 0.05391000 0.00400000
v -0.00515000 0.05391000 0.00400000
v -0.00515000 0.05391000 0.00400000
v -0.00513100 0.07158900 0.00609600
v -0.00513100 0.07158900 0.00609600
v -0.00513100 0.07158900 0.00609600
v -0.00513100 0.07158900 0.00609600
v -0.00513100 0.07158900 0.00609600
v -0.00507700 0.07158900 0.00617700
v -0.00507700 0.07158900 0.00617700
v -0.00507700 0.07158900 0.00617700
v -0.00507700 0.07158900 0.00617700
v -0.00507700 0.07158900 0.00617700
v -0.00499600 0.07158900 0.00623100
v -0.00499600 0.07158900 0.00623100
v -0.00499600 0.07158900 0.00623100
v -0.00499600 0.07158900 0.00623100
v -0.00499600 0.07158900 0.00623100
v -0.00490000 0.07158900 0.00625000
v -0.00490000 0.07158900 0.00625000
v -0.00490000 0.07158900 0.00625000
v -0.00490000 0.07158900 0.00625000
v -0.00490000 0.05391000 0.00625000
v -0.00490000 0.05391000 0.00625000
v -0.00490000 0.05391000 0.00625000
v -0.00475900 0.05322100 0.00625000
v -0.00475900 0.05322100 0.00625000
v -0.00475900 0.05322100 0.00625000
v -0.00475900 0.05322100 0.00625000
v -0.00475900 0.05322100 0.00625000
v -0.00395000 0.05133500 0.00625000
v -0.00395000 0.05133500 0.00625000
v -0.00395000 0.05133500 0.00625000
v -0.00513100 0.05391000 0.00390400
v -0.00513100 0.05391000 0.00390400
v -0.00513100 0.05391000 0.00390400
v -0.00513100 0.05391000 0.00390400
v -0.00507700 0.05391000 0.00382300
v -0.00507700 0.05391000 0.00382300
v -0.00507700 0.05391000 0.00382300
v -0.00507700 0.05391000 0.00382300
v -0.00499600 0.05391000 0.00376900
v -0.00499600 0.05391000 0.00376900
v -0.00499600 0.05391000 0.00376900
v -0.00499600 0.05391000 0.00376900
v -0.00499600 0.05391000 0.00376900
v -0.00484500 0.05318400 0.00376800
v -0.00484500 0.05318400 0.00376800
v -0.00484500 0.05318400 0.00376800
v -0.00484500 0.05318400 0.00376800
v -0.00484500 0.05318400 0.00376800
v -0.00484500 0.05318400 0.00376800
v -0.00492000 0.05315200 0.00382200
v -0.00492000 0.05315200 0.00382200
v -0.00492000 0.05315200 0.00382200
v -0.00492000 0.05315200 0.00382200
v -0.00492000 0.05315200 0.00382200
v -0.00492000 0.05315200 0.00382200
v -0.00497100 0.05313000 0.00390400
v -0.00497100 0.05313000 0.00390400
v -0.00497100 0.05313000 0.00390400
v -0.00497100 0.05313000 0.00390400
v -0.00497100 0.05313000 0.00390400
v -0.00497100 0.05313000 0.00390400
v -0.00498900 0.05312300 0.00400000
v -0.00498900 0.05312300 0.00400000
v -0.00498900 0.05312300 0.00400000
v -0.00498900 0.05312300 0.00400000
v -0.00498900 0.05312300 0.00400000
v -0.00498900 0.05312300 0.00400000
v -0.00395000 0.05090000 0.00381800
v -0.00395000 0.05090000 0.00381800
v -0.00395000 0.05090000 0.00381800
v -0.00395000 0.05090000 0.00381800
v -0.00395000 0.05077200 0.00388400
v -0.00395000 0.05077200 0.00388400
v -0.00395000 0.05077200 0.00388400
v -0.00395000 0.05074100 0.00391100
v -0.00395000 0.05074100 0.00391100
v -0.00395000 0.05074100 0.00391100
v -0.00395000 0.05074100 0.00391100
v -0.00395000 0.05071400 0.00394900
v -0.00395000 0.05071400 0.00394900
v -0.00395000 0.05071400 0.00394900
v -0.00395000 0.05070000 0.00400000
v -0.00395000 0.05070000 0.00400000
v -0.00395000 0.05070000 0.00400000
v -0.00395000 0.05111900 0.00376400
v -0.00395000 0.05111900 0.00376400
v -0.00395000 0.05111900 0.00376400
v -0.00395000 0.05111900 0.00376400
v -0.00395000 0.05102900 0.00378100
v -0.00395000 0.05102900 0.00378100
v -0.00395000 0.05102900 0.00378100
v -0.00498900 0.05312300 0.00600000
v -0.00498900 0.05312300 0.00600000
v -0.00498900 0.05312300 0.00600000
v -0.00498900 0.05312300 0.00600000
v -0.00498900 0.05312300 0.00600000
v -0.00513100 0.05391000 0.00609600
v -0.00513100 0.05391000 0.00609600
v -0.00513100 0.05391000 0.00609600
v -0.00513100 0.05391000 0.00609600
v -0.00513100 0.05391000 0.00609600
v -0.00507700 0.05391000 0.00617700
v -0.00507700 0.05391000 0.00617700
v -0.00507700 0.05391000 0.00617700
v -0.00507700 0.05391000 0.00617700
v -0.00507700 0.05391000 0.00617700
v -0.00507700 0.05391000 0.00617700
v -0.00499600 0.05391000 0.00623100
v -0.00499600 0.05391000 0.00623100
v -0.00499600 0.05391000 0.00623100
v -0.00499600 0.05391000 0.00623100
v -0.00499600 0.05391000 0.00623100
v -0.00487400 0.05317200 0.00621600
v -0.00487400 0.05317200 0.00621600
v -0.00487400 0.05317200 0.00621600
v -0.00487400 0.05317200 0.00621600
v -0.00487400 0.05317200 0.00621600
v -0.00492100 0.05315200 0.00617700
v -0.00492100 0.05315200 0.00617700
v -0.00492100 0.05315200 0.00617700
v -0.00492100 0.05315200 0.00617700
v -0.00492100 0.05315200 0.00617700
v -0.00495800 0.05313600 0.00612500
v -0.00495800 0.05313600 0.00612500
v -0.00495800 0.05313600 0.00612500
v -0.00495800 0.05313600 0.00612500
v -0.00495800 0.05313600 0.00612500
v -0.00495800 0.05313600 0.00612500
v -0.00497100 0.05313000 0.00609600
v -0.00497100 0.05313000 0.00609600
v -0.00497100 0.05313000 0.00609600
v -0.00497100 0.05313000 0.00609600
v -0.00497100 0.05313000 0.00609600
v -0.00395000 0.05113000 0.00623700
v -0.00395000 0.05113000 0.00623700
v -0.00395000 0.05113000 0.00623700
v -0.00395000 0.05113000 0.00623700
v -0.00395000 0.05113000 0.00623700
v -0.00395000 0.05087700 0.00617300
v -0.00395000 0.05087700 0.00617300
v -0.00395000 0.05087700 0.00617300
v -0.00395000 0.05087700 0.00617300
v -0.00395000 0.05074300 0.00609100
v -0.00395000 0.05074300 0.00609100
v -0.00395000 0.05074300 0.00609100
v -0.00395000 0.05074300 0.00609100
v -0.00395000 0.05070400 0.00602700
v -0.00395000 0.05070400 0.00602700
v -0.00395000 0.05070400 0.00602700
v -0.00395000 0.05070400 0.00602700
v -0.00395000 0.05070000 0.00600000
v -0.00395000 0.05070000 0.00600000
v -0.00395000 0.05070000 0.00600000
v -0.00498900 0.07237700 -0.00100000
v -0.00498900 0.07237700 -0.00100000
v -0.00498900 0.07237700 -0.00100000
v -0.00498900 0.07237700 -0.00100000
v -0.00498900 0.07237700 -0.00100000
v -0.00498900 0.07237700 0.00100000
v -0.00498900 0.07237700 0.00100000
v -0.00498900 0.07237700 0.00100000
v -0.00498900 0.07237700 0.00100000
v -0.00498900 0.07237700 0.00100000
v -0.00498900 0.07237700 0.00100000
v -0.00498900 0.07237700 0.00100000
v -0.00395000 0.07480000 -0.00100000
v -0.00395000 0.07480000 -0.00100000
v -0.00395000 0.07480000 -0.00100000
v -0.00395000 0.07480000 0.00100000
v -0.00395000 0.07480000 0.00100000
v -0.00395000 0.07480000 0.00100000
v -0.00395000 0.07479600 -0.00102700
v -0.00395000 0.07479600 -0.00102700
v -0.00395000 0.07479600 -0.00102700
v -0.00395000 0.07479600 -0.00102700
v -0.00497400 0.07237100 -0.00108700
v -0.00497400 0.07237100 -0.00108700
v -0.00497400 0.07237100 -0.00108700
v -0.00497400 0.07237100 -0.00108700
v -0.00497400 0.07237100 -0.00108700
v -0.00497400 0.07237100 -0.00108700
v -0.00395000 0.07437000 -0.00123700
v -0.00395000 0.07437000 -0.00123700
v -0.00395000 0.07437000 -0.00123700
v -0.00395000 0.07437000 -0.00123700
v -0.00395000 0.07416500 -0.00125000
v -0.00395000 0.07416500 -0.00125000
v -0.00395000 0.07416500 -0.00125000
v -0.00475900 0.07227900 -0.00125000
v -0.00475900 0.07227900 -0.00125000
v -0.00475900 0.07227900 -0.00125000
v -0.00475900 0.07227900 -0.00125000
v -0.00395000 0.07475700 -0.00109100
v -0.00395000 0.07475700 -0.00109100
v -0.00395000 0.07475700 -0.00109100
v -0.00395000 0.07462300 -0.00117300
v -0.00395000 0.07462300 -0.00117300
v -0.00395000 0.07462300 -0.00117300
v -0.00492100 0.07234800 -0.00117700
v -0.00492100 0.07234800 -0.00117700
v -0.00492100 0.07234800 -0.00117700
v -0.00492100 0.07234800 -0.00117700
v -0.00492100 0.07234800 -0.00117700
v -0.00483800 0.07231300 -0.00123500
v -0.00483800 0.07231300 -0.00123500
v -0.00483800 0.07231300 -0.00123500
v -0.00483800 0.07231300 -0.00123500
v -0.00483800 0.07231300 -0.00123500
v -0.00483800 0.07231300 -0.00123500
v -0.00515000 0.07158900 -0.00100000
v -0.00515000 0.07158900 -0.00100000
v -0.00515000 0.07158900 -0.00100000
v -0.00515000 0.07158900 -0.00100000
v -0.00515000 0.07158900 -0.00100000
v -0.00515000 0.07158900 0.00100000
v -0.00515000 0.07158900 0.00100000
v -0.00515000 0.07158900 0.00100000
v -0.00515000 0.07158900 0.00100000
v -0.00395000 0.07478600 0.00105100
v -0.00395000 0.07478600 0.00105100
v -0.00395000 0.07478600 0.00105100
v -0.00483800 0.07231300 0.00123500
v -0.00483800 0.07231300 0.00123500
v -0.00483800 0.07231300 0.00123500
v -0.00483800 0.07231300 0.00123500
v -0.00483800 0.07231300 0.00123500
v -0.00483800 0.07231300 0.00123500
v -0.00483800 0.07231300 0.00123500
v -0.00475900 0.07227900 0.00125000
v -0.00475900 0.07227900 0.00125000
v -0.00475900 0.07227900 0.00125000
v -0.00395000 0.07416500 0.00125000
v -0.00395000 0.07416500 0.00125000
v -0.00395000 0.07416500 0.00125000
v -0.00395000 0.07416500 0.00125000
v -0.00395000 0.07472700 0.00111600
v -0.00395000 0.07472700 0.00111600
v -0.00395000 0.07472700 0.00111600
v -0.00395000 0.07472700 0.00111600
v -0.00395000 0.07472700 0.00111600
v -0.00395000 0.07447100 0.00121900
v -0.00395000 0.07447100 0.00121900
v -0.00395000 0.07447100 0.00121900
v -0.00395000 0.07460000 0.00118200
v -0.00395000 0.07460000 0.00118200
v -0.00395000 0.07460000 0.00118200
v -0.00395000 0.07460000 0.00118200
v -0.00492100 0.07234800 0.00117700
v -0.00492100 0.07234800 0.00117700
v -0.00492100 0.07234800 0.00117700
v -0.00492100 0.07234800 0.00117700
v -0.00492100 0.07234800 0.00117700
v -0.00492100 0.07234800 0.00117700
v -0.00497400 0.07237100 0.00108700
v -0.00497400 0.07237100 0.00108700
v -0.00497400 0.07237100 0.00108700
v -0.00497400 0.07237100 0.00108700
v -0.00497400 0.07237100 0.00108700
v -0.00395000 0.05133500 -0.00125000
v -0.00395000 0.05133500 -0.00125000
v -0.00395000 0.05133500 -0.00125000
v -0.00395000 0.05133500 -0.00125000
v -0.00475900 0.05322100 -0.00125000
v -0.00475900 0.05322100 -0.00125000
v -0.00475900 0.05322100 -0.00125000
v -0.00486500 0.07194100 -0.00125000
v -0.00486500 0.07194100 -0.00125000
v -0.00486500 0.07194100 -0.00125000
v -0.00486500 0.07194100 -0.00125000
v -0.00490000 0.07158900 -0.00125000
v -0.00490000 0.07158900 -0.00125000
v -0.00490000 0.07158900 -0.00125000
v -0.00490000 0.05391000 -0.00125000
v -0.00490000 0.05391000 -0.00125000
v -0.00490000 0.05391000 -0.00125000
v -0.00486400 0.05355900 -0.00125000
v -0.00486400 0.05355900 -0.00125000
v -0.00486400 0.05355900 -0.00125000
v -0.00486400 0.05355900 -0.00125000
v -0.00499400 0.07158900 -0.00123200
v -0.00499400 0.07158900 -0.00123200
v -0.00499400 0.07158900 -0.00123200
v -0.00499400 0.07158900 -0.00123200
v -0.00499400 0.07158900 -0.00123200
v -0.00507600 0.07158900 -0.00117800
v -0.00507600 0.07158900 -0.00117800
v -0.00507600 0.07158900 -0.00117800
v -0.00507600 0.07158900 -0.00117800
v -0.00507600 0.07158900 -0.00117800
v -0.00513100 0.07158900 -0.00109600
v -0.00513100 0.07158900 -0.00109600
v -0.00513100 0.07158900 -0.00109600
v -0.00513100 0.07158900 -0.00109600
v -0.00513100 0.07158900 -0.00109600
v -0.00515000 0.05391000 0.00100000
v -0.00515000 0.05391000 0.00100000
v -0.00515000 0.05391000 0.00100000
v -0.00515000 0.05391000 0.00100000
v -0.00515000 0.05391000 -0.00100000
v -0.00515000 0.05391000 -0.00100000
v -0.00515000 0.05391000 -0.00100000
v -0.00515000 0.05391000 -0.00100000
v -0.00513100 0.07158900 0.00109600
v -0.00513100 0.07158900 0.00109600
v -0.00513100 0.07158900 0.00109600
v -0.00513100 0.07158900 0.00109600
v -0.00513100 0.07158900 0.00109600
v -0.00507700 0.07158900 0.00117700
v -0.00507700 0.07158900 0.00117700
v -0.00507700 0.07158900 0.00117700
v -0.00507700 0.07158900 0.00117700
v -0.00507700 0.07158900 0.00117700
v -0.00499600 0.07158900 0.00123100
v -0.00499600 0.07158900 0.00123100
v -0.00499600 0.07158900 0.00123100
v -0.00499600 0.07158900 0.00123100
v -0.00499600 0.07158900 0.00123100
v -0.00490000 0.07158900 0.00125000
v -0.00490000 0.07158900 0.00125000
v -0.00490000 0.07158900 0.00125000
v -0.00490000 0.07158900 0.00125000
v -0.00490000 0.05391000 0.00125000
v -0.00490000 0.05391000 0.00125000
v -0.00490000 0.05391000 0.00125000
v -0.00475900 0.05322100 0.00125000
v -0.00475900 0.05322100 0.00125000
v -0.00475900 0.05322100 0.00125000
v -0.00475900 0.05322100 0.00125000
v -0.00475900 0.05322100 0.00125000
v -0.00395000 0.05133500 0.00125000
v -0.00395000 0.05133500 0.00125000
v -0.00395000 0.05133500 0.00125000
v -0.00513100 0.05391000 -0.00109600
v -0.00513100 0.05391000 -0.00109600
v -0.00513100 0.05391000 -0.00109600
v -0.00513100 0.05391000 -0.00109600
v -0.00507700 0.05391000 -0.00117700
v -0.00507700 0.05391000 -0.00117700
v -0.00507700 0.05391000 -0.00117700
v -0.00507700 0.05391000 -0.00117700
v -0.00499600 0.05391000 -0.00123100
v -0.00499600 0.05391000 -0.00123100
v -0.00499600 0.05391000 -0.00123100
v -0.00499600 0.05391000 -0.00123100
v -0.00499600 0.05391000 -0.00123100
v -0.00484500 0.05318400 -0.00123200
v -0.00484500 0.05318400 -0.00123200
v -0.00484500 0.05318400 -0.00123200
v -0.00484500 0.05318400 -0.00123200
v -0.00484500 0.05318400 -0.00123200
v -0.00484500 0.05318400 -0.00123200
v -0.00492000 0.05315200 -0.00117800
v -0.00492000 0.05315200 -0.00117800
v -0.00492000 0.05315200 -0.00117800
v -0.00492000 0.05315200 -0.00117800
v -0.00492000 0.05315200 -0.00117800
v -0.00492000 0.05315200 -0.00117800
v -0.00497100 0.05313000 -0.00109600
v -0.00497100 0.05313000 -0.00109600
v -0.00497100 0.05313000 -0.00109600
v -0.00497100 0.05313000 -0.00109600
v -0.00497100 0.05313000 -0.00109600
v -0.00497100 0.05313000 -0.00109600
v -0.00498900 0.05312300 -0.00100000
v -0.00498900 0.05312300 -0.00100000
v -0.00498900 0.05312300 -0.00100000
v -0.00498900 0.05312300 -0.00100000
v -0.00498900 0.05312300 -0.00100000
v -0.00498900 0.05312300 -0.00100000
v -0.00395000 0.05090000 -0.00118200
v -0.00395000 0.05090000 -0.00118200
v -0.00395000 0.05090000 -0.00118200
v -0.00395000 0.05090000 -0.00118200
v -0.00395000 0.05077200 -0.00111600
v -0.00395000 0.05077200 -0.00111600
v -0.00395000 0.05077200 -0.00111600
v -0.00395000 0.05074100 -0.00108900
v -0.00395000 0.05074100 -0.00108900
v -0.00395000 0.05074100 -0.00108900
v -0.00395000 0.05074100 -0.00108900
v -0.00395000 0.05071400 -0.00105100
v -0.00395000 0.05071400 -0.00105100
v -0.00395000 0.05071400 -0.00105100
v -0.00395000 0.05070000 -0.00100000
v -0.00395000 0.05070000 -0.00100000
v -0.00395000 0.05070000 -0.00100000
v -0.00395000 0.05111900 -0.00123600
v -0.00395000 0.05111900 -0.00123600
v -0.00395000 0.05111900 -0.00123600
v -0.00395000 0.05111900 -0.00123600
v -0.00395000 0.05102900 -0.00121900
v -0.00395000 0.05102900 -0.00121900
v -0.00395000 0.05102900 -0.00121900
v -0.00498900 0.05312300 0.00100000
v -0.00498900 0.05312300 0.00100000
v -0.00498900 0.05312300 0.00100000
v -0.00498900 0.05312300 0.00100000
v -0.00498900 0.05312300 0.00100000
v -0.00513100 0.05391000 0.00109600
v -0.00513100 0.05391000 0.00109600
v -0.00513100 0.05391000 0.00109600
v -0.00513100 0.05391000 0.00109600
v -0.00513100 0.05391000 0.00109600
v -0.00507700 0.05391000 0.00117700
v -0.00507700 0.05391000 0.00117700
v -0.00507700 0.05391000 0.00117700
v -0.00507700 0.05391000 0.00117700
v -0.00507700 0.05391000 0.00117700
v -0.00507700 0.05391000 0.00117700
v -0.00499600 0.05391000 0.00123100
v -0.00499600 0.05391000 0.00123100
v -0.00499600 0.05391000 0.00123100
v -0.00499600 0.05391000 0.00123100
v -0.00499600 0.05391000 0.00123100
v -0.00487400 0.05317200 0.00121600
v -0.00487400 0.05317200 0.00121600
v -0.00487400 0.05317200 0.00121600
v -0.00487400 0.05317200 0.00121600
v -0.00487400 0.05317200 0.00121600
v -0.00492100 0.05315200 0.00117700
v -0.00492100 0.05315200 0.00117700
v -0.00492100 0.05315200 0.00117700
v -0.00492100 0.05315200 0.00117700
v -0.00492100 0.05315200 0.00117700
v -0.00495800 0.05313600 0.00112500
v -0.00495800 0.05313600 0.00112500
v -0.00495800 0.05313600 0.00112500
v -0.00495800 0.05313600 0.00112500
v -0.00495800 0.05313600 0.00112500
v -0.00495800 0.05313600 0.00112500
v -0.00497100 0.05313000 0.00109600
v -0.00497100 0.05313000 0.00109600
v -0.00497100 0.05313000 0.00109600
v -0.00497100 0.05313000 0.00109600
v -0.00497100 0.05313000 0.00109600
v -0.00395000 0.05113000 0.00123700
v -0.00395000 0.05113000 0.00123700
v -0.00395000 0.05113000 0.00123700
v -0.00395000 0.05113000 0.00123700
v -0.00395000 0.05113000 0.00123700
v -0.00395000 0.05087700 0.00117300
v -0.00395000 0.05087700 0.00117300
v -0.00395000 0.05087700 0.00117300
v -0.00395000 0.05087700 0.00117300
v -0.00395000 0.05074300 0.00109100
v -0.00395000 0.05074300 0.00109100
v -0.00395000 0.05074300 0.00109100
v -0.00395000 0.05074300 0.00109100
v -0.00395000 0.05070400 0.00102700
v -0.00395000 0.05070400 0.00102700
v -0.00395000 0.05070400 0.00102700
v -0.00395000 0.05070400 0.00102700
v -0.00395000 0.05070000 0.00100000
v -0.00395000 0.05070000 0.00100000
v -0.00395000 0.05070000 0.00100000
v -0.00498900 0.07237700 -0.00600000
v -0.00498900 0.07237700 -0.00600000
v -0.00498900 0.07237700 -0.00600000
v -0.00498900 0.07237700 -0.00600000
v -0.00498900 0.07237700 -0.00600000
v -0.00498900 0.07237700 -0.00400000
v -0.00498900 0.07237700 -0.00400000
v -0.00498900 0.07237700 -0.00400000
v -0.00498900 0.07237700 -0.00400000
v -0.00498900 0.07237700 -0.00400000
v -0.00498900 0.07237700 -0.00400000
v -0.00498900 0.07237700 -0.00400000
v -0.00395000 0.07480000 -0.00600000
v -0.00395000 0.07480000 -0.00600000
v -0.00395000 0.07480000 -0.00600000
v -0.00395000 0.07480000 -0.00400000
v -0.00395000 0.07480000 -0.00400000
v -0.00395000 0.07480000 -0.00400000
v -0.00395000 0.07479600 -0.00602700
v -0.00395000 0.07479600 -0.00602700
v -0.00395000 0.07479600 -0.00602700
v -0.00395000 0.07479600 -0.00602700
v -0.00497400 0.07237100 -0.00608700
v -0.00497400 0.07237100 -0.00608700
v -0.00497400 0.07237100 -0.00608700
v -0.00497400 0.07237100 -0.00608700
v -0.00497400 0.07237100 -0.00608700
v -0.00497400 0.07237100 -0.00608700
v -0.00395000 0.07437000 -0.00623700
v -0.00395000 0.07437000 -0.00623700
v -0.00395000 0.07437000 -0.00623700
v -0.00395000 0.07437000 -0.00623700
v -0.00395000 0.07416500 -0.00625000
v -0.00395000 0.07416500 -0.00625000
v -0.00395000 0.07416500 -0.00625000
v -0.00475900 0.07227900 -0.00625000
v -0.00475900 0.07227900 -0.00625000
v -0.00475900 0.07227900 -0.00625000
v -0.00475900 0.07227900 -0.00625000
v -0.00395000 0.07475700 -0.00609100
v -0.00395000 0.07475700 -0.00609100
v -0.00395000 0.07475700 -0.00609100
v -0.00395000 0.07462300 -0.00617300
v -0.00395000 0.07462300 -0.00617300
v -0.00395000 0.07462300 -0.00617300
v -0.00492100 0.07234800 -0.00617700
v -0.00492100 0.07234800 -0.00617700
v -0.00492100 0.07234800 -0.00617700
v -0.00492100 0.07234800 -0.00617700
v -0.00492100 0.07234800 -0.00617700
v -0.00483800 0.07231300 -0.00623500
v -0.00483800 0.07231300 -0.00623500
v -0.00483800 0.07231300 -0.00623500
v -0.00483800 0.07231300 -0.00623500
v -0.00483800 0.07231300 -0.00623500
v -0.00483800 0.07231300 -0.00623500
v -0.00515000 0.07158900 -0.00600000
v -0.00515000 0.07158900 -0.00600000
v -0.00515000 0.07158900 -0.00600000
v -0.00515000 0.07158900 -0.00600000
v -0.00515000 0.07158900 -0.00600000
v -0.00515000 0.07158900 -0.00400000
v -0.00515000 0.07158900 -0.00400000
v -0.00515000 0.07158900 -0.00400000
v -0.00515000 0.07158900 -0.00400000
v -0.00395000 0.07478600 -0.00394900
v -0.00395000 0.07478600 -0.00394900
v -0.00395000 0.07478600 -0.00394900
v -0.00483800 0.07231300 -0.00376500
v -0.00483800 0.07231300 -0.00376500
v -0.00483800 0.07231300 -0.00376500
v -0.00483800 0.07231300 -0.00376500
v -0.00483800 0.07231300 -0.00376500
v -0.00483800 0.07231300 -0.00376500
v -0.00483800 0.07231300 -0.00376500
v -0.00475900 0.07227900 -0.00375000
v -0.00475900 0.07227900 -0.00375000
v -0.00475900 0.07227900 -0.00375000
v -0.00395000 0.07416500 -0.00375000
v -0.00395000 0.07416500 -0.00375000
v -0.00395000 0.07416500 -0.00375000
v -0.00395000 0.07416500 -0.00375000
v -0.00395000 0.07472700 -0.00388400
v -0.00395000 0.07472700 -0.00388400
v -0.00395000 0.07472700 -0.00388400
v -0.00395000 0.07472700 -0.00388400
v -0.00395000 0.07472700 -0.00388400
v -0.00395000 0.07447100 -0.00378100
v -0.00395000 0.07447100 -0.00378100
v -0.00395000 0.07447100 -0.00378100
v -0.00395000 0.07460000 -0.00381800
v -0.00395000 0.07460000 -0.00381800
v -0.00395000 0.07460000 -0.00381800
v -0.00395000 0.07460000 -0.00381800
v -0.00492100 0.07234800 -0.00382300
v -0.00492100 0.07234800 -0.00382300
v -0.00492100 0.07234800 -0.00382300
v -0.00492100 0.07234800 -0.00382300
v -0.00492100 0.07234800 -0.00382300
v -0.00492100 0.07234800 -0.00382300
v -0.00497400 0.07237100 -0.00391300
v -0.00497400 0.07237100 -0.00391300
v -0.00497400 0.07237100 -0.00391300
v -0.00497400 0.07237100 -0.00391300
v -0.00497400 0.07237100 -0.00391300
v -0.00395000 0.05133500 -0.00625000
v -0.00395000 0.05133500 -0.00625000
v -0.00395000 0.05133500 -0.00625000
v -0.00395000 0.05133500 -0.00625000
v -0.00475900 0.05322100 -0.00625000
v -0.00475900 0.05322100 -0.00625000
v -0.00475900 0.05322100 -0.00625000
v -0.00486500 0.07194100 -0.00625000
v -0.00486500 0.07194100 -0.00625000
v -0.00486500 0.07194100 -0.00625000
v -0.00486500 0.07194100 -0.00625000
v -0.00490000 0.07158900 -0.00625000
v -0.00490000 0.07158900 -0.00625000
v -0.00490000 0.07158900 -0.00625000
v -0.00490000 0.05391000 -0.00625000
v -0.00490000 0.05391000 -0.00625000
v -0.00490000 0.05391000 -0.00625000
v -0.00486400 0.05355900 -0.00625000
v -0.00486400 0.05355900 -0.00625000
v -0.00486400 0.05355900 -0.00625000
v -0.00486400 0.05355900 -0.00625000
v -0.00499400 0.07158900 -0.00623200
v -0.00499400 0.07158900 -0.00623200
v -0.00499400 0.07158900 -0.00623200
v -0.00499400 0.07158900 -0.00623200
v -0.00499400 0.07158900 -0.00623200
v -0.00507600 0.07158900 -0.00617800
v -0.00507600 0.07158900 -0.00617800
v -0.00507600 0.07158900 -0.00617800
v -0.00507600 0.07158900 -0.00617800
v -0.00507600 0.07158900 -0.00617800
v -0.00513100 0.07158900 -0.00609600
v -0.00513100 0.07158900 -0.00609600
v -0.00513100 0.07158900 -0.00609600
v -0.00513100 0.07158900 -0.00609600
v -0.00513100 0.07158900 -0.00609600
v -0.00515000 0.05391000 -0.00400000
v -0.00515000 0.05391000 -0.00400000
v -0.00515000 0.05391000 -0.00400000
v -0.00515000 0.05391000 -0.00400000
v -0.00515000 0.05391000 -0.00600000
v -0.00515000 0.05391000 -0.00600000
v -0.00515000 0.05391000 -0.00600000
v -0.00515000 0.05391000 -0.00600000
v -0.00513100 0.07158900 -0.00390400
v -0.00513100 0.07158900 -0.00390400
v -0.00513100 0.07158900 -0.00390400
v -0.00513100 0.07158900 -0.00390400
v -0.00513100 0.07158900 -0.00390400
v -0.00507700 0.07158900 -0.00382300
v -0.00507700 0.07158900 -0.00382300
v -0.00507700 0.07158900 -0.00382300
v -0.00507700 0.07158900 -0.00382300
v -0.00507700 0.07158900 -0.00382300
v -0.00499600 0.07158900 -0.00376900
v -0.00499600 0.07158900 -0.00376900
v -0.00499600 0.07158900 -0.00376900
v -0.00499600 0.07158900 -0.00376900
v -0.00499600 0.07158900 -0.00376900
v -0.00490000 0.07158900 -0.00375000
v -0.00490000 0.07158900 -0.00375000
v -0.00490000 0.07158900 -0.00375000
v -0.00490000 0.07158900 -0.00375000
v -0.00490000 0.05391000 -0.00375000
v -0.00490000 0.05391000 -0.00375000
v -0.00490000 0.05391000 -0.00375000
v -0.00475900 0.05322100 -0.00375000
v -0.00475900 0.05322100 -0.00375000
v -0.00475900 0.05322100 -0.00375000
v -0.00475900 0.05322100 -0.00375000
v -0.00475900 0.05322100 -0.00375000
v -0.00395000 0.05133500 -0.00375000
v -0.00395000 0.05133500 -0.00375000
v -0.00395000 0.05133500 -0.00375000
v -0.00513100 0.05391000 -0.00609600
v -0.00513100 0.05391000 -0.00609600
v -0.00513100 0.05391000 -0.00609600
v -0.00513100 0.05391000 -0.00609600
v -0.00507700 0.05391000 -0.00617700
v -0.00507700 0.05391000 -0.00617700
v -0.00507700 0.05391000 -0.00617700
v -0.00507700 0.05391000 -0.00617700
v -0.00499600 0.05391000 -0.00623100
v -0.00499600 0.05391000 -0.00623100
v -0.00499600 0.05391000 -0.00623100
v -0.00499600 0.05391000 -0.00623100
v -0.00499600 0.05391000 -0.00623100
v -0.00484500 0.05318400 -0.00623200
v -0.00484500 0.05318400 -0.00623200
v -0.00484500 0.05318400 -0.00623200
v -0.00484500 0.05318400 -0.00623200
v -0.00484500 0.05318400 -0.00623200
v -0.00484500 0.05318400 -0.00623200
v -0.00492000 0.05315200 -0.00617800
v -0.00492000 0.05315200 -0.00617800
v -0.00492000 0.05315200 -0.00617800
v -0.00492000 0.05315200 -0.00617800
v -0.00492000 0.05315200 -0.00617800
v -0.00492000 0.05315200 -0.00617800
v -0.00497100 0.05313000 -0.00609600
v -0.00497100 0.05313000 -0.00609600
v -0.00497100 0.05313000 -0.00609600
v -0.00497100 0.05313000 -0.00609600
v -0.00497100 0.05313000 -0.00609600
v -0.00497100 0.05313000 -0.00609600
v -0.00498900 0.05312300 -0.00600000
v -0.00498900 0.05312300 -0.00600000
v -0.00498900 0.05312300 -0.00600000
v -0.00498900 0.05312300 -0.00600000
v -0.00498900 0.05312300 -0.00600000
v -0.00498900 0.05312300 -0.00600000
v -0.00395000 0.05090000 -0.00618200
v -0.00395000 0.05090000 -0.00618200
v -0.00395000 0.05090000 -0.00618200
v -0.00395000 0.05090000 -0.00618200
v -0.00395000 0.05077200 -0.00611600
v -0.00395000 0.05077200 -0.00611600
v -0.00395000 0.05077200 -0.00611600
v -0.00395000 0.05074100 -0.00608900
v -0.00395000 0.05074100 -0.00608900
v -0.00395000 0.05074100 -0.00608900
v -0.00395000 0.05074100 -0.00608900
v -0.00395000 0.05071400 -0.00605100
v -0.00395000 0.05071400 -0.00605100
v -0.00395000 0.05071400 -0.00605100
v -0.00395000 0.05070000 -0.00600000
v -0.00395000 0.05070000 -0.00600000
v -0.00395000 0.05070000 -0.00600000
v -0.00395000 0.05111900 -0.00623600
v -0.00395000 0.05111900 -0.00623600
v -0.00395000 0.05111900 -0.00623600
v -0.00395000 0.05111900 -0.00623600
v -0.00395000 0.05102900 -0.00621900
v -0.00395000 0.05102900 -0.00621900
v -0.00395000 0.05102900 -0.00621900
v -0.00498900 0.05312300 -0.00400000
v -0.00498900 0.05312300 -0.00400000
v -0.00498900 0.05312300 -0.00400000
v -0.00498900 0.05312300 -0.00400000
v -0.00498900 0.05312300 -0.00400000
v -0.00513100 0.05391000 -0.00390400
v -0.00513100 0.05391000 -0.00390400
v -0.00513100 0.05391000 -0.00390400
v -0.00513100 0.05391000 -0.00390400
v -0.00513100 0.05391000 -0.00390400
v -0.00507700 0.05391000 -0.00382300
v -0.00507700 0.05391000 -0.00382300
v -0.00507700 0.05391000 -0.00382300
v -0.00507700 0.05391000 -0.00382300
v -0.00507700 0.05391000 -0.00382300
v -0.00507700 0.05391000 -0.00382300
v -0.00499600 0.05391000 -0.00376900
v -0.00499600 0.05391000 -0.00376900
v -0.00499600 0.05391000 -0.00376900
v -0.00499600 0.05391000 -0.00376900
v -0.00499600 0.05391000 -0.00376900
v -0.00487400 0.05317200 -0.00378400
v -0.00487400 0.05317200 -0.00378400
v -0.00487400 0.05317200 -0.00378400
v -0.00487400 0.05317200 -0.00378400
v -0.00487400 0.05317200 -0.00378400
v -0.00492100 0.05315200 -0.00382300
v -0.00492100 0.05315200 -0.00382300
v -0.00492100 0.05315200 -0.00382300
v -0.00492100 0.05315200 -0.00382300
v -0.00492100 0.05315200 -0.00382300
v -0.00495800 0.05313600 -0.00387500
v -0.00495800 0.05313600 -0.00387500
v -0.00495800 0.05313600 -0.00387500
v -0.00495800 0.05313600 -0.00387500
v -0.00495800 0.05313600 -0.00387500
v -0.00495800 0.05313600 -0.00387500
v -0.00497100 0.05313000 -0.00390400
v -0.00497100 0.05313000 -0.00390400
v -0.00497100 0.05313000 -0.00390400
v -0.00497100 0.05313000 -0.00390400
v -0.00497100 0.05313000 -0.00390400
v -0.00395000 0.05113000 -0.00376300
v -0.00395000 0.05113000 -0.00376300
v -0.00395000 0.05113000 -0.00376300
v -0.00395000 0.05113000 -0.00376300
v -0.00395000 0.05113000 -0.00376300
v -0.00395000 0.05087700 -0.00382700
v -0.00395000 0.05087700 -0.00382700
v -0.00395000 0.05087700 -0.00382700
v -0.00395000 0.05087700 -0.00382700
v -0.00395000 0.05074300 -0.00390900
v -0.00395000 0.05074300 -0.00390900
v -0.00395000 0.05074300 -0.00390900
v -0.00395000 0.05074300 -0.00390900
v -0.00395000 0.05070400 -0.00397300
v -0.00395000 0.05070400 -0.00397300
v -0.00395000 0.05070400 -0.00397300
v -0.00395000 0.05070400 -0.00397300
v -0.00395000 0.05070000 -0.00400000
v -0.00395000 0.05070000 -0.00400000
v -0.00395000 0.05070000 -0.00400000
v -0.00498900 0.07237700 -0.01100000
v -0.00498900 0.07237700 -0.01100000
v -0.00498900 0.07237700 -0.01100000
v -0.00498900 0.07237700 -0.01100000
v -0.00498900 0.07237700 -0.01100000
v -0.00498900 0.07237700 -0.00900000
v -0.00498900 0.07237700 -0.00900000
v -0.00498900 0.07237700 -0.00900000
v -0.00498900 0.07237700 -0.00900000
v -0.00498900 0.07237700 -0.00900000
v -0.00498900 0.07237700 -0.00900000
v -0.00498900 0.07237700 -0.00900000
v -0.00395000 0.07480000 -0.01100000
v -0.00395000 0.07480000 -0.01100000
v -0.00395000 0.07480000 -0.01100000
v -0.00395000 0.07480000 -0.00900000
v -0.00395000 0.07480000 -0.00900000
v -0.00395000 0.07480000 -0.00900000
v -0.00395000 0.07479600 -0.01102700
v -0.00395000 0.07479600 -0.01102700
v -0.00395000 0.07479600 -0.01102700
v -0.00395000 0.07479600 -0.01102700
v -0.00497400 0.07237100 -0.01108700
v -0.00497400 0.07237100 -0.01108700
v -0.00497400 0.07237100 -0.01108700
v -0.00497400 0.07237100 -0.01108700
v -0.00497400 0.07237100 -0.01108700
v -0.00497400 0.07237100 -0.01108700
v -0.00395000 0.07437000 -0.01123700
v -0.00395000 0.07437000 -0.01123700
v -0.00395000 0.07437000 -0.01123700
v -0.00395000 0.07437000 -0.01123700
v -0.00395000 0.07416500 -0.01125000
v -0.00395000 0.07416500 -0.01125000
v -0.00395000 0.07416500 -0.01125000
v -0.00475900 0.07227900 -0.01125000
v -0.00475900 0.07227900 -0.01125000
v -0.00475900 0.07227900 -0.01125000
v -0.00475900 0.07227900 -0.01125000
v -0.00395000 0.07475700 -0.01109100
v -0.00395000 0.07475700 -0.01109100
v -0.00395000 0.07475700 -0.01109100
v -0.00395000 0.07462300 -0.01117300
v -0.00395000 0.07462300 -0.01117300
v -0.00395000 0.07462300 -0.01117300
v -0.00492100 0.07234800 -0.01117700
v -0.00492100 0.07234800 -0.01117700
v -0.00492100 0.07234800 -0.01117700
v -0.00492100 0.07234800 -0.01117700
v -0.00492100 0.07234800 -0.01117700
v -0.00483800 0.07231300 -0.01123500
v -0.00483800 0.07231300 -0.01123500
v -0.00483800 0.07231300 -0.01123500
v -0.00483800 0.07231300 -0.01123500
v -0.00483800 0.07231300 -0.01123500
v -0.00483800 0.07231300 -0.01123500
v -0.00515000 0.07158900 -0.01100000
v -0.00515000 0.07158900 -0.01100000
v -0.00515000 0.07158900 -0.01100000
v -0.00515000 0.07158900 -0.01100000
v -0.00515000 0.07158900 -0.01100000
v -0.00515000 0.07158900 -0.00900000
v -0.00515000 0.07158900 -0.00900000
v -0.00515000 0.07158900 -0.00900000
v -0.00515000 0.07158900 -0.00900000
v -0.00395000 0.07478600 -0.00894900
v -0.00395000 0.07478600 -0.00894900
v -0.00395000 0.07478600 -0.00894900
v -0.00483800 0.07231300 -0.00876500
v -0.00483800 0.07231300 -0.00876500
v -0.00483800 0.07231300 -0.00876500
v -0.00483800 0.07231300 -0.00876500
v -0.00483800 0.07231300 -0.00876500
v -0.00483800 0.07231300 -0.00876500
v -0.00483800 0.07231300 -0.00876500
v -0.00475900 0.07227900 -0.00875000
v -0.00475900 0.07227900 -0.00875000
v -0.00475900 0.07227900 -0.00875000
v -0.00395000 0.07416500 -0.00875000
v -0.00395000 0.07416500 -0.00875000
v -0.00395000 0.07416500 -0.00875000
v -0.00395000 0.07416500 -0.00875000
v -0.00395000 0.07472700 -0.00888400
v -0.00395000 0.07472700 -0.00888400
v -0.00395000 0.07472700 -0.00888400
v -0.00395000 0.07472700 -0.00888400
v -0.00395000 0.07472700 -0.00888400
v -0.00395000 0.07447100 -0.00878100
v -0.00395000 0.07447100 -0.00878100
v -0.00395000 0.07447100 -0.00878100
v -0.00395000 0.07460000 -0.00881800
v -0.00395000 0.07460000 -0.00881800
v -0.00395000 0.07460000 -0.00881800
v -0.00395000 0.07460000 -0.00881800
v -0.00492100 0.07234800 -0.00882300
v -0.00492100 0.07234800 -0.00882300
v -0.00492100 0.07234800 -0.00882300
v -0.00492100 0.07234800 -0.00882300
v -0.00492100 0.07234800 -0.00882300
v -0.00492100 0.07234800 -0.00882300
v -0.00497400 0.07237100 -0.00891300
v -0.00497400 0.07237100 -0.00891300
v -0.00497400 0.07237100 -0.00891300
v -0.00497400 0.07237100 -0.00891300
v -0.00497400 0.07237100 -0.00891300
v -0.00395000 0.05133500 -0.01125000
v -0.00395000 0.05133500 -0.01125000
v -0.00395000 0.05133500 -0.01125000
v -0.00395000 0.05133500 -0.01125000
v -0.00475900 0.05322100 -0.01125000
v -0.00475900 0.05322100 -0.01125000
v -0.00475900 0.05322100 -0.01125000
v -0.00486500 0.07194100 -0.01125000
v -0.00486500 0.07194100 -0.01125000
v -0.00486500 0.07194100 -0.01125000
v -0.00486500 0.07194100 -0.01125000
v -0.00490000 0.07158900 -0.01125000
v -0.00490000 0.07158900 -0.01125000
v -0.00490000 0.07158900 -0.01125000
v -0.00490000 0.05391000 -0.01125000
v -0.00490000 0.05391000 -0.01125000
v -0.00490000 0.05391000 -0.01125000
v -0.00486400 0.05355900 -0.01125000
v -0.00486400 0.05355900 -0.01125000
v -0.00486400 0.05355900 -0.01125000
v -0.00486400 0.05355900 -0.01125000
v -0.00499400 0.07158900 -0.01123200
v -0.00499400 0.07158900 -0.01123200
v -0.00499400 0.07158900 -0.01123200
v -0.00499400 0.07158900 -0.01123200
v -0.00499400 0.07158900 -0.01123200
v -0.00507600 0.07158900 -0.01117800
v -0.00507600 0.07158900 -0.01117800
v -0.00507600 0.07158900 -0.01117800
v -0.00507600 0.07158900 -0.01117800
v -0.00507600 0.07158900 -0.01117800
v -0.00513100 0.07158900 -0.01109600
v -0.00513100 0.07158900 -0.01109600
v -0.00513100 0.07158900 -0.01109600
v -0.00513100 0.07158900 -0.01109600
v -0.00513100 0.07158900 -0.01109600
v -0.00515000 0.05391000 -0.00900000
v -0.00515000 0.05391000 -0.00900000
v -0.00515000 0.05391000 -0.00900000
v -0.00515000 0.05391000 -0.00900000
v -0.00515000 0.05391000 -0.01100000
v -0.00515000 0.05391000 -0.01100000
v -0.00515000 0.05391000 -0.01100000
v -0.00515000 0.05391000 -0.01100000
v -0.00513100 0.07158900 -0.00890400
v -0.00513100 0.07158900 -0.00890400
v -0.00513100 0.07158900 -0.00890400
v -0.00513100 0.07158900 -0.00890400
v -0.00513100 0.07158900 -0.00890400
v -0.00507700 0.07158900 -0.00882300
v -0.00507700 0.07158900 -0.00882300
v -0.00507700 0.07158900 -0.00882300
v -0.00507700 0.07158900 -0.00882300
v -0.00507700 0.07158900 -0.00882300
v -0.00499600 0.07158900 -0.00876900
v -0.00499600 0.07158900 -0.00876900
v -0.00499600 0.07158900 -0.00876900
v -0.00499600 0.07158900 -0.00876900
v -0.00499600 0.07158900 -0.00876900
v -0.00490000 0.07158900 -0.00875000
v -0.00490000 0.07158900 -0.00875000
v -0.00490000 0.07158900 -0.00875000
v -0.00490000 0.07158900 -0.00875000
v -0.00490000 0.05391000 -0.00875000
v -0.00490000 0.05391000 -0.00875000
v -0.00490000 0.05391000 -0.00875000
v -0.00475900 0.05322100 -0.00875000
v -0.00475900 0.05322100 -0.00875000
v -0.00475900 0.05322100 -0.00875000
v -0.00475900 0.05322100 -0.00875000
v -0.00475900 0.05322100 -0.00875000
v -0.00395000 0.05133500 -0.00875000
v -0.00395000 0.05133500 -0.00875000
v -0.00395000 0.05133500 -0.00875000
v -0.00513100 0.05391000 -0.01109600
v -0.00513100 0.05391000 -0.01109600
v -0.00513100 0.05391000 -0.01109600
v -0.00513100 0.05391000 -0.01109600
v -0.00507700 0.05391000 -0.01117700
v -0.00507700 0.05391000 -0.01117700
v -0.00507700 0.05391000 -0.01117700
v -0.00507700 0.05391000 -0.01117700
v -0.00499600 0.05391000 -0.01123100
v -0.00499600 0.05391000 -0.01123100
v -0.00499600 0.05391000 -0.01123100
v -0.00499600 0.05391000 -0.01123100
v -0.00499600 0.05391000 -0.01123100
v -0.00484500 0.05318400 -0.01123200
v -0.00484500 0.05318400 -0.01123200
v -0.00484500 0.05318400 -0.01123200
v -0.00484500 0.05318400 -0.01123200
v -0.00484500 0.05318400 -0.01123200
v -0.00484500 0.05318400 -0.01123200
v -0.00492000 0.05315200 -0.01117800
v -0.00492000 0.05315200 -0.01117800
v -0.00492000 0.05315200 -0.01117800
v -0.00492000 0.05315200 -0.01117800
v -0.00492000 0.05315200 -0.01117800
v -0.00492000 0.05315200 -0.01117800
v -0.00497100 0.05313000 -0.01109600
v -0.00497100 0.05313000 -0.01109600
v -0.00497100 0.05313000 -0.01109600
v -0.00497100 0.05313000 -0.01109600
v -0.00497100 0.05313000 -0.01109600
v -0.00497100 0.05313000 -0.01109600
v -0.00498900 0.05312300 -0.01100000
v -0.00498900 0.05312300 -0.01100000
v -0.00498900 0.05312300 -0.01100000
v -0.00498900 0.05312300 -0.01100000
v -0.00498900 0.05312300 -0.01100000
v -0.00498900 0.05312300 -0.01100000
v -0.00395000 0.05090000 -0.01118200
v -0.00395000 0.05090000 -0.01118200
v -0.00395000 0.05090000 -0.01118200
v -0.00395000 0.05090000 -0.01118200
v -0.00395000 0.05077200 -0.01111600
v -0.00395000 0.05077200 -0.01111600
v -0.00395000 0.05077200 -0.01111600
v -0.00395000 0.05074100 -0.01108900
v -0.00395000 0.05074100 -0.01108900
v -0.00395000 0.05074100 -0.01108900
v -0.00395000 0.05074100 -0.01108900
v -0.00395000 0.05071400 -0.01105100
v -0.00395000 0.05071400 -0.01105100
v -0.00395000 0.05071400 -0.01105100
v -0.00395000 0.05070000 -0.01100000
v -0.00395000 0.05070000 -0.01100000
v -0.00395000 0.05070000 -0.01100000
v -0.00395000 0.05111900 -0.01123600
v -0.00395000 0.05111900 -0.01123600
v -0.00395000 0.05111900 -0.01123600
v -0.00395000 0.05111900 -0.01123600
v -0.00395000 0.05102900 -0.01121900
v -0.00395000 0.05102900 -0.01121900
v -0.00395000 0.05102900 -0.01121900
v -0.00498900 0.05312300 -0.00900000
v -0.00498900 0.05312300 -0.00900000
v -0.00498900 0.05312300 -0.00900000
v -0.00498900 0.05312300 -0.00900000
v -0.00498900 0.05312300 -0.00900000
v -0.00513100 0.05391000 -0.00890400
v -0.00513100 0.05391000 -0.00890400
v -0.00513100 0.05391000 -0.00890400
v -0.00513100 0.05391000 -0.00890400
v -0.00513100 0.05391000 -0.00890400
v -0.00507700 0.05391000 -0.00882300
v -0.00507700 0.05391000 -0.00882300
v -0.00507700 0.05391000 -0.00882300
v -0.00507700 0.05391000 -0.00882300
v -0.00507700 0.05391000 -0.00882300
v -0.00507700 0.05391000 -0.00882300
v -0.00499600 0.05391000 -0.00876900
v -0.00499600 0.05391000 -0.00876900
v -0.00499600 0.05391000 -0.00876900
v -0.00499600 0.05391000 -0.00876900
v -0.00499600 0.05391000 -0.00876900
v -0.00487400 0.05317200 -0.00878400
v -0.00487400 0.05317200 -0.00878400
v -0.00487400 0.05317200 -0.00878400
v -0.00487400 0.05317200 -0.00878400
v -0.00487400 0.05317200 -0.00878400
v -0.00492100 0.05315200 -0.00882300
v -0.00492100 0.05315200 -0.00882300
v -0.00492100 0.05315200 -0.00882300
v -0.00492100 0.05315200 -0.00882300
v -0.00492100 0.05315200 -0.00882300
v -0.00495800 0.05313600 -0.00887500
v -0.00495800 0.05313600 -0.00887500
v -0.00495800 0.05313600 -0.00887500
v -0.00495800 0.05313600 -0.00887500
v -0.00495800 0.05313600 -0.00887500
v -0.00495800 0.05313600 -0.00887500
v -0.00497100 0.05313000 -0.00890400
v -0.00497100 0.05313000 -0.00890400
v -0.00497100 0.05313000 -0.00890400
v -0.00497100 0.05313000 -0.00890400
v -0.00497100 0.05313000 -0.00890400
v -0.00395000 0.05113000 -0.00876300
v -0.00395000 0.05113000 -0.00876300
v -0.00395000 0.05113000 -0.00876300
v -0.00395000 0.05113000 -0.00876300
v -0.00395000 0.05113000 -0.00876300
v -0.00395000 0.05087700 -0.00882700
v -0.00395000 0.05087700 -0.00882700
v -0.00395000 0.05087700 -0.00882700
v -0.00395000 0.05087700 -0.00882700
v -0.00395000 0.05074300 -0.00890900
v -0.00395000 0.05074300 -0.00890900
v -0.00395000 0.05074300 -0.00890900
v -0.00395000 0.05074300 -0.00890900
v -0.00395000 0.05070400 -0.00897300
v -0.00395000 0.05070400 -0.00897300
v -0.00395000 0.05070400 -0.00897300
v -0.00395000 0.05070400 -0.00897300
v -0.00395000 0.05070000 -0.00900000
v -0.00395000 0.05070000 -0.00900000
v -0.00395000 0.05070000 -0.00900000
v -0.00395000 0.07429200 -0.01575000
v -0.00395000 0.07429200 -0.01575000
v -0.00395000 0.07429200 -0.01575000
v -0.00395000 0.07429200 -0.01575000
v -0.00480500 0.07229900 -0.01575000
v -0.00480500 0.07229900 -0.01575000
v -0.00480500 0.07229900 -0.01575000
v -0.00486800 0.07232600 -0.01573800
v -0.00486800 0.07232600 -0.01573800
v -0.00486800 0.07232600 -0.01573800
v -0.00486800 0.07232600 -0.01573800
v -0.00486800 0.07232600 -0.01573800
v -0.00486800 0.07232600 -0.01573800
v -0.00486800 0.07232600 -0.01573800
v -0.00395000 0.07454500 -0.01572400
v -0.00395000 0.07454500 -0.01572400
v -0.00395000 0.07454500 -0.01572400
v -0.00395000 0.07454500 -0.01572400
v -0.00493500 0.07235400 -0.01569100
v -0.00493500 0.07235400 -0.01569100
v -0.00493500 0.07235400 -0.01569100
v -0.00493500 0.07235400 -0.01569100
v -0.00493500 0.07235400 -0.01569100
v -0.00493500 0.07235400 -0.01569100
v -0.00395000 0.07464000 -0.01569600
v -0.00395000 0.07464000 -0.01569600
v -0.00395000 0.07464000 -0.01569600
v -0.00395000 0.07464000 -0.01569600
v -0.00497700 0.07237200 -0.01561900
v -0.00497700 0.07237200 -0.01561900
v -0.00497700 0.07237200 -0.01561900
v -0.00497700 0.07237200 -0.01561900
v -0.00497700 0.07237200 -0.01561900
v -0.00497700 0.07237200 -0.01561900
v -0.00497700 0.07237200 -0.01561900
v -0.00395000 0.07474400 -0.01564100
v -0.00395000 0.07474400 -0.01564100
v -0.00395000 0.07474400 -0.01564100
v -0.00395000 0.07479000 -0.01558900
v -0.00395000 0.07479000 -0.01558900
v -0.00395000 0.07479000 -0.01558900
v -0.00395000 0.07479000 -0.01558900
v -0.00498900 0.07237700 -0.01555000
v -0.00498900 0.07237700 -0.01555000
v -0.00498900 0.07237700 -0.01555000
v -0.00498900 0.07237700 -0.01555000
v -0.00498900 0.07237700 -0.01555000
v -0.00395000 0.07480000 -0.01555000
v -0.00395000 0.07480000 -0.01555000
v -0.00395000 0.07480000 -0.01555000
v -0.00480500 0.05320100 -0.01575000
v -0.00480500 0.05320100 -0.01575000
v -0.00480500 0.05320100 -0.01575000
v -0.00491300 0.05354900 -0.01575000
v -0.00491300 0.05354900 -0.01575000
v -0.00491300 0.05354900 -0.01575000
v -0.00491300 0.05354900 -0.01575000
v -0.00495000 0.05391000 -0.01575000
v -0.00495000 0.05391000 -0.01575000
v -0.00495000 0.05391000 -0.01575000
v -0.00491400 0.07195100 -0.01575000
v -0.00491400 0.07195100 -0.01575000
v -0.00491400 0.07195100 -0.01575000
v -0.00491400 0.07195100 -0.01575000
v -0.00495000 0.07158900 -0.01575000
v -0.00495000 0.07158900 -0.01575000
v -0.00495000 0.07158900 -0.01575000
v -0.00395000 0.05120800 -0.01575000
v -0.00395000 0.05120800 -0.01575000
v -0.00395000 0.05120800 -0.01575000
v -0.00502600 0.07158900 -0.01573500
v -0.00502600 0.07158900 -0.01573500
v -0.00502600 0.07158900 -0.01573500
v -0.00502600 0.07158900 -0.01573500
v -0.00502600 0.07158900 -0.01573500
v -0.00509100 0.07158900 -0.01569200
v -0.00509100 0.07158900 -0.01569200
v -0.00509100 0.07158900 -0.01569200
v -0.00509100 0.07158900 -0.01569200
v -0.00509100 0.07158900 -0.01569200
v -0.00513500 0.07158900 -0.01562700
v -0.00513500 0.07158900 -0.01562700
v -0.00513500 0.07158900 -0.01562700
v -0.00513500 0.07158900 -0.01562700
v -0.00513500 0.07158900 -0.01562700
v -0.00515000 0.07158900 -0.01555000
v -0.00515000 0.07158900 -0.01555000
v -0.00515000 0.07158900 -0.01555000
v -0.00515000 0.07158900 -0.01555000
v -0.00515000 0.07158900 -0.01555000
v -0.00395000 0.07480000 -0.01400000
v -0.00395000 0.07480000 -0.01400000
v -0.00395000 0.07480000 -0.01400000
v -0.00498900 0.07237700 -0.01400000
v -0.00498900 0.07237700 -0.01400000
v -0.00498900 0.07237700 -0.01400000
v -0.00498900 0.07237700 -0.01400000
v -0.00498900 0.07237700 -0.01400000
v -0.00498900 0.07237700 -0.01400000
v -0.00498900 0.07237700 -0.01400000
v -0.00513600 0.05391000 -0.01562500
v -0.00513600 0.05391000 -0.01562500
v -0.00513600 0.05391000 -0.01562500
v -0.00513600 0.05391000 -0.01562500
v -0.00513600 0.05391000 -0.01562500
v -0.00515000 0.05391000 -0.01555000
v -0.00515000 0.05391000 -0.01555000
v -0.00515000 0.05391000 -0.01555000
v -0.00515000 0.05391000 -0.01555000
v -0.00509200 0.05391000 -0.01569100
v -0.00509200 0.05391000 -0.01569100
v -0.00509200 0.05391000 -0.01569100
v -0.00509200 0.05391000 -0.01569100
v -0.00509200 0.05391000 -0.01569100
v -0.00509200 0.05391000 -0.01569100
v -0.00502700 0.05391000 -0.01573500
v -0.00502700 0.05391000 -0.01573500
v -0.00502700 0.05391000 -0.01573500
v -0.00502700 0.05391000 -0.01573500
v -0.00502700 0.05391000 -0.01573500
v -0.00502700 0.05391000 -0.01573500
v -0.00498800 0.05312300 -0.01555000
v -0.00498800 0.05312300 -0.01555000
v -0.00498800 0.05312300 -0.01555000
v -0.00498800 0.05312300 -0.01555000
v -0.00498800 0.05312300 -0.01555000
v -0.00498800 0.05312300 -0.01555000
v -0.00497400 0.05312900 -0.01562700
v -0.00497400 0.05312900 -0.01562700
v -0.00497400 0.05312900 -0.01562700
v -0.00497400 0.05312900 -0.01562700
v -0.00496400 0.05313300 -0.01565000
v -0.00496400 0.05313300 -0.01565000
v -0.00496400 0.05313300 -0.01565000
v -0.00496400 0.05313300 -0.01565000
v -0.00496400 0.05313300 -0.01565000
v -0.00496400 0.05313300 -0.01565000
v -0.00493400 0.05314600 -0.01569200
v -0.00493400 0.05314600 -0.01569200
v -0.00493400 0.05314600 -0.01569200
v -0.00493400 0.05314600 -0.01569200
v -0.00489700 0.05316200 -0.01572300
v -0.00489700 0.05316200 -0.01572300
v -0.00489700 0.05316200 -0.01572300
v -0.00489700 0.05316200 -0.01572300
v -0.00489700 0.05316200 -0.01572300
v -0.00489700 0.05316200 -0.01572300
v -0.00487400 0.05317200 -0.01573500
v -0.00487400 0.05317200 -0.01573500
v -0.00487400 0.05317200 -0.01573500
v -0.00487400 0.05317200 -0.01573500
v -0.00487400 0.05317200 -0.01573500
v -0.00395000 0.05071200 -0.01559300
v -0.00395000 0.05071200 -0.01559300
v -0.00395000 0.05071200 -0.01559300
v -0.00395000 0.05070000 -0.01555000
v -0.00395000 0.05070000 -0.01555000
v -0.00395000 0.05070000 -0.01555000
v -0.00395000 0.05075800 -0.01564300
v -0.00395000 0.05075800 -0.01564300
v -0.00395000 0.05075800 -0.01564300
v -0.00395000 0.05075800 -0.01564300
v -0.00395000 0.05075800 -0.01564300
v -0.00395000 0.05090100 -0.01570900
v -0.00395000 0.05090100 -0.01570900
v -0.00395000 0.05090100 -0.01570900
v -0.00395000 0.05090100 -0.01570900
v -0.00395000 0.05090100 -0.01570900
v -0.00395000 0.05102400 -0.01573600
v -0.00395000 0.05102400 -0.01573600
v -0.00395000 0.05102400 -0.01573600
v -0.00395000 0.05102400 -0.01573600
v -0.00515000 0.07158900 -0.01400000
v -0.00515000 0.07158900 -0.01400000
v -0.00515000 0.07158900 -0.01400000
v -0.00515000 0.07158900 -0.01400000
v -0.00395000 0.07478600 -0.01394900
v -0.00395000 0.07478600 -0.01394900
v -0.00395000 0.07478600 -0.01394900
v -0.00483800 0.07231300 -0.01376500
v -0.00483800 0.07231300 -0.01376500
v -0.00483800 0.07231300 -0.01376500
v -0.00483800 0.07231300 -0.01376500
v -0.00483800 0.07231300 -0.01376500
v -0.00483800 0.07231300 -0.01376500
v -0.00483800 0.07231300 -0.01376500
v -0.00475900 0.07227900 -0.01375000
v -0.00475900 0.07227900 -0.01375000
v -0.00475900 0.07227900 -0.01375000
v -0.00395000 0.07416500 -0.01375000
v -0.00395000 0.07416500 -0.01375000
v -0.00395000 0.07416500 -0.01375000
v -0.00395000 0.07416500 -0.01375000
v -0.00395000 0.07472700 -0.01388400
v -0.00395000 0.07472700 -0.01388400
v -0.00395000 0.07472700 -0.01388400
v -0.00395000 0.07472700 -0.01388400
v -0.00395000 0.07472700 -0.01388400
v -0.00395000 0.07447100 -0.01378100
v -0.00395000 0.07447100 -0.01378100
v -0.00395000 0.07447100 -0.01378100
v -0.00395000 0.07460000 -0.01381800
v -0.00395000 0.07460000 -0.01381800
v -0.00395000 0.07460000 -0.01381800
v -0.00395000 0.07460000 -0.01381800
v -0.00492100 0.07234800 -0.01382300
v -0.00492100 0.07234800 -0.01382300
v -0.00492100 0.07234800 -0.01382300
v -0.00492100 0.07234800 -0.01382300
v -0.00492100 0.07234800 -0.01382300
v -0.00492100 0.07234800 -0.01382300
v -0.00497400 0.07237100 -0.01391300
v -0.00497400 0.07237100 -0.01391300
v -0.00497400 0.07237100 -0.01391300
v -0.00497400 0.07237100 -0.01391300
v -0.00497400 0.07237100 -0.01391300
v -0.00515000 0.05391000 -0.01400000
v -0.00515000 0.05391000 -0.01400000
v -0.00515000 0.05391000 -0.01400000
v -0.00515000 0.05391000 -0.01400000
v -0.00498800 0.05312300 -0.01400000
v -0.00498800 0.05312300 -0.01400000
v -0.00498800 0.05312300 -0.01400000
v -0.00498800 0.05312300 -0.01400000
v -0.00498800 0.05312300 -0.01400000
v -0.00395000 0.05070000 -0.01400000
v -0.00395000 0.05070000 -0.01400000
v -0.00395000 0.05070000 -0.01400000
v -0.00513100 0.07158900 -0.01390400
v -0.00513100 0.07158900 -0.01390400
v -0.00513100 0.07158900 -0.01390400
v -0.00513100 0.07158900 -0.01390400
v -0.00513100 0.07158900 -0.01390400
v -0.00507700 0.07158900 -0.01382300
v -0.00507700 0.07158900 -0.01382300
v -0.00507700 0.07158900 -0.01382300
v -0.00507700 0.07158900 -0.01382300
v -0.00507700 0.07158900 -0.01382300
v -0.00499600 0.07158900 -0.01376900
v -0.00499600 0.07158900 -0.01376900
v -0.00499600 0.07158900 -0.01376900
v -0.00499600 0.07158900 -0.01376900
v -0.00499600 0.07158900 -0.01376900
v -0.00490000 0.07158900 -0.01375000
v -0.00490000 0.07158900 -0.01375000
v -0.00490000 0.07158900 -0.01375000
v -0.00490000 0.07158900 -0.01375000
v -0.00475900 0.05322100 -0.01375000
v -0.00475900 0.05322100 -0.01375000
v -0.00475900 0.05322100 -0.01375000
v -0.00475900 0.05322100 -0.01375000
v -0.00475900 0.05322100 -0.01375000
v -0.00395000 0.05133500 -0.01375000
v -0.00395000 0.05133500 -0.01375000
v -0.00395000 0.05133500 -0.01375000
v -0.00490000 0.05391000 -0.01375000
v -0.00490000 0.05391000 -0.01375000
v -0.00490000 0.05391000 -0.01375000
v -0.00513100 0.05391000 -0.01390400
v -0.00513100 0.05391000 -0.01390400
v -0.00513100 0.05391000 -0.01390400
v -0.00513100 0.05391000 -0.01390400
v -0.00513100 0.05391000 -0.01390400
v -0.00507700 0.05391000 -0.01382300
v -0.00507700 0.05391000 -0.01382300
v -0.00507700 0.05391000 -0.01382300
v -0.00507700 0.05391000 -0.01382300
v -0.00507700 0.05391000 -0.01382300
v -0.00507700 0.05391000 -0.01382300
v -0.00499600 0.05391000 -0.01376900
v -0.00499600 0.05391000 -0.01376900
v -0.00499600 0.05391000 -0.01376900
v -0.00499600 0.05391000 -0.01376900
v -0.00499600 0.05391000 -0.01376900
v -0.00487400 0.05317200 -0.01378400
v -0.00487400 0.05317200 -0.01378400
v -0.00487400 0.05317200 -0.01378400
v -0.00487400 0.05317200 -0.01378400
v -0.00487400 0.05317200 -0.01378400
v -0.00492100 0.05315200 -0.01382300
v -0.00492100 0.05315200 -0.01382300
v -0.00492100 0.05315200 -0.01382300
v -0.00492100 0.05315200 -0.01382300
v -0.00492100 0.05315200 -0.01382300
v -0.00495800 0.05313600 -0.01387500
v -0.00495800 0.05313600 -0.01387500
v -0.00495800 0.05313600 -0.01387500
v -0.00495800 0.05313600 -0.01387500
v -0.00495800 0.05313600 -0.01387500
v -0.00495800 0.05313600 -0.01387500
v -0.00497100 0.05313000 -0.01390400
v -0.00497100 0.05313000 -0.01390400
v -0.00497100 0.05313000 -0.01390400
v -0.00497100 0.05313000 -0.01390400
v -0.00497100 0.05313000 -0.01390400
v -0.00395000 0.05113000 -0.01376300
v -0.00395000 0.05113000 -0.01376300
v -0.00395000 0.05113000 -0.01376300
v -0.00395000 0.05113000 -0.01376300
v -0.00395000 0.05113000 -0.01376300
v -0.00395000 0.05087700 -0.01382700
v -0.00395000 0.05087700 -0.01382700
v -0.00395000 0.05087700 -0.01382700
v -0.00395000 0.05087700 -0.01382700
v -0.00395000 0.05074300 -0.01390900
v -0.00395000 0.05074300 -0.01390900
v -0.00395000 0.05074300 -0.01390900
v -0.00395000 0.05074300 -0.01390900
v -0.00395000 0.05070400 -0.01397300
v -0.00395000 0.05070400 -0.01397300
v -0.00395000 0.05070400 -0.01397300
v -0.00395000 0.05070400 -0.01397300
v -0.00395000 0.05070000 0.01400000
v -0.00395000 0.05070000 0.01400000
v -0.00395000 0.05070000 0.01400000
v -0.00395000 0.05070000 0.01555000
v -0.00395000 0.05070000 0.01555000
v -0.00395000 0.05070000 0.01555000
v -0.00498900 0.05312300 0.01400000
v -0.00498900 0.05312300 0.01400000
v -0.00498900 0.05312300 0.01400000
v -0.00498900 0.05312300 0.01400000
v -0.00498900 0.05312300 0.01400000
v -0.00498900 0.05312300 0.01400000
v -0.00498900 0.05312300 0.01400000
v -0.00498900 0.05312300 0.01555000
v -0.00498900 0.05312300 0.01555000
v -0.00498900 0.05312300 0.01555000
v -0.00498900 0.05312300 0.01555000
v -0.00498900 0.05312300 0.01555000
v -0.00515000 0.05391000 0.01555000
v -0.00515000 0.05391000 0.01555000
v -0.00515000 0.05391000 0.01555000
v -0.00515000 0.05391000 0.01555000
v -0.00515000 0.05391000 0.01555000
v -0.00515000 0.05391000 0.01400000
v -0.00515000 0.05391000 0.01400000
v -0.00515000 0.05391000 0.01400000
v -0.00515000 0.05391000 0.01400000
v -0.00395000 0.05071400 0.01394900
v -0.00395000 0.05071400 0.01394900
v -0.00395000 0.05071400 0.01394900
v -0.00483800 0.05318700 0.01376500
v -0.00483800 0.05318700 0.01376500
v -0.00483800 0.05318700 0.01376500
v -0.00483800 0.05318700 0.01376500
v -0.00483800 0.05318700 0.01376500
v -0.00483800 0.05318700 0.01376500
v -0.00483800 0.05318700 0.01376500
v -0.00475900 0.05322100 0.01375000
v -0.00475900 0.05322100 0.01375000
v -0.00475900 0.05322100 0.01375000
v -0.00395000 0.05133500 0.01375000
v -0.00395000 0.05133500 0.01375000
v -0.00395000 0.05133500 0.01375000
v -0.00395000 0.05133500 0.01375000
v -0.00395000 0.05077200 0.01388400
v -0.00395000 0.05077200 0.01388400
v -0.00395000 0.05077200 0.01388400
v -0.00395000 0.05077200 0.01388400
v -0.00395000 0.05077200 0.01388400
v -0.00395000 0.05102900 0.01378100
v -0.00395000 0.05102900 0.01378100
v -0.00395000 0.05102900 0.01378100
v -0.00395000 0.05090000 0.01381800
v -0.00395000 0.05090000 0.01381800
v -0.00395000 0.05090000 0.01381800
v -0.00395000 0.05090000 0.01381800
v -0.00492100 0.05315200 0.01382300
v -0.00492100 0.05315200 0.01382300
v -0.00492100 0.05315200 0.01382300
v -0.00492100 0.05315200 0.01382300
v -0.00492100 0.05315200 0.01382300
v -0.00492100 0.05315200 0.01382300
v -0.00497400 0.05312900 0.01391300
v -0.00497400 0.05312900 0.01391300
v -0.00497400 0.05312900 0.01391300
v -0.00497400 0.05312900 0.01391300
v -0.00497400 0.05312900 0.01391300
v -0.00395000 0.05120800 0.01575000
v -0.00395000 0.05120800 0.01575000
v -0.00395000 0.05120800 0.01575000
v -0.00395000 0.05120800 0.01575000
v -0.00480500 0.05320100 0.01575000
v -0.00480500 0.05320100 0.01575000
v -0.00480500 0.05320100 0.01575000
v -0.00486800 0.05317400 0.01573800
v -0.00486800 0.05317400 0.01573800
v -0.00486800 0.05317400 0.01573800
v -0.00486800 0.05317400 0.01573800
v -0.00486800 0.05317400 0.01573800
v -0.00486800 0.05317400 0.01573800
v -0.00486800 0.05317400 0.01573800
v -0.00395000 0.05095500 0.01572400
v -0.00395000 0.05095500 0.01572400
v -0.00395000 0.05095500 0.01572400
v -0.00395000 0.05095500 0.01572400
v -0.00493500 0.05314600 0.01569100
v -0.00493500 0.05314600 0.01569100
v -0.00493500 0.05314600 0.01569100
v -0.00493500 0.05314600 0.01569100
v -0.00493500 0.05314600 0.01569100
v -0.00493500 0.05314600 0.01569100
v -0.00395000 0.05086000 0.01569600
v -0.00395000 0.05086000 0.01569600
v -0.00395000 0.05086000 0.01569600
v -0.00395000 0.05086000 0.01569600
v -0.00497700 0.05312800 0.01561900
v -0.00497700 0.05312800 0.01561900
v -0.00497700 0.05312800 0.01561900
v -0.00497700 0.05312800 0.01561900
v -0.00497700 0.05312800 0.01561900
v -0.00497700 0.05312800 0.01561900
v -0.00497700 0.05312800 0.01561900
v -0.00395000 0.05075600 0.01564100
v -0.00395000 0.05075600 0.01564100
v -0.00395000 0.05075600 0.01564100
v -0.00395000 0.05071000 0.01558900
v -0.00395000 0.05071000 0.01558900
v -0.00395000 0.05071000 0.01558900
v -0.00395000 0.05071000 0.01558900
v -0.00515000 0.07158900 0.01400000
v -0.00515000 0.07158900 0.01400000
v -0.00515000 0.07158900 0.01400000
v -0.00515000 0.07158900 0.01400000
v -0.00515000 0.07158900 0.01400000
v -0.00515000 0.07158900 0.01555000
v -0.00515000 0.07158900 0.01555000
v -0.00515000 0.07158900 0.01555000
v -0.00515000 0.07158900 0.01555000
v -0.00513100 0.05391000 0.01390400
v -0.00513100 0.05391000 0.01390400
v -0.00513100 0.05391000 0.01390400
v -0.00513100 0.05391000 0.01390400
v -0.00513100 0.05391000 0.01390400
v -0.00507700 0.05391000 0.01382300
v -0.00507700 0.05391000 0.01382300
v -0.00507700 0.05391000 0.01382300
v -0.00507700 0.05391000 0.01382300
v -0.00507700 0.05391000 0.01382300
v -0.00499600 0.05391000 0.01376900
v -0.00499600 0.05391000 0.01376900
v -0.00499600 0.05391000 0.01376900
v -0.00499600 0.05391000 0.01376900
v -0.00499600 0.05391000 0.01376900
v -0.00490000 0.05391000 0.01375000
v -0.00490000 0.05391000 0.01375000
v -0.00490000 0.05391000 0.01375000
v -0.00490000 0.05391000 0.01375000
v -0.00495000 0.05391000 0.01575000
v -0.00495000 0.05391000 0.01575000
v -0.00495000 0.05391000 0.01575000
v -0.00495000 0.05391000 0.01575000
v -0.00502500 0.05391000 0.01573500
v -0.00502500 0.05391000 0.01573500
v -0.00502500 0.05391000 0.01573500
v -0.00502500 0.05391000 0.01573500
v -0.00509100 0.05391000 0.01569200
v -0.00509100 0.05391000 0.01569200
v -0.00509100 0.05391000 0.01569200
v -0.00509100 0.05391000 0.01569200
v -0.00509100 0.05391000 0.01569200
v -0.00509100 0.05391000 0.01569200
v -0.00509100 0.05391000 0.01569200
v -0.00509100 0.05391000 0.01569200
v -0.00513500 0.05391000 0.01562700
v -0.00513500 0.05391000 0.01562700
v -0.00513500 0.05391000 0.01562700
v -0.00513500 0.05391000 0.01562700
v -0.00513500 0.05391000 0.01562700
v -0.00513500 0.05391000 0.01562700
v -0.00395000 0.07416500 0.01375000
v -0.00395000 0.07416500 0.01375000
v -0.00395000 0.07416500 0.01375000
v -0.00486500 0.07194100 0.01375000
v -0.00486500 0.07194100 0.01375000
v -0.00486500 0.07194100 0.01375000
v -0.00486500 0.07194100 0.01375000
v -0.00475900 0.07227900 0.01375000
v -0.00475900 0.07227900 0.01375000
v -0.00475900 0.07227900 0.01375000
v -0.00475900 0.07227900 0.01375000
v -0.00490000 0.07158900 0.01375000
v -0.00490000 0.07158900 0.01375000
v -0.00490000 0.07158900 0.01375000
v -0.00395000 0.07429200 0.01575000
v -0.00395000 0.07429200 0.01575000
v -0.00395000 0.07429200 0.01575000
v -0.00480500 0.07229900 0.01575000
v -0.00480500 0.07229900 0.01575000
v -0.00480500 0.07229900 0.01575000
v -0.00495000 0.07158900 0.01575000
v -0.00495000 0.07158900 0.01575000
v -0.00495000 0.07158900 0.01575000
v -0.00498900 0.07237700 0.01400000
v -0.00498900 0.07237700 0.01400000
v -0.00498900 0.07237700 0.01400000
v -0.00498900 0.07237700 0.01400000
v -0.00498900 0.07237700 0.01400000
v -0.00498900 0.07237700 0.01555000
v -0.00498900 0.07237700 0.01555000
v -0.00498900 0.07237700 0.01555000
v -0.00498900 0.07237700 0.01555000
v -0.00498900 0.07237700 0.01555000
v -0.00498900 0.07237700 0.01555000
v -0.00513100 0.07158900 0.01390400
v -0.00513100 0.07158900 0.01390400
v -0.00513100 0.07158900 0.01390400
v -0.00513100 0.07158900 0.01390400
v -0.00513100 0.07158900 0.01390400
v -0.00507700 0.07158900 0.01382300
v -0.00507700 0.07158900 0.01382300
v -0.00507700 0.07158900 0.01382300
v -0.00507700 0.07158900 0.01382300
v -0.00507700 0.07158900 0.01382300
v -0.00499600 0.07158900 0.01376900
v -0.00499600 0.07158900 0.01376900
v -0.00499600 0.07158900 0.01376900
v -0.00499600 0.07158900 0.01376900
v -0.00499600 0.07158900 0.01376900
v -0.00502700 0.07158900 0.01573500
v -0.00502700 0.07158900 0.01573500
v -0.00502700 0.07158900 0.01573500
v -0.00502700 0.07158900 0.01573500
v -0.00502700 0.07158900 0.01573500
v -0.00505000 0.07158900 0.01572300
v -0.00505000 0.07158900 0.01572300
v -0.00505000 0.07158900 0.01572300
v -0.00505000 0.07158900 0.01572300
v -0.00509200 0.07158900 0.01569100
v -0.00509200 0.07158900 0.01569100
v -0.00509200 0.07158900 0.01569100
v -0.00509200 0.07158900 0.01569100
v -0.00512400 0.07158900 0.01565000
v -0.00512400 0.07158900 0.01565000
v -0.00512400 0.07158900 0.01565000
v -0.00512400 0.07158900 0.01565000
v -0.00512400 0.07158900 0.01565000
v -0.00513500 0.07158900 0.01562700
v -0.00513500 0.07158900 0.01562700
v -0.00513500 0.07158900 0.01562700
v -0.00513500 0.07158900 0.01562700
v -0.00395000 0.07480000 0.01400000
v -0.00395000 0.07480000 0.01400000
v -0.00395000 0.07480000 0.01400000
v -0.00395000 0.07479600 0.01397300
v -0.00395000 0.07479600 0.01397300
v -0.00395000 0.07479600 0.01397300
v -0.00395000 0.07479600 0.01397300
v -0.00497400 0.07237100 0.01391300
v -0.00497400 0.07237100 0.01391300
v -0.00497400 0.07237100 0.01391300
v -0.00497400 0.07237100 0.01391300
v -0.00497400 0.07237100 0.01391300
v -0.00497400 0.07237100 0.01391300
v -0.00395000 0.07437000 0.01376300
v -0.00395000 0.07437000 0.01376300
v -0.00395000 0.07437000 0.01376300
v -0.00395000 0.07437000 0.01376300
v -0.00395000 0.07475700 0.01390900
v -0.00395000 0.07475700 0.01390900
v -0.00395000 0.07475700 0.01390900
v -0.00395000 0.07462300 0.01382700
v -0.00395000 0.07462300 0.01382700
v -0.00395000 0.07462300 0.01382700
v -0.00492100 0.07234800 0.01382300
v -0.00492100 0.07234800 0.01382300
v -0.00492100 0.07234800 0.01382300
v -0.00492100 0.07234800 0.01382300
v -0.00492100 0.07234800 0.01382300
v -0.00483800 0.07231300 0.01376500
v -0.00483800 0.07231300 0.01376500
v -0.00483800 0.07231300 0.01376500
v -0.00483800 0.07231300 0.01376500
v -0.00483800 0.07231300 0.01376500
v -0.00483800 0.07231300 0.01376500
v -0.00395000 0.07478800 0.01559300
v -0.00395000 0.07478800 0.01559300
v -0.00395000 0.07478800 0.01559300
v -0.00395000 0.07480000 0.01555000
v -0.00395000 0.07480000 0.01555000
v -0.00395000 0.07480000 0.01555000
v -0.00395000 0.07474200 0.01564300
v -0.00395000 0.07474200 0.01564300
v -0.00395000 0.07474200 0.01564300
v -0.00395000 0.07474200 0.01564300
v -0.00395000 0.07474200 0.01564300
v -0.00497400 0.07237100 0.01562700
v -0.00497400 0.07237100 0.01562700
v -0.00497400 0.07237100 0.01562700
v -0.00497400 0.07237100 0.01562700
v -0.00496400 0.07236700 0.01565000
v -0.00496400 0.07236700 0.01565000
v -0.00496400 0.07236700 0.01565000
v -0.00496400 0.07236700 0.01565000
v -0.00496400 0.07236700 0.01565000
v -0.00395000 0.07459900 0.01570900
v -0.00395000 0.07459900 0.01570900
v -0.00395000 0.07459900 0.01570900
v -0.00395000 0.07459900 0.01570900
v -0.00395000 0.07459900 0.01570900
v -0.00493400 0.07235400 0.01569200
v -0.00493400 0.07235400 0.01569200
v -0.00493400 0.07235400 0.01569200
v -0.00493400 0.07235400 0.01569200
v -0.00489700 0.07233800 0.01572300
v -0.00489700 0.07233800 0.01572300
v -0.00489700 0.07233800 0.01572300
v -0.00489700 0.07233800 0.01572300
v -0.00489700 0.07233800 0.01572300
v -0.00395000 0.07447600 0.01573600
v -0.00395000 0.07447600 0.01573600
v -0.00395000 0.07447600 0.01573600
v -0.00395000 0.07447600 0.01573600
v -0.00487400 0.07232800 0.01573500
v -0.00487400 0.07232800 0.01573500
v -0.00487400 0.07232800 0.01573500
v -0.00487400 0.07232800 0.01573500
v -0.01533800 -0.01422900 -0.04496700
v -0.01533800 -0.01422900 -0.04496700
v -0.01533800 -0.01422900 -0.04496700
v -0.01533800 -0.01422900 -0.04496700
v -0.01533800 -0.01422900 -0.04496700
v -0.01533800 -0.01422900 -0.04461000
v -0.01533800 -0.01422900 -0.04461000
v -0.01533800 -0.01422900 -0.04461000
v -0.01533800 -0.01422900 -0.04461000
v -0.01533800 -0.01422900 -0.04461000
v -0.01222000 -0.01434600 -0.04537300
v -0.01222000 -0.01434600 -0.04537300
v -0.01222000 -0.01434600 -0.04537300
v -0.01222000 -0.01434600 -0.04537300
v -0.01222000 -0.01434600 -0.04537300
v -0.00909200 -0.01446400 -0.04532800
v -0.00909200 -0.01446400 -0.04532800
v -0.00909200 -0.01446400 -0.04532800
v -0.00909200 -0.01446400 -0.04532800
v -0.00909200 -0.01446400 -0.04568300
v -0.00909200 -0.01446400 -0.04568300
v -0.00909200 -0.01446400 -0.04568300
v -0.00909200 -0.01446400 -0.04568300
v -0.00909200 -0.01446400 -0.04568300
v -0.00909200 -0.01446400 -0.04568300
v -0.01510300 -0.00798300 -0.04568300
v -0.01510300 -0.00798300 -0.04568300
v -0.01510300 -0.00798300 -0.04568300
v -0.01510300 -0.00798300 -0.04568300
v -0.01510300 -0.00798300 -0.04568300
v -0.01510300 -0.00798300 -0.04532800
v -0.01510300 -0.00798300 -0.04532800
v -0.01510300 -0.00798300 -0.04532800
v -0.01510300 -0.00798300 -0.04532800
v -0.01510300 -0.00798300 -0.04532800
v -0.01522100 -0.01111200 -0.04537300
v -0.01522100 -0.01111200 -0.04537300
v -0.01522100 -0.01111200 -0.04537300
v -0.00462600 -0.00951300 -0.04620700
v -0.00462600 -0.00951300 -0.04620700
v -0.00462600 -0.00951300 -0.04620700
v -0.00462600 -0.00951300 -0.04620700
v -0.00462600 -0.00951300 -0.04620700
v -0.00681000 -0.00809400 -0.04620700
v -0.00681000 -0.00809400 -0.04620700
v -0.00681000 -0.00809400 -0.04620700
v -0.00681000 -0.00809400 -0.04620700
v 0.00000000 -0.00000000 -0.04675000
v 0.00000000 -0.00000000 -0.04675000
v 0.00000000 -0.00000000 -0.04675000
v 0.00000000 -0.00000000 -0.04675000
v 0.00000000 -0.00000000 -0.04675000
v 0.00000000 -0.00000000 -0.04675000
v 0.00000000 -0.00000000 -0.04675000
v 0.00000000 -0.00000000 -0.04675000
v 0.00000000 -0.00000000 -0.04675000
v 0.00000000 -0.00000000 -0.04675000
v 0.00000000 -0.00000000 -0.04675000
v 0.00000000 -0.00000000 -0.04675000
v 0.00000000 -0.00000000 -0.04675000
v 0.00000000 -0.00000000 -0.04675000
v 0.00000000 -0.00000000 -0.04675000
v 0.00000000 -0.00000000 -0.04675000
v 0.00000000 -0.00000000 -0.04675000
v 0.00000000 -0.00000000 -0.04675000
v 0.00000000 -0.00000000 -0.04675000
v 0.00000000 -0.00000000 -0.04675000
v 0.00000000 -0.00000000 -0.04675000
v 0.00000000 -0.00000000 -0.04675000
v 0.00000000 -0.00000000 -0.04675000
v 0.00000000 -0.00000000 -0.04675000
v 0.00000000 -0.00000000 -0.04675000
v -0.00197600 -0.00786100 -0.04643200
v -0.00197600 -0.00786100 -0.04643200
v -0.00197600 -0.00786100 -0.04643200
v -0.00023400 -0.00624500 -0.04656100
v -0.00023400 -0.00624500 -0.04656100
v -0.00023400 -0.00624500 -0.04656100
v -0.00023400 -0.00624500 -0.04656100
v -0.00412200 -0.00985300 -0.04619600
v -0.00412200 -0.00985300 -0.04619600
v -0.00412200 -0.00985300 -0.04619600
v -0.00412200 -0.00985300 -0.04619600
v -0.00624600 0.00023400 -0.04656100
v -0.00624600 0.00023400 -0.04656100
v -0.00624600 0.00023400 -0.04656100
v -0.00624600 0.00023400 -0.04656100
v -0.00787500 -0.00127700 -0.04644200
v -0.00787500 -0.00127700 -0.04644200
v -0.00787500 -0.00127700 -0.04644200
v -0.00787500 -0.00127700 -0.04644200
v -0.00945400 -0.00274200 -0.04628000
v -0.00945400 -0.00274200 -0.04628000
v -0.00945400 -0.00274200 -0.04628000
v -0.00983300 -0.00390100 -0.04620700
v -0.00983300 -0.00390100 -0.04620700
v -0.00983300 -0.00390100 -0.04620700
v -0.00983300 -0.00390100 -0.04620700
v -0.00983300 -0.00390100 -0.04620700
v -0.00858200 -0.00618500 -0.04620700
v -0.00858200 -0.00618500 -0.04620700
v -0.00858200 -0.00618500 -0.04620700
v -0.00469700 -0.01038600 -0.04647100
v -0.00469700 -0.01038600 -0.04647100
v -0.00469700 -0.01038600 -0.04647100
v -0.00027700 -0.00628500 -0.04690900
v -0.00027700 -0.00628500 -0.04690900
v -0.00027700 -0.00628500 -0.04690900
v -0.00023400 -0.00624500 -0.04691100
v -0.00023400 -0.00624500 -0.04691100
v -0.00023400 -0.00624500 -0.04691100
v -0.02055600 -0.01324800 -0.04417400
v -0.02055600 -0.01324800 -0.04417400
v -0.02210400 -0.01046400 -0.04417400
v -0.02210400 -0.01046400 -0.04417400
v -0.02210400 -0.01046400 -0.04417400
v -0.02210400 -0.01046400 -0.04417400
v -0.01730300 -0.01163900 -0.04498100
v -0.01730300 -0.01163900 -0.04498100
v -0.01730300 -0.01163900 -0.04498100
v -0.01730300 -0.01163900 -0.04498100
v -0.01730300 -0.01163900 -0.04498100
v -0.01730300 -0.01163900 -0.04498100
v -0.01730300 -0.01163900 -0.04498100
v -0.01730300 -0.01163900 -0.04498100
v -0.01730300 -0.01163900 -0.04498100
v -0.01730300 -0.01163900 -0.04498100
v -0.01730300 -0.01163900 -0.04498100
v -0.01730300 -0.01163900 -0.04498100
v -0.00054500 -0.01237600 -0.04635700
v -0.00054500 -0.01237600 -0.04635700
v -0.00054500 -0.01237600 -0.04635700
v -0.00054500 -0.01237600 -0.04635700
v -0.00054500 -0.01237600 -0.04635700
v -0.00054500 -0.01237600 -0.04635700
v -0.00107500 -0.02443200 -0.04417400
v -0.00153300 -0.02440700 -0.04417400
v -0.00199000 -0.02437400 -0.04417400
v -0.00199000 -0.02437400 -0.04417400
v -0.00508500 -0.02392100 -0.04417400
v -0.00508500 -0.02392100 -0.04417400
v -0.00823100 -0.02302900 -0.04417400
v -0.00823100 -0.02302900 -0.04417400
v -0.00823100 -0.02302900 -0.04417400
v -0.01687900 0.00074300 -0.04571400
v -0.01687900 0.00074300 -0.04571400
v -0.01687900 0.00074300 -0.04571400
v -0.01687900 0.00074300 -0.04571400
v -0.01687900 0.00074300 -0.04571400
v -0.01687900 0.00074300 -0.04571400
v -0.01687900 0.00074300 -0.04571400
v -0.01687900 0.00074300 -0.04571400
v -0.01219900 -0.00528900 -0.04624400
v -0.01219900 -0.00528900 -0.04624400
v -0.01219900 -0.00528900 -0.04624400
v -0.01219900 -0.00528900 -0.04624400
v -0.01219900 -0.00528900 -0.04624400
v -0.00785000 0.00034500 -0.04680200
v -0.00785000 0.00034500 -0.04680200
v -0.00785000 0.00034500 -0.04680200
v -0.00785000 0.00034500 -0.04680200
v -0.00785000 0.00034500 -0.04680200
v -0.00628500 0.00027700 -0.04690900
v -0.00628500 0.00027700 -0.04690900
v -0.00628500 0.00027700 -0.04690900
v -0.00628500 0.00027700 -0.04690900
v -0.00624600 0.00023400 -0.04691100
v -0.00624600 0.00023400 -0.04691100
v -0.00624600 0.00023400 -0.04691100
v -0.02443200 0.00107500 -0.04417500
v -0.02443200 0.00107500 -0.04417500
v -0.02297400 0.00101100 -0.04451700
v -0.02297400 0.00101100 -0.04451700
v -0.02297400 0.00101100 -0.04451700
v -0.02293300 0.00052100 -0.04453000
v -0.02293300 0.00052100 -0.04453000
v -0.02293300 0.00052100 -0.04453000
v -0.02442900 -0.00113700 -0.04417500
v -0.02442900 -0.00113700 -0.04417500
v -0.02264300 -0.00035400 -0.04459600
v -0.02264300 -0.00035400 -0.04459600
v -0.02264300 -0.00035400 -0.04459600
v -0.02264300 -0.00035400 -0.04459600
v -0.02264300 -0.00035400 -0.04459600
v -0.02264300 -0.00035400 -0.04459600
v -0.02405900 -0.00438600 -0.04417500
v -0.02405900 -0.00438600 -0.04417500
v -0.02405900 -0.00438600 -0.04417500
v -0.02234500 -0.00082200 -0.04466000
v -0.02234500 -0.00082200 -0.04466000
v -0.02234500 -0.00082200 -0.04466000
v -0.02216700 -0.00103100 -0.04469700
v -0.02216700 -0.00103100 -0.04469700
v -0.02216700 -0.00103100 -0.04469700
v -0.02216700 -0.00103100 -0.04469700
v -0.02216700 -0.00103100 -0.04469700
v -0.02216700 -0.00103100 -0.04469700
v -0.02329300 -0.00744900 -0.04417500
v -0.02329300 -0.00744900 -0.04417500
v -0.02329300 -0.00744900 -0.04417500
v -0.02127800 -0.00168600 -0.04487900
v -0.02127800 -0.00168600 -0.04487900
v -0.02127800 -0.00168600 -0.04487900
v -0.02127800 -0.00168600 -0.04487900
v -0.02127800 -0.00168600 -0.04487900
v -0.02127800 -0.00168600 -0.04487900
v -0.02021800 -0.00197400 -0.04509000
v -0.02021800 -0.00197400 -0.04509000
v -0.02021800 -0.00197400 -0.04509000
v -0.02021800 -0.00197400 -0.04509000
v -0.01906800 -0.00184400 -0.04531500
v -0.01906800 -0.00184400 -0.04531500
v -0.01906800 -0.00184400 -0.04531500
v -0.01906800 -0.00184400 -0.04531500
v -0.01906800 -0.00184400 -0.04531500
v -0.01805100 -0.00128700 -0.04550800
v -0.01805100 -0.00128700 -0.04550800
v -0.01805100 -0.00128700 -0.04550800
v -0.01805100 -0.00128700 -0.04550800
v -0.01698600 0.00074800 -0.04569600
v -0.01698600 0.00074800 -0.04569600
v -0.01698600 0.00074800 -0.04569600
v -0.01713500 0.00004800 -0.04567400
v -0.01713500 0.00004800 -0.04567400
v -0.01713500 0.00004800 -0.04567400
v -0.01713500 0.00004800 -0.04567400
v -0.01713500 0.00004800 -0.04567400
v -0.01731800 -0.00037800 -0.04564300
v -0.01731800 -0.00037800 -0.04564300
v -0.01731800 -0.00037800 -0.04564300
v -0.01731800 -0.00037800 -0.04564300
v -0.01731800 -0.00037800 -0.04564300
v -0.01112900 -0.02177600 -0.04417400
v -0.01112900 -0.02177600 -0.04417400
v -0.01391000 -0.02011400 -0.04417400
v -0.01391000 -0.02011400 -0.04417400
v -0.01640700 -0.01813500 -0.04417400
v -0.01640700 -0.01813500 -0.04417400
v -0.01640700 -0.01813500 -0.04417400
v -0.01864200 -0.01582800 -0.04417400
v -0.01864200 -0.01582800 -0.04417400
v -0.00951300 0.00462600 -0.04620700
v -0.00951300 0.00462600 -0.04620700
v -0.00951300 0.00462600 -0.04620700
v -0.00951300 0.00462600 -0.04620700
v -0.00951300 0.00462600 -0.04620700
v -0.00809400 0.00681000 -0.04620700
v -0.00809400 0.00681000 -0.04620700
v -0.00809400 0.00681000 -0.04620700
v -0.00809400 0.00681000 -0.04620700
v -0.00786200 0.00197600 -0.04643200
v -0.00786200 0.00197600 -0.04643200
v -0.00786200 0.00197600 -0.04643200
v -0.00985400 0.00412300 -0.04619600
v -0.00985400 0.00412300 -0.04619600
v -0.00985400 0.00412300 -0.04619600
v -0.00985400 0.00412300 -0.04619600
v -0.00127700 0.00787500 -0.04644200
v -0.00127700 0.00787500 -0.04644200
v -0.00127700 0.00787500 -0.04644200
v -0.00127700 0.00787500 -0.04644200
v 0.00023400 0.00624600 -0.04656100
v 0.00023400 0.00624600 -0.04656100
v 0.00023400 0.00624600 -0.04656100
v -0.00798300 0.01510300 -0.04532800
v -0.00798300 0.01510300 -0.04532800
v -0.00798300 0.01510300 -0.04532800
v -0.00798300 0.01510300 -0.04532800
v -0.00798300 0.01510300 -0.04532800
v -0.00274200 0.00945400 -0.04628000
v -0.00274200 0.00945400 -0.04628000
v -0.00274200 0.00945400 -0.04628000
v -0.00390100 0.00983300 -0.04620700
v -0.00390100 0.00983300 -0.04620700
v -0.00390100 0.00983300 -0.04620700
v -0.00390100 0.00983300 -0.04620700
v -0.00390100 0.00983300 -0.04620700
v -0.01422900 0.01533700 -0.04461000
v -0.01422900 0.01533700 -0.04461000
v -0.01422900 0.01533700 -0.04461000
v -0.01422900 0.01533700 -0.04461000
v -0.01422900 0.01533700 -0.04461000
v -0.00618500 0.00858200 -0.04620700
v -0.00618500 0.00858200 -0.04620700
v -0.00618500 0.00858200 -0.04620700
v -0.01446300 0.00909200 -0.04532800
v -0.01446300 0.00909200 -0.04532800
v -0.01446300 0.00909200 -0.04532800
v -0.01446300 0.00909200 -0.04532800
v 0.00951300 -0.00462600 -0.04620700
v 0.00951300 -0.00462600 -0.04620700
v 0.00951300 -0.00462600 -0.04620700
v 0.00951300 -0.00462600 -0.04620700
v 0.00951300 -0.00462600 -0.04620700
v 0.00809500 -0.00681100 -0.04620700
v 0.00809500 -0.00681100 -0.04620700
v 0.00809500 -0.00681100 -0.04620700
v 0.00809500 -0.00681100 -0.04620700
v 0.00786200 -0.00197600 -0.04643100
v 0.00786200 -0.00197600 -0.04643100
v 0.00786200 -0.00197600 -0.04643100
v 0.00624600 -0.00023400 -0.04656100
v 0.00624600 -0.00023400 -0.04656100
v 0.00624600 -0.00023400 -0.04656100
v 0.00985500 -0.00412300 -0.04619600
v 0.00985500 -0.00412300 -0.04619600
v 0.00985500 -0.00412300 -0.04619600
v 0.00985500 -0.00412300 -0.04619600
v 0.00127700 -0.00787500 -0.04644200
v 0.00127700 -0.00787500 -0.04644200
v 0.00127700 -0.00787500 -0.04644200
v 0.00127700 -0.00787500 -0.04644200
v 0.00798300 -0.01510400 -0.04532800
v 0.00798300 -0.01510400 -0.04532800
v 0.00798300 -0.01510400 -0.04532800
v 0.00798300 -0.01510400 -0.04532800
v 0.00798300 -0.01510400 -0.04532800
v 0.00274300 -0.00945400 -0.04628000
v 0.00274300 -0.00945400 -0.04628000
v 0.00274300 -0.00945400 -0.04628000
v 0.00390100 -0.00983300 -0.04620700
v 0.00390100 -0.00983300 -0.04620700
v 0.00390100 -0.00983300 -0.04620700
v 0.00390100 -0.00983300 -0.04620700
v 0.00390100 -0.00983300 -0.04620700
v 0.01423000 -0.01533800 -0.04461000
v 0.01423000 -0.01533800 -0.04461000
v 0.01423000 -0.01533800 -0.04461000
v 0.01423000 -0.01533800 -0.04461000
v 0.01423000 -0.01533800 -0.04461000
v 0.00618500 -0.00858200 -0.04620700
v 0.00618500 -0.00858200 -0.04620700
v 0.00618500 -0.00858200 -0.04620700
v 0.01446400 -0.00909200 -0.04532800
v 0.01446400 -0.00909200 -0.04532800
v 0.01446400 -0.00909200 -0.04532800
v 0.01446400 -0.00909200 -0.04532800
v 0.00503000 -0.01192000 -0.04629000
v 0.00503000 -0.01192000 -0.04629000
v 0.00503000 -0.01192000 -0.04629000
v 0.00503000 -0.01192000 -0.04629000
v 0.00503000 -0.01192000 -0.04629000
v 0.00798300 -0.01510400 -0.04568300
v 0.00798300 -0.01510400 -0.04568300
v 0.00798300 -0.01510400 -0.04568300
v 0.00798300 -0.01510400 -0.04568300
v 0.00798300 -0.01510400 -0.04568300
v 0.00628600 -0.00027700 -0.04690900
v 0.00628600 -0.00027700 -0.04690900
v 0.00628600 -0.00027700 -0.04690900
v 0.00785000 -0.00034500 -0.04680200
v 0.00785000 -0.00034500 -0.04680200
v 0.00785000 -0.00034500 -0.04680200
v 0.00785000 -0.00034500 -0.04680200
v 0.00785000 -0.00034500 -0.04680200
v 0.00873600 -0.00291700 -0.04669000
v 0.00873600 -0.00291700 -0.04669000
v 0.00873600 -0.00291700 -0.04669000
v 0.00113700 -0.02442900 -0.04417400
v 0.00113700 -0.02442900 -0.04417400
v 0.00438600 -0.02405900 -0.04417400
v 0.00438600 -0.02405900 -0.04417400
v 0.00744900 -0.02329300 -0.04417400
v 0.00744900 -0.02329300 -0.04417400
v 0.00744900 -0.02329300 -0.04417400
v 0.01046400 -0.02210400 -0.04417400
v 0.01046400 -0.02210400 -0.04417400
v 0.01111200 -0.01522100 -0.04537300
v 0.01111200 -0.01522100 -0.04537300
v 0.01111200 -0.01522100 -0.04537300
v 0.01324800 -0.02055600 -0.04417400
v 0.01324800 -0.02055600 -0.04417400
v 0.01423000 -0.01533800 -0.04496700
v 0.01423000 -0.01533800 -0.04496700
v 0.01423000 -0.01533800 -0.04496700
v 0.01423000 -0.01533800 -0.04496700
v 0.01423000 -0.01533800 -0.04496700
v 0.01582800 -0.01864200 -0.04417400
v 0.01582800 -0.01864200 -0.04417400
v 0.01582800 -0.01864200 -0.04417400
v 0.01621400 -0.01311400 -0.04498100
v 0.01621400 -0.01311400 -0.04498100
v 0.01621400 -0.01311400 -0.04498100
v 0.01621400 -0.01311400 -0.04498100
v 0.01621400 -0.01311400 -0.04498100
v 0.01621400 -0.01311400 -0.04498100
v 0.01621400 -0.01311400 -0.04498100
v 0.01621400 -0.01311400 -0.04498100
v 0.01621400 -0.01311400 -0.04498100
v 0.01621400 -0.01311400 -0.04498100
v 0.01621400 -0.01311400 -0.04498100
v 0.01621400 -0.01311400 -0.04498100
v 0.01813500 -0.01640700 -0.04417400
v 0.01813500 -0.01640700 -0.04417400
v 0.02011400 -0.01391100 -0.04417400
v 0.02011400 -0.01391100 -0.04417400
v 0.02011400 -0.01391100 -0.04417400
v 0.01687900 -0.00074300 -0.04571400
v 0.01687900 -0.00074300 -0.04571400
v 0.01687900 -0.00074300 -0.04571400
v 0.01687900 -0.00074300 -0.04571400
v 0.01687900 -0.00074300 -0.04571400
v 0.01687900 -0.00074300 -0.04571400
v 0.01687900 -0.00074300 -0.04571400
v 0.01687900 -0.00074300 -0.04571400
v 0.01687900 -0.00074300 -0.04571400
v 0.01700600 -0.00074800 -0.04569300
v 0.01700600 -0.00074800 -0.04569300
v 0.01700600 -0.00074800 -0.04569300
v 0.01703500 -0.00097700 -0.04568600
v 0.01703500 -0.00097700 -0.04568600
v 0.01703500 -0.00097700 -0.04568600
v 0.01703500 -0.00097700 -0.04568600
v 0.01703500 -0.00097700 -0.04568600
v 0.01744900 -0.00207100 -0.04560000
v 0.01744900 -0.00207100 -0.04560000
v 0.01744900 -0.00207100 -0.04560000
v 0.01744900 -0.00207100 -0.04560000
v 0.01744900 -0.00207100 -0.04560000
v 0.01762300 -0.00232000 -0.04556500
v 0.01762300 -0.00232000 -0.04556500
v 0.01762300 -0.00232000 -0.04556500
v 0.01762300 -0.00232000 -0.04556500
v 0.01789000 -0.00262100 -0.04551100
v 0.01789000 -0.00262100 -0.04551100
v 0.01789000 -0.00262100 -0.04551100
v 0.01789000 -0.00262100 -0.04551100
v 0.01789000 -0.00262100 -0.04551100
v 0.01874700 -0.00321100 -0.04534000
v 0.01874700 -0.00321100 -0.04534000
v 0.01874700 -0.00321100 -0.04534000
v 0.01874700 -0.00321100 -0.04534000
v 0.01975000 -0.00347300 -0.04514200
v 0.01975000 -0.00347300 -0.04514200
v 0.01975000 -0.00347300 -0.04514200
v 0.01975000 -0.00347300 -0.04514200
v 0.01975000 -0.00347300 -0.04514200
v 0.01975000 -0.00347300 -0.04514200
v 0.02177600 -0.01112900 -0.04417400
v 0.02177600 -0.01112900 -0.04417400
v 0.02302900 -0.00823100 -0.04417400
v 0.02302900 -0.00823100 -0.04417400
v 0.02083900 -0.00336100 -0.04492800
v 0.02083900 -0.00336100 -0.04492800
v 0.02083900 -0.00336100 -0.04492800
v 0.02083900 -0.00336100 -0.04492800
v 0.02083900 -0.00336100 -0.04492800
v 0.02083900 -0.00336100 -0.04492800
v 0.02392100 -0.00508500 -0.04417400
v 0.02392100 -0.00508500 -0.04417400
v 0.02392100 -0.00508500 -0.04417400
v 0.02208400 -0.00263600 -0.04468600
v 0.02208400 -0.00263600 -0.04468600
v 0.02208400 -0.00263600 -0.04468600
v 0.02208400 -0.00263600 -0.04468600
v 0.02255500 -0.00204600 -0.04459600
v 0.02255500 -0.00204600 -0.04459600
v 0.02255500 -0.00204600 -0.04459600
v 0.02255500 -0.00204600 -0.04459600
v 0.02437400 -0.00199000 -0.04417400
v 0.02437400 -0.00199000 -0.04417400
v 0.02283400 -0.00145100 -0.04454400
v 0.02283400 -0.00145100 -0.04454400
v 0.02283400 -0.00145100 -0.04454400
v 0.02283400 -0.00145100 -0.04454400
v 0.02440700 -0.00153300 -0.04417400
v 0.02294800 -0.00101000 -0.04452300
v 0.02294800 -0.00101000 -0.04452300
v 0.02294800 -0.00101000 -0.04452300
v 0.02443200 -0.00107500 -0.04417400
v 0.01434700 -0.01222100 -0.04537300
v 0.01434700 -0.01222100 -0.04537300
v 0.01434700 -0.01222100 -0.04537300
v 0.01446400 -0.00909200 -0.04568300
v 0.01446400 -0.00909200 -0.04568300
v 0.01446400 -0.00909200 -0.04568300
v 0.01446400 -0.00909200 -0.04568300
v 0.01446400 -0.00909200 -0.04568300
v 0.01446400 -0.00909200 -0.04568300
v -0.02437400 0.00199000 -0.04417500
v -0.02437400 0.00199000 -0.04417500
v -0.00498000 0.01186600 -0.04629800
v -0.00498000 0.01186600 -0.04629800
v -0.00498000 0.01186600 -0.04629800
v -0.00498000 0.01186600 -0.04629800
v -0.00498000 0.01186600 -0.04629800
v 0.00054500 0.01237600 -0.04635700
v 0.00054500 0.01237600 -0.04635700
v 0.00054500 0.01237600 -0.04635700
v 0.00054500 0.01237600 -0.04635700
v 0.00054500 0.01237600 -0.04635700
v 0.00054500 0.01237600 -0.04635700
v 0.00027300 0.00620400 -0.04691400
v 0.00027300 0.00620400 -0.04691400
v 0.00027300 0.00620400 -0.04691400
v -0.00873500 0.00291700 -0.04669000
v -0.00873500 0.00291700 -0.04669000
v -0.00873500 0.00291700 -0.04669000
v -0.02297400 0.00107000 -0.04451700
v -0.02297400 0.00107000 -0.04451700
v -0.02297400 0.00107000 -0.04451700
v -0.00113700 0.02442900 -0.04417400
v -0.00113700 0.02442900 -0.04417400
v 0.00107500 0.02443200 -0.04417400
v -0.00438600 0.02405900 -0.04417400
v -0.00438600 0.02405900 -0.04417400
v -0.00744900 0.02329300 -0.04417400
v -0.00744900 0.02329300 -0.04417400
v -0.00744900 0.02329300 -0.04417400
v -0.00798300 0.01510300 -0.04568300
v -0.00798300 0.01510300 -0.04568300
v -0.00798300 0.01510300 -0.04568300
v -0.00798300 0.01510300 -0.04568300
v -0.00798300 0.01510300 -0.04568300
v -0.01046300 0.02210400 -0.04417400
v -0.01046300 0.02210400 -0.04417400
v -0.01111200 0.01522000 -0.04537300
v -0.01111200 0.01522000 -0.04537300
v -0.01111200 0.01522000 -0.04537300
v -0.01324700 0.02055600 -0.04417400
v -0.01324700 0.02055600 -0.04417400
v -0.01422900 0.01533700 -0.04496700
v -0.01422900 0.01533700 -0.04496700
v -0.01422900 0.01533700 -0.04496700
v -0.01422900 0.01533700 -0.04496700
v -0.01422900 0.01533700 -0.04496700
v -0.01582800 0.01864200 -0.04417400
v -0.01582800 0.01864200 -0.04417400
v -0.01582800 0.01864200 -0.04417400
v -0.01621400 0.01311400 -0.04498100
v -0.01621400 0.01311400 -0.04498100
v -0.01621400 0.01311400 -0.04498100
v -0.01621400 0.01311400 -0.04498100
v -0.01621400 0.01311400 -0.04498100
v -0.01621400 0.01311400 -0.04498100
v -0.01621400 0.01311400 -0.04498100
v -0.01621400 0.01311400 -0.04498100
v -0.01621400 0.01311400 -0.04498100
v -0.01621400 0.01311400 -0.04498100
v -0.01621400 0.01311400 -0.04498100
v -0.01621400 0.01311400 -0.04498100
v -0.01813500 0.01640700 -0.04417400
v -0.01813500 0.01640700 -0.04417400
v -0.02011300 0.01391100 -0.04417400
v -0.02011300 0.01391100 -0.04417400
v -0.02011300 0.01391100 -0.04417400
v -0.02011300 0.01391100 -0.04417400
v -0.01698000 0.00082500 -0.04569700
v -0.01698000 0.00082500 -0.04569700
v -0.01698000 0.00082500 -0.04569700
v -0.01697600 0.00090300 -0.04569600
v -0.01697600 0.00090300 -0.04569600
v -0.01697600 0.00090300 -0.04569600
v -0.01701500 0.00151000 -0.04568300
v -0.01701500 0.00151000 -0.04568300
v -0.01701500 0.00151000 -0.04568300
v -0.01701500 0.00151000 -0.04568300
v -0.01701500 0.00151000 -0.04568300
v -0.01725100 0.00227700 -0.04562900
v -0.01725100 0.00227700 -0.04562900
v -0.01725100 0.00227700 -0.04562900
v -0.01725100 0.00227700 -0.04562900
v -0.01725100 0.00227700 -0.04562900
v -0.01760300 0.00285300 -0.04555500
v -0.01760300 0.00285300 -0.04555500
v -0.01760300 0.00285300 -0.04555500
v -0.01760300 0.00285300 -0.04555500
v -0.01773800 0.00301600 -0.04552700
v -0.01773800 0.00301600 -0.04552700
v -0.01773800 0.00301600 -0.04552700
v -0.01773800 0.00301600 -0.04552700
v -0.01864000 0.00370300 -0.04534300
v -0.01864000 0.00370300 -0.04534300
v -0.01864000 0.00370300 -0.04534300
v -0.01864000 0.00370300 -0.04534300
v -0.01864000 0.00370300 -0.04534300
v -0.01864000 0.00370300 -0.04534300
v -0.01973000 0.00400600 -0.04512700
v -0.01973000 0.00400600 -0.04512700
v -0.01973000 0.00400600 -0.04512700
v -0.01973000 0.00400600 -0.04512700
v -0.01973000 0.00400600 -0.04512700
v -0.01973000 0.00400600 -0.04512700
v -0.02177600 0.01112900 -0.04417400
v -0.02177600 0.01112900 -0.04417400
v -0.02302800 0.00823100 -0.04417500
v -0.02302800 0.00823100 -0.04417500
v -0.02091300 0.00386500 -0.04489500
v -0.02091300 0.00386500 -0.04489500
v -0.02091300 0.00386500 -0.04489500
v -0.02091300 0.00386500 -0.04489500
v -0.02091300 0.00386500 -0.04489500
v -0.02392100 0.00508500 -0.04417500
v -0.02392100 0.00508500 -0.04417500
v -0.02195300 0.00327100 -0.04469600
v -0.02195300 0.00327100 -0.04469600
v -0.02195300 0.00327100 -0.04469600
v -0.02195300 0.00327100 -0.04469600
v -0.02268100 0.00230900 -0.04456200
v -0.02268100 0.00230900 -0.04456200
v -0.02268100 0.00230900 -0.04456200
v -0.02268100 0.00230900 -0.04456200
v -0.02268100 0.00230900 -0.04456200
v -0.02281300 0.00198300 -0.04453900
v -0.02281300 0.00198300 -0.04453900
v -0.02281300 0.00198300 -0.04453900
v -0.02297200 0.00112800 -0.04451700
v -0.02297200 0.00112800 -0.04451700
v -0.02297200 0.00112800 -0.04451700
v -0.02297200 0.00112800 -0.04451700
v -0.02297200 0.00112800 -0.04451700
v -0.01434600 0.01222000 -0.04537300
v -0.01434600 0.01222000 -0.04537300
v -0.01434600 0.01222000 -0.04537300
v -0.01446300 0.00909200 -0.04568300
v -0.01446300 0.00909200 -0.04568300
v -0.01446300 0.00909200 -0.04568300
v -0.01446300 0.00909200 -0.04568300
v -0.01446300 0.00909200 -0.04568300
v -0.01446300 0.00909200 -0.04568300
v -0.01973000 0.00400600 -0.04160000
v -0.01973000 0.00400600 -0.04160000
v -0.01973000 0.00400600 -0.04160000
v -0.01973000 0.00400600 -0.04160000
v -0.01973000 0.00400600 -0.04160000
v -0.02073100 0.00391900 -0.04160000
v -0.02073100 0.00391900 -0.04160000
v -0.02073100 0.00391900 -0.04160000
v -0.02201600 0.00321300 -0.04160000
v -0.02201600 0.00321300 -0.04160000
v -0.02201600 0.00321300 -0.04160000
v -0.02201600 0.00321300 -0.04160000
v -0.02201600 0.00321300 -0.04160000
v -0.02281400 0.00198300 -0.04160000
v -0.02281400 0.00198300 -0.04160000
v -0.02281400 0.00198300 -0.04160000
v -0.02281400 0.00198300 -0.04160000
v -0.02281400 0.00198300 -0.04160000
v -0.02293300 0.00052200 -0.04160000
v -0.02293300 0.00052200 -0.04160000
v -0.02293300 0.00052200 -0.04160000
v -0.02293300 0.00052200 -0.04160000
v -0.02293300 0.00052200 -0.04160000
v -0.02293300 0.00052200 -0.04160000
v -0.02293300 0.00052200 -0.04160000
v -0.02234600 -0.00082100 -0.04160000
v -0.02234600 -0.00082100 -0.04160000
v -0.02234600 -0.00082100 -0.04160000
v -0.02234600 -0.00082100 -0.04160000
v -0.02234600 -0.00082100 -0.04160000
v -0.02119200 -0.00172600 -0.04160000
v -0.02119200 -0.00172600 -0.04160000
v -0.02119200 -0.00172600 -0.04160000
v -0.02119200 -0.00172600 -0.04160000
v -0.02021800 -0.00197400 -0.04160000
v -0.02021800 -0.00197400 -0.04160000
v -0.02021800 -0.00197400 -0.04160000
v -0.02021800 -0.00197400 -0.04160000
v -0.02021800 -0.00197400 -0.04160000
v -0.01701500 0.00151000 -0.04160000
v -0.01701500 0.00151000 -0.04160000
v -0.01701500 0.00151000 -0.04160000
v -0.01701500 0.00151000 -0.04160000
v -0.01701500 0.00151000 -0.04160000
v -0.01701500 0.00151000 -0.04160000
v -0.01713400 0.00004800 -0.04160000
v -0.01713400 0.00004800 -0.04160000
v -0.01713400 0.00004800 -0.04160000
v -0.01713400 0.00004800 -0.04160000
v -0.01713400 0.00004800 -0.04160000
v -0.01760200 0.00285300 -0.04160000
v -0.01760200 0.00285300 -0.04160000
v -0.01760200 0.00285300 -0.04160000
v -0.01760200 0.00285300 -0.04160000
v -0.01760200 0.00285300 -0.04160000
v -0.01875600 0.00375700 -0.04160000
v -0.01875600 0.00375700 -0.04160000
v -0.01875600 0.00375700 -0.04160000
v -0.01921700 -0.00188700 -0.04160000
v -0.01921700 -0.00188700 -0.04160000
v -0.01921700 -0.00188700 -0.04160000
v -0.01793200 -0.00118200 -0.04160000
v -0.01793200 -0.00118200 -0.04160000
v -0.01793200 -0.00118200 -0.04160000
v -0.01793200 -0.00118200 -0.04160000
v 0.00044600 0.00601700 -0.04692400
v 0.00044600 0.00601700 -0.04692400
v 0.00044600 0.00601700 -0.04692400
v 0.00044600 0.00601700 -0.04692400
v 0.00174000 0.00462300 -0.04663200
v 0.00174000 0.00462300 -0.04663200
v 0.00174000 0.00462300 -0.04663200
v 0.00482700 0.00129500 -0.04662900
v 0.00482700 0.00129500 -0.04662900
v 0.00482700 0.00129500 -0.04662900
v 0.00624600 -0.00023400 -0.04691100
v 0.00624600 -0.00023400 -0.04691100
v 0.00624600 -0.00023400 -0.04691100
v 0.00324000 0.00300600 -0.04665500
v 0.00324000 0.00300600 -0.04665500
v 0.00324000 0.00300600 -0.04665500
v 0.00280400 0.00347500 -0.04665300
v 0.00280400 0.00347500 -0.04665300
v 0.01699500 -0.00056000 -0.04569600
v 0.01699500 -0.00056000 -0.04569600
v 0.01699500 -0.00056000 -0.04569600
v 0.00909200 0.01446300 -0.04568300
v 0.00909200 0.01446300 -0.04568300
v 0.00909200 0.01446300 -0.04568300
v 0.00909200 0.01446300 -0.04568300
v 0.00909200 0.01446300 -0.04568300
v 0.00909200 0.01446300 -0.04568300
v 0.00909200 0.01446300 -0.04568300
v 0.00909200 0.01446300 -0.04568300
v 0.00909200 0.01446300 -0.04568300
v 0.01730300 0.01163900 -0.04498100
v 0.01730300 0.01163900 -0.04498100
v 0.01730300 0.01163900 -0.04498100
v 0.01730300 0.01163900 -0.04498100
v 0.01730300 0.01163900 -0.04498100
v 0.01730300 0.01163900 -0.04498100
v 0.01730300 0.01163900 -0.04498100
v 0.01730300 0.01163900 -0.04498100
v 0.01730300 0.01163900 -0.04498100
v 0.01730300 0.01163900 -0.04498100
v 0.01730300 0.01163900 -0.04498100
v 0.01730300 0.01163900 -0.04498100
v 0.01730300 0.01163900 -0.04498100
v 0.01510400 0.00798300 -0.04568300
v 0.01510400 0.00798300 -0.04568300
v 0.01510400 0.00798300 -0.04568300
v 0.01510400 0.00798300 -0.04568300
v 0.01325600 0.00626800 -0.04605800
v 0.01325600 0.00626800 -0.04605800
v 0.01325600 0.00626800 -0.04605800
v 0.00732600 0.00076700 -0.04683800
v 0.00732600 0.00076700 -0.04683800
v 0.00732600 0.00076700 -0.04683800
v 0.00732600 0.00076700 -0.04683800
v 0.00131400 0.00724700 -0.04683800
v 0.00131400 0.00724700 -0.04683800
v 0.00131400 0.00724700 -0.04683800
v 0.00131400 0.00724700 -0.04683800
v 0.00131400 0.00724700 -0.04683800
v 0.00131400 0.00724700 -0.04683800
v 0.00295700 0.00877100 -0.04668600
v 0.00295700 0.00877100 -0.04668600
v 0.00295700 0.00877100 -0.04668600
v 0.00711400 0.00099600 -0.04685100
v 0.00711400 0.00099600 -0.04685100
v 0.00711400 0.00099600 -0.04685100
v 0.00711400 0.00099600 -0.04685100
v 0.00153300 0.02440700 -0.04417400
v 0.00823100 0.02302900 -0.04417400
v 0.00823100 0.02302900 -0.04417400
v 0.00508500 0.02392100 -0.04417400
v 0.00508500 0.02392100 -0.04417400
v 0.00199000 0.02437400 -0.04417400
v 0.00199000 0.02437400 -0.04417400
v 0.02297700 -0.00080300 -0.04451900
v 0.02297700 -0.00080300 -0.04451900
v 0.02297700 -0.00080300 -0.04451900
v 0.02299200 -0.00059500 -0.04451700
v 0.02299200 -0.00059500 -0.04451700
v 0.02299200 -0.00059500 -0.04451700
v 0.02442900 0.00113700 -0.04417400
v 0.02442900 0.00113700 -0.04417400
v 0.02295300 0.00001200 -0.04452700
v 0.02295300 0.00001200 -0.04452700
v 0.02295300 0.00001200 -0.04452700
v 0.02271600 0.00077900 -0.04457800
v 0.02271600 0.00077900 -0.04457800
v 0.02271600 0.00077900 -0.04457800
v 0.02271600 0.00077900 -0.04457800
v 0.02271600 0.00077900 -0.04457800
v 0.02405900 0.00438600 -0.04417400
v 0.02405900 0.00438600 -0.04417400
v 0.02236600 0.00135400 -0.04465000
v 0.02236600 0.00135400 -0.04465000
v 0.02236600 0.00135400 -0.04465000
v 0.02222700 0.00152100 -0.04467800
v 0.02222700 0.00152100 -0.04467800
v 0.02222700 0.00152100 -0.04467800
v 0.02222700 0.00152100 -0.04467800
v 0.02222700 0.00152100 -0.04467800
v 0.02329300 0.00744900 -0.04417400
v 0.02329300 0.00744900 -0.04417400
v 0.02329300 0.00744900 -0.04417400
v 0.02132400 0.00220600 -0.04485900
v 0.02132400 0.00220600 -0.04485900
v 0.02132400 0.00220600 -0.04485900
v 0.02132400 0.00220600 -0.04485900
v 0.02132400 0.00220600 -0.04485900
v 0.02132400 0.00220600 -0.04485900
v 0.02132400 0.00220600 -0.04485900
v 0.02210400 0.01046400 -0.04417400
v 0.02210400 0.01046400 -0.04417400
v 0.02210400 0.01046400 -0.04417400
v 0.02210400 0.01046400 -0.04417400
v 0.02023800 0.00250700 -0.04507500
v 0.02023800 0.00250700 -0.04507500
v 0.02023800 0.00250700 -0.04507500
v 0.02023800 0.00250700 -0.04507500
v 0.01905200 0.00236500 -0.04530700
v 0.01905200 0.00236500 -0.04530700
v 0.01905200 0.00236500 -0.04530700
v 0.01905200 0.00236500 -0.04530700
v 0.01905200 0.00236500 -0.04530700
v 0.01905200 0.00236500 -0.04530700
v 0.01783600 0.00160000 -0.04554200
v 0.01783600 0.00160000 -0.04554200
v 0.01783600 0.00160000 -0.04554200
v 0.01783600 0.00160000 -0.04554200
v 0.01760200 0.00132700 -0.04558600
v 0.01760200 0.00132700 -0.04558600
v 0.01760200 0.00132700 -0.04558600
v 0.01760200 0.00132700 -0.04558600
v 0.01760200 0.00132700 -0.04558600
v 0.01715500 0.00048500 -0.04567000
v 0.01715500 0.00048500 -0.04567000
v 0.01715500 0.00048500 -0.04567000
v 0.01715500 0.00048500 -0.04567000
v 0.01703800 0.00002900 -0.04569000
v 0.01703800 0.00002900 -0.04569000
v 0.01703800 0.00002900 -0.04569000
v 0.01703800 0.00002900 -0.04569000
v 0.01703800 0.00002900 -0.04569000
v 0.01703800 0.00002900 -0.04569000
v 0.01699600 -0.00037100 -0.04569700
v 0.01699600 -0.00037100 -0.04569700
v 0.01699600 -0.00037100 -0.04569700
v 0.01699600 -0.00037100 -0.04569700
v 0.02055600 0.01324800 -0.04417400
v 0.02055600 0.01324800 -0.04417400
v 0.01864200 0.01582800 -0.04417400
v 0.01864200 0.01582800 -0.04417400
v 0.01112900 0.02177600 -0.04417400
v 0.01112900 0.02177600 -0.04417400
v 0.01391100 0.02011400 -0.04417400
v 0.01391100 0.02011400 -0.04417400
v 0.01391100 0.02011400 -0.04417400
v 0.01640700 0.01813500 -0.04417400
v 0.01640700 0.01813500 -0.04417400
v 0.02023800 0.00250700 -0.04160000
v 0.02023800 0.00250700 -0.04160000
v 0.02023800 0.00250700 -0.04160000
v 0.02023800 0.00250700 -0.04160000
v 0.02023800 0.00250700 -0.04160000
v 0.01923700 0.00242000 -0.04160000
v 0.01923700 0.00242000 -0.04160000
v 0.01923700 0.00242000 -0.04160000
v 0.01795200 0.00171500 -0.04160000
v 0.01795200 0.00171500 -0.04160000
v 0.01795200 0.00171500 -0.04160000
v 0.01795200 0.00171500 -0.04160000
v 0.01795200 0.00171500 -0.04160000
v 0.01715400 0.00048400 -0.04160000
v 0.01715400 0.00048400 -0.04160000
v 0.01715400 0.00048400 -0.04160000
v 0.01715400 0.00048400 -0.04160000
v 0.01715400 0.00048400 -0.04160000
v 0.01703500 -0.00097700 -0.04160000
v 0.01703500 -0.00097700 -0.04160000
v 0.01703500 -0.00097700 -0.04160000
v 0.01703500 -0.00097700 -0.04160000
v 0.01703500 -0.00097700 -0.04160000
v 0.01703500 -0.00097700 -0.04160000
v 0.01703500 -0.00097700 -0.04160000
v 0.01703500 -0.00097700 -0.04160000
v 0.01762300 -0.00232000 -0.04160000
v 0.01762300 -0.00232000 -0.04160000
v 0.01762300 -0.00232000 -0.04160000
v 0.01762300 -0.00232000 -0.04160000
v 0.01762300 -0.00232000 -0.04160000
v 0.01877600 -0.00322500 -0.04160000
v 0.01877600 -0.00322500 -0.04160000
v 0.01877600 -0.00322500 -0.04160000
v 0.01877600 -0.00322500 -0.04160000
v 0.01975000 -0.00347300 -0.04160000
v 0.01975000 -0.00347300 -0.04160000
v 0.01975000 -0.00347300 -0.04160000
v 0.01975000 -0.00347300 -0.04160000
v 0.02295300 0.00001100 -0.04160000
v 0.02295300 0.00001100 -0.04160000
v 0.02295300 0.00001100 -0.04160000
v 0.02295300 0.00001100 -0.04160000
v 0.02295300 0.00001100 -0.04160000
v 0.02283400 -0.00145000 -0.04160000
v 0.02283400 -0.00145000 -0.04160000
v 0.02283400 -0.00145000 -0.04160000
v 0.02283400 -0.00145000 -0.04160000
v 0.02283400 -0.00145000 -0.04160000
v 0.02236600 0.00135400 -0.04160000
v 0.02236600 0.00135400 -0.04160000
v 0.02236600 0.00135400 -0.04160000
v 0.02236600 0.00135400 -0.04160000
v 0.02236600 0.00135400 -0.04160000
v 0.02236600 0.00135400 -0.04160000
v 0.02121200 0.00225900 -0.04160000
v 0.02121200 0.00225900 -0.04160000
v 0.02121200 0.00225900 -0.04160000
v 0.02075100 -0.00338600 -0.04160000
v 0.02075100 -0.00338600 -0.04160000
v 0.02075100 -0.00338600 -0.04160000
v 0.02203700 -0.00268000 -0.04160000
v 0.02203700 -0.00268000 -0.04160000
v 0.02203700 -0.00268000 -0.04160000
v 0.02203700 -0.00268000 -0.04160000
v 0.02203700 -0.00268000 -0.04160000
v 0.02203700 -0.00268000 -0.04160000
v -0.01828000 0.00087700 -0.04160000
v -0.01828000 0.00087700 -0.04160000
v -0.01828000 0.00087700 -0.04160000
v -0.01827500 0.00095200 -0.04160000
v -0.01827500 0.00095200 -0.04160000
v -0.01827500 0.00095200 -0.04160000
v -0.01829100 0.00125800 -0.04160000
v -0.01829100 0.00125800 -0.04160000
v -0.01829100 0.00125800 -0.04160000
v -0.01856300 0.00196400 -0.04160000
v -0.01856300 0.00196400 -0.04160000
v -0.01856300 0.00196400 -0.04160000
v -0.01911400 0.00248200 -0.04160000
v -0.01911400 0.00248200 -0.04160000
v -0.01911400 0.00248200 -0.04160000
v -0.01983600 0.00271000 -0.04160000
v -0.01983600 0.00271000 -0.04160000
v -0.01983600 0.00271000 -0.04160000
v -0.02070100 0.00255200 -0.04160000
v -0.02070100 0.00255200 -0.04160000
v -0.02070100 0.00255200 -0.04160000
v -0.02137200 0.00198300 -0.04160000
v -0.02137200 0.00198300 -0.04160000
v -0.02137200 0.00198300 -0.04160000
v -0.02166800 0.00115400 -0.04160000
v -0.02166800 0.00115400 -0.04160000
v -0.02166800 0.00115400 -0.04160000
v -0.02167300 0.00108000 -0.04160000
v -0.02167300 0.00108000 -0.04160000
v -0.02167300 0.00108000 -0.04160000
v -0.02151100 0.00028800 -0.04160000
v -0.02151100 0.00028800 -0.04160000
v -0.02151100 0.00028800 -0.04160000
v -0.02094100 -0.00038200 -0.04160000
v -0.02094100 -0.00038200 -0.04160000
v -0.02094100 -0.00038200 -0.04160000
v -0.02011200 -0.00067900 -0.04160000
v -0.02011200 -0.00067900 -0.04160000
v -0.02011200 -0.00067900 -0.04160000
v -0.01936400 -0.00057100 -0.04160000
v -0.01936400 -0.00057100 -0.04160000
v -0.01936400 -0.00057100 -0.04160000
v -0.01873600 -0.00014900 -0.04160000
v -0.01873600 -0.00014900 -0.04160000
v -0.01873600 -0.00014900 -0.04160000
v -0.01835300 0.00050400 -0.04160000
v -0.01835300 0.00050400 -0.04160000
v -0.01835300 0.00050400 -0.04160000
v 0.00909200 0.01446300 -0.04532800
v 0.00909200 0.01446300 -0.04532800
v 0.00909200 0.01446300 -0.04532800
v 0.00909200 0.01446300 -0.04532800
v 0.01499100 0.00810500 -0.04533500
v 0.01499100 0.00810500 -0.04533500
v 0.01499100 0.00810500 -0.04533500
v 0.01510400 0.00798300 -0.04532800
v 0.01510400 0.00798300 -0.04532800
v 0.00521400 0.01086500 -0.04604500
v 0.00521400 0.01086500 -0.04604500
v 0.00521400 0.01086500 -0.04604500
v 0.00131400 0.00724700 -0.04648700
v 0.00131400 0.00724700 -0.04648700
v 0.00131400 0.00724700 -0.04648700
v 0.00131400 0.00724700 -0.04648700
v 0.00164500 0.00689000 -0.04650700
v 0.00164500 0.00689000 -0.04650700
v 0.00164500 0.00689000 -0.04650700
v 0.00732600 0.00076700 -0.04648700
v 0.00732600 0.00076700 -0.04648700
v 0.00863200 0.00197800 -0.04637000
v 0.00863200 0.00197800 -0.04637000
v 0.00863200 0.00197800 -0.04637000
v 0.02168900 -0.00062100 -0.04160000
v 0.02168900 -0.00062100 -0.04160000
v 0.02168900 -0.00062100 -0.04160000
v 0.02169300 -0.00054700 -0.04160000
v 0.02169300 -0.00054700 -0.04160000
v 0.02169300 -0.00054700 -0.04160000
v 0.02167100 -0.00020300 -0.04160000
v 0.02167100 -0.00020300 -0.04160000
v 0.02167100 -0.00020300 -0.04160000
v 0.02133800 0.00055800 -0.04160000
v 0.02133800 0.00055800 -0.04160000
v 0.02133800 0.00055800 -0.04160000
v 0.02068400 0.00107100 -0.04160000
v 0.02068400 0.00107100 -0.04160000
v 0.02068400 0.00107100 -0.04160000
v 0.02013300 0.00121100 -0.04160000
v 0.02013300 0.00121100 -0.04160000
v 0.01938400 0.00110400 -0.04160000
v 0.01875600 0.00068200 -0.04160000
v 0.01875600 0.00068200 -0.04160000
v 0.01837300 0.00002900 -0.04160000
v 0.01837300 0.00002900 -0.04160000
v 0.01837300 0.00002900 -0.04160000
v 0.01830000 -0.00034500 -0.04160000
v 0.01830000 -0.00034500 -0.04160000
v 0.01830000 -0.00034500 -0.04160000
v 0.01829500 -0.00041900 -0.04160000
v 0.01829500 -0.00041900 -0.04160000
v 0.01829500 -0.00041900 -0.04160000
v 0.01831200 -0.00072500 -0.04160000
v 0.01831200 -0.00072500 -0.04160000
v 0.01831200 -0.00072500 -0.04160000
v 0.01858300 -0.00143100 -0.04160000
v 0.01858300 -0.00143100 -0.04160000
v 0.01858300 -0.00143100 -0.04160000
v 0.01913400 -0.00195000 -0.04160000
v 0.01913400 -0.00195000 -0.04160000
v 0.01913400 -0.00195000 -0.04160000
v 0.01985600 -0.00217700 -0.04160000
v 0.01985600 -0.00217700 -0.04160000
v 0.01985600 -0.00217700 -0.04160000
v 0.02042300 -0.00212800 -0.04160000
v 0.02042300 -0.00212800 -0.04160000
v 0.02042300 -0.00212800 -0.04160000
v 0.02115200 -0.00172800 -0.04160000
v 0.02115200 -0.00172800 -0.04160000
v 0.02115200 -0.00172800 -0.04160000
v 0.02160300 -0.00103100 -0.04160000
v 0.02160300 -0.00103100 -0.04160000
v 0.02160300 -0.00103100 -0.04160000
v -0.02011200 -0.00067900 -0.03960000
v -0.02011200 -0.00067900 -0.03960000
v -0.02011200 -0.00067900 -0.03960000
v -0.02094100 -0.00038200 -0.03960000
v -0.02094100 -0.00038200 -0.03960000
v -0.02094100 -0.00038200 -0.03960000
v -0.02151100 0.00028800 -0.03960000
v -0.02151100 0.00028800 -0.03960000
v -0.02151100 0.00028800 -0.03960000
v -0.02167300 0.00108000 -0.03960000
v -0.02167300 0.00108000 -0.03960000
v -0.02167300 0.00108000 -0.03960000
v -0.02166800 0.00115400 -0.03960000
v -0.02166800 0.00115400 -0.03960000
v -0.02137200 0.00198300 -0.03960000
v -0.02137200 0.00198300 -0.03960000
v -0.02070100 0.00255200 -0.03960000
v -0.02070100 0.00255200 -0.03960000
v -0.01983600 0.00271000 -0.03960000
v -0.01983600 0.00271000 -0.03960000
v -0.01911400 0.00248200 -0.03960000
v -0.01911400 0.00248200 -0.03960000
v -0.01911400 0.00248200 -0.03960000
v -0.01856300 0.00196400 -0.03960000
v -0.01856300 0.00196400 -0.03960000
v -0.01856300 0.00196400 -0.03960000
v -0.01829100 0.00125800 -0.03960000
v -0.01829100 0.00125800 -0.03960000
v -0.01829100 0.00125800 -0.03960000
v -0.01827500 0.00095200 -0.03960000
v -0.01827500 0.00095200 -0.03960000
v -0.01827500 0.00095200 -0.03960000
v -0.01828000 0.00087700 -0.03960000
v -0.01828000 0.00087700 -0.03960000
v -0.01828000 0.00087700 -0.03960000
v -0.01835300 0.00050400 -0.03960000
v -0.01835300 0.00050400 -0.03960000
v -0.01835300 0.00050400 -0.03960000
v -0.01873600 -0.00014900 -0.03960000
v -0.01873600 -0.00014900 -0.03960000
v -0.01873600 -0.00014900 -0.03960000
v -0.01936400 -0.00057100 -0.03960000
v -0.01936400 -0.00057100 -0.03960000
v -0.01936400 -0.00057100 -0.03960000
v 0.00814300 0.00755100 -0.04615200
v 0.00814300 0.00755100 -0.04615200
v 0.00814300 0.00755100 -0.04615200
v 0.00814300 0.00755100 -0.04615200
v 0.00814300 0.00755100 -0.04615200
v 0.00814300 0.00755100 -0.04615200
v 0.01985600 -0.00217700 -0.03960000
v 0.01985600 -0.00217700 -0.03960000
v 0.01985600 -0.00217700 -0.03960000
v 0.01913400 -0.00195000 -0.03960000
v 0.01913400 -0.00195000 -0.03960000
v 0.01913400 -0.00195000 -0.03960000
v 0.01858300 -0.00143100 -0.03960000
v 0.01858300 -0.00143100 -0.03960000
v 0.01858300 -0.00143100 -0.03960000
v 0.01831200 -0.00072500 -0.03960000
v 0.01831200 -0.00072500 -0.03960000
v 0.01831200 -0.00072500 -0.03960000
v 0.01829500 -0.00041900 -0.03960000
v 0.01829500 -0.00041900 -0.03960000
v 0.01829500 -0.00041900 -0.03960000
v 0.01830000 -0.00034500 -0.03960000
v 0.01830000 -0.00034500 -0.03960000
v 0.01830000 -0.00034500 -0.03960000
v 0.01837300 0.00002900 -0.03960000
v 0.01837300 0.00002900 -0.03960000
v 0.01837300 0.00002900 -0.03960000
v 0.01875600 0.00068200 -0.03960000
v 0.01875600 0.00068200 -0.03960000
v 0.01938400 0.00110400 -0.03960000
v 0.02013300 0.00121100 -0.03960000
v 0.02068400 0.00107100 -0.03960000
v 0.02068400 0.00107100 -0.03960000
v 0.02068400 0.00107100 -0.03960000
v 0.02133800 0.00055800 -0.03960000
v 0.02133800 0.00055800 -0.03960000
v 0.02133800 0.00055800 -0.03960000
v 0.02167100 -0.00020300 -0.03960000
v 0.02167100 -0.00020300 -0.03960000
v 0.02167100 -0.00020300 -0.03960000
v 0.02169300 -0.00054700 -0.03960000
v 0.02169300 -0.00054700 -0.03960000
v 0.02169300 -0.00054700 -0.03960000
v 0.02168900 -0.00062100 -0.03960000
v 0.02168900 -0.00062100 -0.03960000
v 0.02168900 -0.00062100 -0.03960000
v 0.02160300 -0.00103100 -0.03960000
v 0.02160300 -0.00103100 -0.03960000
v 0.02160300 -0.00103100 -0.03960000
v 0.02115200 -0.00172800 -0.03960000
v 0.02115200 -0.00172800 -0.03960000
v 0.02115200 -0.00172800 -0.03960000
v 0.02042300 -0.00212800 -0.03960000
v 0.02042300 -0.00212800 -0.03960000
v 0.02042300 -0.00212800 -0.03960000
v -0.00875200 -0.02316200 -0.03960000
v -0.02116600 0.00131600 -0.03960000
v -0.02116600 0.00071500 -0.03960000
v -0.02116600 0.00071500 -0.03960000
v -0.02088200 0.00018600 -0.03960000
v -0.02088200 0.00018600 -0.03960000
v -0.02088200 0.00018600 -0.03960000
v -0.02038000 -0.00014500 -0.03960000
v -0.02038000 -0.00014500 -0.03960000
v -0.02038000 -0.00014500 -0.03960000
v -0.01997400 -0.00021400 -0.03960000
v -0.01997400 -0.00021400 -0.03960000
v -0.01997400 -0.00021400 -0.03960000
v -0.01956800 -0.00014500 -0.03960000
v -0.01956800 -0.00014500 -0.03960000
v -0.01906700 0.00018600 -0.03960000
v -0.01878200 0.00071500 -0.03960000
v -0.01906700 0.00184500 -0.03960000
v -0.01878200 0.00131600 -0.03960000
v 0.02119300 -0.00075700 -0.03960000
v 0.02119300 -0.00075700 -0.03960000
v 0.02119300 -0.00075700 -0.03960000
v 0.02119300 -0.00020900 -0.03960000
v 0.02119300 -0.00020900 -0.03960000
v 0.02119300 -0.00020900 -0.03960000
v 0.02095600 0.00028400 -0.03960000
v 0.02095600 0.00028400 -0.03960000
v 0.02052800 0.00062500 -0.03960000
v 0.01999400 0.00074700 -0.03960000
v 0.01958800 0.00067800 -0.03960000
v 0.01908700 0.00034700 -0.03960000
v 0.01880200 -0.00018300 -0.03960000
v 0.02095600 -0.00125000 -0.03960000
v 0.02095600 -0.00125000 -0.03960000
v 0.02095600 -0.00125000 -0.03960000
v 0.02052800 -0.00159100 -0.03960000
v 0.02052800 -0.00159100 -0.03960000
v 0.02052800 -0.00159100 -0.03960000
v 0.01999400 -0.00171200 -0.03960000
v 0.01999400 -0.00171200 -0.03960000
v 0.01999400 -0.00171200 -0.03960000
v 0.01958800 -0.00164300 -0.03960000
v 0.01958800 -0.00164300 -0.03960000
v 0.01908700 -0.00131200 -0.03960000
v 0.01880200 -0.00078300 -0.03960000
v -0.00878000 -0.02315100 -0.04435000
v -0.00463900 -0.02432100 -0.04435000
v -0.02116600 0.00071500 -0.03760000
v -0.02088200 0.00018600 -0.03760000
v -0.02088200 0.00018600 -0.03760000
v -0.02038000 -0.00014500 -0.03760000
v -0.02038000 -0.00014500 -0.03760000
v -0.01997400 -0.00021400 -0.03760000
v -0.01956800 -0.00014500 -0.03760000
v 0.01999400 -0.00171200 -0.03760000
v 0.01958800 -0.00164300 -0.03760000
v 0.02052800 -0.00159100 -0.03760000
v 0.02052800 -0.00159100 -0.03760000
v 0.02095600 -0.00125000 -0.03760000
v 0.02095600 -0.00125000 -0.03760000
v 0.02119300 -0.00075700 -0.03760000
v 0.02119300 -0.00020900 -0.03760000
v 0.02119300 -0.00020900 -0.03760000
v 0.04365000 0.05700000 -0.02769900
v 0.00350000 0.04719800 -0.02051500
v 0.00350000 0.04719800 -0.02051500
v 0.04340000 0.05675000 -0.02758200
v 0.04315000 0.05650000 -0.02746300
v 0.04315000 0.05650000 -0.02746300
v 0.00381000 0.05546800 -0.02694000
v 0.00381000 0.05546800 -0.02694000
v 0.00381000 0.05546800 -0.02694000
v 0.00367400 0.05184000 -0.02467500
v 0.00367400 0.05184000 -0.02467500
v 0.00364400 0.05105500 -0.02408600
v 0.00364400 0.05105500 -0.02408600
v 0.00364400 0.05105500 -0.02408600
v 0.01560900 0.03327000 0.02487000
v 0.01747200 0.03233100 0.03300000
v 0.01747200 0.03233100 0.03300000
v 0.03801900 0.03350400 0.02239000
v 0.03801900 0.03350400 0.02239000
v 0.03889800 0.03337900 0.02374900
v 0.04365000 0.05700000 0.02769900
v 0.04365000 0.05700000 0.02769900
v 0.02348000 0.05534800 -0.02687600
v 0.02348000 0.05534800 -0.02687600
v -0.00314700 0.04684200 -0.02011700
v -0.00314700 0.04684200 -0.02011700
v -0.00314700 0.04684200 0.02011700
v -0.00314700 0.04684200 0.02011700
v 0.00350000 0.04719800 0.02051500
v 0.04339900 0.05675000 0.02758300
v 0.04315000 0.05650000 0.02746300
v 0.04315000 0.05650000 0.02746300
v 0.00364400 0.05105500 0.02408600
v 0.00364400 0.05105500 0.02408600
v 0.00367400 0.05184000 0.02467500
v 0.00367400 0.05184000 0.02467500
v 0.00367400 0.05184000 0.02467500
v 0.00381000 0.05546800 0.02694100
v 0.00381000 0.05546800 0.02694100
v 0.02348000 0.05534800 0.02687600
v 0.02348000 0.05534800 0.02687600
v -0.01920200 0.00179900 0.03760000
v -0.01895000 0.00061400 0.03760000
v -0.01895000 0.00061400 0.03760000
v -0.01926300 0.00017700 0.03760000
v -0.01926300 0.00017700 0.03760000
v -0.01892300 0.00134000 0.03760000
v -0.01892300 0.00134000 0.03760000
v -0.01974600 -0.00006000 0.03760000
v -0.01974600 -0.00006000 0.03760000
v -0.02001500 -0.00008300 0.03760000
v -0.02001500 -0.00008300 0.03760000
v -0.02102500 0.00069200 0.03760000
v -0.02102500 0.00069200 0.03760000
v -0.02074600 0.00023200 0.03760000
v -0.02074600 0.00023200 0.03760000
v -0.02028300 -0.00004000 0.03760000
v -0.02028300 -0.00004000 0.03760000
v -0.01887400 0.00101600 0.03760000
v -0.01887400 0.00101600 0.03760000
v -0.01887500 0.00097500 0.03760000
v -0.01887500 0.00097500 0.03760000
v 0.20166200 0.06914200 0.03068400
v 0.20166200 0.06914200 0.03068400
v 0.20391500 0.06694100 0.03057300
v 0.20391500 0.06694100 0.03057300
v 0.20167400 0.06898700 0.03003700
v 0.20312100 0.07566100 0.03145300
v 0.20312100 0.07566100 0.03145300
v 0.20312100 0.07566100 0.03145300
v 0.20312100 0.07566100 0.03145300
v 0.20312100 0.07566100 0.03145300
v 0.20312100 0.07566100 0.03145300
v 0.20312100 0.07566100 0.03145300
v 0.19176400 0.07760100 0.03102700
v 0.19176400 0.07760100 0.03102700
v 0.19211400 0.07749600 0.03105300
v 0.19211400 0.07749600 0.03105300
v 0.19245400 0.07738400 0.03108100
v 0.19118000 0.07774800 0.03098900
v 0.19134600 0.07770900 0.03099900
v 0.19134600 0.07770900 0.03099900
v 0.19147400 0.07767800 0.03100700
v 0.19147400 0.07767800 0.03100700
v 0.20336000 0.07625900 0.03133500
v 0.20336000 0.07625900 0.03133500
v 0.20336000 0.07625900 0.03133500
v 0.20336000 0.07625900 0.03133500
v 0.20336000 0.07625900 0.03133500
v 0.21242000 0.07708800 0.03115200
v 0.21242000 0.07708800 0.03115200
v 0.21187900 0.07710700 0.03114800
v 0.21214200 0.07710400 0.03114800
v 0.21214200 0.07710400 0.03114800
v 0.20370000 0.07665900 0.03125000
v 0.20370000 0.07665900 0.03125000
v 0.20370000 0.07665900 0.03125000
v 0.20370000 0.07665900 0.03125000
v 0.20444000 0.07705100 0.03116100
v 0.20444000 0.07705100 0.03116100
v 0.20444000 0.07705100 0.03116100
v 0.20444000 0.07705100 0.03116100
v 0.20488300 0.07710700 0.03114700
v 0.20488300 0.07710700 0.03114700
v 0.21305300 0.07694800 0.03118500
v 0.21305300 0.07694800 0.03118500
v 0.21305300 0.07694800 0.03118500
v 0.21305300 0.07694800 0.03118500
v 0.21305300 0.07694800 0.03118500
v 0.21369200 0.07659100 0.03126500
v 0.21369200 0.07659100 0.03126500
v 0.21369200 0.07659100 0.03126500
v 0.21413800 0.07611700 0.03136400
v 0.21413800 0.07611700 0.03136400
v 0.21451800 0.07521700 0.03153300
v 0.21451800 0.07521700 0.03153300
v 0.21451800 0.07521700 0.03153300
v 0.21451800 0.07521700 0.03153300
v 0.21456900 0.07481200 0.03160000
v 0.02104500 -0.00015900 0.03960000
v 0.02109400 -0.00048300 0.03960000
v 0.02109300 -0.00052400 0.03960000
v 0.02101800 -0.00088500 0.03960000
v 0.02070500 -0.00132200 0.03960000
v -0.02107300 0.00105700 0.03960000
v -0.02099800 0.00141800 0.03960000
v -0.01966600 0.00207200 0.03960000
v -0.01920200 0.00179900 0.03960000
v -0.01920200 0.00179900 0.03960000
v -0.01892300 0.00134000 0.03960000
v -0.01892300 0.00134000 0.03960000
v -0.01892300 0.00134000 0.03960000
v -0.01887400 0.00101600 0.03960000
v -0.01887400 0.00101600 0.03960000
v -0.01887400 0.00101600 0.03960000
v -0.01887500 0.00097500 0.03960000
v -0.01887500 0.00097500 0.03960000
v -0.01887500 0.00097500 0.03960000
v -0.01895000 0.00061400 0.03960000
v -0.01895000 0.00061400 0.03960000
v -0.01895000 0.00061400 0.03960000
v -0.01926300 0.00017700 0.03960000
v -0.01926300 0.00017700 0.03960000
v -0.01926300 0.00017700 0.03960000
v -0.01974600 -0.00006000 0.03960000
v -0.01974600 -0.00006000 0.03960000
v -0.01974600 -0.00006000 0.03960000
v -0.02001500 -0.00008300 0.03960000
v -0.02001500 -0.00008300 0.03960000
v -0.02001500 -0.00008300 0.03960000
v -0.02028300 -0.00004000 0.03960000
v -0.02028300 -0.00004000 0.03960000
v -0.02028300 -0.00004000 0.03960000
v -0.02074600 0.00023200 0.03960000
v -0.02074600 0.00023200 0.03960000
v -0.02074600 0.00023200 0.03960000
v -0.02102500 0.00069200 0.03960000
v -0.02102500 0.00069200 0.03960000
v -0.02102500 0.00069200 0.03960000
v -0.02107400 0.00101600 0.03960000
v -0.02107400 0.00101600 0.03960000
v 0.20484300 0.06602900 0.03069900
v 0.20484300 0.06602900 0.03069900
v 0.20168500 0.06919000 0.03090200
v 0.20168500 0.06919000 0.03090200
v 0.20168500 0.06919000 0.03090200
v 0.20488900 0.06610400 0.03093800
v 0.20488900 0.06610400 0.03093800
v 0.20488900 0.06610400 0.03093800
v 0.20488900 0.06610400 0.03093800
v 0.20488900 0.06610400 0.03093800
v 0.20488900 0.06610400 0.03093800
v 0.20171700 0.06930500 0.03113500
v 0.20171700 0.06930500 0.03113500
v 0.20504500 0.06639000 0.03139300
v 0.20504500 0.06639000 0.03139300
v 0.20331000 0.07435500 0.03126400
v 0.20312100 0.07488400 0.03118200
v 0.20311600 0.07491200 0.03117700
v 0.20329300 0.07438700 0.03126000
v 0.20309600 0.07540500 0.03109300
v 0.20312300 0.07558700 0.03105900
v 0.20312300 0.07558700 0.03105900
v 0.20312300 0.07558700 0.03105900
v 0.20322100 0.07591000 0.03099700
v 0.20322100 0.07591000 0.03099700
v 0.20322100 0.07591000 0.03099700
v 0.20336200 0.07617700 0.03094300
v 0.20336200 0.07617700 0.03094300
v 0.20336200 0.07617700 0.03094300
v 0.20336200 0.07617700 0.03094300
v 0.20336200 0.07617700 0.03094300
v 0.20370300 0.07656900 0.03085900
v 0.20370300 0.07656900 0.03085900
v 0.20370300 0.07656900 0.03085900
v 0.20370300 0.07656900 0.03085900
v 0.20370300 0.07656900 0.03085900
v 0.20349100 0.07635300 0.03090600
v 0.20349100 0.07635300 0.03090600
v 0.20349100 0.07635300 0.03090600
v 0.20349100 0.07635300 0.03090600
v 0.20349100 0.07635300 0.03090600
v 0.20387800 0.07670300 0.03082900
v 0.20387800 0.07670300 0.03082900
v 0.20387800 0.07670300 0.03082900
v 0.20387800 0.07670300 0.03082900
v 0.20387800 0.07670300 0.03082900
v 0.20435300 0.07693200 0.03077600
v 0.20435300 0.07693200 0.03077600
v 0.20435300 0.07693200 0.03077600
v 0.20435300 0.07693200 0.03077600
v 0.20444100 0.07695800 0.03076900
v 0.20444100 0.07695800 0.03076900
v 0.20444100 0.07695800 0.03076900
v 0.20444100 0.07695800 0.03076900
v 0.20444100 0.07695800 0.03076900
v 0.20488300 0.07701500 0.03075600
v 0.20488300 0.07701500 0.03075600
v 0.20488300 0.07701500 0.03075600
v 0.20488300 0.07701500 0.03075600
v 0.21187900 0.07701500 0.03075600
v 0.21187900 0.07701500 0.03075600
v 0.21214200 0.07701100 0.03075700
v 0.21214200 0.07701100 0.03075700
v 0.21214200 0.07701100 0.03075700
v 0.21214200 0.07701100 0.03075700
v 0.21242000 0.07699400 0.03076100
v 0.21242000 0.07699400 0.03076100
v 0.21242000 0.07699400 0.03076100
v 0.21242000 0.07699400 0.03076100
v 0.21242000 0.07699400 0.03076100
v 0.21242000 0.07699400 0.03076100
v 0.21293300 0.07689700 0.03078300
v 0.21293300 0.07689700 0.03078300
v 0.21293300 0.07689700 0.03078300
v 0.21293300 0.07689700 0.03078300
v 0.21305300 0.07685800 0.03079300
v 0.21305300 0.07685800 0.03079300
v 0.21305300 0.07685800 0.03079300
v 0.21305300 0.07685800 0.03079300
v 0.21369200 0.07650500 0.03087200
v 0.21369200 0.07650500 0.03087200
v 0.21369200 0.07650500 0.03087200
v 0.21369200 0.07650500 0.03087200
v 0.21369200 0.07650500 0.03087200
v 0.21338700 0.07670700 0.03082700
v 0.21338700 0.07670700 0.03082700
v 0.21338700 0.07670700 0.03082700
v 0.21338700 0.07670700 0.03082700
v 0.21338700 0.07670700 0.03082700
v 0.21338700 0.07670700 0.03082700
v 0.21413800 0.07603700 0.03097100
v 0.21413800 0.07603700 0.03097100
v 0.21413800 0.07603700 0.03097100
v 0.21413800 0.07603700 0.03097100
v 0.21413800 0.07603700 0.03097100
v 0.21413800 0.07603700 0.03097100
v 0.21446700 0.07535600 0.03110200
v 0.21446700 0.07535600 0.03110200
v 0.21446700 0.07535600 0.03110200
v 0.21446700 0.07535600 0.03110200
v 0.21446700 0.07535600 0.03110200
v 0.21451700 0.07514900 0.03113900
v 0.21451700 0.07514900 0.03113900
v 0.21451700 0.07514900 0.03113900
v 0.21456800 0.07474900 0.03120500
v 0.02083500 0.00099500 0.03960000
v 0.02083500 0.00099500 0.03960000
v 0.02146100 0.00037700 0.03960000
v 0.02146100 0.00037700 0.03960000
v 0.02146100 0.00037700 0.03960000
v 0.02169400 -0.00047200 0.03960000
v 0.02169400 -0.00047200 0.03960000
v 0.02169400 -0.00047200 0.03960000
v 0.02169300 -0.00054700 0.03960000
v 0.02169300 -0.00054700 0.03960000
v 0.02169300 -0.00054700 0.03960000
v 0.02147200 -0.00132300 0.03960000
v 0.02147200 -0.00132300 0.03960000
v 0.02147200 -0.00132300 0.03960000
v 0.02085400 -0.00195000 0.03960000
v 0.02085400 -0.00195000 0.03960000
v 0.02085400 -0.00195000 0.03960000
v 0.02000500 -0.00218300 0.03960000
v 0.02000500 -0.00218300 0.03960000
v 0.02000500 -0.00218300 0.03960000
v 0.01926600 -0.00201900 0.03960000
v 0.01926600 -0.00201900 0.03960000
v 0.01867200 -0.00155200 0.03960000
v 0.01867200 -0.00155200 0.03960000
v 0.01833900 -0.00087200 0.03960000
v 0.01833900 -0.00087200 0.03960000
v 0.01829400 -0.00049400 0.03960000
v 0.01829400 -0.00049400 0.03960000
v 0.01829500 -0.00041900 0.03960000
v 0.01829500 -0.00041900 0.03960000
v 0.01833400 -0.00011500 0.03960000
v 0.01833400 -0.00011500 0.03960000
v 0.01865800 0.00056800 0.03960000
v 0.01865800 0.00056800 0.03960000
v 0.01924700 0.00104400 0.03960000
v 0.01924700 0.00104400 0.03960000
v 0.01998300 0.00121700 0.03960000
v 0.01998300 0.00121700 0.03960000
v -0.01913400 0.00249400 0.03960000
v -0.01913400 0.00249400 0.03960000
v -0.01913400 0.00249400 0.03960000
v -0.01850800 0.00187500 0.03960000
v -0.01850800 0.00187500 0.03960000
v -0.01850800 0.00187500 0.03960000
v -0.01827400 0.00102700 0.03960000
v -0.01827400 0.00102700 0.03960000
v -0.01827400 0.00102700 0.03960000
v -0.01827500 0.00095200 0.03960000
v -0.01827500 0.00095200 0.03960000
v -0.01827500 0.00095200 0.03960000
v -0.01849700 0.00017500 0.03960000
v -0.01849700 0.00017500 0.03960000
v -0.01849700 0.00017500 0.03960000
v -0.01911500 -0.00045100 0.03960000
v -0.01911500 -0.00045100 0.03960000
v -0.01911500 -0.00045100 0.03960000
v -0.01996300 -0.00068400 0.03960000
v -0.01996300 -0.00068400 0.03960000
v -0.01996300 -0.00068400 0.03960000
v -0.02070200 -0.00052100 0.03960000
v -0.02070200 -0.00052100 0.03960000
v -0.02070200 -0.00052100 0.03960000
v -0.02129600 -0.00005300 0.03960000
v -0.02129600 -0.00005300 0.03960000
v -0.02129600 -0.00005300 0.03960000
v -0.02162900 0.00062700 0.03960000
v -0.02162900 0.00062700 0.03960000
v -0.02162900 0.00062700 0.03960000
v -0.02167400 0.00100500 0.03960000
v -0.02167400 0.00100500 0.03960000
v -0.02167300 0.00108000 0.03960000
v -0.02167300 0.00108000 0.03960000
v -0.02167300 0.00108000 0.03960000
v -0.02163400 0.00138300 0.03960000
v -0.02163400 0.00138300 0.03960000
v -0.02163400 0.00138300 0.03960000
v -0.02131000 0.00206700 0.03960000
v -0.02131000 0.00206700 0.03960000
v -0.02072200 0.00254300 0.03960000
v -0.02072200 0.00254300 0.03960000
v -0.01998500 0.00271600 0.03960000
v -0.01998500 0.00271600 0.03960000
v 0.20941400 0.06148800 0.03004300
v 0.20941400 0.06148800 0.03004300
v 0.20966000 0.06166800 0.03052600
v 0.20966000 0.06166800 0.03052600
v 0.20331800 0.07437800 0.03111200
v 0.20324800 0.07587100 0.03085400
v 0.20324800 0.07587100 0.03085400
v 0.20324800 0.07587100 0.03085400
v 0.20314900 0.07486500 0.03103600
v 0.20351400 0.07630500 0.03076500
v 0.20351400 0.07630500 0.03076500
v 0.20351400 0.07630500 0.03076500
v 0.20351400 0.07630500 0.03076500
v 0.20351400 0.07630500 0.03076500
v 0.20351400 0.07630500 0.03076500
v 0.20436200 0.07687300 0.03063800
v 0.20436200 0.07687300 0.03063800
v 0.20436200 0.07687300 0.03063800
v 0.20436200 0.07687300 0.03063800
v 0.20436200 0.07687300 0.03063800
v 0.20436200 0.07687300 0.03063800
v 0.20488300 0.07674400 0.03046500
v 0.20488300 0.07674400 0.03046500
v 0.20488300 0.07674400 0.03046500
v 0.20488300 0.07674400 0.03046500
v 0.20488300 0.07674400 0.03046500
v 0.20487000 0.07653900 0.03045700
v 0.20488300 0.07653900 0.03045700
v 0.20488300 0.07695400 0.03061900
v 0.20488300 0.07695400 0.03061900
v 0.20488300 0.07695400 0.03061900
v 0.20488300 0.07695400 0.03061900
v 0.20488300 0.07695400 0.03061900
v 0.20488300 0.07691800 0.03057500
v 0.20488300 0.07691800 0.03057500
v 0.20488300 0.07691800 0.03057500
v 0.20488300 0.07691800 0.03057500
v 0.20488300 0.07691800 0.03057500
v 0.20488300 0.07691800 0.03057500
v 0.20438900 0.07676000 0.03052500
v 0.20438900 0.07676000 0.03052500
v 0.20438900 0.07676000 0.03052500
v 0.20438900 0.07676000 0.03052500
v 0.20438900 0.07676000 0.03052500
v 0.20443000 0.07661400 0.03046800
v 0.20443000 0.07661400 0.03046800
v 0.20389500 0.07664800 0.03069000
v 0.20389500 0.07664800 0.03069000
v 0.20389500 0.07664800 0.03069000
v 0.20389500 0.07664800 0.03069000
v 0.20389500 0.07664800 0.03069000
v 0.20394600 0.07654700 0.03057400
v 0.20394600 0.07654700 0.03057400
v 0.20394600 0.07654700 0.03057400
v 0.20394600 0.07654700 0.03057400
v 0.20402300 0.07641900 0.03051100
v 0.20402300 0.07641900 0.03051100
v 0.20358400 0.07622300 0.03064400
v 0.20358400 0.07622300 0.03064400
v 0.20358400 0.07622300 0.03064400
v 0.21187900 0.07674400 0.03046500
v 0.21187900 0.07674400 0.03046500
v 0.21187900 0.07674400 0.03046500
v 0.21187900 0.07683800 0.03050900
v 0.21187900 0.07683800 0.03050900
v 0.21187900 0.07683800 0.03050900
v 0.21187900 0.07683800 0.03050900
v 0.21187900 0.07683800 0.03050900
v 0.21187900 0.07691800 0.03057500
v 0.21187900 0.07691800 0.03057500
v 0.21187900 0.07691800 0.03057500
v 0.21187900 0.07691800 0.03057500
v 0.21187900 0.07691800 0.03057500
v 0.21187900 0.07695400 0.03062000
v 0.21187900 0.07695400 0.03062000
v 0.21187900 0.07695400 0.03062000
v 0.21187900 0.07695400 0.03062000
v 0.21285900 0.07658200 0.03047600
v 0.21285900 0.07658200 0.03047600
v 0.21289800 0.07672600 0.03053400
v 0.21289800 0.07672600 0.03053400
v 0.21289800 0.07672600 0.03053400
v 0.21289800 0.07672600 0.03053400
v 0.21289800 0.07672600 0.03053400
v 0.21289800 0.07672600 0.03053400
v 0.21292400 0.07683800 0.03064700
v 0.21292400 0.07683800 0.03064700
v 0.21292400 0.07683800 0.03064700
v 0.21292400 0.07683800 0.03064700
v 0.21292400 0.07683800 0.03064700
v 0.21292400 0.07683800 0.03064700
v 0.21292400 0.07683800 0.03064700
v 0.21372000 0.07607300 0.03058500
v 0.21435400 0.07527500 0.03083000
v 0.21443900 0.07532300 0.03095900
v 0.21443900 0.07532300 0.03095900
v 0.21443900 0.07532300 0.03095900
v 0.21414300 0.07576100 0.03073900
v 0.21414300 0.07576100 0.03073900
v 0.21414300 0.07576100 0.03073900
v 0.21422000 0.07583000 0.03086300
v 0.21422000 0.07583000 0.03086300
v 0.21422000 0.07583000 0.03086300
v 0.21422000 0.07583000 0.03086300
v 0.21422000 0.07583000 0.03086300
v 0.21381700 0.07618200 0.03065300
v 0.21381700 0.07618200 0.03065300
v 0.21381700 0.07618200 0.03065300
v 0.21388100 0.07627000 0.03077300
v 0.21388100 0.07627000 0.03077300
v 0.21388100 0.07627000 0.03077300
v 0.21388100 0.07627000 0.03077300
v 0.21388100 0.07627000 0.03077300
v 0.21343900 0.07661300 0.03069800
v 0.21343900 0.07661300 0.03069800
v 0.21343900 0.07661300 0.03069800
v 0.21343900 0.07661300 0.03069800
v 0.21343900 0.07661300 0.03069800
v 0.21339300 0.07651000 0.03058300
v 0.21339300 0.07651000 0.03058300
v 0.21339300 0.07651000 0.03058300
v 0.02482800 0.00301500 0.04460000
v 0.02000500 -0.00218300 0.04160000
v 0.02000500 -0.00218300 0.04160000
v 0.02000500 -0.00218300 0.04160000
v 0.02085400 -0.00195000 0.04160000
v 0.02085400 -0.00195000 0.04160000
v 0.02085400 -0.00195000 0.04160000
v 0.02147200 -0.00132300 0.04160000
v 0.02147200 -0.00132300 0.04160000
v 0.02147200 -0.00132300 0.04160000
v 0.02169300 -0.00054700 0.04160000
v 0.02169300 -0.00054700 0.04160000
v 0.02169300 -0.00054700 0.04160000
v 0.02169400 -0.00047200 0.04160000
v 0.02169400 -0.00047200 0.04160000
v 0.02169400 -0.00047200 0.04160000
v 0.02146100 0.00037700 0.04160000
v 0.02146100 0.00037700 0.04160000
v 0.02146100 0.00037700 0.04160000
v 0.02083500 0.00099500 0.04160000
v 0.02083500 0.00099500 0.04160000
v 0.02083500 0.00099500 0.04160000
v 0.01998300 0.00121700 0.04160000
v 0.01998300 0.00121700 0.04160000
v 0.01998300 0.00121700 0.04160000
v 0.01924700 0.00104400 0.04160000
v 0.01924700 0.00104400 0.04160000
v 0.01924700 0.00104400 0.04160000
v 0.01865800 0.00056800 0.04160000
v 0.01865800 0.00056800 0.04160000
v 0.01865800 0.00056800 0.04160000
v 0.01833400 -0.00011500 0.04160000
v 0.01833400 -0.00011500 0.04160000
v 0.01833400 -0.00011500 0.04160000
v 0.01829500 -0.00041900 0.04160000
v 0.01829500 -0.00041900 0.04160000
v 0.01829500 -0.00041900 0.04160000
v 0.01829400 -0.00049400 0.04160000
v 0.01829400 -0.00049400 0.04160000
v 0.01829400 -0.00049400 0.04160000
v 0.01833900 -0.00087200 0.04160000
v 0.01833900 -0.00087200 0.04160000
v 0.01833900 -0.00087200 0.04160000
v 0.01867200 -0.00155200 0.04160000
v 0.01867200 -0.00155200 0.04160000
v 0.01867200 -0.00155200 0.04160000
v 0.01926600 -0.00201900 0.04160000
v 0.01926600 -0.00201900 0.04160000
v 0.01926600 -0.00201900 0.04160000
v -0.01996300 -0.00068400 0.04160000
v -0.01996300 -0.00068400 0.04160000
v -0.01996300 -0.00068400 0.04160000
v -0.01911500 -0.00045100 0.04160000
v -0.01911500 -0.00045100 0.04160000
v -0.01911500 -0.00045100 0.04160000
v -0.01849700 0.00017500 0.04160000
v -0.01849700 0.00017500 0.04160000
v -0.01849700 0.00017500 0.04160000
v -0.01827500 0.00095200 0.04160000
v -0.01827500 0.00095200 0.04160000
v -0.01827500 0.00095200 0.04160000
v -0.01827400 0.00102700 0.04160000
v -0.01827400 0.00102700 0.04160000
v -0.01827400 0.00102700 0.04160000
v -0.01850800 0.00187500 0.04160000
v -0.01850800 0.00187500 0.04160000
v -0.01850800 0.00187500 0.04160000
v -0.01913400 0.00249400 0.04160000
v -0.01913400 0.00249400 0.04160000
v -0.01913400 0.00249400 0.04160000
v -0.01998500 0.00271600 0.04160000
v -0.01998500 0.00271600 0.04160000
v -0.01998500 0.00271600 0.04160000
v -0.02072200 0.00254300 0.04160000
v -0.02072200 0.00254300 0.04160000
v -0.02072200 0.00254300 0.04160000
v -0.02131000 0.00206700 0.04160000
v -0.02131000 0.00206700 0.04160000
v -0.02131000 0.00206700 0.04160000
v -0.02163400 0.00138300 0.04160000
v -0.02163400 0.00138300 0.04160000
v -0.02163400 0.00138300 0.04160000
v -0.02167300 0.00108000 0.04160000
v -0.02167300 0.00108000 0.04160000
v -0.02167300 0.00108000 0.04160000
v -0.02167400 0.00100500 0.04160000
v -0.02167400 0.00100500 0.04160000
v -0.02167400 0.00100500 0.04160000
v -0.02162900 0.00062700 0.04160000
v -0.02162900 0.00062700 0.04160000
v -0.02162900 0.00062700 0.04160000
v -0.02129600 -0.00005300 0.04160000
v -0.02129600 -0.00005300 0.04160000
v -0.02129600 -0.00005300 0.04160000
v -0.02070200 -0.00052100 0.04160000
v -0.02070200 -0.00052100 0.04160000
v -0.02070200 -0.00052100 0.04160000
v 0.02473400 -0.00300300 0.04458200
v 0.02465300 0.00299400 0.04452800
v 0.01708000 0.00023100 0.04160000
v 0.01708000 0.00023100 0.04160000
v 0.01708000 0.00023100 0.04160000
v 0.01708000 0.00023100 0.04160000
v 0.01708000 0.00023100 0.04160000
v 0.01708000 0.00023100 0.04160000
v 0.01708000 0.00023100 0.04160000
v 0.01709000 -0.00123500 0.04160000
v 0.01709000 -0.00123500 0.04160000
v 0.01709000 -0.00123500 0.04160000
v 0.01709000 -0.00123500 0.04160000
v 0.01709000 -0.00123500 0.04160000
v 0.01776700 0.00152700 0.04160000
v 0.01776700 0.00152700 0.04160000
v 0.01776700 0.00152700 0.04160000
v 0.01776700 0.00152700 0.04160000
v 0.01776700 0.00152700 0.04160000
v 0.01898500 0.00234200 0.04160000
v 0.01898500 0.00234200 0.04160000
v 0.01898500 0.00234200 0.04160000
v 0.01898500 0.00234200 0.04160000
v 0.01898500 0.00234200 0.04160000
v 0.01997500 0.00251700 0.04160000
v 0.01997500 0.00251700 0.04160000
v 0.01997500 0.00251700 0.04160000
v 0.01997500 0.00251700 0.04160000
v 0.01997500 0.00251700 0.04160000
v 0.02096600 0.00235500 0.04160000
v 0.02096600 0.00235500 0.04160000
v 0.02096600 0.00235500 0.04160000
v 0.02219500 0.00155500 0.04160000
v 0.02219500 0.00155500 0.04160000
v 0.02219500 0.00155500 0.04160000
v 0.02219500 0.00155500 0.04160000
v 0.02219500 0.00155500 0.04160000
v 0.02289800 0.00026900 0.04160000
v 0.02289800 0.00026900 0.04160000
v 0.02289800 0.00026900 0.04160000
v 0.02289800 0.00026900 0.04160000
v 0.02289800 0.00026900 0.04160000
v 0.02290800 -0.00119700 0.04160000
v 0.02290800 -0.00119700 0.04160000
v 0.02290800 -0.00119700 0.04160000
v 0.02290800 -0.00119700 0.04160000
v 0.02290800 -0.00119700 0.04160000
v 0.02290800 -0.00119700 0.04160000
v 0.02222200 -0.00249300 0.04160000
v 0.02222200 -0.00249300 0.04160000
v 0.02222200 -0.00249300 0.04160000
v 0.02222200 -0.00249300 0.04160000
v 0.02222200 -0.00249300 0.04160000
v 0.02100300 -0.00330800 0.04160000
v 0.02100300 -0.00330800 0.04160000
v 0.02100300 -0.00330800 0.04160000
v 0.02100300 -0.00330800 0.04160000
v 0.02100300 -0.00330800 0.04160000
v 0.02001400 -0.00348300 0.04160000
v 0.02001400 -0.00348300 0.04160000
v 0.02001400 -0.00348300 0.04160000
v 0.02001400 -0.00348300 0.04160000
v 0.02001400 -0.00348300 0.04160000
v 0.01902200 -0.00332100 0.04160000
v 0.01902200 -0.00332100 0.04160000
v 0.01902200 -0.00332100 0.04160000
v 0.01779300 -0.00252100 0.04160000
v 0.01779300 -0.00252100 0.04160000
v 0.01779300 -0.00252100 0.04160000
v 0.01779300 -0.00252100 0.04160000
v 0.01779300 -0.00252100 0.04160000
v -0.02288800 0.00173000 0.04160000
v -0.02288800 0.00173000 0.04160000
v -0.02288800 0.00173000 0.04160000
v -0.02288800 0.00173000 0.04160000
v -0.02288800 0.00173000 0.04160000
v -0.02287900 0.00026400 0.04160000
v -0.02287900 0.00026400 0.04160000
v -0.02287900 0.00026400 0.04160000
v -0.02287900 0.00026400 0.04160000
v -0.02287900 0.00026400 0.04160000
v -0.02220200 0.00302500 0.04160000
v -0.02220200 0.00302500 0.04160000
v -0.02220200 0.00302500 0.04160000
v -0.02220200 0.00302500 0.04160000
v -0.02220200 0.00302500 0.04160000
v -0.02098400 0.00384100 0.04160000
v -0.02098400 0.00384100 0.04160000
v -0.02098400 0.00384100 0.04160000
v -0.02098400 0.00384100 0.04160000
v -0.02098400 0.00384100 0.04160000
v -0.01999400 0.00401600 0.04160000
v -0.01999400 0.00401600 0.04160000
v -0.01999400 0.00401600 0.04160000
v -0.01999400 0.00401600 0.04160000
v -0.01999400 0.00401600 0.04160000
v -0.01900200 0.00385400 0.04160000
v -0.01900200 0.00385400 0.04160000
v -0.01900200 0.00385400 0.04160000
v -0.01777300 0.00305400 0.04160000
v -0.01777300 0.00305400 0.04160000
v -0.01777300 0.00305400 0.04160000
v -0.01777300 0.00305400 0.04160000
v -0.01777300 0.00305400 0.04160000
v -0.01707000 0.00176800 0.04160000
v -0.01707000 0.00176800 0.04160000
v -0.01707000 0.00176800 0.04160000
v -0.01707000 0.00176800 0.04160000
v -0.01707000 0.00176800 0.04160000
v -0.01706100 0.00030200 0.04160000
v -0.01706100 0.00030200 0.04160000
v -0.01706100 0.00030200 0.04160000
v -0.01706100 0.00030200 0.04160000
v -0.01706100 0.00030200 0.04160000
v -0.01706100 0.00030200 0.04160000
v -0.01706100 0.00030200 0.04160000
v -0.01706100 0.00030200 0.04160000
v -0.01774700 -0.00099400 0.04160000
v -0.01774700 -0.00099400 0.04160000
v -0.01774700 -0.00099400 0.04160000
v -0.01774700 -0.00099400 0.04160000
v -0.01774700 -0.00099400 0.04160000
v -0.01896500 -0.00180900 0.04160000
v -0.01896500 -0.00180900 0.04160000
v -0.01896500 -0.00180900 0.04160000
v -0.01896500 -0.00180900 0.04160000
v -0.01896500 -0.00180900 0.04160000
v -0.01995500 -0.00198400 0.04160000
v -0.01995500 -0.00198400 0.04160000
v -0.01995500 -0.00198400 0.04160000
v -0.01995500 -0.00198400 0.04160000
v -0.01995500 -0.00198400 0.04160000
v -0.02094700 -0.00182200 0.04160000
v -0.02094700 -0.00182200 0.04160000
v -0.02094700 -0.00182200 0.04160000
v -0.02094700 -0.00182200 0.04160000
v -0.02094700 -0.00182200 0.04160000
v -0.02217500 -0.00102300 0.04160000
v -0.02217500 -0.00102300 0.04160000
v -0.02217500 -0.00102300 0.04160000
v -0.02217500 -0.00102300 0.04160000
v -0.02217500 -0.00102300 0.04160000
v 0.02290800 -0.00119700 0.04453000
v 0.02290800 -0.00119700 0.04453000
v 0.02290800 -0.00119700 0.04453000
v 0.02298500 -0.00071200 0.04451700
v 0.02298500 -0.00071200 0.04451700
v 0.02298500 -0.00071200 0.04451700
v 0.02299200 -0.00059500 0.04451700
v 0.02299200 -0.00059500 0.04451700
v 0.02299200 -0.00059500 0.04451700
v 0.02299200 -0.00059500 0.04451700
v 0.02269300 -0.00179200 0.04457000
v 0.02269300 -0.00179200 0.04457000
v 0.02269300 -0.00179200 0.04457000
v 0.02269300 -0.00179200 0.04457000
v 0.02269300 -0.00179200 0.04457000
v 0.02269300 -0.00179200 0.04457000
v 0.02222100 -0.00249300 0.04466000
v 0.02222100 -0.00249300 0.04466000
v 0.02222100 -0.00249300 0.04466000
v 0.02192700 -0.00277700 0.04471700
v 0.02192700 -0.00277700 0.04471700
v 0.02192700 -0.00277700 0.04471700
v 0.02192700 -0.00277700 0.04471700
v 0.02192700 -0.00277700 0.04471700
v 0.02192700 -0.00277700 0.04471700
v 0.02100200 -0.00330900 0.04489700
v 0.02100200 -0.00330900 0.04489700
v 0.02100200 -0.00330900 0.04489700
v 0.02100200 -0.00330900 0.04489700
v 0.02100200 -0.00330900 0.04489700
v 0.02063900 -0.00341300 0.04496800
v 0.02063900 -0.00341300 0.04496800
v 0.02063900 -0.00341300 0.04496800
v 0.02063900 -0.00341300 0.04496800
v 0.02001400 -0.00348300 0.04509000
v 0.02001400 -0.00348300 0.04509000
v 0.02001400 -0.00348300 0.04509000
v 0.02001400 -0.00348300 0.04509000
v 0.02128100 0.00222700 0.04486800
v 0.02128100 0.00222700 0.04486800
v 0.02128100 0.00222700 0.04486800
v 0.02128100 0.00222700 0.04486800
v 0.02128100 0.00222700 0.04486800
v 0.02128100 0.00222700 0.04486800
v 0.01997500 0.00251700 0.04512700
v 0.01997500 0.00251700 0.04512700
v 0.01997500 0.00251700 0.04512700
v 0.01997500 0.00251700 0.04512700
v 0.01997500 0.00251700 0.04512700
v 0.01997500 0.00251700 0.04512700
v 0.02219400 0.00155600 0.04468500
v 0.02219400 0.00155600 0.04468500
v 0.02219400 0.00155600 0.04468500
v 0.02219400 0.00155600 0.04468500
v 0.02289800 0.00026900 0.04453900
v 0.02289800 0.00026900 0.04453900
v 0.02289800 0.00026900 0.04453900
v 0.02279000 0.00060400 0.04456200
v 0.02279000 0.00060400 0.04456200
v 0.02279000 0.00060400 0.04456200
v 0.02279000 0.00060400 0.04456200
v 0.02239600 0.00131400 0.04464400
v 0.02239600 0.00131400 0.04464400
v 0.02239600 0.00131400 0.04464400
v 0.01887900 -0.00326800 0.04531400
v 0.01887900 -0.00326800 0.04531400
v 0.01887900 -0.00326800 0.04531400
v 0.01887900 -0.00326800 0.04531400
v 0.01887900 -0.00326800 0.04531400
v 0.01887900 -0.00326800 0.04531400
v 0.01752900 -0.00219200 0.04558400
v 0.01752900 -0.00219200 0.04558400
v 0.01752900 -0.00219200 0.04558400
v 0.01752900 -0.00219200 0.04558400
v 0.01752900 -0.00219200 0.04558400
v 0.01771100 -0.00242900 0.04554700
v 0.01771100 -0.00242900 0.04554700
v 0.01771100 -0.00242900 0.04554700
v 0.01771100 -0.00242900 0.04554700
v 0.01708000 0.00023200 0.04568300
v 0.01708000 0.00023200 0.04568300
v 0.01708000 0.00023200 0.04568300
v 0.01708000 0.00023200 0.04568300
v 0.01708000 0.00023200 0.04568300
v 0.01699600 -0.00037100 0.04569600
v 0.01699600 -0.00037100 0.04569600
v 0.01699600 -0.00037100 0.04569600
v 0.01699400 -0.00052700 0.04569600
v 0.01699400 -0.00052700 0.04569600
v 0.01699400 -0.00052700 0.04569600
v 0.01702000 -0.00087600 0.04569000
v 0.01702000 -0.00087600 0.04569000
v 0.01702000 -0.00087600 0.04569000
v 0.01702000 -0.00087600 0.04569000
v 0.01702000 -0.00087600 0.04569000
v 0.01702000 -0.00087600 0.04569000
v 0.01709000 -0.00123600 0.04567400
v 0.01709000 -0.00123600 0.04567400
v 0.01709000 -0.00123600 0.04567400
v 0.01709000 -0.00123600 0.04567400
v 0.01737200 0.00097600 0.04563000
v 0.01737200 0.00097600 0.04563000
v 0.01737200 0.00097600 0.04563000
v 0.01737200 0.00097600 0.04563000
v 0.01737200 0.00097600 0.04563000
v 0.01776800 0.00152800 0.04555500
v 0.01776800 0.00152800 0.04555500
v 0.01776800 0.00152800 0.04555500
v 0.01776800 0.00152800 0.04555500
v 0.01834900 0.00202700 0.04544300
v 0.01834900 0.00202700 0.04544300
v 0.01834900 0.00202700 0.04544300
v 0.01834900 0.00202700 0.04544300
v 0.01834900 0.00202700 0.04544300
v 0.01898600 0.00234300 0.04532000
v 0.01898600 0.00234300 0.04532000
v 0.01898600 0.00234300 0.04532000
v 0.01898600 0.00234300 0.04532000
v 0.01970500 0.00250300 0.04517900
v 0.01970500 0.00250300 0.04517900
v 0.01970500 0.00250300 0.04517900
v 0.01970500 0.00250300 0.04517900
v 0.01970500 0.00250300 0.04517900
v -0.01698900 0.00071500 0.04569600
v -0.01698900 0.00071500 0.04569600
v -0.01698900 0.00071500 0.04569600
v -0.01701400 0.00052700 0.04569300
v -0.01701400 0.00052700 0.04569300
v -0.01701400 0.00052700 0.04569300
v -0.01706000 0.00030100 0.04568600
v -0.01706000 0.00030100 0.04568600
v -0.01706000 0.00030100 0.04568600
v -0.01706000 0.00030100 0.04568600
v -0.01706000 0.00030100 0.04568600
v -0.01697600 0.00090300 0.04569700
v -0.01697600 0.00090300 0.04569700
v -0.01697600 0.00090300 0.04569700
v -0.01697600 0.00090300 0.04569700
v -0.01701600 0.00151300 0.04568300
v -0.01701600 0.00151300 0.04568300
v -0.01701600 0.00151300 0.04568300
v -0.01701600 0.00151300 0.04568300
v -0.01701600 0.00151300 0.04568300
v -0.01701600 0.00151300 0.04568300
v -0.01755700 -0.00076100 0.04560000
v -0.01755700 -0.00076100 0.04560000
v -0.01755700 -0.00076100 0.04560000
v -0.01755700 -0.00076100 0.04560000
v -0.01755700 -0.00076100 0.04560000
v -0.01774700 -0.00099400 0.04556500
v -0.01774700 -0.00099400 0.04556500
v -0.01774700 -0.00099400 0.04556500
v -0.01774700 -0.00099400 0.04556500
v -0.01803500 -0.00127300 0.04551100
v -0.01803500 -0.00127300 0.04551100
v -0.01803500 -0.00127300 0.04551100
v -0.01803500 -0.00127300 0.04551100
v -0.01803500 -0.00127300 0.04551100
v -0.01893400 -0.00179800 0.04534100
v -0.01893400 -0.00179800 0.04534100
v -0.01893400 -0.00179800 0.04534100
v -0.01893400 -0.00179800 0.04534100
v -0.01943500 -0.00193500 0.04524400
v -0.01943500 -0.00193500 0.04524400
v -0.01943500 -0.00193500 0.04524400
v -0.01943500 -0.00193500 0.04524400
v -0.01943500 -0.00193500 0.04524400
v -0.01995500 -0.00198400 0.04514200
v -0.01995500 -0.00198400 0.04514200
v -0.01995500 -0.00198400 0.04514200
v -0.01995500 -0.00198400 0.04514200
v -0.01995500 -0.00198400 0.04514200
v -0.01999400 0.00401600 0.04507500
v -0.01999400 0.00401600 0.04507500
v -0.01999400 0.00401600 0.04507500
v -0.01999400 0.00401600 0.04507500
v -0.01859300 0.00367900 0.04535300
v -0.01859300 0.00367900 0.04535300
v -0.01859300 0.00367900 0.04535300
v -0.01859300 0.00367900 0.04535300
v -0.01859300 0.00367900 0.04535300
v -0.01859300 0.00367900 0.04535300
v -0.01707000 0.00176800 0.04567000
v -0.01707000 0.00176800 0.04567000
v -0.01707000 0.00176800 0.04567000
v -0.01707000 0.00176800 0.04567000
v -0.01751000 0.00272700 0.04557400
v -0.01751000 0.00272700 0.04557400
v -0.01751000 0.00272700 0.04557400
v -0.01751000 0.00272700 0.04557400
v -0.01751000 0.00272700 0.04557400
v -0.01777400 0.00305500 0.04551900
v -0.01777400 0.00305500 0.04551900
v -0.01777400 0.00305500 0.04551900
v -0.01777400 0.00305500 0.04551900
v -0.02295900 0.00071200 0.04452300
v -0.02295900 0.00071200 0.04452300
v -0.02295900 0.00071200 0.04452300
v -0.02287800 0.00026300 0.04454400
v -0.02287800 0.00026300 0.04454400
v -0.02287800 0.00026300 0.04454400
v -0.02287800 0.00026300 0.04454400
v -0.02103000 -0.00179200 0.04492900
v -0.02103000 -0.00179200 0.04492900
v -0.02103000 -0.00179200 0.04492900
v -0.02103000 -0.00179200 0.04492900
v -0.02103000 -0.00179200 0.04492900
v -0.02103000 -0.00179200 0.04492900
v -0.02103000 -0.00179200 0.04492900
v -0.02264300 -0.00035400 0.04459600
v -0.02264300 -0.00035400 0.04459600
v -0.02264300 -0.00035400 0.04459600
v -0.02264300 -0.00035400 0.04459600
v -0.02217500 -0.00102300 0.04469600
v -0.02217500 -0.00102300 0.04469600
v -0.02217500 -0.00102300 0.04469600
v -0.02217500 -0.00102300 0.04469600
v -0.02196800 -0.00122600 0.04473800
v -0.02196800 -0.00122600 0.04473800
v -0.02196800 -0.00122600 0.04473800
v -0.02196800 -0.00122600 0.04473800
v -0.02288800 0.00173000 0.04452700
v -0.02288800 0.00173000 0.04452700
v -0.02288800 0.00173000 0.04452700
v -0.02297200 0.00112800 0.04451700
v -0.02297200 0.00112800 0.04451700
v -0.02297200 0.00112800 0.04451700
v -0.02297300 0.00092000 0.04451900
v -0.02297300 0.00092000 0.04451900
v -0.02297300 0.00092000 0.04451900
v -0.02271100 0.00224600 0.04455700
v -0.02271100 0.00224600 0.04455700
v -0.02271100 0.00224600 0.04455700
v -0.02271100 0.00224600 0.04455700
v -0.02271100 0.00224600 0.04455700
v -0.02271100 0.00224600 0.04455700
v -0.02220100 0.00302600 0.04465000
v -0.02220100 0.00302600 0.04465000
v -0.02220100 0.00302600 0.04465000
v -0.02194800 0.00327500 0.04469700
v -0.02194800 0.00327500 0.04469700
v -0.02194800 0.00327500 0.04469700
v -0.02194800 0.00327500 0.04469700
v -0.02194800 0.00327500 0.04469700
v -0.02194800 0.00327500 0.04469700
v -0.02098200 0.00384100 0.04488200
v -0.02098200 0.00384100 0.04488200
v -0.02098200 0.00384100 0.04488200
v -0.02098200 0.00384100 0.04488200
v -0.02098200 0.00384100 0.04488200
v -0.02067100 0.00393300 0.04494200
v -0.02067100 0.00393300 0.04494200
v -0.02067100 0.00393300 0.04494200
v -0.02067100 0.00393300 0.04494200
v 0.00585500 0.01146000 0.04629800
v 0.00585500 0.01146000 0.04629800
v 0.00585500 0.01146000 0.04629800
v 0.00585500 0.01146000 0.04629800
v 0.00585500 0.01146000 0.04629800
v 0.00038400 0.01238200 0.04635700
v 0.00038400 0.01238200 0.04635700
v 0.00038400 0.01238200 0.04635700
v 0.00038400 0.01238200 0.04635700
v 0.00038400 0.01238200 0.04635700
v 0.00038400 0.01238200 0.04635700
v 0.00019200 0.00620700 0.04691400
v 0.00019200 0.00620700 0.04691400
v 0.00019200 0.00620700 0.04691400
v 0.00628800 -0.00019500 0.04690900
v 0.00628800 -0.00019500 0.04690900
v 0.00628800 -0.00019500 0.04690900
v 0.00628800 -0.00019500 0.04690900
v 0.00785300 -0.00024300 0.04680200
v 0.00785300 -0.00024300 0.04680200
v 0.00785300 -0.00024300 0.04680200
v 0.00785300 -0.00024300 0.04680200
v 0.00785300 -0.00024300 0.04680200
v 0.00892900 0.00225500 0.04669000
v 0.00892900 0.00225500 0.04669000
v 0.00892900 0.00225500 0.04669000
v 0.00296300 0.02427500 0.04417400
v 0.00296300 0.02427500 0.04417400
v 0.00075700 0.02444400 0.04417400
v 0.00617600 0.02366300 0.04417400
v 0.00617600 0.02366300 0.04417400
v 0.00917300 0.02267000 0.04417400
v 0.00917300 0.02267000 0.04417400
v 0.00917300 0.02267000 0.04417400
v 0.00909200 0.01446300 0.04568300
v 0.00909200 0.01446300 0.04568300
v 0.00909200 0.01446300 0.04568300
v 0.00909200 0.01446300 0.04568300
v 0.00909200 0.01446300 0.04568300
v 0.01209000 0.02125800 0.04417400
v 0.01209000 0.02125800 0.04417400
v 0.01222000 0.01434500 0.04537300
v 0.01222000 0.01434500 0.04537300
v 0.01222000 0.01434500 0.04537300
v 0.01475000 0.01950600 0.04417400
v 0.01475000 0.01950600 0.04417400
v 0.01533800 0.01422800 0.04496700
v 0.01533800 0.01422800 0.04496700
v 0.01533800 0.01422800 0.04496700
v 0.01533800 0.01422800 0.04496700
v 0.01533800 0.01422800 0.04496700
v 0.01718000 0.01740500 0.04417400
v 0.01718000 0.01740500 0.04417400
v 0.01718000 0.01740500 0.04417400
v 0.01715000 0.01186300 0.04498100
v 0.01715000 0.01186300 0.04498100
v 0.01715000 0.01186300 0.04498100
v 0.01715000 0.01186300 0.04498100
v 0.01715000 0.01186300 0.04498100
v 0.01715000 0.01186300 0.04498100
v 0.01715000 0.01186300 0.04498100
v 0.01715000 0.01186300 0.04498100
v 0.01715000 0.01186300 0.04498100
v 0.01715000 0.01186300 0.04498100
v 0.01715000 0.01186300 0.04498100
v 0.01715000 0.01186300 0.04498100
v 0.01715000 0.01186300 0.04498100
v 0.01931300 0.01500200 0.04417400
v 0.01931300 0.01500200 0.04417400
v 0.02109900 0.01236500 0.04417400
v 0.02109900 0.01236500 0.04417400
v 0.02109900 0.01236500 0.04417400
v 0.01688700 -0.00052300 0.04571400
v 0.01688700 -0.00052300 0.04571400
v 0.01688700 -0.00052300 0.04571400
v 0.01688700 -0.00052300 0.04571400
v 0.01688700 -0.00052300 0.04571400
v 0.01688700 -0.00052300 0.04571400
v 0.01688700 -0.00052300 0.04571400
v 0.01688700 -0.00052300 0.04571400
v 0.02423400 0.00327900 0.04417500
v 0.02423400 0.00327900 0.04417500
v 0.02423400 0.00327900 0.04417500
v 0.02423400 0.00327900 0.04417500
v 0.02358000 0.00648300 0.04417500
v 0.02358000 0.00648300 0.04417500
v 0.02254900 0.00946700 0.04417500
v 0.02254900 0.00946700 0.04417500
v 0.02445500 0.00015900 0.04417500
v 0.02445500 0.00015900 0.04417500
v 0.02445500 0.00015900 0.04417500
v 0.02445300 -0.00029900 0.04417500
v 0.02444300 -0.00075800 0.04417500
v 0.01522100 0.01111100 0.04537300
v 0.01522100 0.01111100 0.04537300
v 0.01522100 0.01111100 0.04537300
v 0.01510300 0.00798300 0.04568300
v 0.01510300 0.00798300 0.04568300
v 0.01510300 0.00798300 0.04568300
v 0.01510300 0.00798300 0.04568300
v 0.01510300 0.00798300 0.04568300
v 0.01510300 0.00798300 0.04568300
v 0.01950600 -0.01475000 0.04417400
v 0.01950600 -0.01475000 0.04417400
v 0.02125800 -0.01209000 0.04417400
v 0.02125800 -0.01209000 0.04417400
v 0.02125800 -0.01209000 0.04417400
v 0.02125800 -0.01209000 0.04417400
v 0.01638300 -0.01290200 0.04498100
v 0.01638300 -0.01290200 0.04498100
v 0.01638300 -0.01290200 0.04498100
v 0.01638300 -0.01290200 0.04498100
v 0.01638300 -0.01290200 0.04498100
v 0.01638300 -0.01290200 0.04498100
v 0.01638300 -0.01290200 0.04498100
v 0.01638300 -0.01290200 0.04498100
v 0.01638300 -0.01290200 0.04498100
v 0.01638300 -0.01290200 0.04498100
v 0.01638300 -0.01290200 0.04498100
v 0.01638300 -0.01290200 0.04498100
v 0.01638300 -0.01290200 0.04498100
v -0.00019500 -0.00628800 0.04690900
v -0.00019500 -0.00628800 0.04690900
v -0.00019500 -0.00628800 0.04690900
v -0.00038400 -0.01238200 0.04635700
v -0.00038400 -0.01238200 0.04635700
v -0.00038400 -0.01238200 0.04635700
v -0.00038400 -0.01238200 0.04635700
v -0.00038400 -0.01238200 0.04635700
v -0.00038400 -0.01238200 0.04635700
v 0.00229900 -0.00897600 0.04668500
v 0.00229900 -0.00897600 0.04668500
v 0.00229900 -0.00897600 0.04668500
v 0.00798300 -0.01510400 0.04568300
v 0.00798300 -0.01510400 0.04568300
v 0.00798300 -0.01510400 0.04568300
v 0.00798300 -0.01510400 0.04568300
v 0.00798300 -0.01510400 0.04568300
v 0.00798300 -0.01510400 0.04568300
v -0.00075800 -0.02444400 0.04417400
v -0.00029900 -0.02445300 0.04417400
v 0.00015900 -0.02445500 0.04417400
v 0.00015900 -0.02445500 0.04417400
v 0.00327900 -0.02423400 0.04417400
v 0.00327900 -0.02423400 0.04417400
v 0.00648300 -0.02358000 0.04417400
v 0.00648300 -0.02358000 0.04417400
v 0.00648300 -0.02358000 0.04417400
v 0.01111200 -0.01522100 0.04537300
v 0.01111200 -0.01522100 0.04537300
v 0.01111200 -0.01522100 0.04537300
v 0.01111200 -0.01522100 0.04537300
v 0.01111200 -0.01522100 0.04537300
v 0.01446300 -0.00909200 0.04568300
v 0.01446300 -0.00909200 0.04568300
v 0.01446300 -0.00909200 0.04568300
v 0.01446300 -0.00909200 0.04568300
v 0.01446300 -0.00909200 0.04568300
v 0.01434600 -0.01222100 0.04537300
v 0.01434600 -0.01222100 0.04537300
v 0.01434600 -0.01222100 0.04537300
v 0.01422900 -0.01533800 0.04496700
v 0.01422900 -0.01533800 0.04496700
v 0.01422900 -0.01533800 0.04496700
v 0.01422900 -0.01533800 0.04496700
v 0.01422900 -0.01533800 0.04496700
v 0.01176900 -0.00618800 0.04624400
v 0.01176900 -0.00618800 0.04624400
v 0.01176900 -0.00618800 0.04624400
v 0.01176900 -0.00618800 0.04624400
v 0.01176900 -0.00618800 0.04624400
v 0.00624600 -0.00023400 0.04691100
v 0.00624600 -0.00023400 0.04691100
v 0.00624600 -0.00023400 0.04691100
v 0.02427500 -0.00296400 0.04417500
v 0.02427500 -0.00296400 0.04417500
v 0.02366300 -0.00617600 0.04417500
v 0.02366300 -0.00617600 0.04417500
v 0.02366300 -0.00617600 0.04417500
v 0.02267000 -0.00917300 0.04417500
v 0.02267000 -0.00917300 0.04417500
v 0.02267000 -0.00917300 0.04417500
v 0.00946700 -0.02254900 0.04417400
v 0.00946700 -0.02254900 0.04417400
v 0.01236500 -0.02109900 0.04417400
v 0.01236500 -0.02109900 0.04417400
v 0.01500200 -0.01931300 0.04417400
v 0.01500200 -0.01931300 0.04417400
v 0.01500200 -0.01931300 0.04417400
v 0.01740400 -0.01718000 0.04417400
v 0.01740400 -0.01718000 0.04417400
v -0.01688800 0.00052300 0.04571400
v -0.01688800 0.00052300 0.04571400
v -0.01688800 0.00052300 0.04571400
v -0.01688800 0.00052300 0.04571400
v -0.01688800 0.00052300 0.04571400
v -0.01688800 0.00052300 0.04571400
v -0.01688800 0.00052300 0.04571400
v -0.01688800 0.00052300 0.04571400
v -0.01688800 0.00052300 0.04571400
v -0.00798300 0.01510300 0.04568300
v -0.00798300 0.01510300 0.04568300
v -0.00798300 0.01510300 0.04568300
v -0.00798300 0.01510300 0.04568300
v -0.00798300 0.01510300 0.04568300
v -0.00798300 0.01510300 0.04568300
v -0.00798300 0.01510300 0.04568300
v -0.00798300 0.01510300 0.04568300
v -0.00798300 0.01510300 0.04568300
v -0.01638300 0.01290200 0.04498100
v -0.01638300 0.01290200 0.04498100
v -0.01638300 0.01290200 0.04498100
v -0.01638300 0.01290200 0.04498100
v -0.01638300 0.01290200 0.04498100
v -0.01638300 0.01290200 0.04498100
v -0.01638300 0.01290200 0.04498100
v -0.01638300 0.01290200 0.04498100
v -0.01638300 0.01290200 0.04498100
v -0.01638300 0.01290200 0.04498100
v -0.01638300 0.01290200 0.04498100
v -0.01638300 0.01290200 0.04498100
v -0.01638300 0.01290200 0.04498100
v -0.01446400 0.00909200 0.04568300
v -0.01446400 0.00909200 0.04568300
v -0.01446400 0.00909200 0.04568300
v -0.01446400 0.00909200 0.04568300
v -0.01274900 0.00724300 0.04605800
v -0.01274900 0.00724300 0.04605800
v -0.01274900 0.00724300 0.04605800
v -0.00785400 0.00024300 0.04680200
v -0.00785400 0.00024300 0.04680200
v -0.00785400 0.00024300 0.04680200
v -0.00785400 0.00024300 0.04680200
v -0.00785400 0.00024300 0.04680200
v -0.00724800 0.00131400 0.04683800
v -0.00724800 0.00131400 0.04683800
v -0.00724800 0.00131400 0.04683800
v -0.00724800 0.00131400 0.04683800
v -0.00076800 0.00732500 0.04683800
v -0.00076800 0.00732500 0.04683800
v -0.00076800 0.00732500 0.04683800
v -0.00076800 0.00732500 0.04683800
v -0.00076800 0.00732500 0.04683800
v -0.00076800 0.00732500 0.04683800
v -0.00229200 0.00896800 0.04668600
v -0.00229200 0.00896800 0.04668600
v -0.00229200 0.00896800 0.04668600
v -0.00628900 0.00019500 0.04690900
v -0.00628900 0.00019500 0.04690900
v -0.00628900 0.00019500 0.04690900
v -0.00624600 0.00023400 0.04691100
v -0.00624600 0.00023400 0.04691100
v -0.00624600 0.00023400 0.04691100
v -0.00702000 0.00152600 0.04685100
v -0.00702000 0.00152600 0.04685100
v -0.00702000 0.00152600 0.04685100
v -0.00702000 0.00152600 0.04685100
v 0.00000500 0.00603300 0.04692400
v 0.00000500 0.00603300 0.04692400
v 0.00000500 0.00603300 0.04692400
v 0.00000500 0.00603300 0.04692400
v 0.00029900 0.02445300 0.04417400
v -0.00648300 0.02358000 0.04417400
v -0.00648300 0.02358000 0.04417400
v -0.00327900 0.02423400 0.04417400
v -0.00327900 0.02423400 0.04417400
v -0.00015900 0.02445500 0.04417400
v -0.00015900 0.02445500 0.04417400
v -0.02444400 0.00075800 0.04417400
v -0.02427500 0.00296400 0.04417400
v -0.02427500 0.00296400 0.04417400
v -0.02366300 0.00617600 0.04417400
v -0.02366300 0.00617600 0.04417400
v -0.02366300 0.00617600 0.04417400
v -0.02267000 0.00917300 0.04417400
v -0.02267000 0.00917300 0.04417400
v -0.02267000 0.00917300 0.04417400
v -0.02125800 0.01209000 0.04417400
v -0.02125800 0.01209000 0.04417400
v -0.02125800 0.01209000 0.04417400
v -0.02125800 0.01209000 0.04417400
v -0.01950600 0.01475000 0.04417400
v -0.01950600 0.01475000 0.04417400
v -0.01740500 0.01718000 0.04417400
v -0.01740500 0.01718000 0.04417400
v -0.00946700 0.02254900 0.04417400
v -0.00946700 0.02254900 0.04417400
v -0.01236500 0.02109900 0.04417400
v -0.01236500 0.02109900 0.04417400
v -0.01236500 0.02109900 0.04417400
v -0.01500300 0.01931300 0.04417400
v -0.01500300 0.01931300 0.04417400
v -0.00893000 -0.00225500 0.04669000
v -0.00893000 -0.00225500 0.04669000
v -0.00893000 -0.00225500 0.04669000
v -0.00296400 -0.02427500 0.04417400
v -0.00296400 -0.02427500 0.04417400
v -0.00617600 -0.02366300 0.04417400
v -0.00617600 -0.02366300 0.04417400
v -0.00590600 -0.01150800 0.04629000
v -0.00590600 -0.01150800 0.04629000
v -0.00590600 -0.01150800 0.04629000
v -0.00590600 -0.01150800 0.04629000
v -0.00590600 -0.01150800 0.04629000
v -0.00917300 -0.02267000 0.04417400
v -0.00917300 -0.02267000 0.04417400
v -0.00917300 -0.02267000 0.04417400
v -0.00909200 -0.01446400 0.04568300
v -0.00909200 -0.01446400 0.04568300
v -0.00909200 -0.01446400 0.04568300
v -0.00909200 -0.01446400 0.04568300
v -0.00909200 -0.01446400 0.04568300
v -0.01209000 -0.02125800 0.04417400
v -0.01209000 -0.02125800 0.04417400
v -0.01222100 -0.01434600 0.04537300
v -0.01222100 -0.01434600 0.04537300
v -0.01222100 -0.01434600 0.04537300
v -0.01475000 -0.01950600 0.04417400
v -0.01475000 -0.01950600 0.04417400
v -0.01533800 -0.01422900 0.04496700
v -0.01533800 -0.01422900 0.04496700
v -0.01533800 -0.01422900 0.04496700
v -0.01533800 -0.01422900 0.04496700
v -0.01718000 -0.01740500 0.04417400
v -0.01718000 -0.01740500 0.04417400
v -0.01718000 -0.01740500 0.04417400
v -0.01715000 -0.01186300 0.04498100
v -0.01715000 -0.01186300 0.04498100
v -0.01715000 -0.01186300 0.04498100
v -0.01715000 -0.01186300 0.04498100
v -0.01715000 -0.01186300 0.04498100
v -0.01715000 -0.01186300 0.04498100
v -0.01715000 -0.01186300 0.04498100
v -0.01715000 -0.01186300 0.04498100
v -0.01715000 -0.01186300 0.04498100
v -0.01715000 -0.01186300 0.04498100
v -0.01715000 -0.01186300 0.04498100
v -0.01715000 -0.01186300 0.04498100
v -0.01715000 -0.01186300 0.04498100
v -0.01931300 -0.01500200 0.04417400
v -0.01931300 -0.01500200 0.04417400
v -0.02109900 -0.01236500 0.04417400
v -0.02109900 -0.01236500 0.04417400
v -0.02109900 -0.01236500 0.04417400
v -0.02423500 -0.00327900 0.04417400
v -0.02423500 -0.00327900 0.04417400
v -0.02423500 -0.00327900 0.04417400
v -0.02254900 -0.00946700 0.04417400
v -0.02254900 -0.00946700 0.04417400
v -0.02254900 -0.00946700 0.04417400
v -0.02358000 -0.00648300 0.04417400
v -0.02358000 -0.00648300 0.04417400
v -0.02445500 -0.00015900 0.04417400
v -0.02445500 -0.00015900 0.04417400
v -0.02445400 0.00029900 0.04417400
v -0.01522100 -0.01111200 0.04537300
v -0.01522100 -0.01111200 0.04537300
v -0.01522100 -0.01111200 0.04537300
v -0.01510400 -0.00798300 0.04568300
v -0.01510400 -0.00798300 0.04568300
v -0.01510400 -0.00798300 0.04568300
v -0.01510400 -0.00798300 0.04568300
v -0.01510400 -0.00798300 0.04568300
v -0.01510400 -0.00798300 0.04568300
v -0.00023400 -0.00624500 0.04691100
v -0.00023400 -0.00624500 0.04691100
v -0.00023400 -0.00624500 0.04691100
v 0.00909200 0.01446300 0.04532800
v 0.00909200 0.01446300 0.04532800
v 0.00909200 0.01446300 0.04532800
v 0.00909200 0.01446300 0.04532800
v 0.00909200 0.01446300 0.04532800
v 0.00361800 0.00938500 0.04625900
v 0.00361800 0.00938500 0.04625900
v 0.00361800 0.00938500 0.04625900
v 0.00189200 0.00778400 0.04643900
v 0.00189200 0.00778400 0.04643900
v 0.00189200 0.00778400 0.04643900
v 0.00189200 0.00778400 0.04643900
v 0.00023400 0.00624600 0.04656100
v 0.00023400 0.00624600 0.04656100
v 0.00023400 0.00624600 0.04656100
v -0.00138900 0.00474000 0.04663200
v -0.00138900 0.00474000 0.04663200
v -0.00138900 0.00474000 0.04663200
v -0.00624600 0.00023400 0.04656100
v -0.00624600 0.00023400 0.04656100
v -0.00624600 0.00023400 0.04656100
v -0.00471700 0.00165300 0.04662900
v -0.00471700 0.00165300 0.04662900
v -0.00471700 0.00165300 0.04662900
v -0.00300600 0.00324000 0.04665500
v -0.00300600 0.00324000 0.04665500
v -0.00300600 0.00324000 0.04665500
v -0.00253600 0.00367600 0.04665300
v -0.00253600 0.00367600 0.04665300
v 0.01533800 0.01422800 0.04461000
v 0.01533800 0.01422800 0.04461000
v 0.01533800 0.01422800 0.04461000
v 0.01533800 0.01422800 0.04461000
v 0.01510300 0.00798300 0.04532800
v 0.01510300 0.00798300 0.04532800
v 0.01510300 0.00798300 0.04532800
v 0.01156300 0.00469800 0.04599300
v 0.01156300 0.00469800 0.04599300
v 0.01156300 0.00469800 0.04599300
v 0.00981600 0.00307800 0.04623700
v 0.00981600 0.00307800 0.04623700
v 0.00981600 0.00307800 0.04623700
v 0.00981600 0.00307800 0.04623700
v 0.00826700 0.00164000 0.04640600
v 0.00826700 0.00164000 0.04640600
v 0.00826700 0.00164000 0.04640600
v 0.00624600 -0.00023400 0.04656100
v 0.00624600 -0.00023400 0.04656100
v 0.00624600 -0.00023400 0.04656100
v 0.00624600 -0.00023400 0.04656100
v 0.01179400 0.00491300 0.04595700
v 0.01179400 0.00491300 0.04595700
v 0.01179400 0.00491300 0.04595700
v 0.01179400 0.00491300 0.04595700
v 0.02442700 0.00330500 0.04392700
v 0.00778400 -0.00189200 0.04643900
v 0.00778400 -0.00189200 0.04643900
v 0.00778400 -0.00189200 0.04643900
v 0.00778400 -0.00189200 0.04643900
v 0.00938700 -0.00362000 0.04625900
v 0.00938700 -0.00362000 0.04625900
v 0.00938700 -0.00362000 0.04625900
v 0.01446300 -0.00909200 0.04532800
v 0.01446300 -0.00909200 0.04532800
v 0.01446300 -0.00909200 0.04532800
v 0.01446300 -0.00909200 0.04532800
v 0.01446300 -0.00909200 0.04532800
v 0.01422900 -0.01533800 0.04461000
v 0.01422900 -0.01533800 0.04461000
v 0.01422900 -0.01533800 0.04461000
v 0.01422900 -0.01533800 0.04461000
v 0.00798300 -0.01510400 0.04532800
v 0.00798300 -0.01510400 0.04532800
v 0.00798300 -0.01510400 0.04532800
v 0.00469800 -0.01156200 0.04599400
v 0.00469800 -0.01156200 0.04599400
v 0.00469800 -0.01156200 0.04599400
v 0.00307900 -0.00981700 0.04623700
v 0.00307900 -0.00981700 0.04623700
v 0.00307900 -0.00981700 0.04623700
v 0.00307900 -0.00981700 0.04623700
v 0.00164000 -0.00826600 0.04640600
v 0.00164000 -0.00826600 0.04640600
v 0.00164000 -0.00826600 0.04640600
v -0.00023400 -0.00624500 0.04656100
v -0.00023400 -0.00624500 0.04656100
v -0.00023400 -0.00624500 0.04656100
v -0.00023400 -0.00624500 0.04656100
v 0.00491300 -0.01179400 0.04595700
v 0.00491300 -0.01179400 0.04595700
v 0.00491300 -0.01179400 0.04595700
v 0.00491300 -0.01179400 0.04595700
v -0.01156400 -0.00469800 0.04599300
v -0.01156400 -0.00469800 0.04599300
v -0.01156400 -0.00469800 0.04599300
v -0.00981700 -0.00307800 0.04623700
v -0.00981700 -0.00307800 0.04623700
v -0.00981700 -0.00307800 0.04623700
v -0.00981700 -0.00307800 0.04623700
v -0.00826800 -0.00164000 0.04640600
v -0.00826800 -0.00164000 0.04640600
v -0.00826800 -0.00164000 0.04640600
v -0.01179500 -0.00491300 0.04595700
v -0.01179500 -0.00491300 0.04595700
v -0.01179500 -0.00491300 0.04595700
v -0.01179500 -0.00491300 0.04595700
v -0.01510400 -0.00798300 0.04532800
v -0.01510400 -0.00798300 0.04532800
v -0.01510400 -0.00798300 0.04532800
v -0.00798300 0.01510300 0.04532800
v -0.00798300 0.01510300 0.04532800
v -0.00798300 0.01510300 0.04532800
v -0.00798300 0.01510300 0.04532800
v -0.01434200 0.00920500 0.04533500
v -0.01434200 0.00920500 0.04533500
v -0.01434200 0.00920500 0.04533500
v -0.01446400 0.00909200 0.04532800
v -0.01446400 0.00909200 0.04532800
v -0.00438600 0.01122500 0.04604500
v -0.00438600 0.01122500 0.04604500
v -0.00438600 0.01122500 0.04604500
v -0.00076800 0.00732500 0.04648700
v -0.00076800 0.00732500 0.04648700
v -0.00076800 0.00732500 0.04648700
v -0.00076800 0.00732500 0.04648700
v -0.00112500 0.00699400 0.04650700
v -0.00112500 0.00699400 0.04650700
v -0.00112500 0.00699400 0.04650700
v -0.00724800 0.00131400 0.04648700
v -0.00724800 0.00131400 0.04648700
v -0.00724800 0.00131400 0.04648700
v -0.00845900 0.00261900 0.04637000
v -0.00845900 0.00261900 0.04637000
v -0.00845900 0.00261900 0.04637000
v -0.00189300 -0.00778400 0.04643900
v -0.00189300 -0.00778400 0.04643900
v -0.00189300 -0.00778400 0.04643900
v -0.00189300 -0.00778400 0.04643900
v -0.00362100 -0.00938700 0.04625900
v -0.00362100 -0.00938700 0.04625900
v -0.00362100 -0.00938700 0.04625900
v -0.00909200 -0.01446400 0.04532800
v -0.00909200 -0.01446400 0.04532800
v -0.00909200 -0.01446400 0.04532800
v -0.00909200 -0.01446400 0.04532800
v -0.00909200 -0.01446400 0.04532800
v -0.01533800 -0.01422900 0.04461000
v -0.01533800 -0.01422900 0.04461000
v -0.01533800 -0.01422900 0.04461000
v -0.01533800 -0.01422900 0.04461000
v 0.00000000 0.00000000 0.04675000
v 0.00000000 0.00000000 0.04675000
v 0.00000000 0.00000000 0.04675000
v 0.00000000 0.00000000 0.04675000
v 0.00000000 0.00000000 0.04675000
v 0.00000000 0.00000000 0.04675000
v 0.00000000 0.00000000 0.04675000
v 0.00000000 0.00000000 0.04675000
v 0.00000000 0.00000000 0.04675000
v 0.00000000 0.00000000 0.04675000
v 0.00000000 0.00000000 0.04675000
v 0.00000000 0.00000000 0.04675000
v 0.00000000 0.00000000 0.04675000
v 0.00000000 0.00000000 0.04675000
v 0.00000000 0.00000000 0.04675000
v 0.00000000 0.00000000 0.04675000
v 0.00000000 0.00000000 0.04675000
v 0.00000000 0.00000000 0.04675000
v 0.00000000 0.00000000 0.04675000
v 0.00000000 0.00000000 0.04675000
v 0.00000000 0.00000000 0.04675000
v 0.00000000 0.00000000 0.04675000
v 0.00983300 0.00390100 0.04620700
v 0.00983300 0.00390100 0.04620700
v 0.00983300 0.00390100 0.04620700
v 0.00858100 0.00618500 0.04620700
v 0.00858100 0.00618500 0.04620700
v 0.00858100 0.00618500 0.04620700
v 0.00858100 0.00618500 0.04620700
v 0.00681000 0.00809400 0.04620700
v 0.00681000 0.00809400 0.04620700
v 0.00681000 0.00809400 0.04620700
v 0.00462600 0.00951300 0.04620700
v 0.00462600 0.00951300 0.04620700
v 0.00462600 0.00951300 0.04620700
v 0.00462600 0.00951300 0.04620700
v 0.00462600 0.00951300 0.04620700
v 0.00390100 -0.00983300 0.04620700
v 0.00390100 -0.00983300 0.04620700
v 0.00390100 -0.00983300 0.04620700
v 0.00618500 -0.00858200 0.04620700
v 0.00618500 -0.00858200 0.04620700
v 0.00618500 -0.00858200 0.04620700
v 0.00618500 -0.00858200 0.04620700
v 0.00809400 -0.00681000 0.04620700
v 0.00809400 -0.00681000 0.04620700
v 0.00809400 -0.00681000 0.04620700
v 0.00951300 -0.00462600 0.04620700
v 0.00951300 -0.00462600 0.04620700
v 0.00951300 -0.00462600 0.04620700
v 0.00951300 -0.00462600 0.04620700
v 0.00951300 -0.00462600 0.04620700
v -0.00983300 -0.00390100 0.04620700
v -0.00983300 -0.00390100 0.04620700
v -0.00983300 -0.00390100 0.04620700
v -0.00858200 -0.00618500 0.04620700
v -0.00858200 -0.00618500 0.04620700
v -0.00858200 -0.00618500 0.04620700
v -0.00858200 -0.00618500 0.04620700
v -0.00681100 -0.00809500 0.04620700
v -0.00681100 -0.00809500 0.04620700
v -0.00681100 -0.00809500 0.04620700
v -0.00462600 -0.00951300 0.04620700
v -0.00462600 -0.00951300 0.04620700
v -0.00462600 -0.00951300 0.04620700
v -0.00462600 -0.00951300 0.04620700
v -0.00462600 -0.00951300 0.04620700
v -0.00755400 0.00813900 0.04615200
v -0.00755400 0.00813900 0.04615200
v -0.00755400 0.00813900 0.04615200
v -0.00755400 0.00813900 0.04615200
v -0.00755400 0.00813900 0.04615200
v -0.00755400 0.00813900 0.04615200
v 0.04605000 0.06976800 -0.03050000
v 0.04605000 0.06976800 -0.03050000
v -0.00395000 0.06976700 -0.03050000
v -0.00395000 0.06976700 -0.03050000
v -0.00395000 0.06976700 -0.03050000
v -0.00395000 0.07919200 -0.02900700
v -0.00395000 0.07919200 -0.02900700
v -0.00395000 0.07919200 -0.02900700
v 0.04605000 0.07919300 -0.02900700
v 0.04605000 0.07919300 -0.02900700
v -0.00395000 0.08769500 -0.02467500
v -0.00395000 0.08769500 -0.02467500
v -0.00395000 0.08769500 -0.02467500
v 0.04605000 0.08769500 -0.02467500
v 0.04605000 0.08769500 -0.02467500
v 0.04605000 0.08769500 -0.02467500
v -0.00395000 0.08943300 -0.02331300
v -0.00395000 0.08943300 -0.02331300
v -0.00395000 0.08943300 -0.02331300
v -0.00395000 0.08943300 -0.02331300
v 0.04605000 0.09444300 -0.01792700
v 0.04605000 0.09444300 -0.01792700
v 0.04605000 0.09444300 -0.01792700
v 0.04605000 0.09444300 -0.01792700
v -0.00395000 0.09444200 -0.01792700
v -0.00395000 0.09444200 -0.01792700
v -0.00395000 0.09444200 -0.01792700
v -0.00395000 0.09751700 -0.01265800
v -0.00395000 0.09751700 -0.01265800
v -0.00395000 0.09751700 -0.01265800
v -0.00395000 0.09751700 -0.01265800
v 0.04605000 0.09877500 -0.00942500
v 0.04605000 0.09877500 -0.00942500
v 0.04605000 0.09877500 -0.00942500
v 0.04605000 0.09877500 -0.00942500
v -0.00395000 0.10016100 -0.00254600
v -0.00395000 0.10016100 -0.00254600
v -0.00395000 0.10016100 -0.00254600
v 0.04605000 0.10026800 -0.00000000
v 0.04605000 0.10026800 -0.00000000
v 0.04605000 0.10026800 -0.00000000
v 0.04605000 0.10026800 -0.00000000
v -0.00395000 0.09932100 -0.00753800
v -0.00395000 0.09932100 -0.00753800
v -0.00395000 0.09932100 -0.00753800
v -0.00395000 0.09877500 -0.00942500
v -0.00395000 0.09877500 -0.00942500
v -0.00395000 0.09877500 -0.00942500
v -0.00395000 0.09932100 0.00753800
v -0.00395000 0.09932100 0.00753800
v -0.00395000 0.09932100 0.00753800
v 0.04605000 0.09877500 0.00942500
v 0.04605000 0.09877500 0.00942500
v 0.04605000 0.09877500 0.00942500
v 0.04605000 0.09877500 0.00942500
v -0.00395000 0.10016100 0.00254600
v -0.00395000 0.10016100 0.00254600
v -0.00395000 0.10016100 0.00254600
v -0.00395000 0.10026700 -0.00000000
v -0.00395000 0.10026700 -0.00000000
v -0.00395000 0.10026700 -0.00000000
v -0.00395000 0.09877500 0.00942500
v -0.00395000 0.09877500 0.00942500
v -0.00395000 0.09877500 0.00942500
v -0.00395000 0.09751700 0.01265700
v -0.00395000 0.09751700 0.01265700
v -0.00395000 0.09751700 0.01265700
v -0.00395000 0.09751700 0.01265700
v 0.04605000 0.09444300 0.01792800
v 0.04605000 0.09444300 0.01792800
v 0.04605000 0.09444300 0.01792800
v -0.00395000 0.09444200 0.01792700
v -0.00395000 0.09444200 0.01792700
v -0.00395000 0.09444200 0.01792700
v -0.00395000 0.08769500 0.02467500
v -0.00395000 0.08769500 0.02467500
v -0.00395000 0.08769500 0.02467500
v 0.04605000 0.08769500 0.02467500
v 0.04605000 0.08769500 0.02467500
v -0.00395000 0.07919200 0.02900700
v -0.00395000 0.07919200 0.02900700
v -0.00395000 0.07919200 0.02900700
v 0.04605000 0.07919300 0.02900700
v 0.04605000 0.07919300 0.02900700
v -0.00395000 0.06976700 0.03050000
v -0.00395000 0.06976700 0.03050000
v -0.00395000 0.06976700 0.03050000
v 0.04605000 0.06976800 0.03050000
v 0.04605000 0.06976800 0.03050000
v 0.04605000 0.06034300 0.02900700
v 0.04605000 0.06034300 0.02900700
v -0.00395000 0.05010200 -0.02331300
v -0.00395000 0.05010200 -0.02331300
v -0.00395000 0.05010200 -0.02331300
v -0.00395000 0.05010200 -0.02331300
v -0.00395000 0.05010200 -0.02331300
v -0.00395000 0.05184000 -0.02467500
v -0.00395000 0.05184000 -0.02467500
v -0.00395000 0.05184000 -0.02467500
v -0.00395000 0.05184000 -0.02467500
v -0.00395000 0.05184000 -0.02467500
v 0.04605000 0.06034300 -0.02900700
v 0.04605000 0.06034300 -0.02900700
v -0.00395000 0.06034200 -0.02900700
v -0.00395000 0.06034200 -0.02900700
v -0.00395000 0.06034200 -0.02900700
v -0.00395000 0.06034200 -0.02900700
v -0.00395000 0.06034200 -0.02900700
v -0.00395000 0.06034200 -0.02900700
v -0.00395000 0.06034200 -0.02900700
v -0.00395000 0.06034200 0.02900700
v -0.00395000 0.06034200 0.02900700
v -0.00395000 0.06034200 0.02900700
v -0.00395000 0.06034200 0.02900700
v -0.00395000 0.06034200 0.02900700
v -0.00395000 0.06034200 0.02900700
v -0.00395000 0.06034200 0.02900700
v -0.00395000 0.06034200 0.02900700
v -0.00395000 0.05184000 0.02467500
v -0.00395000 0.05184000 0.02467500
v -0.00395000 0.05184000 0.02467500
v -0.00395000 0.05184000 0.02467500
v -0.00395000 0.05184000 0.02467500
v -0.00395000 0.04509200 0.01792700
v -0.00395000 0.04509200 0.01792700
v -0.00395000 0.04495100 0.01773100
v -0.00395000 0.04509200 -0.01792700
v -0.00395000 0.04509200 -0.01792700
v -0.00395000 0.04495100 -0.01773100
v -0.00395000 0.04076000 -0.00942500
v -0.00395000 0.03926700 -0.00000000
v -0.00395000 0.04076000 0.00942500
v -0.00395000 0.04498400 0.01250000
v -0.00395000 0.04498400 -0.01250000
v -0.00395000 0.04498400 -0.00750000
v -0.00395000 0.04498400 -0.00250000
v -0.00395000 0.04498400 0.00250000
v -0.00395000 0.04498400 0.00750000
vn -0.97960000 0.20110000 -0.00000000
vn -0.91780000 0.39330000 -0.05520000
vn -0.91910000 0.39410000 -0.00000000
vn -0.96490000 0.19810000 -0.17230000
vn -0.90530000 0.38660000 -0.17580000
vn -0.91420000 0.39180000 0.10340000
vn -0.91910000 0.39410000 -0.00000000
vn -0.97960000 0.20110000 -0.00000000
vn -0.96150000 0.19740000 0.19120000
vn -0.90370000 0.39050000 0.17580000
vn -0.86820000 0.36740000 0.33360000
vn -0.96540000 0.19580000 0.17230000
vn -0.91780000 0.39330000 -0.05520000
vn -0.91910000 0.39410000 -0.00000000
vn -1.00000000 -0.00000000 -0.00000000
vn -0.91910000 0.39410000 -0.00000000
vn -0.91420000 0.39180000 0.10340000
vn -1.00000000 -0.00000000 -0.00000000
vn -0.91780000 0.39330000 -0.05520000
vn -0.90530000 0.38660000 -0.17580000
vn -1.00000000 -0.00000000 -0.00000000
vn -0.89360000 0.38310000 -0.23390000
vn -0.89360000 0.38310000 -0.23390000
vn -0.82930000 0.17280000 -0.53140000
vn -0.90530000 0.38660000 -0.17580000
vn -0.96490000 0.19810000 -0.17230000
vn -0.96170000 0.19510000 -0.19260000
vn -0.77430000 0.33140000 -0.53910000
vn -0.49390000 0.21220000 -0.84320000
vn -1.00000000 -0.00000000 -0.00000000
vn -0.16190000 0.06870000 -0.98440000
vn -0.14670000 0.06290000 -0.98720000
vn -1.00000000 -0.00000000 -0.00000000
vn -0.14670000 0.06290000 -0.98720000
vn -0.00000000 -0.00000000 -1.00000000
vn -0.14670000 0.06290000 -0.98720000
vn -0.00000000 -0.00000000 -1.00000000
vn -0.16190000 0.06870000 -0.98440000
vn -0.16860000 0.05280000 -0.98430000
vn -0.89360000 0.38310000 -0.23390000
vn -0.77430000 0.33140000 -0.53900000
vn -1.00000000 -0.00000000 -0.00000000
vn -1.00000000 -0.00000000 -0.00000000
vn -0.77430000 0.33140000 -0.53910000
vn -0.49320000 0.21180000 -0.84370000
vn -0.53580000 0.11030000 -0.83710000
vn -0.49410000 0.21230000 -0.84310000
vn -0.81780000 0.16760000 -0.55050000
vn -0.77430000 0.33140000 -0.53910000
vn -0.82930000 0.17280000 -0.53140000
vn -0.53580000 0.11030000 -0.83710000
vn -0.16190000 0.06870000 -0.98440000
vn -0.29940000 0.06070000 -0.95220000
vn -0.16860000 0.05280000 -0.98430000
vn -0.54690000 0.11460000 -0.82930000
vn -0.49530000 0.21290000 -0.84220000
vn -0.97960000 0.20110000 -0.00000000
vn -0.96490000 0.19810000 -0.17230000
vn -0.96170000 0.19510000 -0.19260000
vn -1.00000000 -0.00000000 -0.00000000
vn -0.98050000 -0.00000000 -0.19630000
vn -1.00000000 -0.00000000 -0.00000000
vn -0.97950000 0.20120000 -0.00000000
vn -0.98080000 -0.00000000 0.19500000
vn -0.96150000 0.19740000 0.19120000
vn -1.00000000 -0.00000000 -0.00000000
vn -0.86820000 0.36740000 0.33360000
vn -0.91420000 0.39180000 0.10340000
vn -0.49580000 0.21180000 0.84220000
vn -0.16160000 0.06930000 0.98440000
vn -0.21980000 0.09730000 0.97070000
vn -0.53500000 0.11240000 0.83730000
vn -0.17560000 0.03610000 0.98380000
vn -0.19490000 0.03760000 0.98010000
vn -0.55020000 0.23200000 0.80220000
vn -0.16160000 0.06930000 0.98440000
vn -0.17560000 0.03610000 0.98380000
vn -0.00000000 -0.00000000 1.00000000
vn -0.21980000 0.09730000 0.97070000
vn -0.16160000 0.06930000 0.98440000
vn -1.00000000 -0.00000000 -0.00000000
vn -0.00000000 -0.00000000 1.00000000
vn -1.00000000 -0.00000000 -0.00000000
vn -0.86820000 0.36740000 0.33360000
vn -0.73110000 0.31380000 0.60590000
vn -0.77480000 0.33000000 0.53920000
vn -0.90370000 0.39050000 0.17580000
vn -0.21980000 0.09730000 0.97070000
vn -1.00000000 -0.00000000 -0.00000000
vn -0.55020000 0.23200000 0.80220000
vn -0.49580000 0.21180000 0.84220000
vn -0.55020000 0.23200000 0.80220000
vn -0.73110000 0.31380000 0.60590000
vn -1.00000000 -0.00000000 -0.00000000
vn -0.73110000 0.31380000 0.60590000
vn -0.49580000 0.21180000 0.84220000
vn -0.55170000 0.11330000 0.82630000
vn -0.77480000 0.33000000 0.53920000
vn -0.53500000 0.11240000 0.83730000
vn -0.82980000 0.17040000 0.53140000
vn -0.77480000 0.33000000 0.53920000
vn -0.96540000 0.19580000 0.17230000
vn -0.81930000 0.17080000 0.54730000
vn -0.90370000 0.39050000 0.17580000
vn -0.82980000 0.17040000 0.53140000
vn -1.00000000 -0.00000000 -0.00000000
vn -0.00000000 -0.00000000 -1.00000000
vn -0.15610000 -0.06570000 -0.98560000
vn -0.17610000 -0.07550000 -0.98150000
vn -0.00000000 -0.00000000 -1.00000000
vn -0.17610000 -0.07550000 -0.98150000
vn -0.18380000 -0.05760000 -0.98130000
vn -0.29940000 0.06070000 -0.95220000
vn -0.00000000 -0.00000000 -1.00000000
vn -0.19160000 0.01950000 -0.98130000
vn -0.16860000 0.05280000 -0.98430000
vn -0.19160000 0.01950000 -0.98130000
vn -0.00000000 -0.00000000 -1.00000000
vn -0.19360000 -0.00000000 -0.98110000
vn -0.19510000 -0.00000000 -0.98080000
vn -0.19510000 -0.01980000 -0.98060000
vn -0.00000000 -0.00000000 -1.00000000
vn -0.18380000 -0.05760000 -0.98130000
vn -0.00000000 -0.00000000 -1.00000000
vn -0.30450000 -0.06230000 -0.95050000
vn -0.19510000 -0.01980000 -0.98060000
vn -0.55390000 -0.00000000 -0.83260000
vn -0.29940000 0.06070000 -0.95220000
vn -0.19160000 0.01950000 -0.98130000
vn -0.19160000 -0.00000000 -0.98150000
vn -0.54690000 0.11460000 -0.82930000
vn -0.83050000 -0.00000000 -0.55700000
vn -0.81780000 0.16760000 -0.55050000
vn -0.55050000 -0.00000000 -0.83480000
vn -0.53580000 0.11030000 -0.83710000
vn -0.54690000 0.11460000 -0.82930000
vn -0.96170000 0.19510000 -0.19260000
vn -0.98060000 -0.00000000 -0.19590000
vn -0.82960000 -0.00000000 -0.55840000
vn -0.81780000 0.16760000 -0.55050000
vn -0.82930000 0.17280000 -0.53140000
vn -1.00000000 -0.00000000 -0.00000000
vn -0.96160000 -0.19730000 0.19100000
vn -0.98080000 -0.00000000 0.19510000
vn -0.97960000 -0.20110000 -0.00000000
vn -1.00000000 -0.00000000 -0.00000000
vn -0.98060000 -0.00000000 -0.19580000
vn -0.97960000 -0.20110000 -0.00000000
vn -0.96150000 -0.19740000 -0.19120000
vn -0.98080000 -0.00000000 0.19510000
vn -0.81930000 0.17080000 0.54730000
vn -0.96150000 0.19740000 0.19120000
vn -0.83150000 -0.00000000 0.55550000
vn -0.96540000 0.19580000 0.17230000
vn -0.81930000 0.17080000 0.54730000
vn -0.83150000 -0.00000000 0.55550000
vn -0.55540000 -0.00000000 0.83160000
vn -0.82980000 0.17040000 0.53140000
vn -0.55170000 0.11330000 0.82630000
vn -0.19510000 -0.00000000 0.98080000
vn -0.53500000 0.11240000 0.83730000
vn -0.55170000 0.11330000 0.82630000
vn -0.19490000 0.03760000 0.98010000
vn -0.55540000 -0.00000000 0.83160000
vn -0.19510000 -0.00000000 0.98080000
vn -0.00000000 -0.00000000 1.00000000
vn -0.17560000 0.03610000 0.98380000
vn -0.19490000 0.03760000 0.98010000
vn -0.19510000 -0.00000000 0.98080000
vn -0.19480000 -0.04000000 0.98000000
vn -0.00000000 -0.00000000 1.00000000
vn -0.14670000 -0.06290000 0.98720000
vn -0.25510000 -0.06110000 0.96500000
vn -0.00000000 -0.00000000 1.00000000
vn -0.19480000 -0.04000000 0.98000000
vn -0.23940000 -0.09860000 0.96590000
vn -0.00000000 -0.00000000 1.00000000
vn -0.14670000 -0.06290000 0.98720000
vn -1.00000000 -0.00000000 -0.00000000
vn -0.81970000 -0.16810000 -0.54760000
vn -0.83030000 -0.00000000 -0.55730000
vn -0.96130000 -0.19750000 -0.19190000
vn -0.98080000 -0.00000000 -0.19500000
vn -0.83150000 -0.00000000 -0.55560000
vn -0.55170000 -0.00000000 -0.83400000
vn -0.81830000 -0.16810000 -0.54960000
vn -0.55190000 -0.11300000 -0.82620000
vn -0.19510000 -0.01980000 -0.98060000
vn -0.19220000 -0.00000000 -0.98140000
vn -0.55540000 -0.00000000 -0.83160000
vn -0.30450000 -0.06230000 -0.95050000
vn -0.54810000 -0.11270000 -0.82880000
vn -0.30450000 -0.06230000 -0.95050000
vn -0.54700000 -0.11270000 -0.82950000
vn -0.18380000 -0.05760000 -0.98130000
vn -0.17610000 -0.07550000 -0.98150000
vn -0.15610000 -0.06570000 -0.98560000
vn -0.50580000 -0.21760000 -0.83470000
vn -0.76220000 -0.32730000 -0.55850000
vn -0.55130000 -0.11270000 -0.82670000
vn -0.39530000 -0.16290000 -0.90400000
vn -0.54460000 -0.23300000 -0.80570000
vn -0.50580000 -0.21760000 -0.83470000
vn -0.81760000 -0.16810000 -0.55060000
vn -0.81890000 -0.16810000 -0.54880000
vn -0.90150000 -0.38570000 -0.19630000
vn -0.96120000 -0.19750000 -0.19240000
vn -0.83850000 -0.35950000 -0.40950000
vn -0.76220000 -0.32730000 -0.55850000
vn -0.73370000 -0.31250000 -0.60340000
vn -0.88440000 -0.37520000 -0.27770000
vn -0.96140000 -0.19750000 -0.19170000
vn -0.97960000 -0.20120000 -0.00000000
vn -0.90150000 -0.38570000 -0.19630000
vn -0.91420000 -0.39180000 -0.10350000
vn -0.91910000 -0.39410000 -0.00000000
vn -0.54460000 -0.23300000 -0.80570000
vn -1.00000000 -0.00000000 -0.00000000
vn -0.76220000 -0.32730000 -0.55850000
vn -0.73370000 -0.31250000 -0.60340000
vn -1.00000000 -0.00010000 0.00050000
vn -0.73370000 -0.31250000 -0.60340000
vn -0.83850000 -0.35950000 -0.40950000
vn -1.00000000 -0.00010000 0.00050000
vn -0.88440000 -0.37520000 -0.27770000
vn -0.83850000 -0.35950000 -0.40950000
vn -0.90150000 -0.38570000 -0.19630000
vn -1.00000000 -0.00000000 -0.00000000
vn -0.91420000 -0.39180000 -0.10350000
vn -0.88440000 -0.37520000 -0.27770000
vn -0.91420000 -0.39180000 -0.10350000
vn -0.91920000 -0.39380000 -0.00000000
vn -1.00000000 -0.00000000 -0.00000000
vn -1.00000000 -0.00000000 -0.00030000
vn -0.15610000 -0.06570000 -0.98560000
vn -0.50580000 -0.21760000 -0.83470000
vn -0.39530000 -0.16290000 -0.90400000
vn -0.39530000 -0.16290000 -0.90400000
vn -1.00000000 0.00010000 -0.00030000
vn -0.54460000 -0.23300000 -0.80570000
vn -0.91910000 -0.39410000 -0.00000000
vn -0.90210000 -0.38500000 0.19510000
vn -0.96150000 -0.19740000 0.19130000
vn -0.91780000 -0.39330000 0.05460000
vn -0.97960000 -0.20110000 -0.00000000
vn -0.98080000 -0.00000000 0.19500000
vn -0.96150000 -0.19740000 0.19120000
vn -0.83150000 -0.00000000 0.55550000
vn -0.82040000 -0.16300000 0.54810000
vn -0.88190000 -0.18100000 0.43530000
vn -0.83150000 -0.00000000 0.55550000
vn -0.55540000 -0.00000000 0.83160000
vn -0.78300000 -0.16070000 0.60090000
vn -0.82040000 -0.16300000 0.54810000
vn -0.60400000 -0.12400000 0.78730000
vn -0.55230000 -0.10760000 0.82660000
vn -0.55540000 -0.00000000 0.83160000
vn -0.19510000 -0.00000000 0.98080000
vn -0.25510000 -0.06110000 0.96500000
vn -0.55230000 -0.10760000 0.82660000
vn -0.19480000 -0.04000000 0.98000000
vn -0.55760000 -0.24430000 0.79330000
vn -0.60400000 -0.12400000 0.78730000
vn -0.55230000 -0.10760000 0.82660000
vn -0.25510000 -0.06110000 0.96500000
vn -0.23940000 -0.09860000 0.96590000
vn -0.55760000 -0.24430000 0.79330000
vn -0.49320000 -0.21180000 0.84370000
vn -0.60400000 -0.12400000 0.78730000
vn -0.78300000 -0.16070000 0.60090000
vn -0.72930000 -0.31230000 0.60880000
vn -0.82420000 -0.35300000 0.44270000
vn -0.77220000 -0.33290000 0.54120000
vn -0.82040000 -0.16300000 0.54810000
vn -0.88190000 -0.18100000 0.43530000
vn -0.78300000 -0.16070000 0.60090000
vn -0.72930000 -0.31230000 0.60880000
vn -0.89380000 -0.38260000 0.23400000
vn -0.90210000 -0.38500000 0.19510000
vn -0.96150000 -0.19740000 0.19130000
vn -0.82420000 -0.35300000 0.44270000
vn -0.88190000 -0.18100000 0.43530000
vn -0.14670000 -0.06290000 0.98720000
vn -0.23940000 -0.09860000 0.96590000
vn -1.00000000 -0.00000000 -0.00000000
vn -0.49320000 -0.21180000 0.84370000
vn -0.55760000 -0.24430000 0.79330000
vn -0.77220000 -0.33290000 0.54120000
vn -0.72930000 -0.31230000 0.60880000
vn -1.00000000 -0.00000000 -0.00000000
vn -0.49320000 -0.21180000 0.84370000
vn -1.00000000 -0.00000000 -0.00000000
vn -0.82420000 -0.35300000 0.44270000
vn -0.89380000 -0.38260000 0.23400000
vn -0.77220000 -0.33290000 0.54120000
vn -1.00000000 -0.00000000 -0.00000000
vn -0.91780000 -0.39330000 0.05460000
vn -0.89380000 -0.38260000 0.23400000
vn -0.90210000 -0.38500000 0.19510000
vn -0.91910000 -0.39410000 -0.00000000
vn -1.00000000 -0.00000000 -0.00000000
vn -0.91780000 -0.39330000 0.05460000
vn -0.97960000 0.20110000 -0.00000000
vn -0.91780000 0.39330000 -0.05500000
vn -0.90530000 0.38660000 -0.17580000
vn -0.91910000 0.39410000 -0.00000000
vn -0.96490000 0.19810000 -0.17230000
vn -0.90370000 0.39050000 0.17580000
vn -0.96540000 0.19580000 0.17230000
vn -0.91910000 0.39410000 -0.00000000
vn -0.97960000 0.20110000 -0.00000000
vn -0.91420000 0.39180000 0.10330000
vn -0.86820000 0.36740000 0.33360000
vn -0.96150000 0.19740000 0.19120000
vn -0.91780000 0.39330000 -0.05500000
vn -1.00000000 -0.00000000 -0.00000000
vn -0.91910000 0.39410000 -0.00000000
vn -1.00000000 -0.00000000 -0.00000000
vn -0.91910000 0.39410000 -0.00000000
vn -0.91420000 0.39180000 0.10330000
vn -0.90530000 0.38660000 -0.17580000
vn -0.89350000 0.38310000 -0.23420000
vn -0.91780000 0.39330000 -0.05500000
vn -1.00000000 -0.00000000 -0.00000000
vn -0.77430000 0.33140000 -0.53910000
vn -0.96170000 0.19510000 -0.19260000
vn -0.82930000 0.17280000 -0.53150000
vn -0.90530000 0.38660000 -0.17580000
vn -0.96490000 0.19810000 -0.17230000
vn -0.89350000 0.38310000 -0.23420000
vn -0.14680000 0.06290000 -0.98720000
vn -0.49390000 0.21220000 -0.84320000
vn -1.00000000 -0.00000000 -0.00000000
vn -0.16190000 0.06870000 -0.98440000
vn -1.00000000 -0.00000000 -0.00000000
vn -0.00000000 -0.00000000 -1.00000000
vn -0.14680000 0.06290000 -0.98720000
vn -0.00000000 -0.00000000 -1.00000000
vn -0.16190000 0.06870000 -0.98440000
vn -0.14680000 0.06290000 -0.98720000
vn -0.16860000 0.05280000 -0.98430000
vn -0.89350000 0.38310000 -0.23420000
vn -1.00000000 -0.00000000 -0.00000000
vn -0.77430000 0.33140000 -0.53910000
vn -0.77430000 0.33140000 -0.53910000
vn -0.49320000 0.21180000 -0.84370000
vn -1.00000000 -0.00000000 -0.00000000
vn -0.77430000 0.33140000 -0.53910000
vn -0.82930000 0.17280000 -0.53150000
vn -0.81790000 0.16760000 -0.55050000
vn -0.49410000 0.21230000 -0.84310000
vn -0.53580000 0.11030000 -0.83710000
vn -0.16190000 0.06870000 -0.98440000
vn -0.29940000 0.06070000 -0.95220000
vn -0.16860000 0.05280000 -0.98430000
vn -0.53580000 0.11030000 -0.83710000
vn -0.54690000 0.11460000 -0.82930000
vn -0.49530000 0.21290000 -0.84220000
vn -1.00000000 -0.00000000 -0.00000000
vn -0.97960000 0.20110000 -0.00000000
vn -0.96170000 0.19510000 -0.19260000
vn -0.96490000 0.19810000 -0.17230000
vn -0.98050000 -0.00000000 -0.19630000
vn -0.98080000 -0.00000000 0.19500000
vn -1.00000000 -0.00000000 -0.00000000
vn -0.96150000 0.19740000 0.19120000
vn -0.97960000 0.20110000 -0.00000000
vn -0.86820000 0.36740000 0.33360000
vn -1.00000000 -0.00000000 -0.00000000
vn -0.91420000 0.39180000 0.10330000
vn -0.55020000 0.23200000 0.80220000
vn -0.16160000 0.06930000 0.98440000
vn -0.49580000 0.21180000 0.84220000
vn -0.53500000 0.11240000 0.83730000
vn -0.21980000 0.09730000 0.97070000
vn -0.17570000 0.03610000 0.98380000
vn -0.19490000 0.03760000 0.98010000
vn -0.00000000 -0.00000000 1.00000000
vn -0.16160000 0.06930000 0.98440000
vn -0.17570000 0.03610000 0.98380000
vn -0.21980000 0.09730000 0.97070000
vn -0.00000000 -0.00000000 1.00000000
vn -1.00000000 -0.00000000 -0.00000000
vn -0.16160000 0.06930000 0.98440000
vn -0.77480000 0.33000000 0.53920000
vn -0.86820000 0.36740000 0.33360000
vn -0.73100000 0.31380000 0.60590000
vn -0.90370000 0.39050000 0.17580000
vn -1.00000000 -0.00000000 -0.00000000
vn -0.55020000 0.23200000 0.80220000
vn -0.21980000 0.09730000 0.97070000
vn -1.00000000 -0.00000000 -0.00000000
vn -0.55020000 0.23200000 0.80220000
vn -0.49580000 0.21180000 0.84220000
vn -1.00000000 -0.00000000 -0.00000000
vn -0.73100000 0.31380000 0.60590000
vn -0.77480000 0.33000000 0.53920000
vn -0.73100000 0.31380000 0.60590000
vn -0.49580000 0.21180000 0.84220000
vn -0.82990000 0.17040000 0.53130000
vn -0.55190000 0.11330000 0.82620000
vn -0.53500000 0.11240000 0.83730000
vn -0.96540000 0.19580000 0.17230000
vn -0.82990000 0.17040000 0.53130000
vn -0.81930000 0.17080000 0.54730000
vn -0.90370000 0.39050000 0.17580000
vn -0.77480000 0.33000000 0.53920000
vn -0.00000000 -0.00000000 -1.00000000
vn -0.17620000 -0.07550000 -0.98150000
vn -0.15610000 -0.06570000 -0.98560000
vn -1.00000000 -0.00000000 -0.00000000
vn -0.17620000 -0.07550000 -0.98150000
vn -0.00000000 -0.00000000 -1.00000000
vn -0.18380000 -0.05760000 -0.98130000
vn -0.00000000 -0.00000000 -1.00000000
vn -0.29940000 0.06070000 -0.95220000
vn -0.16860000 0.05280000 -0.98430000
vn -0.19160000 0.01950000 -0.98130000
vn -0.19160000 0.01950000 -0.98130000
vn -0.00000000 -0.00000000 -1.00000000
vn -0.19360000 -0.00000000 -0.98110000
vn -0.00000000 -0.00000000 -1.00000000
vn -0.19510000 -0.00000000 -0.98080000
vn -0.19510000 -0.01980000 -0.98060000
vn -0.19510000 -0.01980000 -0.98060000
vn -0.00000000 -0.00000000 -1.00000000
vn -0.18380000 -0.05760000 -0.98130000
vn -0.30440000 -0.06230000 -0.95050000
vn -0.19160000 0.01950000 -0.98130000
vn -0.54690000 0.11460000 -0.82930000
vn -0.55390000 -0.00000000 -0.83260000
vn -0.29940000 0.06070000 -0.95220000
vn -0.19160000 -0.00000000 -0.98150000
vn -0.81790000 0.16760000 -0.55050000
vn -0.54690000 0.11460000 -0.82930000
vn -0.55050000 -0.00000000 -0.83480000
vn -0.83050000 -0.00000000 -0.55700000
vn -0.53580000 0.11030000 -0.83710000
vn -0.82960000 -0.00000000 -0.55840000
vn -0.81790000 0.16760000 -0.55050000
vn -0.82930000 0.17280000 -0.53150000
vn -0.96170000 0.19510000 -0.19260000
vn -0.98060000 -0.00000000 -0.19580000
vn -0.98080000 -0.00000000 0.19510000
vn -1.00000000 -0.00000000 -0.00000000
vn -0.97960000 -0.20110000 -0.00000000
vn -0.96150000 -0.19740000 0.19130000
vn -1.00000000 -0.00000000 -0.00000000
vn -0.97950000 -0.20130000 -0.00000000
vn -0.96150000 -0.19740000 -0.19120000
vn -0.98060000 -0.00000000 -0.19580000
vn -0.98080000 -0.00000000 0.19500000
vn -0.81930000 0.17080000 0.54730000
vn -0.83150000 -0.00000000 0.55550000
vn -0.96150000 0.19740000 0.19120000
vn -0.96540000 0.19580000 0.17230000
vn -0.83150000 -0.00000000 0.55550000
vn -0.82990000 0.17040000 0.53130000
vn -0.55190000 0.11330000 0.82620000
vn -0.55550000 -0.00000000 0.83150000
vn -0.81930000 0.17080000 0.54730000
vn -0.19520000 -0.00000000 0.98080000
vn -0.55190000 0.11330000 0.82620000
vn -0.53500000 0.11240000 0.83730000
vn -0.19490000 0.03760000 0.98010000
vn -0.55530000 -0.00000000 0.83170000
vn -0.00000000 -0.00000000 1.00000000
vn -0.19520000 -0.00000000 0.98080000
vn -0.17570000 0.03610000 0.98380000
vn -0.19490000 0.03760000 0.98010000
vn -0.19480000 -0.04000000 0.98000000
vn -0.19500000 -0.00000000 0.98080000
vn -0.00000000 -0.00000000 1.00000000
vn -0.00000000 -0.00000000 1.00000000
vn -0.25510000 -0.06110000 0.96500000
vn -0.19480000 -0.04000000 0.98000000
vn -0.14670000 -0.06290000 0.98720000
vn -0.23940000 -0.09860000 0.96590000
vn -0.14670000 -0.06290000 0.98720000
vn -1.00000000 -0.00000000 -0.00000000
vn -0.00000000 -0.00000000 1.00000000
vn -0.98080000 -0.00000000 -0.19510000
vn -0.96130000 -0.19750000 -0.19190000
vn -0.81970000 -0.16810000 -0.54760000
vn -0.83030000 -0.00000000 -0.55730000
vn -0.81830000 -0.16810000 -0.54970000
vn -0.83150000 -0.00000000 -0.55550000
vn -0.55190000 -0.11300000 -0.82620000
vn -0.55170000 -0.00000000 -0.83400000
vn -0.55540000 -0.00000000 -0.83160000
vn -0.19510000 -0.01980000 -0.98060000
vn -0.30440000 -0.06230000 -0.95050000
vn -0.19220000 -0.00000000 -0.98140000
vn -0.54810000 -0.11270000 -0.82880000
vn -0.54700000 -0.11270000 -0.82950000
vn -0.18380000 -0.05760000 -0.98130000
vn -0.15610000 -0.06570000 -0.98560000
vn -0.30440000 -0.06230000 -0.95050000
vn -0.50580000 -0.21760000 -0.83470000
vn -0.17620000 -0.07550000 -0.98150000
vn -0.76220000 -0.32730000 -0.55850000
vn -0.81760000 -0.16810000 -0.55070000
vn -0.50580000 -0.21760000 -0.83470000
vn -0.39530000 -0.16290000 -0.90400000
vn -0.55120000 -0.11270000 -0.82670000
vn -0.54460000 -0.23300000 -0.80570000
vn -0.76220000 -0.32730000 -0.55850000
vn -0.83850000 -0.35950000 -0.40950000
vn -0.73370000 -0.31250000 -0.60340000
vn -0.90150000 -0.38570000 -0.19630000
vn -0.81890000 -0.16810000 -0.54880000
vn -0.96120000 -0.19750000 -0.19240000
vn -0.96140000 -0.19750000 -0.19170000
vn -0.91420000 -0.39180000 -0.10350000
vn -0.90150000 -0.38570000 -0.19630000
vn -0.91910000 -0.39410000 -0.00000000
vn -0.88430000 -0.37520000 -0.27780000
vn -0.97960000 -0.20110000 -0.00000000
vn -0.73370000 -0.31250000 -0.60340000
vn -1.00000000 -0.00000000 -0.00000000
vn -0.54460000 -0.23300000 -0.80570000
vn -0.76220000 -0.32730000 -0.55850000
vn -0.83850000 -0.35950000 -0.40950000
vn -0.73370000 -0.31250000 -0.60340000
vn -1.00000000 -0.00010000 0.00050000
vn -0.83850000 -0.35950000 -0.40950000
vn -0.90150000 -0.38570000 -0.19630000
vn -0.88430000 -0.37520000 -0.27780000
vn -1.00000000 -0.00010000 0.00050000
vn -1.00000000 -0.00000000 -0.00000000
vn -0.91420000 -0.39180000 -0.10350000
vn -0.88430000 -0.37520000 -0.27780000
vn -0.91420000 -0.39180000 -0.10350000
vn -0.91910000 -0.39410000 -0.00000000
vn -1.00000000 -0.00000000 -0.00000000
vn -1.00000000 -0.00000000 -0.00030000
vn -0.15610000 -0.06570000 -0.98560000
vn -0.50580000 -0.21760000 -0.83470000
vn -0.39530000 -0.16290000 -0.90400000
vn -0.39530000 -0.16290000 -0.90400000
vn -1.00000000 0.00010000 -0.00030000
vn -0.54460000 -0.23300000 -0.80570000
vn -0.97960000 -0.20110000 -0.00000000
vn -0.96150000 -0.19740000 0.19120000
vn -0.91780000 -0.39330000 0.05460000
vn -0.91910000 -0.39410000 -0.00000000
vn -0.90210000 -0.38500000 0.19510000
vn -0.88190000 -0.18100000 0.43530000
vn -0.82040000 -0.16300000 0.54810000
vn -0.98080000 -0.00000000 0.19500000
vn -0.96150000 -0.19740000 0.19120000
vn -0.83150000 -0.00000000 0.55550000
vn -0.60410000 -0.12400000 0.78720000
vn -0.78300000 -0.16070000 0.60090000
vn -0.82040000 -0.16300000 0.54810000
vn -0.83150000 -0.00000000 0.55550000
vn -0.55530000 -0.00000000 0.83170000
vn -0.55220000 -0.10760000 0.82670000
vn -0.55220000 -0.10760000 0.82670000
vn -0.19480000 -0.04000000 0.98000000
vn -0.19500000 -0.00000000 0.98080000
vn -0.25510000 -0.06110000 0.96500000
vn -0.55550000 -0.00000000 0.83150000
vn -0.55220000 -0.10760000 0.82670000
vn -0.23940000 -0.09860000 0.96590000
vn -0.55760000 -0.24430000 0.79340000
vn -0.60410000 -0.12400000 0.78720000
vn -0.25510000 -0.06110000 0.96500000
vn -0.60410000 -0.12400000 0.78720000
vn -0.49320000 -0.21180000 0.84370000
vn -0.72930000 -0.31230000 0.60880000
vn -0.78300000 -0.16070000 0.60090000
vn -0.55760000 -0.24430000 0.79340000
vn -0.77220000 -0.33290000 0.54120000
vn -0.82040000 -0.16300000 0.54810000
vn -0.88190000 -0.18100000 0.43530000
vn -0.82420000 -0.35350000 0.44250000
vn -0.72930000 -0.31230000 0.60880000
vn -0.78300000 -0.16070000 0.60090000
vn -0.96150000 -0.19740000 0.19120000
vn -0.90210000 -0.38500000 0.19510000
vn -0.88190000 -0.18100000 0.43530000
vn -0.82420000 -0.35350000 0.44250000
vn -0.89380000 -0.38260000 0.23400000
vn -0.23940000 -0.09860000 0.96590000
vn -0.14670000 -0.06290000 0.98720000
vn -1.00000000 -0.00000000 -0.00000000
vn -0.49320000 -0.21180000 0.84370000
vn -0.55760000 -0.24430000 0.79340000
vn -0.49320000 -0.21180000 0.84370000
vn -1.00000000 -0.00000000 -0.00000000
vn -0.77220000 -0.33290000 0.54120000
vn -0.72930000 -0.31230000 0.60880000
vn -0.77220000 -0.33290000 0.54120000
vn -1.00000000 -0.00000000 -0.00000000
vn -0.82420000 -0.35350000 0.44250000
vn -0.89380000 -0.38260000 0.23400000
vn -0.90210000 -0.38500000 0.19510000
vn -0.89380000 -0.38260000 0.23400000
vn -0.91780000 -0.39330000 0.05460000
vn -1.00000000 -0.00000000 -0.00000000
vn -0.91780000 -0.39330000 0.05460000
vn -1.00000000 -0.00000000 -0.00000000
vn -0.91910000 -0.39410000 -0.00000000
vn -0.96490000 0.19810000 -0.17230000
vn -0.97960000 0.20110000 -0.00000000
vn -0.90530000 0.38660000 -0.17580000
vn -0.91910000 0.39410000 -0.00000000
vn -0.91770000 0.39330000 -0.05520000
vn -0.86820000 0.36740000 0.33360000
vn -0.97960000 0.20110000 -0.00000000
vn -0.96540000 0.19580000 0.17230000
vn -0.96150000 0.19740000 0.19120000
vn -0.90370000 0.39050000 0.17580000
vn -0.91420000 0.39180000 0.10330000
vn -0.91910000 0.39410000 -0.00000000
vn -0.91910000 0.39410000 -0.00000000
vn -0.91770000 0.39330000 -0.05520000
vn -1.00000000 -0.00000000 -0.00000000
vn -0.91910000 0.39410000 -0.00000000
vn -1.00000000 -0.00000000 -0.00000000
vn -0.91420000 0.39180000 0.10330000
vn -0.91770000 0.39330000 -0.05520000
vn -0.89370000 0.38320000 -0.23350000
vn -1.00000000 -0.00000000 -0.00000000
vn -0.90530000 0.38660000 -0.17580000
vn -0.77430000 0.33140000 -0.53910000
vn -0.90530000 0.38660000 -0.17580000
vn -0.96490000 0.19810000 -0.17230000
vn -0.96170000 0.19510000 -0.19260000
vn -0.82930000 0.17280000 -0.53150000
vn -0.89370000 0.38320000 -0.23350000
vn -0.14670000 0.06290000 -0.98720000
vn -0.49390000 0.21220000 -0.84320000
vn -0.16190000 0.06870000 -0.98440000
vn -1.00000000 -0.00000000 -0.00000000
vn -0.14670000 0.06290000 -0.98720000
vn -1.00000000 -0.00000000 -0.00000000
vn -0.00000000 -0.00000000 -1.00000000
vn -0.16860000 0.05280000 -0.98430000
vn -0.16190000 0.06870000 -0.98440000
vn -0.00000000 -0.00000000 -1.00000000
vn -0.14670000 0.06290000 -0.98720000
vn -0.77430000 0.33140000 -0.53910000
vn -0.89370000 0.38320000 -0.23350000
vn -1.00000000 -0.00000000 -0.00000000
vn -0.77430000 0.33140000 -0.53910000
vn -1.00000000 -0.00000000 -0.00000000
vn -0.49320000 0.21180000 -0.84370000
vn -0.77430000 0.33140000 -0.53910000
vn -0.49410000 0.21230000 -0.84310000
vn -0.81790000 0.16760000 -0.55040000
vn -0.53580000 0.11030000 -0.83710000
vn -0.82930000 0.17280000 -0.53150000
vn -0.16860000 0.05280000 -0.98430000
vn -0.49530000 0.21290000 -0.84220000
vn -0.16190000 0.06870000 -0.98440000
vn -0.29940000 0.06070000 -0.95220000
vn -0.53580000 0.11030000 -0.83710000
vn -0.54690000 0.11450000 -0.82930000
vn -1.00000000 -0.00000000 -0.00000000
vn -0.98050000 -0.00000000 -0.19630000
vn -0.96170000 0.19510000 -0.19260000
vn -0.96490000 0.19810000 -0.17230000
vn -0.97960000 0.20110000 -0.00000000
vn -0.98080000 -0.00000000 0.19510000
vn -0.96150000 0.19740000 0.19120000
vn -0.97960000 0.20100000 -0.00000000
vn -1.00000000 -0.00000000 -0.00000000
vn -1.00000000 -0.00000000 -0.00000000
vn -0.91420000 0.39180000 0.10330000
vn -0.86820000 0.36740000 0.33360000
vn -0.19490000 0.03760000 0.98010000
vn -0.21980000 0.09730000 0.97070000
vn -0.55020000 0.23200000 0.80220000
vn -0.16160000 0.06930000 0.98440000
vn -0.17570000 0.03610000 0.98380000
vn -0.53500000 0.11240000 0.83730000
vn -0.49580000 0.21180000 0.84220000
vn -0.00000000 -0.00000000 1.00000000
vn -0.16160000 0.06930000 0.98440000
vn -0.17570000 0.03610000 0.98380000
vn -1.00000000 -0.00000000 -0.00000000
vn -0.16160000 0.06930000 0.98440000
vn -0.21980000 0.09730000 0.97070000
vn -0.00000000 -0.00000000 1.00000000
vn -0.73100000 0.31380000 0.60590000
vn -0.90370000 0.39050000 0.17580000
vn -1.00000000 -0.00000000 -0.00000000
vn -0.77480000 0.33000000 0.53920000
vn -0.86820000 0.36740000 0.33360000
vn -1.00000000 -0.00000000 -0.00000000
vn -0.55020000 0.23200000 0.80220000
vn -0.21980000 0.09730000 0.97070000
vn -0.49580000 0.21180000 0.84220000
vn -0.55020000 0.23200000 0.80220000
vn -0.73100000 0.31380000 0.60590000
vn -1.00000000 -0.00000000 -0.00000000
vn -0.73100000 0.31380000 0.60590000
vn -0.49580000 0.21180000 0.84220000
vn -0.77480000 0.33000000 0.53920000
vn -0.53500000 0.11240000 0.83730000
vn -0.55190000 0.11330000 0.82620000
vn -0.82990000 0.17040000 0.53130000
vn -0.96540000 0.19580000 0.17230000
vn -0.81930000 0.17080000 0.54730000
vn -0.77480000 0.33000000 0.53920000
vn -0.90370000 0.39050000 0.17580000
vn -0.82990000 0.17040000 0.53130000
vn -0.15610000 -0.06570000 -0.98560000
vn -0.17620000 -0.07550000 -0.98150000
vn -1.00000000 -0.00000000 -0.00000000
vn -0.00000000 -0.00000000 -1.00000000
vn -0.00000000 -0.00000000 -1.00000000
vn -0.17620000 -0.07550000 -0.98150000
vn -0.18380000 -0.05760000 -0.98130000
vn -0.16860000 0.05280000 -0.98430000
vn -0.29940000 0.06070000 -0.95220000
vn -0.19160000 0.01950000 -0.98130000
vn -0.00000000 -0.00000000 -1.00000000
vn -0.19360000 -0.00000000 -0.98110000
vn -0.19160000 0.01950000 -0.98130000
vn -0.00000000 -0.00000000 -1.00000000
vn -0.19500000 -0.01980000 -0.98060000
vn -0.19500000 -0.00000000 -0.98080000
vn -0.00000000 -0.00000000 -1.00000000
vn -0.18380000 -0.05760000 -0.98130000
vn -0.19500000 -0.01980000 -0.98060000
vn -0.30440000 -0.06230000 -0.95050000
vn -0.00000000 -0.00000000 -1.00000000
vn -0.55390000 -0.00000000 -0.83260000
vn -0.19160000 -0.00000000 -0.98150000
vn -0.29940000 0.06070000 -0.95220000
vn -0.54690000 0.11450000 -0.82930000
vn -0.19160000 0.01950000 -0.98130000
vn -0.55050000 -0.00000000 -0.83480000
vn -0.53580000 0.11030000 -0.83710000
vn -0.81790000 0.16760000 -0.55040000
vn -0.83050000 -0.00000000 -0.55700000
vn -0.54690000 0.11450000 -0.82930000
vn -0.82960000 -0.00000000 -0.55830000
vn -0.82930000 0.17280000 -0.53150000
vn -0.81790000 0.16760000 -0.55040000
vn -0.98060000 -0.00000000 -0.19580000
vn -0.96170000 0.19510000 -0.19260000
vn -0.96150000 -0.19740000 0.19120000
vn -0.98080000 -0.00000000 0.19510000
vn -0.97960000 -0.20110000 -0.00000000
vn -1.00000000 -0.00000000 -0.00000000
vn -1.00000000 -0.00000000 -0.00000000
vn -0.98060000 -0.00000000 -0.19580000
vn -0.96150000 -0.19750000 -0.19130000
vn -0.97960000 -0.20100000 -0.00000000
vn -0.98080000 -0.00000000 0.19510000
vn -0.81930000 0.17080000 0.54730000
vn -0.96540000 0.19580000 0.17230000
vn -0.96150000 0.19740000 0.19120000
vn -0.83150000 -0.00000000 0.55550000
vn -0.55540000 -0.00000000 0.83160000
vn -0.82990000 0.17040000 0.53130000
vn -0.81930000 0.17080000 0.54730000
vn -0.55190000 0.11330000 0.82620000
vn -0.83160000 -0.00000000 0.55540000
vn -0.55190000 0.11330000 0.82620000
vn -0.19510000 -0.00000000 0.98080000
vn -0.19490000 0.03760000 0.98010000
vn -0.55540000 -0.00000000 0.83160000
vn -0.53500000 0.11240000 0.83730000
vn -0.17570000 0.03610000 0.98380000
vn -0.00000000 -0.00000000 1.00000000
vn -0.19490000 0.03760000 0.98010000
vn -0.19510000 -0.00000000 0.98080000
vn -0.00000000 -0.00000000 1.00000000
vn -0.19500000 -0.00000000 0.98080000
vn -0.19480000 -0.04000000 0.98000000
vn -0.00000000 -0.00000000 1.00000000
vn -0.14670000 -0.06290000 0.98720000
vn -0.19480000 -0.04000000 0.98000000
vn -0.23940000 -0.09860000 0.96590000
vn -0.25510000 -0.06110000 0.96500000
vn -0.14670000 -0.06290000 0.98720000
vn -0.00000000 -0.00000000 1.00000000
vn -1.00000000 -0.00000000 -0.00000000
vn -0.83030000 -0.00000000 -0.55740000
vn -0.98080000 -0.00000000 -0.19510000
vn -0.96130000 -0.19750000 -0.19190000
vn -0.81970000 -0.16810000 -0.54760000
vn -0.83160000 -0.00000000 -0.55540000
vn -0.55190000 -0.11300000 -0.82630000
vn -0.81830000 -0.16810000 -0.54970000
vn -0.55170000 -0.00000000 -0.83400000
vn -0.55540000 -0.00000000 -0.83160000
vn -0.54810000 -0.11270000 -0.82880000
vn -0.19220000 -0.00000000 -0.98130000
vn -0.30440000 -0.06230000 -0.95050000
vn -0.19500000 -0.01980000 -0.98060000
vn -0.18380000 -0.05760000 -0.98130000
vn -0.15610000 -0.06570000 -0.98560000
vn -0.30440000 -0.06230000 -0.95050000
vn -0.17620000 -0.07550000 -0.98150000
vn -0.54700000 -0.11270000 -0.82950000
vn -0.50580000 -0.21760000 -0.83470000
vn -0.81760000 -0.16810000 -0.55080000
vn -0.54460000 -0.23300000 -0.80570000
vn -0.76220000 -0.32730000 -0.55850000
vn -0.39530000 -0.16290000 -0.90400000
vn -0.55120000 -0.11270000 -0.82670000
vn -0.50580000 -0.21760000 -0.83470000
vn -0.83850000 -0.35950000 -0.40950000
vn -0.90150000 -0.38570000 -0.19630000
vn -0.76220000 -0.32730000 -0.55850000
vn -0.81890000 -0.16810000 -0.54880000
vn -0.96120000 -0.19750000 -0.19240000
vn -0.73370000 -0.31250000 -0.60340000
vn -0.90150000 -0.38570000 -0.19630000
vn -0.97960000 -0.20120000 -0.00000000
vn -0.91910000 -0.39410000 -0.00000000
vn -0.91420000 -0.39180000 -0.10350000
vn -0.96140000 -0.19750000 -0.19170000
vn -0.88440000 -0.37520000 -0.27770000
vn -0.73370000 -0.31250000 -0.60340000
vn -1.00000000 -0.00000000 -0.00000000
vn -0.54460000 -0.23300000 -0.80570000
vn -0.76220000 -0.32730000 -0.55850000
vn -0.83850000 -0.35950000 -0.40950000
vn -1.00000000 -0.00010000 0.00050000
vn -0.73370000 -0.31250000 -0.60340000
vn -0.83850000 -0.35950000 -0.40950000
vn -0.88440000 -0.37520000 -0.27770000
vn -1.00000000 -0.00010000 0.00050000
vn -0.90150000 -0.38570000 -0.19630000
vn -1.00000000 -0.00000000 -0.00000000
vn -0.91420000 -0.39180000 -0.10350000
vn -0.88440000 -0.37520000 -0.27770000
vn -0.91910000 -0.39410000 -0.00000000
vn -1.00000000 -0.00000000 -0.00000000
vn -0.91420000 -0.39180000 -0.10350000
vn -0.39530000 -0.16290000 -0.90400000
vn -0.15610000 -0.06570000 -0.98560000
vn -1.00000000 -0.00000000 -0.00030000
vn -0.50580000 -0.21760000 -0.83470000
vn -1.00000000 0.00010000 -0.00030000
vn -0.39530000 -0.16290000 -0.90400000
vn -0.54460000 -0.23300000 -0.80570000
vn -0.91910000 -0.39410000 -0.00000000
vn -0.96150000 -0.19740000 0.19120000
vn -0.90210000 -0.38500000 0.19500000
vn -0.91780000 -0.39330000 0.05460000
vn -0.97960000 -0.20110000 -0.00000000
vn -0.82040000 -0.16300000 0.54800000
vn -0.98080000 -0.00000000 0.19500000
vn -0.83150000 -0.00000000 0.55550000
vn -0.96150000 -0.19740000 0.19120000
vn -0.88190000 -0.18100000 0.43530000
vn -0.83150000 -0.00000000 0.55550000
vn -0.78300000 -0.16070000 0.60090000
vn -0.82040000 -0.16300000 0.54800000
vn -0.55220000 -0.10760000 0.82670000
vn -0.60410000 -0.12400000 0.78720000
vn -0.55540000 -0.00000000 0.83160000
vn -0.55220000 -0.10760000 0.82670000
vn -0.19480000 -0.04000000 0.98000000
vn -0.19500000 -0.00000000 0.98080000
vn -0.25510000 -0.06110000 0.96500000
vn -0.55540000 -0.00000000 0.83160000
vn -0.23940000 -0.09860000 0.96590000
vn -0.55220000 -0.10760000 0.82670000
vn -0.60410000 -0.12400000 0.78720000
vn -0.25510000 -0.06110000 0.96500000
vn -0.55760000 -0.24430000 0.79340000
vn -0.60410000 -0.12400000 0.78720000
vn -0.78300000 -0.16070000 0.60090000
vn -0.49320000 -0.21180000 0.84370000
vn -0.72930000 -0.31230000 0.60880000
vn -0.55760000 -0.24430000 0.79340000
vn -0.88190000 -0.18100000 0.43530000
vn -0.82420000 -0.35310000 0.44270000
vn -0.82040000 -0.16300000 0.54800000
vn -0.72930000 -0.31230000 0.60880000
vn -0.78300000 -0.16070000 0.60090000
vn -0.77220000 -0.33290000 0.54120000
vn -0.89380000 -0.38260000 0.23420000
vn -0.82420000 -0.35310000 0.44270000
vn -0.88190000 -0.18100000 0.43530000
vn -0.90210000 -0.38500000 0.19500000
vn -0.96150000 -0.19740000 0.19120000
vn -0.55760000 -0.24430000 0.79340000
vn -0.14670000 -0.06290000 0.98720000
vn -0.49320000 -0.21180000 0.84370000
vn -1.00000000 -0.00000000 -0.00000000
vn -0.23940000 -0.09860000 0.96590000
vn -0.77220000 -0.33290000 0.54120000
vn -0.49320000 -0.21180000 0.84370000
vn -0.72930000 -0.31230000 0.60880000
vn -1.00000000 -0.00000000 -0.00000000
vn -1.00000000 -0.00000000 -0.00000000
vn -0.89380000 -0.38260000 0.23420000
vn -0.82420000 -0.35310000 0.44270000
vn -0.77220000 -0.33290000 0.54120000
vn -0.91780000 -0.39330000 0.05460000
vn -0.90210000 -0.38500000 0.19500000
vn -0.89380000 -0.38260000 0.23420000
vn -1.00000000 -0.00000000 -0.00000000
vn -1.00000000 -0.00000000 -0.00000000
vn -0.91910000 -0.39410000 -0.00000000
vn -0.91780000 -0.39330000 0.05460000
vn -0.96490000 0.19810000 -0.17230000
vn -0.91770000 0.39330000 -0.05520000
vn -0.90530000 0.38660000 -0.17580000
vn -0.97960000 0.20110000 -0.00000000
vn -0.91910000 0.39410000 -0.00000000
vn -0.90370000 0.39050000 0.17580000
vn -0.86820000 0.36740000 0.33360000
vn -0.91910000 0.39410000 -0.00000000
vn -0.91420000 0.39180000 0.10340000
vn -0.96540000 0.19580000 0.17230000
vn -0.97960000 0.20110000 -0.00000000
vn -0.96150000 0.19740000 0.19120000
vn -1.00000000 -0.00000000 -0.00000000
vn -0.91770000 0.39330000 -0.05520000
vn -0.91910000 0.39410000 -0.00000000
vn -0.91420000 0.39180000 0.10340000
vn -0.91910000 0.39410000 -0.00000000
vn -1.00000000 -0.00000000 -0.00000000
vn -0.89370000 0.38320000 -0.23350000
vn -0.91770000 0.39330000 -0.05520000
vn -0.90530000 0.38660000 -0.17580000
vn -1.00000000 -0.00000000 -0.00000000
vn -0.82930000 0.17280000 -0.53150000
vn -0.77430000 0.33140000 -0.53910000
vn -0.96490000 0.19810000 -0.17230000
vn -0.90530000 0.38660000 -0.17580000
vn -0.89370000 0.38320000 -0.23350000
vn -0.96170000 0.19510000 -0.19260000
vn -0.16190000 0.06870000 -0.98440000
vn -1.00000000 -0.00000000 -0.00000000
vn -0.49390000 0.21220000 -0.84320000
vn -0.14670000 0.06290000 -0.98720000
vn -1.00000000 -0.00000000 -0.00000000
vn -0.00000000 -0.00000000 -1.00000000
vn -0.14670000 0.06290000 -0.98720000
vn -0.16860000 0.05280000 -0.98430000
vn -0.16190000 0.06870000 -0.98440000
vn -0.14670000 0.06290000 -0.98720000
vn -0.00000000 -0.00000000 -1.00000000
vn -1.00000000 -0.00000000 -0.00000000
vn -0.77430000 0.33140000 -0.53910000
vn -0.89370000 0.38320000 -0.23350000
vn -0.77430000 0.33140000 -0.53910000
vn -0.49320000 0.21180000 -0.84370000
vn -1.00000000 -0.00000000 -0.00000000
vn -0.49410000 0.21230000 -0.84310000
vn -0.82930000 0.17280000 -0.53150000
vn -0.81790000 0.16760000 -0.55040000
vn -0.77430000 0.33140000 -0.53910000
vn -0.53580000 0.11030000 -0.83710000
vn -0.54690000 0.11450000 -0.82930000
vn -0.16860000 0.05280000 -0.98430000
vn -0.53580000 0.11030000 -0.83710000
vn -0.29940000 0.06070000 -0.95220000
vn -0.49530000 0.21290000 -0.84220000
vn -0.16190000 0.06870000 -0.98440000
vn -0.98050000 -0.00000000 -0.19630000
vn -1.00000000 -0.00000000 -0.00000000
vn -0.96490000 0.19810000 -0.17230000
vn -0.96170000 0.19510000 -0.19260000
vn -0.97960000 0.20110000 -0.00000000
vn -0.98080000 -0.00000000 0.19510000
vn -1.00000000 -0.00000000 -0.00000000
vn -0.96150000 0.19740000 0.19120000
vn -0.97960000 0.20110000 -0.00000000
vn -0.91420000 0.39180000 0.10340000
vn -0.86820000 0.36740000 0.33360000
vn -1.00000000 -0.00000000 -0.00000000
vn -0.19490000 0.03760000 0.98010000
vn -0.17570000 0.03610000 0.98380000
vn -0.53500000 0.11240000 0.83730000
vn -0.55020000 0.23200000 0.80220000
vn -0.49580000 0.21180000 0.84220000
vn -0.16160000 0.06930000 0.98440000
vn -0.21980000 0.09730000 0.97070000
vn -0.16160000 0.06930000 0.98440000
vn -0.17570000 0.03610000 0.98380000
vn -0.00000000 -0.00000000 1.00000000
vn -0.21980000 0.09730000 0.97070000
vn -0.16160000 0.06930000 0.98440000
vn -1.00000000 -0.00000000 -0.00000000
vn -0.00000000 -0.00000000 1.00000000
vn -0.90370000 0.39050000 0.17580000
vn -0.73100000 0.31380000 0.60590000
vn -0.86820000 0.36740000 0.33360000
vn -1.00000000 -0.00000000 -0.00000000
vn -0.77480000 0.33000000 0.53920000
vn -1.00000000 -0.00000000 -0.00000000
vn -0.21980000 0.09730000 0.97070000
vn -0.55020000 0.23200000 0.80220000
vn -0.49580000 0.21180000 0.84220000
vn -0.73100000 0.31380000 0.60590000
vn -1.00000000 -0.00000000 -0.00000000
vn -0.55020000 0.23200000 0.80220000
vn -0.55170000 0.11330000 0.82630000
vn -0.77480000 0.33000000 0.53920000
vn -0.73100000 0.31380000 0.60590000
vn -0.82990000 0.17040000 0.53130000
vn -0.49580000 0.21180000 0.84220000
vn -0.53500000 0.11240000 0.83730000
vn -0.77480000 0.33000000 0.53920000
vn -0.90370000 0.39050000 0.17580000
vn -0.82990000 0.17040000 0.53130000
vn -0.96540000 0.19580000 0.17230000
vn -0.81930000 0.17080000 0.54730000
vn -0.17620000 -0.07550000 -0.98150000
vn -0.15610000 -0.06570000 -0.98560000
vn -1.00000000 -0.00000000 -0.00000000
vn -0.00000000 -0.00000000 -1.00000000
vn -0.00000000 -0.00000000 -1.00000000
vn -0.18380000 -0.05760000 -0.98130000
vn -0.17620000 -0.07550000 -0.98150000
vn -0.16860000 0.05280000 -0.98430000
vn -0.29940000 0.06070000 -0.95220000
vn -0.19160000 0.01950000 -0.98130000
vn -0.00000000 -0.00000000 -1.00000000
vn -0.19360000 -0.00000000 -0.98110000
vn -0.00000000 -0.00000000 -1.00000000
vn -0.19160000 0.01950000 -0.98130000
vn -0.19510000 -0.00000000 -0.98080000
vn -0.19500000 -0.01980000 -0.98060000
vn -0.00000000 -0.00000000 -1.00000000
vn -0.18380000 -0.05760000 -0.98130000
vn -0.00000000 -0.00000000 -1.00000000
vn -0.30450000 -0.06230000 -0.95050000
vn -0.19500000 -0.01980000 -0.98060000
vn -0.29940000 0.06070000 -0.95220000
vn -0.54690000 0.11450000 -0.82930000
vn -0.19160000 -0.00000000 -0.98150000
vn -0.55390000 -0.00000000 -0.83260000
vn -0.19160000 0.01950000 -0.98130000
vn -0.83050000 -0.00000000 -0.55700000
vn -0.55050000 -0.00000000 -0.83480000
vn -0.54690000 0.11450000 -0.82930000
vn -0.81790000 0.16760000 -0.55040000
vn -0.53580000 0.11030000 -0.83710000
vn -0.96170000 0.19510000 -0.19260000
vn -0.98060000 -0.00000000 -0.19580000
vn -0.82960000 -0.00000000 -0.55840000
vn -0.82930000 0.17280000 -0.53150000
vn -0.81790000 0.16760000 -0.55040000
vn -1.00000000 -0.00000000 -0.00000000
vn -0.98080000 -0.00000000 0.19510000
vn -0.97960000 -0.20120000 -0.00000000
vn -0.96150000 -0.19740000 0.19120000
vn -0.98060000 -0.00000000 -0.19580000
vn -0.96150000 -0.19750000 -0.19130000
vn -0.97960000 -0.20100000 -0.00000000
vn -1.00000000 -0.00000000 -0.00000000
vn -0.98080000 -0.00000000 0.19500000
vn -0.81930000 0.17080000 0.54730000
vn -0.96540000 0.19580000 0.17230000
vn -0.96150000 0.19740000 0.19120000
vn -0.83150000 -0.00000000 0.55550000
vn -0.81930000 0.17080000 0.54730000
vn -0.55170000 0.11330000 0.82630000
vn -0.55540000 -0.00000000 0.83160000
vn -0.82990000 0.17040000 0.53130000
vn -0.83150000 -0.00000000 0.55550000
vn -0.55540000 -0.00000000 0.83160000
vn -0.19490000 0.03760000 0.98010000
vn -0.55170000 0.11330000 0.82630000
vn -0.19510000 -0.00000000 0.98080000
vn -0.53500000 0.11240000 0.83730000
vn -0.19510000 -0.00000000 0.98080000
vn -0.17570000 0.03610000 0.98380000
vn -0.19490000 0.03760000 0.98010000
vn -0.00000000 -0.00000000 1.00000000
vn -0.00000000 -0.00000000 1.00000000
vn -0.19510000 -0.00000000 0.98080000
vn -0.19480000 -0.04000000 0.98000000
vn -0.25510000 -0.06110000 0.96500000
vn -0.14680000 -0.06290000 0.98720000
vn -0.00000000 -0.00000000 1.00000000
vn -0.19480000 -0.04000000 0.98000000
vn -0.23940000 -0.09860000 0.96590000
vn -0.14680000 -0.06290000 0.98720000
vn -1.00000000 -0.00000000 -0.00000000
vn -0.00000000 -0.00000000 1.00000000
vn -0.81970000 -0.16810000 -0.54760000
vn -0.83030000 -0.00000000 -0.55730000
vn -0.96130000 -0.19750000 -0.19190000
vn -0.98080000 -0.00000000 -0.19510000
vn -0.81830000 -0.16810000 -0.54960000
vn -0.55170000 -0.00000000 -0.83400000
vn -0.83160000 -0.00000000 -0.55540000
vn -0.55190000 -0.11300000 -0.82620000
vn -0.54810000 -0.11270000 -0.82880000
vn -0.30450000 -0.06230000 -0.95050000
vn -0.19220000 -0.00000000 -0.98140000
vn -0.19500000 -0.01980000 -0.98060000
vn -0.55540000 -0.00000000 -0.83160000
vn -0.15610000 -0.06570000 -0.98560000
vn -0.18380000 -0.05760000 -0.98130000
vn -0.50580000 -0.21760000 -0.83470000
vn -0.54700000 -0.11270000 -0.82950000
vn -0.17620000 -0.07550000 -0.98150000
vn -0.30450000 -0.06230000 -0.95050000
vn -0.50580000 -0.21760000 -0.83470000
vn -0.81760000 -0.16810000 -0.55060000
vn -0.54460000 -0.23300000 -0.80570000
vn -0.55130000 -0.11270000 -0.82670000
vn -0.76220000 -0.32730000 -0.55850000
vn -0.39530000 -0.16290000 -0.90400000
vn -0.90150000 -0.38570000 -0.19630000
vn -0.76220000 -0.32730000 -0.55850000
vn -0.81890000 -0.16810000 -0.54880000
vn -0.83850000 -0.35950000 -0.40950000
vn -0.73370000 -0.31250000 -0.60340000
vn -0.96120000 -0.19750000 -0.19240000
vn -0.90150000 -0.38570000 -0.19630000
vn -0.91910000 -0.39410000 -0.00000000
vn -0.97960000 -0.20120000 -0.00000000
vn -0.88430000 -0.37520000 -0.27780000
vn -0.96140000 -0.19750000 -0.19170000
vn -0.91420000 -0.39180000 -0.10350000
vn -0.76220000 -0.32730000 -0.55850000
vn -1.00000000 -0.00000000 -0.00000000
vn -0.54460000 -0.23300000 -0.80570000
vn -0.73370000 -0.31250000 -0.60340000
vn -0.73370000 -0.31250000 -0.60340000
vn -1.00000000 -0.00010000 0.00050000
vn -0.83850000 -0.35950000 -0.40950000
vn -1.00000000 -0.00010000 0.00050000
vn -0.88430000 -0.37520000 -0.27780000
vn -0.90150000 -0.38570000 -0.19630000
vn -0.83850000 -0.35950000 -0.40950000
vn -0.91420000 -0.39180000 -0.10350000
vn -0.88430000 -0.37520000 -0.27780000
vn -1.00000000 -0.00000000 -0.00000000
vn -1.00000000 -0.00000000 -0.00000000
vn -0.91910000 -0.39410000 -0.00000000
vn -0.91420000 -0.39180000 -0.10350000
vn -0.39530000 -0.16290000 -0.90400000
vn -0.15610000 -0.06570000 -0.98560000
vn -1.00000000 -0.00000000 -0.00030000
vn -0.50580000 -0.21760000 -0.83470000
vn -1.00000000 0.00010000 -0.00030000
vn -0.54460000 -0.23300000 -0.80570000
vn -0.39530000 -0.16290000 -0.90400000
vn -0.91780000 -0.39330000 0.05460000
vn -0.96150000 -0.19740000 0.19120000
vn -0.90210000 -0.38500000 0.19510000
vn -0.91910000 -0.39410000 -0.00000000
vn -0.97960000 -0.20110000 -0.00000000
vn -0.83150000 -0.00000000 0.55550000
vn -0.98080000 -0.00000000 0.19500000
vn -0.88190000 -0.18100000 0.43530000
vn -0.82040000 -0.16300000 0.54800000
vn -0.96150000 -0.19740000 0.19120000
vn -0.60410000 -0.12400000 0.78720000
vn -0.82040000 -0.16300000 0.54800000
vn -0.55220000 -0.10760000 0.82670000
vn -0.78300000 -0.16070000 0.60090000
vn -0.83150000 -0.00000000 0.55550000
vn -0.55530000 -0.00000000 0.83170000
vn -0.55220000 -0.10760000 0.82670000
vn -0.19480000 -0.04000000 0.98000000
vn -0.25510000 -0.06110000 0.96500000
vn -0.55540000 -0.00000000 0.83160000
vn -0.19510000 -0.00000000 0.98080000
vn -0.55760000 -0.24430000 0.79330000
vn -0.23940000 -0.09860000 0.96590000
vn -0.60410000 -0.12400000 0.78720000
vn -0.25510000 -0.06110000 0.96500000
vn -0.55220000 -0.10760000 0.82670000
vn -0.78300000 -0.16070000 0.60090000
vn -0.55760000 -0.24430000 0.79330000
vn -0.72930000 -0.31230000 0.60880000
vn -0.49320000 -0.21180000 0.84370000
vn -0.60410000 -0.12400000 0.78720000
vn -0.82420000 -0.35350000 0.44250000
vn -0.88190000 -0.18100000 0.43530000
vn -0.82040000 -0.16300000 0.54800000
vn -0.77220000 -0.33290000 0.54120000
vn -0.78300000 -0.16070000 0.60090000
vn -0.72930000 -0.31230000 0.60880000
vn -0.96150000 -0.19740000 0.19120000
vn -0.90210000 -0.38500000 0.19510000
vn -0.82420000 -0.35350000 0.44250000
vn -0.89380000 -0.38260000 0.23410000
vn -0.88190000 -0.18100000 0.43530000
vn -0.55760000 -0.24430000 0.79330000
vn -0.14680000 -0.06290000 0.98720000
vn -0.49320000 -0.21180000 0.84370000
vn -0.23940000 -0.09860000 0.96590000
vn -1.00000000 -0.00000000 -0.00000000
vn -0.77220000 -0.33290000 0.54120000
vn -0.49320000 -0.21180000 0.84370000
vn -1.00000000 -0.00000000 -0.00000000
vn -0.72930000 -0.31230000 0.60880000
vn -0.77220000 -0.33290000 0.54120000
vn -1.00000000 -0.00000000 -0.00000000
vn -0.89380000 -0.38260000 0.23410000
vn -0.82420000 -0.35350000 0.44250000
vn -1.00000000 -0.00000000 -0.00000000
vn -0.89380000 -0.38260000 0.23410000
vn -0.90210000 -0.38500000 0.19510000
vn -0.91780000 -0.39330000 0.05460000
vn -0.91910000 -0.39410000 -0.00000000
vn -0.91780000 -0.39330000 0.05460000
vn -1.00000000 -0.00000000 -0.00000000
vn -0.91780000 0.39330000 -0.05500000
vn -0.97950000 0.20120000 -0.00000000
vn -0.96490000 0.19810000 -0.17230000
vn -0.91910000 0.39410000 -0.00000000
vn -0.90530000 0.38660000 -0.17580000
vn -0.86820000 0.36740000 0.33360000
vn -0.91420000 0.39180000 0.10340000
vn -0.96150000 0.19740000 0.19120000
vn -0.90370000 0.39050000 0.17580000
vn -0.97960000 0.20110000 -0.00000000
vn -0.96540000 0.19580000 0.17230000
vn -0.91910000 0.39410000 -0.00000000
vn -0.91780000 0.39330000 -0.05500000
vn -1.00000000 -0.00000000 -0.00000000
vn -0.91910000 0.39410000 -0.00000000
vn -1.00000000 -0.00000000 -0.00000000
vn -0.91910000 0.39410000 -0.00000000
vn -0.91420000 0.39180000 0.10340000
vn -1.00000000 -0.00000000 -0.00000000
vn -0.91780000 0.39330000 -0.05500000
vn -0.89350000 0.38310000 -0.23420000
vn -0.90530000 0.38660000 -0.17580000
vn -0.90530000 0.38660000 -0.17580000
vn -0.77430000 0.33140000 -0.53910000
vn -0.96170000 0.19510000 -0.19260000
vn -0.82930000 0.17280000 -0.53140000
vn -0.96490000 0.19810000 -0.17230000
vn -0.89350000 0.38310000 -0.23420000
vn -1.00000000 -0.00000000 -0.00000000
vn -0.16190000 0.06870000 -0.98440000
vn -0.14670000 0.06290000 -0.98720000
vn -0.49390000 0.21220000 -0.84320000
vn -0.14670000 0.06290000 -0.98720000
vn -1.00000000 -0.00000000 -0.00000000
vn -0.00000000 -0.00000000 -1.00000000
vn -0.16860000 0.05280000 -0.98430000
vn -0.14670000 0.06290000 -0.98720000
vn -0.16190000 0.06870000 -0.98440000
vn -0.00000000 -0.00000000 -1.00000000
vn -0.77440000 0.33140000 -0.53900000
vn -1.00000000 -0.00000000 -0.00000000
vn -0.89350000 0.38310000 -0.23420000
vn -1.00000000 -0.00000000 -0.00000000
vn -0.49320000 0.21180000 -0.84370000
vn -0.77430000 0.33140000 -0.53910000
vn -0.82930000 0.17280000 -0.53140000
vn -0.81780000 0.16760000 -0.55050000
vn -0.49410000 0.21230000 -0.84310000
vn -0.77430000 0.33140000 -0.53910000
vn -0.53590000 0.11030000 -0.83710000
vn -0.16860000 0.05280000 -0.98430000
vn -0.16190000 0.06870000 -0.98440000
vn -0.49530000 0.21290000 -0.84220000
vn -0.54690000 0.11450000 -0.82940000
vn -0.29940000 0.06070000 -0.95220000
vn -0.53590000 0.11030000 -0.83710000
vn -0.98050000 -0.00000000 -0.19630000
vn -1.00000000 -0.00000000 -0.00000000
vn -0.97960000 0.20110000 -0.00000000
vn -0.96170000 0.19510000 -0.19260000
vn -0.96490000 0.19810000 -0.17230000
vn -0.96150000 0.19740000 0.19120000
vn -0.98080000 -0.00000000 0.19500000
vn -0.97960000 0.20110000 -0.00000000
vn -1.00000000 -0.00000000 -0.00000000
vn -1.00000000 -0.00000000 -0.00000000
vn -0.91420000 0.39180000 0.10340000
vn -0.86820000 0.36740000 0.33360000
vn -0.55020000 0.23200000 0.80220000
vn -0.16160000 0.06930000 0.98440000
vn -0.19500000 0.03760000 0.98010000
vn -0.53500000 0.11240000 0.83730000
vn -0.49580000 0.21180000 0.84220000
vn -0.17570000 0.03610000 0.98380000
vn -0.21980000 0.09730000 0.97070000
vn -0.17570000 0.03610000 0.98380000
vn -0.00000000 -0.00000000 1.00000000
vn -0.16160000 0.06930000 0.98440000
vn -0.21980000 0.09730000 0.97070000
vn -0.00000000 -0.00000000 1.00000000
vn -1.00000000 -0.00000000 -0.00000000
vn -0.16160000 0.06930000 0.98440000
vn -0.73100000 0.31380000 0.60590000
vn -1.00000000 -0.00000000 -0.00000000
vn -0.86820000 0.36740000 0.33360000
vn -0.77480000 0.33000000 0.53920000
vn -0.90370000 0.39050000 0.17580000
vn -0.21980000 0.09730000 0.97070000
vn -0.55020000 0.23200000 0.80220000
vn -1.00000000 -0.00000000 -0.00000000
vn -0.49580000 0.21180000 0.84220000
vn -0.55020000 0.23200000 0.80220000
vn -1.00000000 -0.00000000 -0.00000000
vn -0.73100000 0.31380000 0.60590000
vn -0.82990000 0.17040000 0.53130000
vn -0.55170000 0.11330000 0.82630000
vn -0.49580000 0.21180000 0.84220000
vn -0.77480000 0.33000000 0.53920000
vn -0.73100000 0.31380000 0.60590000
vn -0.53500000 0.11240000 0.83730000
vn -0.96540000 0.19580000 0.17230000
vn -0.82990000 0.17040000 0.53130000
vn -0.77480000 0.33000000 0.53920000
vn -0.81930000 0.17080000 0.54730000
vn -0.90370000 0.39050000 0.17580000
vn -0.15610000 -0.06570000 -0.98560000
vn -0.17610000 -0.07550000 -0.98150000
vn -0.00000000 -0.00000000 -1.00000000
vn -1.00000000 -0.00000000 -0.00000000
vn -0.17610000 -0.07550000 -0.98150000
vn -0.00000000 -0.00000000 -1.00000000
vn -0.18380000 -0.05760000 -0.98130000
vn -0.19160000 0.01950000 -0.98130000
vn -0.00000000 -0.00000000 -1.00000000
vn -0.16860000 0.05280000 -0.98430000
vn -0.29940000 0.06070000 -0.95220000
vn -0.19160000 0.01950000 -0.98130000
vn -0.19360000 -0.00000000 -0.98110000
vn -0.00000000 -0.00000000 -1.00000000
vn -0.00000000 -0.00000000 -1.00000000
vn -0.19510000 -0.01980000 -0.98060000
vn -0.19510000 -0.00000000 -0.98080000
vn -0.30450000 -0.06230000 -0.95050000
vn -0.19510000 -0.01980000 -0.98060000
vn -0.18380000 -0.05760000 -0.98130000
vn 0.00010000 -0.00000000 -1.00000000
vn -0.54690000 0.11450000 -0.82940000
vn -0.29940000 0.06070000 -0.95220000
vn -0.19160000 0.01950000 -0.98130000
vn -0.55390000 -0.00000000 -0.83260000
vn -0.19160000 -0.00000000 -0.98150000
vn -0.83050000 -0.00000000 -0.55700000
vn -0.81780000 0.16760000 -0.55050000
vn -0.55050000 -0.00000000 -0.83480000
vn -0.54690000 0.11450000 -0.82940000
vn -0.53590000 0.11030000 -0.83710000
vn -0.82960000 -0.00000000 -0.55840000
vn -0.98060000 -0.00000000 -0.19590000
vn -0.96170000 0.19510000 -0.19260000
vn -0.81780000 0.16760000 -0.55050000
vn -0.82930000 0.17280000 -0.53140000
vn -0.96150000 -0.19740000 0.19120000
vn -1.00000000 -0.00000000 -0.00000000
vn -0.98080000 -0.00000000 0.19510000
vn -0.97960000 -0.20110000 -0.00000000
vn -0.97960000 -0.20100000 -0.00000000
vn -0.98060000 -0.00000000 -0.19580000
vn -0.96150000 -0.19730000 -0.19120000
vn -1.00000000 -0.00000000 -0.00000000
vn -0.98080000 -0.00000000 0.19510000
vn -0.83150000 -0.00000000 0.55550000
vn -0.96540000 0.19580000 0.17230000
vn -0.81930000 0.17080000 0.54730000
vn -0.96150000 0.19740000 0.19120000
vn -0.82990000 0.17040000 0.53130000
vn -0.55540000 -0.00000000 0.83160000
vn -0.83150000 -0.00000000 0.55550000
vn -0.81930000 0.17080000 0.54730000
vn -0.55170000 0.11330000 0.82630000
vn -0.19510000 -0.00000000 0.98080000
vn -0.55170000 0.11330000 0.82630000
vn -0.53500000 0.11240000 0.83730000
vn -0.19500000 0.03760000 0.98010000
vn -0.55540000 -0.00000000 0.83160000
vn -0.17570000 0.03610000 0.98380000
vn -0.00000000 -0.00000000 1.00000000
vn -0.19510000 -0.00000000 0.98080000
vn -0.19500000 0.03760000 0.98010000
vn -0.00000000 -0.00000000 1.00000000
vn -0.19510000 -0.00000000 0.98080000
vn -0.19480000 -0.04000000 0.98000000
vn -0.19480000 -0.04000000 0.98000000
vn -0.23940000 -0.09860000 0.96590000
vn -0.25510000 -0.06110000 0.96500000
vn -0.00000000 -0.00000000 1.00000000
vn -0.14670000 -0.06290000 0.98720000
vn -0.00000000 -0.00000000 1.00000000
vn -1.00000000 -0.00000000 -0.00000000
vn -0.14670000 -0.06290000 0.98720000
vn -0.96130000 -0.19750000 -0.19190000
vn -0.81970000 -0.16810000 -0.54760000
vn -0.98080000 -0.00000000 -0.19500000
vn -0.83030000 -0.00000000 -0.55730000
vn -0.83150000 -0.00000000 -0.55550000
vn -0.81830000 -0.16810000 -0.54970000
vn -0.55170000 -0.00000000 -0.83400000
vn -0.55190000 -0.11300000 -0.82620000
vn -0.19510000 -0.01980000 -0.98060000
vn -0.54810000 -0.11260000 -0.82880000
vn -0.19220000 -0.00000000 -0.98140000
vn -0.30450000 -0.06230000 -0.95050000
vn -0.55540000 -0.00000000 -0.83160000
vn -0.50580000 -0.21760000 -0.83470000
vn -0.54700000 -0.11270000 -0.82950000
vn -0.18380000 -0.05760000 -0.98130000
vn -0.17610000 -0.07550000 -0.98150000
vn -0.30450000 -0.06230000 -0.95050000
vn -0.15610000 -0.06570000 -0.98560000
vn -0.39530000 -0.16290000 -0.90400000
vn -0.81760000 -0.16810000 -0.55080000
vn -0.55130000 -0.11270000 -0.82670000
vn -0.50580000 -0.21760000 -0.83470000
vn -0.76220000 -0.32730000 -0.55850000
vn -0.54460000 -0.23300000 -0.80570000
vn -0.90150000 -0.38570000 -0.19630000
vn -0.96120000 -0.19750000 -0.19250000
vn -0.83850000 -0.35950000 -0.40960000
vn -0.76220000 -0.32730000 -0.55850000
vn -0.73370000 -0.31250000 -0.60340000
vn -0.81890000 -0.16810000 -0.54880000
vn -0.90150000 -0.38570000 -0.19630000
vn -0.97960000 -0.20120000 -0.00000000
vn -0.96140000 -0.19740000 -0.19170000
vn -0.88440000 -0.37520000 -0.27770000
vn -0.91420000 -0.39180000 -0.10350000
vn -0.91910000 -0.39410000 -0.00000000
vn -0.73370000 -0.31250000 -0.60340000
vn -0.54460000 -0.23300000 -0.80570000
vn -1.00000000 -0.00000000 -0.00000000
vn -0.76220000 -0.32730000 -0.55850000
vn -0.83850000 -0.35950000 -0.40960000
vn -1.00000000 -0.00010000 0.00050000
vn -0.73370000 -0.31250000 -0.60340000
vn -0.88440000 -0.37520000 -0.27770000
vn -0.83850000 -0.35950000 -0.40960000
vn -0.90150000 -0.38570000 -0.19630000
vn -1.00000000 -0.00010000 0.00050000
vn -1.00000000 -0.00000000 -0.00000000
vn -0.88440000 -0.37520000 -0.27770000
vn -0.91420000 -0.39180000 -0.10350000
vn -1.00000000 -0.00000000 -0.00000000
vn -0.91910000 -0.39410000 -0.00000000
vn -0.91420000 -0.39180000 -0.10350000
vn -0.50580000 -0.21760000 -0.83470000
vn -0.15610000 -0.06570000 -0.98560000
vn -1.00000000 -0.00000000 -0.00030000
vn -0.39530000 -0.16290000 -0.90400000
vn -0.39530000 -0.16290000 -0.90400000
vn -0.54460000 -0.23300000 -0.80570000
vn -1.00000000 0.00010000 -0.00030000
vn -0.97960000 -0.20110000 -0.00000000
vn -0.91780000 -0.39330000 0.05460000
vn -0.96150000 -0.19740000 0.19120000
vn -0.90210000 -0.38500000 0.19510000
vn -0.91920000 -0.39380000 -0.00000000
vn -0.96150000 -0.19740000 0.19120000
vn -0.98080000 -0.00000000 0.19500000
vn -0.83150000 -0.00000000 0.55550000
vn -0.82040000 -0.16300000 0.54800000
vn -0.88190000 -0.18100000 0.43530000
vn -0.55540000 -0.00000000 0.83160000
vn -0.78300000 -0.16070000 0.60090000
vn -0.55230000 -0.10760000 0.82660000
vn -0.82040000 -0.16300000 0.54800000
vn -0.83150000 -0.00000000 0.55550000
vn -0.60410000 -0.12400000 0.78720000
vn -0.55230000 -0.10760000 0.82660000
vn -0.25510000 -0.06110000 0.96500000
vn -0.19510000 -0.00000000 0.98080000
vn -0.19480000 -0.04000000 0.98000000
vn -0.55540000 -0.00000000 0.83160000
vn -0.23940000 -0.09860000 0.96590000
vn -0.60410000 -0.12400000 0.78720000
vn -0.25510000 -0.06110000 0.96500000
vn -0.55230000 -0.10760000 0.82660000
vn -0.55760000 -0.24430000 0.79330000
vn -0.49320000 -0.21180000 0.84370000
vn -0.78300000 -0.16070000 0.60090000
vn -0.60410000 -0.12400000 0.78720000
vn -0.55760000 -0.24430000 0.79330000
vn -0.72920000 -0.31230000 0.60880000
vn -0.72920000 -0.31230000 0.60880000
vn -0.82420000 -0.35340000 0.44250000
vn -0.82040000 -0.16300000 0.54800000
vn -0.77220000 -0.33290000 0.54120000
vn -0.78300000 -0.16070000 0.60090000
vn -0.88190000 -0.18100000 0.43530000
vn -0.96150000 -0.19740000 0.19120000
vn -0.88190000 -0.18100000 0.43530000
vn -0.82420000 -0.35340000 0.44250000
vn -0.89380000 -0.38270000 0.23380000
vn -0.90210000 -0.38500000 0.19510000
vn -0.14670000 -0.06290000 0.98720000
vn -0.49320000 -0.21180000 0.84370000
vn -1.00000000 -0.00000000 -0.00000000
vn -0.55760000 -0.24430000 0.79330000
vn -0.23940000 -0.09860000 0.96590000
vn -0.49320000 -0.21180000 0.84370000
vn -0.77220000 -0.33290000 0.54120000
vn -0.72920000 -0.31230000 0.60880000
vn -1.00000000 -0.00000000 -0.00000000
vn -1.00000000 -0.00000000 -0.00000000
vn -0.77220000 -0.33290000 0.54120000
vn -0.82420000 -0.35340000 0.44250000
vn -0.89380000 -0.38270000 0.23380000
vn -0.91780000 -0.39330000 0.05460000
vn -0.90210000 -0.38500000 0.19510000
vn -1.00000000 -0.00000000 -0.00000000
vn -0.89380000 -0.38270000 0.23380000
vn -0.91910000 -0.39410000 -0.00000000
vn -1.00000000 -0.00000000 -0.00000000
vn -0.91780000 -0.39330000 0.05460000
vn -0.23030000 0.10140000 -0.96780000
vn -0.00000000 -0.00000000 -1.00000000
vn -0.16160000 0.06920000 -0.98440000
vn -1.00000000 -0.00000000 -0.00000000
vn -0.16860000 0.05280000 -0.98430000
vn -0.16160000 0.06920000 -0.98440000
vn -0.00000000 -0.00000000 -1.00000000
vn -0.49630000 0.21070000 -0.84220000
vn -0.36220000 0.07430000 -0.92910000
vn -0.54710000 0.11410000 -0.82920000
vn -0.53570000 0.11020000 -0.83720000
vn -0.16860000 0.05280000 -0.98430000
vn -0.16160000 0.06920000 -0.98440000
vn -0.23030000 0.10140000 -0.96780000
vn -1.00000000 -0.00000000 -0.00000000
vn -0.23030000 0.10140000 -0.96780000
vn -0.54790000 0.23440000 -0.80300000
vn -0.49630000 0.21070000 -0.84220000
vn -0.53570000 0.11020000 -0.83720000
vn -0.49630000 0.21070000 -0.84220000
vn -0.77390000 0.33230000 -0.53910000
vn -0.81780000 0.16760000 -0.55060000
vn -0.82940000 0.17230000 -0.53140000
vn -0.54790000 0.23440000 -0.80300000
vn -0.73750000 0.31380000 -0.59800000
vn -0.77390000 0.33230000 -0.53910000
vn -0.54790000 0.23440000 -0.80300000
vn -1.00000000 -0.00000000 -0.00000000
vn -0.96490000 0.19810000 -0.17220000
vn -0.82940000 0.17230000 -0.53140000
vn -0.86810000 0.37280000 -0.32790000
vn -0.73750000 0.31380000 -0.59800000
vn -0.90530000 0.38680000 -0.17580000
vn -0.77390000 0.33230000 -0.53910000
vn -0.96160000 0.19550000 -0.19260000
vn -0.86810000 0.37280000 -0.32790000
vn -1.00000000 -0.00000000 -0.00000000
vn -0.73750000 0.31380000 -0.59800000
vn -0.86810000 0.37280000 -0.32790000
vn -0.90530000 0.38670000 -0.17580000
vn -0.91480000 0.39210000 -0.09730000
vn -1.00000000 0.00010000 0.00050000
vn -0.90530000 0.38670000 -0.17580000
vn -0.91480000 0.39210000 -0.09730000
vn -0.96490000 0.19810000 -0.17220000
vn -0.91910000 0.39410000 -0.00000000
vn -0.97960000 0.20110000 -0.00000000
vn -0.91480000 0.39210000 -0.09730000
vn -1.00000000 0.00010000 0.00050000
vn -0.91910000 0.39410000 -0.00000000
vn -0.18370000 -0.05760000 -0.98130000
vn -0.17620000 -0.07550000 -0.98140000
vn -0.00000000 -0.00000000 -1.00000000
vn -0.00000000 -0.00000000 -1.00000000
vn -0.19620000 -0.01990000 -0.98040000
vn -0.18370000 -0.05760000 -0.98130000
vn -0.36240000 -0.07430000 -0.92910000
vn -0.00000000 -0.00000000 -1.00000000
vn -0.19620000 -0.01990000 -0.98040000
vn -0.19620000 -0.00000000 -0.98060000
vn -0.36220000 0.07430000 -0.92910000
vn -0.00000000 -0.00000000 -1.00000000
vn -0.19160000 0.01950000 -0.98130000
vn -0.16860000 0.05280000 -0.98430000
vn -0.19590000 -0.00010000 -0.98060000
vn -0.00000000 -0.00000000 -1.00000000
vn -0.19160000 0.01950000 -0.98130000
vn -0.17110000 -0.07330000 -0.98250000
vn -0.00000000 -0.00000000 -1.00000000
vn -1.00000000 -0.00000000 -0.00000000
vn -0.54710000 0.11410000 -0.82920000
vn -0.19160000 -0.00000000 -0.98150000
vn -0.19160000 0.01950000 -0.98130000
vn -0.55660000 -0.00000000 -0.83080000
vn -0.36220000 0.07430000 -0.92910000
vn -0.55070000 -0.00000000 -0.83470000
vn -0.83290000 -0.00000000 -0.55340000
vn -0.53570000 0.11020000 -0.83720000
vn -0.54710000 0.11410000 -0.82920000
vn -0.81780000 0.16760000 -0.55060000
vn -0.81780000 0.16760000 -0.55060000
vn -0.82940000 0.17230000 -0.53140000
vn -0.98050000 -0.00000000 -0.19640000
vn -0.82950000 -0.00000000 -0.55850000
vn -0.96160000 0.19550000 -0.19260000
vn -0.98080000 -0.00000000 -0.19490000
vn -0.97960000 0.20110000 -0.00000000
vn -1.00000000 -0.00000000 -0.00000000
vn -0.96160000 0.19550000 -0.19260000
vn -0.96490000 0.19810000 -0.17220000
vn -1.00000000 -0.00000000 -0.00000000
vn -0.91420000 0.39180000 0.10340000
vn -0.91930000 0.39370000 -0.00000000
vn -0.96150000 0.19740000 0.19120000
vn -0.91420000 0.39180000 0.10340000
vn -0.97960000 0.20110000 -0.00000000
vn -0.86820000 0.36740000 0.33360000
vn -0.91910000 0.39410000 -0.00000000
vn -0.90370000 0.39050000 0.17580000
vn -0.96540000 0.19580000 0.17230000
vn -0.98090000 -0.00000000 -0.19430000
vn -0.83470000 -0.00040000 -0.55080000
vn -0.96160000 -0.19760000 -0.19040000
vn -0.88140000 -0.18070000 -0.43650000
vn -0.82340000 -0.16450000 -0.54310000
vn -0.96210000 -0.19750000 -0.18800000
vn -1.00000000 -0.00000000 -0.00000000
vn -0.97960000 -0.20100000 -0.00000000
vn -0.98140000 -0.00000000 -0.19180000
vn -0.55520000 -0.10940000 -0.82450000
vn -0.60230000 -0.12330000 -0.78870000
vn -0.82340000 -0.16450000 -0.54310000
vn -0.78160000 -0.16070000 -0.60270000
vn -0.83480000 -0.00000000 -0.55060000
vn -0.55350000 -0.00000000 -0.83290000
vn -0.55850000 -0.00000000 -0.82950000
vn -0.19620000 -0.01990000 -0.98040000
vn -0.36240000 -0.07430000 -0.92910000
vn -0.43740000 -0.09000000 -0.89480000
vn -0.55520000 -0.10940000 -0.82450000
vn -0.19480000 -0.00000000 -0.98090000
vn -0.91370000 -0.39160000 -0.10860000
vn -0.86560000 -0.36670000 -0.34110000
vn -0.90060000 -0.38780000 -0.19620000
vn -0.97960000 -0.20110000 -0.00000000
vn -0.96180000 -0.19650000 -0.19060000
vn -0.91920000 -0.39380000 -0.00000000
vn -0.90060000 -0.38780000 -0.19620000
vn -0.82360000 -0.35310000 -0.44380000
vn -0.96120000 -0.19770000 -0.19220000
vn -0.88140000 -0.18070000 -0.43650000
vn -0.88140000 -0.18070000 -0.43650000
vn -0.72700000 -0.31390000 -0.61060000
vn -0.82370000 -0.35290000 -0.44380000
vn -0.82340000 -0.16450000 -0.54310000
vn -0.78160000 -0.16070000 -0.60270000
vn -0.70060000 -0.30090000 -0.64700000
vn -0.60230000 -0.12330000 -0.78870000
vn -0.72700000 -0.31390000 -0.61060000
vn -0.55800000 -0.23840000 -0.79490000
vn -0.78160000 -0.16070000 -0.60270000
vn -0.44690000 -0.19240000 -0.87360000
vn -0.43740000 -0.09000000 -0.89480000
vn -0.55520000 -0.10940000 -0.82450000
vn -0.60230000 -0.12330000 -0.78870000
vn -0.55800000 -0.23840000 -0.79490000
vn -0.40360000 -0.17310000 -0.89840000
vn -0.17240000 -0.07380000 -0.98230000
vn -0.43740000 -0.09000000 -0.89480000
vn -0.36240000 -0.07430000 -0.92910000
vn -0.40360000 -0.17310000 -0.89840000
vn -0.18370000 -0.05760000 -0.98130000
vn -0.91370000 -0.39160000 -0.10860000
vn -0.86560000 -0.36670000 -0.34110000
vn -1.00000000 -0.00000000 -0.00000000
vn -0.91920000 -0.39380000 -0.00000000
vn -0.91370000 -0.39160000 -0.10860000
vn -1.00000000 -0.00000000 -0.00000000
vn -0.70060000 -0.30090000 -0.64700000
vn -0.86560000 -0.36670000 -0.34110000
vn -1.00000000 -0.00000000 -0.00000000
vn -0.82370000 -0.35290000 -0.44380000
vn -0.90060000 -0.38780000 -0.19620000
vn -0.55800000 -0.23840000 -0.79490000
vn -0.44690000 -0.19240000 -0.87360000
vn -0.70060000 -0.30090000 -0.64700000
vn -1.00000000 -0.00000000 -0.00000000
vn -0.72700000 -0.31390000 -0.61060000
vn -0.16990000 -0.07260000 -0.98280000
vn -0.40360000 -0.17310000 -0.89840000
vn -0.44690000 -0.19240000 -0.87360000
vn -1.00000000 -0.00000000 -0.00000000
vn -1.00000000 -0.00000000 -0.00000000
vn -0.96150000 0.19740000 0.19120000
vn -0.97960000 0.20110000 -0.00000000
vn -0.98080000 -0.00000000 0.19520000
vn -1.00000000 -0.00000000 -0.00000000
vn -0.86820000 0.36740000 0.33360000
vn -0.91420000 0.39180000 0.10340000
vn -0.49580000 0.21180000 0.84220000
vn -0.17570000 0.03610000 0.98380000
vn -0.55020000 0.23200000 0.80220000
vn -0.16160000 0.06930000 0.98440000
vn -0.21980000 0.09730000 0.97070000
vn -0.53500000 0.11240000 0.83730000
vn -0.19500000 0.03760000 0.98010000
vn -0.16160000 0.06930000 0.98440000
vn -0.00000000 -0.00000000 1.00000000
vn -0.17570000 0.03610000 0.98380000
vn -1.00000000 -0.00000000 -0.00000000
vn -0.21980000 0.09730000 0.97070000
vn -0.00000000 -0.00000000 1.00000000
vn -0.16160000 0.06930000 0.98440000
vn -0.90370000 0.39050000 0.17580000
vn -0.73110000 0.31380000 0.60580000
vn -0.86820000 0.36740000 0.33360000
vn -1.00000000 -0.00000000 -0.00000000
vn -0.77480000 0.33000000 0.53920000
vn -0.55020000 0.23200000 0.80220000
vn -0.21980000 0.09730000 0.97070000
vn -1.00000000 -0.00000000 -0.00000000
vn -0.73110000 0.31380000 0.60580000
vn -1.00000000 -0.00000000 -0.00000000
vn -0.49580000 0.21180000 0.84220000
vn -0.55020000 0.23200000 0.80220000
vn -0.49580000 0.21180000 0.84220000
vn -0.53500000 0.11240000 0.83730000
vn -0.73110000 0.31380000 0.60580000
vn -0.55170000 0.11330000 0.82630000
vn -0.77480000 0.33000000 0.53920000
vn -0.82990000 0.17040000 0.53130000
vn -0.82990000 0.17040000 0.53130000
vn -0.77480000 0.33000000 0.53920000
vn -0.90370000 0.39050000 0.17580000
vn -0.81930000 0.17080000 0.54730000
vn -0.96540000 0.19580000 0.17230000
vn -0.98080000 -0.00000000 0.19510000
vn -1.00000000 -0.00000000 -0.00000000
vn -0.96150000 -0.19740000 0.19120000
vn -0.97960000 -0.20110000 -0.00000000
vn -0.90210000 -0.38500000 0.19510000
vn -0.97960000 -0.20110000 -0.00000000
vn -0.96150000 -0.19740000 0.19130000
vn -0.91780000 -0.39340000 0.05460000
vn -0.91920000 -0.39380000 -0.00000000
vn -0.91780000 -0.39340000 0.05460000
vn -0.91920000 -0.39380000 -0.00000000
vn -1.00000000 -0.00000000 -0.00000000
vn -0.98080000 -0.00000000 0.19510000
vn -0.81930000 0.17080000 0.54730000
vn -0.96540000 0.19580000 0.17230000
vn -0.83160000 -0.00000000 0.55540000
vn -0.96150000 0.19740000 0.19120000
vn -0.81930000 0.17080000 0.54730000
vn -0.82990000 0.17040000 0.53130000
vn -0.83150000 -0.00000000 0.55550000
vn -0.55540000 -0.00000000 0.83160000
vn -0.55170000 0.11330000 0.82630000
vn -0.55540000 -0.00000000 0.83160000
vn -0.19500000 0.03760000 0.98010000
vn -0.19520000 -0.00000000 0.98080000
vn -0.53500000 0.11240000 0.83730000
vn -0.55170000 0.11330000 0.82630000
vn -0.00000000 -0.00000000 1.00000000
vn -0.17570000 0.03610000 0.98380000
vn -0.19500000 0.03760000 0.98010000
vn -0.19520000 -0.00000000 0.98080000
vn -0.14670000 -0.06290000 0.98720000
vn -0.19480000 -0.04000000 0.98000000
vn -0.23940000 -0.09860000 0.96590000
vn -0.00000000 -0.00000000 1.00000000
vn -0.25520000 -0.06110000 0.96500000
vn -0.00000000 -0.00000000 1.00000000
vn -0.14670000 -0.06290000 0.98720000
vn -1.00000000 -0.00000000 -0.00000000
vn -0.19510000 -0.00000000 0.98080000
vn -0.19480000 -0.04000000 0.98000000
vn -0.00000000 -0.00000000 1.00000000
vn -0.98080000 -0.00000000 0.19500000
vn -0.96150000 -0.19740000 0.19120000
vn -0.82040000 -0.16300000 0.54800000
vn -0.88190000 -0.18100000 0.43530000
vn -0.83150000 -0.00000000 0.55550000
vn -0.78300000 -0.16070000 0.60090000
vn -0.55220000 -0.10760000 0.82670000
vn -0.83160000 -0.00000000 0.55540000
vn -0.60410000 -0.12400000 0.78720000
vn -0.82040000 -0.16300000 0.54800000
vn -0.55540000 -0.00000000 0.83160000
vn -0.19510000 -0.00000000 0.98080000
vn -0.25520000 -0.06110000 0.96500000
vn -0.55550000 -0.00000000 0.83150000
vn -0.55220000 -0.10760000 0.82670000
vn -0.19480000 -0.04000000 0.98000000
vn -0.55220000 -0.10760000 0.82670000
vn -0.60410000 -0.12400000 0.78720000
vn -0.25520000 -0.06110000 0.96500000
vn -0.23940000 -0.09860000 0.96590000
vn -0.55760000 -0.24430000 0.79340000
vn -0.55760000 -0.24430000 0.79340000
vn -0.78300000 -0.16070000 0.60090000
vn -0.60410000 -0.12400000 0.78720000
vn -0.72930000 -0.31240000 0.60880000
vn -0.49320000 -0.21180000 0.84370000
vn -0.77220000 -0.33290000 0.54120000
vn -0.82420000 -0.35320000 0.44260000
vn -0.88190000 -0.18100000 0.43530000
vn -0.82040000 -0.16300000 0.54800000
vn -0.72930000 -0.31230000 0.60880000
vn -0.78300000 -0.16070000 0.60090000
vn -0.90210000 -0.38500000 0.19510000
vn -0.82420000 -0.35320000 0.44260000
vn -0.89380000 -0.38270000 0.23400000
vn -0.88190000 -0.18100000 0.43530000
vn -0.96150000 -0.19740000 0.19120000
vn -0.14670000 -0.06290000 0.98720000
vn -0.55760000 -0.24430000 0.79340000
vn -0.23940000 -0.09860000 0.96590000
vn -1.00000000 -0.00000000 -0.00000000
vn -0.49320000 -0.21180000 0.84370000
vn -0.72930000 -0.31230000 0.60880000
vn -1.00000000 -0.00000000 -0.00000000
vn -0.77220000 -0.33290000 0.54120000
vn -0.49320000 -0.21180000 0.84370000
vn -1.00000000 -0.00000000 -0.00000000
vn -0.77220000 -0.33290000 0.54120000
vn -0.82420000 -0.35320000 0.44260000
vn -0.89380000 -0.38270000 0.23400000
vn -0.91780000 -0.39340000 0.05460000
vn -1.00000000 -0.00000000 -0.00000000
vn -0.89380000 -0.38270000 0.23400000
vn -0.90210000 -0.38500000 0.19510000
vn -0.91910000 -0.39410000 -0.00000000
vn -1.00000000 -0.00000000 -0.00000000
vn -0.91420000 -0.39180000 -0.10350000
vn -1.00000000 -0.00030000 -0.00070000
vn -0.91480000 -0.39210000 0.09680000
vn -0.91910000 -0.39410000 -0.00000000
vn -0.91420000 -0.39180000 -0.10350000
vn -0.90360000 -0.39050000 -0.17590000
vn -0.97960000 -0.20110000 -0.00000000
vn -0.96540000 -0.19580000 -0.17230000
vn -0.91910000 -0.39410000 -0.00000000
vn -0.86840000 -0.36710000 -0.33340000
vn -0.96150000 -0.19740000 -0.19120000
vn -0.96490000 -0.19810000 0.17240000
vn -0.91480000 -0.39210000 0.09680000
vn -0.91910000 -0.39410000 -0.00000000
vn -0.97960000 -0.20100000 -0.00000000
vn -0.90530000 -0.38670000 0.17590000
vn -0.97960000 -0.20110000 -0.00000000
vn -1.00000000 -0.00000000 -0.00000000
vn -0.96490000 -0.19810000 0.17240000
vn -0.96160000 -0.19550000 0.19260000
vn -0.98050000 -0.00000000 0.19640000
vn -0.98080000 -0.00000000 -0.19500000
vn -0.96150000 -0.19740000 -0.19120000
vn -0.97950000 -0.20130000 -0.00000000
vn -1.00000000 -0.00000000 -0.00000000
vn -0.91420000 -0.39180000 -0.10350000
vn -0.86840000 -0.36710000 -0.33340000
vn -1.00000000 -0.00000000 -0.00000000
vn -0.19490000 -0.03760000 -0.98010000
vn -0.17570000 -0.03610000 -0.98380000
vn -0.53510000 -0.11240000 -0.83730000
vn -0.55020000 -0.23200000 -0.80220000
vn -0.49590000 -0.21180000 -0.84220000
vn -0.21970000 -0.09720000 -0.97070000
vn -0.16160000 -0.06930000 -0.98440000
vn -0.17570000 -0.03610000 -0.98380000
vn -0.16160000 -0.06930000 -0.98440000
vn -0.00000000 -0.00000000 -1.00000000
vn -1.00000000 -0.00000000 -0.00000000
vn -0.16160000 -0.06930000 -0.98440000
vn -0.00000000 -0.00000000 -1.00000000
vn -0.21970000 -0.09720000 -0.97070000
vn -0.73100000 -0.31380000 -0.60590000
vn -1.00000000 -0.00000000 -0.00000000
vn -0.86840000 -0.36710000 -0.33340000
vn -0.77480000 -0.33000000 -0.53930000
vn -0.90360000 -0.39050000 -0.17590000
vn -0.55020000 -0.23200000 -0.80220000
vn -1.00000000 -0.00000000 -0.00000000
vn -0.21970000 -0.09720000 -0.97070000
vn -0.49590000 -0.21180000 -0.84220000
vn -0.73100000 -0.31380000 -0.60590000
vn -0.55020000 -0.23200000 -0.80220000
vn -1.00000000 -0.00000000 -0.00000000
vn -0.49590000 -0.21180000 -0.84220000
vn -0.53510000 -0.11240000 -0.83730000
vn -0.77480000 -0.33000000 -0.53930000
vn -0.82990000 -0.17040000 -0.53130000
vn -0.55190000 -0.11330000 -0.82620000
vn -0.73100000 -0.31380000 -0.60590000
vn -0.96540000 -0.19580000 -0.17230000
vn -0.90360000 -0.39050000 -0.17590000
vn -0.77480000 -0.33000000 -0.53930000
vn -0.81930000 -0.17080000 -0.54730000
vn -0.82990000 -0.17040000 -0.53130000
vn -0.16150000 -0.06930000 0.98440000
vn -1.00000000 -0.00000000 -0.00000000
vn -0.00000000 -0.00000000 1.00000000
vn -0.23040000 -0.10150000 0.96780000
vn -0.16150000 -0.06930000 0.98440000
vn -0.17570000 -0.03610000 0.98380000
vn -0.00000000 -0.00000000 1.00000000
vn -0.17570000 -0.03610000 0.98380000
vn -0.53580000 -0.11030000 0.83710000
vn -0.54700000 -0.11410000 0.82930000
vn -0.16150000 -0.06930000 0.98440000
vn -0.23040000 -0.10150000 0.96780000
vn -0.49630000 -0.21070000 0.84220000
vn -0.19160000 -0.03780000 0.98070000
vn -0.49630000 -0.21070000 0.84220000
vn -0.54760000 -0.23440000 0.80320000
vn -0.23040000 -0.10150000 0.96780000
vn -1.00000000 -0.00000000 -0.00000000
vn -0.77390000 -0.33230000 0.53920000
vn -0.53580000 -0.11030000 0.83710000
vn -0.49630000 -0.21070000 0.84220000
vn -0.54760000 -0.23440000 0.80320000
vn -0.82930000 -0.17230000 0.53160000
vn -0.81780000 -0.16760000 0.55060000
vn -0.54760000 -0.23440000 0.80320000
vn -1.00000000 -0.00000000 -0.00000000
vn -0.77390000 -0.33230000 0.53920000
vn -0.73740000 -0.31380000 0.59820000
vn -0.77390000 -0.33230000 0.53920000
vn -0.96160000 -0.19550000 0.19260000
vn -0.96490000 -0.19810000 0.17240000
vn -0.73740000 -0.31380000 0.59820000
vn -0.86810000 -0.37280000 0.32790000
vn -0.82930000 -0.17230000 0.53160000
vn -0.90520000 -0.38680000 0.17590000
vn -0.86810000 -0.37280000 0.32790000
vn -0.73740000 -0.31380000 0.59820000
vn -1.00000000 -0.00000000 -0.00000000
vn -0.86810000 -0.37280000 0.32790000
vn -0.90530000 -0.38670000 0.17590000
vn -1.00000000 -0.00030000 -0.00070000
vn -0.91480000 -0.39210000 0.09680000
vn -0.96190000 0.19530000 -0.19130000
vn -1.00000000 -0.00000000 -0.00000000
vn -0.96490000 0.19810000 -0.17230000
vn -0.98080000 -0.00000000 -0.19510000
vn -0.97960000 0.20110000 -0.00000000
vn -0.98060000 -0.00000000 0.19590000
vn -1.00000000 -0.00000000 -0.00000000
vn -0.96150000 0.19740000 0.19140000
vn -0.97960000 0.20110000 -0.00000000
vn -0.96540000 -0.19580000 -0.17230000
vn -0.81930000 -0.17080000 -0.54730000
vn -0.96150000 -0.19740000 -0.19120000
vn -0.98080000 -0.00000000 -0.19510000
vn -0.83150000 -0.00000000 -0.55550000
vn -0.81930000 -0.17080000 -0.54730000
vn -0.82990000 -0.17040000 -0.53130000
vn -0.83150000 -0.00000000 -0.55560000
vn -0.55540000 -0.00000000 -0.83160000
vn -0.55190000 -0.11330000 -0.82620000
vn -0.55540000 -0.00000000 -0.83160000
vn -0.55190000 -0.11330000 -0.82620000
vn -0.19490000 -0.03760000 -0.98010000
vn -0.19510000 -0.00000000 -0.98080000
vn -0.53510000 -0.11240000 -0.83730000
vn -0.17570000 -0.03610000 -0.98380000
vn -0.19510000 -0.00000000 -0.98080000
vn -0.19490000 -0.03760000 -0.98010000
vn -0.00000000 -0.00000000 -1.00000000
vn -0.19290000 -0.00000000 0.98120000
vn -0.17570000 -0.03610000 0.98380000
vn -0.00000000 -0.00000000 1.00000000
vn -0.19160000 -0.03780000 0.98070000
vn -0.54700000 -0.11410000 0.82930000
vn -0.19170000 -0.00000000 0.98150000
vn -0.55070000 -0.00000000 0.83470000
vn -0.19160000 -0.03780000 0.98070000
vn -0.79360000 -0.00000000 0.60850000
vn -0.53580000 -0.11030000 0.83710000
vn -0.44210000 -0.00060000 0.89700000
vn -0.54700000 -0.11410000 0.82930000
vn -0.60870000 -0.00000000 0.79340000
vn -0.55070000 -0.00000000 0.83470000
vn -0.82950000 -0.00020000 0.55850000
vn -0.81780000 -0.16760000 0.55060000
vn -0.98060000 -0.00000000 0.19590000
vn -0.81780000 -0.16760000 0.55060000
vn -0.82950000 -0.00020000 0.55850000
vn -0.89690000 -0.00000000 0.44230000
vn -0.82930000 -0.17230000 0.53160000
vn -0.96160000 -0.19550000 0.19260000
vn -0.14670000 0.06290000 -0.98720000
vn -0.00000000 -0.00000000 -1.00000000
vn -1.00000000 -0.00000000 -0.00000000
vn -0.00000000 -0.00000000 -1.00000000
vn -0.16870000 0.05280000 -0.98430000
vn -0.19520000 0.01980000 -0.98060000
vn -0.30060000 0.06080000 -0.95180000
vn -0.14670000 0.06290000 -0.98720000
vn -0.16190000 0.06870000 -0.98440000
vn -0.00000000 -0.00000000 -1.00000000
vn -0.16870000 0.05280000 -0.98430000
vn -0.19510000 -0.00000000 -0.98080000
vn -0.00000000 -0.00000000 -1.00000000
vn -0.19520000 0.01980000 -0.98060000
vn -0.00000000 -0.00000000 1.00000000
vn -0.16930000 0.07260000 0.98290000
vn -1.00000000 -0.00000000 -0.00000000
vn -0.19150000 0.03930000 0.98070000
vn -0.17210000 0.07360000 0.98230000
vn -0.00000000 -0.00000000 1.00000000
vn -0.00000000 -0.00000000 1.00000000
vn -0.19510000 -0.00000000 0.98080000
vn -0.19400000 0.03950000 0.98020000
vn -0.91910000 0.39410000 -0.00000000
vn -0.90530000 0.38660000 -0.17580000
vn -0.91780000 0.39330000 -0.05500000
vn -0.97960000 0.20110000 -0.00000000
vn -0.96490000 0.19810000 -0.17230000
vn -0.91370000 0.39160000 0.10890000
vn -0.96140000 0.19740000 0.19180000
vn -0.91910000 0.39410000 -0.00000000
vn -0.86560000 0.36670000 0.34100000
vn -0.90060000 0.38780000 0.19610000
vn -0.97960000 0.20110000 -0.00000000
vn -0.98080000 -0.00000000 -0.19520000
vn -0.96190000 0.19530000 -0.19130000
vn -0.82930000 0.17270000 -0.53150000
vn -0.83150000 -0.00000000 -0.55550000
vn -0.81970000 0.16830000 -0.54760000
vn -0.83150000 -0.00000000 -0.55550000
vn -0.53590000 0.11000000 -0.83710000
vn -0.81970000 0.16830000 -0.54760000
vn -0.55180000 0.11610000 -0.82590000
vn -0.55540000 -0.00000000 -0.83160000
vn -0.55180000 0.11610000 -0.82590000
vn -0.30060000 0.06080000 -0.95180000
vn -0.19510000 -0.00000000 -0.98080000
vn -0.19520000 0.01980000 -0.98060000
vn -0.55550000 -0.00000000 -0.83150000
vn -0.55070000 -0.00000000 0.83470000
vn -0.44210000 -0.00060000 0.89700000
vn -0.43870000 0.09010000 0.89410000
vn -0.19500000 0.03970000 0.98000000
vn -0.19400000 -0.00000000 0.98100000
vn -0.44210000 -0.00060000 0.89700000
vn -0.44040000 0.09040000 0.89320000
vn -0.60330000 0.12380000 0.78780000
vn -0.60870000 -0.00000000 0.79340000
vn -0.78250000 0.16070000 0.60150000
vn -0.60400000 0.12380000 0.78730000
vn -0.79360000 -0.00000000 0.60850000
vn -0.60870000 -0.00000000 0.79340000
vn -0.88170000 0.18090000 0.43570000
vn -0.82950000 -0.00020000 0.55850000
vn -0.79360000 -0.00000000 0.60850000
vn -0.89690000 -0.00000000 0.44230000
vn -0.78320000 0.16080000 0.60060000
vn -0.88210000 0.18100000 0.43500000
vn -0.96140000 0.19740000 0.19180000
vn -0.89690000 -0.00000000 0.44230000
vn -0.98070000 -0.00000000 0.19530000
vn -0.91780000 0.39330000 -0.05500000
vn -0.91910000 0.39410000 -0.00000000
vn -1.00000000 -0.00000000 -0.00000000
vn -0.89360000 0.38310000 -0.23390000
vn -1.00000000 -0.00000000 -0.00000000
vn -0.90530000 0.38660000 -0.17580000
vn -0.91780000 0.39330000 -0.05500000
vn -0.77430000 0.33140000 -0.53910000
vn -0.96190000 0.19530000 -0.19130000
vn -0.89360000 0.38310000 -0.23390000
vn -0.90530000 0.38660000 -0.17580000
vn -0.82930000 0.17270000 -0.53150000
vn -0.96490000 0.19810000 -0.17230000
vn -0.49390000 0.21220000 -0.84320000
vn -0.16190000 0.06870000 -0.98440000
vn -0.14670000 0.06290000 -0.98720000
vn -1.00000000 -0.00000000 -0.00000000
vn -0.77430000 0.33140000 -0.53910000
vn -0.89360000 0.38310000 -0.23390000
vn -1.00000000 -0.00000000 -0.00000000
vn -1.00000000 -0.00000000 -0.00000000
vn -0.49320000 0.21180000 -0.84370000
vn -0.77430000 0.33140000 -0.53910000
vn -0.77430000 0.33140000 -0.53900000
vn -0.49410000 0.21230000 -0.84310000
vn -0.82930000 0.17270000 -0.53150000
vn -0.81970000 0.16830000 -0.54760000
vn -0.53590000 0.11000000 -0.83710000
vn -0.16190000 0.06870000 -0.98440000
vn -0.49530000 0.21290000 -0.84220000
vn -0.30060000 0.06080000 -0.95180000
vn -0.16870000 0.05280000 -0.98430000
vn -0.53590000 0.11000000 -0.83710000
vn -0.55180000 0.11610000 -0.82590000
vn -1.00000000 -0.00000000 -0.00000000
vn -0.91370000 0.39160000 0.10890000
vn -0.86560000 0.36670000 0.34100000
vn -0.91370000 0.39160000 0.10890000
vn -0.91910000 0.39410000 -0.00000000
vn -1.00000000 -0.00000000 -0.00000000
vn -0.82380000 0.35290000 0.44370000
vn -0.70070000 0.30100000 0.64690000
vn -0.90060000 0.38780000 0.19610000
vn -0.86560000 0.36670000 0.34100000
vn -1.00000000 -0.00000000 -0.00000000
vn -0.90060000 0.38780000 0.19610000
vn -0.82370000 0.35320000 0.44370000
vn -0.88170000 0.18090000 0.43570000
vn -0.96130000 0.19740000 0.19220000
vn -0.78250000 0.16070000 0.60150000
vn -0.70070000 0.30100000 0.64690000
vn -0.82380000 0.35290000 0.44370000
vn -0.88140000 0.18090000 0.43630000
vn -0.72700000 0.31390000 0.61060000
vn -0.70070000 0.30100000 0.64690000
vn -0.72700000 0.31390000 0.61060000
vn -0.55820000 0.23850000 0.79470000
vn -0.44670000 0.19230000 0.87380000
vn -1.00000000 -0.00000000 -0.00000000
vn -0.72700000 0.31390000 0.61060000
vn -0.78170000 0.16060000 0.60260000
vn -0.55820000 0.23850000 0.79470000
vn -0.60290000 0.12370000 0.78820000
vn -0.55820000 0.23850000 0.79470000
vn -0.44670000 0.19230000 0.87380000
vn -0.43900000 0.09020000 0.89400000
vn -0.60220000 0.12360000 0.78870000
vn -0.40350000 0.17300000 0.89850000
vn -0.40350000 0.17300000 0.89850000
vn -0.44670000 0.19230000 0.87380000
vn -1.00000000 -0.00000000 -0.00000000
vn -0.17080000 0.07290000 0.98260000
vn -0.43720000 0.08990000 0.89490000
vn -0.19270000 0.03940000 0.98050000
vn -0.40350000 0.17300000 0.89850000
vn -0.17630000 0.07530000 0.98150000
vn 0.99930000 -0.03750000 -0.00000000
vn -0.15380000 -0.12190000 -0.98060000
vn -0.18600000 -0.14640000 -0.97160000
vn -0.13010000 -0.16320000 -0.97800000
vn 0.03750000 0.99930000 -0.00000000
vn -0.10960000 -0.10420000 -0.98850000
vn -0.11650000 -0.07080000 -0.99070000
vn 0.03750000 0.99930000 0.00010000
vn 0.99930000 -0.03750000 -0.00010000
vn -0.08770000 -0.13530000 -0.98690000
vn -0.10350000 -0.17330000 -0.97940000
vn -0.07320000 -0.16940000 -0.98280000
vn -0.10380000 -0.18270000 -0.97770000
vn -0.13340000 -0.16410000 -0.97740000
vn 0.03750000 0.99930000 -0.00000000
vn -0.68000000 0.73320000 0.00070000
vn 0.03770000 0.99930000 0.00010000
vn -0.06100000 -0.12090000 -0.99080000
vn -0.11650000 -0.07080000 -0.99070000
vn -0.03560000 -0.17220000 -0.98440000
vn -0.10380000 -0.18270000 -0.97770000
vn -0.68020000 0.73310000 -0.00000000
vn 0.03740000 0.99930000 -0.00000000
vn -0.05050000 -0.17820000 -0.98270000
vn -0.04250000 -0.14520000 -0.98850000
vn -0.15760000 -0.03560000 -0.98690000
vn 0.99930000 -0.03770000 -0.00000000
vn -0.16190000 -0.09120000 -0.98260000
vn 0.68010000 -0.73310000 -0.00000000
vn -0.22760000 -0.04980000 -0.97250000
vn -0.15610000 -0.01120000 -0.98770000
vn -0.11610000 -0.06360000 -0.99120000
vn 0.68010000 -0.73310000 -0.00000000
vn -0.10300000 -0.10980000 -0.98860000
vn 0.99930000 -0.03770000 -0.00010000
vn -0.16190000 -0.09120000 -0.98260000
vn -0.15380000 -0.12190000 -0.98060000
vn 0.99930000 -0.03750000 -0.00000000
vn -0.11650000 -0.07080000 -0.99070000
vn -0.06100000 -0.12090000 -0.99080000
vn -0.02810000 -0.04330000 -0.99870000
vn -0.01310000 -0.05070000 -0.99860000
vn -0.08770000 -0.13530000 -0.98690000
vn -0.11100000 -0.10300000 -0.98850000
vn -0.03790000 -0.03510000 -0.99870000
vn -0.02810000 -0.04330000 -0.99870000
vn -0.08770000 -0.13530000 -0.98690000
vn 0.04330000 -0.02810000 -0.99870000
vn 0.02850000 -0.04780000 -0.99840000
vn -0.01400000 0.03080000 -0.99940000
vn -0.04430000 0.03190000 -0.99850000
vn -0.03000000 0.04160000 -0.99870000
vn 0.01700000 -0.09320000 -0.99550000
vn 0.01230000 0.01760000 -0.99980000
vn 0.03000000 -0.04160000 -0.99870000
vn 0.02960000 -0.01700000 -0.99940000
vn -0.04760000 -0.02840000 -0.99850000
vn -0.01310000 -0.05070000 -0.99860000
vn -0.02810000 -0.04330000 -0.99870000
vn 0.04430000 -0.03190000 -0.99850000
vn 0.02350000 0.00610000 -0.99970000
vn 0.05070000 -0.01300000 -0.99860000
vn -0.03190000 -0.04430000 -0.99850000
vn -0.02790000 -0.06850000 -0.99730000
vn -0.04160000 -0.03000000 -0.99870000
vn -0.04330000 0.02810000 -0.99870000
vn -0.09360000 -0.01680000 -0.99550000
vn 0.06850000 -0.02790000 -0.99730000
vn -0.01680000 0.09350000 -0.99550000
vn -0.02840000 0.04760000 -0.99850000
vn -0.06850000 0.02790000 -0.99730000
vn -0.05060000 0.01310000 -0.99860000
vn -0.68010000 0.73310000 0.00060000
vn -0.04760000 -0.02840000 -0.99850000
vn -0.09360000 -0.01680000 -0.99550000
vn 0.04430000 -0.03190000 -0.99850000
vn -0.68020000 0.73300000 -0.00020000
vn 0.73340000 0.67980000 -0.00000000
vn -0.04760000 -0.02840000 -0.99850000
vn -0.09360000 -0.01680000 -0.99550000
vn -0.68000000 0.73320000 0.00110000
vn -0.06100000 -0.12090000 -0.99080000
vn -0.01310000 -0.05070000 -0.99860000
vn -0.02840000 0.04760000 -0.99850000
vn 0.73310000 0.68010000 0.00060000
vn 0.68010000 -0.73320000 -0.00000000
vn -0.03190000 -0.04430000 -0.99850000
vn -0.06280000 -0.04230000 -0.99710000
vn 0.68000000 -0.73320000 0.00030000
vn -0.03190000 -0.04430000 -0.99850000
vn -0.02790000 -0.06850000 -0.99730000
vn 0.68010000 -0.73310000 0.00010000
vn -0.06280000 -0.04230000 -0.99710000
vn -0.15610000 -0.01120000 -0.98770000
vn -0.15610000 -0.01120000 -0.98770000
vn -0.02790000 -0.06850000 -0.99730000
vn -0.04530000 -0.02480000 -0.99870000
vn -0.06280000 -0.04230000 -0.99710000
vn -0.11610000 -0.06360000 -0.99120000
vn -0.04160000 -0.03000000 -0.99870000
vn -0.10430000 -0.10860000 -0.98860000
vn -0.11610000 -0.06360000 -0.99120000
vn -0.04250000 -0.14520000 -0.98850000
vn -0.68010000 0.73310000 0.00060000
vn -0.01560000 -0.08960000 -0.99590000
vn 0.02090000 -0.08960000 -0.99580000
vn -0.01560000 -0.08960000 -0.99590000
vn -0.68010000 0.73310000 0.00020000
vn 0.73310000 0.68010000 0.00040000
vn 0.02290000 -0.08770000 -0.99590000
vn -0.68010000 0.73310000 -0.00000000
vn -0.17700000 -0.13130000 -0.97540000
vn -0.18990000 -0.10560000 -0.97610000
vn -0.16170000 -0.06380000 -0.98480000
vn -0.18100000 -0.06570000 -0.98130000
vn -0.18990000 -0.10560000 -0.97610000
vn -0.21020000 -0.05860000 -0.97590000
vn -0.15390000 -0.06140000 -0.98620000
vn -0.18310000 -0.06630000 -0.98090000
vn -0.14640000 -0.14180000 -0.97900000
vn -0.10930000 -0.05840000 -0.99230000
vn -0.16190000 -0.09120000 -0.98260000
vn -0.15380000 -0.12190000 -0.98060000
vn 0.00580000 -0.05930000 -0.99820000
vn -0.03540000 -0.05870000 -0.99760000
vn -0.17700000 -0.13130000 -0.97540000
vn -0.18600000 -0.14640000 -0.97160000
vn -0.18990000 -0.10560000 -0.97610000
vn -0.22760000 -0.04980000 -0.97250000
vn -0.04250000 -0.14520000 -0.98850000
vn -0.02790000 -0.17510000 -0.98420000
vn 0.01940000 -0.09110000 -0.99570000
vn -0.01560000 -0.08960000 -0.99590000
vn -0.01010000 -0.17770000 -0.98400000
vn 0.02130000 -0.17490000 -0.98440000
vn -0.00010000 -0.17920000 -0.98380000
vn -0.00970000 -0.17800000 -0.98400000
vn -0.01280000 -0.17750000 -0.98400000
vn -0.02580000 -0.17590000 -0.98410000
vn -0.03430000 -0.17250000 -0.98440000
vn -0.05050000 -0.17820000 -0.98270000
vn -0.07320000 -0.16940000 -0.98280000
vn -0.10380000 -0.18270000 -0.97770000
vn -0.05050000 -0.17820000 -0.98270000
vn 0.08170000 0.05460000 -0.99520000
vn -0.11990000 -0.00580000 -0.99280000
vn 0.00580000 -0.05930000 -0.99820000
vn -0.11790000 0.03780000 -0.99230000
vn -0.22760000 -0.04980000 -0.97250000
vn -0.22890000 0.06980000 -0.97090000
vn -0.16070000 0.01050000 -0.98690000
vn -0.15760000 -0.03560000 -0.98690000
vn 0.68010000 -0.73310000 -0.00000000
vn -0.11990000 -0.00580000 -0.99280000
vn -0.07030000 -0.04440000 -0.99650000
vn -0.15760000 -0.03560000 -0.98690000
vn -0.08890000 -0.02430000 -0.99570000
vn -0.20090000 -0.02670000 -0.97920000
vn -0.06750000 0.02000000 -0.99750000
vn -0.07030000 -0.04440000 -0.99650000
vn -0.11790000 0.03780000 -0.99230000
vn -0.11990000 -0.00580000 -0.99280000
vn -0.07030000 -0.04440000 -0.99650000
vn 0.73310000 0.68010000 0.00060000
vn -0.06750000 0.02000000 -0.99750000
vn -0.08890000 -0.02430000 -0.99570000
vn 0.73310000 0.68020000 0.00060000
vn 0.68020000 -0.73310000 0.00070000
vn -0.08890000 -0.02430000 -0.99570000
vn -0.22890000 0.01540000 -0.97330000
vn -0.22910000 0.00840000 -0.97340000
vn -0.22870000 0.00870000 -0.97350000
vn 0.99650000 0.08340000 -0.00000000
vn 0.99980000 -0.01090000 -0.01590000
vn 0.99650000 0.08340000 -0.00000000
vn 0.94920000 0.31460000 -0.00010000
vn -0.23300000 0.00080000 -0.97250000
vn -0.23080000 -0.00220000 -0.97300000
vn -0.21950000 -0.02500000 -0.97530000
vn 0.91590000 0.40030000 -0.02840000
vn 0.84350000 0.53710000 0.00010000
vn -0.23640000 -0.01870000 -0.97150000
vn 0.94920000 0.31460000 -0.00010000
vn -0.21950000 -0.02500000 -0.97530000
vn -0.22880000 -0.00240000 -0.97350000
vn -0.21950000 -0.02500000 -0.97530000
vn -0.18750000 -0.04690000 -0.98110000
vn -0.23060000 -0.02200000 -0.97280000
vn -0.23070000 -0.02200000 -0.97280000
vn 0.76110000 0.64860000 -0.00000000
vn 0.84350000 0.53710000 0.00010000
vn -0.22960000 -0.02220000 -0.97300000
vn 0.76110000 0.64860000 -0.00000000
vn 0.59200000 0.80590000 -0.00570000
vn -0.18750000 -0.04690000 -0.98110000
vn 0.61680000 0.78690000 -0.01750000
vn -0.22800000 -0.03910000 -0.97290000
vn -0.16170000 -0.06380000 -0.98480000
vn -0.22800000 -0.03910000 -0.97290000
vn -0.18750000 -0.04690000 -0.98110000
vn -0.22800000 -0.03910000 -0.97290000
vn 0.26250000 0.96490000 -0.00000000
vn 0.24720000 0.96890000 0.00540000
vn 0.59200000 0.80590000 -0.00570000
vn -0.16170000 -0.06380000 -0.98480000
vn -0.21020000 -0.05860000 -0.97590000
vn -0.11280000 0.99360000 -0.00000000
vn 0.26250000 0.96490000 -0.00000000
vn -0.21020000 -0.05860000 -0.97590000
vn -0.18170000 -0.06590000 -0.98110000
vn -0.08690000 0.99620000 0.00820000
vn -0.11280000 0.99360000 -0.00000000
vn -0.18390000 -0.06650000 -0.98070000
vn -0.48150000 0.87640000 -0.00890000
vn -0.15390000 -0.06140000 -0.98620000
vn -0.15390000 -0.06140000 -0.98620000
vn -0.10930000 -0.05840000 -0.99230000
vn -0.77760000 0.62880000 0.00690000
vn -0.48190000 0.87620000 -0.00880000
vn -0.16310000 0.00600000 -0.98660000
vn -0.97820000 0.20750000 -0.00000000
vn -0.99650000 0.08080000 -0.02200000
vn -0.91880000 0.39470000 0.00020000
vn 0.00580000 -0.05930000 -0.99820000
vn -0.16340000 0.00360000 -0.98650000
vn -0.03540000 -0.05870000 -0.99760000
vn -0.97820000 0.20750000 -0.00000000
vn -0.77760000 0.62880000 0.00690000
vn -0.10930000 -0.05840000 -0.99230000
vn -0.91880000 0.39470000 0.00020000
vn -0.83890000 0.54390000 -0.01930000
vn -0.03540000 -0.05870000 -0.99760000
vn -0.10350000 -0.17330000 -0.97940000
vn -0.07320000 -0.16940000 -0.98280000
vn -0.10350000 -0.17330000 -0.97940000
vn -0.13320000 -0.16340000 -0.97750000
vn -0.14640000 -0.14180000 -0.97900000
vn -0.12930000 -0.16320000 -0.97810000
vn -0.18600000 -0.14640000 -0.97160000
vn -0.14640000 -0.14180000 -0.97900000
vn -0.17700000 -0.13130000 -0.97540000
vn -0.13500000 0.08770000 -0.98700000
vn -0.07080000 0.11650000 -0.99070000
vn -0.04330000 0.02810000 -0.99870000
vn -0.05060000 0.01310000 -0.99860000
vn -0.12110000 0.06080000 -0.99080000
vn -0.04330000 0.02810000 -0.99870000
vn -0.03510000 0.03790000 -0.99870000
vn -0.13500000 0.08770000 -0.98700000
vn -0.10300000 0.11100000 -0.98850000
vn 0.73300000 0.68020000 0.00060000
vn -0.01680000 0.09350000 -0.99550000
vn -0.02840000 0.04760000 -0.99850000
vn -0.05060000 0.01310000 -0.99860000
vn 0.73320000 0.68000000 0.00070000
vn -0.01680000 0.09350000 -0.99550000
vn -0.12110000 0.06080000 -0.99080000
vn -0.73300000 -0.68020000 0.00020000
vn -0.06850000 0.02790000 -0.99730000
vn -0.04230000 0.06290000 -0.99710000
vn -0.04430000 0.03190000 -0.99850000
vn -0.73330000 -0.67990000 0.00020000
vn -0.01400000 0.03080000 -0.99940000
vn -0.04430000 0.03190000 -0.99850000
vn -0.10980000 0.10300000 -0.98860000
vn -0.03740000 -0.99930000 -0.00000000
vn -0.01120000 0.15610000 -0.98770000
vn -0.06360000 0.11610000 -0.99120000
vn -0.73310000 -0.68010000 -0.00000000
vn -0.04230000 0.06290000 -0.99710000
vn -0.01120000 0.15610000 -0.98770000
vn -0.73300000 -0.68020000 0.00030000
vn -0.04230000 0.06290000 -0.99710000
vn -0.06850000 0.02790000 -0.99730000
vn -0.02480000 0.04530000 -0.99870000
vn -0.06360000 0.11610000 -0.99120000
vn -0.01120000 0.15610000 -0.98770000
vn -0.07080000 0.11650000 -0.99070000
vn -0.10420000 0.10960000 -0.98850000
vn 0.99930000 -0.03750000 -0.00000000
vn -0.13500000 0.08770000 -0.98700000
vn -0.03750000 -0.99930000 -0.00000000
vn -0.06360000 0.11610000 -0.99120000
vn -0.10860000 0.10430000 -0.98860000
vn -0.03000000 0.04160000 -0.99870000
vn -0.12110000 0.06080000 -0.99080000
vn 0.73320000 0.68010000 -0.00000000
vn -0.07080000 0.11650000 -0.99070000
vn 0.99930000 -0.03740000 -0.00000000
vn 0.07080000 -0.11650000 -0.99070000
vn 0.05070000 -0.01300000 -0.99860000
vn 0.12090000 -0.06110000 -0.99080000
vn 0.13510000 -0.08770000 -0.98700000
vn 0.04330000 -0.02810000 -0.99870000
vn 0.04330000 -0.02810000 -0.99870000
vn 0.03510000 -0.03790000 -0.99870000
vn 0.10300000 -0.11100000 -0.98850000
vn 0.13510000 -0.08770000 -0.98700000
vn -0.73310000 -0.68010000 0.00020000
vn 0.02850000 -0.04780000 -0.99840000
vn 0.01700000 -0.09320000 -0.99550000
vn 0.02960000 -0.01700000 -0.99940000
vn -0.73300000 -0.68020000 -0.00010000
vn 0.02850000 -0.04780000 -0.99840000
vn 0.05070000 -0.01300000 -0.99860000
vn 0.12090000 -0.06110000 -0.99080000
vn 0.01700000 -0.09320000 -0.99550000
vn -0.73320000 -0.68000000 0.00060000
vn 0.04430000 -0.03190000 -0.99850000
vn 0.04230000 -0.06270000 -0.99710000
vn 0.06850000 -0.02790000 -0.99730000
vn 0.73310000 0.68010000 0.00050000
vn 0.01120000 -0.15600000 -0.98770000
vn 0.06360000 -0.11610000 -0.99120000
vn 0.10980000 -0.10300000 -0.98860000
vn 0.03770000 0.99930000 -0.00010000
vn 0.73320000 0.68000000 -0.00000000
vn 0.01120000 -0.15600000 -0.98770000
vn 0.04230000 -0.06270000 -0.99710000
vn 0.73310000 0.68020000 0.00050000
vn 0.06360000 -0.11610000 -0.99120000
vn 0.02480000 -0.04530000 -0.99870000
vn 0.06850000 -0.02790000 -0.99730000
vn 0.04230000 -0.06270000 -0.99710000
vn 0.01120000 -0.15600000 -0.98770000
vn 0.03750000 0.99930000 -0.00000000
vn 0.10420000 -0.10960000 -0.98850000
vn 0.13510000 -0.08770000 -0.98700000
vn 0.07080000 -0.11650000 -0.99070000
vn -0.99930000 0.03750000 -0.00000000
vn 0.10870000 -0.10440000 -0.98860000
vn 0.03000000 -0.04160000 -0.99870000
vn 0.06360000 -0.11610000 -0.99120000
vn -0.73320000 -0.68010000 -0.00000000
vn -0.99930000 0.03740000 -0.00000000
vn 0.07080000 -0.11650000 -0.99070000
vn 0.12090000 -0.06110000 -0.99080000
vn 0.02190000 -0.08870000 -0.99580000
vn 0.02620000 -0.17280000 -0.98460000
vn 0.00630000 -0.18160000 -0.98330000
vn 0.73320000 0.68000000 -0.00010000
vn 0.04350000 -0.17380000 -0.98380000
vn 0.73320000 0.68000000 -0.00000000
vn 0.03740000 0.99930000 -0.00000000
vn 0.07310000 -0.18530000 -0.98000000
vn 0.00630000 -0.18160000 -0.98330000
vn 0.09040000 -0.17920000 -0.97970000
vn -0.73310000 -0.68010000 -0.00010000
vn 0.06740000 -0.02020000 -0.99750000
vn 0.06710000 0.00090000 -0.99770000
vn 0.06740000 -0.02020000 -0.99750000
vn 0.06830000 -0.00010000 -0.99770000
vn 0.11790000 -0.03780000 -0.99230000
vn 0.11950000 0.01360000 -0.99270000
vn 0.20110000 0.02680000 -0.97920000
vn -0.73310000 -0.68010000 0.00070000
vn 0.20110000 0.02680000 -0.97920000
vn 0.06740000 -0.02020000 -0.99750000
vn 0.02000000 -0.17550000 -0.98430000
vn 0.00020000 -0.17820000 -0.98400000
vn 0.04350000 -0.17380000 -0.98380000
vn 0.02490000 -0.17340000 -0.98450000
vn 0.07310000 -0.18530000 -0.98000000
vn 0.04350000 -0.17380000 -0.98380000
vn 0.00630000 -0.18160000 -0.98330000
vn 0.07310000 -0.18530000 -0.98000000
vn 0.09200000 -0.17910000 -0.97950000
vn 0.12090000 -0.17130000 -0.97780000
vn 0.03750000 0.99930000 0.00020000
vn 0.09800000 -0.17960000 -0.97880000
vn 0.12160000 -0.17070000 -0.97780000
vn 0.10000000 -0.17990000 -0.97860000
vn 0.16550000 -0.15380000 -0.97420000
vn 0.14200000 -0.13290000 -0.98090000
vn -0.99930000 0.03750000 -0.00000000
vn 0.12680000 -0.17200000 -0.97690000
vn 0.03750000 0.99930000 -0.00000000
vn 0.14820000 -0.15300000 -0.97710000
vn 0.12800000 -0.17250000 -0.97670000
vn 0.16550000 -0.15380000 -0.97420000
vn 0.08210000 -0.06330000 -0.99460000
vn 0.04620000 -0.06100000 -0.99710000
vn 0.14200000 -0.13290000 -0.98090000
vn 0.15650000 -0.10320000 -0.98230000
vn 0.16550000 -0.15380000 -0.97420000
vn 0.22900000 -0.06980000 -0.97090000
vn 0.14820000 -0.15300000 -0.97710000
vn 0.18560000 -0.08300000 -0.97910000
vn 0.12130000 -0.06940000 -0.99020000
vn 0.17360000 -0.13770000 -0.97510000
vn 0.10430000 -0.06730000 -0.99230000
vn 0.14610000 -0.07320000 -0.98660000
vn 0.14820000 -0.15300000 -0.97710000
vn 0.17360000 -0.13770000 -0.97510000
vn 0.17360000 -0.13770000 -0.97510000
vn 0.17550000 -0.08450000 -0.98080000
vn 0.14460000 -0.08640000 -0.98570000
vn -0.16430000 0.06390000 -0.98430000
vn 0.16220000 -0.00530000 -0.98670000
vn 0.14550000 0.00030000 -0.98940000
vn 0.12020000 0.01340000 -0.99270000
vn 0.16550000 0.03720000 -0.98550000
vn 0.22770000 0.04980000 -0.97250000
vn 0.11790000 -0.03780000 -0.99230000
vn 0.08210000 -0.06330000 -0.99460000
vn 0.22900000 -0.06980000 -0.97090000
vn 0.16360000 -0.00700000 -0.98650000
vn 0.99200000 0.12610000 -0.00000000
vn 0.99840000 0.05700000 -0.00390000
vn 0.16330000 -0.00850000 -0.98650000
vn 0.04620000 -0.06100000 -0.99710000
vn 0.08210000 -0.06330000 -0.99460000
vn 0.99200000 0.12610000 -0.00000000
vn 0.93530000 0.35390000 -0.00000000
vn 0.82060000 0.57150000 -0.00000000
vn 0.93530000 0.35390000 -0.00000000
vn 0.04620000 -0.06100000 -0.99710000
vn 0.91610000 0.40060000 -0.01480000
vn 0.10430000 -0.06730000 -0.99230000
vn 0.12130000 -0.06940000 -0.99020000
vn 0.10430000 -0.06730000 -0.99230000
vn 0.74690000 0.66490000 -0.00000000
vn 0.82060000 0.57150000 -0.00000000
vn 0.12130000 -0.06940000 -0.99020000
vn 0.14610000 -0.07320000 -0.98660000
vn 0.74690000 0.66490000 -0.00000000
vn 0.56720000 0.82360000 -0.00130000
vn 0.61700000 0.78680000 -0.01830000
vn 0.24840000 0.96870000 0.00120000
vn 0.56720000 0.82360000 -0.00130000
vn 0.14610000 -0.07320000 -0.98660000
vn 0.18280000 -0.08340000 -0.97960000
vn 0.17800000 -0.07690000 -0.98100000
vn 0.25270000 0.96750000 -0.00000000
vn 0.17150000 -0.08500000 -0.98150000
vn 0.19840000 -0.06240000 -0.97810000
vn 0.14460000 -0.08640000 -0.98570000
vn -0.10230000 0.99480000 -0.00000000
vn 0.17800000 -0.07690000 -0.98100000
vn 0.14460000 -0.08640000 -0.98570000
vn 0.17800000 -0.07690000 -0.98100000
vn 0.20010000 -0.06150000 -0.97780000
vn -0.08660000 0.99620000 0.00520000
vn 0.20490000 -0.05930000 -0.97700000
vn -0.10230000 0.99480000 -0.00000000
vn 0.21470000 -0.04300000 -0.97570000
vn -0.48120000 0.87660000 -0.00610000
vn -0.50430000 0.86350000 0.00480000
vn 0.21470000 -0.04300000 -0.97570000
vn 0.22730000 -0.03280000 -0.97330000
vn 0.20620000 -0.05850000 -0.97680000
vn 0.21470000 -0.04300000 -0.97570000
vn -0.78130000 0.62420000 -0.00300000
vn -0.50430000 0.86350000 0.00480000
vn 0.22730000 -0.03300000 -0.97330000
vn -0.90100000 0.42900000 -0.06500000
vn 0.22640000 -0.02060000 -0.97380000
vn 0.22710000 -0.03310000 -0.97330000
vn -0.78130000 0.62420000 -0.00300000
vn 0.22630000 -0.01940000 -0.97390000
vn 0.22680000 -0.03320000 -0.97340000
vn -0.90100000 0.42900000 -0.06500000
vn 0.22680000 -0.01450000 -0.97380000
vn -0.83920000 0.54380000 -0.00020000
vn -0.96850000 0.24900000 -0.00010000
vn 0.22720000 -0.01310000 -0.97380000
vn -0.96850000 0.24900000 -0.00010000
vn -0.98980000 0.14170000 -0.01710000
vn 0.22820000 -0.01100000 -0.97360000
vn 0.22530000 -0.00870000 -0.97420000
vn 0.14200000 -0.13290000 -0.98090000
vn 0.15650000 -0.10320000 -0.98230000
vn -0.99930000 0.03750000 -0.00000000
vn 0.20110000 0.02680000 -0.97920000
vn 0.11790000 -0.03780000 -0.99230000
vn -0.73320000 -0.68010000 0.00070000
vn -0.99930000 0.03740000 -0.00000000
vn 0.22900000 -0.06980000 -0.97090000
vn 0.15650000 -0.10320000 -0.98230000
vn -0.22920000 0.03360000 -0.97280000
vn -0.22790000 0.02150000 -0.97350000
vn -0.00570000 0.18160000 -0.98340000
vn -0.02650000 0.17280000 -0.98460000
vn -0.01900000 0.09070000 -0.99570000
vn -0.73310000 -0.68020000 0.00040000
vn -0.04340000 0.17350000 -0.98390000
vn -0.02150000 0.17490000 -0.98440000
vn -0.01860000 0.09060000 -0.99570000
vn 0.02790000 0.17510000 -0.98420000
vn 0.01010000 0.17770000 -0.98400000
vn 0.04820000 0.12270000 -0.99130000
vn 0.00480000 0.09410000 -0.99560000
vn 0.00870000 0.06380000 -0.99790000
vn -0.01860000 0.09070000 -0.99570000
vn -0.73310000 -0.68020000 0.00040000
vn -0.20090000 -0.02670000 -0.97920000
vn -0.06750000 0.02000000 -0.99750000
vn 0.73310000 0.68010000 0.00050000
vn -0.22860000 0.01040000 -0.97350000
vn 0.99980000 -0.01090000 -0.01590000
vn 0.99940000 -0.02780000 -0.01910000
vn -0.00020000 0.17820000 -0.98400000
vn -0.02000000 0.17550000 -0.98430000
vn 0.00010000 0.17920000 -0.98380000
vn -0.04340000 0.17350000 -0.98390000
vn -0.02530000 0.17330000 -0.98450000
vn -0.04340000 0.17350000 -0.98390000
vn -0.07310000 0.18530000 -0.98000000
vn -0.00570000 0.18160000 -0.98340000
vn -0.03740000 -0.99930000 -0.00000000
vn -0.09040000 0.17910000 -0.97970000
vn -0.73310000 -0.68010000 -0.00000000
vn -0.00570000 0.18160000 -0.98340000
vn -0.07310000 0.18530000 -0.98000000
vn -0.07310000 0.18530000 -0.98000000
vn -0.09190000 0.17910000 -0.97950000
vn -0.12090000 0.17130000 -0.97780000
vn -0.03750000 -0.99930000 -0.00000000
vn -0.09800000 0.17960000 -0.97880000
vn -0.12150000 0.17090000 -0.97780000
vn -0.10000000 0.17990000 -0.97860000
vn -0.12690000 0.17210000 -0.97690000
vn -0.03750000 -0.99930000 -0.00000000
vn -0.14210000 0.13310000 -0.98090000
vn -0.16530000 0.15380000 -0.97420000
vn 0.99930000 -0.03750000 -0.00000000
vn -0.14820000 0.15300000 -0.97710000
vn -0.12790000 0.17250000 -0.97670000
vn -0.16530000 0.15380000 -0.97420000
vn -0.14820000 0.15300000 -0.97710000
vn 0.08170000 0.05460000 -0.99520000
vn -0.15640000 0.10320000 -0.98230000
vn -0.16530000 0.15380000 -0.97420000
vn -0.09730000 0.06870000 -0.99290000
vn -0.11980000 0.07160000 -0.99020000
vn -0.14210000 0.13310000 -0.98090000
vn -0.02620000 0.06220000 -0.99770000
vn -0.22890000 0.06980000 -0.97090000
vn -0.14360000 0.07500000 -0.98680000
vn -0.18520000 0.08540000 -0.97900000
vn -0.17370000 0.13760000 -0.97510000
vn -0.14820000 0.15300000 -0.97710000
vn -0.17370000 0.13760000 -0.97510000
vn -0.14890000 0.08900000 -0.98480000
vn -0.17080000 0.08770000 -0.98140000
vn -0.18520000 0.08540000 -0.97900000
vn -0.17370000 0.13760000 -0.97510000
vn -0.16170000 0.00990000 -0.98680000
vn -0.99860000 0.05050000 -0.01690000
vn -0.99690000 0.07630000 -0.02120000
vn -0.99860000 0.05050000 -0.01690000
vn -0.99800000 -0.06350000 -0.00010000
vn -0.15980000 0.01210000 -0.98710000
vn -0.16180000 0.01120000 -0.98680000
vn -0.02620000 0.06220000 -0.99770000
vn 0.08170000 0.05460000 -0.99520000
vn -0.99800000 -0.06350000 -0.00010000
vn -0.95550000 -0.29500000 -0.00010000
vn -0.85410000 -0.52000000 -0.00000000
vn -0.91610000 -0.40040000 -0.02260000
vn -0.02620000 0.06220000 -0.99770000
vn -0.95550000 -0.29500000 -0.00010000
vn -0.09730000 0.06870000 -0.99290000
vn -0.09730000 0.06870000 -0.99290000
vn -0.85410000 -0.52000000 -0.00000000
vn -0.11980000 0.07160000 -0.99020000
vn -0.76740000 -0.64110000 -0.00000000
vn -0.76740000 -0.64110000 -0.00000000
vn -0.14360000 0.07500000 -0.98680000
vn -0.11980000 0.07160000 -0.99020000
vn -0.61500000 -0.78850000 -0.01040000
vn -0.26810000 -0.96340000 -0.00000000
vn -0.24720000 -0.96900000 0.00650000
vn -0.18520000 0.08540000 -0.97900000
vn -0.60680000 -0.79480000 -0.00730000
vn -0.14360000 0.07500000 -0.98680000
vn -0.17080000 0.08770000 -0.98140000
vn -0.19900000 0.06500000 -0.97780000
vn -0.26810000 -0.96340000 -0.00000000
vn -0.14890000 0.08900000 -0.98480000
vn -0.17080000 0.08770000 -0.98140000
vn -0.18220000 0.07860000 -0.98010000
vn 0.11840000 -0.99300000 -0.00000000
vn -0.18220000 0.07860000 -0.98010000
vn -0.14890000 0.08900000 -0.98480000
vn -0.20120000 0.06410000 -0.97750000
vn -0.18220000 0.07860000 -0.98010000
vn 0.11840000 -0.99300000 -0.00000000
vn -0.21330000 0.05360000 -0.97550000
vn 0.48100000 -0.87660000 -0.01230000
vn 0.08660000 -0.99620000 0.01150000
vn 0.49550000 -0.86860000 -0.00590000
vn -0.22780000 0.03600000 -0.97300000
vn -0.21340000 0.05100000 -0.97560000
vn -0.21420000 0.04840000 -0.97560000
vn 0.49550000 -0.86860000 -0.00590000
vn -0.22550000 0.03500000 -0.97360000
vn 0.79760000 -0.60310000 0.00540000
vn 0.79760000 -0.60310000 0.00540000
vn -0.22850000 0.03560000 -0.97290000
vn 0.83900000 -0.54380000 -0.02210000
vn -0.22750000 0.02410000 -0.97350000
vn 0.92600000 -0.37750000 0.00010000
vn -0.22870000 0.01580000 -0.97340000
vn 0.98320000 -0.18240000 0.00020000
vn 0.92600000 -0.37750000 0.00010000
vn 0.98320000 -0.18240000 0.00020000
vn -0.22880000 0.01660000 -0.97330000
vn 0.99940000 -0.02780000 -0.01910000
vn 0.99620000 -0.08110000 -0.03020000
vn -0.22860000 0.01080000 -0.97350000
vn 0.99930000 -0.03750000 -0.00010000
vn -0.14210000 0.13310000 -0.98090000
vn -0.15640000 0.10320000 -0.98230000
vn -0.22890000 0.06980000 -0.97090000
vn 0.99930000 -0.03740000 -0.00000000
vn -0.20090000 -0.02670000 -0.97920000
vn -0.11790000 0.03780000 -0.99230000
vn 0.73320000 0.68010000 0.00070000
vn -0.15640000 0.10320000 -0.98230000
vn 0.11840000 -0.99300000 -0.00000000
vn 0.08660000 -0.99620000 0.01150000
vn -0.00000000 -0.00000000 -1.00000000
vn -0.24720000 -0.96900000 0.00650000
vn -0.26810000 -0.96340000 -0.00000000
vn 0.08660000 -0.99620000 0.01150000
vn 0.48100000 -0.87660000 -0.01230000
vn -0.00000000 -0.00000000 -1.00000000
vn 0.48100000 -0.87660000 -0.01230000
vn 0.49550000 -0.86860000 -0.00590000
vn 0.79760000 -0.60310000 0.00540000
vn 0.83900000 -0.54380000 -0.02210000
vn -0.00000000 -0.00000000 -1.00000000
vn 0.92600000 -0.37750000 0.00010000
vn 0.83900000 -0.54380000 -0.02210000
vn 0.99620000 -0.08110000 -0.03020000
vn -0.00000000 -0.00000000 -1.00000000
vn 0.98320000 -0.18240000 0.00020000
vn 0.99620000 -0.08110000 -0.03020000
vn 0.99940000 -0.02780000 -0.01910000
vn 0.91590000 0.40030000 -0.02840000
vn 0.94920000 0.31460000 -0.00010000
vn 0.99980000 -0.01090000 -0.01590000
vn 0.99650000 0.08340000 -0.00000000
vn -0.00000000 -0.00000000 -1.00000000
vn 0.84350000 0.53710000 0.00010000
vn 0.61680000 0.78690000 -0.01750000
vn 0.91590000 0.40030000 -0.02840000
vn -0.00000000 -0.00000000 -1.00000000
vn 0.76110000 0.64860000 -0.00000000
vn 0.61680000 0.78690000 -0.01750000
vn 0.59200000 0.80590000 -0.00570000
vn 0.24720000 0.96890000 0.00540000
vn -0.00000000 -0.00000000 -1.00000000
vn -0.00000000 -0.00000000 -1.00000000
vn -0.11280000 0.99360000 -0.00000000
vn 0.26250000 0.96490000 -0.00000000
vn -0.08690000 0.99620000 0.00820000
vn 0.24720000 0.96890000 0.00540000
vn -0.99800000 -0.06350000 -0.00010000
vn -0.99670000 0.07770000 -0.02150000
vn -0.00000000 -0.00000000 -1.00000000
vn -0.99860000 0.05050000 -0.01690000
vn -0.91610000 -0.40040000 -0.02260000
vn -0.95550000 -0.29500000 -0.00010000
vn -0.97820000 0.20750000 -0.00000000
vn -0.00000000 -0.00000000 -1.00000000
vn -0.99650000 0.08110000 -0.02210000
vn -0.83890000 0.54390000 -0.01930000
vn -0.91880000 0.39470000 0.00020000
vn -0.85410000 -0.52000000 -0.00000000
vn -0.91610000 -0.40040000 -0.02260000
vn -0.00000000 -0.00000000 -1.00000000
vn -0.61700000 -0.78690000 -0.01130000
vn -0.76740000 -0.64110000 -0.00000000
vn -0.24720000 -0.96900000 0.00650000
vn -0.60900000 -0.79310000 -0.00800000
vn -0.00000000 -0.00000000 -1.00000000
vn -0.48100000 0.87670000 -0.00910000
vn -0.08690000 0.99620000 0.00820000
vn -0.00000000 -0.00000000 -1.00000000
vn -0.48170000 0.87630000 -0.00890000
vn -0.83890000 0.54390000 -0.01930000
vn -0.00000000 -0.00000000 -1.00000000
vn -0.77760000 0.62880000 0.00690000
vn 0.03110000 0.02680000 -0.99920000
vn -0.73300000 -0.68020000 -0.00060000
vn 0.04180000 0.04070000 -0.99830000
vn 0.00870000 0.06380000 -0.99790000
vn -0.01400000 0.03080000 -0.99940000
vn 0.00510000 0.02360000 -0.99970000
vn -0.73310000 -0.68010000 0.00040000
vn -0.73310000 -0.68010000 -0.00020000
vn 0.02960000 -0.01700000 -0.99940000
vn 0.02350000 0.00610000 -0.99970000
vn 0.06510000 0.00300000 -0.99790000
vn 0.03110000 0.02680000 -0.99920000
vn -0.73310000 -0.68020000 -0.00010000
vn 0.01360000 0.01660000 -0.99980000
vn -0.73300000 -0.68020000 -0.00100000
vn 0.02350000 0.00610000 -0.99970000
vn 0.01230000 0.01610000 -0.99980000
vn -0.73300000 -0.68020000 -0.00070000
vn 0.16140000 -0.00470000 -0.98690000
vn 0.99990000 -0.00570000 -0.01040000
vn 0.99840000 0.05700000 -0.00390000
vn 0.12380000 0.11480000 -0.98560000
vn 0.03560000 0.17210000 -0.98440000
vn 0.07810000 0.18060000 -0.98050000
vn -0.73310000 -0.68020000 -0.00000000
vn 0.13440000 0.14710000 -0.98000000
vn 0.10350000 0.17330000 -0.97940000
vn 0.05050000 0.17820000 -0.98270000
vn 0.04820000 0.12270000 -0.99130000
vn 0.68020000 -0.73310000 -0.00000000
vn -0.06700000 0.06240000 -0.99580000
vn 0.18990000 0.10560000 -0.97610000
vn 0.12380000 0.11480000 -0.98560000
vn 0.18320000 0.06890000 -0.98070000
vn 0.22770000 0.04980000 -0.97250000
vn 0.10890000 0.13730000 -0.98450000
vn 0.14640000 0.14180000 -0.97900000
vn 0.11660000 0.06150000 -0.99130000
vn 0.15090000 0.06310000 -0.98650000
vn -0.16430000 0.06390000 -0.98430000
vn 0.07200000 0.06050000 -0.99560000
vn 0.13440000 0.14710000 -0.98000000
vn 0.17700000 0.13130000 -0.97540000
vn 0.16550000 0.03720000 -0.98550000
vn -0.73310000 -0.68010000 -0.00000000
vn 0.22770000 0.04980000 -0.97250000
vn 0.12380000 0.11480000 -0.98560000
vn 0.16550000 0.03720000 -0.98550000
vn 0.11400000 0.01850000 -0.99330000
vn -0.68010000 0.73310000 -0.00010000
vn 0.06680000 0.00400000 -0.99780000
vn -0.68000000 0.73330000 0.00010000
vn 0.73310000 0.68010000 -0.00000000
vn 0.11170000 0.02050000 -0.99350000
vn -0.01810000 0.09070000 -0.99570000
vn 0.04180000 0.04070000 -0.99830000
vn 0.73320000 0.68000000 0.00020000
vn 0.00480000 0.09410000 -0.99560000
vn 0.00870000 0.06380000 -0.99790000
vn 0.68010000 -0.73310000 -0.00000000
vn 0.04820000 0.12270000 -0.99130000
vn 0.00480000 0.09410000 -0.99560000
vn 0.68010000 -0.73310000 -0.00000000
vn 0.73310000 0.68010000 0.00010000
vn 0.04180000 0.04070000 -0.99830000
vn 0.06450000 0.00360000 -0.99790000
vn 0.03110000 0.02680000 -0.99920000
vn 0.00970000 0.17800000 -0.98400000
vn 0.05050000 0.17820000 -0.98270000
vn 0.07810000 0.18060000 -0.98050000
vn 0.03450000 0.17250000 -0.98440000
vn 0.05050000 0.17820000 -0.98270000
vn 0.01280000 0.17750000 -0.98400000
vn 0.02580000 0.17590000 -0.98410000
vn -0.98980000 0.14170000 -0.01710000
vn 0.22870000 -0.00810000 -0.97350000
vn -0.99680000 0.07220000 -0.03280000
vn -0.99630000 0.07970000 -0.03070000
vn 0.23490000 -0.00240000 -0.97200000
vn -0.99800000 -0.06360000 -0.00010000
vn 0.22390000 0.02550000 -0.97430000
vn 0.23290000 -0.00200000 -0.97250000
vn 0.22830000 0.00550000 -0.97360000
vn -0.99800000 -0.06360000 -0.00010000
vn -0.95530000 -0.29550000 -0.00010000
vn 0.22650000 0.01870000 -0.97380000
vn 0.22800000 0.00630000 -0.97370000
vn -0.85400000 -0.52030000 0.00020000
vn -0.91590000 -0.40030000 -0.03030000
vn -0.95530000 -0.29550000 -0.00010000
vn 0.23190000 0.02300000 -0.97250000
vn 0.19380000 0.04850000 -0.97980000
vn 0.22830000 0.02400000 -0.97330000
vn -0.76750000 -0.64110000 -0.00000000
vn -0.85400000 -0.52030000 0.00020000
vn -0.76750000 -0.64110000 -0.00000000
vn 0.22720000 0.04180000 -0.97300000
vn -0.60250000 -0.79800000 -0.01600000
vn 0.22800000 0.02520000 -0.97330000
vn 0.19380000 0.04850000 -0.97980000
vn 0.22720000 0.04180000 -0.97300000
vn 0.16690000 0.06580000 -0.98380000
vn 0.19380000 0.04850000 -0.97980000
vn -0.61710000 -0.78690000 -0.00840000
vn -0.24720000 -0.96890000 0.00720000
vn 0.21020000 0.06110000 -0.97570000
vn -0.26710000 -0.96370000 -0.00000000
vn -0.60250000 -0.79800000 -0.01600000
vn 0.22720000 0.04180000 -0.97300000
vn 0.16690000 0.06580000 -0.98380000
vn 0.21020000 0.06110000 -0.97570000
vn 0.16690000 0.06580000 -0.98380000
vn 0.18170000 0.06850000 -0.98100000
vn 0.18990000 0.10560000 -0.97610000
vn 0.18200000 0.06840000 -0.98090000
vn -0.26710000 -0.96370000 -0.00000000
vn 0.21020000 0.06110000 -0.97570000
vn 0.11890000 -0.99290000 -0.00000000
vn 0.18360000 0.06910000 -0.98060000
vn 0.53120000 -0.84720000 0.00910000
vn 0.08660000 -0.99620000 0.01050000
vn 0.48100000 -0.87670000 -0.01100000
vn 0.11890000 -0.99290000 -0.00000000
vn 0.15090000 0.06310000 -0.98650000
vn 0.15090000 0.06310000 -0.98650000
vn 0.11660000 0.06150000 -0.99130000
vn 0.53120000 -0.84720000 0.00910000
vn 0.76070000 -0.64910000 -0.00360000
vn 0.11660000 0.06150000 -0.99130000
vn 0.88320000 -0.46890000 0.00010000
vn 0.83890000 -0.54380000 -0.02070000
vn 0.07200000 0.06050000 -0.99560000
vn 0.76070000 -0.64910000 -0.00360000
vn -0.06700000 0.06240000 -0.99580000
vn 0.07200000 0.06050000 -0.99560000
vn 0.96870000 -0.24820000 -0.00020000
vn 0.88320000 -0.46890000 0.00010000
vn 0.96870000 -0.24820000 -0.00020000
vn 0.99650000 -0.08120000 -0.01920000
vn 0.99430000 -0.10330000 -0.02470000
vn -0.06700000 0.06240000 -0.99580000
vn -0.16430000 0.06390000 -0.98430000
vn 0.14550000 0.00030000 -0.98940000
vn 0.99990000 -0.00570000 -0.01040000
vn 0.16070000 -0.00450000 -0.98700000
vn 0.14550000 0.00030000 -0.98940000
vn 0.99430000 -0.10330000 -0.02470000
vn 0.17700000 0.13130000 -0.97540000
vn 0.18990000 0.10560000 -0.97610000
vn 0.14640000 0.14180000 -0.97900000
vn 0.17700000 0.13130000 -0.97540000
vn 0.07810000 0.18060000 -0.98050000
vn 0.10350000 0.17330000 -0.97940000
vn 0.13440000 0.14710000 -0.98000000
vn 0.10350000 0.17330000 -0.97940000
vn 0.10890000 0.13730000 -0.98450000
vn 0.10890000 0.13730000 -0.98450000
vn 0.14640000 0.14180000 -0.97900000
vn -0.00000000 -0.00000000 -1.00000000
vn 0.11890000 -0.99290000 -0.00000000
vn -0.24720000 -0.96890000 0.00720000
vn -0.26710000 -0.96370000 -0.00000000
vn 0.08660000 -0.99620000 0.01050000
vn -0.00000000 -0.00000000 -1.00000000
vn 0.48100000 -0.87670000 -0.01100000
vn 0.08660000 -0.99620000 0.01050000
vn 0.83890000 -0.54380000 -0.02070000
vn 0.48100000 -0.87670000 -0.01100000
vn 0.76070000 -0.64910000 -0.00360000
vn 0.53120000 -0.84720000 0.00910000
vn -0.00000000 -0.00000000 -1.00000000
vn -0.00000000 -0.00000000 -1.00000000
vn 0.99650000 -0.08120000 -0.01920000
vn 0.83890000 -0.54380000 -0.02070000
vn 0.88320000 -0.46890000 0.00010000
vn 0.96870000 -0.24820000 -0.00020000
vn 0.99200000 0.12610000 -0.00000000
vn 0.99840000 0.05700000 -0.00390000
vn 0.93530000 0.35390000 -0.00000000
vn 0.99430000 -0.10330000 -0.02470000
vn 0.91610000 0.40060000 -0.01480000
vn 0.99650000 -0.08120000 -0.01920000
vn -0.00000000 -0.00000000 -1.00000000
vn 0.99990000 -0.00570000 -0.01040000
vn 0.74690000 0.66490000 -0.00000000
vn -0.00000000 -0.00000000 -1.00000000
vn 0.82060000 0.57150000 -0.00000000
vn 0.61700000 0.78680000 -0.01830000
vn 0.91610000 0.40060000 -0.01480000
vn 0.24720000 0.96900000 0.00160000
vn 0.61700000 0.78680000 -0.01830000
vn 0.56720000 0.82360000 -0.00130000
vn -0.00000000 -0.00000000 -1.00000000
vn -0.08660000 0.99620000 0.00520000
vn -0.10230000 0.99480000 -0.00000000
vn -0.00000000 -0.00000000 -1.00000000
vn 0.25120000 0.96790000 0.00040000
vn -0.95530000 -0.29550000 -0.00010000
vn -0.00000000 -0.00000000 -1.00000000
vn -0.99800000 -0.06360000 -0.00010000
vn -0.99620000 0.08110000 -0.03020000
vn -0.91590000 -0.40030000 -0.03030000
vn -0.00000000 -0.00000000 -1.00000000
vn -0.96850000 0.24900000 -0.00010000
vn -0.83920000 0.54380000 -0.00020000
vn -0.99670000 0.07490000 -0.03210000
vn -0.98980000 0.14170000 -0.01710000
vn -0.91590000 -0.40030000 -0.03030000
vn -0.60250000 -0.79800000 -0.01600000
vn -0.85400000 -0.52030000 0.00020000
vn -0.61710000 -0.78690000 -0.00840000
vn -0.76750000 -0.64110000 -0.00000000
vn -0.00000000 -0.00000000 -1.00000000
vn -0.24720000 -0.96890000 0.00720000
vn -0.00000000 -0.00000000 -1.00000000
vn -0.61710000 -0.78690000 -0.00840000
vn -0.00000000 -0.00000000 -1.00000000
vn -0.48120000 0.87660000 -0.00610000
vn -0.08660000 0.99620000 0.00520000
vn -0.50430000 0.86350000 0.00480000
vn -0.00000000 -0.00000000 -1.00000000
vn -0.83920000 0.54380000 -0.00020000
vn -0.78130000 0.62420000 -0.00300000
vn -0.48120000 0.87660000 -0.00610000
vn -0.90100000 0.42900000 -0.06500000
vn -0.00000000 -0.00000000 -1.00000000
vn -0.99820000 0.05970000 -0.00000000
vn -0.98140000 0.19210000 -0.00000000
vn -0.99820000 0.05980000 -0.00000000
vn -0.99860000 -0.05260000 -0.00000000
vn -0.00000000 -0.00000000 -1.00000000
vn -0.00000000 -0.00000000 -1.00000000
vn -0.99860000 -0.05260000 -0.00000000
vn -0.93330000 -0.35910000 -0.00000000
vn -0.68500000 -0.72860000 -0.00000000
vn -0.93330000 -0.35920000 -0.00000000
vn -0.00000000 -0.00000000 -1.00000000
vn -0.68500000 -0.72860000 -0.00000000
vn -0.00000000 -0.00000000 -1.00000000
vn -0.30110000 -0.95360000 -0.00000000
vn 0.17970000 -0.98370000 -0.00000000
vn -0.00000000 -0.00000000 -1.00000000
vn -0.30110000 -0.95360000 -0.00000000
vn 0.64710000 -0.76240000 -0.00000000
vn 0.17940000 -0.98380000 -0.00000000
vn -0.00000000 -0.00000000 -1.00000000
vn 0.64710000 -0.76240000 -0.00000000
vn -0.00000000 -0.00000000 -1.00000000
vn 0.94180000 -0.33630000 -0.00000000
vn 0.99820000 -0.05940000 -0.00000000
vn -0.00000000 -0.00000000 -1.00000000
vn 0.94180000 -0.33630000 -0.00000000
vn 0.97960000 0.20090000 -0.00000000
vn 0.99820000 -0.05940000 -0.00000000
vn -0.00000000 -0.00000000 -1.00000000
vn 0.76230000 0.64720000 -0.00000000
vn 0.97960000 0.20090000 -0.00000000
vn -0.00000000 -0.00000000 -1.00000000
vn -0.00000000 -0.00000000 -1.00000000
vn 0.33660000 0.94160000 -0.00000000
vn 0.76230000 0.64720000 -0.00000000
vn -0.00000000 -0.00000000 -1.00000000
vn 0.33660000 0.94160000 -0.00000000
vn -0.14230000 0.98980000 -0.00000000
vn -0.55770000 0.83000000 -0.00000000
vn -0.00000000 -0.00000000 -1.00000000
vn -0.14260000 0.98980000 -0.00000000
vn -0.55770000 0.83000000 -0.00000000
vn -0.86260000 0.50590000 -0.00000000
vn -0.00000000 -0.00000000 -1.00000000
vn -0.86260000 0.50590000 -0.00000000
vn -0.98130000 0.19240000 -0.00000000
vn -0.00000000 -0.00000000 -1.00000000
vn -0.73310000 -0.68020000 -0.00000000
vn 0.08430000 0.10650000 -0.99070000
vn 0.10960000 0.10280000 -0.98860000
vn 0.68020000 -0.73310000 -0.00000000
vn 0.11440000 0.04870000 -0.99220000
vn 0.10960000 0.10280000 -0.98860000
vn -0.73330000 -0.67990000 0.00020000
vn 0.11440000 0.04860000 -0.99220000
vn -0.68020000 0.73300000 -0.00010000
vn 0.68020000 -0.73310000 -0.00010000
vn 0.08430000 0.10650000 -0.99070000
vn 0.04560000 0.07250000 -0.99630000
vn 0.68010000 -0.73310000 -0.00000000
vn 0.04560000 0.07250000 -0.99630000
vn 0.04460000 0.09640000 -0.99430000
vn 0.73300000 0.68030000 -0.00000000
vn 0.73310000 0.68010000 0.00040000
vn 0.05010000 0.04320000 -0.99780000
vn 0.04460000 0.09640000 -0.99430000
vn 0.73320000 0.68000000 0.00020000
vn 0.04970000 0.04330000 -0.99780000
vn -0.68010000 0.73310000 -0.00010000
vn 0.04920000 0.04330000 -0.99780000
vn 0.11440000 0.04890000 -0.99220000
vn -0.99820000 0.05970000 -0.00000000
vn -0.00000000 -0.00000000 -1.00000000
vn -0.97910000 0.20350000 -0.00000000
vn -0.99800000 -0.06380000 -0.00000000
vn -0.99820000 0.05970000 -0.00000000
vn -0.00000000 -0.00000000 -1.00000000
vn -0.00000000 -0.00000000 -1.00000000
vn -0.99800000 -0.06380000 -0.00000000
vn -0.91610000 -0.40090000 -0.00000000
vn -0.91610000 -0.40090000 -0.00000000
vn -0.61720000 -0.78680000 -0.00000000
vn -0.00000000 -0.00000000 -1.00000000
vn -0.24700000 -0.96900000 -0.00000000
vn -0.61720000 -0.78680000 -0.00000000
vn -0.00000000 -0.00000000 -1.00000000
vn -0.24710000 -0.96900000 -0.00000000
vn -0.00000000 -0.00000000 -1.00000000
vn -0.00000000 -0.00000000 -1.00000000
vn 0.86280000 -0.50550000 -0.00000000
vn -0.00000000 -0.00000000 -1.00000000
vn 0.86260000 -0.50590000 -0.00000000
vn 0.98130000 -0.19260000 -0.00000000
vn -0.00000000 -0.00000000 -1.00000000
vn -0.00000000 -0.00000000 -1.00000000
vn 0.99820000 -0.05940000 -0.00000000
vn 0.98130000 -0.19250000 -0.00000000
vn 0.99860000 0.05260000 -0.00000000
vn 0.99820000 -0.05940000 -0.00000000
vn -0.00000000 -0.00000000 -1.00000000
vn 0.99860000 0.05260000 -0.00000000
vn 0.93330000 0.35920000 -0.00000000
vn -0.00000000 -0.00000000 -1.00000000
vn -0.00000000 -0.00000000 -1.00000000
vn 0.68520000 0.72840000 -0.00000000
vn 0.93330000 0.35900000 -0.00000000
vn 0.68520000 0.72840000 -0.00000000
vn 0.30110000 0.95360000 -0.00000000
vn -0.00000000 -0.00000000 -1.00000000
vn -0.00000000 -0.00000000 -1.00000000
vn 0.30110000 0.95360000 -0.00000000
vn -0.08660000 0.99620000 -0.00000000
vn -0.08660000 0.99620000 -0.00000000
vn -0.00000000 -0.00000000 -1.00000000
vn -0.48100000 0.87670000 -0.00000000
vn -0.00000000 -0.00000000 -1.00000000
vn -0.48100000 0.87670000 -0.00000000
vn -0.83910000 0.54400000 -0.00000000
vn -0.83910000 0.54400000 -0.00000000
vn -0.97910000 0.20340000 -0.00000000
vn -0.00000000 -0.00000000 -1.00000000
vn -0.14240000 0.98980000 -0.00000000
vn 0.33660000 0.94160000 -0.00000000
vn -0.00000000 -0.00000000 -1.00000000
vn -0.00000000 -0.00000000 -1.00000000
vn 0.33660000 0.94160000 -0.00000000
vn 0.76230000 0.64720000 -0.00000000
vn -0.00000000 -0.00000000 -1.00000000
vn 0.76230000 0.64720000 -0.00000000
vn 0.97960000 0.20090000 -0.00000000
vn 0.97960000 0.20070000 -0.00000000
vn -0.00000000 -0.00000000 -1.00000000
vn 0.99820000 -0.05940000 -0.00000000
vn 0.99820000 -0.05940000 -0.00000000
vn 0.94160000 -0.33670000 -0.00000000
vn 0.64710000 -0.76240000 -0.00000000
vn 0.94170000 -0.33660000 -0.00000000
vn 0.64710000 -0.76240000 -0.00000000
vn 0.17970000 -0.98370000 -0.00000000
vn 0.17940000 -0.98380000 -0.00000000
vn -0.30110000 -0.95360000 -0.00000000
vn -0.00000000 -0.00000000 -1.00000000
vn -0.30110000 -0.95360000 -0.00000000
vn -0.68500000 -0.72860000 -0.00000000
vn -0.93330000 -0.35910000 -0.00000000
vn -0.68500000 -0.72860000 -0.00000000
vn -0.00000000 -0.00000000 -1.00000000
vn -0.99860000 -0.05270000 -0.00000000
vn -0.00000000 -0.00000000 -1.00000000
vn -0.93310000 -0.35950000 -0.00000000
vn -0.00000000 -0.00000000 -1.00000000
vn -0.99860000 -0.05270000 -0.00000000
vn -0.99820000 0.05980000 -0.00000000
vn -0.98130000 0.19240000 -0.00000000
vn -0.99820000 0.05980000 -0.00000000
vn -0.00000000 -0.00000000 -1.00000000
vn -0.00000000 -0.00000000 -1.00000000
vn -0.86260000 0.50590000 -0.00000000
vn -0.98140000 0.19210000 -0.00000000
vn -0.86260000 0.50590000 -0.00000000
vn -0.55770000 0.83000000 -0.00000000
vn -0.00000000 -0.00000000 -1.00000000
vn -0.00000000 -0.00000000 -1.00000000
vn -0.55770000 0.83000000 -0.00000000
vn -0.14260000 0.98980000 -0.00000000
vn 0.10960000 0.10280000 -0.98860000
vn 0.08430000 0.10650000 -0.99070000
vn 0.04460000 0.09640000 -0.99430000
vn 0.04560000 0.07250000 -0.99630000
vn 0.04960000 0.04350000 -0.99780000
vn 0.11440000 0.04850000 -0.99230000
vn -0.00000000 -0.00000000 -1.00000000
vn 0.30110000 0.95360000 -0.00000000
vn -0.08660000 0.99620000 -0.00000000
vn 0.68520000 0.72840000 -0.00000000
vn 0.30110000 0.95360000 -0.00000000
vn -0.00000000 -0.00000000 -1.00000000
vn -0.00000000 -0.00000000 -1.00000000
vn 0.93340000 0.35890000 -0.00000000
vn 0.68510000 0.72850000 -0.00000000
vn 0.93330000 0.35900000 -0.00000000
vn 0.99860000 0.05260000 -0.00000000
vn -0.00000000 -0.00000000 -1.00000000
vn -0.00000000 -0.00000000 -1.00000000
vn 0.99860000 0.05260000 -0.00000000
vn 0.99820000 -0.05940000 -0.00000000
vn -0.00000000 -0.00000000 -1.00000000
vn 0.99820000 -0.05940000 -0.00000000
vn 0.98130000 -0.19250000 -0.00000000
vn 0.98130000 -0.19250000 -0.00000000
vn 0.86280000 -0.50550000 -0.00000000
vn -0.00000000 -0.00000000 -1.00000000
vn -0.00000000 -0.00000000 -1.00000000
vn 0.86270000 -0.50560000 -0.00000000
vn -0.00000000 -0.00000000 -1.00000000
vn -0.00000000 -0.00000000 -1.00000000
vn -0.24710000 -0.96900000 -0.00000000
vn -0.61690000 -0.78700000 -0.00000000
vn -0.00000000 -0.00000000 -1.00000000
vn -0.61720000 -0.78680000 -0.00000000
vn -0.91610000 -0.40090000 -0.00000000
vn -0.00000000 -0.00000000 -1.00000000
vn -0.91610000 -0.40090000 -0.00000000
vn -0.99800000 -0.06380000 -0.00000000
vn -0.00000000 -0.00000000 -1.00000000
vn -0.99800000 -0.06380000 -0.00000000
vn -0.00000000 -0.00000000 -1.00000000
vn -0.99820000 0.05980000 -0.00000000
vn -0.97910000 0.20350000 -0.00000000
vn -0.99820000 0.05970000 -0.00000000
vn -0.00000000 -0.00000000 -1.00000000
vn -0.97910000 0.20340000 -0.00000000
vn -0.83910000 0.54400000 -0.00000000
vn -0.00000000 -0.00000000 -1.00000000
vn -0.48100000 0.87670000 -0.00000000
vn -0.83910000 0.54400000 -0.00000000
vn -0.00000000 -0.00000000 -1.00000000
vn -0.08660000 0.99620000 -0.00000000
vn -0.00000000 -0.00000000 -1.00000000
vn -0.48100000 0.87670000 -0.00000000
vn 0.27190000 0.96230000 0.00020000
vn -0.00000000 -0.00000000 -1.00000000
vn 0.88060000 0.47390000 -0.00000000
vn -0.00000000 -0.00000000 -1.00000000
vn -0.00000000 -0.00000000 -1.00000000
vn 0.55090000 0.83460000 -0.00000000
vn 0.88060000 0.47390000 -0.00000000
vn -0.00000000 -0.00000000 -1.00000000
vn 0.16750000 0.98590000 -0.00000000
vn 0.55090000 0.83460000 -0.00000000
vn -0.16750000 0.98590000 -0.00000000
vn 0.16750000 0.98590000 -0.00000000
vn -0.00000000 -0.00000000 -1.00000000
vn -0.16750000 0.98590000 -0.00000000
vn -0.00000000 -0.00000000 -1.00000000
vn -0.00000000 -0.00000000 -1.00000000
vn -0.00000000 -0.00000000 -1.00000000
vn -0.00000000 -0.00000000 -1.00000000
vn -0.00000000 -0.00000000 -1.00000000
vn -1.00000000 -0.00000000 -0.00000000
vn -0.00000000 -0.00000000 -1.00000000
vn -0.90100000 0.43380000 -0.00000000
vn -1.00000000 -0.00000000 -0.00000000
vn -0.00000000 -0.00000000 -1.00000000
vn -0.90100000 -0.43390000 -0.00000000
vn -0.00000000 -0.00000000 -1.00000000
vn -0.90110000 -0.43350000 -0.00010000
vn -0.00000000 -0.00000000 -1.00000000
vn -0.00000000 -0.00000000 -1.00000000
vn -0.00000000 -0.00000000 -1.00000000
vn -0.00000000 -0.00000000 -1.00000000
vn -0.00000000 -0.00000000 -1.00000000
vn -0.62310000 0.78210000 -0.00000000
vn -0.00000000 -0.00000000 -1.00000000
vn -0.90100000 0.43390000 -0.00000000
vn -0.00000000 -0.00000000 -1.00000000
vn -0.22250000 0.97490000 -0.00000000
vn -0.62310000 0.78210000 -0.00000000
vn -0.22250000 0.97490000 -0.00000000
vn 0.16750000 0.98590000 -0.00000000
vn -0.00000000 -0.00000000 -1.00000000
vn -0.00000000 -0.00000000 -1.00000000
vn 0.16750000 0.98590000 -0.00000000
vn -0.00000000 -0.00000000 -1.00000000
vn -0.00000000 -0.00000000 -1.00000000
vn 0.27210000 0.96230000 0.00040000
vn 0.27180000 0.96230000 0.00010000
vn 0.88060000 0.47390000 -0.00000000
vn 0.55050000 0.83490000 -0.00000000
vn 0.88060000 0.47390000 -0.00000000
vn 0.16750000 0.98590000 -0.00000000
vn 0.55080000 0.83470000 -0.00000000
vn -0.16750000 0.98590000 -0.00000000
vn -0.16750000 0.98590000 -0.00000000
vn -0.22250000 0.97490000 -0.00000000
vn 0.16750000 0.98590000 -0.00000000
vn -0.22240000 0.97490000 -0.00000000
vn -0.62340000 0.78190000 -0.00000000
vn -0.90110000 0.43370000 -0.00000000
vn -0.62340000 0.78190000 -0.00000000
vn -1.00000000 -0.00000000 -0.00000000
vn -1.00000000 -0.00000000 -0.00000000
vn -0.90090000 -0.43400000 -0.00010000
vn -0.00000000 -0.36440000 -0.93130000
vn -0.00520000 -0.70070000 -0.71340000
vn 0.01060000 -0.67960000 -0.73350000
vn -0.00520000 -0.42570000 -0.90480000
vn -0.00340000 -0.40800000 -0.91300000
vn -0.00520000 -0.42670000 -0.90440000
vn -0.00000000 -0.52960000 -0.84830000
vn 0.00060000 -0.38960000 -0.92100000
vn -0.04780000 -0.45350000 -0.89000000
vn -0.00000000 -0.52960000 -0.84830000
vn -0.00000000 -0.60060000 -0.79950000
vn -0.00000000 -0.60060000 -0.79950000
vn 0.01060000 -0.67960000 -0.73350000
vn -0.00250000 -0.61660000 -0.78730000
vn -0.00230000 -0.99350000 -0.11420000
vn 0.00720000 -0.99530000 -0.09620000
vn -0.00230000 -0.99350000 -0.11420000
vn -0.00230000 -0.99350000 -0.11420000
vn 0.00720000 -0.99530000 -0.09620000
vn 0.00720000 -0.99530000 -0.09620000
vn -0.00450000 -0.41890000 0.90800000
vn -0.00000000 -0.36440000 0.93130000
vn -0.00340000 -0.40800000 -0.91300000
vn 0.00060000 -0.38960000 -0.92100000
vn -0.00520000 -0.70070000 -0.71340000
vn -0.25260000 -0.70850000 -0.65900000
vn -0.36080000 -0.65950000 0.65950000
vn -0.00810000 -0.67450000 0.73820000
vn -0.00830000 -0.67470000 0.73800000
vn -0.00510000 -0.42500000 0.90520000
vn -0.00340000 -0.40800000 0.91300000
vn -0.00520000 -0.42670000 0.90440000
vn -0.01330000 -0.67910000 0.73400000
vn -0.00000000 -0.60040000 0.79970000
vn -0.10380000 -0.52380000 0.84550000
vn -0.00000000 -0.60040000 0.79970000
vn -0.00000000 -0.45400000 0.89100000
vn 0.00050000 -0.38960000 0.92100000
vn -0.10380000 -0.52380000 0.84550000
vn 0.00050000 -0.38960000 0.92100000
vn -0.00340000 -0.40800000 0.91300000
vn -0.85450000 -0.51940000 -0.00000000
vn -0.81340000 0.58170000 -0.00000000
vn -0.97890000 0.20430000 -0.00000000
vn -0.44050000 0.89770000 -0.00000000
vn -0.81340000 0.58170000 -0.00000000
vn -0.85470000 -0.51910000 -0.00000000
vn -0.98880000 -0.14910000 -0.00000000
vn -0.08570000 0.99630000 -0.00000000
vn -0.44050000 0.89770000 -0.00000000
vn -0.08550000 0.99630000 -0.00000000
vn 0.16020000 0.98710000 -0.00000000
vn 0.85460000 0.51930000 -0.00000000
vn 0.98880000 0.14910000 -0.00000000
vn 0.50650000 0.86220000 -0.00000000
vn 0.85470000 0.51920000 -0.00000000
vn 0.50650000 0.86220000 -0.00000000
vn 0.16020000 0.98710000 -0.00000000
vn -0.99980000 0.01870000 -0.00000000
vn -0.98880000 -0.14910000 -0.00000000
vn -0.97890000 0.20430000 -0.00000000
vn -0.99980000 0.01870000 -0.00000000
vn -0.68610000 -0.71040000 0.15690000
vn -0.67490000 -0.70240000 0.22610000
vn -0.68610000 -0.71040000 0.15690000
vn -0.67490000 -0.70240000 0.22610000
vn -0.68610000 -0.71040000 0.15690000
vn 0.01550000 0.30040000 0.95370000
vn 0.00940000 0.26610000 0.96390000
vn 0.01940000 0.32120000 0.94680000
vn 0.93090000 -0.35840000 0.07080000
vn 0.01190000 0.28050000 0.95980000
vn 0.02230000 0.33710000 0.94120000
vn 0.98970000 -0.13990000 0.03000000
vn 0.01550000 0.30040000 0.95370000
vn 0.01190000 0.28050000 0.95980000
vn 0.00940000 0.26610000 0.96390000
vn 0.01190000 0.28050000 0.95980000
vn 0.00940000 0.26610000 0.96390000
vn 0.02230000 0.33710000 0.94120000
vn 0.01940000 0.32120000 0.94680000
vn 0.02230000 0.33710000 0.94120000
vn 0.01940000 0.32120000 0.94680000
vn 0.01550000 0.30040000 0.95370000
vn 0.94950000 -0.30400000 -0.07760000
vn 0.81200000 -0.57080000 0.12170000
vn 0.76920000 -0.63190000 0.09530000
vn 0.88880000 -0.44810000 0.09620000
vn 0.93090000 -0.35840000 0.07080000
vn -0.22160000 -0.94810000 0.22790000
vn -0.06330000 -0.97060000 0.23240000
vn -0.00060000 -0.97310000 0.23060000
vn -0.01160000 -0.97280000 0.23160000
vn -0.06110000 -0.97100000 0.23120000
vn 0.61630000 -0.76610000 0.18250000
vn 0.72090000 -0.67380000 0.16200000
vn 0.47530000 -0.87270000 0.11180000
vn 0.76920000 -0.63190000 0.09530000
vn 0.12980000 -0.96430000 0.23080000
vn 0.44460000 -0.87930000 0.17070000
vn 0.47530000 -0.87270000 0.11180000
vn 0.28440000 -0.93230000 0.22350000
vn 0.12840000 -0.96530000 0.22750000
vn -0.00000000 -0.97330000 0.22950000
vn -0.22160000 -0.94810000 0.22790000
vn -0.42100000 -0.88390000 0.20360000
vn -0.49500000 -0.86070000 0.11910000
vn -0.32020000 -0.92320000 0.21270000
vn -0.18990000 -0.96530000 0.17910000
vn -0.49500000 -0.86070000 0.11910000
vn -0.56000000 -0.80920000 0.17800000
vn -0.73630000 -0.66250000 0.13780000
vn -0.92380000 -0.37500000 0.07710000
vn -0.73570000 -0.66360000 0.13540000
vn -0.99220000 -0.12230000 0.02270000
vn -0.92380000 -0.37500000 0.07710000
vn -0.97240000 -0.22980000 0.04100000
vn -0.89710000 -0.44030000 -0.03590000
vn -0.99220000 -0.12250000 0.02290000
vn -0.00000000 -0.00000000 1.00000000
vn -0.00000000 -0.00000000 1.00000000
vn -0.00000000 -0.00000000 1.00000000
vn -0.00000000 -0.00000000 1.00000000
vn -0.00000000 -0.00000000 1.00000000
vn -0.00000000 -0.00000000 1.00000000
vn -0.00000000 -0.00000000 1.00000000
vn -0.00000000 -0.00000000 1.00000000
vn -0.00000000 -0.00000000 1.00000000
vn -0.85450000 -0.51940000 -0.00000000
vn -0.85450000 -0.51940000 -0.00000000
vn -0.98880000 -0.14910000 -0.00000000
vn -0.00000000 -0.00000000 1.00000000
vn -0.99980000 0.01870000 -0.00000000
vn -0.98880000 -0.14920000 -0.00000000
vn -0.00000000 -0.00000000 1.00000000
vn -0.97890000 0.20430000 -0.00000000
vn -0.00000000 -0.00000000 1.00000000
vn -0.99980000 0.01870000 -0.00000000
vn -0.97890000 0.20450000 -0.00000000
vn -0.00000000 -0.00000000 1.00000000
vn -0.81340000 0.58170000 -0.00000000
vn -0.00000000 -0.00000000 1.00000000
vn -0.81330000 0.58190000 -0.00000000
vn -0.44050000 0.89770000 -0.00000000
vn -0.08580000 0.99630000 -0.00000000
vn -0.00000000 -0.00000000 1.00000000
vn -0.44050000 0.89770000 -0.00000000
vn 0.16020000 0.98710000 -0.00000000
vn -0.00000000 -0.00000000 1.00000000
vn -0.08580000 0.99630000 -0.00000000
vn -0.00000000 -0.00000000 1.00000000
vn 0.16020000 0.98710000 -0.00000000
vn 0.50650000 0.86220000 -0.00000000
vn 0.50650000 0.86220000 -0.00000000
vn -0.00000000 -0.00000000 1.00000000
vn 0.85460000 0.51930000 -0.00000000
vn 0.98880000 0.14920000 -0.00000000
vn 0.85470000 0.51920000 -0.00000000
vn -0.00000000 -0.00000000 1.00000000
vn 0.98880000 0.14900000 -0.00000000
vn -0.00000000 -0.00000000 1.00000000
vn -0.65450000 -0.67560000 0.33930000
vn -0.63740000 -0.69100000 0.34100000
vn -0.67490000 -0.70240000 0.22610000
vn -0.63440000 -0.65390000 0.41220000
vn -0.65450000 -0.67560000 0.33930000
vn -0.56640000 -0.59620000 0.56900000
vn -0.55540000 -0.64600000 0.52360000
vn -0.63740000 -0.69100000 0.34100000
vn -0.65450000 -0.67560000 0.33930000
vn -0.53060000 -0.62400000 0.57360000
vn -0.63440000 -0.65390000 0.41220000
vn -0.56640000 -0.59620000 0.56900000
vn -0.63440000 -0.65390000 0.41220000
vn -0.56640000 -0.59620000 0.56900000
vn -0.53060000 -0.62400000 0.57360000
vn 0.86970000 0.47930000 0.11810000
vn 0.96660000 0.20300000 0.15630000
vn 0.96660000 0.20300000 0.15630000
vn 0.86970000 0.47930000 0.11810000
vn 0.98970000 -0.13990000 0.03000000
vn 0.94950000 -0.30400000 -0.07760000
vn 0.98970000 -0.13990000 0.03000000
vn 0.93090000 -0.35840000 0.07080000
vn 0.88880000 -0.44810000 0.09620000
vn 0.94950000 -0.30400000 -0.07760000
vn 0.87360000 -0.40440000 0.27080000
vn 0.88880000 -0.44810000 0.09620000
vn 0.81200000 -0.57080000 0.12170000
vn 0.81760000 -0.41940000 0.39450000
vn 0.79730000 -0.52160000 0.30360000
vn 0.87360000 -0.40440000 0.27080000
vn 0.64590000 -0.62270000 0.44160000
vn 0.60530000 -0.71340000 0.35310000
vn 0.70860000 -0.62640000 0.32470000
vn 0.61630000 -0.76610000 0.18250000
vn 0.72090000 -0.67380000 0.16200000
vn 0.81200000 -0.57080000 0.12170000
vn 0.79730000 -0.52160000 0.30360000
vn 0.70860000 -0.62640000 0.32470000
vn 0.76920000 -0.63190000 0.09530000
vn 0.72090000 -0.67380000 0.16200000
vn 0.61630000 -0.76610000 0.18250000
vn 0.47530000 -0.87270000 0.11180000
vn 0.44460000 -0.87930000 0.17070000
vn 0.60530000 -0.71340000 0.35310000
vn 0.43830000 -0.81500000 0.37900000
vn 0.43700000 -0.81490000 0.38080000
vn 0.27950000 -0.87460000 0.39610000
vn 0.28440000 -0.93230000 0.22350000
vn 0.44460000 -0.87930000 0.17070000
vn 0.12950000 -0.90550000 0.40410000
vn 0.13170000 -0.96400000 0.23090000
vn 0.28440000 -0.93230000 0.22350000
vn 0.27950000 -0.87460000 0.39610000
vn 0.15210000 -0.86980000 0.46940000
vn -0.00000000 -0.97330000 0.22940000
vn 0.00010000 -0.91330000 0.40720000
vn 0.12950000 -0.90550000 0.40410000
vn 0.13000000 -0.96430000 0.23070000
vn -0.01210000 -0.97250000 0.23270000
vn -0.00580000 -0.91540000 0.40250000
vn -0.01380000 -0.91360000 0.40630000
vn -0.06360000 -0.97060000 0.23210000
vn -0.01400000 -0.97270000 0.23160000
vn -0.06190000 -0.87380000 0.48230000
vn -0.06190000 -0.87380000 0.48230000
vn -0.10270000 -0.78320000 0.61320000
vn -0.18680000 -0.89830000 0.39760000
vn -0.06420000 -0.97030000 0.23330000
vn -0.18990000 -0.96530000 0.17910000
vn -0.22160000 -0.94810000 0.22790000
vn -0.18990000 -0.96530000 0.17910000
vn -0.18680000 -0.89830000 0.39760000
vn -0.31480000 -0.86480000 0.39130000
vn -0.32020000 -0.92320000 0.21270000
vn -0.31480000 -0.86480000 0.39130000
vn -0.32020000 -0.92320000 0.21270000
vn -0.40510000 -0.78940000 0.46120000
vn -0.42100000 -0.88390000 0.20360000
vn -0.56000000 -0.80920000 0.17800000
vn -0.73120000 -0.66060000 0.17030000
vn -0.55320000 -0.76530000 0.32910000
vn -0.59410000 -0.66760000 0.44880000
vn -0.73150000 -0.66590000 0.14660000
vn -0.42100000 -0.88390000 0.20360000
vn -0.40510000 -0.78940000 0.46120000
vn -0.49500000 -0.86070000 0.11910000
vn -0.39810000 -0.81210000 0.42660000
vn -0.56000000 -0.80920000 0.17800000
vn -0.55320000 -0.76530000 0.32910000
vn -0.76580000 -0.50880000 0.39330000
vn -0.73120000 -0.66060000 0.17030000
vn -0.73280000 -0.66470000 0.14520000
vn -0.92380000 -0.37500000 0.07710000
vn -0.89710000 -0.44030000 -0.03590000
vn -0.90310000 -0.41510000 0.11000000
vn -0.95500000 -0.19310000 0.22520000
vn -0.97240000 -0.22980000 0.04100000
vn -0.89710000 -0.44030000 -0.03590000
vn -0.90470000 -0.34450000 0.25070000
vn -0.90310000 -0.41510000 0.11000000
vn -0.95500000 -0.19310000 0.22520000
vn -0.99220000 -0.12230000 0.02240000
vn -0.97240000 -0.22980000 0.04100000
vn -0.99220000 -0.12230000 0.02270000
vn -0.70250000 -0.71160000 -0.00000000
vn -0.25210000 -0.96770000 -0.00000000
vn -0.00000000 -0.00000000 1.00000000
vn -0.70250000 -0.71160000 -0.00000000
vn -0.96420000 -0.26510000 -0.00000000
vn -0.00000000 -0.00000000 1.00000000
vn -0.96430000 -0.26500000 -0.00000000
vn -0.99990000 0.01520000 -0.00000000
vn -0.96180000 0.27390000 -0.00000000
vn -0.00000000 -0.00000000 1.00000000
vn -0.99990000 0.01510000 -0.00000000
vn -0.96180000 0.27390000 -0.00000000
vn -0.00000000 -0.00000000 1.00000000
vn -0.71170000 0.70250000 -0.00000000
vn -0.71170000 0.70250000 -0.00000000
vn -0.00000000 -0.00000000 1.00000000
vn -0.26510000 0.96420000 -0.00000000
vn 0.21620000 0.97640000 -0.00000000
vn -0.26510000 0.96420000 -0.00000000
vn -0.00000000 -0.00000000 1.00000000
vn 0.21620000 0.97640000 -0.00000000
vn 0.61810000 0.78610000 -0.00000000
vn 0.61830000 0.78590000 -0.00000000
vn 0.89810000 0.43980000 -0.00000000
vn 0.89810000 0.43980000 -0.00000000
vn 0.99300000 0.11820000 -0.00000000
vn 0.99290000 0.11860000 -0.00000000
vn 0.99990000 -0.01550000 -0.00000000
vn 0.99990000 -0.01550000 -0.00000000
vn 0.99190000 -0.12720000 -0.00000000
vn 0.99190000 -0.12720000 -0.00000000
vn 0.90380000 -0.42800000 -0.00000000
vn 0.90370000 -0.42810000 -0.00000000
vn 0.62860000 -0.77780000 -0.00000000
vn 0.62860000 -0.77780000 -0.00000000
vn 0.22880000 -0.97350000 -0.00000000
vn 0.22880000 -0.97350000 -0.00000000
vn -0.25210000 -0.96770000 -0.00000000
vn -0.70250000 -0.71170000 -0.00000000
vn -0.25240000 -0.96760000 -0.00000000
vn -0.00000000 -0.00000000 1.00000000
vn -0.96420000 -0.26510000 -0.00000000
vn -0.00000000 -0.00000000 1.00000000
vn -0.70250000 -0.71170000 -0.00000000
vn -0.96420000 -0.26510000 -0.00000000
vn -0.00000000 -0.00000000 1.00000000
vn -0.99990000 0.01520000 -0.00000000
vn -0.00000000 -0.00000000 1.00000000
vn -0.99990000 0.01510000 -0.00000000
vn -0.96180000 0.27380000 -0.00000000
vn -0.71160000 0.70250000 -0.00000000
vn -0.00000000 -0.00000000 1.00000000
vn -0.96180000 0.27380000 -0.00000000
vn -0.00000000 -0.00000000 1.00000000
vn -0.71160000 0.70250000 -0.00000000
vn -0.26490000 0.96430000 -0.00000000
vn -0.00000000 -0.00000000 1.00000000
vn 0.21620000 0.97630000 -0.00000000
vn -0.26490000 0.96430000 -0.00000000
vn 0.21610000 0.97640000 -0.00000000
vn -0.00000000 -0.00000000 1.00000000
vn 0.61860000 0.78570000 -0.00000000
vn 0.89810000 0.43980000 -0.00000000
vn 0.61850000 0.78580000 -0.00000000
vn -0.00000000 -0.00000000 1.00000000
vn 0.89810000 0.43980000 -0.00000000
vn 0.99300000 0.11820000 -0.00000000
vn -0.00000000 -0.00000000 1.00000000
vn -0.00000000 -0.00000000 1.00000000
vn 0.99990000 -0.01550000 -0.00000000
vn -0.00000000 -0.00000000 1.00000000
vn 0.99990000 -0.01550000 -0.00000000
vn 0.99180000 -0.12770000 -0.00000000
vn 0.99180000 -0.12770000 -0.00000000
vn -0.00000000 -0.00000000 1.00000000
vn 0.90370000 -0.42810000 -0.00000000
vn 0.62860000 -0.77770000 -0.00000000
vn 0.90370000 -0.42810000 -0.00000000
vn 0.22900000 -0.97340000 -0.00000000
vn 0.62860000 -0.77770000 -0.00000000
vn 0.22890000 -0.97350000 -0.00000000
vn -0.25240000 -0.96760000 -0.00000000
vn -0.55540000 -0.64600000 0.52360000
vn -0.63740000 -0.69100000 0.34100000
vn -0.53060000 -0.62400000 0.57360000
vn -0.55540000 -0.64600000 0.52360000
vn 0.86970000 0.47930000 0.11810000
vn 0.81760000 -0.41940000 0.39450000
vn 0.87360000 -0.40440000 0.27080000
vn 0.71680000 -0.31160000 0.62380000
vn 0.96660000 0.20300000 0.15630000
vn 0.56520000 -0.48540000 0.66700000
vn 0.70860000 -0.62640000 0.32470000
vn 0.64590000 -0.62270000 0.44160000
vn 0.81760000 -0.41940000 0.39450000
vn 0.79730000 -0.52160000 0.30360000
vn 0.71590000 -0.30970000 0.62570000
vn 0.14220000 -0.77010000 0.62190000
vn 0.43930000 -0.81600000 0.37560000
vn 0.14620000 -0.68060000 0.71790000
vn 0.37100000 -0.60930000 0.70080000
vn 0.15210000 -0.86980000 0.46940000
vn 0.27950000 -0.87460000 0.39610000
vn -0.00000000 -0.04110000 0.99920000
vn -0.00000000 -0.41730000 0.90880000
vn 0.08540000 -0.52950000 0.84400000
vn 0.10250000 -0.34060000 0.93460000
vn 0.00190000 -0.53150000 0.84710000
vn -0.00000000 -0.04120000 0.99920000
vn 0.00070000 -0.04100000 0.99920000
vn 0.14220000 -0.77010000 0.62190000
vn -0.00000000 -0.77840000 0.62780000
vn 0.15210000 -0.86980000 0.46940000
vn 0.12950000 -0.90550000 0.40410000
vn -0.00000000 -0.91320000 0.40750000
vn -0.00000000 -0.77790000 0.62840000
vn 0.00190000 -0.53150000 0.84710000
vn 0.14220000 -0.77010000 0.62190000
vn -0.00000000 -0.63630000 0.77140000
vn 0.14620000 -0.68060000 0.71790000
vn 0.08540000 -0.52950000 0.84400000
vn 0.10250000 -0.34060000 0.93460000
vn 0.08540000 -0.52950000 0.84400000
vn 0.36920000 -0.61310000 0.69840000
vn 0.14620000 -0.68060000 0.71790000
vn 0.24280000 -0.29670000 0.92360000
vn 0.10250000 -0.34060000 0.93460000
vn 0.24290000 -0.30020000 0.92240000
vn 0.56520000 -0.48330000 0.66850000
vn 0.64590000 -0.62270000 0.44160000
vn 0.36950000 -0.61100000 0.70010000
vn 0.43570000 -0.81880000 0.37390000
vn 0.60530000 -0.71340000 0.35310000
vn 0.36910000 -0.21750000 0.90360000
vn 0.24280000 -0.29860000 0.92300000
vn 0.56570000 -0.48890000 0.66400000
vn 0.37060000 -0.61430000 0.69660000
vn 0.24310000 -0.30210000 0.92180000
vn 0.36810000 -0.22050000 0.90330000
vn 0.36980000 -0.22030000 0.90260000
vn 0.56660000 -0.49040000 0.66220000
vn 0.71870000 -0.31420000 0.62020000
vn -0.00000000 -0.41730000 0.90880000
vn -0.06850000 -0.41630000 0.90670000
vn -0.06920000 -0.35590000 0.93200000
vn -0.00000000 -0.63630000 0.77140000
vn -0.06850000 -0.41630000 0.90670000
vn -0.08890000 -0.63430000 0.76790000
vn 0.00190000 -0.53150000 0.84710000
vn -0.00000000 -0.41730000 0.90880000
vn -0.08890000 -0.63430000 0.76790000
vn -0.10200000 -0.69280000 0.71390000
vn -0.00000000 -0.77830000 0.62790000
vn -0.10200000 -0.77460000 0.62410000
vn -0.00000000 -0.63630000 0.77140000
vn -0.00000000 -0.77880000 0.62720000
vn -0.10230000 -0.78210000 0.61470000
vn -0.00250000 -0.91500000 0.40350000
vn -0.06190000 -0.87380000 0.48230000
vn -0.22570000 -0.30960000 0.92370000
vn -0.06920000 -0.35590000 0.93200000
vn -0.06850000 -0.41630000 0.90670000
vn -0.10200000 -0.69280000 0.71390000
vn -0.06920000 -0.35590000 0.93200000
vn -0.08890000 -0.63430000 0.76790000
vn -0.22570000 -0.30960000 0.92370000
vn -0.34440000 -0.62900000 0.69690000
vn -0.18680000 -0.89830000 0.39760000
vn -0.10200000 -0.69280000 0.71390000
vn -0.10200000 -0.77610000 0.62240000
vn -0.34340000 -0.62420000 0.70180000
vn -0.39810000 -0.81210000 0.42660000
vn -0.40510000 -0.78940000 0.46120000
vn -0.31480000 -0.86480000 0.39130000
vn -0.43820000 -0.15970000 0.88460000
vn -0.77200000 -0.22440000 0.59470000
vn -0.77000000 -0.22180000 0.59830000
vn -0.95500000 -0.19310000 0.22520000
vn -0.90470000 -0.34450000 0.25070000
vn -0.77100000 -0.22370000 0.59630000
vn -0.43820000 -0.15970000 0.88460000
vn -0.67020000 -0.38990000 0.63160000
vn -0.90470000 -0.34450000 0.25070000
vn -0.76940000 -0.22020000 0.59960000
vn -0.90310000 -0.41510000 0.11000000
vn -0.76580000 -0.50880000 0.39330000
vn -0.66860000 -0.38420000 0.63670000
vn -0.52170000 -0.53090000 0.66780000
vn -0.43820000 -0.15970000 0.88460000
vn -0.66990000 -0.38830000 0.63280000
vn -0.66780000 -0.38340000 0.63800000
vn -0.52130000 -0.52530000 0.67260000
vn -0.59410000 -0.66760000 0.44880000
vn -0.76580000 -0.50880000 0.39330000
vn -0.73120000 -0.66060000 0.17030000
vn -0.39810000 -0.81210000 0.42660000
vn -0.59410000 -0.66760000 0.44880000
vn -0.55320000 -0.76530000 0.32910000
vn -0.34640000 -0.62540000 0.69930000
vn -0.52060000 -0.52400000 0.67410000
vn -0.22570000 -0.30960000 0.92370000
vn -0.52150000 -0.52870000 0.66970000
vn -0.34310000 -0.63000000 0.69670000
vn -0.38330000 0.00310000 0.92360000
vn -0.00000000 -0.00000000 1.00000000
vn -0.26500000 0.96430000 -0.00000000
vn 0.21610000 0.97640000 -0.00000000
vn -0.00000000 -0.00000000 1.00000000
vn -0.26520000 0.96420000 -0.00000000
vn -0.71170000 0.70250000 -0.00000000
vn -0.00000000 -0.00000000 1.00000000
vn -0.71180000 0.70240000 -0.00000000
vn -0.96180000 0.27390000 -0.00000000
vn -0.96180000 0.27360000 -0.00000000
vn -0.99990000 0.01520000 -0.00000000
vn -0.00000000 -0.00000000 1.00000000
vn -0.96420000 -0.26510000 -0.00000000
vn -0.00000000 -0.00000000 1.00000000
vn -0.99990000 0.01520000 -0.00000000
vn -0.70250000 -0.71160000 -0.00000000
vn -0.96420000 -0.26510000 -0.00000000
vn -0.00000000 -0.00000000 1.00000000
vn -0.00000000 -0.00000000 1.00000000
vn -0.25210000 -0.96770000 -0.00000000
vn -0.70250000 -0.71160000 -0.00000000
vn 0.22880000 -0.97350000 -0.00000000
vn -0.00000000 -0.00000000 1.00000000
vn -0.25210000 -0.96770000 -0.00000000
vn 0.22880000 -0.97350000 -0.00000000
vn -0.00000000 -0.00000000 1.00000000
vn 0.62860000 -0.77780000 -0.00000000
vn -0.00000000 -0.00000000 1.00000000
vn 0.90370000 -0.42820000 -0.00000000
vn 0.62850000 -0.77780000 -0.00000000
vn 0.90380000 -0.42800000 -0.00000000
vn 0.99190000 -0.12720000 -0.00000000
vn -0.00000000 -0.00000000 1.00000000
vn 0.99990000 -0.01550000 -0.00000000
vn 0.99190000 -0.12720000 -0.00000000
vn -0.00000000 -0.00000000 1.00000000
vn -0.00000000 -0.00000000 1.00000000
vn 0.99990000 -0.01540000 -0.00000000
vn 0.99300000 0.11820000 -0.00000000
vn -0.00000000 -0.00000000 1.00000000
vn 0.89810000 0.43980000 -0.00000000
vn 0.99290000 0.11860000 -0.00000000
vn 0.89810000 0.43980000 -0.00000000
vn 0.61810000 0.78610000 -0.00000000
vn -0.00000000 -0.00000000 1.00000000
vn 0.61810000 0.78610000 -0.00000000
vn -0.00000000 -0.00000000 1.00000000
vn 0.21610000 0.97640000 -0.00000000
vn -0.26530000 0.96420000 -0.00000000
vn 0.21610000 0.97640000 -0.00000000
vn -0.00000000 -0.00000000 1.00000000
vn -0.00000000 -0.00000000 1.00000000
vn -0.71160000 0.70250000 -0.00000000
vn -0.26490000 0.96430000 -0.00000000
vn -0.00000000 -0.00000000 1.00000000
vn -0.96180000 0.27370000 -0.00000000
vn -0.71160000 0.70250000 -0.00000000
vn -0.00000000 -0.00000000 1.00000000
vn -0.96180000 0.27370000 -0.00000000
vn -0.99990000 0.01510000 -0.00000000
vn -0.99990000 0.01520000 -0.00000000
vn -0.96420000 -0.26510000 -0.00000000
vn -0.00000000 -0.00000000 1.00000000
vn -0.00000000 -0.00000000 1.00000000
vn -0.70250000 -0.71170000 -0.00000000
vn -0.96420000 -0.26510000 -0.00000000
vn -0.00000000 -0.00000000 1.00000000
vn -0.70250000 -0.71170000 -0.00000000
vn -0.25240000 -0.96760000 -0.00000000
vn -0.00000000 -0.00000000 1.00000000
vn 0.22850000 -0.97350000 -0.00000000
vn -0.25240000 -0.96760000 -0.00000000
vn 0.62860000 -0.77770000 -0.00000000
vn 0.22890000 -0.97350000 -0.00000000
vn -0.00000000 -0.00000000 1.00000000
vn -0.00000000 -0.00000000 1.00000000
vn 0.90370000 -0.42810000 -0.00000000
vn 0.62860000 -0.77770000 -0.00000000
vn -0.00000000 -0.00000000 1.00000000
vn 0.99180000 -0.12770000 -0.00000000
vn 0.90370000 -0.42810000 -0.00000000
vn -0.00000000 -0.00000000 1.00000000
vn 0.99990000 -0.01550000 -0.00000000
vn 0.99190000 -0.12730000 -0.00000000
vn -0.00000000 -0.00000000 1.00000000
vn 0.99990000 -0.01540000 -0.00000000
vn 0.99300000 0.11820000 -0.00000000
vn 0.89810000 0.43980000 -0.00000000
vn -0.00000000 -0.00000000 1.00000000
vn 0.99300000 0.11820000 -0.00000000
vn 0.61860000 0.78570000 -0.00000000
vn 0.89810000 0.43980000 -0.00000000
vn -0.00000000 -0.00000000 1.00000000
vn 0.61850000 0.78580000 -0.00000000
vn -0.00000000 -0.00000000 1.00000000
vn 0.21620000 0.97630000 -0.00000000
vn -0.38330000 0.00310000 0.92360000
vn -0.38330000 0.00310000 0.92360000
vn 0.88330000 -0.46820000 0.02260000
vn 0.93070000 -0.36580000 0.00010000
vn 0.99980000 0.00680000 0.01650000
vn 0.99680000 0.07160000 0.03420000
vn 0.99980000 -0.01150000 0.01880000
vn 0.99040000 -0.13800000 -0.00000000
vn -0.00000000 -0.00000000 1.00000000
vn 0.87730000 0.47960000 0.01850000
vn 0.99980000 0.00680000 0.01650000
vn 0.90900000 0.41690000 0.00010000
vn -0.00000000 -0.00000000 1.00000000
vn 0.98150000 0.19130000 -0.00000000
vn 0.88330000 -0.46820000 0.02260000
vn -0.00000000 -0.00000000 1.00000000
vn 0.65090000 -0.75920000 0.00010000
vn 0.81310000 -0.58210000 -0.00000000
vn 0.55600000 -0.83090000 0.02390000
vn 0.21820000 -0.97590000 0.00010000
vn -0.00000000 -0.00000000 1.00000000
vn 0.55600000 -0.83090000 0.02390000
vn 0.17410000 -0.98470000 0.00930000
vn 0.44440000 -0.89580000 0.00010000
vn -0.21680000 -0.97620000 -0.00000000
vn 0.17410000 -0.98470000 0.00930000
vn -0.16130000 -0.98660000 -0.02310000
vn 0.05060000 -0.99870000 -0.00000000
vn -0.00000000 -0.00000000 1.00000000
vn -0.54540000 -0.83790000 0.01980000
vn -0.16130000 -0.98660000 -0.02310000
vn -0.00000000 -0.00000000 1.00000000
vn -0.87420000 -0.48510000 0.01970000
vn -0.54540000 -0.83790000 0.01980000
vn -0.00000000 -0.00000000 1.00000000
vn -0.76830000 -0.64010000 -0.00000000
vn -0.59220000 -0.80580000 0.00010000
vn -0.99410000 -0.10820000 -0.00000000
vn -0.99950000 -0.00680000 0.03020000
vn -0.87720000 -0.47950000 0.02230000
vn -0.95180000 -0.30680000 -0.00000000
vn -0.00000000 -0.00000000 1.00000000
vn -0.88340000 0.46760000 0.02970000
vn -0.99820000 0.05680000 0.01710000
vn -0.94070000 0.33920000 -0.00000000
vn -0.98740000 0.15800000 -0.00000000
vn -0.00000000 -0.00000000 1.00000000
vn -0.99950000 -0.00680000 0.03020000
vn -0.82930000 0.55890000 -0.00010000
vn -0.88340000 0.46760000 0.02970000
vn -0.55610000 0.83080000 0.02330000
vn -0.69480000 0.71920000 -0.00020000
vn -0.00000000 -0.00000000 1.00000000
vn -0.17390000 0.98470000 0.01190000
vn -0.27620000 0.96110000 -0.00000000
vn -0.49830000 0.86700000 -0.00000000
vn -0.55610000 0.83080000 0.02330000
vn -0.00000000 -0.00000000 1.00000000
vn -0.17390000 0.98470000 0.01190000
vn 0.16120000 0.98690000 -0.00790000
vn 0.18610000 0.98250000 -0.00000000
vn -0.11080000 0.99380000 -0.00000000
vn -0.00000000 -0.00000000 1.00000000
vn -0.00000000 -0.00000000 1.00000000
vn 0.16120000 0.98690000 -0.00790000
vn 0.54550000 0.83810000 0.00900000
vn -0.00000000 -0.00000000 1.00000000
vn 0.54550000 0.83810000 0.00900000
vn 0.87730000 0.47960000 0.01850000
vn 0.58250000 0.81280000 -0.00680000
vn 0.79290000 0.60940000 0.00230000
vn 0.88330000 -0.46790000 0.02880000
vn -0.00000000 -0.00000000 1.00000000
vn 0.99030000 -0.13870000 -0.00000000
vn 0.99950000 0.00610000 0.03000000
vn 0.94570000 -0.32510000 -0.00000000
vn -0.00000000 -0.00000000 1.00000000
vn 0.98430000 0.17670000 -0.00000000
vn 0.99950000 -0.00000000 0.03230000
vn 0.99760000 0.06750000 0.01700000
vn 0.87750000 0.47960000 -0.00000000
vn -0.00000000 -0.00000000 1.00000000
vn 0.55620000 -0.83080000 0.02150000
vn 0.70150000 -0.71270000 -0.00000000
vn 0.88330000 -0.46790000 0.02880000
vn 0.83760000 -0.54630000 0.00010000
vn -0.00000000 -0.00000000 1.00000000
vn 0.50560000 -0.86280000 -0.00030000
vn 0.55620000 -0.83080000 0.02150000
vn 0.28480000 -0.95860000 -0.00010000
vn 0.17380000 -0.98470000 0.01110000
vn 0.17380000 -0.98470000 0.01110000
vn -0.16110000 -0.98650000 -0.02840000
vn -0.23390000 -0.97230000 -0.00000000
vn -0.00000000 -0.00000000 1.00000000
vn 0.12050000 -0.99270000 -0.00000000
vn -0.00000000 -0.00000000 1.00000000
vn -0.16110000 -0.98650000 -0.02840000
vn -0.54540000 -0.83790000 0.02040000
vn -0.87730000 -0.47960000 0.01860000
vn -0.77860000 -0.62750000 -0.00000000
vn -0.00000000 -0.00000000 1.00000000
vn -0.60570000 -0.79570000 0.00010000
vn -0.54540000 -0.83790000 0.02040000
vn -0.97810000 -0.20830000 -0.00000000
vn -0.87730000 -0.47960000 0.01860000
vn -0.99990000 -0.00650000 0.01290000
vn -0.90910000 -0.41660000 -0.00000000
vn -0.00000000 -0.00000000 1.00000000
vn -0.99990000 -0.00650000 0.01290000
vn -0.99750000 -0.06380000 0.02980000
vn -0.00000000 -0.00000000 1.00000000
vn -0.90600000 0.42340000 0.00010000
vn -0.88360000 0.46810000 0.01480000
vn -0.99760000 0.06890000 0.01030000
vn -0.97980000 0.19990000 -0.00000000
vn -0.99130000 0.13160000 0.00380000
vn -0.77530000 0.63160000 0.00010000
vn -0.69550000 0.71860000 0.00010000
vn -0.55600000 0.83100000 0.01830000
vn -0.00000000 -0.00000000 1.00000000
vn -0.88360000 0.46810000 0.01480000
vn -0.00000000 -0.00000000 1.00000000
vn -0.26400000 0.96450000 -0.00070000
vn -0.55600000 0.83100000 0.01830000
vn -0.17410000 0.98470000 0.01160000
vn -0.50450000 0.86340000 0.00160000
vn 0.17580000 0.98440000 -0.00000000
vn -0.17410000 0.98470000 0.01160000
vn -0.09380000 0.99560000 -0.00000000
vn -0.00000000 -0.00000000 1.00000000
vn 0.16120000 0.98690000 -0.00490000
vn 0.16120000 0.98690000 -0.00490000
vn 0.68810000 0.72040000 0.08710000
vn 0.54570000 0.83800000 0.00030000
vn 0.51610000 0.85650000 0.00520000
vn -0.00000000 -0.00000000 1.00000000
vn -0.00000000 -0.00000000 1.00000000
vn 0.87750000 0.47960000 -0.00000000
vn 0.54570000 0.83800000 0.00030000
vn 0.93070000 0.36000000 0.06500000
vn 0.81940000 0.57320000 -0.00000000
vn -0.94070000 0.33920000 -0.00000000
vn 0.23300000 -0.01270000 0.97240000
vn -0.98740000 0.15800000 -0.00000000
vn -0.98740000 0.15800000 -0.00000000
vn 0.22840000 -0.00960000 0.97350000
vn -0.99820000 0.05680000 0.01710000
vn -0.99820000 0.05680000 0.01710000
vn 0.23110000 -0.00270000 0.97290000
vn -0.99950000 -0.00680000 0.03020000
vn -0.99410000 -0.10820000 -0.00000000
vn 0.21360000 -0.04070000 0.97610000
vn 0.22990000 -0.01810000 0.97300000
vn -0.94070000 0.33920000 -0.00000000
vn -0.88340000 0.46760000 0.02970000
vn -0.82930000 0.55890000 -0.00010000
vn 0.23710000 -0.03530000 0.97080000
vn -0.82930000 0.55890000 -0.00010000
vn 0.22790000 -0.03950000 0.97290000
vn -0.69480000 0.71920000 -0.00020000
vn -0.55610000 0.83080000 0.02330000
vn 0.22630000 -0.03970000 0.97330000
vn 0.18570000 -0.06150000 0.98070000
vn 0.22200000 -0.05670000 0.97340000
vn -0.69480000 0.71920000 -0.00020000
vn -0.49830000 0.86700000 -0.00000000
vn -0.49830000 0.86700000 -0.00000000
vn -0.27620000 0.96110000 -0.00000000
vn 0.22200000 -0.05670000 0.97340000
vn 0.15780000 -0.07640000 0.98450000
vn 0.21180000 -0.07410000 0.97450000
vn 0.21050000 -0.07070000 0.97500000
vn -0.11080000 0.99380000 -0.00000000
vn -0.17390000 0.98470000 0.01190000
vn -0.27620000 0.96110000 -0.00000000
vn -0.11080000 0.99380000 -0.00000000
vn 0.18610000 0.98250000 -0.00000000
vn 0.17600000 -0.07920000 0.98120000
vn 0.20000000 -0.07500000 0.97690000
vn -0.21680000 -0.97620000 -0.00000000
vn -0.16130000 -0.98660000 -0.02310000
vn -0.54540000 -0.83790000 0.01980000
vn 0.21220000 0.04450000 0.97620000
vn 0.21800000 0.03060000 0.97550000
vn -0.59220000 -0.80580000 0.00010000
vn 0.05060000 -0.99870000 -0.00000000
vn 0.18850000 0.07320000 0.97930000
vn 0.15490000 0.07750000 0.98490000
vn -0.21680000 -0.97620000 -0.00000000
vn 0.18750000 0.06480000 0.98010000
vn 0.20430000 0.04890000 0.97770000
vn 0.22460000 0.02240000 0.97420000
vn -0.59220000 -0.80580000 0.00010000
vn -0.76830000 -0.64010000 -0.00000000
vn 0.21800000 0.03060000 0.97550000
vn -0.99410000 -0.10820000 -0.00000000
vn -0.95180000 -0.30680000 -0.00000000
vn 0.22870000 -0.00030000 0.97350000
vn -0.87660000 -0.48080000 0.02150000
vn -0.95180000 -0.30680000 -0.00000000
vn 0.22860000 0.00690000 0.97350000
vn 0.23080000 0.01620000 0.97290000
vn -0.76830000 -0.64010000 -0.00000000
vn -0.87330000 -0.48680000 0.01910000
vn 0.22530000 0.02170000 0.97410000
vn 0.17840000 -0.08010000 0.98070000
vn 0.14530000 -0.07180000 0.98680000
vn 0.18610000 0.98250000 -0.00000000
vn 0.54550000 0.83810000 0.00900000
vn 0.58250000 0.81280000 -0.00680000
vn 0.16120000 0.98690000 -0.00790000
vn 0.90900000 0.41690000 0.00010000
vn 0.79290000 0.60940000 0.00230000
vn 0.87730000 0.47960000 0.01850000
vn 0.06710000 -0.06320000 0.99570000
vn 0.11200000 -0.06780000 0.99140000
vn 0.58250000 0.81280000 -0.00680000
vn 0.14530000 -0.07180000 0.98680000
vn 0.11200000 -0.06780000 0.99140000
vn 0.79290000 0.60940000 0.00230000
vn 0.93070000 -0.36580000 0.00010000
vn -0.07750000 0.06050000 0.99520000
vn 0.99040000 -0.13800000 -0.00000000
vn 0.16210000 -0.00100000 0.98680000
vn 0.03040000 0.06000000 0.99770000
vn 0.99980000 -0.01150000 0.01880000
vn 0.99040000 -0.13800000 -0.00000000
vn 0.16270000 -0.00140000 0.98670000
vn 0.16250000 -0.00470000 0.98670000
vn 0.99680000 0.07160000 0.03420000
vn 0.99980000 -0.01150000 0.01880000
vn -0.06450000 -0.05530000 0.99640000
vn 0.02370000 -0.06000000 0.99790000
vn 0.16330000 -0.00680000 0.98650000
vn 0.99680000 0.07160000 0.03420000
vn 0.98150000 0.19130000 -0.00000000
vn 0.99980000 0.00680000 0.01650000
vn 0.06710000 -0.06320000 0.99570000
vn -0.06450000 -0.05530000 0.99640000
vn 0.90900000 0.41690000 0.00010000
vn 0.98150000 0.19130000 -0.00000000
vn 0.10230000 0.06120000 0.99290000
vn 0.81310000 -0.58210000 -0.00000000
vn 0.03040000 0.06000000 0.99770000
vn 0.93070000 -0.36580000 0.00010000
vn 0.88330000 -0.46820000 0.02260000
vn 0.65090000 -0.75920000 0.00010000
vn 0.10230000 0.06120000 0.99290000
vn 0.13590000 0.06300000 0.98870000
vn 0.81310000 -0.58210000 -0.00000000
vn 0.44440000 -0.89580000 0.00010000
vn 0.13590000 0.06300000 0.98870000
vn 0.65090000 -0.75920000 0.00010000
vn 0.15780000 0.06550000 0.98530000
vn 0.55600000 -0.83090000 0.02390000
vn 0.17660000 0.06900000 0.98190000
vn 0.21820000 -0.97590000 0.00010000
vn 0.15780000 0.06550000 0.98530000
vn 0.44440000 -0.89580000 0.00010000
vn 0.21820000 -0.97590000 0.00010000
vn 0.17660000 0.06900000 0.98190000
vn 0.05060000 -0.99870000 -0.00000000
vn 0.18980000 0.07300000 0.97910000
vn 0.17410000 -0.98470000 0.00930000
vn -0.99760000 0.06890000 0.01030000
vn -0.99130000 0.13160000 0.00380000
vn -0.16150000 0.00690000 0.98690000
vn -0.97980000 0.19990000 -0.00000000
vn -0.99130000 0.13160000 0.00380000
vn -0.16310000 0.00510000 0.98660000
vn -0.90600000 0.42340000 0.00010000
vn -0.08670000 -0.05700000 0.99460000
vn -0.16350000 0.00380000 0.98650000
vn -0.05070000 -0.05740000 0.99710000
vn -0.97980000 0.19990000 -0.00000000
vn -0.13540000 0.01360000 0.99070000
vn -0.99760000 0.06890000 0.01030000
vn -0.99750000 -0.06380000 0.02980000
vn -0.16060000 0.00760000 0.98700000
vn -0.99750000 -0.06380000 0.02980000
vn -0.99990000 -0.00650000 0.01290000
vn -0.97810000 -0.20830000 -0.00000000
vn -0.13540000 0.01360000 0.99070000
vn 0.16070000 0.05180000 0.98560000
vn 0.03750000 0.05940000 0.99750000
vn -0.10920000 -0.05930000 0.99220000
vn -0.88360000 0.46810000 0.01480000
vn -0.77530000 0.63160000 0.00010000
vn -0.90600000 0.42340000 0.00010000
vn -0.05070000 -0.05740000 0.99710000
vn -0.77530000 0.63160000 0.00010000
vn -0.10920000 -0.05930000 0.99220000
vn -0.12600000 -0.06010000 0.99020000
vn -0.69550000 0.71860000 0.00010000
vn -0.55600000 0.83100000 0.01830000
vn -0.50450000 0.86340000 0.00160000
vn -0.69550000 0.71860000 0.00010000
vn -0.12600000 -0.06010000 0.99020000
vn -0.15110000 -0.06200000 0.98660000
vn -0.17230000 -0.06570000 0.98280000
vn -0.15110000 -0.06200000 0.98660000
vn -0.50450000 0.86340000 0.00160000
vn -0.26400000 0.96450000 -0.00070000
vn -0.19020000 -0.06990000 0.97930000
vn -0.26400000 0.96450000 -0.00070000
vn -0.17410000 0.98470000 0.01160000
vn -0.17230000 -0.06570000 0.98280000
vn -0.09380000 0.99560000 -0.00000000
vn -0.09380000 0.99560000 -0.00000000
vn -0.15050000 -0.07530000 0.98570000
vn 0.17580000 0.98440000 -0.00000000
vn -0.20360000 -0.05580000 0.97750000
vn -0.18470000 -0.07100000 0.98020000
vn -0.17580000 0.08170000 0.98100000
vn 0.12050000 -0.99270000 -0.00000000
vn -0.23390000 -0.97230000 -0.00000000
vn -0.20030000 0.07750000 0.97670000
vn -0.54540000 -0.83790000 0.02040000
vn -0.16110000 -0.98650000 -0.02840000
vn -0.14400000 0.07430000 0.98680000
vn -0.17540000 0.08150000 0.98110000
vn -0.60570000 -0.79570000 0.00010000
vn -0.23390000 -0.97230000 -0.00000000
vn -0.90910000 -0.41660000 -0.00000000
vn -0.97810000 -0.20830000 -0.00000000
vn -0.07210000 0.06600000 0.99520000
vn 0.03750000 0.05940000 0.99750000
vn -0.87730000 -0.47960000 0.01860000
vn -0.90910000 -0.41660000 -0.00000000
vn -0.77860000 -0.62750000 -0.00000000
vn -0.11800000 0.07080000 0.99050000
vn -0.07210000 0.06600000 0.99520000
vn -0.77860000 -0.62750000 -0.00000000
vn -0.11800000 0.07080000 0.99050000
vn -0.14400000 0.07430000 0.98680000
vn -0.60570000 -0.79570000 0.00010000
vn -0.22850000 0.00600000 0.97350000
vn 0.98430000 0.17670000 -0.00000000
vn 0.99760000 0.06750000 0.01700000
vn -0.22830000 0.00240000 0.97360000
vn 0.87750000 0.47960000 -0.00000000
vn 0.98430000 0.17670000 -0.00000000
vn 0.93070000 0.36000000 0.06500000
vn 0.16120000 0.98690000 -0.00490000
vn 0.17580000 0.98440000 -0.00000000
vn -0.20360000 -0.05580000 0.97750000
vn -0.17780000 -0.06140000 0.98210000
vn -0.21630000 -0.02920000 0.97590000
vn 0.51610000 0.85650000 0.00520000
vn -0.21020000 -0.04300000 0.97670000
vn -0.22870000 -0.01600000 0.97340000
vn 0.81940000 0.57320000 -0.00000000
vn 0.93070000 0.36000000 0.06500000
vn -0.22730000 -0.00350000 0.97380000
vn 0.54570000 0.83800000 0.00030000
vn 0.68810000 0.72040000 0.08710000
vn 0.81940000 0.57320000 -0.00000000
vn -0.22730000 -0.01550000 0.97370000
vn 0.68810000 0.72040000 0.08710000
vn 0.51610000 0.85650000 0.00520000
vn -0.21630000 -0.02920000 0.97590000
vn -0.22300000 -0.02160000 0.97460000
vn -0.22810000 0.02110000 0.97340000
vn 0.94570000 -0.32510000 -0.00000000
vn 0.99030000 -0.13870000 -0.00000000
vn 0.99950000 0.00420000 0.03100000
vn 0.99030000 -0.13870000 -0.00000000
vn -0.23410000 0.01250000 0.97210000
vn -0.22870000 0.00900000 0.97350000
vn 0.99950000 -0.00240000 0.03280000
vn 0.99760000 0.06750000 0.01700000
vn 0.83760000 -0.54630000 0.00010000
vn 0.88330000 -0.46790000 0.02880000
vn -0.21950000 0.04180000 0.97470000
vn -0.23460000 0.03770000 0.97140000
vn 0.94570000 -0.32510000 -0.00000000
vn -0.22840000 0.02170000 0.97330000
vn 0.70150000 -0.71270000 -0.00000000
vn 0.83760000 -0.54630000 0.00010000
vn -0.22530000 0.04180000 0.97340000
vn 0.50560000 -0.86280000 -0.00030000
vn -0.22080000 0.05930000 0.97350000
vn -0.19140000 0.06340000 0.97950000
vn 0.70150000 -0.71270000 -0.00000000
vn -0.22450000 0.04280000 0.97350000
vn 0.55620000 -0.83080000 0.02150000
vn -0.22080000 0.05930000 0.97350000
vn -0.21150000 0.07650000 0.97440000
vn -0.16310000 0.07900000 0.98340000
vn 0.50560000 -0.86280000 -0.00030000
vn 0.28480000 -0.95860000 -0.00010000
vn 0.28480000 -0.95860000 -0.00010000
vn 0.12050000 -0.99270000 -0.00000000
vn 0.17380000 -0.98470000 0.01110000
vn -0.20070000 0.07710000 0.97660000
vn 0.02570000 0.08900000 0.99570000
vn 0.03930000 0.17030000 0.98460000
vn 0.05620000 0.16980000 0.98390000
vn 0.01930000 0.18060000 0.98340000
vn 0.68010000 -0.73320000 -0.00030000
vn 0.03450000 0.17270000 0.98440000
vn 0.00220000 0.09420000 0.99560000
vn 0.02520000 0.08900000 0.99570000
vn 0.00320000 0.17790000 0.98400000
vn -0.01460000 0.17670000 0.98410000
vn -0.03890000 0.12600000 0.99130000
vn -0.00390000 0.06430000 0.99790000
vn 0.02530000 0.08900000 0.99570000
vn 0.68010000 -0.73310000 -0.00020000
vn 0.08700000 -0.03090000 0.99570000
vn -0.68010000 0.73310000 -0.00050000
vn 0.06660000 -0.04970000 0.99650000
vn 0.06870000 0.01510000 0.99750000
vn 0.11910000 -0.01470000 0.99280000
vn 0.12040000 0.02890000 0.99230000
vn 0.06660000 -0.04970000 0.99650000
vn 0.19820000 -0.04150000 0.97930000
vn 0.06870000 0.01510000 0.99750000
vn -0.68020000 0.73310000 -0.00350000
vn 0.06870000 0.01510000 0.99750000
vn 0.19820000 -0.04150000 0.97930000
vn 0.03300000 0.17350000 0.98430000
vn 0.01360000 0.17770000 0.98400000
vn 0.01340000 0.17840000 0.98390000
vn 0.03810000 0.17090000 0.98450000
vn 0.05620000 0.16980000 0.98390000
vn 0.08680000 0.17930000 0.98000000
vn 0.05620000 0.16980000 0.98390000
vn 0.01930000 0.18060000 0.98340000
vn 0.08680000 0.17930000 0.98000000
vn 0.10360000 0.17190000 0.97970000
vn 0.01930000 0.18060000 0.98340000
vn 0.68010000 -0.73310000 -0.00000000
vn -0.03740000 -0.99930000 -0.00000000
vn 0.10510000 0.17170000 0.97950000
vn 0.08680000 0.17930000 0.98000000
vn 0.13340000 0.16180000 0.97780000
vn 0.11120000 0.17170000 0.97880000
vn -0.03750000 -0.99930000 -0.00000000
vn 0.13390000 0.16140000 0.97780000
vn 0.11320000 0.17190000 0.97860000
vn -0.99930000 0.03750000 -0.00000000
vn -0.03750000 -0.99930000 -0.00000000
vn 0.13930000 0.16210000 0.97690000
vn 0.15170000 0.12210000 0.98090000
vn 0.17640000 0.14090000 0.97420000
vn 0.14040000 0.16240000 0.97670000
vn 0.17640000 0.14090000 0.97420000
vn 0.15930000 0.14140000 0.97700000
vn 0.17660000 0.06900000 0.98190000
vn 0.15170000 0.12210000 0.98090000
vn 0.03040000 0.06000000 0.99770000
vn -0.07750000 0.06050000 0.99520000
vn 0.17640000 0.14090000 0.97420000
vn 0.16370000 0.09120000 0.98230000
vn 0.23350000 0.05250000 0.97090000
vn 0.18350000 0.12430000 0.97510000
vn 0.15930000 0.14140000 0.97700000
vn 0.15780000 0.06550000 0.98530000
vn 0.13590000 0.06300000 0.98870000
vn 0.10230000 0.06120000 0.99290000
vn 0.19080000 0.07280000 0.97890000
vn 0.15930000 0.14140000 0.97700000
vn 0.18350000 0.12430000 0.97510000
vn 0.18910000 0.07310000 0.97920000
vn 0.15490000 0.07750000 0.98490000
vn 0.18350000 0.12430000 0.97510000
vn 0.16200000 -0.00320000 0.98680000
vn 0.23350000 0.05250000 0.97090000
vn 0.15450000 -0.04730000 0.98690000
vn 0.22290000 -0.06670000 0.97250000
vn 0.02370000 -0.06000000 0.99790000
vn -0.07750000 0.06050000 0.99520000
vn 0.12040000 0.02890000 0.99230000
vn 0.11910000 -0.01470000 0.99280000
vn 0.78480000 0.05540000 0.61730000
vn 0.21800000 0.03060000 0.97550000
vn 0.21400000 0.04370000 0.97590000
vn 0.22710000 0.02030000 0.97370000
vn 0.18750000 0.06480000 0.98010000
vn 0.20610000 0.04790000 0.97730000
vn 0.18750000 0.06480000 0.98010000
vn 0.15490000 0.07750000 0.98490000
vn 0.23100000 0.01630000 0.97280000
vn 0.78480000 0.05540000 0.61730000
vn 0.22890000 0.00480000 0.97340000
vn 0.22920000 -0.00070000 0.97340000
vn 0.22650000 -0.01460000 0.97390000
vn 0.16370000 0.09120000 0.98230000
vn 0.15170000 0.12210000 0.98090000
vn -0.99930000 0.03750000 -0.00010000
vn -0.68010000 0.73310000 -0.00000000
vn 0.12040000 0.02890000 0.99230000
vn 0.16370000 0.09120000 0.98230000
vn 0.23350000 0.05250000 0.97090000
vn 0.19820000 -0.04150000 0.97930000
vn -0.99930000 0.03770000 -0.00000000
vn 0.16670000 -0.14420000 0.97540000
vn 0.18150000 -0.11950000 0.97610000
vn 0.18150000 -0.11950000 0.97610000
vn 0.15780000 -0.07640000 0.98450000
vn 0.17560000 -0.07910000 0.98130000
vn 0.21010000 -0.07400000 0.97490000
vn 0.11200000 -0.06780000 0.99140000
vn 0.17450000 -0.15990000 0.97160000
vn 0.22290000 -0.06670000 0.97250000
vn 0.14530000 -0.07180000 0.98680000
vn 0.06710000 -0.06320000 0.99570000
vn 0.13530000 -0.15240000 0.97900000
vn 0.16670000 -0.14420000 0.97540000
vn 0.18150000 -0.11950000 0.97610000
vn 0.02370000 -0.06000000 0.99790000
vn -0.06450000 -0.05530000 0.99640000
vn 0.17760000 -0.07980000 0.98090000
vn 0.14420000 -0.13310000 0.98060000
vn 0.15460000 -0.10310000 0.98260000
vn -0.02760000 -0.08780000 0.99580000
vn 0.73310000 0.68010000 -0.00040000
vn -0.00750000 -0.09000000 0.99590000
vn -0.00750000 -0.09000000 0.99590000
vn 0.03880000 -0.12610000 0.99130000
vn -0.00320000 -0.17790000 0.98400000
vn -0.03450000 -0.17280000 0.98440000
vn -0.02620000 -0.08940000 0.99570000
vn 0.01470000 -0.17670000 0.98410000
vn 0.73270000 0.68050000 -0.00320000
vn -0.00750000 -0.09000000 0.99590000
vn 0.03880000 -0.12610000 0.99130000
vn 0.73310000 0.68010000 -0.00040000
vn 0.02260000 -0.17430000 0.98440000
vn 0.03880000 -0.12610000 0.99130000
vn 0.08980000 -0.18990000 0.97770000
vn 0.03740000 0.99930000 -0.00000000
vn 0.03690000 -0.18120000 0.98280000
vn -0.01330000 -0.17840000 0.98390000
vn -0.00210000 -0.17800000 0.98400000
vn 0.01260000 -0.17740000 0.98410000
vn -0.00050000 -0.17790000 0.98400000
vn 0.02150000 -0.17470000 0.98440000
vn 0.03690000 -0.18120000 0.98280000
vn 0.08980000 -0.18990000 0.97770000
vn 0.06020000 -0.17430000 0.98280000
vn 0.03690000 -0.18120000 0.98280000
vn 0.03750000 0.99930000 -0.00000000
vn 0.08980000 -0.18990000 0.97770000
vn 0.09030000 -0.18050000 0.97940000
vn 0.12080000 -0.17360000 0.97740000
vn 0.06020000 -0.17430000 0.98280000
vn 0.15450000 -0.04730000 0.98690000
vn 0.15460000 -0.10310000 0.98260000
vn -0.73310000 -0.68010000 -0.00000000
vn 0.22290000 -0.06670000 0.97250000
vn -0.99930000 0.03740000 -0.00000000
vn -0.99930000 0.03750000 -0.00000000
vn 0.15460000 -0.10310000 0.98260000
vn 0.14420000 -0.13310000 0.98060000
vn 0.14420000 -0.13310000 0.98060000
vn 0.11750000 -0.17240000 0.97800000
vn 0.03750000 0.99930000 -0.00000000
vn -0.99930000 0.03750000 -0.00000000
vn 0.17450000 -0.15990000 0.97160000
vn -0.73310000 -0.68010000 0.00010000
vn 0.15450000 -0.04730000 0.98690000
vn 0.08700000 -0.03090000 0.99570000
vn 0.11910000 -0.01470000 0.99280000
vn 0.06660000 -0.04970000 0.99650000
vn -0.68020000 0.73300000 -0.00040000
vn -0.73310000 -0.68010000 -0.00000000
vn 0.08700000 -0.03090000 0.99570000
vn 0.23030000 -0.01800000 0.97290000
vn 0.21360000 -0.04070000 0.97610000
vn 0.21360000 -0.04070000 0.97610000
vn 0.22770000 -0.03970000 0.97290000
vn 0.18570000 -0.06150000 0.98070000
vn 0.18570000 -0.06150000 0.98070000
vn 0.15780000 -0.07640000 0.98450000
vn 0.22200000 -0.05670000 0.97340000
vn 0.06020000 -0.17430000 0.98280000
vn 0.09030000 -0.18050000 0.97940000
vn 0.12060000 -0.17250000 0.97760000
vn 0.09030000 -0.18050000 0.97940000
vn 0.11680000 -0.17240000 0.97810000
vn 0.13530000 -0.15240000 0.97900000
vn 0.17450000 -0.15990000 0.97160000
vn 0.13530000 -0.15240000 0.97900000
vn 0.16670000 -0.14420000 0.97540000
vn -0.11890000 0.02240000 0.99270000
vn -0.22330000 0.06670000 0.97250000
vn -0.16220000 0.04940000 0.98550000
vn -0.23350000 -0.05250000 0.97090000
vn -0.08670000 -0.05700000 0.99460000
vn -0.16180000 0.00620000 0.98680000
vn -0.12040000 -0.02890000 0.99230000
vn 0.16070000 0.05180000 0.98560000
vn -0.13540000 0.01360000 0.99070000
vn 0.68000000 -0.73320000 -0.00000000
vn -0.02260000 0.17430000 0.98440000
vn -0.06420000 0.18590000 0.98050000
vn -0.09030000 0.18050000 0.97940000
vn -0.12300000 0.15680000 0.98000000
vn -0.03890000 0.12600000 0.99130000
vn -0.11480000 0.12380000 0.98560000
vn -0.03700000 0.18150000 0.98270000
vn -0.73320000 -0.68000000 -0.00000000
vn -0.07210000 0.06600000 0.99520000
vn 0.03750000 0.05940000 0.99750000
vn -0.16670000 0.14420000 0.97540000
vn -0.12300000 0.15680000 0.98000000
vn -0.17550000 0.08160000 0.98110000
vn -0.22330000 0.06670000 0.97250000
vn -0.11480000 0.12380000 0.98560000
vn -0.13530000 0.15240000 0.97900000
vn -0.09820000 0.14510000 0.98450000
vn -0.14400000 0.07430000 0.98680000
vn -0.11800000 0.07080000 0.99050000
vn 0.16070000 0.05180000 0.98560000
vn -0.18150000 0.11950000 0.97610000
vn -0.11480000 0.12380000 0.98560000
vn -0.22330000 0.06670000 0.97250000
vn -0.16220000 0.04940000 0.98550000
vn 0.67990000 -0.73330000 0.00020000
vn -0.16220000 0.04940000 0.98550000
vn -0.11230000 0.02710000 0.99330000
vn 0.73310000 0.68010000 0.00050000
vn -0.12040000 -0.02890000 0.99230000
vn -0.19820000 0.04150000 0.97930000
vn -0.06870000 -0.01510000 0.99750000
vn -0.11830000 0.02280000 0.99270000
vn -0.06810000 0.00500000 0.99770000
vn -0.10990000 0.02880000 0.99350000
vn -0.68010000 0.73310000 -0.00000000
vn 0.73300000 0.68020000 -0.00010000
vn -0.06580000 0.00900000 0.99780000
vn -0.03830000 0.04350000 0.99830000
vn 0.02520000 0.08890000 0.99570000
vn 0.00220000 0.09420000 0.99560000
vn -0.73320000 -0.68010000 -0.00000000
vn -0.68000000 0.73330000 0.00010000
vn -0.00390000 0.06430000 0.99790000
vn -0.73310000 -0.68010000 0.00040000
vn -0.03890000 0.12600000 0.99130000
vn 0.00220000 0.09420000 0.99560000
vn -0.06870000 -0.01510000 0.99750000
vn 0.68010000 -0.73310000 -0.00030000
vn -0.06690000 0.00590000 0.99770000
vn -0.02920000 0.02930000 0.99910000
vn 0.68010000 -0.73310000 -0.00010000
vn -0.06470000 0.00790000 0.99790000
vn -0.02920000 0.02930000 0.99910000
vn -0.06400000 0.00840000 0.99790000
vn -0.03830000 0.04350000 0.99830000
vn -0.68010000 0.73310000 0.00010000
vn 0.68000000 -0.73320000 0.00050000
vn -0.03830000 0.04350000 0.99830000
vn -0.02920000 0.02930000 0.99910000
vn -0.00390000 0.06430000 0.99790000
vn 0.00210000 0.17800000 0.98400000
vn -0.03700000 0.18150000 0.98270000
vn -0.06420000 0.18590000 0.98050000
vn -0.02150000 0.17470000 0.98440000
vn -0.03700000 0.18150000 0.98270000
vn -0.01260000 0.17740000 0.98410000
vn 0.00050000 0.17790000 0.98400000
vn -0.22600000 0.00720000 0.97410000
vn -0.21950000 0.04180000 0.97470000
vn -0.23080000 0.01840000 0.97280000
vn -0.19140000 0.06340000 0.97950000
vn -0.21950000 0.04180000 0.97470000
vn -0.22570000 0.04180000 0.97330000
vn -0.16310000 0.07900000 0.98340000
vn -0.22080000 0.05930000 0.97350000
vn -0.19140000 0.06340000 0.97950000
vn -0.21020000 0.07650000 0.97470000
vn -0.17600000 0.08190000 0.98100000
vn -0.16310000 0.07900000 0.98340000
vn -0.18150000 0.11950000 0.97610000
vn -0.16670000 0.14420000 0.97540000
vn -0.18150000 0.11950000 0.97610000
vn -0.13530000 0.15240000 0.97900000
vn -0.16670000 0.14420000 0.97540000
vn -0.09030000 0.18050000 0.97940000
vn -0.06420000 0.18590000 0.98050000
vn -0.09820000 0.14510000 0.98450000
vn -0.12300000 0.15680000 0.98000000
vn -0.09030000 0.18050000 0.97940000
vn -0.13530000 0.15240000 0.97900000
vn -0.09820000 0.14510000 0.98450000
vn -0.19820000 0.04150000 0.97930000
vn 0.68020000 -0.73310000 -0.00340000
vn -0.06870000 -0.01510000 0.99750000
vn -0.01360000 -0.17770000 0.98400000
vn -0.03310000 -0.17350000 0.98430000
vn -0.03790000 -0.17110000 0.98450000
vn -0.05630000 -0.17000000 0.98380000
vn -0.01980000 -0.18060000 0.98340000
vn -0.68010000 0.73310000 -0.00000000
vn -0.05630000 -0.17000000 0.98380000
vn -0.02860000 -0.08670000 0.99580000
vn -0.03890000 -0.17050000 0.98460000
vn -0.05630000 -0.17000000 0.98380000
vn -0.08680000 -0.17930000 0.97990000
vn -0.01980000 -0.18060000 0.98340000
vn -0.08680000 -0.17930000 0.97990000
vn -0.01980000 -0.18060000 0.98340000
vn 0.03770000 0.99930000 -0.00000000
vn -0.10350000 -0.17190000 0.97970000
vn -0.68020000 0.73310000 -0.00000000
vn -0.08680000 -0.17930000 0.97990000
vn -0.10510000 -0.17160000 0.97950000
vn -0.13340000 -0.16180000 0.97780000
vn 0.03750000 0.99930000 -0.00000000
vn -0.11120000 -0.17170000 0.97890000
vn -0.13400000 -0.16130000 0.97780000
vn -0.11300000 -0.17170000 0.97870000
vn -0.17640000 -0.14090000 0.97420000
vn -0.15180000 -0.12210000 0.98080000
vn 0.03750000 0.99930000 -0.00000000
vn -0.13930000 -0.16200000 0.97690000
vn -0.14040000 -0.16240000 0.97670000
vn -0.17640000 -0.14090000 0.97420000
vn -0.15930000 -0.14140000 0.97700000
vn -0.12600000 -0.06010000 0.99020000
vn -0.05070000 -0.05740000 0.99710000
vn -0.10920000 -0.05930000 0.99220000
vn -0.15930000 -0.14140000 0.97700000
vn -0.18350000 -0.12430000 0.97510000
vn -0.08670000 -0.05700000 0.99460000
vn -0.15110000 -0.06200000 0.98660000
vn -0.17230000 -0.06570000 0.98280000
vn -0.23350000 -0.05250000 0.97090000
vn -0.19120000 -0.06990000 0.97910000
vn -0.16410000 -0.09120000 0.98220000
vn -0.17640000 -0.14090000 0.97420000
vn -0.15180000 -0.12210000 0.98080000
vn -0.15930000 -0.14140000 0.97700000
vn -0.18350000 -0.12430000 0.97510000
vn -0.18660000 -0.07070000 0.97990000
vn -0.18350000 -0.12430000 0.97510000
vn -0.15050000 -0.07530000 0.98570000
vn -0.22510000 -0.01950000 0.97410000
vn -0.21630000 -0.02920000 0.97590000
vn -0.21020000 -0.04300000 0.97670000
vn -0.17780000 -0.06140000 0.98210000
vn -0.15050000 -0.07530000 0.98570000
vn -0.20360000 -0.05580000 0.97750000
vn -0.21020000 -0.04300000 0.97670000
vn -0.17780000 -0.06140000 0.98210000
vn -0.22840000 -0.01610000 0.97340000
vn -0.22720000 -0.00260000 0.97380000
vn -0.22770000 0.00420000 0.97370000
vn -0.16410000 -0.09120000 0.98220000
vn 0.99930000 -0.03750000 -0.00000000
vn -0.15180000 -0.12210000 0.98080000
vn -0.19820000 0.04150000 0.97930000
vn -0.23350000 -0.05250000 0.97090000
vn -0.12040000 -0.02890000 0.99230000
vn 0.99930000 -0.03740000 -0.00000000
vn -0.16410000 -0.09120000 0.98220000
vn 0.68010000 -0.73310000 -0.00030000
vn -0.02950000 -0.08570000 0.99590000
vn -0.68010000 0.73310000 -0.00030000
vn 0.73310000 0.68010000 -0.00000000
vn -0.03770000 -0.99930000 -0.00010000
vn 0.03270000 0.14610000 0.98870000
vn 0.07210000 0.11100000 0.99120000
vn 0.11720000 0.09440000 0.98860000
vn 0.68010000 -0.73310000 -0.00000000
vn 0.04310000 0.06560000 0.99690000
vn 0.03270000 0.14610000 0.98870000
vn 0.68010000 -0.73320000 -0.00010000
vn 0.68000000 -0.73320000 -0.00030000
vn 0.04710000 0.02850000 0.99850000
vn 0.07020000 0.02280000 0.99730000
vn 0.04310000 0.06560000 0.99690000
vn 0.04710000 0.02850000 0.99850000
vn 0.68030000 -0.73290000 -0.00030000
vn 0.01620000 0.02960000 0.99940000
vn 0.68010000 -0.73310000 -0.00030000
vn 0.01620000 0.02960000 0.99940000
vn -0.00330000 0.02390000 0.99970000
vn -0.03200000 -0.04800000 0.99830000
vn -0.03080000 -0.01470000 0.99940000
vn 0.68010000 -0.73310000 -0.00000000
vn -0.03080000 -0.01470000 0.99940000
vn 0.68010000 -0.73310000 -0.00010000
vn -0.02280000 0.00820000 0.99970000
vn -0.01230000 0.01790000 0.99980000
vn -0.02280000 0.00820000 0.99970000
vn 0.68000000 -0.73320000 0.00090000
vn -0.01100000 0.01680000 0.99980000
vn 0.68000000 -0.73320000 0.00130000
vn 0.11310000 0.10130000 0.98840000
vn -0.99930000 0.03750000 0.00010000
vn 0.08560000 0.11060000 0.99020000
vn -0.03750000 -0.99930000 -0.00010000
vn 0.08560000 0.11060000 0.99020000
vn -0.99930000 0.03770000 0.00010000
vn -0.68010000 0.73310000 -0.00000000
vn 0.10730000 0.03340000 0.99370000
vn 0.09740000 0.05450000 0.99370000
vn -0.68050000 0.73270000 -0.00260000
vn 0.04130000 0.03500000 0.99850000
vn -0.68010000 0.73310000 -0.00010000
vn 0.10730000 0.03340000 0.99370000
vn 0.02320000 0.09200000 0.99550000
vn 0.03200000 0.04810000 0.99830000
vn -0.68010000 0.73310000 -0.00070000
vn 0.02320000 0.09200000 0.99550000
vn 0.02860000 -0.04660000 0.99850000
vn 0.03200000 0.04810000 0.99830000
vn -0.73310000 -0.68010000 -0.00000000
vn -0.68010000 0.73320000 -0.00040000
vn 0.08560000 0.11060000 0.99020000
vn 0.11600000 0.09880000 0.98830000
vn 0.10090000 0.05970000 0.99310000
vn -0.68070000 0.73260000 -0.00400000
vn 0.78480000 0.05540000 0.61730000
vn 0.02280000 -0.07020000 0.99730000
vn 0.06520000 -0.04340000 0.99690000
vn -0.73310000 -0.68010000 -0.00030000
vn 0.02860000 -0.04660000 0.99850000
vn 0.14600000 -0.03280000 0.98870000
vn 0.06520000 -0.04340000 0.99690000
vn -0.73320000 -0.68010000 -0.00030000
vn 0.11100000 -0.07210000 0.99120000
vn -0.73310000 -0.68010000 -0.00000000
vn -0.99930000 0.03740000 -0.00000000
vn 0.14600000 -0.03280000 0.98870000
vn 0.09450000 -0.11720000 0.98860000
vn 0.03750000 0.99930000 -0.00000000
vn 0.11060000 -0.08560000 0.99020000
vn -0.99930000 0.03750000 -0.00000000
vn 0.10140000 -0.11320000 0.98840000
vn 0.03740000 0.99930000 -0.00000000
vn 0.11060000 -0.08560000 0.99020000
vn 0.73320000 0.68000000 -0.00000000
vn 0.05510000 -0.09880000 0.99360000
vn 0.03360000 -0.10720000 0.99370000
vn 0.73260000 0.68070000 -0.00360000
vn 0.03360000 -0.10720000 0.99370000
vn 0.03510000 -0.04120000 0.99850000
vn 0.09190000 -0.02320000 0.99550000
vn 0.73310000 0.68010000 -0.00030000
vn 0.73310000 0.68010000 -0.00080000
vn 0.09190000 -0.02320000 0.99550000
vn 0.04800000 -0.03200000 0.99830000
vn -0.68010000 0.73310000 -0.00000000
vn 0.73320000 0.68010000 -0.00000000
vn 0.04800000 -0.03200000 0.99830000
vn -0.04700000 -0.02850000 0.99850000
vn 0.73260000 0.68070000 -0.00350000
vn 0.05960000 -0.10090000 0.99310000
vn 0.11060000 -0.08560000 0.99020000
vn 0.09880000 -0.11600000 0.98830000
vn 0.68050000 -0.73280000 -0.00260000
vn -0.10730000 -0.03350000 0.99370000
vn -0.09740000 -0.05460000 0.99370000
vn -0.02320000 -0.09200000 0.99550000
vn 0.68020000 -0.73310000 -0.00010000
vn -0.10730000 -0.03350000 0.99370000
vn -0.04130000 -0.03510000 0.99850000
vn -0.03200000 -0.04800000 0.99830000
vn -0.02320000 -0.09200000 0.99550000
vn 0.68010000 -0.73310000 -0.00050000
vn -0.08560000 -0.11060000 0.99020000
vn 0.68060000 -0.73260000 -0.00380000
vn -0.10090000 -0.05970000 0.99310000
vn -0.11600000 -0.09880000 0.98830000
vn 0.68010000 -0.73310000 -0.00000000
vn -0.08560000 -0.11060000 0.99020000
vn 0.99930000 -0.03740000 -0.00000000
vn -0.07620000 0.11250000 0.99070000
vn 0.68000000 -0.73320000 -0.00000000
vn -0.10160000 0.11070000 0.98860000
vn -0.73320000 -0.68000000 -0.00000000
vn 0.67980000 -0.73340000 0.00020000
vn -0.11040000 0.05690000 0.99230000
vn -0.10160000 0.11070000 0.98860000
vn 0.73320000 0.68010000 0.00010000
vn -0.11040000 0.05750000 0.99220000
vn -0.04010000 0.07570000 0.99630000
vn -0.07620000 0.11250000 0.99070000
vn -0.73310000 -0.68010000 -0.00000000
vn -0.03730000 0.09930000 0.99440000
vn -0.04010000 0.07570000 0.99630000
vn -0.67990000 0.73330000 -0.00000000
vn -0.73320000 -0.68010000 -0.00000000
vn -0.03730000 0.09930000 0.99440000
vn -0.68000000 0.73320000 0.00020000
vn -0.04690000 0.04720000 0.99780000
vn -0.04650000 0.04720000 0.99780000
vn 0.73300000 0.68020000 -0.00000000
vn -0.68010000 0.73310000 -0.00000000
vn -0.11040000 0.05730000 0.99220000
vn -0.04610000 0.04710000 0.99780000
vn 0.73310000 0.68010000 0.00010000
vn -0.04320000 -0.06540000 0.99690000
vn -0.04700000 -0.02850000 0.99850000
vn -0.68010000 0.73310000 -0.00000000
vn -0.07030000 -0.02280000 0.99730000
vn -0.03290000 -0.14590000 0.98880000
vn -0.04320000 -0.06540000 0.99690000
vn -0.68010000 0.73310000 -0.00020000
vn -0.68020000 0.73310000 0.00010000
vn -0.11720000 -0.09450000 0.98860000
vn -0.07200000 -0.11100000 0.99120000
vn 0.03770000 0.99930000 -0.00010000
vn -0.03290000 -0.14590000 0.98880000
vn -0.08560000 -0.11060000 0.99020000
vn 0.03750000 0.99930000 -0.00010000
vn -0.11330000 -0.10130000 0.98840000
vn 0.99930000 -0.03750000 -0.00000000
vn 0.03200000 0.04810000 0.99830000
vn 0.03300000 -0.04210000 0.99860000
vn 0.02320000 0.09200000 0.99550000
vn 0.09190000 -0.02320000 0.99550000
vn -0.07030000 -0.02280000 0.99730000
vn -0.02280000 0.00820000 0.99970000
vn -0.01090000 0.01850000 0.99980000
vn -0.03200000 -0.04800000 0.99830000
vn -0.03300000 -0.03920000 0.99870000
vn -0.02320000 -0.09200000 0.99550000
vn 0.04710000 0.02850000 0.99850000
vn -0.04700000 -0.02850000 0.99850000
vn 0.02280000 -0.07020000 0.99730000
vn -0.04210000 -0.03300000 0.99860000
vn 0.04800000 -0.03200000 0.99830000
vn -0.03080000 -0.01470000 0.99940000
vn 0.02860000 -0.04660000 0.99850000
vn 0.01620000 0.02960000 0.99940000
vn 0.07020000 0.02280000 0.99730000
vn 0.03920000 -0.03300000 0.99870000
vn 0.03300000 0.03920000 0.99870000
vn 0.04210000 0.03300000 0.99860000
vn 0.10730000 0.03340000 0.99370000
vn 0.04170000 0.03480000 0.99850000
vn 0.09810000 0.05380000 0.99370000
vn 0.04530000 0.02480000 0.99870000
vn 0.11580000 0.09890000 0.98830000
vn 0.03790000 0.03510000 0.99870000
vn 0.10010000 0.05820000 0.99330000
vn 0.03300000 0.03920000 0.99870000
vn 0.11620000 0.09590000 0.98860000
vn 0.07210000 0.11100000 0.99120000
vn 0.07020000 0.02280000 0.99730000
vn 0.02810000 0.04330000 0.99870000
vn 0.03270000 0.14610000 0.98870000
vn 0.04310000 0.06560000 0.99690000
vn 0.07210000 0.11100000 0.99120000
vn 0.03490000 -0.04170000 0.99850000
vn 0.03360000 -0.10720000 0.99370000
vn 0.05350000 -0.09770000 0.99380000
vn 0.05810000 -0.10030000 0.99330000
vn 0.09920000 -0.11610000 0.98830000
vn 0.02480000 -0.04530000 0.99870000
vn 0.03510000 -0.03790000 0.99870000
vn 0.03920000 -0.03300000 0.99870000
vn 0.09590000 -0.11620000 0.98860000
vn 0.11100000 -0.07210000 0.99120000
vn 0.04330000 -0.02810000 0.99870000
vn 0.11100000 -0.07210000 0.99120000
vn 0.14600000 -0.03280000 0.98870000
vn 0.02280000 -0.07020000 0.99730000
vn 0.06520000 -0.04340000 0.99690000
vn -0.10730000 -0.03350000 0.99370000
vn -0.04170000 -0.03490000 0.99850000
vn -0.09810000 -0.05370000 0.99370000
vn -0.03790000 -0.03510000 0.99870000
vn -0.04530000 -0.02480000 0.99870000
vn -0.11620000 -0.09950000 0.98820000
vn -0.10010000 -0.05820000 0.99330000
vn -0.07200000 -0.11100000 0.99120000
vn -0.03300000 -0.03920000 0.99870000
vn -0.11620000 -0.09600000 0.98860000
vn -0.07200000 -0.11100000 0.99120000
vn -0.07030000 -0.02280000 0.99730000
vn -0.02810000 -0.04330000 0.99870000
vn -0.04320000 -0.06540000 0.99690000
vn -0.03290000 -0.14590000 0.98880000
vn -0.10160000 0.11070000 0.98860000
vn -0.11040000 0.05730000 0.99220000
vn -0.03730000 0.09930000 0.99440000
vn -0.04610000 0.04710000 0.99780000
vn -0.04010000 0.07570000 0.99630000
vn -0.07620000 0.11250000 0.99070000
vn -0.00000000 0.15650000 -0.98770000
vn -0.00000000 -0.15650000 -0.98770000
vn -0.00000000 -0.15650000 -0.98770000
vn -0.00000000 0.15650000 -0.98770000
vn -1.00000000 -0.00000000 -0.00000000
vn -0.00000000 0.45400000 -0.89100000
vn -1.00000000 -0.00000000 -0.00000000
vn -0.00000000 0.15650000 -0.98770000
vn -0.00000000 0.45400000 -0.89100000
vn -0.00000000 0.15650000 -0.98770000
vn -1.00000000 -0.00000000 -0.00000000
vn -0.00000000 0.45400000 -0.89100000
vn -0.00000000 0.61680000 -0.78710000
vn -0.00000000 0.45400000 -0.89100000
vn -0.00000000 0.61680000 -0.78710000
vn 0.00530000 0.70710000 -0.70710000
vn 0.00530000 0.70710000 -0.70710000
vn -0.00000000 0.61680000 -0.78710000
vn -0.00000000 0.73230000 -0.68100000
vn -1.00000000 -0.00000000 -0.00000000
vn 0.00690000 0.89100000 -0.45400000
vn -0.00000000 0.86370000 -0.50400000
vn -0.00000000 0.73230000 -0.68100000
vn 0.00530000 0.70710000 -0.70710000
vn -0.00000000 0.86370000 -0.50400000
vn -0.00000000 0.73230000 -0.68100000
vn -1.00000000 0.00010000 0.00050000
vn -0.00000000 0.86370000 -0.50400000
vn 0.00690000 0.89100000 -0.45400000
vn -1.00000000 -0.00000000 -0.00000000
vn -0.00000000 0.93190000 -0.36260000
vn 0.00490000 0.98770000 -0.15650000
vn -0.00000000 0.96060000 -0.27800000
vn -0.00000000 0.93190000 -0.36260000
vn 0.00690000 0.89100000 -0.45400000
vn -1.00000000 -0.00000000 -0.00000000
vn -0.00000000 0.99910000 -0.04160000
vn 0.00630000 0.98610000 -0.16590000
vn 0.00590000 0.98770000 0.15650000
vn -0.00000000 0.99910000 -0.04160000
vn -0.00000000 0.99910000 0.04160000
vn 0.00590000 0.98660000 -0.16330000
vn 0.00520000 0.98730000 -0.15880000
vn -0.00000000 0.96060000 -0.27800000
vn -1.00000000 -0.00000000 -0.00000000
vn -0.00000000 0.96060000 -0.27800000
vn -1.00000000 -0.00000000 -0.00000000
vn -0.00000000 0.93190000 -0.36260000
vn 0.00450000 0.98610000 0.16590000
vn -1.00000000 -0.00000000 -0.00000000
vn -0.00000000 0.96060000 0.27800000
vn 0.00690000 0.89100000 0.45390000
vn -0.00000000 0.93190000 0.36270000
vn 0.00490000 0.98660000 0.16340000
vn -0.00000000 0.96060000 0.27800000
vn -0.00000000 0.99910000 0.04160000
vn -1.00000000 -0.00000000 -0.00000000
vn 0.00550000 0.98730000 0.15880000
vn -0.00000000 0.99910000 0.04160000
vn -1.00000000 -0.00000000 -0.00000000
vn -0.00000000 0.99910000 -0.04160000
vn -1.00000000 -0.00000000 -0.00000000
vn -0.00000000 0.93190000 0.36270000
vn -0.00000000 0.96060000 0.27800000
vn -0.00000000 0.93190000 0.36270000
vn -1.00000000 -0.00000000 -0.00000000
vn 0.00690000 0.89100000 0.45390000
vn -0.00000000 0.86370000 0.50400000
vn -0.00000000 0.86370000 0.50400000
vn 0.00690000 0.89100000 0.45390000
vn -0.00000000 0.70710000 0.70710000
vn -0.00000000 0.70720000 0.70710000
vn -1.00000000 -0.00000000 -0.00000000
vn -0.00000000 0.86370000 0.50400000
vn -1.00000000 -0.00000000 -0.00000000
vn -0.00000000 0.70710000 0.70710000
vn -0.00000000 0.45390000 0.89100000
vn -0.00000000 0.70710000 0.70720000
vn -0.00000000 0.45400000 0.89100000
vn -1.00000000 -0.00000000 -0.00000000
vn -0.00000000 0.15650000 0.98770000
vn -0.00000000 0.45400000 0.89100000
vn -0.00000000 0.45400000 0.89100000
vn -0.00000000 0.15650000 0.98770000
vn -0.00000000 -0.15650000 0.98770000
vn -0.00000000 0.15650000 0.98770000
vn -1.00000000 -0.00000000 -0.00000000
vn -0.00000000 -0.15650000 0.98770000
vn -0.00000000 0.15650000 0.98770000
vn -0.00000000 -0.15650000 0.98770000
vn -0.00000000 -0.36440000 0.93130000
vn -0.00250000 -0.61660000 -0.78730000
vn -1.00000000 -0.00000000 -0.00000000
vn -0.00520000 -0.70070000 -0.71340000
vn -0.25260000 -0.70850000 -0.65900000
vn 0.01060000 -0.67960000 -0.73350000
vn -0.04780000 -0.45350000 -0.89000000
vn -0.00000000 -0.60060000 -0.79950000
vn -0.00250000 -0.61660000 -0.78730000
vn -1.00000000 -0.00000000 -0.00000000
vn -0.00000000 -0.52960000 -0.84830000
vn -0.00000000 -0.15650000 -0.98770000
vn -0.00000000 -0.36440000 -0.93130000
vn -0.00000000 -0.36440000 -0.93130000
vn -0.00340000 -0.40800000 -0.91300000
vn -1.00000000 -0.00000000 -0.00000000
vn -0.00000000 -0.15650000 -0.98770000
vn -0.00480000 -0.42290000 -0.90620000
vn -0.04780000 -0.45350000 -0.89000000
vn 0.00060000 -0.38960000 -0.92100000
vn -1.00000000 -0.00000000 -0.00000000
vn -0.00480000 -0.42290000 0.90620000
vn 0.00050000 -0.38960000 0.92100000
vn -0.00000000 -0.15650000 0.98770000
vn -0.00000000 -0.45400000 0.89100000
vn -0.00340000 -0.40800000 0.91300000
vn -0.00000000 -0.36440000 0.93130000
vn -0.10380000 -0.52380000 0.84550000
vn -0.36080000 -0.65950000 0.65950000
vn -0.01290000 -0.67870000 0.73430000
vn -0.00000000 -0.60040000 0.79970000
vn -0.00000000 -0.45400000 0.89100000
vn -1.00000000 -0.00000000 -0.00000000
vn -1.00000000 -0.00000000 -0.00000000
vn -0.36080000 -0.65950000 0.65950000
vn -1.00000000 -0.00020000 -0.00060000
vn -1.00000000 -0.00000000 -0.00000000
vn -0.25260000 -0.70850000 -0.65900000
vn -1.00000000 -0.00000000 -0.00000000
vn -1.00000000 -0.00000000 -0.00000000
vn -1.00000000 -0.00000000 -0.00000000
vn -1.00000000 -0.00000000 -0.00000000
vn -1.00000000 -0.00000000 -0.00000000
vn -1.00000000 -0.00000000 -0.00000000
vn -1.00000000 -0.00000000 -0.00000000
vn -1.00000000 -0.00000000 -0.00000000
vn -1.00000000 -0.00000000 -0.00000000
vn -1.00000000 -0.00000000 -0.00000000
f 3//3 7//7 14//14
f 14//14 7//7 16//16
f 2//2 13//13 19//19
f 5//5 20//20 25//25
f 32//32 34//34 36//36
f 22//22 40//40 23//23
f 28//28 41//41 44//44
f 28//28 44//44 49//49
f 47//47 45//45 29//29
f 47//47 29//29 56//56
f 52//52 31//31 38//38
f 1//1 57//57 8//8
f 8//8 57//57 63//63
f 68//68 17//17 6//6
f 70//70 76//76 80//80
f 67//67 11//11 84//84
f 79//79 88//88 71//71
f 75//75 90//90 92//92
f 69//69 91//91 96//96
f 95//95 93//93 85//85
f 98//98 86//86 101//101
f 104//104 87//87 10//10
f 35//35 107//107 110//110
f 114//114 37//37 118//118
f 118//118 37//37 35//35
f 118//118 35//35 122//122
f 122//122 35//35 110//110
f 122//122 110//110 124//124
f 115//115 117//117 129//129
f 54//54 39//39 116//116
f 113//113 128//128 53//53
f 55//55 131//131 136//136
f 51//51 135//135 46//46
f 48//48 133//133 140//140
f 50//50 141//141 24//24
f 27//27 137//137 59//59
f 26//26 58//58 4//4
f 62//62 60//60 142//142
f 142//142 60//60 146//146
f 9//9 65//65 152//152
f 12//12 154//154 102//102
f 103//103 151//151 155//155
f 105//105 158//158 100//100
f 97//97 159//159 162//162
f 99//99 161//161 72//72
f 74//74 163//163 168//168
f 73//73 167//167 77//77
f 82//82 78//78 166//166
f 166//166 171//171 82//82
f 82//82 171//171 174//174
f 82//82 174//174 177//177
f 147//147 61//61 138//138
f 147//147 138//138 183//183
f 181//181 139//139 132//132
f 181//181 132//132 184//184
f 185//185 134//134 127//127
f 185//185 127//127 190//190
f 189//189 130//130 119//119
f 189//189 119//119 120//120
f 123//123 112//112 195//195
f 188//188 121//121 126//126
f 125//125 193//193 191//191
f 192//192 194//194 200//200
f 192//192 200//200 187//187
f 186//186 204//204 205//205
f 186//186 205//205 180//180
f 182//182 207//207 212//212
f 182//182 212//212 149//149
f 209//209 199//199 219//219
f 220//220 222//222 210//210
f 208//208 223//223 226//226
f 206//206 227//227 214//214
f 211//211 225//225 230//230
f 215//215 229//229 231//231
f 111//111 109//109 196//196
f 197//197 108//108 235//235
f 198//198 236//236 203//203
f 201//201 237//237 238//238
f 202//202 240//240 217//217
f 245//245 145//145 213//213
f 213//213 145//145 148//148
f 64//64 144//144 246//246
f 64//64 246//246 150//150
f 153//153 248//248 251//251
f 153//153 251//251 156//156
f 157//157 252//252 257//257
f 157//157 257//257 164//164
f 160//160 258//258 169//169
f 160//160 169//169 165//165
f 175//175 170//170 261//261
f 173//173 259//259 265//265
f 264//264 260//260 256//256
f 263//263 255//255 269//269
f 270//270 253//253 276//276
f 274//274 254//254 249//249
f 275//275 250//250 282//282
f 280//280 247//247 143//143
f 280//280 143//143 243//243
f 283//283 178//178 172//172
f 176//176 266//266 284//284
f 287//287 262//262 267//267
f 286//286 268//268 291//291
f 289//289 271//271 277//277
f 288//288 273//273 295//295
f 293//293 272//272 281//281
f 294//294 278//278 298//298
f 299//299 279//279 242//242
f 297//297 244//244 302//302
f 216//216 232//232 241//241
f 241//241 232//232 300//300
f 306//306 310//310 317//317
f 317//317 310//310 319//319
f 304//304 315//315 323//323
f 305//305 321//321 328//328
f 331//331 337//337 340//340
f 322//322 342//342 330//330
f 325//325 344//344 345//345
f 325//325 345//345 348//348
f 351//351 346//346 332//332
f 351//351 332//332 358//358
f 353//353 334//334 339//339
f 303//303 360//360 311//311
f 311//311 360//360 367//367
f 370//370 320//320 312//312
f 372//372 379//379 384//384
f 368//368 313//313 386//386
f 381//381 391//391 375//375
f 371//371 390//390 393//393
f 373//373 394//394 399//399
f 398//398 396//396 387//387
f 397//397 385//385 407//407
f 406//406 388//388 308//308
f 336//336 408//408 413//413
f 415//415 338//338 420//420
f 420//420 338//338 336//336
f 420//420 336//336 422//422
f 422//422 336//336 413//413
f 422//422 413//413 426//426
f 418//418 419//419 429//429
f 355//355 341//341 417//417
f 416//416 432//432 354//354
f 357//357 430//430 435//435
f 356//356 438//438 352//352
f 350//350 434//434 440//440
f 349//349 441//441 327//327
f 326//326 442//442 361//361
f 329//329 362//362 307//307
f 365//365 359//359 445//445
f 445//445 359//359 448//448
f 314//314 366//366 455//455
f 309//309 456//456 403//403
f 405//405 453//453 461//461
f 404//404 458//458 400//400
f 401//401 459//459 463//463
f 402//402 464//464 374//374
f 377//377 465//465 470//470
f 376//376 469//469 380//380
f 382//382 378//378 467//467
f 467//467 473//473 382//382
f 382//382 473//473 474//474
f 382//382 474//474 481//481
f 451//451 363//363 443//443
f 451//451 443//443 482//482
f 485//485 439//439 437//437
f 485//485 437//437 487//487
f 489//489 436//436 431//431
f 489//489 431//431 490//490
f 493//493 433//433 421//421
f 493//493 421//421 423//423
f 427//427 414//414 496//496
f 491//491 424//424 425//425
f 428//428 498//498 492//492
f 494//494 495//495 505//505
f 494//494 505//505 488//488
f 486//486 502//502 511//511
f 486//486 511//511 484//484
f 483//483 512//512 513//513
f 483//483 513//513 450//450
f 507//507 501//501 522//522
f 519//519 524//524 509//509
f 508//508 523//523 526//526
f 510//510 527//527 515//515
f 517//517 528//528 532//532
f 514//514 531//531 533//533
f 412//412 409//409 500//500
f 497//497 410//410 537//537
f 499//499 538//538 503//503
f 504//504 539//539 540//540
f 506//506 542//542 521//521
f 543//543 446//446 518//518
f 518//518 446//446 449//449
f 364//364 444//444 550//550
f 364//364 550//550 452//452
f 454//454 552//552 556//556
f 454//454 556//556 457//457
f 460//460 557//557 563//563
f 460//460 563//563 466//466
f 462//462 561//561 472//472
f 462//462 472//472 468//468
f 476//476 471//471 560//560
f 475//475 562//562 568//568
f 564//564 559//559 558//558
f 567//567 553//553 569//569
f 572//572 554//554 579//579
f 575//575 555//555 549//549
f 576//576 548//548 582//582
f 580//580 551//551 447//447
f 580//580 447//447 544//544
f 586//586 479//479 477//477
f 478//478 565//565 585//585
f 589//589 566//566 573//573
f 588//588 570//570 590//590
f 593//593 571//571 578//578
f 592//592 574//574 594//594
f 596//596 577//577 583//583
f 597//597 584//584 599//599
f 598//598 581//581 547//547
f 600//600 545//545 602//602
f 516//516 534//534 546//546
f 546//546 534//534 604//604
f 608//608 616//616 617//617
f 617//617 616//616 620//620
f 609//609 618//618 623//623
f 607//607 626//626 628//628
f 633//633 637//637 643//643
f 624//624 645//645 632//632
f 627//627 644//644 647//647
f 627//627 647//647 650//650
f 651//651 649//649 634//634
f 651//651 634//634 656//656
f 657//657 635//635 641//641
f 606//606 665//665 611//611
f 611//611 665//665 668//668
f 671//671 622//622 615//615
f 676//676 681//681 684//684
f 672//672 610//610 691//691
f 685//685 694//694 674//674
f 675//675 693//693 696//696
f 679//679 695//695 700//700
f 699//699 697//697 687//687
f 701//701 690//690 707//707
f 708//708 688//688 614//614
f 639//639 713//713 714//714
f 720//720 642//642 723//723
f 723//723 642//642 639//639
f 723//723 639//639 726//726
f 726//726 639//639 714//714
f 726//726 714//714 730//730
f 719//719 722//722 735//735
f 655//655 640//640 717//717
f 718//718 733//733 658//658
f 660//660 734//734 740//740
f 659//659 737//737 653//653
f 652//652 738//738 743//743
f 654//654 742//742 631//631
f 630//630 745//745 663//663
f 629//629 664//664 605//605
f 669//669 661//661 749//749
f 749//749 661//661 750//750
f 613//613 667//667 757//757
f 612//612 756//756 705//705
f 706//706 755//755 761//761
f 709//709 760//760 704//704
f 703//703 762//762 764//764
f 702//702 768//768 678//678
f 673//673 766//766 771//771
f 677//677 769//769 682//682
f 686//686 680//680 770//770
f 770//770 773//773 686//686
f 686//686 773//773 776//776
f 686//686 776//776 782//782
f 751//751 662//662 744//744
f 751//751 744//744 785//785
f 784//784 741//741 739//739
f 784//784 739//739 788//788
f 791//791 736//736 731//731
f 791//791 731//731 792//792
f 794//794 732//732 721//721
f 794//794 721//721 725//725
f 727//727 716//716 797//797
f 796//796 724//724 728//728
f 729//729 799//799 795//795
f 793//793 801//801 807//807
f 793//793 807//807 789//789
f 790//790 803//803 812//812
f 790//790 812//812 787//787
f 786//786 813//813 819//819
f 786//786 819//819 752//752
f 811//811 805//805 824//824
f 821//821 827//827 814//814
f 809//809 825//825 828//828
f 810//810 831//831 815//815
f 820//820 829//829 834//834
f 818//818 833//833 837//837
f 715//715 711//711 800//800
f 798//798 710//710 839//839
f 802//802 841//841 808//808
f 806//806 838//838 843//843
f 804//804 844//844 823//823
f 849//849 748//748 816//816
f 816//816 748//748 753//753
f 666//666 747//747 851//851
f 666//666 851//851 754//754
f 758//758 852//852 855//855
f 758//758 855//855 763//763
f 759//759 860//860 865//865
f 759//759 865//865 767//767
f 765//765 863//863 774//774
f 765//765 774//774 772//772
f 778//778 775//775 862//862
f 780//780 864//864 869//869
f 867//867 861//861 858//858
f 868//868 859//859 871//871
f 872//872 856//856 880//880
f 878//878 857//857 850//850
f 876//876 854//854 884//884
f 886//886 853//853 746//746
f 886//886 746//746 846//846
f 888//888 781//781 777//777
f 779//779 866//866 891//891
f 887//887 870//870 875//875
f 889//889 873//873 893//893
f 894//894 874//874 879//879
f 892//892 881//881 899//899
f 898//898 877//877 883//883
f 897//897 882//882 902//902
f 901//901 885//885 847//847
f 900//900 848//848 906//906
f 817//817 835//835 845//845
f 845//845 835//835 905//905
f 911//911 914//914 921//921
f 921//921 914//914 923//923
f 908//908 920//920 926//926
f 909//909 927//927 932//932
f 938//938 941//941 944//944
f 925//925 948//948 933//933
f 930//930 947//947 949//949
f 930//930 949//949 955//955
f 952//952 950//950 937//937
f 952//952 937//937 961//961
f 962//962 935//935 943//943
f 910//910 967//967 917//917
f 917//917 967//967 971//971
f 972//972 922//922 915//915
f 980//980 982//982 986//986
f 973//973 913//913 991//991
f 985//985 995//995 981//981
f 978//978 996//996 1000//1000
f 979//979 997//997 1005//1005
f 1003//1003 998//998 990//990
f 1002//1002 993//993 1007//1007
f 1008//1008 989//989 912//912
f 940//940 1015//1015 1016//1016
f 1022//1022 945//945 1024//1024
f 1024//1024 945//945 940//940
f 1024//1024 940//940 1028//1028
f 1028//1028 940//940 1016//1016
f 1028//1028 1016//1016 1030//1030
f 1021//1021 1025//1025 1037//1037
f 958//958 942//942 1019//1019
f 1020//1020 1033//1033 960//960
f 957//957 1034//1034 1040//1040
f 959//959 1042//1042 956//956
f 954//954 1041//1041 1047//1047
f 953//953 1046//1046 929//929
f 934//934 1043//1043 966//966
f 931//931 965//965 907//907
f 969//969 964//964 1048//1048
f 1048//1048 964//964 1055//1055
f 918//918 970//970 1059//1059
f 916//916 1058//1058 1010//1010
f 1011//1011 1057//1057 1061//1061
f 1009//1009 1064//1064 1004//1004
f 1001//1001 1062//1062 1068//1068
f 1006//1006 1070//1070 977//977
f 975//975 1067//1067 1073//1073
f 976//976 1072//1072 983//983
f 988//988 984//984 1074//1074
f 1074//1074 1075//1075 988//988
f 988//988 1075//1075 1080//1080
f 988//988 1080//1080 1085//1085
f 1052//1052 963//963 1044//1044
f 1052//1052 1044//1044 1089//1089
f 1087//1087 1045//1045 1038//1038
f 1087//1087 1038//1038 1092//1092
f 1091//1091 1039//1039 1036//1036
f 1091//1091 1036//1036 1098//1098
f 1096//1096 1035//1035 1023//1023
f 1096//1096 1023//1023 1026//1026
f 1029//1029 1017//1017 1100//1100
f 1097//1097 1027//1027 1032//1032
f 1031//1031 1104//1104 1095//1095
f 1094//1094 1102//1102 1108//1108
f 1094//1094 1108//1108 1093//1093
f 1090//1090 1106//1106 1113//1113
f 1090//1090 1113//1113 1086//1086
f 1088//1088 1116//1116 1121//1121
f 1088//1088 1121//1121 1053//1053
f 1112//1112 1109//1109 1123//1123
f 1126//1126 1127//1127 1115//1115
f 1114//1114 1129//1129 1133//1133
f 1111//1111 1132//1132 1117//1117
f 1120//1120 1131//1131 1135//1135
f 1122//1122 1134//1134 1139//1139
f 1018//1018 1012//1012 1103//1103
f 1099//1099 1013//1013 1141//1141
f 1101//1101 1143//1143 1105//1105
f 1110//1110 1140//1140 1146//1146
f 1107//1107 1145//1145 1125//1125
f 1151//1151 1050//1050 1119//1119
f 1119//1119 1050//1050 1054//1054
f 968//968 1049//1049 1153//1153
f 968//968 1153//1153 1056//1056
f 1060//1060 1152//1152 1161//1161
f 1060//1060 1161//1161 1065//1065
f 1063//1063 1162//1162 1166//1166
f 1063//1063 1166//1166 1066//1066
f 1069//1069 1167//1167 1076//1076
f 1069//1069 1076//1076 1071//1071
f 1081//1081 1077//1077 1164//1164
f 1078//1078 1165//1165 1171//1171
f 1172//1172 1163//1163 1159//1159
f 1170//1170 1157//1157 1177//1177
f 1173//1173 1160//1160 1182//1182
f 1180//1180 1158//1158 1155//1155
f 1179//1179 1154//1154 1188//1188
f 1184//1184 1156//1156 1051//1051
f 1184//1184 1051//1051 1148//1148
f 1190//1190 1083//1083 1079//1079
f 1082//1082 1169//1169 1192//1192
f 1189//1189 1168//1168 1174//1174
f 1191//1191 1176//1176 1195//1195
f 1197//1197 1175//1175 1183//1183
f 1194//1194 1181//1181 1198//1198
f 1201//1201 1178//1178 1186//1186
f 1200//1200 1187//1187 1203//1203
f 1204//1204 1185//1185 1149//1149
f 1205//1205 1147//1147 1207//1207
f 1118//1118 1138//1138 1150//1150
f 1150//1150 1138//1138 1206//1206
f 1212//1212 1220//1220 1223//1223
f 1223//1223 1220//1220 1225//1225
f 1209//1209 1221//1221 1228//1228
f 1213//1213 1230//1230 1231//1231
f 1239//1239 1241//1241 1245//1245
f 1229//1229 1250//1250 1236//1236
f 1232//1232 1248//1248 1253//1253
f 1232//1232 1253//1253 1257//1257
f 1256//1256 1252//1252 1240//1240
f 1256//1256 1240//1240 1261//1261
f 1260//1260 1238//1238 1246//1246
f 1210//1210 1267//1267 1218//1218
f 1218//1218 1267//1267 1272//1272
f 1275//1275 1226//1226 1215//1215
f 1278//1278 1286//1286 1290//1290
f 1276//1276 1214//1214 1293//1293
f 1287//1287 1296//1296 1283//1283
f 1277//1277 1297//1297 1300//1300
f 1281//1281 1299//1299 1305//1305
f 1307//1307 1302//1302 1291//1291
f 1306//1306 1294//1294 1311//1311
f 1313//1313 1295//1295 1217//1217
f 1243//1243 1316//1316 1319//1319
f 1322//1322 1247//1247 1327//1327
f 1327//1327 1247//1247 1243//1243
f 1327//1327 1243//1243 1328//1328
f 1328//1328 1243//1243 1319//1319
f 1328//1328 1319//1319 1334//1334
f 1321//1321 1325//1325 1337//1337
f 1259//1259 1244//1244 1323//1323
f 1324//1324 1336//1336 1263//1263
f 1262//1262 1335//1335 1343//1343
f 1264//1264 1344//1344 1258//1258
f 1255//1255 1341//1341 1348//1348
f 1254//1254 1349//1349 1234//1234
f 1233//1233 1347//1347 1268//1268
f 1235//1235 1269//1269 1211//1211
f 1273//1273 1266//1266 1351//1351
f 1351//1351 1266//1266 1357//1357
f 1216//1216 1270//1270 1362//1362
f 1219//1219 1360//1360 1309//1309
f 1312//1312 1361//1361 1366//1366
f 1310//1310 1363//1363 1303//1303
f 1304//1304 1367//1367 1369//1369
f 1308//1308 1370//1370 1280//1280
f 1279//1279 1371//1371 1376//1376
f 1282//1282 1373//1373 1284//1284
f 1288//1288 1285//1285 1374//1374
f 1374//1374 1377//1377 1288//1288
f 1288//1288 1377//1377 1383//1383
f 1288//1288 1383//1383 1385//1385
f 1355//1355 1265//1265 1346//1346
f 1355//1355 1346//1346 1390//1390
f 1391//1391 1345//1345 1340//1340
f 1391//1391 1340//1340 1392//1392
f 1394//1394 1342//1342 1338//1338
f 1394//1394 1338//1338 1400//1400
f 1398//1398 1339//1339 1326//1326
f 1398//1398 1326//1326 1330//1330
f 1333//1333 1320//1320 1403//1403
f 1396//1396 1329//1329 1332//1332
f 1331//1331 1405//1405 1399//1399
f 1397//1397 1402//1402 1409//1409
f 1397//1397 1409//1409 1395//1395
f 1393//1393 1408//1408 1418//1418
f 1393//1393 1418//1418 1389//1389
f 1388//1388 1414//1414 1421//1421
f 1388//1388 1421//1421 1356//1356
f 1416//1416 1411//1411 1428//1428
f 1425//1425 1431//1431 1417//1417
f 1415//1415 1429//1429 1433//1433
f 1413//1413 1434//1434 1419//1419
f 1422//1422 1432//1432 1437//1437
f 1423//1423 1438//1438 1441//1441
f 1318//1318 1315//1315 1404//1404
f 1406//1406 1314//1314 1443//1443
f 1401//1401 1442//1442 1410//1410
f 1407//1407 1445//1445 1446//1446
f 1412//1412 1447//1447 1426//1426
f 1449//1449 1353//1353 1420//1420
f 1420//1420 1353//1353 1354//1354
f 1271//1271 1352//1352 1455//1455
f 1271//1271 1455//1455 1358//1358
f 1359//1359 1456//1456 1463//1463
f 1359//1359 1463//1463 1365//1365
f 1364//1364 1459//1459 1469//1469
f 1364//1364 1469//1469 1372//1372
f 1368//1368 1467//1467 1378//1378
f 1368//1368 1378//1378 1375//1375
f 1380//1380 1379//1379 1468//1468
f 1382//1382 1466//1466 1472//1472
f 1473//1473 1465//1465 1461//1461
f 1471//1471 1464//1464 1477//1477
f 1476//1476 1460//1460 1484//1484
f 1482//1482 1462//1462 1457//1457
f 1485//1485 1458//1458 1487//1487
f 1486//1486 1454//1454 1350//1350
f 1486//1486 1350//1350 1451//1451
f 1491//1491 1387//1387 1384//1384
f 1381//1381 1470//1470 1495//1495
f 1494//1494 1474//1474 1478//1478
f 1492//1492 1475//1475 1496//1496
f 1498//1498 1479//1479 1480//1480
f 1497//1497 1483//1483 1501//1501
f 1502//1502 1481//1481 1488//1488
f 1503//1503 1489//1489 1507//1507
f 1505//1505 1490//1490 1452//1452
f 1504//1504 1450//1450 1510//1510
f 1424//1424 1440//1440 1453//1453
f 1453//1453 1440//1440 1508//1508
f 1513//1513 1516//1516 1523//1523
f 1511//1511 1524//1524 1526//1526
f 1528//1528 1518//1518 1530//1530
f 1527//1527 1534//1534 1537//1537
f 1536//1536 1531//1531 1544//1544
f 1535//1535 1542//1542 1548//1548
f 1546//1546 1541//1541 1549//1549
f 1550//1550 1543//1543 1553//1553
f 1551//1551 1554//1554 1558//1558
f 1563//1563 1564//1564 1568//1568
f 1572//1572 1517//1517 1576//1576
f 1576//1576 1517//1517 1512//1512
f 1576//1576 1512//1512 1568//1568
f 1568//1568 1512//1512 1579//1579
f 1568//1568 1579//1579 1563//1563
f 1573//1573 1577//1577 1583//1583
f 1522//1522 1515//1515 1574//1574
f 1571//1571 1585//1585 1519//1519
f 1520//1520 1581//1581 1589//1589
f 1521//1521 1588//1588 1529//1529
f 1532//1532 1590//1590 1591//1591
f 1533//1533 1592//1592 1540//1540
f 1545//1545 1595//1595 1599//1599
f 1539//1539 1600//1600 1555//1555
f 1603//1603 1560//1560 1608//1608
f 1608//1608 1560//1560 1556//1556
f 1611//1611 1619//1619 1596//1596
f 1596//1596 1593//1593 1611//1611
f 1612//1612 1594//1594 1587//1587
f 1612//1612 1587//1587 1624//1624
f 1625//1625 1586//1586 1584//1584
f 1625//1625 1584//1584 1626//1626
f 1631//1631 1582//1582 1575//1575
f 1631//1631 1575//1575 1570//1570
f 1627//1627 1569//1569 1565//1565
f 1616//1616 1613//1613 1636//1636
f 1636//1636 1613//1613 1640//1640
f 1641//1641 1614//1614 1642//1642
f 1645//1645 1615//1615 1622//1622
f 1646//1646 1623//1623 1651//1651
f 1648//1648 1621//1621 1655//1655
f 1654//1654 1620//1620 1630//1630
f 1653//1653 1629//1629 1659//1659
f 1660//1660 1628//1628 1567//1567
f 1662//1662 1566//1566 1561//1561
f 1663//1663 1667//1667 1632//1632
f 1664//1664 1633//1633 1670//1670
f 1634//1634 1638//1638 1673//1673
f 1672//1672 1639//1639 1644//1644
f 1669//1669 1647//1647 1676//1676
f 1562//1562 1578//1578 1658//1658
f 1658//1658 1578//1578 1679//1679
f 1661//1661 1680//1680 1657//1657
f 1652//1652 1681//1681 1675//1675
f 1656//1656 1674//1674 1650//1650
f 1649//1649 1678//1678 1643//1643
f 1557//1557 1597//1597 1606//1606
f 1606//1606 1597//1597 1685//1685
f 1689//1689 1602//1602 1605//1605
f 1693//1693 1697//1697 1703//1703
f 1688//1688 1607//1607 1706//1706
f 1701//1701 1710//1710 1694//1694
f 1692//1692 1709//1709 1715//1715
f 1690//1690 1714//1714 1716//1716
f 1718//1718 1712//1712 1705//1705
f 1720//1720 1708//1708 1723//1723
f 1724//1724 1704//1704 1609//1609
f 1683//1683 1598//1598 1728//1728
f 1728//1728 1598//1598 1617//1617
f 1732//1732 1730//1730 1635//1635
f 1635//1635 1730//1730 1618//1618
f 1735//1735 1637//1637 1737//1737
f 1737//1737 1637//1637 1666//1666
f 1604//1604 1684//1684 1743//1743
f 1610//1610 1741//1741 1726//1726
f 1725//1725 1740//1740 1744//1744
f 1722//1722 1745//1745 1721//1721
f 1719//1719 1748//1748 1753//1753
f 1717//1717 1752//1752 1695//1695
f 1696//1696 1750//1750 1756//1756
f 1691//1691 1755//1755 1699//1699
f 1761//1761 1763//1763 1702//1702
f 1702//1702 1698//1698 1761//1761
f 1761//1761 1698//1698 1754//1754
f 1761//1761 1754//1754 1768//1768
f 1686//1686 1727//1727 1769//1769
f 1686//1686 1769//1769 1739//1739
f 1742//1742 1773//1773 1776//1776
f 1742//1742 1776//1776 1746//1746
f 1747//1747 1779//1779 1782//1782
f 1747//1747 1782//1782 1749//1749
f 1751//1751 1780//1780 1766//1766
f 1751//1751 1766//1766 1757//1757
f 1759//1759 1767//1767 1784//1784
f 1762//1762 1781//1781 1787//1787
f 1785//1785 1783//1783 1775//1775
f 1786//1786 1777//1777 1792//1792
f 1791//1791 1774//1774 1800//1800
f 1798//1798 1778//1778 1771//1771
f 1797//1797 1772//1772 1804//1804
f 1805//1805 1770//1770 1729//1729
f 1805//1805 1729//1729 1733//1733
f 1806//1806 1764//1764 1758//1758
f 1760//1760 1788//1788 1808//1808
f 1807//1807 1789//1789 1790//1790
f 1810//1810 1794//1794 1814//1814
f 1811//1811 1793//1793 1799//1799
f 1813//1813 1795//1795 1816//1816
f 1817//1817 1796//1796 1802//1802
f 1818//1818 1803//1803 1821//1821
f 1822//1822 1801//1801 1731//1731
f 1819//1819 1734//1734 1736//1736
f 1823//1823 1828//1828 1833//1833
f 1833//1833 1828//1828 1838//1838
f 1839//1839 1841//1841 1831//1831
f 1831//1831 1841//1841 1848//1848
f 1850//1850 1825//1825 1829//1829
f 1859//1859 1861//1861 1864//1864
f 1851//1851 1834//1834 1869//1869
f 1866//1866 1874//1874 1858//1858
f 1856//1856 1872//1872 1877//1877
f 1857//1857 1875//1875 1879//1879
f 1884//1884 1876//1876 1867//1867
f 1881//1881 1870//1870 1887//1887
f 1886//1886 1871//1871 1830//1830
f 1890//1890 1894//1894 1900//1900
f 1893//1893 1901//1901 1906//1906
f 1904//1904 1902//1902 1910//1910
f 1905//1905 1911//1911 1914//1914
f 1916//1916 1908//1908 1918//1918
f 1917//1917 1921//1921 1926//1926
f 1925//1925 1922//1922 1928//1928
f 1929//1929 1924//1924 1840//1840
f 1931//1931 1837//1837 1827//1827
f 1849//1849 1842//1842 1933//1933
f 1933//1933 1842//1842 1938//1938
f 1835//1835 1847//1847 1943//1943
f 1832//1832 1941//1941 1885//1885
f 1888//1888 1942//1942 1946//1946
f 1889//1889 1947//1947 1882//1882
f 1883//1883 1950//1950 1952//1952
f 1880//1880 1955//1955 1855//1855
f 1853//1853 1953//1953 1958//1958
f 1854//1854 1956//1956 1860//1860
f 1897//1897 1895//1895 1961//1961
f 1963//1963 1967//1967 1903//1903
f 1899//1899 1964//1964 1971//1971
f 1898//1898 1969//1969 1909//1909
f 1913//1913 1975//1975 1977//1977
f 1912//1912 1980//1980 1923//1923
f 1919//1919 1981//1981 1844//1844
f 1920//1920 1843//1843 1836//1836
f 1983//1983 1865//1865 1862//1862
f 1985//1985 1991//1991 1994//1994
f 1994//1994 1991//1991 1983//1983
f 1994//1994 1983//1983 1959//1959
f 1959//1959 1983//1983 1862//1862
f 1996//1996 2001//2001 2002//2002
f 2002//2002 1962//1962 1996//1996
f 1996//1996 1962//1962 1896//1896
f 1996//1996 1896//1896 1892//1892
f 2008//2008 1936//1936 2015//2015
f 2015//2015 1936//1936 1940//1940
f 1846//1846 1935//1935 2016//2016
f 1846//1846 2016//2016 1944//1944
f 1945//1945 2019//2019 2021//2021
f 1945//1945 2021//2021 1948//1948
f 1949//1949 2025//2025 2030//2030
f 1949//1949 2030//2030 1951//1951
f 1954//1954 2028//2028 1993//1993
f 1954//1954 1993//1993 1957//1957
f 1937//1937 1845//1845 1976//1976
f 1960//1960 2003//2003 2035//2035
f 2036//2036 1970//1970 2032//2032
f 2031//2031 1973//1973 1966//1966
f 2035//2035 1965//1965 1960//1960
f 2039//2039 2043//2043 1972//1972
f 1968//1968 2042//2042 2046//2046
f 1974//1974 2045//2045 1978//1978
f 1979//1979 2047//2047 2051//2051
f 1976//1976 2052//2052 1937//1937
f 2007//2007 2053//2053 2059//2059
f 2006//2006 2058//2058 2063//2063
f 2068//2068 1982//1982 1989//1989
f 2056//2056 2071//2071 2062//2062
f 2060//2060 2070//2070 2075//2075
f 2060//2060 2075//2075 2076//2076
f 2077//2077 2074//2074 2066//2066
f 2077//2077 2066//2066 2082//2082
f 2081//2081 2067//2067 1990//1990
f 1987//1987 1995//1995 2029//2029
f 2084//2084 1992//1992 1986//1986
f 1988//1988 2027//2027 2083//2083
f 2086//2086 2026//2026 2024//2024
f 2085//2085 2022//2022 2080//2080
f 2079//2079 2023//2023 2020//2020
f 2078//2078 2018//2018 2064//2064
f 2061//2061 2017//2017 1932//1932
f 2065//2065 1934//1934 2009//2009
f 2088//2088 2090//2090 2010//2010
f 2089//2089 2013//2013 2096//2096
f 2014//2014 2098//2098 2095//2095
f 2093//2093 2099//2099 2104//2104
f 2094//2094 2103//2103 2107//2107
f 2106//2106 2112//2112 2108//2108
f 2109//2109 2114//2114 2116//2116
f 2110//2110 2117//2117 2122//2122
f 2120//2120 2127//2127 2121//2121
f 2124//2124 2128//2128 2000//2000
f 2124//2124 2000//2000 1997//1997
f 2011//2011 1939//1939 2050//2050
f 2011//2011 2050//2050 2101//2101
f 2100//2100 2049//2049 2044//2044
f 2100//2100 2044//2044 2105//2105
f 2102//2102 2048//2048 2040//2040
f 2102//2102 2040//2040 2113//2113
f 2115//2115 2041//2041 2038//2038
f 2115//2115 2038//2038 2119//2119
f 2118//2118 2037//2037 2033//2033
f 2118//2118 2033//2033 2125//2125
f 2126//2126 2034//2034 2004//2004
f 2126//2126 2004//2004 1999//1999
f 2005//2005 2012//2012 2054//2054
f 2054//2054 2012//2012 2091//2091
f 2133//2133 2136//2136 2143//2143
f 2143//2143 2136//2136 2145//2145
f 2143//2143 2145//2145 2151//2151
f 2155//2155 2163//2163 2166//2166
f 2166//2166 2163//2163 2137//2137
f 2166//2166 2137//2137 2129//2129
f 2169//2169 2174//2174 2187//2187
f 2202//2202 2185//2185 2207//2207
f 2170//2170 2186//2186 2211//2211
f 2215//2215 2191//2191 2218//2218
f 2159//2159 2222//2222 2223//2223
f 2226//2226 2221//2221 2216//2216
f 2224//2224 2219//2219 2192//2192
f 2134//2134 2162//2162 2229//2229
f 2230//2230 2160//2160 2227//2227
f 2228//2228 2225//2225 2193//2193
f 2210//2210 2146//2146 2168//2168
f 2167//2167 2147//2147 2135//2135
f 2171//2171 2138//2138 2175//2175
f 2172//2172 2134//2134 2229//2229
f 2173//2173 2228//2228 2193//2193
f 2203//2203 2208//2208 2195//2195
f 2232//2232 2150//2150 2144//2144
f 2144//2144 2209//2209 2232//2232
f 2232//2232 2209//2209 2201//2201
f 2232//2232 2201//2201 2236//2236
f 2236//2236 2201//2201 2205//2205
f 2236//2236 2205//2205 2239//2239
f 2241//2241 2244//2244 2256//2256
f 2153//2153 2231//2231 2258//2258
f 2261//2261 2233//2233 2235//2235
f 2262//2262 2264//2264 2265//2265
f 2265//2265 2266//2266 2262//2262
f 2259//2259 2267//2267 2268//2268
f 2259//2259 2268//2268 2148//2148
f 2152//2152 2269//2269 2272//2272
f 2149//2149 2271//2271 2141//2141
f 2251//2251 2165//2165 2130//2130
f 2164//2164 2250//2250 2156//2156
f 2158//2158 2257//2257 2277//2277
f 2154//2154 2280//2280 2284//2284
f 2274//2274 2290//2290 2282//2282
f 2283//2283 2288//2288 2291//2291
f 2285//2285 2294//2294 2297//2297
f 2299//2299 2300//2300 2305//2305
f 2299//2299 2305//2305 2306//2306
f 2306//2306 2305//2305 2313//2313
f 2307//2307 2312//2312 2314//2314
f 2310//2310 2317//2317 2316//2316
f 2316//2316 2317//2317 2320//2320
f 2315//2315 2323//2323 2328//2328
f 2327//2327 2325//2325 2329//2329
f 2326//2326 2333//2333 2242//2242
f 2245//2245 2334//2334 2337//2337
f 2243//2243 2338//2338 2247//2247
f 2247//2247 2338//2338 2341//2341
f 2246//2246 2343//2343 2344//2344
f 2348//2348 2279//2279 2353//2353
f 2352//2352 2275//2275 2252//2252
f 2354//2354 2253//2253 2360//2360
f 2357//2357 2249//2249 2345//2345
f 2270//2270 2362//2362 2140//2140
f 2139//2139 2361//2361 2363//2363
f 2142//2142 2364//2364 2132//2132
f 2132//2132 2364//2364 2366//2366
f 2131//2131 2367//2367 2255//2255
f 2248//2248 2365//2365 2368//2368
f 2254//2254 2369//2369 2240//2240
f 2214//2214 2217//2217 2296//2296
f 2296//2296 2217//2217 2220//2220
f 2296//2296 2220//2220 2281//2281
f 2281//2281 2220//2220 2161//2161
f 2281//2281 2161//2161 2157//2157
f 2372//2372 2375//2375 2194//2194
f 2381//2381 2198//2198 2212//2212
f 2373//2373 2200//2200 2382//2382
f 2179//2179 2389//2389 2392//2392
f 2395//2395 2399//2399 2405//2405
f 2401//2401 2398//2398 2388//2388
f 2402//2402 2387//2387 2199//2199
f 2407//2407 2393//2393 2412//2412
f 2411//2411 2396//2396 2404//2404
f 2413//2413 2403//2403 2180//2180
f 2385//2385 2414//2414 2374//2374
f 2371//2371 2416//2416 2406//2406
f 2370//2370 2409//2409 2377//2377
f 2378//2378 2407//2407 2412//2412
f 2376//2376 2413//2413 2180//2180
f 2380//2380 2384//2384 2197//2197
f 2422//2422 2423//2423 2176//2176
f 2428//2428 2177//2177 2432//2432
f 2419//2419 2190//2190 2433//2433
f 2204//2204 2188//2188 2437//2437
f 2441//2441 2446//2446 2453//2453
f 2452//2452 2447//2447 2438//2438
f 2451//2451 2439//2439 2196//2196
f 2455//2455 2443//2443 2459//2459
f 2461//2461 2442//2442 2449//2449
f 2460//2460 2450//2450 2183//2183
f 2434//2434 2465//2465 2420//2420
f 2418//2418 2464//2464 2457//2457
f 2421//2421 2456//2456 2426//2426
f 2425//2425 2455//2455 2459//2459
f 2424//2424 2460//2460 2183//2183
f 2429//2429 2435//2435 2181//2181
f 2206//2206 2440//2440 2237//2237
f 2237//2237 2440//2440 2448//2448
f 2237//2237 2448//2448 2469//2469
f 2469//2469 2448//2448 2445//2445
f 2469//2469 2445//2445 2471//2471
f 2477//2477 2479//2479 2486//2486
f 2488//2488 2264//2264 2262//2262
f 2487//2487 2263//2263 2490//2490
f 2489//2489 2470//2470 2492//2492
f 2493//2493 2468//2468 2474//2474
f 2491//2491 2473//2473 2494//2494
f 2495//2495 2475//2475 2498//2498
f 2495//2495 2498//2498 2500//2500
f 2499//2499 2496//2496 2504//2504
f 2499//2499 2504//2504 2507//2507
f 2506//2506 2515//2515 2521//2521
f 2522//2522 2518//2518 2523//2523
f 2527//2527 2535//2535 2538//2538
f 2519//2519 2547//2547 2549//2549
f 2548//2548 2552//2552 2517//2517
f 2520//2520 2553//2553 2559//2559
f 2516//2516 2560//2560 2524//2524
f 2524//2524 2560//2560 2563//2563
f 2525//2525 2565//2565 2568//2568
f 2567//2567 2561//2561 2569//2569
f 2570//2570 2564//2564 2572//2572
f 2570//2570 2572//2572 2579//2579
f 2574//2574 2580//2580 2577//2577
f 2578//2578 2583//2583 2586//2586
f 2578//2578 2586//2586 2589//2589
f 2588//2588 2585//2585 2591//2591
f 2588//2588 2591//2591 2594//2594
f 2594//2594 2591//2591 2597//2597
f 2594//2594 2597//2597 2598//2598
f 2508//2508 2501//2501 2513//2513
f 2511//2511 2502//2502 2599//2599
f 2512//2512 2600//2600 2607//2607
f 2485//2485 2483//2483 2602//2602
f 2603//2603 2481//2481 2532//2532
f 2606//2606 2534//2534 2514//2514
f 2509//2509 2533//2533 2540//2540
f 2510//2510 2539//2539 2545//2545
f 2490//2490 2263//2263 2467//2467
f 2466//2466 2260//2260 2234//2234
f 2466//2466 2234//2234 2238//2238
f 2612//2612 2616//2616 2622//2622
f 2293//2293 2287//2287 2625//2625
f 2627//2627 2300//2300 2299//2299
f 2630//2630 2632//2632 2618//2618
f 2631//2631 2615//2615 2634//2634
f 2634//2634 2615//2615 2611//2611
f 2633//2633 2614//2614 2635//2635
f 2637//2637 2610//2610 2641//2641
f 2636//2636 2642//2642 2643//2643
f 2644//2644 2639//2639 2647//2647
f 2644//2644 2647//2647 2649//2649
f 2648//2648 2645//2645 2650//2650
f 2648//2648 2650//2650 2656//2656
f 2655//2655 2658//2658 2670//2670
f 2671//2671 2669//2669 2675//2675
f 2348//2348 2676//2676 2279//2279
f 2279//2279 2676//2676 2681//2681
f 2279//2279 2681//2681 2682//2682
f 2662//2662 2691//2691 2692//2692
f 2694//2694 2698//2698 2663//2663
f 2667//2667 2697//2697 2704//2704
f 2668//2668 2702//2702 2674//2674
f 2673//2673 2705//2705 2709//2709
f 2672//2672 2708//2708 2713//2713
f 2712//2712 2710//2710 2715//2715
f 2714//2714 2706//2706 2717//2717
f 2714//2714 2717//2717 2722//2722
f 2717//2717 2723//2723 2722//2722
f 2721//2721 2725//2725 2728//2728
f 2721//2721 2728//2728 2608//2608
f 2609//2609 2730//2730 2732//2732
f 2609//2609 2732//2732 2298//2298
f 2298//2298 2732//2732 2736//2736
f 2299//2299 2739//2739 2627//2627
f 2657//2657 2653//2653 2661//2661
f 2664//2664 2652//2652 2741//2741
f 2660//2660 2742//2742 2748//2748
f 2624//2624 2286//2286 2745//2745
f 2746//2746 2289//2289 2276//2276
f 2743//2743 2278//2278 2666//2666
f 2659//2659 2273//2273 2684//2684
f 2665//2665 2683//2683 2689//2689
f 2711//2711 2749//2749 2716//2716
f 2719//2719 2750//2750 2754//2754
f 2718//2718 2755//2755 2757//2757
f 2763//2763 2729//2729 2760//2760
f 2759//2759 2727//2727 2726//2726
f 2758//2758 2724//2724 2720//2720
f 2772//2772 2303//2303 2301//2301
f 2302//2302 2628//2628 2771//2771
f 2768//2768 2629//2629 2737//2737
f 2767//2767 2738//2738 2764//2764
f 2766//2766 2735//2735 2733//2733
f 2762//2762 2734//2734 2731//2731
f 2304//2304 2770//2770 2311//2311
f 2308//2308 2769//2769 2776//2776
f 2309//2309 2774//2774 2319//2319
f 2318//2318 2778//2778 2321//2321
f 2324//2324 2775//2775 2779//2779
f 2322//2322 2780//2780 2332//2332
f 2331//2331 2781//2781 2787//2787
f 2330//2330 2785//2785 2336//2336
f 2788//2788 2685//2685 2680//2680
f 2679//2679 2677//2677 2791//2791
f 2789//2789 2678//2678 2350//2350
f 2789//2789 2350//2350 2796//2796
f 2686//2686 2793//2793 2690//2690
f 2688//2688 2792//2792 2800//2800
f 2687//2687 2799//2799 2693//2693
f 2695//2695 2803//2803 2696//2696
f 2699//2699 2802//2802 2805//2805
f 2699//2699 2805//2805 2703//2703
f 2701//2701 2804//2804 2752//2752
f 2700//2700 2753//2753 2707//2707
f 2335//2335 2784//2784 2340//2340
f 2339//2339 2786//2786 2808//2808
f 2342//2342 2807//2807 2810//2810
f 2349//2349 2355//2355 2794//2794
f 2798//2798 2351//2351 2358//2358
f 2797//2797 2359//2359 2811//2811
f 2813//2813 2356//2356 2346//2346
f 2810//2810 2347//2347 2342//2342
f 2213//2213 2295//2295 2292//2292
f 2213//2213 2292//2292 2379//2379
f 2379//2379 2292//2292 2626//2626
f 2379//2379 2626//2626 2383//2383
f 2383//2383 2626//2626 2747//2747
f 2383//2383 2747//2747 2415//2415
f 2654//2654 2408//2408 2740//2740
f 2740//2740 2408//2408 2417//2417
f 2740//2740 2417//2417 2744//2744
f 2638//2638 2394//2394 2646//2646
f 2646//2646 2394//2394 2410//2410
f 2646//2646 2410//2410 2651//2651
f 2397//2397 2640//2640 2613//2613
f 2397//2397 2613//2613 2400//2400
f 2400//2400 2613//2613 2623//2623
f 2400//2400 2623//2623 2386//2386
f 2386//2386 2623//2623 2390//2390
f 2390//2390 2623//2623 2815//2815
f 2390//2390 2815//2815 2820//2820
f 2431//2431 2821//2821 2826//2826
f 2826//2826 2821//2821 2828//2828
f 2826//2826 2828//2828 2815//2815
f 2815//2815 2828//2828 2831//2831
f 2815//2815 2831//2831 2820//2820
f 2818//2818 2178//2178 2391//2391
f 2823//2823 2189//2189 2829//2829
f 2184//2184 2822//2822 2430//2430
f 2830//2830 2827//2827 2182//2182
f 2819//2819 2830//2830 2182//2182
f 2431//2431 2826//2826 2476//2476
f 2431//2431 2476//2476 2427//2427
f 2427//2427 2476//2476 2484//2484
f 2427//2427 2484//2484 2436//2436
f 2436//2436 2484//2484 2604//2604
f 2436//2436 2604//2604 2462//2462
f 2503//2503 2458//2458 2601//2601
f 2601//2601 2458//2458 2463//2463
f 2601//2601 2463//2463 2605//2605
f 2472//2472 2444//2444 2497//2497
f 2497//2497 2444//2444 2454//2454
f 2497//2497 2454//2454 2505//2505
f 2832//2832 2535//2535 2527//2527
f 2835//2835 2846//2846 2860//2860
f 2859//2859 2848//2848 2531//2531
f 2857//2857 2530//2530 2861//2861
f 2862//2862 2529//2529 2482//2482
f 2862//2862 2482//2482 2867//2867
f 2871//2871 2620//2620 2875//2875
f 2874//2874 2619//2619 2842//2842
f 2480//2480 2478//2478 2864//2864
f 2864//2864 2478//2478 2824//2824
f 2864//2864 2824//2824 2879//2879
f 2880//2880 2825//2825 2814//2814
f 2878//2878 2816//2816 2869//2869
f 2872//2872 2817//2817 2621//2621
f 2868//2868 2622//2622 2616//2616
f 2618//2618 2632//2632 2881//2881
f 2882//2882 2841//2841 2885//2885
f 2884//2884 2836//2836 2617//2617
f 2884//2884 2617//2617 2887//2887
f 2886//2886 2618//2618 2881//2881
f 2597//2597 2889//2889 2598//2598
f 2598//2598 2889//2889 2892//2892
f 2598//2598 2892//2892 2895//2895
f 2892//2892 2896//2896 2895//2895
f 2895//2895 2896//2896 2900//2900
f 2894//2894 2899//2899 2904//2904
f 2899//2899 2906//2906 2904//2904
f 2904//2904 2906//2906 2912//2912
f 2905//2905 2913//2913 2916//2916
f 2914//2914 2910//2910 2922//2922
f 2915//2915 2923//2923 2925//2925
f 2928//2928 2932//2932 2847//2847
f 2852//2852 2937//2937 2938//2938
f 2851//2851 2939//2939 2942//2942
f 2945//2945 2948//2948 2854//2854
f 2844//2844 2947//2947 2954//2954
f 2853//2853 2955//2955 2526//2526
f 2528//2528 2956//2956 2959//2959
f 2527//2527 2958//2958 2832//2832
f 2919//2919 2930//2930 2924//2924
f 2926//2926 2928//2928 2847//2847
f 2927//2927 2845//2845 2962//2962
f 2961//2961 2856//2856 2964//2964
f 2883//2883 2965//2965 2837//2837
f 2840//2840 2966//2966 2968//2968
f 2839//2839 2967//2967 2855//2855
f 2849//2849 2969//2969 2970//2970
f 2850//2850 2971//2971 2963//2963
f 2931//2931 2973//2973 2936//2936
f 2934//2934 2976//2976 2979//2979
f 2935//2935 2978//2978 2981//2981
f 2987//2987 2944//2944 2980//2980
f 2982//2982 2946//2946 2941//2941
f 2983//2983 2940//2940 2933//2933
f 2834//2834 2991//2991 2537//2537
f 2536//2536 2990//2990 2541//2541
f 2833//2833 2957//2957 2997//2997
f 2993//2993 2960//2960 2953//2953
f 2995//2995 2952//2952 2986//2986
f 2989//2989 2951//2951 2949//2949
f 2988//2988 2950//2950 2943//2943
f 2542//2542 2992//2992 2544//2544
f 2546//2546 2994//2994 3002//3002
f 2543//2543 3000//3000 2551//2551
f 2550//2550 2998//2998 2554//2554
f 2556//2556 3001//3001 3004//3004
f 2555//2555 3005//3005 2558//2558
f 2557//2557 3003//3003 3010//3010
f 2557//2557 3010//3010 2562//2562
f 3014//3014 2891//2891 3019//3019
f 3019//3019 2891//2891 2890//2890
f 3021//3021 2902//2902 3015//3015
f 3011//3011 2903//2903 2898//2898
f 3013//3013 2897//2897 2893//2893
f 2921//2921 2911//2911 3022//3022
f 3025//3025 2909//2909 2907//2907
f 3023//3023 2908//2908 2901//2901
f 3024//3024 3029//3029 2917//2917
f 2918//2918 3027//3027 2974//2974
f 2920//2920 2975//2975 2929//2929
f 2573//2573 2566//2566 3008//3008
f 3007//3007 3032//3032 2571//2571
f 2575//2575 3031//3031 3037//3037
f 2576//2576 3033//3033 2582//2582
f 2888//2888 2596//2596 3020//3020
f 3017//3017 2595//2595 2593//2593
f 3018//3018 2592//2592 3035//3035
f 3038//3038 2590//2590 2584//2584
f 3036//3036 2587//2587 2581//2581
f 2790//2790 2795//2795 3039//3039
f 3039//3039 3044//3044 2790//2790
f 2790//2790 3044//3044 3045//3045
f 2790//2790 3045//3045 2801//2801
f 2801//2801 3045//3045 3050//3050
f 2801//2801 3050//3050 2806//2806
f 2806//2806 3050//3050 3052//3052
f 2806//2806 3052//3052 2751//2751
f 2751//2751 3052//3052 3055//3055
f 2751//2751 3055//3055 2756//2756
f 2756//2756 3055//3055 3059//3059
f 2756//2756 3059//3059 2761//2761
f 2761//2761 3059//3059 3061//3061
f 2761//2761 3061//3061 2765//2765
f 2765//2765 3061//3061 3064//3064
f 2765//2765 3064//3064 2773//2773
f 2773//2773 3064//3064 3068//3068
f 2773//2773 3068//3068 2777//2777
f 2777//2777 3068//3068 3071//3071
f 2777//2777 3071//3071 2782//2782
f 2782//2782 3071//3071 3072//3072
f 2782//2782 3072//3072 2783//2783
f 2783//2783 3072//3072 3075//3075
f 2783//2783 3075//3075 2809//2809
f 2809//2809 3075//3075 3079//3079
f 2809//2809 3079//3079 2812//2812
f 2812//2812 3079//3079 3083//3083
f 2812//2812 3083//3083 2795//2795
f 2795//2795 3083//3083 3086//3086
f 2795//2795 3086//3086 3039//3039
f 3087//3087 2838//2838 3093//3093
f 3093//3093 2838//2838 2858//2858
f 2843//2843 3090//3090 3096//3096
f 2843//2843 3096//3096 2876//2876
f 2876//2876 3096//3096 3099//3099
f 2876//2876 3099//3099 2873//2873
f 2870//2870 3102//3102 3103//3103
f 2870//2870 3103//3103 2877//2877
f 2877//2877 3103//3103 3106//3106
f 2877//2877 3106//3106 2866//2866
f 3095//3095 2863//2863 3108//3108
f 3108//3108 2863//2863 2865//2865
f 3012//3012 3016//3016 3112//3112
f 3112//3112 3116//3116 3012//3012
f 3012//3012 3116//3116 3117//3117
f 3012//3012 3117//3117 3026//3026
f 3026//3026 3117//3117 3122//3122
f 3026//3026 3122//3122 3028//3028
f 3028//3028 3122//3122 3125//3125
f 3028//3028 3125//3125 2972//2972
f 2972//2972 3125//3125 3127//3127
f 2972//2972 3127//3127 2977//2977
f 2977//2977 3127//3127 3128//3128
f 2977//2977 3128//3128 2984//2984
f 2984//2984 3128//3128 3130//3130
f 2984//2984 3130//3130 2985//2985
f 3130//3130 3133//3133 2985//2985
f 2985//2985 3133//3133 3134//3134
f 2985//2985 3134//3134 2996//2996
f 3134//3134 3139//3139 2996//2996
f 2996//2996 3139//3139 3142//3142
f 2996//2996 3142//3142 2999//2999
f 2999//2999 3142//3142 3143//3143
f 2999//2999 3143//3143 3006//3006
f 3006//3006 3143//3143 3148//3148
f 3006//3006 3148//3148 3009//3009
f 3009//3009 3148//3148 3149//3149
f 3009//3009 3149//3149 3030//3030
f 3030//3030 3149//3149 3153//3153
f 3030//3030 3153//3153 3034//3034
f 3034//3034 3153//3153 3155//3155
f 3034//3034 3155//3155 3016//3016
f 3016//3016 3155//3155 3160//3160
f 3016//3016 3160//3160 3112//3112
f 3162//3162 3076//3076 3165//3165
f 3165//3165 3076//3076 3073//3073
f 3166//3166 3074//3074 3168//3168
f 3168//3168 3074//3074 3069//3069
f 3169//3169 3070//3070 3170//3170
f 3170//3170 3070//3070 3066//3066
f 3172//3172 3067//3067 3173//3173
f 3173//3173 3067//3067 3063//3063
f 3174//3174 3065//3065 3176//3176
f 3176//3176 3065//3065 3062//3062
f 3175//3175 3060//3060 3177//3177
f 3177//3177 3060//3060 3057//3057
f 3178//3178 3058//3058 3179//3179
f 3179//3179 3058//3058 3054//3054
f 3180//3180 3056//3056 3182//3182
f 3182//3182 3056//3056 3053//3053
f 3183//3183 3051//3051 3185//3185
f 3185//3185 3051//3051 3048//3048
f 3184//3184 3049//3049 3189//3189
f 3189//3189 3049//3049 3047//3047
f 3187//3187 3046//3046 3191//3191
f 3191//3191 3046//3046 3043//3043
f 3192//3192 3042//3042 3194//3194
f 3194//3194 3042//3042 3040//3040
f 3193//3193 3041//3041 3198//3198
f 3198//3198 3041//3041 3085//3085
f 3197//3197 3084//3084 3199//3199
f 3199//3199 3084//3084 3082//3082
f 3200//3200 3081//3081 3203//3203
f 3203//3203 3081//3081 3078//3078
f 3204//3204 3080//3080 3161//3161
f 3161//3161 3080//3080 3077//3077
f 3091//3091 3094//3094 3210//3210
f 3105//3105 3101//3101 3207//3207
f 3094//3094 3110//3110 3210//3210
f 3209//3209 3109//3109 3107//3107
f 3209//3209 3107//3107 3104//3104
f 3100//3100 3098//3098 3208//3208
f 3206//3206 3097//3097 3088//3088
f 3205//3205 3089//3089 3092//3092
f 3212//3212 3150//3150 3215//3215
f 3215//3215 3150//3150 3147//3147
f 3214//3214 3146//3146 3219//3219
f 3219//3219 3146//3146 3144//3144
f 3218//3218 3145//3145 3220//3220
f 3220//3220 3145//3145 3141//3141
f 3221//3221 3140//3140 3224//3224
f 3224//3224 3140//3140 3137//3137
f 3225//3225 3138//3138 3227//3227
f 3227//3227 3138//3138 3135//3135
f 3228//3228 3136//3136 3229//3229
f 3229//3229 3136//3136 3132//3132
f 3230//3230 3131//3131 3233//3233
f 3233//3233 3131//3131 3129//3129
f 3236//3236 3126//3126 3123//3123
f 3237//3237 3124//3124 3239//3239
f 3239//3239 3124//3124 3121//3121
f 3240//3240 3120//3120 3242//3242
f 3242//3242 3120//3120 3119//3119
f 3243//3243 3118//3118 3245//3245
f 3245//3245 3118//3118 3114//3114
f 3247//3247 3115//3115 3249//3249
f 3249//3249 3115//3115 3111//3111
f 3248//3248 3113//3113 3251//3251
f 3251//3251 3113//3113 3159//3159
f 3252//3252 3158//3158 3255//3255
f 3255//3255 3158//3158 3157//3157
f 3254//3254 3156//3156 3259//3259
f 3259//3259 3156//3156 3154//3154
f 3257//3257 3152//3152 3213//3213
f 3213//3213 3152//3152 3151//3151
f 3261//3261 3263//3263 3167//3167
f 3167//3167 3263//3263 3164//3164
f 3263//3263 3264//3264 3164//3164
f 3164//3164 3264//3264 3267//3267
f 3164//3164 3267//3267 3163//3163
f 3163//3163 3267//3267 3272//3272
f 3163//3163 3272//3272 3202//3202
f 3202//3202 3272//3272 3274//3274
f 3201//3201 3275//3275 3196//3196
f 3196//3196 3275//3275 3276//3276
f 3196//3196 3276//3276 3195//3195
f 3167//3167 3171//3171 3261//3261
f 3277//3277 3181//3181 3186//3186
f 3277//3277 3186//3186 3278//3278
f 3278//3278 3186//3186 3188//3188
f 3278//3278 3188//3188 3276//3276
f 3276//3276 3188//3188 3190//3190
f 3276//3276 3190//3190 3195//3195
f 3246//3246 3280//3280 3244//3244
f 3244//3244 3280//3280 3283//3283
f 3244//3244 3283//3283 3241//3241
f 3241//3241 3283//3283 3285//3285
f 3241//3241 3285//3285 3238//3238
f 3238//3238 3285//3285 3287//3287
f 3238//3238 3287//3287 3235//3235
f 3235//3235 3287//3287 3288//3288
f 3235//3235 3288//3288 3234//3234
f 3234//3234 3288//3288 3289//3289
f 3234//3234 3289//3289 3232//3232
f 3232//3232 3289//3289 3290//3290
f 3232//3232 3290//3290 3231//3231
f 3231//3231 3290//3290 3291//3291
f 3246//3246 3250//3250 3280//3280
f 3280//3280 3250//3250 3253//3253
f 3280//3280 3253//3253 3293//3293
f 3293//3293 3253//3253 3256//3256
f 3293//3293 3256//3256 3295//3295
f 3295//3295 3256//3256 3258//3258
f 3295//3295 3258//3258 3300//3300
f 3300//3300 3258//3258 3211//3211
f 3300//3300 3211//3211 3301//3301
f 3301//3301 3211//3211 3216//3216
f 3303//3303 3216//3216 3217//3217
f 3303//3303 3217//3217 3304//3304
f 3304//3304 3217//3217 3222//3222
f 3304//3304 3222//3222 3291//3291
f 3291//3291 3222//3222 3223//3223
f 3291//3291 3223//3223 3226//3226
f 3305//3305 3260//3260 3306//3306
f 3262//3262 3307//3307 3266//3266
f 3266//3266 3307//3307 3309//3309
f 3265//3265 3308//3308 3269//3269
f 3269//3269 3308//3308 3311//3311
f 3268//3268 3310//3310 3271//3271
f 3313//3313 3273//3273 3270//3270
f 3313//3313 3270//3270 3312//3312
f 3315//3315 3299//3299 3302//3302
f 3298//3298 3314//3314 3296//3296
f 3296//3296 3314//3314 3316//3316
f 3297//3297 3317//3317 3292//3292
f 3292//3292 3317//3317 3319//3319
f 3294//3294 3318//3318 3281//3281
f 3279//3279 3320//3320 3282//3282
f 3282//3282 3320//3320 3321//3321
f 3284//3284 3322//3322 3286//3286
f 3337//3337 3340//3340 3339//3339
f 3338//3338 3341//3341 3342//3342
f 3387//3387 3385//3385 3389//3389
f 3398//3398 3400//3400 3394//3394
f 3391//3391 3399//3399 3401//3401
f 3402//3402 3404//3404 3395//3395
f 3392//3392 3403//3403 3405//3405
f 3390//3390 3406//3406 3397//3397
f 3451//3451 3364//3364 3452//3452
f 3452//3452 3364//3364 3369//3369
f 3453//3453 3370//3370 3456//3456
f 3456//3456 3370//3370 3382//3382
f 3455//3455 3381//3381 3460//3460
f 3460//3460 3381//3381 3384//3384
f 3458//3458 3383//3383 3461//3461
f 3461//3461 3383//3383 3366//3366
f 3463//3463 3365//3365 3465//3465
f 3465//3465 3365//3365 3368//3368
f 3466//3466 3367//3367 3469//3469
f 3469//3469 3367//3367 3372//3372
f 3467//3467 3371//3371 3472//3472
f 3472//3472 3371//3371 3373//3373
f 3470//3470 3374//3374 3474//3474
f 3474//3474 3374//3374 3380//3380
f 3475//3475 3379//3379 3476//3476
f 3476//3476 3379//3379 3377//3377
f 3478//3478 3378//3378 3480//3480
f 3480//3480 3378//3378 3375//3375
f 3479//3479 3376//3376 3482//3482
f 3487//3487 3494//3494 3496//3496
f 3495//3495 3489//3489 3497//3497
f 3386//3386 3388//3388 3486//3486
f 3488//3488 3484//3484 3492//3492
f 3396//3396 3503//3503 3505//3505
f 3393//3393 3506//3506 3411//3411
f 3407//3407 3504//3504 3508//3508
f 3410//3410 3507//3507 3510//3510
f 3519//3519 3418//3418 3524//3524
f 3523//3523 3420//3420 3409//3409
f 3520//3520 3408//3408 3511//3511
f 3417//3417 3518//3518 3525//3525
f 3419//3419 3526//3526 3423//3423
f 3422//3422 3527//3527 3533//3533
f 3424//3424 3532//3532 3536//3536
f 3535//3535 3542//3542 3421//3421
f 3421//3421 3542//3542 3425//3425
f 3543//3543 3414//3414 3539//3539
f 3539//3539 3414//3414 3426//3426
f 3414//3414 3543//3543 3415//3415
f 3415//3415 3543//3543 3547//3547
f 3416//3416 3546//3546 3413//3413
f 3413//3413 3546//3546 3552//3552
f 3412//3412 3554//3554 3427//3427
f 3431//3431 3553//3553 3555//3555
f 3430//3430 3558//3558 3560//3560
f 3563//3563 3433//3433 3572//3572
f 3570//3570 3432//3432 3429//3429
f 3568//3568 3428//3428 3562//3562
f 3436//3436 3434//3434 3576//3576
f 3576//3576 3434//3434 3567//3567
f 3435//3435 3577//3577 3438//3438
f 3440//3440 3578//3578 3582//3582
f 3439//3439 3581//3581 3587//3587
f 3441//3441 3437//3437 3588//3588
f 3588//3588 3437//3437 3586//3586
f 3591//3591 3442//3442 3594//3594
f 3594//3594 3442//3442 3443//3443
f 3594//3594 3443//3443 3598//3598
f 3598//3598 3443//3443 3444//3444
f 3598//3598 3444//3444 3601//3601
f 3601//3601 3444//3444 3445//3445
f 3601//3601 3445//3445 3604//3604
f 3604//3604 3445//3445 3446//3446
f 3604//3604 3446//3446 3608//3608
f 3629//3629 3450//3450 3631//3631
f 3631//3631 3450//3450 3454//3454
f 3631//3631 3454//3454 3634//3634
f 3634//3634 3454//3454 3457//3457
f 3634//3634 3457//3457 3636//3636
f 3636//3636 3457//3457 3459//3459
f 3636//3636 3459//3459 3640//3640
f 3640//3640 3459//3459 3462//3462
f 3640//3640 3462//3462 3642//3642
f 3642//3642 3462//3462 3464//3464
f 3642//3642 3464//3464 3645//3645
f 3464//3464 3468//3468 3645//3645
f 3645//3645 3468//3468 3471//3471
f 3645//3645 3471//3471 3649//3649
f 3649//3649 3471//3471 3473//3473
f 3649//3649 3473//3473 3653//3653
f 3653//3653 3473//3473 3477//3477
f 3653//3653 3477//3477 3656//3656
f 3656//3656 3477//3477 3481//3481
f 3656//3656 3481//3481 3657//3657
f 3657//3657 3481//3481 3483//3483
f 3657//3657 3483//3483 3659//3659
f 3659//3659 3483//3483 3447//3447
f 3659//3659 3447//3447 3663//3663
f 3663//3663 3447//3447 3448//3448
f 3629//3629 3449//3449 3450//3450
f 3672//3672 3491//3491 3485//3485
f 3671//3671 3674//3674 3490//3490
f 3493//3493 3673//3673 3498//3498
f 3501//3501 3500//3500 3679//3679
f 3675//3675 3502//3502 3499//3499
f 3514//3514 3509//3509 3677//3677
f 3517//3517 3522//3522 3681//3681
f 3537//3537 3531//3531 3691//3691
f 3692//3692 3697//3697 3698//3698
f 3541//3541 3534//3534 3702//3702
f 3701//3701 3538//3538 3690//3690
f 3699//3699 3686//3686 3706//3706
f 3708//3708 3688//3688 3713//3713
f 3709//3709 3711//3711 3694//3694
f 3695//3695 3710//3710 3715//3715
f 3530//3530 3529//3529 3687//3687
f 3687//3687 3529//3529 3720//3720
f 3689//3689 3719//3719 3712//3712
f 3712//3712 3719//3719 3725//3725
f 3714//3714 3723//3723 3716//3716
f 3716//3716 3723//3723 3726//3726
f 3528//3528 3516//3516 3721//3721
f 3718//3718 3515//3515 3682//3682
f 3717//3717 3680//3680 3724//3724
f 3724//3724 3680//3680 3729//3729
f 3722//3722 3728//3728 3727//3727
f 3678//3678 3730//3730 3685//3685
f 3676//3676 3683//3683 3512//3512
f 3513//3513 3684//3684 3521//3521
f 3693//3693 3731//3731 3738//3738
f 3696//3696 3737//3737 3705//3705
f 3707//3707 3734//3734 3743//3743
f 3704//3704 3741//3741 3700//3700
f 3700//3700 3741//3741 3744//3744
f 3703//3703 3746//3746 3540//3540
f 3540//3540 3746//3746 3544//3544
f 3545//3545 3544//3544 3746//3746
f 3733//3733 3749//3749 3752//3752
f 3732//3732 3750//3750 3735//3735
f 3756//3756 3556//3556 3551//3551
f 3736//3736 3753//3753 3739//3739
f 3740//3740 3751//3751 3757//3757
f 3742//3742 3758//3758 3745//3745
f 3745//3745 3758//3758 3550//3550
f 3747//3747 3549//3549 3548//3548
f 3559//3559 3557//3557 3762//3762
f 3764//3764 3765//3765 3768//3768
f 3768//3768 3765//3765 3772//3772
f 3770//3770 3775//3775 3778//3778
f 3778//3778 3775//3775 3779//3779
f 3767//3767 3583//3583 3771//3771
f 3773//3773 3584//3584 3579//3579
f 3774//3774 3574//3574 3782//3782
f 3783//3783 3575//3575 3564//3564
f 3565//3565 3573//3573 3786//3786
f 3566//3566 3785//3785 3781//3781
f 3780//3780 3788//3788 3790//3790
f 3780//3780 3790//3790 3776//3776
f 3777//3777 3763//3763 3769//3769
f 3748//3748 3789//3789 3754//3754
f 3755//3755 3791//3791 3787//3787
f 3755//3755 3787//3787 3759//3759
f 3760//3760 3784//3784 3571//3571
f 3761//3761 3569//3569 3561//3561
f 3585//3585 3580//3580 3766//3766
f 3607//3607 3794//3794 3605//3605
f 3605//3605 3794//3794 3797//3797
f 3603//3603 3798//3798 3602//3602
f 3602//3602 3798//3798 3800//3800
f 3600//3600 3801//3801 3597//3597
f 3597//3597 3801//3801 3802//3802
f 3599//3599 3803//3803 3596//3596
f 3596//3596 3803//3803 3807//3807
f 3595//3595 3805//3805 3593//3593
f 3593//3593 3805//3805 3809//3809
f 3592//3592 3808//3808 3589//3589
f 3589//3589 3808//3808 3813//3813
f 3590//3590 3812//3812 3626//3626
f 3626//3626 3812//3812 3816//3816
f 3625//3625 3814//3814 3624//3624
f 3624//3624 3814//3814 3817//3817
f 3623//3623 3819//3819 3622//3622
f 3622//3622 3819//3819 3822//3822
f 3621//3621 3821//3821 3620//3620
f 3620//3620 3821//3821 3823//3823
f 3619//3619 3824//3824 3618//3618
f 3618//3618 3824//3824 3827//3827
f 3617//3617 3826//3826 3616//3616
f 3616//3616 3826//3826 3830//3830
f 3615//3615 3831//3831 3614//3614
f 3614//3614 3831//3831 3834//3834
f 3613//3613 3833//3833 3612//3612
f 3612//3612 3833//3833 3835//3835
f 3611//3611 3836//3836 3610//3610
f 3610//3610 3836//3836 3838//3838
f 3609//3609 3840//3840 3606//3606
f 3606//3606 3840//3840 3795//3795
f 3647//3647 3841//3841 3644//3644
f 3644//3644 3841//3841 3846//3846
f 3643//3643 3845//3845 3639//3639
f 3639//3639 3845//3845 3849//3849
f 3641//3641 3848//3848 3638//3638
f 3638//3638 3848//3848 3851//3851
f 3637//3637 3852//3852 3635//3635
f 3635//3635 3852//3852 3853//3853
f 3633//3633 3854//3854 3630//3630
f 3630//3630 3854//3854 3858//3858
f 3632//3632 3857//3857 3627//3627
f 3627//3627 3857//3857 3860//3860
f 3628//3628 3861//3861 3670//3670
f 3670//3670 3861//3861 3864//3864
f 3669//3669 3863//3863 3667//3667
f 3667//3667 3863//3863 3866//3866
f 3668//3668 3865//3865 3665//3665
f 3665//3665 3865//3865 3870//3870
f 3666//3666 3869//3869 3664//3664
f 3664//3664 3869//3869 3873//3873
f 3662//3662 3872//3872 3661//3661
f 3661//3661 3872//3872 3876//3876
f 3660//3660 3875//3875 3658//3658
f 3658//3658 3875//3875 3878//3878
f 3655//3655 3879//3879 3882//3882
f 3654//3654 3880//3880 3651//3651
f 3651//3651 3880//3880 3884//3884
f 3652//3652 3883//3883 3650//3650
f 3650//3650 3883//3883 3886//3886
f 3648//3648 3888//3888 3646//3646
f 3646//3646 3888//3888 3842//3842
f 3792//3792 3890//3890 3889//3889
f 3897//3897 3901//3901 3829//3829
f 3829//3829 3828//3828 3897//3897
f 3897//3897 3828//3828 3825//3825
f 3897//3897 3825//3825 3904//3904
f 3904//3904 3825//3825 3820//3820
f 3904//3904 3820//3820 3909//3909
f 3909//3909 3820//3820 3818//3818
f 3909//3909 3818//3818 3917//3917
f 3917//3917 3818//3818 3815//3815
f 3917//3917 3815//3815 3920//3920
f 3920//3920 3815//3815 3811//3811
f 3920//3920 3811//3811 3923//3923
f 3923//3923 3811//3811 3810//3810
f 3923//3923 3810//3810 3930//3930
f 3930//3930 3810//3810 3806//3806
f 3930//3930 3806//3806 3935//3935
f 3935//3935 3806//3806 3804//3804
f 3935//3935 3804//3804 3941//3941
f 3941//3941 3804//3804 3799//3799
f 3941//3941 3799//3799 3946//3946
f 3946//3946 3799//3799 3796//3796
f 3946//3946 3796//3796 3951//3951
f 3951//3951 3796//3796 3793//3793
f 3951//3951 3793//3793 3952//3952
f 3952//3952 3793//3793 3839//3839
f 3952//3952 3839//3839 3955//3955
f 3955//3955 3839//3839 3837//3837
f 3955//3955 3837//3837 3901//3901
f 3901//3901 3837//3837 3832//3832
f 3901//3901 3832//3832 3829//3829
f 3961//3961 3965//3965 3877//3877
f 3877//3877 3874//3874 3961//3961
f 3961//3961 3874//3874 3871//3871
f 3961//3961 3871//3871 3970//3970
f 3970//3970 3871//3871 3868//3868
f 3970//3970 3868//3868 3975//3975
f 3975//3975 3868//3868 3867//3867
f 3975//3975 3867//3867 3983//3983
f 3983//3983 3867//3867 3862//3862
f 3983//3983 3862//3862 3985//3985
f 3985//3985 3862//3862 3859//3859
f 3985//3985 3859//3859 3990//3990
f 3990//3990 3859//3859 3856//3856
f 3990//3990 3856//3856 3997//3997
f 3997//3997 3856//3856 3855//3855
f 3997//3997 3855//3855 4000//4000
f 4000//4000 3855//3855 3850//3850
f 4000//4000 3850//3850 4009//4009
f 4009//4009 3850//3850 3847//3847
f 4009//4009 3847//3847 4011//4011
f 4011//4011 3847//3847 3844//3844
f 4011//4011 3844//3844 4019//4019
f 4019//4019 3844//3844 3843//3843
f 4019//4019 3843//3843 4025//4025
f 4025//4025 3843//3843 3887//3887
f 4025//4025 3887//3887 4026//4026
f 4026//4026 3887//3887 3885//3885
f 4026//4026 3885//3885 3965//3965
f 3965//3965 3885//3885 3881//3881
f 3965//3965 3881//3881 3877//3877
f 4033//4033 4034//4034 3934//3934
f 3932//3932 4036//4036 4037//4037
f 3936//3936 4039//4039 3927//3927
f 4031//4031 3933//3933 4043//4043
f 4044//4044 3931//3931 3938//3938
f 4045//4045 3937//3937 4047//4047
f 4049//4049 3940//3940 4054//4054
f 4050//4050 3939//3939 3945//3945
f 4055//4055 3944//3944 4056//4056
f 4057//4057 3943//3943 4064//4064
f 4063//4063 3942//3942 3947//3947
f 4062//4062 3950//3950 4065//4065
f 4069//4069 4078//4078 3913//3913
f 3915//3915 3919//3919 4070//4070
f 4071//4071 3918//3918 3922//3922
f 4074//4074 3925//3925 4082//4082
f 4040//4040 4085//4085 3926//3926
f 3929//3929 4086//4086 4089//4089
f 3928//3928 4088//4088 3921//3921
f 3921//3921 4088//4088 4093//4093
f 3924//3924 4092//4092 4083//4083
f 4066//4066 3949//3949 4097//4097
f 4100//4100 3948//3948 3953//3953
f 4098//4098 3954//3954 3956//3956
f 3898//3898 4103//4103 3957//3957
f 3959//3959 4102//4102 4109//4109
f 3958//3958 4106//4106 4099//4099
f 3896//3896 4112//4112 4116//4116
f 4115//4115 4120//4120 3895//3895
f 3894//3894 4119//4119 4124//4124
f 3893//3893 4126//4126 3899//3899
f 3902//3902 4125//4125 4130//4130
f 3900//3900 4129//4129 4101//4101
f 4110//4110 3892//3892 4134//4134
f 4135//4135 3891//3891 3903//3903
f 4132//4132 3906//3906 4139//4139
f 4136//4136 3905//3905 4142//4142
f 4144//4144 3907//3907 3910//3910
f 4140//4140 3912//3912 4148//4148
f 4146//4146 3908//3908 4149//4149
f 4153//4153 3911//3911 3914//3914
f 4151//4151 3916//3916 4075//4075
f 4155//4155 4005//4005 4158//4158
f 4157//4157 4004//4004 4164//4164
f 4154//4154 4166//4166 4003//4003
f 3999//3999 4167//4167 4169//4169
f 3998//3998 4170//4170 3995//3995
f 4160//4160 4001//4001 4178//4178
f 4176//4176 4002//4002 4010//4010
f 4177//4177 4006//4006 4180//4180
f 4183//4183 4007//4007 4186//4186
f 4184//4184 4008//4008 4013//4013
f 4185//4185 4015//4015 4191//4191
f 4192//4192 4012//4012 4194//4194
f 4195//4195 4014//4014 4017//4017
f 4197//4197 4018//4018 4198//4198
f 4205//4205 3982//3982 4212//4212
f 4208//4208 3981//3981 3986//3986
f 4207//4207 3987//3987 3992//3992
f 4171//4171 4214//4214 3993//3993
f 3996//3996 4213//4213 4218//4218
f 3994//3994 4217//4217 3988//3988
f 3989//3989 4219//4219 4222//4222
f 3991//3991 4225//4225 4211//4211
f 4227//4227 4231//4231 3966//3966
f 4021//4021 4233//4233 4020//4020
f 4016//4016 4234//4234 4200//4200
f 3969//3969 4230//4230 4027//4027
f 4232//4232 4242//4242 4029//4029
f 4030//4030 4241//4241 4246//4246
f 4028//4028 4244//4244 4023//4023
f 4022//4022 4245//4245 4248//4248
f 4024//4024 4249//4249 4238//4238
f 3962//3962 4254//4254 4256//4256
f 3963//3963 4255//4255 3967//3967
f 3967//3967 4255//4255 4259//4259
f 3968//3968 4260//4260 4228//4228
f 4253//4253 3964//3964 4265//4265
f 4262//4262 3960//3960 3973//3973
f 4261//4261 3974//3974 4268//4268
f 4267//4267 3972//3972 4273//4273
f 4275//4275 3971//3971 3977//3977
f 4270//4270 3976//3976 4279//4279
f 4280//4280 3978//3978 4281//4281
f 4283//4283 3979//3979 3980//3980
f 4282//4282 3984//3984 4204//4204
f 4285//4285 4292//4292 4297//4297
f 4302//4302 4307//4307 4309//4309
f 4312//4312 4313//4313 4293//4293
f 4311//4311 4290//4290 4314//4314
f 4314//4314 4290//4290 4286//4286
f 4315//4315 4287//4287 4317//4317
f 4318//4318 4288//4288 4321//4321
f 4316//4316 4319//4319 4325//4325
f 4324//4324 4320//4320 4327//4327
f 4324//4324 4327//4327 4330//4330
f 4329//4329 4326//4326 4333//4333
f 4329//4329 4333//4333 4336//4336
f 4338//4338 4347//4347 4352//4352
f 4353//4353 4346//4346 4356//4356
f 4118//4118 4117//4117 4357//4357
f 4357//4357 4117//4117 4113//4113
f 4141//4141 4349//4349 4138//4138
f 4137//4137 4350//4350 4131//4131
f 4076//4076 4354//4354 4152//4152
f 4152//4152 4354//4354 4351//4351
f 4150//4150 4339//4339 4145//4145
f 4147//4147 4348//4348 4143//4143
f 4084//4084 4366//4366 4073//4073
f 4072//4072 4367//4367 4370//4370
f 4072//4072 4370//4370 4080//4080
f 4079//4079 4369//4369 4371//4371
f 4077//4077 4372//4372 4355//4355
f 4081//4081 4094//4094 4368//4368
f 4368//4368 4094//4094 4091//4091
f 4368//4368 4091//4091 4373//4373
f 4375//4375 4090//4090 4087//4087
f 4375//4375 4087//4087 4376//4376
f 4376//4376 4087//4087 4038//4038
f 4376//4376 4038//4038 4377//4377
f 4377//4377 4038//4038 4035//4035
f 4337//4337 4335//4335 4343//4343
f 4340//4340 4334//4334 4379//4379
f 4344//4344 4378//4378 4383//4383
f 4310//4310 4306//4306 4385//4385
f 4382//4382 4304//4304 4363//4363
f 4384//4384 4358//4358 4345//4345
f 4342//4342 4362//4362 4111//4111
f 4341//4341 4114//4114 4133//4133
f 4388//4388 4389//4389 4400//4400
f 4123//4123 4118//4118 4357//4357
f 4408//4408 4409//4409 4416//4416
f 4417//4417 4410//4410 4420//4420
f 4411//4411 4424//4424 4425//4425
f 4425//4425 4427//4427 4411//4411
f 4414//4414 4426//4426 4428//4428
f 4414//4414 4428//4428 4419//4419
f 4423//4423 4429//4429 4432//4432
f 4421//4421 4430//4430 4434//4434
f 4439//4439 4444//4444 4405//4405
f 4404//4404 4445//4445 4446//4446
f 4364//4364 4303//4303 4454//4454
f 4455//4455 4305//4305 4301//4301
f 4453//4453 4299//4299 4458//4458
f 4377//4377 4035//4035 4032//4032
f 4377//4377 4032//4032 4459//4459
f 4459//4459 4032//4032 4042//4042
f 4460//4460 4041//4041 4461//4461
f 4046//4046 4048//4048 4462//4462
f 4462//4462 4048//4048 4051//4051
f 4463//4463 4052//4052 4464//4464
f 4466//4466 4053//4053 4058//4058
f 4465//4465 4059//4059 4390//4390
f 4095//4095 4403//4403 4067//4067
f 4067//4067 4403//4403 4391//4391
f 4068//4068 4392//4392 4061//4061
f 4061//4061 4392//4392 4060//4060
f 4096//4096 4107//4107 4396//4396
f 4393//4393 4108//4108 4105//4105
f 4397//4397 4104//4104 4127//4127
f 4452//4452 4438//4438 4359//4359
f 4360//4360 4441//4441 4395//4395
f 4361//4361 4401//4401 4122//4122
f 4121//4121 4402//4402 4128//4128
f 4431//4431 4467//4467 4437//4437
f 4435//4435 4468//4468 4470//4470
f 4436//4436 4469//4469 4447//4447
f 4447//4447 4469//4469 4471//4471
f 4450//4450 4473//4473 4394//4394
f 4398//4398 4472//4472 4474//4474
f 4399//4399 4475//4475 4387//4387
f 4156//4156 4159//4159 4481//4481
f 4491//4491 4500//4500 4507//4507
f 4508//4508 4499//4499 4477//4477
f 4509//4509 4478//4478 4511//4511
f 4512//4512 4476//4476 4517//4517
f 4512//4512 4517//4517 4519//4519
f 4525//4525 4291//4291 4531//4531
f 4530//4530 4295//4295 4490//4490
f 4518//4518 4534//4534 4522//4522
f 4522//4522 4534//4534 4537//4537
f 4522//4522 4537//4537 4539//4539
f 4538//4538 4535//4535 4544//4544
f 4540//4540 4543//4543 4523//4523
f 4528//4528 4545//4545 4296//4296
f 4524//4524 4297//4297 4292//4292
f 4293//4293 4313//4313 4546//4546
f 4547//4547 4492//4492 4550//4550
f 4549//4549 4486//4486 4294//4294
f 4549//4549 4294//4294 4551//4551
f 4552//4552 4293//4293 4546//4546
f 4226//4226 4258//4258 4553//4553
f 4553//4553 4258//4258 4257//4257
f 4553//4553 4257//4257 4555//4555
f 4257//4257 4252//4252 4555//4555
f 4555//4555 4252//4252 4266//4266
f 4554//4554 4263//4263 4557//4557
f 4264//4264 4269//4269 4558//4558
f 4558//4558 4269//4269 4274//4274
f 4556//4556 4272//4272 4561//4561
f 4560//4560 4271//4271 4276//4276
f 4559//4559 4278//4278 4564//4564
f 4562//4562 4277//4277 4284//4284
f 4203//4203 4210//4210 4498//4498
f 4503//4503 4209//4209 4224//4224
f 4504//4504 4223//4223 4220//4220
f 4221//4221 4215//4215 4494//4494
f 4495//4495 4216//4216 4174//4174
f 4505//4505 4173//4173 4483//4483
f 4484//4484 4172//4172 4165//4165
f 4481//4481 4168//4168 4156//4156
f 4284//4284 4206//4206 4562//4562
f 4563//4563 4203//4203 4498//4498
f 4565//4565 4506//4506 4567//4567
f 4566//4566 4496//4496 4569//4569
f 4548//4548 4571//4571 4487//4487
f 4488//4488 4570//4570 4574//4574
f 4489//4489 4573//4573 4497//4497
f 4502//4502 4572//4572 4576//4576
f 4501//4501 4575//4575 4568//4568
f 4532//4532 4516//4516 4579//4579
f 4580//4580 4424//4424 4411//4411
f 4581//4581 4412//4412 4582//4582
f 4583//4583 4586//4586 4589//4589
f 4591//4591 4584//4584 4593//4593
f 4590//4590 4592//4592 4597//4597
f 4598//4598 4595//4595 4601//4601
f 4598//4598 4601//4601 4603//4603
f 4602//4602 4599//4599 4607//4607
f 4602//4602 4607//4607 4608//4608
f 4610//4610 4614//4614 4624//4624
f 4625//4625 4615//4615 4627//4627
f 4481//4481 4159//4159 4162//4162
f 4187//4187 4611//4611 4182//4182
f 4181//4181 4613//4613 4175//4175
f 4237//4237 4250//4250 4630//4630
f 4188//4188 4190//4190 4617//4617
f 4618//4618 4189//4189 4196//4196
f 4620//4620 4193//4193 4626//4626
f 4626//4626 4193//4193 4202//4202
f 4628//4628 4199//4199 4633//4633
f 4634//4634 4201//4201 4235//4235
f 4632//4632 4236//4236 4636//4636
f 4635//4635 4239//4239 4631//4631
f 4251//4251 4247//4247 4629//4629
f 4629//4629 4247//4247 4240//4240
f 4629//4629 4240//4240 4637//4637
f 4638//4638 4243//4243 4229//4229
f 4638//4638 4229//4229 4639//4639
f 4639//4639 4229//4229 4226//4226
f 4639//4639 4226//4226 4553//4553
f 4609//4609 4604//4604 4622//4622
f 4623//4623 4605//4605 4642//4642
f 4621//4621 4640//4640 4647//4647
f 4577//4577 4515//4515 4643//4643
f 4645//4645 4514//4514 4482//4482
f 4644//4644 4479//4479 4619//4619
f 4616//4616 4480//4480 4161//4161
f 4612//4612 4163//4163 4179//4179
f 4582//4582 4412//4412 4588//4588
f 4587//4587 4413//4413 4406//4406
f 4587//4587 4406//4406 4649//4649
f 4656//4656 4322//4322 4289//4289
f 4656//4656 4289//4289 4659//4659
f 4659//4659 4289//4289 4298//4298
f 4659//4659 4298//4298 4660//4660
f 4660//4660 4298//4298 4665//4665
f 4665//4665 4298//4298 4542//4542
f 4665//4665 4542//4542 4667//4667
f 4672//4672 4674//4674 4536//4536
f 4536//4536 4674//4674 4678//4678
f 4536//4536 4678//4678 4542//4542
f 4542//4542 4678//4678 4680//4680
f 4542//4542 4680//4680 4667//4667
f 4323//4323 4652//4652 4328//4328
f 4328//4328 4652//4652 4684//4684
f 4328//4328 4684//4684 4332//4332
f 4331//4331 4682//4682 4380//4380
f 4380//4380 4682//4682 4686//4686
f 4380//4380 4686//4686 4386//4386
f 4690//4690 4692//4692 4308//4308
f 4308//4308 4692//4692 4696//4696
f 4308//4308 4696//4696 4300//4300
f 4300//4300 4696//4696 4701//4701
f 4300//4300 4701//4701 4456//4456
f 4690//4690 4308//4308 4705//4705
f 4705//4705 4308//4308 4381//4381
f 4705//4705 4381//4381 4687//4687
f 4374//4374 4706//4706 4365//4365
f 4700//4700 4709//4709 4457//4457
f 4457//4457 4709//4709 4713//4713
f 4457//4457 4713//4713 4451//4451
f 4451//4451 4713//4713 4715//4715
f 4451//4451 4715//4715 4440//4440
f 4442//4442 4716//4716 4443//4443
f 4443//4443 4716//4716 4721//4721
f 4443//4443 4721//4721 4449//4449
f 4448//4448 4719//4719 4433//4433
f 4433//4433 4719//4719 4723//4723
f 4433//4433 4723//4723 4422//4422
f 4728//4728 4732//4732 4415//4415
f 4415//4415 4732//4732 4733//4733
f 4415//4415 4733//4733 4407//4407
f 4407//4407 4733//4733 4737//4737
f 4407//4407 4737//4737 4651//4651
f 4728//4728 4415//4415 4740//4740
f 4740//4740 4415//4415 4418//4418
f 4740//4740 4418//4418 4725//4725
f 4744//4744 4748//4748 4578//4578
f 4578//4578 4748//4748 4753//4753
f 4578//4578 4753//4753 4533//4533
f 4533//4533 4753//4753 4672//4672
f 4533//4533 4672//4672 4536//4536
f 4744//4744 4578//4578 4755//4755
f 4755//4755 4578//4578 4648//4648
f 4755//4755 4648//4648 4758//4758
f 4762//4762 4485//4485 4765//4765
f 4765//4765 4485//4485 4510//4510
f 4493//4493 4764//4764 4772//4772
f 4493//4493 4772//4772 4529//4529
f 4529//4529 4772//4772 4776//4776
f 4529//4529 4776//4776 4526//4526
f 4527//4527 4775//4775 4778//4778
f 4527//4527 4778//4778 4541//4541
f 4541//4541 4778//4778 4782//4782
f 4541//4541 4782//4782 4520//4520
f 4768//4768 4513//4513 4785//4785
f 4785//4785 4513//4513 4521//4521
f 4785//4785 4521//4521 4781//4781
f 4736//4736 4788//4788 4650//4650
f 4650//4650 4788//4788 4792//4792
f 4650//4650 4792//4792 4585//4585
f 4585//4585 4792//4792 4793//4793
f 4585//4585 4793//4793 4596//4596
f 4594//4594 4796//4796 4600//4600
f 4600//4600 4796//4796 4799//4799
f 4600//4600 4799//4799 4606//4606
f 4641//4641 4801//4801 4760//4760
f 4641//4641 4760//4760 4646//4646
f 4668//4668 4819//4819 4666//4666
f 4675//4675 4807//4807 4677//4677
f 4817//4817 4673//4673 4671//4671
f 4679//4679 4676//4676 4808//4808
f 4669//4669 4679//4679 4808//4808
f 4823//4823 4825//4825 4827//4827
f 4681//4681 4832//4832 4828//4828
f 4829//4829 4831//4831 4822//4822
f 4812//4812 4661//4661 4664//4664
f 4653//4653 4658//4658 4836//4836
f 4837//4837 4657//4657 4663//4663
f 4834//4834 4662//4662 4820//4820
f 4681//4681 4655//4655 4832//4832
f 4833//4833 4654//4654 4838//4838
f 4831//4831 4835//4835 4822//4822
f 4804//4804 4697//4697 4694//4694
f 4685//4685 4683//4683 4702//4702
f 4703//4703 4681//4681 4828//4828
f 4704//4704 4830//4830 4689//4689
f 4689//4689 4830//4830 4826//4826
f 4688//4688 4824//4824 4693//4693
f 4691//4691 4825//4825 4823//4823
f 4699//4699 4695//4695 4802//4802
f 4803//4803 4839//4839 4844//4844
f 4722//4722 4847//4847 4843//4843
f 4845//4845 4846//4846 4821//4821
f 4698//4698 4818//4818 4710//4710
f 4717//4717 4711//4711 4851//4851
f 4853//4853 4712//4712 4708//4708
f 4852//4852 4707//4707 4814//4814
f 4722//4722 4718//4718 4847//4847
f 4848//4848 4714//4714 4850//4850
f 4846//4846 4849//4849 4821//4821
f 4805//4805 4734//4734 4731//4731
f 4724//4724 4720//4720 4742//4742
f 4743//4743 4722//4722 4843//4843
f 4741//4741 4842//4842 4726//4726
f 4726//4726 4842//4842 4841//4841
f 4727//4727 4840//4840 4729//4729
f 4730//4730 4839//4839 4803//4803
f 4738//4738 4735//4735 4816//4816
f 4815//4815 4855//4855 4858//4858
f 4800//4800 4863//4863 4859//4859
f 4857//4857 4862//4862 4810//4810
f 4739//4739 4813//4813 4787//4787
f 4797//4797 4790//4790 4868//4868
f 4867//4867 4791//4791 4786//4786
f 4865//4865 4789//4789 4806//4806
f 4800//4800 4794//4794 4863//4863
f 4861//4861 4795//4795 4864//4864
f 4862//4862 4866//4866 4810//4810
f 4811//4811 4752//4752 4747//4747
f 4759//4759 4798//4798 4754//4754
f 4757//4757 4800//4800 4859//4859
f 4756//4756 4860//4860 4746//4746
f 4746//4746 4860//4860 4856//4856
f 4745//4745 4854//4854 4749//4749
f 4750//4750 4855//4855 4815//4815
f 4670//4670 4751//4751 4809//4809
f 4766//4766 4769//4769 4870//4870
f 4777//4777 4773//4773 4871//4871
f 4769//4769 4783//4783 4870//4870
f 4872//4872 4784//4784 4780//4780
f 4872//4872 4780//4780 4779//4779
f 4774//4774 4770//4770 4873//4873
f 4874//4874 4771//4771 4761//4761
f 4869//4869 4763//4763 4767//4767
f 4875//4875 4878//4878 4882//4882
f 4875//4875 4882//4882 4884//4884
f 4883//4883 4880//4880 4886//4886
f 4883//4883 4886//4886 4888//4888
f 4889//4889 4887//4887 4892//4892
f 4890//4890 4891//4891 4898//4898
f 4893//4893 4900//4900 4897//4897
f 4896//4896 4899//4899 4902//4902
f 4895//4895 4903//4903 4909//4909
f 4912//4912 4916//4916 4917//4917
f 4917//4917 4916//4916 4906//4906
f 4918//4918 4907//4907 4920//4920
f 4922//4922 4908//4908 4905//4905
f 4923//4923 4928//4928 4932//4932
f 4932//4932 4928//4928 4913//4913
f 4930//4930 4915//4915 4933//4933
f 4935//4935 4914//4914 4911//4911
f 4925//4925 4938//4938 4929//4929
f 4927//4927 4937//4937 4939//4939
f 4926//4926 4941//4941 4944//4944
f 4942//4942 4948//4948 4943//4943
f 4945//4945 4946//4946 4950//4950
f 4945//4945 4950//4950 4952//4952
f 4953//4953 4951//4951 4956//4956
f 4953//4953 4956//4956 4957//4957
f 4958//4958 4955//4955 4960//4960
f 4958//4958 4960//4960 4963//4963
f 4966//4966 4973//4973 3336//3336
f 3334//3334 4972//4972 3333//3333
f 3326//3326 3328//3328 4982//4982
f 3332//3332 4975//4975 3329//3329
f 3331//3331 4971//4971 4983//4983
f 3330//3330 4984//4984 3346//3346
f 3345//3345 4979//4979 3327//3327
f 3363//3363 3353//3353 4990//4990
f 4986//4986 3354//3354 3352//3352
f 4986//4986 3352//3352 3343//3343
f 3351//3351 3355//3355 4994//4994
f 4995//4995 3356//3356 3358//3358
f 4996//4996 3359//3359 4989//4989
f 4992//4992 3357//3357 3361//3361
f 4987//4987 3360//3360 3362//3362
f 3351//3351 4994//4994 3350//3350
f 3349//3349 4993//4993 4999//4999
f 3335//3335 3325//3325 4970//4970
f 4968//4968 3324//3324 3347//3347
f 4969//4969 3348//3348 5002//5002
f 3344//3344 4965//4965 4991//4991
f 4988//4988 4964//4964 4962//4962
f 4988//4988 4962//4962 4959//4959
f 3323//3323 4978//4978 4977//4977
f 4976//4976 4981//4981 4877//4877
f 4976//4976 4877//4877 4876//4876
f 5000//5000 5007//5007 5006//5006
f 4980//4980 4974//4974 4879//4879
f 4879//4879 4974//4974 4881//4881
f 1601//1601 4904//4904 1559//1559
f 1559//1559 4904//4904 4901//4901
f 1559//1559 4901//4901 1552//1552
f 1552//1552 4901//4901 4894//4894
f 1552//1552 4894//4894 1547//1547
f 1601//1601 1687//1687 4904//4904
f 4904//4904 1687//1687 1707//1707
f 4904//4904 1707//1707 1713//1713
f 1809//1809 1812//1812 5008//5008
f 5008//5008 1812//1812 1815//1815
f 5008//5008 1815//1815 1820//1820
f 1671//1671 4967//4967 1665//1665
f 1665//1665 4967//4967 5001//5001
f 1665//1665 5001//5001 1668//1668
f 1668//1668 5001//5001 5003//5003
f 1668//1668 5003//5003 1738//1738
f 1514//1514 1525//1525 4894//4894
f 4894//4894 1525//1525 1538//1538
f 4894//4894 1538//1538 1547//1547
f 1713//1713 1711//1711 4904//4904
f 4904//4904 1711//1711 1700//1700
f 4904//4904 1700//1700 5008//5008
f 5008//5008 1700//1700 1765//1765
f 5008//5008 1765//1765 1809//1809
f 1671//1671 1677//1677 4967//4967
f 4967//4967 1677//1677 1682//1682
f 4967//4967 1682//1682 1580//1580
f 4881//4881 4974//4974 4885//4885
f 4885//4885 4974//4974 4967//4967
f 4885//4885 4967//4967 4894//4894
f 4894//4894 4967//4967 1580//1580
f 4894//4894 1580//1580 1514//1514
f 1251//1251 1249//1249 4904//4904
f 1292//1292 1301//1301 4919//4919
f 1249//1249 1227//1227 4904//4904
f 4904//4904 1227//1227 1222//1222
f 4904//4904 1222//1222 4921//4921
f 4921//4921 1222//1222 1224//1224
f 4921//4921 1224//1224 4919//4919
f 4919//4919 1224//1224 1274//1274
f 4919//4919 1274//1274 1292//1292
f 1493//1493 1499//1499 5009//5009
f 1499//1499 1500//1500 5009//5009
f 5009//5009 1500//1500 1506//1506
f 5009//5009 1506//1506 5008//5008
f 5008//5008 1506//1506 1509//1509
f 5008//5008 1509//1509 1439//1439
f 1439//1439 1436//1436 5008//5008
f 5008//5008 1436//1436 1435//1435
f 5008//5008 1435//1435 1430//1430
f 1301//1301 1298//1298 4919//4919
f 4919//4919 1298//1298 1289//1289
f 4919//4919 1289//1289 5009//5009
f 5009//5009 1289//1289 1386//1386
f 5009//5009 1386//1386 1493//1493
f 1430//1430 1427//1427 5008//5008
f 5008//5008 1427//1427 1448//1448
f 5008//5008 1448//1448 1444//1444
f 1444//1444 1317//1317 5008//5008
f 5008//5008 1317//1317 1242//1242
f 5008//5008 1242//1242 4904//4904
f 4904//4904 1242//1242 1237//1237
f 4904//4904 1237//1237 1251//1251
f 951//951 946//946 4919//4919
f 924//924 4910//4910 919//919
f 919//919 4910//4910 4919//4919
f 919//919 4919//4919 928//928
f 928//928 4919//4919 946//946
f 924//924 974//974 4910//4910
f 4910//4910 974//974 992//992
f 4910//4910 992//992 999//999
f 1193//1193 1196//1196 5010//5010
f 1196//1196 1199//1199 5010//5010
f 5010//5010 1199//1199 1202//1202
f 5010//5010 1202//1202 5009//5009
f 5009//5009 1202//1202 1208//1208
f 5009//5009 1208//1208 1137//1137
f 1137//1137 1136//1136 5009//5009
f 5009//5009 1136//1136 1130//1130
f 5009//5009 1130//1130 1128//1128
f 999//999 994//994 4910//4910
f 4910//4910 994//994 987//987
f 4910//4910 987//987 5010//5010
f 5010//5010 987//987 1084//1084
f 5010//5010 1084//1084 1193//1193
f 1128//1128 1124//1124 5009//5009
f 5009//5009 1124//1124 1144//1144
f 5009//5009 1144//1144 1142//1142
f 1142//1142 1014//1014 5009//5009
f 5009//5009 1014//1014 939//939
f 5009//5009 939//939 4919//4919
f 4919//4919 939//939 936//936
f 4919//4919 936//936 951//951
f 648//648 646//646 4910//4910
f 895//895 896//896 5011//5011
f 689//689 698//698 4931//4931
f 646//646 625//625 4910//4910
f 4910//4910 625//625 619//619
f 4910//4910 619//619 4934//4934
f 4934//4934 619//619 621//621
f 4934//4934 621//621 4931//4931
f 4931//4931 621//621 670//670
f 4931//4931 670//670 689//689
f 895//895 5011//5011 890//890
f 904//904 836//836 5010//5010
f 904//904 5010//5010 903//903
f 836//836 832//832 5010//5010
f 5010//5010 832//832 830//830
f 5010//5010 830//830 826//826
f 698//698 692//692 4931//4931
f 4931//4931 692//692 683//683
f 4931//4931 683//683 5011//5011
f 5011//5011 683//683 783//783
f 5011//5011 783//783 890//890
f 826//826 822//822 5010//5010
f 5010//5010 822//822 842//842
f 5010//5010 842//842 840//840
f 840//840 712//712 5010//5010
f 5010//5010 712//712 638//638
f 5010//5010 638//638 4910//4910
f 4910//4910 638//638 636//636
f 4910//4910 636//636 648//648
f 347//347 343//343 4931//4931
f 318//318 4924//4924 316//316
f 316//316 4924//4924 4931//4931
f 316//316 4931//4931 324//324
f 324//324 4931//4931 343//343
f 318//318 369//369 4924//4924
f 4924//4924 369//369 389//389
f 4924//4924 389//389 395//395
f 587//587 591//591 5012//5012
f 591//591 595//595 5012//5012
f 5012//5012 595//595 601//601
f 5012//5012 601//601 5011//5011
f 5011//5011 601//601 603//603
f 5011//5011 603//603 535//535
f 535//535 530//530 5011//5011
f 5011//5011 530//530 529//529
f 5011//5011 529//529 525//525
f 395//395 392//392 4924//4924
f 4924//4924 392//392 383//383
f 4924//4924 383//383 5012//5012
f 5012//5012 383//383 480//480
f 5012//5012 480//480 587//587
f 525//525 520//520 5011//5011
f 5011//5011 520//520 541//541
f 5011//5011 541//541 536//536
f 536//536 411//411 5011//5011
f 5011//5011 411//411 335//335
f 5011//5011 335//335 4931//4931
f 4931//4931 335//335 333//333
f 4931//4931 333//333 347//347
f 43//43 42//42 4924//4924
f 290//290 292//292 5007//5007
f 83//83 94//94 4940//4940
f 42//42 21//21 4924//4924
f 4924//4924 21//21 15//15
f 4924//4924 15//15 4936//4936
f 4936//4936 15//15 18//18
f 4936//4936 18//18 4940//4940
f 4940//4940 18//18 66//66
f 4940//4940 66//66 83//83
f 290//290 5007//5007 285//285
f 301//301 233//233 5012//5012
f 301//301 5012//5012 296//296
f 233//233 228//228 5012//5012
f 5012//5012 228//228 224//224
f 5012//5012 224//224 221//221
f 94//94 89//89 4940//4940
f 4940//4940 89//89 81//81
f 4940//4940 81//81 5007//5007
f 5007//5007 81//81 179//179
f 5007//5007 179//179 285//285
f 221//221 218//218 5012//5012
f 5012//5012 218//218 239//239
f 5012//5012 239//239 234//234
f 234//234 106//106 5012//5012
f 5012//5012 106//106 33//33
f 5012//5012 33//33 4924//4924
f 4924//4924 33//33 30//30
f 4924//4924 30//30 43//43
f 2073//2073 2072//2072 4940//4940
f 2072//2072 2057//2057 4940//4940
f 4940//4940 2057//2057 2055//2055
f 4940//4940 2055//2055 4947//4947
f 4947//4947 2055//2055 2092//2092
f 4947//4947 2092//2092 4949//4949
f 4949//4949 2092//2092 2087//2087
f 4949//4949 2087//2087 4954//4954
f 4954//4954 2087//2087 2097//2097
f 4954//4954 2097//2097 2111//2111
f 4998//4998 1930//1930 5000//5000
f 5000//5000 1930//1930 1826//1826
f 5000//5000 1826//1826 5007//5007
f 5007//5007 1826//1826 1824//1824
f 5007//5007 1824//1824 1852//1852
f 1852//1852 1868//1868 5007//5007
f 5007//5007 1868//1868 1878//1878
f 5007//5007 1878//1878 1873//1873
f 1891//1891 1907//1907 4997//4997
f 4997//4997 1907//1907 1915//1915
f 4997//4997 1915//1915 4998//4998
f 4998//4998 1915//1915 1927//1927
f 4998//4998 1927//1927 1930//1930
f 1873//1873 1863//1863 5007//5007
f 5007//5007 1863//1863 1984//1984
f 5007//5007 1984//1984 4940//4940
f 4940//4940 1984//1984 2069//2069
f 4940//4940 2069//2069 2073//2073
f 2111//2111 2123//2123 4954//4954
f 4954//4954 2123//2123 1998//1998
f 4954//4954 1998//1998 4961//4961
f 1891//1891 4997//4997 1998//1998
f 1998//1998 4997//4997 4985//4985
f 1998//1998 4985//4985 4961//4961
f 292//292 296//296 5007//5007
f 5007//5007 296//296 5012//5012
f 5007//5007 5012//5012 5006//5006
f 5006//5006 5012//5012 5011//5011
f 5006//5006 5011//5011 5005//5005
f 896//896 903//903 5011//5011
f 5011//5011 903//903 5010//5010
f 5011//5011 5010//5010 5005//5005
f 5005//5005 5010//5010 5009//5009
f 5005//5005 5009//5009 5004//5004
f 5004//5004 5009//5009 5008//5008
f 5004//5004 5008//5008 5003//5003
f 5003//5003 5008//5008 1820//1820
f 5003//5003 1820//1820 1738//1738

