mtllib material.mtl
usemtl grey
v 0.01337600 0.04546600 -0.04160000
v 0.04936200 0.04518700 -0.04160000
v 0.05858900 0.03577200 -0.04160000
v 0.05858900 0.03577200 -0.04160000
v 0.05987000 0.03374100 -0.04160000
v 0.01906400 0.04714000 -0.04160000
v 0.01906400 0.04714000 -0.04160000
v 0.04471600 0.04713900 -0.04160000
v 0.05994800 0.03196700 -0.04160000
v 0.05994800 0.03196700 -0.04160000
v 0.05920000 0.03025700 -0.04160000
v 0.05920000 0.03025700 -0.04160000
v 0.05908100 0.03007500 -0.04160000
v 0.05908100 0.03007500 -0.04160000
v 0.05998300 0.03219400 -0.03960000
v 0.05858900 0.03577200 -0.03960000
v 0.05908100 0.03007500 -0.03950200
v 0.05975600 0.03126700 -0.03926400
v -0.01659700 0.02616300 0.04160000
v 0.01337600 0.04546600 0.04160000
v 0.01337600 0.04546600 0.04160000
v 0.01906400 0.04714000 0.04160000
v 0.04471600 0.04713900 0.04160000
v 0.04471600 0.04713900 0.04160000
v 0.04936200 0.04518700 0.04160000
v 0.05908100 0.03007500 0.04160000
v 0.02607400 -0.01785100 0.04160000
v 0.01648600 -0.03149000 -0.04027800
v 0.01648600 -0.03149000 -0.04027800
v 0.01730900 -0.03105400 -0.04027800
v 0.01730900 -0.03105400 -0.04027800
v 0.02058800 -0.02901000 -0.04027700
v 0.02058800 -0.02901000 -0.04027700
v 0.02209200 -0.02789600 -0.04027600
v 0.02209200 -0.02789600 -0.04027600
v -0.03205100 0.01393000 -0.04028200
v -0.03205100 0.01393000 -0.04028200
v -0.03205100 0.01393000 -0.04028200
v -0.03325600 0.01068700 -0.04027700
v -0.03325600 0.01068700 -0.04027700
v -0.03330600 0.01053100 -0.04027700
v -0.03330600 0.01053100 -0.04027700
v -0.03388900 0.00849100 -0.04027600
v 0.01896400 -0.03008700 -0.04027700
v 0.01896400 -0.03008700 -0.04027700
v 0.01897200 -0.03008200 -0.04027700
v 0.02055700 -0.02903200 -0.04027700
v 0.01343700 -0.03288400 -0.04027800
v 0.01343700 -0.03288400 -0.04027800
v 0.01202200 -0.03341500 -0.04027700
v 0.01202200 -0.03341500 -0.04027700
v 0.00787600 -0.03458100 -0.04027700
v 0.00787600 -0.03458100 -0.04027700
v 0.01033300 -0.03395600 -0.04027700
v 0.01033300 -0.03395600 -0.04027700
v 0.00045500 -0.03539300 -0.04027600
v 0.00114400 -0.03538300 -0.04027700
v 0.00114400 -0.03538300 -0.04027700
v 0.00542300 -0.03502700 -0.04027600
v 0.00542300 -0.03502700 -0.04027600
v 0.00662800 -0.03483100 -0.04027600
v -0.01101200 -0.03353800 -0.04027800
v -0.01101200 -0.03353800 -0.04027800
v -0.01101200 -0.03353800 -0.04027800
v -0.01089100 -0.03357900 -0.04027800
v -0.01089100 -0.03357900 -0.04027800
v -0.00536800 -0.03494000 -0.04027800
v -0.00536800 -0.03494000 -0.04027800
v -0.00445700 -0.03507500 -0.04027800
v -0.00445700 -0.03507500 -0.04027800
v 0.00044800 -0.03539400 -0.04027600
v 0.00044800 -0.03539400 -0.04027600
v -0.01373600 -0.03248600 -0.04027500
v -0.01373600 -0.03248600 -0.04027500
v -0.01636300 -0.03121300 -0.04027200
v -0.01636300 -0.03121300 -0.04027200
v -0.02048300 -0.02861200 -0.04027100
v -0.02048300 -0.02861200 -0.04027100
v -0.02123800 -0.02804200 -0.04027200
v -0.02123800 -0.02804200 -0.04027200
v -0.02496900 -0.02470500 -0.04027700
v -0.02496900 -0.02470500 -0.04027700
v -0.02554200 -0.02410200 -0.04027800
v -0.02554200 -0.02410200 -0.04027800
v -0.02858000 -0.02035100 -0.04027900
v -0.02858000 -0.02035100 -0.04027900
v -0.02914000 -0.01952900 -0.04027900
v -0.02914000 -0.01952900 -0.04027900
v -0.03149200 -0.01537900 -0.04027700
v -0.03149200 -0.01537900 -0.04027700
v -0.03360100 -0.00979700 -0.04027800
v -0.03321400 -0.01106700 -0.04027800
v -0.03321400 -0.01106700 -0.04027800
v -0.03298100 -0.01176000 -0.04027800
v -0.03298100 -0.01176000 -0.04027800
v -0.03193700 -0.01440900 -0.04027700
v -0.03193700 -0.01440900 -0.04027700
v -0.03384100 -0.00891100 -0.04027800
v -0.03384100 -0.00891100 -0.04027800
v -0.03478700 -0.00354800 -0.04027600
v -0.03478700 -0.00354800 -0.04027600
v -0.03495700 0.00030000 -0.04027600
v -0.03495700 0.00030000 -0.04027600
v -0.03495700 0.00032700 -0.04027600
v -0.03495700 0.00032700 -0.04027600
v -0.03395500 0.00822700 -0.04027600
v -0.03417300 0.00728300 -0.04027600
v -0.03417300 0.00728300 -0.04027600
v -0.03483700 0.00286600 -0.04027600
v -0.03483700 0.00286600 -0.04027600
v -0.03483700 0.00286600 -0.04027600
v -0.02086900 0.02498100 -0.04160000
v -0.02086900 0.02498100 -0.04160000
v -0.02185400 0.02355100 -0.04160000
v -0.02185400 0.02355100 -0.04160000
v -0.02427900 0.02603400 -0.04027600
v -0.02427900 0.02603400 -0.04027600
v -0.02286400 0.02213400 -0.04160000
v -0.02286400 0.02213400 -0.04160000
v -0.02641400 0.02312800 -0.04027200
v -0.02337200 0.02142800 -0.04160000
v -0.02337200 0.02142800 -0.04160000
v -0.02387900 0.02072200 -0.04160000
v -0.02387900 0.02072200 -0.04160000
v -0.02851700 0.02019800 -0.04027500
v -0.02488300 0.01930200 -0.04160000
v -0.02488300 0.01930200 -0.04160000
v -0.02862200 0.02004400 -0.04027500
v -0.02526600 0.01874800 -0.04160000
v -0.02526600 0.01874800 -0.04160000
v -0.02585800 0.01786600 -0.04160000
v -0.02585800 0.01786600 -0.04160000
v -0.03051500 0.01703200 -0.04028000
v -0.03051500 0.01703200 -0.04028000
v -0.02678700 0.01640100 -0.04160000
v -0.02678700 0.01640100 -0.04160000
v -0.02678700 0.01640100 -0.04160000
v -0.02843500 0.01334500 -0.04160000
v -0.02843500 0.01334500 -0.04160000
v -0.02843500 0.01334500 -0.04160000
v 0.00037700 -0.03186400 -0.04160000
v 0.00037700 -0.03186400 -0.04160000
v 0.00037700 -0.03186400 -0.04160000
v 0.00075700 -0.03186100 -0.04160000
v 0.00075700 -0.03186100 -0.04160000
v 0.00075700 -0.03186100 -0.04160000
v -0.03032100 0.00820000 -0.04160000
v -0.03032100 0.00820000 -0.04160000
v -0.03032100 0.00820000 -0.04160000
v -0.02879000 0.01255800 -0.04160000
v -0.02879000 0.01255800 -0.04160000
v -0.02879000 0.01255800 -0.04160000
v -0.02879000 0.01255800 -0.04160000
v -0.03053100 0.00738400 -0.04160000
v -0.03053100 0.00738400 -0.04160000
v -0.03053100 0.00738400 -0.04160000
v -0.03129000 0.00278500 -0.04160000
v -0.03129000 0.00278500 -0.04160000
v -0.03129000 0.00278500 -0.04160000
v -0.03129600 0.00272000 -0.04160000
v -0.03129600 0.00272000 -0.04160000
v -0.03129600 0.00272000 -0.04160000
v -0.03129600 0.00272000 -0.04160000
v -0.03133700 -0.00260400 -0.04160000
v -0.03133700 -0.00260400 -0.04160000
v -0.03133700 -0.00260400 -0.04160000
v -0.03132900 -0.00269900 -0.04160000
v -0.03132900 -0.00269900 -0.04160000
v -0.03049200 -0.00778300 -0.04160000
v -0.03049200 -0.00778300 -0.04160000
v -0.03049200 -0.00778300 -0.04160000
v -0.03046100 -0.00790500 -0.04160000
v -0.03046100 -0.00790500 -0.04160000
v -0.02998700 -0.00957500 -0.04160000
v -0.02998700 -0.00957500 -0.04160000
v -0.02998700 -0.00957500 -0.04160000
v -0.02998700 -0.00957500 -0.04160000
v -0.02825100 -0.01396100 -0.04160000
v -0.02825100 -0.01396100 -0.04160000
v -0.02825100 -0.01396100 -0.04160000
v -0.02825100 -0.01396100 -0.04160000
v -0.02620700 -0.01757500 -0.04160000
v -0.02620700 -0.01757500 -0.04160000
v -0.02620700 -0.01757500 -0.04160000
v -0.02592900 -0.01799100 -0.04160000
v -0.02592900 -0.01799100 -0.04160000
v -0.02592900 -0.01799100 -0.04160000
v -0.02308100 -0.02158300 -0.04160000
v -0.02308100 -0.02158300 -0.04160000
v -0.02308100 -0.02158300 -0.04160000
v -0.02263000 -0.02206300 -0.04160000
v -0.02263000 -0.02206300 -0.04160000
v -0.02263000 -0.02206300 -0.04160000
v -0.01920200 -0.02515400 -0.04160000
v -0.01920200 -0.02515400 -0.04160000
v -0.01920200 -0.02515400 -0.04160000
v -0.01900200 -0.02530900 -0.04160000
v -0.01900200 -0.02530900 -0.04160000
v -0.01900200 -0.02530900 -0.04160000
v -0.01454300 -0.02817800 -0.04160000
v -0.01454300 -0.02817800 -0.04160000
v -0.01454300 -0.02817800 -0.04160000
v -0.01454300 -0.02817800 -0.04160000
v -0.01454300 -0.02817800 -0.04160000
v -0.00967800 -0.03026800 -0.04160000
v -0.00967800 -0.03026800 -0.04160000
v -0.00967800 -0.03026800 -0.04160000
v -0.00967800 -0.03026800 -0.04160000
v -0.00487400 -0.03144800 -0.04160000
v -0.00487400 -0.03144800 -0.04160000
v -0.00487400 -0.03144800 -0.04160000
v -0.00453100 -0.03150200 -0.04160000
v -0.00453100 -0.03150200 -0.04160000
v -0.00453100 -0.03150200 -0.04160000
v 0.00563100 -0.03142200 -0.04160000
v 0.00563100 -0.03142200 -0.04160000
v 0.00563100 -0.03142200 -0.04160000
v 0.01136900 -0.02990100 -0.04160000
v 0.01136900 -0.02990100 -0.04160000
v 0.01136900 -0.02990100 -0.04160000
v 0.01136900 -0.02990100 -0.04160000
v 0.00700300 -0.03116200 -0.04160000
v 0.00700300 -0.03116200 -0.04160000
v 0.00700300 -0.03116200 -0.04160000
v 0.00700300 -0.03116200 -0.04160000
v 0.01555800 -0.02799200 -0.04160000
v 0.01555800 -0.02799200 -0.04160000
v 0.01555800 -0.02799200 -0.04160000
v 0.01555800 -0.02799200 -0.04160000
v 0.01995300 -0.02508800 -0.04160000
v 0.01995300 -0.02508800 -0.04160000
v 0.01995300 -0.02508800 -0.04160000
v 0.01995300 -0.02508800 -0.04160000
v 0.01597300 -0.02776100 -0.04160000
v 0.01597300 -0.02776100 -0.04160000
v 0.01597300 -0.02776100 -0.04160000
v 0.00277900 -0.03530600 0.04027700
v 0.00114300 -0.03538400 0.04027600
v 0.00114300 -0.03538400 0.04027600
v -0.03205100 0.01392900 0.04028200
v -0.03205100 0.01392900 0.04028200
v -0.03321600 0.01080900 0.04027800
v -0.03321600 0.01080900 0.04027800
v -0.03395500 0.00822700 0.04027600
v -0.03395500 0.00822700 0.04027600
v -0.03410500 0.00759300 0.04027600
v -0.03410500 0.00759300 0.04027600
v -0.03483100 0.00293400 0.04027600
v -0.03483100 0.00293400 0.04027600
v -0.03483100 0.00293400 0.04027600
v -0.03478600 -0.00354800 0.04027600
v -0.03478600 -0.00354800 0.04027600
v -0.03494300 0.00099800 0.04027600
v -0.03494300 0.00099800 0.04027600
v -0.03494300 0.00099800 0.04027600
v -0.03360100 -0.00979700 0.04027800
v -0.03360100 -0.00979700 0.04027800
v -0.03384100 -0.00890900 0.04027800
v -0.03397700 -0.00836400 0.04027800
v -0.03397700 -0.00836400 0.04027800
v -0.03476600 -0.00374500 0.04027700
v -0.03476600 -0.00374500 0.04027700
v -0.03144500 -0.01547700 0.04027700
v -0.03144500 -0.01547700 0.04027700
v -0.03193100 -0.01442300 0.04027700
v -0.03251300 -0.01302500 0.04027800
v -0.03251300 -0.01302500 0.04027800
v -0.03300100 -0.01170400 0.04027800
v -0.03300100 -0.01170400 0.04027800
v -0.02958100 -0.01884600 0.04027800
v -0.02958100 -0.01884600 0.04027800
v -0.02914100 -0.01952800 0.04027900
v -0.02482800 -0.02485000 0.04027700
v -0.02482800 -0.02485000 0.04027700
v -0.02553100 -0.02411400 0.04027800
v -0.02615900 -0.02342000 0.04027800
v -0.02615900 -0.02342000 0.04027800
v -0.02847900 -0.02049500 0.04027900
v -0.02847900 -0.02049500 0.04027900
v -0.02195700 -0.02746900 0.04027300
v -0.02195700 -0.02746900 0.04027300
v -0.02123700 -0.02804300 0.04027200
v -0.02123700 -0.02804300 0.04027200
v -0.01709400 -0.03080900 0.04027100
v -0.01709400 -0.03080900 0.04027100
v -0.01634500 -0.03122300 0.04027200
v -0.01634500 -0.03122300 0.04027200
v -0.01634500 -0.03122300 0.04027200
v -0.01089100 -0.03357900 0.04027800
v -0.01089100 -0.03357900 0.04027800
v -0.01100900 -0.03353900 0.04027800
v -0.01100900 -0.03353900 0.04027800
v -0.01372800 -0.03249000 0.04027500
v -0.01372800 -0.03249000 0.04027500
v -0.00534700 -0.03494400 0.04027800
v -0.00534700 -0.03494400 0.04027800
v -0.00532400 -0.03494700 0.04027800
v 0.00034400 -0.03539400 0.04027600
v -0.00123300 -0.03536100 0.04027700
v -0.00123300 -0.03536100 0.04027700
v -0.00492400 -0.03500900 0.04027800
v -0.00492400 -0.03500900 0.04027800
v 0.01190300 -0.03345700 0.04027700
v 0.01190300 -0.03345700 0.04027700
v 0.01025800 -0.03397800 0.04027700
v 0.01025800 -0.03397800 0.04027700
v 0.00856000 -0.03442400 0.04027800
v 0.00853700 -0.03443000 0.04027800
v 0.00765100 -0.03462900 0.04027700
v 0.00765100 -0.03462900 0.04027700
v 0.00682900 -0.03479300 0.04027700
v 0.00511800 -0.03506900 0.04027600
v 0.00511800 -0.03506900 0.04027600
v 0.00511800 -0.03506900 0.04027600
v 0.00280200 -0.03530500 0.04027700
v 0.00280200 -0.03530500 0.04027700
v 0.01730900 -0.03105400 0.04027800
v 0.01730900 -0.03105400 0.04027800
v 0.01723500 -0.03109400 0.04027800
v 0.01723500 -0.03109400 0.04027800
v 0.01461800 -0.03238400 0.04027900
v 0.01461800 -0.03238400 0.04027900
v 0.01461800 -0.03238400 0.04027900
v 0.02209200 -0.02789600 0.04027600
v 0.02209200 -0.02789600 0.04027600
v 0.01972700 -0.02959700 0.04027700
v 0.01972700 -0.02959700 0.04027700
v 0.01972700 -0.02959700 0.04027700
v -0.02843500 0.01334500 0.04160000
v -0.02843500 0.01334500 0.04160000
v -0.02843500 0.01334500 0.04160000
v -0.03051600 0.01703200 0.04028000
v -0.03051600 0.01703200 0.04028000
v -0.02678700 0.01640100 0.04160000
v -0.02678700 0.01640100 0.04160000
v -0.02678700 0.01640100 0.04160000
v -0.02931400 0.01900400 0.04027700
v -0.02585700 0.01786700 0.04160000
v -0.02585700 0.01786700 0.04160000
v -0.02862200 0.02004400 0.04027500
v -0.02488100 0.01930500 0.04160000
v -0.02488100 0.01930500 0.04160000
v -0.02851900 0.02019500 0.04027500
v -0.02387800 0.02072300 0.04160000
v -0.02387800 0.02072300 0.04160000
v -0.02641600 0.02312700 0.04027200
v -0.02337100 0.02142900 0.04160000
v -0.02337100 0.02142900 0.04160000
v -0.02286400 0.02213500 0.04160000
v -0.02286400 0.02213500 0.04160000
v -0.02427900 0.02603400 0.04027600
v -0.02185500 0.02355000 0.04160000
v -0.02185500 0.02355000 0.04160000
v -0.02086900 0.02498100 0.04160000
v -0.02086900 0.02498100 0.04160000
v -0.03009700 0.00898800 0.04160000
v -0.03009700 0.00898800 0.04160000
v -0.03009700 0.00898800 0.04160000
v -0.03009700 0.00898800 0.04160000
v 0.01995300 -0.02508800 0.04160000
v 0.01995300 -0.02508800 0.04160000
v 0.01995300 -0.02508800 0.04160000
v 0.01995300 -0.02508800 0.04160000
v 0.01555800 -0.02799200 0.04160000
v 0.01555800 -0.02799200 0.04160000
v 0.01555800 -0.02799200 0.04160000
v 0.01555800 -0.02799200 0.04160000
v 0.01555800 -0.02799200 0.04160000
v 0.01555800 -0.02799200 0.04160000
v 0.01073900 -0.03012600 0.04160000
v 0.01073900 -0.03012600 0.04160000
v 0.01073900 -0.03012600 0.04160000
v 0.01073900 -0.03012600 0.04160000
v 0.01073900 -0.03012600 0.04160000
v 0.00563000 -0.03142200 0.04160000
v 0.00563000 -0.03142200 0.04160000
v 0.00563000 -0.03142200 0.04160000
v 0.00563000 -0.03142200 0.04160000
v 0.00417400 -0.03163100 0.04160000
v 0.00417400 -0.03163100 0.04160000
v 0.00417400 -0.03163100 0.04160000
v 0.00417400 -0.03163100 0.04160000
v -0.00024600 -0.03186000 0.04160000
v -0.00024600 -0.03186000 0.04160000
v -0.00024600 -0.03186000 0.04160000
v -0.00024600 -0.03186000 0.04160000
v -0.00487400 -0.03144800 0.04160000
v -0.00487400 -0.03144800 0.04160000
v -0.00487400 -0.03144800 0.04160000
v -0.00487400 -0.03144800 0.04160000
v -0.00997800 -0.03016700 0.04160000
v -0.00997800 -0.03016700 0.04160000
v -0.00997800 -0.03016700 0.04160000
v -0.00997800 -0.03016700 0.04160000
v -0.00997800 -0.03016700 0.04160000
v -0.00997800 -0.03016700 0.04160000
v -0.01479400 -0.02804300 0.04160000
v -0.01479400 -0.02804300 0.04160000
v -0.01479400 -0.02804300 0.04160000
v -0.01479400 -0.02804300 0.04160000
v -0.01920200 -0.02515400 0.04160000
v -0.01920200 -0.02515400 0.04160000
v -0.01920200 -0.02515400 0.04160000
v -0.01920200 -0.02515400 0.04160000
v -0.02308100 -0.02158300 0.04160000
v -0.02308100 -0.02158300 0.04160000
v -0.02308100 -0.02158300 0.04160000
v -0.02308100 -0.02158300 0.04160000
v -0.02631100 -0.01741500 0.04160000
v -0.02631100 -0.01741500 0.04160000
v -0.02631100 -0.01741500 0.04160000
v -0.02631100 -0.01741500 0.04160000
v -0.02879900 -0.01276400 0.04160000
v -0.02879900 -0.01276400 0.04160000
v -0.02879900 -0.01276400 0.04160000
v -0.02879900 -0.01276400 0.04160000
v -0.02879900 -0.01276400 0.04160000
v -0.03049200 -0.00778300 0.04160000
v -0.03049200 -0.00778300 0.04160000
v -0.03049200 -0.00778300 0.04160000
v -0.03049200 -0.00778300 0.04160000
v -0.03133700 -0.00260400 0.04160000
v -0.03133700 -0.00260400 0.04160000
v -0.03133700 -0.00260400 0.04160000
v -0.03133700 -0.00260400 0.04160000
v -0.03133700 -0.00260400 0.04160000
v -0.03110600 0.00437400 0.04160000
v -0.03110600 0.00437400 0.04160000
v -0.03110600 0.00437400 0.04160000
v -0.03110600 0.00437400 0.04160000
v -0.03129100 0.00278500 0.04160000
v -0.03129100 0.00278500 0.04160000
v -0.03129100 0.00278500 0.04160000
v -0.03129100 0.00278500 0.04160000
v 0.07250400 0.04861900 0.04159100
v 0.07250400 0.04861900 0.04159100
v 0.07250400 0.04861900 0.04159100
v 0.07250400 0.04861900 0.04159100
v 0.07250400 0.04861900 0.04159100
v 0.07250400 0.04861900 0.04159100
v 0.07459400 0.04968400 0.04088900
v 0.07459400 0.04968400 0.04088900
v 0.07459400 0.04968400 0.04088900
v 0.07459400 0.04968400 0.04088900
v 0.07285100 0.04912700 0.04157500
v 0.07285100 0.04912700 0.04157500
v 0.07285100 0.04912700 0.04157500
v 0.07285100 0.04912700 0.04157500
v 0.07376700 0.05040100 0.04146700
v 0.07376700 0.05040100 0.04146700
v 0.07376700 0.05040100 0.04146700
v 0.07376700 0.05040100 0.04146700
v 0.07195500 0.04783300 0.04159700
v 0.07195500 0.04783300 0.04159700
v 0.07195500 0.04783300 0.04159700
v 0.07195500 0.04783300 0.04159700
v 0.07195500 0.04783300 0.04159700
v 0.07195500 0.04783300 0.04159700
v 0.07195500 0.04783300 0.04159700
v 0.07216300 0.04410100 0.04034900
v 0.07216300 0.04410100 0.04034900
v 0.07542200 0.04896800 0.04031100
v 0.07542200 0.04896800 0.04031100
v 0.07542200 0.04896800 0.04031100
v 0.05921600 0.02938000 0.04160000
v 0.05921600 0.02938000 0.04160000
v 0.05921600 0.02938000 0.04160000
v 0.06392900 0.03169800 0.04032300
v 0.06392900 0.03169800 0.04032300
v 0.06557600 0.03861400 0.04160000
v 0.06557600 0.03861400 0.04160000
v 0.06557600 0.03861400 0.04160000
v 0.06892900 0.03921600 0.04033100
v 0.06717200 0.04091800 0.04160000
v 0.06717200 0.04091800 0.04160000
v 0.07018000 0.04110400 0.04033400
v 0.06875000 0.04323400 0.04160000
v 0.06875000 0.04323400 0.04160000
v 0.07054600 0.04165800 0.04033600
v 0.07034700 0.04553700 0.04160000
v 0.07034700 0.04553700 0.04160000
v 0.07115900 0.04667900 0.04160000
v 0.07115900 0.04667900 0.04160000
v 0.04944800 0.00996000 0.04029300
v 0.05066300 0.01178300 0.04029500
v 0.04650300 0.01090800 0.04160000
v 0.04650300 0.01090800 0.04160000
v 0.04650300 0.01090800 0.04160000
v 0.04650300 0.01090800 0.04160000
v 0.05594300 0.01971100 0.04030600
v 0.05594300 0.01971100 0.04030600
v 0.05594300 0.01971100 0.04030600
v 0.06243900 0.02946200 0.04032000
v 0.04295200 0.00021000 0.04028700
v 0.04295200 0.00021000 0.04028700
v 0.04014000 0.00167700 0.04160000
v 0.04014000 0.00167700 0.04160000
v 0.04014000 0.00167700 0.04160000
v 0.03970300 -0.00466500 0.04028700
v 0.03970300 -0.00466500 0.04028700
v 0.03378300 -0.00755800 0.04160000
v 0.03378300 -0.00755800 0.04160000
v 0.03378300 -0.00755800 0.04160000
v 0.03714000 -0.00850700 0.04028900
v 0.03060900 -0.01217900 0.04160000
v 0.03060900 -0.01217900 0.04160000
v 0.03030000 -0.01879300 0.04028300
v 0.03030000 -0.01879300 0.04028300
v 0.03645300 -0.00953800 0.04028900
v 0.02902400 -0.01449100 0.04160000
v 0.02902400 -0.01449100 0.04160000
v 0.02742600 -0.01679300 0.04160000
v 0.02742600 -0.01679300 0.04160000
v 0.02742600 -0.01679300 0.04160000
v 0.02996000 -0.01929100 0.04028100
v 0.02996000 -0.01929100 0.04028100
v 0.02578800 -0.01906600 0.04160000
v 0.02578800 -0.01906600 0.04160000
v 0.02578800 -0.01906600 0.04160000
v 0.02694800 -0.02329700 0.04027100
v 0.02694800 -0.02329700 0.04027100
v 0.02403200 -0.02125200 0.04160000
v 0.02403200 -0.02125200 0.04160000
v 0.02403200 -0.02125200 0.04160000
v 0.02656600 -0.02373600 0.04027100
v 0.02656600 -0.02373600 0.04027100
v 0.02656600 -0.02373600 0.04027100
v 0.02364800 -0.02168100 0.04160000
v 0.02364800 -0.02168100 0.04160000
v 0.02364800 -0.02168100 0.04160000
v 0.03714000 -0.00850700 -0.04028900
v 0.03644000 -0.00955800 -0.04028900
v 0.03377900 -0.00756300 -0.04160000
v 0.03377900 -0.00756300 -0.04160000
v 0.03377900 -0.00756300 -0.04160000
v 0.07216300 0.04409900 -0.04034900
v 0.07216300 0.04409900 -0.04034900
v 0.07115900 0.04667900 -0.04160000
v 0.07115900 0.04667900 -0.04160000
v 0.07195500 0.04783300 -0.04160000
v 0.07195500 0.04783300 -0.04160000
v 0.07195500 0.04783300 -0.04160000
v 0.07195500 0.04783300 -0.04160000
v 0.07195500 0.04783300 -0.04160000
v 0.07542200 0.04896800 -0.04031100
v 0.07542200 0.04896800 -0.04031100
v 0.07542200 0.04896800 -0.04031100
v 0.07542200 0.04896800 -0.04031100
v 0.07250500 0.04861900 -0.04159100
v 0.07250500 0.04861900 -0.04159100
v 0.07250500 0.04861900 -0.04159100
v 0.07250500 0.04861900 -0.04159100
v 0.07250500 0.04861900 -0.04159100
v 0.07250500 0.04861900 -0.04159100
v 0.07459500 0.04968400 -0.04088900
v 0.07459500 0.04968400 -0.04088900
v 0.07459500 0.04968400 -0.04088900
v 0.07459500 0.04968400 -0.04088900
v 0.07285100 0.04912700 -0.04157500
v 0.07285100 0.04912700 -0.04157500
v 0.07285100 0.04912700 -0.04157500
v 0.07285100 0.04912700 -0.04157500
v 0.07376700 0.05040100 -0.04146700
v 0.07376700 0.05040100 -0.04146700
v 0.07376700 0.05040100 -0.04146700
v 0.07376700 0.05040100 -0.04146700
v 0.06796300 0.04207400 -0.04160000
v 0.06796300 0.04207400 -0.04160000
v 0.06874900 0.04323400 -0.04160000
v 0.06874900 0.04323400 -0.04160000
v 0.07018000 0.04110400 -0.04033400
v 0.06954100 0.04439100 -0.04160000
v 0.06954100 0.04439100 -0.04160000
v 0.07034700 0.04553700 -0.04160000
v 0.07034700 0.04553700 -0.04160000
v 0.06892700 0.03921300 -0.04033100
v 0.06892700 0.03921300 -0.04033100
v 0.06393000 0.03169800 -0.04032200
v 0.05921500 0.02937900 -0.04160000
v 0.05921500 0.02937900 -0.04160000
v 0.05921500 0.02937900 -0.04160000
v 0.05921500 0.02937900 -0.04160000
v 0.06557500 0.03861300 -0.04160000
v 0.06557500 0.03861300 -0.04160000
v 0.06637400 0.03976400 -0.04160000
v 0.06637400 0.03976400 -0.04160000
v 0.06717200 0.04091700 -0.04160000
v 0.06717200 0.04091700 -0.04160000
v 0.06243500 0.02945500 -0.04032000
v 0.05593600 0.01970200 -0.04030600
v 0.05593600 0.01970200 -0.04030600
v 0.05593600 0.01970200 -0.04030600
v 0.04650100 0.01090500 -0.04160000
v 0.04650100 0.01090500 -0.04160000
v 0.04650100 0.01090500 -0.04160000
v 0.05066300 0.01178300 -0.04029500
v 0.04944000 0.00994700 -0.04029300
v 0.04944000 0.00994700 -0.04029300
v 0.04013700 0.00167300 -0.04160000
v 0.04013700 0.00167300 -0.04160000
v 0.04013700 0.00167300 -0.04160000
v 0.04294100 0.00019400 -0.04028700
v 0.04294100 0.00019400 -0.04028700
v 0.03969200 -0.00468300 -0.04028700
v 0.03320000 -0.01444100 -0.04028900
v 0.02902000 -0.01449700 -0.04160000
v 0.02902000 -0.01449700 -0.04160000
v 0.02981300 -0.01334100 -0.04160000
v 0.02981300 -0.01334100 -0.04160000
v 0.03060600 -0.01218400 -0.04160000
v 0.03060600 -0.01218400 -0.04160000
v 0.03140300 -0.01102200 -0.04160000
v 0.03140300 -0.01102200 -0.04160000
v 0.03216900 -0.00990700 -0.04160000
v 0.03216900 -0.00990700 -0.04160000
v 0.02742200 -0.01679900 -0.04160000
v 0.02742200 -0.01679900 -0.04160000
v 0.03030000 -0.01879300 -0.04028300
v 0.02578400 -0.01907200 -0.04160000
v 0.02578400 -0.01907200 -0.04160000
v 0.02578400 -0.01907200 -0.04160000
v 0.02994400 -0.01931400 -0.04028100
v 0.02994400 -0.01931400 -0.04028100
v 0.02402800 -0.02125700 -0.04160000
v 0.02402800 -0.02125700 -0.04160000
v 0.02402800 -0.02125700 -0.04160000
v 0.02656600 -0.02373600 -0.04027100
v 0.02656600 -0.02373600 -0.04027100
v 0.02656600 -0.02373600 -0.04027100
v 0.02397600 -0.02131600 -0.04160000
v 0.02397600 -0.02131600 -0.04160000
v 0.02397600 -0.02131600 -0.04160000
v 0.02607400 -0.01785100 -0.04160000
v 0.02248300 -0.02217300 -0.04160000
v 0.01553700 -0.02742900 -0.04160000
v 0.00741000 -0.03056400 -0.04160000
v -0.00126600 -0.03133500 -0.04160000
v -0.00981900 -0.02968200 -0.04160000
v -0.01758300 -0.02573400 -0.04160000
v -0.02211200 -0.02187500 -0.04160000
v -0.01793600 0.02928700 -0.04160000
v -0.01793600 0.02928700 -0.04160000
v -0.01793600 0.02928700 -0.04160000
v -0.02109800 0.03041400 -0.04028900
v -0.01496600 0.03356800 -0.04160000
v -0.01496600 0.03356800 -0.04160000
v -0.01791500 0.03479200 -0.04029300
v -0.01199100 0.03784600 -0.04160000
v -0.01199100 0.03784600 -0.04160000
v -0.01473100 0.03916900 -0.04029600
v -0.01473100 0.03916900 -0.04029600
v -0.00902600 0.04213000 -0.04160000
v -0.00902600 0.04213000 -0.04160000
v -0.00902600 0.04213000 -0.04160000
v -0.01154200 0.04354200 -0.04030500
v 0.05985700 0.03378400 -0.04160000
v 0.05985700 0.03378400 -0.04160000
v -0.02662100 0.01571800 -0.04160000
v -0.02993100 0.00771600 -0.04160000
v 0.04871100 0.04579700 -0.04160000
v -0.02124300 0.02250500 -0.04160000
v -0.03091900 -0.00088600 -0.04160000
v 0.05995400 0.03200200 -0.04160000
v 0.05922500 0.03029400 -0.04160000
v 0.04717500 0.04668400 -0.04160000
v -0.00506300 0.04784400 -0.04159500
v -0.00506300 0.04784400 -0.04159500
v -0.00506300 0.04784400 -0.04159500
v -0.00506300 0.04784400 -0.04159500
v -0.00506300 0.04784400 -0.04159500
v 0.01800400 0.04710300 -0.04160000
v -0.01659700 0.02616300 -0.04160000
v -0.02950900 -0.00943000 -0.04160000
v -0.02580900 -0.01725900 -0.04160000
v -0.00704400 0.04498600 -0.04160000
v -0.00704400 0.04498600 -0.04160000
v -0.00704400 0.04498600 -0.04160000
v -0.00655800 0.04570700 -0.04160000
v -0.00655800 0.04570700 -0.04160000
v 0.01600700 0.04669800 -0.04160000
v -0.00607100 0.04642700 -0.04160000
v -0.00607100 0.04642700 -0.04160000
v -0.00607100 0.04642700 -0.04160000
v -0.00803300 0.04355600 -0.04160000
v -0.00803300 0.04355600 -0.04160000
v -0.02109900 0.03041400 0.04028900
v -0.01793600 0.02928700 0.04160000
v -0.01793600 0.02928700 0.04160000
v -0.01791600 0.03479200 0.04029300
v -0.01496600 0.03356800 0.04160000
v -0.01496600 0.03356800 0.04160000
v -0.01473100 0.03916900 0.04029600
v -0.01199100 0.03784600 0.04160000
v -0.01199100 0.03784600 0.04160000
v -0.01199100 0.03784600 0.04160000
v -0.01154200 0.04354200 0.04030500
v -0.01154200 0.04354200 0.04030500
v -0.00902600 0.04213000 0.04160000
v -0.00902600 0.04213000 0.04160000
v -0.02211200 -0.02187500 0.04160000
v -0.01758300 -0.02573400 0.04160000
v -0.00981900 -0.02968200 0.04160000
v -0.00126700 -0.03133500 0.04160000
v 0.00741000 -0.03056400 0.04160000
v 0.01553700 -0.02742900 0.04160000
v 0.02248300 -0.02217300 0.04160000
v 0.04717500 0.04668400 0.04160000
v 0.04871100 0.04579700 0.04160000
v -0.02950900 -0.00943000 0.04160000
v -0.03091900 -0.00088600 0.04160000
v -0.02662200 0.01571800 0.04160000
v 0.05858900 0.03577200 0.04160000
v -0.02993100 0.00771600 0.04160000
v -0.02124400 0.02250500 0.04160000
v 0.05985700 0.03378400 0.04160000
v 0.05995400 0.03200200 0.04160000
v 0.05922500 0.03029400 0.04160000
v -0.00506600 0.04784500 0.04159500
v -0.00506600 0.04784500 0.04159500
v -0.00506600 0.04784500 0.04159500
v -0.00506600 0.04784500 0.04159500
v -0.00506600 0.04784500 0.04159500
v 0.01800400 0.04710300 0.04160000
v -0.00607100 0.04642700 0.04160000
v -0.00607100 0.04642700 0.04160000
v -0.00607100 0.04642700 0.04160000
v -0.00607100 0.04642700 0.04160000
v -0.00607100 0.04642700 0.04160000
v 0.01600700 0.04669800 0.04160000
v -0.02580900 -0.01725900 0.04160000
v -0.00704400 0.04498700 0.04160000
v -0.00704400 0.04498700 0.04160000
v -0.00704400 0.04498700 0.04160000
v -0.00803300 0.04355700 0.04160000
v -0.00803300 0.04355700 0.04160000
v 0.07719100 0.05163400 0.04000700
v 0.07719100 0.05163400 0.04000700
v 0.07719100 0.05163400 0.04000700
v 0.08200900 0.06074600 0.03760800
v 0.08200900 0.06074600 0.03760800
v 0.08121800 0.06139400 0.03793400
v 0.08121800 0.06139400 0.03793400
v 0.07954200 0.05892400 0.03893100
v 0.07954200 0.05892400 0.03893100
v 0.07954200 0.05892400 0.03893100
v 0.07954200 0.05892400 0.03893100
v 0.07954200 0.05892400 0.03893100
v 0.08279400 0.06010300 0.03728400
v 0.08279400 0.06010300 0.03728400
v 0.08279400 0.06010300 0.03728400
v 0.08097400 0.05737000 0.03829900
v 0.08097400 0.05737000 0.03829900
v 0.08097400 0.05737000 0.03829900
v 0.07915500 0.05461500 0.03924800
v 0.07915500 0.05461500 0.03924800
v 0.07915500 0.05461500 0.03924800
v 0.07915500 0.05461500 0.03924800
v 0.07786900 0.05645000 0.03992600
v 0.07786900 0.05645000 0.03992600
v 0.07786900 0.05645000 0.03992600
v 0.07753100 0.05598600 0.04011000
v 0.07753100 0.05598600 0.04011000
v 0.07753100 0.05598600 0.04011000
v 0.07753100 0.05598600 0.04011000
v 0.07753100 0.05598600 0.04011000
v 0.07753100 0.05598600 0.04011000
v 0.07483900 0.05191800 0.04124000
v 0.07483900 0.05191800 0.04124000
v 0.07483900 0.05191800 0.04124000
v 0.07483900 0.05191800 0.04124000
v 0.07483900 0.05191800 0.04124000
v 0.07483900 0.05191800 0.04124000
v 0.07584600 0.05346100 0.04091000
v 0.07584600 0.05346100 0.04091000
v 0.07584600 0.05346100 0.04091000
v 0.07584600 0.05346100 0.04091000
v 0.07584600 0.05346100 0.04091000
v 0.07584600 0.05346100 0.04091000
v 0.07730800 0.05181200 0.03997300
v 0.07730800 0.05181200 0.03997300
v 0.07730800 0.05181200 0.03997300
v 0.07902900 0.05442400 0.03930700
v 0.07902900 0.05442400 0.03930700
v -0.00352100 0.05001200 0.04150900
v -0.00352100 0.05001200 0.04150900
v -0.00352100 0.05001200 0.04150900
v -0.00352100 0.05001200 0.04150900
v -0.00352100 0.05001200 0.04150900
v 0.00090500 0.05645100 0.03992900
v 0.00090500 0.05645100 0.03992900
v 0.00090500 0.05645100 0.03992900
v 0.00090500 0.05645100 0.03992900
v 0.00090500 0.05645100 0.03992900
v 0.00090500 0.05645100 0.03992900
v 0.00020100 0.05539600 0.04033500
v 0.00020100 0.05539600 0.04033500
v 0.00020100 0.05539600 0.04033500
v 0.00020100 0.05539600 0.04033500
v 0.00020100 0.05539600 0.04033500
v 0.00020100 0.05539600 0.04033500
v -0.00288200 0.05098200 0.04139100
v -0.00288200 0.05098200 0.04139100
v -0.00288200 0.05098200 0.04139100
v -0.00288200 0.05098200 0.04139100
v -0.00288200 0.05098200 0.04139100
v -0.00205200 0.05221000 0.04118500
v -0.00205200 0.05221000 0.04118500
v -0.00205200 0.05221000 0.04118500
v -0.00205200 0.05221000 0.04118500
v -0.00205200 0.05221000 0.04118500
v -0.00205200 0.05221000 0.04118500
v -0.00205200 0.05221000 0.04118500
v -0.00205200 0.05221000 0.04118500
v -0.00053700 0.05434100 0.04067500
v -0.00053700 0.05434100 0.04067500
v -0.00053700 0.05434100 0.04067500
v -0.00053700 0.05434100 0.04067500
v 0.00090500 0.05645100 -0.03992900
v 0.00090500 0.05645100 -0.03992900
v 0.00090500 0.05645100 -0.03992900
v 0.00090500 0.05645100 -0.03992900
v 0.00090500 0.05645100 -0.03992900
v 0.07786900 0.05645000 -0.03992600
v 0.07786900 0.05645000 -0.03992600
v 0.07786900 0.05645000 -0.03992600
v 0.07786900 0.05645000 -0.03992600
v 0.07786900 0.05645000 -0.03992600
v 0.07584600 0.05346100 -0.04091000
v 0.07584600 0.05346100 -0.04091000
v 0.07584600 0.05346100 -0.04091000
v 0.07584600 0.05346100 -0.04091000
v 0.07584600 0.05346100 -0.04091000
v 0.07584600 0.05346100 -0.04091000
v 0.07584600 0.05346100 -0.04091000
v 0.00047000 0.05580800 -0.04018000
v 0.00047000 0.05580800 -0.04018000
v 0.00047000 0.05580800 -0.04018000
v 0.00047000 0.05580800 -0.04018000
v 0.00047000 0.05580800 -0.04018000
v 0.07483900 0.05191800 -0.04124000
v 0.07483900 0.05191800 -0.04124000
v 0.07483900 0.05191800 -0.04124000
v 0.07483900 0.05191800 -0.04124000
v 0.07483900 0.05191800 -0.04124000
v 0.07483900 0.05191800 -0.04124000
v 0.07483900 0.05191800 -0.04124000
v 0.07483900 0.05191800 -0.04124000
v 0.07483900 0.05191800 -0.04124000
v 0.00020100 0.05539500 -0.04033500
v 0.00020100 0.05539500 -0.04033500
v 0.00020100 0.05539500 -0.04033500
v 0.00020100 0.05539500 -0.04033500
v -0.00205200 0.05221000 -0.04118500
v -0.00205200 0.05221000 -0.04118500
v -0.00205200 0.05221000 -0.04118500
v -0.00205200 0.05221000 -0.04118500
v -0.00205200 0.05221000 -0.04118500
v -0.00205200 0.05221000 -0.04118500
v -0.00205200 0.05221000 -0.04118500
v -0.00205200 0.05221000 -0.04118500
v -0.00053700 0.05434100 -0.04067500
v -0.00053700 0.05434100 -0.04067500
v -0.00053700 0.05434100 -0.04067500
v -0.00053700 0.05434100 -0.04067500
v -0.00352100 0.05001200 -0.04150900
v -0.00352100 0.05001200 -0.04150900
v -0.00352100 0.05001200 -0.04150900
v -0.00352100 0.05001200 -0.04150900
v -0.00352100 0.05001200 -0.04150900
v 0.08215700 0.06062500 -0.03754600
v 0.08215700 0.06062500 -0.03754600
v 0.08215700 0.06062500 -0.03754600
v 0.08279400 0.06010300 -0.03728400
v 0.08279400 0.06010300 -0.03728400
v 0.08279400 0.06010300 -0.03728400
v 0.08097400 0.05736900 -0.03829900
v 0.08097400 0.05736900 -0.03829900
v 0.08097400 0.05736900 -0.03829900
v 0.07954200 0.05892400 -0.03893100
v 0.07954200 0.05892400 -0.03893100
v 0.07954200 0.05892400 -0.03893100
v 0.08121800 0.06139400 -0.03793400
v 0.08121800 0.06139400 -0.03793400
v 0.08136800 0.06127000 -0.03787200
v 0.07915400 0.05461300 -0.03924900
v 0.07915400 0.05461300 -0.03924900
v 0.07902900 0.05442400 -0.03930700
v 0.07902900 0.05442400 -0.03930700
v 0.07592100 0.04971700 -0.04026800
v 0.07592100 0.04971700 -0.04026800
v 0.07719100 0.05163400 -0.04000700
v 0.07719100 0.05163400 -0.04000700
v 0.07719100 0.05163400 -0.04000700
v 0.07730800 0.05181100 -0.03997300
v 0.07730800 0.05181100 -0.03997300
v 0.08681800 0.06944600 -0.03468400
v 0.08681800 0.06944600 -0.03468400
v 0.08867400 0.07213600 -0.03359900
v 0.08867400 0.07213600 -0.03359900
v 0.08867400 0.07213600 -0.03359900
v 0.08867400 0.07213600 -0.03359900
v 0.09005600 0.07104800 -0.03327700
v 0.09005600 0.07104800 -0.03327700
v 0.09005600 0.07104800 -0.03327700
v 0.08310700 0.06406500 -0.03685600
v 0.08310700 0.06406500 -0.03685600
v 0.08496800 0.06675200 -0.03577200
v 0.08496800 0.06675200 -0.03577200
v 0.08496800 0.06675200 -0.03577200
v 0.08496800 0.06675200 -0.03577200
v 0.08589400 0.06809800 -0.03522800
v 0.08589400 0.06809800 -0.03522800
v 0.08867400 0.07213600 0.03359900
v 0.08867400 0.07213600 0.03359900
v 0.08681800 0.06944600 0.03468500
v 0.08681800 0.06944600 0.03468500
v 0.09005600 0.07104800 0.03327700
v 0.09005600 0.07104800 0.03327700
v 0.09005600 0.07104800 0.03327700
v 0.08496800 0.06675200 0.03577200
v 0.08496800 0.06675200 0.03577200
v 0.08496800 0.06675200 0.03577200
v 0.08496800 0.06675200 0.03577200
v 0.08310700 0.06406500 0.03685600
v 0.08310700 0.06406500 0.03685600
v 0.08310700 0.06406500 0.03685600
v 0.08262900 0.06338400 0.03713100
v 0.08262900 0.06338400 0.03713100
v 0.08216900 0.06273100 0.03739500
v 0.08216900 0.06273100 0.03739500
v 0.05985700 0.03378400 -0.03960000
v -0.00551000 0.05191100 -0.03992000
v -0.00551000 0.05191100 -0.03992000
v -0.00399900 0.05395800 -0.03945900
v -0.00399900 0.05395800 -0.03945900
v -0.00291900 0.05539400 -0.03899900
v -0.00291900 0.05539400 -0.03899900
v -0.00291900 0.05539400 -0.03899900
v -0.00249400 0.05595600 -0.03879500
v -0.00249400 0.05595600 -0.03879500
v -0.00101900 0.05793800 -0.03802200
v -0.00002500 0.05931100 -0.03746600
v -0.00002500 0.05931100 -0.03746600
v 0.00420800 0.06121500 -0.03800600
v 0.00420800 0.06121500 -0.03800600
v 0.00420800 0.06121500 -0.03800600
v 0.01193000 0.07589600 -0.03075300
v 0.01411600 0.07550600 -0.03223800
v 0.01411600 0.07550600 -0.03223800
v 0.01411600 0.07550600 -0.03223800
v 0.00902600 0.07191500 -0.03234500
v 0.00902600 0.07191500 -0.03234500
v 0.00916100 0.06836100 -0.03512200
v 0.00916100 0.06836100 -0.03512200
v 0.00916100 0.06836100 -0.03512200
v 0.00042000 0.05993200 -0.03721200
v 0.00184000 0.06193500 -0.03638800
v 0.00668900 0.06478500 -0.03656500
v 0.00668900 0.06478500 -0.03656500
v 0.00325600 0.06393900 -0.03556300
v 0.00325600 0.06393900 -0.03556300
v 0.00612300 0.06793400 -0.03394000
v -0.01002700 0.04563700 -0.04030400
v -0.00859200 0.04764500 -0.04029600
v -0.00859200 0.04764500 -0.04029600
v -0.00859200 0.04764500 -0.04029600
v -0.00577400 0.05155200 -0.03998300
v -0.00577400 0.05155200 -0.03998300
v -0.00702600 0.04983900 -0.04020400
v -0.00702600 0.04983900 -0.04020400
v -0.00852400 0.04773900 -0.04029500
v -0.00852400 0.04773900 -0.04029500
v -0.01002400 0.04564200 0.04030400
v -0.00859200 0.04764500 0.04029600
v -0.00859200 0.04764500 0.04029600
v -0.00859200 0.04764500 0.04029600
v -0.00851700 0.04775000 0.04029500
v -0.00851700 0.04775000 0.04029500
v -0.00398400 0.05397800 0.03945400
v -0.00398400 0.05397800 0.03945400
v -0.00398400 0.05397800 0.03945400
v -0.00398400 0.05397800 0.03945400
v -0.00291900 0.05539400 0.03899900
v -0.00291900 0.05539400 0.03899900
v -0.00248300 0.05597100 0.03878900
v -0.00701300 0.04985600 0.04020200
v -0.00701300 0.04985600 0.04020200
v -0.00701300 0.04985600 0.04020200
v -0.00577400 0.05155200 0.03998300
v -0.00577400 0.05155200 0.03998300
v -0.00577400 0.05155200 0.03998300
v -0.00549400 0.05193200 0.03991600
v -0.00549400 0.05193200 0.03991600
v -0.00549400 0.05193200 0.03991600
v -0.00100900 0.05795200 0.03801600
v -0.00100900 0.05795200 0.03801600
v -0.00100900 0.05795200 0.03801600
v -0.00002500 0.05931100 0.03746600
v -0.00002500 0.05931100 0.03746600
v -0.00002500 0.05931100 0.03746600
v 0.00253100 0.05884700 0.03896200
v 0.00253100 0.05884700 0.03896200
v 0.00253100 0.05884700 0.03896200
v 0.00420800 0.06121500 0.03800600
v 0.00420800 0.06121500 0.03800600
v 0.00042900 0.05994400 0.03720700
v 0.00184700 0.06194600 0.03638300
v 0.00326200 0.06394900 0.03555900
v 0.00668800 0.06478500 0.03656500
v 0.00668800 0.06478500 0.03656500
v 0.00612700 0.06794100 0.03393800
v 0.01411500 0.07550700 0.03223800
v 0.01411500 0.07550700 0.03223800
v 0.01193000 0.07589600 0.03075300
v 0.01193000 0.07589600 0.03075300
v 0.01163800 0.07193400 0.03368000
v 0.01163800 0.07193400 0.03368000
v 0.01163800 0.07193400 0.03368000
v 0.00902800 0.07191800 0.03234400
v 0.00902800 0.07191800 0.03234400
v 0.00916100 0.06836100 0.03512200
v 0.00916100 0.06836100 0.03512200
v 0.00916100 0.06836100 0.03512200
v 0.00792500 0.06657300 0.03584400
v 0.00792500 0.06657300 0.03584400
v 0.09725800 0.08186000 0.02967500
v 0.09725800 0.08186000 0.02967500
v 0.09725800 0.08186000 0.02967500
v 0.09725800 0.08186000 0.02967500
v 0.09725800 0.08186000 0.02967500
v 0.09537300 0.08186000 0.02967500
v 0.09537300 0.08186000 0.02967500
v 0.09537300 0.08186000 0.02967500
v 0.09537300 0.08186000 0.02967500
v 0.09721300 0.08179100 0.02970300
v 0.09721300 0.08179100 0.02970300
v 0.09721300 0.08179100 0.02970300
v 0.09721300 0.08179100 0.02970300
v 0.09721300 0.08179100 0.02970300
v 0.09721300 0.08179100 0.02970300
v 0.09721300 0.08179100 0.02970300
v 0.09721300 0.08179100 0.02970300
v 0.09721300 0.08179100 0.02970300
v 0.09525800 0.08174700 0.02972100
v 0.09388900 0.07986600 0.03048500
v 0.09388900 0.07986600 0.03048500
v 0.09388900 0.07986600 0.03048500
v 0.09204800 0.07698100 0.03164400
v 0.09204800 0.07698100 0.03164400
v 0.09204800 0.07698100 0.03164400
v 0.09204800 0.07698100 0.03164400
v 0.09261800 0.07487800 0.03197600
v 0.09261800 0.07487800 0.03197600
v 0.09261800 0.07487800 0.03197600
v 0.09261800 0.07487800 0.03197600
v 0.09360800 0.07939400 0.03067000
v 0.09360800 0.07939400 0.03067000
v 0.09360800 0.07939400 0.03067000
v 0.09384900 0.07979900 0.03050600
v 0.09384900 0.07979900 0.03050600
v 0.09384900 0.07979900 0.03050600
v 0.01852100 0.08186000 0.02967500
v 0.01852100 0.08186000 0.02967500
v 0.01852100 0.08186000 0.02967500
v 0.01852100 0.08186000 0.02967500
v 0.01852100 0.08186000 0.02967500
v 0.01686300 0.07948100 0.03063400
v 0.01686300 0.07948100 0.03063400
v 0.01631900 0.07868300 0.03095700
v 0.01631900 0.07868300 0.03095700
v 0.01740700 0.08027900 0.03031200
v 0.01740700 0.08027900 0.03031200
v 0.01740700 0.08027900 0.03031200
v 0.01740700 0.08027900 0.03031200
v 0.01521900 0.07709400 0.03159800
v 0.01521900 0.07709400 0.03159800
v 0.01521900 0.07709400 0.03159800
v 0.01523700 0.08042400 0.02894900
v 0.01523700 0.08042400 0.02894900
v 0.01560600 0.08093800 0.02874100
v 0.01560600 0.08093800 0.02874100
v 0.01726800 0.08325100 0.02772900
v 0.01726800 0.08325100 0.02772900
v 0.01726800 0.08325100 0.02772900
v 0.01726800 0.08325100 0.02772900
v 0.01910300 0.08266400 0.02933700
v 0.01910300 0.08266400 0.02933700
v 0.01910300 0.08266400 0.02933700
v 0.01910300 0.08266400 0.02933700
v 0.01910300 0.08266400 0.02933700
v 0.01846500 0.08490100 0.02689100
v 0.01846500 0.08490100 0.02689100
v 0.01846500 0.08490100 0.02689100
v 0.02129400 0.08581200 0.02775400
v 0.02129400 0.08581200 0.02775400
v 0.02129400 0.08581200 0.02775400
v 0.02129400 0.08581200 0.02775400
v 0.02129400 0.08581200 0.02775400
v 0.02129400 0.08581200 0.02775400
v 0.01928000 0.08602200 0.02624800
v 0.01928000 0.08602200 0.02624800
v 0.02149100 0.08909000 0.02413100
v 0.02149100 0.08909000 0.02413100
v 0.02149100 0.08909000 0.02413100
v 0.02149100 0.08909000 0.02413100
v 0.02410100 0.08990800 0.02496100
v 0.02410100 0.08990800 0.02496100
v 0.02410100 0.08990800 0.02496100
v 0.02410100 0.08990800 0.02496100
v 0.02410100 0.08990800 0.02496100
v 0.02216600 0.09003100 0.02336300
v 0.02216600 0.09003100 0.02336300
v 0.02216600 0.09003100 0.02336300
v 0.02216600 0.09003100 0.02336300
v 0.02625100 0.09302100 0.02210500
v 0.02625100 0.09302100 0.02210500
v 0.02625100 0.09302100 0.02210500
v 0.02625100 0.09302100 0.02210500
v 0.02647600 0.09334600 0.02176100
v 0.02647600 0.09334600 0.02176100
v 0.02647600 0.09334600 0.02176100
v 0.02647600 0.09334600 0.02176100
v 0.02647600 0.09334600 0.02176100
v 0.02647600 0.09334600 0.02176100
v 0.02094100 0.08832400 0.02471300
v 0.02094100 0.08832400 0.02471300
v 0.02094100 0.08832400 0.02471300
v 0.02179300 0.08654200 0.02732200
v 0.02179300 0.08654200 0.02732200
v 0.02179300 0.08654200 0.02732200
v 0.02179300 0.08654200 0.02732200
v 0.02179300 0.08654200 0.02732200
v 0.02179300 0.08654200 0.02732200
v 0.02379500 0.08946500 0.02531000
v 0.02379500 0.08946500 0.02531000
v 0.02379500 0.08946500 0.02531000
v 0.02379500 0.08946500 0.02531000
v 0.02841500 0.09868200 0.01131400
v 0.02841500 0.09868200 0.01131400
v 0.02841500 0.09868200 0.01131400
v 0.02841500 0.09868200 0.01131400
v 0.02709800 0.09686300 0.01511000
v 0.02709800 0.09686300 0.01511000
v 0.02877000 0.09664800 0.01754000
v 0.02877000 0.09664800 0.01754000
v 0.02877000 0.09664800 0.01754000
v 0.02877000 0.09664800 0.01754000
v 0.02877000 0.09664800 0.01754000
v 0.02877000 0.09664800 0.01754000
v 0.02681400 0.09647000 0.01578500
v 0.02681400 0.09647000 0.01578500
v 0.02822000 0.09586000 0.01868700
v 0.02822000 0.09586000 0.01868700
v 0.02822000 0.09586000 0.01868700
v 0.02822000 0.09586000 0.01868700
v 0.02545600 0.09459400 0.01855700
v 0.02545600 0.09459400 0.01855700
v 0.02672500 0.09370700 0.02136500
v 0.02672500 0.09370700 0.02136500
v 0.02672500 0.09370700 0.02136500
v 0.02672500 0.09370700 0.02136500
v 0.02672500 0.09370700 0.02136500
v 0.02672500 0.09370700 0.02136500
v 0.02672500 0.09370700 0.02136500
v 0.02491700 0.09384900 0.01949600
v 0.02491700 0.09384900 0.01949600
v 0.02491700 0.09384900 0.01949600
v 0.02422800 0.09289800 0.02059200
v 0.02422800 0.09289800 0.02059200
v 0.03017900 0.09866700 0.01398300
v 0.03017900 0.09866700 0.01398300
v 0.03017900 0.09866700 0.01398300
v 0.03017900 0.09866700 0.01398300
v 0.03031000 0.09885500 0.01358900
v 0.03031000 0.09885500 0.01358900
v 0.03031000 0.09885500 0.01358900
v 0.03031000 0.09885500 0.01358900
v 0.03031000 0.09885500 0.01358900
v 0.03031000 0.09885500 0.01358900
v 0.03031000 0.09885500 0.01358900
v 0.03031000 0.09885500 0.01358900
v 0.03031000 0.09885500 0.01358900
v 0.02877300 0.09918000 0.00997400
v 0.02877300 0.09918000 0.00997400
v 0.02877300 0.09918000 0.00997400
v 0.03129300 0.10027200 0.01002700
v 0.03129300 0.10027200 0.01002700
v 0.03129300 0.10027200 0.01002700
v 0.03129300 0.10027200 0.01002700
v 0.02926300 0.09986400 0.00772600
v 0.02926300 0.09986400 0.00772600
v 0.03163200 0.10076800 0.00837600
v 0.03163200 0.10076800 0.00837600
v 0.03163200 0.10076800 0.00837600
v 0.03163200 0.10076800 0.00837600
v 0.03163200 0.10076800 0.00837600
v 0.02974600 0.10053900 0.00444800
v 0.02974600 0.10053900 0.00444800
v 0.03215700 0.10154200 0.00466200
v 0.03215700 0.10154200 0.00466200
v 0.03215700 0.10154200 0.00466200
v 0.03215700 0.10154200 0.00466200
v 0.03215700 0.10154200 0.00466200
v 0.02979300 0.10060400 0.00398500
v 0.02979300 0.10060400 0.00398500
v 0.03219600 0.10159900 0.00425700
v 0.03219600 0.10159900 0.00425700
v 0.03219600 0.10159900 0.00425700
v 0.03219600 0.10159900 0.00425700
v 0.02998500 0.10086600 -0.00000000
v 0.02998500 0.10086600 -0.00000000
v 0.02998500 0.10086600 -0.00000000
v 0.03240500 0.10188400 -0.00000000
v 0.03240500 0.10188400 -0.00000000
v 0.03240500 0.10188400 -0.00000000
v 0.03240500 0.10188400 -0.00000000
v 0.03240500 0.10188400 -0.00000000
v 0.03240500 0.10188400 -0.00000000
v 0.01358800 0.07815400 -0.02985200
v 0.01358800 0.07815400 -0.02985200
v 0.01852200 0.08186000 -0.02967500
v 0.01852200 0.08186000 -0.02967500
v 0.01852200 0.08186000 -0.02967500
v 0.01523500 0.08042100 -0.02895100
v 0.01562700 0.08096800 -0.02872900
v 0.01562700 0.08096800 -0.02872900
v 0.01890100 0.08238300 -0.02945800
v 0.01890100 0.08238300 -0.02945800
v 0.01890100 0.08238300 -0.02945800
v 0.01890100 0.08238300 -0.02945800
v 0.01890100 0.08238300 -0.02945800
v 0.01707300 0.08298200 -0.02785600
v 0.01707300 0.08298200 -0.02785600
v 0.01707300 0.08298200 -0.02785600
v 0.02139200 0.08595500 -0.02767200
v 0.02139200 0.08595500 -0.02767200
v 0.02139200 0.08595500 -0.02767200
v 0.02139200 0.08595500 -0.02767200
v 0.02139200 0.08595500 -0.02767200
v 0.01845900 0.08489300 -0.02689600
v 0.01845900 0.08489300 -0.02689600
v 0.01845900 0.08489300 -0.02689600
v 0.02179300 0.08654300 -0.02732100
v 0.02179300 0.08654300 -0.02732100
v 0.02179300 0.08654300 -0.02732100
v 0.02179300 0.08654300 -0.02732100
v 0.02179300 0.08654300 -0.02732100
v 0.02179300 0.08654300 -0.02732100
v 0.02079200 0.08811700 -0.02486400
v 0.02079200 0.08811700 -0.02486400
v 0.02079200 0.08811700 -0.02486400
v 0.02379500 0.08946500 -0.02531000
v 0.02379500 0.08946500 -0.02531000
v 0.02379500 0.08946500 -0.02531000
v 0.02379500 0.08946500 -0.02531000
v 0.02379500 0.08946500 -0.02531000
v 0.02379500 0.08946500 -0.02531000
v 0.02226100 0.09016400 -0.02324900
v 0.02226100 0.09016400 -0.02324900
v 0.02310800 0.09134300 -0.02218100
v 0.02310800 0.09134300 -0.02218100
v 0.02310800 0.09134300 -0.02218100
v 0.02608800 0.09278500 -0.02235100
v 0.02608800 0.09278500 -0.02235100
v 0.02608800 0.09278500 -0.02235100
v 0.02608800 0.09278500 -0.02235100
v 0.02608800 0.09278500 -0.02235100
v 0.02424200 0.09291600 -0.02057200
v 0.02424200 0.09291600 -0.02057200
v 0.02672400 0.09370600 -0.02136600
v 0.02672400 0.09370600 -0.02136600
v 0.02672400 0.09370600 -0.02136600
v 0.02672400 0.09370600 -0.02136600
v 0.02672400 0.09370600 -0.02136600
v 0.02672400 0.09370600 -0.02136600
v 0.02497600 0.09393100 -0.01939600
v 0.02497600 0.09393100 -0.01939600
v 0.02798100 0.09551800 -0.01915500
v 0.02798100 0.09551800 -0.01915500
v 0.02798100 0.09551800 -0.01915500
v 0.02798100 0.09551800 -0.01915500
v 0.02616200 0.09556900 -0.01719900
v 0.02616200 0.09556900 -0.01719900
v 0.02822000 0.09586000 -0.01868700
v 0.02822000 0.09586000 -0.01868700
v 0.02822000 0.09586000 -0.01868700
v 0.02822000 0.09586000 -0.01868700
v 0.02659700 0.09617100 -0.01627300
v 0.02659700 0.09617100 -0.01627300
v 0.02981300 0.09814300 -0.01501400
v 0.02981300 0.09814300 -0.01501400
v 0.02981300 0.09814300 -0.01501400
v 0.02981300 0.09814300 -0.01501400
v 0.02981300 0.09814300 -0.01501400
v 0.02981300 0.09814300 -0.01501400
v 0.02717100 0.09696200 -0.01493300
v 0.02717100 0.09696200 -0.01493300
v 0.03030800 0.09885200 -0.01359500
v 0.03030800 0.09885200 -0.01359500
v 0.03030800 0.09885200 -0.01359500
v 0.03030800 0.09885200 -0.01359500
v 0.03030800 0.09885200 -0.01359500
v 0.03030800 0.09885200 -0.01359500
v 0.03030800 0.09885200 -0.01359500
v 0.02801200 0.09812300 -0.01262900
v 0.02801200 0.09812300 -0.01262900
v 0.03101400 0.09986800 -0.01117800
v 0.03101400 0.09986800 -0.01117800
v 0.03101400 0.09986800 -0.01117800
v 0.03101400 0.09986800 -0.01117800
v 0.02842400 0.09869300 -0.01128500
v 0.02842400 0.09869300 -0.01128500
v 0.03129300 0.10027200 -0.01002700
v 0.03129300 0.10027200 -0.01002700
v 0.03129300 0.10027200 -0.01002700
v 0.03129300 0.10027200 -0.01002700
v 0.02875200 0.09914900 -0.01006100
v 0.02875200 0.09914900 -0.01006100
v 0.03201500 0.10133300 -0.00591200
v 0.03201500 0.10133300 -0.00591200
v 0.03201500 0.10133300 -0.00591200
v 0.03201500 0.10133300 -0.00591200
v 0.03201500 0.10133300 -0.00591200
v 0.03201500 0.10133300 -0.00591200
v 0.03201500 0.10133300 -0.00591200
v 0.02969400 0.10046800 -0.00490400
v 0.02969400 0.10046800 -0.00490400
v 0.02969400 0.10046800 -0.00490400
v 0.02969400 0.10046800 -0.00490400
v 0.03215700 0.10154200 -0.00466300
v 0.03215700 0.10154200 -0.00466300
v 0.03215700 0.10154200 -0.00466300
v 0.03215700 0.10154200 -0.00466300
v 0.03236800 0.10184300 -0.00161900
v 0.03236800 0.10184300 -0.00161900
v 0.03236800 0.10184300 -0.00161900
v 0.03236800 0.10184300 -0.00161900
v 0.03236800 0.10184300 -0.00161900
v 0.03236800 0.10184300 -0.00161900
v 0.09525800 0.08174700 -0.02972000
v 0.09537300 0.08186000 -0.02967400
v 0.09537300 0.08186000 -0.02967400
v 0.09537300 0.08186000 -0.02967400
v 0.09537300 0.08186000 -0.02967400
v 0.09204700 0.07697900 -0.03163700
v 0.09204700 0.07697900 -0.03163700
v 0.09204700 0.07697900 -0.03163700
v 0.09204700 0.07697900 -0.03163700
v 0.09360800 0.07939600 -0.03067400
v 0.09360800 0.07939600 -0.03067400
v 0.09385000 0.07980100 -0.03051100
v 0.09385000 0.07980100 -0.03051100
v 0.09385000 0.07980100 -0.03051100
v 0.09261800 0.07487800 -0.03197600
v 0.09261800 0.07487800 -0.03197600
v 0.09261800 0.07487800 -0.03197600
v 0.09494300 0.07834700 -0.03093200
v 0.09494300 0.07834700 -0.03093200
v 0.09494300 0.07834700 -0.03093200
v 0.09494300 0.07834700 -0.03093200
v 0.09725800 0.08186000 -0.02967400
v 0.09725800 0.08186000 -0.02967400
v 0.09725800 0.08186000 -0.02967400
v 0.09725800 0.08186000 -0.02967400
v 0.09725800 0.08186000 -0.02967400
v 0.09721300 0.08179100 -0.02970200
v 0.09721300 0.08179100 -0.02970200
v 0.09721300 0.08179100 -0.02970200
v 0.09721300 0.08179100 -0.02970200
v 0.09721300 0.08179100 -0.02970200
v 0.09721300 0.08179100 -0.02970200
v 0.09721300 0.08179100 -0.02970200
v 0.09467800 0.07796400 -0.03096300
v 0.09467800 0.07796400 -0.03096300
v 0.09467900 0.07796800 0.03095700
v 0.09467900 0.07796800 0.03095700
v 0.09980200 0.08025000 -0.03027400
v 0.09922300 0.08016400 -0.03030400
v 0.09922300 0.08016400 -0.03030400
v 0.09922300 0.08016400 -0.03030400
v 0.09709400 0.07937000 -0.03056100
v 0.09709400 0.07937000 -0.03056100
v 0.09667200 0.07912000 -0.03063800
v 0.09667200 0.07912000 -0.03063800
v 0.23251400 0.10154400 0.00466100
v 0.23251400 0.10154400 0.00466100
v 0.23251400 0.10154400 0.00466100
v 0.23251400 0.10154400 0.00466100
v 0.23251400 0.10156900 0.00448600
v 0.23251400 0.10156900 0.00448600
v 0.23251500 0.10188500 -0.00000000
v 0.23251500 0.10188500 -0.00000000
v 0.23251500 0.10188500 -0.00000000
v 0.23251400 0.10154400 -0.00466000
v 0.23251400 0.10154400 -0.00466000
v 0.23251400 0.10154400 -0.00466000
v 0.23252400 0.10044600 0.00948800
v 0.23252400 0.10044600 0.00948800
v 0.23252400 0.10044600 0.00948800
v 0.23231100 0.09871000 0.01389700
v 0.23231100 0.09871000 0.01389700
v 0.23231100 0.09871000 0.01389700
v 0.23231100 0.09871000 0.01389700
v 0.22778600 0.09370400 0.02136900
v 0.22778600 0.09370400 0.02136900
v 0.22778600 0.09370400 0.02136900
v 0.22778600 0.09370400 0.02136900
v 0.22778600 0.09370400 0.02136900
v 0.22778600 0.09370400 0.02136900
v 0.22841600 0.09434600 0.02063100
v 0.22841600 0.09434600 0.02063100
v 0.23072700 0.09670500 0.01745500
v 0.23072700 0.09670500 0.01745500
v 0.23170700 0.09772200 0.01578300
v 0.23170700 0.09772200 0.01578300
v 0.22301500 0.08883700 0.02578400
v 0.22301500 0.08883700 0.02578400
v 0.22076400 0.08654300 0.02732300
v 0.22076400 0.08654300 0.02732300
v 0.22076400 0.08654300 0.02732300
v 0.22076400 0.08654300 0.02732300
v 0.22076400 0.08654300 0.02732300
v 0.22076400 0.08654300 0.02732300
v 0.22076400 0.08654300 0.02732300
v 0.22076400 0.08654300 0.02732300
v 0.22076400 0.08654300 0.02732300
v 0.22076400 0.08654300 0.02732300
v 0.22076400 0.08654300 0.02732300
v 0.22580600 0.09168400 0.02342600
v 0.22580600 0.09168400 0.02342600
v 0.09518600 0.07796600 0.03096300
v 0.09518600 0.07796600 0.03096300
v 0.09588400 0.07856500 0.03079900
v 0.09588400 0.07856500 0.03079900
v 0.09788200 0.07975400 0.03043900
v 0.09788200 0.07975400 0.03043900
v 0.09788200 0.07975400 0.03043900
v 0.09980200 0.08025000 0.03027500
v 0.10898300 0.08035300 0.03023900
v 0.12049700 0.08035500 0.03023900
v 0.12049700 0.08035500 0.03023900
v 0.12049700 0.08035500 0.03023900
v 0.14506400 0.08035400 0.03023900
v 0.21526800 0.08352700 0.02894700
v 0.21526800 0.08352700 0.02894700
v 0.21526800 0.08352700 0.02894700
v 0.21526800 0.08352700 0.02894700
v 0.21526800 0.08352700 0.02894700
v 0.21526800 0.08352700 0.02894700
v 0.21526800 0.08352700 0.02894700
v 0.18951600 0.08035600 0.03023800
v 0.18951600 0.08035600 0.03023800
v 0.18951600 0.08035600 0.03023800
v 0.20778900 0.08034800 0.03024100
v 0.22020400 0.08597000 0.02766400
v 0.22020400 0.08597000 0.02766400
v 0.21756300 0.08326900 0.02906700
v 0.21756300 0.08326900 0.02906700
v 0.20977200 0.08035400 0.03023900
v 0.21135300 0.08035900 0.03023800
v 0.21135300 0.08035900 0.03023800
v 0.21311600 0.08057700 0.03016100
v 0.21311600 0.08057700 0.03016100
v 0.21481800 0.08116900 0.02994500
v 0.21625600 0.08206600 0.02959100
v 0.21625600 0.08206600 0.02959100
v 0.23251400 0.10141700 -0.00545300
v 0.23251400 0.10141700 -0.00545300
v 0.23252700 0.10017800 -0.01031000
v 0.23252700 0.10017800 -0.01031000
v 0.23246900 0.09933200 -0.01252400
v 0.23246900 0.09933200 -0.01252400
v 0.23236000 0.09885500 -0.01359100
v 0.23236000 0.09885500 -0.01359100
v 0.23236000 0.09885500 -0.01359100
v 0.23236000 0.09885500 -0.01359100
v 0.23236000 0.09885500 -0.01359100
v 0.22801500 0.09393800 -0.02110500
v 0.22801500 0.09393800 -0.02110500
v 0.22801500 0.09393800 -0.02110500
v 0.22801500 0.09393800 -0.02110500
v 0.22801500 0.09393800 -0.02110500
v 0.23216100 0.09836900 -0.01458200
v 0.23216100 0.09836900 -0.01458200
v 0.23036900 0.09634200 -0.01800000
v 0.23036900 0.09634200 -0.01800000
v 0.23036900 0.09634200 -0.01800000
v 0.23140200 0.09738700 -0.01635900
v 0.23140200 0.09738700 -0.01635900
v 0.22076300 0.08654100 -0.02732300
v 0.22076300 0.08654100 -0.02732300
v 0.22076300 0.08654100 -0.02732300
v 0.22076300 0.08654100 -0.02732300
v 0.22076300 0.08654100 -0.02732300
v 0.22076300 0.08654100 -0.02732300
v 0.22076300 0.08654100 -0.02732300
v 0.22259500 0.08840900 -0.02609200
v 0.22259500 0.08840900 -0.02609200
v 0.22259500 0.08840900 -0.02609200
v 0.22538500 0.09125400 -0.02381800
v 0.22538500 0.09125400 -0.02381800
v 0.12035600 0.08035500 -0.03023800
v 0.12035600 0.08035500 -0.03023800
v 0.12035600 0.08035500 -0.03023800
v 0.10891000 0.08035300 -0.03023900
v 0.21589400 0.08179500 -0.02970000
v 0.21589400 0.08179500 -0.02970000
v 0.21439800 0.08098400 -0.03001300
v 0.21486200 0.08169900 -0.02973900
v 0.21486200 0.08169900 -0.02973900
v 0.21486200 0.08169900 -0.02973900
v 0.21266300 0.08048300 -0.03019300
v 0.21251200 0.08045800 -0.03020200
v 0.21091600 0.08035200 -0.03023900
v 0.21091600 0.08035200 -0.03023900
v 0.21091600 0.08035200 -0.03023900
v 0.21091600 0.08035200 -0.03023900
v 0.21721100 0.08291800 -0.02922500
v 0.21721100 0.08291800 -0.02922500
v 0.21721100 0.08291800 -0.02922500
v 0.21981800 0.08557600 -0.02788800
v 0.21981800 0.08557600 -0.02788800
v 0.21981800 0.08557600 -0.02788800
v 0.21001200 0.08035400 -0.03023900
v 0.21001200 0.08035400 -0.03023900
v 0.21001200 0.08035400 -0.03023900
v 0.20731000 0.08034700 -0.03024100
v 0.18899800 0.08035600 -0.03023800
v 0.14477000 0.08035400 -0.03023800
vn 0.00090000 0.00030000 -1.00000000
vn -0.00000000 -0.00000000 -1.00000000
vn -0.00000000 -0.00000000 -1.00000000
vn -0.84310000 -0.53780000 -0.00000000
vn 0.99880000 0.04440000 -0.02240000
vn -0.00000000 0.00760000 -1.00000000
vn -0.00010000 0.00360000 -1.00000000
vn -0.00000000 0.00570000 -1.00000000
vn 0.91510000 -0.40070000 -0.04470000
vn 0.99880000 0.04440000 -0.02240000
vn 0.83810000 -0.54550000 -0.00070000
vn 0.91510000 -0.40070000 -0.04470000
vn 0.83850000 -0.54490000 -0.00000000
vn -0.00000000 -0.00000000 -1.00000000
vn 0.99880000 0.04440000 -0.02240000
vn -0.84310000 -0.53780000 -0.00000000
vn 0.83770000 -0.54620000 -0.00020000
vn 0.91510000 -0.40070000 -0.04470000
vn -0.00000000 -0.00000000 1.00000000
vn -0.00000000 -0.00000000 1.00000000
vn 0.00080000 0.00120000 1.00000000
vn -0.00000000 0.00410000 1.00000000
vn -0.00000000 0.00400000 1.00000000
vn 0.00010000 0.00050000 1.00000000
vn -0.00020000 0.00130000 1.00000000
vn -0.00000000 -0.00000000 1.00000000
vn -0.00000000 -0.00000000 1.00000000
vn 0.14420000 -0.31600000 -0.93770000
vn 0.16510000 -0.31000000 -0.93630000
vn 0.17270000 -0.30590000 -0.93630000
vn 0.16510000 -0.31000000 -0.93630000
vn 0.20940000 -0.28190000 -0.93630000
vn 0.19930000 -0.28400000 -0.93790000
vn 0.20940000 -0.28190000 -0.93630000
vn 0.24080000 -0.25730000 -0.93580000
vn -0.32800000 0.12090000 -0.93690000
vn -0.31570000 0.15690000 -0.93580000
vn -0.31830000 0.14360000 -0.93700000
vn -0.32800000 0.12090000 -0.93690000
vn -0.33310000 0.10590000 -0.93690000
vn -0.33300000 0.10550000 -0.93700000
vn -0.33930000 0.09650000 -0.93570000
vn -0.33990000 0.09600000 -0.93550000
vn 0.18400000 -0.29590000 -0.93730000
vn 0.17790000 -0.30360000 -0.93600000
vn 0.18470000 -0.29480000 -0.93750000
vn 0.19080000 -0.28690000 -0.93880000
vn 0.14420000 -0.31590000 -0.93780000
vn 0.12330000 -0.32950000 -0.93610000
vn 0.10710000 -0.33290000 -0.93690000
vn 0.12330000 -0.32950000 -0.93610000
vn 0.06600000 -0.34500000 -0.93630000
vn 0.08650000 -0.34020000 -0.93640000
vn 0.10640000 -0.32960000 -0.93810000
vn 0.08650000 -0.34020000 -0.93640000
vn 0.00350000 -0.35110000 -0.93630000
vn 0.00500000 -0.35120000 -0.93630000
vn 0.02920000 -0.34870000 -0.93680000
vn 0.02950000 -0.34860000 -0.93680000
vn 0.05650000 -0.34710000 -0.93610000
vn 0.05650000 -0.34640000 -0.93640000
vn -0.12170000 -0.31260000 -0.94210000
vn -0.11270000 -0.33260000 -0.93630000
vn -0.13840000 -0.32220000 -0.93650000
vn -0.08440000 -0.34270000 -0.93570000
vn -0.11270000 -0.33260000 -0.93630000
vn -0.08420000 -0.34250000 -0.93570000
vn -0.05370000 -0.34680000 -0.93640000
vn -0.02320000 -0.35130000 -0.93600000
vn -0.05120000 -0.34750000 -0.93630000
vn 0.00240000 -0.35110000 -0.93630000
vn -0.02250000 -0.35150000 -0.93590000
vn -0.15490000 -0.31660000 -0.93580000
vn -0.12170000 -0.31260000 -0.94210000
vn -0.15490000 -0.31660000 -0.93580000
vn -0.18780000 -0.29710000 -0.93620000
vn -0.21150000 -0.28170000 -0.93590000
vn -0.18780000 -0.29670000 -0.93630000
vn -0.23520000 -0.26430000 -0.93530000
vn -0.21420000 -0.27950000 -0.93600000
vn -0.23490000 -0.26410000 -0.93550000
vn -0.25450000 -0.24340000 -0.93600000
vn -0.27160000 -0.21990000 -0.93700000
vn -0.25590000 -0.24150000 -0.93600000
vn -0.29190000 -0.19590000 -0.93620000
vn -0.27120000 -0.21990000 -0.93710000
vn -0.30630000 -0.17310000 -0.93610000
vn -0.29030000 -0.19740000 -0.93640000
vn -0.30630000 -0.17320000 -0.93610000
vn -0.31840000 -0.14610000 -0.93660000
vn -0.33660000 -0.09250000 -0.93710000
vn -0.33210000 -0.11170000 -0.93660000
vn -0.33620000 -0.10240000 -0.93620000
vn -0.32140000 -0.12710000 -0.93840000
vn -0.33210000 -0.11170000 -0.93660000
vn -0.31840000 -0.14610000 -0.93660000
vn -0.32140000 -0.12700000 -0.93840000
vn -0.34010000 -0.08780000 -0.93630000
vn -0.34440000 -0.06020000 -0.93690000
vn -0.34400000 -0.06030000 -0.93700000
vn -0.35230000 -0.02410000 -0.93560000
vn -0.34190000 0.00310000 -0.93970000
vn -0.35410000 -0.01550000 -0.93510000
vn -0.34220000 0.00350000 -0.93960000
vn -0.34960000 0.01650000 -0.93680000
vn -0.34070000 0.08600000 -0.93620000
vn -0.34250000 0.07910000 -0.93620000
vn -0.34780000 0.05250000 -0.93610000
vn -0.34960000 0.01650000 -0.93680000
vn -0.34890000 0.03190000 -0.93660000
vn -0.34820000 0.05230000 -0.93600000
vn -0.00000000 -0.00000000 -1.00000000
vn -0.29840000 0.20530000 -0.93210000
vn -0.29820000 0.20580000 -0.93210000
vn -0.00000000 -0.00000000 -1.00000000
vn -0.29910000 0.20580000 -0.93180000
vn -0.30590000 0.21940000 -0.92640000
vn -0.00000000 -0.00000000 -1.00000000
vn -0.29160000 0.21010000 -0.93320000
vn -0.29050000 0.20900000 -0.93380000
vn -0.00000000 -0.00000000 -1.00000000
vn -0.29080000 0.20900000 -0.93370000
vn -0.28970000 0.20650000 -0.93460000
vn -0.00000000 -0.00000000 -1.00000000
vn -0.29030000 0.20680000 -0.93430000
vn -0.00000000 -0.00000000 -1.00000000
vn -0.29140000 0.20120000 -0.93520000
vn -0.29210000 0.19980000 -0.93530000
vn -0.00000000 -0.00000000 -1.00000000
vn -0.29280000 0.19730000 -0.93560000
vn -0.00000000 -0.00000000 -1.00000000
vn -0.29900000 0.18930000 -0.93530000
vn -0.30480000 0.16380000 -0.93820000
vn -0.29900000 0.18950000 -0.93520000
vn -0.30440000 0.16420000 -0.93830000
vn -0.00000000 -0.00000000 -1.00000000
vn -0.29900000 0.18960000 -0.93520000
vn -0.31520000 0.15710000 -0.93590000
vn -0.31830000 0.14360000 -0.93700000
vn -0.00000000 -0.00000000 -1.00000000
vn -0.00000000 -0.00000000 -1.00000000
vn -0.02560000 -0.34790000 -0.93720000
vn 0.00280000 -0.35120000 -0.93630000
vn 0.00430000 -0.35110000 -0.93630000
vn 0.03010000 -0.34750000 -0.93720000
vn -0.00000000 -0.00000000 -1.00000000
vn -0.33090000 0.10820000 -0.93740000
vn -0.34040000 0.08500000 -0.93640000
vn -0.00000000 -0.00000000 -1.00000000
vn -0.31830000 0.14360000 -0.93700000
vn -0.32800000 0.12090000 -0.93690000
vn -0.00000000 -0.00000000 -1.00000000
vn -0.32600000 0.11450000 -0.93840000
vn -0.00000000 -0.00000000 -1.00000000
vn -0.34250000 0.05650000 -0.93780000
vn -0.34200000 0.08140000 -0.93620000
vn -0.34890000 0.03190000 -0.93660000
vn -0.00000000 -0.00000000 -1.00000000
vn -0.34270000 0.05630000 -0.93780000
vn -0.00030000 -0.00000000 -1.00000000
vn -0.34960000 0.01650000 -0.93680000
vn -0.34890000 0.03190000 -0.93660000
vn -0.34200000 0.00320000 -0.93970000
vn -0.00000000 -0.00000000 -1.00000000
vn -0.35380000 -0.01760000 -0.93520000
vn -0.34160000 0.00260000 -0.93980000
vn -0.34920000 -0.05790000 -0.93530000
vn -0.00000000 -0.00000000 -1.00000000
vn -0.00000000 -0.00000000 -1.00000000
vn -0.34040000 -0.08650000 -0.93630000
vn -0.34970000 -0.05760000 -0.93510000
vn -0.00000000 -0.00000000 -1.00000000
vn -0.33880000 -0.09490000 -0.93610000
vn -0.00000000 -0.00000000 -1.00000000
vn -0.32150000 -0.12720000 -0.93830000
vn -0.33640000 -0.10100000 -0.93630000
vn -0.33210000 -0.11170000 -0.93660000
vn -0.32140000 -0.12710000 -0.93840000
vn -0.00000000 -0.00000000 -1.00000000
vn -0.30630000 -0.17320000 -0.93600000
vn -0.31840000 -0.14610000 -0.93660000
vn -0.29070000 -0.19690000 -0.93630000
vn -0.00000000 -0.00000000 -1.00000000
vn -0.30630000 -0.17320000 -0.93610000
vn -0.27690000 -0.21990000 -0.93540000
vn -0.29250000 -0.19540000 -0.93610000
vn -0.00000000 -0.00000000 -1.00000000
vn -0.00000000 -0.00000000 -1.00000000
vn -0.25630000 -0.24080000 -0.93610000
vn -0.27730000 -0.21990000 -0.93530000
vn -0.23510000 -0.26070000 -0.93630000
vn -0.25520000 -0.24260000 -0.93600000
vn -0.00000000 -0.00000000 -1.00000000
vn -0.21530000 -0.27860000 -0.93600000
vn -0.00000000 -0.00000000 -1.00000000
vn -0.23500000 -0.26110000 -0.93630000
vn -0.00000000 -0.00000000 -1.00000000
vn -0.21260000 -0.28080000 -0.93590000
vn -0.18840000 -0.29270000 -0.93750000
vn -0.18820000 -0.29300000 -0.93740000
vn -0.00000000 -0.00000000 -1.00000000
vn -0.13840000 -0.32220000 -0.93650000
vn -0.15490000 -0.31660000 -0.93580000
vn -0.12170000 -0.31260000 -0.94210000
vn -0.11270000 -0.33260000 -0.93630000
vn -0.08430000 -0.34260000 -0.93570000
vn -0.00000000 -0.00000000 -1.00000000
vn -0.13840000 -0.32220000 -0.93650000
vn -0.05460000 -0.34680000 -0.93640000
vn -0.00000000 -0.00000000 -1.00000000
vn -0.08410000 -0.34240000 -0.93580000
vn -0.02560000 -0.34740000 -0.93740000
vn -0.00000000 -0.00000000 -1.00000000
vn -0.05210000 -0.34720000 -0.93630000
vn 0.03120000 -0.34620000 -0.93770000
vn 0.05890000 -0.34510000 -0.93670000
vn -0.00000000 -0.00000000 -1.00000000
vn 0.10480000 -0.33240000 -0.93730000
vn 0.14390000 -0.31580000 -0.93780000
vn -0.00000000 -0.00000000 -1.00000000
vn 0.12330000 -0.32950000 -0.93610000
vn 0.09550000 -0.33070000 -0.93890000
vn -0.00000000 -0.00000000 -1.00000000
vn 0.06550000 -0.34550000 -0.93610000
vn 0.08650000 -0.34020000 -0.93640000
vn 0.16510000 -0.31000000 -0.93630000
vn 0.14420000 -0.31590000 -0.93780000
vn 0.17070000 -0.30670000 -0.93640000
vn -0.00000000 -0.00000000 -1.00000000
vn 0.19710000 -0.28440000 -0.93820000
vn -0.00000000 -0.00000000 -1.00000000
vn 0.24130000 -0.25740000 -0.93570000
vn 0.20940000 -0.28190000 -0.93630000
vn 0.17660000 -0.30440000 -0.93610000
vn -0.00000000 -0.00000000 -1.00000000
vn 0.18730000 -0.29210000 -0.93790000
vn 0.01250000 -0.34330000 0.93920000
vn 0.00440000 -0.35020000 0.93670000
vn 0.01790000 -0.34500000 0.93840000
vn -0.31580000 0.15680000 0.93580000
vn -0.32290000 0.11940000 0.93890000
vn -0.34010000 0.09660000 0.93540000
vn -0.32370000 0.11940000 0.93860000
vn -0.34010000 0.09660000 0.93540000
vn -0.33750000 0.07930000 0.93800000
vn -0.33630000 0.07350000 0.93890000
vn -0.35320000 0.05500000 0.93390000
vn -0.34850000 0.04060000 0.93640000
vn -0.34950000 0.02020000 0.93670000
vn -0.35320000 0.05500000 0.93390000
vn -0.34960000 -0.03520000 0.93620000
vn -0.35540000 -0.01230000 0.93460000
vn -0.35540000 -0.01230000 0.93460000
vn -0.34210000 0.00290000 0.93970000
vn -0.34950000 0.02020000 0.93670000
vn -0.32230000 -0.10220000 0.94110000
vn -0.33880000 -0.09160000 0.93640000
vn -0.34070000 -0.08490000 0.93630000
vn -0.34280000 -0.05820000 0.93760000
vn -0.34110000 -0.08460000 0.93620000
vn -0.34960000 -0.03520000 0.93620000
vn -0.34240000 -0.05830000 0.93770000
vn -0.31780000 -0.14690000 0.93670000
vn -0.30520000 -0.16780000 0.93740000
vn -0.32290000 -0.13500000 0.93670000
vn -0.32540000 -0.12020000 0.93790000
vn -0.32380000 -0.13550000 0.93640000
vn -0.32200000 -0.10170000 0.94130000
vn -0.32540000 -0.12020000 0.93790000
vn -0.29550000 -0.18980000 0.93630000
vn -0.30520000 -0.16860000 0.93730000
vn -0.29240000 -0.19390000 0.93640000
vn -0.23450000 -0.25790000 0.93730000
vn -0.25390000 -0.24340000 0.93610000
vn -0.25540000 -0.24420000 0.93550000
vn -0.27310000 -0.21660000 0.93730000
vn -0.26040000 -0.23700000 0.93600000
vn -0.28930000 -0.19800000 0.93650000
vn -0.27320000 -0.21620000 0.93740000
vn -0.21880000 -0.27610000 0.93590000
vn -0.23430000 -0.25830000 0.93720000
vn -0.19520000 -0.29280000 0.93600000
vn -0.21880000 -0.27610000 0.93590000
vn -0.17120000 -0.30740000 0.93610000
vn -0.19480000 -0.29260000 0.93620000
vn -0.14670000 -0.30070000 0.94240000
vn -0.17120000 -0.30740000 0.93610000
vn -0.14190000 -0.32170000 0.93610000
vn -0.08420000 -0.34210000 0.93590000
vn -0.11370000 -0.33230000 0.93630000
vn -0.12760000 -0.32800000 0.93600000
vn -0.11370000 -0.33230000 0.93630000
vn -0.14670000 -0.30070000 0.94240000
vn -0.12760000 -0.32800000 0.93600000
vn -0.08430000 -0.34240000 0.93570000
vn -0.05590000 -0.34650000 0.93640000
vn -0.05480000 -0.34670000 0.93640000
vn -0.00650000 -0.35110000 0.93630000
vn -0.03250000 -0.34750000 0.93710000
vn -0.00680000 -0.35180000 0.93600000
vn -0.03290000 -0.34740000 0.93710000
vn -0.05340000 -0.34690000 0.93640000
vn 0.12850000 -0.32690000 0.93630000
vn 0.10600000 -0.33480000 0.93630000
vn 0.10600000 -0.33480000 0.93630000
vn 0.08630000 -0.32950000 0.94020000
vn 0.08180000 -0.33380000 0.93910000
vn 0.07720000 -0.33770000 0.93810000
vn 0.07560000 -0.33910000 0.93770000
vn 0.06790000 -0.34360000 0.93670000
vn 0.05670000 -0.34770000 0.93590000
vn 0.03610000 -0.35050000 0.93590000
vn 0.05590000 -0.34760000 0.93600000
vn 0.04980000 -0.34700000 0.93650000
vn 0.01130000 -0.34280000 0.93930000
vn 0.03610000 -0.35050000 0.93590000
vn 0.18150000 -0.30050000 0.93640000
vn 0.16870000 -0.30790000 0.93630000
vn 0.16870000 -0.30790000 0.93630000
vn 0.15560000 -0.31490000 0.93630000
vn 0.13830000 -0.31230000 0.93990000
vn 0.15560000 -0.31490000 0.93630000
vn 0.12850000 -0.32690000 0.93630000
vn 0.24080000 -0.25780000 0.93570000
vn 0.20540000 -0.28500000 0.93630000
vn 0.18840000 -0.28520000 0.93980000
vn 0.20540000 -0.28500000 0.93630000
vn 0.18150000 -0.30050000 0.93640000
vn -0.00000000 -0.00000000 1.00000000
vn -0.32400000 0.11930000 0.93850000
vn -0.31550000 0.15760000 0.93570000
vn -0.30520000 0.16450000 0.93800000
vn -0.30010000 0.18430000 0.93590000
vn -0.30440000 0.16410000 0.93830000
vn -0.29950000 0.18500000 0.93600000
vn -0.00000000 -0.00000000 1.00000000
vn -0.29670000 0.18450000 0.93700000
vn -0.00000000 -0.00000000 1.00000000
vn -0.29340000 0.19860000 0.93510000
vn -0.29180000 0.20000000 0.93530000
vn -0.29190000 0.19960000 0.93540000
vn -0.00000000 -0.00000000 1.00000000
vn -0.29030000 0.20670000 0.93430000
vn -0.00000000 -0.00000000 1.00000000
vn -0.28980000 0.20640000 0.93460000
vn -0.29060000 0.20890000 0.93380000
vn -0.29080000 0.20880000 0.93370000
vn -0.00000000 -0.00000000 1.00000000
vn -0.00000000 -0.00000000 1.00000000
vn -0.29090000 0.21220000 0.93290000
vn -0.29600000 0.20690000 0.93250000
vn -0.29820000 0.20590000 0.93200000
vn -0.00000000 -0.00000000 1.00000000
vn -0.00000000 -0.00000000 1.00000000
vn -0.30620000 0.21070000 0.92840000
vn -0.34010000 0.09660000 0.93540000
vn -0.32500000 0.12400000 0.93760000
vn -0.33710000 0.07780000 0.93830000
vn -0.00000000 -0.00000000 1.00000000
vn 0.20540000 -0.28500000 0.93630000
vn -0.00000000 -0.00000000 1.00000000
vn 0.24140000 -0.26120000 0.93460000
vn 0.18840000 -0.28520000 0.93980000
vn -0.00000000 -0.00000000 1.00000000
vn 0.15560000 -0.31490000 0.93630000
vn 0.18150000 -0.30050000 0.93640000
vn 0.16870000 -0.30790000 0.93630000
vn 0.18840000 -0.28520000 0.93980000
vn 0.13830000 -0.31230000 0.93990000
vn 0.12850000 -0.32690000 0.93630000
vn -0.00000000 -0.00000000 1.00000000
vn 0.13830000 -0.31230000 0.93990000
vn 0.10600000 -0.33480000 0.93630000
vn 0.08450000 -0.33310000 0.93910000
vn -0.00000000 -0.00000000 1.00000000
vn 0.07830000 -0.33610000 0.93860000
vn 0.06610000 -0.34430000 0.93650000
vn 0.04980000 -0.34700000 0.93650000
vn 0.04980000 -0.34700000 0.93650000
vn 0.01380000 -0.34360000 0.93900000
vn -0.00000000 -0.00000000 1.00000000
vn 0.03610000 -0.35050000 0.93590000
vn 0.00290000 -0.35020000 0.93670000
vn 0.01790000 -0.34550000 0.93830000
vn -0.03080000 -0.34570000 0.93780000
vn -0.00000000 -0.00000000 1.00000000
vn -0.00000000 -0.00000000 1.00000000
vn -0.03180000 -0.34660000 0.93750000
vn -0.05510000 -0.34660000 0.93640000
vn -0.08510000 -0.34030000 0.93650000
vn -0.11370000 -0.33230000 0.93630000
vn -0.08530000 -0.34000000 0.93650000
vn -0.14190000 -0.32170000 0.93610000
vn -0.12760000 -0.32800000 0.93600000
vn -0.14670000 -0.30070000 0.94240000
vn -0.00000000 -0.00000000 1.00000000
vn -0.17120000 -0.30740000 0.93610000
vn -0.19100000 -0.29150000 0.93730000
vn -0.00000000 -0.00000000 1.00000000
vn -0.14190000 -0.32170000 0.93610000
vn -0.19140000 -0.29150000 0.93720000
vn -0.00000000 -0.00000000 1.00000000
vn -0.23440000 -0.25650000 0.93770000
vn -0.21880000 -0.27610000 0.93590000
vn -0.27270000 -0.21390000 0.93800000
vn -0.25530000 -0.24410000 0.93550000
vn -0.00000000 -0.00000000 1.00000000
vn -0.23440000 -0.25460000 0.93820000
vn -0.27230000 -0.21100000 0.93880000
vn -0.00000000 -0.00000000 1.00000000
vn -0.29550000 -0.19070000 0.93610000
vn -0.30420000 -0.16540000 0.93820000
vn -0.00000000 -0.00000000 1.00000000
vn -0.31800000 -0.14610000 0.93680000
vn -0.32270000 -0.10310000 0.94090000
vn -0.30320000 -0.16220000 0.93900000
vn -0.32540000 -0.12020000 0.93790000
vn -0.34070000 -0.08540000 0.93630000
vn -0.34590000 -0.05640000 0.93660000
vn -0.00000000 -0.00000000 1.00000000
vn -0.32700000 -0.11120000 0.93850000
vn -0.34570000 -0.05670000 0.93660000
vn -0.34960000 -0.03520000 0.93620000
vn -0.35540000 -0.01230000 0.93460000
vn -0.00000000 -0.00000000 1.00000000
vn -0.34210000 0.00290000 0.93970000
vn -0.34850000 0.04060000 0.93640000
vn -0.00000000 -0.00000000 1.00000000
vn -0.33580000 0.07340000 0.93910000
vn -0.35320000 0.05500000 0.93390000
vn -0.34850000 0.04060000 0.93640000
vn -0.34210000 0.00290000 0.93970000
vn -0.34950000 0.02020000 0.93670000
vn -0.00000000 -0.00000000 1.00000000
vn 0.39760000 -0.27100000 0.87660000
vn 0.41370000 -0.27020000 0.86940000
vn 0.41390000 -0.23200000 0.88030000
vn 0.42460000 -0.26150000 0.86680000
vn -0.00490000 0.01110000 0.99990000
vn -0.00380000 0.03460000 0.99940000
vn 0.44270000 -0.18350000 0.87770000
vn 0.41850000 -0.22630000 0.87960000
vn 0.41390000 -0.23200000 0.88030000
vn 0.42460000 -0.26150000 0.86680000
vn 0.41850000 -0.22630000 0.87960000
vn -0.00380000 0.03460000 0.99940000
vn -0.00170000 0.08570000 0.99630000
vn 0.42460000 -0.26150000 0.86680000
vn 0.44900000 -0.18650000 0.87380000
vn -0.00170000 0.08570000 0.99630000
vn 0.41850000 -0.22630000 0.87960000
vn -0.00010000 0.14810000 0.98900000
vn 0.00410000 0.16270000 0.98670000
vn 0.00230000 0.11870000 0.99290000
vn -0.00490000 0.01110000 0.99990000
vn 0.00010000 0.00400000 1.00000000
vn -0.00000000 0.00060000 1.00000000
vn -0.00000000 0.03970000 0.99920000
vn 0.39670000 -0.27120000 0.87700000
vn 0.39420000 -0.27420000 0.87710000
vn 0.41370000 -0.27020000 0.86940000
vn 0.44300000 -0.19420000 0.87520000
vn 0.41390000 -0.23200000 0.88030000
vn 0.41370000 -0.27020000 0.86940000
vn 0.34710000 -0.23890000 0.90690000
vn 0.36600000 -0.24970000 0.89650000
vn -0.00000000 -0.00000000 1.00000000
vn 0.38200000 -0.25500000 0.88830000
vn 0.36420000 -0.24520000 0.89850000
vn -0.00000000 -0.00000000 1.00000000
vn 0.38250000 -0.26340000 0.88560000
vn 0.36690000 -0.25270000 0.89530000
vn 0.38010000 -0.26060000 0.88750000
vn -0.00000000 -0.00000000 1.00000000
vn 0.38860000 -0.26050000 0.88380000
vn 0.38820000 -0.25910000 0.88440000
vn 0.38990000 -0.26300000 0.88250000
vn -0.00000000 -0.00000000 1.00000000
vn 0.39110000 -0.26890000 0.88020000
vn 0.39080000 -0.26570000 0.88130000
vn -0.00000000 -0.00000000 1.00000000
vn 0.38900000 -0.27490000 0.87920000
vn -0.00010000 0.00060000 1.00000000
vn 0.33410000 -0.22320000 0.91570000
vn 0.33430000 -0.22390000 0.91550000
vn -0.00000000 -0.00000000 1.00000000
vn 0.34710000 -0.23890000 0.90690000
vn 0.33390000 -0.22360000 0.91570000
vn 0.31700000 -0.21850000 0.92290000
vn 0.34710000 -0.23890000 0.90690000
vn 0.33430000 -0.22390000 0.91550000
vn 0.36330000 -0.24330000 0.89930000
vn 0.36340000 -0.24330000 0.89930000
vn 0.33440000 -0.22340000 0.91560000
vn 0.31650000 -0.21810000 0.92320000
vn -0.00000000 -0.00000000 1.00000000
vn 0.30970000 -0.21320000 0.92660000
vn 0.31940000 -0.21340000 0.92330000
vn 0.30650000 -0.20540000 0.92940000
vn 0.31980000 -0.21320000 0.92320000
vn 0.00030000 -0.00020000 1.00000000
vn 0.30860000 -0.20950000 0.92780000
vn 0.29100000 -0.19990000 0.93560000
vn 0.30570000 -0.20320000 0.93020000
vn 0.29110000 -0.19990000 0.93560000
vn 0.00030000 -0.00010000 1.00000000
vn 0.29070000 -0.20010000 0.93570000
vn 0.30560000 -0.20380000 0.93010000
vn 0.30560000 -0.20340000 0.93020000
vn -0.00000000 -0.00000000 1.00000000
vn 0.28970000 -0.20050000 0.93590000
vn 0.28490000 -0.20530000 0.93630000
vn -0.00000000 -0.00000000 1.00000000
vn 0.28920000 -0.20080000 0.93600000
vn 0.28460000 -0.20620000 0.93620000
vn 0.28930000 -0.20080000 0.93590000
vn 0.27310000 -0.21930000 0.93670000
vn -0.00000000 -0.00000000 1.00000000
vn 0.28420000 -0.20570000 0.93650000
vn 0.27200000 -0.22120000 0.93650000
vn 0.28380000 -0.21570000 0.93430000
vn -0.00000000 -0.00000000 1.00000000
vn 0.26160000 -0.23410000 0.93640000
vn 0.26720000 -0.22770000 0.93640000
vn 0.26160000 -0.23410000 0.93640000
vn 0.26500000 -0.23060000 0.93630000
vn 0.24120000 -0.25800000 0.93550000
vn 0.26160000 -0.23410000 0.93640000
vn 0.24130000 -0.26170000 0.93450000
vn -0.00000000 -0.00000000 1.00000000
vn 0.30560000 -0.20350000 -0.93010000
vn 0.30060000 -0.20660000 -0.93110000
vn 0.31710000 -0.21830000 -0.92300000
vn 0.30570000 -0.20360000 -0.93010000
vn -0.00000000 -0.00000000 -1.00000000
vn 0.39110000 -0.27480000 -0.87840000
vn 0.41170000 -0.26880000 -0.87080000
vn 0.38880000 -0.27550000 -0.87920000
vn -0.00000000 -0.00000000 -1.00000000
vn -0.00000000 0.00130000 -1.00000000
vn -0.00010000 0.03970000 -0.99920000
vn -0.00090000 0.01210000 -0.99990000
vn 0.41330000 -0.27790000 -0.86720000
vn 0.39450000 -0.27210000 -0.87770000
vn 0.38700000 -0.20650000 -0.89870000
vn 0.41320000 -0.27740000 -0.86740000
vn 0.41400000 -0.23180000 -0.88030000
vn 0.44900000 -0.18640000 -0.87390000
vn 0.41400000 -0.23180000 -0.88030000
vn 0.41370000 -0.27950000 -0.86650000
vn 0.42460000 -0.26140000 -0.86680000
vn -0.00090000 0.01210000 -0.99990000
vn -0.00380000 0.03450000 -0.99940000
vn 0.00160000 0.14480000 -0.98950000
vn 0.44910000 -0.18640000 -0.87380000
vn 0.41400000 -0.23180000 -0.88030000
vn 0.41850000 -0.22650000 -0.87950000
vn 0.42460000 -0.26140000 -0.86680000
vn 0.42460000 -0.26140000 -0.86680000
vn 0.41850000 -0.22650000 -0.87950000
vn -0.00170000 0.08570000 -0.99630000
vn -0.00380000 0.03450000 -0.99940000
vn -0.00170000 0.08570000 -0.99630000
vn 0.44880000 -0.18630000 -0.87400000
vn 0.41850000 -0.22650000 -0.87950000
vn -0.00010000 0.14810000 -0.98900000
vn -0.00000000 -0.00000000 -1.00000000
vn 0.38840000 -0.26450000 -0.88270000
vn 0.38870000 -0.26380000 -0.88280000
vn -0.00030000 0.00040000 -1.00000000
vn 0.38730000 -0.26700000 -0.88250000
vn -0.00000000 -0.00000000 -1.00000000
vn 0.38700000 -0.26360000 -0.88360000
vn -0.00000000 -0.00000000 -1.00000000
vn 0.38910000 -0.27540000 -0.87910000
vn 0.36310000 -0.24250000 -0.89960000
vn 0.38280000 -0.26380000 -0.88540000
vn 0.36320000 -0.24260000 -0.89960000
vn -0.00000000 -0.00000000 -1.00000000
vn 0.36350000 -0.24270000 -0.89940000
vn 0.38240000 -0.26340000 -0.88560000
vn 0.34710000 -0.23890000 -0.90690000
vn 0.38260000 -0.26500000 -0.88510000
vn -0.00000000 -0.00000000 -1.00000000
vn -0.00000000 -0.00000000 -1.00000000
vn 0.38780000 -0.26010000 -0.88430000
vn 0.00020000 -0.00030000 -1.00000000
vn 0.38770000 -0.26600000 -0.88260000
vn 0.36330000 -0.24310000 -0.89940000
vn 0.34710000 -0.23890000 -0.90690000
vn 0.36320000 -0.24330000 -0.89940000
vn 0.33430000 -0.22390000 -0.91550000
vn 0.34710000 -0.23890000 -0.90690000
vn 0.33400000 -0.22410000 -0.91550000
vn -0.00000000 -0.00000000 -1.00000000
vn 0.33430000 -0.22380000 -0.91550000
vn 0.33230000 -0.22830000 -0.91510000
vn 0.31960000 -0.21360000 -0.92320000
vn 0.31910000 -0.21390000 -0.92330000
vn 0.33220000 -0.22900000 -0.91500000
vn -0.00000000 -0.00000000 -1.00000000
vn 0.30570000 -0.20370000 -0.93010000
vn 0.31700000 -0.21770000 -0.92310000
vn 0.30570000 -0.20360000 -0.93010000
vn 0.29380000 -0.20340000 -0.93400000
vn 0.00040000 -0.00020000 -1.00000000
vn 0.29540000 -0.20310000 -0.93350000
vn 0.00100000 -0.00080000 -1.00000000
vn 0.29550000 -0.20270000 -0.93360000
vn 0.29550000 -0.20260000 -0.93360000
vn 0.00090000 -0.00080000 -1.00000000
vn -0.00000000 -0.00000000 -1.00000000
vn 0.30050000 -0.20690000 -0.93110000
vn -0.00000000 -0.00000000 -1.00000000
vn 0.30250000 -0.20780000 -0.93020000
vn 0.29550000 -0.20100000 -0.93400000
vn -0.00000000 -0.00000000 -1.00000000
vn 0.28540000 -0.20310000 -0.93670000
vn -0.00000000 -0.00000000 -1.00000000
vn 0.28560000 -0.20050000 -0.93710000
vn 0.28230000 -0.22690000 -0.93210000
vn 0.28570000 -0.19880000 -0.93750000
vn 0.28190000 -0.22560000 -0.93250000
vn -0.00000000 -0.00000000 -1.00000000
vn 0.26400000 -0.23180000 -0.93630000
vn 0.28190000 -0.22560000 -0.93260000
vn 0.26400000 -0.23180000 -0.93630000
vn 0.24010000 -0.25710000 -0.93610000
vn 0.27940000 -0.21590000 -0.93560000
vn 0.24080000 -0.25720000 -0.93590000
vn 0.26400000 -0.23180000 -0.93630000
vn -0.00000000 -0.00000000 -1.00000000
vn 0.00050000 -0.00040000 -1.00000000
vn -0.00000000 -0.00000000 -1.00000000
vn -0.00000000 -0.00000000 -1.00000000
vn -0.00000000 -0.00000000 -1.00000000
vn -0.00000000 -0.00000000 -1.00000000
vn -0.00000000 -0.00000000 -1.00000000
vn -0.00000000 -0.00000000 -1.00000000
vn -0.00000000 -0.00000000 -1.00000000
vn -0.29910000 0.20370000 -0.93220000
vn -0.30610000 0.21850000 -0.92660000
vn -0.00000000 -0.00000000 -1.00000000
vn -0.31360000 0.22280000 -0.92310000
vn -0.00000000 -0.00000000 -1.00000000
vn -0.30840000 0.21880000 -0.92570000
vn -0.32260000 0.22960000 -0.91830000
vn -0.00000000 -0.00000000 -1.00000000
vn -0.31770000 0.22550000 -0.92100000
vn -0.32660000 0.22750000 -0.91740000
vn -0.33360000 0.24140000 -0.91130000
vn -0.00000000 -0.00000000 -1.00000000
vn -0.33410000 0.24060000 -0.91130000
vn -0.32720000 0.22650000 -0.91740000
vn -0.33760000 0.23760000 -0.91080000
vn -0.84310000 -0.53780000 -0.00000000
vn -0.00000000 -0.00000000 -1.00000000
vn -0.00000000 -0.00000000 -1.00000000
vn -0.00000000 -0.00000000 -1.00000000
vn -0.00000000 -0.00000000 -1.00000000
vn -0.00000000 -0.00000000 -1.00000000
vn -0.00000000 -0.00000000 -1.00000000
vn -0.00000000 -0.00000000 -1.00000000
vn -0.00000000 -0.00000000 -1.00000000
vn -0.00000000 -0.00000000 -1.00000000
vn -0.34480000 0.28430000 -0.89460000
vn -0.34710000 0.25010000 -0.90390000
vn -0.00010000 0.03970000 -0.99920000
vn -0.00020000 0.00150000 -1.00000000
vn -0.00020000 0.00730000 -1.00000000
vn -0.00020000 0.00160000 -1.00000000
vn -0.00000000 -0.00000000 -1.00000000
vn -0.00000000 -0.00000000 -1.00000000
vn -0.00000000 -0.00000000 -1.00000000
vn -0.00000000 -0.00000000 -1.00000000
vn -0.34060000 0.24590000 -0.90750000
vn -0.35320000 0.23810000 -0.90470000
vn -0.35300000 0.23830000 -0.90480000
vn -0.00000000 -0.00000000 -1.00000000
vn -0.00020000 0.00090000 -1.00000000
vn 0.00020000 0.00300000 -1.00000000
vn -0.35270000 0.23860000 -0.90480000
vn -0.34480000 0.25400000 -0.90370000
vn -0.33600000 0.24130000 -0.91040000
vn -0.00000000 -0.00000000 -1.00000000
vn -0.29850000 0.21170000 0.93060000
vn -0.31510000 0.22030000 0.92310000
vn -0.00000000 -0.00000000 1.00000000
vn -0.30790000 0.22060000 0.92550000
vn -0.00000000 -0.00000000 1.00000000
vn -0.32370000 0.22720000 0.91850000
vn -0.31720000 0.22750000 0.92070000
vn -0.32350000 0.23350000 0.91700000
vn -0.33800000 0.23390000 0.91160000
vn -0.00000000 -0.00000000 1.00000000
vn -0.32340000 0.23390000 0.91690000
vn -0.33790000 0.23450000 0.91150000
vn -0.00000000 -0.00000000 1.00000000
vn -0.33660000 0.24150000 0.91020000
vn -0.00000000 -0.00000000 1.00000000
vn -0.00000000 -0.00000000 1.00000000
vn -0.00000000 -0.00000000 1.00000000
vn -0.00000000 -0.00000000 1.00000000
vn -0.00000000 -0.00000000 1.00000000
vn -0.00000000 -0.00000000 1.00000000
vn -0.00000000 -0.00000000 1.00000000
vn 0.00010000 0.00050000 1.00000000
vn 0.00010000 0.00020000 1.00000000
vn -0.00000000 -0.00000000 1.00000000
vn -0.00000000 -0.00000000 1.00000000
vn -0.00000000 -0.00000000 1.00000000
vn -0.00000000 -0.00000000 1.00000000
vn -0.00000000 -0.00000000 1.00000000
vn -0.00000000 -0.00000000 1.00000000
vn -0.00000000 -0.00000000 1.00000000
vn -0.00000000 -0.00000000 1.00000000
vn -0.00000000 -0.00000000 1.00000000
vn -0.00100000 0.00150000 1.00000000
vn -0.29700000 0.33250000 0.89510000
vn -0.00000000 0.03970000 0.99920000
vn -0.38130000 0.30650000 0.87220000
vn -0.36670000 0.26310000 0.89240000
vn -0.00020000 0.00160000 1.00000000
vn -0.34340000 0.25660000 0.90350000
vn -0.35280000 0.23840000 0.90480000
vn 0.00020000 0.00300000 1.00000000
vn -0.36670000 0.26310000 0.89240000
vn -0.33160000 0.27660000 0.90200000
vn -0.00020000 0.00090000 1.00000000
vn -0.00000000 -0.00000000 1.00000000
vn -0.35280000 0.23840000 0.90480000
vn -0.00000000 -0.00000000 1.00000000
vn -0.34050000 0.24590000 0.90750000
vn -0.00000000 -0.00000000 1.00000000
vn -0.34260000 0.23780000 0.90890000
vn 0.45150000 -0.10550000 0.88600000
vn 0.44220000 -0.19330000 0.87580000
vn 0.43850000 -0.11770000 0.89100000
vn 0.42800000 0.06850000 0.90120000
vn 0.44520000 0.04660000 0.89420000
vn 0.43100000 0.06400000 0.90010000
vn -0.00000000 0.37410000 0.92740000
vn 0.44520000 0.04660000 0.89420000
vn 0.42970000 0.07170000 0.90010000
vn 0.42880000 0.02790000 0.90300000
vn 0.48880000 0.02030000 0.87220000
vn -0.00010000 0.37390000 0.92750000
vn 0.42630000 0.06300000 0.90240000
vn 0.37970000 0.08530000 0.92120000
vn 0.43290000 0.06290000 0.89920000
vn 0.42010000 0.05660000 0.90570000
vn 0.44520000 0.04660000 0.89420000
vn 0.42880000 0.02790000 0.90300000
vn 0.48880000 0.02030000 0.87220000
vn 0.42880000 0.02790000 0.90300000
vn 0.47240000 0.00540000 0.88140000
vn 0.45310000 -0.02360000 0.89120000
vn 0.48880000 0.02030000 0.87220000
vn 0.47240000 0.00540000 0.88140000
vn -0.00000000 0.37430000 0.92730000
vn -0.00040000 0.30230000 0.95320000
vn 0.42870000 -0.05250000 0.90190000
vn 0.49420000 -0.05490000 0.86760000
vn -0.00000000 0.36790000 0.92990000
vn 0.47240000 0.00540000 0.88140000
vn 0.45310000 -0.02360000 0.89120000
vn -0.00200000 0.21040000 0.97760000
vn 0.00020000 0.23260000 0.97260000
vn 0.00270000 0.30500000 0.95230000
vn -0.00010000 0.14810000 0.98900000
vn 0.45150000 -0.10550000 0.88600000
vn 0.44730000 -0.18610000 0.87480000
vn -0.00040000 0.30230000 0.95320000
vn 0.00210000 0.35800000 0.93370000
vn 0.49420000 -0.05490000 0.86760000
vn 0.43850000 -0.11770000 0.89100000
vn -0.00200000 0.21040000 0.97760000
vn 0.45150000 -0.10550000 0.88600000
vn 0.42870000 -0.05250000 0.90190000
vn 0.43850000 -0.11770000 0.89100000
vn 0.49420000 -0.05490000 0.86760000
vn 0.45310000 -0.02360000 0.89120000
vn 0.42870000 -0.05250000 0.90190000
vn -0.36350000 0.34420000 0.86560000
vn -0.00000000 0.03970000 0.99920000
vn 0.00230000 0.11870000 0.99290000
vn -0.38130000 0.30650000 0.87220000
vn -0.32000000 0.38820000 0.86420000
vn -0.00000000 0.36970000 0.92910000
vn -0.00040000 0.30230000 0.95320000
vn -0.34800000 0.54420000 0.76340000
vn 0.00210000 0.35800000 0.93370000
vn -0.35270000 0.53170000 0.77000000
vn -0.33250000 0.55110000 0.76530000
vn 0.00270000 0.30500000 0.95230000
vn -0.00200000 0.21040000 0.97760000
vn -0.33150000 0.53690000 0.77580000
vn -0.35270000 0.53170000 0.77000000
vn 0.00210000 0.35800000 0.93370000
vn -0.34170000 0.49610000 0.79820000
vn -0.32140000 0.42790000 0.84470000
vn 0.00230000 0.11870000 0.99290000
vn 0.00410000 0.16270000 0.98670000
vn -0.38240000 0.39830000 0.83370000
vn -0.36350000 0.34420000 0.86560000
vn -0.00490000 0.01110000 0.99990000
vn 0.00410000 0.16270000 0.98670000
vn 0.00020000 0.23260000 0.97260000
vn -0.00170000 0.08570000 0.99630000
vn -0.00380000 0.03460000 0.99940000
vn -0.00010000 0.14810000 0.98900000
vn -0.38240000 0.39830000 0.83370000
vn -0.34060000 0.44090000 0.83040000
vn -0.34060000 0.44090000 0.83040000
vn -0.33570000 0.50450000 0.79550000
vn 0.00020000 0.23260000 0.97260000
vn 0.00270000 0.30500000 0.95230000
vn -0.00000000 0.31270000 -0.94990000
vn -0.33670000 0.53130000 -0.77740000
vn -0.33350000 0.55040000 -0.76540000
vn 0.00030000 0.37250000 -0.92800000
vn 0.00230000 0.36280000 -0.93190000
vn 0.46450000 -0.00150000 -0.88560000
vn 0.45110000 0.05360000 -0.89090000
vn -0.00000000 0.31270000 -0.94990000
vn 0.44790000 -0.01660000 -0.89390000
vn -0.00000000 0.37340000 -0.92770000
vn -0.00290000 0.21090000 -0.97750000
vn -0.00000000 0.31270000 -0.94990000
vn 0.00230000 0.36280000 -0.93190000
vn 0.46840000 -0.08440000 -0.87950000
vn 0.43830000 -0.11770000 -0.89110000
vn 0.45170000 -0.10530000 -0.88590000
vn 0.45290000 -0.01310000 -0.89150000
vn -0.33720000 0.51610000 -0.78740000
vn -0.33570000 0.53470000 -0.77550000
vn 0.00230000 0.36280000 -0.93190000
vn 0.00490000 0.34860000 -0.93730000
vn -0.00290000 0.21090000 -0.97750000
vn 0.45170000 -0.10530000 -0.88590000
vn 0.38700000 -0.20650000 -0.89870000
vn 0.44900000 -0.18630000 -0.87390000
vn 0.00490000 0.34860000 -0.93730000
vn 0.00270000 0.30530000 -0.95230000
vn 0.44100000 -0.17220000 -0.88080000
vn -0.00290000 0.21090000 -0.97750000
vn 0.00020000 0.23260000 -0.97260000
vn -0.00010000 0.14810000 -0.98900000
vn -0.33720000 0.51610000 -0.78740000
vn -0.34180000 0.49630000 -0.79810000
vn 0.00490000 0.34860000 -0.93730000
vn 0.00270000 0.30530000 -0.95230000
vn -0.00010000 0.14810000 -0.98900000
vn 0.00020000 0.23260000 -0.97260000
vn -0.34360000 0.35770000 -0.86830000
vn -0.34500000 0.40250000 -0.84790000
vn -0.34150000 0.43930000 -0.83090000
vn -0.00170000 0.08570000 -0.99630000
vn -0.00380000 0.03450000 -0.99940000
vn 0.00160000 0.14480000 -0.98950000
vn -0.34050000 0.44080000 -0.83050000
vn 0.00020000 0.23260000 -0.97260000
vn 0.00270000 0.30530000 -0.95230000
vn -0.33580000 0.50430000 -0.79550000
vn -0.34120000 0.36020000 -0.86820000
vn -0.34690000 0.28220000 -0.89440000
vn 0.00160000 0.14480000 -0.98950000
vn -0.00090000 0.01210000 -0.99990000
vn -0.00010000 0.03970000 -0.99920000
vn 0.44430000 0.04550000 -0.89470000
vn 0.42000000 0.05670000 -0.90570000
vn 0.42880000 0.06930000 -0.90070000
vn 0.42000000 0.05670000 -0.90570000
vn 0.43090000 0.06320000 -0.90020000
vn 0.37970000 0.08530000 -0.92120000
vn 0.46450000 -0.00150000 -0.88560000
vn 0.44990000 0.05410000 -0.89150000
vn 0.42000000 0.05670000 -0.90570000
vn 0.43000000 0.07150000 -0.90000000
vn -0.00000000 0.37350000 -0.92760000
vn 0.44340000 0.04700000 -0.89510000
vn -0.00000000 0.37430000 -0.92730000
vn 0.42430000 0.06990000 -0.90280000
vn 0.42430000 0.07020000 -0.90280000
vn 0.44610000 -0.01800000 -0.89480000
vn 0.46450000 -0.00150000 -0.88560000
vn 0.46840000 -0.08440000 -0.87950000
vn 0.45220000 -0.01340000 -0.89180000
vn 0.44100000 -0.17220000 -0.88080000
vn 0.38700000 -0.20650000 -0.89870000
vn 0.43830000 -0.11770000 -0.89110000
vn 0.44100000 -0.17220000 -0.88080000
vn 0.45170000 -0.10530000 -0.88590000
vn 0.46840000 -0.08440000 -0.87950000
vn 0.43830000 -0.11770000 -0.89110000
vn 0.33200000 0.14730000 -0.93170000
vn -0.00000000 0.37440000 -0.92730000
vn 0.33240000 0.14650000 -0.93170000
vn -0.00010000 0.37440000 -0.92720000
vn 0.23830000 0.21750000 -0.94650000
vn 0.30950000 0.11370000 -0.94410000
vn 0.30950000 0.11370000 -0.94410000
vn 0.33160000 0.14820000 -0.93170000
vn 0.37970000 0.08530000 -0.92120000
vn 0.42570000 0.06390000 -0.90260000
vn -0.00000000 0.37420000 -0.92740000
vn 0.43290000 0.06290000 -0.89920000
vn -0.00000000 0.37430000 -0.92730000
vn 0.33180000 0.14800000 -0.93170000
vn 0.37970000 0.08530000 -0.92120000
vn -0.00000000 0.37440000 -0.92730000
vn 0.33170000 0.14810000 -0.93170000
vn 0.33200000 0.14600000 0.93190000
vn -0.00000000 0.37430000 0.92730000
vn -0.00000000 0.37430000 0.92730000
vn 0.33180000 0.14690000 0.93180000
vn 0.33160000 0.14750000 0.93180000
vn 0.37970000 0.08530000 0.92120000
vn 0.18600000 0.20220000 0.96150000
vn 0.33160000 0.14830000 0.93170000
vn -0.00000000 0.37420000 0.92740000
vn 0.43290000 0.06290000 0.89920000
vn 0.37970000 0.08530000 0.92120000
vn -0.00000000 0.37430000 0.92730000
vn 0.43290000 0.06290000 0.89920000
vn 0.42810000 0.06360000 0.90150000
vn 0.42700000 0.06330000 0.90200000
vn -0.00000000 0.37420000 0.92730000
vn 0.00010000 0.37440000 0.92730000
vn 0.42450000 0.06290000 0.90320000
vn -0.84310000 -0.53780000 -0.00000000
vn -0.34190000 0.43940000 -0.83070000
vn -0.34500000 0.40250000 -0.84790000
vn -0.34050000 0.44060000 -0.83060000
vn -0.33510000 0.50650000 -0.79450000
vn -0.34000000 0.49840000 -0.79750000
vn -0.33720000 0.51610000 -0.78740000
vn -0.33530000 0.53600000 -0.77480000
vn -0.33540000 0.54840000 -0.76600000
vn -0.33640000 0.53220000 -0.77690000
vn -0.33400000 0.54980000 -0.76560000
vn -0.33400000 0.55070000 -0.76500000
vn -0.34680000 0.55680000 -0.75480000
vn -0.00000000 0.37430000 -0.92730000
vn -0.34700000 0.55590000 -0.75540000
vn -0.34320000 0.54630000 -0.76400000
vn -0.38880000 0.57290000 -0.72160000
vn -0.00000000 0.37420000 -0.92730000
vn -0.39760000 0.57110000 -0.71820000
vn -0.38000000 0.56050000 -0.73580000
vn -0.38880000 0.57250000 -0.72190000
vn -0.36940000 0.56330000 -0.73910000
vn -0.00000000 0.37420000 -0.92730000
vn -0.35610000 0.55080000 -0.75490000
vn -0.37640000 0.56090000 -0.73740000
vn -0.34680000 0.55650000 -0.75500000
vn -0.35610000 0.55590000 -0.75120000
vn -0.35280000 0.55750000 -0.75150000
vn -0.00000000 0.37430000 -0.92730000
vn -0.35630000 0.55280000 -0.75330000
vn -0.36710000 0.56400000 -0.73970000
vn -0.36710000 0.56400000 -0.73970000
vn -0.34210000 0.23970000 -0.90860000
vn -0.34390000 0.25560000 -0.90350000
vn -0.35300000 0.23830000 -0.90480000
vn -0.34030000 0.24680000 -0.90730000
vn -0.34500000 0.40250000 -0.84790000
vn -0.34300000 0.35800000 -0.86840000
vn -0.34100000 0.36090000 -0.86800000
vn -0.34660000 0.28240000 -0.89450000
vn -0.34600000 0.25190000 -0.90380000
vn -0.34460000 0.28460000 -0.89460000
vn -0.34160000 0.23730000 0.90940000
vn -0.34030000 0.24690000 0.90730000
vn -0.35280000 0.23840000 0.90480000
vn -0.34340000 0.25660000 0.90350000
vn -0.34340000 0.25660000 0.90350000
vn -0.33160000 0.27660000 0.90200000
vn -0.33470000 0.50660000 0.79460000
vn -0.34060000 0.44090000 0.83040000
vn -0.32140000 0.42790000 0.84470000
vn -0.38240000 0.39830000 0.83370000
vn -0.34000000 0.49850000 0.79740000
vn -0.33270000 0.53470000 0.77680000
vn -0.32760000 0.54400000 0.77250000
vn -0.29700000 0.33250000 0.89510000
vn -0.36670000 0.26310000 0.89240000
vn -0.33160000 0.27660000 0.90200000
vn -0.29700000 0.33250000 0.89510000
vn -0.38130000 0.30650000 0.87220000
vn -0.32000000 0.38820000 0.86420000
vn -0.36350000 0.34420000 0.86560000
vn -0.32000000 0.38820000 0.86420000
vn -0.32140000 0.42790000 0.84470000
vn -0.33250000 0.55110000 0.76530000
vn -0.35270000 0.53170000 0.77000000
vn -0.32780000 0.54500000 0.77170000
vn -0.34580000 0.55100000 0.75950000
vn -0.34800000 0.54420000 0.76340000
vn -0.33250000 0.55110000 0.76530000
vn -0.00000000 0.37430000 0.92730000
vn -0.34800000 0.54420000 0.76340000
vn -0.34480000 0.55100000 0.76000000
vn -0.00000000 0.37430000 0.92730000
vn -0.34480000 0.55680000 0.75570000
vn -0.34670000 0.55650000 0.75500000
vn -0.34660000 0.55610000 0.75540000
vn -0.35000000 0.56010000 0.75090000
vn -0.00000000 0.37420000 0.92740000
vn -0.36550000 0.55270000 0.74900000
vn -0.36600000 0.55370000 0.74800000
vn -0.00000000 0.37410000 0.92740000
vn -0.39270000 0.56550000 0.72520000
vn -0.39420000 0.57130000 0.71990000
vn -0.37780000 0.56800000 0.73120000
vn -0.38010000 0.56060000 0.73570000
vn -0.39300000 0.56520000 0.72540000
vn -0.00000000 0.37420000 0.92730000
vn -0.36680000 0.56410000 0.73980000
vn -0.37790000 0.56800000 0.73120000
vn 0.00010000 0.37430000 0.92730000
vn -0.38010000 0.56050000 0.73580000
vn -0.36850000 0.55600000 0.74510000
vn -0.00000000 0.37410000 0.92740000
vn -0.36800000 0.55540000 0.74570000
vn -0.00070000 0.34910000 0.93710000
vn -0.00000000 0.37310000 0.92780000
vn -0.00000000 0.44900000 0.89360000
vn 0.03830000 0.35110000 0.93550000
vn 0.00280000 0.38870000 0.92140000
vn 0.00080000 0.44880000 0.89360000
vn -0.00000000 0.37710000 0.92620000
vn -0.00000000 0.44900000 0.89350000
vn 0.00470000 0.50690000 0.86200000
vn -0.08170000 0.35060000 0.93300000
vn -0.02790000 0.33190000 0.94290000
vn 0.08550000 0.25940000 0.96200000
vn -0.01020000 0.31780000 0.94810000
vn -0.00000000 0.37400000 0.92740000
vn 0.07420000 0.26290000 0.96200000
vn -0.00000000 0.37420000 0.92730000
vn 0.43800000 0.00440000 0.89900000
vn 0.03830000 0.35110000 0.93550000
vn -0.00000000 0.37500000 0.92700000
vn 0.07420000 0.26290000 0.96200000
vn -0.00000000 0.37630000 0.92650000
vn -0.00220000 0.30550000 0.95220000
vn 0.25230000 0.21750000 0.94290000
vn 0.33150000 0.14530000 0.93220000
vn 0.18600000 0.20220000 0.96150000
vn -0.00000000 0.37430000 0.92730000
vn 0.08550000 0.25940000 0.96200000
vn 0.44120000 0.00150000 0.89740000
vn 0.18600000 0.20220000 0.96150000
vn 0.25230000 0.21750000 0.94290000
vn -0.00000000 0.37430000 0.92730000
vn 0.25230000 0.21750000 0.94290000
vn 0.08550000 0.25940000 0.96200000
vn -0.00220000 0.30550000 0.95220000
vn 0.07420000 0.26290000 0.96200000
vn -0.00000000 0.37430000 0.92730000
vn -0.00000000 0.37760000 0.92600000
vn -0.41650000 0.59080000 0.69110000
vn -0.42820000 0.58120000 0.69190000
vn -0.00000000 0.37430000 0.92730000
vn -0.00220000 0.30550000 0.95220000
vn 0.00010000 0.37430000 0.92730000
vn -0.40610000 0.57390000 0.71120000
vn -0.40980000 0.56800000 0.71370000
vn 0.00020000 0.37450000 0.92720000
vn -0.41270000 0.56850000 0.71160000
vn -0.39600000 0.59170000 0.70220000
vn -0.00010000 0.37400000 0.92740000
vn -0.42820000 0.58120000 0.69190000
vn -0.39270000 0.56680000 0.72420000
vn -0.40740000 0.56990000 0.71360000
vn -0.00000000 0.37410000 0.92740000
vn -0.39350000 0.57360000 0.71840000
vn -0.40840000 0.56950000 0.71330000
vn -0.41080000 0.57040000 0.71120000
vn -0.39600000 0.59170000 0.70220000
vn -0.42820000 0.58120000 0.69190000
vn -0.41650000 0.59080000 0.69110000
vn -0.39090000 0.62620000 0.67460000
vn -0.39600000 0.59170000 0.70220000
vn -0.41650000 0.59080000 0.69110000
vn -0.00000000 0.38700000 0.92210000
vn 0.00080000 0.44880000 0.89360000
vn -0.40470000 0.61980000 0.67240000
vn -0.39090000 0.62620000 0.67460000
vn -0.40470000 0.61980000 0.67240000
vn -0.39090000 0.62620000 0.67460000
vn -0.40550000 0.65820000 0.63430000
vn -0.40470000 0.61980000 0.67240000
vn 0.00080000 0.44880000 0.89360000
vn 0.00470000 0.50690000 0.86200000
vn -0.40550000 0.65820000 0.63430000
vn -0.45000000 0.66220000 0.59920000
vn -0.38700000 0.68830000 0.61350000
vn -0.40550000 0.65820000 0.63430000
vn -0.38700000 0.68830000 0.61350000
vn -0.40370000 0.73460000 0.54530000
vn -0.41510000 0.69140000 0.59130000
vn -0.35540000 0.71370000 0.60360000
vn -0.40450000 0.72220000 0.56110000
vn -0.40370000 0.73460000 0.54530000
vn -0.40450000 0.72220000 0.56110000
vn 0.00110000 0.61840000 0.78590000
vn 0.00270000 0.67500000 0.73780000
vn -0.38900000 0.75410000 0.52910000
vn -0.43140000 0.77990000 0.45350000
vn -0.40880000 0.76900000 0.49140000
vn -0.38900000 0.75410000 0.52910000
vn -0.40370000 0.73460000 0.54530000
vn 0.00270000 0.67500000 0.73780000
vn -0.38900000 0.75410000 0.52910000
vn 0.00580000 0.72620000 0.68740000
vn -0.43140000 0.77990000 0.45350000
vn 0.00650000 0.73690000 0.67590000
vn 0.00580000 0.72620000 0.68740000
vn -0.39330000 0.80230000 0.44890000
vn -0.41190000 0.78750000 0.45840000
vn -0.43140000 0.77990000 0.45350000
vn -0.40880000 0.76900000 0.49140000
vn -0.45000000 0.66220000 0.59920000
vn -0.38700000 0.68830000 0.61350000
vn -0.35540000 0.71370000 0.60360000
vn -0.00000000 0.56700000 0.82370000
vn -0.45000000 0.66220000 0.59920000
vn -0.35540000 0.71370000 0.60360000
vn -0.41510000 0.69140000 0.59130000
vn 0.00470000 0.50690000 0.86200000
vn -0.00000000 0.44900000 0.89360000
vn 0.00110000 0.61840000 0.78590000
vn -0.41510000 0.69140000 0.59130000
vn -0.40450000 0.72220000 0.56110000
vn -0.00000000 0.56700000 0.82370000
vn -0.33610000 0.88950000 0.30960000
vn -0.44770000 0.84210000 0.30060000
vn -0.41200000 0.86800000 0.27720000
vn -0.36650000 0.89980000 0.23660000
vn -0.33610000 0.88950000 0.30960000
vn -0.38250000 0.85950000 0.33910000
vn 0.00130000 0.82390000 0.56670000
vn 0.00330000 0.86910000 0.49460000
vn -0.41160000 0.83120000 0.37370000
vn -0.33610000 0.88950000 0.30960000
vn -0.38250000 0.85950000 0.33910000
vn -0.44770000 0.84210000 0.30060000
vn -0.38250000 0.85950000 0.33910000
vn -0.41000000 0.83220000 0.37330000
vn -0.41080000 0.83190000 0.37320000
vn -0.39220000 0.81120000 0.43370000
vn -0.00000000 0.77940000 0.62660000
vn 0.00130000 0.82390000 0.56670000
vn -0.38150000 0.81750000 0.43150000
vn -0.40110000 0.83780000 0.37050000
vn -0.38240000 0.81710000 0.43130000
vn 0.00650000 0.73690000 0.67590000
vn -0.41190000 0.78750000 0.45840000
vn -0.00470000 0.56030000 0.82830000
vn -0.00150000 0.63870000 0.76940000
vn -0.00000000 0.77940000 0.62660000
vn -0.00000000 0.71350000 0.70070000
vn -0.39330000 0.80230000 0.44890000
vn -0.41190000 0.78750000 0.45840000
vn -0.38090000 0.81830000 0.43060000
vn -0.40880000 0.76900000 0.49140000
vn -0.39330000 0.80230000 0.44890000
vn -0.44770000 0.84210000 0.30060000
vn 0.00650000 0.90150000 0.43270000
vn -0.41200000 0.86800000 0.27720000
vn 0.00330000 0.86910000 0.49460000
vn 0.00010000 0.92920000 0.36970000
vn -0.38980000 0.88760000 0.24550000
vn -0.00010000 0.88580000 0.46400000
vn -0.00070000 0.85480000 0.51900000
vn -0.00290000 0.80380000 0.59490000
vn 0.00650000 0.90150000 0.43270000
vn -0.00600000 0.75700000 0.65340000
vn -0.41200000 0.86800000 0.27720000
vn -0.36650000 0.89980000 0.23660000
vn -0.38980000 0.88760000 0.24550000
vn -0.36650000 0.89980000 0.23660000
vn -0.39380000 0.89980000 0.18790000
vn -0.39510000 0.89920000 0.18790000
vn 0.00190000 0.95760000 0.28810000
vn -0.38980000 0.88760000 0.24550000
vn 0.00010000 0.92920000 0.36970000
vn -0.39510000 0.89910000 0.18840000
vn -0.38470000 0.91360000 0.13140000
vn -0.00050000 0.93050000 0.36630000
vn 0.00190000 0.95760000 0.28810000
vn 0.00040000 0.97900000 0.20410000
vn -0.39520000 0.89900000 0.18890000
vn -0.39060000 0.91080000 0.13370000
vn -0.38580000 0.91320000 0.13120000
vn -0.38960000 0.91660000 0.09010000
vn -0.00000000 0.97510000 0.22180000
vn 0.00040000 0.97900000 0.20410000
vn -0.39080000 0.91060000 0.13450000
vn -0.00000000 0.99020000 0.13940000
vn -0.38980000 0.91650000 0.09040000
vn -0.38980000 0.91640000 0.09090000
vn -0.38630000 0.92140000 0.04200000
vn -0.38670000 0.92120000 0.04220000
vn -0.00000000 0.99780000 0.06650000
vn -0.00000000 0.99020000 0.13940000
vn -0.38980000 0.91640000 0.09150000
vn -0.38660000 0.92130000 0.04210000
vn -0.40770000 0.91180000 -0.04980000
vn -0.38770000 0.92170000 -0.01450000
vn -0.38740000 0.92090000 0.04260000
vn -0.00000000 0.99970000 -0.02530000
vn -0.00000000 0.99750000 0.07030000
vn -0.00160000 0.98980000 0.14250000
vn -0.00000000 0.99780000 0.06650000
vn -0.38770000 0.92170000 -0.01450000
vn -0.40860000 0.57770000 -0.70670000
vn -0.39050000 0.57260000 -0.72080000
vn -0.00000000 0.38120000 -0.92450000
vn -0.40870000 0.57950000 -0.70510000
vn -0.40080000 0.56790000 -0.71890000
vn -0.40870000 0.57890000 -0.70560000
vn -0.40890000 0.58420000 -0.70110000
vn -0.41090000 0.59460000 -0.69110000
vn 0.00050000 0.44690000 -0.89460000
vn -0.40900000 0.58600000 -0.69950000
vn -0.39510000 0.61620000 -0.68130000
vn -0.41090000 0.59460000 -0.69110000
vn -0.00000000 0.38250000 -0.92390000
vn -0.41090000 0.59460000 -0.69110000
vn -0.40350000 0.62750000 -0.66590000
vn -0.39510000 0.61620000 -0.68130000
vn -0.40590000 0.65640000 -0.63590000
vn -0.39510000 0.61620000 -0.68130000
vn 0.00490000 0.50900000 -0.86070000
vn 0.00050000 0.44690000 -0.89460000
vn -0.40350000 0.62750000 -0.66590000
vn -0.41420000 0.68050000 -0.60450000
vn -0.40590000 0.65640000 -0.63590000
vn -0.40350000 0.62750000 -0.66590000
vn -0.39920000 0.68950000 -0.60430000
vn -0.00000000 0.44890000 -0.89360000
vn -0.41420000 0.68050000 -0.60450000
vn 0.00490000 0.50900000 -0.86070000
vn -0.40590000 0.65640000 -0.63590000
vn -0.00000000 0.56690000 -0.82380000
vn -0.40850000 0.72780000 -0.55090000
vn -0.39920000 0.68950000 -0.60430000
vn -0.41420000 0.68050000 -0.60450000
vn -0.37640000 0.75550000 -0.53620000
vn -0.39920000 0.68950000 -0.60430000
vn -0.39250000 0.74800000 -0.53510000
vn 0.00220000 0.66450000 -0.74730000
vn -0.40850000 0.72780000 -0.55090000
vn -0.00000000 0.56690000 -0.82380000
vn -0.40850000 0.72780000 -0.55090000
vn -0.37640000 0.75550000 -0.53620000
vn -0.40470000 0.78000000 -0.47730000
vn -0.37640000 0.75550000 -0.53620000
vn -0.39250000 0.74800000 -0.53510000
vn -0.00360000 0.55270000 -0.83340000
vn 0.00320000 0.72910000 -0.68440000
vn 0.00220000 0.66450000 -0.74730000
vn -0.40370000 0.78050000 -0.47740000
vn -0.39250000 0.74800000 -0.53510000
vn -0.39770000 0.80260000 -0.44450000
vn -0.40150000 0.78320000 -0.47490000
vn -0.00010000 0.77350000 -0.63380000
vn -0.00190000 0.62550000 -0.78020000
vn 0.00320000 0.72910000 -0.68440000
vn -0.40110000 0.78390000 -0.47390000
vn -0.39660000 0.80340000 -0.44420000
vn 0.00010000 0.71090000 -0.70330000
vn -0.40330000 0.82440000 -0.39700000
vn -0.39120000 0.80790000 -0.44080000
vn -0.40370000 0.82410000 -0.39740000
vn -0.00010000 0.77350000 -0.63380000
vn 0.00060000 0.80630000 -0.59150000
vn -0.39160000 0.80820000 -0.43980000
vn -0.38600000 0.84570000 -0.36850000
vn -0.40370000 0.82400000 -0.39750000
vn -0.40400000 0.82380000 -0.39760000
vn 0.00180000 0.84900000 -0.52850000
vn -0.38490000 0.84670000 -0.36750000
vn 0.00060000 0.80630000 -0.59150000
vn -0.39280000 0.85570000 -0.33680000
vn -0.38580000 0.84620000 -0.36750000
vn -0.39730000 0.86870000 -0.29580000
vn -0.37900000 0.85070000 -0.36440000
vn -0.39280000 0.85570000 -0.33680000
vn -0.00200000 0.79140000 -0.61120000
vn 0.00180000 0.84900000 -0.52850000
vn 0.00140000 0.89440000 -0.44730000
vn -0.39750000 0.86880000 -0.29530000
vn -0.39280000 0.85570000 -0.33680000
vn 0.00140000 0.89440000 -0.44730000
vn -0.39820000 0.86900000 -0.29390000
vn -0.00030000 0.87530000 -0.48360000
vn -0.00120000 0.84380000 -0.53660000
vn -0.00000000 0.92190000 -0.38750000
vn -0.38930000 0.88420000 -0.25800000
vn -0.00000000 0.89790000 -0.44030000
vn -0.39900000 0.86910000 -0.29230000
vn -0.39000000 0.88430000 -0.25670000
vn -0.39040000 0.88430000 -0.25610000
vn -0.39560000 0.89230000 -0.21750000
vn 0.00080000 0.94340000 -0.33170000
vn -0.00000000 0.92190000 -0.38750000
vn -0.39480000 0.89220000 -0.21920000
vn -0.39040000 0.88430000 -0.25590000
vn -0.39180000 0.89200000 -0.22550000
vn -0.39700000 0.90320000 -0.16320000
vn 0.00240000 0.96820000 -0.25010000
vn 0.00080000 0.94340000 -0.33170000
vn -0.40320000 0.90150000 -0.15730000
vn -0.39110000 0.89180000 -0.22740000
vn -0.00240000 0.93410000 -0.35690000
vn 0.00240000 0.96820000 -0.25010000
vn -0.38860000 0.91490000 -0.10920000
vn 0.00020000 0.96900000 -0.24720000
vn -0.39810000 0.90290000 -0.16210000
vn -0.00430000 0.91310000 -0.40770000
vn -0.00010000 0.98710000 -0.16000000
vn -0.39370000 0.91710000 -0.06340000
vn -0.38860000 0.91490000 -0.10920000
vn -0.40390000 0.90130000 -0.15670000
vn -0.40770000 0.91180000 -0.04980000
vn -0.39370000 0.91710000 -0.06340000
vn -0.00000000 0.99510000 -0.09840000
vn -0.00000000 0.98630000 -0.16500000
vn -0.38860000 0.91490000 -0.10920000
vn 0.00040000 0.99730000 -0.07300000
vn -0.00000000 0.99510000 -0.09840000
vn -0.00000000 0.99970000 -0.02530000
vn -0.40770000 0.91180000 -0.04980000
vn -0.39370000 0.91710000 -0.06340000
vn -0.38770000 0.92170000 -0.01450000
vn -0.00010000 0.37470000 -0.92720000
vn 0.00490000 0.50900000 -0.86070000
vn 0.00050000 0.44690000 -0.89460000
vn -0.00000000 0.44900000 -0.89350000
vn 0.00010000 0.37350000 -0.92760000
vn 0.23830000 0.21750000 -0.94650000
vn 0.14380000 0.19560000 -0.97010000
vn 0.07490000 0.32700000 -0.94210000
vn -0.00000000 0.37440000 -0.92730000
vn 0.00110000 0.37040000 -0.92890000
vn 0.07470000 0.32810000 -0.94170000
vn 0.00050000 0.37400000 -0.92740000
vn 0.07810000 0.33100000 -0.94040000
vn 0.04550000 0.30920000 -0.94990000
vn 0.14380000 0.19560000 -0.97010000
vn 0.30950000 0.11370000 -0.94410000
vn 0.23830000 0.21750000 -0.94650000
vn 0.14380000 0.19560000 -0.97010000
vn 0.81440000 -0.57190000 0.09820000
vn 0.04550000 0.30920000 -0.94990000
vn 0.07720000 0.33020000 -0.94070000
vn 0.01590000 0.36420000 -0.93120000
vn -0.00000000 0.44890000 -0.89360000
vn 0.00280000 0.38850000 -0.92140000
vn -0.00000000 0.37320000 -0.92780000
vn -0.00380000 0.34720000 -0.93780000
vn -0.02850000 0.33560000 -0.94160000
vn -0.04280000 0.33810000 -0.94010000
vn 0.81440000 -0.57190000 0.09820000
vn 0.04550000 0.30920000 -0.94990000
vn -0.01110000 0.33490000 -0.94220000
vn -0.00000000 0.37420000 -0.92740000
vn 0.01590000 0.36420000 -0.93120000
vn -0.04280000 0.33810000 -0.94010000
vn 0.81440000 -0.57190000 0.09820000
vn -0.01040000 0.31790000 0.94810000
vn 0.44130000 0.00140000 0.89740000
vn -0.00270000 0.34560000 -0.93840000
vn -0.00330000 0.34470000 -0.93870000
vn -0.01110000 0.33490000 -0.94220000
vn 0.01590000 0.36420000 -0.93120000
vn -0.02850000 0.33560000 -0.94160000
vn -0.01110000 0.33490000 -0.94220000
vn -0.02850000 0.33560000 -0.94160000
vn -0.04280000 0.33810000 -0.94010000
vn -0.00000000 0.99780000 0.06650000
vn -0.00160000 0.98980000 0.14250000
vn -0.00000000 0.99020000 0.13940000
vn -0.00000000 0.97510000 0.22180000
vn -0.00000000 0.99750000 0.07030000
vn -0.00160000 0.98980000 0.14250000
vn -0.00000000 0.99970000 -0.02530000
vn 0.00040000 0.99730000 -0.07300000
vn -0.00000000 0.99750000 0.07030000
vn -0.00000000 0.99510000 -0.09840000
vn -0.00010000 0.98660000 -0.16310000
vn 0.00040000 0.99730000 -0.07300000
vn -0.00000000 0.97510000 0.22180000
vn 0.00040000 0.97900000 0.20410000
vn -0.00050000 0.93050000 0.36630000
vn 0.00010000 0.92920000 0.36970000
vn 0.00190000 0.95760000 0.28810000
vn -0.00010000 0.88580000 0.46400000
vn -0.00050000 0.93050000 0.36630000
vn 0.00130000 0.82390000 0.56670000
vn -0.00000000 0.71350000 0.70070000
vn 0.00330000 0.86910000 0.49460000
vn 0.00650000 0.90150000 0.43270000
vn -0.00600000 0.75700000 0.65340000
vn -0.00000000 0.77940000 0.62660000
vn -0.00290000 0.80380000 0.59490000
vn -0.00600000 0.75700000 0.65340000
vn -0.00070000 0.85480000 0.51900000
vn -0.00290000 0.80380000 0.59490000
vn -0.00010000 0.88580000 0.46400000
vn -0.00070000 0.85480000 0.51900000
vn -0.00470000 0.56030000 0.82830000
vn -0.00150000 0.63870000 0.76940000
vn -0.01810000 0.49930000 0.86620000
vn 0.00280000 0.38870000 0.92140000
vn -0.00470000 0.56030000 0.82830000
vn -0.00000000 0.56700000 0.82370000
vn -0.00000000 0.44900000 0.89360000
vn -0.05640000 0.55100000 0.83260000
vn -0.00000000 0.42650000 0.90450000
vn 0.00110000 0.61840000 0.78590000
vn 0.00650000 0.73690000 0.67590000
vn 0.00580000 0.72620000 0.68740000
vn 0.00270000 0.67500000 0.73780000
vn -0.00000000 0.71350000 0.70070000
vn -0.00150000 0.63870000 0.76940000
vn -0.08170000 0.35060000 0.93300000
vn -0.01040000 0.31780000 0.94810000
vn -0.08170000 0.35060000 0.93300000
vn -0.02790000 0.33190000 0.94290000
vn -0.00730000 0.33910000 0.94070000
vn 0.03830000 0.35110000 0.93550000
vn -0.02790000 0.33190000 0.94290000
vn -0.00570000 0.34130000 0.94000000
vn -0.00030000 0.34910000 0.93710000
vn -0.00000000 0.35050000 0.93650000
vn -0.00000000 0.42630000 0.90460000
vn 0.00280000 0.38870000 0.92140000
vn -0.00000000 0.42640000 0.90460000
vn 0.00490000 0.45720000 0.88940000
vn -0.00020000 0.37740000 0.92610000
vn -0.00270000 0.40180000 0.91570000
vn -0.01940000 0.39290000 0.91940000
vn -0.01810000 0.49930000 0.86620000
vn -0.05640000 0.55100000 0.83260000
vn -0.00760000 0.38540000 0.92270000
vn -0.00000000 0.37700000 0.92620000
vn -0.00000000 0.42650000 0.90450000
vn -0.01810000 0.49930000 0.86620000
vn -0.00000000 0.37700000 0.92620000
vn -0.05640000 0.55100000 0.83260000
vn 0.00490000 0.45720000 0.88940000
vn -0.00270000 0.40180000 0.91570000
vn 0.00490000 0.45720000 0.88940000
vn -0.00030000 0.37750000 0.92600000
vn -0.00760000 0.38540000 0.92270000
vn -0.00020000 0.37750000 0.92600000
vn -0.00760000 0.38540000 0.92270000
vn -0.01970000 0.39290000 0.91940000
vn -0.01910000 0.39280000 0.91940000
vn -0.00270000 0.40180000 0.91570000
vn -0.01910000 0.39280000 0.91940000
vn 0.00020000 0.96900000 -0.24720000
vn -0.00010000 0.98740000 -0.15810000
vn 0.00020000 0.96900000 -0.24720000
vn -0.00240000 0.93410000 -0.35690000
vn -0.00240000 0.93410000 -0.35690000
vn -0.00430000 0.91310000 -0.40770000
vn 0.00080000 0.94340000 -0.33170000
vn -0.00430000 0.91310000 -0.40770000
vn -0.00000000 0.92190000 -0.38750000
vn -0.00000000 0.89790000 -0.44030000
vn 0.00240000 0.96820000 -0.25010000
vn -0.00010000 0.77350000 -0.63380000
vn -0.00200000 0.79140000 -0.61120000
vn 0.00060000 0.80630000 -0.59150000
vn 0.00180000 0.84900000 -0.52850000
vn 0.00010000 0.71090000 -0.70330000
vn -0.00000000 0.89790000 -0.44030000
vn -0.00030000 0.87530000 -0.48360000
vn -0.00200000 0.79140000 -0.61120000
vn 0.00140000 0.89440000 -0.44730000
vn -0.00120000 0.84380000 -0.53660000
vn -0.00120000 0.84380000 -0.53660000
vn -0.00030000 0.87530000 -0.48360000
vn -0.12110000 0.58740000 -0.80020000
vn -0.00010000 0.42630000 -0.90460000
vn 0.00280000 0.38850000 -0.92140000
vn -0.00000000 0.44890000 -0.89360000
vn -0.00000000 0.56690000 -0.82380000
vn -0.00360000 0.55270000 -0.83340000
vn 0.00220000 0.66450000 -0.74730000
vn 0.00320000 0.72910000 -0.68440000
vn -0.00190000 0.62550000 -0.78020000
vn -0.00360000 0.55270000 -0.83340000
vn 0.00010000 0.71090000 -0.70330000
vn -0.00190000 0.62550000 -0.78020000
vn 0.00280000 0.38850000 -0.92140000
vn -0.00000000 0.42650000 -0.90450000
vn -0.00000000 0.35080000 -0.93650000
vn -0.00020000 0.34950000 -0.93690000
vn -0.00230000 0.39210000 -0.91990000
vn 0.00160000 0.35700000 -0.93410000
vn -0.00060000 0.35840000 -0.93360000
vn -0.00230000 0.39210000 -0.91990000
vn -0.04420000 0.45910000 -0.88730000
vn -0.00590000 0.35790000 -0.93370000
vn -0.00660000 0.36070000 -0.93260000
vn -0.00410000 0.35680000 -0.93420000
vn 0.00020000 0.41010000 -0.91210000
vn -0.04420000 0.45910000 -0.88730000
vn -0.00180000 0.35270000 -0.93570000
vn -0.06340000 0.49740000 -0.86520000
vn -0.00230000 0.39210000 -0.91990000
vn -0.04420000 0.45910000 -0.88730000
vn -0.06340000 0.49740000 -0.86520000
vn -0.06340000 0.49740000 -0.86520000
vn 0.00020000 0.41010000 -0.91210000
vn -0.12110000 0.58740000 -0.80020000
vn 0.00020000 0.41010000 -0.91210000
vn -0.12110000 0.58740000 -0.80020000
vn -0.00020000 0.42660000 -0.90450000
vn -0.00020000 0.42660000 -0.90440000
vn -0.00000000 0.42640000 -0.90450000
vn -0.00000000 0.42640000 -0.90460000
f 205//205 66//66 63//63
f 210//210 638//638 213//213
f 213//213 638//638 637//637
f 213//213 637//637 141//141
f 136//136 658//658 140//140
f 140//140 658//658 659//659
f 140//140 659//659 152//152
f 152//152 659//659 149//149
f 636//636 217//217 637//637
f 637//637 217//217 146//146
f 637//637 146//146 141//141
f 124//124 121//121 661//661
f 164//164 160//160 662//662
f 662//662 160//160 158//158
f 662//662 158//158 659//659
f 659//659 158//158 154//154
f 659//659 154//154 149//149
f 210//210 207//207 638//638
f 638//638 207//207 201//201
f 638//638 201//201 639//639
f 235//235 229//229 635//635
f 635//635 229//229 220//220
f 635//635 220//220 636//636
f 636//636 220//220 223//223
f 636//636 223//223 217//217
f 235//235 635//635 231//231
f 231//231 635//635 634//634
f 231//231 634//634 632//632
f 121//121 118//118 661//661
f 661//661 118//118 115//115
f 661//661 115//115 672//672
f 174//174 172//172 673//673
f 673//673 172//172 169//169
f 673//673 169//169 662//662
f 662//662 169//169 168//168
f 174//174 673//673 179//179
f 179//179 673//673 674//674
f 179//179 674//674 183//183
f 201//201 197//197 639//639
f 639//639 195//195 640//640
f 195//195 193//193 640//640
f 640//640 193//193 188//188
f 640//640 188//188 674//674
f 674//674 188//188 187//187
f 674//674 187//187 183//183
f 648//648 652//652 1//1
f 1//1 652//652 685//685
f 1//1 685//685 675//675
f 115//115 112//112 672//672
f 672//672 112//112 643//643
f 672//672 643//643 1//1
f 1//1 643//643 645//645
f 1//1 645//645 648//648
f 136//136 131//131 658//658
f 658//658 131//131 129//129
f 658//658 129//129 661//661
f 661//661 129//129 126//126
f 661//661 126//126 124//124
f 601//601 535//535 633//633
f 633//633 535//535 614//614
f 633//633 614//614 612//612
f 612//612 611//611 633//633
f 633//633 611//611 608//608
f 633//633 608//608 606//606
f 606//606 617//617 633//633
f 633//633 617//617 619//619
f 633//633 619//619 634//634
f 634//634 619//619 624//624
f 387//387 703//703 702//702
f 709//709 710//710 425//425
f 711//711 336//336 329//329
f 361//361 706//706 705//705
f 387//387 386//386 703//703
f 703//703 386//386 381//381
f 703//703 381//381 704//704
f 711//711 329//329 713//713
f 381//381 375//375 704//704
f 704//704 375//375 371//371
f 704//704 371//371 705//705
f 705//705 371//371 364//364
f 705//705 364//364 361//361
f 329//329 359//359 713//713
f 713//713 359//359 428//428
f 713//713 428//428 710//710
f 710//710 428//428 434//434
f 710//710 434//434 425//425
f 467//467 716//716 717//717
f 467//467 717//717 26//26
f 701//701 399//399 702//702
f 702//702 399//399 396//396
f 702//702 396//396 387//387
f 510//510 506//506 27//27
f 425//425 420//420 709//709
f 709//709 420//420 413//413
f 709//709 413//413 730//730
f 730//730 413//413 410//410
f 730//730 410//410 700//700
f 700//700 410//410 407//407
f 700//700 407//407 701//701
f 701//701 407//407 402//402
f 701//701 402//402 399//399
f 510//510 27//27 513//513
f 714//714 342//342 711//711
f 711//711 342//342 338//338
f 711//711 338//338 336//336
f 361//361 530//530 706//706
f 706//706 530//530 522//522
f 706//706 522//522 27//27
f 27//27 522//522 518//518
f 27//27 518//518 513//513
f 506//506 501//501 27//27
f 27//27 501//501 496//496
f 27//27 496//496 26//26
f 26//26 496//496 486//486
f 26//26 486//486 467//467
f 17//17 13//13 11//11
f 5//5 15//15 10//10
f 9//9 18//18 12//12
f 113//113 114//114 116//116
f 116//116 114//114 119//119
f 116//116 119//119 120//120
f 119//119 122//122 120//120
f 120//120 122//122 123//123
f 120//120 123//123 125//125
f 125//125 123//123 127//127
f 125//125 127//127 128//128
f 127//127 130//130 128//128
f 128//128 130//130 132//132
f 128//128 132//132 134//134
f 132//132 137//137 134//134
f 133//133 135//135 138//138
f 133//133 138//138 37//37
f 143//143 144//144 56//56
f 43//43 42//42 148//148
f 147//147 41//41 40//40
f 147//147 40//40 153//153
f 151//151 39//39 36//36
f 150//150 38//38 139//139
f 43//43 148//148 106//106
f 106//106 148//148 156//156
f 106//106 156//156 107//107
f 108//108 155//155 159//159
f 108//108 159//159 111//111
f 110//110 157//157 162//162
f 109//109 161//161 105//105
f 104//104 163//163 102//102
f 102//102 163//163 166//166
f 103//103 165//165 101//101
f 100//100 167//167 99//99
f 167//167 171//171 99//99
f 98//98 170//170 173//173
f 98//98 173//173 91//91
f 91//91 173//173 176//176
f 91//91 176//176 93//93
f 92//92 177//177 95//95
f 94//94 175//175 178//178
f 94//94 178//178 97//97
f 96//96 181//181 90//90
f 89//89 180//180 184//184
f 89//89 184//184 87//87
f 88//88 182//182 85//85
f 85//85 182//182 186//186
f 86//86 185//185 83//83
f 185//185 190//190 83//83
f 84//84 189//189 192//192
f 84//84 192//192 82//82
f 81//81 191//191 196//196
f 81//81 196//196 79//79
f 80//80 194//194 198//198
f 80//80 198//198 77//77
f 78//78 199//199 200//200
f 78//78 200//200 76//76
f 67//67 65//65 206//206
f 208//208 64//64 202//202
f 204//204 62//62 74//74
f 203//203 73//73 75//75
f 206//206 211//211 67//67
f 68//68 209//209 214//214
f 68//68 214//214 70//70
f 69//69 212//212 142//142
f 69//69 142//142 72//72
f 71//71 143//143 56//56
f 215//215 59//59 145//145
f 145//145 59//59 58//58
f 144//144 57//57 56//56
f 218//218 54//54 222//222
f 225//225 55//55 53//53
f 224//224 52//52 216//216
f 216//216 52//52 61//61
f 216//216 61//61 60//60
f 227//227 48//48 219//219
f 221//221 49//49 51//51
f 218//218 50//50 54//54
f 34//34 32//32 233//233
f 230//230 33//33 47//47
f 230//230 47//47 236//236
f 236//236 47//47 46//46
f 46//46 44//44 236//236
f 234//234 45//45 30//30
f 234//234 30//30 228//228
f 226//226 31//31 29//29
f 227//227 28//28 48//48
f 240//240 331//331 332//332
f 332//332 331//331 334//334
f 333//333 335//335 337//337
f 337//337 335//335 339//339
f 337//337 339//339 340//340
f 340//340 339//339 341//341
f 340//340 341//341 343//343
f 343//343 341//341 345//345
f 343//343 345//345 346//346
f 345//345 347//347 346//346
f 346//346 347//347 350//350
f 346//346 350//350 351//351
f 351//351 350//350 352//352
f 351//351 352//352 355//355
f 245//245 246//246 358//358
f 325//325 360//360 327//327
f 326//326 363//363 368//368
f 328//328 366//366 317//317
f 372//372 321//321 369//369
f 365//365 322//322 320//320
f 367//367 319//319 318//318
f 309//309 308//308 376//376
f 308//308 307//307 376//376
f 376//376 307//307 306//306
f 376//376 306//306 374//374
f 373//373 305//305 304//304
f 370//370 303//303 323//323
f 237//237 380//380 239//239
f 239//239 380//380 384//384
f 237//237 315//315 380//380
f 382//382 316//316 312//312
f 379//379 314//314 378//378
f 377//377 313//313 311//311
f 377//377 311//311 310//310
f 297//297 302//302 389//389
f 388//388 301//301 299//299
f 388//388 299//299 385//385
f 383//383 300//300 298//298
f 383//383 298//298 238//238
f 294//294 291//291 394//394
f 391//391 292//292 290//290
f 392//392 289//289 390//390
f 390//390 289//289 295//295
f 389//389 296//296 297//297
f 293//293 395//395 286//286
f 288//288 393//393 400//400
f 287//287 397//397 284//284
f 285//285 398//398 401//401
f 285//285 401//401 282//282
f 277//277 275//275 406//406
f 406//406 275//275 274//274
f 408//408 273//273 403//403
f 403//403 273//273 281//281
f 404//404 280//280 283//283
f 276//276 405//405 279//279
f 279//279 405//405 409//409
f 278//278 411//411 272//272
f 267//267 265//265 414//414
f 414//414 265//265 263//263
f 416//416 264//264 412//412
f 412//412 264//264 271//271
f 411//411 270//270 272//272
f 418//418 258//258 257//257
f 421//421 256//256 415//415
f 415//415 256//256 268//268
f 417//417 269//269 266//266
f 258//258 418//418 260//260
f 259//259 419//419 422//422
f 259//259 422//422 262//262
f 358//358 246//246 429//429
f 430//430 247//247 250//250
f 427//427 248//248 431//431
f 433//433 249//249 255//255
f 432//432 254//254 426//426
f 424//424 253//253 252//252
f 423//423 251//251 261//261
f 244//244 356//356 242//242
f 243//243 357//357 330//330
f 243//243 330//330 241//241
f 438//438 444//444 448//448
f 445//445 442//442 451//451
f 459//459 460//460 435//435
f 436//436 461//461 464//464
f 437//437 463//463 443//443
f 466//466 469//469 472//472
f 471//471 468//468 473//473
f 471//471 473//473 475//475
f 475//475 473//473 476//476
f 475//475 476//476 477//477
f 477//477 476//476 479//479
f 477//477 479//479 480//480
f 480//480 479//479 460//460
f 480//480 460//460 482//482
f 482//482 460//460 459//459
f 484//484 485//485 488//488
f 488//488 485//485 491//491
f 487//487 490//490 465//465
f 466//466 492//492 493//493
f 466//466 493//493 469//469
f 484//484 488//488 494//494
f 495//495 489//489 498//498
f 495//495 498//498 500//500
f 499//499 497//497 502//502
f 499//499 502//502 504//504
f 505//505 507//507 503//503
f 502//502 508//508 509//509
f 502//502 509//509 504//504
f 505//505 511//511 507//507
f 507//507 511//511 514//514
f 507//507 514//514 516//516
f 515//515 512//512 519//519
f 515//515 519//519 521//521
f 520//520 517//517 524//524
f 520//520 524//524 526//526
f 523//523 528//528 525//525
f 527//527 529//529 362//362
f 527//527 362//362 324//324
f 531//531 532//532 534//534
f 536//536 538//538 544//544
f 537//537 543//543 546//546
f 546//546 543//543 550//550
f 547//547 549//549 556//556
f 558//558 551//551 559//559
f 557//557 560//560 565//565
f 568//568 569//569 571//571
f 571//571 569//569 573//573
f 571//571 573//573 536//536
f 536//536 573//573 575//575
f 536//536 575//575 538//538
f 576//576 578//578 580//580
f 581//581 583//583 577//577
f 577//577 583//583 586//586
f 577//577 586//586 571//571
f 571//571 586//586 588//588
f 571//571 588//588 568//568
f 578//578 589//589 580//580
f 580//580 589//589 591//591
f 582//582 590//590 593//593
f 592//592 596//596 594//594
f 594//594 596//596 597//597
f 594//594 597//597 600//600
f 599//599 598//598 603//603
f 599//599 603//603 533//533
f 534//534 602//602 604//604
f 534//534 604//604 531//531
f 605//605 607//607 609//609
f 609//609 610//610 605//605
f 605//605 610//610 613//613
f 605//605 613//613 532//532
f 532//532 613//613 615//615
f 532//532 615//615 534//534
f 607//607 605//605 616//616
f 616//616 605//605 618//618
f 616//616 618//618 620//620
f 620//620 618//618 622//622
f 621//621 623//623 626//626
f 626//626 623//623 629//629
f 625//625 627//627 631//631
f 630//630 628//628 35//35
f 630//630 35//35 232//232
f 113//113 116//116 641//641
f 642//642 117//117 644//644
f 642//642 644//644 646//646
f 646//646 644//644 647//647
f 646//646 647//647 649//649
f 649//649 647//647 650//650
f 649//649 650//650 654//654
f 653//653 651//651 655//655
f 584//584 657//657 3//3
f 660//660 540//540 2//2
f 2//2 540//540 539//539
f 539//539 574//574 2//2
f 2//2 574//574 572//572
f 2//2 572//572 3//3
f 3//3 572//572 570//570
f 3//3 570//570 567//567
f 657//657 584//584 663//663
f 663//663 584//584 579//579
f 663//663 579//579 664//664
f 567//567 587//587 3//3
f 3//3 587//587 585//585
f 3//3 585//585 584//584
f 660//660 665//665 540//540
f 540//540 665//665 8//8
f 540//540 8//8 670//670
f 670//670 8//8 6//6
f 669//669 7//7 671//671
f 1//1 675//675 679//679
f 671//671 680//680 669//669
f 669//669 680//680 1//1
f 669//669 1//1 681//681
f 681//681 1//1 679//679
f 601//601 633//633 14//14
f 664//664 579//579 14//14
f 14//14 579//579 595//595
f 14//14 595//595 601//601
f 351//351 355//355 686//686
f 686//686 355//355 687//687
f 686//686 687//687 689//689
f 689//689 687//687 691//691
f 689//689 691//691 692//692
f 692//692 691//691 693//693
f 692//692 693//693 696//696
f 697//697 694//694 699//699
f 24//24 707//707 457//457
f 457//457 707//707 708//708
f 457//457 708//708 25//25
f 470//470 474//474 712//712
f 474//474 478//478 712//712
f 712//712 478//478 481//481
f 712//712 481//481 25//25
f 25//25 481//481 483//483
f 25//25 483//483 457//457
f 714//714 349//349 348//348
f 712//712 715//715 470//470
f 470//470 715//715 716//716
f 470//470 716//716 467//467
f 23//23 456//456 22//22
f 22//22 456//456 718//718
f 22//22 718//718 723//723
f 19//19 354//354 714//714
f 714//714 354//354 353//353
f 714//714 353//353 349//349
f 726//726 21//21 718//718
f 718//718 21//21 729//729
f 718//718 729//729 723//723
f 348//348 344//344 714//714
f 714//714 344//344 342//342
f 726//726 732//732 21//21
f 21//21 732//732 734//734
f 21//21 734//734 698//698
f 698//698 695//695 21//21
f 21//21 695//695 690//690
f 20//20 690//690 19//19
f 19//19 690//690 688//688
f 19//19 688//688 354//354
f 441//441 462//462 737//737
f 739//739 741//741 744//744
f 748//748 739//739 751//751
f 752//752 740//740 743//743
f 753//753 745//745 755//755
f 754//754 746//746 758//758
f 756//756 759//759 765//765
f 449//449 441//441 772//772
f 772//772 441//441 737//737
f 771//771 736//736 778//778
f 776//776 738//738 780//780
f 775//775 781//781 763//763
f 762//762 779//779 783//783
f 766//766 782//782 757//757
f 785//785 720//720 458//458
f 764//764 760//760 789//789
f 761//761 790//790 773//773
f 774//774 792//792 799//799
f 777//777 796//796 767//767
f 786//786 454//454 802//802
f 803//803 453//453 807//807
f 806//806 455//455 439//439
f 810//810 440//440 446//446
f 795//795 817//817 769//769
f 768//768 816//816 808//808
f 770//770 811//811 452//452
f 450//450 809//809 447//447
f 818//818 825//825 829//829
f 822//822 830//830 837//837
f 839//839 828//828 846//846
f 838//838 843//843 851//851
f 566//566 853//853 848//848
f 847//847 854//854 862//862
f 844//844 863//863 852//852
f 563//563 561//561 858//858
f 859//859 562//562 553//553
f 860//860 554//554 867//867
f 868//868 552//552 542//542
f 869//869 541//541 668//668
f 871//871 873//873 878//878
f 879//879 883//883 884//884
f 884//884 872//872 879//879
f 881//881 870//870 877//877
f 881//881 877//877 824//824
f 876//876 886//886 823//823
f 826//826 885//885 888//888
f 826//826 888//888 834//834
f 889//889 845//845 892//892
f 893//893 840//840 833//833
f 891//891 832//832 895//895
f 894//894 831//831 887//887
f 890//890 545//545 841//841
f 842//842 548//548 555//555
f 842//842 555//555 564//564
f 896//896 898//898 903//903
f 883//883 905//905 884//884
f 884//884 905//905 872//872
f 872//872 905//905 874//874
f 874//874 905//905 907//907
f 875//875 910//910 904//904
f 903//903 909//909 912//912
f 903//903 912//912 896//896
f 913//913 916//916 917//917
f 917//917 916//916 920//920
f 918//918 923//923 749//749
f 750//750 922//922 925//925
f 926//926 927//927 748//748
f 748//748 927//927 930//930
f 748//748 930//930 739//739
f 739//739 930//930 741//741
f 656//656 931//931 16//16
f 656//656 16//16 4//4
f 857//857 932//932 934//934
f 857//857 934//934 861//861
f 864//864 935//935 936//936
f 864//864 936//936 850//850
f 849//849 937//937 835//835
f 836//836 938//938 940//940
f 836//836 940//940 819//819
f 939//939 941//941 820//820
f 820//820 941//941 942//942
f 820//820 942//942 946//946
f 947//947 949//949 951//951
f 952//952 950//950 955//955
f 943//943 956//956 945//945
f 945//945 956//956 957//957
f 945//945 957//957 958//958
f 958//958 957//957 960//960
f 958//958 960//960 954//954
f 955//955 961//961 962//962
f 955//955 962//962 952//952
f 653//653 655//655 684//684
f 684//684 655//655 963//963
f 684//684 963//963 676//676
f 676//676 963//963 966//966
f 933//933 856//856 967//967
f 968//968 855//855 865//865
f 968//968 865//865 969//969
f 970//970 866//866 666//666
f 970//970 666//666 972//972
f 971//971 667//667 683//683
f 971//971 683//683 964//964
f 965//965 682//682 678//678
f 965//965 678//678 677//677
f 973//973 697//697 699//699
f 699//699 735//735 973//973
f 973//973 735//735 733//733
f 973//973 733//733 974//974
f 975//975 731//731 725//725
f 976//976 724//724 977//977
f 979//979 815//815 983//983
f 983//983 815//815 800//800
f 984//984 797//797 985//985
f 978//978 728//728 988//988
f 987//987 727//727 722//722
f 986//986 719//719 989//989
f 990//990 721//721 787//787
f 991//991 788//788 993//993
f 992//992 784//784 805//805
f 994//994 801//801 981//981
f 982//982 804//804 812//812
f 980//980 813//813 814//814
f 985//985 797//797 997//997
f 996//996 798//798 793//793
f 995//995 794//794 1000//1000
f 791//791 1002//1002 999//999
f 998//998 1003//1003 1005//1005
f 998//998 1005//1005 1006//1006
f 1006//1006 1005//1005 1007//1007
f 1007//1007 1005//1005 1008//1008
f 1008//1008 1005//1005 1010//1010
f 1008//1008 1010//1010 1011//1011
f 1013//1013 1014//1014 1017//1017
f 1016//1016 1015//1015 1020//1020
f 1016//1016 1020//1020 1022//1022
f 1023//1023 1019//1019 1011//1011
f 1023//1023 1011//1011 1025//1025
f 1025//1025 1011//1011 1010//1010
f 1027//1027 1032//1032 1039//1039
f 1039//1039 1032//1032 1044//1044
f 1039//1039 1044//1044 1046//1046
f 913//913 917//917 1049//1049
f 1050//1050 919//919 1054//1054
f 1048//1048 1055//1055 1057//1057
f 1058//1058 1052//1052 1037//1037
f 1056//1056 1041//1041 1061//1061
f 1060//1060 1040//1040 1045//1045
f 1044//1044 1032//1032 1062//1062
f 1044//1044 1062//1062 1046//1046
f 1009//1009 1004//1004 760//760
f 760//760 1004//1004 1001//1001
f 760//760 1001//1001 789//789
f 1067//1067 1070//1070 760//760
f 915//915 914//914 1065//1065
f 1065//1065 914//914 1051//1051
f 929//929 928//928 1065//1065
f 1051//1051 1056//1056 1065//1065
f 1065//1065 1056//1056 1061//1061
f 1066//1066 1059//1059 1047//1047
f 1067//1067 760//760 1073//1073
f 1073//1073 760//760 747//747
f 1073//1073 747//747 1065//1065
f 1065//1065 747//747 742//742
f 1065//1065 742//742 929//929
f 928//928 924//924 1065//1065
f 1065//1065 924//924 921//921
f 1065//1065 921//921 915//915
f 1070//1070 1077//1077 760//760
f 760//760 1077//1077 1012//1012
f 760//760 1012//1012 1018//1018
f 1018//1018 1021//1021 760//760
f 760//760 1021//1021 1024//1024
f 760//760 1024//1024 1009//1009
f 1014//1014 1013//1013 1075//1075
f 1014//1014 1075//1075 1078//1078
f 1076//1076 1069//1069 1079//1079
f 1079//1079 1069//1069 1068//1068
f 1079//1079 1068//1068 1080//1080
f 1080//1080 1068//1068 1071//1071
f 1081//1081 1072//1072 1085//1085
f 1074//1074 1064//1064 1082//1082
f 1083//1083 1063//1063 1086//1086
f 1084//1084 1090//1090 1092//1092
f 1091//1091 1089//1089 1094//1094
f 1093//1093 1097//1097 1100//1100
f 1102//1102 1106//1106 1114//1114
f 1113//1113 1110//1110 1116//1116
f 1111//1111 1118//1118 1123//1123
f 1101//1101 1099//1099 1126//1126
f 1125//1125 1098//1098 1129//1129
f 1127//1127 1130//1130 1104//1104
f 1103//1103 1131//1131 1135//1135
f 1105//1105 1136//1136 1107//1107
f 1138//1138 1142//1142 1147//1147
f 1148//1148 1143//1143 1150//1150
f 1146//1146 1151//1151 1152//1152
f 1152//1152 1151//1151 1157//1157
f 1153//1153 1156//1156 1158//1158
f 1158//1158 1156//1156 1167//1167
f 1160//1160 1166//1166 1122//1122
f 1121//1121 1165//1165 1169//1169
f 1124//1124 1168//1168 1112//1112
f 1149//1149 1170//1170 1139//1139
f 1140//1140 1172//1172 1181//1181
f 1141//1141 1182//1182 1184//1184
f 1183//1183 1175//1175 1188//1188
f 1185//1185 1186//1186 1190//1190
f 1190//1190 1186//1186 1195//1195
f 1191//1191 1196//1196 1197//1197
f 1197//1197 1196//1196 1201//1201
f 1198//1198 1203//1203 1204//1204
f 1204//1204 1203//1203 1209//1209
f 1205//1205 1206//1206 1210//1210
f 1210//1210 1206//1206 1213//1213
f 949//949 947//947 1220//1220
f 949//949 1220//1220 1223//1223
f 1219//1219 1224//1224 1222//1222
f 1222//1222 1224//1224 1225//1225
f 1222//1222 1225//1225 1228//1228
f 1230//1230 1226//1226 1232//1232
f 1229//1229 1234//1234 1236//1236
f 1239//1239 1233//1233 1242//1242
f 1235//1235 1241//1241 1247//1247
f 1245//1245 1240//1240 1251//1251
f 1243//1243 1250//1250 1253//1253
f 1249//1249 1258//1258 1256//1256
f 1252//1252 1259//1259 1261//1261
f 1254//1254 1262//1262 1267//1267
f 1266//1266 1260//1260 1269//1269
f 1266//1266 1269//1269 1273//1273
f 1274//1274 1268//1268 1277//1277
f 1274//1274 1277//1277 1281//1281
f 1278//1278 1276//1276 1283//1283
f 1278//1278 1283//1283 1284//1284
f 1286//1286 1282//1282 1289//1289
f 1286//1286 1289//1289 1291//1291
f 1292//1292 1288//1288 1297//1297
f 1290//1290 1296//1296 1299//1299
f 1299//1299 1296//1296 1305//1305
f 1303//1303 1306//1306 1307//1307
f 1307//1307 1306//1306 1312//1312
f 1308//1308 1311//1311 1313//1313
f 1313//1313 1311//1311 1318//1318
f 1314//1314 1317//1317 1323//1323
f 1323//1323 1317//1317 1328//1328
f 1321//1321 1327//1327 1333//1333
f 1330//1330 1326//1326 1338//1338
f 1337//1337 1329//1329 1211//1211
f 1339//1339 1212//1212 1218//1218
f 880//880 827//827 821//821
f 944//944 959//959 1340//1340
f 1221//1221 1344//1344 948//948
f 948//948 1344//1344 1340//1340
f 948//948 1340//1340 953//953
f 953//953 1340//1340 959//959
f 1348//1348 899//899 821//821
f 1348//1348 821//821 1349//1349
f 944//944 1340//1340 821//821
f 821//821 1340//1340 1351//1351
f 821//821 1351//1351 1349//1349
f 899//899 897//897 821//821
f 821//821 897//897 911//911
f 821//821 911//911 908//908
f 908//908 906//906 821//821
f 821//821 906//906 882//882
f 821//821 882//882 880//880
f 902//902 901//901 1355//1355
f 1356//1356 900//900 1345//1345
f 1354//1354 1346//1346 1357//1357
f 1344//1344 1364//1364 1371//1371
f 1347//1347 1350//1350 1360//1360
f 1360//1360 1350//1350 1352//1352
f 1359//1359 1353//1353 1369//1369
f 1371//1371 1351//1351 1340//1340
f 1371//1371 1340//1340 1344//1344
f 1368//1368 1374//1374 1358//1358
f 1376//1376 1042//1042 1053//1053
f 1386//1386 1390//1390 1216//1216
f 1215//1215 1389//1389 1393//1393
f 1214//1214 1391//1391 1336//1336
f 1334//1334 1392//1392 1396//1396
f 1335//1335 1394//1394 1331//1331
f 1217//1217 1207//1207 1385//1385
f 1387//1387 1208//1208 1202//1202
f 1388//1388 1199//1199 1397//1397
f 1398//1398 1200//1200 1194//1194
f 1399//1399 1192//1192 1403//1403
f 1173//1173 1145//1145 1406//1406
f 1171//1171 1407//1407 1179//1179
f 1180//1180 1408//1408 1411//1411
f 1178//1178 1410//1410 1413//1413
f 1193//1193 1187//1187 1401//1401
f 1400//1400 1189//1189 1174//1174
f 1402//1402 1176//1176 1414//1414
f 1415//1415 1177//1177 1412//1412
f 1416//1416 1161//1161 1420//1420
f 1426//1426 1159//1159 1119//1119
f 1427//1427 1120//1120 1117//1117
f 1144//1144 1155//1155 1404//1404
f 1409//1409 1154//1154 1163//1163
f 1405//1405 1164//1164 1429//1429
f 1430//1430 1162//1162 1417//1417
f 1115//1115 1109//1109 1428//1428
f 1425//1425 1108//1108 1134//1134
f 1421//1421 1137//1137 1128//1128
f 1087//1087 1062//1062 1032//1032
f 1088//1088 1031//1031 1095//1095
f 1431//1431 1433//1433 1035//1035
f 1036//1036 1434//1434 1437//1437
f 1043//1043 1436//1436 1029//1029
f 1435//1435 1438//1438 1026//1026
f 1026//1026 1438//1438 1439//1439
f 1026//1026 1439//1439 1440//1440
f 1096//1096 1034//1034 1132//1132
f 1133//1133 1033//1033 1028//1028
f 1133//1133 1028//1028 1422//1422
f 1419//1419 1030//1030 1442//1442
f 1424//1424 1441//1441 1443//1443
f 1445//1445 1451//1451 1454//1454
f 1443//1443 1452//1452 1424//1424
f 1418//1418 1453//1453 1448//1448
f 1423//1423 1449//1449 1455//1455
f 1456//1456 1444//1444 1458//1458
f 1454//1454 1459//1459 1445//1445
f 1445//1445 1459//1459 1461//1461
f 1450//1450 1460//1460 1462//1462
f 1463//1463 1464//1464 1447//1447
f 1447//1447 1464//1464 1466//1466
f 1446//1446 1465//1465 1457//1457
f 1038//1038 1375//1375 1432//1432
f 1332//1332 1395//1395 1325//1325
f 1325//1325 1395//1395 1468//1468
f 1322//1322 1467//1467 1469//1469
f 1470//1470 1471//1471 1319//1319
f 1324//1324 1472//1472 1474//1474
f 1320//1320 1477//1477 1315//1315
f 1478//1478 1270//1270 1279//1279
f 1483//1483 1304//1304 1476//1476
f 1475//1475 1302//1302 1310//1310
f 1473//1473 1309//1309 1316//1316
f 1280//1280 1287//1287 1480//1480
f 1481//1481 1285//1285 1294//1294
f 1479//1479 1293//1293 1485//1485
f 1486//1486 1295//1295 1298//1298
f 1487//1487 1301//1301 1488//1488
f 1489//1489 1300//1300 1484//1484
f 1248//1248 1257//1257 1494//1494
f 1496//1496 1255//1255 1265//1265
f 1495//1495 1263//1263 1499//1499
f 1497//1497 1264//1264 1272//1272
f 1498//1498 1271//1271 1501//1501
f 1500//1500 1275//1275 1482//1482
f 1504//1504 1505//1505 1365//1365
f 1507//1507 1508//1508 1511//1511
f 1508//1508 1512//1512 1511//1511
f 1511//1511 1512//1512 1513//1513
f 1511//1511 1513//1513 1516//1516
f 1506//1506 1509//1509 1518//1518
f 1519//1519 1510//1510 1515//1515
f 1520//1520 1517//1517 1521//1521
f 1522//1522 1514//1514 1524//1524
f 1523//1523 1525//1525 1490//1490
f 1526//1526 1527//1527 1491//1491
f 1491//1491 1527//1527 1528//1528
f 1491//1491 1528//1528 1529//1529
f 1505//1505 1377//1377 1365//1365
f 1365//1365 1377//1377 1378//1378
f 1361//1361 1380//1380 1372//1372
f 1344//1344 1221//1221 1231//1231
f 1529//1529 1503//1503 1491//1491
f 1492//1492 1502//1502 1363//1363
f 1493//1493 1362//1362 1244//1244
f 1244//1244 1362//1362 1343//1343
f 1246//1246 1341//1341 1237//1237
f 1238//1238 1342//1342 1227//1227
f 1379//1379 1382//1382 1370//1370
f 1366//1366 1381//1381 1383//1383
f 1367//1367 1384//1384 1373//1373

