mtllib material.mtl
usemtl grey
v -0.38609800 0.00586100 -0.05149800
v -0.38609800 0.00586100 -0.05149800
v -0.38609800 0.00586100 -0.05149800
v -0.38609800 0.00586100 -0.05149800
v -0.38773400 0.00616800 -0.05133000
v -0.38773400 0.00616800 -0.05133000
v -0.38773400 0.00616800 -0.05133000
v -0.38632400 0.00438400 -0.05149800
v -0.38632400 0.00438400 -0.05149800
v -0.38632400 0.00438400 -0.05149800
v -0.38539400 0.00892000 -0.05149800
v -0.38539400 0.00892000 -0.05149800
v -0.38539400 0.00892000 -0.05149800
v -0.38539400 0.00892000 -0.05149800
v -0.38539400 0.00892000 -0.04670000
v -0.38539400 0.00892000 -0.04670000
v -0.38539400 0.00892000 -0.04670000
v -0.38539400 0.00892000 -0.04670000
v -0.38632400 0.00438400 -0.04670000
v -0.38632400 0.00438400 -0.04670000
v -0.38632400 0.00438400 -0.04670000
v -0.38632400 0.00438400 -0.04670000
v -0.38632400 0.00438400 -0.04670000
v -0.38632400 0.00438400 -0.04670000
v -0.38705500 0.00924400 -0.05132900
v -0.38705500 0.00924400 -0.05132900
v -0.38705500 0.00924400 -0.05132900
v -0.38608600 0.01221000 -0.05132800
v -0.38608600 0.01221000 -0.05132800
v -0.38608600 0.01221000 -0.05132800
v -0.38799200 0.01295000 -0.05082500
v -0.38799200 0.01295000 -0.05082500
v -0.38799200 0.01295000 -0.05082500
v -0.38799200 0.01295000 -0.05082500
v -0.38902200 0.00979500 -0.05082800
v -0.38902200 0.00979500 -0.05082800
v -0.38902200 0.00979500 -0.05082800
v -0.38902200 0.00979500 -0.05082800
v -0.38974300 0.00652700 -0.05083100
v -0.38974300 0.00652700 -0.05083100
v -0.38974300 0.00652700 -0.05083100
v -0.38974300 0.00652700 -0.05083100
v -0.39007800 0.01374900 -0.04992700
v -0.39007800 0.01374900 -0.04992700
v -0.39007800 0.01374900 -0.04992700
v -0.39007800 0.01374900 -0.04992700
v -0.39007800 0.01374900 -0.04992700
v -0.39118300 0.01038900 -0.04993000
v -0.39118300 0.01038900 -0.04993000
v -0.39118300 0.01038900 -0.04993000
v -0.39118300 0.01038900 -0.04993000
v -0.39196100 0.00691500 -0.04993300
v -0.39196100 0.00691500 -0.04993300
v -0.39196100 0.00691500 -0.04993300
v -0.39196100 0.00691500 -0.04993300
v -0.39196100 0.00691500 -0.04993300
v -0.39224200 0.01457200 -0.04857000
v -0.39224200 0.01457200 -0.04857000
v -0.39224200 0.01457200 -0.04857000
v -0.39224200 0.01457200 -0.04857000
v -0.39224200 0.01457200 -0.04857000
v -0.39353500 0.01060900 -0.04857000
v -0.39353500 0.01060900 -0.04857000
v -0.39353500 0.01060900 -0.04857000
v -0.39353500 0.01060900 -0.04857000
v -0.39353500 0.01060900 -0.04857000
v -0.39426600 0.00731500 -0.04857000
v -0.39426600 0.00731500 -0.04857000
v -0.39426600 0.00731500 -0.04857000
v -0.39426600 0.00731500 -0.04857000
v -0.39455700 0.00541200 -0.04670000
v -0.39455700 0.00541200 -0.04670000
v -0.39455700 0.00541200 -0.04670000
v -0.39455700 0.00541200 -0.04670000
v -0.39455700 0.00541200 -0.04670000
v -0.39455700 0.00541200 -0.04670000
v -0.39353500 0.01060900 -0.04670000
v -0.39353500 0.01060900 -0.04670000
v -0.39353500 0.01060900 -0.04670000
v -0.39353500 0.01060900 -0.04670000
v -0.39185700 0.01552800 -0.04670000
v -0.39185700 0.01552800 -0.04670000
v -0.39185700 0.01552800 -0.04670000
v -0.39185700 0.01552800 -0.04670000
v -0.39185700 0.01552800 -0.04670000
v -0.38381700 0.01319800 -0.04670000
v -0.38381700 0.01319800 -0.04670000
v -0.38381700 0.01319800 -0.04670000
v -0.38381700 0.01319800 -0.04670000
v -0.38381700 0.01319800 -0.04670000
v -0.38381700 0.01319800 -0.04670000
v -0.38954500 0.02014700 -0.04670000
v -0.38954500 0.02014700 -0.04670000
v -0.38954500 0.02014700 -0.04670000
v -0.38954500 0.02014700 -0.04670000
v -0.38954500 0.02014700 -0.04670000
v -0.38954500 0.02014700 -0.04670000
v -0.39185700 0.01552800 -0.04857000
v -0.39185700 0.01552800 -0.04857000
v -0.39185700 0.01552800 -0.04857000
v -0.39185700 0.01552800 -0.04857000
v -0.39071200 0.01801200 -0.04857000
v -0.39071200 0.01801200 -0.04857000
v -0.39071200 0.01801200 -0.04857000
v -0.39071200 0.01801200 -0.04857000
v -0.39071200 0.01801200 -0.04857000
v -0.38864900 0.01698200 -0.04992500
v -0.38864900 0.01698200 -0.04992500
v -0.38864900 0.01698200 -0.04992500
v -0.38864900 0.01698200 -0.04992500
v -0.38954500 0.02014700 -0.04857000
v -0.38954500 0.02014700 -0.04857000
v -0.38954500 0.02014700 -0.04857000
v -0.38954500 0.02014700 -0.04857000
v -0.38690700 0.02005300 -0.04992300
v -0.38690700 0.02005300 -0.04992300
v -0.38690700 0.02005300 -0.04992300
v -0.38690700 0.02005300 -0.04992300
v -0.38690700 0.02005300 -0.04992300
v -0.38884700 0.02128400 -0.04857000
v -0.38884700 0.02128400 -0.04857000
v -0.38884700 0.02128400 -0.04857000
v -0.38884700 0.02128400 -0.04857000
v -0.38665100 0.02435600 -0.04857000
v -0.38665100 0.02435600 -0.04857000
v -0.38665100 0.02435600 -0.04857000
v -0.38665100 0.02435600 -0.04857000
v -0.38665100 0.02435600 -0.04857000
v -0.38415300 0.02715300 -0.04857000
v -0.38415300 0.02715300 -0.04857000
v -0.38415300 0.02715300 -0.04857000
v -0.38415300 0.02715300 -0.04857000
v -0.38415300 0.02715300 -0.04857000
v -0.38665100 0.02435600 -0.04670000
v -0.38665100 0.02435600 -0.04670000
v -0.38665100 0.02435600 -0.04670000
v -0.38665100 0.02435600 -0.04670000
v -0.38486600 0.02291700 -0.04992200
v -0.38486600 0.02291700 -0.04992200
v -0.38486600 0.02291700 -0.04992200
v -0.38486600 0.02291700 -0.04992200
v -0.38503300 0.01886000 -0.05082200
v -0.38503300 0.01886000 -0.05082200
v -0.38503300 0.01886000 -0.05082200
v -0.38503300 0.01886000 -0.05082200
v -0.38253300 0.02553300 -0.04992200
v -0.38253300 0.02553300 -0.04992200
v -0.38253300 0.02553300 -0.04992200
v -0.38253300 0.02553300 -0.04992200
v -0.38253300 0.02553300 -0.04992200
v -0.38313400 0.02153200 -0.05082100
v -0.38313400 0.02153200 -0.05082100
v -0.38313400 0.02153200 -0.05082100
v -0.38313400 0.02153200 -0.05082100
v -0.38330900 0.01775700 -0.05132700
v -0.38330900 0.01775700 -0.05132700
v -0.38330900 0.01775700 -0.05132700
v -0.38153700 0.02025100 -0.05132600
v -0.38153700 0.02025100 -0.05132600
v -0.38153700 0.02025100 -0.05132600
v -0.38096500 0.02396500 -0.05082100
v -0.38096500 0.02396500 -0.05082100
v -0.38096500 0.02396500 -0.05082100
v -0.38096500 0.02396500 -0.05082100
v -0.37991700 0.02786600 -0.04992200
v -0.37991700 0.02786600 -0.04992200
v -0.37991700 0.02786600 -0.04992200
v -0.37991700 0.02786600 -0.04992200
v -0.37991700 0.02786600 -0.04992200
v -0.37853200 0.02613400 -0.05082100
v -0.37853200 0.02613400 -0.05082100
v -0.37853200 0.02613400 -0.05082100
v -0.37853200 0.02613400 -0.05082100
v -0.37951700 0.02251700 -0.05132600
v -0.37951700 0.02251700 -0.05132600
v -0.37951700 0.02251700 -0.05132600
v -0.37917100 0.02035000 -0.05149800
v -0.37917100 0.02035000 -0.05149800
v -0.37917100 0.02035000 -0.05149800
v -0.37797800 0.02158500 -0.05149800
v -0.37797800 0.02158500 -0.05149800
v -0.37797800 0.02158500 -0.05149800
v -0.37797800 0.02158500 -0.05149800
v -0.37725100 0.02453700 -0.05132600
v -0.37725100 0.02453700 -0.05132600
v -0.37725100 0.02453700 -0.05132600
v -0.37615900 0.02318100 -0.05149800
v -0.37615900 0.02318100 -0.05149800
v -0.37615900 0.02318100 -0.05149800
v -0.37456500 0.02435800 -0.05149800
v -0.37456500 0.02435800 -0.05149800
v -0.37456500 0.02435800 -0.05149800
v -0.37475700 0.02630900 -0.05132700
v -0.37475700 0.02630900 -0.05132700
v -0.37475700 0.02630900 -0.05132700
v -0.37586000 0.02803300 -0.05082200
v -0.37586000 0.02803300 -0.05082200
v -0.37586000 0.02803300 -0.05082200
v -0.37586000 0.02803300 -0.05082200
v -0.37298500 0.02965700 -0.05082300
v -0.37298500 0.02965700 -0.05082300
v -0.37298500 0.02965700 -0.05082300
v -0.37298500 0.02965700 -0.05082300
v -0.37705300 0.02990700 -0.04992300
v -0.37705300 0.02990700 -0.04992300
v -0.37705300 0.02990700 -0.04992300
v -0.37705300 0.02990700 -0.04992300
v -0.37705300 0.02990700 -0.04992300
v -0.37398200 0.03164900 -0.04992500
v -0.37398200 0.03164900 -0.04992500
v -0.37398200 0.03164900 -0.04992500
v -0.37398200 0.03164900 -0.04992500
v -0.37553600 0.03344200 -0.04857000
v -0.37553600 0.03344200 -0.04857000
v -0.37553600 0.03344200 -0.04857000
v -0.37553600 0.03344200 -0.04857000
v -0.37553600 0.03344200 -0.04857000
v -0.37157200 0.03524200 -0.04857000
v -0.37157200 0.03524200 -0.04857000
v -0.37157200 0.03524200 -0.04857000
v -0.37157200 0.03524200 -0.04857000
v -0.37157200 0.03524200 -0.04857000
v -0.37074900 0.03307800 -0.04992700
v -0.37074900 0.03307800 -0.04992700
v -0.37074900 0.03307800 -0.04992700
v -0.37074900 0.03307800 -0.04992700
v -0.37074900 0.03307800 -0.04992700
v -0.36995000 0.03099200 -0.05082500
v -0.36995000 0.03099200 -0.05082500
v -0.36995000 0.03099200 -0.05082500
v -0.36995000 0.03099200 -0.05082500
v -0.37092900 0.03548400 -0.04857000
v -0.37092900 0.03548400 -0.04857000
v -0.37092900 0.03548400 -0.04857000
v -0.37092900 0.03548400 -0.04857000
v -0.36738900 0.03418300 -0.04993000
v -0.36738900 0.03418300 -0.04993000
v -0.36738900 0.03418300 -0.04993000
v -0.36738900 0.03418300 -0.04993000
v -0.36738900 0.03418300 -0.04993000
v -0.36391500 0.03496100 -0.04993300
v -0.36391500 0.03496100 -0.04993300
v -0.36391500 0.03496100 -0.04993300
v -0.36391500 0.03496100 -0.04993300
v -0.36391500 0.03496100 -0.04993300
v -0.36600000 0.03692900 -0.04857000
v -0.36600000 0.03692900 -0.04857000
v -0.36600000 0.03692900 -0.04857000
v -0.36600000 0.03692900 -0.04857000
v -0.36600000 0.03692900 -0.04857000
v -0.36800200 0.03642700 -0.04857000
v -0.36800200 0.03642700 -0.04857000
v -0.36800200 0.03642700 -0.04857000
v -0.36800200 0.03642700 -0.04857000
v -0.36800200 0.03642700 -0.04857000
v -0.36679500 0.03202200 -0.05082800
v -0.36679500 0.03202200 -0.05082800
v -0.36679500 0.03202200 -0.05082800
v -0.36679500 0.03202200 -0.05082800
v -0.36624400 0.03005500 -0.05132900
v -0.36624400 0.03005500 -0.05132900
v -0.36624400 0.03005500 -0.05132900
v -0.36921100 0.02908600 -0.05132800
v -0.36921100 0.02908600 -0.05132800
v -0.36921100 0.02908600 -0.05132800
v -0.36352700 0.03274300 -0.05083100
v -0.36352700 0.03274300 -0.05083100
v -0.36352700 0.03274300 -0.05083100
v -0.36352700 0.03274300 -0.05083100
v -0.36316800 0.03073400 -0.05133000
v -0.36316800 0.03073400 -0.05133000
v -0.36316800 0.03073400 -0.05133000
v -0.36033200 0.03541000 -0.04993700
v -0.36033200 0.03541000 -0.04993700
v -0.36033200 0.03541000 -0.04993700
v -0.36033200 0.03541000 -0.04993700
v -0.36015000 0.03315400 -0.05083500
v -0.36015000 0.03315400 -0.05083500
v -0.36015000 0.03315400 -0.05083500
v -0.36015000 0.03315400 -0.05083500
v -0.35998100 0.03112000 -0.05133200
v -0.35998100 0.03112000 -0.05133200
v -0.35998100 0.03112000 -0.05133200
v -0.35700000 0.03325700 -0.05083900
v -0.35700000 0.03325700 -0.05083900
v -0.35700000 0.03325700 -0.05083900
v -0.35700000 0.03325700 -0.05083900
v -0.35700000 0.03121700 -0.05133400
v -0.35700000 0.03121700 -0.05133400
v -0.35700000 0.03121700 -0.05133400
v -0.35700000 0.02960000 -0.05149800
v -0.35700000 0.02960000 -0.05149800
v -0.35700000 0.02960000 -0.05149800
v -0.35401900 0.03112000 -0.05133200
v -0.35401900 0.03112000 -0.05133200
v -0.35401900 0.03112000 -0.05133200
v -0.35416300 0.02948600 -0.05149800
v -0.35416300 0.02948600 -0.05149800
v -0.35416300 0.02948600 -0.05149800
v -0.35416300 0.02948600 -0.05149800
v -0.35983800 0.02948600 -0.05149800
v -0.35983800 0.02948600 -0.05149800
v -0.35983800 0.02948600 -0.05149800
v -0.35983800 0.02948600 -0.05149800
v -0.36185100 0.02926000 -0.05149800
v -0.36185100 0.02926000 -0.05149800
v -0.36185100 0.02926000 -0.05149800
v -0.36185100 0.02926000 -0.04670000
v -0.36185100 0.02926000 -0.04670000
v -0.36185100 0.02926000 -0.04670000
v -0.36185100 0.02926000 -0.04670000
v -0.36185100 0.02926000 -0.04670000
v -0.36185100 0.02926000 -0.04670000
v -0.35700000 0.02960000 -0.04670000
v -0.35700000 0.02960000 -0.04670000
v -0.35700000 0.02960000 -0.04670000
v -0.35700000 0.02960000 -0.04670000
v -0.35700000 0.02960000 -0.04670000
v -0.35261600 0.02932400 -0.04670000
v -0.35261600 0.02932400 -0.04670000
v -0.35261600 0.02932400 -0.04670000
v -0.35261600 0.02932400 -0.04670000
v -0.35261600 0.02932400 -0.04670000
v -0.35158800 0.03755700 -0.04670000
v -0.35158800 0.03755700 -0.04670000
v -0.35158800 0.03755700 -0.04670000
v -0.35158800 0.03755700 -0.04670000
v -0.35158800 0.03755700 -0.04670000
v -0.35158800 0.03755700 -0.04670000
v -0.35700000 0.03790000 -0.04670000
v -0.35700000 0.03790000 -0.04670000
v -0.35700000 0.03790000 -0.04670000
v -0.35700000 0.03790000 -0.04670000
v -0.36082300 0.03773100 -0.04857000
v -0.36082300 0.03773100 -0.04857000
v -0.36082300 0.03773100 -0.04857000
v -0.36082300 0.03773100 -0.04857000
v -0.36082300 0.03773100 -0.04857000
v -0.35700000 0.03789900 -0.04857000
v -0.35700000 0.03789900 -0.04857000
v -0.35700000 0.03789900 -0.04857000
v -0.35700000 0.03789900 -0.04857000
v -0.35348000 0.03775700 -0.04857000
v -0.35348000 0.03775700 -0.04857000
v -0.35348000 0.03775700 -0.04857000
v -0.35348000 0.03775700 -0.04857000
v -0.35348000 0.03775700 -0.04857000
v -0.36082300 0.03773100 -0.04670000
v -0.36082300 0.03773100 -0.04670000
v -0.36082300 0.03773100 -0.04670000
v -0.36600000 0.03692900 -0.04670000
v -0.36600000 0.03692900 -0.04670000
v -0.36600000 0.03692900 -0.04670000
v -0.36600000 0.03692900 -0.04670000
v -0.36600000 0.03692900 -0.04670000
v -0.36600000 0.03692900 -0.04670000
v -0.36640500 0.02825100 -0.04670000
v -0.36640500 0.02825100 -0.04670000
v -0.36640500 0.02825100 -0.04670000
v -0.36640500 0.02825100 -0.04670000
v -0.36431500 0.03726600 -0.04857000
v -0.36431500 0.03726600 -0.04857000
v -0.36431500 0.03726600 -0.04857000
v -0.36431500 0.03726600 -0.04857000
v -0.37092900 0.03548400 -0.04670000
v -0.37092900 0.03548400 -0.04670000
v -0.37092900 0.03548400 -0.04670000
v -0.37092900 0.03548400 -0.04670000
v -0.37092900 0.03548400 -0.04670000
v -0.37553600 0.03344200 -0.04670000
v -0.37553600 0.03344200 -0.04670000
v -0.37553600 0.03344200 -0.04670000
v -0.37553600 0.03344200 -0.04670000
v -0.37064700 0.02660700 -0.04670000
v -0.37064700 0.02660700 -0.04670000
v -0.37064700 0.02660700 -0.04670000
v -0.37064700 0.02660700 -0.04670000
v -0.37064700 0.02660700 -0.04670000
v -0.37381500 0.02485300 -0.05149800
v -0.37381500 0.02485300 -0.05149800
v -0.37381500 0.02485300 -0.05149800
v -0.37381500 0.02485300 -0.05149800
v -0.37456500 0.02435800 -0.04670000
v -0.37456500 0.02435800 -0.04670000
v -0.37456500 0.02435800 -0.04670000
v -0.37456500 0.02435800 -0.04670000
v -0.37456500 0.02435800 -0.04670000
v -0.37456500 0.02435800 -0.04670000
v -0.37064700 0.02660700 -0.05149800
v -0.37064700 0.02660700 -0.05149800
v -0.37064700 0.02660700 -0.05149800
v -0.36857800 0.02750100 -0.05149800
v -0.36857800 0.02750100 -0.05149800
v -0.36857800 0.02750100 -0.05149800
v -0.36857800 0.02750100 -0.05149800
v -0.36640500 0.02825100 -0.05149800
v -0.36640500 0.02825100 -0.05149800
v -0.36640500 0.02825100 -0.05149800
v -0.36640500 0.02825100 -0.05149800
v -0.36286200 0.02909800 -0.05149800
v -0.36286200 0.02909800 -0.05149800
v -0.36286200 0.02909800 -0.05149800
v -0.37206200 0.02783100 -0.05132700
v -0.37206200 0.02783100 -0.05132700
v -0.37206200 0.02783100 -0.05132700
v -0.37797800 0.02158500 -0.04670000
v -0.37797800 0.02158500 -0.04670000
v -0.37797800 0.02158500 -0.04670000
v -0.37968600 0.03090500 -0.04670000
v -0.37968600 0.03090500 -0.04670000
v -0.37968600 0.03090500 -0.04670000
v -0.37968600 0.03090500 -0.04670000
v -0.37968600 0.03090500 -0.04670000
v -0.37968600 0.03090500 -0.04670000
v -0.37968600 0.03090500 -0.04857000
v -0.37968600 0.03090500 -0.04857000
v -0.37968600 0.03090500 -0.04857000
v -0.37968600 0.03090500 -0.04857000
v -0.37968600 0.03090500 -0.04857000
v -0.38134800 0.02965800 -0.04857000
v -0.38134800 0.02965800 -0.04857000
v -0.38134800 0.02965800 -0.04857000
v -0.38134800 0.02965800 -0.04857000
v -0.38134800 0.02965800 -0.04857000
v -0.37828400 0.03184700 -0.04857000
v -0.37828400 0.03184700 -0.04857000
v -0.37828400 0.03184700 -0.04857000
v -0.37828400 0.03184700 -0.04857000
v -0.38339900 0.02788300 -0.04670000
v -0.38339900 0.02788300 -0.04670000
v -0.38339900 0.02788300 -0.04670000
v -0.38339900 0.02788300 -0.04670000
v -0.38339900 0.02788300 -0.04670000
v -0.38339900 0.02788300 -0.04857000
v -0.38339900 0.02788300 -0.04857000
v -0.38339900 0.02788300 -0.04857000
v -0.38339900 0.02788300 -0.04857000
v -0.37917100 0.02035000 -0.04670000
v -0.37917100 0.02035000 -0.04670000
v -0.37917100 0.02035000 -0.04670000
v -0.37917100 0.02035000 -0.04670000
v -0.37917100 0.02035000 -0.04670000
v -0.38172400 0.01701500 -0.05149800
v -0.38172400 0.01701500 -0.05149800
v -0.38172400 0.01701500 -0.05149800
v -0.38172400 0.01701500 -0.05149800
v -0.38018100 0.01915900 -0.05149800
v -0.38018100 0.01915900 -0.05149800
v -0.38018100 0.01915900 -0.05149800
v -0.38172400 0.01701500 -0.04670000
v -0.38172400 0.01701500 -0.04670000
v -0.38172400 0.01701500 -0.04670000
v -0.38172400 0.01701500 -0.04670000
v -0.38330000 0.01427300 -0.05149800
v -0.38330000 0.01427300 -0.05149800
v -0.38330000 0.01427300 -0.05149800
v -0.38330000 0.01427300 -0.05149800
v -0.38381700 0.01319800 -0.05149800
v -0.38381700 0.01319800 -0.05149800
v -0.38381700 0.01319800 -0.05149800
v -0.38483200 0.01506200 -0.05132700
v -0.38483200 0.01506200 -0.05132700
v -0.38483200 0.01506200 -0.05132700
v -0.38665700 0.01598500 -0.05082300
v -0.38665700 0.01598500 -0.05082300
v -0.38665700 0.01598500 -0.05082300
v -0.38665700 0.01598500 -0.05082300
v -0.38450100 0.01157900 -0.05149800
v -0.38450100 0.01157900 -0.05149800
v -0.38450100 0.01157900 -0.05149800
v -0.35366800 0.03541000 -0.04993700
v -0.35366800 0.03541000 -0.04993700
v -0.35366800 0.03541000 -0.04993700
v -0.35366800 0.03541000 -0.04993700
v -0.35158800 0.03755700 -0.04857000
v -0.35158800 0.03755700 -0.04857000
v -0.35158800 0.03755700 -0.04857000
v -0.35158800 0.03755700 -0.04857000
v -0.34968500 0.03726600 -0.04857000
v -0.34968500 0.03726600 -0.04857000
v -0.34968500 0.03726600 -0.04857000
v -0.34968500 0.03726600 -0.04857000
v -0.35008500 0.03496100 -0.04993300
v -0.35008500 0.03496100 -0.04993300
v -0.35008500 0.03496100 -0.04993300
v -0.35008500 0.03496100 -0.04993300
v -0.35008500 0.03496100 -0.04993300
v -0.35047300 0.03274300 -0.05083100
v -0.35047300 0.03274300 -0.05083100
v -0.35047300 0.03274300 -0.05083100
v -0.35047300 0.03274300 -0.05083100
v -0.34720500 0.03202200 -0.05082800
v -0.34720500 0.03202200 -0.05082800
v -0.34720500 0.03202200 -0.05082800
v -0.34720500 0.03202200 -0.05082800
v -0.34661100 0.03418300 -0.04993000
v -0.34661100 0.03418300 -0.04993000
v -0.34661100 0.03418300 -0.04993000
v -0.34661100 0.03418300 -0.04993000
v -0.34639100 0.03653500 -0.04857000
v -0.34639100 0.03653500 -0.04857000
v -0.34639100 0.03653500 -0.04857000
v -0.34639100 0.03653500 -0.04857000
v -0.34639100 0.03653500 -0.04857000
v -0.34242800 0.03524200 -0.04857000
v -0.34242800 0.03524200 -0.04857000
v -0.34242800 0.03524200 -0.04857000
v -0.34242800 0.03524200 -0.04857000
v -0.34242800 0.03524200 -0.04857000
v -0.34639100 0.03653500 -0.04670000
v -0.34639100 0.03653500 -0.04670000
v -0.34639100 0.03653500 -0.04670000
v -0.34639100 0.03653500 -0.04670000
v -0.34147200 0.03485700 -0.04670000
v -0.34147200 0.03485700 -0.04670000
v -0.34147200 0.03485700 -0.04670000
v -0.34147200 0.03485700 -0.04670000
v -0.34147200 0.03485700 -0.04670000
v -0.34808000 0.02839400 -0.04670000
v -0.34808000 0.02839400 -0.04670000
v -0.34808000 0.02839400 -0.04670000
v -0.34808000 0.02839400 -0.04670000
v -0.34808000 0.02839400 -0.04670000
v -0.34380200 0.02681700 -0.04670000
v -0.34380200 0.02681700 -0.04670000
v -0.34380200 0.02681700 -0.04670000
v -0.34380200 0.02681700 -0.04670000
v -0.34380200 0.02681700 -0.04670000
v -0.34542100 0.02750100 -0.05149800
v -0.34542100 0.02750100 -0.05149800
v -0.34542100 0.02750100 -0.05149800
v -0.34542100 0.02750100 -0.05149800
v -0.34808000 0.02839400 -0.05149800
v -0.34808000 0.02839400 -0.05149800
v -0.34808000 0.02839400 -0.05149800
v -0.35113900 0.02909800 -0.05149800
v -0.35113900 0.02909800 -0.05149800
v -0.35113900 0.02909800 -0.05149800
v -0.35113900 0.02909800 -0.05149800
v -0.34775600 0.03005500 -0.05132900
v -0.34775600 0.03005500 -0.05132900
v -0.34775600 0.03005500 -0.05132900
v -0.35083200 0.03073400 -0.05133000
v -0.35083200 0.03073400 -0.05133000
v -0.35083200 0.03073400 -0.05133000
v -0.35261600 0.02932400 -0.05149800
v -0.35261600 0.02932400 -0.05149800
v -0.35261600 0.02932400 -0.05149800
v -0.35385000 0.03315400 -0.05083500
v -0.35385000 0.03315400 -0.05083500
v -0.35385000 0.03315400 -0.05083500
v -0.35385000 0.03315400 -0.05083500
v -0.35700000 0.03553100 -0.04994200
v -0.35700000 0.03553100 -0.04994200
v -0.35700000 0.03553100 -0.04994200
v -0.35700000 0.03553100 -0.04994200
v -0.34478900 0.02908600 -0.05132800
v -0.34478900 0.02908600 -0.05132800
v -0.34478900 0.02908600 -0.05132800
v -0.34380200 0.02681700 -0.05149800
v -0.34380200 0.02681700 -0.05149800
v -0.34380200 0.02681700 -0.05149800
v -0.34193800 0.02783100 -0.05132700
v -0.34193800 0.02783100 -0.05132700
v -0.34193800 0.02783100 -0.05132700
v -0.34405000 0.03099200 -0.05082500
v -0.34405000 0.03099200 -0.05082500
v -0.34405000 0.03099200 -0.05082500
v -0.34405000 0.03099200 -0.05082500
v -0.34101500 0.02965700 -0.05082300
v -0.34101500 0.02965700 -0.05082300
v -0.34101500 0.02965700 -0.05082300
v -0.34101500 0.02965700 -0.05082300
v -0.34325100 0.03307800 -0.04992700
v -0.34325100 0.03307800 -0.04992700
v -0.34325100 0.03307800 -0.04992700
v -0.34325100 0.03307800 -0.04992700
v -0.34325100 0.03307800 -0.04992700
v -0.34001800 0.03164900 -0.04992500
v -0.34001800 0.03164900 -0.04992500
v -0.34001800 0.03164900 -0.04992500
v -0.34001800 0.03164900 -0.04992500
v -0.34147200 0.03485700 -0.04857000
v -0.34147200 0.03485700 -0.04857000
v -0.34147200 0.03485700 -0.04857000
v -0.34147200 0.03485700 -0.04857000
v -0.33898900 0.03371200 -0.04857000
v -0.33898900 0.03371200 -0.04857000
v -0.33898900 0.03371200 -0.04857000
v -0.33898900 0.03371200 -0.04857000
v -0.33898900 0.03371200 -0.04857000
v -0.33685300 0.03254500 -0.04857000
v -0.33685300 0.03254500 -0.04857000
v -0.33685300 0.03254500 -0.04857000
v -0.33685300 0.03254500 -0.04857000
v -0.33685300 0.03254500 -0.04670000
v -0.33685300 0.03254500 -0.04670000
v -0.33685300 0.03254500 -0.04670000
v -0.33685300 0.03254500 -0.04670000
v -0.33685300 0.03254500 -0.04670000
v -0.33685300 0.03254500 -0.04670000
v -0.33264400 0.02965100 -0.04670000
v -0.33264400 0.02965100 -0.04670000
v -0.33264400 0.02965100 -0.04670000
v -0.33264400 0.02965100 -0.04670000
v -0.33998500 0.02472400 -0.04670000
v -0.33998500 0.02472400 -0.04670000
v -0.33998500 0.02472400 -0.04670000
v -0.33998500 0.02472400 -0.04670000
v -0.33998500 0.02472400 -0.04670000
v -0.33571600 0.03184700 -0.04857000
v -0.33571600 0.03184700 -0.04857000
v -0.33571600 0.03184700 -0.04857000
v -0.33571600 0.03184700 -0.04857000
v -0.33264400 0.02965100 -0.04857000
v -0.33264400 0.02965100 -0.04857000
v -0.33264400 0.02965100 -0.04857000
v -0.33264400 0.02965100 -0.04857000
v -0.33264400 0.02965100 -0.04857000
v -0.33694700 0.02990700 -0.04992300
v -0.33694700 0.02990700 -0.04992300
v -0.33694700 0.02990700 -0.04992300
v -0.33694700 0.02990700 -0.04992300
v -0.33694700 0.02990700 -0.04992300
v -0.32984700 0.02715300 -0.04857000
v -0.32984700 0.02715300 -0.04857000
v -0.32984700 0.02715300 -0.04857000
v -0.32984700 0.02715300 -0.04857000
v -0.32984700 0.02715300 -0.04857000
v -0.33408300 0.02786600 -0.04992200
v -0.33408300 0.02786600 -0.04992200
v -0.33408300 0.02786600 -0.04992200
v -0.33408300 0.02786600 -0.04992200
v -0.33303500 0.02396500 -0.05082100
v -0.33303500 0.02396500 -0.05082100
v -0.33303500 0.02396500 -0.05082100
v -0.33303500 0.02396500 -0.05082100
v -0.33546900 0.02613400 -0.05082100
v -0.33546900 0.02613400 -0.05082100
v -0.33546900 0.02613400 -0.05082100
v -0.33546900 0.02613400 -0.05082100
v -0.33146700 0.02553300 -0.04992200
v -0.33146700 0.02553300 -0.04992200
v -0.33146700 0.02553300 -0.04992200
v -0.33146700 0.02553300 -0.04992200
v -0.33146700 0.02553300 -0.04992200
v -0.32913400 0.02291700 -0.04992200
v -0.32913400 0.02291700 -0.04992200
v -0.32913400 0.02291700 -0.04992200
v -0.32913400 0.02291700 -0.04992200
v -0.32913400 0.02291700 -0.04992200
v -0.33086600 0.02153200 -0.05082100
v -0.33086600 0.02153200 -0.05082100
v -0.33086600 0.02153200 -0.05082100
v -0.33086600 0.02153200 -0.05082100
v -0.32911700 0.02639900 -0.04857000
v -0.32911700 0.02639900 -0.04857000
v -0.32911700 0.02639900 -0.04857000
v -0.32911700 0.02639900 -0.04857000
v -0.32734200 0.02434700 -0.04857000
v -0.32734200 0.02434700 -0.04857000
v -0.32734200 0.02434700 -0.04857000
v -0.32734200 0.02434700 -0.04857000
v -0.32734200 0.02434700 -0.04857000
v -0.32911700 0.02639900 -0.04670000
v -0.32911700 0.02639900 -0.04670000
v -0.32911700 0.02639900 -0.04670000
v -0.32911700 0.02639900 -0.04670000
v -0.32911700 0.02639900 -0.04670000
v -0.32609500 0.02268600 -0.04670000
v -0.32609500 0.02268600 -0.04670000
v -0.32609500 0.02268600 -0.04670000
v -0.32609500 0.02268600 -0.04670000
v -0.32609500 0.02268600 -0.04670000
v -0.32609500 0.02268600 -0.04670000
v -0.33541500 0.02097800 -0.04670000
v -0.33541500 0.02097800 -0.04670000
v -0.33541500 0.02097800 -0.04670000
v -0.33541500 0.02097800 -0.04670000
v -0.33665000 0.02217100 -0.04670000
v -0.33665000 0.02217100 -0.04670000
v -0.33665000 0.02217100 -0.04670000
v -0.33665000 0.02217100 -0.04670000
v -0.33541500 0.02097800 -0.05149800
v -0.33541500 0.02097800 -0.05149800
v -0.33541500 0.02097800 -0.05149800
v -0.33665000 0.02217100 -0.05149800
v -0.33665000 0.02217100 -0.05149800
v -0.33665000 0.02217100 -0.05149800
v -0.33784100 0.02318100 -0.05149800
v -0.33784100 0.02318100 -0.05149800
v -0.33784100 0.02318100 -0.05149800
v -0.33784100 0.02318100 -0.05149800
v -0.33674900 0.02453700 -0.05132600
v -0.33674900 0.02453700 -0.05132600
v -0.33674900 0.02453700 -0.05132600
v -0.33998500 0.02472400 -0.05149800
v -0.33998500 0.02472400 -0.05149800
v -0.33998500 0.02472400 -0.05149800
v -0.33924300 0.02630900 -0.05132700
v -0.33924300 0.02630900 -0.05132700
v -0.33924300 0.02630900 -0.05132700
v -0.34272700 0.02630000 -0.05149800
v -0.34272700 0.02630000 -0.05149800
v -0.34272700 0.02630000 -0.05149800
v -0.34272700 0.02630000 -0.05149800
v -0.33814000 0.02803300 -0.05082200
v -0.33814000 0.02803300 -0.05082200
v -0.33814000 0.02803300 -0.05082200
v -0.33814000 0.02803300 -0.05082200
v -0.33448300 0.02251700 -0.05132600
v -0.33448300 0.02251700 -0.05132600
v -0.33448300 0.02251700 -0.05132600
v -0.33246300 0.02025100 -0.05132600
v -0.33246300 0.02025100 -0.05132600
v -0.33246300 0.02025100 -0.05132600
v -0.33069100 0.01775700 -0.05132700
v -0.33069100 0.01775700 -0.05132700
v -0.33069100 0.01775700 -0.05132700
v -0.33264200 0.01756500 -0.05149800
v -0.33264200 0.01756500 -0.05149800
v -0.33264200 0.01756500 -0.05149800
v -0.33381900 0.01915900 -0.05149800
v -0.33381900 0.01915900 -0.05149800
v -0.33381900 0.01915900 -0.05149800
v -0.33381900 0.01915900 -0.05149800
v -0.33264200 0.01756500 -0.04670000
v -0.33264200 0.01756500 -0.04670000
v -0.33264200 0.01756500 -0.04670000
v -0.33264200 0.01756500 -0.04670000
v -0.33264200 0.01756500 -0.04670000
v -0.33039300 0.01364700 -0.04670000
v -0.33039300 0.01364700 -0.04670000
v -0.33039300 0.01364700 -0.04670000
v -0.33039300 0.01364700 -0.04670000
v -0.33039300 0.01364700 -0.04670000
v -0.32355800 0.01853600 -0.04670000
v -0.32355800 0.01853600 -0.04670000
v -0.32355800 0.01853600 -0.04670000
v -0.32355800 0.01853600 -0.04670000
v -0.33214700 0.01681500 -0.05149800
v -0.33214700 0.01681500 -0.05149800
v -0.33214700 0.01681500 -0.05149800
v -0.33214700 0.01681500 -0.05149800
v -0.33039300 0.01364700 -0.05149800
v -0.33039300 0.01364700 -0.05149800
v -0.33039300 0.01364700 -0.05149800
v -0.32916800 0.01506200 -0.05132700
v -0.32916800 0.01506200 -0.05132700
v -0.32916800 0.01506200 -0.05132700
v -0.32791400 0.01221000 -0.05132800
v -0.32791400 0.01221000 -0.05132800
v -0.32791400 0.01221000 -0.05132800
v -0.32734300 0.01598500 -0.05082300
v -0.32734300 0.01598500 -0.05082300
v -0.32734300 0.01598500 -0.05082300
v -0.32734300 0.01598500 -0.05082300
v -0.32896700 0.01886000 -0.05082200
v -0.32896700 0.01886000 -0.05082200
v -0.32896700 0.01886000 -0.05082200
v -0.32896700 0.01886000 -0.05082200
v -0.32709300 0.02005300 -0.04992300
v -0.32709300 0.02005300 -0.04992300
v -0.32709300 0.02005300 -0.04992300
v -0.32709300 0.02005300 -0.04992300
v -0.32709300 0.02005300 -0.04992300
v -0.32609500 0.02268600 -0.04857000
v -0.32609500 0.02268600 -0.04857000
v -0.32609500 0.02268600 -0.04857000
v -0.32609500 0.02268600 -0.04857000
v -0.32609500 0.02268600 -0.04857000
v -0.32355800 0.01853600 -0.04857000
v -0.32355800 0.01853600 -0.04857000
v -0.32355800 0.01853600 -0.04857000
v -0.32355800 0.01853600 -0.04857000
v -0.32355800 0.01853600 -0.04857000
v -0.32515300 0.02128400 -0.04857000
v -0.32515300 0.02128400 -0.04857000
v -0.32515300 0.02128400 -0.04857000
v -0.32515300 0.02128400 -0.04857000
v -0.32535100 0.01698200 -0.04992500
v -0.32535100 0.01698200 -0.04992500
v -0.32535100 0.01698200 -0.04992500
v -0.32535100 0.01698200 -0.04992500
v -0.32175800 0.01457200 -0.04857000
v -0.32175800 0.01457200 -0.04857000
v -0.32175800 0.01457200 -0.04857000
v -0.32175800 0.01457200 -0.04857000
v -0.32175800 0.01457200 -0.04857000
v -0.32392200 0.01374900 -0.04992700
v -0.32392200 0.01374900 -0.04992700
v -0.32392200 0.01374900 -0.04992700
v -0.32392200 0.01374900 -0.04992700
v -0.32392200 0.01374900 -0.04992700
v -0.32600800 0.01295000 -0.05082500
v -0.32600800 0.01295000 -0.05082500
v -0.32600800 0.01295000 -0.05082500
v -0.32600800 0.01295000 -0.05082500
v -0.32694500 0.00924400 -0.05132900
v -0.32694500 0.00924400 -0.05132900
v -0.32694500 0.00924400 -0.05132900
v -0.32497800 0.00979500 -0.05082800
v -0.32497800 0.00979500 -0.05082800
v -0.32497800 0.00979500 -0.05082800
v -0.32497800 0.00979500 -0.05082800
v -0.32626600 0.00616800 -0.05133000
v -0.32626600 0.00616800 -0.05133000
v -0.32626600 0.00616800 -0.05133000
v -0.32425700 0.00652700 -0.05083100
v -0.32425700 0.00652700 -0.05083100
v -0.32425700 0.00652700 -0.05083100
v -0.32425700 0.00652700 -0.05083100
v -0.32281700 0.01038900 -0.04993000
v -0.32281700 0.01038900 -0.04993000
v -0.32281700 0.01038900 -0.04993000
v -0.32281700 0.01038900 -0.04993000
v -0.32281700 0.01038900 -0.04993000
v -0.32203900 0.00691500 -0.04993300
v -0.32203900 0.00691500 -0.04993300
v -0.32203900 0.00691500 -0.04993300
v -0.32203900 0.00691500 -0.04993300
v -0.32203900 0.00691500 -0.04993300
v -0.32007100 0.00900000 -0.04857000
v -0.32007100 0.00900000 -0.04857000
v -0.32007100 0.00900000 -0.04857000
v -0.32007100 0.00900000 -0.04857000
v -0.32007100 0.00900000 -0.04857000
v -0.32057200 0.01100200 -0.04857000
v -0.32057200 0.01100200 -0.04857000
v -0.32057200 0.01100200 -0.04857000
v -0.32057200 0.01100200 -0.04857000
v -0.32057200 0.01100200 -0.04857000
v -0.32151600 0.01392900 -0.04857000
v -0.32151600 0.01392900 -0.04857000
v -0.32151600 0.01392900 -0.04857000
v -0.32151600 0.01392900 -0.04857000
v -0.32151600 0.01392900 -0.04670000
v -0.32151600 0.01392900 -0.04670000
v -0.32151600 0.01392900 -0.04670000
v -0.32151600 0.01392900 -0.04670000
v -0.32151600 0.01392900 -0.04670000
v -0.32874900 0.00940500 -0.04670000
v -0.32874900 0.00940500 -0.04670000
v -0.32874900 0.00940500 -0.04670000
v -0.32874900 0.00940500 -0.04670000
v -0.32874900 0.00940500 -0.04670000
v -0.32007100 0.00900000 -0.04670000
v -0.32007100 0.00900000 -0.04670000
v -0.32007100 0.00900000 -0.04670000
v -0.32007100 0.00900000 -0.04670000
v -0.32007100 0.00900000 -0.04670000
v -0.32007100 0.00900000 -0.04670000
v -0.32774000 0.00485100 -0.04670000
v -0.32774000 0.00485100 -0.04670000
v -0.32774000 0.00485100 -0.04670000
v -0.32774000 0.00485100 -0.04670000
v -0.32774000 0.00485100 -0.04670000
v -0.31926900 0.00382300 -0.04670000
v -0.31926900 0.00382300 -0.04670000
v -0.31926900 0.00382300 -0.04670000
v -0.31926900 0.00382300 -0.04857000
v -0.31926900 0.00382300 -0.04857000
v -0.31926900 0.00382300 -0.04857000
v -0.31926900 0.00382300 -0.04857000
v -0.31926900 0.00382300 -0.04857000
v -0.31973400 0.00731500 -0.04857000
v -0.31973400 0.00731500 -0.04857000
v -0.31973400 0.00731500 -0.04857000
v -0.31973400 0.00731500 -0.04857000
v -0.31910000 -0.00000000 -0.04670000
v -0.31910000 -0.00000000 -0.04670000
v -0.31910000 -0.00000000 -0.04670000
v -0.31910000 -0.00000000 -0.04670000
v -0.31910100 -0.00000000 -0.04857000
v -0.31910100 -0.00000000 -0.04857000
v -0.31910100 -0.00000000 -0.04857000
v -0.31910100 -0.00000000 -0.04857000
v -0.32159100 0.00333200 -0.04993700
v -0.32159100 0.00333200 -0.04993700
v -0.32159100 0.00333200 -0.04993700
v -0.32159100 0.00333200 -0.04993700
v -0.32146900 -0.00000000 -0.04994200
v -0.32146900 -0.00000000 -0.04994200
v -0.32146900 -0.00000000 -0.04994200
v -0.32146900 -0.00000000 -0.04994200
v -0.32159100 -0.00333200 -0.04993700
v -0.32159100 -0.00333200 -0.04993700
v -0.32159100 -0.00333200 -0.04993700
v -0.32159100 -0.00333200 -0.04993700
v -0.32384600 -0.00315000 -0.05083500
v -0.32384600 -0.00315000 -0.05083500
v -0.32384600 -0.00315000 -0.05083500
v -0.32384600 -0.00315000 -0.05083500
v -0.32374300 -0.00000000 -0.05083900
v -0.32374300 -0.00000000 -0.05083900
v -0.32374300 -0.00000000 -0.05083900
v -0.32374300 -0.00000000 -0.05083900
v -0.32384600 0.00315000 -0.05083500
v -0.32384600 0.00315000 -0.05083500
v -0.32384600 0.00315000 -0.05083500
v -0.32384600 0.00315000 -0.05083500
v -0.32588000 -0.00298100 -0.05133200
v -0.32588000 -0.00298100 -0.05133200
v -0.32588000 -0.00298100 -0.05133200
v -0.32578300 -0.00000000 -0.05133400
v -0.32578300 -0.00000000 -0.05133400
v -0.32578300 -0.00000000 -0.05133400
v -0.32751400 0.00283700 -0.05149800
v -0.32751400 0.00283700 -0.05149800
v -0.32751400 0.00283700 -0.05149800
v -0.32751400 0.00283700 -0.05149800
v -0.32588000 0.00298100 -0.05133200
v -0.32588000 0.00298100 -0.05133200
v -0.32588000 0.00298100 -0.05133200
v -0.32740000 -0.00000000 -0.05149800
v -0.32740000 -0.00000000 -0.05149800
v -0.32740000 -0.00000000 -0.05149800
v -0.32740000 -0.00000000 -0.05149800
v -0.32751400 -0.00283700 -0.05149800
v -0.32751400 -0.00283700 -0.05149800
v -0.32751400 -0.00283700 -0.05149800
v -0.32767600 -0.00438400 -0.05149800
v -0.32767600 -0.00438400 -0.05149800
v -0.32767600 -0.00438400 -0.05149800
v -0.32767600 -0.00438400 -0.04670000
v -0.32767600 -0.00438400 -0.04670000
v -0.32767600 -0.00438400 -0.04670000
v -0.32767600 -0.00438400 -0.04670000
v -0.32767600 -0.00438400 -0.04670000
v -0.32767600 -0.00438400 -0.04670000
v -0.32860600 -0.00892000 -0.04670000
v -0.32860600 -0.00892000 -0.04670000
v -0.32860600 -0.00892000 -0.04670000
v -0.32860600 -0.00892000 -0.04670000
v -0.32046500 -0.01060900 -0.04670000
v -0.32046500 -0.01060900 -0.04670000
v -0.32046500 -0.01060900 -0.04670000
v -0.32046500 -0.01060900 -0.04670000
v -0.31944300 -0.00541200 -0.04670000
v -0.31944300 -0.00541200 -0.04670000
v -0.31944300 -0.00541200 -0.04670000
v -0.31944300 -0.00541200 -0.04670000
v -0.31944300 -0.00541200 -0.04670000
v -0.31944300 -0.00541200 -0.04670000
v -0.32740000 -0.00000000 -0.04670000
v -0.32740000 -0.00000000 -0.04670000
v -0.32740000 -0.00000000 -0.04670000
v -0.32740000 -0.00000000 -0.04670000
v -0.32790200 -0.00586100 -0.05149800
v -0.32790200 -0.00586100 -0.05149800
v -0.32790200 -0.00586100 -0.05149800
v -0.32790200 -0.00586100 -0.05149800
v -0.32626600 -0.00616800 -0.05133000
v -0.32626600 -0.00616800 -0.05133000
v -0.32626600 -0.00616800 -0.05133000
v -0.32860600 -0.00892000 -0.05149800
v -0.32860600 -0.00892000 -0.05149800
v -0.32860600 -0.00892000 -0.05149800
v -0.32860600 -0.00892000 -0.05149800
v -0.32694500 -0.00924400 -0.05132900
v -0.32694500 -0.00924400 -0.05132900
v -0.32694500 -0.00924400 -0.05132900
v -0.32791400 -0.01221000 -0.05132800
v -0.32791400 -0.01221000 -0.05132800
v -0.32791400 -0.01221000 -0.05132800
v -0.32600800 -0.01295000 -0.05082500
v -0.32600800 -0.01295000 -0.05082500
v -0.32600800 -0.01295000 -0.05082500
v -0.32600800 -0.01295000 -0.05082500
v -0.32497800 -0.00979500 -0.05082800
v -0.32497800 -0.00979500 -0.05082800
v -0.32497800 -0.00979500 -0.05082800
v -0.32497800 -0.00979500 -0.05082800
v -0.32392200 -0.01374900 -0.04992700
v -0.32392200 -0.01374900 -0.04992700
v -0.32392200 -0.01374900 -0.04992700
v -0.32392200 -0.01374900 -0.04992700
v -0.32392200 -0.01374900 -0.04992700
v -0.32425700 -0.00652700 -0.05083100
v -0.32425700 -0.00652700 -0.05083100
v -0.32425700 -0.00652700 -0.05083100
v -0.32425700 -0.00652700 -0.05083100
v -0.32281700 -0.01038900 -0.04993000
v -0.32281700 -0.01038900 -0.04993000
v -0.32281700 -0.01038900 -0.04993000
v -0.32281700 -0.01038900 -0.04993000
v -0.32175800 -0.01457200 -0.04857000
v -0.32175800 -0.01457200 -0.04857000
v -0.32175800 -0.01457200 -0.04857000
v -0.32175800 -0.01457200 -0.04857000
v -0.32175800 -0.01457200 -0.04857000
v -0.32046500 -0.01060900 -0.04857000
v -0.32046500 -0.01060900 -0.04857000
v -0.32046500 -0.01060900 -0.04857000
v -0.32046500 -0.01060900 -0.04857000
v -0.32046500 -0.01060900 -0.04857000
v -0.32203900 -0.00691500 -0.04993300
v -0.32203900 -0.00691500 -0.04993300
v -0.32203900 -0.00691500 -0.04993300
v -0.32203900 -0.00691500 -0.04993300
v -0.32203900 -0.00691500 -0.04993300
v -0.31973400 -0.00731500 -0.04857000
v -0.31973400 -0.00731500 -0.04857000
v -0.31973400 -0.00731500 -0.04857000
v -0.31973400 -0.00731500 -0.04857000
v -0.31944300 -0.00541200 -0.04857000
v -0.31944300 -0.00541200 -0.04857000
v -0.31944300 -0.00541200 -0.04857000
v -0.31944300 -0.00541200 -0.04857000
v -0.31924300 -0.00352000 -0.04857000
v -0.31924300 -0.00352000 -0.04857000
v -0.31924300 -0.00352000 -0.04857000
v -0.31924300 -0.00352000 -0.04857000
v -0.31924300 -0.00352000 -0.04857000
v -0.32214300 -0.01552800 -0.04857000
v -0.32214300 -0.01552800 -0.04857000
v -0.32214300 -0.01552800 -0.04857000
v -0.32214300 -0.01552800 -0.04857000
v -0.32214300 -0.01552800 -0.04670000
v -0.32214300 -0.01552800 -0.04670000
v -0.32214300 -0.01552800 -0.04670000
v -0.32214300 -0.01552800 -0.04670000
v -0.32214300 -0.01552800 -0.04670000
v -0.32445500 -0.02014700 -0.04670000
v -0.32445500 -0.02014700 -0.04670000
v -0.32445500 -0.02014700 -0.04670000
v -0.32445500 -0.02014700 -0.04670000
v -0.32445500 -0.02014700 -0.04670000
v -0.32445500 -0.02014700 -0.04670000
v -0.33018300 -0.01319800 -0.04670000
v -0.33018300 -0.01319800 -0.04670000
v -0.33018300 -0.01319800 -0.04670000
v -0.33018300 -0.01319800 -0.04670000
v -0.33018300 -0.01319800 -0.04670000
v -0.33018300 -0.01319800 -0.04670000
v -0.32328800 -0.01801200 -0.04857000
v -0.32328800 -0.01801200 -0.04857000
v -0.32328800 -0.01801200 -0.04857000
v -0.32328800 -0.01801200 -0.04857000
v -0.32328800 -0.01801200 -0.04857000
v -0.32445500 -0.02014700 -0.04857000
v -0.32445500 -0.02014700 -0.04857000
v -0.32445500 -0.02014700 -0.04857000
v -0.32445500 -0.02014700 -0.04857000
v -0.32535100 -0.01698200 -0.04992500
v -0.32535100 -0.01698200 -0.04992500
v -0.32535100 -0.01698200 -0.04992500
v -0.32535100 -0.01698200 -0.04992500
v -0.32709300 -0.02005300 -0.04992300
v -0.32709300 -0.02005300 -0.04992300
v -0.32709300 -0.02005300 -0.04992300
v -0.32709300 -0.02005300 -0.04992300
v -0.32709300 -0.02005300 -0.04992300
v -0.32734300 -0.01598500 -0.05082300
v -0.32734300 -0.01598500 -0.05082300
v -0.32734300 -0.01598500 -0.05082300
v -0.32734300 -0.01598500 -0.05082300
v -0.32896700 -0.01886000 -0.05082200
v -0.32896700 -0.01886000 -0.05082200
v -0.32896700 -0.01886000 -0.05082200
v -0.32896700 -0.01886000 -0.05082200
v -0.32916800 -0.01506200 -0.05132700
v -0.32916800 -0.01506200 -0.05132700
v -0.32916800 -0.01506200 -0.05132700
v -0.33069100 -0.01775700 -0.05132700
v -0.33069100 -0.01775700 -0.05132700
v -0.33069100 -0.01775700 -0.05132700
v -0.33018300 -0.01319800 -0.05149800
v -0.33018300 -0.01319800 -0.05149800
v -0.33018300 -0.01319800 -0.05149800
v -0.33070000 -0.01427300 -0.05149800
v -0.33070000 -0.01427300 -0.05149800
v -0.33070000 -0.01427300 -0.05149800
v -0.33070000 -0.01427300 -0.05149800
v -0.33227600 -0.01701500 -0.05149800
v -0.33227600 -0.01701500 -0.05149800
v -0.33227600 -0.01701500 -0.05149800
v -0.33227600 -0.01701500 -0.05149800
v -0.33227600 -0.01701500 -0.04670000
v -0.33227600 -0.01701500 -0.04670000
v -0.33227600 -0.01701500 -0.04670000
v -0.33227600 -0.01701500 -0.04670000
v -0.33482900 -0.02035000 -0.04670000
v -0.33482900 -0.02035000 -0.04670000
v -0.33482900 -0.02035000 -0.04670000
v -0.33482900 -0.02035000 -0.04670000
v -0.33482900 -0.02035000 -0.04670000
v -0.32734900 -0.02435600 -0.04670000
v -0.32734900 -0.02435600 -0.04670000
v -0.32734900 -0.02435600 -0.04670000
v -0.32734900 -0.02435600 -0.04670000
v -0.33060100 -0.02788300 -0.04670000
v -0.33060100 -0.02788300 -0.04670000
v -0.33060100 -0.02788300 -0.04670000
v -0.33060100 -0.02788300 -0.04670000
v -0.33060100 -0.02788300 -0.04670000
v -0.32984700 -0.02715300 -0.04857000
v -0.32984700 -0.02715300 -0.04857000
v -0.32984700 -0.02715300 -0.04857000
v -0.32984700 -0.02715300 -0.04857000
v -0.32984700 -0.02715300 -0.04857000
v -0.32734900 -0.02435600 -0.04857000
v -0.32734900 -0.02435600 -0.04857000
v -0.32734900 -0.02435600 -0.04857000
v -0.32734900 -0.02435600 -0.04857000
v -0.32734900 -0.02435600 -0.04857000
v -0.32515300 -0.02128400 -0.04857000
v -0.32515300 -0.02128400 -0.04857000
v -0.32515300 -0.02128400 -0.04857000
v -0.32515300 -0.02128400 -0.04857000
v -0.32913400 -0.02291700 -0.04992200
v -0.32913400 -0.02291700 -0.04992200
v -0.32913400 -0.02291700 -0.04992200
v -0.32913400 -0.02291700 -0.04992200
v -0.33146700 -0.02553300 -0.04992200
v -0.33146700 -0.02553300 -0.04992200
v -0.33146700 -0.02553300 -0.04992200
v -0.33146700 -0.02553300 -0.04992200
v -0.33146700 -0.02553300 -0.04992200
v -0.33086600 -0.02153200 -0.05082100
v -0.33086600 -0.02153200 -0.05082100
v -0.33086600 -0.02153200 -0.05082100
v -0.33086600 -0.02153200 -0.05082100
v -0.33246300 -0.02025100 -0.05132600
v -0.33246300 -0.02025100 -0.05132600
v -0.33246300 -0.02025100 -0.05132600
v -0.33303500 -0.02396500 -0.05082100
v -0.33303500 -0.02396500 -0.05082100
v -0.33303500 -0.02396500 -0.05082100
v -0.33303500 -0.02396500 -0.05082100
v -0.33408300 -0.02786600 -0.04992200
v -0.33408300 -0.02786600 -0.04992200
v -0.33408300 -0.02786600 -0.04992200
v -0.33408300 -0.02786600 -0.04992200
v -0.33408300 -0.02786600 -0.04992200
v -0.33448300 -0.02251700 -0.05132600
v -0.33448300 -0.02251700 -0.05132600
v -0.33448300 -0.02251700 -0.05132600
v -0.33546900 -0.02613400 -0.05082100
v -0.33546900 -0.02613400 -0.05082100
v -0.33546900 -0.02613400 -0.05082100
v -0.33546900 -0.02613400 -0.05082100
v -0.33694700 -0.02990700 -0.04992300
v -0.33694700 -0.02990700 -0.04992300
v -0.33694700 -0.02990700 -0.04992300
v -0.33694700 -0.02990700 -0.04992300
v -0.33694700 -0.02990700 -0.04992300
v -0.33814000 -0.02803300 -0.05082200
v -0.33814000 -0.02803300 -0.05082200
v -0.33814000 -0.02803300 -0.05082200
v -0.33814000 -0.02803300 -0.05082200
v -0.33674900 -0.02453700 -0.05132600
v -0.33674900 -0.02453700 -0.05132600
v -0.33674900 -0.02453700 -0.05132600
v -0.33784100 -0.02318100 -0.05149800
v -0.33784100 -0.02318100 -0.05149800
v -0.33784100 -0.02318100 -0.05149800
v -0.33943500 -0.02435800 -0.05149800
v -0.33943500 -0.02435800 -0.05149800
v -0.33943500 -0.02435800 -0.05149800
v -0.33924300 -0.02630900 -0.05132700
v -0.33924300 -0.02630900 -0.05132700
v -0.33924300 -0.02630900 -0.05132700
v -0.33602200 -0.02158500 -0.05149800
v -0.33602200 -0.02158500 -0.05149800
v -0.33602200 -0.02158500 -0.05149800
v -0.33602200 -0.02158500 -0.05149800
v -0.33943500 -0.02435800 -0.04670000
v -0.33943500 -0.02435800 -0.04670000
v -0.33943500 -0.02435800 -0.04670000
v -0.33943500 -0.02435800 -0.04670000
v -0.33943500 -0.02435800 -0.04670000
v -0.33943500 -0.02435800 -0.04670000
v -0.33602200 -0.02158500 -0.04670000
v -0.33602200 -0.02158500 -0.04670000
v -0.33602200 -0.02158500 -0.04670000
v -0.33482900 -0.02035000 -0.05149800
v -0.33482900 -0.02035000 -0.05149800
v -0.33482900 -0.02035000 -0.05149800
v -0.33381900 -0.01915900 -0.05149800
v -0.33381900 -0.01915900 -0.05149800
v -0.33381900 -0.01915900 -0.05149800
v -0.33431400 -0.03090500 -0.04670000
v -0.33431400 -0.03090500 -0.04670000
v -0.33431400 -0.03090500 -0.04670000
v -0.33431400 -0.03090500 -0.04670000
v -0.33431400 -0.03090500 -0.04670000
v -0.33431400 -0.03090500 -0.04670000
v -0.33846400 -0.03344200 -0.04670000
v -0.33846400 -0.03344200 -0.04670000
v -0.33846400 -0.03344200 -0.04670000
v -0.33846400 -0.03344200 -0.04670000
v -0.33265300 -0.02965800 -0.04857000
v -0.33265300 -0.02965800 -0.04857000
v -0.33265300 -0.02965800 -0.04857000
v -0.33265300 -0.02965800 -0.04857000
v -0.33265300 -0.02965800 -0.04857000
v -0.33846400 -0.03344200 -0.04857000
v -0.33846400 -0.03344200 -0.04857000
v -0.33846400 -0.03344200 -0.04857000
v -0.33846400 -0.03344200 -0.04857000
v -0.33846400 -0.03344200 -0.04857000
v -0.33571600 -0.03184700 -0.04857000
v -0.33571600 -0.03184700 -0.04857000
v -0.33571600 -0.03184700 -0.04857000
v -0.33571600 -0.03184700 -0.04857000
v -0.33431400 -0.03090500 -0.04857000
v -0.33431400 -0.03090500 -0.04857000
v -0.33431400 -0.03090500 -0.04857000
v -0.33431400 -0.03090500 -0.04857000
v -0.33431400 -0.03090500 -0.04857000
v -0.34242800 -0.03524200 -0.04857000
v -0.34242800 -0.03524200 -0.04857000
v -0.34242800 -0.03524200 -0.04857000
v -0.34242800 -0.03524200 -0.04857000
v -0.34242800 -0.03524200 -0.04857000
v -0.34001800 -0.03164900 -0.04992500
v -0.34001800 -0.03164900 -0.04992500
v -0.34001800 -0.03164900 -0.04992500
v -0.34001800 -0.03164900 -0.04992500
v -0.34325100 -0.03307800 -0.04992700
v -0.34325100 -0.03307800 -0.04992700
v -0.34325100 -0.03307800 -0.04992700
v -0.34325100 -0.03307800 -0.04992700
v -0.34325100 -0.03307800 -0.04992700
v -0.34101500 -0.02965700 -0.05082300
v -0.34101500 -0.02965700 -0.05082300
v -0.34101500 -0.02965700 -0.05082300
v -0.34101500 -0.02965700 -0.05082300
v -0.34405000 -0.03099200 -0.05082500
v -0.34405000 -0.03099200 -0.05082500
v -0.34405000 -0.03099200 -0.05082500
v -0.34405000 -0.03099200 -0.05082500
v -0.34193800 -0.02783100 -0.05132700
v -0.34193800 -0.02783100 -0.05132700
v -0.34193800 -0.02783100 -0.05132700
v -0.34018500 -0.02485300 -0.05149800
v -0.34018500 -0.02485300 -0.05149800
v -0.34018500 -0.02485300 -0.05149800
v -0.34018500 -0.02485300 -0.05149800
v -0.34335200 -0.02660700 -0.05149800
v -0.34335200 -0.02660700 -0.05149800
v -0.34335200 -0.02660700 -0.05149800
v -0.34478900 -0.02908600 -0.05132800
v -0.34478900 -0.02908600 -0.05132800
v -0.34478900 -0.02908600 -0.05132800
v -0.34775600 -0.03005500 -0.05132900
v -0.34775600 -0.03005500 -0.05132900
v -0.34775600 -0.03005500 -0.05132900
v -0.34720500 -0.03202200 -0.05082800
v -0.34720500 -0.03202200 -0.05082800
v -0.34720500 -0.03202200 -0.05082800
v -0.34720500 -0.03202200 -0.05082800
v -0.34542100 -0.02750100 -0.05149800
v -0.34542100 -0.02750100 -0.05149800
v -0.34542100 -0.02750100 -0.05149800
v -0.34542100 -0.02750100 -0.05149800
v -0.34759500 -0.02825100 -0.05149800
v -0.34759500 -0.02825100 -0.05149800
v -0.34759500 -0.02825100 -0.05149800
v -0.34759500 -0.02825100 -0.05149800
v -0.34759500 -0.02825100 -0.04670000
v -0.34759500 -0.02825100 -0.04670000
v -0.34759500 -0.02825100 -0.04670000
v -0.34759500 -0.02825100 -0.04670000
v -0.34335200 -0.02660700 -0.04670000
v -0.34335200 -0.02660700 -0.04670000
v -0.34335200 -0.02660700 -0.04670000
v -0.34335200 -0.02660700 -0.04670000
v -0.34335200 -0.02660700 -0.04670000
v -0.34307100 -0.03548400 -0.04670000
v -0.34307100 -0.03548400 -0.04670000
v -0.34307100 -0.03548400 -0.04670000
v -0.34307100 -0.03548400 -0.04670000
v -0.34307100 -0.03548400 -0.04670000
v -0.34800000 -0.03692900 -0.04670000
v -0.34800000 -0.03692900 -0.04670000
v -0.34800000 -0.03692900 -0.04670000
v -0.34800000 -0.03692900 -0.04670000
v -0.34800000 -0.03692900 -0.04670000
v -0.34800000 -0.03692900 -0.04670000
v -0.34599800 -0.03642700 -0.04857000
v -0.34599800 -0.03642700 -0.04857000
v -0.34599800 -0.03642700 -0.04857000
v -0.34599800 -0.03642700 -0.04857000
v -0.34599800 -0.03642700 -0.04857000
v -0.34307100 -0.03548400 -0.04857000
v -0.34307100 -0.03548400 -0.04857000
v -0.34307100 -0.03548400 -0.04857000
v -0.34307100 -0.03548400 -0.04857000
v -0.34661100 -0.03418300 -0.04993000
v -0.34661100 -0.03418300 -0.04993000
v -0.34661100 -0.03418300 -0.04993000
v -0.34661100 -0.03418300 -0.04993000
v -0.34661100 -0.03418300 -0.04993000
v -0.34800000 -0.03692900 -0.04857000
v -0.34800000 -0.03692900 -0.04857000
v -0.34800000 -0.03692900 -0.04857000
v -0.34800000 -0.03692900 -0.04857000
v -0.34800000 -0.03692900 -0.04857000
v -0.35008500 -0.03496100 -0.04993300
v -0.35008500 -0.03496100 -0.04993300
v -0.35008500 -0.03496100 -0.04993300
v -0.35008500 -0.03496100 -0.04993300
v -0.35008500 -0.03496100 -0.04993300
v -0.35366800 -0.03541000 -0.04993700
v -0.35366800 -0.03541000 -0.04993700
v -0.35366800 -0.03541000 -0.04993700
v -0.35366800 -0.03541000 -0.04993700
v -0.35047300 -0.03274300 -0.05083100
v -0.35047300 -0.03274300 -0.05083100
v -0.35047300 -0.03274300 -0.05083100
v -0.35047300 -0.03274300 -0.05083100
v -0.35317700 -0.03773100 -0.04857000
v -0.35317700 -0.03773100 -0.04857000
v -0.35317700 -0.03773100 -0.04857000
v -0.35317700 -0.03773100 -0.04857000
v -0.35317700 -0.03773100 -0.04857000
v -0.34968500 -0.03726600 -0.04857000
v -0.34968500 -0.03726600 -0.04857000
v -0.34968500 -0.03726600 -0.04857000
v -0.34968500 -0.03726600 -0.04857000
v -0.35317700 -0.03773100 -0.04670000
v -0.35317700 -0.03773100 -0.04670000
v -0.35317700 -0.03773100 -0.04670000
v -0.35700000 -0.03789900 -0.04857000
v -0.35700000 -0.03789900 -0.04857000
v -0.35700000 -0.03789900 -0.04857000
v -0.35700000 -0.03789900 -0.04857000
v -0.35700000 -0.03553100 -0.04994200
v -0.35700000 -0.03553100 -0.04994200
v -0.35700000 -0.03553100 -0.04994200
v -0.35700000 -0.03553100 -0.04994200
v -0.35700000 -0.03790000 -0.04670000
v -0.35700000 -0.03790000 -0.04670000
v -0.35700000 -0.03790000 -0.04670000
v -0.35700000 -0.03790000 -0.04670000
v -0.35214900 -0.02926000 -0.04670000
v -0.35214900 -0.02926000 -0.04670000
v -0.35214900 -0.02926000 -0.04670000
v -0.35214900 -0.02926000 -0.04670000
v -0.35214900 -0.02926000 -0.04670000
v -0.35214900 -0.02926000 -0.04670000
v -0.36241200 -0.03755700 -0.04670000
v -0.36241200 -0.03755700 -0.04670000
v -0.36241200 -0.03755700 -0.04670000
v -0.36241200 -0.03755700 -0.04670000
v -0.36241200 -0.03755700 -0.04670000
v -0.36241200 -0.03755700 -0.04670000
v -0.35700000 -0.02960000 -0.04670000
v -0.35700000 -0.02960000 -0.04670000
v -0.35700000 -0.02960000 -0.04670000
v -0.35700000 -0.02960000 -0.04670000
v -0.35700000 -0.02960000 -0.04670000
v -0.36052000 -0.03775700 -0.04857000
v -0.36052000 -0.03775700 -0.04857000
v -0.36052000 -0.03775700 -0.04857000
v -0.36052000 -0.03775700 -0.04857000
v -0.36052000 -0.03775700 -0.04857000
v -0.36241200 -0.03755700 -0.04857000
v -0.36241200 -0.03755700 -0.04857000
v -0.36241200 -0.03755700 -0.04857000
v -0.36241200 -0.03755700 -0.04857000
v -0.36033200 -0.03541000 -0.04993700
v -0.36033200 -0.03541000 -0.04993700
v -0.36033200 -0.03541000 -0.04993700
v -0.36033200 -0.03541000 -0.04993700
v -0.36015000 -0.03315400 -0.05083500
v -0.36015000 -0.03315400 -0.05083500
v -0.36015000 -0.03315400 -0.05083500
v -0.36015000 -0.03315400 -0.05083500
v -0.36391500 -0.03496100 -0.04993300
v -0.36391500 -0.03496100 -0.04993300
v -0.36391500 -0.03496100 -0.04993300
v -0.36391500 -0.03496100 -0.04993300
v -0.36391500 -0.03496100 -0.04993300
v -0.36352700 -0.03274300 -0.05083100
v -0.36352700 -0.03274300 -0.05083100
v -0.36352700 -0.03274300 -0.05083100
v -0.36352700 -0.03274300 -0.05083100
v -0.36679500 -0.03202200 -0.05082800
v -0.36679500 -0.03202200 -0.05082800
v -0.36679500 -0.03202200 -0.05082800
v -0.36679500 -0.03202200 -0.05082800
v -0.36624400 -0.03005500 -0.05132900
v -0.36624400 -0.03005500 -0.05132900
v -0.36624400 -0.03005500 -0.05132900
v -0.36316800 -0.03073400 -0.05133000
v -0.36316800 -0.03073400 -0.05133000
v -0.36316800 -0.03073400 -0.05133000
v -0.36138400 -0.02932400 -0.05149800
v -0.36138400 -0.02932400 -0.05149800
v -0.36138400 -0.02932400 -0.05149800
v -0.36286200 -0.02909800 -0.05149800
v -0.36286200 -0.02909800 -0.05149800
v -0.36286200 -0.02909800 -0.05149800
v -0.36286200 -0.02909800 -0.05149800
v -0.35998100 -0.03112000 -0.05133200
v -0.35998100 -0.03112000 -0.05133200
v -0.35998100 -0.03112000 -0.05133200
v -0.35983800 -0.02948600 -0.05149800
v -0.35983800 -0.02948600 -0.05149800
v -0.35983800 -0.02948600 -0.05149800
v -0.35983800 -0.02948600 -0.05149800
v -0.35700000 -0.03325700 -0.05083900
v -0.35700000 -0.03325700 -0.05083900
v -0.35700000 -0.03325700 -0.05083900
v -0.35700000 -0.03325700 -0.05083900
v -0.35700000 -0.03121700 -0.05133400
v -0.35700000 -0.03121700 -0.05133400
v -0.35700000 -0.03121700 -0.05133400
v -0.35416300 -0.02948600 -0.05149800
v -0.35416300 -0.02948600 -0.05149800
v -0.35416300 -0.02948600 -0.05149800
v -0.35416300 -0.02948600 -0.05149800
v -0.35401900 -0.03112000 -0.05133200
v -0.35401900 -0.03112000 -0.05133200
v -0.35401900 -0.03112000 -0.05133200
v -0.35385000 -0.03315400 -0.05083500
v -0.35385000 -0.03315400 -0.05083500
v -0.35385000 -0.03315400 -0.05083500
v -0.35385000 -0.03315400 -0.05083500
v -0.35700000 -0.02960000 -0.05149800
v -0.35700000 -0.02960000 -0.05149800
v -0.35700000 -0.02960000 -0.05149800
v -0.35083200 -0.03073400 -0.05133000
v -0.35083200 -0.03073400 -0.05133000
v -0.35083200 -0.03073400 -0.05133000
v -0.35214900 -0.02926000 -0.05149800
v -0.35214900 -0.02926000 -0.05149800
v -0.35214900 -0.02926000 -0.05149800
v -0.35113900 -0.02909800 -0.05149800
v -0.35113900 -0.02909800 -0.05149800
v -0.35113900 -0.02909800 -0.05149800
v -0.36138400 -0.02932400 -0.04670000
v -0.36138400 -0.02932400 -0.04670000
v -0.36138400 -0.02932400 -0.04670000
v -0.36138400 -0.02932400 -0.04670000
v -0.36138400 -0.02932400 -0.04670000
v -0.36592000 -0.02839400 -0.04670000
v -0.36592000 -0.02839400 -0.04670000
v -0.36592000 -0.02839400 -0.04670000
v -0.36592000 -0.02839400 -0.04670000
v -0.36592000 -0.02839400 -0.04670000
v -0.36760900 -0.03653500 -0.04670000
v -0.36760900 -0.03653500 -0.04670000
v -0.36760900 -0.03653500 -0.04670000
v -0.36760900 -0.03653500 -0.04670000
v -0.37252800 -0.03485700 -0.04670000
v -0.37252800 -0.03485700 -0.04670000
v -0.37252800 -0.03485700 -0.04670000
v -0.37252800 -0.03485700 -0.04670000
v -0.37252800 -0.03485700 -0.04670000
v -0.37157200 -0.03524200 -0.04857000
v -0.37157200 -0.03524200 -0.04857000
v -0.37157200 -0.03524200 -0.04857000
v -0.37157200 -0.03524200 -0.04857000
v -0.37157200 -0.03524200 -0.04857000
v -0.36760900 -0.03653500 -0.04857000
v -0.36760900 -0.03653500 -0.04857000
v -0.36760900 -0.03653500 -0.04857000
v -0.36760900 -0.03653500 -0.04857000
v -0.36760900 -0.03653500 -0.04857000
v -0.36738900 -0.03418300 -0.04993000
v -0.36738900 -0.03418300 -0.04993000
v -0.36738900 -0.03418300 -0.04993000
v -0.36738900 -0.03418300 -0.04993000
v -0.36431500 -0.03726600 -0.04857000
v -0.36431500 -0.03726600 -0.04857000
v -0.36431500 -0.03726600 -0.04857000
v -0.36431500 -0.03726600 -0.04857000
v -0.36995000 -0.03099200 -0.05082500
v -0.36995000 -0.03099200 -0.05082500
v -0.36995000 -0.03099200 -0.05082500
v -0.36995000 -0.03099200 -0.05082500
v -0.37074900 -0.03307800 -0.04992700
v -0.37074900 -0.03307800 -0.04992700
v -0.37074900 -0.03307800 -0.04992700
v -0.37074900 -0.03307800 -0.04992700
v -0.37074900 -0.03307800 -0.04992700
v -0.37398200 -0.03164900 -0.04992500
v -0.37398200 -0.03164900 -0.04992500
v -0.37398200 -0.03164900 -0.04992500
v -0.37398200 -0.03164900 -0.04992500
v -0.37298500 -0.02965700 -0.05082300
v -0.37298500 -0.02965700 -0.05082300
v -0.37298500 -0.02965700 -0.05082300
v -0.37298500 -0.02965700 -0.05082300
v -0.37252800 -0.03485700 -0.04857000
v -0.37252800 -0.03485700 -0.04857000
v -0.37252800 -0.03485700 -0.04857000
v -0.37252800 -0.03485700 -0.04857000
v -0.37501200 -0.03371200 -0.04857000
v -0.37501200 -0.03371200 -0.04857000
v -0.37501200 -0.03371200 -0.04857000
v -0.37501200 -0.03371200 -0.04857000
v -0.37501200 -0.03371200 -0.04857000
v -0.37714700 -0.03254500 -0.04670000
v -0.37714700 -0.03254500 -0.04670000
v -0.37714700 -0.03254500 -0.04670000
v -0.37714700 -0.03254500 -0.04670000
v -0.37714700 -0.03254500 -0.04670000
v -0.37714700 -0.03254500 -0.04670000
v -0.37714700 -0.03254500 -0.04857000
v -0.37714700 -0.03254500 -0.04857000
v -0.37714700 -0.03254500 -0.04857000
v -0.37714700 -0.03254500 -0.04857000
v -0.37705300 -0.02990700 -0.04992300
v -0.37705300 -0.02990700 -0.04992300
v -0.37705300 -0.02990700 -0.04992300
v -0.37705300 -0.02990700 -0.04992300
v -0.37705300 -0.02990700 -0.04992300
v -0.37828400 -0.03184700 -0.04857000
v -0.37828400 -0.03184700 -0.04857000
v -0.37828400 -0.03184700 -0.04857000
v -0.37828400 -0.03184700 -0.04857000
v -0.38135600 -0.02965100 -0.04857000
v -0.38135600 -0.02965100 -0.04857000
v -0.38135600 -0.02965100 -0.04857000
v -0.38135600 -0.02965100 -0.04857000
v -0.38135600 -0.02965100 -0.04857000
v -0.37991700 -0.02786600 -0.04992200
v -0.37991700 -0.02786600 -0.04992200
v -0.37991700 -0.02786600 -0.04992200
v -0.37991700 -0.02786600 -0.04992200
v -0.38135600 -0.02965100 -0.04670000
v -0.38135600 -0.02965100 -0.04670000
v -0.38135600 -0.02965100 -0.04670000
v -0.38135600 -0.02965100 -0.04670000
v -0.38415300 -0.02715300 -0.04857000
v -0.38415300 -0.02715300 -0.04857000
v -0.38415300 -0.02715300 -0.04857000
v -0.38415300 -0.02715300 -0.04857000
v -0.38415300 -0.02715300 -0.04857000
v -0.38488300 -0.02639900 -0.04857000
v -0.38488300 -0.02639900 -0.04857000
v -0.38488300 -0.02639900 -0.04857000
v -0.38488300 -0.02639900 -0.04857000
v -0.38253300 -0.02553300 -0.04992200
v -0.38253300 -0.02553300 -0.04992200
v -0.38253300 -0.02553300 -0.04992200
v -0.38253300 -0.02553300 -0.04992200
v -0.38253300 -0.02553300 -0.04992200
v -0.38488300 -0.02639900 -0.04670000
v -0.38488300 -0.02639900 -0.04670000
v -0.38488300 -0.02639900 -0.04670000
v -0.38488300 -0.02639900 -0.04670000
v -0.38488300 -0.02639900 -0.04670000
v -0.38790600 -0.02268600 -0.04670000
v -0.38790600 -0.02268600 -0.04670000
v -0.38790600 -0.02268600 -0.04670000
v -0.38790600 -0.02268600 -0.04670000
v -0.38790600 -0.02268600 -0.04670000
v -0.38790600 -0.02268600 -0.04670000
v -0.37858500 -0.02097800 -0.04670000
v -0.37858500 -0.02097800 -0.04670000
v -0.37858500 -0.02097800 -0.04670000
v -0.37858500 -0.02097800 -0.04670000
v -0.37735000 -0.02217100 -0.04670000
v -0.37735000 -0.02217100 -0.04670000
v -0.37735000 -0.02217100 -0.04670000
v -0.37735000 -0.02217100 -0.04670000
v -0.38665800 -0.02434700 -0.04857000
v -0.38665800 -0.02434700 -0.04857000
v -0.38665800 -0.02434700 -0.04857000
v -0.38665800 -0.02434700 -0.04857000
v -0.38665800 -0.02434700 -0.04857000
v -0.38486600 -0.02291700 -0.04992200
v -0.38486600 -0.02291700 -0.04992200
v -0.38486600 -0.02291700 -0.04992200
v -0.38486600 -0.02291700 -0.04992200
v -0.38486600 -0.02291700 -0.04992200
v -0.38790600 -0.02268600 -0.04857000
v -0.38790600 -0.02268600 -0.04857000
v -0.38790600 -0.02268600 -0.04857000
v -0.38790600 -0.02268600 -0.04857000
v -0.38790600 -0.02268600 -0.04857000
v -0.38690700 -0.02005300 -0.04992300
v -0.38690700 -0.02005300 -0.04992300
v -0.38690700 -0.02005300 -0.04992300
v -0.38690700 -0.02005300 -0.04992300
v -0.38690700 -0.02005300 -0.04992300
v -0.38884700 -0.02128400 -0.04857000
v -0.38884700 -0.02128400 -0.04857000
v -0.38884700 -0.02128400 -0.04857000
v -0.38884700 -0.02128400 -0.04857000
v -0.39044200 -0.01853600 -0.04857000
v -0.39044200 -0.01853600 -0.04857000
v -0.39044200 -0.01853600 -0.04857000
v -0.39044200 -0.01853600 -0.04857000
v -0.39044200 -0.01853600 -0.04857000
v -0.38864900 -0.01698200 -0.04992500
v -0.38864900 -0.01698200 -0.04992500
v -0.38864900 -0.01698200 -0.04992500
v -0.38864900 -0.01698200 -0.04992500
v -0.39224200 -0.01457200 -0.04857000
v -0.39224200 -0.01457200 -0.04857000
v -0.39224200 -0.01457200 -0.04857000
v -0.39224200 -0.01457200 -0.04857000
v -0.39224200 -0.01457200 -0.04857000
v -0.39044200 -0.01853600 -0.04670000
v -0.39044200 -0.01853600 -0.04670000
v -0.39044200 -0.01853600 -0.04670000
v -0.39044200 -0.01853600 -0.04670000
v -0.39248400 -0.01392900 -0.04670000
v -0.39248400 -0.01392900 -0.04670000
v -0.39248400 -0.01392900 -0.04670000
v -0.39248400 -0.01392900 -0.04670000
v -0.39248400 -0.01392900 -0.04670000
v -0.38360700 -0.01364700 -0.04670000
v -0.38360700 -0.01364700 -0.04670000
v -0.38360700 -0.01364700 -0.04670000
v -0.38360700 -0.01364700 -0.04670000
v -0.38360700 -0.01364700 -0.04670000
v -0.38135800 -0.01756500 -0.04670000
v -0.38135800 -0.01756500 -0.04670000
v -0.38135800 -0.01756500 -0.04670000
v -0.38135800 -0.01756500 -0.04670000
v -0.38135800 -0.01756500 -0.04670000
v -0.38018100 -0.01915900 -0.05149800
v -0.38018100 -0.01915900 -0.05149800
v -0.38018100 -0.01915900 -0.05149800
v -0.38018100 -0.01915900 -0.05149800
v -0.38135800 -0.01756500 -0.05149800
v -0.38135800 -0.01756500 -0.05149800
v -0.38135800 -0.01756500 -0.05149800
v -0.38185300 -0.01681500 -0.05149800
v -0.38185300 -0.01681500 -0.05149800
v -0.38185300 -0.01681500 -0.05149800
v -0.38185300 -0.01681500 -0.05149800
v -0.38360700 -0.01364700 -0.05149800
v -0.38360700 -0.01364700 -0.05149800
v -0.38360700 -0.01364700 -0.05149800
v -0.38483200 -0.01506200 -0.05132700
v -0.38483200 -0.01506200 -0.05132700
v -0.38483200 -0.01506200 -0.05132700
v -0.38330900 -0.01775700 -0.05132700
v -0.38330900 -0.01775700 -0.05132700
v -0.38330900 -0.01775700 -0.05132700
v -0.38153700 -0.02025100 -0.05132600
v -0.38153700 -0.02025100 -0.05132600
v -0.38153700 -0.02025100 -0.05132600
v -0.38503300 -0.01886000 -0.05082200
v -0.38503300 -0.01886000 -0.05082200
v -0.38503300 -0.01886000 -0.05082200
v -0.38503300 -0.01886000 -0.05082200
v -0.38313400 -0.02153200 -0.05082100
v -0.38313400 -0.02153200 -0.05082100
v -0.38313400 -0.02153200 -0.05082100
v -0.38313400 -0.02153200 -0.05082100
v -0.38096500 -0.02396500 -0.05082100
v -0.38096500 -0.02396500 -0.05082100
v -0.38096500 -0.02396500 -0.05082100
v -0.38096500 -0.02396500 -0.05082100
v -0.37853200 -0.02613400 -0.05082100
v -0.37853200 -0.02613400 -0.05082100
v -0.37853200 -0.02613400 -0.05082100
v -0.37853200 -0.02613400 -0.05082100
v -0.37951700 -0.02251700 -0.05132600
v -0.37951700 -0.02251700 -0.05132600
v -0.37951700 -0.02251700 -0.05132600
v -0.37725100 -0.02453700 -0.05132600
v -0.37725100 -0.02453700 -0.05132600
v -0.37725100 -0.02453700 -0.05132600
v -0.37735000 -0.02217100 -0.05149800
v -0.37735000 -0.02217100 -0.05149800
v -0.37735000 -0.02217100 -0.05149800
v -0.37858500 -0.02097800 -0.05149800
v -0.37858500 -0.02097800 -0.05149800
v -0.37858500 -0.02097800 -0.05149800
v -0.37615900 -0.02318100 -0.05149800
v -0.37615900 -0.02318100 -0.05149800
v -0.37615900 -0.02318100 -0.05149800
v -0.37615900 -0.02318100 -0.05149800
v -0.37401500 -0.02472400 -0.05149800
v -0.37401500 -0.02472400 -0.05149800
v -0.37401500 -0.02472400 -0.05149800
v -0.37401500 -0.02472400 -0.04670000
v -0.37401500 -0.02472400 -0.04670000
v -0.37401500 -0.02472400 -0.04670000
v -0.37401500 -0.02472400 -0.04670000
v -0.37401500 -0.02472400 -0.04670000
v -0.37019800 -0.02681700 -0.04670000
v -0.37019800 -0.02681700 -0.04670000
v -0.37019800 -0.02681700 -0.04670000
v -0.37019800 -0.02681700 -0.04670000
v -0.37019800 -0.02681700 -0.04670000
v -0.37127300 -0.02630000 -0.05149800
v -0.37127300 -0.02630000 -0.05149800
v -0.37127300 -0.02630000 -0.05149800
v -0.37127300 -0.02630000 -0.05149800
v -0.37475700 -0.02630900 -0.05132700
v -0.37475700 -0.02630900 -0.05132700
v -0.37475700 -0.02630900 -0.05132700
v -0.37206200 -0.02783100 -0.05132700
v -0.37206200 -0.02783100 -0.05132700
v -0.37206200 -0.02783100 -0.05132700
v -0.37019800 -0.02681700 -0.05149800
v -0.37019800 -0.02681700 -0.05149800
v -0.37019800 -0.02681700 -0.05149800
v -0.36857900 -0.02750100 -0.05149800
v -0.36857900 -0.02750100 -0.05149800
v -0.36857900 -0.02750100 -0.05149800
v -0.36857900 -0.02750100 -0.05149800
v -0.36921100 -0.02908600 -0.05132800
v -0.36921100 -0.02908600 -0.05132800
v -0.36921100 -0.02908600 -0.05132800
v -0.36592000 -0.02839400 -0.05149800
v -0.36592000 -0.02839400 -0.05149800
v -0.36592000 -0.02839400 -0.05149800
v -0.37586000 -0.02803300 -0.05082200
v -0.37586000 -0.02803300 -0.05082200
v -0.37586000 -0.02803300 -0.05082200
v -0.37586000 -0.02803300 -0.05082200
v -0.38665700 -0.01598500 -0.05082300
v -0.38665700 -0.01598500 -0.05082300
v -0.38665700 -0.01598500 -0.05082300
v -0.38665700 -0.01598500 -0.05082300
v -0.38799200 -0.01295000 -0.05082500
v -0.38799200 -0.01295000 -0.05082500
v -0.38799200 -0.01295000 -0.05082500
v -0.38799200 -0.01295000 -0.05082500
v -0.38608600 -0.01221000 -0.05132800
v -0.38608600 -0.01221000 -0.05132800
v -0.38608600 -0.01221000 -0.05132800
v -0.38450100 -0.01157900 -0.05149800
v -0.38450100 -0.01157900 -0.05149800
v -0.38450100 -0.01157900 -0.05149800
v -0.38450100 -0.01157900 -0.05149800
v -0.38705500 -0.00924400 -0.05132900
v -0.38705500 -0.00924400 -0.05132900
v -0.38705500 -0.00924400 -0.05132900
v -0.38525100 -0.00940500 -0.05149800
v -0.38525100 -0.00940500 -0.05149800
v -0.38525100 -0.00940500 -0.05149800
v -0.38773400 -0.00616800 -0.05133000
v -0.38773400 -0.00616800 -0.05133000
v -0.38773400 -0.00616800 -0.05133000
v -0.38902200 -0.00979500 -0.05082800
v -0.38902200 -0.00979500 -0.05082800
v -0.38902200 -0.00979500 -0.05082800
v -0.38902200 -0.00979500 -0.05082800
v -0.38974300 -0.00652700 -0.05083100
v -0.38974300 -0.00652700 -0.05083100
v -0.38974300 -0.00652700 -0.05083100
v -0.38974300 -0.00652700 -0.05083100
v -0.39007800 -0.01374900 -0.04992700
v -0.39007800 -0.01374900 -0.04992700
v -0.39007800 -0.01374900 -0.04992700
v -0.39007800 -0.01374900 -0.04992700
v -0.39007800 -0.01374900 -0.04992700
v -0.39118300 -0.01038900 -0.04993000
v -0.39118300 -0.01038900 -0.04993000
v -0.39118300 -0.01038900 -0.04993000
v -0.39118300 -0.01038900 -0.04993000
v -0.39118300 -0.01038900 -0.04993000
v -0.39196100 -0.00691500 -0.04993300
v -0.39196100 -0.00691500 -0.04993300
v -0.39196100 -0.00691500 -0.04993300
v -0.39196100 -0.00691500 -0.04993300
v -0.39196100 -0.00691500 -0.04993300
v -0.39392900 -0.00900000 -0.04857000
v -0.39392900 -0.00900000 -0.04857000
v -0.39392900 -0.00900000 -0.04857000
v -0.39392900 -0.00900000 -0.04857000
v -0.39392900 -0.00900000 -0.04857000
v -0.39248400 -0.01392900 -0.04857000
v -0.39248400 -0.01392900 -0.04857000
v -0.39248400 -0.01392900 -0.04857000
v -0.39248400 -0.01392900 -0.04857000
v -0.39342700 -0.01100200 -0.04857000
v -0.39342700 -0.01100200 -0.04857000
v -0.39342700 -0.01100200 -0.04857000
v -0.39342700 -0.01100200 -0.04857000
v -0.39342700 -0.01100200 -0.04857000
v -0.39392900 -0.00900000 -0.04670000
v -0.39392900 -0.00900000 -0.04670000
v -0.39392900 -0.00900000 -0.04670000
v -0.39392900 -0.00900000 -0.04670000
v -0.39392900 -0.00900000 -0.04670000
v -0.39392900 -0.00900000 -0.04670000
v -0.39473100 -0.00382300 -0.04670000
v -0.39473100 -0.00382300 -0.04670000
v -0.39473100 -0.00382300 -0.04670000
v -0.39473100 -0.00382300 -0.04857000
v -0.39473100 -0.00382300 -0.04857000
v -0.39473100 -0.00382300 -0.04857000
v -0.39473100 -0.00382300 -0.04857000
v -0.39473100 -0.00382300 -0.04857000
v -0.38525100 -0.00940500 -0.04670000
v -0.38525100 -0.00940500 -0.04670000
v -0.38525100 -0.00940500 -0.04670000
v -0.38525100 -0.00940500 -0.04670000
v -0.38525100 -0.00940500 -0.04670000
v -0.39426600 -0.00731500 -0.04857000
v -0.39426600 -0.00731500 -0.04857000
v -0.39426600 -0.00731500 -0.04857000
v -0.39426600 -0.00731500 -0.04857000
v -0.38626000 -0.00485100 -0.04670000
v -0.38626000 -0.00485100 -0.04670000
v -0.38626000 -0.00485100 -0.04670000
v -0.38626000 -0.00485100 -0.04670000
v -0.38626000 -0.00485100 -0.04670000
v -0.38660000 -0.00000000 -0.04670000
v -0.38660000 -0.00000000 -0.04670000
v -0.38660000 -0.00000000 -0.04670000
v -0.38660000 -0.00000000 -0.04670000
v -0.38609800 -0.00586100 -0.05149800
v -0.38609800 -0.00586100 -0.05149800
v -0.38609800 -0.00586100 -0.05149800
v -0.38609800 -0.00586100 -0.05149800
v -0.38648600 -0.00283700 -0.05149800
v -0.38648600 -0.00283700 -0.05149800
v -0.38648600 -0.00283700 -0.05149800
v -0.38648600 -0.00283700 -0.05149800
v -0.38626000 -0.00485100 -0.05149800
v -0.38626000 -0.00485100 -0.05149800
v -0.38626000 -0.00485100 -0.05149800
v -0.39490000 -0.00000000 -0.04670000
v -0.39490000 -0.00000000 -0.04670000
v -0.39490000 -0.00000000 -0.04670000
v -0.39490000 -0.00000000 -0.04670000
v -0.39489900 -0.00000000 -0.04857000
v -0.39489900 -0.00000000 -0.04857000
v -0.39489900 -0.00000000 -0.04857000
v -0.39489900 -0.00000000 -0.04857000
v -0.39475700 0.00352000 -0.04857000
v -0.39475700 0.00352000 -0.04857000
v -0.39475700 0.00352000 -0.04857000
v -0.39475700 0.00352000 -0.04857000
v -0.39475700 0.00352000 -0.04857000
v -0.39241000 0.00333200 -0.04993700
v -0.39241000 0.00333200 -0.04993700
v -0.39241000 0.00333200 -0.04993700
v -0.39241000 0.00333200 -0.04993700
v -0.39455700 0.00541200 -0.04857000
v -0.39455700 0.00541200 -0.04857000
v -0.39455700 0.00541200 -0.04857000
v -0.39455700 0.00541200 -0.04857000
v -0.39253100 -0.00000000 -0.04994200
v -0.39253100 -0.00000000 -0.04994200
v -0.39253100 -0.00000000 -0.04994200
v -0.39253100 -0.00000000 -0.04994200
v -0.39015400 0.00315000 -0.05083500
v -0.39015400 0.00315000 -0.05083500
v -0.39015400 0.00315000 -0.05083500
v -0.39015400 0.00315000 -0.05083500
v -0.38812000 0.00298100 -0.05133200
v -0.38812000 0.00298100 -0.05133200
v -0.38812000 0.00298100 -0.05133200
v -0.39025600 -0.00000000 -0.05083900
v -0.39025600 -0.00000000 -0.05083900
v -0.39025600 -0.00000000 -0.05083900
v -0.39025600 -0.00000000 -0.05083900
v -0.39241000 -0.00333200 -0.04993700
v -0.39241000 -0.00333200 -0.04993700
v -0.39241000 -0.00333200 -0.04993700
v -0.39241000 -0.00333200 -0.04993700
v -0.39015400 -0.00315000 -0.05083500
v -0.39015400 -0.00315000 -0.05083500
v -0.39015400 -0.00315000 -0.05083500
v -0.39015400 -0.00315000 -0.05083500
v -0.38821700 -0.00000000 -0.05133400
v -0.38821700 -0.00000000 -0.05133400
v -0.38821700 -0.00000000 -0.05133400
v -0.38660000 -0.00000000 -0.05149800
v -0.38660000 -0.00000000 -0.05149800
v -0.38660000 -0.00000000 -0.05149800
v -0.38660000 -0.00000000 -0.05149800
v -0.38812000 -0.00298100 -0.05133200
v -0.38812000 -0.00298100 -0.05133200
v -0.38812000 -0.00298100 -0.05133200
v -0.38648600 0.00283700 -0.05149800
v -0.38648600 0.00283700 -0.05149800
v -0.38648600 0.00283700 -0.05149800
v -0.33060100 -0.02788300 -0.04857000
v -0.33060100 -0.02788300 -0.04857000
v -0.33060100 -0.02788300 -0.04857000
v -0.33060100 -0.02788300 -0.04857000
v -0.32949900 -0.01157900 -0.05149800
v -0.32949900 -0.01157900 -0.05149800
v -0.32949900 -0.01157900 -0.05149800
v -0.32774000 0.00485100 -0.05149800
v -0.32774000 0.00485100 -0.05149800
v -0.32774000 0.00485100 -0.05149800
v -0.32790200 0.00586100 -0.05149800
v -0.32790200 0.00586100 -0.05149800
v -0.32790200 0.00586100 -0.05149800
v -0.32790200 0.00586100 -0.05149800
v -0.32874900 0.00940500 -0.05149800
v -0.32874900 0.00940500 -0.05149800
v -0.32874900 0.00940500 -0.05149800
v -0.32949900 0.01157900 -0.05149800
v -0.32949900 0.01157900 -0.05149800
v -0.32949900 0.01157900 -0.05149800
v -0.32949900 0.01157900 -0.05149800
v -0.36715400 -0.04096000 -0.00216000
v -0.36715400 -0.04096000 -0.00216000
v -0.36715400 -0.04096000 -0.00216000
v -0.36388100 -0.04159300 -0.00420400
v -0.36388100 -0.04159300 -0.00420400
v -0.36388100 -0.04159300 -0.00420400
v -0.36388100 -0.04159300 -0.00420400
v -0.35700000 0.04207200 -0.00849900
v -0.35700000 0.04207200 -0.00849900
v -0.35700000 0.04207200 -0.00849900
v -0.37033300 -0.04007800 -0.00017200
v -0.37033300 -0.04007800 -0.00017200
v -0.37033300 -0.04007800 -0.00017200
v -0.36724500 -0.04071300 -0.01510700
v -0.36724500 -0.04071300 -0.01510700
v -0.36463400 -0.04126700 -0.01510600
v -0.36463400 -0.04126700 -0.01510600
v -0.36198600 -0.04165800 -0.01510500
v -0.36198600 -0.04165800 -0.01510500
v -0.36198600 -0.04165800 -0.01510500
v -0.36459000 -0.04084800 -0.03181500
v -0.36459000 -0.04084800 -0.03181500
v -0.36459000 -0.04084800 -0.03181500
v -0.36459000 -0.04084800 -0.03181500
v -0.36718000 -0.04030600 -0.03181700
v -0.36718000 -0.04030600 -0.03181700
v -0.36718000 -0.04030600 -0.03181700
v -0.36718000 -0.04030600 -0.03181700
v -0.36709700 -0.03982300 -0.04015900
v -0.36709700 -0.03982300 -0.04015900
v -0.36709700 -0.03982300 -0.04015900
v -0.36709700 -0.03982300 -0.04015900
v -0.36961600 -0.03913500 -0.04016100
v -0.36961600 -0.03913500 -0.04016100
v -0.36961600 -0.03913500 -0.04016100
v -0.36961600 -0.03913500 -0.04016100
v -0.36961600 -0.03913500 -0.04016100
v -0.36972500 -0.03960400 -0.03181800
v -0.36972500 -0.03960400 -0.03181800
v -0.36972500 -0.03960400 -0.03181800
v -0.36972500 -0.03960400 -0.03181800
v -0.37208600 -0.03829100 -0.04016300
v -0.37208600 -0.03829100 -0.04016300
v -0.37208600 -0.03829100 -0.04016300
v -0.37208600 -0.03829100 -0.04016300
v -0.37222100 -0.03874300 -0.03182000
v -0.37222100 -0.03874300 -0.03182000
v -0.37222100 -0.03874300 -0.03182000
v -0.37222100 -0.03874300 -0.03182000
v -0.36981100 -0.03999600 -0.01510800
v -0.36981100 -0.03999600 -0.01510800
v -0.36981100 -0.03999600 -0.01510800
v -0.37340100 -0.03896000 0.00174700
v -0.37340100 -0.03896000 0.00174700
v -0.37340100 -0.03896000 0.00174700
v -0.37340100 -0.03896000 0.00174700
v -0.37340100 -0.03896000 0.00174700
v -0.37233000 -0.03911800 -0.01510900
v -0.37233000 -0.03911800 -0.01510900
v -0.37465700 -0.03772700 -0.03182100
v -0.37465700 -0.03772700 -0.03182100
v -0.37465700 -0.03772700 -0.03182100
v -0.37465700 -0.03772700 -0.03182100
v -0.37478800 -0.03808300 -0.01510900
v -0.37478800 -0.03808300 -0.01510900
v -0.37478800 -0.03808300 -0.01510900
v -0.37718300 -0.03689200 -0.01511000
v -0.37718300 -0.03689200 -0.01511000
v -0.37703100 -0.03655600 -0.03182200
v -0.37703100 -0.03655600 -0.03182200
v -0.37703100 -0.03655600 -0.03182200
v -0.37703100 -0.03655600 -0.03182200
v -0.37655900 -0.03751000 0.00372300
v -0.37655900 -0.03751000 0.00372300
v -0.37655900 -0.03751000 0.00372300
v -0.37655900 -0.03751000 0.00372300
v -0.37971700 -0.03572400 0.00569500
v -0.37971700 -0.03572400 0.00569500
v -0.37971700 -0.03572400 0.00569500
v -0.38246300 -0.03385500 0.00741000
v -0.38246300 -0.03385500 0.00741000
v -0.38246300 -0.03385500 0.00741000
v -0.38246300 -0.03385500 0.00741000
v -0.37949700 -0.03555300 -0.01511000
v -0.37949700 -0.03555300 -0.01511000
v -0.37949700 -0.03555300 -0.01511000
v -0.37932500 -0.03523900 -0.03182200
v -0.37932500 -0.03523900 -0.03182200
v -0.37932500 -0.03523900 -0.03182200
v -0.37932500 -0.03523900 -0.03182200
v -0.38153600 -0.03377300 -0.03182300
v -0.38153600 -0.03377300 -0.03182300
v -0.38153600 -0.03377300 -0.03182300
v -0.38153600 -0.03377300 -0.03182300
v -0.38172700 -0.03406500 -0.01511100
v -0.38172700 -0.03406500 -0.01511100
v -0.38172700 -0.03406500 -0.01511100
v -0.38502500 -0.03179600 0.00901200
v -0.38502500 -0.03179600 0.00901200
v -0.38502500 -0.03179600 0.00901200
v -0.38502500 -0.03179600 0.00901200
v -0.38502500 -0.03179600 0.00901200
v -0.38383900 -0.03245100 -0.01511100
v -0.38383900 -0.03245100 -0.01511100
v -0.38363000 -0.03218100 -0.03182300
v -0.38363000 -0.03218100 -0.03182300
v -0.38363000 -0.03218100 -0.03182300
v -0.38363000 -0.03218100 -0.03182300
v -0.38336500 -0.03184200 -0.04016900
v -0.38336500 -0.03184200 -0.04016900
v -0.38336500 -0.03184200 -0.04016900
v -0.38336500 -0.03184200 -0.04016900
v -0.38336500 -0.03184200 -0.04016900
v -0.38532400 -0.03013700 -0.04016900
v -0.38532400 -0.03013700 -0.04016900
v -0.38532400 -0.03013700 -0.04016900
v -0.38532400 -0.03013700 -0.04016900
v -0.38532400 -0.03013700 -0.04016900
v -0.38561400 -0.03045200 -0.03182300
v -0.38561400 -0.03045200 -0.03182300
v -0.38561400 -0.03045200 -0.03182300
v -0.38561400 -0.03045200 -0.03182300
v -0.38709000 -0.02837500 -0.04016900
v -0.38709000 -0.02837500 -0.04016900
v -0.38709000 -0.02837500 -0.04016900
v -0.38709000 -0.02837500 -0.04016900
v -0.38584200 -0.03070000 -0.01511100
v -0.38584200 -0.03070000 -0.01511100
v -0.38584200 -0.03070000 -0.01511100
v -0.38740400 -0.02866500 -0.03182300
v -0.38740400 -0.02866500 -0.03182300
v -0.38740400 -0.02866500 -0.03182300
v -0.38740400 -0.02866500 -0.03182300
v -0.38873300 -0.02649700 -0.04016900
v -0.38873300 -0.02649700 -0.04016900
v -0.38873300 -0.02649700 -0.04016900
v -0.38873300 -0.02649700 -0.04016900
v -0.38765200 -0.02889400 -0.01511100
v -0.38765200 -0.02889400 -0.01511100
v -0.38765200 -0.02889400 -0.01511100
v -0.38907100 -0.02676400 -0.03182300
v -0.38907100 -0.02676400 -0.03182300
v -0.38907100 -0.02676400 -0.03182300
v -0.38907100 -0.02676400 -0.03182300
v -0.38933900 -0.02697500 -0.01511100
v -0.38933900 -0.02697500 -0.01511100
v -0.38933900 -0.02697500 -0.01511100
v -0.38933900 -0.02697500 -0.01511100
v -0.39164600 -0.02244100 -0.04016700
v -0.39164600 -0.02244100 -0.04016700
v -0.39164600 -0.02244100 -0.04016700
v -0.39164600 -0.02244100 -0.04016700
v -0.39164600 -0.02244100 -0.04016700
v -0.39203000 -0.02265900 -0.03182200
v -0.39203000 -0.02265900 -0.03182200
v -0.39203000 -0.02265900 -0.03182200
v -0.39203000 -0.02265900 -0.03182200
v -0.39451100 -0.01812500 -0.03182100
v -0.39451100 -0.01812500 -0.03182100
v -0.39451100 -0.01812500 -0.03182100
v -0.39451100 -0.01812500 -0.03182100
v -0.39234100 -0.02283400 -0.01511000
v -0.39234100 -0.02283400 -0.01511000
v -0.39234100 -0.02283400 -0.01511000
v -0.39234100 -0.02283400 -0.01511000
v -0.39408200 -0.01795800 -0.04016500
v -0.39408200 -0.01795800 -0.04016500
v -0.39408200 -0.01795800 -0.04016500
v -0.39408200 -0.01795800 -0.04016500
v -0.39408200 -0.01795800 -0.04016500
v -0.39092800 -0.02203100 -0.04806800
v -0.39092800 -0.02203100 -0.04806800
v -0.39092800 -0.02203100 -0.04806800
v -0.39092800 -0.02203100 -0.04806800
v -0.39092800 -0.02203100 -0.04806800
v -0.39092800 -0.02203100 -0.04806800
v -0.39245800 -0.01934100 -0.04806900
v -0.39245800 -0.01934100 -0.04806900
v -0.39245800 -0.01934100 -0.04806900
v -0.39245800 -0.01934100 -0.04806900
v -0.39245800 -0.01934100 -0.04806900
v -0.39245800 -0.01934100 -0.04806900
v -0.39245800 -0.01934100 -0.04806900
v -0.39510200 -0.01557800 -0.04016300
v -0.39510200 -0.01557800 -0.04016300
v -0.39510200 -0.01557800 -0.04016300
v -0.39510200 -0.01557800 -0.04016300
v -0.39510200 -0.01557800 -0.04016300
v -0.39413000 -0.01567900 -0.04807100
v -0.39413000 -0.01567900 -0.04807100
v -0.39413000 -0.01567900 -0.04807100
v -0.39413000 -0.01567900 -0.04807100
v -0.39413000 -0.01567900 -0.04807100
v -0.39555000 -0.01571900 -0.03182000
v -0.39555000 -0.01571900 -0.03182000
v -0.39555000 -0.01571900 -0.03182000
v -0.39555000 -0.01571900 -0.03182000
v -0.39596900 -0.01314500 -0.04016200
v -0.39596900 -0.01314500 -0.04016200
v -0.39596900 -0.01314500 -0.04016200
v -0.39596900 -0.01314500 -0.04016200
v -0.39596900 -0.01314500 -0.04016200
v -0.39544100 -0.01183600 -0.04807300
v -0.39544100 -0.01183600 -0.04807300
v -0.39544100 -0.01183600 -0.04807300
v -0.39544100 -0.01183600 -0.04807300
v -0.39544100 -0.01183600 -0.04807300
v -0.39544100 -0.01183600 -0.04807300
v -0.39668700 -0.01064700 -0.04015900
v -0.39668700 -0.01064700 -0.04015900
v -0.39668700 -0.01064700 -0.04015900
v -0.39668700 -0.01064700 -0.04015900
v -0.39643400 -0.01326000 -0.03181900
v -0.39643400 -0.01326000 -0.03181900
v -0.39643400 -0.01326000 -0.03181900
v -0.39643400 -0.01326000 -0.03181900
v -0.39592100 -0.01583300 -0.01510900
v -0.39592100 -0.01583300 -0.01510900
v -0.39716700 -0.01073600 -0.03181700
v -0.39716700 -0.01073600 -0.03181700
v -0.39716700 -0.01073600 -0.03181700
v -0.39716700 -0.01073600 -0.03181700
v -0.39682300 -0.01335100 -0.01510800
v -0.39682300 -0.01335100 -0.01510800
v -0.39682300 -0.01335100 -0.01510800
v -0.39682300 -0.01335100 -0.01510800
v -0.39746800 -0.01259200 0.01679000
v -0.39746800 -0.01259200 0.01679000
v -0.39746800 -0.01259200 0.01679000
v -0.39757200 -0.01080500 -0.01510700
v -0.39757200 -0.01080500 -0.01510700
v -0.39757200 -0.01080500 -0.01510700
v -0.39832600 -0.00940400 0.01732600
v -0.39832600 -0.00940400 0.01732600
v -0.39832600 -0.00940400 0.01732600
v -0.39832600 -0.00940400 0.01732600
v -0.39832600 -0.00940400 0.01732600
v -0.39479300 0.01918000 0.01511200
v -0.39479300 0.01918000 0.01511200
v -0.39479300 0.01918000 0.01511200
v -0.39893000 -0.00617900 0.01770300
v -0.39893000 -0.00617900 0.01770300
v -0.39893000 -0.00617900 0.01770300
v -0.39893000 -0.00617900 0.01770300
v -0.39815900 -0.00821500 -0.01510600
v -0.39815900 -0.00821500 -0.01510600
v -0.39815900 -0.00821500 -0.01510600
v -0.39858500 -0.00558100 -0.01510500
v -0.39858500 -0.00558100 -0.01510500
v -0.39858500 -0.00558100 -0.01510500
v -0.39774200 -0.00816800 -0.03181600
v -0.39774200 -0.00816800 -0.03181600
v -0.39774200 -0.00816800 -0.03181600
v -0.39774200 -0.00816800 -0.03181600
v -0.39815900 -0.00555200 -0.03181400
v -0.39815900 -0.00555200 -0.03181400
v -0.39815900 -0.00555200 -0.03181400
v -0.39815900 -0.00555200 -0.03181400
v -0.39765800 -0.00551100 -0.04015400
v -0.39765800 -0.00551100 -0.04015400
v -0.39765800 -0.00551100 -0.04015400
v -0.39765800 -0.00551100 -0.04015400
v -0.39765800 -0.00551100 -0.04015400
v -0.39841500 -0.00290100 -0.03181200
v -0.39841500 -0.00290100 -0.03181200
v -0.39841500 -0.00290100 -0.03181200
v -0.39841500 -0.00290100 -0.03181200
v -0.39841500 -0.00290100 -0.03181200
v -0.39841500 -0.00290100 -0.03181200
v -0.39841500 -0.00290100 -0.03181200
v -0.39790800 -0.00288100 -0.04015100
v -0.39790800 -0.00288100 -0.04015100
v -0.39790800 -0.00288100 -0.04015100
v -0.39790800 -0.00288100 -0.04015100
v -0.39790800 -0.00288100 -0.04015100
v -0.39790800 -0.00288100 -0.04015100
v -0.39838000 -0.00000000 -0.03459800
v -0.39838000 -0.00000000 -0.03459800
v -0.39838000 -0.00000000 -0.03459800
v -0.39838000 -0.00000000 -0.03459800
v -0.39838000 -0.00000000 -0.03459800
v -0.39730500 -0.00000000 -0.04644300
v -0.39730500 -0.00000000 -0.04644300
v -0.39730500 -0.00000000 -0.04644300
v -0.39730500 -0.00000000 -0.04644300
v -0.39730500 -0.00000000 -0.04644300
v -0.39793600 -0.00000000 -0.04088900
v -0.39793600 -0.00000000 -0.04088900
v -0.39793600 -0.00000000 -0.04088900
v -0.39793600 -0.00000000 -0.04088900
v -0.39793600 -0.00000000 -0.04088900
v -0.39690900 -0.00375800 -0.04807600
v -0.39690900 -0.00375800 -0.04807600
v -0.39690900 -0.00375800 -0.04807600
v -0.39690900 -0.00375800 -0.04807600
v -0.39690900 -0.00375800 -0.04807600
v -0.39690900 -0.00375800 -0.04807600
v -0.39641700 -0.00371600 -0.04850000
v -0.39641700 -0.00371600 -0.04850000
v -0.39641700 -0.00371600 -0.04850000
v -0.39641700 -0.00371600 -0.04850000
v -0.39636900 -0.00785700 -0.04807500
v -0.39636900 -0.00785700 -0.04807500
v -0.39636900 -0.00785700 -0.04807500
v -0.39636900 -0.00785700 -0.04807500
v -0.39636900 -0.00785700 -0.04807500
v -0.39636900 -0.00785700 -0.04807500
v -0.39636900 -0.00785700 -0.04807500
v -0.39636900 -0.00785700 -0.04807500
v -0.39682200 -0.00000300 -0.04828500
v -0.39682200 -0.00000300 -0.04828500
v -0.39706600 -0.00000000 -0.04807600
v -0.39706600 -0.00000000 -0.04807600
v -0.39706600 -0.00000000 -0.04807600
v -0.39706600 -0.00000000 -0.04807600
v -0.39689800 0.00387900 -0.04807600
v -0.39689800 0.00387900 -0.04807600
v -0.39689800 0.00387900 -0.04807600
v -0.39689800 0.00387900 -0.04807600
v -0.39689800 0.00387900 -0.04807600
v -0.39689800 0.00387900 -0.04807600
v -0.39689800 0.00387900 -0.04807600
v -0.39782800 0.00393000 -0.04015200
v -0.39782800 0.00393000 -0.04015200
v -0.39782800 0.00393000 -0.04015200
v -0.39782800 0.00393000 -0.04015200
v -0.39751500 0.00654400 -0.04015500
v -0.39751500 0.00654400 -0.04015500
v -0.39751500 0.00654400 -0.04015500
v -0.39751500 0.00654400 -0.04015500
v -0.39751500 0.00654400 -0.04015500
v -0.39632900 0.00807500 -0.04807400
v -0.39632900 0.00807500 -0.04807400
v -0.39632900 0.00807500 -0.04807400
v -0.39632900 0.00807500 -0.04807400
v -0.39632900 0.00807500 -0.04807400
v -0.39632900 0.00807500 -0.04807400
v -0.39632900 0.00807500 -0.04807400
v -0.39632900 0.00807500 -0.04807400
v -0.39643600 0.00346200 -0.04850000
v -0.39643600 0.00346200 -0.04850000
v -0.39643600 0.00346200 -0.04850000
v -0.39643600 0.00346200 -0.04850000
v -0.39657200 -0.00000000 -0.04850000
v -0.39657200 -0.00000000 -0.04850000
v -0.39657200 -0.00000000 -0.04850000
v -0.39657200 -0.00000000 -0.04850000
v -0.39455800 0.00614100 -0.04850000
v -0.39455800 0.00614100 -0.04850000
v -0.39455800 0.00614100 -0.04850000
v -0.39500000 -0.00000000 -0.04850000
v -0.39500000 -0.00000000 -0.04850000
v -0.39500000 -0.00000000 -0.04850000
v -0.39451800 -0.00640500 -0.04650000
v -0.39451800 -0.00640500 -0.04650000
v -0.39451800 -0.00640500 -0.04650000
v -0.39451800 -0.00640500 -0.04850000
v -0.39451800 -0.00640500 -0.04850000
v -0.39451800 -0.00640500 -0.04850000
v -0.39500000 -0.00000000 -0.04650000
v -0.39500000 -0.00000000 -0.04650000
v -0.39500000 -0.00000000 -0.04650000
v -0.39455800 0.00614100 -0.04650000
v -0.39455800 0.00614100 -0.04650000
v -0.39455800 0.00614100 -0.04650000
v -0.38606200 0.00547800 -0.04650000
v -0.38606200 0.00547800 -0.04650000
v -0.38606200 0.00547800 -0.04650000
v -0.38649200 -0.00077000 -0.04650000
v -0.38649200 -0.00077000 -0.04650000
v -0.38649200 -0.00077000 -0.04650000
v -0.38650000 -0.00000000 -0.04650000
v -0.38650000 -0.00000000 -0.04650000
v -0.38650000 -0.00000000 -0.04650000
v -0.38650000 -0.00000000 -0.05150000
v -0.38650000 -0.00000000 -0.05150000
v -0.38650000 -0.00000000 -0.05150000
v -0.38649200 -0.00077000 -0.05150000
v -0.38649200 -0.00077000 -0.05150000
v -0.38649200 -0.00077000 -0.05150000
v -0.38500000 -0.00000000 -0.05150000
v -0.38500000 -0.00000000 -0.05150000
v -0.38500000 -0.00000000 -0.05150000
v -0.38599100 -0.00589300 -0.05150000
v -0.38599100 -0.00589300 -0.05150000
v -0.38599100 -0.00589300 -0.05150000
v -0.38469400 -0.00450800 -0.05150000
v -0.38469400 -0.00450800 -0.05150000
v -0.38469400 -0.00450800 -0.05150000
v -0.38469400 -0.00450800 -0.05150000
v -0.38469400 -0.00450800 -0.05150000
v -0.38452400 -0.00558000 -0.05150000
v -0.38452400 -0.00558000 -0.05150000
v -0.38452400 -0.00558000 -0.05150000
v -0.38452400 -0.00558000 -0.05150000
v -0.38463300 -0.01094400 -0.05150000
v -0.38463300 -0.01094400 -0.05150000
v -0.38463300 -0.01094400 -0.05150000
v -0.38599100 -0.00589300 -0.04650000
v -0.38599100 -0.00589300 -0.04650000
v -0.38599100 -0.00589300 -0.04650000
v -0.38463300 -0.01094400 -0.04650000
v -0.38463300 -0.01094400 -0.04650000
v -0.38463300 -0.01094400 -0.04650000
v -0.39319600 -0.01214100 -0.04650000
v -0.39319600 -0.01214100 -0.04650000
v -0.39319600 -0.01214100 -0.04650000
v -0.39108100 -0.01749200 -0.04650000
v -0.39108100 -0.01749200 -0.04650000
v -0.39108100 -0.01749200 -0.04650000
v -0.39319600 -0.01214100 -0.04850000
v -0.39319600 -0.01214100 -0.04850000
v -0.39319600 -0.01214100 -0.04850000
v -0.39367000 -0.01549600 -0.04850000
v -0.39367000 -0.01549600 -0.04850000
v -0.39367000 -0.01549600 -0.04850000
v -0.39367000 -0.01549600 -0.04850000
v -0.39367000 -0.01549600 -0.04850000
v -0.39479400 -0.01228100 -0.04850000
v -0.39479400 -0.01228100 -0.04850000
v -0.39479400 -0.01228100 -0.04850000
v -0.39479400 -0.01228100 -0.04850000
v -0.39108100 -0.01749200 -0.04850000
v -0.39108100 -0.01749200 -0.04850000
v -0.39108100 -0.01749200 -0.04850000
v -0.39201900 -0.01911300 -0.04850000
v -0.39201900 -0.01911300 -0.04850000
v -0.39201900 -0.01911300 -0.04850000
v -0.39201900 -0.01911300 -0.04850000
v -0.38830400 -0.02228700 -0.04650000
v -0.38830400 -0.02228700 -0.04650000
v -0.38830400 -0.02228700 -0.04650000
v -0.38830400 -0.02228700 -0.04850000
v -0.38830400 -0.02228700 -0.04850000
v -0.38830400 -0.02228700 -0.04850000
v -0.39264400 -0.01785200 -0.04850000
v -0.39264400 -0.01785200 -0.04850000
v -0.39264400 -0.01785200 -0.04850000
v -0.38491600 -0.02651000 -0.04850000
v -0.38491600 -0.02651000 -0.04850000
v -0.38491600 -0.02651000 -0.04850000
v -0.38784200 -0.02553300 -0.04850000
v -0.38784200 -0.02553300 -0.04850000
v -0.38784200 -0.02553300 -0.04850000
v -0.38784200 -0.02553300 -0.04850000
v -0.38784200 -0.02553300 -0.04850000
v -0.38975300 -0.02293700 -0.04850000
v -0.38975300 -0.02293700 -0.04850000
v -0.38975300 -0.02293700 -0.04850000
v -0.38975300 -0.02293700 -0.04850000
v -0.38491600 -0.02651000 -0.04650000
v -0.38491600 -0.02651000 -0.04650000
v -0.38491600 -0.02651000 -0.04650000
v -0.37979700 -0.01947300 -0.04650000
v -0.37979700 -0.01947300 -0.04650000
v -0.37979700 -0.01947300 -0.04650000
v -0.38398800 -0.02745700 -0.04650000
v -0.38398800 -0.02745700 -0.04650000
v -0.38398800 -0.02745700 -0.04650000
v -0.38398800 -0.02745700 -0.04850000
v -0.38398800 -0.02745700 -0.04850000
v -0.38398800 -0.02745700 -0.04850000
v -0.37955600 -0.03111800 -0.04650000
v -0.37955600 -0.03111800 -0.04650000
v -0.37955600 -0.03111800 -0.04650000
v -0.37647300 -0.02279700 -0.04650000
v -0.37647300 -0.02279700 -0.04650000
v -0.37647300 -0.02279700 -0.04650000
v -0.37227200 -0.02565600 -0.04650000
v -0.37227200 -0.02565600 -0.04650000
v -0.37227200 -0.02565600 -0.04650000
v -0.37227200 -0.02565600 -0.05150000
v -0.37227200 -0.02565600 -0.05150000
v -0.37227200 -0.02565600 -0.05150000
v -0.37647300 -0.02279700 -0.05150000
v -0.37647300 -0.02279700 -0.05150000
v -0.37647300 -0.02279700 -0.05150000
v -0.37715300 -0.02015200 -0.05150000
v -0.37715300 -0.02015200 -0.05150000
v -0.37715300 -0.02015200 -0.05150000
v -0.37516200 -0.02193000 -0.05150000
v -0.37516200 -0.02193000 -0.05150000
v -0.37516200 -0.02193000 -0.05150000
v -0.37516200 -0.02193000 -0.05150000
v -0.37979700 -0.01947300 -0.05150000
v -0.37979700 -0.01947300 -0.05150000
v -0.37979700 -0.01947300 -0.05150000
v -0.37587100 -0.02134200 -0.05150000
v -0.37587100 -0.02134200 -0.05150000
v -0.37587100 -0.02134200 -0.05150000
v -0.37587100 -0.02134200 -0.05150000
v -0.37677500 -0.01977500 -0.05068300
v -0.37677500 -0.01977500 -0.05068300
v -0.37677500 -0.01977500 -0.05068300
v -0.37677500 -0.01977500 -0.05068300
v -0.37677500 -0.01977500 -0.05068300
v -0.37480900 -0.02152300 -0.05068300
v -0.37480900 -0.02152300 -0.05068300
v -0.37480900 -0.02152300 -0.05068300
v -0.37480900 -0.02152300 -0.05068300
v -0.37480900 -0.02152300 -0.05068300
v -0.37435800 -0.02099400 -0.04999400
v -0.37435800 -0.02099400 -0.04999400
v -0.37435800 -0.02099400 -0.04999400
v -0.37435800 -0.02099400 -0.04999400
v -0.37435800 -0.02099400 -0.04999400
v -0.37262700 -0.02305800 -0.05068300
v -0.37262700 -0.02305800 -0.05068300
v -0.37262700 -0.02305800 -0.05068300
v -0.37262700 -0.02305800 -0.05068300
v -0.37262700 -0.02305800 -0.05068300
v -0.37262700 -0.02305800 -0.05068300
v -0.37628800 -0.01928800 -0.04999400
v -0.37628800 -0.01928800 -0.04999400
v -0.37628800 -0.01928800 -0.04999400
v -0.37628800 -0.01928800 -0.04999400
v -0.37572700 -0.01872700 -0.04946000
v -0.37572700 -0.01872700 -0.04946000
v -0.37572700 -0.01872700 -0.04946000
v -0.37572700 -0.01872700 -0.04946000
v -0.37738100 -0.01684300 -0.04946000
v -0.37738100 -0.01684300 -0.04946000
v -0.37738100 -0.01684300 -0.04946000
v -0.37738100 -0.01684300 -0.04946000
v -0.37799300 -0.01735800 -0.04999400
v -0.37799300 -0.01735800 -0.04999400
v -0.37799300 -0.01735800 -0.04999400
v -0.37799300 -0.01735800 -0.04999400
v -0.37799300 -0.01735800 -0.04999400
v -0.37852300 -0.01780900 -0.05068300
v -0.37852300 -0.01780900 -0.05068300
v -0.37852300 -0.01780900 -0.05068300
v -0.37852300 -0.01780900 -0.05068300
v -0.37852300 -0.01780900 -0.05068300
v -0.37880000 -0.01474900 -0.04946000
v -0.37880000 -0.01474900 -0.04946000
v -0.37880000 -0.01474900 -0.04946000
v -0.37880000 -0.01474900 -0.04946000
v -0.37880000 -0.01474900 -0.04946000
v -0.37880000 -0.01474900 -0.04946000
v -0.37947500 -0.01521600 -0.04999400
v -0.37947500 -0.01521600 -0.04999400
v -0.37947500 -0.01521600 -0.04999400
v -0.37947500 -0.01521600 -0.04999400
v -0.37947500 -0.01521600 -0.04999400
v -0.37947500 -0.01521600 -0.04999400
v -0.38073400 -0.01289500 -0.04999400
v -0.38073400 -0.01289500 -0.04999400
v -0.38073400 -0.01289500 -0.04999400
v -0.38073400 -0.01289500 -0.04999400
v -0.38073400 -0.01289500 -0.04999400
v -0.38073400 -0.01289500 -0.04999400
v -0.37998800 -0.01248600 -0.04946000
v -0.37998800 -0.01248600 -0.04946000
v -0.37998800 -0.01248600 -0.04946000
v -0.37998800 -0.01248600 -0.04946000
v -0.37998800 -0.01248600 -0.04946000
v -0.37998800 -0.01248600 -0.04946000
v -0.38005800 -0.01562700 -0.05068300
v -0.38005800 -0.01562700 -0.05068300
v -0.38005800 -0.01562700 -0.05068300
v -0.38005800 -0.01562700 -0.05068300
v -0.38005800 -0.01562700 -0.05068300
v -0.38005800 -0.01562700 -0.05068300
v -0.38160400 -0.01406600 -0.05150000
v -0.38160400 -0.01406600 -0.05150000
v -0.38160400 -0.01406600 -0.05150000
v -0.38160400 -0.01406600 -0.05150000
v -0.38050400 -0.01595400 -0.05150000
v -0.38050400 -0.01595400 -0.05150000
v -0.38050400 -0.01595400 -0.05150000
v -0.38137800 -0.01325800 -0.05068300
v -0.38137800 -0.01325800 -0.05068300
v -0.38137800 -0.01325800 -0.05068300
v -0.38137800 -0.01325800 -0.05068300
v -0.38137800 -0.01325800 -0.05068300
v -0.38137800 -0.01325800 -0.05068300
v -0.38246800 -0.01074800 -0.05068300
v -0.38246800 -0.01074800 -0.05068300
v -0.38246800 -0.01074800 -0.05068300
v -0.38246800 -0.01074800 -0.05068300
v -0.38246800 -0.01074800 -0.05068300
v -0.38246800 -0.01074800 -0.05068300
v -0.38301000 -0.01099700 -0.05150000
v -0.38301000 -0.01099700 -0.05150000
v -0.38301000 -0.01099700 -0.05150000
v -0.38301000 -0.01099700 -0.05150000
v -0.38176100 -0.01044200 -0.04999400
v -0.38176100 -0.01044200 -0.04999400
v -0.38176100 -0.01044200 -0.04999400
v -0.38176100 -0.01044200 -0.04999400
v -0.38176100 -0.01044200 -0.04999400
v -0.38176100 -0.01044200 -0.04999400
v -0.38094300 -0.01009900 -0.04946000
v -0.38094300 -0.01009900 -0.04946000
v -0.38094300 -0.01009900 -0.04946000
v -0.38094300 -0.01009900 -0.04946000
v -0.38094300 -0.01009900 -0.04946000
v -0.38094300 -0.01009900 -0.04946000
v -0.38166500 -0.00762500 -0.04946000
v -0.38166500 -0.00762500 -0.04946000
v -0.38166500 -0.00762500 -0.04946000
v -0.38166500 -0.00762500 -0.04946000
v -0.38166500 -0.00762500 -0.04946000
v -0.38166500 -0.00762500 -0.04946000
v -0.38254900 -0.00789600 -0.04999400
v -0.38254900 -0.00789600 -0.04999400
v -0.38254900 -0.00789600 -0.04999400
v -0.38254900 -0.00789600 -0.04999400
v -0.38254900 -0.00789600 -0.04999400
v -0.38254900 -0.00789600 -0.04999400
v -0.38331200 -0.00814000 -0.05068300
v -0.38331200 -0.00814000 -0.05068300
v -0.38331200 -0.00814000 -0.05068300
v -0.38331200 -0.00814000 -0.05068300
v -0.38331200 -0.00814000 -0.05068300
v -0.38331200 -0.00814000 -0.05068300
v -0.38216900 -0.00507200 -0.04946000
v -0.38216900 -0.00507200 -0.04946000
v -0.38216900 -0.00507200 -0.04946000
v -0.38216900 -0.00507200 -0.04946000
v -0.38216900 -0.00507200 -0.04946000
v -0.38310400 -0.00526300 -0.04999400
v -0.38310400 -0.00526300 -0.04999400
v -0.38310400 -0.00526300 -0.04999400
v -0.38310400 -0.00526300 -0.04999400
v -0.38310400 -0.00526300 -0.04999400
v -0.38246800 -0.00244300 -0.04946000
v -0.38246800 -0.00244300 -0.04946000
v -0.38246800 -0.00244300 -0.04946000
v -0.38246800 -0.00244300 -0.04946000
v -0.38246800 -0.00244300 -0.04946000
v -0.38343700 -0.00254100 -0.04999400
v -0.38343700 -0.00254100 -0.04999400
v -0.38343700 -0.00254100 -0.04999400
v -0.38343700 -0.00254100 -0.04999400
v -0.38343700 -0.00254100 -0.04999400
v -0.38391000 -0.00543600 -0.05068300
v -0.38391000 -0.00543600 -0.05068300
v -0.38391000 -0.00543600 -0.05068300
v -0.38391000 -0.00543600 -0.05068300
v -0.38391000 -0.00543600 -0.05068300
v -0.38426600 -0.00263100 -0.05068300
v -0.38426600 -0.00263100 -0.05068300
v -0.38426600 -0.00263100 -0.05068300
v -0.38426600 -0.00263100 -0.05068300
v -0.38426600 -0.00263100 -0.05068300
v -0.38426600 -0.00263100 -0.05068300
v -0.38459900 -0.00000000 -0.05092400
v -0.38459900 -0.00000000 -0.05092400
v -0.38459900 -0.00000000 -0.05092400
v -0.38312800 -0.00000000 -0.04973500
v -0.38312800 -0.00000000 -0.04973500
v -0.38312800 -0.00000000 -0.04973500
v -0.38438300 -0.00000000 -0.05068300
v -0.38438300 -0.00000000 -0.05068300
v -0.38438300 -0.00000000 -0.05068300
v -0.38438300 -0.00000000 -0.05068300
v -0.38438300 -0.00000000 -0.05068300
v -0.38426600 0.00263100 -0.05068300
v -0.38426600 0.00263100 -0.05068300
v -0.38426600 0.00263100 -0.05068300
v -0.38426600 0.00263100 -0.05068300
v -0.38426600 0.00263100 -0.05068300
v -0.38343700 0.00254100 -0.04999400
v -0.38343700 0.00254100 -0.04999400
v -0.38343700 0.00254100 -0.04999400
v -0.38343700 0.00254100 -0.04999400
v -0.38343700 0.00254100 -0.04999400
v -0.38459900 -0.00000000 -0.05092400
v -0.38459900 -0.00000000 -0.05092400
v -0.38459900 -0.00000000 -0.05092400
v -0.38312800 -0.00000000 -0.04973500
v -0.38312800 -0.00000000 -0.04973500
v -0.38312800 -0.00000000 -0.04973500
v -0.38246800 0.00244300 -0.04946000
v -0.38246800 0.00244300 -0.04946000
v -0.38246800 0.00244300 -0.04946000
v -0.38246800 0.00244300 -0.04946000
v -0.38246800 0.00244300 -0.04946000
v -0.38257600 -0.00000000 -0.04946000
v -0.38257600 -0.00000000 -0.04946000
v -0.38257600 -0.00000000 -0.04946000
v -0.38257600 -0.00000000 -0.04946000
v -0.38257600 -0.00000000 -0.04946000
v -0.38257600 -0.00000000 -0.04946000
v -0.38139700 0.00233800 -0.04906500
v -0.38139700 0.00233800 -0.04906500
v -0.38139700 0.00233800 -0.04906500
v -0.38139700 0.00233800 -0.04906500
v -0.38139700 0.00233800 -0.04906500
v -0.38039600 -0.00000000 -0.04880100
v -0.38039600 -0.00000000 -0.04880100
v -0.38039600 -0.00000000 -0.04880100
v -0.38039600 -0.00000000 -0.04880100
v -0.38039600 -0.00000000 -0.04880100
v -0.38039600 -0.00000000 -0.04880100
v -0.38139700 -0.00233800 -0.04906500
v -0.38139700 -0.00233800 -0.04906500
v -0.38139700 -0.00233800 -0.04906500
v -0.38139700 -0.00233800 -0.04906500
v -0.38139700 -0.00233800 -0.04906500
v -0.37914900 -0.00000000 -0.04861500
v -0.37914900 -0.00000000 -0.04861500
v -0.37914900 -0.00000000 -0.04861500
v -0.37914900 -0.00000000 -0.04861500
v -0.37690000 -0.00000000 -0.04850000
v -0.37690000 -0.00000000 -0.04850000
v -0.37687300 0.00235900 -0.04850000
v -0.37687300 0.00235900 -0.04850000
v -0.37909600 0.00212000 -0.04861500
v -0.37909600 0.00212000 -0.04861500
v -0.37909600 0.00212000 -0.04861500
v -0.37909600 0.00212000 -0.04861500
v -0.37909600 -0.00212000 -0.04861500
v -0.37909600 -0.00212000 -0.04861500
v -0.37909600 -0.00212000 -0.04861500
v -0.37892800 -0.00443900 -0.04861500
v -0.37892800 -0.00443900 -0.04861500
v -0.37892800 -0.00443900 -0.04861500
v -0.38113800 -0.00486800 -0.04906500
v -0.38113800 -0.00486800 -0.04906500
v -0.38113800 -0.00486800 -0.04906500
v -0.38113800 -0.00486800 -0.04906500
v -0.38113800 -0.00486800 -0.04906500
v -0.38069300 -0.00733400 -0.04906500
v -0.38069300 -0.00733400 -0.04906500
v -0.38069300 -0.00733400 -0.04906500
v -0.38069300 -0.00733400 -0.04906500
v -0.38069300 -0.00733400 -0.04906500
v -0.37861200 -0.00672100 -0.04861500
v -0.37861200 -0.00672100 -0.04861500
v -0.37861200 -0.00672100 -0.04861500
v -0.37861200 -0.00672100 -0.04861500
v -0.38004300 -0.00973000 -0.04906500
v -0.38004300 -0.00973000 -0.04906500
v -0.38004300 -0.00973000 -0.04906500
v -0.38004300 -0.00973000 -0.04906500
v -0.38004300 -0.00973000 -0.04906500
v -0.38004300 -0.00973000 -0.04906500
v -0.37916700 -0.01204400 -0.04906500
v -0.37916700 -0.01204400 -0.04906500
v -0.37916700 -0.01204400 -0.04906500
v -0.37916700 -0.01204400 -0.04906500
v -0.37916700 -0.01204400 -0.04906500
v -0.37916700 -0.01204400 -0.04906500
v -0.37811700 -0.00895000 -0.04861500
v -0.37811700 -0.00895000 -0.04861500
v -0.37811700 -0.00895000 -0.04861500
v -0.37811700 -0.00895000 -0.04861500
v -0.37604000 -0.00912400 -0.04850000
v -0.37604000 -0.00912400 -0.04850000
v -0.37626200 -0.00819600 -0.04850000
v -0.37626200 -0.00819600 -0.04850000
v -0.37740900 -0.01110700 -0.04861500
v -0.37740900 -0.01110700 -0.04861500
v -0.37740900 -0.01110700 -0.04861500
v -0.37493200 -0.01212600 -0.04850000
v -0.37493200 -0.01212600 -0.04850000
v -0.37646400 -0.01316400 -0.04861500
v -0.37646400 -0.01316400 -0.04861500
v -0.37646400 -0.01316400 -0.04861500
v -0.37805600 -0.01424200 -0.04906500
v -0.37805600 -0.01424200 -0.04906500
v -0.37805600 -0.01424200 -0.04906500
v -0.37805600 -0.01424200 -0.04906500
v -0.37670700 -0.01628000 -0.04906500
v -0.37670700 -0.01628000 -0.04906500
v -0.37670700 -0.01628000 -0.04906500
v -0.37670700 -0.01628000 -0.04906500
v -0.37511200 -0.01811200 -0.04906500
v -0.37511200 -0.01811200 -0.04906500
v -0.37511200 -0.01811200 -0.04906500
v -0.37511200 -0.01811200 -0.04906500
v -0.37526400 -0.01508100 -0.04861500
v -0.37526400 -0.01508100 -0.04861500
v -0.37526400 -0.01508100 -0.04861500
v -0.37379700 -0.01679700 -0.04861500
v -0.37379700 -0.01679700 -0.04861500
v -0.37379700 -0.01679700 -0.04861500
v -0.37387500 -0.01392600 -0.04850000
v -0.37387500 -0.01392600 -0.04850000
v -0.37482600 -0.01233700 -0.04850000
v -0.37482600 -0.01233700 -0.04850000
v -0.36713800 -0.01293900 -0.04850000
v -0.36713800 -0.01293900 -0.04850000
v -0.36713800 -0.01293900 -0.04850000
v -0.36661800 -0.01359300 -0.04850000
v -0.36661800 -0.01359300 -0.04850000
v -0.36661800 -0.01359300 -0.04850000
v -0.37363800 -0.00168100 -0.04850000
v -0.37363800 -0.00168100 -0.04850000
v -0.37363800 -0.00168100 -0.04850000
v -0.37065800 -0.01705700 -0.04850000
v -0.37065800 -0.01705700 -0.04850000
v -0.37253200 -0.01553100 -0.04850000
v -0.37253200 -0.01553100 -0.04850000
v -0.37308600 -0.01493700 -0.04850000
v -0.37308600 -0.01493700 -0.04850000
v -0.37363800 -0.00168100 -0.04800000
v -0.37363800 -0.00168100 -0.04800000
v -0.37363800 -0.00168100 -0.04800000
v -0.36713800 -0.01293900 -0.04800000
v -0.36713800 -0.01293900 -0.04800000
v -0.36661800 -0.01359300 -0.04800000
v -0.36661800 -0.01359300 -0.04800000
v -0.36548300 -0.01437500 -0.04800000
v -0.36548300 -0.01437500 -0.04800000
v -0.36280800 -0.00706200 -0.04800000
v -0.36280800 -0.00706200 -0.04800000
v -0.36218800 -0.00768800 -0.04800000
v -0.36218800 -0.00768800 -0.04800000
v -0.36168800 -0.00794000 -0.04800000
v -0.36168800 -0.00794000 -0.04800000
v -0.36168800 -0.00794000 -0.04850000
v -0.36168800 -0.00794000 -0.04850000
v -0.36168800 -0.00794000 -0.04850000
v -0.36218800 -0.00768800 -0.04850000
v -0.36218800 -0.00768800 -0.04850000
v -0.36218800 -0.00768800 -0.04850000
v -0.36280800 -0.00706200 -0.04850000
v -0.36280800 -0.00706200 -0.04850000
v -0.36280800 -0.00706200 -0.04850000
v -0.36433800 -0.00441200 -0.04850000
v -0.36433800 -0.00441200 -0.04850000
v -0.36433800 -0.00441200 -0.04850000
v -0.36109200 -0.00805300 -0.04850000
v -0.36109200 -0.00805300 -0.04850000
v -0.36109200 -0.00805300 -0.04850000
v -0.36109200 -0.00805300 -0.04800000
v -0.36109200 -0.00805300 -0.04800000
v -0.35394200 -0.00805300 -0.04800000
v -0.35394200 -0.00805300 -0.04800000
v -0.35394200 -0.00805300 -0.04850000
v -0.35394200 -0.00805300 -0.04850000
v -0.35394200 -0.00805300 -0.04850000
v -0.35553500 -0.00441200 -0.04850000
v -0.35553500 -0.00441200 -0.04850000
v -0.35553500 -0.00441200 -0.04850000
v -0.35531400 -0.00438300 -0.04850000
v -0.35531400 -0.00438300 -0.04850000
v -0.35531400 -0.00438300 -0.04850000
v -0.35309000 -0.00782900 -0.04850000
v -0.35309000 -0.00782900 -0.04850000
v -0.35309000 -0.00782900 -0.04850000
v -0.35309000 -0.00782900 -0.04800000
v -0.35309000 -0.00782900 -0.04800000
v -0.35489400 -0.00418700 -0.04850000
v -0.35489400 -0.00418700 -0.04850000
v -0.35489400 -0.00418700 -0.04850000
v -0.35262200 -0.00752200 -0.04850000
v -0.35262200 -0.00752200 -0.04850000
v -0.35262200 -0.00752200 -0.04850000
v -0.35222600 -0.00706200 -0.04850000
v -0.35222600 -0.00706200 -0.04850000
v -0.35222600 -0.00706200 -0.04850000
v -0.35262200 -0.00752200 -0.04800000
v -0.35262200 -0.00752200 -0.04800000
v -0.34789600 -0.01293900 -0.04800000
v -0.34789600 -0.01293900 -0.04800000
v -0.35222600 -0.00706200 -0.04800000
v -0.35222600 -0.00706200 -0.04800000
v -0.34894700 -0.01402600 -0.04800000
v -0.34894700 -0.01402600 -0.04800000
v -0.34894700 -0.01402600 -0.04850000
v -0.34894700 -0.01402600 -0.04850000
v -0.34894700 -0.01402600 -0.04850000
v -0.35019000 -0.01461800 -0.04800000
v -0.35019000 -0.01461800 -0.04800000
v -0.35019000 -0.01461800 -0.04850000
v -0.35019000 -0.01461800 -0.04850000
v -0.35019000 -0.01461800 -0.04850000
v -0.34787600 -0.01904000 -0.04850000
v -0.34787600 -0.01904000 -0.04850000
v -0.34880400 -0.01926200 -0.04850000
v -0.34880400 -0.01926200 -0.04850000
v -0.35101700 -0.01474100 -0.04850000
v -0.35101700 -0.01474100 -0.04850000
v -0.35101700 -0.01474100 -0.04850000
v -0.35169800 -0.01970100 -0.04850000
v -0.35169800 -0.01970100 -0.04850000
v -0.35297500 -0.01980100 -0.04850000
v -0.35297500 -0.01980100 -0.04850000
v -0.35700000 -0.01990000 -0.04850000
v -0.35700000 -0.01990000 -0.04850000
v -0.36401700 -0.01474100 -0.04800000
v -0.36401700 -0.01474100 -0.04800000
v -0.35101700 -0.01474100 -0.04800000
v -0.35101700 -0.01474100 -0.04800000
v -0.36401700 -0.01474100 -0.04850000
v -0.36401700 -0.01474100 -0.04850000
v -0.36401700 -0.01474100 -0.04850000
v -0.36102500 -0.01980100 -0.04850000
v -0.36102500 -0.01980100 -0.04850000
v -0.36439100 -0.01942000 -0.04850000
v -0.36439100 -0.01942000 -0.04850000
v -0.36519600 -0.01926200 -0.04850000
v -0.36519600 -0.01926200 -0.04850000
v -0.36548300 -0.01437500 -0.04850000
v -0.36548300 -0.01437500 -0.04850000
v -0.36548300 -0.01437500 -0.04850000
v -0.35935900 -0.01987300 -0.04850000
v -0.35935900 -0.01987300 -0.04850000
v -0.35700000 -0.02214900 -0.04861500
v -0.35700000 -0.02214900 -0.04861500
v -0.35700000 -0.02214900 -0.04861500
v -0.35700000 -0.02214900 -0.04861500
v -0.35912000 -0.02209600 -0.04861500
v -0.35912000 -0.02209600 -0.04861500
v -0.35912000 -0.02209600 -0.04861500
v -0.35912000 -0.02209600 -0.04861500
v -0.35700000 -0.02339600 -0.04880100
v -0.35700000 -0.02339600 -0.04880100
v -0.35700000 -0.02339600 -0.04880100
v -0.35700000 -0.02339600 -0.04880100
v -0.35700000 -0.02339600 -0.04880100
v -0.35933800 -0.02439700 -0.04906500
v -0.35933800 -0.02439700 -0.04906500
v -0.35933800 -0.02439700 -0.04906500
v -0.35933800 -0.02439700 -0.04906500
v -0.35933800 -0.02439700 -0.04906500
v -0.36143900 -0.02192800 -0.04861500
v -0.36143900 -0.02192800 -0.04861500
v -0.36372100 -0.02161200 -0.04861500
v -0.36372100 -0.02161200 -0.04861500
v -0.36186800 -0.02413700 -0.04906500
v -0.36186800 -0.02413700 -0.04906500
v -0.36186800 -0.02413700 -0.04906500
v -0.36207200 -0.02516900 -0.04946000
v -0.36207200 -0.02516900 -0.04946000
v -0.36207200 -0.02516900 -0.04946000
v -0.36207200 -0.02516900 -0.04946000
v -0.36207200 -0.02516900 -0.04946000
v -0.36433400 -0.02369300 -0.04906500
v -0.36433400 -0.02369300 -0.04906500
v -0.36433400 -0.02369300 -0.04906500
v -0.36433400 -0.02369300 -0.04906500
v -0.35944300 -0.02546800 -0.04946000
v -0.35944300 -0.02546800 -0.04946000
v -0.35944300 -0.02546800 -0.04946000
v -0.35944300 -0.02546800 -0.04946000
v -0.35944300 -0.02546800 -0.04946000
v -0.35700000 -0.02557600 -0.04946000
v -0.35700000 -0.02557600 -0.04946000
v -0.35700000 -0.02557600 -0.04946000
v -0.35700000 -0.02557600 -0.04946000
v -0.35700000 -0.02557600 -0.04946000
v -0.35700000 -0.02612800 -0.04973500
v -0.35700000 -0.02612800 -0.04973500
v -0.35700000 -0.02612800 -0.04973500
v -0.35700000 -0.02612800 -0.04973500
v -0.35700000 -0.02612800 -0.04973500
v -0.35700000 -0.02612800 -0.04973500
v -0.35954100 -0.02643700 -0.04999400
v -0.35954100 -0.02643700 -0.04999400
v -0.35954100 -0.02643700 -0.04999400
v -0.35954100 -0.02643700 -0.04999400
v -0.35954100 -0.02643700 -0.04999400
v -0.35963100 -0.02726600 -0.05068300
v -0.35963100 -0.02726600 -0.05068300
v -0.35963100 -0.02726600 -0.05068300
v -0.35963100 -0.02726600 -0.05068300
v -0.35963100 -0.02726600 -0.05068300
v -0.35700000 -0.02738300 -0.05068300
v -0.35700000 -0.02738300 -0.05068300
v -0.35700000 -0.02738300 -0.05068300
v -0.35700000 -0.02738300 -0.05068300
v -0.35700000 -0.02738300 -0.05068300
v -0.36226300 -0.02610400 -0.04999400
v -0.36226300 -0.02610400 -0.04999400
v -0.36226300 -0.02610400 -0.04999400
v -0.36226300 -0.02610400 -0.04999400
v -0.36226300 -0.02610400 -0.04999400
v -0.36462500 -0.02466500 -0.04946000
v -0.36462500 -0.02466500 -0.04946000
v -0.36462500 -0.02466500 -0.04946000
v -0.36462500 -0.02466500 -0.04946000
v -0.36462500 -0.02466500 -0.04946000
v -0.36462500 -0.02466500 -0.04946000
v -0.36489600 -0.02554900 -0.04999400
v -0.36489600 -0.02554900 -0.04999400
v -0.36489600 -0.02554900 -0.04999400
v -0.36489600 -0.02554900 -0.04999400
v -0.36489600 -0.02554900 -0.04999400
v -0.36489600 -0.02554900 -0.04999400
v -0.36243600 -0.02691000 -0.05068300
v -0.36243600 -0.02691000 -0.05068300
v -0.36243600 -0.02691000 -0.05068300
v -0.36243600 -0.02691000 -0.05068300
v -0.36243600 -0.02691000 -0.05068300
v -0.36514000 -0.02631200 -0.05068300
v -0.36514000 -0.02631200 -0.05068300
v -0.36514000 -0.02631200 -0.05068300
v -0.36514000 -0.02631200 -0.05068300
v -0.36514000 -0.02631200 -0.05068300
v -0.36534100 -0.02689600 -0.05150000
v -0.36534100 -0.02689600 -0.05150000
v -0.36534100 -0.02689600 -0.05150000
v -0.36235500 -0.02756300 -0.05150000
v -0.36235500 -0.02756300 -0.05150000
v -0.36235500 -0.02756300 -0.05150000
v -0.36247800 -0.02906200 -0.05150000
v -0.36247800 -0.02906200 -0.05150000
v -0.36247800 -0.02906200 -0.05150000
v -0.35970700 -0.02789200 -0.05150000
v -0.35970700 -0.02789200 -0.05150000
v -0.35970700 -0.02789200 -0.05150000
v -0.35970700 -0.02789200 -0.05150000
v -0.35700000 -0.02759900 -0.05092400
v -0.35700000 -0.02759900 -0.05092400
v -0.35700000 -0.02759900 -0.05092400
v -0.35700000 -0.02759900 -0.05092400
v -0.35700000 -0.02759900 -0.05092400
v -0.35700000 -0.02759900 -0.05092400
v -0.35700000 -0.02800000 -0.05150000
v -0.35700000 -0.02800000 -0.05150000
v -0.35700000 -0.02800000 -0.05150000
v -0.35700000 -0.02950000 -0.05150000
v -0.35700000 -0.02950000 -0.05150000
v -0.35700000 -0.02950000 -0.05150000
v -0.35700000 -0.02950000 -0.04650000
v -0.35700000 -0.02950000 -0.04650000
v -0.35700000 -0.02950000 -0.04650000
v -0.36247800 -0.02906200 -0.04650000
v -0.36247800 -0.02906200 -0.04650000
v -0.36247800 -0.02906200 -0.04650000
v -0.35623000 -0.02949200 -0.05150000
v -0.35623000 -0.02949200 -0.05150000
v -0.35623000 -0.02949200 -0.05150000
v -0.35623000 -0.02949200 -0.04650000
v -0.35623000 -0.02949200 -0.04650000
v -0.35623000 -0.02949200 -0.04650000
v -0.35110700 -0.02899100 -0.05150000
v -0.35110700 -0.02899100 -0.05150000
v -0.35110700 -0.02899100 -0.05150000
v -0.34605600 -0.02763300 -0.05150000
v -0.34605600 -0.02763300 -0.05150000
v -0.34605600 -0.02763300 -0.05150000
v -0.35142000 -0.02752400 -0.05150000
v -0.35142000 -0.02752400 -0.05150000
v -0.35142000 -0.02752400 -0.05150000
v -0.35142000 -0.02752400 -0.05150000
v -0.35249200 -0.02769400 -0.05150000
v -0.35249200 -0.02769400 -0.05150000
v -0.35249200 -0.02769400 -0.05150000
v -0.35249200 -0.02769400 -0.05150000
v -0.35249200 -0.02769400 -0.05150000
v -0.35110700 -0.02899100 -0.04650000
v -0.35110700 -0.02899100 -0.04650000
v -0.35110700 -0.02899100 -0.04650000
v -0.34485900 -0.03619600 -0.04650000
v -0.34485900 -0.03619600 -0.04650000
v -0.34485900 -0.03619600 -0.04650000
v -0.34605600 -0.02763300 -0.04650000
v -0.34605600 -0.02763300 -0.04650000
v -0.34605600 -0.02763300 -0.04650000
v -0.35059400 -0.03751800 -0.04650000
v -0.35059400 -0.03751800 -0.04650000
v -0.35059400 -0.03751800 -0.04650000
v -0.35059400 -0.03751800 -0.04850000
v -0.35059400 -0.03751800 -0.04850000
v -0.35059400 -0.03751800 -0.04850000
v -0.35700000 -0.03800000 -0.04650000
v -0.35700000 -0.03800000 -0.04650000
v -0.35700000 -0.03800000 -0.04650000
v -0.35700000 -0.03800000 -0.04850000
v -0.35700000 -0.03800000 -0.04850000
v -0.35700000 -0.03800000 -0.04850000
v -0.36314100 -0.03755800 -0.04850000
v -0.36314100 -0.03755800 -0.04850000
v -0.36314100 -0.03755800 -0.04850000
v -0.35700000 -0.03957200 -0.04850000
v -0.35700000 -0.03957200 -0.04850000
v -0.35700000 -0.03957200 -0.04850000
v -0.35700000 -0.03957200 -0.04850000
v -0.35328500 -0.03941700 -0.04850000
v -0.35328500 -0.03941700 -0.04850000
v -0.35328500 -0.03941700 -0.04850000
v -0.35328500 -0.03941700 -0.04850000
v -0.35073000 -0.03912600 -0.04850000
v -0.35073000 -0.03912600 -0.04850000
v -0.35073000 -0.03912600 -0.04850000
v -0.35699700 -0.03982200 -0.04828500
v -0.35699700 -0.03982200 -0.04828500
v -0.34914600 -0.03936900 -0.04807500
v -0.34914600 -0.03936900 -0.04807500
v -0.34914600 -0.03936900 -0.04807500
v -0.34914600 -0.03936900 -0.04807500
v -0.34914600 -0.03936900 -0.04807500
v -0.34914600 -0.03936900 -0.04807500
v -0.34914600 -0.03936900 -0.04807500
v -0.34914600 -0.03936900 -0.04807500
v -0.35324400 -0.03990900 -0.04807600
v -0.35324400 -0.03990900 -0.04807600
v -0.35324400 -0.03990900 -0.04807600
v -0.35324400 -0.03990900 -0.04807600
v -0.35324400 -0.03990900 -0.04807600
v -0.35324400 -0.03990900 -0.04807600
v -0.35700000 -0.04006600 -0.04807600
v -0.35700000 -0.04006600 -0.04807600
v -0.35700000 -0.04006600 -0.04807600
v -0.35700000 -0.04006600 -0.04807600
v -0.35700000 -0.04006600 -0.04807600
v -0.35700000 -0.04100100 -0.04014700
v -0.35700000 -0.04100100 -0.04014700
v -0.35700000 -0.04100100 -0.04014700
v -0.35700000 -0.04100100 -0.04014700
v -0.35700000 -0.04100100 -0.04014700
v -0.35431700 -0.04061100 -0.04332500
v -0.35431700 -0.04061100 -0.04332500
v -0.35431700 -0.04061100 -0.04332500
v -0.35431700 -0.04061100 -0.04332500
v -0.35431700 -0.04061100 -0.04332500
v -0.35167000 -0.04037100 -0.04332700
v -0.35167000 -0.04037100 -0.04332700
v -0.35167000 -0.04037100 -0.04332700
v -0.35167000 -0.04037100 -0.04332700
v -0.35167000 -0.04037100 -0.04332700
v -0.34906400 -0.03997300 -0.04333000
v -0.34906400 -0.03997300 -0.04333000
v -0.34906400 -0.03997300 -0.04333000
v -0.34906400 -0.03997300 -0.04333000
v -0.34906400 -0.03997300 -0.04333000
v -0.35163300 -0.04082000 -0.03833100
v -0.35163300 -0.04082000 -0.03833100
v -0.35163300 -0.04082000 -0.03833100
v -0.35163300 -0.04082000 -0.03833100
v -0.35430000 -0.04106400 -0.03832800
v -0.35430000 -0.04106400 -0.03832800
v -0.35430000 -0.04106400 -0.03832800
v -0.35430000 -0.04106400 -0.03832800
v -0.35430000 -0.04106400 -0.03832800
v -0.35700000 -0.04114600 -0.03832500
v -0.35700000 -0.04114600 -0.03832500
v -0.35700000 -0.04114600 -0.03832500
v -0.35700000 -0.04114600 -0.03832500
v -0.35700000 -0.04114600 -0.03832500
v -0.35700000 -0.04114600 -0.03832500
v -0.35700000 -0.04151000 -0.03180900
v -0.35700000 -0.04151000 -0.03180900
v -0.35700000 -0.04151000 -0.03180900
v -0.35700000 -0.04151000 -0.03180900
v -0.35700000 -0.04151000 -0.03180900
v -0.35428300 -0.04154900 -0.02831900
v -0.35428300 -0.04154900 -0.02831900
v -0.35428300 -0.04154900 -0.02831900
v -0.35428300 -0.04154900 -0.02831900
v -0.35700000 -0.04194400 -0.01510200
v -0.35700000 -0.04194400 -0.01510200
v -0.35700000 -0.04194400 -0.01510200
v -0.35700000 -0.04163200 -0.02831700
v -0.35700000 -0.04163200 -0.02831700
v -0.35700000 -0.04163200 -0.02831700
v -0.35533800 -0.04202100 -0.00953700
v -0.35533800 -0.04202100 -0.00953700
v -0.35533800 -0.04202100 -0.00953700
v -0.35533800 -0.04202100 -0.00953700
v -0.35159600 -0.04129900 -0.02832000
v -0.35159600 -0.04129900 -0.02832000
v -0.35159600 -0.04129900 -0.02832000
v -0.35159600 -0.04129900 -0.02832000
v -0.35159600 -0.04129900 -0.02832000
v -0.34894700 -0.04088500 -0.02832200
v -0.34894700 -0.04088500 -0.02832200
v -0.34894700 -0.04088500 -0.02832200
v -0.34894700 -0.04088500 -0.02832200
v -0.34900500 -0.04041400 -0.03833400
v -0.34900500 -0.04041400 -0.03833400
v -0.34900500 -0.04041400 -0.03833400
v -0.34900500 -0.04041400 -0.03833400
v -0.35196800 -0.04172100 -0.01163900
v -0.35196800 -0.04172100 -0.01163900
v -0.35196800 -0.04172100 -0.01163900
v -0.34864700 -0.04115900 -0.01371200
v -0.34864700 -0.04115900 -0.01371200
v -0.34864700 -0.04115900 -0.01371200
v -0.34864700 -0.04115900 -0.01371200
v -0.32213200 0.02301500 -0.03028700
v -0.32213200 0.02301500 -0.03028700
v -0.32213200 0.02301500 -0.03028700
v -0.35700000 -0.04207200 -0.00849900
v -0.35700000 -0.04207200 -0.00849900
v -0.35700000 -0.04207200 -0.00849900
v -0.32349000 0.02503100 -0.02943900
v -0.32349000 0.02503100 -0.02943900
v -0.32349000 0.02503100 -0.02943900
v -0.32349000 0.02503100 -0.02943900
v -0.32276000 -0.02397300 -0.02989000
v -0.32276000 -0.02397300 -0.02989000
v -0.32276000 -0.02397300 -0.02989000
v -0.32276000 -0.02397300 -0.02989000
v -0.32165300 -0.02222600 -0.03058200
v -0.32165300 -0.02222600 -0.03058200
v -0.32165300 -0.02222600 -0.03058200
v -0.32017400 -0.01954000 -0.03150700
v -0.32017400 -0.01954000 -0.03150700
v -0.32017400 -0.01954000 -0.03150700
v -0.32017400 -0.01954000 -0.03150700
v -0.34539600 -0.04034300 -0.01574400
v -0.34539600 -0.04034300 -0.01574400
v -0.34539600 -0.04034300 -0.01574400
v -0.34539600 -0.04034300 -0.01574400
v -0.34539600 -0.04034300 -0.01574400
v -0.34195900 -0.03917300 -0.01789600
v -0.34195900 -0.03917300 -0.01789600
v -0.34195900 -0.03917300 -0.01789600
v -0.34195900 -0.03917300 -0.01789600
v -0.33910100 -0.03794000 -0.01968400
v -0.33910100 -0.03794000 -0.01968400
v -0.33910100 -0.03794000 -0.01968400
v -0.33587100 -0.03623300 -0.02170100
v -0.33587100 -0.03623300 -0.02170100
v -0.33587100 -0.03623300 -0.02170100
v -0.33587100 -0.03623300 -0.02170100
v -0.33284500 -0.03428700 -0.02359100
v -0.33284500 -0.03428700 -0.02359100
v -0.33284500 -0.03428700 -0.02359100
v -0.33284500 -0.03428700 -0.02359100
v -0.33284500 -0.03428700 -0.02359100
v -0.33006900 -0.03214700 -0.02532500
v -0.33006900 -0.03214700 -0.02532500
v -0.33006900 -0.03214700 -0.02532500
v -0.32767900 -0.02996000 -0.02682100
v -0.32767900 -0.02996000 -0.02682100
v -0.32767900 -0.02996000 -0.02682100
v -0.32767900 -0.02996000 -0.02682100
v -0.32556200 -0.02767400 -0.02814300
v -0.32556200 -0.02767400 -0.02814300
v -0.32556200 -0.02767400 -0.02814300
v -0.32349800 -0.02503600 -0.02943000
v -0.32349800 -0.02503600 -0.02943000
v -0.32349800 -0.02503600 -0.02943000
v -0.32349800 -0.02503600 -0.02943000
v -0.32244800 0.02282600 -0.03834500
v -0.32244800 0.02282600 -0.03834500
v -0.32244800 0.02282600 -0.03834500
v -0.32244800 0.02282600 -0.03834500
v -0.32244800 0.02282600 -0.03834500
v -0.32244800 0.02282600 -0.03834500
v -0.32004400 -0.01928000 -0.03158900
v -0.32004400 -0.01928000 -0.03158900
v -0.32004400 -0.01928000 -0.03158900
v -0.32169000 0.02229800 -0.03056300
v -0.32169000 0.02229800 -0.03056300
v -0.32169000 0.02229800 -0.03056300
v -0.31996300 0.01836200 -0.03834200
v -0.31996300 0.01836200 -0.03834200
v -0.31996300 0.01836200 -0.03834200
v -0.31996300 0.01836200 -0.03834200
v -0.31996300 0.01836200 -0.03834200
v -0.32010300 0.01940300 -0.03155500
v -0.32010300 0.01940300 -0.03155500
v -0.32010300 0.01940300 -0.03155500
v -0.31873000 0.01634900 -0.03241300
v -0.31873000 0.01634900 -0.03241300
v -0.31873000 0.01634900 -0.03241300
v -0.31873000 0.01634900 -0.03241300
v -0.31573400 -0.00340100 -0.03428600
v -0.31573400 -0.00340100 -0.03428600
v -0.31573400 -0.00340100 -0.03428600
v -0.31573400 -0.00340100 -0.03428600
v -0.31560800 -0.00000000 -0.03436400
v -0.31560800 -0.00000000 -0.03436400
v -0.31560800 -0.00000000 -0.03436400
v -0.31573400 0.00339900 -0.03428500
v -0.31573400 0.00339900 -0.03428500
v -0.31573400 0.00339900 -0.03428500
v -0.31573400 0.00339900 -0.03428500
v -0.31870700 -0.01629300 -0.03242700
v -0.31870700 -0.01629300 -0.03242700
v -0.31870700 -0.01629300 -0.03242700
v -0.31870700 -0.01629300 -0.03242700
v -0.31760300 -0.01320400 -0.03311900
v -0.31760300 -0.01320400 -0.03311900
v -0.31760300 -0.01320400 -0.03311900
v -0.31760300 -0.01320400 -0.03311900
v -0.31760300 -0.01320400 -0.03311900
v -0.31611100 0.00674300 -0.03405000
v -0.31611100 0.00674300 -0.03405000
v -0.31611100 0.00674300 -0.03405000
v -0.31611100 0.00674300 -0.03405000
v -0.31674200 0.01004600 -0.03365500
v -0.31674200 0.01004600 -0.03365500
v -0.31674200 0.01004600 -0.03365500
v -0.31674200 0.01004600 -0.03365500
v -0.31674200 0.01004600 -0.03365500
v -0.31673500 -0.01001300 -0.03366200
v -0.31673500 -0.01001300 -0.03366200
v -0.31673500 -0.01001300 -0.03366200
v -0.31611100 -0.00674400 -0.03405200
v -0.31611100 -0.00674400 -0.03405200
v -0.31611100 -0.00674400 -0.03405200
v -0.31611100 -0.00674400 -0.03405200
v -0.31891400 0.01598100 -0.03834100
v -0.31891400 0.01598100 -0.03834100
v -0.31891400 0.01598100 -0.03834100
v -0.31891400 0.01598100 -0.03834100
v -0.31761300 0.01324200 -0.03311100
v -0.31761300 0.01324200 -0.03311100
v -0.31761300 0.01324200 -0.03311100
v -0.31801800 0.01354500 -0.03833900
v -0.31801800 0.01354500 -0.03833900
v -0.31801800 0.01354500 -0.03833900
v -0.31801800 0.01354500 -0.03833900
v -0.31801800 0.01354500 -0.03833900
v -0.31843400 0.01343600 -0.04333400
v -0.31843400 0.01343600 -0.04333400
v -0.31843400 0.01343600 -0.04333400
v -0.31843400 0.01343600 -0.04333400
v -0.31843400 0.01343600 -0.04333400
v -0.31769900 0.01095100 -0.04333200
v -0.31769900 0.01095100 -0.04333200
v -0.31769900 0.01095100 -0.04333200
v -0.31769900 0.01095100 -0.04333200
v -0.31727000 0.01103600 -0.03833700
v -0.31727000 0.01103600 -0.03833700
v -0.31727000 0.01103600 -0.03833700
v -0.31727000 0.01103600 -0.03833700
v -0.31668000 0.00848200 -0.03833400
v -0.31668000 0.00848200 -0.03833400
v -0.31668000 0.00848200 -0.03833400
v -0.31668000 0.00848200 -0.03833400
v -0.31668000 0.00848200 -0.03833400
v -0.31711900 0.00841900 -0.04333000
v -0.31711900 0.00841900 -0.04333000
v -0.31711900 0.00841900 -0.04333000
v -0.31711900 0.00841900 -0.04333000
v -0.31855900 0.01183600 -0.04807300
v -0.31855900 0.01183600 -0.04807300
v -0.31855900 0.01183600 -0.04807300
v -0.31855900 0.01183600 -0.04807300
v -0.31855900 0.01183600 -0.04807300
v -0.31855900 0.01183600 -0.04807300
v -0.31763200 0.00785700 -0.04807500
v -0.31763200 0.00785700 -0.04807500
v -0.31763200 0.00785700 -0.04807500
v -0.31763200 0.00785700 -0.04807500
v -0.31763200 0.00785700 -0.04807500
v -0.31763200 0.00785700 -0.04807500
v -0.31763200 0.00785700 -0.04807500
v -0.31763200 0.00785700 -0.04807500
v -0.31669300 0.00583400 -0.04332800
v -0.31669300 0.00583400 -0.04332800
v -0.31669300 0.00583400 -0.04332800
v -0.31669300 0.00583400 -0.04332800
v -0.31669300 0.00583400 -0.04332800
v -0.31624500 0.00587500 -0.03833200
v -0.31624500 0.00587500 -0.03833200
v -0.31624500 0.00587500 -0.03833200
v -0.31624500 0.00587500 -0.03833200
v -0.31624500 0.00587500 -0.03833200
v -0.31642400 0.00321000 -0.04332500
v -0.31642400 0.00321000 -0.04332500
v -0.31642400 0.00321000 -0.04332500
v -0.31642400 0.00321000 -0.04332500
v -0.31709100 0.00375800 -0.04807600
v -0.31709100 0.00375800 -0.04807600
v -0.31709100 0.00375800 -0.04807600
v -0.31709100 0.00375800 -0.04807600
v -0.31709100 0.00375800 -0.04807600
v -0.31758300 0.00371600 -0.04850000
v -0.31758300 0.00371600 -0.04850000
v -0.31758300 0.00371600 -0.04850000
v -0.31758300 0.00371600 -0.04850000
v -0.31717800 0.00000300 -0.04828500
v -0.31717800 0.00000300 -0.04828500
v -0.31693400 -0.00000000 -0.04807600
v -0.31693400 -0.00000000 -0.04807600
v -0.31693400 -0.00000000 -0.04807600
v -0.31693400 -0.00000000 -0.04807600
v -0.31630900 -0.00000000 -0.04332200
v -0.31630900 -0.00000000 -0.04332200
v -0.31630900 -0.00000000 -0.04332200
v -0.31630900 -0.00000000 -0.04332200
v -0.31652600 -0.00439800 -0.04332600
v -0.31652600 -0.00439800 -0.04332600
v -0.31652600 -0.00439800 -0.04332600
v -0.31652600 -0.00439800 -0.04332600
v -0.31585400 -0.00000000 -0.03832500
v -0.31585400 -0.00000000 -0.03832500
v -0.31585400 -0.00000000 -0.03832500
v -0.31585400 -0.00000000 -0.03832500
v -0.31585400 -0.00000000 -0.03832500
v -0.31597100 0.00323100 -0.03832900
v -0.31597100 0.00323100 -0.03832900
v -0.31597100 0.00323100 -0.03832900
v -0.31597100 0.00323100 -0.03832900
v -0.31607500 -0.00442800 -0.03833000
v -0.31607500 -0.00442800 -0.03833000
v -0.31607500 -0.00442800 -0.03833000
v -0.31607500 -0.00442800 -0.03833000
v -0.31607500 -0.00442800 -0.03833000
v -0.31642100 -0.00705400 -0.03833300
v -0.31642100 -0.00705400 -0.03833300
v -0.31642100 -0.00705400 -0.03833300
v -0.31642100 -0.00705400 -0.03833300
v -0.31686600 -0.00700300 -0.04332900
v -0.31686600 -0.00700300 -0.04332900
v -0.31686600 -0.00700300 -0.04332900
v -0.31686600 -0.00700300 -0.04332900
v -0.31692700 -0.00964000 -0.03833600
v -0.31692700 -0.00964000 -0.03833600
v -0.31692700 -0.00964000 -0.03833600
v -0.31692700 -0.00964000 -0.03833600
v -0.31692700 -0.00964000 -0.03833600
v -0.31736200 -0.00956700 -0.04333100
v -0.31736200 -0.00956700 -0.04333100
v -0.31736200 -0.00956700 -0.04333100
v -0.31736200 -0.00956700 -0.04333100
v -0.31758700 -0.01217100 -0.03833800
v -0.31758700 -0.01217100 -0.03833800
v -0.31758700 -0.01217100 -0.03833800
v -0.31758700 -0.01217100 -0.03833800
v -0.31801100 -0.01207500 -0.04333300
v -0.31801100 -0.01207500 -0.04333300
v -0.31801100 -0.01207500 -0.04333300
v -0.31801100 -0.01207500 -0.04333300
v -0.31801100 -0.01207500 -0.04333300
v -0.31840500 -0.01465400 -0.03834000
v -0.31840500 -0.01465400 -0.03834000
v -0.31840500 -0.01465400 -0.03834000
v -0.31840500 -0.01465400 -0.03834000
v -0.31840500 -0.01465400 -0.03834000
v -0.31936700 -0.01705800 -0.03834200
v -0.31936700 -0.01705800 -0.03834200
v -0.31936700 -0.01705800 -0.03834200
v -0.31936700 -0.01705800 -0.03834200
v -0.31881400 -0.01453500 -0.04333500
v -0.31881400 -0.01453500 -0.04333500
v -0.31881400 -0.01453500 -0.04333500
v -0.31881400 -0.01453500 -0.04333500
v -0.31881400 -0.01453500 -0.04333500
v -0.31995900 -0.01590000 -0.04807100
v -0.31995900 -0.01590000 -0.04807100
v -0.31995900 -0.01590000 -0.04807100
v -0.31995900 -0.01590000 -0.04807100
v -0.31995900 -0.01590000 -0.04807100
v -0.31995900 -0.01590000 -0.04807100
v -0.31862600 -0.01207000 -0.04807300
v -0.31862600 -0.01207000 -0.04807300
v -0.31862600 -0.01207000 -0.04807300
v -0.31862600 -0.01207000 -0.04807300
v -0.31862600 -0.01207000 -0.04807300
v -0.31976000 -0.01691600 -0.04333700
v -0.31976000 -0.01691600 -0.04333700
v -0.31976000 -0.01691600 -0.04333700
v -0.31976000 -0.01691600 -0.04333700
v -0.32085500 -0.01923800 -0.04333800
v -0.32085500 -0.01923800 -0.04333800
v -0.32085500 -0.01923800 -0.04333800
v -0.32085500 -0.01923800 -0.04333800
v -0.32047900 -0.01940400 -0.03834300
v -0.32047900 -0.01940400 -0.03834300
v -0.32047900 -0.01940400 -0.03834300
v -0.32047900 -0.01940400 -0.03834300
v -0.32047900 -0.01940400 -0.03834300
v -0.32307300 -0.02377100 -0.03834500
v -0.32307300 -0.02377100 -0.03834500
v -0.32307300 -0.02377100 -0.03834500
v -0.32307300 -0.02377100 -0.03834500
v -0.32307300 -0.02377100 -0.03834500
v -0.32307300 -0.02377100 -0.03834500
v -0.32340900 -0.02355800 -0.04334000
v -0.32340900 -0.02355800 -0.04334000
v -0.32340900 -0.02355800 -0.04334000
v -0.32340900 -0.02355800 -0.04334000
v -0.32340900 -0.02355800 -0.04334000
v -0.32613000 -0.02770200 -0.03834600
v -0.32613000 -0.02770200 -0.03834600
v -0.32613000 -0.02770200 -0.03834600
v -0.32613000 -0.02770200 -0.03834600
v -0.32613000 -0.02770200 -0.03834600
v -0.32613000 -0.02770200 -0.03834600
v -0.32642500 -0.02744600 -0.04334100
v -0.32642500 -0.02744600 -0.04334100
v -0.32642500 -0.02744600 -0.04334100
v -0.32642500 -0.02744600 -0.04334100
v -0.32642500 -0.02744600 -0.04334100
v -0.32819900 -0.02985600 -0.03834600
v -0.32819900 -0.02985600 -0.03834600
v -0.32819900 -0.02985600 -0.03834600
v -0.32819900 -0.02985600 -0.03834600
v -0.32582500 -0.02796600 -0.02832800
v -0.32582500 -0.02796600 -0.02832800
v -0.32582500 -0.02796600 -0.02832800
v -0.32582500 -0.02796600 -0.02832800
v -0.32792100 -0.03014700 -0.02832800
v -0.32792100 -0.03014700 -0.02832800
v -0.32792100 -0.03014700 -0.02832800
v -0.32988400 -0.03190900 -0.02832800
v -0.32988400 -0.03190900 -0.02832800
v -0.32988400 -0.03190900 -0.02832800
v -0.32988400 -0.03190900 -0.02832800
v -0.32988400 -0.03190900 -0.02832800
v -0.33196000 -0.03353400 -0.02832800
v -0.33196000 -0.03353400 -0.02832800
v -0.33196000 -0.03353400 -0.02832800
v -0.33196000 -0.03353400 -0.02832800
v -0.33013900 -0.03159400 -0.03834600
v -0.33013900 -0.03159400 -0.03834600
v -0.33013900 -0.03159400 -0.03834600
v -0.33013900 -0.03159400 -0.03834600
v -0.32846800 -0.02957400 -0.04334100
v -0.32846800 -0.02957400 -0.04334100
v -0.32846800 -0.02957400 -0.04334100
v -0.32846800 -0.02957400 -0.04334100
v -0.32846800 -0.02957400 -0.04334100
v -0.33038500 -0.03128900 -0.04334000
v -0.33038500 -0.03128900 -0.04334000
v -0.33038500 -0.03128900 -0.04334000
v -0.33038500 -0.03128900 -0.04334000
v -0.33219100 -0.03319600 -0.03834500
v -0.33219100 -0.03319600 -0.03834500
v -0.33219100 -0.03319600 -0.03834500
v -0.33219100 -0.03319600 -0.03834500
v -0.33241500 -0.03287000 -0.04334000
v -0.33241500 -0.03287000 -0.04334000
v -0.33241500 -0.03287000 -0.04334000
v -0.33241500 -0.03287000 -0.04334000
v -0.33241500 -0.03287000 -0.04334000
v -0.33416400 -0.03504000 -0.02832700
v -0.33416400 -0.03504000 -0.02832700
v -0.33416400 -0.03504000 -0.02832700
v -0.33416400 -0.03504000 -0.02832700
v -0.33416400 -0.03504000 -0.02832700
v -0.33437100 -0.03467800 -0.03834500
v -0.33437100 -0.03467800 -0.03834500
v -0.33437100 -0.03467800 -0.03834500
v -0.33437100 -0.03467800 -0.03834500
v -0.33645400 -0.03639800 -0.02832700
v -0.33645400 -0.03639800 -0.02832700
v -0.33645400 -0.03639800 -0.02832700
v -0.33645400 -0.03639800 -0.02832700
v -0.33457100 -0.03433000 -0.04333900
v -0.33457100 -0.03433000 -0.04333900
v -0.33457100 -0.03433000 -0.04333900
v -0.33457100 -0.03433000 -0.04333900
v -0.33663700 -0.03601200 -0.03834300
v -0.33663700 -0.03601200 -0.03834300
v -0.33663700 -0.03601200 -0.03834300
v -0.33663700 -0.03601200 -0.03834300
v -0.33898900 -0.03720300 -0.03834200
v -0.33898900 -0.03720300 -0.03834200
v -0.33898900 -0.03720300 -0.03834200
v -0.33898900 -0.03720300 -0.03834200
v -0.33883100 -0.03761000 -0.02832600
v -0.33883100 -0.03761000 -0.02832600
v -0.33883100 -0.03761000 -0.02832600
v -0.33883100 -0.03761000 -0.02832600
v -0.33883100 -0.03761000 -0.02832600
v -0.33681300 -0.03564500 -0.04333800
v -0.33681300 -0.03564500 -0.04333800
v -0.33681300 -0.03564500 -0.04333800
v -0.33681300 -0.03564500 -0.04333800
v -0.33766200 -0.03546000 -0.04806900
v -0.33766200 -0.03546000 -0.04806900
v -0.33766200 -0.03546000 -0.04806900
v -0.33766200 -0.03546000 -0.04806900
v -0.33766200 -0.03546000 -0.04806900
v -0.33766200 -0.03546000 -0.04806900
v -0.33766200 -0.03546000 -0.04806900
v -0.33766200 -0.03546000 -0.04806900
v -0.33766200 -0.03546000 -0.04806900
v -0.33424700 -0.03346900 -0.04806700
v -0.33424700 -0.03346900 -0.04806700
v -0.33424700 -0.03346900 -0.04806700
v -0.33424700 -0.03346900 -0.04806700
v -0.33424700 -0.03346900 -0.04806700
v -0.33424700 -0.03346900 -0.04806700
v -0.33914200 -0.03681700 -0.04333700
v -0.33914200 -0.03681700 -0.04333700
v -0.33914200 -0.03681700 -0.04333700
v -0.33914200 -0.03681700 -0.04333700
v -0.34153400 -0.03783600 -0.04333600
v -0.34153400 -0.03783600 -0.04333600
v -0.34153400 -0.03783600 -0.04333600
v -0.34153400 -0.03783600 -0.04333600
v -0.34153400 -0.03783600 -0.04333600
v -0.34140600 -0.03824000 -0.03834100
v -0.34140600 -0.03824000 -0.03834100
v -0.34140600 -0.03824000 -0.03834100
v -0.34140600 -0.03824000 -0.03834100
v -0.34378000 -0.03956700 -0.02832400
v -0.34378000 -0.03956700 -0.02832400
v -0.34378000 -0.03956700 -0.02832400
v -0.34378000 -0.03956700 -0.02832400
v -0.34127300 -0.03866600 -0.02832500
v -0.34127300 -0.03866600 -0.02832500
v -0.34127300 -0.03866600 -0.02832500
v -0.34127300 -0.03866600 -0.02832500
v -0.34127300 -0.03866600 -0.02832500
v -0.34388800 -0.03912300 -0.03833900
v -0.34388800 -0.03912300 -0.03833900
v -0.34388800 -0.03912300 -0.03833900
v -0.34388800 -0.03912300 -0.03833900
v -0.34399200 -0.03870500 -0.04333400
v -0.34399200 -0.03870500 -0.04333400
v -0.34399200 -0.03870500 -0.04333400
v -0.34399200 -0.03870500 -0.04333400
v -0.34642000 -0.03984800 -0.03833600
v -0.34642000 -0.03984800 -0.03833600
v -0.34642000 -0.03984800 -0.03833600
v -0.34642000 -0.03984800 -0.03833600
v -0.34633700 -0.04030600 -0.02832300
v -0.34633700 -0.04030600 -0.02832300
v -0.34633700 -0.04030600 -0.02832300
v -0.34633700 -0.04030600 -0.02832300
v -0.34633700 -0.04030600 -0.02832300
v -0.34650100 -0.03941600 -0.04333200
v -0.34650100 -0.03941600 -0.04333200
v -0.34650100 -0.03941600 -0.04333200
v -0.34650100 -0.03941600 -0.04333200
v -0.34516600 -0.03844100 -0.04807300
v -0.34516600 -0.03844100 -0.04807300
v -0.34516600 -0.03844100 -0.04807300
v -0.34516600 -0.03844100 -0.04807300
v -0.34516600 -0.03844100 -0.04807300
v -0.34516600 -0.03844100 -0.04807300
v -0.34516600 -0.03844100 -0.04807300
v -0.34132300 -0.03713100 -0.04807100
v -0.34132300 -0.03713100 -0.04807100
v -0.34132300 -0.03713100 -0.04807100
v -0.34132300 -0.03713100 -0.04807100
v -0.34150600 -0.03667100 -0.04850000
v -0.34150600 -0.03667100 -0.04850000
v -0.34150600 -0.03667100 -0.04850000
v -0.34150600 -0.03667100 -0.04850000
v -0.34150600 -0.03667100 -0.04850000
v -0.34471800 -0.03779400 -0.04850000
v -0.34471800 -0.03779400 -0.04850000
v -0.34471800 -0.03779400 -0.04850000
v -0.34471800 -0.03779400 -0.04850000
v -0.34485900 -0.03619600 -0.04850000
v -0.34485900 -0.03619600 -0.04850000
v -0.34485900 -0.03619600 -0.04850000
v -0.34923400 -0.03888200 -0.04850000
v -0.34923400 -0.03888200 -0.04850000
v -0.34923400 -0.03888200 -0.04850000
v -0.33950800 -0.03408100 -0.04850000
v -0.33950800 -0.03408100 -0.04850000
v -0.33950800 -0.03408100 -0.04850000
v -0.33950800 -0.03408100 -0.04650000
v -0.33950800 -0.03408100 -0.04650000
v -0.33950800 -0.03408100 -0.04650000
v -0.33471300 -0.03130400 -0.04650000
v -0.33471300 -0.03130400 -0.04650000
v -0.33471300 -0.03130400 -0.04650000
v -0.34149200 -0.02552400 -0.04650000
v -0.34149200 -0.02552400 -0.04650000
v -0.34149200 -0.02552400 -0.04650000
v -0.34149200 -0.02552400 -0.05150000
v -0.34149200 -0.02552400 -0.05150000
v -0.34149200 -0.02552400 -0.05150000
v -0.33752700 -0.02279700 -0.05150000
v -0.33752700 -0.02279700 -0.05150000
v -0.33752700 -0.02279700 -0.05150000
v -0.33752700 -0.02279700 -0.04650000
v -0.33752700 -0.02279700 -0.04650000
v -0.33752700 -0.02279700 -0.04650000
v -0.32954300 -0.02698800 -0.04650000
v -0.32954300 -0.02698800 -0.04650000
v -0.32954300 -0.02698800 -0.04650000
v -0.33049000 -0.02791600 -0.04650000
v -0.33049000 -0.02791600 -0.04650000
v -0.33049000 -0.02791600 -0.04650000
v -0.33420300 -0.01947300 -0.04650000
v -0.33420300 -0.01947300 -0.04650000
v -0.33420300 -0.01947300 -0.04650000
v -0.33420300 -0.01947300 -0.05150000
v -0.33420300 -0.01947300 -0.05150000
v -0.33420300 -0.01947300 -0.05150000
v -0.33684700 -0.02015200 -0.05150000
v -0.33684700 -0.02015200 -0.05150000
v -0.33684700 -0.02015200 -0.05150000
v -0.33565800 -0.01887100 -0.05150000
v -0.33565800 -0.01887100 -0.05150000
v -0.33565800 -0.01887100 -0.05150000
v -0.33565800 -0.01887100 -0.05150000
v -0.33507000 -0.01816200 -0.05150000
v -0.33507000 -0.01816200 -0.05150000
v -0.33507000 -0.01816200 -0.05150000
v -0.33507000 -0.01816200 -0.05150000
v -0.33134400 -0.01527200 -0.05150000
v -0.33134400 -0.01527200 -0.05150000
v -0.33134400 -0.01527200 -0.05150000
v -0.33134400 -0.01527200 -0.04650000
v -0.33134400 -0.01527200 -0.04650000
v -0.33134400 -0.01527200 -0.04650000
v -0.33282400 -0.01484300 -0.05150000
v -0.33282400 -0.01484300 -0.05150000
v -0.33282400 -0.01484300 -0.05150000
v -0.33282400 -0.01484300 -0.05150000
v -0.32923600 -0.01057600 -0.05150000
v -0.32923600 -0.01057600 -0.05150000
v -0.32923600 -0.01057600 -0.05150000
v -0.33212800 -0.01354900 -0.05150000
v -0.33212800 -0.01354900 -0.05150000
v -0.33212800 -0.01354900 -0.05150000
v -0.33153200 -0.01074800 -0.05068300
v -0.33153200 -0.01074800 -0.05068300
v -0.33153200 -0.01074800 -0.05068300
v -0.33153200 -0.01074800 -0.05068300
v -0.33153200 -0.01074800 -0.05068300
v -0.33262200 -0.01325800 -0.05068300
v -0.33262200 -0.01325800 -0.05068300
v -0.33262200 -0.01325800 -0.05068300
v -0.33262200 -0.01325800 -0.05068300
v -0.33262200 -0.01325800 -0.05068300
v -0.33262200 -0.01325800 -0.05068300
v -0.33073000 -0.01030300 -0.05150000
v -0.33073000 -0.01030300 -0.05150000
v -0.33073000 -0.01030300 -0.05150000
v -0.33068800 -0.00814000 -0.05068300
v -0.33068800 -0.00814000 -0.05068300
v -0.33068800 -0.00814000 -0.05068300
v -0.33068800 -0.00814000 -0.05068300
v -0.33068800 -0.00814000 -0.05068300
v -0.33010400 -0.00834000 -0.05150000
v -0.33010400 -0.00834000 -0.05150000
v -0.33010400 -0.00834000 -0.05150000
v -0.32793800 -0.00547800 -0.05150000
v -0.32793800 -0.00547800 -0.05150000
v -0.32793800 -0.00547800 -0.05150000
v -0.32943700 -0.00535500 -0.05150000
v -0.32943700 -0.00535500 -0.05150000
v -0.32943700 -0.00535500 -0.05150000
v -0.33009000 -0.00543600 -0.05068300
v -0.33009000 -0.00543600 -0.05068300
v -0.33009000 -0.00543600 -0.05068300
v -0.33009000 -0.00543600 -0.05068300
v -0.33009000 -0.00543600 -0.05068300
v -0.32973400 -0.00263100 -0.05068300
v -0.32973400 -0.00263100 -0.05068300
v -0.32973400 -0.00263100 -0.05068300
v -0.32973400 -0.00263100 -0.05068300
v -0.32973400 -0.00263100 -0.05068300
v -0.33145100 -0.00789600 -0.04999400
v -0.33145100 -0.00789600 -0.04999400
v -0.33145100 -0.00789600 -0.04999400
v -0.33145100 -0.00789600 -0.04999400
v -0.33145100 -0.00789600 -0.04999400
v -0.33145100 -0.00789600 -0.04999400
v -0.33089600 -0.00526300 -0.04999400
v -0.33089600 -0.00526300 -0.04999400
v -0.33089600 -0.00526300 -0.04999400
v -0.33089600 -0.00526300 -0.04999400
v -0.33089600 -0.00526300 -0.04999400
v -0.33183100 -0.00507200 -0.04946000
v -0.33183100 -0.00507200 -0.04946000
v -0.33183100 -0.00507200 -0.04946000
v -0.33183100 -0.00507200 -0.04946000
v -0.33183100 -0.00507200 -0.04946000
v -0.33056300 -0.00254100 -0.04999400
v -0.33056300 -0.00254100 -0.04999400
v -0.33056300 -0.00254100 -0.04999400
v -0.33056300 -0.00254100 -0.04999400
v -0.33056300 -0.00254100 -0.04999400
v -0.33233500 -0.00762500 -0.04946000
v -0.33233500 -0.00762500 -0.04946000
v -0.33233500 -0.00762500 -0.04946000
v -0.33233500 -0.00762500 -0.04946000
v -0.33233500 -0.00762500 -0.04946000
v -0.33233500 -0.00762500 -0.04946000
v -0.33395700 -0.00973000 -0.04906500
v -0.33395700 -0.00973000 -0.04906500
v -0.33395700 -0.00973000 -0.04906500
v -0.33395700 -0.00973000 -0.04906500
v -0.33395700 -0.00973000 -0.04906500
v -0.33330700 -0.00733400 -0.04906500
v -0.33330700 -0.00733400 -0.04906500
v -0.33330700 -0.00733400 -0.04906500
v -0.33330700 -0.00733400 -0.04906500
v -0.33330700 -0.00733400 -0.04906500
v -0.33305700 -0.01009900 -0.04946000
v -0.33305700 -0.01009900 -0.04946000
v -0.33305700 -0.01009900 -0.04946000
v -0.33305700 -0.01009900 -0.04946000
v -0.33305700 -0.01009900 -0.04946000
v -0.33305700 -0.01009900 -0.04946000
v -0.33483300 -0.01204400 -0.04906500
v -0.33483300 -0.01204400 -0.04906500
v -0.33483300 -0.01204400 -0.04906500
v -0.33483300 -0.01204400 -0.04906500
v -0.33483300 -0.01204400 -0.04906500
v -0.33401200 -0.01248600 -0.04946000
v -0.33401200 -0.01248600 -0.04946000
v -0.33401200 -0.01248600 -0.04946000
v -0.33401200 -0.01248600 -0.04946000
v -0.33401200 -0.01248600 -0.04946000
v -0.33401200 -0.01248600 -0.04946000
v -0.33223900 -0.01044200 -0.04999400
v -0.33223900 -0.01044200 -0.04999400
v -0.33223900 -0.01044200 -0.04999400
v -0.33223900 -0.01044200 -0.04999400
v -0.33223900 -0.01044200 -0.04999400
v -0.33223900 -0.01044200 -0.04999400
v -0.33326600 -0.01289500 -0.04999400
v -0.33326600 -0.01289500 -0.04999400
v -0.33326600 -0.01289500 -0.04999400
v -0.33326600 -0.01289500 -0.04999400
v -0.33326600 -0.01289500 -0.04999400
v -0.33326600 -0.01289500 -0.04999400
v -0.33452500 -0.01521600 -0.04999400
v -0.33452500 -0.01521600 -0.04999400
v -0.33452500 -0.01521600 -0.04999400
v -0.33452500 -0.01521600 -0.04999400
v -0.33452500 -0.01521600 -0.04999400
v -0.33452500 -0.01521600 -0.04999400
v -0.33520000 -0.01474900 -0.04946000
v -0.33520000 -0.01474900 -0.04946000
v -0.33520000 -0.01474900 -0.04946000
v -0.33520000 -0.01474900 -0.04946000
v -0.33520000 -0.01474900 -0.04946000
v -0.33729400 -0.01628000 -0.04906500
v -0.33729400 -0.01628000 -0.04906500
v -0.33729400 -0.01628000 -0.04906500
v -0.33729400 -0.01628000 -0.04906500
v -0.33661900 -0.01684300 -0.04946000
v -0.33661900 -0.01684300 -0.04946000
v -0.33661900 -0.01684300 -0.04946000
v -0.33661900 -0.01684300 -0.04946000
v -0.33661900 -0.01684300 -0.04946000
v -0.33594400 -0.01424200 -0.04906500
v -0.33594400 -0.01424200 -0.04906500
v -0.33594400 -0.01424200 -0.04906500
v -0.33594400 -0.01424200 -0.04906500
v -0.33594400 -0.01424200 -0.04906500
v -0.33873600 -0.01508100 -0.04861500
v -0.33873600 -0.01508100 -0.04861500
v -0.33873600 -0.01508100 -0.04861500
v -0.33753600 -0.01316400 -0.04861500
v -0.33753600 -0.01316400 -0.04861500
v -0.33753600 -0.01316400 -0.04861500
v -0.33659100 -0.01110700 -0.04861500
v -0.33659100 -0.01110700 -0.04861500
v -0.33659100 -0.01110700 -0.04861500
v -0.33659100 -0.01110700 -0.04861500
v -0.33848700 -0.01077800 -0.04850000
v -0.33848700 -0.01077800 -0.04850000
v -0.33906800 -0.01212600 -0.04850000
v -0.33906800 -0.01212600 -0.04850000
v -0.34789600 -0.01293900 -0.04850000
v -0.34789600 -0.01293900 -0.04850000
v -0.34789600 -0.01293900 -0.04850000
v -0.33994300 -0.01365800 -0.04850000
v -0.33994300 -0.01365800 -0.04850000
v -0.34146900 -0.01553100 -0.04850000
v -0.34146900 -0.01553100 -0.04850000
v -0.34020300 -0.01679700 -0.04861500
v -0.34020300 -0.01679700 -0.04861500
v -0.34020300 -0.01679700 -0.04861500
v -0.34191900 -0.01826400 -0.04861500
v -0.34191900 -0.01826400 -0.04861500
v -0.34191900 -0.01826400 -0.04861500
v -0.33888800 -0.01811200 -0.04906500
v -0.33888800 -0.01811200 -0.04906500
v -0.33888800 -0.01811200 -0.04906500
v -0.33888800 -0.01811200 -0.04906500
v -0.34206300 -0.01608600 -0.04850000
v -0.34206300 -0.01608600 -0.04850000
v -0.34307400 -0.01687500 -0.04850000
v -0.34307400 -0.01687500 -0.04850000
v -0.34466200 -0.01782600 -0.04850000
v -0.34466200 -0.01782600 -0.04850000
v -0.34487400 -0.01793200 -0.04850000
v -0.34487400 -0.01793200 -0.04850000
v -0.34383600 -0.01946400 -0.04861500
v -0.34383600 -0.01946400 -0.04861500
v -0.34383600 -0.01946400 -0.04861500
v -0.34275800 -0.02105600 -0.04906500
v -0.34275800 -0.02105600 -0.04906500
v -0.34275800 -0.02105600 -0.04906500
v -0.34275800 -0.02105600 -0.04906500
v -0.34072000 -0.01970600 -0.04906500
v -0.34072000 -0.01970600 -0.04906500
v -0.34072000 -0.01970600 -0.04906500
v -0.34072000 -0.01970600 -0.04906500
v -0.34589300 -0.02040900 -0.04861500
v -0.34589300 -0.02040900 -0.04861500
v -0.34589300 -0.02040900 -0.04861500
v -0.34805000 -0.02111700 -0.04861500
v -0.34805000 -0.02111700 -0.04861500
v -0.34805000 -0.02111700 -0.04861500
v -0.34805000 -0.02111700 -0.04861500
v -0.34495600 -0.02216700 -0.04906500
v -0.34495600 -0.02216700 -0.04906500
v -0.34495600 -0.02216700 -0.04906500
v -0.34495600 -0.02216700 -0.04906500
v -0.34495600 -0.02216700 -0.04906500
v -0.34495600 -0.02216700 -0.04906500
v -0.34727000 -0.02304300 -0.04906500
v -0.34727000 -0.02304300 -0.04906500
v -0.34727000 -0.02304300 -0.04906500
v -0.34727000 -0.02304300 -0.04906500
v -0.34727000 -0.02304300 -0.04906500
v -0.34727000 -0.02304300 -0.04906500
v -0.34451400 -0.02298800 -0.04946000
v -0.34451400 -0.02298800 -0.04946000
v -0.34451400 -0.02298800 -0.04946000
v -0.34451400 -0.02298800 -0.04946000
v -0.34451400 -0.02298800 -0.04946000
v -0.34451400 -0.02298800 -0.04946000
v -0.34225100 -0.02180000 -0.04946000
v -0.34225100 -0.02180000 -0.04946000
v -0.34225100 -0.02180000 -0.04946000
v -0.34225100 -0.02180000 -0.04946000
v -0.34225100 -0.02180000 -0.04946000
v -0.34225100 -0.02180000 -0.04946000
v -0.34178400 -0.02247500 -0.04999400
v -0.34178400 -0.02247500 -0.04999400
v -0.34178400 -0.02247500 -0.04999400
v -0.34178400 -0.02247500 -0.04999400
v -0.34178400 -0.02247500 -0.04999400
v -0.34178400 -0.02247500 -0.04999400
v -0.33964200 -0.02099400 -0.04999400
v -0.33964200 -0.02099400 -0.04999400
v -0.33964200 -0.02099400 -0.04999400
v -0.33964200 -0.02099400 -0.04999400
v -0.33964200 -0.02099400 -0.04999400
v -0.34015700 -0.02038000 -0.04946000
v -0.34015700 -0.02038000 -0.04946000
v -0.34015700 -0.02038000 -0.04946000
v -0.34015700 -0.02038000 -0.04946000
v -0.33771200 -0.01928800 -0.04999400
v -0.33771200 -0.01928800 -0.04999400
v -0.33771200 -0.01928800 -0.04999400
v -0.33771200 -0.01928800 -0.04999400
v -0.33827300 -0.01872700 -0.04946000
v -0.33827300 -0.01872700 -0.04946000
v -0.33827300 -0.01872700 -0.04946000
v -0.33827300 -0.01872700 -0.04946000
v -0.33600600 -0.01735800 -0.04999400
v -0.33600600 -0.01735800 -0.04999400
v -0.33600600 -0.01735800 -0.04999400
v -0.33600600 -0.01735800 -0.04999400
v -0.33600600 -0.01735800 -0.04999400
v -0.33547700 -0.01780900 -0.05068300
v -0.33547700 -0.01780900 -0.05068300
v -0.33547700 -0.01780900 -0.05068300
v -0.33547700 -0.01780900 -0.05068300
v -0.33547700 -0.01780900 -0.05068300
v -0.33394200 -0.01562700 -0.05068300
v -0.33394200 -0.01562700 -0.05068300
v -0.33394200 -0.01562700 -0.05068300
v -0.33394200 -0.01562700 -0.05068300
v -0.33394200 -0.01562700 -0.05068300
v -0.33394200 -0.01562700 -0.05068300
v -0.33722500 -0.01977500 -0.05068300
v -0.33722500 -0.01977500 -0.05068300
v -0.33722500 -0.01977500 -0.05068300
v -0.33722500 -0.01977500 -0.05068300
v -0.33722500 -0.01977500 -0.05068300
v -0.33919100 -0.02152300 -0.05068300
v -0.33919100 -0.02152300 -0.05068300
v -0.33919100 -0.02152300 -0.05068300
v -0.33919100 -0.02152300 -0.05068300
v -0.33919100 -0.02152300 -0.05068300
v -0.33897900 -0.02204200 -0.05150000
v -0.33897900 -0.02204200 -0.05150000
v -0.33897900 -0.02204200 -0.05150000
v -0.34104600 -0.02350400 -0.05150000
v -0.34104600 -0.02350400 -0.05150000
v -0.34104600 -0.02350400 -0.05150000
v -0.34293400 -0.02460400 -0.05150000
v -0.34293400 -0.02460400 -0.05150000
v -0.34293400 -0.02460400 -0.05150000
v -0.34293400 -0.02460400 -0.05150000
v -0.34137300 -0.02305800 -0.05068300
v -0.34137300 -0.02305800 -0.05068300
v -0.34137300 -0.02305800 -0.05068300
v -0.34137300 -0.02305800 -0.05068300
v -0.34137300 -0.02305800 -0.05068300
v -0.34137300 -0.02305800 -0.05068300
v -0.34374200 -0.02437800 -0.05068300
v -0.34374200 -0.02437800 -0.05068300
v -0.34374200 -0.02437800 -0.05068300
v -0.34374200 -0.02437800 -0.05068300
v -0.34374200 -0.02437800 -0.05068300
v -0.34374200 -0.02437800 -0.05068300
v -0.34410500 -0.02373400 -0.04999400
v -0.34410500 -0.02373400 -0.04999400
v -0.34410500 -0.02373400 -0.04999400
v -0.34410500 -0.02373400 -0.04999400
v -0.34410500 -0.02373400 -0.04999400
v -0.34410500 -0.02373400 -0.04999400
v -0.34655800 -0.02476100 -0.04999400
v -0.34655800 -0.02476100 -0.04999400
v -0.34655800 -0.02476100 -0.04999400
v -0.34655800 -0.02476100 -0.04999400
v -0.34655800 -0.02476100 -0.04999400
v -0.34655800 -0.02476100 -0.04999400
v -0.34690100 -0.02394300 -0.04946000
v -0.34690100 -0.02394300 -0.04946000
v -0.34690100 -0.02394300 -0.04946000
v -0.34690100 -0.02394300 -0.04946000
v -0.34690100 -0.02394300 -0.04946000
v -0.34690100 -0.02394300 -0.04946000
v -0.34966600 -0.02369300 -0.04906500
v -0.34966600 -0.02369300 -0.04906500
v -0.34966600 -0.02369300 -0.04906500
v -0.34966600 -0.02369300 -0.04906500
v -0.34966600 -0.02369300 -0.04906500
v -0.34937500 -0.02466500 -0.04946000
v -0.34937500 -0.02466500 -0.04946000
v -0.34937500 -0.02466500 -0.04946000
v -0.34937500 -0.02466500 -0.04946000
v -0.34937500 -0.02466500 -0.04946000
v -0.34937500 -0.02466500 -0.04946000
v -0.35192800 -0.02516900 -0.04946000
v -0.35192800 -0.02516900 -0.04946000
v -0.35192800 -0.02516900 -0.04946000
v -0.35192800 -0.02516900 -0.04946000
v -0.35192800 -0.02516900 -0.04946000
v -0.34910400 -0.02554900 -0.04999400
v -0.34910400 -0.02554900 -0.04999400
v -0.34910400 -0.02554900 -0.04999400
v -0.34910400 -0.02554900 -0.04999400
v -0.34910400 -0.02554900 -0.04999400
v -0.34910400 -0.02554900 -0.04999400
v -0.35213200 -0.02413700 -0.04906500
v -0.35213200 -0.02413700 -0.04906500
v -0.35213200 -0.02413700 -0.04906500
v -0.35213200 -0.02413700 -0.04906500
v -0.35213200 -0.02413700 -0.04906500
v -0.35256100 -0.02192800 -0.04861500
v -0.35256100 -0.02192800 -0.04861500
v -0.35256100 -0.02192800 -0.04861500
v -0.35488000 -0.02209600 -0.04861500
v -0.35488000 -0.02209600 -0.04861500
v -0.35488000 -0.02209600 -0.04861500
v -0.35466100 -0.02439700 -0.04906500
v -0.35466100 -0.02439700 -0.04906500
v -0.35466100 -0.02439700 -0.04906500
v -0.35466100 -0.02439700 -0.04906500
v -0.35466100 -0.02439700 -0.04906500
v -0.35455700 -0.02546800 -0.04946000
v -0.35455700 -0.02546800 -0.04946000
v -0.35455700 -0.02546800 -0.04946000
v -0.35455700 -0.02546800 -0.04946000
v -0.35455700 -0.02546800 -0.04946000
v -0.35445900 -0.02643700 -0.04999400
v -0.35445900 -0.02643700 -0.04999400
v -0.35445900 -0.02643700 -0.04999400
v -0.35445900 -0.02643700 -0.04999400
v -0.35445900 -0.02643700 -0.04999400
v -0.35173700 -0.02610400 -0.04999400
v -0.35173700 -0.02610400 -0.04999400
v -0.35173700 -0.02610400 -0.04999400
v -0.35173700 -0.02610400 -0.04999400
v -0.35173700 -0.02610400 -0.04999400
v -0.35156400 -0.02691000 -0.05068300
v -0.35156400 -0.02691000 -0.05068300
v -0.35156400 -0.02691000 -0.05068300
v -0.35156400 -0.02691000 -0.05068300
v -0.35156400 -0.02691000 -0.05068300
v -0.34886000 -0.02631200 -0.05068300
v -0.34886000 -0.02631200 -0.05068300
v -0.34886000 -0.02631200 -0.05068300
v -0.34886000 -0.02631200 -0.05068300
v -0.34886000 -0.02631200 -0.05068300
v -0.34886000 -0.02631200 -0.05068300
v -0.34749700 -0.02654400 -0.05150000
v -0.34749700 -0.02654400 -0.05150000
v -0.34749700 -0.02654400 -0.05150000
v -0.34749700 -0.02654400 -0.05150000
v -0.34625200 -0.02546800 -0.05068300
v -0.34625200 -0.02546800 -0.05068300
v -0.34625200 -0.02546800 -0.05068300
v -0.34625200 -0.02546800 -0.05068300
v -0.34625200 -0.02546800 -0.05068300
v -0.34625200 -0.02546800 -0.05068300
v -0.34600300 -0.02601000 -0.05150000
v -0.34600300 -0.02601000 -0.05150000
v -0.34600300 -0.02601000 -0.05150000
v -0.34600300 -0.02601000 -0.05150000
v -0.35436900 -0.02726600 -0.05068300
v -0.35436900 -0.02726600 -0.05068300
v -0.35436900 -0.02726600 -0.05068300
v -0.35436900 -0.02726600 -0.05068300
v -0.35436900 -0.02726600 -0.05068300
v -0.35436900 -0.02726600 -0.05068300
v -0.35027900 -0.02161200 -0.04861500
v -0.35027900 -0.02161200 -0.04861500
v -0.35027900 -0.02161200 -0.04861500
v -0.35027900 -0.02161200 -0.04861500
v -0.33719900 -0.00402500 -0.04850000
v -0.33719900 -0.00402500 -0.04850000
v -0.33758000 -0.00739100 -0.04850000
v -0.33758000 -0.00739100 -0.04850000
v -0.33773800 -0.00819600 -0.04850000
v -0.33773800 -0.00819600 -0.04850000
v -0.34139600 -0.00168100 -0.04850000
v -0.34139600 -0.00168100 -0.04850000
v -0.34139600 -0.00168100 -0.04850000
v -0.34109100 -0.00090600 -0.04850000
v -0.34109100 -0.00090600 -0.04850000
v -0.34109100 -0.00090600 -0.04850000
v -0.33712700 -0.00235900 -0.04850000
v -0.33712700 -0.00235900 -0.04850000
v -0.34109100 -0.00090600 -0.04800000
v -0.34109100 -0.00090600 -0.04800000
v -0.34109100 -0.00090600 -0.04800000
v -0.34139600 -0.00168100 -0.04800000
v -0.34139600 -0.00168100 -0.04800000
v -0.34865100 -0.00087000 -0.04800000
v -0.34865100 -0.00087000 -0.04800000
v -0.34841900 -0.00002000 -0.04800000
v -0.34841900 -0.00002000 -0.04800000
v -0.34865100 -0.00087000 -0.04850000
v -0.34865100 -0.00087000 -0.04850000
v -0.34865100 -0.00087000 -0.04850000
v -0.34841900 -0.00002000 -0.04850000
v -0.34841900 -0.00002000 -0.04850000
v -0.34841900 -0.00002000 -0.04850000
v -0.34845100 0.00054000 -0.04850000
v -0.34845100 0.00054000 -0.04850000
v -0.34845100 0.00054000 -0.04850000
v -0.34865100 0.00111200 -0.04850000
v -0.34865100 0.00111200 -0.04850000
v -0.34865100 0.00111200 -0.04850000
v -0.35458300 -0.00386300 -0.04850000
v -0.35458300 -0.00386300 -0.04850000
v -0.35458300 -0.00386300 -0.04850000
v -0.34845100 0.00054000 -0.04800000
v -0.34845100 0.00054000 -0.04800000
v -0.34865100 0.00111200 -0.04800000
v -0.34865100 0.00111200 -0.04800000
v -0.35018000 0.00376200 -0.04800000
v -0.35018000 0.00376200 -0.04800000
v -0.36485300 -0.00352000 -0.04800000
v -0.36485300 -0.00352000 -0.04800000
v -0.35950000 0.00465400 -0.04800000
v -0.35950000 0.00465400 -0.04800000
v -0.35950000 0.00465400 -0.04800000
v -0.36045100 0.00410300 -0.04800000
v -0.36045100 0.00410300 -0.04800000
v -0.36045100 0.00410300 -0.04800000
v -0.35458300 -0.00386300 -0.04800000
v -0.35458300 -0.00386300 -0.04800000
v -0.35458300 -0.00386300 -0.04800000
v -0.35553500 -0.00441200 -0.04800000
v -0.35553500 -0.00441200 -0.04800000
v -0.35553500 -0.00441200 -0.04800000
v -0.35069500 0.00465400 -0.04800000
v -0.35069500 0.00465400 -0.04800000
v -0.35018000 0.00376200 -0.04850000
v -0.35018000 0.00376200 -0.04850000
v -0.35018000 0.00376200 -0.04850000
v -0.34139600 0.00192300 -0.04800000
v -0.34139600 0.00192300 -0.04800000
v -0.34139600 0.00192300 -0.04800000
v -0.34789600 0.01318100 -0.04800000
v -0.34789600 0.01318100 -0.04800000
v -0.35222600 0.00730300 -0.04800000
v -0.35222600 0.00730300 -0.04800000
v -0.35069500 0.00465400 -0.04850000
v -0.35069500 0.00465400 -0.04850000
v -0.35069500 0.00465400 -0.04850000
v -0.35950000 0.00465400 -0.04850000
v -0.35950000 0.00465400 -0.04850000
v -0.35950000 0.00465400 -0.04850000
v -0.35222600 0.00730300 -0.04850000
v -0.35222600 0.00730300 -0.04850000
v -0.35222600 0.00730300 -0.04850000
v -0.35993500 0.00454700 -0.04850000
v -0.35993500 0.00454700 -0.04850000
v -0.35993500 0.00454700 -0.04850000
v -0.35394200 0.00829500 -0.04850000
v -0.35394200 0.00829500 -0.04850000
v -0.35394200 0.00829500 -0.04850000
v -0.35309000 0.00807100 -0.04850000
v -0.35309000 0.00807100 -0.04850000
v -0.35309000 0.00807100 -0.04850000
v -0.35262000 0.00776100 -0.04850000
v -0.35262000 0.00776100 -0.04850000
v -0.35262000 0.00776100 -0.04850000
v -0.36109200 0.00829500 -0.04850000
v -0.36109200 0.00829500 -0.04850000
v -0.36109200 0.00829500 -0.04850000
v -0.36169000 0.00818100 -0.04850000
v -0.36169000 0.00818100 -0.04850000
v -0.36169000 0.00818100 -0.04850000
v -0.35993500 0.00454700 -0.04800000
v -0.35993500 0.00454700 -0.04800000
v -0.35993500 0.00454700 -0.04800000
v -0.36031900 0.00427600 -0.04800000
v -0.36031900 0.00427600 -0.04800000
v -0.36031900 0.00427600 -0.04800000
v -0.36031900 0.00427600 -0.04850000
v -0.36031900 0.00427600 -0.04850000
v -0.36031900 0.00427600 -0.04850000
v -0.36218800 0.00793000 -0.04850000
v -0.36218800 0.00793000 -0.04850000
v -0.36218800 0.00793000 -0.04850000
v -0.36280800 0.00730300 -0.04850000
v -0.36280800 0.00730300 -0.04850000
v -0.36280800 0.00730300 -0.04850000
v -0.36045100 0.00410300 -0.04850000
v -0.36045100 0.00410300 -0.04850000
v -0.36045100 0.00410300 -0.04850000
v -0.36638300 0.00111200 -0.04850000
v -0.36638300 0.00111200 -0.04850000
v -0.36638300 0.00111200 -0.04850000
v -0.36485300 -0.00352000 -0.04850000
v -0.36485300 -0.00352000 -0.04850000
v -0.36485300 -0.00352000 -0.04850000
v -0.36638300 -0.00087000 -0.04850000
v -0.36638300 -0.00087000 -0.04850000
v -0.36638300 -0.00087000 -0.04850000
v -0.36661500 -0.00002000 -0.04850000
v -0.36661500 -0.00002000 -0.04850000
v -0.36661500 -0.00002000 -0.04850000
v -0.36658300 0.00053900 -0.04850000
v -0.36658300 0.00053900 -0.04850000
v -0.36658300 0.00053900 -0.04850000
v -0.36638300 -0.00087000 -0.04800000
v -0.36638300 -0.00087000 -0.04800000
v -0.36661500 -0.00002000 -0.04800000
v -0.36661500 -0.00002000 -0.04800000
v -0.37394400 0.00114500 -0.04800000
v -0.37394400 0.00114500 -0.04800000
v -0.37394400 0.00114500 -0.04800000
v -0.36658300 0.00053900 -0.04800000
v -0.36658300 0.00053900 -0.04800000
v -0.36638300 0.00111200 -0.04800000
v -0.36638300 0.00111200 -0.04800000
v -0.37363800 0.00192300 -0.04800000
v -0.37363800 0.00192300 -0.04800000
v -0.37363800 0.00192300 -0.04850000
v -0.37363800 0.00192300 -0.04850000
v -0.37363800 0.00192300 -0.04850000
v -0.36713800 0.01318100 -0.04800000
v -0.36713800 0.01318100 -0.04800000
v -0.36280800 0.00730300 -0.04800000
v -0.36280800 0.00730300 -0.04800000
v -0.36218800 0.00793000 -0.04800000
v -0.36218800 0.00793000 -0.04800000
v -0.36169000 0.00818100 -0.04800000
v -0.36169000 0.00818100 -0.04800000
v -0.36608800 0.01426600 -0.04800000
v -0.36608800 0.01426600 -0.04800000
v -0.36484000 0.01486000 -0.04800000
v -0.36484000 0.01486000 -0.04800000
v -0.36401700 0.01498200 -0.04800000
v -0.36401700 0.01498200 -0.04800000
v -0.36401700 0.01498200 -0.04850000
v -0.36401700 0.01498200 -0.04850000
v -0.36401700 0.01498200 -0.04850000
v -0.36484000 0.01486000 -0.04850000
v -0.36484000 0.01486000 -0.04850000
v -0.36484000 0.01486000 -0.04850000
v -0.36912600 0.01793200 -0.04850000
v -0.36912600 0.01793200 -0.04850000
v -0.36612400 0.01904000 -0.04850000
v -0.36612400 0.01904000 -0.04850000
v -0.36608800 0.01426600 -0.04850000
v -0.36608800 0.01426600 -0.04850000
v -0.36608800 0.01426600 -0.04850000
v -0.36933700 0.01782600 -0.04850000
v -0.36933700 0.01782600 -0.04850000
v -0.36713800 0.01318100 -0.04850000
v -0.36713800 0.01318100 -0.04850000
v -0.36713800 0.01318100 -0.04850000
v -0.37642000 0.00739100 -0.04850000
v -0.37642000 0.00739100 -0.04850000
v -0.37405700 0.01365800 -0.04850000
v -0.37405700 0.01365800 -0.04850000
v -0.37493200 0.01212600 -0.04850000
v -0.37493200 0.01212600 -0.04850000
v -0.37092600 0.01687500 -0.04850000
v -0.37092600 0.01687500 -0.04850000
v -0.37680100 0.00402500 -0.04850000
v -0.37680100 0.00402500 -0.04850000
v -0.37551300 0.01077800 -0.04850000
v -0.37551300 0.01077800 -0.04850000
v -0.37193700 0.01608600 -0.04850000
v -0.37193700 0.01608600 -0.04850000
v -0.37253200 0.01553100 -0.04850000
v -0.37253200 0.01553100 -0.04850000
v -0.37626200 0.00819600 -0.04850000
v -0.37626200 0.00819600 -0.04850000
v -0.37740900 0.01110700 -0.04861500
v -0.37740900 0.01110700 -0.04861500
v -0.37740900 0.01110700 -0.04861500
v -0.37811700 0.00895000 -0.04861500
v -0.37811700 0.00895000 -0.04861500
v -0.37811700 0.00895000 -0.04861500
v -0.37861200 0.00672100 -0.04861500
v -0.37861200 0.00672100 -0.04861500
v -0.38004300 0.00973000 -0.04906500
v -0.38004300 0.00973000 -0.04906500
v -0.38004300 0.00973000 -0.04906500
v -0.38004300 0.00973000 -0.04906500
v -0.38069300 0.00733400 -0.04906500
v -0.38069300 0.00733400 -0.04906500
v -0.38069300 0.00733400 -0.04906500
v -0.38069300 0.00733400 -0.04906500
v -0.38069300 0.00733400 -0.04906500
v -0.38216900 0.00507200 -0.04946000
v -0.38216900 0.00507200 -0.04946000
v -0.38216900 0.00507200 -0.04946000
v -0.38216900 0.00507200 -0.04946000
v -0.38216900 0.00507200 -0.04946000
v -0.38113800 0.00486800 -0.04906500
v -0.38113800 0.00486800 -0.04906500
v -0.38113800 0.00486800 -0.04906500
v -0.38166500 0.00762500 -0.04946000
v -0.38166500 0.00762500 -0.04946000
v -0.38166500 0.00762500 -0.04946000
v -0.38166500 0.00762500 -0.04946000
v -0.38166500 0.00762500 -0.04946000
v -0.38166500 0.00762500 -0.04946000
v -0.38310400 0.00526300 -0.04999400
v -0.38310400 0.00526300 -0.04999400
v -0.38310400 0.00526300 -0.04999400
v -0.38310400 0.00526300 -0.04999400
v -0.38310400 0.00526300 -0.04999400
v -0.38094300 0.01009900 -0.04946000
v -0.38094300 0.01009900 -0.04946000
v -0.38094300 0.01009900 -0.04946000
v -0.38094300 0.01009900 -0.04946000
v -0.38094300 0.01009900 -0.04946000
v -0.38094300 0.01009900 -0.04946000
v -0.38254900 0.00789600 -0.04999400
v -0.38254900 0.00789600 -0.04999400
v -0.38254900 0.00789600 -0.04999400
v -0.38254900 0.00789600 -0.04999400
v -0.38254900 0.00789600 -0.04999400
v -0.38254900 0.00789600 -0.04999400
v -0.38331200 0.00814000 -0.05068300
v -0.38331200 0.00814000 -0.05068300
v -0.38331200 0.00814000 -0.05068300
v -0.38331200 0.00814000 -0.05068300
v -0.38331200 0.00814000 -0.05068300
v -0.38391000 0.00543600 -0.05068300
v -0.38391000 0.00543600 -0.05068300
v -0.38391000 0.00543600 -0.05068300
v -0.38391000 0.00543600 -0.05068300
v -0.38391000 0.00543600 -0.05068300
v -0.38176100 0.01044200 -0.04999400
v -0.38176100 0.01044200 -0.04999400
v -0.38176100 0.01044200 -0.04999400
v -0.38176100 0.01044200 -0.04999400
v -0.38176100 0.01044200 -0.04999400
v -0.38176100 0.01044200 -0.04999400
v -0.38246800 0.01074800 -0.05068300
v -0.38246800 0.01074800 -0.05068300
v -0.38246800 0.01074800 -0.05068300
v -0.38246800 0.01074800 -0.05068300
v -0.38246800 0.01074800 -0.05068300
v -0.38073400 0.01289500 -0.04999400
v -0.38073400 0.01289500 -0.04999400
v -0.38073400 0.01289500 -0.04999400
v -0.38073400 0.01289500 -0.04999400
v -0.38073400 0.01289500 -0.04999400
v -0.38073400 0.01289500 -0.04999400
v -0.37998800 0.01248600 -0.04946000
v -0.37998800 0.01248600 -0.04946000
v -0.37998800 0.01248600 -0.04946000
v -0.37998800 0.01248600 -0.04946000
v -0.37998800 0.01248600 -0.04946000
v -0.37998800 0.01248600 -0.04946000
v -0.37880000 0.01474900 -0.04946000
v -0.37880000 0.01474900 -0.04946000
v -0.37880000 0.01474900 -0.04946000
v -0.37880000 0.01474900 -0.04946000
v -0.37880000 0.01474900 -0.04946000
v -0.37805600 0.01424200 -0.04906500
v -0.37805600 0.01424200 -0.04906500
v -0.37805600 0.01424200 -0.04906500
v -0.37805600 0.01424200 -0.04906500
v -0.37805600 0.01424200 -0.04906500
v -0.37916700 0.01204400 -0.04906500
v -0.37916700 0.01204400 -0.04906500
v -0.37916700 0.01204400 -0.04906500
v -0.37916700 0.01204400 -0.04906500
v -0.37916700 0.01204400 -0.04906500
v -0.37646400 0.01316400 -0.04861500
v -0.37646400 0.01316400 -0.04861500
v -0.37646400 0.01316400 -0.04861500
v -0.37526400 0.01508100 -0.04861500
v -0.37526400 0.01508100 -0.04861500
v -0.37526400 0.01508100 -0.04861500
v -0.37379700 0.01679700 -0.04861500
v -0.37379700 0.01679700 -0.04861500
v -0.37379700 0.01679700 -0.04861500
v -0.37670700 0.01628000 -0.04906500
v -0.37670700 0.01628000 -0.04906500
v -0.37670700 0.01628000 -0.04906500
v -0.37670700 0.01628000 -0.04906500
v -0.37511200 0.01811200 -0.04906500
v -0.37511200 0.01811200 -0.04906500
v -0.37511200 0.01811200 -0.04906500
v -0.37511200 0.01811200 -0.04906500
v -0.37738100 0.01684300 -0.04946000
v -0.37738100 0.01684300 -0.04946000
v -0.37738100 0.01684300 -0.04946000
v -0.37738100 0.01684300 -0.04946000
v -0.37738100 0.01684300 -0.04946000
v -0.37947500 0.01521600 -0.04999400
v -0.37947500 0.01521600 -0.04999400
v -0.37947500 0.01521600 -0.04999400
v -0.37947500 0.01521600 -0.04999400
v -0.37947500 0.01521600 -0.04999400
v -0.37947500 0.01521600 -0.04999400
v -0.37572700 0.01872700 -0.04946000
v -0.37572700 0.01872700 -0.04946000
v -0.37572700 0.01872700 -0.04946000
v -0.37572700 0.01872700 -0.04946000
v -0.37799300 0.01735800 -0.04999400
v -0.37799300 0.01735800 -0.04999400
v -0.37799300 0.01735800 -0.04999400
v -0.37799300 0.01735800 -0.04999400
v -0.37799300 0.01735800 -0.04999400
v -0.37628800 0.01928800 -0.04999400
v -0.37628800 0.01928800 -0.04999400
v -0.37628800 0.01928800 -0.04999400
v -0.37628800 0.01928800 -0.04999400
v -0.37852300 0.01780900 -0.05068300
v -0.37852300 0.01780900 -0.05068300
v -0.37852300 0.01780900 -0.05068300
v -0.37852300 0.01780900 -0.05068300
v -0.37852300 0.01780900 -0.05068300
v -0.38005800 0.01562700 -0.05068300
v -0.38005800 0.01562700 -0.05068300
v -0.38005800 0.01562700 -0.05068300
v -0.38005800 0.01562700 -0.05068300
v -0.38005800 0.01562700 -0.05068300
v -0.38005800 0.01562700 -0.05068300
v -0.37893000 0.01816200 -0.05150000
v -0.37893000 0.01816200 -0.05150000
v -0.37893000 0.01816200 -0.05150000
v -0.37893000 0.01816200 -0.05150000
v -0.38117600 0.01484300 -0.05150000
v -0.38117600 0.01484300 -0.05150000
v -0.38117600 0.01484300 -0.05150000
v -0.38117600 0.01484300 -0.05150000
v -0.38137800 0.01325800 -0.05068300
v -0.38137800 0.01325800 -0.05068300
v -0.38137800 0.01325800 -0.05068300
v -0.38137800 0.01325800 -0.05068300
v -0.38137800 0.01325800 -0.05068300
v -0.38137800 0.01325800 -0.05068300
v -0.38187200 0.01354900 -0.05150000
v -0.38187200 0.01354900 -0.05150000
v -0.38187200 0.01354900 -0.05150000
v -0.38265600 0.01527200 -0.05150000
v -0.38265600 0.01527200 -0.05150000
v -0.38265600 0.01527200 -0.05150000
v -0.38476400 0.01057600 -0.05150000
v -0.38476400 0.01057600 -0.05150000
v -0.38476400 0.01057600 -0.05150000
v -0.38327000 0.01030300 -0.05150000
v -0.38327000 0.01030300 -0.05150000
v -0.38327000 0.01030300 -0.05150000
v -0.38389600 0.00834000 -0.05150000
v -0.38389600 0.00834000 -0.05150000
v -0.38389600 0.00834000 -0.05150000
v -0.38456400 0.00535500 -0.05150000
v -0.38456400 0.00535500 -0.05150000
v -0.38456400 0.00535500 -0.05150000
v -0.38606200 0.00547800 -0.05150000
v -0.38606200 0.00547800 -0.05150000
v -0.38606200 0.00547800 -0.05150000
v -0.38489200 0.00270700 -0.05150000
v -0.38489200 0.00270700 -0.05150000
v -0.38489200 0.00270700 -0.05150000
v -0.38489200 0.00270700 -0.05150000
v -0.38476400 0.01057600 -0.04650000
v -0.38476400 0.01057600 -0.04650000
v -0.38476400 0.01057600 -0.04650000
v -0.39323900 0.01200200 -0.04650000
v -0.39323900 0.01200200 -0.04650000
v -0.39323900 0.01200200 -0.04650000
v -0.38265600 0.01527200 -0.04650000
v -0.38265600 0.01527200 -0.04650000
v -0.38265600 0.01527200 -0.04650000
v -0.39107900 0.01749500 -0.04650000
v -0.39107900 0.01749500 -0.04650000
v -0.39107900 0.01749500 -0.04650000
v -0.38811800 0.02255600 -0.04650000
v -0.38811800 0.02255600 -0.04650000
v -0.38811800 0.02255600 -0.04650000
v -0.37979700 0.01947300 -0.04650000
v -0.37979700 0.01947300 -0.04650000
v -0.37979700 0.01947300 -0.04650000
v -0.37647300 0.02279700 -0.04650000
v -0.37647300 0.02279700 -0.04650000
v -0.37647300 0.02279700 -0.04650000
v -0.38445700 0.02698800 -0.04650000
v -0.38445700 0.02698800 -0.04650000
v -0.38445700 0.02698800 -0.04650000
v -0.37979700 0.01947300 -0.05150000
v -0.37979700 0.01947300 -0.05150000
v -0.37979700 0.01947300 -0.05150000
v -0.37715300 0.02015200 -0.05150000
v -0.37715300 0.02015200 -0.05150000
v -0.37715300 0.02015200 -0.05150000
v -0.37834300 0.01887100 -0.05150000
v -0.37834300 0.01887100 -0.05150000
v -0.37834300 0.01887100 -0.05150000
v -0.37834300 0.01887100 -0.05150000
v -0.37647300 0.02279700 -0.05150000
v -0.37647300 0.02279700 -0.05150000
v -0.37647300 0.02279700 -0.05150000
v -0.37250800 0.02552400 -0.04650000
v -0.37250800 0.02552400 -0.04650000
v -0.37250800 0.02552400 -0.04650000
v -0.37250800 0.02552400 -0.05150000
v -0.37250800 0.02552400 -0.05150000
v -0.37250800 0.02552400 -0.05150000
v -0.37295400 0.02350400 -0.05150000
v -0.37295400 0.02350400 -0.05150000
v -0.37295400 0.02350400 -0.05150000
v -0.37502100 0.02204200 -0.05150000
v -0.37502100 0.02204200 -0.05150000
v -0.37502100 0.02204200 -0.05150000
v -0.37480900 0.02152300 -0.05068300
v -0.37480900 0.02152300 -0.05068300
v -0.37480900 0.02152300 -0.05068300
v -0.37480900 0.02152300 -0.05068300
v -0.37480900 0.02152300 -0.05068300
v -0.37677500 0.01977500 -0.05068300
v -0.37677500 0.01977500 -0.05068300
v -0.37677500 0.01977500 -0.05068300
v -0.37677500 0.01977500 -0.05068300
v -0.37677500 0.01977500 -0.05068300
v -0.37435800 0.02099400 -0.04999400
v -0.37435800 0.02099400 -0.04999400
v -0.37435800 0.02099400 -0.04999400
v -0.37435800 0.02099400 -0.04999400
v -0.37435800 0.02099400 -0.04999400
v -0.37221600 0.02247500 -0.04999400
v -0.37221600 0.02247500 -0.04999400
v -0.37221600 0.02247500 -0.04999400
v -0.37221600 0.02247500 -0.04999400
v -0.37221600 0.02247500 -0.04999400
v -0.37221600 0.02247500 -0.04999400
v -0.37174900 0.02180000 -0.04946000
v -0.37174900 0.02180000 -0.04946000
v -0.37174900 0.02180000 -0.04946000
v -0.37174900 0.02180000 -0.04946000
v -0.37174900 0.02180000 -0.04946000
v -0.37174900 0.02180000 -0.04946000
v -0.37384300 0.02038000 -0.04946000
v -0.37384300 0.02038000 -0.04946000
v -0.37384300 0.02038000 -0.04946000
v -0.37384300 0.02038000 -0.04946000
v -0.37124200 0.02105600 -0.04906500
v -0.37124200 0.02105600 -0.04906500
v -0.37124200 0.02105600 -0.04906500
v -0.37124200 0.02105600 -0.04906500
v -0.37328000 0.01970600 -0.04906500
v -0.37328000 0.01970600 -0.04906500
v -0.37328000 0.01970600 -0.04906500
v -0.37328000 0.01970600 -0.04906500
v -0.37208100 0.01826400 -0.04861500
v -0.37208100 0.01826400 -0.04861500
v -0.37208100 0.01826400 -0.04861500
v -0.37016400 0.01946400 -0.04861500
v -0.37016400 0.01946400 -0.04861500
v -0.37016400 0.01946400 -0.04861500
v -0.36810700 0.02040900 -0.04861500
v -0.36810700 0.02040900 -0.04861500
v -0.36810700 0.02040900 -0.04861500
v -0.36904400 0.02216700 -0.04906500
v -0.36904400 0.02216700 -0.04906500
v -0.36904400 0.02216700 -0.04906500
v -0.36904400 0.02216700 -0.04906500
v -0.36904400 0.02216700 -0.04906500
v -0.36904400 0.02216700 -0.04906500
v -0.36595000 0.02111700 -0.04861500
v -0.36595000 0.02111700 -0.04861500
v -0.36595000 0.02111700 -0.04861500
v -0.36595000 0.02111700 -0.04861500
v -0.36673000 0.02304300 -0.04906500
v -0.36673000 0.02304300 -0.04906500
v -0.36673000 0.02304300 -0.04906500
v -0.36673000 0.02304300 -0.04906500
v -0.36673000 0.02304300 -0.04906500
v -0.36673000 0.02304300 -0.04906500
v -0.36519600 0.01926200 -0.04850000
v -0.36519600 0.01926200 -0.04850000
v -0.36372100 0.02161200 -0.04861500
v -0.36372100 0.02161200 -0.04861500
v -0.36372100 0.02161200 -0.04861500
v -0.36372100 0.02161200 -0.04861500
v -0.36433400 0.02369300 -0.04906500
v -0.36433400 0.02369300 -0.04906500
v -0.36433400 0.02369300 -0.04906500
v -0.36433400 0.02369300 -0.04906500
v -0.36433400 0.02369300 -0.04906500
v -0.36230200 0.01970100 -0.04850000
v -0.36230200 0.01970100 -0.04850000
v -0.36143900 0.02192800 -0.04861500
v -0.36143900 0.02192800 -0.04861500
v -0.36143900 0.02192800 -0.04861500
v -0.36102500 0.01980100 -0.04850000
v -0.36102500 0.01980100 -0.04850000
v -0.35700000 0.01990000 -0.04850000
v -0.35700000 0.01990000 -0.04850000
v -0.35912000 0.02209600 -0.04861500
v -0.35912000 0.02209600 -0.04861500
v -0.35912000 0.02209600 -0.04861500
v -0.36186800 0.02413700 -0.04906500
v -0.36186800 0.02413700 -0.04906500
v -0.36186800 0.02413700 -0.04906500
v -0.36186800 0.02413700 -0.04906500
v -0.36186800 0.02413700 -0.04906500
v -0.35933800 0.02439700 -0.04906500
v -0.35933800 0.02439700 -0.04906500
v -0.35933800 0.02439700 -0.04906500
v -0.35933800 0.02439700 -0.04906500
v -0.35933800 0.02439700 -0.04906500
v -0.36207200 0.02516900 -0.04946000
v -0.36207200 0.02516900 -0.04946000
v -0.36207200 0.02516900 -0.04946000
v -0.36207200 0.02516900 -0.04946000
v -0.36207200 0.02516900 -0.04946000
v -0.36462500 0.02466500 -0.04946000
v -0.36462500 0.02466500 -0.04946000
v -0.36462500 0.02466500 -0.04946000
v -0.36462500 0.02466500 -0.04946000
v -0.36462500 0.02466500 -0.04946000
v -0.36462500 0.02466500 -0.04946000
v -0.36489600 0.02554900 -0.04999400
v -0.36489600 0.02554900 -0.04999400
v -0.36489600 0.02554900 -0.04999400
v -0.36489600 0.02554900 -0.04999400
v -0.36489600 0.02554900 -0.04999400
v -0.36489600 0.02554900 -0.04999400
v -0.36744200 0.02476100 -0.04999400
v -0.36744200 0.02476100 -0.04999400
v -0.36744200 0.02476100 -0.04999400
v -0.36744200 0.02476100 -0.04999400
v -0.36744200 0.02476100 -0.04999400
v -0.36744200 0.02476100 -0.04999400
v -0.36709900 0.02394300 -0.04946000
v -0.36709900 0.02394300 -0.04946000
v -0.36709900 0.02394300 -0.04946000
v -0.36709900 0.02394300 -0.04946000
v -0.36709900 0.02394300 -0.04946000
v -0.36709900 0.02394300 -0.04946000
v -0.36989500 0.02373400 -0.04999400
v -0.36989500 0.02373400 -0.04999400
v -0.36989500 0.02373400 -0.04999400
v -0.36989500 0.02373400 -0.04999400
v -0.36989500 0.02373400 -0.04999400
v -0.36989500 0.02373400 -0.04999400
v -0.36948600 0.02298800 -0.04946000
v -0.36948600 0.02298800 -0.04946000
v -0.36948600 0.02298800 -0.04946000
v -0.36948600 0.02298800 -0.04946000
v -0.36948600 0.02298800 -0.04946000
v -0.36948600 0.02298800 -0.04946000
v -0.37262700 0.02305800 -0.05068300
v -0.37262700 0.02305800 -0.05068300
v -0.37262700 0.02305800 -0.05068300
v -0.37262700 0.02305800 -0.05068300
v -0.37262700 0.02305800 -0.05068300
v -0.37262700 0.02305800 -0.05068300
v -0.37025800 0.02437800 -0.05068300
v -0.37025800 0.02437800 -0.05068300
v -0.37025800 0.02437800 -0.05068300
v -0.37025800 0.02437800 -0.05068300
v -0.37025800 0.02437800 -0.05068300
v -0.37025800 0.02437800 -0.05068300
v -0.36799700 0.02601000 -0.05150000
v -0.36799700 0.02601000 -0.05150000
v -0.36799700 0.02601000 -0.05150000
v -0.36799700 0.02601000 -0.05150000
v -0.37106600 0.02460400 -0.05150000
v -0.37106600 0.02460400 -0.05150000
v -0.37106600 0.02460400 -0.05150000
v -0.37106600 0.02460400 -0.05150000
v -0.36774800 0.02546800 -0.05068300
v -0.36774800 0.02546800 -0.05068300
v -0.36774800 0.02546800 -0.05068300
v -0.36774800 0.02546800 -0.05068300
v -0.36774800 0.02546800 -0.05068300
v -0.36774800 0.02546800 -0.05068300
v -0.36650300 0.02654400 -0.05150000
v -0.36650300 0.02654400 -0.05150000
v -0.36650300 0.02654400 -0.05150000
v -0.36650300 0.02654400 -0.05150000
v -0.36514000 0.02631200 -0.05068300
v -0.36514000 0.02631200 -0.05068300
v -0.36514000 0.02631200 -0.05068300
v -0.36514000 0.02631200 -0.05068300
v -0.36514000 0.02631200 -0.05068300
v -0.36514000 0.02631200 -0.05068300
v -0.36243600 0.02691000 -0.05068300
v -0.36243600 0.02691000 -0.05068300
v -0.36243600 0.02691000 -0.05068300
v -0.36243600 0.02691000 -0.05068300
v -0.36243600 0.02691000 -0.05068300
v -0.36226300 0.02610400 -0.04999400
v -0.36226300 0.02610400 -0.04999400
v -0.36226300 0.02610400 -0.04999400
v -0.36226300 0.02610400 -0.04999400
v -0.36226300 0.02610400 -0.04999400
v -0.36258000 0.02752400 -0.05150000
v -0.36258000 0.02752400 -0.05150000
v -0.36258000 0.02752400 -0.05150000
v -0.36258000 0.02752400 -0.05150000
v -0.36289300 0.02899100 -0.05150000
v -0.36289300 0.02899100 -0.05150000
v -0.36289300 0.02899100 -0.05150000
v -0.36794400 0.02763300 -0.05150000
v -0.36794400 0.02763300 -0.05150000
v -0.36794400 0.02763300 -0.05150000
v -0.36150800 0.02769400 -0.05150000
v -0.36150800 0.02769400 -0.05150000
v -0.36150800 0.02769400 -0.05150000
v -0.36150800 0.02769400 -0.05150000
v -0.36150800 0.02769400 -0.05150000
v -0.35700000 0.02800000 -0.05150000
v -0.35700000 0.02800000 -0.05150000
v -0.35700000 0.02800000 -0.05150000
v -0.35963100 0.02726600 -0.05068300
v -0.35963100 0.02726600 -0.05068300
v -0.35963100 0.02726600 -0.05068300
v -0.35963100 0.02726600 -0.05068300
v -0.35963100 0.02726600 -0.05068300
v -0.35963100 0.02726600 -0.05068300
v -0.35700000 0.02759900 -0.05092400
v -0.35700000 0.02759900 -0.05092400
v -0.35700000 0.02759900 -0.05092400
v -0.35700000 0.02759900 -0.05092400
v -0.35700000 0.02759900 -0.05092400
v -0.35700000 0.02759900 -0.05092400
v -0.35429300 0.02789200 -0.05150000
v -0.35429300 0.02789200 -0.05150000
v -0.35429300 0.02789200 -0.05150000
v -0.35429300 0.02789200 -0.05150000
v -0.35436900 0.02726600 -0.05068300
v -0.35436900 0.02726600 -0.05068300
v -0.35436900 0.02726600 -0.05068300
v -0.35436900 0.02726600 -0.05068300
v -0.35436900 0.02726600 -0.05068300
v -0.35700000 0.02738300 -0.05068300
v -0.35700000 0.02738300 -0.05068300
v -0.35700000 0.02738300 -0.05068300
v -0.35700000 0.02738300 -0.05068300
v -0.35700000 0.02738300 -0.05068300
v -0.35445900 0.02643700 -0.04999400
v -0.35445900 0.02643700 -0.04999400
v -0.35445900 0.02643700 -0.04999400
v -0.35445900 0.02643700 -0.04999400
v -0.35445900 0.02643700 -0.04999400
v -0.35700000 0.02612800 -0.04973500
v -0.35700000 0.02612800 -0.04973500
v -0.35700000 0.02612800 -0.04973500
v -0.35700000 0.02612800 -0.04973500
v -0.35700000 0.02612800 -0.04973500
v -0.35700000 0.02612800 -0.04973500
v -0.35700000 0.02557600 -0.04946000
v -0.35700000 0.02557600 -0.04946000
v -0.35700000 0.02557600 -0.04946000
v -0.35700000 0.02557600 -0.04946000
v -0.35700000 0.02557600 -0.04946000
v -0.35954100 0.02643700 -0.04999400
v -0.35954100 0.02643700 -0.04999400
v -0.35954100 0.02643700 -0.04999400
v -0.35954100 0.02643700 -0.04999400
v -0.35954100 0.02643700 -0.04999400
v -0.35455700 0.02546800 -0.04946000
v -0.35455700 0.02546800 -0.04946000
v -0.35455700 0.02546800 -0.04946000
v -0.35455700 0.02546800 -0.04946000
v -0.35455700 0.02546800 -0.04946000
v -0.35466100 0.02439700 -0.04906500
v -0.35466100 0.02439700 -0.04906500
v -0.35466100 0.02439700 -0.04906500
v -0.35466100 0.02439700 -0.04906500
v -0.35466100 0.02439700 -0.04906500
v -0.35192800 0.02516900 -0.04946000
v -0.35192800 0.02516900 -0.04946000
v -0.35192800 0.02516900 -0.04946000
v -0.35192800 0.02516900 -0.04946000
v -0.35192800 0.02516900 -0.04946000
v -0.35213200 0.02413700 -0.04906500
v -0.35213200 0.02413700 -0.04906500
v -0.35213200 0.02413700 -0.04906500
v -0.35027900 0.02161200 -0.04861500
v -0.35027900 0.02161200 -0.04861500
v -0.34966600 0.02369300 -0.04906500
v -0.34966600 0.02369300 -0.04906500
v -0.34966600 0.02369300 -0.04906500
v -0.34966600 0.02369300 -0.04906500
v -0.34966600 0.02369300 -0.04906500
v -0.35256100 0.02192800 -0.04861500
v -0.35256100 0.02192800 -0.04861500
v -0.35488000 0.02209600 -0.04861500
v -0.35488000 0.02209600 -0.04861500
v -0.35488000 0.02209600 -0.04861500
v -0.35488000 0.02209600 -0.04861500
v -0.35297500 0.01980100 -0.04850000
v -0.35297500 0.01980100 -0.04850000
v -0.35101700 0.01498200 -0.04850000
v -0.35101700 0.01498200 -0.04850000
v -0.35101700 0.01498200 -0.04850000
v -0.34960900 0.01942000 -0.04850000
v -0.34960900 0.01942000 -0.04850000
v -0.35464100 0.01987300 -0.04850000
v -0.35464100 0.01987300 -0.04850000
v -0.35700000 0.02214900 -0.04861500
v -0.35700000 0.02214900 -0.04861500
v -0.35700000 0.02214900 -0.04861500
v -0.35700000 0.02214900 -0.04861500
v -0.35700000 0.02339600 -0.04880100
v -0.35700000 0.02339600 -0.04880100
v -0.35700000 0.02339600 -0.04880100
v -0.35700000 0.02339600 -0.04880100
v -0.35700000 0.02339600 -0.04880100
v -0.35944300 0.02546800 -0.04946000
v -0.35944300 0.02546800 -0.04946000
v -0.35944300 0.02546800 -0.04946000
v -0.35944300 0.02546800 -0.04946000
v -0.35944300 0.02546800 -0.04946000
v -0.34955100 0.01461500 -0.04850000
v -0.34955100 0.01461500 -0.04850000
v -0.34955100 0.01461500 -0.04850000
v -0.34805000 0.02111700 -0.04861500
v -0.34805000 0.02111700 -0.04861500
v -0.34805000 0.02111700 -0.04861500
v -0.34880400 0.01926200 -0.04850000
v -0.34880400 0.01926200 -0.04850000
v -0.34622200 0.01851300 -0.04850000
v -0.34622200 0.01851300 -0.04850000
v -0.34589300 0.02040900 -0.04861500
v -0.34589300 0.02040900 -0.04861500
v -0.34589300 0.02040900 -0.04861500
v -0.34589300 0.02040900 -0.04861500
v -0.34383600 0.01946400 -0.04861500
v -0.34383600 0.01946400 -0.04861500
v -0.34383600 0.01946400 -0.04861500
v -0.34727000 0.02304300 -0.04906500
v -0.34727000 0.02304300 -0.04906500
v -0.34727000 0.02304300 -0.04906500
v -0.34727000 0.02304300 -0.04906500
v -0.34727000 0.02304300 -0.04906500
v -0.34495600 0.02216700 -0.04906500
v -0.34495600 0.02216700 -0.04906500
v -0.34495600 0.02216700 -0.04906500
v -0.34495600 0.02216700 -0.04906500
v -0.34495600 0.02216700 -0.04906500
v -0.34275800 0.02105600 -0.04906500
v -0.34275800 0.02105600 -0.04906500
v -0.34275800 0.02105600 -0.04906500
v -0.34275800 0.02105600 -0.04906500
v -0.34275800 0.02105600 -0.04906500
v -0.34690100 0.02394300 -0.04946000
v -0.34690100 0.02394300 -0.04946000
v -0.34690100 0.02394300 -0.04946000
v -0.34690100 0.02394300 -0.04946000
v -0.34690100 0.02394300 -0.04946000
v -0.34690100 0.02394300 -0.04946000
v -0.34451400 0.02298800 -0.04946000
v -0.34451400 0.02298800 -0.04946000
v -0.34451400 0.02298800 -0.04946000
v -0.34451400 0.02298800 -0.04946000
v -0.34451400 0.02298800 -0.04946000
v -0.34451400 0.02298800 -0.04946000
v -0.34655800 0.02476100 -0.04999400
v -0.34655800 0.02476100 -0.04999400
v -0.34655800 0.02476100 -0.04999400
v -0.34655800 0.02476100 -0.04999400
v -0.34655800 0.02476100 -0.04999400
v -0.34655800 0.02476100 -0.04999400
v -0.34410500 0.02373400 -0.04999400
v -0.34410500 0.02373400 -0.04999400
v -0.34410500 0.02373400 -0.04999400
v -0.34410500 0.02373400 -0.04999400
v -0.34410500 0.02373400 -0.04999400
v -0.34410500 0.02373400 -0.04999400
v -0.34225100 0.02180000 -0.04946000
v -0.34225100 0.02180000 -0.04946000
v -0.34225100 0.02180000 -0.04946000
v -0.34225100 0.02180000 -0.04946000
v -0.34225100 0.02180000 -0.04946000
v -0.34072000 0.01970600 -0.04906500
v -0.34072000 0.01970600 -0.04906500
v -0.34072000 0.01970600 -0.04906500
v -0.34072000 0.01970600 -0.04906500
v -0.34178400 0.02247500 -0.04999400
v -0.34178400 0.02247500 -0.04999400
v -0.34178400 0.02247500 -0.04999400
v -0.34178400 0.02247500 -0.04999400
v -0.34178400 0.02247500 -0.04999400
v -0.34178400 0.02247500 -0.04999400
v -0.34015700 0.02038000 -0.04946000
v -0.34015700 0.02038000 -0.04946000
v -0.34015700 0.02038000 -0.04946000
v -0.34015700 0.02038000 -0.04946000
v -0.34015700 0.02038000 -0.04946000
v -0.33964200 0.02099400 -0.04999400
v -0.33964200 0.02099400 -0.04999400
v -0.33964200 0.02099400 -0.04999400
v -0.33964200 0.02099400 -0.04999400
v -0.33964200 0.02099400 -0.04999400
v -0.33827300 0.01872700 -0.04946000
v -0.33827300 0.01872700 -0.04946000
v -0.33827300 0.01872700 -0.04946000
v -0.33827300 0.01872700 -0.04946000
v -0.33888800 0.01811200 -0.04906500
v -0.33888800 0.01811200 -0.04906500
v -0.33888800 0.01811200 -0.04906500
v -0.33888800 0.01811200 -0.04906500
v -0.33873600 0.01508100 -0.04861500
v -0.33873600 0.01508100 -0.04861500
v -0.33873600 0.01508100 -0.04861500
v -0.34020300 0.01679700 -0.04861500
v -0.34020300 0.01679700 -0.04861500
v -0.34020300 0.01679700 -0.04861500
v -0.33729400 0.01628000 -0.04906500
v -0.33729400 0.01628000 -0.04906500
v -0.33729400 0.01628000 -0.04906500
v -0.33729400 0.01628000 -0.04906500
v -0.33753600 0.01316400 -0.04861500
v -0.33753600 0.01316400 -0.04861500
v -0.33753600 0.01316400 -0.04861500
v -0.33594400 0.01424200 -0.04906500
v -0.33594400 0.01424200 -0.04906500
v -0.33594400 0.01424200 -0.04906500
v -0.33594400 0.01424200 -0.04906500
v -0.33661900 0.01684300 -0.04946000
v -0.33661900 0.01684300 -0.04946000
v -0.33661900 0.01684300 -0.04946000
v -0.33661900 0.01684300 -0.04946000
v -0.33771200 0.01928800 -0.04999400
v -0.33771200 0.01928800 -0.04999400
v -0.33771200 0.01928800 -0.04999400
v -0.33771200 0.01928800 -0.04999400
v -0.33600600 0.01735800 -0.04999400
v -0.33600600 0.01735800 -0.04999400
v -0.33600600 0.01735800 -0.04999400
v -0.33600600 0.01735800 -0.04999400
v -0.33600600 0.01735800 -0.04999400
v -0.33520000 0.01474900 -0.04946000
v -0.33520000 0.01474900 -0.04946000
v -0.33520000 0.01474900 -0.04946000
v -0.33520000 0.01474900 -0.04946000
v -0.33520000 0.01474900 -0.04946000
v -0.33520000 0.01474900 -0.04946000
v -0.33452500 0.01521600 -0.04999400
v -0.33452500 0.01521600 -0.04999400
v -0.33452500 0.01521600 -0.04999400
v -0.33452500 0.01521600 -0.04999400
v -0.33452500 0.01521600 -0.04999400
v -0.33452500 0.01521600 -0.04999400
v -0.33483300 0.01204400 -0.04906500
v -0.33483300 0.01204400 -0.04906500
v -0.33483300 0.01204400 -0.04906500
v -0.33483300 0.01204400 -0.04906500
v -0.33483300 0.01204400 -0.04906500
v -0.33483300 0.01204400 -0.04906500
v -0.33401200 0.01248600 -0.04946000
v -0.33401200 0.01248600 -0.04946000
v -0.33401200 0.01248600 -0.04946000
v -0.33401200 0.01248600 -0.04946000
v -0.33401200 0.01248600 -0.04946000
v -0.33401200 0.01248600 -0.04946000
v -0.33395700 0.00973000 -0.04906500
v -0.33395700 0.00973000 -0.04906500
v -0.33395700 0.00973000 -0.04906500
v -0.33395700 0.00973000 -0.04906500
v -0.33395700 0.00973000 -0.04906500
v -0.33395700 0.00973000 -0.04906500
v -0.33326600 0.01289500 -0.04999400
v -0.33326600 0.01289500 -0.04999400
v -0.33326600 0.01289500 -0.04999400
v -0.33326600 0.01289500 -0.04999400
v -0.33326600 0.01289500 -0.04999400
v -0.33326600 0.01289500 -0.04999400
v -0.33305700 0.01009900 -0.04946000
v -0.33305700 0.01009900 -0.04946000
v -0.33305700 0.01009900 -0.04946000
v -0.33305700 0.01009900 -0.04946000
v -0.33305700 0.01009900 -0.04946000
v -0.33305700 0.01009900 -0.04946000
v -0.33330700 0.00733400 -0.04906500
v -0.33330700 0.00733400 -0.04906500
v -0.33330700 0.00733400 -0.04906500
v -0.33330700 0.00733400 -0.04906500
v -0.33330700 0.00733400 -0.04906500
v -0.33233500 0.00762500 -0.04946000
v -0.33233500 0.00762500 -0.04946000
v -0.33233500 0.00762500 -0.04946000
v -0.33233500 0.00762500 -0.04946000
v -0.33233500 0.00762500 -0.04946000
v -0.33233500 0.00762500 -0.04946000
v -0.33223900 0.01044200 -0.04999400
v -0.33223900 0.01044200 -0.04999400
v -0.33223900 0.01044200 -0.04999400
v -0.33223900 0.01044200 -0.04999400
v -0.33223900 0.01044200 -0.04999400
v -0.33223900 0.01044200 -0.04999400
v -0.33153200 0.01074800 -0.05068300
v -0.33153200 0.01074800 -0.05068300
v -0.33153200 0.01074800 -0.05068300
v -0.33153200 0.01074800 -0.05068300
v -0.33153200 0.01074800 -0.05068300
v -0.33153200 0.01074800 -0.05068300
v -0.33262200 0.01325800 -0.05068300
v -0.33262200 0.01325800 -0.05068300
v -0.33262200 0.01325800 -0.05068300
v -0.33262200 0.01325800 -0.05068300
v -0.33262200 0.01325800 -0.05068300
v -0.33262200 0.01325800 -0.05068300
v -0.33145100 0.00789600 -0.04999400
v -0.33145100 0.00789600 -0.04999400
v -0.33145100 0.00789600 -0.04999400
v -0.33145100 0.00789600 -0.04999400
v -0.33145100 0.00789600 -0.04999400
v -0.33145100 0.00789600 -0.04999400
v -0.33068800 0.00814000 -0.05068300
v -0.33068800 0.00814000 -0.05068300
v -0.33068800 0.00814000 -0.05068300
v -0.33068800 0.00814000 -0.05068300
v -0.33068800 0.00814000 -0.05068300
v -0.33068800 0.00814000 -0.05068300
v -0.33183100 0.00507200 -0.04946000
v -0.33183100 0.00507200 -0.04946000
v -0.33183100 0.00507200 -0.04946000
v -0.33183100 0.00507200 -0.04946000
v -0.33183100 0.00507200 -0.04946000
v -0.33089600 0.00526300 -0.04999400
v -0.33089600 0.00526300 -0.04999400
v -0.33089600 0.00526300 -0.04999400
v -0.33089600 0.00526300 -0.04999400
v -0.33089600 0.00526300 -0.04999400
v -0.33153200 0.00244300 -0.04946000
v -0.33153200 0.00244300 -0.04946000
v -0.33153200 0.00244300 -0.04946000
v -0.33153200 0.00244300 -0.04946000
v -0.33153200 0.00244300 -0.04946000
v -0.33056300 0.00254100 -0.04999400
v -0.33056300 0.00254100 -0.04999400
v -0.33056300 0.00254100 -0.04999400
v -0.33056300 0.00254100 -0.04999400
v -0.33056300 0.00254100 -0.04999400
v -0.33009000 0.00543600 -0.05068300
v -0.33009000 0.00543600 -0.05068300
v -0.33009000 0.00543600 -0.05068300
v -0.33009000 0.00543600 -0.05068300
v -0.33009000 0.00543600 -0.05068300
v -0.32930600 0.00450800 -0.05150000
v -0.32930600 0.00450800 -0.05150000
v -0.32930600 0.00450800 -0.05150000
v -0.32930600 0.00450800 -0.05150000
v -0.32930600 0.00450800 -0.05150000
v -0.32947500 0.00558000 -0.05150000
v -0.32947500 0.00558000 -0.05150000
v -0.32947500 0.00558000 -0.05150000
v -0.32947500 0.00558000 -0.05150000
v -0.32973400 0.00263100 -0.05068300
v -0.32973400 0.00263100 -0.05068300
v -0.32973400 0.00263100 -0.05068300
v -0.32973400 0.00263100 -0.05068300
v -0.32973400 0.00263100 -0.05068300
v -0.32973400 0.00263100 -0.05068300
v -0.32961700 -0.00000000 -0.05068300
v -0.32961700 -0.00000000 -0.05068300
v -0.32961700 -0.00000000 -0.05068300
v -0.32961700 -0.00000000 -0.05068300
v -0.32961700 -0.00000000 -0.05068300
v -0.32940100 -0.00000000 -0.05092400
v -0.32940100 -0.00000000 -0.05092400
v -0.32940100 -0.00000000 -0.05092400
v -0.33087200 -0.00000000 -0.04973500
v -0.33087200 -0.00000000 -0.04973500
v -0.33087200 -0.00000000 -0.04973500
v -0.33142400 -0.00000000 -0.04946000
v -0.33142400 -0.00000000 -0.04946000
v -0.33142400 -0.00000000 -0.04946000
v -0.33142400 -0.00000000 -0.04946000
v -0.33142400 -0.00000000 -0.04946000
v -0.33142400 -0.00000000 -0.04946000
v -0.33153200 -0.00244300 -0.04946000
v -0.33153200 -0.00244300 -0.04946000
v -0.33153200 -0.00244300 -0.04946000
v -0.33153200 -0.00244300 -0.04946000
v -0.33153200 -0.00244300 -0.04946000
v -0.33087200 -0.00000000 -0.04973500
v -0.33087200 -0.00000000 -0.04973500
v -0.33087200 -0.00000000 -0.04973500
v -0.33260300 -0.00233800 -0.04906500
v -0.33260300 -0.00233800 -0.04906500
v -0.33260300 -0.00233800 -0.04906500
v -0.33260300 -0.00233800 -0.04906500
v -0.33260300 -0.00233800 -0.04906500
v -0.33360400 -0.00000000 -0.04880100
v -0.33360400 -0.00000000 -0.04880100
v -0.33360400 -0.00000000 -0.04880100
v -0.33360400 -0.00000000 -0.04880100
v -0.33360400 -0.00000000 -0.04880100
v -0.33360400 -0.00000000 -0.04880100
v -0.33485100 -0.00000000 -0.04861500
v -0.33485100 -0.00000000 -0.04861500
v -0.33485100 -0.00000000 -0.04861500
v -0.33485100 -0.00000000 -0.04861500
v -0.33490400 -0.00212000 -0.04861500
v -0.33490400 -0.00212000 -0.04861500
v -0.33490400 -0.00212000 -0.04861500
v -0.33490400 -0.00212000 -0.04861500
v -0.33507200 -0.00443900 -0.04861500
v -0.33507200 -0.00443900 -0.04861500
v -0.33538800 -0.00672100 -0.04861500
v -0.33538800 -0.00672100 -0.04861500
v -0.33286200 -0.00486800 -0.04906500
v -0.33286200 -0.00486800 -0.04906500
v -0.33286200 -0.00486800 -0.04906500
v -0.33588300 -0.00895000 -0.04861500
v -0.33588300 -0.00895000 -0.04861500
v -0.33588300 -0.00895000 -0.04861500
v -0.33710000 -0.00000000 -0.04850000
v -0.33710000 -0.00000000 -0.04850000
v -0.33260300 0.00233800 -0.04906500
v -0.33260300 0.00233800 -0.04906500
v -0.33260300 0.00233800 -0.04906500
v -0.33260300 0.00233800 -0.04906500
v -0.33260300 0.00233800 -0.04906500
v -0.33490400 0.00212000 -0.04861500
v -0.33490400 0.00212000 -0.04861500
v -0.33490400 0.00212000 -0.04861500
v -0.33507200 0.00443900 -0.04861500
v -0.33507200 0.00443900 -0.04861500
v -0.33507200 0.00443900 -0.04861500
v -0.33286200 0.00486800 -0.04906500
v -0.33286200 0.00486800 -0.04906500
v -0.33286200 0.00486800 -0.04906500
v -0.33286200 0.00486800 -0.04906500
v -0.33286200 0.00486800 -0.04906500
v -0.33719900 0.00402500 -0.04850000
v -0.33719900 0.00402500 -0.04850000
v -0.33538800 0.00672100 -0.04861500
v -0.33538800 0.00672100 -0.04861500
v -0.33538800 0.00672100 -0.04861500
v -0.33538800 0.00672100 -0.04861500
v -0.33729900 0.00530200 -0.04850000
v -0.33729900 0.00530200 -0.04850000
v -0.34139600 0.00192300 -0.04850000
v -0.34139600 0.00192300 -0.04850000
v -0.34139600 0.00192300 -0.04850000
v -0.33773800 0.00819600 -0.04850000
v -0.33773800 0.00819600 -0.04850000
v -0.34789600 0.01318100 -0.04850000
v -0.34789600 0.01318100 -0.04850000
v -0.34789600 0.01318100 -0.04850000
v -0.33796000 0.00912400 -0.04850000
v -0.33796000 0.00912400 -0.04850000
v -0.33588300 0.00895000 -0.04861500
v -0.33588300 0.00895000 -0.04861500
v -0.33588300 0.00895000 -0.04861500
v -0.33588300 0.00895000 -0.04861500
v -0.33659100 0.01110700 -0.04861500
v -0.33659100 0.01110700 -0.04861500
v -0.33659100 0.01110700 -0.04861500
v -0.33906800 0.01212600 -0.04850000
v -0.33906800 0.01212600 -0.04850000
v -0.33917400 0.01233700 -0.04850000
v -0.33917400 0.01233700 -0.04850000
v -0.34012500 0.01392600 -0.04850000
v -0.34012500 0.01392600 -0.04850000
v -0.34091400 0.01493700 -0.04850000
v -0.34091400 0.01493700 -0.04850000
v -0.34146900 0.01553100 -0.04850000
v -0.34146900 0.01553100 -0.04850000
v -0.34334200 0.01705700 -0.04850000
v -0.34334200 0.01705700 -0.04850000
v -0.34487400 0.01793200 -0.04850000
v -0.34487400 0.01793200 -0.04850000
v -0.34191900 0.01826400 -0.04861500
v -0.34191900 0.01826400 -0.04861500
v -0.34191900 0.01826400 -0.04861500
v -0.34841700 0.01383500 -0.04850000
v -0.34841700 0.01383500 -0.04850000
v -0.34841700 0.01383500 -0.04850000
v -0.34955100 0.01461500 -0.04800000
v -0.34955100 0.01461500 -0.04800000
v -0.34841700 0.01383500 -0.04800000
v -0.34841700 0.01383500 -0.04800000
v -0.35262000 0.00776100 -0.04800000
v -0.35262000 0.00776100 -0.04800000
v -0.35309000 0.00807100 -0.04800000
v -0.35309000 0.00807100 -0.04800000
v -0.35394200 0.00829500 -0.04800000
v -0.35394200 0.00829500 -0.04800000
v -0.35101700 0.01498200 -0.04800000
v -0.35101700 0.01498200 -0.04800000
v -0.36109200 0.00829500 -0.04800000
v -0.36109200 0.00829500 -0.04800000
v -0.34098100 0.00047000 -0.04850000
v -0.34098100 0.00047000 -0.04850000
v -0.34098100 0.00047000 -0.04850000
v -0.34098100 0.00047000 -0.04800000
v -0.34098100 0.00047000 -0.04800000
v -0.34098100 0.00047000 -0.04800000
v -0.32900000 -0.00000000 -0.05150000
v -0.32900000 -0.00000000 -0.05150000
v -0.32900000 -0.00000000 -0.05150000
v -0.32940100 -0.00000000 -0.05092400
v -0.32940100 -0.00000000 -0.05092400
v -0.32940100 -0.00000000 -0.05092400
v -0.32910700 -0.00270700 -0.05150000
v -0.32910700 -0.00270700 -0.05150000
v -0.32910700 -0.00270700 -0.05150000
v -0.32910700 -0.00270700 -0.05150000
v -0.32750000 -0.00000000 -0.05150000
v -0.32750000 -0.00000000 -0.05150000
v -0.32750000 -0.00000000 -0.05150000
v -0.32750800 0.00077000 -0.05150000
v -0.32750800 0.00077000 -0.05150000
v -0.32750800 0.00077000 -0.05150000
v -0.32800900 0.00589300 -0.05150000
v -0.32800900 0.00589300 -0.05150000
v -0.32800900 0.00589300 -0.05150000
v -0.32800900 0.00589300 -0.04650000
v -0.32800900 0.00589300 -0.04650000
v -0.32800900 0.00589300 -0.04650000
v -0.32750800 0.00077000 -0.04650000
v -0.32750800 0.00077000 -0.04650000
v -0.32750800 0.00077000 -0.04650000
v -0.32936700 0.01094400 -0.05150000
v -0.32936700 0.01094400 -0.05150000
v -0.32936700 0.01094400 -0.05150000
v -0.33147600 0.01550800 -0.05150000
v -0.33147600 0.01550800 -0.05150000
v -0.33147600 0.01550800 -0.05150000
v -0.33045600 0.00950300 -0.05150000
v -0.33045600 0.00950300 -0.05150000
v -0.33045600 0.00950300 -0.05150000
v -0.33045600 0.00950300 -0.05150000
v -0.33099000 0.01099700 -0.05150000
v -0.33099000 0.01099700 -0.05150000
v -0.33099000 0.01099700 -0.05150000
v -0.33099000 0.01099700 -0.05150000
v -0.32936700 0.01094400 -0.04650000
v -0.32936700 0.01094400 -0.04650000
v -0.32936700 0.01094400 -0.04650000
v -0.33147600 0.01550800 -0.04650000
v -0.33147600 0.01550800 -0.04650000
v -0.33147600 0.01550800 -0.04650000
v -0.32080400 0.01214100 -0.04650000
v -0.32080400 0.01214100 -0.04650000
v -0.32080400 0.01214100 -0.04650000
v -0.32291900 0.01749200 -0.04650000
v -0.32291900 0.01749200 -0.04650000
v -0.32291900 0.01749200 -0.04650000
v -0.32291900 0.01749200 -0.04850000
v -0.32291900 0.01749200 -0.04850000
v -0.32291900 0.01749200 -0.04850000
v -0.32569600 0.02228700 -0.04650000
v -0.32569600 0.02228700 -0.04650000
v -0.32569600 0.02228700 -0.04650000
v -0.32080400 0.01214100 -0.04850000
v -0.32080400 0.01214100 -0.04850000
v -0.32080400 0.01214100 -0.04850000
v -0.31948200 0.00640500 -0.04850000
v -0.31948200 0.00640500 -0.04850000
v -0.31948200 0.00640500 -0.04850000
v -0.32033000 0.01549600 -0.04850000
v -0.32033000 0.01549600 -0.04850000
v -0.32033000 0.01549600 -0.04850000
v -0.32033000 0.01549600 -0.04850000
v -0.32033000 0.01549600 -0.04850000
v -0.31920600 0.01228100 -0.04850000
v -0.31920600 0.01228100 -0.04850000
v -0.31920600 0.01228100 -0.04850000
v -0.31920600 0.01228100 -0.04850000
v -0.31811800 0.00776800 -0.04850000
v -0.31811800 0.00776800 -0.04850000
v -0.31811800 0.00776800 -0.04850000
v -0.31787400 0.00627000 -0.04850000
v -0.31787400 0.00627000 -0.04850000
v -0.31787400 0.00627000 -0.04850000
v -0.32135500 0.01785200 -0.04850000
v -0.32135500 0.01785200 -0.04850000
v -0.32135500 0.01785200 -0.04850000
v -0.32154200 0.01934100 -0.04806900
v -0.32154200 0.01934100 -0.04806900
v -0.32154200 0.01934100 -0.04806900
v -0.32154200 0.01934100 -0.04806900
v -0.32154200 0.01934100 -0.04806900
v -0.32154200 0.01934100 -0.04806900
v -0.32154200 0.01934100 -0.04806900
v -0.31987000 0.01567900 -0.04807100
v -0.31987000 0.01567900 -0.04807100
v -0.31987000 0.01567900 -0.04807100
v -0.31987000 0.01567900 -0.04807100
v -0.31987000 0.01567900 -0.04807100
v -0.31931500 0.01584900 -0.04333600
v -0.31931500 0.01584900 -0.04333600
v -0.31931500 0.01584900 -0.04333600
v -0.31931500 0.01584900 -0.04333600
v -0.31931500 0.01584900 -0.04333600
v -0.32034700 0.01820600 -0.04333700
v -0.32034700 0.01820600 -0.04333700
v -0.32034700 0.01820600 -0.04333700
v -0.32034700 0.01820600 -0.04333700
v -0.32034700 0.01820600 -0.04333700
v -0.32326900 0.02234500 -0.04806800
v -0.32326900 0.02234500 -0.04806800
v -0.32326900 0.02234500 -0.04806800
v -0.32326900 0.02234500 -0.04806800
v -0.32326900 0.02234500 -0.04806800
v -0.32326900 0.02234500 -0.04806800
v -0.32279300 0.02262300 -0.04333900
v -0.32279300 0.02262300 -0.04333900
v -0.32279300 0.02262300 -0.04333900
v -0.32279300 0.02262300 -0.04333900
v -0.32279300 0.02262300 -0.04333900
v -0.32570200 0.02660400 -0.04334000
v -0.32570200 0.02660400 -0.04334000
v -0.32570200 0.02660400 -0.04334000
v -0.32570200 0.02660400 -0.04334000
v -0.32570200 0.02660400 -0.04334000
v -0.32570200 0.02660400 -0.04334000
v -0.32353200 0.02275500 -0.04806700
v -0.32353200 0.02275500 -0.04806700
v -0.32353200 0.02275500 -0.04806700
v -0.32353200 0.02275500 -0.04806700
v -0.32353200 0.02275500 -0.04806700
v -0.32539700 0.02685000 -0.03834600
v -0.32539700 0.02685000 -0.03834600
v -0.32539700 0.02685000 -0.03834600
v -0.32539700 0.02685000 -0.03834600
v -0.32539700 0.02685000 -0.03834600
v -0.32539700 0.02685000 -0.03834600
v -0.32508600 0.02710600 -0.02844100
v -0.32508600 0.02710600 -0.02844100
v -0.32508600 0.02710600 -0.02844100
v -0.32550900 0.02761100 -0.02817700
v -0.32550900 0.02761100 -0.02817700
v -0.32550900 0.02761100 -0.02817700
v -0.32847000 0.03011400 -0.03834600
v -0.32847000 0.03011400 -0.03834600
v -0.32847000 0.03011400 -0.03834600
v -0.32847000 0.03011400 -0.03834600
v -0.32819600 0.03040900 -0.02832800
v -0.32819600 0.03040900 -0.02832800
v -0.32819600 0.03040900 -0.02832800
v -0.33043100 0.03183500 -0.03834600
v -0.33043100 0.03183500 -0.03834600
v -0.33043100 0.03183500 -0.03834600
v -0.33043100 0.03183500 -0.03834600
v -0.33018000 0.03215400 -0.02832800
v -0.33018000 0.03215400 -0.02832800
v -0.33018000 0.03215400 -0.02832800
v -0.33018000 0.03215400 -0.02832800
v -0.32873600 0.02982900 -0.04334100
v -0.32873600 0.02982900 -0.04334100
v -0.32873600 0.02982900 -0.04334100
v -0.32873600 0.02982900 -0.04334100
v -0.32873600 0.02982900 -0.04334100
v -0.33098700 0.03109000 -0.04806600
v -0.33098700 0.03109000 -0.04806600
v -0.33098700 0.03109000 -0.04806600
v -0.33098700 0.03109000 -0.04806600
v -0.33098700 0.03109000 -0.04806600
v -0.32824600 0.02860400 -0.04806600
v -0.32824600 0.02860400 -0.04806600
v -0.32824600 0.02860400 -0.04806600
v -0.32824600 0.02860400 -0.04806600
v -0.32824600 0.02860400 -0.04806600
v -0.32824600 0.02860400 -0.04806600
v -0.32824600 0.02860400 -0.04806600
v -0.33067400 0.03152800 -0.04334000
v -0.33067400 0.03152800 -0.04334000
v -0.33067400 0.03152800 -0.04334000
v -0.33067400 0.03152800 -0.04334000
v -0.33067400 0.03152800 -0.04334000
v -0.33405800 0.03334400 -0.04806700
v -0.33405800 0.03334400 -0.04806700
v -0.33405800 0.03334400 -0.04806700
v -0.33405800 0.03334400 -0.04806700
v -0.33405800 0.03334400 -0.04806700
v -0.33405800 0.03334400 -0.04806700
v -0.33250100 0.03341900 -0.03834500
v -0.33250100 0.03341900 -0.03834500
v -0.33250100 0.03341900 -0.03834500
v -0.33250100 0.03341900 -0.03834500
v -0.33272100 0.03309000 -0.04334000
v -0.33272100 0.03309000 -0.04334000
v -0.33272100 0.03309000 -0.04334000
v -0.33272100 0.03309000 -0.04334000
v -0.33489300 0.03453100 -0.04333900
v -0.33489300 0.03453100 -0.04333900
v -0.33489300 0.03453100 -0.04333900
v -0.33489300 0.03453100 -0.04333900
v -0.33489300 0.03453100 -0.04333900
v -0.33469600 0.03488100 -0.03834400
v -0.33469600 0.03488100 -0.03834400
v -0.33469600 0.03488100 -0.03834400
v -0.33469600 0.03488100 -0.03834400
v -0.33697500 0.03619500 -0.03834300
v -0.33697500 0.03619500 -0.03834300
v -0.33697500 0.03619500 -0.03834300
v -0.33697500 0.03619500 -0.03834300
v -0.33449200 0.03524700 -0.02832700
v -0.33449200 0.03524700 -0.02832700
v -0.33449200 0.03524700 -0.02832700
v -0.33449200 0.03524700 -0.02832700
v -0.33449200 0.03524700 -0.02832700
v -0.33679500 0.03658400 -0.02832700
v -0.33679500 0.03658400 -0.02832700
v -0.33679500 0.03658400 -0.02832700
v -0.33679500 0.03658400 -0.02832700
v -0.33580100 0.03619200 -0.02174600
v -0.33580100 0.03619200 -0.02174600
v -0.33580100 0.03619200 -0.02174600
v -0.33580100 0.03619200 -0.02174600
v -0.33580100 0.03619200 -0.02174600
v -0.33918300 0.03777400 -0.02832600
v -0.33918300 0.03777400 -0.02832600
v -0.33918300 0.03777400 -0.02832600
v -0.33918300 0.03777400 -0.02832600
v -0.33918300 0.03777400 -0.02832600
v -0.33885500 0.03782400 -0.01983700
v -0.33885500 0.03782400 -0.01983700
v -0.33885500 0.03782400 -0.01983700
v -0.33933700 0.03736400 -0.03834200
v -0.33933700 0.03736400 -0.03834200
v -0.33933700 0.03736400 -0.03834200
v -0.33933700 0.03736400 -0.03834200
v -0.34163400 0.03880700 -0.02832500
v -0.34163400 0.03880700 -0.02832500
v -0.34163400 0.03880700 -0.02832500
v -0.34163400 0.03880700 -0.02832500
v -0.34226800 0.03929000 -0.01770500
v -0.34226800 0.03929000 -0.01770500
v -0.34226800 0.03929000 -0.01770500
v -0.34226800 0.03929000 -0.01770500
v -0.34415000 0.03968400 -0.02832400
v -0.34415000 0.03968400 -0.02832400
v -0.34415000 0.03968400 -0.02832400
v -0.34415000 0.03968400 -0.02832400
v -0.34415000 0.03968400 -0.02832400
v -0.34176300 0.03837800 -0.03834000
v -0.34176300 0.03837800 -0.03834000
v -0.34176300 0.03837800 -0.03834000
v -0.34176300 0.03837800 -0.03834000
v -0.33948600 0.03697500 -0.04333700
v -0.33948600 0.03697500 -0.04333700
v -0.33948600 0.03697500 -0.04333700
v -0.33948600 0.03697500 -0.04333700
v -0.34425300 0.03923800 -0.03833800
v -0.34425300 0.03923800 -0.03833800
v -0.34425300 0.03923800 -0.03833800
v -0.34425300 0.03923800 -0.03833800
v -0.34188800 0.03797200 -0.04333500
v -0.34188800 0.03797200 -0.04333500
v -0.34188800 0.03797200 -0.04333500
v -0.34188800 0.03797200 -0.04333500
v -0.34493200 0.03837400 -0.04807300
v -0.34493200 0.03837400 -0.04807300
v -0.34493200 0.03837400 -0.04807300
v -0.34493200 0.03837400 -0.04807300
v -0.34435400 0.03881800 -0.04333400
v -0.34435400 0.03881800 -0.04333400
v -0.34435400 0.03881800 -0.04333400
v -0.34435400 0.03881800 -0.04333400
v -0.34435400 0.03881800 -0.04333400
v -0.34110200 0.03704200 -0.04807100
v -0.34110200 0.03704200 -0.04807100
v -0.34110200 0.03704200 -0.04807100
v -0.34110200 0.03704200 -0.04807100
v -0.34110200 0.03704200 -0.04807100
v -0.34110200 0.03704200 -0.04807100
v -0.34110200 0.03704200 -0.04807100
v -0.34167900 0.03673900 -0.04850000
v -0.34167900 0.03673900 -0.04850000
v -0.34167900 0.03673900 -0.04850000
v -0.34167900 0.03673900 -0.04850000
v -0.34507000 0.03789900 -0.04850000
v -0.34507000 0.03789900 -0.04850000
v -0.34507000 0.03789900 -0.04850000
v -0.34507000 0.03789900 -0.04850000
v -0.34507000 0.03789900 -0.04850000
v -0.33745700 0.03535300 -0.04806900
v -0.33745700 0.03535300 -0.04806900
v -0.33745700 0.03535300 -0.04806900
v -0.33745700 0.03535300 -0.04806900
v -0.33745700 0.03535300 -0.04806900
v -0.33745700 0.03535300 -0.04806900
v -0.33745700 0.03535300 -0.04806900
v -0.33745700 0.03535300 -0.04806900
v -0.33714700 0.03582500 -0.04333800
v -0.33714700 0.03582500 -0.04333800
v -0.33714700 0.03582500 -0.04333800
v -0.33714700 0.03582500 -0.04333800
v -0.33714700 0.03582500 -0.04333800
v -0.33433100 0.03293100 -0.04850000
v -0.33433100 0.03293100 -0.04850000
v -0.33433100 0.03293100 -0.04850000
v -0.33433100 0.03293100 -0.04850000
v -0.33768700 0.03491400 -0.04850000
v -0.33768700 0.03491400 -0.04850000
v -0.33768700 0.03491400 -0.04850000
v -0.33624500 0.03411600 -0.04850000
v -0.33624500 0.03411600 -0.04850000
v -0.33624500 0.03411600 -0.04850000
v -0.33950500 0.03407900 -0.04850000
v -0.33950500 0.03407900 -0.04850000
v -0.33950500 0.03407900 -0.04850000
v -0.33444400 0.03111800 -0.04850000
v -0.33444400 0.03111800 -0.04850000
v -0.33444400 0.03111800 -0.04850000
v -0.33001200 0.02745700 -0.04850000
v -0.33001200 0.02745700 -0.04850000
v -0.33001200 0.02745700 -0.04850000
v -0.33950500 0.03407900 -0.04650000
v -0.33950500 0.03407900 -0.04650000
v -0.33950500 0.03407900 -0.04650000
v -0.33444400 0.03111800 -0.04650000
v -0.33444400 0.03111800 -0.04650000
v -0.33444400 0.03111800 -0.04650000
v -0.33144600 0.03082500 -0.04850000
v -0.33144600 0.03082500 -0.04850000
v -0.33144600 0.03082500 -0.04850000
v -0.32859700 0.02825500 -0.04850000
v -0.32859700 0.02825500 -0.04850000
v -0.32859700 0.02825500 -0.04850000
v -0.32908400 0.02651000 -0.04850000
v -0.32908400 0.02651000 -0.04850000
v -0.32908400 0.02651000 -0.04850000
v -0.32771400 0.02733300 -0.04850000
v -0.32771400 0.02733300 -0.04850000
v -0.32771400 0.02733300 -0.04850000
v -0.32615800 0.02553300 -0.04850000
v -0.32615800 0.02553300 -0.04850000
v -0.32615800 0.02553300 -0.04850000
v -0.32615800 0.02553300 -0.04850000
v -0.32615800 0.02553300 -0.04850000
v -0.32615800 0.02553300 -0.04850000
v -0.32569600 0.02228700 -0.04850000
v -0.32569600 0.02228700 -0.04850000
v -0.32569600 0.02228700 -0.04850000
v -0.32611900 0.02626600 -0.04806600
v -0.32611900 0.02626600 -0.04806600
v -0.32611900 0.02626600 -0.04806600
v -0.32611900 0.02626600 -0.04806600
v -0.32577300 0.02584400 -0.04806600
v -0.32577300 0.02584400 -0.04806600
v -0.32577300 0.02584400 -0.04806600
v -0.32577300 0.02584400 -0.04806600
v -0.32424700 0.02293700 -0.04850000
v -0.32424700 0.02293700 -0.04850000
v -0.32424700 0.02293700 -0.04850000
v -0.32424700 0.02293700 -0.04850000
v -0.32198100 0.01911300 -0.04850000
v -0.32198100 0.01911300 -0.04850000
v -0.32198100 0.01911300 -0.04850000
v -0.32198100 0.01911300 -0.04850000
v -0.32908400 0.02651000 -0.04650000
v -0.32908400 0.02651000 -0.04650000
v -0.32908400 0.02651000 -0.04650000
v -0.33001200 0.02745700 -0.04650000
v -0.33001200 0.02745700 -0.04650000
v -0.33001200 0.02745700 -0.04650000
v -0.33420300 0.01947300 -0.04650000
v -0.33420300 0.01947300 -0.04650000
v -0.33420300 0.01947300 -0.04650000
v -0.33752700 0.02279700 -0.04650000
v -0.33752700 0.02279700 -0.04650000
v -0.33752700 0.02279700 -0.04650000
v -0.33420300 0.01947300 -0.05150000
v -0.33420300 0.01947300 -0.05150000
v -0.33420300 0.01947300 -0.05150000
v -0.33752700 0.02279700 -0.05150000
v -0.33752700 0.02279700 -0.05150000
v -0.33752700 0.02279700 -0.05150000
v -0.34172800 0.02565600 -0.05150000
v -0.34172800 0.02565600 -0.05150000
v -0.34172800 0.02565600 -0.05150000
v -0.33883800 0.02193000 -0.05150000
v -0.33883800 0.02193000 -0.05150000
v -0.33883800 0.02193000 -0.05150000
v -0.33883800 0.02193000 -0.05150000
v -0.33684700 0.02015200 -0.05150000
v -0.33684700 0.02015200 -0.05150000
v -0.33684700 0.02015200 -0.05150000
v -0.33812900 0.02134200 -0.05150000
v -0.33812900 0.02134200 -0.05150000
v -0.33812900 0.02134200 -0.05150000
v -0.33812900 0.02134200 -0.05150000
v -0.33722500 0.01977500 -0.05068300
v -0.33722500 0.01977500 -0.05068300
v -0.33722500 0.01977500 -0.05068300
v -0.33722500 0.01977500 -0.05068300
v -0.33722500 0.01977500 -0.05068300
v -0.33919100 0.02152300 -0.05068300
v -0.33919100 0.02152300 -0.05068300
v -0.33919100 0.02152300 -0.05068300
v -0.33919100 0.02152300 -0.05068300
v -0.33919100 0.02152300 -0.05068300
v -0.34137300 0.02305800 -0.05068300
v -0.34137300 0.02305800 -0.05068300
v -0.34137300 0.02305800 -0.05068300
v -0.34137300 0.02305800 -0.05068300
v -0.34137300 0.02305800 -0.05068300
v -0.34137300 0.02305800 -0.05068300
v -0.34374200 0.02437800 -0.05068300
v -0.34374200 0.02437800 -0.05068300
v -0.34374200 0.02437800 -0.05068300
v -0.34374200 0.02437800 -0.05068300
v -0.34374200 0.02437800 -0.05068300
v -0.34374200 0.02437800 -0.05068300
v -0.34215700 0.02417600 -0.05150000
v -0.34215700 0.02417600 -0.05150000
v -0.34215700 0.02417600 -0.05150000
v -0.34215700 0.02417600 -0.05150000
v -0.34345100 0.02487200 -0.05150000
v -0.34345100 0.02487200 -0.05150000
v -0.34345100 0.02487200 -0.05150000
v -0.34669700 0.02627000 -0.05150000
v -0.34669700 0.02627000 -0.05150000
v -0.34669700 0.02627000 -0.05150000
v -0.34625200 0.02546800 -0.05068300
v -0.34625200 0.02546800 -0.05068300
v -0.34625200 0.02546800 -0.05068300
v -0.34625200 0.02546800 -0.05068300
v -0.34625200 0.02546800 -0.05068300
v -0.34642400 0.02776400 -0.05150000
v -0.34642400 0.02776400 -0.05150000
v -0.34642400 0.02776400 -0.05150000
v -0.34172800 0.02565600 -0.04650000
v -0.34172800 0.02565600 -0.04650000
v -0.34172800 0.02565600 -0.04650000
v -0.35152200 0.02906200 -0.05150000
v -0.35152200 0.02906200 -0.05150000
v -0.35152200 0.02906200 -0.05150000
v -0.34866000 0.02689600 -0.05150000
v -0.34866000 0.02689600 -0.05150000
v -0.34866000 0.02689600 -0.05150000
v -0.34642400 0.02776400 -0.04650000
v -0.34642400 0.02776400 -0.04650000
v -0.34642400 0.02776400 -0.04650000
v -0.35085900 0.03755800 -0.04650000
v -0.35085900 0.03755800 -0.04650000
v -0.35085900 0.03755800 -0.04650000
v -0.34499800 0.03623900 -0.04650000
v -0.34499800 0.03623900 -0.04650000
v -0.34499800 0.03623900 -0.04650000
v -0.35152200 0.02906200 -0.04650000
v -0.35152200 0.02906200 -0.04650000
v -0.35152200 0.02906200 -0.04650000
v -0.35700000 0.03800000 -0.04650000
v -0.35700000 0.03800000 -0.04650000
v -0.35700000 0.03800000 -0.04650000
v -0.35700000 0.02950000 -0.05150000
v -0.35700000 0.02950000 -0.05150000
v -0.35700000 0.02950000 -0.05150000
v -0.35700000 0.02950000 -0.04650000
v -0.35700000 0.02950000 -0.04650000
v -0.35700000 0.02950000 -0.04650000
v -0.35777000 0.02949200 -0.04650000
v -0.35777000 0.02949200 -0.04650000
v -0.35777000 0.02949200 -0.04650000
v -0.35777000 0.02949200 -0.05150000
v -0.35777000 0.02949200 -0.05150000
v -0.35777000 0.02949200 -0.05150000
v -0.36340500 0.03751800 -0.04650000
v -0.36340500 0.03751800 -0.04650000
v -0.36340500 0.03751800 -0.04650000
v -0.36289300 0.02899100 -0.04650000
v -0.36289300 0.02899100 -0.04650000
v -0.36289300 0.02899100 -0.04650000
v -0.36794400 0.02763300 -0.04650000
v -0.36794400 0.02763300 -0.04650000
v -0.36794400 0.02763300 -0.04650000
v -0.36914100 0.03619600 -0.04650000
v -0.36914100 0.03619600 -0.04650000
v -0.36914100 0.03619600 -0.04650000
v -0.36914100 0.03619600 -0.04850000
v -0.36914100 0.03619600 -0.04850000
v -0.36914100 0.03619600 -0.04850000
v -0.36340500 0.03751800 -0.04850000
v -0.36340500 0.03751800 -0.04850000
v -0.36340500 0.03751800 -0.04850000
v -0.37449200 0.03408100 -0.04650000
v -0.37449200 0.03408100 -0.04650000
v -0.37449200 0.03408100 -0.04650000
v -0.37449200 0.03408100 -0.04850000
v -0.37449200 0.03408100 -0.04850000
v -0.37449200 0.03408100 -0.04850000
v -0.37928700 0.03130400 -0.04650000
v -0.37928700 0.03130400 -0.04650000
v -0.37928700 0.03130400 -0.04650000
v -0.38351000 0.02791600 -0.04650000
v -0.38351000 0.02791600 -0.04650000
v -0.38351000 0.02791600 -0.04650000
v -0.37928700 0.03130400 -0.04850000
v -0.37928700 0.03130400 -0.04850000
v -0.37928700 0.03130400 -0.04850000
v -0.37993800 0.03275200 -0.04850000
v -0.37993800 0.03275200 -0.04850000
v -0.37993800 0.03275200 -0.04850000
v -0.37993800 0.03275200 -0.04850000
v -0.38351000 0.02791600 -0.04850000
v -0.38351000 0.02791600 -0.04850000
v -0.38351000 0.02791600 -0.04850000
v -0.37611100 0.03502000 -0.04850000
v -0.37611100 0.03502000 -0.04850000
v -0.37611100 0.03502000 -0.04850000
v -0.38253100 0.03084300 -0.04850000
v -0.38253100 0.03084300 -0.04850000
v -0.38253100 0.03084300 -0.04850000
v -0.38253100 0.03084300 -0.04850000
v -0.38253100 0.03084300 -0.04850000
v -0.38284200 0.03122800 -0.04806600
v -0.38284200 0.03122800 -0.04806600
v -0.38284200 0.03122800 -0.04806600
v -0.38284200 0.03122800 -0.04806600
v -0.38284200 0.03122800 -0.04806600
v -0.37975300 0.03346900 -0.04806700
v -0.37975300 0.03346900 -0.04806700
v -0.37975300 0.03346900 -0.04806700
v -0.37975300 0.03346900 -0.04806700
v -0.37975300 0.03346900 -0.04806700
v -0.37975300 0.03346900 -0.04806700
v -0.38433500 0.02928500 -0.04850000
v -0.38433500 0.02928500 -0.04850000
v -0.38433500 0.02928500 -0.04850000
v -0.38560300 0.02875600 -0.04806600
v -0.38560300 0.02875600 -0.04806600
v -0.38560300 0.02875600 -0.04806600
v -0.38560300 0.02875600 -0.04806600
v -0.38560300 0.02875600 -0.04806600
v -0.38560300 0.02875600 -0.04806600
v -0.38808900 0.02601400 -0.04806600
v -0.38808900 0.02601400 -0.04806600
v -0.38808900 0.02601400 -0.04806600
v -0.38808900 0.02601400 -0.04806600
v -0.38808900 0.02601400 -0.04806600
v -0.38808900 0.02601400 -0.04806600
v -0.38559900 0.02987800 -0.04016900
v -0.38559900 0.02987800 -0.04016900
v -0.38559900 0.02987800 -0.04016900
v -0.38559900 0.02987800 -0.04016900
v -0.38559900 0.02987800 -0.04016900
v -0.38366000 0.03160000 -0.04016900
v -0.38366000 0.03160000 -0.04016900
v -0.38366000 0.03160000 -0.04016900
v -0.38366000 0.03160000 -0.04016900
v -0.38781600 0.02556500 -0.04850000
v -0.38781600 0.02556500 -0.04850000
v -0.38781600 0.02556500 -0.04850000
v -0.38525300 0.02840400 -0.04850000
v -0.38525300 0.02840400 -0.04850000
v -0.38525300 0.02840400 -0.04850000
v -0.38445700 0.02698800 -0.04850000
v -0.38445700 0.02698800 -0.04850000
v -0.38445700 0.02698800 -0.04850000
v -0.38811800 0.02255600 -0.04850000
v -0.38811800 0.02255600 -0.04850000
v -0.38811800 0.02255600 -0.04850000
v -0.39107900 0.01749500 -0.04850000
v -0.39107900 0.01749500 -0.04850000
v -0.39107900 0.01749500 -0.04850000
v -0.38993000 0.02267100 -0.04850000
v -0.38993000 0.02267100 -0.04850000
v -0.38993000 0.02267100 -0.04850000
v -0.38993000 0.02267100 -0.04850000
v -0.38993000 0.02267100 -0.04850000
v -0.39110900 0.02076800 -0.04850000
v -0.39110900 0.02076800 -0.04850000
v -0.39110900 0.02076800 -0.04850000
v -0.39191300 0.01931500 -0.04850000
v -0.39191300 0.01931500 -0.04850000
v -0.39191300 0.01931500 -0.04850000
v -0.39235200 0.01954500 -0.04806900
v -0.39235200 0.01954500 -0.04806900
v -0.39235200 0.01954500 -0.04806900
v -0.39235200 0.01954500 -0.04806900
v -0.39235200 0.01954500 -0.04806900
v -0.39235200 0.01954500 -0.04806900
v -0.39235200 0.01954500 -0.04806900
v -0.39110400 0.02328100 -0.04016800
v -0.39110400 0.02328100 -0.04016800
v -0.39110400 0.02328100 -0.04016800
v -0.39110400 0.02328100 -0.04016800
v -0.39110400 0.02328100 -0.04016800
v -0.39110400 0.02328100 -0.04016800
v -0.39364000 0.01887900 -0.04016600
v -0.39364000 0.01887900 -0.04016600
v -0.39364000 0.01887900 -0.04016600
v -0.39364000 0.01887900 -0.04016600
v -0.39404100 0.01590000 -0.04807100
v -0.39404100 0.01590000 -0.04807100
v -0.39404100 0.01590000 -0.04807100
v -0.39404100 0.01590000 -0.04807100
v -0.39404100 0.01590000 -0.04807100
v -0.39040300 0.02285300 -0.04806700
v -0.39040300 0.02285300 -0.04806700
v -0.39040300 0.02285300 -0.04806700
v -0.39040300 0.02285300 -0.04806700
v -0.39373400 0.01533400 -0.04850000
v -0.39373400 0.01533400 -0.04850000
v -0.39373400 0.01533400 -0.04850000
v -0.39373400 0.01533400 -0.04850000
v -0.39323900 0.01200200 -0.04850000
v -0.39323900 0.01200200 -0.04850000
v -0.39323900 0.01200200 -0.04850000
v -0.39489900 0.01193100 -0.04850000
v -0.39489900 0.01193100 -0.04850000
v -0.39489900 0.01193100 -0.04850000
v -0.39489900 0.01193100 -0.04850000
v -0.39489900 0.01193100 -0.04850000
v -0.39537300 0.01207000 -0.04807300
v -0.39537300 0.01207000 -0.04807300
v -0.39537300 0.01207000 -0.04807300
v -0.39537300 0.01207000 -0.04807300
v -0.39537300 0.01207000 -0.04807300
v -0.39537300 0.01207000 -0.04807300
v -0.39551400 0.00957100 -0.04850000
v -0.39551400 0.00957100 -0.04850000
v -0.39551400 0.00957100 -0.04850000
v -0.39584300 0.00798400 -0.04850000
v -0.39584300 0.00798400 -0.04850000
v -0.39584300 0.00798400 -0.04850000
v -0.39642100 0.01164400 -0.04016000
v -0.39642100 0.01164400 -0.04016000
v -0.39642100 0.01164400 -0.04016000
v -0.39642100 0.01164400 -0.04016000
v -0.39471600 0.01652800 -0.04016400
v -0.39471600 0.01652800 -0.04016400
v -0.39471600 0.01652800 -0.04016400
v -0.39471600 0.01652800 -0.04016400
v -0.39471600 0.01652800 -0.04016400
v -0.39564200 0.01412100 -0.04016200
v -0.39564200 0.01412100 -0.04016200
v -0.39564200 0.01412100 -0.04016200
v -0.39564200 0.01412100 -0.04016200
v -0.39515700 0.01667900 -0.03182000
v -0.39515700 0.01667900 -0.03182000
v -0.39515700 0.01667900 -0.03182000
v -0.39515700 0.01667900 -0.03182000
v -0.39610000 0.01424600 -0.03181900
v -0.39610000 0.01424600 -0.03181900
v -0.39610000 0.01424600 -0.03181900
v -0.39610000 0.01424600 -0.03181900
v -0.39552100 0.01680100 -0.01510900
v -0.39552100 0.01680100 -0.01510900
v -0.39648300 0.01434500 -0.01510800
v -0.39648300 0.01434500 -0.01510800
v -0.39648300 0.01434500 -0.01510800
v -0.39689500 0.01174200 -0.03181800
v -0.39689500 0.01174200 -0.03181800
v -0.39689500 0.01174200 -0.03181800
v -0.39689500 0.01174200 -0.03181800
v -0.39704500 0.00911900 -0.04015800
v -0.39704500 0.00911900 -0.04015800
v -0.39704500 0.00911900 -0.04015800
v -0.39704500 0.00911900 -0.04015800
v -0.39729400 0.01182000 -0.01510700
v -0.39729400 0.01182000 -0.01510700
v -0.39753300 0.00919300 -0.03181600
v -0.39753300 0.00919300 -0.03181600
v -0.39753300 0.00919300 -0.03181600
v -0.39753300 0.00919300 -0.03181600
v -0.39794500 0.00924900 -0.01510600
v -0.39794500 0.00924900 -0.01510600
v -0.39794500 0.00924900 -0.01510600
v -0.39801300 0.00659400 -0.03181500
v -0.39801300 0.00659400 -0.03181500
v -0.39801300 0.00659400 -0.03181500
v -0.39801300 0.00659400 -0.03181500
v -0.39833200 0.00395800 -0.03181300
v -0.39833200 0.00395800 -0.03181300
v -0.39833200 0.00395800 -0.03181300
v -0.39833200 0.00395800 -0.03181300
v -0.39833200 0.00395800 -0.03181300
v -0.39833200 0.00395800 -0.03181300
v -0.39843600 0.00663000 -0.01510500
v -0.39843600 0.00663000 -0.01510500
v -0.39887700 0.00652900 0.01767000
v -0.39887700 0.00652900 0.01767000
v -0.39887700 0.00652900 0.01767000
v -0.39876300 0.00397600 -0.01510400
v -0.39876300 0.00397600 -0.01510400
v -0.39824600 0.00974800 0.01727600
v -0.39824600 0.00974800 0.01727600
v -0.39824600 0.00974800 0.01727600
v -0.39938300 0.00000000 0.01798500
v -0.39938300 0.00000000 0.01798500
v -0.39938300 0.00000000 0.01798500
v -0.39736500 0.01291800 0.01672500
v -0.39736500 0.01291800 0.01672500
v -0.39736500 0.01291800 0.01672500
v -0.39736500 0.01291800 0.01672500
v -0.39736500 0.01291800 0.01672500
v -0.39621600 0.01607100 0.01600500
v -0.39621600 0.01607100 0.01600500
v -0.39621600 0.01607100 0.01600500
v -0.39621600 0.01607100 0.01600500
v -0.39925600 0.00327500 0.01790600
v -0.39925600 0.00327500 0.01790600
v -0.39925600 0.00327500 0.01790600
v -0.39925600 0.00327500 0.01790600
v -0.39913500 -0.00000000 -0.00486600
v -0.39913500 -0.00000000 -0.00486600
v -0.39913500 -0.00000000 -0.00486600
v -0.39913500 -0.00000000 -0.00486600
v -0.39913500 -0.00000000 -0.00486600
v -0.39928300 -0.00292000 0.01792200
v -0.39928300 -0.00292000 0.01792200
v -0.39928300 -0.00292000 0.01792200
v -0.39928300 -0.00292000 0.01792200
v -0.39928300 -0.00292000 0.01792200
v -0.39884700 -0.00291300 -0.01510400
v -0.39884700 -0.00291300 -0.01510400
v -0.39884700 -0.00291300 -0.01510400
v -0.39894400 -0.00000000 -0.01510200
v -0.39894400 -0.00000000 -0.01510200
v -0.39894400 -0.00000000 -0.01510200
v -0.39869800 -0.00000000 -0.02596200
v -0.39869800 -0.00000000 -0.02596200
v -0.39869800 -0.00000000 -0.02596200
v -0.39851000 -0.00000000 -0.03180900
v -0.39851000 -0.00000000 -0.03180900
v -0.39851000 -0.00000000 -0.03180900
v -0.39851000 -0.00000000 -0.03180900
v -0.39440400 0.01919900 -0.01511000
v -0.39440400 0.01919900 -0.01511000
v -0.39440400 0.01919900 -0.01511000
v -0.39440400 0.01919900 -0.01511000
v -0.39313500 0.02215100 0.01407500
v -0.39313500 0.02215100 0.01407500
v -0.39313500 0.02215100 0.01407500
v -0.39313500 0.02215100 0.01407500
v -0.39471900 0.01932600 0.01506600
v -0.39471900 0.01932600 0.01506600
v -0.39471900 0.01932600 0.01506600
v -0.39178200 0.02369100 -0.01511100
v -0.39178200 0.02369100 -0.01511100
v -0.39178200 0.02369100 -0.01511100
v -0.39178200 0.02369100 -0.01511100
v -0.39178200 0.02369100 -0.01511100
v -0.39406000 0.01905600 -0.03182100
v -0.39406000 0.01905600 -0.03182100
v -0.39406000 0.01905600 -0.03182100
v -0.39406000 0.01905600 -0.03182100
v -0.39147900 0.02350900 -0.03182300
v -0.39147900 0.02350900 -0.03182300
v -0.39147900 0.02350900 -0.03182300
v -0.39147900 0.02350900 -0.03182300
v -0.38842300 0.02753300 -0.03182300
v -0.38842300 0.02753300 -0.03182300
v -0.38842300 0.02753300 -0.03182300
v -0.38842300 0.02753300 -0.03182300
v -0.38868300 0.02775100 -0.01511100
v -0.38868300 0.02775100 -0.01511100
v -0.38868300 0.02775100 -0.01511100
v -0.38868300 0.02775100 -0.01511100
v -0.38612400 0.03043400 -0.01511100
v -0.38612400 0.03043400 -0.01511100
v -0.38612400 0.03043400 -0.01511100
v -0.38694600 0.03000800 0.01021300
v -0.38694600 0.03000800 0.01021300
v -0.38694600 0.03000800 0.01021300
v -0.38694600 0.03000800 0.01021300
v -0.38909400 0.02770000 0.01155400
v -0.38909400 0.02770000 0.01155400
v -0.38909400 0.02770000 0.01155400
v -0.39123000 0.02500400 0.01288500
v -0.39123000 0.02500400 0.01288500
v -0.39123000 0.02500400 0.01288500
v -0.39204000 0.02385100 0.01339100
v -0.39204000 0.02385100 0.01339100
v -0.39204000 0.02385100 0.01339100
v -0.39261000 -0.02298800 0.01374700
v -0.39261000 -0.02298800 0.01374700
v -0.39261000 -0.02298800 0.01374700
v -0.35925300 0.04203900 -0.00709200
v -0.35925300 0.04203900 -0.00709200
v -0.35925300 0.04203900 -0.00709200
v -0.39160500 -0.02448100 0.01311900
v -0.39160500 -0.02448100 0.01311900
v -0.39160500 -0.02448100 0.01311900
v -0.39160500 -0.02448100 0.01311900
v -0.39341200 -0.02169200 0.01424800
v -0.39341200 -0.02169200 0.01424800
v -0.39341200 -0.02169200 0.01424800
v -0.36259800 0.04176800 -0.00500400
v -0.36259800 0.04176800 -0.00500400
v -0.36259800 0.04176800 -0.00500400
v -0.36259800 0.04176800 -0.00500400
v -0.36588600 0.04123800 -0.00295100
v -0.36588600 0.04123800 -0.00295100
v -0.36588600 0.04123800 -0.00295100
v -0.36588600 0.04123800 -0.00295100
v -0.36910300 0.04045200 -0.00094100
v -0.36910300 0.04045200 -0.00094100
v -0.36910300 0.04045200 -0.00094100
v -0.36910300 0.04045200 -0.00094100
v -0.37257400 0.03928800 0.00123000
v -0.37257400 0.03928800 0.00123000
v -0.37257400 0.03928800 0.00123000
v -0.37859000 0.03640300 0.00499100
v -0.37859000 0.03640300 0.00499100
v -0.37859000 0.03640300 0.00499100
v -0.37859000 0.03640300 0.00499100
v -0.37859000 0.03640300 0.00499100
v -0.38162200 0.03446200 0.00688300
v -0.38162200 0.03446200 0.00688300
v -0.38162200 0.03446200 0.00688300
v -0.38443800 0.03229800 0.00864300
v -0.38443800 0.03229800 0.00864300
v -0.38443800 0.03229800 0.00864300
v -0.38443800 0.03229800 0.00864300
v -0.37538400 0.03808700 0.00298800
v -0.37538400 0.03808700 0.00298800
v -0.37538400 0.03808700 0.00298800
v -0.37538400 0.03808700 0.00298800
v -0.37514500 0.03791800 -0.01510900
v -0.37514500 0.03791800 -0.01510900
v -0.37753000 0.03670400 -0.01511000
v -0.37753000 0.03670400 -0.01511000
v -0.37753000 0.03670400 -0.01511000
v -0.37983100 0.03534300 -0.01511000
v -0.37983100 0.03534300 -0.01511000
v -0.37737500 0.03637100 -0.03182200
v -0.37737500 0.03637100 -0.03182200
v -0.37737500 0.03637100 -0.03182200
v -0.37737500 0.03637100 -0.03182200
v -0.37965600 0.03503200 -0.03182200
v -0.37965600 0.03503200 -0.03182200
v -0.37965600 0.03503200 -0.03182200
v -0.37965600 0.03503200 -0.03182200
v -0.38160900 0.03318600 -0.04016800
v -0.38160900 0.03318600 -0.04016800
v -0.38160900 0.03318600 -0.04016800
v -0.38160900 0.03318600 -0.04016800
v -0.38160900 0.03318600 -0.04016800
v -0.37943800 0.03464700 -0.04016700
v -0.37943800 0.03464700 -0.04016700
v -0.37943800 0.03464700 -0.04016700
v -0.37943800 0.03464700 -0.04016700
v -0.38185300 0.03354600 -0.03182300
v -0.38185300 0.03354600 -0.03182300
v -0.38185300 0.03354600 -0.03182300
v -0.38185300 0.03354600 -0.03182300
v -0.38204600 0.03383400 -0.01511100
v -0.38204600 0.03383400 -0.01511100
v -0.38204600 0.03383400 -0.01511100
v -0.38392800 0.03193500 -0.03182300
v -0.38392800 0.03193500 -0.03182300
v -0.38392800 0.03193500 -0.03182300
v -0.38392800 0.03193500 -0.03182300
v -0.38414100 0.03220200 -0.01511100
v -0.38414100 0.03220200 -0.01511100
v -0.38589300 0.03018800 -0.03182300
v -0.38589300 0.03018800 -0.03182300
v -0.38589300 0.03018800 -0.03182300
v -0.38589300 0.03018800 -0.03182300
v -0.38809400 0.02725700 -0.04016900
v -0.38809400 0.02725700 -0.04016900
v -0.38809400 0.02725700 -0.04016900
v -0.38809400 0.02725700 -0.04016900
v -0.37718300 0.03596300 -0.04016600
v -0.37718300 0.03596300 -0.04016600
v -0.37718300 0.03596300 -0.04016600
v -0.37718300 0.03596300 -0.04016600
v -0.37501200 0.03756400 -0.03182100
v -0.37501200 0.03756400 -0.03182100
v -0.37501200 0.03756400 -0.03182100
v -0.37501200 0.03756400 -0.03182100
v -0.37633900 0.03546000 -0.04806900
v -0.37633900 0.03546000 -0.04806900
v -0.37633900 0.03546000 -0.04806900
v -0.37633900 0.03546000 -0.04806900
v -0.37633900 0.03546000 -0.04806900
v -0.37633900 0.03546000 -0.04806900
v -0.37633900 0.03546000 -0.04806900
v -0.37633900 0.03546000 -0.04806900
v -0.37633900 0.03546000 -0.04806900
v -0.37484600 0.03713500 -0.04016500
v -0.37484600 0.03713500 -0.04016500
v -0.37484600 0.03713500 -0.04016500
v -0.37484600 0.03713500 -0.04016500
v -0.37258400 0.03860300 -0.03182000
v -0.37258400 0.03860300 -0.03182000
v -0.37258400 0.03860300 -0.03182000
v -0.37258400 0.03860300 -0.03182000
v -0.37244500 0.03815300 -0.04016300
v -0.37244500 0.03815300 -0.04016300
v -0.37244500 0.03815300 -0.04016300
v -0.37244500 0.03815300 -0.04016300
v -0.37244500 0.03815300 -0.04016300
v -0.37009600 0.03948700 -0.03181900
v -0.37009600 0.03948700 -0.03181900
v -0.37009600 0.03948700 -0.03181900
v -0.37009600 0.03948700 -0.03181900
v -0.37267600 0.03713100 -0.04807100
v -0.37267600 0.03713100 -0.04807100
v -0.37267600 0.03713100 -0.04807100
v -0.37267600 0.03713100 -0.04807100
v -0.36998300 0.03902000 -0.04016100
v -0.36998300 0.03902000 -0.04016100
v -0.36998300 0.03902000 -0.04016100
v -0.36998300 0.03902000 -0.04016100
v -0.36883400 0.03844100 -0.04807300
v -0.36883400 0.03844100 -0.04807300
v -0.36883400 0.03844100 -0.04807300
v -0.36883400 0.03844100 -0.04807300
v -0.36883400 0.03844100 -0.04807300
v -0.36883400 0.03844100 -0.04807300
v -0.36883400 0.03844100 -0.04807300
v -0.36747200 0.03973100 -0.04015900
v -0.36747200 0.03973100 -0.04015900
v -0.36747200 0.03973100 -0.04015900
v -0.36747200 0.03973100 -0.04015900
v -0.36755900 0.04021200 -0.03181700
v -0.36755900 0.04021200 -0.03181700
v -0.36755900 0.04021200 -0.03181700
v -0.36755900 0.04021200 -0.03181700
v -0.36502100 0.04119600 -0.01510600
v -0.36502100 0.04119600 -0.01510600
v -0.36502100 0.04119600 -0.01510600
v -0.36762600 0.04061800 -0.01510700
v -0.36762600 0.04061800 -0.01510700
v -0.36762600 0.04061800 -0.01510700
v -0.36497500 0.04077800 -0.03181500
v -0.36497500 0.04077800 -0.03181500
v -0.36497500 0.04077800 -0.03181500
v -0.36497500 0.04077800 -0.03181500
v -0.36237800 0.04161100 -0.01510500
v -0.36237800 0.04161100 -0.01510500
v -0.36491300 0.04028500 -0.04015700
v -0.36491300 0.04028500 -0.04015700
v -0.36491300 0.04028500 -0.04015700
v -0.36491300 0.04028500 -0.04015700
v -0.36491300 0.04028500 -0.04015700
v -0.36235100 0.04118400 -0.03181400
v -0.36235100 0.04118400 -0.03181400
v -0.36235100 0.04118400 -0.03181400
v -0.36235100 0.04118400 -0.03181400
v -0.35970200 0.04186100 -0.01510400
v -0.35970200 0.04186100 -0.01510400
v -0.35970200 0.04186100 -0.01510400
v -0.35969100 0.04142800 -0.03181200
v -0.35969100 0.04142800 -0.03181200
v -0.35969100 0.04142800 -0.03181200
v -0.35969100 0.04142800 -0.03181200
v -0.35969100 0.04142800 -0.03181200
v -0.36231200 0.04068200 -0.04015400
v -0.36231200 0.04068200 -0.04015400
v -0.36231200 0.04068200 -0.04015400
v -0.36231200 0.04068200 -0.04015400
v -0.36231200 0.04068200 -0.04015400
v -0.36075600 0.03990900 -0.04807600
v -0.36075600 0.03990900 -0.04807600
v -0.36075600 0.03990900 -0.04807600
v -0.36075600 0.03990900 -0.04807600
v -0.36075600 0.03990900 -0.04807600
v -0.36075600 0.03990900 -0.04807600
v -0.36485400 0.03936900 -0.04807500
v -0.36485400 0.03936900 -0.04807500
v -0.36485400 0.03936900 -0.04807500
v -0.36485400 0.03936900 -0.04807500
v -0.36485400 0.03936900 -0.04807500
v -0.36485400 0.03936900 -0.04807500
v -0.36485400 0.03936900 -0.04807500
v -0.36485400 0.03936900 -0.04807500
v -0.35967300 0.04092100 -0.04015100
v -0.35967300 0.04092100 -0.04015100
v -0.35967300 0.04092100 -0.04015100
v -0.35967300 0.04092100 -0.04015100
v -0.35967300 0.04092100 -0.04015100
v -0.35967300 0.04092100 -0.04015100
v -0.35967300 0.04092100 -0.04015100
v -0.35700000 0.04114600 -0.03832500
v -0.35700000 0.04114600 -0.03832500
v -0.35700000 0.04114600 -0.03832500
v -0.35700000 0.04114600 -0.03832500
v -0.35700000 0.04114600 -0.03832500
v -0.35700000 0.04100100 -0.04014700
v -0.35700000 0.04100100 -0.04014700
v -0.35700000 0.04100100 -0.04014700
v -0.35700000 0.04100100 -0.04014700
v -0.35700000 0.04151000 -0.03180900
v -0.35700000 0.04151000 -0.03180900
v -0.35700000 0.04151000 -0.03180900
v -0.35700000 0.04151000 -0.03180900
v -0.35700000 0.04151000 -0.03180900
v -0.35700000 0.04069100 -0.04332200
v -0.35700000 0.04069100 -0.04332200
v -0.35700000 0.04069100 -0.04332200
v -0.35700000 0.04069100 -0.04332200
v -0.35700000 0.04069100 -0.04332200
v -0.35700000 0.04069100 -0.04332200
v -0.35469200 0.04108600 -0.03832800
v -0.35469200 0.04108600 -0.03832800
v -0.35469200 0.04108600 -0.03832800
v -0.35469200 0.04108600 -0.03832800
v -0.35469200 0.04108600 -0.03832800
v -0.35469200 0.04108600 -0.03832800
v -0.35470600 0.04063200 -0.04332400
v -0.35470600 0.04063200 -0.04332400
v -0.35470600 0.04063200 -0.04332400
v -0.35470600 0.04063200 -0.04332400
v -0.35470600 0.04063200 -0.04332400
v -0.35700000 0.04006600 -0.04807600
v -0.35700000 0.04006600 -0.04807600
v -0.35700000 0.04006600 -0.04807600
v -0.35700000 0.04006600 -0.04807600
v -0.35700000 0.04006600 -0.04807600
v -0.35700300 0.03982200 -0.04828500
v -0.35700300 0.03982200 -0.04828500
v -0.35312200 0.03989800 -0.04807600
v -0.35312200 0.03989800 -0.04807600
v -0.35312200 0.03989800 -0.04807600
v -0.35312200 0.03989800 -0.04807600
v -0.35312200 0.03989800 -0.04807600
v -0.35312200 0.03989800 -0.04807600
v -0.35355200 0.03943700 -0.04850000
v -0.35355200 0.03943700 -0.04850000
v -0.35355200 0.03943700 -0.04850000
v -0.35355200 0.03943700 -0.04850000
v -0.35700000 0.03957200 -0.04850000
v -0.35700000 0.03957200 -0.04850000
v -0.35700000 0.03957200 -0.04850000
v -0.35700000 0.03957200 -0.04850000
v -0.34892700 0.03932900 -0.04807400
v -0.34892700 0.03932900 -0.04807400
v -0.34892700 0.03932900 -0.04807400
v -0.34892700 0.03932900 -0.04807400
v -0.34892700 0.03932900 -0.04807400
v -0.34892700 0.03932900 -0.04807400
v -0.34892700 0.03932900 -0.04807400
v -0.34892700 0.03932900 -0.04807400
v -0.34892700 0.03932900 -0.04807400
v -0.35205300 0.04041600 -0.04332700
v -0.35205300 0.04041600 -0.04332700
v -0.35205300 0.04041600 -0.04332700
v -0.35205300 0.04041600 -0.04332700
v -0.34944000 0.04004100 -0.04332900
v -0.34944000 0.04004100 -0.04332900
v -0.34944000 0.04004100 -0.04332900
v -0.34944000 0.04004100 -0.04332900
v -0.35201900 0.04086600 -0.03833100
v -0.35201900 0.04086600 -0.03833100
v -0.35201900 0.04086600 -0.03833100
v -0.35201900 0.04086600 -0.03833100
v -0.34938500 0.04048300 -0.03833400
v -0.34938500 0.04048300 -0.03833400
v -0.34938500 0.04048300 -0.03833400
v -0.34938500 0.04048300 -0.03833400
v -0.34687000 0.03950700 -0.04333200
v -0.34687000 0.03950700 -0.04333200
v -0.34687000 0.03950700 -0.04333200
v -0.34687000 0.03950700 -0.04333200
v -0.34679300 0.03994000 -0.03833600
v -0.34679300 0.03994000 -0.03833600
v -0.34679300 0.03994000 -0.03833600
v -0.34679300 0.03994000 -0.03833600
v -0.34933000 0.04095500 -0.02832200
v -0.34933000 0.04095500 -0.02832200
v -0.34933000 0.04095500 -0.02832200
v -0.34933000 0.04095500 -0.02832200
v -0.34933000 0.04095500 -0.02832200
v -0.34671400 0.04040000 -0.02832300
v -0.34671400 0.04040000 -0.02832300
v -0.34671400 0.04040000 -0.02832300
v -0.34671400 0.04040000 -0.02832300
v -0.34569800 0.04043300 -0.01556100
v -0.34569800 0.04043300 -0.01556100
v -0.34569800 0.04043300 -0.01556100
v -0.34569800 0.04043300 -0.01556100
v -0.34569800 0.04043300 -0.01556100
v -0.34912900 0.04126300 -0.01341800
v -0.34912900 0.04126300 -0.01341800
v -0.34912900 0.04126300 -0.01341800
v -0.35198600 0.04134600 -0.02832000
v -0.35198600 0.04134600 -0.02832000
v -0.35198600 0.04134600 -0.02832000
v -0.35198600 0.04134600 -0.02832000
v -0.35262400 0.04180400 -0.01123400
v -0.35262400 0.04180400 -0.01123400
v -0.35262400 0.04180400 -0.01123400
v -0.35262400 0.04180400 -0.01123400
v -0.35602400 0.04205100 -0.00910900
v -0.35602400 0.04205100 -0.00910900
v -0.35602400 0.04205100 -0.00910900
v -0.35602400 0.04205100 -0.00910900
v -0.35467800 0.04157100 -0.02831900
v -0.35467800 0.04157100 -0.02831900
v -0.35467800 0.04157100 -0.02831900
v -0.35467800 0.04157100 -0.02831900
v -0.35467800 0.04157100 -0.02831900
v -0.35467800 0.04157100 -0.02831900
v -0.35700000 0.04163200 -0.02831700
v -0.35700000 0.04163200 -0.02831700
v -0.35700000 0.04163200 -0.02831700
v -0.35700000 0.04163200 -0.02831700
v -0.35700000 0.04163200 -0.02831700
v -0.34901800 0.03884300 -0.04850000
v -0.34901800 0.03884300 -0.04850000
v -0.34901800 0.03884300 -0.04850000
v -0.34744400 0.03851700 -0.04850000
v -0.34744400 0.03851700 -0.04850000
v -0.34744400 0.03851700 -0.04850000
v -0.34499800 0.03623900 -0.04850000
v -0.34499800 0.03623900 -0.04850000
v -0.34499800 0.03623900 -0.04850000
v -0.35085900 0.03755800 -0.04850000
v -0.35085900 0.03755800 -0.04850000
v -0.35085900 0.03755800 -0.04850000
v -0.35700000 0.03800000 -0.04850000
v -0.35700000 0.03800000 -0.04850000
v -0.35700000 0.03800000 -0.04850000
v -0.36071400 0.03941700 -0.04850000
v -0.36071400 0.03941700 -0.04850000
v -0.36071400 0.03941700 -0.04850000
v -0.36071400 0.03941700 -0.04850000
v -0.36327000 0.03912600 -0.04850000
v -0.36327000 0.03912600 -0.04850000
v -0.36327000 0.03912600 -0.04850000
v -0.36476600 0.03888200 -0.04850000
v -0.36476600 0.03888200 -0.04850000
v -0.36476600 0.03888200 -0.04850000
v -0.36928200 0.03779400 -0.04850000
v -0.36928200 0.03779400 -0.04850000
v -0.36928200 0.03779400 -0.04850000
v -0.36928200 0.03779400 -0.04850000
v -0.37249400 0.03667100 -0.04850000
v -0.37249400 0.03667100 -0.04850000
v -0.37249400 0.03667100 -0.04850000
v -0.37249400 0.03667100 -0.04850000
v -0.37249400 0.03667100 -0.04850000
v -0.37485400 0.03564400 -0.04850000
v -0.37485400 0.03564400 -0.04850000
v -0.37485400 0.03564400 -0.04850000
v -0.37018600 0.03987700 -0.01510800
v -0.37018600 0.03987700 -0.01510800
v -0.37269600 0.03897600 -0.01510900
v -0.37269600 0.03897600 -0.01510900
v -0.39499800 -0.01877000 0.01524100
v -0.39499800 -0.01877000 0.01524100
v -0.39499800 -0.01877000 0.01524100
v -0.39486400 -0.01826000 -0.01510900
v -0.39486400 -0.01826000 -0.01510900
v -0.39486400 -0.01826000 -0.01510900
v -0.39634500 -0.01575200 0.01608600
v -0.39634500 -0.01575200 0.01608600
v -0.39634500 -0.01575200 0.01608600
v -0.39634500 -0.01575200 0.01608600
v -0.38956100 -0.02714900 0.01184400
v -0.38956100 -0.02714900 0.01184400
v -0.38956100 -0.02714900 0.01184400
v -0.38948200 -0.02724400 0.01179500
v -0.38948200 -0.02724400 0.01179500
v -0.38948200 -0.02724400 0.01179500
v -0.38948200 -0.02724400 0.01179500
v -0.38736800 -0.02958300 0.01047700
v -0.38736800 -0.02958300 0.01047700
v -0.38736800 -0.02958300 0.01047700
v -0.38736800 -0.02958300 0.01047700
v -0.39034400 0.02294400 -0.04806700
v -0.39034400 0.02294400 -0.04806700
v -0.39034400 0.02294400 -0.04806700
v -0.39034400 0.02294400 -0.04806700
v -0.34886000 0.02631200 -0.05068300
v -0.34886000 0.02631200 -0.05068300
v -0.34886000 0.02631200 -0.05068300
v -0.34886000 0.02631200 -0.05068300
v -0.34886000 0.02631200 -0.05068300
v -0.35156400 0.02691000 -0.05068300
v -0.35156400 0.02691000 -0.05068300
v -0.35156400 0.02691000 -0.05068300
v -0.35156400 0.02691000 -0.05068300
v -0.35156400 0.02691000 -0.05068300
v -0.35164500 0.02756300 -0.05150000
v -0.35164500 0.02756300 -0.05150000
v -0.35164500 0.02756300 -0.05150000
v -0.35173700 0.02610400 -0.04999400
v -0.35173700 0.02610400 -0.04999400
v -0.35173700 0.02610400 -0.04999400
v -0.35173700 0.02610400 -0.04999400
v -0.35173700 0.02610400 -0.04999400
v -0.34910400 0.02554900 -0.04999400
v -0.34910400 0.02554900 -0.04999400
v -0.34910400 0.02554900 -0.04999400
v -0.34910400 0.02554900 -0.04999400
v -0.34910400 0.02554900 -0.04999400
v -0.34910400 0.02554900 -0.04999400
v -0.34937500 0.02466500 -0.04946000
v -0.34937500 0.02466500 -0.04946000
v -0.34937500 0.02466500 -0.04946000
v -0.34937500 0.02466500 -0.04946000
v -0.34937500 0.02466500 -0.04946000
v -0.34937500 0.02466500 -0.04946000
v -0.33547700 0.01780900 -0.05068300
v -0.33547700 0.01780900 -0.05068300
v -0.33547700 0.01780900 -0.05068300
v -0.33547700 0.01780900 -0.05068300
v -0.33547700 0.01780900 -0.05068300
v -0.33495800 0.01802100 -0.05150000
v -0.33495800 0.01802100 -0.05150000
v -0.33495800 0.01802100 -0.05150000
v -0.33349600 0.01595400 -0.05150000
v -0.33349600 0.01595400 -0.05150000
v -0.33349600 0.01595400 -0.05150000
v -0.33239600 0.01406600 -0.05150000
v -0.33239600 0.01406600 -0.05150000
v -0.33239600 0.01406600 -0.05150000
v -0.33239600 0.01406600 -0.05150000
v -0.33394200 0.01562700 -0.05068300
v -0.33394200 0.01562700 -0.05068300
v -0.33394200 0.01562700 -0.05068300
v -0.33394200 0.01562700 -0.05068300
v -0.33394200 0.01562700 -0.05068300
v -0.33394200 0.01562700 -0.05068300
v -0.33294600 0.03435300 -0.02353000
v -0.33294600 0.03435300 -0.02353000
v -0.33294600 0.03435300 -0.02353000
v -0.33294600 0.03435300 -0.02353000
v -0.33227300 0.03376200 -0.02832800
v -0.33227300 0.03376200 -0.02832800
v -0.33227300 0.03376200 -0.02832800
v -0.33227300 0.03376200 -0.02832800
v -0.33027400 0.03231500 -0.02520000
v -0.33027400 0.03231500 -0.02520000
v -0.33027400 0.03231500 -0.02520000
v -0.32779300 0.03007400 -0.02675000
v -0.32779300 0.03007400 -0.02675000
v -0.32779300 0.03007400 -0.02675000
v -0.31900000 -0.00000000 -0.04850000
v -0.31900000 -0.00000000 -0.04850000
v -0.31900000 -0.00000000 -0.04850000
v -0.31948200 0.00640500 -0.04650000
v -0.31948200 0.00640500 -0.04650000
v -0.31948200 0.00640500 -0.04650000
v -0.31900000 -0.00000000 -0.04650000
v -0.31900000 -0.00000000 -0.04650000
v -0.31900000 -0.00000000 -0.04650000
v -0.31944200 -0.00614100 -0.04650000
v -0.31944200 -0.00614100 -0.04650000
v -0.31944200 -0.00614100 -0.04650000
v -0.32793800 -0.00547800 -0.04650000
v -0.32793800 -0.00547800 -0.04650000
v -0.32793800 -0.00547800 -0.04650000
v -0.32750000 -0.00000000 -0.04650000
v -0.32750000 -0.00000000 -0.04650000
v -0.32750000 -0.00000000 -0.04650000
v -0.31944200 -0.00614100 -0.04850000
v -0.31944200 -0.00614100 -0.04850000
v -0.31944200 -0.00614100 -0.04850000
v -0.32076100 -0.01200200 -0.04850000
v -0.32076100 -0.01200200 -0.04850000
v -0.32076100 -0.01200200 -0.04850000
v -0.31815700 -0.00798400 -0.04850000
v -0.31815700 -0.00798400 -0.04850000
v -0.31815700 -0.00798400 -0.04850000
v -0.31742800 -0.00000000 -0.04850000
v -0.31742800 -0.00000000 -0.04850000
v -0.31742800 -0.00000000 -0.04850000
v -0.31742800 -0.00000000 -0.04850000
v -0.31756400 -0.00346200 -0.04850000
v -0.31756400 -0.00346200 -0.04850000
v -0.31756400 -0.00346200 -0.04850000
v -0.31756400 -0.00346200 -0.04850000
v -0.31710200 -0.00387900 -0.04807600
v -0.31710200 -0.00387900 -0.04807600
v -0.31710200 -0.00387900 -0.04807600
v -0.31710200 -0.00387900 -0.04807600
v -0.31710200 -0.00387900 -0.04807600
v -0.31767100 -0.00807500 -0.04807400
v -0.31767100 -0.00807500 -0.04807400
v -0.31767100 -0.00807500 -0.04807400
v -0.31767100 -0.00807500 -0.04807400
v -0.31767100 -0.00807500 -0.04807400
v -0.31767100 -0.00807500 -0.04807400
v -0.31767100 -0.00807500 -0.04807400
v -0.31767100 -0.00807500 -0.04807400
v -0.31767100 -0.00807500 -0.04807400
v -0.31848600 -0.00957100 -0.04850000
v -0.31848600 -0.00957100 -0.04850000
v -0.31848600 -0.00957100 -0.04850000
v -0.31910100 -0.01193100 -0.04850000
v -0.31910100 -0.01193100 -0.04850000
v -0.31910100 -0.01193100 -0.04850000
v -0.31910100 -0.01193100 -0.04850000
v -0.31910100 -0.01193100 -0.04850000
v -0.32026600 -0.01533400 -0.04850000
v -0.32026600 -0.01533400 -0.04850000
v -0.32026600 -0.01533400 -0.04850000
v -0.32026600 -0.01533400 -0.04850000
v -0.32208700 -0.01931500 -0.04850000
v -0.32208700 -0.01931500 -0.04850000
v -0.32208700 -0.01931500 -0.04850000
v -0.32164800 -0.01954500 -0.04806900
v -0.32164800 -0.01954500 -0.04806900
v -0.32164800 -0.01954500 -0.04806900
v -0.32164800 -0.01954500 -0.04806900
v -0.32164800 -0.01954500 -0.04806900
v -0.32164800 -0.01954500 -0.04806900
v -0.32164800 -0.01954500 -0.04806900
v -0.32292100 -0.01749500 -0.04850000
v -0.32292100 -0.01749500 -0.04850000
v -0.32292100 -0.01749500 -0.04850000
v -0.32076100 -0.01200200 -0.04650000
v -0.32076100 -0.01200200 -0.04650000
v -0.32076100 -0.01200200 -0.04650000
v -0.32289100 -0.02076800 -0.04850000
v -0.32289100 -0.02076800 -0.04850000
v -0.32289100 -0.02076800 -0.04850000
v -0.32588200 -0.02255600 -0.04850000
v -0.32588200 -0.02255600 -0.04850000
v -0.32588200 -0.02255600 -0.04850000
v -0.32292100 -0.01749500 -0.04650000
v -0.32292100 -0.01749500 -0.04650000
v -0.32292100 -0.01749500 -0.04650000
v -0.32588200 -0.02255600 -0.04650000
v -0.32588200 -0.02255600 -0.04650000
v -0.32588200 -0.02255600 -0.04650000
v -0.32954300 -0.02698800 -0.04850000
v -0.32954300 -0.02698800 -0.04850000
v -0.32954300 -0.02698800 -0.04850000
v -0.32874700 -0.02840400 -0.04850000
v -0.32874700 -0.02840400 -0.04850000
v -0.32874700 -0.02840400 -0.04850000
v -0.33049000 -0.02791600 -0.04850000
v -0.33049000 -0.02791600 -0.04850000
v -0.33049000 -0.02791600 -0.04850000
v -0.32618400 -0.02556500 -0.04850000
v -0.32618400 -0.02556500 -0.04850000
v -0.32618400 -0.02556500 -0.04850000
v -0.32618400 -0.02556500 -0.04850000
v -0.32407000 -0.02267100 -0.04850000
v -0.32407000 -0.02267100 -0.04850000
v -0.32407000 -0.02267100 -0.04850000
v -0.32407000 -0.02267100 -0.04850000
v -0.32407000 -0.02267100 -0.04850000
v -0.32387200 -0.02326600 -0.04806700
v -0.32387200 -0.02326600 -0.04806700
v -0.32387200 -0.02326600 -0.04806700
v -0.32387200 -0.02326600 -0.04806700
v -0.32387200 -0.02326600 -0.04806700
v -0.32387200 -0.02326600 -0.04806700
v -0.32591100 -0.02601400 -0.04806600
v -0.32591100 -0.02601400 -0.04806600
v -0.32591100 -0.02601400 -0.04806600
v -0.32591100 -0.02601400 -0.04806600
v -0.32591100 -0.02601400 -0.04806600
v -0.32839700 -0.02875600 -0.04806600
v -0.32839700 -0.02875600 -0.04806600
v -0.32839700 -0.02875600 -0.04806600
v -0.32839700 -0.02875600 -0.04806600
v -0.32839700 -0.02875600 -0.04806600
v -0.32839700 -0.02875600 -0.04806600
v -0.32966600 -0.02928500 -0.04850000
v -0.32966600 -0.02928500 -0.04850000
v -0.32966600 -0.02928500 -0.04850000
v -0.33146900 -0.03084300 -0.04850000
v -0.33146900 -0.03084300 -0.04850000
v -0.33146900 -0.03084300 -0.04850000
v -0.33146900 -0.03084300 -0.04850000
v -0.33146900 -0.03084300 -0.04850000
v -0.33115800 -0.03122800 -0.04806600
v -0.33115800 -0.03122800 -0.04806600
v -0.33115800 -0.03122800 -0.04806600
v -0.33115800 -0.03122800 -0.04806600
v -0.33115800 -0.03122800 -0.04806600
v -0.33406200 -0.03275200 -0.04850000
v -0.33406200 -0.03275200 -0.04850000
v -0.33406200 -0.03275200 -0.04850000
v -0.33406200 -0.03275200 -0.04850000
v -0.33471300 -0.03130400 -0.04850000
v -0.33471300 -0.03130400 -0.04850000
v -0.33471300 -0.03130400 -0.04850000
v -0.33788900 -0.03502000 -0.04850000
v -0.33788900 -0.03502000 -0.04850000
v -0.33788900 -0.03502000 -0.04850000
v -0.33914600 -0.03564400 -0.04850000
v -0.33914600 -0.03564400 -0.04850000
v -0.33914600 -0.03564400 -0.04850000
v -0.32365600 -0.02294400 -0.04806700
v -0.32365600 -0.02294400 -0.04806700
v -0.32365600 -0.02294400 -0.04806700
v -0.32365600 -0.02294400 -0.04806700
v -0.32923600 -0.01057600 -0.04650000
v -0.32923600 -0.01057600 -0.04650000
v -0.32923600 -0.01057600 -0.04650000
v -0.37892800 0.00443900 -0.04861500
v -0.37892800 0.00443900 -0.04861500
v -0.37394400 0.00114500 -0.04850000
v -0.37394400 0.00114500 -0.04850000
v -0.37394400 0.00114500 -0.04850000
v -0.37405300 -0.00022800 -0.04850000
v -0.37405300 -0.00022800 -0.04850000
v -0.37405300 -0.00022800 -0.04850000
v -0.37405300 -0.00022800 -0.04800000
v -0.37405300 -0.00022800 -0.04800000
v -0.37405300 -0.00022800 -0.04800000
v -0.37680100 -0.00402500 -0.04850000
v -0.37680100 -0.00402500 -0.04850000
v -0.37670100 -0.00530200 -0.04850000
v -0.37670100 -0.00530200 -0.04850000
v -0.36433800 -0.00441200 -0.04800000
v -0.36433800 -0.00441200 -0.04800000
v -0.35531400 -0.00438300 -0.04800000
v -0.35531400 -0.00438300 -0.04800000
v -0.35531400 -0.00438300 -0.04800000
v -0.35489400 -0.00418700 -0.04800000
v -0.35489400 -0.00418700 -0.04800000
v -0.35489400 -0.00418700 -0.04800000
v -0.36053200 -0.04196700 -0.00629400
v -0.36053200 -0.04196700 -0.00629400
v -0.36053200 -0.04196700 -0.00629400
v -0.36053200 -0.04196700 -0.00629400
v -0.36053200 -0.04196700 -0.00629400
v -0.35930600 -0.04188300 -0.01510300
v -0.35930600 -0.04188300 -0.01510300
v -0.35929600 -0.04145000 -0.03181100
v -0.35929600 -0.04145000 -0.03181100
v -0.35929600 -0.04145000 -0.03181100
v -0.35929600 -0.04145000 -0.03181100
v -0.35929600 -0.04145000 -0.03181100
v -0.35929600 -0.04145000 -0.03181100
v -0.36196100 -0.04123000 -0.03181300
v -0.36196100 -0.04123000 -0.03181300
v -0.36196100 -0.04123000 -0.03181300
v -0.36196100 -0.04123000 -0.03181300
v -0.36453200 -0.04035400 -0.04015600
v -0.36453200 -0.04035400 -0.04015600
v -0.36453200 -0.04035400 -0.04015600
v -0.36453200 -0.04035400 -0.04015600
v -0.36192500 -0.04072700 -0.04015300
v -0.36192500 -0.04072700 -0.04015300
v -0.36192500 -0.04072700 -0.04015300
v -0.36192500 -0.04072700 -0.04015300
v -0.36087800 -0.03989800 -0.04807600
v -0.36087800 -0.03989800 -0.04807600
v -0.36087800 -0.03989800 -0.04807600
v -0.36087800 -0.03989800 -0.04807600
v -0.36087800 -0.03989800 -0.04807600
v -0.36087800 -0.03989800 -0.04807600
v -0.35928100 -0.04094300 -0.04015000
v -0.35928100 -0.04094300 -0.04015000
v -0.35928100 -0.04094300 -0.04015000
v -0.35928100 -0.04094300 -0.04015000
v -0.35928100 -0.04094300 -0.04015000
v -0.35928100 -0.04094300 -0.04015000
v -0.36507300 -0.03932900 -0.04807400
v -0.36507300 -0.03932900 -0.04807400
v -0.36507300 -0.03932900 -0.04807400
v -0.36507300 -0.03932900 -0.04807400
v -0.36507300 -0.03932900 -0.04807400
v -0.36507300 -0.03932900 -0.04807400
v -0.36507300 -0.03932900 -0.04807400
v -0.36507300 -0.03932900 -0.04807400
v -0.36507300 -0.03932900 -0.04807400
v -0.36044800 -0.03943700 -0.04850000
v -0.36044800 -0.03943700 -0.04850000
v -0.36044800 -0.03943700 -0.04850000
v -0.36044800 -0.03943700 -0.04850000
v -0.36498200 -0.03884300 -0.04850000
v -0.36498200 -0.03884300 -0.04850000
v -0.36498200 -0.03884300 -0.04850000
v -0.36655600 -0.03851700 -0.04850000
v -0.36655600 -0.03851700 -0.04850000
v -0.36655600 -0.03851700 -0.04850000
v -0.36900200 -0.03623900 -0.04850000
v -0.36900200 -0.03623900 -0.04850000
v -0.36900200 -0.03623900 -0.04850000
v -0.37449500 -0.03407900 -0.04850000
v -0.37449500 -0.03407900 -0.04850000
v -0.37449500 -0.03407900 -0.04850000
v -0.37232100 -0.03673900 -0.04850000
v -0.37232100 -0.03673900 -0.04850000
v -0.37232100 -0.03673900 -0.04850000
v -0.37232100 -0.03673900 -0.04850000
v -0.36314100 -0.03755800 -0.04650000
v -0.36314100 -0.03755800 -0.04650000
v -0.36314100 -0.03755800 -0.04650000
v -0.36900200 -0.03623900 -0.04650000
v -0.36900200 -0.03623900 -0.04650000
v -0.36900200 -0.03623900 -0.04650000
v -0.36893000 -0.03789900 -0.04850000
v -0.36893000 -0.03789900 -0.04850000
v -0.36893000 -0.03789900 -0.04850000
v -0.36893000 -0.03789900 -0.04850000
v -0.36893000 -0.03789900 -0.04850000
v -0.37289800 -0.03704200 -0.04807100
v -0.37289800 -0.03704200 -0.04807100
v -0.37289800 -0.03704200 -0.04807100
v -0.37289800 -0.03704200 -0.04807100
v -0.37289800 -0.03704200 -0.04807100
v -0.37289800 -0.03704200 -0.04807100
v -0.37289800 -0.03704200 -0.04807100
v -0.36906900 -0.03837400 -0.04807300
v -0.36906900 -0.03837400 -0.04807300
v -0.36906900 -0.03837400 -0.04807300
v -0.36906900 -0.03837400 -0.04807300
v -0.37654300 -0.03535300 -0.04806900
v -0.37654300 -0.03535300 -0.04806900
v -0.37654300 -0.03535300 -0.04806900
v -0.37654300 -0.03535300 -0.04806900
v -0.37654300 -0.03535300 -0.04806900
v -0.37654300 -0.03535300 -0.04806900
v -0.37654300 -0.03535300 -0.04806900
v -0.37654300 -0.03535300 -0.04806900
v -0.37449500 -0.03729400 -0.04016500
v -0.37449500 -0.03729400 -0.04016500
v -0.37449500 -0.03729400 -0.04016500
v -0.37449500 -0.03729400 -0.04016500
v -0.37684300 -0.03614500 -0.04016600
v -0.37684300 -0.03614500 -0.04016600
v -0.37684300 -0.03614500 -0.04016600
v -0.37684300 -0.03614500 -0.04016600
v -0.37684300 -0.03614500 -0.04016600
v -0.37911100 -0.03485000 -0.04016700
v -0.37911100 -0.03485000 -0.04016700
v -0.37911100 -0.03485000 -0.04016700
v -0.37911100 -0.03485000 -0.04016700
v -0.37911100 -0.03485000 -0.04016700
v -0.38129600 -0.03340900 -0.04016800
v -0.38129600 -0.03340900 -0.04016800
v -0.38129600 -0.03340900 -0.04016800
v -0.38129600 -0.03340900 -0.04016800
v -0.37994200 -0.03334400 -0.04806700
v -0.37994200 -0.03334400 -0.04806700
v -0.37994200 -0.03334400 -0.04806700
v -0.37994200 -0.03334400 -0.04806700
v -0.37994200 -0.03334400 -0.04806700
v -0.37994200 -0.03334400 -0.04806700
v -0.37966900 -0.03293100 -0.04850000
v -0.37966900 -0.03293100 -0.04850000
v -0.37966900 -0.03293100 -0.04850000
v -0.37966900 -0.03293100 -0.04850000
v -0.38301300 -0.03109000 -0.04806600
v -0.38301300 -0.03109000 -0.04806600
v -0.38301300 -0.03109000 -0.04806600
v -0.38301300 -0.03109000 -0.04806600
v -0.38301300 -0.03109000 -0.04806600
v -0.38255400 -0.03082500 -0.04850000
v -0.38255400 -0.03082500 -0.04850000
v -0.38255400 -0.03082500 -0.04850000
v -0.38575400 -0.02860400 -0.04806600
v -0.38575400 -0.02860400 -0.04806600
v -0.38575400 -0.02860400 -0.04806600
v -0.38575400 -0.02860400 -0.04806600
v -0.38575400 -0.02860400 -0.04806600
v -0.38575400 -0.02860400 -0.04806600
v -0.38575400 -0.02860400 -0.04806600
v -0.38628600 -0.02733300 -0.04850000
v -0.38628600 -0.02733300 -0.04850000
v -0.38628600 -0.02733300 -0.04850000
v -0.38540300 -0.02825500 -0.04850000
v -0.38540300 -0.02825500 -0.04850000
v -0.38540300 -0.02825500 -0.04850000
v -0.38822700 -0.02584400 -0.04806600
v -0.38822700 -0.02584400 -0.04806600
v -0.38822700 -0.02584400 -0.04806600
v -0.38822700 -0.02584400 -0.04806600
v -0.39046700 -0.02275500 -0.04806700
v -0.39046700 -0.02275500 -0.04806700
v -0.39046700 -0.02275500 -0.04806700
v -0.39046700 -0.02275500 -0.04806700
v -0.39046700 -0.02275500 -0.04806700
v -0.37955600 -0.03111800 -0.04850000
v -0.37955600 -0.03111800 -0.04850000
v -0.37955600 -0.03111800 -0.04850000
v -0.37449500 -0.03407900 -0.04650000
v -0.37449500 -0.03407900 -0.04650000
v -0.37449500 -0.03407900 -0.04650000
v -0.37775500 -0.03411600 -0.04850000
v -0.37775500 -0.03411600 -0.04850000
v -0.37775500 -0.03411600 -0.04850000
v -0.37631300 -0.03491400 -0.04850000
v -0.37631300 -0.03491400 -0.04850000
v -0.37631300 -0.03491400 -0.04850000
v -0.36757600 -0.02776400 -0.04650000
v -0.36757600 -0.02776400 -0.04650000
v -0.36757600 -0.02776400 -0.04650000
v -0.36757600 -0.02776400 -0.05150000
v -0.36757600 -0.02776400 -0.05150000
v -0.36757600 -0.02776400 -0.05150000
v -0.37054900 -0.02487200 -0.05150000
v -0.37054900 -0.02487200 -0.05150000
v -0.37054900 -0.02487200 -0.05150000
v -0.36730300 -0.02627000 -0.05150000
v -0.36730300 -0.02627000 -0.05150000
v -0.36730300 -0.02627000 -0.05150000
v -0.36774800 -0.02546800 -0.05068300
v -0.36774800 -0.02546800 -0.05068300
v -0.36774800 -0.02546800 -0.05068300
v -0.36774800 -0.02546800 -0.05068300
v -0.36774800 -0.02546800 -0.05068300
v -0.36744200 -0.02476100 -0.04999400
v -0.36744200 -0.02476100 -0.04999400
v -0.36744200 -0.02476100 -0.04999400
v -0.36744200 -0.02476100 -0.04999400
v -0.36744200 -0.02476100 -0.04999400
v -0.36744200 -0.02476100 -0.04999400
v -0.36989500 -0.02373400 -0.04999400
v -0.36989500 -0.02373400 -0.04999400
v -0.36989500 -0.02373400 -0.04999400
v -0.36989500 -0.02373400 -0.04999400
v -0.36989500 -0.02373400 -0.04999400
v -0.36989500 -0.02373400 -0.04999400
v -0.37025800 -0.02437800 -0.05068300
v -0.37025800 -0.02437800 -0.05068300
v -0.37025800 -0.02437800 -0.05068300
v -0.37025800 -0.02437800 -0.05068300
v -0.37025800 -0.02437800 -0.05068300
v -0.37025800 -0.02437800 -0.05068300
v -0.37184300 -0.02417600 -0.05150000
v -0.37184300 -0.02417600 -0.05150000
v -0.37184300 -0.02417600 -0.05150000
v -0.37184300 -0.02417600 -0.05150000
v -0.37221600 -0.02247500 -0.04999400
v -0.37221600 -0.02247500 -0.04999400
v -0.37221600 -0.02247500 -0.04999400
v -0.37221600 -0.02247500 -0.04999400
v -0.37221600 -0.02247500 -0.04999400
v -0.37174900 -0.02180000 -0.04946000
v -0.37174900 -0.02180000 -0.04946000
v -0.37174900 -0.02180000 -0.04946000
v -0.37174900 -0.02180000 -0.04946000
v -0.37174900 -0.02180000 -0.04946000
v -0.37384300 -0.02038000 -0.04946000
v -0.37384300 -0.02038000 -0.04946000
v -0.37384300 -0.02038000 -0.04946000
v -0.37384300 -0.02038000 -0.04946000
v -0.37328000 -0.01970600 -0.04906500
v -0.37328000 -0.01970600 -0.04906500
v -0.37328000 -0.01970600 -0.04906500
v -0.37328000 -0.01970600 -0.04906500
v -0.37124200 -0.02105600 -0.04906500
v -0.37124200 -0.02105600 -0.04906500
v -0.37124200 -0.02105600 -0.04906500
v -0.37124200 -0.02105600 -0.04906500
v -0.37124200 -0.02105600 -0.04906500
v -0.37208100 -0.01826400 -0.04861500
v -0.37208100 -0.01826400 -0.04861500
v -0.37208100 -0.01826400 -0.04861500
v -0.36912600 -0.01793200 -0.04850000
v -0.36912600 -0.01793200 -0.04850000
v -0.37016400 -0.01946400 -0.04861500
v -0.37016400 -0.01946400 -0.04861500
v -0.37016400 -0.01946400 -0.04861500
v -0.36777800 -0.01851300 -0.04850000
v -0.36777800 -0.01851300 -0.04850000
v -0.36810700 -0.02040900 -0.04861500
v -0.36810700 -0.02040900 -0.04861500
v -0.36810700 -0.02040900 -0.04861500
v -0.36810700 -0.02040900 -0.04861500
v -0.36904400 -0.02216700 -0.04906500
v -0.36904400 -0.02216700 -0.04906500
v -0.36904400 -0.02216700 -0.04906500
v -0.36904400 -0.02216700 -0.04906500
v -0.36904400 -0.02216700 -0.04906500
v -0.36709900 -0.02394300 -0.04946000
v -0.36709900 -0.02394300 -0.04946000
v -0.36709900 -0.02394300 -0.04946000
v -0.36709900 -0.02394300 -0.04946000
v -0.36709900 -0.02394300 -0.04946000
v -0.36709900 -0.02394300 -0.04946000
v -0.36948600 -0.02298800 -0.04946000
v -0.36948600 -0.02298800 -0.04946000
v -0.36948600 -0.02298800 -0.04946000
v -0.36948600 -0.02298800 -0.04946000
v -0.36948600 -0.02298800 -0.04946000
v -0.36948600 -0.02298800 -0.04946000
v -0.36673000 -0.02304300 -0.04906500
v -0.36673000 -0.02304300 -0.04906500
v -0.36673000 -0.02304300 -0.04906500
v -0.36673000 -0.02304300 -0.04906500
v -0.36673000 -0.02304300 -0.04906500
v -0.36595000 -0.02111700 -0.04861500
v -0.36595000 -0.02111700 -0.04861500
v -0.38354400 -0.00950300 -0.05150000
v -0.38354400 -0.00950300 -0.05150000
v -0.38354400 -0.00950300 -0.05150000
v -0.38354400 -0.00950300 -0.05150000
v -0.38252400 -0.01550800 -0.05150000
v -0.38252400 -0.01550800 -0.05150000
v -0.38252400 -0.01550800 -0.05150000
v -0.38252400 -0.01550800 -0.04650000
v -0.38252400 -0.01550800 -0.04650000
v -0.38252400 -0.01550800 -0.04650000
v -0.37904200 -0.01802100 -0.05150000
v -0.37904200 -0.01802100 -0.05150000
v -0.37904200 -0.01802100 -0.05150000
v -0.39588200 -0.00776800 -0.04850000
v -0.39588200 -0.00776800 -0.04850000
v -0.39588200 -0.00776800 -0.04850000
v -0.39612600 -0.00627000 -0.04850000
v -0.39612600 -0.00627000 -0.04850000
v -0.39612600 -0.00627000 -0.04850000
v -0.39725000 -0.00810400 -0.04015700
v -0.39725000 -0.00810400 -0.04015700
v -0.39725000 -0.00810400 -0.04015700
v -0.39725000 -0.00810400 -0.04015700
vn -0.09740000 0.02200000 -0.99500000
vn 0.98850000 -0.15120000 -0.00000000
vn 0.97450000 -0.22430000 -0.00000000
vn 0.97950000 -0.20080000 -0.01570000
vn -0.10080000 0.01380000 -0.99480000
vn -0.23600000 0.02920000 -0.97130000
vn -0.23230000 0.05190000 -0.97130000
vn -0.09870000 0.01240000 -0.99500000
vn 0.98850000 -0.15120000 -0.00000000
vn 0.99460000 -0.10420000 -0.00000000
vn 0.94760000 -0.31820000 -0.02770000
vn 0.97450000 -0.22430000 -0.00000000
vn -0.09480000 0.03180000 -0.99500000
vn 0.93830000 -0.34590000 -0.00000000
vn -0.00000000 -0.00000000 1.00000000
vn 0.93830000 -0.34590000 -0.00000000
vn 0.97950000 -0.20080000 -0.01570000
vn 0.97450000 -0.22430000 -0.00000000
vn 0.99460000 -0.10420000 -0.00000000
vn -0.00000000 -0.00000000 1.00000000
vn 0.99900000 -0.04010000 -0.02080000
vn 0.99800000 -0.06280000 -0.00000000
vn 0.97950000 -0.20080000 -0.01570000
vn 0.98850000 -0.15120000 -0.00000000
vn -0.22700000 0.07460000 -0.97100000
vn -0.23290000 0.05170000 -0.97110000
vn -0.09790000 0.02210000 -0.99500000
vn -0.22730000 0.07460000 -0.97100000
vn -0.09740000 0.03690000 -0.99460000
vn -0.21890000 0.09680000 -0.97090000
vn -0.35470000 0.11670000 -0.92770000
vn -0.21870000 0.09680000 -0.97100000
vn -0.34170000 0.15140000 -0.92750000
vn -0.22700000 0.07470000 -0.97100000
vn -0.23250000 0.05180000 -0.97120000
vn -0.22660000 0.07460000 -0.97110000
vn -0.35460000 0.11650000 -0.92770000
vn -0.36340000 0.08100000 -0.92810000
vn -0.36800000 0.04590000 -0.92870000
vn -0.23560000 0.02940000 -0.97140000
vn -0.36310000 0.08090000 -0.92820000
vn -0.23200000 0.05210000 -0.97130000
vn -0.48050000 0.15880000 -0.86250000
vn -0.35420000 0.11680000 -0.92780000
vn -0.46910000 0.18900000 -0.86270000
vn -0.45760000 0.20280000 -0.86570000
vn -0.34130000 0.15140000 -0.92770000
vn -0.35350000 0.11710000 -0.92810000
vn -0.48100000 0.15880000 -0.86220000
vn -0.36180000 0.08160000 -0.92870000
vn -0.48970000 0.11040000 -0.86480000
vn -0.49090000 0.11100000 -0.86410000
vn -0.36620000 0.04650000 -0.92940000
vn -0.49210000 0.06270000 -0.86830000
vn -0.49770000 0.07610000 -0.86400000
vn -0.36170000 0.08180000 -0.92870000
vn -0.94600000 0.32270000 0.02980000
vn -0.92760000 0.37350000 -0.00000000
vn -0.95070000 0.31020000 -0.00000000
vn -0.48300000 0.15800000 -0.86120000
vn -0.46910000 0.18900000 -0.86270000
vn -0.95070000 0.31020000 -0.00000000
vn -0.98120000 0.19300000 -0.00000000
vn -0.97400000 0.21620000 0.06840000
vn -0.48320000 0.15770000 -0.86120000
vn -0.49180000 0.10970000 -0.86380000
vn -0.98850000 0.15110000 -0.00000000
vn -0.49770000 0.07610000 -0.86400000
vn -0.49190000 0.10910000 -0.86380000
vn -0.97400000 0.21620000 0.06840000
vn -0.98850000 0.15110000 -0.00000000
vn -0.99450000 0.10510000 -0.00000000
vn -0.99710000 0.06310000 0.04240000
vn -0.97400000 0.21620000 0.06840000
vn -0.98120000 0.19300000 -0.00000000
vn -0.00000000 -0.00000000 1.00000000
vn -0.94600000 0.32270000 0.02980000
vn -0.95070000 0.31020000 -0.00000000
vn -0.98120000 0.19300000 -0.00000000
vn -0.00000000 -0.00000000 1.00000000
vn -0.92760000 0.37350000 -0.00000000
vn -0.94600000 0.32270000 0.02980000
vn -0.89320000 0.44710000 0.04700000
vn -0.90820000 0.41860000 -0.00000000
vn -0.00000000 -0.00000000 1.00000000
vn 0.92120000 -0.38920000 -0.00000000
vn 0.90120000 -0.43340000 -0.00000000
vn 0.93830000 -0.34590000 -0.00000000
vn -0.00000000 -0.00000000 1.00000000
vn 0.94760000 -0.31820000 -0.02770000
vn 0.87670000 -0.48080000 -0.01320000
vn -0.87750000 0.47960000 -0.00000000
vn -0.85220000 0.52320000 -0.00000000
vn -0.89320000 0.44710000 0.04700000
vn -0.00000000 -0.00000000 1.00000000
vn -0.82400000 0.56660000 -0.00000000
vn -0.81250000 0.58080000 0.04990000
vn -0.46010000 0.21140000 -0.86230000
vn -0.46910000 0.18900000 -0.86270000
vn -0.92760000 0.37350000 -0.00000000
vn -0.90820000 0.41860000 -0.00000000
vn -0.87750000 0.47960000 -0.00000000
vn -0.90820000 0.41860000 -0.00000000
vn -0.89320000 0.44710000 0.04700000
vn -0.46030000 0.21220000 -0.86210000
vn -0.44480000 0.24310000 -0.86200000
vn -0.32540000 0.18520000 -0.92730000
vn -0.45890000 0.20750000 -0.86390000
vn -0.34230000 0.15190000 -0.92730000
vn -0.44450000 0.24360000 -0.86200000
vn -0.43250000 0.26550000 -0.86170000
vn -0.87750000 0.47960000 -0.00000000
vn -0.85220000 0.52320000 -0.00000000
vn -0.44420000 0.24360000 -0.86220000
vn -0.43570000 0.24740000 -0.86540000
vn -0.43250000 0.26550000 -0.86170000
vn -0.32590000 0.18510000 -0.92710000
vn -0.41360000 0.29540000 -0.86120000
vn -0.30570000 0.21820000 -0.92680000
vn -0.43250000 0.26550000 -0.86170000
vn -0.85220000 0.52320000 -0.00000000
vn -0.81250000 0.58080000 0.04990000
vn -0.41330000 0.29540000 -0.86140000
vn -0.41400000 0.29570000 -0.86090000
vn -0.81250000 0.58080000 0.04990000
vn -0.74590000 0.66610000 -0.00000000
vn -0.37920000 0.33870000 -0.86110000
vn -0.82400000 0.56660000 -0.00000000
vn -0.73480000 0.67750000 0.03180000
vn -0.69560000 0.71850000 -0.00000000
vn -0.35360000 0.36520000 -0.86120000
vn -0.74590000 0.66610000 -0.00000000
vn -0.37950000 0.33870000 -0.86100000
vn -0.73480000 0.67750000 0.03180000
vn -0.74590000 0.66610000 -0.00000000
vn -0.82400000 0.56660000 -0.00000000
vn -0.00000000 -0.00000000 1.00000000
vn -0.41400000 0.29540000 -0.86100000
vn -0.37940000 0.33870000 -0.86100000
vn -0.28070000 0.25040000 -0.92660000
vn -0.30620000 0.21820000 -0.92660000
vn -0.30600000 0.21820000 -0.92670000
vn -0.20800000 0.11810000 -0.97100000
vn -0.19530000 0.13920000 -0.97080000
vn -0.32690000 0.18500000 -0.92680000
vn -0.37980000 0.33870000 -0.86090000
vn -0.28030000 0.25030000 -0.92670000
vn -0.35360000 0.36520000 -0.86120000
vn -0.33400000 0.37450000 -0.86500000
vn -0.25040000 0.28080000 -0.92650000
vn -0.19530000 0.13920000 -0.97080000
vn -0.28050000 0.25030000 -0.92670000
vn -0.17900000 0.15960000 -0.97080000
vn -0.30650000 0.21820000 -0.92650000
vn -0.20850000 0.11800000 -0.97090000
vn -0.08660000 0.04950000 -0.99500000
vn -0.19530000 0.13920000 -0.97080000
vn -0.19530000 0.13920000 -0.97080000
vn -0.17900000 0.15960000 -0.97080000
vn -0.08240000 0.06220000 -0.99470000
vn -0.28050000 0.25040000 -0.92660000
vn -0.17900000 0.15960000 -0.97080000
vn -0.25040000 0.28080000 -0.92650000
vn -0.15960000 0.17900000 -0.97080000
vn -0.33330000 0.37940000 -0.86310000
vn -0.25040000 0.28080000 -0.92650000
vn -0.29060000 0.40730000 -0.86580000
vn -0.30490000 0.40640000 -0.86130000
vn -0.21840000 0.30590000 -0.92670000
vn -0.25010000 0.28050000 -0.92670000
vn -0.13920000 0.19530000 -0.97080000
vn -0.21790000 0.30580000 -0.92680000
vn -0.15960000 0.17900000 -0.97080000
vn -0.17900000 0.15960000 -0.97080000
vn -0.07390000 0.06740000 -0.99500000
vn -0.15960000 0.17900000 -0.97080000
vn 0.76270000 -0.64680000 -0.00000000
vn -0.07150000 0.06450000 -0.99540000
vn 0.71920000 -0.69480000 -0.00000000
vn 0.71920000 -0.69480000 -0.00000000
vn -0.06560000 0.07470000 -0.99500000
vn 0.63060000 -0.77610000 -0.00000000
vn 0.65970000 -0.75070000 -0.03510000
vn -0.13920000 0.19530000 -0.97080000
vn -0.06410000 0.08160000 -0.99460000
vn -0.15990000 0.17930000 -0.97070000
vn 0.65970000 -0.75070000 -0.03510000
vn -0.06360000 0.08020000 -0.99470000
vn 0.59400000 -0.80450000 -0.00000000
vn -0.05910000 0.08190000 -0.99490000
vn 0.55080000 -0.83460000 -0.00000000
vn 0.59400000 -0.80450000 -0.00000000
vn -0.05710000 0.08270000 -0.99490000
vn -0.13920000 0.19530000 -0.97080000
vn -0.11810000 0.20860000 -0.97080000
vn -0.13920000 0.19530000 -0.97080000
vn -0.18520000 0.32610000 -0.92700000
vn -0.11820000 0.20870000 -0.97080000
vn -0.21780000 0.30600000 -0.92680000
vn -0.09700000 0.21900000 -0.97090000
vn -0.15140000 0.34190000 -0.92750000
vn -0.18430000 0.32580000 -0.92730000
vn -0.11790000 0.20860000 -0.97090000
vn -0.28310000 0.42130000 -0.86160000
vn -0.21810000 0.30600000 -0.92670000
vn -0.18570000 0.32640000 -0.92680000
vn -0.24880000 0.43910000 -0.86330000
vn -0.29060000 0.40730000 -0.86580000
vn -0.18490000 0.32600000 -0.92710000
vn -0.24860000 0.43780000 -0.86400000
vn -0.20600000 0.46320000 -0.86200000
vn -0.15180000 0.34210000 -0.92730000
vn -0.25400000 0.43970000 -0.86150000
vn -0.41350000 0.91050000 -0.00000000
vn -0.21160000 0.46590000 -0.85920000
vn -0.52160000 0.85320000 -0.00000000
vn -0.50110000 0.86340000 0.05920000
vn -0.35220000 0.93590000 -0.00000000
vn -0.41350000 0.91050000 -0.00000000
vn -0.40530000 0.91390000 0.02070000
vn -0.17810000 0.47330000 -0.86270000
vn -0.21110000 0.46570000 -0.85940000
vn -0.15120000 0.34180000 -0.92750000
vn -0.17810000 0.47330000 -0.86270000
vn -0.11740000 0.35440000 -0.92770000
vn -0.15740000 0.47620000 -0.86520000
vn -0.20510000 0.46280000 -0.86240000
vn -0.09680000 0.21880000 -0.97090000
vn -0.11610000 0.35400000 -0.92800000
vn -0.07510000 0.22710000 -0.97100000
vn -0.15100000 0.34200000 -0.92750000
vn -0.30670000 0.95180000 -0.00000000
vn -0.15530000 0.48040000 -0.86320000
vn -0.17810000 0.47330000 -0.86270000
vn -0.35220000 0.93590000 -0.00000000
vn -0.11700000 0.35460000 -0.92770000
vn -0.15760000 0.47650000 -0.86490000
vn -0.08210000 0.36310000 -0.92810000
vn -0.12280000 0.48960000 -0.86320000
vn -0.10940000 0.48500000 -0.86760000
vn -0.04710000 0.36780000 -0.92870000
vn -0.08220000 0.36250000 -0.92840000
vn -0.09870000 0.49380000 -0.86400000
vn -0.06310000 0.49710000 -0.86540000
vn -0.10940000 0.48500000 -0.86760000
vn -0.10940000 0.48500000 -0.86760000
vn -0.12280000 0.48960000 -0.86320000
vn -0.24320000 0.97000000 -0.00000000
vn -0.19610000 0.98060000 -0.00000000
vn -0.09870000 0.49380000 -0.86400000
vn -0.15490000 0.48080000 -0.86310000
vn -0.12280000 0.48960000 -0.86320000
vn -0.28110000 0.95870000 0.04350000
vn -0.24320000 0.97000000 -0.00000000
vn -0.30670000 0.95180000 -0.00000000
vn -0.11640000 0.35370000 -0.92810000
vn -0.08110000 0.36190000 -0.92870000
vn -0.07460000 0.22680000 -0.97110000
vn -0.05220000 0.23270000 -0.97110000
vn -0.05200000 0.23250000 -0.97120000
vn -0.03160000 0.09550000 -0.99490000
vn -0.07430000 0.22650000 -0.97120000
vn -0.04030000 0.09210000 -0.99490000
vn -0.07480000 0.22690000 -0.97100000
vn -0.09660000 0.21880000 -0.97100000
vn -0.02990000 0.23590000 -0.97130000
vn -0.08070000 0.36190000 -0.92870000
vn -0.04590000 0.36630000 -0.92940000
vn -0.05190000 0.23260000 -0.97120000
vn -0.05150000 0.23210000 -0.97130000
vn -0.01290000 0.10000000 -0.99490000
vn -0.02900000 0.23570000 -0.97140000
vn -0.01400000 0.36690000 -0.93010000
vn -0.04730000 0.36720000 -0.92890000
vn -0.01960000 0.50430000 -0.86330000
vn -0.06320000 0.49650000 -0.86570000
vn -0.02940000 0.23570000 -0.97140000
vn -0.04570000 0.36630000 -0.92940000
vn -0.00860000 0.23630000 -0.97160000
vn -0.01320000 0.36890000 -0.92940000
vn -0.02900000 0.23530000 -0.97150000
vn -0.00820000 0.23700000 -0.97150000
vn -0.00650000 0.10440000 -0.99450000
vn 0.01320000 0.36690000 -0.93020000
vn -0.01300000 0.36790000 -0.92980000
vn -0.00890000 0.23580000 -0.97180000
vn 0.00850000 0.23670000 -0.97150000
vn -0.00000000 0.10480000 -0.99450000
vn 0.00830000 0.23580000 -0.97180000
vn -0.00840000 0.23660000 -0.97160000
vn -0.04020000 -0.99920000 -0.00000000
vn 0.04010000 -0.99920000 -0.00000000
vn -0.00000000 0.10500000 -0.99450000
vn 0.01190000 0.10180000 -0.99470000
vn 0.00870000 0.23630000 -0.97160000
vn 0.02910000 0.23500000 -0.97160000
vn 0.00410000 0.10170000 -0.99480000
vn -0.04020000 -0.99920000 -0.00000000
vn -0.10420000 -0.99460000 -0.00000000
vn -0.06280000 -0.99790000 -0.01340000
vn 0.06990000 -0.99740000 -0.01770000
vn -0.00740000 0.10500000 -0.99440000
vn 0.11160000 -0.99380000 -0.00000000
vn 0.04010000 -0.99920000 -0.00000000
vn 0.11160000 -0.99380000 -0.00000000
vn 0.15860000 -0.98730000 -0.00000000
vn -0.01510000 0.09980000 -0.99490000
vn 0.11160000 -0.99380000 -0.00000000
vn 0.06990000 -0.99740000 -0.01770000
vn 0.21630000 -0.97630000 -0.00000000
vn 0.23250000 -0.97250000 -0.01610000
vn 0.15860000 -0.98730000 -0.00000000
vn -0.00000000 -0.00000000 1.00000000
vn 0.04010000 -0.99920000 -0.00000000
vn -0.00000000 -0.00000000 1.00000000
vn -0.06280000 -0.99790000 -0.01340000
vn 0.06990000 -0.99740000 -0.01770000
vn -0.04020000 -0.99920000 -0.00000000
vn -0.15130000 -0.98850000 -0.00000000
vn -0.06280000 -0.99790000 -0.01340000
vn -0.10420000 -0.99460000 -0.00000000
vn -0.20080000 -0.97950000 -0.01570000
vn -0.00000000 -0.00000000 1.00000000
vn 0.19300000 0.98120000 -0.00000000
vn 0.10460000 0.99450000 -0.00000000
vn -0.00000000 -0.00000000 1.00000000
vn 0.06320000 0.99710000 0.04270000
vn 0.21610000 0.97400000 0.06840000
vn 0.15120000 0.98850000 -0.00000000
vn -0.00000000 -0.00000000 1.00000000
vn 0.06320000 0.99710000 0.04270000
vn -0.04400000 0.99900000 -0.00040000
vn 0.04030000 0.99920000 -0.00050000
vn -0.15310000 0.98820000 -0.00000000
vn -0.06600000 0.49930000 -0.86390000
vn -0.04410000 0.99900000 -0.00020000
vn -0.13180000 0.98950000 0.05960000
vn -0.02200000 0.50120000 -0.86500000
vn 0.01980000 0.50160000 -0.86490000
vn -0.04390000 0.99900000 -0.00050000
vn 0.04030000 0.99920000 -0.00050000
vn -0.02200000 0.50120000 -0.86500000
vn 0.02030000 0.50200000 -0.86460000
vn 0.06320000 0.99710000 0.04270000
vn 0.10460000 0.99450000 -0.00000000
vn 0.04030000 0.99920000 -0.00050000
vn 0.05280000 0.49940000 -0.86470000
vn -0.04420000 0.99900000 -0.00000000
vn -0.15310000 0.98820000 -0.00000000
vn -0.00000000 -0.00000000 1.00000000
vn -0.00000000 -0.00000000 1.00000000
vn -0.28110000 0.95870000 0.04350000
vn -0.13180000 0.98950000 0.05960000
vn -0.19610000 0.98060000 -0.00000000
vn -0.24320000 0.97000000 -0.00000000
vn -0.15310000 0.98820000 -0.00000000
vn 0.21630000 -0.97630000 -0.00000000
vn -0.00000000 -0.00000000 1.00000000
vn 0.36130000 -0.93230000 -0.01790000
vn 0.32630000 -0.94530000 -0.00000000
vn -0.06650000 0.49930000 -0.86390000
vn -0.13180000 0.98950000 0.05960000
vn -0.19610000 0.98060000 -0.00000000
vn -0.09870000 0.49380000 -0.86400000
vn -0.30670000 0.95180000 -0.00000000
vn -0.40530000 0.91390000 0.02070000
vn -0.35220000 0.93590000 -0.00000000
vn -0.28110000 0.95870000 0.04350000
vn -0.00000000 -0.00000000 1.00000000
vn -0.40530000 0.91390000 0.02070000
vn -0.00000000 -0.00000000 1.00000000
vn -0.52160000 0.85320000 -0.00000000
vn -0.41350000 0.91050000 -0.00000000
vn -0.00000000 -0.00000000 1.00000000
vn 0.39670000 -0.91800000 -0.00000000
vn 0.49780000 -0.86720000 -0.01170000
vn 0.48440000 -0.87490000 -0.00000000
vn 0.36130000 -0.93230000 -0.01790000
vn 0.55080000 -0.83460000 -0.00000000
vn 0.48440000 -0.87490000 -0.00000000
vn -0.04800000 0.08590000 -0.99510000
vn 0.49780000 -0.86720000 -0.01170000
vn -0.00000000 -0.00000000 1.00000000
vn 0.59400000 -0.80450000 -0.00000000
vn 0.49780000 -0.86720000 -0.01170000
vn 0.65970000 -0.75070000 -0.03510000
vn 0.55080000 -0.83460000 -0.00000000
vn 0.63060000 -0.77610000 -0.00000000
vn -0.03930000 0.09190000 -0.99500000
vn 0.39670000 -0.91800000 -0.00000000
vn 0.48440000 -0.87490000 -0.00000000
vn -0.03280000 0.09620000 -0.99480000
vn 0.39670000 -0.91800000 -0.00000000
vn 0.36130000 -0.93230000 -0.01790000
vn 0.32630000 -0.94530000 -0.00000000
vn -0.02290000 0.09690000 -0.99500000
vn 0.23250000 -0.97250000 -0.01610000
vn 0.21630000 -0.97630000 -0.00000000
vn 0.32630000 -0.94530000 -0.00000000
vn 0.23250000 -0.97250000 -0.01610000
vn -0.01970000 0.09850000 -0.99490000
vn 0.15860000 -0.98730000 -0.00000000
vn -0.11770000 0.20850000 -0.97090000
vn -0.09680000 0.21890000 -0.97090000
vn -0.04950000 0.08790000 -0.99490000
vn 0.71920000 -0.69480000 -0.00000000
vn -0.00000000 -0.00000000 1.00000000
vn 0.63060000 -0.77610000 -0.00000000
vn -0.50110000 0.86340000 0.05920000
vn -0.00000000 -0.00000000 1.00000000
vn -0.52160000 0.85320000 -0.00000000
vn -0.60050000 0.79960000 -0.00000000
vn -0.55770000 0.83000000 -0.00000000
vn -0.63060000 0.77480000 0.04380000
vn -0.60050000 0.79960000 -0.00000000
vn -0.55770000 0.83000000 -0.00000000
vn -0.29060000 0.40730000 -0.86580000
vn -0.30490000 0.40640000 -0.86130000
vn -0.28310000 0.42130000 -0.86160000
vn -0.63060000 0.77480000 0.04380000
vn -0.65440000 0.75610000 -0.00000000
vn -0.33250000 0.38420000 -0.86130000
vn -0.30490000 0.40640000 -0.86130000
vn -0.60050000 0.79960000 -0.00000000
vn -0.25490000 0.43910000 -0.86150000
vn -0.55770000 0.83000000 -0.00000000
vn -0.50110000 0.86340000 0.05920000
vn -0.28310000 0.42130000 -0.86160000
vn -0.63060000 0.77480000 0.04380000
vn -0.65440000 0.75610000 -0.00000000
vn -0.00000000 -0.00000000 1.00000000
vn -0.69560000 0.71850000 -0.00000000
vn -0.73480000 0.67750000 0.03180000
vn -0.35360000 0.36520000 -0.86120000
vn -0.33310000 0.38370000 -0.86130000
vn -0.65440000 0.75610000 -0.00000000
vn -0.69560000 0.71850000 -0.00000000
vn 0.76270000 -0.64680000 -0.00000000
vn 0.79400000 -0.60790000 -0.00000000
vn 0.81140000 -0.58390000 -0.02590000
vn 0.71920000 -0.69480000 -0.00000000
vn -0.00000000 -0.00000000 1.00000000
vn -0.08120000 0.05810000 -0.99500000
vn 0.79400000 -0.60790000 -0.00000000
vn 0.81140000 -0.58390000 -0.02590000
vn 0.86700000 -0.49830000 -0.00000000
vn 0.81140000 -0.58390000 -0.02590000
vn -0.07940000 0.06390000 -0.99480000
vn 0.76270000 -0.64680000 -0.00000000
vn 0.86700000 -0.49830000 -0.00000000
vn 0.79400000 -0.60790000 -0.00000000
vn 0.87670000 -0.48080000 -0.01320000
vn -0.00000000 -0.00000000 1.00000000
vn 0.86700000 -0.49830000 -0.00000000
vn 0.90120000 -0.43340000 -0.00000000
vn -0.08580000 0.04900000 -0.99510000
vn 0.87670000 -0.48080000 -0.01320000
vn -0.09110000 0.04100000 -0.99500000
vn 0.92120000 -0.38920000 -0.00000000
vn 0.90120000 -0.43340000 -0.00000000
vn -0.09120000 0.04180000 -0.99500000
vn -0.20860000 0.11810000 -0.97090000
vn -0.21920000 0.09670000 -0.97090000
vn -0.32590000 0.18510000 -0.92710000
vn -0.21900000 0.09680000 -0.97090000
vn -0.34240000 0.15120000 -0.92730000
vn -0.20840000 0.11810000 -0.97090000
vn -0.09550000 0.03760000 -0.99470000
vn 0.92120000 -0.38920000 -0.00000000
vn 0.94760000 -0.31820000 -0.02770000
vn 0.04620000 0.36690000 -0.92910000
vn 0.01970000 0.50090000 -0.86530000
vn 0.01480000 0.36880000 -0.92940000
vn 0.05390000 0.49890000 -0.86500000
vn 0.05350000 0.49950000 -0.86470000
vn 0.10460000 0.99450000 -0.00000000
vn 0.07640000 0.49800000 -0.86380000
vn 0.15120000 0.98850000 -0.00000000
vn 0.15120000 0.98850000 -0.00000000
vn 0.07640000 0.49800000 -0.86380000
vn 0.10920000 0.49180000 -0.86380000
vn 0.21610000 0.97400000 0.06840000
vn 0.08220000 0.36250000 -0.92840000
vn 0.11110000 0.49090000 -0.86410000
vn 0.07640000 0.49800000 -0.86380000
vn 0.06260000 0.49210000 -0.86830000
vn 0.04710000 0.36780000 -0.92870000
vn 0.08070000 0.36190000 -0.92870000
vn 0.04580000 0.36620000 -0.92940000
vn 0.05210000 0.23270000 -0.97120000
vn 0.02990000 0.23590000 -0.97130000
vn 0.08110000 0.36170000 -0.92870000
vn 0.11640000 0.35370000 -0.92810000
vn 0.07460000 0.22680000 -0.97110000
vn 0.05220000 0.23270000 -0.97110000
vn 0.11700000 0.35460000 -0.92770000
vn 0.08210000 0.36310000 -0.92810000
vn 0.15890000 0.48100000 -0.86220000
vn 0.11040000 0.48970000 -0.86480000
vn 0.31020000 0.95070000 -0.00000000
vn 0.15770000 0.48320000 -0.86120000
vn 0.19300000 0.98120000 -0.00000000
vn 0.21610000 0.97400000 0.06840000
vn 0.10970000 0.49190000 -0.86370000
vn 0.32270000 0.94600000 0.02980000
vn 0.15800000 0.48300000 -0.86120000
vn 0.18890000 0.46910000 -0.86270000
vn 0.37350000 0.92760000 -0.00000000
vn 0.31020000 0.95070000 -0.00000000
vn 0.32270000 0.94600000 0.02980000
vn 0.19300000 0.98120000 -0.00000000
vn 0.31020000 0.95070000 -0.00000000
vn -0.00000000 -0.00000000 1.00000000
vn 0.44710000 0.89330000 0.04670000
vn 0.41880000 0.90810000 -0.00000000
vn 0.37350000 0.92760000 -0.00000000
vn 0.32270000 0.94600000 0.02980000
vn -0.00000000 -0.00000000 1.00000000
vn -0.20080000 -0.97950000 -0.01570000
vn -0.00000000 -0.00000000 1.00000000
vn -0.31840000 -0.94800000 -0.00000000
vn -0.22430000 -0.97450000 -0.00000000
vn -0.34580000 -0.93810000 -0.01700000
vn -0.34580000 -0.93810000 -0.01700000
vn -0.00000000 -0.00000000 1.00000000
vn -0.43340000 -0.90120000 -0.00000000
vn -0.48080000 -0.87680000 -0.01320000
vn -0.38920000 -0.92120000 -0.00000000
vn -0.38920000 -0.92120000 -0.00000000
vn -0.31840000 -0.94800000 -0.00000000
vn 0.03760000 0.09550000 -0.99470000
vn -0.34580000 -0.93810000 -0.01700000
vn 0.03170000 0.09480000 -0.99500000
vn -0.22430000 -0.97450000 -0.00000000
vn -0.31840000 -0.94800000 -0.00000000
vn -0.20080000 -0.97950000 -0.01570000
vn -0.22430000 -0.97450000 -0.00000000
vn -0.15130000 -0.98850000 -0.00000000
vn 0.02210000 0.09730000 -0.99500000
vn 0.07430000 0.22650000 -0.97120000
vn 0.05200000 0.23250000 -0.97120000
vn 0.02210000 0.09790000 -0.99500000
vn 0.05150000 0.23210000 -0.97130000
vn 0.02900000 0.23570000 -0.97140000
vn 0.01380000 0.10080000 -0.99480000
vn -0.10420000 -0.99460000 -0.00000000
vn 0.01240000 0.09870000 -0.99500000
vn -0.15130000 -0.98850000 -0.00000000
vn 0.02940000 0.23590000 -0.97130000
vn 0.04570000 0.36630000 -0.92940000
vn 0.01330000 0.36720000 -0.93000000
vn 0.00900000 0.23660000 -0.97160000
vn 0.01950000 0.50120000 -0.86510000
vn -0.01470000 0.36690000 -0.93010000
vn 0.01390000 0.36770000 -0.92980000
vn -0.01970000 0.50420000 -0.86340000
vn 0.03680000 0.09750000 -0.99460000
vn 0.07440000 0.22660000 -0.97110000
vn 0.09660000 0.21880000 -0.97100000
vn 0.04100000 0.09110000 -0.99500000
vn -0.38920000 -0.92120000 -0.00000000
vn -0.43340000 -0.90120000 -0.00000000
vn 0.09680000 0.21890000 -0.97090000
vn 0.04170000 0.09120000 -0.99500000
vn 0.11770000 0.20850000 -0.97090000
vn 0.09680000 0.21880000 -0.97090000
vn 0.07510000 0.22710000 -0.97100000
vn 0.15100000 0.34200000 -0.92750000
vn 0.11610000 0.35400000 -0.92800000
vn 0.09700000 0.21900000 -0.97090000
vn 0.15140000 0.34190000 -0.92750000
vn 0.18430000 0.32580000 -0.92730000
vn 0.11820000 0.20820000 -0.97090000
vn 0.15120000 0.34180000 -0.92750000
vn 0.11740000 0.35440000 -0.92770000
vn 0.20280000 0.45760000 -0.86570000
vn 0.18890000 0.46910000 -0.86270000
vn 0.15880000 0.48050000 -0.86250000
vn 0.15180000 0.34210000 -0.92730000
vn 0.18490000 0.32600000 -0.92710000
vn 0.24360000 0.44460000 -0.86200000
vn 0.20760000 0.45900000 -0.86390000
vn 0.18890000 0.46910000 -0.86270000
vn 0.37350000 0.92760000 -0.00000000
vn 0.21140000 0.46010000 -0.86230000
vn 0.41880000 0.90810000 -0.00000000
vn 0.41880000 0.90810000 -0.00000000
vn 0.21230000 0.46030000 -0.86200000
vn 0.47950000 0.87760000 -0.00000000
vn 0.24310000 0.44490000 -0.86200000
vn 0.44710000 0.89330000 0.04670000
vn 0.24360000 0.44420000 -0.86220000
vn 0.47950000 0.87760000 -0.00000000
vn 0.52320000 0.85220000 -0.00000000
vn 0.26550000 0.43250000 -0.86170000
vn 0.52320000 0.85220000 -0.00000000
vn -0.00000000 -0.00000000 1.00000000
vn 0.58090000 0.81240000 0.05030000
vn 0.56660000 0.82400000 -0.00000000
vn 0.47950000 0.87760000 -0.00000000
vn 0.44710000 0.89330000 0.04670000
vn 0.56660000 0.82400000 -0.00000000
vn -0.00000000 -0.00000000 1.00000000
vn 0.67750000 0.73480000 0.03180000
vn 0.66610000 0.74580000 -0.00000000
vn -0.58410000 -0.81170000 -0.00000000
vn -0.49830000 -0.86700000 -0.00000000
vn -0.00000000 -0.00000000 1.00000000
vn -0.48080000 -0.87680000 -0.01320000
vn -0.60780000 -0.79390000 -0.01630000
vn 0.26550000 0.43250000 -0.86170000
vn 0.29540000 0.41330000 -0.86140000
vn 0.58090000 0.81240000 0.05030000
vn 0.52320000 0.85220000 -0.00000000
vn 0.56660000 0.82400000 -0.00000000
vn 0.66610000 0.74580000 -0.00000000
vn 0.29570000 0.41400000 -0.86090000
vn 0.58090000 0.81240000 0.05030000
vn 0.33900000 0.37950000 -0.86090000
vn 0.29560000 0.41400000 -0.86090000
vn 0.18570000 0.32640000 -0.92680000
vn 0.21810000 0.30600000 -0.92670000
vn 0.24740000 0.43520000 -0.86570000
vn 0.26550000 0.43250000 -0.86170000
vn 0.33870000 0.37950000 -0.86100000
vn 0.71840000 0.69560000 -0.00000000
vn 0.36520000 0.35360000 -0.86120000
vn 0.66610000 0.74580000 -0.00000000
vn 0.67750000 0.73480000 0.03180000
vn 0.33870000 0.37940000 -0.86100000
vn 0.29540000 0.41400000 -0.86100000
vn 0.21850000 0.30610000 -0.92660000
vn 0.25030000 0.28080000 -0.92660000
vn 0.15950000 0.17900000 -0.97080000
vn 0.17900000 0.15960000 -0.97080000
vn 0.25030000 0.28030000 -0.92670000
vn 0.28080000 0.25040000 -0.92650000
vn 0.21820000 0.30600000 -0.92670000
vn 0.15960000 0.17900000 -0.97080000
vn 0.13930000 0.19540000 -0.97080000
vn 0.25020000 0.28080000 -0.92660000
vn 0.25040000 0.28080000 -0.92650000
vn 0.28080000 0.25040000 -0.92650000
vn 0.36520000 0.35360000 -0.86120000
vn 0.37450000 0.33400000 -0.86500000
vn 0.33870000 0.37980000 -0.86090000
vn 0.37950000 0.33330000 -0.86310000
vn 0.28070000 0.25040000 -0.92660000
vn 0.30620000 0.21820000 -0.92660000
vn 0.40730000 0.29050000 -0.86580000
vn 0.40640000 0.30510000 -0.86130000
vn 0.17900000 0.15960000 -0.97080000
vn 0.30590000 0.21800000 -0.92680000
vn 0.19530000 0.13920000 -0.97080000
vn 0.28080000 0.25040000 -0.92650000
vn 0.75630000 0.65420000 -0.00000000
vn 0.36520000 0.35360000 -0.86120000
vn 0.38370000 0.33320000 -0.86130000
vn 0.71840000 0.69560000 -0.00000000
vn 0.77490000 0.63060000 0.04350000
vn 0.79970000 0.60040000 -0.00000000
vn 0.75630000 0.65420000 -0.00000000
vn 0.40640000 0.30510000 -0.86130000
vn 0.38440000 0.33250000 -0.86120000
vn 0.77490000 0.63060000 0.04350000
vn 0.67750000 0.73480000 0.03180000
vn 0.75630000 0.65420000 -0.00000000
vn 0.71840000 0.69560000 -0.00000000
vn -0.00000000 -0.00000000 1.00000000
vn -0.00000000 -0.00000000 1.00000000
vn 0.85320000 0.52160000 -0.00000000
vn 0.83000000 0.55770000 -0.00000000
vn 0.77490000 0.63060000 0.04350000
vn 0.86340000 0.50110000 0.05920000
vn 0.79970000 0.60040000 -0.00000000
vn -0.69480000 -0.71920000 -0.00000000
vn -0.75170000 -0.65950000 -0.00000000
vn -0.00000000 -0.00000000 1.00000000
vn -0.77600000 -0.63050000 -0.01910000
vn -0.60780000 -0.79390000 -0.01630000
vn -0.69480000 -0.71920000 -0.00000000
vn -0.00000000 -0.00000000 1.00000000
vn -0.64710000 -0.76240000 -0.00000000
vn 0.07470000 0.06560000 -0.99500000
vn -0.69480000 -0.71920000 -0.00000000
vn -0.75170000 -0.65950000 -0.00000000
vn 0.06450000 0.07140000 -0.99540000
vn -0.69480000 -0.71920000 -0.00000000
vn -0.64710000 -0.76240000 -0.00000000
vn 0.06380000 0.07950000 -0.99480000
vn -0.60780000 -0.79390000 -0.01630000
vn -0.58410000 -0.81170000 -0.00000000
vn -0.64710000 -0.76240000 -0.00000000
vn 0.06270000 0.08220000 -0.99460000
vn 0.13920000 0.19540000 -0.97080000
vn 0.15960000 0.17910000 -0.97080000
vn 0.05820000 0.08120000 -0.99500000
vn -0.49830000 -0.86700000 -0.00000000
vn -0.58410000 -0.81170000 -0.00000000
vn 0.04950000 0.08670000 -0.99500000
vn 0.13920000 0.19530000 -0.97080000
vn 0.11810000 0.20830000 -0.97090000
vn -0.43340000 -0.90120000 -0.00000000
vn -0.48080000 -0.87680000 -0.01320000
vn -0.49830000 -0.86700000 -0.00000000
vn 0.04890000 0.08570000 -0.99510000
vn 0.11830000 0.20840000 -0.97090000
vn 0.13920000 0.19530000 -0.97080000
vn 0.18520000 0.32610000 -0.92700000
vn 0.21780000 0.30590000 -0.92680000
vn 0.17900000 0.15960000 -0.97080000
vn 0.06740000 0.07390000 -0.99500000
vn 0.15960000 0.17900000 -0.97080000
vn 0.08160000 0.06410000 -0.99460000
vn 0.17900000 0.15960000 -0.97080000
vn 0.19530000 0.13920000 -0.97080000
vn 0.19530000 0.13920000 -0.97080000
vn 0.08270000 0.05710000 -0.99490000
vn 0.20890000 0.11800000 -0.97080000
vn 0.08200000 0.05910000 -0.99490000
vn -0.80450000 -0.59400000 -0.00000000
vn -0.83460000 -0.55090000 -0.00000000
vn -0.80450000 -0.59400000 -0.00000000
vn -0.75170000 -0.65950000 -0.00000000
vn -0.77600000 -0.63050000 -0.01910000
vn 0.08010000 0.06370000 -0.99480000
vn -0.80450000 -0.59400000 -0.00000000
vn -0.86720000 -0.49780000 -0.01170000
vn -0.83460000 -0.55090000 -0.00000000
vn -0.00000000 -0.00000000 1.00000000
vn -0.77600000 -0.63050000 -0.01910000
vn -0.93230000 -0.36130000 -0.01800000
vn -0.86720000 -0.49780000 -0.01170000
vn -0.87490000 -0.48440000 -0.00000000
vn -0.00000000 -0.00000000 1.00000000
vn -0.91790000 -0.39680000 -0.00000000
vn 0.91390000 0.40540000 0.02050000
vn 0.91050000 0.41350000 -0.00000000
vn 0.85320000 0.52160000 -0.00000000
vn -0.00000000 -0.00000000 1.00000000
vn -0.83460000 -0.55090000 -0.00000000
vn 0.08590000 0.04810000 -0.99510000
vn -0.87490000 -0.48440000 -0.00000000
vn -0.86720000 -0.49780000 -0.01170000
vn -0.87490000 -0.48440000 -0.00000000
vn 0.09210000 0.03940000 -0.99500000
vn -0.91790000 -0.39680000 -0.00000000
vn 0.21920000 0.09670000 -0.97090000
vn 0.20860000 0.11810000 -0.97090000
vn 0.08810000 0.04950000 -0.99490000
vn 0.09200000 0.04020000 -0.99490000
vn 0.21890000 0.09680000 -0.97090000
vn 0.22730000 0.07460000 -0.97100000
vn 0.34280000 0.15140000 -0.92710000
vn 0.21900000 0.09680000 -0.97090000
vn 0.20840000 0.11810000 -0.97090000
vn 0.32620000 0.18500000 -0.92700000
vn 0.19530000 0.13920000 -0.97080000
vn 0.32640000 0.18500000 -0.92690000
vn 0.20870000 0.11800000 -0.97080000
vn 0.30600000 0.21820000 -0.92670000
vn 0.30570000 0.21820000 -0.92680000
vn 0.32580000 0.18510000 -0.92710000
vn 0.43910000 0.24880000 -0.86330000
vn 0.42130000 0.28310000 -0.86160000
vn 0.40730000 0.29050000 -0.86580000
vn 0.79970000 0.60040000 -0.00000000
vn 0.40640000 0.30510000 -0.86130000
vn 0.40730000 0.29050000 -0.86580000
vn 0.83000000 0.55770000 -0.00000000
vn 0.42130000 0.28310000 -0.86160000
vn 0.43980000 0.25400000 -0.86140000
vn 0.85320000 0.52160000 -0.00000000
vn 0.46590000 0.21160000 -0.85920000
vn 0.86340000 0.50110000 0.05920000
vn 0.91050000 0.41350000 -0.00000000
vn 0.83000000 0.55770000 -0.00000000
vn 0.43910000 0.25490000 -0.86150000
vn 0.42130000 0.28310000 -0.86160000
vn 0.86340000 0.50110000 0.05920000
vn 0.34200000 0.15130000 -0.92750000
vn 0.43750000 0.24870000 -0.86410000
vn 0.32540000 0.18520000 -0.92730000
vn 0.46340000 0.20590000 -0.86190000
vn 0.91050000 0.41350000 -0.00000000
vn 0.91390000 0.40540000 0.02050000
vn 0.46580000 0.21090000 -0.85940000
vn 0.47330000 0.17810000 -0.86270000
vn 0.93570000 0.35280000 -0.00000000
vn 0.34130000 0.15140000 -0.92770000
vn 0.47620000 0.15740000 -0.86520000
vn 0.46280000 0.20510000 -0.86240000
vn 0.47330000 0.17810000 -0.86270000
vn 0.35420000 0.11680000 -0.92780000
vn 0.34220000 0.15150000 -0.92740000
vn 0.21870000 0.09680000 -0.97100000
vn 0.22700000 0.07470000 -0.97100000
vn 0.35470000 0.11670000 -0.92770000
vn 0.23290000 0.05170000 -0.97110000
vn 0.22700000 0.07460000 -0.97100000
vn 0.09550000 0.03160000 -0.99490000
vn 0.35460000 0.11650000 -0.92770000
vn 0.22640000 0.07480000 -0.97120000
vn 0.23250000 0.05190000 -0.97120000
vn 0.36340000 0.08100000 -0.92810000
vn 0.23600000 0.02920000 -0.97130000
vn 0.23260000 0.05200000 -0.97120000
vn 0.10010000 0.01290000 -0.99490000
vn 0.36320000 0.08150000 -0.92810000
vn 0.23560000 0.02940000 -0.97140000
vn 0.36800000 0.04590000 -0.92870000
vn 0.23200000 0.05210000 -0.97130000
vn 0.48500000 0.10940000 -0.86760000
vn 0.47860000 0.15610000 -0.86410000
vn 0.48970000 0.12270000 -0.86320000
vn 0.36210000 0.08170000 -0.92860000
vn 0.35350000 0.11710000 -0.92810000
vn 0.49380000 0.09880000 -0.86400000
vn 0.36600000 0.04650000 -0.92940000
vn 0.49740000 0.06280000 -0.86530000
vn 0.36170000 0.08180000 -0.92870000
vn 0.48500000 0.10940000 -0.86760000
vn 0.48970000 0.12270000 -0.86320000
vn 0.48500000 0.10940000 -0.86760000
vn 0.49380000 0.09880000 -0.86400000
vn 0.97010000 0.24270000 -0.00000000
vn 0.98060000 0.19610000 -0.00000000
vn 0.48060000 0.15500000 -0.86320000
vn 0.95190000 0.30650000 -0.00000000
vn 0.48970000 0.12270000 -0.86320000
vn 0.95870000 0.28100000 0.04410000
vn 0.97010000 0.24270000 -0.00000000
vn 0.93570000 0.35280000 -0.00000000
vn 0.95190000 0.30650000 -0.00000000
vn 0.48030000 0.15530000 -0.86320000
vn 0.47330000 0.17810000 -0.86270000
vn -0.00000000 -0.00000000 1.00000000
vn 0.91390000 0.40540000 0.02050000
vn 0.93570000 0.35280000 -0.00000000
vn 0.95190000 0.30650000 -0.00000000
vn 0.95870000 0.28100000 0.04410000
vn -0.97620000 -0.21630000 -0.01260000
vn -0.93230000 -0.36130000 -0.01800000
vn -0.97260000 -0.23240000 -0.00000000
vn -0.94530000 -0.32610000 -0.00000000
vn -0.00000000 -0.00000000 1.00000000
vn 0.98950000 0.13180000 0.05960000
vn 0.95870000 0.28100000 0.04410000
vn -0.00000000 -0.00000000 1.00000000
vn 0.98060000 0.19610000 -0.00000000
vn 0.97010000 0.24270000 -0.00000000
vn 0.98820000 0.15310000 -0.00000000
vn -0.97620000 -0.21630000 -0.01260000
vn -0.98740000 -0.15840000 -0.00000000
vn -0.99380000 -0.11150000 -0.00000000
vn -0.99740000 -0.06990000 -0.01760000
vn -0.00000000 -0.00000000 1.00000000
vn 0.98820000 0.15310000 -0.00000000
vn 0.99900000 0.04420000 -0.00000000
vn -0.00000000 -0.00000000 1.00000000
vn 0.98820000 0.15310000 -0.00000000
vn 0.98950000 0.13180000 0.05960000
vn 0.50110000 0.02200000 -0.86510000
vn 0.99900000 0.04410000 -0.00020000
vn 0.49930000 0.06590000 -0.86390000
vn 0.98950000 0.13180000 0.05960000
vn 0.98060000 0.19610000 -0.00000000
vn 0.49930000 0.06650000 -0.86390000
vn 0.49380000 0.09880000 -0.86400000
vn 0.99920000 -0.04030000 -0.00050000
vn 0.99710000 -0.06310000 0.04240000
vn -0.00000000 -0.00000000 1.00000000
vn 0.99900000 0.04400000 -0.00040000
vn 0.99900000 0.04390000 -0.00050000
vn 0.50150000 -0.01990000 -0.86490000
vn 0.99920000 -0.04030000 -0.00050000
vn 0.50120000 0.02200000 -0.86500000
vn 0.36630000 0.04680000 -0.92930000
vn 0.36680000 0.01390000 -0.93020000
vn 0.49700000 0.06310000 -0.86550000
vn 0.50450000 0.01950000 -0.86320000
vn 0.50410000 0.01980000 -0.86340000
vn 0.36680000 0.01440000 -0.93020000
vn 0.50120000 -0.01960000 -0.86510000
vn 0.36770000 -0.01390000 -0.92980000
vn 0.36630000 -0.04680000 -0.92930000
vn 0.49910000 -0.05410000 -0.86490000
vn 0.36890000 -0.01490000 -0.92940000
vn 0.50160000 -0.02000000 -0.86490000
vn 0.36720000 -0.04540000 -0.92900000
vn 0.36710000 -0.01340000 -0.93010000
vn 0.23670000 -0.00900000 -0.97160000
vn 0.23520000 -0.02960000 -0.97150000
vn 0.23610000 -0.00860000 -0.97170000
vn 0.36780000 0.01310000 -0.92980000
vn 0.23580000 0.00890000 -0.97180000
vn 0.36690000 -0.01320000 -0.93020000
vn 0.36860000 0.01320000 -0.92950000
vn 0.36720000 0.04520000 -0.92900000
vn 0.23630000 0.00860000 -0.97160000
vn 0.23520000 0.02960000 -0.97150000
vn 0.23560000 -0.02940000 -0.97140000
vn 0.23640000 -0.00840000 -0.97160000
vn 0.10180000 -0.01180000 -0.99470000
vn 0.23580000 -0.00830000 -0.97180000
vn 0.23660000 0.00840000 -0.97160000
vn 0.10480000 -0.00000000 -0.99450000
vn -0.99380000 -0.11150000 -0.00000000
vn -0.99920000 -0.04020000 -0.00000000
vn -0.99740000 -0.06990000 -0.01760000
vn 0.10500000 0.00740000 -0.99440000
vn 0.10440000 0.00650000 -0.99450000
vn 0.23670000 0.00840000 -0.97150000
vn 0.23610000 0.02920000 -0.97130000
vn 0.10500000 -0.00000000 -0.99450000
vn -0.99920000 -0.04020000 -0.00000000
vn -0.99800000 0.06280000 -0.00000000
vn -0.99900000 0.04010000 -0.02080000
vn 0.10170000 -0.00410000 -0.99480000
vn -0.99900000 0.04010000 -0.02080000
vn -0.99460000 0.10410000 -0.00000000
vn 0.09870000 -0.01240000 -0.99500000
vn -0.99460000 0.10410000 -0.00000000
vn -0.98850000 0.15130000 -0.00000000
vn -0.99800000 0.06280000 -0.00000000
vn -0.98850000 0.15130000 -0.00000000
vn -0.99460000 0.10410000 -0.00000000
vn -0.97950000 0.20080000 -0.01570000
vn -0.99900000 0.04010000 -0.02080000
vn -0.00000000 -0.00000000 1.00000000
vn -0.97450000 0.22430000 -0.00000000
vn -0.97950000 0.20080000 -0.01570000
vn -0.93830000 0.34590000 -0.00000000
vn -0.00000000 -0.00000000 1.00000000
vn -0.00000000 -0.00000000 1.00000000
vn 0.98120000 -0.19300000 -0.00000000
vn 0.95070000 -0.31020000 -0.00000000
vn 0.94600000 -0.32270000 0.02980000
vn 0.97400000 -0.21610000 0.06840000
vn 0.98120000 -0.19300000 -0.00000000
vn 0.99710000 -0.06310000 0.04240000
vn 0.98850000 -0.15110000 -0.00000000
vn 0.99450000 -0.10480000 -0.00000000
vn -0.00000000 -0.00000000 1.00000000
vn -0.99740000 -0.06990000 -0.01760000
vn -0.99920000 -0.04020000 -0.00000000
vn -0.00000000 -0.00000000 1.00000000
vn -0.99800000 0.06280000 -0.00000000
vn -0.98850000 0.15130000 -0.00000000
vn -0.97950000 0.20080000 -0.01570000
vn 0.09740000 -0.02200000 -0.99500000
vn -0.97450000 0.22430000 -0.00000000
vn 0.10080000 -0.01380000 -0.99480000
vn 0.23600000 -0.02920000 -0.97130000
vn 0.23260000 -0.05200000 -0.97120000
vn -0.93830000 0.34590000 -0.00000000
vn 0.09480000 -0.03170000 -0.99500000
vn -0.97450000 0.22430000 -0.00000000
vn -0.94760000 0.31820000 -0.02770000
vn 0.09790000 -0.02210000 -0.99500000
vn 0.22670000 -0.07470000 -0.97110000
vn 0.23290000 -0.05170000 -0.97110000
vn 0.09740000 -0.03690000 -0.99460000
vn 0.22730000 -0.07460000 -0.97100000
vn 0.21890000 -0.09680000 -0.97090000
vn 0.34220000 -0.15140000 -0.92740000
vn 0.35470000 -0.11670000 -0.92770000
vn 0.22700000 -0.07470000 -0.97100000
vn 0.21870000 -0.09680000 -0.97100000
vn 0.23250000 -0.05190000 -0.97120000
vn 0.35460000 -0.11640000 -0.92770000
vn 0.22640000 -0.07480000 -0.97120000
vn 0.36340000 -0.08100000 -0.92810000
vn 0.48050000 -0.15880000 -0.86250000
vn 0.35420000 -0.11680000 -0.92780000
vn 0.34130000 -0.15140000 -0.92770000
vn 0.46910000 -0.18890000 -0.86270000
vn 0.45760000 -0.20280000 -0.86570000
vn 0.36310000 -0.08140000 -0.92820000
vn 0.23200000 -0.05210000 -0.97130000
vn 0.36800000 -0.04590000 -0.92870000
vn 0.23560000 -0.02940000 -0.97140000
vn 0.48090000 -0.15890000 -0.86220000
vn 0.36200000 -0.08190000 -0.92860000
vn 0.35350000 -0.11710000 -0.92810000
vn 0.48970000 -0.11040000 -0.86480000
vn 0.48310000 -0.15800000 -0.86120000
vn 0.94600000 -0.32270000 0.02980000
vn 0.92760000 -0.37350000 -0.00000000
vn 0.46910000 -0.18890000 -0.86270000
vn 0.95070000 -0.31020000 -0.00000000
vn 0.98120000 -0.19300000 -0.00000000
vn 0.48320000 -0.15770000 -0.86120000
vn 0.97400000 -0.21610000 0.06840000
vn 0.49170000 -0.10970000 -0.86380000
vn 0.95070000 -0.31020000 -0.00000000
vn 0.36170000 -0.08180000 -0.92870000
vn 0.49060000 -0.11090000 -0.86430000
vn 0.36640000 -0.04650000 -0.92930000
vn 0.49770000 -0.07610000 -0.86400000
vn 0.49210000 -0.06250000 -0.86830000
vn 0.97400000 -0.21610000 0.06840000
vn 0.98850000 -0.15110000 -0.00000000
vn 0.49190000 -0.10910000 -0.86380000
vn 0.49770000 -0.07610000 -0.86400000
vn 0.98850000 -0.15110000 -0.00000000
vn 0.99450000 -0.10480000 -0.00000000
vn 0.49770000 -0.07610000 -0.86400000
vn 0.50000000 -0.05410000 -0.86430000
vn 0.99920000 -0.04030000 -0.00050000
vn 0.49930000 -0.05280000 -0.86480000
vn 0.99450000 -0.10480000 -0.00000000
vn 0.50220000 -0.02060000 -0.86450000
vn 0.99710000 -0.06310000 0.04240000
vn 0.46910000 -0.18890000 -0.86270000
vn 0.92760000 -0.37350000 -0.00000000
vn 0.90820000 -0.41860000 -0.00000000
vn 0.46010000 -0.21150000 -0.86230000
vn 0.92760000 -0.37350000 -0.00000000
vn 0.94600000 -0.32270000 0.02980000
vn 0.89320000 -0.44710000 0.04700000
vn 0.90820000 -0.41860000 -0.00000000
vn -0.00000000 -0.00000000 1.00000000
vn 0.81250000 -0.58080000 0.04990000
vn -0.00000000 -0.00000000 1.00000000
vn 0.89320000 -0.44710000 0.04700000
vn 0.82400000 -0.56660000 -0.00000000
vn 0.85220000 -0.52320000 -0.00000000
vn 0.87750000 -0.47960000 -0.00000000
vn -0.93830000 0.34590000 -0.00000000
vn -0.92120000 0.38920000 -0.00000000
vn -0.94760000 0.31820000 -0.02770000
vn -0.90120000 0.43340000 -0.00000000
vn -0.87680000 0.48080000 -0.01320000
vn -0.00000000 -0.00000000 1.00000000
vn 0.46030000 -0.21220000 -0.86210000
vn 0.89320000 -0.44710000 0.04700000
vn 0.90820000 -0.41860000 -0.00000000
vn 0.44480000 -0.24310000 -0.86200000
vn 0.87750000 -0.47960000 -0.00000000
vn 0.43250000 -0.26550000 -0.86170000
vn 0.85220000 -0.52320000 -0.00000000
vn 0.87750000 -0.47960000 -0.00000000
vn 0.44420000 -0.24360000 -0.86220000
vn 0.34230000 -0.15190000 -0.92730000
vn 0.44450000 -0.24360000 -0.86200000
vn 0.32540000 -0.18520000 -0.92730000
vn 0.45890000 -0.20750000 -0.86390000
vn 0.43250000 -0.26550000 -0.86170000
vn 0.30570000 -0.21820000 -0.92680000
vn 0.41390000 -0.29560000 -0.86100000
vn 0.32580000 -0.18510000 -0.92710000
vn 0.43520000 -0.24740000 -0.86570000
vn 0.34280000 -0.15140000 -0.92710000
vn 0.20840000 -0.11810000 -0.97090000
vn 0.32590000 -0.18510000 -0.92710000
vn 0.21900000 -0.09680000 -0.97090000
vn 0.20810000 -0.11820000 -0.97090000
vn 0.32640000 -0.18500000 -0.92690000
vn 0.19530000 -0.13920000 -0.97080000
vn 0.30600000 -0.21820000 -0.92670000
vn 0.20860000 -0.11810000 -0.97090000
vn 0.21920000 -0.09670000 -0.97090000
vn 0.09120000 -0.04180000 -0.99500000
vn 0.19530000 -0.13920000 -0.97080000
vn 0.08660000 -0.04950000 -0.99500000
vn 0.20890000 -0.11800000 -0.97080000
vn 0.09110000 -0.04090000 -0.99500000
vn -0.90120000 0.43340000 -0.00000000
vn -0.92120000 0.38920000 -0.00000000
vn 0.08580000 -0.04890000 -0.99510000
vn -0.87680000 0.48080000 -0.01320000
vn -0.90120000 0.43340000 -0.00000000
vn -0.86700000 0.49830000 -0.00000000
vn -0.79400000 0.60790000 -0.00000000
vn -0.81140000 0.58400000 -0.02580000
vn -0.86700000 0.49830000 -0.00000000
vn 0.08120000 -0.05810000 -0.99500000
vn -0.86700000 0.49830000 -0.00000000
vn -0.00000000 -0.00000000 1.00000000
vn -0.87680000 0.48080000 -0.01320000
vn -0.79400000 0.60790000 -0.00000000
vn -0.79400000 0.60790000 -0.00000000
vn -0.81140000 0.58400000 -0.02580000
vn -0.76270000 0.64680000 -0.00000000
vn -0.00000000 -0.00000000 1.00000000
vn -0.71920000 0.69480000 -0.00000000
vn -0.00000000 -0.00000000 1.00000000
vn 0.73480000 -0.67750000 0.03130000
vn 0.74580000 -0.66610000 -0.00000000
vn 0.82400000 -0.56660000 -0.00000000
vn 0.63070000 -0.77480000 0.04350000
vn -0.00000000 -0.00000000 1.00000000
vn 0.73480000 -0.67750000 0.03130000
vn 0.69560000 -0.71850000 -0.00000000
vn 0.65420000 -0.75630000 -0.00000000
vn 0.37930000 -0.33910000 -0.86090000
vn 0.69560000 -0.71850000 -0.00000000
vn 0.35360000 -0.36520000 -0.86120000
vn 0.73480000 -0.67750000 0.03130000
vn 0.74580000 -0.66610000 -0.00000000
vn 0.81250000 -0.58080000 0.04990000
vn 0.41370000 -0.29540000 -0.86120000
vn 0.82400000 -0.56660000 -0.00000000
vn 0.37920000 -0.33870000 -0.86110000
vn 0.74580000 -0.66610000 -0.00000000
vn 0.43250000 -0.26550000 -0.86170000
vn 0.81250000 -0.58080000 0.04990000
vn 0.41330000 -0.29540000 -0.86140000
vn 0.85220000 -0.52320000 -0.00000000
vn 0.28070000 -0.25040000 -0.92660000
vn 0.41440000 -0.29560000 -0.86080000
vn 0.37940000 -0.33870000 -0.86100000
vn 0.30620000 -0.21820000 -0.92660000
vn 0.35360000 -0.36520000 -0.86120000
vn 0.33400000 -0.37450000 -0.86500000
vn 0.37980000 -0.33870000 -0.86090000
vn 0.25040000 -0.28080000 -0.92650000
vn 0.28080000 -0.25040000 -0.92650000
vn 0.28080000 -0.25040000 -0.92650000
vn 0.17900000 -0.15960000 -0.97080000
vn 0.19530000 -0.13920000 -0.97080000
vn 0.30590000 -0.21800000 -0.92680000
vn 0.17900000 -0.15960000 -0.97080000
vn 0.19530000 -0.13920000 -0.97080000
vn 0.08240000 -0.06220000 -0.99470000
vn 0.25030000 -0.28030000 -0.92670000
vn 0.28080000 -0.25040000 -0.92650000
vn 0.15950000 -0.17900000 -0.97080000
vn 0.17900000 -0.15960000 -0.97080000
vn 0.29060000 -0.40730000 -0.86590000
vn 0.21850000 -0.30610000 -0.92660000
vn 0.33330000 -0.37950000 -0.86310000
vn 0.25030000 -0.28040000 -0.92670000
vn 0.30510000 -0.40630000 -0.86130000
vn 0.15960000 -0.17900000 -0.97080000
vn 0.07390000 -0.06740000 -0.99500000
vn 0.17900000 -0.15960000 -0.97080000
vn 0.15960000 -0.17900000 -0.97080000
vn 0.25020000 -0.28080000 -0.92660000
vn 0.21820000 -0.30600000 -0.92670000
vn 0.13930000 -0.19540000 -0.97080000
vn 0.18570000 -0.32640000 -0.92680000
vn 0.28310000 -0.42130000 -0.86160000
vn 0.21810000 -0.30600000 -0.92670000
vn 0.24880000 -0.43910000 -0.86330000
vn 0.29060000 -0.40730000 -0.86590000
vn 0.11830000 -0.20840000 -0.97090000
vn 0.21760000 -0.30570000 -0.92690000
vn 0.13920000 -0.19530000 -0.97080000
vn 0.18520000 -0.32610000 -0.92700000
vn 0.15960000 -0.17910000 -0.97080000
vn 0.13920000 -0.19540000 -0.97080000
vn 0.06410000 -0.08160000 -0.99460000
vn -0.59400000 0.80450000 -0.00000000
vn 0.06370000 -0.08020000 -0.99470000
vn -0.65910000 0.75120000 -0.03470000
vn -0.59400000 0.80450000 -0.00000000
vn 0.05910000 -0.08190000 -0.99490000
vn -0.55090000 0.83460000 -0.00000000
vn 0.05710000 -0.08270000 -0.99490000
vn 0.11810000 -0.20860000 -0.97080000
vn 0.13920000 -0.19530000 -0.97080000
vn -0.63060000 0.77610000 -0.00000000
vn -0.65910000 0.75120000 -0.03470000
vn 0.06560000 -0.07470000 -0.99500000
vn -0.71920000 0.69480000 -0.00000000
vn -0.49790000 0.86720000 -0.01160000
vn -0.00000000 -0.00000000 1.00000000
vn -0.55090000 0.83460000 -0.00000000
vn -0.59400000 0.80450000 -0.00000000
vn -0.65910000 0.75120000 -0.03470000
vn -0.63060000 0.77610000 -0.00000000
vn -0.00000000 -0.00000000 1.00000000
vn -0.63060000 0.77610000 -0.00000000
vn -0.71920000 0.69480000 -0.00000000
vn -0.71920000 0.69480000 -0.00000000
vn -0.76270000 0.64680000 -0.00000000
vn 0.07140000 -0.06450000 -0.99540000
vn -0.81140000 0.58400000 -0.02580000
vn 0.07940000 -0.06390000 -0.99480000
vn -0.76270000 0.64680000 -0.00000000
vn 0.55770000 -0.83000000 -0.00000000
vn 0.52160000 -0.85320000 -0.00000000
vn 0.50110000 -0.86340000 0.05920000
vn 0.60040000 -0.79970000 -0.00000000
vn -0.00000000 -0.00000000 1.00000000
vn 0.63070000 -0.77480000 0.04350000
vn 0.52160000 -0.85320000 -0.00000000
vn 0.41350000 -0.91050000 -0.00000000
vn -0.00000000 -0.00000000 1.00000000
vn 0.40510000 -0.91400000 0.02100000
vn 0.65420000 -0.75630000 -0.00000000
vn 0.30510000 -0.40630000 -0.86130000
vn 0.60040000 -0.79970000 -0.00000000
vn 0.33250000 -0.38440000 -0.86120000
vn 0.63070000 -0.77480000 0.04350000
vn 0.41350000 -0.91050000 -0.00000000
vn 0.52160000 -0.85320000 -0.00000000
vn 0.25400000 -0.43970000 -0.86150000
vn 0.50110000 -0.86340000 0.05920000
vn 0.21160000 -0.46590000 -0.85920000
vn 0.50110000 -0.86340000 0.05920000
vn 0.55770000 -0.83000000 -0.00000000
vn 0.28310000 -0.42130000 -0.86160000
vn 0.25490000 -0.43910000 -0.86150000
vn 0.30510000 -0.40630000 -0.86130000
vn 0.55770000 -0.83000000 -0.00000000
vn 0.28310000 -0.42130000 -0.86160000
vn 0.29060000 -0.40730000 -0.86590000
vn 0.60040000 -0.79970000 -0.00000000
vn 0.21100000 -0.46570000 -0.85940000
vn 0.17840000 -0.47320000 -0.86270000
vn 0.41350000 -0.91050000 -0.00000000
vn 0.40510000 -0.91400000 0.02100000
vn 0.35280000 -0.93570000 -0.00000000
vn 0.18520000 -0.32610000 -0.92700000
vn 0.15180000 -0.34210000 -0.92730000
vn 0.24860000 -0.43810000 -0.86390000
vn 0.20600000 -0.46320000 -0.86200000
vn 0.11740000 -0.35440000 -0.92770000
vn 0.15140000 -0.34200000 -0.92740000
vn 0.20510000 -0.46280000 -0.86240000
vn 0.15740000 -0.47620000 -0.86520000
vn 0.17840000 -0.47320000 -0.86270000
vn 0.15140000 -0.34190000 -0.92750000
vn 0.11790000 -0.20860000 -0.97090000
vn 0.18430000 -0.32580000 -0.92730000
vn 0.09700000 -0.21900000 -0.97090000
vn 0.11670000 -0.35410000 -0.92790000
vn 0.07510000 -0.22710000 -0.97100000
vn 0.15100000 -0.34230000 -0.92740000
vn 0.09680000 -0.21880000 -0.97090000
vn 0.11770000 -0.20850000 -0.97090000
vn 0.04960000 -0.08780000 -0.99490000
vn 0.09680000 -0.21890000 -0.97090000
vn -0.49790000 0.86720000 -0.01160000
vn -0.48450000 0.87480000 -0.00000000
vn 0.04800000 -0.08590000 -0.99510000
vn -0.55090000 0.83460000 -0.00000000
vn -0.39660000 0.91800000 -0.00000000
vn 0.03910000 -0.09180000 -0.99500000
vn -0.48450000 0.87480000 -0.00000000
vn 0.07440000 -0.22660000 -0.97110000
vn 0.04030000 -0.09200000 -0.99490000
vn 0.09660000 -0.21880000 -0.97100000
vn 0.05200000 -0.23250000 -0.97120000
vn 0.07430000 -0.22650000 -0.97120000
vn 0.03160000 -0.09550000 -0.99490000
vn 0.08110000 -0.36170000 -0.92870000
vn 0.11640000 -0.35370000 -0.92810000
vn 0.07460000 -0.22680000 -0.97110000
vn 0.05220000 -0.23270000 -0.97110000
vn 0.03270000 -0.09620000 -0.99480000
vn -0.39660000 0.91800000 -0.00000000
vn -0.32610000 0.94530000 -0.00000000
vn -0.36150000 0.93220000 -0.01790000
vn -0.23240000 0.97250000 -0.01610000
vn -0.32610000 0.94530000 -0.00000000
vn -0.21630000 0.97630000 -0.00000000
vn 0.02290000 -0.09690000 -0.99500000
vn -0.36150000 0.93220000 -0.01790000
vn -0.21630000 0.97630000 -0.00000000
vn -0.32610000 0.94530000 -0.00000000
vn -0.00000000 -0.00000000 1.00000000
vn -0.36150000 0.93220000 -0.01790000
vn -0.00000000 -0.00000000 1.00000000
vn -0.39660000 0.91800000 -0.00000000
vn -0.48450000 0.87480000 -0.00000000
vn -0.49790000 0.86720000 -0.01160000
vn 0.28110000 -0.95870000 0.04350000
vn 0.35280000 -0.93570000 -0.00000000
vn 0.40510000 -0.91400000 0.02100000
vn -0.00000000 -0.00000000 1.00000000
vn 0.30670000 -0.95180000 -0.00000000
vn 0.24320000 -0.97000000 -0.00000000
vn -0.00000000 -0.00000000 1.00000000
vn 0.13180000 -0.98950000 0.05960000
vn 0.15310000 -0.98820000 -0.00000000
vn 0.19610000 -0.98060000 -0.00000000
vn 0.28110000 -0.95870000 0.04350000
vn 0.28110000 -0.95870000 0.04350000
vn 0.24320000 -0.97000000 -0.00000000
vn 0.30670000 -0.95180000 -0.00000000
vn 0.12280000 -0.48960000 -0.86320000
vn 0.15490000 -0.48080000 -0.86310000
vn 0.35280000 -0.93570000 -0.00000000
vn 0.30670000 -0.95180000 -0.00000000
vn 0.15520000 -0.48040000 -0.86320000
vn 0.17840000 -0.47320000 -0.86270000
vn 0.08210000 -0.36310000 -0.92810000
vn 0.11690000 -0.35450000 -0.92770000
vn 0.15760000 -0.47650000 -0.86490000
vn 0.10940000 -0.48500000 -0.86760000
vn 0.12280000 -0.48960000 -0.86320000
vn 0.10940000 -0.48500000 -0.86760000
vn 0.09870000 -0.49380000 -0.86400000
vn 0.19610000 -0.98060000 -0.00000000
vn 0.12280000 -0.48960000 -0.86320000
vn 0.24320000 -0.97000000 -0.00000000
vn 0.09870000 -0.49380000 -0.86400000
vn 0.08220000 -0.36250000 -0.92840000
vn 0.10940000 -0.48500000 -0.86760000
vn 0.06310000 -0.49710000 -0.86540000
vn 0.04710000 -0.36780000 -0.92870000
vn 0.04720000 -0.36710000 -0.92900000
vn 0.01960000 -0.50430000 -0.86330000
vn 0.01400000 -0.36700000 -0.93010000
vn 0.06320000 -0.49650000 -0.86570000
vn 0.05210000 -0.23270000 -0.97120000
vn 0.08070000 -0.36190000 -0.92870000
vn 0.04580000 -0.36620000 -0.92940000
vn 0.02990000 -0.23590000 -0.97130000
vn 0.02200000 -0.50120000 -0.86510000
vn 0.04410000 -0.99900000 -0.00020000
vn 0.13180000 -0.98950000 0.05960000
vn 0.15310000 -0.98820000 -0.00000000
vn 0.06600000 -0.49930000 -0.86390000
vn 0.06650000 -0.49930000 -0.86390000
vn 0.13180000 -0.98950000 0.05960000
vn 0.19610000 -0.98060000 -0.00000000
vn 0.09870000 -0.49380000 -0.86400000
vn 0.15310000 -0.98820000 -0.00000000
vn 0.04420000 -0.99900000 -0.00000000
vn -0.00000000 -0.00000000 1.00000000
vn 0.02230000 -0.50090000 -0.86520000
vn -0.04030000 -0.99920000 -0.00050000
vn -0.01980000 -0.50160000 -0.86490000
vn 0.04390000 -0.99900000 -0.00050000
vn 0.01970000 -0.50420000 -0.86340000
vn -0.01950000 -0.50120000 -0.86510000
vn -0.01390000 -0.36770000 -0.92980000
vn 0.01440000 -0.36680000 -0.93020000
vn 0.04400000 -0.99900000 -0.00040000
vn -0.04030000 -0.99920000 -0.00050000
vn -0.00000000 -0.00000000 1.00000000
vn -0.06320000 -0.99710000 0.04270000
vn -0.00000000 -0.00000000 1.00000000
vn -0.21630000 0.97630000 -0.00000000
vn -0.15840000 0.98740000 -0.00000000
vn -0.06990000 0.99740000 -0.01760000
vn -0.11150000 0.99380000 -0.00000000
vn -0.23240000 0.97250000 -0.01610000
vn -0.15120000 -0.98850000 -0.00000000
vn -0.06320000 -0.99710000 0.04270000
vn -0.19300000 -0.98120000 -0.00000000
vn -0.00000000 -0.00000000 1.00000000
vn -0.10460000 -0.99450000 -0.00000000
vn -0.21610000 -0.97400000 0.06840000
vn 0.06280000 0.99790000 -0.01350000
vn 0.04010000 0.99920000 -0.00000000
vn -0.00000000 -0.00000000 1.00000000
vn -0.04020000 0.99920000 -0.00000000
vn -0.06990000 0.99740000 -0.01760000
vn -0.06320000 -0.99710000 0.04270000
vn -0.05280000 -0.49940000 -0.86470000
vn -0.04030000 -0.99920000 -0.00050000
vn -0.02030000 -0.50200000 -0.86460000
vn -0.10460000 -0.99450000 -0.00000000
vn -0.05350000 -0.49950000 -0.86470000
vn -0.10460000 -0.99450000 -0.00000000
vn -0.07610000 -0.49770000 -0.86400000
vn -0.15120000 -0.98850000 -0.00000000
vn -0.01480000 -0.36880000 -0.92940000
vn -0.05390000 -0.49880000 -0.86500000
vn -0.04620000 -0.36690000 -0.92910000
vn -0.01970000 -0.50090000 -0.86530000
vn -0.04530000 -0.36580000 -0.92960000
vn -0.02940000 -0.23530000 -0.97150000
vn -0.01330000 -0.36720000 -0.93000000
vn -0.00900000 -0.23670000 -0.97160000
vn -0.08220000 -0.36250000 -0.92840000
vn -0.07610000 -0.49770000 -0.86400000
vn -0.11090000 -0.49060000 -0.86430000
vn -0.04710000 -0.36780000 -0.92870000
vn -0.06260000 -0.49210000 -0.86830000
vn -0.08070000 -0.36190000 -0.92870000
vn -0.05190000 -0.23260000 -0.97120000
vn -0.04590000 -0.36630000 -0.92940000
vn -0.02990000 -0.23590000 -0.97130000
vn -0.07460000 -0.22680000 -0.97110000
vn -0.05220000 -0.23270000 -0.97110000
vn -0.08110000 -0.36190000 -0.92870000
vn -0.11640000 -0.35370000 -0.92810000
vn -0.02220000 -0.09800000 -0.99490000
vn -0.07430000 -0.22650000 -0.97120000
vn -0.05200000 -0.23250000 -0.97120000
vn -0.01380000 -0.10080000 -0.99480000
vn -0.05150000 -0.23210000 -0.97130000
vn -0.02930000 -0.23570000 -0.97140000
vn 0.15120000 0.98850000 -0.00000000
vn -0.01240000 -0.09880000 -0.99500000
vn 0.10470000 0.99450000 -0.00000000
vn 0.15120000 0.98850000 -0.00000000
vn 0.20080000 0.97950000 -0.01570000
vn 0.22430000 0.97450000 -0.00000000
vn -0.02200000 -0.09740000 -0.99500000
vn -0.00820000 -0.23640000 -0.97160000
vn -0.02910000 -0.23500000 -0.97160000
vn -0.01190000 -0.10180000 -0.99470000
vn -0.00410000 -0.10170000 -0.99480000
vn 0.04010000 0.99920000 -0.00000000
vn 0.06280000 0.99790000 -0.01350000
vn 0.10470000 0.99450000 -0.00000000
vn -0.01320000 -0.36690000 -0.93020000
vn 0.01310000 -0.36810000 -0.92970000
vn -0.00850000 -0.23660000 -0.97160000
vn 0.00890000 -0.23580000 -0.97180000
vn -0.00830000 -0.23580000 -0.97180000
vn 0.00850000 -0.23640000 -0.97160000
vn -0.00000000 -0.10480000 -0.99450000
vn 0.00740000 -0.10500000 -0.99440000
vn -0.06990000 0.99740000 -0.01760000
vn -0.11150000 0.99380000 -0.00000000
vn -0.04020000 0.99920000 -0.00000000
vn 0.00840000 -0.23670000 -0.97150000
vn 0.02910000 -0.23500000 -0.97160000
vn 0.00650000 -0.10440000 -0.99450000
vn 0.02940000 -0.23590000 -0.97130000
vn 0.00860000 -0.23630000 -0.97160000
vn 0.04570000 -0.36630000 -0.92940000
vn 0.01320000 -0.36890000 -0.92940000
vn 0.04010000 0.99920000 -0.00000000
vn -0.04020000 0.99920000 -0.00000000
vn -0.00000000 -0.10500000 -0.99450000
vn 0.05150000 -0.23210000 -0.97130000
vn 0.02910000 -0.23570000 -0.97140000
vn 0.01290000 -0.10000000 -0.99490000
vn -0.11150000 0.99380000 -0.00000000
vn -0.15840000 0.98740000 -0.00000000
vn 0.01520000 -0.09980000 -0.99490000
vn -0.15840000 0.98740000 -0.00000000
vn 0.01970000 -0.09850000 -0.99490000
vn -0.23240000 0.97250000 -0.01610000
vn -0.00000000 -0.00000000 1.00000000
vn 0.06280000 0.99790000 -0.01350000
vn 0.15120000 0.98850000 -0.00000000
vn 0.10470000 0.99450000 -0.00000000
vn 0.20080000 0.97950000 -0.01570000
vn 0.34580000 0.93810000 -0.01700000
vn 0.31840000 0.94800000 -0.00000000
vn -0.00000000 -0.00000000 1.00000000
vn 0.20080000 0.97950000 -0.01570000
vn 0.22430000 0.97450000 -0.00000000
vn -0.19300000 -0.98120000 -0.00000000
vn -0.31020000 -0.95070000 -0.00000000
vn -0.32270000 -0.94600000 0.02980000
vn -0.00000000 -0.00000000 1.00000000
vn -0.32270000 -0.94600000 0.02980000
vn -0.41860000 -0.90820000 -0.00000000
vn -0.37360000 -0.92760000 -0.00000000
vn -0.44710000 -0.89320000 0.04700000
vn -0.00000000 -0.00000000 1.00000000
vn -0.31020000 -0.95070000 -0.00000000
vn -0.15800000 -0.48300000 -0.86120000
vn -0.18890000 -0.46910000 -0.86270000
vn -0.37360000 -0.92760000 -0.00000000
vn -0.32270000 -0.94600000 0.02980000
vn -0.10970000 -0.49180000 -0.86380000
vn -0.31020000 -0.95070000 -0.00000000
vn -0.19300000 -0.98120000 -0.00000000
vn -0.15770000 -0.48320000 -0.86120000
vn -0.21610000 -0.97400000 0.06840000
vn -0.11040000 -0.48980000 -0.86480000
vn -0.15890000 -0.48100000 -0.86220000
vn -0.11690000 -0.35430000 -0.92780000
vn -0.08210000 -0.36310000 -0.92810000
vn -0.10920000 -0.49180000 -0.86380000
vn -0.21610000 -0.97400000 0.06840000
vn -0.15120000 -0.98850000 -0.00000000
vn -0.07610000 -0.49770000 -0.86400000
vn -0.07510000 -0.22710000 -0.97100000
vn -0.15090000 -0.34160000 -0.92770000
vn -0.09680000 -0.21890000 -0.97090000
vn -0.11610000 -0.35400000 -0.92800000
vn -0.11740000 -0.35440000 -0.92770000
vn -0.15880000 -0.48050000 -0.86250000
vn -0.15160000 -0.34210000 -0.92740000
vn -0.20280000 -0.45760000 -0.86570000
vn -0.18890000 -0.46910000 -0.86270000
vn -0.15180000 -0.34210000 -0.92730000
vn -0.20750000 -0.45890000 -0.86390000
vn -0.24350000 -0.44450000 -0.86200000
vn -0.18490000 -0.32600000 -0.92710000
vn -0.15140000 -0.34190000 -0.92750000
vn -0.18430000 -0.32580000 -0.92730000
vn -0.11790000 -0.20860000 -0.97090000
vn -0.09700000 -0.21900000 -0.97090000
vn -0.21150000 -0.46010000 -0.86230000
vn -0.37360000 -0.92760000 -0.00000000
vn -0.41860000 -0.90820000 -0.00000000
vn -0.18890000 -0.46910000 -0.86270000
vn -0.47960000 -0.87750000 -0.00000000
vn -0.24310000 -0.44480000 -0.86200000
vn -0.41860000 -0.90820000 -0.00000000
vn -0.44710000 -0.89320000 0.04700000
vn -0.21220000 -0.46030000 -0.86210000
vn -0.44710000 -0.89320000 0.04700000
vn -0.47960000 -0.87750000 -0.00000000
vn -0.00000000 -0.00000000 1.00000000
vn -0.56660000 -0.82400000 -0.00000000
vn -0.58080000 -0.81250000 0.04990000
vn -0.52320000 -0.85220000 -0.00000000
vn -0.52320000 -0.85220000 -0.00000000
vn -0.24360000 -0.44420000 -0.86220000
vn -0.26550000 -0.43250000 -0.86170000
vn -0.47960000 -0.87750000 -0.00000000
vn -0.21810000 -0.30600000 -0.92670000
vn -0.18570000 -0.32640000 -0.92680000
vn -0.29550000 -0.41380000 -0.86110000
vn -0.26550000 -0.43250000 -0.86170000
vn -0.24740000 -0.43520000 -0.86570000
vn -0.26550000 -0.43250000 -0.86170000
vn -0.58080000 -0.81250000 0.04990000
vn -0.29540000 -0.41330000 -0.86140000
vn -0.52320000 -0.85220000 -0.00000000
vn -0.58080000 -0.81250000 0.04990000
vn -0.33870000 -0.37920000 -0.86110000
vn -0.66610000 -0.74590000 -0.00000000
vn -0.29570000 -0.41400000 -0.86090000
vn -0.56660000 -0.82400000 -0.00000000
vn -0.21840000 -0.30590000 -0.92670000
vn -0.33870000 -0.37940000 -0.86100000
vn -0.25040000 -0.28030000 -0.92670000
vn -0.29560000 -0.41430000 -0.86080000
vn -0.67750000 -0.73480000 0.03180000
vn -0.00000000 -0.00000000 1.00000000
vn -0.56660000 -0.82400000 -0.00000000
vn -0.66610000 -0.74590000 -0.00000000
vn -0.33870000 -0.37950000 -0.86100000
vn -0.71850000 -0.69560000 -0.00000000
vn -0.67750000 -0.73480000 0.03180000
vn -0.36520000 -0.35350000 -0.86120000
vn -0.66610000 -0.74590000 -0.00000000
vn -0.71850000 -0.69560000 -0.00000000
vn -0.75630000 -0.65420000 -0.00000000
vn -0.36520000 -0.35350000 -0.86120000
vn -0.38370000 -0.33320000 -0.86130000
vn -0.28080000 -0.25040000 -0.92650000
vn -0.36520000 -0.35350000 -0.86120000
vn -0.37450000 -0.33400000 -0.86500000
vn -0.25050000 -0.28020000 -0.92670000
vn -0.33870000 -0.37980000 -0.86090000
vn -0.71850000 -0.69560000 -0.00000000
vn -0.77480000 -0.63080000 0.04320000
vn -0.75630000 -0.65420000 -0.00000000
vn -0.67750000 -0.73480000 0.03180000
vn -0.00000000 -0.00000000 1.00000000
vn -0.83010000 -0.55770000 -0.00000000
vn -0.77480000 -0.63080000 0.04320000
vn -0.79950000 -0.60070000 -0.00000000
vn -0.00000000 -0.00000000 1.00000000
vn -0.86340000 -0.50110000 0.05880000
vn -0.85330000 -0.52140000 -0.00000000
vn 0.69480000 0.71920000 -0.00000000
vn -0.00000000 -0.00000000 1.00000000
vn 0.77600000 0.63050000 -0.01910000
vn 0.75170000 0.65950000 -0.00000000
vn -0.00000000 -0.00000000 1.00000000
vn 0.60780000 0.79390000 -0.01630000
vn 0.64720000 0.76240000 -0.00000000
vn 0.69480000 0.71920000 -0.00000000
vn -0.79950000 -0.60070000 -0.00000000
vn -0.77480000 -0.63080000 0.04320000
vn -0.40620000 -0.30520000 -0.86130000
vn -0.75630000 -0.65420000 -0.00000000
vn -0.38440000 -0.33250000 -0.86120000
vn -0.30620000 -0.21820000 -0.92660000
vn -0.28040000 -0.25030000 -0.92670000
vn -0.40720000 -0.29050000 -0.86590000
vn -0.37950000 -0.33330000 -0.86310000
vn -0.40620000 -0.30520000 -0.86130000
vn -0.79950000 -0.60070000 -0.00000000
vn -0.83010000 -0.55770000 -0.00000000
vn -0.40620000 -0.30520000 -0.86130000
vn -0.40720000 -0.29050000 -0.86590000
vn -0.42140000 -0.28280000 -0.86160000
vn -0.32630000 -0.18500000 -0.92700000
vn -0.43910000 -0.24880000 -0.86330000
vn -0.42140000 -0.28280000 -0.86160000
vn -0.30570000 -0.21820000 -0.92680000
vn -0.40720000 -0.29050000 -0.86590000
vn -0.42140000 -0.28280000 -0.86160000
vn -0.86340000 -0.50110000 0.05880000
vn -0.83010000 -0.55770000 -0.00000000
vn -0.43910000 -0.25490000 -0.86150000
vn -0.85330000 -0.52140000 -0.00000000
vn -0.86340000 -0.50110000 0.05880000
vn -0.91050000 -0.41350000 -0.00000000
vn -0.43960000 -0.25400000 -0.86150000
vn -0.46590000 -0.21160000 -0.85920000
vn -0.43750000 -0.24870000 -0.86410000
vn -0.34230000 -0.15190000 -0.92730000
vn -0.32540000 -0.18520000 -0.92730000
vn -0.46340000 -0.20590000 -0.86190000
vn -0.91050000 -0.41350000 -0.00000000
vn -0.93570000 -0.35280000 -0.00000000
vn -0.91390000 -0.40540000 0.02040000
vn -0.47330000 -0.17810000 -0.86270000
vn -0.46580000 -0.21090000 -0.85940000
vn -0.91050000 -0.41350000 -0.00000000
vn -0.85330000 -0.52140000 -0.00000000
vn -0.00000000 -0.00000000 1.00000000
vn -0.91390000 -0.40540000 0.02040000
vn -0.93570000 -0.35280000 -0.00000000
vn -0.00000000 -0.00000000 1.00000000
vn -0.91390000 -0.40540000 0.02040000
vn -0.95870000 -0.28110000 0.04350000
vn -0.95180000 -0.30670000 -0.00000000
vn 0.91790000 0.39680000 -0.00000000
vn -0.00000000 -0.00000000 1.00000000
vn 0.87490000 0.48440000 -0.00000000
vn 0.86720000 0.49780000 -0.01170000
vn 0.93230000 0.36130000 -0.01800000
vn -0.00000000 -0.00000000 1.00000000
vn 0.83460000 0.55090000 -0.00000000
vn 0.86720000 0.49780000 -0.01170000
vn 0.80450000 0.59400000 -0.00000000
vn 0.77600000 0.63050000 -0.01910000
vn 0.80450000 0.59400000 -0.00000000
vn 0.75170000 0.65950000 -0.00000000
vn 0.77600000 0.63050000 -0.01910000
vn -0.08020000 -0.06370000 -0.99470000
vn -0.08200000 -0.05910000 -0.99490000
vn 0.83460000 0.55090000 -0.00000000
vn 0.80450000 0.59400000 -0.00000000
vn 0.83460000 0.55090000 -0.00000000
vn 0.86720000 0.49780000 -0.01170000
vn -0.08590000 -0.04810000 -0.99510000
vn 0.87490000 0.48440000 -0.00000000
vn 0.87490000 0.48440000 -0.00000000
vn -0.09210000 -0.03940000 -0.99500000
vn 0.91790000 0.39680000 -0.00000000
vn -0.08810000 -0.04950000 -0.99490000
vn -0.20800000 -0.11810000 -0.97100000
vn -0.21920000 -0.09670000 -0.97090000
vn -0.08270000 -0.05710000 -0.99490000
vn -0.19530000 -0.13920000 -0.97080000
vn -0.20850000 -0.11800000 -0.97090000
vn -0.19530000 -0.13920000 -0.97080000
vn -0.17900000 -0.15960000 -0.97080000
vn -0.08160000 -0.06410000 -0.99460000
vn -0.32690000 -0.18500000 -0.92680000
vn -0.19530000 -0.13920000 -0.97080000
vn -0.20820000 -0.11810000 -0.97090000
vn -0.30600000 -0.21820000 -0.92670000
vn -0.28080000 -0.25040000 -0.92650000
vn -0.19530000 -0.13920000 -0.97080000
vn -0.17900000 -0.15960000 -0.97080000
vn -0.30650000 -0.21820000 -0.92650000
vn -0.25020000 -0.28040000 -0.92670000
vn -0.15960000 -0.17900000 -0.97080000
vn -0.17900000 -0.15960000 -0.97080000
vn -0.28050000 -0.25040000 -0.92660000
vn -0.13920000 -0.19530000 -0.97080000
vn -0.25010000 -0.28050000 -0.92670000
vn -0.15960000 -0.17900000 -0.97080000
vn -0.21790000 -0.30580000 -0.92680000
vn -0.17900000 -0.15960000 -0.97080000
vn -0.15960000 -0.17900000 -0.97080000
vn -0.06740000 -0.07390000 -0.99500000
vn -0.13920000 -0.19530000 -0.97080000
vn -0.15960000 -0.17900000 -0.97080000
vn -0.06270000 -0.08230000 -0.99460000
vn 0.69480000 0.71920000 -0.00000000
vn -0.06450000 -0.07140000 -0.99540000
vn 0.64720000 0.76240000 -0.00000000
vn -0.07480000 -0.06560000 -0.99500000
vn 0.75170000 0.65950000 -0.00000000
vn 0.69480000 0.71920000 -0.00000000
vn 0.64720000 0.76240000 -0.00000000
vn 0.58410000 0.81170000 -0.00000000
vn 0.60780000 0.79390000 -0.01630000
vn -0.06390000 -0.07950000 -0.99480000
vn -0.05820000 -0.08120000 -0.99500000
vn 0.58410000 0.81170000 -0.00000000
vn 0.49830000 0.86700000 -0.00000000
vn 0.49830000 0.86700000 -0.00000000
vn 0.58410000 0.81170000 -0.00000000
vn -0.00000000 -0.00000000 1.00000000
vn 0.60780000 0.79390000 -0.01630000
vn 0.48080000 0.87680000 -0.01320000
vn 0.38920000 0.92120000 -0.00000000
vn 0.43340000 0.90120000 -0.00000000
vn -0.00000000 -0.00000000 1.00000000
vn 0.34580000 0.93810000 -0.01700000
vn 0.48080000 0.87680000 -0.01320000
vn 0.49830000 0.86700000 -0.00000000
vn 0.43340000 0.90120000 -0.00000000
vn 0.48080000 0.87680000 -0.01320000
vn -0.04890000 -0.08580000 -0.99510000
vn -0.11810000 -0.20860000 -0.97080000
vn -0.04950000 -0.08670000 -0.99500000
vn -0.13920000 -0.19530000 -0.97080000
vn -0.11770000 -0.20850000 -0.97090000
vn -0.09680000 -0.21890000 -0.97090000
vn -0.04170000 -0.09120000 -0.99500000
vn 0.43340000 0.90120000 -0.00000000
vn 0.38920000 0.92120000 -0.00000000
vn -0.04100000 -0.09110000 -0.99500000
vn -0.03760000 -0.09550000 -0.99470000
vn 0.31840000 0.94800000 -0.00000000
vn 0.34580000 0.93810000 -0.01700000
vn 0.38920000 0.92120000 -0.00000000
vn -0.09660000 -0.21880000 -0.97100000
vn -0.03670000 -0.09750000 -0.99460000
vn -0.07480000 -0.22690000 -0.97100000
vn -0.03170000 -0.09490000 -0.99500000
vn 0.22430000 0.97450000 -0.00000000
vn 0.31840000 0.94800000 -0.00000000
vn -0.13920000 -0.19530000 -0.97080000
vn -0.11820000 -0.20870000 -0.97080000
vn -0.18520000 -0.32610000 -0.92700000
vn -0.21780000 -0.30600000 -0.92680000
vn -0.21900000 -0.09680000 -0.97090000
vn -0.34240000 -0.15120000 -0.92730000
vn -0.20790000 -0.11810000 -0.97100000
vn -0.32590000 -0.18510000 -0.92710000
vn -0.22700000 -0.07470000 -0.97100000
vn -0.21870000 -0.09680000 -0.97100000
vn -0.34170000 -0.15140000 -0.92750000
vn -0.35470000 -0.11670000 -0.92770000
vn -0.09200000 -0.04020000 -0.99490000
vn -0.21890000 -0.09680000 -0.97090000
vn -0.22730000 -0.07460000 -0.97100000
vn 0.91790000 0.39680000 -0.00000000
vn 0.93230000 0.36130000 -0.01800000
vn -0.09620000 -0.03270000 -0.99480000
vn 0.94530000 0.32610000 -0.00000000
vn -0.22700000 -0.07460000 -0.97100000
vn -0.23290000 -0.05170000 -0.97110000
vn -0.09550000 -0.03160000 -0.99490000
vn 0.97260000 0.23240000 -0.00000000
vn -0.09690000 -0.02290000 -0.99500000
vn 0.94530000 0.32610000 -0.00000000
vn -0.10010000 -0.01290000 -0.99490000
vn -0.23260000 -0.05200000 -0.97120000
vn -0.23600000 -0.02920000 -0.97130000
vn -0.23250000 -0.05180000 -0.97120000
vn -0.22660000 -0.07460000 -0.97110000
vn -0.36340000 -0.08100000 -0.92810000
vn -0.35460000 -0.11650000 -0.92770000
vn -0.36800000 -0.04590000 -0.92870000
vn -0.23560000 -0.02940000 -0.97140000
vn -0.36290000 -0.08090000 -0.92830000
vn -0.23200000 -0.05210000 -0.97130000
vn -0.47330000 -0.17810000 -0.86270000
vn -0.35420000 -0.11680000 -0.92780000
vn -0.34130000 -0.15140000 -0.92770000
vn -0.46280000 -0.20510000 -0.86240000
vn -0.47620000 -0.15740000 -0.86520000
vn -0.36180000 -0.08160000 -0.92870000
vn -0.48500000 -0.10940000 -0.86760000
vn -0.48960000 -0.12280000 -0.86320000
vn -0.35350000 -0.11710000 -0.92810000
vn -0.47660000 -0.15770000 -0.86490000
vn -0.48500000 -0.10940000 -0.86760000
vn -0.36170000 -0.08180000 -0.92870000
vn -0.49380000 -0.09880000 -0.86400000
vn -0.49720000 -0.06300000 -0.86530000
vn -0.36610000 -0.04650000 -0.92940000
vn -0.97000000 -0.24320000 -0.00000000
vn -0.49380000 -0.09880000 -0.86400000
vn -0.48960000 -0.12280000 -0.86320000
vn -0.48500000 -0.10940000 -0.86760000
vn -0.98060000 -0.19610000 -0.00000000
vn -0.93570000 -0.35280000 -0.00000000
vn -0.47330000 -0.17810000 -0.86270000
vn -0.95180000 -0.30670000 -0.00000000
vn -0.48040000 -0.15530000 -0.86320000
vn -0.97000000 -0.24320000 -0.00000000
vn -0.95870000 -0.28110000 0.04350000
vn -0.48080000 -0.15490000 -0.86310000
vn -0.95180000 -0.30670000 -0.00000000
vn -0.48960000 -0.12280000 -0.86320000
vn -0.98060000 -0.19610000 -0.00000000
vn -0.98950000 -0.13180000 0.05960000
vn -0.00000000 -0.00000000 1.00000000
vn -0.95870000 -0.28110000 0.04350000
vn -0.98820000 -0.15310000 -0.00000000
vn -0.97000000 -0.24320000 -0.00000000
vn -0.00000000 -0.00000000 1.00000000
vn -0.99900000 -0.04420000 -0.00000000
vn -0.98820000 -0.15310000 -0.00000000
vn -0.50120000 -0.02200000 -0.86510000
vn -0.98950000 -0.13180000 0.05960000
vn -0.49940000 -0.06590000 -0.86390000
vn -0.98820000 -0.15310000 -0.00000000
vn -0.99900000 -0.04410000 -0.00020000
vn 0.97260000 0.23240000 -0.00000000
vn 0.93230000 0.36130000 -0.01800000
vn 0.94530000 0.32610000 -0.00000000
vn -0.00000000 -0.00000000 1.00000000
vn 0.97620000 0.21630000 -0.01260000
vn -0.98950000 -0.13180000 0.05960000
vn -0.98060000 -0.19610000 -0.00000000
vn -0.49380000 -0.09880000 -0.86400000
vn -0.49930000 -0.06650000 -0.86390000
vn 0.97620000 0.21630000 -0.01260000
vn 0.99380000 0.11150000 -0.00000000
vn -0.00000000 -0.00000000 1.00000000
vn 0.99740000 0.06990000 -0.01760000
vn 0.98740000 0.15840000 -0.00000000
vn -0.00000000 -0.00000000 1.00000000
vn 0.99800000 -0.06280000 -0.00000000
vn 0.99740000 0.06990000 -0.01760000
vn 0.99920000 0.04020000 -0.00000000
vn -0.09850000 -0.01970000 -0.99490000
vn 0.97620000 0.21630000 -0.01260000
vn 0.98740000 0.15840000 -0.00000000
vn 0.97260000 0.23240000 -0.00000000
vn 0.99920000 0.04020000 -0.00000000
vn 0.99380000 0.11150000 -0.00000000
vn 0.99740000 0.06990000 -0.01760000
vn -0.10500000 -0.00740000 -0.99440000
vn 0.99380000 0.11150000 -0.00000000
vn -0.09980000 -0.01520000 -0.99490000
vn 0.98740000 0.15840000 -0.00000000
vn -0.99920000 0.04030000 -0.00050000
vn -0.99900000 -0.04400000 -0.00040000
vn -0.99710000 0.06310000 0.04240000
vn -0.00000000 -0.00000000 1.00000000
vn -0.50160000 0.01980000 -0.86490000
vn -0.99900000 -0.04390000 -0.00050000
vn -0.99920000 0.04030000 -0.00050000
vn -0.50120000 -0.02200000 -0.86500000
vn -0.99920000 0.04030000 -0.00050000
vn -0.99450000 0.10510000 -0.00000000
vn -0.49980000 0.05250000 -0.86450000
vn -0.99710000 0.06310000 0.04240000
vn -0.50200000 0.02030000 -0.86460000
vn -0.36880000 0.01480000 -0.92940000
vn -0.36550000 0.04690000 -0.92960000
vn -0.50130000 0.01980000 -0.86510000
vn -0.49890000 0.05390000 -0.86500000
vn -0.99450000 0.10510000 -0.00000000
vn -0.49950000 0.05340000 -0.86470000
vn -0.49770000 0.07610000 -0.86400000
vn -0.98850000 0.15110000 -0.00000000
vn -0.36760000 0.01380000 -0.92990000
vn -0.50080000 0.01930000 -0.86540000
vn -0.50410000 -0.01970000 -0.86340000
vn -0.36680000 -0.01470000 -0.93020000
vn -0.36710000 0.01340000 -0.93010000
vn -0.36750000 0.04570000 -0.92890000
vn -0.23540000 0.02970000 -0.97140000
vn -0.23670000 0.00890000 -0.97160000
vn -0.23630000 0.00800000 -0.97160000
vn -0.23590000 0.02930000 -0.97130000
vn -0.10180000 0.01190000 -0.99470000
vn -0.36830000 -0.01320000 -0.92960000
vn -0.36680000 0.01300000 -0.93020000
vn -0.23590000 -0.00890000 -0.97170000
vn -0.23670000 0.00850000 -0.97160000
vn -0.36700000 -0.01430000 -0.93010000
vn -0.49650000 -0.06320000 -0.86570000
vn -0.36550000 -0.04690000 -0.92960000
vn -0.50450000 -0.01940000 -0.86320000
vn -0.23640000 -0.00860000 -0.97160000
vn -0.36890000 -0.01310000 -0.92940000
vn -0.36750000 -0.04560000 -0.92890000
vn -0.23540000 -0.02970000 -0.97140000
vn -0.10480000 -0.00000000 -0.99450000
vn -0.23590000 0.00830000 -0.97170000
vn -0.23620000 -0.00870000 -0.97170000
vn -0.10500000 -0.00000000 -0.99450000
vn 0.99920000 0.04020000 -0.00000000
vn 0.99800000 -0.06280000 -0.00000000
vn 0.99900000 -0.04010000 -0.02080000
vn -0.10440000 -0.00650000 -0.99450000
vn -0.23670000 -0.00840000 -0.97150000
vn -0.23580000 -0.02930000 -0.97140000
vn 0.99460000 -0.10420000 -0.00000000
vn -0.10170000 0.00410000 -0.99480000
vn 0.99900000 -0.04010000 -0.02080000
vn 0.35360000 -0.36520000 -0.86120000
vn 0.69560000 -0.71850000 -0.00000000
vn 0.65420000 -0.75630000 -0.00000000
vn 0.33320000 -0.38370000 -0.86120000
vn -0.92120000 0.38920000 -0.00000000
vn 0.09550000 -0.03760000 -0.99470000
vn -0.94760000 0.31820000 -0.02770000
vn -0.98740000 -0.15840000 -0.00000000
vn -0.99380000 -0.11150000 -0.00000000
vn 0.09980000 0.01520000 -0.99490000
vn -0.97260000 -0.23240000 -0.00000000
vn -0.97620000 -0.21630000 -0.01260000
vn -0.98740000 -0.15840000 -0.00000000
vn 0.09850000 0.01970000 -0.99490000
vn -0.94530000 -0.32610000 -0.00000000
vn 0.09690000 0.02300000 -0.99500000
vn -0.97260000 -0.23240000 -0.00000000
vn -0.93230000 -0.36130000 -0.01800000
vn -0.94530000 -0.32610000 -0.00000000
vn 0.09620000 0.03270000 -0.99480000
vn -0.91790000 -0.39680000 -0.00000000
vn -0.27680000 -0.96080000 -0.01640000
vn -0.20580000 -0.97850000 -0.01680000
vn 0.52990000 -0.00010000 0.84800000
vn 0.52960000 -0.00000000 0.84830000
vn -0.12020000 -0.99260000 -0.01500000
vn -0.14560000 -0.98920000 -0.01950000
vn -0.19920000 -0.97980000 -0.01550000
vn 0.52990000 -0.00000000 0.84810000
vn -0.02490000 0.99940000 -0.02200000
vn 0.00860000 0.99970000 -0.02220000
vn -0.35190000 -0.93590000 -0.01740000
vn -0.27070000 -0.96250000 -0.01510000
vn 0.53020000 -0.00010000 0.84790000
vn -0.27430000 -0.96140000 -0.02290000
vn -0.21100000 -0.97730000 -0.02030000
vn -0.14330000 -0.98940000 -0.02160000
vn -0.20100000 -0.97940000 -0.02040000
vn -0.14380000 -0.98930000 -0.02480000
vn -0.12020000 -0.99260000 -0.01500000
vn -0.08530000 -0.99610000 -0.02200000
vn -0.14530000 -0.98910000 -0.02520000
vn -0.20510000 -0.97840000 -0.02510000
vn -0.20290000 -0.97740000 -0.05930000
vn -0.14350000 -0.98790000 -0.05950000
vn -0.26580000 -0.96370000 -0.02450000
vn -0.26340000 -0.96290000 -0.05820000
vn -0.20440000 -0.97710000 -0.05860000
vn -0.20660000 -0.97810000 -0.02480000
vn -0.26300000 -0.96300000 -0.05840000
vn -0.20410000 -0.97720000 -0.05890000
vn -0.26130000 -0.95690000 -0.12650000
vn -0.20160000 -0.97310000 -0.11180000
vn -0.26490000 -0.96250000 -0.05780000
vn -0.26130000 -0.95690000 -0.12650000
vn -0.32280000 -0.94470000 -0.05730000
vn -0.23110000 -0.96680000 -0.10900000
vn -0.32120000 -0.94030000 -0.11260000
vn -0.26540000 -0.96240000 -0.05760000
vn -0.26800000 -0.96310000 -0.02410000
vn -0.32350000 -0.94450000 -0.05710000
vn -0.32600000 -0.94510000 -0.02380000
vn -0.38180000 -0.92260000 -0.05620000
vn -0.38020000 -0.91880000 -0.10610000
vn -0.32550000 -0.93860000 -0.11440000
vn -0.32490000 -0.94410000 -0.05660000
vn -0.32830000 -0.94430000 -0.02360000
vn -0.38210000 -0.92240000 -0.05590000
vn -0.32550000 -0.94380000 -0.05640000
vn -0.38480000 -0.92270000 -0.02320000
vn -0.26480000 -0.96410000 -0.02050000
vn -0.32620000 -0.94500000 -0.02340000
vn -0.35190000 -0.93590000 -0.01740000
vn -0.42360000 -0.90580000 -0.01230000
vn -0.35190000 -0.93590000 -0.01740000
vn -0.32910000 -0.94420000 -0.01210000
vn -0.38800000 -0.92150000 -0.01600000
vn 0.53030000 -0.00010000 0.84780000
vn -0.38550000 -0.92240000 -0.02250000
vn -0.33230000 -0.94290000 -0.02210000
vn -0.38710000 -0.92170000 -0.02280000
vn -0.44220000 -0.89660000 -0.02260000
vn -0.38430000 -0.92150000 -0.05530000
vn -0.43960000 -0.89650000 -0.05480000
vn -0.38800000 -0.92150000 -0.01940000
vn -0.42360000 -0.90580000 -0.01230000
vn -0.44290000 -0.89630000 -0.02200000
vn -0.44820000 -0.89380000 -0.01680000
vn -0.49600000 -0.86810000 -0.01720000
vn -0.49550000 -0.86700000 -0.05380000
vn -0.44170000 -0.89550000 -0.05410000
vn -0.49810000 -0.86690000 -0.02190000
vn -0.44450000 -0.89550000 -0.02210000
vn -0.42360000 -0.90580000 -0.01230000
vn -0.49790000 -0.86720000 -0.01200000
vn 0.53010000 -0.00000000 0.84800000
vn -0.44520000 -0.89530000 -0.01460000
vn -0.49990000 -0.86600000 -0.01230000
vn 0.52970000 0.00010000 0.84820000
vn -0.56810000 -0.82290000 -0.01280000
vn -0.63180000 -0.77500000 -0.01340000
vn 0.52990000 -0.00000000 0.84810000
vn -0.55500000 -0.83180000 -0.01040000
vn -0.56810000 -0.82290000 -0.01280000
vn -0.55250000 -0.83320000 -0.02070000
vn -0.50080000 -0.86540000 -0.01690000
vn -0.56810000 -0.82290000 -0.01280000
vn -0.49990000 -0.86580000 -0.02150000
vn -0.55250000 -0.83330000 -0.02130000
vn -0.49720000 -0.86600000 -0.05310000
vn -0.55040000 -0.83330000 -0.05270000
vn -0.55430000 -0.83210000 -0.02090000
vn -0.60530000 -0.79570000 -0.02080000
vn -0.60350000 -0.79570000 -0.05210000
vn -0.55180000 -0.83230000 -0.05220000
vn -0.63180000 -0.77500000 -0.01340000
vn -0.55500000 -0.83170000 -0.01560000
vn -0.60540000 -0.79570000 -0.02060000
vn -0.68980000 -0.72400000 -0.00950000
vn 0.53010000 -0.00010000 0.84790000
vn -0.65810000 -0.75280000 -0.01190000
vn -0.63180000 -0.77500000 -0.01340000
vn -0.60720000 -0.79450000 -0.00830000
vn -0.65680000 -0.75380000 -0.02010000
vn -0.60920000 -0.79280000 -0.01970000
vn -0.60670000 -0.79470000 -0.02050000
vn -0.60440000 -0.79500000 -0.05150000
vn -0.65600000 -0.75300000 -0.05130000
vn -0.65690000 -0.75370000 -0.02040000
vn -0.60420000 -0.79520000 -0.05170000
vn -0.65320000 -0.75050000 -0.10060000
vn -0.65520000 -0.75370000 -0.05160000
vn -0.58860000 -0.80190000 -0.10260000
vn -0.60060000 -0.79210000 -0.10940000
vn -0.66800000 -0.73650000 -0.10660000
vn -0.65570000 -0.75320000 -0.05140000
vn -0.70540000 -0.70700000 -0.05120000
vn -0.70290000 -0.70450000 -0.09850000
vn -0.65320000 -0.75050000 -0.10060000
vn -0.65610000 -0.75290000 -0.05120000
vn -0.65760000 -0.75310000 -0.02030000
vn -0.70560000 -0.70680000 -0.05110000
vn -0.70640000 -0.70760000 -0.02010000
vn -0.70540000 -0.70690000 -0.05120000
vn -0.70290000 -0.70450000 -0.09850000
vn -0.75160000 -0.65760000 -0.05110000
vn -0.74820000 -0.65460000 -0.10760000
vn -0.65520000 -0.75530000 -0.01470000
vn -0.68980000 -0.72400000 -0.00950000
vn -0.70660000 -0.70730000 -0.02010000
vn -0.70560000 -0.70680000 -0.05110000
vn -0.75120000 -0.65800000 -0.05110000
vn -0.70640000 -0.70760000 -0.02010000
vn -0.75170000 -0.65920000 -0.02020000
vn -0.80590000 -0.58360000 -0.09960000
vn -0.75120000 -0.65810000 -0.05130000
vn -0.81120000 -0.58250000 -0.05150000
vn -0.74220000 -0.66210000 -0.10340000
vn -0.74460000 -0.66750000 -0.00970000
vn -0.75140000 -0.65950000 -0.02040000
vn -0.70930000 -0.70470000 -0.01490000
vn -0.81110000 -0.58460000 -0.02040000
vn -0.75090000 -0.65840000 -0.05150000
vn -0.75120000 -0.65980000 -0.02030000
vn -0.81110000 -0.58260000 -0.05160000
vn -0.79620000 -0.60490000 -0.01050000
vn -0.77080000 -0.63690000 -0.01050000
vn -0.75100000 -0.66020000 -0.01550000
vn -0.81090000 -0.58480000 -0.02060000
vn -0.80840000 -0.58050000 -0.09760000
vn -0.87720000 -0.47710000 -0.05310000
vn -0.83900000 -0.53410000 -0.10390000
vn -0.81020000 -0.58370000 -0.05260000
vn -0.87390000 -0.47480000 -0.10410000
vn -0.81010000 -0.58390000 -0.05250000
vn -0.80980000 -0.58630000 -0.02100000
vn -0.87710000 -0.47730000 -0.05330000
vn -0.87710000 -0.47990000 -0.02130000
vn -0.87580000 -0.48210000 -0.02210000
vn -0.91760000 -0.39370000 -0.05520000
vn -0.87590000 -0.47930000 -0.05460000
vn -0.91780000 -0.39630000 -0.02260000
vn -0.87680000 -0.48030000 -0.02150000
vn -0.85210000 -0.52320000 -0.01070000
vn -0.83160000 -0.55530000 -0.01070000
vn -0.80950000 -0.58680000 -0.01720000
vn -0.87620000 -0.47890000 -0.05440000
vn -0.91260000 -0.39100000 -0.11910000
vn -0.86560000 -0.49240000 -0.09170000
vn -0.87390000 -0.47480000 -0.10410000
vn -0.91780000 -0.39330000 -0.05510000
vn -0.86560000 -0.49240000 -0.09170000
vn -0.57110000 -0.32510000 -0.75370000
vn -0.87390000 -0.47480000 -0.10410000
vn -0.53200000 -0.31530000 -0.78590000
vn -0.54870000 -0.34950000 -0.75940000
vn -0.83900000 -0.53410000 -0.10390000
vn -0.57110000 -0.32510000 -0.75370000
vn -0.58870000 -0.29180000 -0.75390000
vn -0.65410000 -0.28470000 -0.70080000
vn -0.59600000 -0.27250000 -0.75530000
vn -0.90450000 -0.41310000 -0.10590000
vn -0.86560000 -0.49240000 -0.09170000
vn -0.91260000 -0.39100000 -0.11910000
vn -0.94050000 -0.33510000 -0.05620000
vn -0.93620000 -0.33360000 -0.11080000
vn -0.90450000 -0.41310000 -0.10590000
vn -0.91260000 -0.39100000 -0.11910000
vn -0.91690000 -0.39520000 -0.05570000
vn -0.94010000 -0.32070000 -0.11580000
vn -0.93620000 -0.33360000 -0.11080000
vn -0.90450000 -0.41310000 -0.10590000
vn -0.59600000 -0.27250000 -0.75530000
vn -0.62010000 -0.21190000 -0.75530000
vn -0.91660000 -0.39580000 -0.05590000
vn -0.94080000 -0.33820000 -0.02320000
vn -0.94030000 -0.33570000 -0.05650000
vn -0.91680000 -0.39860000 -0.02300000
vn -0.95540000 -0.27450000 -0.10920000
vn -0.95950000 -0.27570000 -0.05730000
vn -0.93620000 -0.33360000 -0.11080000
vn -0.93970000 -0.33710000 -0.05690000
vn -0.94010000 -0.32070000 -0.11580000
vn -0.96890000 -0.21680000 -0.11910000
vn -0.95540000 -0.27450000 -0.10920000
vn -0.62010000 -0.21190000 -0.75530000
vn -0.94010000 -0.32070000 -0.11580000
vn -0.63990000 -0.22350000 -0.73530000
vn -0.61230000 -0.14310000 -0.77760000
vn -0.95540000 -0.27450000 -0.10920000
vn -0.96930000 -0.21450000 -0.12040000
vn -0.95890000 -0.27780000 -0.05800000
vn -0.97470000 -0.21580000 -0.05840000
vn -0.95930000 -0.27640000 -0.05750000
vn -0.93950000 -0.33770000 -0.05700000
vn -0.93990000 -0.34060000 -0.02360000
vn -0.96000000 -0.27880000 -0.02390000
vn -0.94250000 -0.33380000 -0.01770000
vn -0.91430000 -0.40460000 -0.01770000
vn -0.97460000 -0.21620000 -0.05870000
vn -0.95870000 -0.27840000 -0.05810000
vn -0.97550000 -0.21840000 -0.02450000
vn -0.95940000 -0.28100000 -0.02430000
vn -0.95980000 -0.27970000 -0.02410000
vn -0.95940000 -0.28190000 -0.01010000
vn -0.96610000 -0.25780000 -0.01340000
vn -0.93970000 -0.34150000 -0.01720000
vn -0.94070000 -0.33910000 -0.01120000
vn 0.53070000 0.00010000 0.84760000
vn -0.96610000 -0.25780000 -0.01340000
vn -0.95940000 -0.28190000 -0.01010000
vn -0.95920000 -0.28160000 -0.02440000
vn -0.97550000 -0.21870000 -0.02470000
vn -0.95940000 -0.28190000 -0.01010000
vn -0.97520000 -0.22100000 -0.01310000
vn 0.53020000 0.00010000 0.84790000
vn -0.98310000 -0.18280000 -0.01180000
vn -0.96610000 -0.25780000 -0.01340000
vn -0.89200000 0.45200000 -0.01120000
vn -0.90750000 0.41980000 -0.01120000
vn 0.53070000 -0.00000000 0.84760000
vn 0.53000000 0.00020000 0.84800000
vn -0.98310000 -0.18280000 -0.01180000
vn -0.98710000 -0.15970000 -0.01330000
vn -0.99430000 -0.10630000 -0.01240000
vn -0.98310000 -0.18280000 -0.01180000
vn -0.97400000 -0.22600000 -0.01620000
vn -0.98720000 -0.15760000 -0.02520000
vn -0.98700000 -0.15960000 -0.01940000
vn -0.99500000 -0.09620000 -0.02570000
vn -0.99430000 -0.10630000 -0.01240000
vn -0.98720000 -0.15730000 -0.02510000
vn -0.98600000 -0.15560000 -0.05960000
vn -0.97510000 -0.22040000 -0.02480000
vn -0.97420000 -0.21780000 -0.05930000
vn -0.98580000 -0.15710000 -0.06000000
vn -0.99500000 -0.09610000 -0.02550000
vn -0.99360000 -0.09510000 -0.06030000
vn -0.98700000 -0.15900000 -0.02530000
vn -0.98410000 -0.12970000 -0.12170000
vn -0.98590000 -0.15660000 -0.05990000
vn -0.99370000 -0.09440000 -0.06020000
vn -0.98900000 -0.09440000 -0.11420000
vn -0.98140000 -0.15430000 -0.11400000
vn -0.99890000 -0.03270000 -0.03210000
vn -0.99710000 -0.04630000 -0.06070000
vn -0.99490000 -0.09740000 -0.02570000
vn -0.99350000 -0.09590000 -0.06060000
vn -0.99840000 -0.05170000 -0.02260000
vn -0.99840000 -0.03260000 -0.04650000
vn -0.99910000 -0.03330000 -0.02590000
vn -0.98900000 -0.09440000 -0.11420000
vn -0.99710000 -0.04630000 -0.06070000
vn -0.99290000 -0.03850000 -0.11280000
vn -0.99710000 -0.02770000 -0.07040000
vn -0.99360000 -0.09560000 -0.06050000
vn -0.99150000 -0.05220000 -0.11920000
vn -0.99560000 0.06150000 -0.07030000
vn -0.99840000 -0.03260000 -0.04650000
vn -0.99790000 0.04440000 -0.04610000
vn -0.99710000 -0.02770000 -0.07040000
vn -0.99710000 -0.04630000 -0.06070000
vn -0.99230000 0.04960000 -0.11350000
vn -0.98860000 0.04280000 -0.14470000
vn -0.98870000 -0.04130000 -0.14410000
vn -0.99290000 -0.03850000 -0.11280000
vn -0.99150000 -0.05220000 -0.11920000
vn -0.99560000 0.06150000 -0.07030000
vn -0.99740000 0.03870000 -0.06040000
vn -0.99240000 0.04840000 -0.11270000
vn -0.99710000 -0.02770000 -0.07040000
vn -0.99290000 -0.03850000 -0.11280000
vn -0.64630000 -0.08530000 -0.75830000
vn -0.98410000 -0.12970000 -0.12170000
vn -0.99150000 -0.05220000 -0.11920000
vn -0.98900000 -0.09440000 -0.11420000
vn -0.98870000 -0.04130000 -0.14410000
vn -0.65120000 -0.02710000 -0.75840000
vn -0.65130000 -0.02710000 -0.75840000
vn -0.70700000 -0.08040000 -0.70270000
vn -0.64630000 -0.08530000 -0.75830000
vn -0.00000000 -0.00000000 -1.00000000
vn -0.98410000 -0.12970000 -0.12170000
vn -0.70700000 -0.08040000 -0.70270000
vn -0.98140000 -0.15430000 -0.11400000
vn -0.63460000 -0.15310000 -0.75750000
vn -0.61230000 -0.14310000 -0.77760000
vn -0.64390000 -0.10490000 -0.75790000
vn -0.64630000 -0.08530000 -0.75830000
vn -0.96740000 -0.22570000 -0.11470000
vn -0.65080000 0.02840000 -0.75870000
vn -0.65100000 -0.02720000 -0.75860000
vn -0.65100000 -0.02730000 -0.75860000
vn -0.98870000 -0.04130000 -0.14410000
vn -0.65050000 0.02850000 -0.75900000
vn -0.98860000 0.04280000 -0.14470000
vn -0.98860000 0.04280000 -0.14470000
vn -0.65100000 0.02810000 -0.75850000
vn -0.99160000 0.05490000 -0.11670000
vn -0.98360000 0.13340000 -0.12150000
vn -0.98620000 0.11800000 -0.11650000
vn -0.63120000 0.08570000 -0.77080000
vn -0.66360000 0.02610000 -0.74760000
vn -0.99740000 0.03870000 -0.06040000
vn -0.98620000 0.11800000 -0.11650000
vn -0.99170000 0.05430000 -0.11640000
vn -0.99100000 0.11970000 -0.06030000
vn -0.98620000 0.11800000 -0.11650000
vn -0.99110000 0.11860000 -0.05990000
vn -0.98360000 0.13340000 -0.12150000
vn -0.97760000 0.17830000 -0.11190000
vn -0.98170000 0.18090000 -0.05950000
vn -0.63920000 0.13250000 -0.75750000
vn -0.64770000 0.08500000 -0.75710000
vn -0.69610000 0.18140000 -0.69470000
vn -0.98360000 0.13340000 -0.12150000
vn -0.97760000 0.17830000 -0.11190000
vn -0.63640000 0.15250000 -0.75610000
vn -0.63120000 0.08570000 -0.77080000
vn -0.96440000 0.23680000 -0.11790000
vn -0.00000000 -0.00000000 -1.00000000
vn -0.66360000 0.02610000 -0.74760000
vn -0.64770000 0.08500000 -0.75710000
vn -0.63120000 0.08570000 -0.77080000
vn -0.66360000 0.02610000 -0.74760000
vn -0.00000000 -0.00000000 -1.00000000
vn -0.65080000 -0.02720000 -0.75880000
vn -0.65120000 0.02830000 -0.75840000
vn -0.00000000 -0.00000000 -1.00000000
vn 0.97560000 -0.21960000 -0.00000000
vn 0.99740000 -0.07180000 -0.00000000
vn -0.00000000 -0.00000000 -1.00000000
vn 0.99740000 -0.07180000 -0.00000000
vn 0.99720000 0.07500000 -0.00000000
vn -0.00000000 -0.00000000 -1.00000000
vn 0.97450000 0.22460000 -0.00000000
vn 0.99720000 0.07500000 -0.00000000
vn 0.97450000 0.22460000 -0.00000000
vn -0.00000000 -0.00000000 -1.00000000
vn 0.99720000 0.07500000 -0.00000000
vn -0.00000000 -0.00000000 -1.00000000
vn 0.99720000 0.07500000 -0.00000000
vn 0.99740000 -0.07180000 -0.00000000
vn 0.99740000 -0.07180000 -0.00000000
vn 0.97560000 -0.21960000 -0.00000000
vn -0.00000000 -0.00000000 -1.00000000
vn -0.00000000 -0.00000000 -1.00000000
vn -0.99680000 0.07970000 -0.00000000
vn -0.96910000 0.24670000 -0.00000000
vn -0.99990000 -0.01040000 -0.00000000
vn -0.00000000 -0.00000000 -1.00000000
vn -0.99530000 -0.09730000 -0.00000000
vn -0.99990000 -0.01070000 -0.00000000
vn -0.00000000 -0.00000000 -1.00000000
vn -0.99680000 0.07970000 -0.00000000
vn -0.99680000 0.07970000 -0.00000000
vn -0.99990000 -0.01030000 -0.00000000
vn -0.00000000 -0.00000000 -1.00000000
vn -0.00000000 -0.00000000 -1.00000000
vn -0.99530000 -0.09730000 -0.00000000
vn -0.99990000 -0.01080000 -0.00000000
vn 0.82030000 -0.03270000 -0.57100000
vn 0.81940000 0.05560000 -0.57050000
vn -0.00000000 -0.00000000 -1.00000000
vn -0.99530000 -0.09730000 -0.00000000
vn -0.00000000 -0.00000000 -1.00000000
vn -0.96570000 -0.25960000 -0.00000000
vn 0.81940000 0.05560000 -0.57050000
vn -0.00000000 -0.00000000 -1.00000000
vn 0.78260000 0.12420000 -0.61000000
vn 0.77130000 0.09790000 -0.62890000
vn 0.82870000 0.05370000 -0.55720000
vn 0.77290000 0.17090000 -0.61100000
vn -0.00000000 -0.00000000 -1.00000000
vn 0.80210000 0.20040000 -0.56260000
vn 0.78260000 0.12420000 -0.61000000
vn -0.00000000 -0.00000000 -1.00000000
vn -0.90780000 -0.41950000 -0.00000000
vn -0.96570000 -0.25960000 -0.00000000
vn -0.00000000 -0.00000000 -1.00000000
vn -0.99530000 -0.09730000 -0.00000000
vn -0.96570000 -0.25960000 -0.00000000
vn -0.90780000 -0.41950000 -0.00000000
vn -0.00000000 -0.00000000 -1.00000000
vn -0.96570000 -0.25960000 -0.00000000
vn -0.00000000 -0.00000000 -1.00000000
vn 0.93000000 0.36760000 -0.00000000
vn 0.97450000 0.22460000 -0.00000000
vn -0.00000000 -0.00000000 -1.00000000
vn 0.86530000 0.50120000 -0.00000000
vn 0.93000000 0.36760000 -0.00000000
vn 0.97450000 0.22460000 -0.00000000
vn 0.93000000 0.36760000 -0.00000000
vn -0.00000000 -0.00000000 -1.00000000
vn -0.59600000 -0.27250000 -0.75530000
vn -0.62010000 -0.21190000 -0.75530000
vn -0.63990000 -0.22350000 -0.73530000
vn -0.65410000 -0.28470000 -0.70080000
vn -0.00000000 -0.00000000 -1.00000000
vn -0.63460000 -0.15310000 -0.75750000
vn -0.61230000 -0.14310000 -0.77760000
vn -0.00000000 -0.00000000 -1.00000000
vn -0.63990000 -0.22350000 -0.73530000
vn 0.93000000 0.36760000 -0.00000000
vn -0.00000000 -0.00000000 -1.00000000
vn 0.86540000 0.50120000 -0.00000000
vn -0.00000000 -0.00000000 -1.00000000
vn -0.53200000 -0.31530000 -0.78590000
vn -0.57110000 -0.32510000 -0.75370000
vn -0.58870000 -0.29180000 -0.75390000
vn -0.00000000 -0.00000000 -1.00000000
vn 0.86540000 0.50120000 -0.00000000
vn 0.78000000 0.62580000 -0.00000000
vn 0.78000000 0.62580000 -0.00000000
vn 0.86540000 0.50120000 -0.00000000
vn -0.00000000 -0.00000000 -1.00000000
vn -0.58870000 -0.29180000 -0.75390000
vn -0.65410000 -0.28470000 -0.70080000
vn -0.00000000 -0.00000000 -1.00000000
vn -0.00000000 -0.00000000 -1.00000000
vn 0.78000000 0.62580000 -0.00000000
vn 0.71420000 0.69990000 -0.00000000
vn -0.53340000 -0.38710000 -0.75210000
vn -0.54720000 -0.40290000 -0.73370000
vn -0.00000000 -0.00000000 -1.00000000
vn -0.49110000 -0.44010000 -0.75170000
vn -0.53840000 -0.46530000 -0.70260000
vn -0.54720000 -0.40290000 -0.73370000
vn -0.54870000 -0.34950000 -0.75940000
vn -0.53200000 -0.31530000 -0.78590000
vn -0.00000000 -0.00000000 -1.00000000
vn 0.78000000 0.62580000 -0.00000000
vn -0.00000000 -0.00000000 -1.00000000
vn 0.71420000 0.69990000 -0.00000000
vn -0.00000000 -0.00000000 -1.00000000
vn -0.82390000 -0.56670000 -0.00000000
vn -0.70710000 -0.70710000 -0.00000000
vn 0.63690000 0.77100000 -0.00000000
vn 0.71420000 0.69990000 -0.00000000
vn -0.00000000 -0.00000000 -1.00000000
vn -0.00000000 -0.00000000 -1.00000000
vn 0.71420000 0.69990000 -0.00000000
vn 0.63690000 0.77100000 -0.00000000
vn 0.50500000 0.86310000 -0.00000000
vn 0.63690000 0.77100000 -0.00000000
vn -0.00000000 -0.00000000 -1.00000000
vn -0.70710000 -0.70710000 -0.00000000
vn -0.00000000 -0.00000000 -1.00000000
vn -0.56260000 -0.82670000 -0.00000000
vn -0.40950000 -0.91230000 -0.00000000
vn -0.00000000 -0.00000000 -1.00000000
vn -0.56260000 -0.82670000 -0.00000000
vn -0.40950000 -0.91230000 -0.00000000
vn -0.56260000 -0.82670000 -0.00000000
vn -0.00000000 -0.00000000 -1.00000000
vn -0.70710000 -0.70710000 -0.00000000
vn -0.56260000 -0.82670000 -0.00000000
vn -0.00000000 -0.00000000 -1.00000000
vn -0.00000000 -0.00000000 -1.00000000
vn 0.56960000 0.61370000 -0.54670000
vn 0.62710000 0.55580000 -0.54570000
vn -0.00000000 -0.00000000 -1.00000000
vn 0.53300000 0.64260000 -0.55040000
vn 0.48110000 0.68390000 -0.54850000
vn 0.48150000 0.71160000 -0.51170000
vn -0.00000000 -0.00000000 -1.00000000
vn -0.82390000 -0.56670000 -0.00000000
vn -0.70710000 -0.70710000 -0.00000000
vn 0.53300000 0.64260000 -0.55040000
vn 0.54480000 0.61280000 -0.57240000
vn -0.00000000 -0.00000000 -1.00000000
vn 0.56960000 0.61370000 -0.54670000
vn 0.52700000 0.46770000 -0.70960000
vn 0.54480000 0.61280000 -0.57240000
vn 0.47030000 0.52900000 -0.70640000
vn 0.62760000 0.55720000 -0.54380000
vn 0.56960000 0.61370000 -0.54670000
vn 0.54480000 0.61280000 -0.57240000
vn 0.48110000 0.68390000 -0.54850000
vn 0.40590000 0.57700000 -0.70870000
vn 0.46940000 0.52880000 -0.70710000
vn 0.53300000 0.64260000 -0.55040000
vn 0.39510000 0.57150000 -0.71920000
vn 0.40590000 0.57700000 -0.70870000
vn 0.46630000 0.52750000 -0.71020000
vn 0.31620000 0.45710000 -0.83130000
vn 0.36930000 0.41810000 -0.82990000
vn 0.39360000 0.70640000 -0.58830000
vn 0.33910000 0.60870000 -0.71730000
vn 0.48150000 0.71160000 -0.51170000
vn 0.39510000 0.57150000 -0.71920000
vn 0.48110000 0.68390000 -0.54850000
vn 0.40590000 0.57700000 -0.70870000
vn 0.41680000 0.36710000 -0.83160000
vn 0.46690000 0.52790000 -0.70950000
vn 0.36990000 0.41860000 -0.82940000
vn 0.53050000 0.46870000 -0.70630000
vn 0.36670000 0.41710000 -0.83160000
vn 0.27350000 0.31170000 -0.91000000
vn 0.30930000 0.27120000 -0.91150000
vn 0.41990000 0.36840000 -0.82940000
vn 0.30870000 0.27090000 -0.91180000
vn 0.33480000 0.22640000 -0.91470000
vn 0.41960000 0.36680000 -0.83030000
vn 0.46060000 0.31210000 -0.83090000
vn 0.52950000 0.46830000 -0.70730000
vn 0.41550000 0.36700000 -0.83220000
vn 0.58000000 0.40130000 -0.70890000
vn 0.44800000 0.30980000 -0.83860000
vn 0.46060000 0.31210000 -0.83090000
vn 0.62740000 0.55780000 -0.54330000
vn 0.56820000 0.39970000 -0.71930000
vn 0.67750000 0.47720000 -0.55970000
vn 0.52590000 0.46750000 -0.71060000
vn 0.58000000 0.40130000 -0.70890000
vn 0.44800000 0.30980000 -0.83860000
vn 0.48470000 0.25450000 -0.83680000
vn 0.36110000 0.18250000 -0.91450000
vn 0.34540000 0.18130000 -0.92080000
vn 0.33290000 0.22570000 -0.91560000
vn 0.46060000 0.31210000 -0.83090000
vn 0.48470000 0.25450000 -0.83680000
vn 0.58000000 0.40130000 -0.70890000
vn 0.46730000 0.25350000 -0.84700000
vn 0.56820000 0.39970000 -0.71930000
vn 0.61290000 0.33240000 -0.71690000
vn 0.44800000 0.30980000 -0.83860000
vn 0.47520000 0.19900000 -0.85710000
vn 0.46730000 0.25350000 -0.84700000
vn 0.61290000 0.33240000 -0.71690000
vn 0.59560000 0.33190000 -0.73150000
vn 0.63080000 0.26440000 -0.72950000
vn 0.49580000 0.19830000 -0.84550000
vn 0.49580000 0.19830000 -0.84550000
vn 0.34540000 0.18130000 -0.92080000
vn 0.34980000 0.13990000 -0.92630000
vn 0.46730000 0.25350000 -0.84700000
vn 0.48470000 0.25450000 -0.83680000
vn 0.36750000 0.13910000 -0.91960000
vn 0.67730000 0.47650000 -0.56050000
vn 0.59560000 0.33190000 -0.73150000
vn 0.70790000 0.39440000 -0.58590000
vn 0.61290000 0.33240000 -0.71690000
vn 0.71680000 0.41720000 -0.55870000
vn 0.56820000 0.39970000 -0.71930000
vn 0.70790000 0.39440000 -0.58590000
vn -0.00000000 -0.00000000 -1.00000000
vn 0.71680000 0.41720000 -0.55870000
vn 0.75760000 0.34710000 -0.55280000
vn 0.71680000 0.41720000 -0.55870000
vn 0.67850000 0.47960000 -0.55650000
vn -0.00000000 -0.00000000 -1.00000000
vn 0.63080000 0.26440000 -0.72950000
vn 0.61150000 0.26550000 -0.74540000
vn 0.75760000 0.34710000 -0.55280000
vn 0.74090000 0.32170000 -0.58960000
vn 0.59560000 0.33190000 -0.73150000
vn 0.70790000 0.39440000 -0.58590000
vn 0.61150000 0.26550000 -0.74540000
vn 0.62040000 0.20080000 -0.75810000
vn 0.74090000 0.32170000 -0.58960000
vn 0.63890000 0.19770000 -0.74340000
vn 0.74880000 0.24230000 -0.61690000
vn 0.76160000 0.27220000 -0.58820000
vn 0.75760000 0.34710000 -0.55280000
vn -0.00000000 -0.00000000 -1.00000000
vn 0.74090000 0.32170000 -0.58960000
vn 0.76160000 0.27220000 -0.58820000
vn 0.47720000 0.14770000 -0.86630000
vn 0.49700000 0.14510000 -0.85550000
vn 0.47520000 0.19900000 -0.85710000
vn 0.63890000 0.19770000 -0.74340000
vn 0.63080000 0.26440000 -0.72950000
vn 0.61150000 0.26550000 -0.74540000
vn 0.34830000 0.10160000 -0.93190000
vn 0.34980000 0.13990000 -0.92630000
vn 0.47520000 0.19900000 -0.85710000
vn 0.49700000 0.14510000 -0.85550000
vn 0.49580000 0.19830000 -0.84550000
vn 0.36550000 0.09920000 -0.92550000
vn 0.49260000 0.09720000 -0.86480000
vn 0.34830000 0.10160000 -0.93190000
vn 0.35940000 0.06470000 -0.93090000
vn 0.34550000 0.06810000 -0.93600000
vn 0.47720000 0.14770000 -0.86630000
vn 0.49700000 0.14510000 -0.85550000
vn 0.47690000 0.10060000 -0.87320000
vn 0.63890000 0.19770000 -0.74340000
vn 0.64000000 0.13490000 -0.75650000
vn 0.49260000 0.09720000 -0.86480000
vn 0.47720000 0.14770000 -0.86630000
vn 0.62040000 0.20080000 -0.75810000
vn 0.62620000 0.13850000 -0.76730000
vn 0.77290000 0.17090000 -0.61100000
vn 0.74880000 0.24230000 -0.61690000
vn 0.62040000 0.20080000 -0.75810000
vn 0.64000000 0.13490000 -0.75650000
vn 0.80210000 0.20040000 -0.56260000
vn 0.49260000 0.09720000 -0.86480000
vn 0.34550000 0.06810000 -0.93600000
vn 0.47690000 0.10060000 -0.87320000
vn 0.48560000 0.05530000 -0.87240000
vn 0.34430000 0.03880000 -0.93810000
vn 0.62620000 0.13850000 -0.76730000
vn 0.64000000 0.13490000 -0.75650000
vn 0.47880000 0.05730000 -0.87610000
vn 0.47690000 0.10060000 -0.87320000
vn 0.63830000 0.07800000 -0.76580000
vn 0.48090000 0.02130000 -0.87650000
vn 0.48410000 0.05530000 -0.87330000
vn 0.34990000 -0.04410000 -0.93570000
vn 0.34240000 0.03890000 -0.93870000
vn 0.28930000 0.01280000 -0.95710000
vn 0.63700000 0.07830000 -0.76690000
vn 0.63910000 0.00070000 -0.76910000
vn 0.44450000 0.03720000 -0.89500000
vn 0.47690000 0.05820000 -0.87700000
vn 0.48090000 0.02130000 -0.87650000
vn 0.78260000 0.12420000 -0.61000000
vn 0.62620000 0.13850000 -0.76730000
vn 0.77290000 0.17090000 -0.61100000
vn 0.63290000 0.07980000 -0.77010000
vn 0.77130000 0.09790000 -0.62890000
vn 0.77130000 0.09790000 -0.62890000
vn 0.63200000 0.08020000 -0.77080000
vn 0.82870000 0.05370000 -0.55720000
vn 0.74540000 0.03320000 -0.66580000
vn 0.63910000 0.00070000 -0.76910000
vn 0.60250000 0.02680000 -0.79770000
vn 0.81940000 0.05560000 -0.57050000
vn 0.82870000 0.05370000 -0.55720000
vn 0.74540000 0.03320000 -0.66580000
vn 0.63910000 0.00070000 -0.76910000
vn 0.44450000 0.03720000 -0.89500000
vn 0.60250000 0.02680000 -0.79770000
vn 0.60270000 -0.00800000 -0.79790000
vn 0.63710000 -0.02830000 -0.77030000
vn 0.60250000 0.02680000 -0.79770000
vn 0.74540000 -0.03320000 -0.66580000
vn 0.74540000 0.03320000 -0.66580000
vn 0.74540000 -0.03320000 -0.66580000
vn 0.63660000 -0.08030000 -0.76700000
vn 0.63710000 -0.02830000 -0.77030000
vn 0.78270000 -0.09930000 -0.61440000
vn 0.79100000 -0.04420000 -0.61020000
vn 0.47960000 -0.03110000 -0.87690000
vn 0.60270000 -0.00800000 -0.79790000
vn 0.63710000 -0.02830000 -0.77030000
vn 0.63230000 -0.07740000 -0.77090000
vn 0.48360000 -0.05890000 -0.87330000
vn 0.82030000 -0.03270000 -0.57100000
vn 0.74540000 -0.03320000 -0.66580000
vn 0.79100000 -0.04420000 -0.61020000
vn 0.44480000 -0.01970000 -0.89540000
vn 0.47960000 -0.03110000 -0.87690000
vn 0.60270000 -0.00800000 -0.79790000
vn 0.34940000 -0.03890000 -0.93620000
vn 0.47770000 -0.05430000 -0.87680000
vn 0.34470000 -0.01520000 -0.93860000
vn 0.44480000 -0.01970000 -0.89540000
vn 0.47960000 -0.03110000 -0.87690000
vn 0.28930000 0.01580000 -0.95710000
vn 0.44480000 -0.01970000 -0.89540000
vn 0.44450000 0.03720000 -0.89500000
vn 0.28930000 0.01280000 -0.95710000
vn 0.34470000 -0.01520000 -0.93860000
vn 0.48090000 0.02130000 -0.87650000
vn 0.28930000 0.01580000 -0.95710000
vn 0.34310000 -0.03520000 -0.93860000
vn 0.34470000 -0.01520000 -0.93860000
vn 0.19380000 -0.02090000 -0.98080000
vn 0.18910000 -0.02990000 -0.98150000
vn 0.14750000 -0.00370000 -0.98910000
vn 0.18910000 -0.02990000 -0.98150000
vn 0.28930000 0.01580000 -0.95710000
vn 0.34990000 -0.04410000 -0.93570000
vn 0.28930000 0.01280000 -0.95710000
vn 0.14740000 0.04850000 -0.98790000
vn 0.34990000 -0.04410000 -0.93570000
vn 0.19010000 0.01950000 -0.98160000
vn 0.14740000 0.04850000 -0.98790000
vn 0.19150000 0.00480000 -0.98150000
vn 0.34990000 0.03680000 -0.93610000
vn 0.14740000 0.04850000 -0.98790000
vn 0.05130000 -0.00100000 -0.99870000
vn 0.19150000 0.00480000 -0.98150000
vn 0.14750000 -0.00370000 -0.98910000
vn -0.00000000 -0.00000000 -1.00000000
vn 0.05100000 0.00300000 -0.99870000
vn -0.00000000 -0.00000000 -1.00000000
vn 0.05160000 -0.00130000 -0.99870000
vn 0.05260000 -0.00320000 -0.99860000
vn 0.19070000 -0.01380000 -0.98160000
vn 0.14750000 -0.00370000 -0.98910000
vn 0.18910000 -0.02990000 -0.98150000
vn 0.19150000 0.00480000 -0.98150000
vn 0.05050000 0.00170000 -0.99870000
vn 0.19670000 0.01460000 -0.98040000
vn 0.05020000 0.00320000 -0.99870000
vn 0.19680000 0.01430000 -0.98030000
vn 0.20230000 0.02770000 -0.97890000
vn 0.19340000 0.01690000 -0.98100000
vn 0.35130000 0.03600000 -0.93560000
vn 0.35940000 0.06470000 -0.93090000
vn 0.34550000 0.06810000 -0.93600000
vn 0.19290000 0.03480000 -0.98060000
vn 0.35940000 0.06470000 -0.93090000
vn 0.19800000 0.02530000 -0.97990000
vn 0.36550000 0.09920000 -0.92550000
vn 0.19610000 0.05320000 -0.97910000
vn 0.34830000 0.10160000 -0.93190000
vn 0.20940000 0.04650000 -0.97670000
vn 0.20330000 0.02820000 -0.97870000
vn 0.05590000 0.01120000 -0.99840000
vn 0.19610000 0.05320000 -0.97910000
vn 0.19610000 0.05320000 -0.97910000
vn 0.34980000 0.13990000 -0.92630000
vn 0.20940000 0.04650000 -0.97670000
vn 0.36550000 0.09920000 -0.92550000
vn 0.19800000 0.07500000 -0.97730000
vn 0.36750000 0.13910000 -0.91960000
vn 0.36750000 0.13910000 -0.91960000
vn 0.21240000 0.06970000 -0.97470000
vn 0.34540000 0.18130000 -0.92080000
vn 0.19800000 0.07500000 -0.97730000
vn 0.19670000 0.09940000 -0.97540000
vn 0.36110000 0.18250000 -0.91450000
vn 0.21240000 0.06970000 -0.97470000
vn 0.19800000 0.07500000 -0.97730000
vn 0.05540000 0.01280000 -0.99840000
vn 0.20940000 0.04650000 -0.97670000
vn -0.00000000 -0.00000000 -1.00000000
vn 0.05510000 0.01990000 -0.99830000
vn -0.00000000 -0.00000000 -1.00000000
vn 0.05480000 0.00940000 -0.99850000
vn 0.05770000 0.02420000 -0.99800000
vn 0.21240000 0.06970000 -0.97470000
vn 0.20890000 0.09630000 -0.97320000
vn -0.00000000 -0.00000000 -1.00000000
vn 0.05550000 0.02190000 -0.99820000
vn 0.05640000 0.02660000 -0.99810000
vn 0.19870000 0.12550000 -0.97200000
vn 0.20980000 0.09640000 -0.97300000
vn 0.34170000 0.22760000 -0.91180000
vn 0.36110000 0.18250000 -0.91450000
vn 0.19690000 0.09850000 -0.97550000
vn 0.18980000 0.12620000 -0.97370000
vn 0.34420000 0.22790000 -0.91080000
vn 0.31180000 0.27190000 -0.91040000
vn 0.19060000 0.12690000 -0.97340000
vn 0.17600000 0.15320000 -0.97240000
vn 0.31280000 0.27220000 -0.91000000
vn 0.27020000 0.31030000 -0.91140000
vn 0.15470000 0.17780000 -0.97180000
vn 0.17780000 0.15320000 -0.97210000
vn 0.19940000 0.12480000 -0.97190000
vn 0.17910000 0.15330000 -0.97180000
vn 0.05400000 0.03320000 -0.99800000
vn 0.17930000 0.15330000 -0.97180000
vn 0.15190000 0.17770000 -0.97230000
vn 0.04970000 0.04190000 -0.99790000
vn 0.05070000 0.04160000 -0.99780000
vn -0.00000000 -0.00000000 -1.00000000
vn 0.05420000 0.03330000 -0.99800000
vn -0.00000000 -0.00000000 -1.00000000
vn 0.78270000 0.62240000 -0.00000000
vn 0.86600000 0.50000000 -0.00000000
vn -0.00000000 -0.00000000 -1.00000000
vn -0.00000000 -0.00000000 -1.00000000
vn 0.78270000 0.62240000 -0.00000000
vn 0.56730000 0.82350000 -0.00000000
vn 0.86600000 0.50000000 -0.00000000
vn 0.96140000 0.27510000 -0.00000000
vn -0.00000000 -0.00000000 -1.00000000
vn 0.04030000 0.04900000 -0.99800000
vn -0.00000000 -0.00000000 -1.00000000
vn 0.04540000 0.04280000 -0.99810000
vn -0.00000000 -0.00000000 -1.00000000
vn 0.04770000 0.04330000 -0.99790000
vn -0.00000000 -0.00000000 -1.00000000
vn -0.00000000 -0.00000000 -1.00000000
vn 0.96150000 0.27460000 -0.00000000
vn 0.86600000 0.50000000 -0.00000000
vn 0.86600000 0.50000000 -0.00000000
vn 0.78270000 0.62230000 -0.00000000
vn 0.78270000 0.62240000 -0.00000000
vn 0.56730000 0.82350000 -0.00000000
vn 0.24220000 0.97020000 -0.00000000
vn 0.56740000 0.82350000 -0.00000000
vn -0.71050000 -0.70370000 -0.00000000
vn -0.86600000 -0.50000000 -0.00000000
vn -0.71060000 -0.70360000 -0.00000000
vn -0.44890000 -0.89360000 -0.00000000
vn -0.18720000 -0.98230000 -0.00000000
vn -0.44880000 -0.89360000 -0.00000000
vn -0.18720000 -0.98230000 -0.00000000
vn -0.00000000 -0.00000000 -1.00000000
vn -0.44900000 -0.89350000 -0.00000000
vn -0.00000000 -0.00000000 -1.00000000
vn -0.71050000 -0.70370000 -0.00000000
vn -0.44900000 -0.89360000 -0.00000000
vn -0.71050000 -0.70370000 -0.00000000
vn -0.00000000 -0.00000000 -1.00000000
vn -0.86600000 -0.50000000 -0.00000000
vn -0.86600000 -0.50000000 -0.00000000
vn -0.00000000 -0.00000000 -1.00000000
vn -0.00000000 1.00000000 -0.00000000
vn -0.00000000 -0.00000000 -1.00000000
vn -0.18720000 -0.98230000 -0.00000000
vn -0.00000000 -1.00000000 -0.00000000
vn -0.18720000 -0.98230000 -0.00000000
vn -0.00000000 -1.00000000 -0.00000000
vn -0.00000000 -1.00000000 -0.00000000
vn 0.25430000 -0.96710000 -0.00000000
vn -0.00000000 -1.00000000 -0.00000000
vn -0.00000000 -0.00000000 -1.00000000
vn 0.25430000 -0.96710000 -0.00000000
vn -0.13100000 0.99140000 -0.00000000
vn -0.00000000 -0.00000000 -1.00000000
vn -0.00000000 1.00000000 -0.00000000
vn -0.00000000 -0.00000000 -1.00000000
vn -0.42200000 0.90660000 -0.00000000
vn -0.13130000 0.99130000 -0.00000000
vn 0.25430000 -0.96710000 -0.00000000
vn 0.54910000 -0.83580000 -0.00000000
vn -0.00000000 -0.00000000 -1.00000000
vn 0.25430000 -0.96710000 -0.00000000
vn 0.54890000 -0.83590000 -0.00000000
vn -0.42210000 0.90660000 -0.00000000
vn -0.72220000 0.69170000 -0.00000000
vn -0.00000000 -0.00000000 -1.00000000
vn 0.54890000 -0.83590000 -0.00000000
vn 0.75710000 -0.65330000 -0.00000000
vn -0.00000000 -0.00000000 -1.00000000
vn -0.00000000 -0.00000000 -1.00000000
vn 0.75700000 -0.65340000 -0.00000000
vn 0.86600000 -0.50000000 -0.00000000
vn 0.75710000 -0.65330000 -0.00000000
vn 0.54850000 -0.83610000 -0.00000000
vn -0.71890000 0.69510000 -0.00000000
vn -0.86600000 0.50000000 -0.00000000
vn 0.75710000 -0.65330000 -0.00000000
vn 0.86600000 -0.50000000 -0.00000000
vn -0.43000000 0.90280000 -0.00000000
vn -0.71890000 0.69510000 -0.00000000
vn -0.71890000 0.69510000 -0.00000000
vn -0.43000000 0.90280000 -0.00000000
vn -0.00000000 -0.00000000 -1.00000000
vn -0.14760000 0.98900000 -0.00000000
vn -0.43000000 0.90280000 -0.00000000
vn -0.43000000 0.90280000 -0.00000000
vn -0.14780000 0.98900000 -0.00000000
vn -0.00000000 -0.00000000 -1.00000000
vn -0.02000000 0.05520000 -0.99830000
vn -0.00000000 -0.00000000 -1.00000000
vn -0.00950000 0.05480000 -0.99850000
vn -0.00000000 -0.00000000 -1.00000000
vn -0.00000000 1.00000000 -0.00000000
vn -0.00000000 -0.00000000 -1.00000000
vn -0.14760000 0.98900000 -0.00000000
vn -0.00660000 0.05390000 -0.99850000
vn -0.00000000 -0.00000000 -1.00000000
vn -0.00390000 0.05270000 -0.99860000
vn -0.00000000 -0.00000000 -1.00000000
vn -0.00000000 -0.00000000 -1.00000000
vn -0.00300000 0.05100000 -0.99870000
vn 0.24260000 0.97010000 -0.00000000
vn -0.00000000 1.00000000 -0.00000000
vn -0.14790000 0.98900000 -0.00000000
vn -0.00000000 1.00000000 -0.00000000
vn 0.24270000 0.97010000 -0.00000000
vn -0.00000000 -0.00000000 -1.00000000
vn -0.00000000 1.00000000 -0.00000000
vn 0.00480000 0.05300000 -0.99860000
vn -0.00000000 -0.00000000 -1.00000000
vn 0.01280000 0.05620000 -0.99830000
vn -0.00000000 -0.00000000 -1.00000000
vn 0.01740000 0.05610000 -0.99830000
vn -0.00000000 -0.00000000 -1.00000000
vn 0.56740000 0.82350000 -0.00000000
vn -0.00000000 -0.00000000 -1.00000000
vn 0.24220000 0.97020000 -0.00000000
vn -0.00000000 -0.00000000 -1.00000000
vn 0.00120000 0.05150000 -0.99870000
vn -0.04840000 0.14730000 -0.98790000
vn -0.00480000 0.19150000 -0.98150000
vn 0.00370000 0.14750000 -0.98910000
vn 0.00080000 0.05130000 -0.99870000
vn 0.02990000 0.18910000 -0.98150000
vn 0.01380000 0.19070000 -0.98160000
vn 0.00370000 0.14750000 -0.98910000
vn 0.00320000 0.05260000 -0.99860000
vn 0.04420000 0.34980000 -0.93580000
vn 0.00370000 0.14750000 -0.98910000
vn 0.02990000 0.18910000 -0.98150000
vn -0.01370000 0.29050000 -0.95680000
vn -0.04840000 0.14730000 -0.98790000
vn -0.01580000 0.28930000 -0.95710000
vn 0.02990000 0.18910000 -0.98150000
vn 0.01690000 0.19320000 -0.98100000
vn 0.01520000 0.34470000 -0.93860000
vn 0.03520000 0.34310000 -0.93860000
vn 0.00570000 0.05290000 -0.99860000
vn 0.01590000 0.19280000 -0.98110000
vn 0.00900000 0.05140000 -0.99860000
vn 0.03070000 0.19890000 -0.97950000
vn 0.03560000 0.34450000 -0.93810000
vn 0.06230000 0.34600000 -0.93620000
vn 0.03270000 0.19640000 -0.98000000
vn 0.09450000 0.47880000 -0.87280000
vn 0.07050000 0.35760000 -0.93120000
vn 0.06230000 0.34600000 -0.93620000
vn 0.04000000 0.35110000 -0.93550000
vn 0.05560000 0.47910000 -0.87600000
vn 0.07050000 0.35760000 -0.93120000
vn 0.05200000 0.20240000 -0.97790000
vn 0.06230000 0.34600000 -0.93620000
vn 0.09500000 0.35020000 -0.93180000
vn 0.03110000 0.47950000 -0.87700000
vn 0.03880000 0.34950000 -0.93610000
vn 0.01520000 0.34470000 -0.93860000
vn 0.01960000 0.44460000 -0.89550000
vn 0.05430000 0.47740000 -0.87700000
vn 0.01520000 0.34470000 -0.93860000
vn 0.01960000 0.44460000 -0.89550000
vn -0.03720000 0.44450000 -0.89500000
vn -0.01520000 0.29030000 -0.95680000
vn -0.02130000 0.48090000 -0.87650000
vn -0.02680000 0.60250000 -0.79770000
vn -0.00070000 0.63910000 -0.76910000
vn -0.03720000 0.44450000 -0.89500000
vn 0.01960000 0.44460000 -0.89550000
vn 0.00800000 0.60270000 -0.79790000
vn 0.03110000 0.47950000 -0.87700000
vn 0.02830000 0.63710000 -0.77030000
vn 0.07740000 0.63230000 -0.77090000
vn 0.05870000 0.48370000 -0.87330000
vn 0.00800000 0.60270000 -0.79790000
vn 0.03110000 0.47950000 -0.87700000
vn 0.03320000 0.74550000 -0.66570000
vn 0.02830000 0.63710000 -0.77030000
vn 0.09900000 0.78270000 -0.61450000
vn 0.04420000 0.79100000 -0.61020000
vn 0.08030000 0.63670000 -0.76690000
vn 0.00800000 0.60270000 -0.79790000
vn 0.02830000 0.63710000 -0.77030000
vn 0.03320000 0.74550000 -0.66570000
vn -0.03320000 0.74550000 -0.66570000
vn -0.02680000 0.60250000 -0.79770000
vn 0.05930000 0.48540000 -0.87230000
vn 0.09450000 0.47880000 -0.87280000
vn 0.10350000 0.49090000 -0.86510000
vn 0.07790000 0.63320000 -0.77010000
vn 0.13230000 0.62750000 -0.76730000
vn 0.07050000 0.35760000 -0.93120000
vn 0.10350000 0.49090000 -0.86510000
vn 0.09450000 0.47880000 -0.87280000
vn 0.09500000 0.35020000 -0.93180000
vn 0.14010000 0.48010000 -0.86590000
vn 0.10590000 0.36290000 -0.92580000
vn 0.10350000 0.49090000 -0.86510000
vn 0.14110000 0.63830000 -0.75680000
vn 0.13230000 0.62750000 -0.76730000
vn 0.14010000 0.48010000 -0.86590000
vn 0.15280000 0.49370000 -0.85610000
vn 0.19280000 0.62290000 -0.75810000
vn 0.17280000 0.78000000 -0.60150000
vn 0.14110000 0.63830000 -0.75680000
vn 0.13230000 0.62750000 -0.76730000
vn 0.09930000 0.78210000 -0.61520000
vn 0.08120000 0.63800000 -0.76570000
vn 0.19280000 0.62290000 -0.75810000
vn 0.20580000 0.63590000 -0.74390000
vn 0.24390000 0.75610000 -0.60730000
vn 0.17270000 0.78070000 -0.60050000
vn 0.14110000 0.63830000 -0.75680000
vn -0.00000000 -0.00000000 -1.00000000
vn 0.24250000 0.76000000 -0.60300000
vn 0.17340000 0.77810000 -0.60370000
vn 0.09790000 0.78490000 -0.61180000
vn -0.00000000 -0.00000000 -1.00000000
vn 0.17370000 0.77760000 -0.60430000
vn -0.07970000 -0.99680000 -0.00000000
vn -0.00000000 -0.00000000 -1.00000000
vn -0.24670000 -0.96910000 -0.00000000
vn -0.00000000 -0.00000000 -1.00000000
vn 0.09760000 0.78560000 -0.61100000
vn 0.04420000 0.79100000 -0.61020000
vn 0.03270000 0.82030000 -0.57100000
vn -0.05380000 0.82840000 -0.55750000
vn -0.03320000 0.74550000 -0.66570000
vn -0.05560000 0.81910000 -0.57090000
vn 0.03320000 0.74550000 -0.66570000
vn 0.04420000 0.79100000 -0.61020000
vn 0.03270000 0.82030000 -0.57100000
vn 0.03270000 0.82030000 -0.57100000
vn -0.05560000 0.81910000 -0.57090000
vn -0.00000000 -0.00000000 -1.00000000
vn -0.00000000 -0.00000000 -1.00000000
vn 0.01040000 -0.99990000 -0.00000000
vn -0.07970000 -0.99680000 -0.00000000
vn -0.07970000 -0.99680000 -0.00000000
vn 0.01040000 -0.99990000 -0.00000000
vn -0.00000000 -0.00000000 -1.00000000
vn -0.24670000 -0.96910000 -0.00000000
vn -0.07970000 -0.99680000 -0.00000000
vn -0.00000000 -0.00000000 -1.00000000
vn -0.00000000 -0.00000000 -1.00000000
vn 0.01040000 -0.99990000 -0.00000000
vn 0.09730000 -0.99530000 -0.00000000
vn -0.00000000 -0.00000000 -1.00000000
vn 0.01040000 -0.99990000 -0.00000000
vn 0.09730000 -0.99530000 -0.00000000
vn -0.00000000 -0.00000000 -1.00000000
vn 0.09730000 -0.99530000 -0.00000000
vn 0.25960000 -0.96570000 -0.00000000
vn -0.00000000 -0.00000000 -1.00000000
vn 0.41950000 -0.90780000 -0.00000000
vn 0.25960000 -0.96570000 -0.00000000
vn -0.12410000 0.78260000 -0.61000000
vn -0.17090000 0.77290000 -0.61100000
vn -0.00000000 -0.00000000 -1.00000000
vn -0.20040000 0.80210000 -0.56250000
vn -0.05560000 0.81910000 -0.57090000
vn -0.09790000 0.77130000 -0.62890000
vn -0.12410000 0.78260000 -0.61000000
vn -0.00000000 -0.00000000 -1.00000000
vn -0.05380000 0.82840000 -0.55750000
vn 0.25960000 -0.96570000 -0.00000000
vn 0.09730000 -0.99530000 -0.00000000
vn -0.00000000 -0.00000000 -1.00000000
vn -0.00000000 -0.00000000 -1.00000000
vn -0.22460000 0.97440000 -0.00000000
vn -0.36760000 0.93000000 -0.00000000
vn 0.25960000 -0.96570000 -0.00000000
vn -0.00000000 -0.00000000 -1.00000000
vn 0.41950000 -0.90780000 -0.00000000
vn -0.22460000 0.97440000 -0.00000000
vn -0.00000000 -0.00000000 -1.00000000
vn -0.07500000 0.99720000 -0.00000000
vn -0.22460000 0.97440000 -0.00000000
vn -0.07500000 0.99720000 -0.00000000
vn -0.00000000 -0.00000000 -1.00000000
vn -0.00000000 -0.00000000 -1.00000000
vn 0.07180000 0.99740000 -0.00000000
vn -0.07500000 0.99720000 -0.00000000
vn -0.00000000 -0.00000000 -1.00000000
vn -0.07500000 0.99720000 -0.00000000
vn 0.07180000 0.99740000 -0.00000000
vn -0.00000000 -0.00000000 -1.00000000
vn 0.07180000 0.99740000 -0.00000000
vn 0.21960000 0.97560000 -0.00000000
vn -0.00000000 -0.00000000 -1.00000000
vn -0.02600000 -0.66420000 -0.74710000
vn -0.02830000 -0.65120000 -0.75840000
vn 0.02720000 -0.65070000 -0.75880000
vn 0.08040000 -0.70690000 -0.70270000
vn 0.02710000 -0.65130000 -0.75830000
vn 0.08540000 -0.64630000 -0.75830000
vn -0.00000000 -0.00000000 -1.00000000
vn 0.08040000 -0.70690000 -0.70270000
vn -0.00000000 -0.00000000 -1.00000000
vn 0.10490000 -0.64390000 -0.75790000
vn 0.02720000 -0.65110000 -0.75850000
vn -0.02810000 -0.65110000 -0.75850000
vn 0.14320000 -0.61230000 -0.77760000
vn 0.08540000 -0.64630000 -0.75830000
vn 0.14960000 -0.98050000 -0.12740000
vn 0.08040000 -0.70690000 -0.70270000
vn 0.10490000 -0.64390000 -0.75790000
vn 0.12940000 -0.98190000 -0.13840000
vn 0.15300000 -0.63480000 -0.75740000
vn 0.22530000 -0.96600000 -0.12690000
vn 0.12940000 -0.98190000 -0.13840000
vn 0.08920000 -0.98810000 -0.12570000
vn 0.04150000 -0.99230000 -0.11700000
vn -0.04000000 -0.98710000 -0.15490000
vn 0.08540000 -0.64630000 -0.75830000
vn 0.02710000 -0.65120000 -0.75840000
vn -0.04300000 -0.99160000 -0.12210000
vn -0.02820000 -0.65010000 -0.75930000
vn 0.04150000 -0.99230000 -0.11700000
vn 0.02720000 -0.65050000 -0.75900000
vn -0.02550000 -0.99280000 -0.11730000
vn -0.02550000 -0.99280000 -0.11730000
vn -0.02520000 -0.99650000 -0.07930000
vn 0.05120000 -0.99550000 -0.07920000
vn 0.04150000 -0.99230000 -0.11700000
vn -0.04000000 -0.98710000 -0.15490000
vn 0.08960000 -0.99190000 -0.09050000
vn 0.03010000 -0.99550000 -0.09030000
vn 0.05120000 -0.99550000 -0.07920000
vn -0.04000000 -0.98710000 -0.15490000
vn 0.08920000 -0.98810000 -0.12570000
vn 0.09080000 -0.99180000 -0.09010000
vn 0.15030000 -0.98460000 -0.08960000
vn 0.08920000 -0.98810000 -0.12570000
vn 0.14960000 -0.98050000 -0.12740000
vn 0.12940000 -0.98190000 -0.13840000
vn 0.14960000 -0.98050000 -0.12740000
vn 0.15160000 -0.98440000 -0.08890000
vn 0.22530000 -0.96600000 -0.12690000
vn 0.21020000 -0.96760000 -0.13980000
vn 0.21150000 -0.97340000 -0.08840000
vn 0.09060000 -0.99180000 -0.08980000
vn 0.15240000 -0.98720000 -0.04780000
vn 0.15070000 -0.98450000 -0.08940000
vn 0.09210000 -0.99460000 -0.04800000
vn 0.09130000 -0.99470000 -0.04820000
vn 0.03010000 -0.99550000 -0.09030000
vn 0.04790000 -0.99770000 -0.04840000
vn 0.03020000 -0.99800000 -0.05570000
vn 0.09000000 -0.99180000 -0.09030000
vn 0.03020000 -0.99800000 -0.05570000
vn 0.05120000 -0.99550000 -0.07920000
vn 0.03010000 -0.99550000 -0.09030000
vn -0.04020000 -0.99730000 -0.06070000
vn -0.02520000 -0.99650000 -0.07930000
vn -0.02600000 -0.99810000 -0.05580000
vn 0.04790000 -0.99770000 -0.04840000
vn -0.02610000 -0.99910000 -0.03490000
vn 0.03050000 -0.99890000 -0.03490000
vn 0.03020000 -0.99800000 -0.05570000
vn -0.02600000 -0.99810000 -0.05580000
vn 0.09260000 -0.99550000 -0.01980000
vn 0.03460000 -0.99910000 -0.02400000
vn 0.09120000 -0.99470000 -0.04820000
vn 0.04790000 -0.99770000 -0.04840000
vn 0.02350000 -0.99950000 -0.02120000
vn -0.02620000 -0.99960000 -0.01380000
vn -0.04180000 -0.99890000 -0.01940000
vn -0.02610000 -0.99910000 -0.03490000
vn 0.03550000 -0.99890000 -0.03200000
vn -0.03000000 -0.99930000 -0.02420000
vn 0.02870000 -0.99930000 -0.02230000
vn 0.07410000 -0.99700000 -0.02360000
vn 0.52960000 0.00030000 0.84830000
vn 0.09260000 -0.99550000 -0.01980000
vn 0.07410000 -0.99700000 -0.02360000
vn 0.15440000 -0.98780000 -0.02150000
vn 0.09250000 -0.99460000 -0.04790000
vn 0.09260000 -0.99550000 -0.01980000
vn 0.15290000 -0.98710000 -0.04770000
vn 0.15390000 -0.98780000 -0.02160000
vn 0.21650000 -0.97600000 -0.02270000
vn 0.21450000 -0.97560000 -0.04690000
vn 0.15500000 -0.98680000 -0.04730000
vn 0.15390000 -0.98690000 -0.04740000
vn 0.15200000 -0.98440000 -0.08870000
vn 0.21150000 -0.97340000 -0.08830000
vn 0.21360000 -0.97580000 -0.04710000
vn 0.52930000 0.00050000 0.84840000
vn 0.15430000 -0.98780000 -0.02150000
vn 0.07410000 -0.99700000 -0.02360000
vn 0.52960000 0.00020000 0.84820000
vn 0.15360000 -0.98790000 -0.02170000
vn 0.21650000 -0.97600000 -0.02270000
vn 0.23150000 -0.97260000 -0.02020000
vn 0.52980000 0.00010000 0.84810000
vn 0.84240000 0.53690000 -0.04560000
vn 0.81950000 0.57120000 -0.04550000
vn -0.04180000 -0.99890000 -0.01940000
vn 0.01860000 -0.99960000 -0.01940000
vn 0.52970000 0.00010000 0.84820000
vn 0.53000000 -0.00000000 0.84800000
vn 0.78250000 0.62140000 -0.04060000
vn 0.80550000 0.59030000 -0.05190000
vn 0.81950000 0.57120000 -0.04550000
vn 0.52910000 0.00010000 0.84860000
vn 0.80720000 -0.58700000 -0.06280000
vn 0.78860000 -0.61330000 -0.04380000
vn 0.83590000 -0.54710000 -0.04400000
vn 0.86560000 -0.49710000 -0.05940000
vn 0.53000000 0.00010000 0.84800000
vn 0.83590000 -0.54710000 -0.04400000
vn 0.86560000 -0.49710000 -0.05940000
vn 0.85880000 -0.51010000 -0.04850000
vn 0.88730000 -0.45860000 -0.04880000
vn 0.53070000 0.00010000 0.84750000
vn 0.23150000 -0.97260000 -0.02020000
vn 0.30750000 -0.95120000 -0.02600000
vn 0.53020000 -0.00010000 0.84790000
vn 0.33820000 -0.94100000 -0.01460000
vn 0.27760000 -0.96040000 -0.02360000
vn 0.53070000 -0.00030000 0.84760000
vn 0.38330000 -0.92330000 -0.02330000
vn 0.39680000 -0.91770000 -0.01850000
vn 0.30750000 -0.95120000 -0.02600000
vn 0.53020000 -0.00010000 0.84790000
vn 0.45500000 -0.89030000 -0.01970000
vn 0.38330000 -0.92330000 -0.02330000
vn 0.45830000 -0.88860000 -0.01820000
vn 0.52970000 0.00010000 0.84820000
vn 0.53440000 -0.84510000 -0.01450000
vn 0.50990000 -0.85990000 -0.02350000
vn 0.59990000 -0.79960000 -0.02640000
vn 0.56380000 -0.82550000 -0.02530000
vn 0.52970000 0.00010000 0.84820000
vn 0.61670000 -0.78710000 -0.00980000
vn 0.53440000 -0.84510000 -0.01450000
vn 0.53000000 -0.00000000 0.84800000
vn 0.66950000 -0.74270000 -0.01560000
vn 0.59990000 -0.79960000 -0.02640000
vn 0.66970000 -0.74240000 -0.01540000
vn 0.72070000 -0.69260000 -0.02980000
vn 0.53010000 -0.00010000 0.84790000
vn 0.73830000 -0.67430000 0.01610000
vn 0.73830000 -0.67430000 0.01610000
vn 0.52950000 0.00010000 0.84830000
vn 0.76580000 -0.63820000 -0.07960000
vn 0.77500000 -0.63060000 -0.04020000
vn 0.80720000 -0.58700000 -0.06280000
vn 0.76580000 -0.63820000 -0.07960000
vn 0.52900000 0.00010000 0.84860000
vn 0.80400000 0.58920000 -0.07950000
vn 0.81950000 0.57120000 -0.04550000
vn 0.84240000 0.53690000 -0.04560000
vn 0.80550000 0.59030000 -0.05190000
vn 0.87260000 0.48570000 -0.05200000
vn 0.87070000 0.48510000 -0.08060000
vn 0.90620000 -0.41980000 -0.05070000
vn 0.53040000 0.00010000 0.84780000
vn 0.88730000 -0.45860000 -0.04880000
vn 0.53020000 0.00010000 0.84790000
vn 0.84240000 0.53690000 -0.04560000
vn 0.87210000 0.48650000 -0.05190000
vn 0.86790000 0.49340000 -0.05690000
vn 0.91380000 0.40260000 -0.05340000
vn 0.91280000 0.39990000 -0.08290000
vn 0.87080000 0.48470000 -0.08210000
vn 0.90620000 0.42030000 -0.04580000
vn 0.86690000 0.49510000 -0.05810000
vn 0.90620000 0.42030000 -0.04580000
vn 0.53010000 0.00010000 0.84790000
vn 0.93610000 0.34790000 -0.05070000
vn 0.91380000 0.40260000 -0.05340000
vn 0.90620000 0.42030000 -0.04580000
vn 0.53010000 -0.00000000 0.84800000
vn 0.99180000 -0.11570000 -0.05430000
vn 0.52940000 -0.00020000 0.84840000
vn 0.99620000 -0.04960000 -0.07140000
vn 0.99730000 -0.03840000 -0.06190000
vn 0.52940000 -0.00010000 0.84840000
vn 0.99730000 0.03840000 -0.06190000
vn 0.99730000 -0.03840000 -0.06190000
vn 0.99180000 0.11560000 -0.05450000
vn 0.99270000 0.10280000 -0.06240000
vn 0.52970000 -0.00010000 0.84820000
vn 0.99740000 0.03740000 -0.06110000
vn 0.93710000 -0.34570000 -0.04800000
vn 0.53110000 -0.00000000 0.84730000
vn 0.90330000 -0.42640000 -0.04640000
vn 0.92720000 -0.37050000 -0.05530000
vn 0.53100000 -0.00000000 0.84740000
vn 0.93710000 -0.34570000 -0.04800000
vn 0.94820000 -0.31230000 -0.05890000
vn 0.96660000 -0.25200000 -0.04690000
vn 0.96050000 -0.27160000 -0.06110000
vn 0.52990000 -0.00000000 0.84810000
vn 0.97980000 0.19330000 -0.05160000
vn 0.98430000 0.16420000 -0.06410000
vn 0.99180000 0.11560000 -0.05450000
vn 0.52980000 -0.00000000 0.84810000
vn 0.97250000 0.22460000 -0.06220000
vn 0.97980000 0.19330000 -0.05160000
vn 0.96060000 0.27180000 -0.05870000
vn 0.95710000 0.28570000 -0.04760000
vn 0.96050000 -0.27160000 -0.06110000
vn 0.97990000 -0.19170000 -0.05580000
vn 0.52990000 -0.00010000 0.84810000
vn 0.52960000 -0.00010000 0.84830000
vn 0.99180000 -0.11570000 -0.05430000
vn 0.98950000 -0.13030000 -0.06220000
vn 0.97940000 -0.19370000 -0.05690000
vn 0.91380000 0.40260000 -0.05340000
vn 0.91190000 0.40170000 -0.08380000
vn 0.93590000 0.34210000 -0.08430000
vn 0.93630000 0.34760000 -0.05090000
vn 0.96060000 0.27180000 -0.05870000
vn 0.93710000 0.34520000 -0.05230000
vn 0.53020000 0.00030000 0.84790000
vn 0.96060000 0.27180000 -0.05870000
vn 0.93720000 0.34470000 -0.05260000
vn 0.93510000 0.34390000 -0.08540000
vn 0.95530000 0.28280000 -0.08580000
vn 0.95710000 0.28570000 -0.04760000
vn 0.95540000 0.28250000 -0.08570000
vn 0.93540000 0.34330000 -0.08510000
vn 0.93800000 0.32010000 -0.13280000
vn 0.93240000 0.34030000 -0.12150000
vn 0.95200000 0.28150000 -0.12010000
vn 0.95480000 0.28440000 -0.08670000
vn 0.96600000 0.22120000 -0.13390000
vn 0.95200000 0.28150000 -0.12010000
vn 0.97110000 0.22230000 -0.08720000
vn 0.95470000 0.28460000 -0.08680000
vn 0.95710000 0.28570000 -0.04760000
vn 0.97100000 0.22260000 -0.08730000
vn 0.97250000 0.22460000 -0.06220000
vn 0.97980000 0.19330000 -0.05160000
vn 0.98430000 0.16420000 -0.06410000
vn 0.97060000 0.22410000 -0.08810000
vn 0.98270000 0.16250000 -0.08880000
vn 0.97250000 0.22460000 -0.06220000
vn 0.97060000 0.22390000 -0.08800000
vn 0.96540000 0.22520000 -0.13160000
vn 0.97900000 0.16120000 -0.12490000
vn 0.98280000 0.16190000 -0.08840000
vn 0.96590000 0.22180000 -0.13370000
vn 0.61180000 0.14290000 -0.77800000
vn 0.95200000 0.28150000 -0.12010000
vn 0.93800000 0.32010000 -0.13280000
vn 0.63930000 0.22350000 -0.73580000
vn 0.62040000 0.21190000 -0.75510000
vn 0.98180000 0.12960000 -0.13900000
vn 0.61180000 0.14290000 -0.77800000
vn 0.63450000 0.15300000 -0.75760000
vn 0.64620000 0.08550000 -0.75830000
vn 0.70660000 0.08050000 -0.70300000
vn 0.97900000 0.16120000 -0.12490000
vn 0.96540000 0.22550000 -0.13090000
vn 0.64400000 0.10500000 -0.75780000
vn 0.98260000 0.16300000 -0.08930000
vn 0.98680000 0.10100000 -0.12690000
vn 0.99080000 0.10150000 -0.08970000
vn 0.98180000 0.12960000 -0.13900000
vn 0.97900000 0.16120000 -0.12490000
vn 0.98240000 0.16390000 -0.08940000
vn 0.99070000 0.10200000 -0.08970000
vn 0.99270000 0.10280000 -0.06240000
vn 0.98430000 0.16420000 -0.06410000
vn 0.99180000 0.11560000 -0.05450000
vn 0.99070000 0.10230000 -0.08990000
vn 0.99530000 0.03560000 -0.09040000
vn 0.98680000 0.10100000 -0.12690000
vn 0.99020000 0.03540000 -0.13490000
vn 0.99030000 0.03590000 -0.13430000
vn 0.98180000 0.12960000 -0.13900000
vn 0.65090000 0.02740000 -0.75870000
vn 0.64620000 0.08550000 -0.75830000
vn 0.98680000 0.10100000 -0.12690000
vn 0.65090000 0.02730000 -0.75870000
vn -0.00000000 -0.00000000 -1.00000000
vn 0.70660000 0.08050000 -0.70300000
vn 0.64620000 0.08550000 -0.75830000
vn 0.65110000 -0.02810000 -0.75850000
vn 0.65100000 0.02720000 -0.75860000
vn 0.99040000 -0.04880000 -0.12960000
vn 0.65070000 -0.02830000 -0.75880000
vn 0.65090000 0.02730000 -0.75860000
vn 0.99060000 0.04140000 -0.13020000
vn 0.99060000 0.04080000 -0.13040000
vn 0.99030000 -0.04880000 -0.13020000
vn 0.99470000 -0.04900000 -0.09060000
vn 0.99530000 0.03570000 -0.09050000
vn 0.99120000 -0.04360000 -0.12510000
vn 0.99470000 -0.04920000 -0.09030000
vn 0.98750000 -0.12990000 -0.08970000
vn 0.98280000 -0.12810000 -0.13320000
vn 0.99740000 0.03810000 -0.06190000
vn 0.99730000 -0.03840000 -0.06190000
vn 0.99520000 0.03590000 -0.09060000
vn 0.99620000 -0.04960000 -0.07140000
vn 0.99470000 -0.04930000 -0.09030000
vn 0.99270000 0.10280000 -0.06240000
vn 0.99750000 0.03610000 -0.06000000
vn 0.99520000 0.03580000 -0.09050000
vn 0.99060000 0.10250000 -0.09030000
vn 0.99620000 -0.04960000 -0.07140000
vn 0.98950000 -0.13030000 -0.06220000
vn 0.98740000 -0.13000000 -0.08990000
vn 0.99470000 -0.04950000 -0.09010000
vn 0.99180000 -0.11570000 -0.05430000
vn 0.98760000 -0.12890000 -0.08920000
vn 0.97950000 -0.19320000 -0.05720000
vn 0.97750000 -0.19120000 -0.08900000
vn 0.98950000 -0.13030000 -0.06220000
vn 0.98180000 -0.13160000 -0.13730000
vn 0.98760000 -0.12880000 -0.08930000
vn 0.97770000 -0.19060000 -0.08880000
vn 0.97440000 -0.18840000 -0.12270000
vn 0.96050000 -0.27160000 -0.06110000
vn 0.96390000 -0.25130000 -0.08760000
vn 0.96660000 -0.25200000 -0.04690000
vn 0.97790000 -0.18980000 -0.08830000
vn 0.97990000 -0.19170000 -0.05550000
vn 0.97800000 -0.18910000 -0.08790000
vn 0.96400000 -0.25130000 -0.08720000
vn 0.95850000 -0.24790000 -0.14040000
vn 0.97440000 -0.18840000 -0.12270000
vn 0.94820000 -0.31230000 -0.05890000
vn 0.96660000 -0.25200000 -0.04690000
vn 0.94630000 -0.31170000 -0.08630000
vn 0.96440000 -0.25000000 -0.08630000
vn 0.94350000 -0.30790000 -0.12270000
vn 0.94650000 -0.31100000 -0.08600000
vn 0.96450000 -0.24950000 -0.08670000
vn 0.95850000 -0.24790000 -0.14040000
vn 0.96490000 -0.23070000 -0.12540000
vn 0.92510000 -0.37010000 -0.08460000
vn 0.92720000 -0.37050000 -0.05530000
vn 0.94700000 -0.30970000 -0.08520000
vn 0.93710000 -0.34570000 -0.04800000
vn 0.94820000 -0.31230000 -0.05890000
vn 0.90270000 -0.42790000 -0.04540000
vn 0.92600000 -0.36820000 -0.08370000
vn 0.90050000 -0.42680000 -0.08300000
vn 0.92720000 -0.37050000 -0.05530000
vn 0.94350000 -0.30790000 -0.12270000
vn 0.93610000 -0.32590000 -0.13240000
vn 0.92290000 -0.36660000 -0.11750000
vn 0.92540000 -0.36950000 -0.08440000
vn 0.94720000 -0.30910000 -0.08490000
vn 0.57970000 -0.26910000 -0.76910000
vn 0.61780000 -0.21530000 -0.75630000
vn 0.89760000 -0.42190000 -0.12780000
vn 0.93610000 -0.32590000 -0.13240000
vn 0.63500000 -0.21740000 -0.74130000
vn 0.92290000 -0.36660000 -0.11750000
vn 0.61780000 -0.21530000 -0.75630000
vn 0.96490000 -0.23070000 -0.12540000
vn 0.94350000 -0.30790000 -0.12270000
vn 0.63570000 -0.15220000 -0.75680000
vn 0.93610000 -0.32590000 -0.13240000
vn 0.90060000 -0.42660000 -0.08290000
vn 0.92290000 -0.36660000 -0.11750000
vn 0.89700000 -0.42290000 -0.12850000
vn 0.92610000 -0.36790000 -0.08330000
vn 0.85750000 -0.50810000 -0.08040000
vn 0.90140000 -0.42510000 -0.08200000
vn 0.85560000 -0.50570000 -0.11050000
vn 0.90010000 -0.41760000 -0.12430000
vn 0.85880000 -0.51010000 -0.04850000
vn 0.90140000 -0.42520000 -0.08210000
vn 0.90570000 -0.42100000 -0.05010000
vn 0.85690000 -0.50900000 -0.08140000
vn 0.88730000 -0.45860000 -0.04880000
vn 0.83590000 -0.54710000 -0.04400000
vn 0.78860000 -0.61330000 -0.04380000
vn 0.85750000 -0.50810000 -0.08040000
vn 0.86560000 -0.49710000 -0.05940000
vn 0.78690000 -0.61200000 -0.07900000
vn 0.85880000 -0.51010000 -0.04850000
vn 0.85560000 -0.50580000 -0.11040000
vn 0.85810000 -0.50730000 -0.07940000
vn 0.78500000 -0.60890000 -0.11450000
vn 0.82650000 -0.55110000 -0.11490000
vn 0.78730000 -0.61150000 -0.07840000
vn 0.78730000 -0.61150000 -0.07840000
vn 0.71900000 -0.69060000 -0.07790000
vn 0.77500000 -0.63060000 -0.04020000
vn 0.80720000 -0.58700000 -0.06280000
vn 0.72060000 -0.69220000 -0.04010000
vn 0.78860000 -0.61330000 -0.04380000
vn 0.71520000 -0.68670000 -0.13030000
vn 0.79960000 -0.59330000 -0.09280000
vn 0.78500000 -0.60890000 -0.11450000
vn 0.78780000 -0.61110000 -0.07780000
vn 0.71910000 -0.69050000 -0.07780000
vn 0.66520000 -0.74260000 -0.07770000
vn 0.66700000 -0.74390000 -0.04010000
vn 0.71910000 -0.69060000 -0.07780000
vn 0.72060000 -0.69220000 -0.04010000
vn 0.72060000 -0.69260000 -0.03170000
vn 0.77500000 -0.63060000 -0.04020000
vn 0.76580000 -0.63820000 -0.07960000
vn 0.73830000 -0.67430000 0.01610000
vn 0.66710000 -0.74390000 -0.04010000
vn 0.66780000 -0.74410000 -0.01770000
vn 0.72050000 -0.69220000 -0.04050000
vn 0.66730000 -0.74370000 -0.04020000
vn 0.61650000 -0.78630000 -0.04040000
vn 0.66790000 -0.74410000 -0.01780000
vn 0.59990000 -0.79960000 -0.02640000
vn 0.61670000 -0.78710000 -0.00980000
vn 0.61490000 -0.78750000 -0.04090000
vn 0.56370000 -0.82500000 -0.04080000
vn 0.56380000 -0.82550000 -0.02530000
vn 0.61670000 -0.78710000 -0.00980000
vn 0.66510000 -0.74270000 -0.07790000
vn 0.66670000 -0.74420000 -0.04040000
vn 0.61350000 -0.78580000 -0.07820000
vn 0.61600000 -0.78670000 -0.04050000
vn 0.66200000 -0.74010000 -0.11820000
vn 0.71520000 -0.68670000 -0.13030000
vn 0.66490000 -0.74290000 -0.07800000
vn 0.71920000 -0.69050000 -0.07770000
vn 0.73680000 -0.66800000 -0.10460000
vn 0.61040000 -0.78450000 -0.10970000
vn 0.61330000 -0.78600000 -0.07790000
vn 0.66470000 -0.74300000 -0.07810000
vn 0.66220000 -0.74000000 -0.11810000
vn 0.56320000 -0.82530000 -0.04110000
vn 0.56040000 -0.82440000 -0.07890000
vn 0.61250000 -0.78660000 -0.07840000
vn 0.61490000 -0.78760000 -0.04080000
vn 0.61040000 -0.78450000 -0.10970000
vn 0.58270000 -0.80320000 -0.12410000
vn 0.61250000 -0.78650000 -0.07880000
vn 0.55720000 -0.82290000 -0.11170000
vn 0.56020000 -0.82460000 -0.07900000
vn 0.56220000 -0.82600000 -0.04140000
vn 0.50960000 -0.85940000 -0.04160000
vn 0.56380000 -0.82550000 -0.02530000
vn 0.53440000 -0.84510000 -0.01450000
vn 0.50990000 -0.85990000 -0.02350000
vn 0.50560000 -0.85900000 -0.08010000
vn 0.56170000 -0.82630000 -0.04150000
vn 0.50880000 -0.85990000 -0.04190000
vn 0.55920000 -0.82520000 -0.07960000
vn 0.50780000 -0.86040000 -0.04230000
vn 0.50990000 -0.85990000 -0.02350000
vn 0.45380000 -0.89010000 -0.04260000
vn 0.45760000 -0.88900000 -0.01860000
vn 0.50580000 -0.85890000 -0.08030000
vn 0.55720000 -0.82290000 -0.11170000
vn 0.50210000 -0.85620000 -0.12150000
vn 0.55890000 -0.82540000 -0.07990000
vn 0.50720000 -0.86080000 -0.04240000
vn 0.50460000 -0.85950000 -0.08130000
vn 0.45320000 -0.89040000 -0.04260000
vn 0.45020000 -0.88920000 -0.08120000
vn 0.45130000 -0.89130000 -0.04330000
vn 0.39580000 -0.91730000 -0.04370000
vn 0.44840000 -0.89000000 -0.08230000
vn 0.39290000 -0.91580000 -0.08280000
vn 0.39650000 -0.91700000 -0.04350000
vn 0.39680000 -0.91770000 -0.01850000
vn 0.45410000 -0.89070000 -0.01980000
vn 0.38330000 -0.92330000 -0.02330000
vn 0.45180000 -0.89110000 -0.04300000
vn 0.50430000 -0.85980000 -0.08090000
vn 0.44650000 -0.88740000 -0.11480000
vn 0.44990000 -0.88940000 -0.08150000
vn 0.50020000 -0.85710000 -0.12310000
vn 0.44650000 -0.88740000 -0.11480000
vn 0.49990000 -0.85730000 -0.12320000
vn 0.27250000 -0.59600000 -0.75530000
vn 0.32050000 -0.54890000 -0.77200000
vn 0.28460000 -0.65380000 -0.70110000
vn 0.33510000 -0.56540000 -0.75370000
vn 0.29200000 -0.58820000 -0.75420000
vn 0.41250000 -0.90350000 -0.11610000
vn 0.38800000 -0.91100000 -0.13990000
vn 0.32050000 -0.54890000 -0.77200000
vn 0.50180000 -0.85630000 -0.12190000
vn 0.55720000 -0.82290000 -0.11170000
vn 0.38730000 -0.53360000 -0.75190000
vn 0.40280000 -0.54710000 -0.73380000
vn 0.58270000 -0.80320000 -0.12410000
vn 0.39240000 -0.91610000 -0.08300000
vn 0.38800000 -0.91100000 -0.13990000
vn 0.44800000 -0.89020000 -0.08250000
vn 0.44650000 -0.88740000 -0.11480000
vn 0.41250000 -0.90350000 -0.11610000
vn 0.33060000 -0.93550000 -0.12460000
vn 0.33350000 -0.93890000 -0.08450000
vn 0.39050000 -0.91680000 -0.08420000
vn 0.38800000 -0.91100000 -0.13990000
vn 0.33390000 -0.93880000 -0.08450000
vn 0.39100000 -0.91660000 -0.08380000
vn 0.33700000 -0.94050000 -0.04470000
vn 0.39390000 -0.91810000 -0.04430000
vn 0.27730000 -0.95970000 -0.04550000
vn 0.33570000 -0.94090000 -0.04510000
vn 0.33820000 -0.94100000 -0.01460000
vn 0.27760000 -0.96040000 -0.02360000
vn 0.39450000 -0.91790000 -0.04410000
vn 0.33790000 -0.94010000 -0.04450000
vn 0.30750000 -0.95120000 -0.02600000
vn 0.39680000 -0.91770000 -0.01850000
vn 0.33820000 -0.94100000 -0.01460000
vn 0.33210000 -0.93940000 -0.08530000
vn 0.27690000 -0.95980000 -0.04560000
vn 0.33480000 -0.94120000 -0.04530000
vn 0.27420000 -0.95780000 -0.08590000
vn 0.33200000 -0.93940000 -0.08550000
vn 0.27360000 -0.95800000 -0.08620000
vn 0.32030000 -0.93830000 -0.13040000
vn 0.27060000 -0.95520000 -0.12020000
vn 0.21560000 -0.97540000 -0.04660000
vn 0.27490000 -0.96040000 -0.04620000
vn 0.27220000 -0.95830000 -0.08690000
vn 0.21300000 -0.97310000 -0.08760000
vn 0.27560000 -0.96020000 -0.04600000
vn 0.21650000 -0.97600000 -0.02270000
vn 0.21580000 -0.97530000 -0.04640000
vn 0.23150000 -0.97260000 -0.02020000
vn 0.27760000 -0.96040000 -0.02360000
vn 0.21280000 -0.97320000 -0.08750000
vn 0.27150000 -0.95850000 -0.08730000
vn 0.27060000 -0.95520000 -0.12020000
vn 0.21020000 -0.96760000 -0.13980000
vn 0.31990000 -0.93830000 -0.13150000
vn 0.21180000 -0.62020000 -0.75530000
vn 0.22530000 -0.96600000 -0.12690000
vn 0.22360000 -0.63980000 -0.73530000
vn 0.27060000 -0.95520000 -0.12020000
vn 0.14320000 -0.61230000 -0.77760000
vn 0.21020000 -0.96760000 -0.13980000
vn 0.27250000 -0.59600000 -0.75530000
vn 0.21180000 -0.62020000 -0.75530000
vn 0.41250000 -0.90350000 -0.11610000
vn 0.32880000 -0.93600000 -0.12540000
vn 0.22360000 -0.63980000 -0.73530000
vn 0.28460000 -0.65380000 -0.70110000
vn 0.21180000 -0.62020000 -0.75530000
vn -0.00000000 -0.00000000 -1.00000000
vn 0.27250000 -0.59600000 -0.75530000
vn 0.14320000 -0.61230000 -0.77760000
vn 0.22360000 -0.63980000 -0.73530000
vn 0.15300000 -0.63480000 -0.75740000
vn -0.00000000 -0.00000000 -1.00000000
vn -0.22460000 0.97440000 -0.00000000
vn -0.36760000 0.93000000 -0.00000000
vn -0.00000000 -0.00000000 -1.00000000
vn 0.15300000 -0.63480000 -0.75740000
vn 0.10490000 -0.64390000 -0.75790000
vn -0.00000000 -0.00000000 -1.00000000
vn -0.50120000 0.86540000 -0.00000000
vn -0.00000000 -0.00000000 -1.00000000
vn -0.36760000 0.93000000 -0.00000000
vn -0.36760000 0.93000000 -0.00000000
vn -0.50120000 0.86540000 -0.00000000
vn -0.00000000 -0.00000000 -1.00000000
vn -0.62580000 0.78000000 -0.00000000
vn -0.50120000 0.86540000 -0.00000000
vn -0.00000000 -0.00000000 -1.00000000
vn 0.56670000 -0.82390000 -0.00000000
vn 0.41950000 -0.90780000 -0.00000000
vn -0.00000000 -0.00000000 -1.00000000
vn 0.56670000 -0.82390000 -0.00000000
vn 0.41950000 -0.90780000 -0.00000000
vn -0.00000000 -0.00000000 -1.00000000
vn 0.56670000 -0.82390000 -0.00000000
vn 0.70710000 -0.70710000 -0.00000000
vn -0.00000000 -0.00000000 -1.00000000
vn 0.56670000 -0.82390000 -0.00000000
vn -0.00000000 -0.00000000 -1.00000000
vn 0.70710000 -0.70710000 -0.00000000
vn -0.69990000 0.71420000 -0.00000000
vn -0.00000000 -0.00000000 -1.00000000
vn -0.77100000 0.63690000 -0.00000000
vn -0.62580000 0.78000000 -0.00000000
vn -0.69990000 0.71430000 -0.00000000
vn -0.00000000 -0.00000000 -1.00000000
vn 0.70710000 -0.70710000 -0.00000000
vn 0.82670000 -0.56260000 -0.00000000
vn -0.00000000 -0.00000000 -1.00000000
vn 0.70710000 -0.70710000 -0.00000000
vn 0.82670000 -0.56260000 -0.00000000
vn -0.00000000 -0.00000000 -1.00000000
vn -0.55580000 0.62700000 -0.54590000
vn -0.61390000 0.56990000 -0.54620000
vn -0.00000000 -0.00000000 -1.00000000
vn -0.61390000 0.56990000 -0.54620000
vn -0.64260000 0.53300000 -0.55040000
vn -0.61280000 0.54480000 -0.57240000
vn -0.00000000 -0.00000000 -1.00000000
vn -0.00000000 -0.00000000 -1.00000000
vn -0.71160000 0.48150000 -0.51170000
vn -0.68390000 0.48110000 -0.54850000
vn -0.64260000 0.53300000 -0.55040000
vn 0.91230000 -0.40950000 -0.00000000
vn 0.82670000 -0.56260000 -0.00000000
vn -0.00000000 -0.00000000 -1.00000000
vn 0.91230000 -0.40950000 -0.00000000
vn -0.00000000 -0.00000000 -1.00000000
vn 0.82670000 -0.56260000 -0.00000000
vn -0.70610000 0.39340000 -0.58870000
vn -0.00000000 -0.00000000 -1.00000000
vn -0.71160000 0.48150000 -0.51170000
vn -0.72110000 0.38790000 -0.57410000
vn 0.96910000 -0.24670000 -0.00000000
vn -0.00000000 -0.00000000 -1.00000000
vn 0.91230000 -0.40950000 -0.00000000
vn -0.72110000 0.38790000 -0.57410000
vn -0.75640000 0.32640000 -0.56690000
vn -0.00000000 -0.00000000 -1.00000000
vn -0.75520000 0.24440000 -0.60820000
vn -0.75390000 0.32680000 -0.57000000
vn -0.62720000 0.27230000 -0.72970000
vn -0.63590000 0.20580000 -0.74390000
vn -0.61490000 0.25750000 -0.74540000
vn -0.60870000 0.33910000 -0.71730000
vn -0.70610000 0.39340000 -0.58870000
vn -0.62720000 0.27230000 -0.72970000
vn -0.59930000 0.32510000 -0.73150000
vn -0.72110000 0.38790000 -0.57410000
vn -0.75270000 0.32690000 -0.57150000
vn -0.00000000 -0.00000000 -1.00000000
vn -0.75730000 0.32620000 -0.56580000
vn -0.75890000 0.24300000 -0.60420000
vn -0.63590000 0.20580000 -0.74390000
vn -0.62290000 0.19280000 -0.75810000
vn -0.63820000 0.14120000 -0.75680000
vn -0.78050000 0.17270000 -0.60090000
vn -0.75620000 0.24400000 -0.60720000
vn -0.77830000 0.17340000 -0.60350000
vn -0.75980000 0.24260000 -0.60320000
vn -0.00000000 -0.00000000 -1.00000000
vn 0.99680000 -0.07970000 -0.00000000
vn 0.96910000 -0.24670000 -0.00000000
vn -0.00000000 -0.00000000 -1.00000000
vn -0.77760000 0.17380000 -0.60430000
vn -0.00000000 -0.00000000 -1.00000000
vn -0.78480000 0.09800000 -0.61200000
vn -0.77990000 0.17280000 -0.60160000
vn -0.63820000 0.14120000 -0.75680000
vn -0.63760000 0.08090000 -0.76610000
vn -0.78210000 0.09920000 -0.61520000
vn -0.62770000 0.13270000 -0.76710000
vn -0.63670000 0.08030000 -0.76690000
vn -0.78250000 0.09910000 -0.61470000
vn -0.74540000 0.03320000 -0.66580000
vn -0.79110000 0.04400000 -0.61010000
vn -0.63710000 0.02830000 -0.77030000
vn -0.62290000 0.19280000 -0.75810000
vn -0.49390000 0.15280000 -0.85600000
vn -0.62770000 0.13270000 -0.76710000
vn -0.49090000 0.10350000 -0.86510000
vn -0.63820000 0.14120000 -0.75680000
vn -0.48010000 0.14010000 -0.86590000
vn -0.48510000 0.05920000 -0.87250000
vn -0.49090000 0.10350000 -0.86510000
vn -0.47880000 0.09450000 -0.87280000
vn -0.63330000 0.07790000 -0.77000000
vn -0.62770000 0.13270000 -0.76710000
vn -0.34630000 0.06250000 -0.93610000
vn -0.35060000 0.03990000 -0.93570000
vn -0.47900000 0.05560000 -0.87610000
vn -0.35790000 0.07050000 -0.93110000
vn -0.47880000 0.09450000 -0.87280000
vn -0.48370000 0.05880000 -0.87330000
vn -0.63230000 0.07730000 -0.77090000
vn -0.63710000 0.02830000 -0.77030000
vn -0.60270000 0.00800000 -0.79790000
vn -0.47940000 0.03110000 -0.87700000
vn -0.47880000 0.09450000 -0.87280000
vn -0.49090000 0.10350000 -0.86510000
vn -0.36290000 0.10590000 -0.92580000
vn -0.48010000 0.14010000 -0.86590000
vn -0.35020000 0.09500000 -0.93180000
vn -0.35790000 0.07050000 -0.93110000
vn -0.20180000 0.06490000 -0.97730000
vn -0.36290000 0.10590000 -0.92580000
vn -0.20770000 0.07860000 -0.97500000
vn -0.35020000 0.09500000 -0.93180000
vn -0.35200000 0.13320000 -0.92650000
vn -0.20570000 0.05580000 -0.97700000
vn -0.35790000 0.07050000 -0.93110000
vn -0.34630000 0.06250000 -0.93610000
vn -0.35020000 0.09500000 -0.93180000
vn -0.19890000 0.04320000 -0.97910000
vn -0.48010000 0.14010000 -0.86590000
vn -0.36290000 0.10590000 -0.92580000
vn -0.36410000 0.14570000 -0.91990000
vn -0.47840000 0.19140000 -0.85700000
vn -0.49390000 0.15280000 -0.85600000
vn -0.35200000 0.13320000 -0.92650000
vn -0.20520000 0.10290000 -0.97330000
vn -0.34820000 0.17600000 -0.92070000
vn -0.20770000 0.07860000 -0.97500000
vn -0.36410000 0.14570000 -0.91990000
vn -0.35200000 0.13320000 -0.92650000
vn -0.34820000 0.17600000 -0.92070000
vn -0.35770000 0.18780000 -0.91480000
vn -0.36410000 0.14570000 -0.91990000
vn -0.47840000 0.19140000 -0.85700000
vn -0.47020000 0.24690000 -0.84730000
vn -0.49180000 0.20590000 -0.84600000
vn -0.47840000 0.19140000 -0.85700000
vn -0.49390000 0.15280000 -0.85600000
vn -0.61490000 0.25750000 -0.74540000
vn -0.49180000 0.20590000 -0.84600000
vn -0.63590000 0.20580000 -0.74390000
vn -0.62290000 0.19280000 -0.75810000
vn -0.49180000 0.20590000 -0.84600000
vn -0.61490000 0.25750000 -0.74540000
vn -0.48090000 0.26080000 -0.83710000
vn -0.47020000 0.24690000 -0.84730000
vn -0.62720000 0.27230000 -0.72970000
vn -0.59930000 0.32510000 -0.73150000
vn -0.59930000 0.32510000 -0.73150000
vn -0.48090000 0.26080000 -0.83710000
vn -0.57150000 0.39510000 -0.71920000
vn -0.60870000 0.33910000 -0.71730000
vn -0.45080000 0.30560000 -0.83870000
vn -0.45720000 0.31620000 -0.83130000
vn -0.34030000 0.22920000 -0.91200000
vn -0.48090000 0.26080000 -0.83710000
vn -0.47020000 0.24690000 -0.84730000
vn -0.45080000 0.30560000 -0.83870000
vn -0.35770000 0.18780000 -0.91480000
vn -0.30960000 0.26940000 -0.91190000
vn -0.33690000 0.22340000 -0.91470000
vn -0.19560000 0.12960000 -0.97210000
vn -0.17780000 0.15450000 -0.97190000
vn -0.31130000 0.27230000 -0.91050000
vn -0.41670000 0.36570000 -0.83220000
vn -0.45720000 0.31620000 -0.83130000
vn -0.34150000 0.23150000 -0.91090000
vn -0.45080000 0.30560000 -0.83870000
vn -0.34820000 0.17600000 -0.92070000
vn -0.19540000 0.12910000 -0.97220000
vn -0.33520000 0.22210000 -0.91560000
vn -0.20500000 0.10360000 -0.97330000
vn -0.35770000 0.18780000 -0.91480000
vn -0.17740000 0.15160000 -0.97240000
vn -0.19340000 0.12170000 -0.97350000
vn -0.05450000 0.03280000 -0.99800000
vn -0.20120000 0.09270000 -0.97520000
vn -0.05680000 0.02550000 -0.99810000
vn -0.19330000 0.12100000 -0.97370000
vn -0.20150000 0.06610000 -0.97720000
vn -0.20060000 0.09210000 -0.97530000
vn -0.05530000 0.01680000 -0.99830000
vn -0.20770000 0.07860000 -0.97500000
vn -0.05690000 0.02570000 -0.99800000
vn -0.00000000 -0.00000000 -1.00000000
vn -0.00000000 -0.00000000 -1.00000000
vn -0.05470000 0.03280000 -0.99800000
vn -0.00000000 -0.00000000 -1.00000000
vn -0.86600000 0.50000000 -0.00000000
vn -0.71890000 0.69510000 -0.00000000
vn -0.00000000 -0.00000000 -1.00000000
vn -0.04890000 0.04030000 -0.99800000
vn -0.04320000 0.04610000 -0.99800000
vn -0.00000000 -0.00000000 -1.00000000
vn -0.15330000 0.17930000 -0.97180000
vn -0.04190000 0.04970000 -0.99790000
vn -0.17740000 0.15180000 -0.97240000
vn -0.15340000 0.17920000 -0.97180000
vn -0.12490000 0.19950000 -0.97190000
vn -0.03320000 0.05400000 -0.99800000
vn -0.27200000 0.31260000 -0.91010000
vn -0.31060000 0.27010000 -0.91140000
vn -0.15340000 0.17620000 -0.97230000
vn -0.17780000 0.15470000 -0.97180000
vn -0.04330000 0.04770000 -0.99790000
vn -0.00000000 -0.00000000 -1.00000000
vn -0.04160000 0.05070000 -0.99780000
vn -0.00000000 -0.00000000 -1.00000000
vn -0.03330000 0.05410000 -0.99800000
vn -0.00000000 -0.00000000 -1.00000000
vn -0.00000000 -0.00000000 -1.00000000
vn -0.02200000 0.05540000 -0.99820000
vn -0.02650000 0.05630000 -0.99810000
vn -0.09640000 0.20980000 -0.97300000
vn -0.12520000 0.19880000 -0.97200000
vn -0.12590000 0.19000000 -0.97370000
vn -0.09860000 0.19690000 -0.97540000
vn -0.22750000 0.34170000 -0.91190000
vn -0.18270000 0.36160000 -0.91430000
vn -0.12620000 0.19050000 -0.97350000
vn -0.15320000 0.17610000 -0.97240000
vn -0.27200000 0.31170000 -0.91040000
vn -0.22770000 0.34370000 -0.91100000
vn -0.02430000 0.05750000 -0.99810000
vn -0.06970000 0.21240000 -0.97470000
vn -0.09630000 0.20890000 -0.97320000
vn -0.07500000 0.19800000 -0.97730000
vn -0.01280000 0.05540000 -0.99840000
vn -0.06970000 0.21240000 -0.97470000
vn -0.04650000 0.20940000 -0.97670000
vn -0.09940000 0.19670000 -0.97540000
vn -0.07500000 0.19800000 -0.97730000
vn -0.18270000 0.36160000 -0.91430000
vn -0.06970000 0.21240000 -0.97470000
vn -0.18130000 0.34540000 -0.92080000
vn -0.13930000 0.36780000 -0.91940000
vn -0.09920000 0.36550000 -0.92550000
vn -0.05320000 0.19610000 -0.97910000
vn -0.13980000 0.34930000 -0.92650000
vn -0.04650000 0.20940000 -0.97670000
vn -0.07500000 0.19800000 -0.97730000
vn -0.13930000 0.36780000 -0.91940000
vn -0.25450000 0.48470000 -0.83690000
vn -0.25330000 0.46710000 -0.84720000
vn -0.18130000 0.34540000 -0.92080000
vn -0.13980000 0.34930000 -0.92650000
vn -0.19830000 0.49550000 -0.84570000
vn -0.13930000 0.36780000 -0.91940000
vn -0.25450000 0.48470000 -0.83690000
vn -0.22550000 0.33250000 -0.91570000
vn -0.30980000 0.44790000 -0.83870000
vn -0.18130000 0.34540000 -0.92080000
vn -0.18270000 0.36160000 -0.91430000
vn -0.31200000 0.46030000 -0.83110000
vn -0.40140000 0.58050000 -0.70850000
vn -0.39970000 0.56820000 -0.71930000
vn -0.33240000 0.61290000 -0.71690000
vn -0.30980000 0.44790000 -0.83870000
vn -0.25330000 0.46710000 -0.84720000
vn -0.25450000 0.48470000 -0.83690000
vn -0.36730000 0.41560000 -0.83210000
vn -0.46820000 0.52970000 -0.70720000
vn -0.30980000 0.44790000 -0.83870000
vn -0.31200000 0.46030000 -0.83110000
vn -0.40140000 0.58050000 -0.70850000
vn -0.27060000 0.30840000 -0.91200000
vn -0.22630000 0.33480000 -0.91470000
vn -0.36780000 0.41930000 -0.83000000
vn -0.31200000 0.46030000 -0.83110000
vn -0.41860000 0.36980000 -0.82950000
vn -0.36720000 0.41660000 -0.83160000
vn -0.46880000 0.53040000 -0.70630000
vn -0.52790000 0.46690000 -0.70950000
vn -0.27140000 0.30930000 -0.91140000
vn -0.41720000 0.36680000 -0.83150000
vn -0.36880000 0.42030000 -0.82900000
vn -0.31130000 0.27330000 -0.91020000
vn -0.52750000 0.46630000 -0.71020000
vn -0.57150000 0.39510000 -0.71920000
vn -0.45720000 0.31620000 -0.83130000
vn -0.41810000 0.36950000 -0.82990000
vn -0.57700000 0.40590000 -0.70870000
vn -0.68390000 0.48110000 -0.54850000
vn -0.52890000 0.46920000 -0.70720000
vn -0.64260000 0.53300000 -0.55040000
vn -0.61280000 0.54480000 -0.57240000
vn -0.57700000 0.40590000 -0.70870000
vn -0.60870000 0.33910000 -0.71730000
vn -0.70610000 0.39340000 -0.58870000
vn -0.68390000 0.48110000 -0.54850000
vn -0.71160000 0.48150000 -0.51170000
vn -0.57150000 0.39510000 -0.71920000
vn -0.57700000 0.40590000 -0.70870000
vn -0.46760000 0.52720000 -0.70950000
vn -0.55720000 0.62760000 -0.54380000
vn -0.61390000 0.56990000 -0.54620000
vn -0.52900000 0.47010000 -0.70650000
vn -0.61280000 0.54480000 -0.57240000
vn -0.47720000 0.67750000 -0.55970000
vn -0.39970000 0.56820000 -0.71930000
vn -0.46780000 0.52610000 -0.71020000
vn -0.40140000 0.58050000 -0.70850000
vn -0.55780000 0.62760000 -0.54310000
vn -0.00000000 -0.00000000 -1.00000000
vn -0.55590000 0.62750000 -0.54520000
vn -0.48040000 0.67880000 -0.55540000
vn -0.47950000 0.67850000 -0.55650000
vn -0.41760000 0.71680000 -0.55840000
vn -0.00000000 -0.00000000 -1.00000000
vn -0.41760000 0.71680000 -0.55840000
vn -0.34710000 0.75760000 -0.55280000
vn -0.39440000 0.70790000 -0.58590000
vn -0.00000000 -0.00000000 -1.00000000
vn -0.41760000 0.71680000 -0.55840000
vn -0.47650000 0.67730000 -0.56050000
vn -0.33190000 0.59560000 -0.73150000
vn -0.39440000 0.70790000 -0.58590000
vn -0.33240000 0.61290000 -0.71690000
vn -0.39970000 0.56820000 -0.71930000
vn -0.32170000 0.74090000 -0.58960000
vn -0.34710000 0.75760000 -0.55280000
vn -0.26550000 0.61150000 -0.74540000
vn -0.26430000 0.63120000 -0.72920000
vn -0.33190000 0.59560000 -0.73150000
vn -0.39440000 0.70790000 -0.58590000
vn -0.19900000 0.47500000 -0.85720000
vn -0.25330000 0.46710000 -0.84720000
vn -0.26430000 0.63120000 -0.72920000
vn -0.33240000 0.61290000 -0.71690000
vn -0.19830000 0.49550000 -0.84570000
vn -0.33190000 0.59560000 -0.73150000
vn -0.19900000 0.47500000 -0.85720000
vn -0.19770000 0.63890000 -0.74340000
vn -0.26430000 0.63120000 -0.72920000
vn -0.14510000 0.49680000 -0.85570000
vn -0.14790000 0.47780000 -0.86600000
vn -0.26550000 0.61150000 -0.74540000
vn -0.19830000 0.49550000 -0.84570000
vn -0.10160000 0.34830000 -0.93190000
vn -0.14510000 0.49680000 -0.85570000
vn -0.13980000 0.34930000 -0.92650000
vn -0.19900000 0.47500000 -0.85720000
vn -0.09920000 0.36550000 -0.92550000
vn -0.03150000 0.19820000 -0.97970000
vn -0.10160000 0.34830000 -0.93190000
vn -0.05320000 0.19610000 -0.97910000
vn -0.06460000 0.35900000 -0.93110000
vn -0.09920000 0.36550000 -0.92550000
vn -0.10160000 0.34830000 -0.93190000
vn -0.14510000 0.49680000 -0.85570000
vn -0.06460000 0.35900000 -0.93110000
vn -0.09720000 0.49260000 -0.86480000
vn -0.14790000 0.47780000 -0.86600000
vn -0.06810000 0.34550000 -0.93590000
vn -0.03890000 0.34410000 -0.93810000
vn -0.10060000 0.47710000 -0.87310000
vn -0.05530000 0.48590000 -0.87230000
vn -0.06810000 0.34550000 -0.93590000
vn -0.09720000 0.49260000 -0.86480000
vn -0.19770000 0.63890000 -0.74340000
vn -0.13490000 0.64000000 -0.75650000
vn -0.10060000 0.47710000 -0.87310000
vn -0.20080000 0.62040000 -0.75820000
vn -0.09720000 0.49260000 -0.86480000
vn -0.14790000 0.47780000 -0.86600000
vn -0.03610000 0.35100000 -0.93570000
vn -0.01690000 0.19350000 -0.98100000
vn -0.06810000 0.34550000 -0.93590000
vn -0.06460000 0.35900000 -0.93110000
vn -0.03480000 0.19300000 -0.98060000
vn -0.00320000 0.05030000 -0.99870000
vn -0.02750000 0.20230000 -0.97890000
vn -0.01430000 0.19690000 -0.98030000
vn -0.01390000 0.19610000 -0.98050000
vn -0.00480000 0.19150000 -0.98150000
vn -0.00170000 0.05050000 -0.99870000
vn -0.04840000 0.14730000 -0.98790000
vn -0.01950000 0.19010000 -0.98160000
vn -0.03680000 0.34980000 -0.93610000
vn -0.00480000 0.19150000 -0.98150000
vn 0.04420000 0.34980000 -0.93580000
vn -0.03890000 0.34240000 -0.93870000
vn -0.05530000 0.48420000 -0.87320000
vn -0.01280000 0.28930000 -0.95710000
vn -0.02130000 0.48090000 -0.87650000
vn 0.04420000 0.34980000 -0.93580000
vn -0.00070000 0.63910000 -0.76910000
vn -0.03720000 0.44450000 -0.89500000
vn -0.02130000 0.48090000 -0.87650000
vn -0.07820000 0.63700000 -0.76690000
vn -0.05840000 0.47730000 -0.87680000
vn -0.05730000 0.47890000 -0.87600000
vn -0.13880000 0.62640000 -0.76700000
vn -0.07810000 0.63810000 -0.76600000
vn -0.13490000 0.64000000 -0.75650000
vn -0.10060000 0.47710000 -0.87310000
vn -0.09790000 0.77130000 -0.62890000
vn -0.13880000 0.62640000 -0.76700000
vn -0.12410000 0.78260000 -0.61000000
vn -0.07970000 0.63290000 -0.77010000
vn -0.17090000 0.77290000 -0.61100000
vn -0.24230000 0.74880000 -0.61690000
vn -0.17090000 0.77290000 -0.61100000
vn -0.13880000 0.62640000 -0.76700000
vn -0.20080000 0.62040000 -0.75820000
vn -0.20040000 0.80210000 -0.56250000
vn -0.13490000 0.64000000 -0.75650000
vn -0.27200000 0.76140000 -0.58840000
vn -0.24230000 0.74880000 -0.61690000
vn -0.20040000 0.80210000 -0.56250000
vn -0.00000000 -0.00000000 -1.00000000
vn -0.20080000 0.62040000 -0.75820000
vn -0.24230000 0.74880000 -0.61690000
vn -0.26550000 0.61150000 -0.74540000
vn -0.32170000 0.74090000 -0.58960000
vn -0.19770000 0.63890000 -0.74340000
vn -0.27200000 0.76140000 -0.58840000
vn -0.32170000 0.74090000 -0.58960000
vn -0.27200000 0.76140000 -0.58840000
vn -0.00000000 -0.00000000 -1.00000000
vn -0.34710000 0.75760000 -0.55280000
vn -0.02680000 0.60250000 -0.79770000
vn -0.08020000 0.63200000 -0.77080000
vn -0.09790000 0.77130000 -0.62890000
vn -0.00070000 0.63910000 -0.76910000
vn -0.05380000 0.82840000 -0.55750000
vn -0.03320000 0.74550000 -0.66570000
vn -0.04650000 0.20940000 -0.97670000
vn -0.01130000 0.05590000 -0.99840000
vn -0.02820000 0.20330000 -0.97870000
vn -0.05320000 0.19610000 -0.97910000
vn -0.00000000 -0.00000000 -1.00000000
vn -0.05300000 0.00480000 -0.99860000
vn -0.00000000 -0.00000000 -1.00000000
vn -0.05620000 0.01280000 -0.99830000
vn -0.00000000 -0.00000000 -1.00000000
vn -0.05620000 0.01740000 -0.99830000
vn -0.93050000 0.36620000 -0.00000000
vn -0.00000000 -0.00000000 -1.00000000
vn -0.86600000 0.50000000 -0.00000000
vn -0.93040000 0.36660000 -0.00000000
vn -0.99680000 0.07970000 -0.00000000
vn -0.00000000 -0.00000000 -1.00000000
vn -0.05150000 0.00110000 -0.99870000
vn -0.00000000 -0.00000000 -1.00000000
vn -0.99680000 0.07970000 -0.00000000
vn -0.00000000 -0.00000000 -1.00000000
vn -0.93030000 0.36670000 -0.00000000
vn -0.86600000 0.50000000 -0.00000000
vn -0.93040000 0.36670000 -0.00000000
vn 0.96470000 -0.26330000 -0.00000000
vn 0.86600000 -0.50000000 -0.00000000
vn 0.96470000 -0.26330000 -0.00000000
vn 0.99830000 0.05760000 -0.00000000
vn 0.96470000 -0.26330000 -0.00000000
vn 0.86600000 -0.50000000 -0.00000000
vn -0.00000000 -0.00000000 -1.00000000
vn 0.96470000 -0.26330000 -0.00000000
vn -0.00000000 -0.00000000 -1.00000000
vn 0.99830000 0.05770000 -0.00000000
vn 0.94430000 0.32920000 -0.00000000
vn -0.00000000 -0.00000000 -1.00000000
vn 0.99830000 0.05770000 -0.00000000
vn -0.00000000 -0.00000000 -1.00000000
vn 0.94430000 0.32920000 -0.00000000
vn 0.86590000 0.50030000 -0.00000000
vn -0.86600000 0.50010000 -0.00000000
vn -0.00000000 -0.00000000 -1.00000000
vn -0.72210000 0.69180000 -0.00000000
vn 0.94420000 0.32920000 -0.00000000
vn 0.99830000 0.05770000 -0.00000000
vn 0.94430000 0.32920000 -0.00000000
vn 0.86580000 0.50030000 -0.00000000
vn 0.86620000 0.49980000 -0.00000000
vn -0.86600000 0.50010000 -0.00000000
vn -0.86600000 -0.50000000 -0.00000000
vn 0.86600000 -0.50010000 -0.00000000
vn -0.00000000 -1.00000000 -0.00000000
vn -0.00000000 -0.00000000 -1.00000000
vn 0.23800000 -0.97130000 -0.00000000
vn -0.00000000 -0.00000000 -1.00000000
vn 0.79490000 -0.60670000 -0.00000000
vn 0.86600000 -0.50010000 -0.00000000
vn -0.72220000 0.69170000 -0.00000000
vn -0.00000000 -0.00000000 -1.00000000
vn -0.86600000 0.50010000 -0.00000000
vn -0.13100000 0.99140000 -0.00000000
vn -0.00000000 -0.00000000 -1.00000000
vn -0.00000000 1.00000000 -0.00000000
vn -0.00000000 -1.00000000 -0.00000000
vn 0.86580000 0.50040000 -0.00000000
vn 0.86620000 0.49980000 -0.00000000
vn -0.86600000 0.50010000 -0.00000000
vn -0.00000000 -0.00000000 -1.00000000
vn -0.00000000 -0.00000000 -1.00000000
vn -0.86600000 -0.50000000 -0.00000000
vn -0.96150000 -0.27460000 -0.00000000
vn -0.78260000 -0.62260000 -0.00000000
vn -0.86600000 -0.50000000 -0.00000000
vn 0.75750000 0.65280000 -0.00000000
vn 0.86580000 0.50040000 -0.00000000
vn 0.86580000 0.50040000 -0.00000000
vn -0.00000000 -1.00000000 -0.00000000
vn -0.00000000 -0.00000000 -1.00000000
vn 0.23770000 -0.97130000 -0.00000000
vn -0.00000000 -0.00000000 -1.00000000
vn -0.00000000 -1.00000000 -0.00000000
vn -0.00000000 -0.00000000 -1.00000000
vn 0.75780000 0.65250000 -0.00000000
vn 0.86580000 0.50040000 -0.00000000
vn 0.23780000 -0.97130000 -0.00000000
vn 0.57630000 -0.81720000 -0.00000000
vn -0.00000000 -0.00000000 -1.00000000
vn -0.00000000 1.00000000 -0.00000000
vn 0.25430000 0.96710000 -0.00000000
vn -0.00000000 -0.00000000 -1.00000000
vn -0.00000000 -0.00000000 -1.00000000
vn 0.55010000 0.83510000 -0.00000000
vn 0.25430000 0.96710000 -0.00000000
vn 0.54990000 0.83530000 -0.00000000
vn -0.00000000 -0.00000000 -1.00000000
vn 0.75750000 0.65280000 -0.00000000
vn -0.00000000 -0.00000000 -1.00000000
vn -0.00000000 1.00000000 -0.00000000
vn -0.18730000 0.98230000 -0.00000000
vn -0.00000000 -0.00000000 -1.00000000
vn -0.44960000 0.89320000 -0.00000000
vn -0.18730000 0.98230000 -0.00000000
vn 0.23770000 -0.97130000 -0.00000000
vn -0.00000000 -0.00000000 -1.00000000
vn 0.57630000 -0.81720000 -0.00000000
vn 0.79500000 -0.60660000 -0.00000000
vn 0.57630000 -0.81720000 -0.00000000
vn -0.00000000 -0.00000000 -1.00000000
vn 0.79490000 -0.60680000 -0.00000000
vn 0.57660000 -0.81700000 -0.00000000
vn -0.00000000 -0.00000000 -1.00000000
vn -0.00000000 -0.00000000 -1.00000000
vn -0.45010000 0.89300000 -0.00000000
vn -0.71030000 0.70390000 -0.00000000
vn -0.71040000 0.70380000 -0.00000000
vn -0.00000000 -0.00000000 -1.00000000
vn -0.86600000 0.50010000 -0.00000000
vn 0.79460000 -0.60710000 -0.00000000
vn -0.00000000 -0.00000000 -1.00000000
vn 0.86600000 -0.50010000 -0.00000000
vn -0.00000000 -0.00000000 -1.00000000
vn -0.86600000 0.50010000 -0.00000000
vn -0.94410000 0.32950000 -0.00000000
vn -0.00000000 -0.00000000 -1.00000000
vn 0.86600000 -0.50010000 -0.00000000
vn -0.86600000 -0.50000000 -0.00000000
vn -0.86600000 -0.50000000 -0.00000000
vn -0.00000000 -0.00000000 -1.00000000
vn -0.96470000 -0.26330000 -0.00000000
vn -0.00000000 -0.00000000 -1.00000000
vn -0.99840000 0.05720000 -0.00000000
vn -0.96470000 -0.26330000 -0.00000000
vn -0.94430000 0.32900000 -0.00000000
vn -0.99830000 0.05780000 -0.00000000
vn -0.00000000 -0.00000000 -1.00000000
vn -0.96470000 -0.26340000 -0.00000000
vn -0.86600000 -0.50000000 -0.00000000
vn -0.99840000 0.05720000 -0.00000000
vn -0.96470000 -0.26330000 -0.00000000
vn -0.00000000 -0.00000000 -1.00000000
vn 0.99690000 -0.07910000 -0.00000000
vn 0.93060000 -0.36610000 -0.00000000
vn -0.94430000 0.32920000 -0.00000000
vn -0.99830000 0.05780000 -0.00000000
vn -0.94430000 0.32900000 -0.00000000
vn -0.86600000 0.50010000 -0.00000000
vn 0.93060000 -0.36600000 -0.00000000
vn 0.86600000 -0.50000000 -0.00000000
vn 0.86600000 -0.50000000 -0.00000000
vn -0.00000000 -0.00000000 -1.00000000
vn 0.93060000 -0.36600000 -0.00000000
vn 0.86600000 -0.50000000 -0.00000000
vn 0.71860000 -0.69540000 -0.00000000
vn -0.71040000 0.70380000 -0.00000000
vn -0.86600000 0.50010000 -0.00000000
vn -0.71040000 0.70380000 -0.00000000
vn -0.45010000 0.89300000 -0.00000000
vn -0.18730000 0.98230000 -0.00000000
vn -0.44980000 0.89310000 -0.00000000
vn 0.71860000 -0.69540000 -0.00000000
vn 0.42930000 -0.90320000 -0.00000000
vn 0.14700000 -0.98910000 -0.00000000
vn 0.42930000 -0.90320000 -0.00000000
vn -0.00000000 -1.00000000 -0.00000000
vn 0.14710000 -0.98910000 -0.00000000
vn -0.00000000 -0.00000000 -1.00000000
vn 0.14720000 -0.98910000 -0.00000000
vn -0.00000000 -1.00000000 -0.00000000
vn 0.42930000 -0.90310000 -0.00000000
vn -0.00000000 -0.00000000 -1.00000000
vn 0.14710000 -0.98910000 -0.00000000
vn 0.02200000 -0.05550000 -0.99820000
vn -0.00000000 -0.00000000 -1.00000000
vn 0.02000000 -0.05520000 -0.99830000
vn -0.00000000 -0.00000000 -1.00000000
vn 0.42950000 -0.90310000 -0.00000000
vn -0.00000000 -0.00000000 -1.00000000
vn 0.71860000 -0.69540000 -0.00000000
vn -0.00000000 -0.00000000 -1.00000000
vn 0.03340000 -0.05420000 -0.99800000
vn 0.71860000 -0.69540000 -0.00000000
vn -0.00000000 -0.00000000 -1.00000000
vn 0.86600000 -0.50000000 -0.00000000
vn 0.05620000 -0.01280000 -0.99830000
vn -0.00000000 -0.00000000 -1.00000000
vn -0.00000000 -0.00000000 -1.00000000
vn 0.04890000 -0.04030000 -0.99800000
vn 0.05470000 -0.03280000 -0.99800000
vn -0.00000000 -0.00000000 -1.00000000
vn -0.00000000 -0.00000000 -1.00000000
vn 0.04160000 -0.05070000 -0.99780000
vn 0.05300000 -0.00480000 -0.99860000
vn -0.00000000 -0.00000000 -1.00000000
vn 0.05690000 -0.02580000 -0.99800000
vn -0.00000000 -0.00000000 -1.00000000
vn 0.04330000 -0.04770000 -0.99790000
vn -0.00000000 -0.00000000 -1.00000000
vn 0.04290000 -0.04540000 -0.99800000
vn -0.00000000 -0.00000000 -1.00000000
vn -0.00000000 -0.00000000 -1.00000000
vn 0.05610000 -0.01740000 -0.99830000
vn 0.05530000 -0.01690000 -0.99830000
vn 0.20180000 -0.06670000 -0.97720000
vn 0.20060000 -0.09210000 -0.97530000
vn 0.05670000 -0.01200000 -0.99830000
vn 0.19870000 -0.04410000 -0.97910000
vn 0.20500000 -0.05680000 -0.97710000
vn 0.05140000 -0.00900000 -0.99860000
vn 0.19890000 -0.03070000 -0.97950000
vn 0.36290000 -0.10590000 -0.92580000
vn 0.20470000 -0.07430000 -0.97600000
vn 0.35020000 -0.09500000 -0.93180000
vn 0.35240000 -0.13350000 -0.92630000
vn 0.20570000 -0.05580000 -0.97700000
vn 0.35020000 -0.09500000 -0.93180000
vn 0.34630000 -0.06250000 -0.93610000
vn 0.35790000 -0.07050000 -0.93110000
vn 0.19890000 -0.04320000 -0.97910000
vn 0.47900000 -0.05570000 -0.87610000
vn 0.35060000 -0.03990000 -0.93570000
vn 0.47860000 -0.09450000 -0.87290000
vn 0.35790000 -0.07050000 -0.93110000
vn 0.34630000 -0.06250000 -0.93610000
vn 0.34460000 -0.03580000 -0.93810000
vn 0.34630000 -0.06250000 -0.93610000
vn 0.19660000 -0.03270000 -0.97990000
vn 0.49090000 -0.10350000 -0.86510000
vn 0.35020000 -0.09500000 -0.93180000
vn 0.47860000 -0.09450000 -0.87290000
vn 0.35790000 -0.07050000 -0.93110000
vn 0.48010000 -0.14010000 -0.86590000
vn 0.36290000 -0.10590000 -0.92580000
vn 0.62790000 -0.13290000 -0.76690000
vn 0.48540000 -0.05930000 -0.87230000
vn 0.63330000 -0.07790000 -0.77000000
vn 0.49090000 -0.10350000 -0.86510000
vn 0.47860000 -0.09450000 -0.87290000
vn 0.49400000 -0.15290000 -0.85590000
vn 0.48010000 -0.14010000 -0.86590000
vn 0.47840000 -0.19140000 -0.85700000
vn 0.35240000 -0.13350000 -0.92630000
vn 0.36410000 -0.14570000 -0.91990000
vn 0.36290000 -0.10590000 -0.92580000
vn 0.62790000 -0.13290000 -0.76690000
vn 0.63820000 -0.14120000 -0.75680000
vn 0.49090000 -0.10350000 -0.86510000
vn 0.48010000 -0.14010000 -0.86590000
vn 0.62290000 -0.19280000 -0.75810000
vn 0.49400000 -0.15290000 -0.85590000
vn 0.63590000 -0.20580000 -0.74390000
vn 0.78060000 -0.17270000 -0.60070000
vn 0.62290000 -0.19280000 -0.75810000
vn 0.63820000 -0.14120000 -0.75680000
vn 0.75620000 -0.24410000 -0.60710000
vn 0.63820000 -0.14120000 -0.75680000
vn 0.63760000 -0.08090000 -0.76610000
vn 0.77980000 -0.17290000 -0.60170000
vn 0.78160000 -0.09920000 -0.61580000
vn 0.62790000 -0.13290000 -0.76690000
vn 0.47840000 -0.19140000 -0.85700000
vn 0.62290000 -0.19280000 -0.75810000
vn 0.49400000 -0.15290000 -0.85590000
vn 0.49230000 -0.20610000 -0.84560000
vn 0.63590000 -0.20580000 -0.74390000
vn 0.61500000 -0.25750000 -0.74530000
vn 0.61500000 -0.25750000 -0.74530000
vn 0.75390000 -0.32670000 -0.57000000
vn 0.75520000 -0.24440000 -0.60820000
vn 0.63590000 -0.20580000 -0.74390000
vn 0.62720000 -0.27240000 -0.72970000
vn 0.49230000 -0.20610000 -0.84560000
vn 0.59940000 -0.32510000 -0.73150000
vn 0.47080000 -0.24710000 -0.84690000
vn 0.61500000 -0.25750000 -0.74530000
vn 0.48110000 -0.26100000 -0.83690000
vn 0.62720000 -0.27240000 -0.72970000
vn 0.49230000 -0.20610000 -0.84560000
vn 0.36410000 -0.14570000 -0.91990000
vn 0.35820000 -0.18820000 -0.91450000
vn 0.34820000 -0.17600000 -0.92070000
vn 0.47080000 -0.24710000 -0.84690000
vn 0.47840000 -0.19140000 -0.85700000
vn 0.45080000 -0.30560000 -0.83870000
vn 0.48110000 -0.26100000 -0.83690000
vn 0.34020000 -0.22920000 -0.91200000
vn 0.35820000 -0.18820000 -0.91450000
vn 0.47080000 -0.24710000 -0.84690000
vn 0.34820000 -0.17600000 -0.92070000
vn 0.33550000 -0.22220000 -0.91550000
vn 0.35820000 -0.18820000 -0.91450000
vn 0.19550000 -0.12900000 -0.97220000
vn 0.20500000 -0.10360000 -0.97330000
vn 0.20520000 -0.10290000 -0.97330000
vn 0.36410000 -0.14570000 -0.91990000
vn 0.34820000 -0.17600000 -0.92070000
vn 0.35240000 -0.13350000 -0.92630000
vn 0.20770000 -0.07860000 -0.97500000
vn 0.05680000 -0.02550000 -0.99810000
vn 0.20120000 -0.09270000 -0.97520000
vn 0.19330000 -0.12100000 -0.97370000
vn 0.17730000 -0.15160000 -0.97240000
vn 0.19340000 -0.12160000 -0.97360000
vn 0.05450000 -0.03280000 -0.99800000
vn 0.17800000 -0.15180000 -0.97230000
vn 0.04190000 -0.04970000 -0.99790000
vn 0.15330000 -0.17930000 -0.97180000
vn 0.33670000 -0.22370000 -0.91460000
vn 0.17860000 -0.15420000 -0.97180000
vn 0.30970000 -0.26960000 -0.91180000
vn 0.19560000 -0.12950000 -0.97210000
vn 0.15340000 -0.17620000 -0.97230000
vn 0.31060000 -0.27020000 -0.91130000
vn 0.27230000 -0.31290000 -0.90990000
vn 0.17780000 -0.15480000 -0.97180000
vn 0.31130000 -0.27230000 -0.91050000
vn 0.45730000 -0.31630000 -0.83110000
vn 0.45080000 -0.30560000 -0.83870000
vn 0.41680000 -0.36580000 -0.83210000
vn 0.34140000 -0.23140000 -0.91100000
vn 0.45730000 -0.31630000 -0.83110000
vn 0.45080000 -0.30560000 -0.83870000
vn 0.60860000 -0.33910000 -0.71730000
vn 0.59940000 -0.32510000 -0.73150000
vn 0.48110000 -0.26100000 -0.83690000
vn 0.57130000 -0.39530000 -0.71920000
vn 0.36880000 -0.42030000 -0.82900000
vn 0.27140000 -0.30930000 -0.91140000
vn 0.31130000 -0.27330000 -0.91020000
vn 0.41710000 -0.36680000 -0.83150000
vn 0.57130000 -0.39530000 -0.71920000
vn 0.57670000 -0.40570000 -0.70910000
vn 0.52730000 -0.46590000 -0.71060000
vn 0.45730000 -0.31630000 -0.83110000
vn 0.41720000 -0.36980000 -0.83020000
vn 0.52790000 -0.46680000 -0.70950000
vn 0.46880000 -0.53040000 -0.70630000
vn 0.36720000 -0.41660000 -0.83160000
vn 0.41900000 -0.37020000 -0.82910000
vn 0.52880000 -0.46930000 -0.70720000
vn 0.57670000 -0.40570000 -0.70910000
vn 0.61270000 -0.54470000 -0.57270000
vn 0.64280000 -0.53280000 -0.55040000
vn 0.68390000 -0.48110000 -0.54850000
vn 0.60860000 -0.33910000 -0.71730000
vn 0.70650000 -0.39360000 -0.58820000
vn 0.68390000 -0.48110000 -0.54850000
vn 0.57670000 -0.40570000 -0.70910000
vn 0.71200000 -0.48150000 -0.51110000
vn 0.57130000 -0.39530000 -0.71920000
vn 0.68390000 -0.48110000 -0.54850000
vn -0.00000000 -0.00000000 -1.00000000
vn 0.71200000 -0.48150000 -0.51110000
vn 0.64280000 -0.53280000 -0.55040000
vn -0.00000000 -0.00000000 -1.00000000
vn 0.72110000 -0.38780000 -0.57410000
vn 0.71200000 -0.48150000 -0.51110000
vn 0.70650000 -0.39360000 -0.58820000
vn 0.72110000 -0.38780000 -0.57410000
vn 0.75270000 -0.32690000 -0.57150000
vn 0.59940000 -0.32510000 -0.73150000
vn 0.60860000 -0.33910000 -0.71730000
vn 0.70650000 -0.39360000 -0.58820000
vn 0.62720000 -0.27240000 -0.72970000
vn -0.00000000 -0.00000000 -1.00000000
vn 0.75640000 -0.32640000 -0.56690000
vn 0.72110000 -0.38780000 -0.57410000
vn -0.82670000 0.56260000 -0.00000000
vn -0.91230000 0.40950000 -0.00000000
vn -0.00000000 -0.00000000 -1.00000000
vn -0.91230000 0.40950000 -0.00000000
vn -0.96910000 0.24670000 -0.00000000
vn -0.00000000 -0.00000000 -1.00000000
vn -0.00000000 -0.00000000 -1.00000000
vn 0.75730000 -0.32620000 -0.56580000
vn 0.75880000 -0.24300000 -0.60420000
vn 0.77820000 -0.17340000 -0.60360000
vn -0.00000000 -0.00000000 -1.00000000
vn 0.75960000 -0.24260000 -0.60340000
vn 0.77710000 -0.17390000 -0.60480000
vn 0.78470000 -0.09820000 -0.61200000
vn -0.00000000 -0.00000000 -1.00000000
vn -0.99680000 0.07970000 -0.00000000
vn -0.96910000 0.24670000 -0.00000000
vn -0.00000000 -0.00000000 -1.00000000
vn 0.78560000 -0.09730000 -0.61100000
vn 0.79100000 -0.04420000 -0.61020000
vn 0.82030000 -0.03270000 -0.57100000
vn -0.00000000 -0.00000000 -1.00000000
vn -0.96910000 0.24670000 -0.00000000
vn -0.91230000 0.40950000 -0.00000000
vn -0.00000000 -0.00000000 -1.00000000
vn 0.97560000 -0.21960000 -0.00000000
vn -0.00000000 -0.00000000 -1.00000000
vn 0.93060000 -0.36600000 -0.00000000
vn -0.91230000 0.40950000 -0.00000000
vn -0.82670000 0.56260000 -0.00000000
vn -0.00000000 -0.00000000 -1.00000000
vn -0.00000000 -0.00000000 -1.00000000
vn 0.93060000 -0.36590000 -0.00000000
vn 0.86310000 -0.50500000 -0.00000000
vn -0.00000000 -0.00000000 -1.00000000
vn 0.86310000 -0.50500000 -0.00000000
vn 0.77100000 -0.63690000 -0.00000000
vn -0.00000000 -0.00000000 -1.00000000
vn -0.82670000 0.56260000 -0.00000000
vn -0.70710000 0.70710000 -0.00000000
vn -0.56670000 0.82390000 -0.00000000
vn -0.70710000 0.70710000 -0.00000000
vn -0.00000000 -0.00000000 -1.00000000
vn 0.69990000 -0.71420000 -0.00000000
vn -0.00000000 -0.00000000 -1.00000000
vn 0.77100000 -0.63690000 -0.00000000
vn -0.70710000 0.70710000 -0.00000000
vn -0.82670000 0.56260000 -0.00000000
vn -0.00000000 -0.00000000 -1.00000000
vn 0.61370000 -0.57000000 -0.54630000
vn -0.00000000 -0.00000000 -1.00000000
vn 0.55560000 -0.62680000 -0.54630000
vn 0.61370000 -0.57000000 -0.54630000
vn -0.00000000 -0.00000000 -1.00000000
vn 0.61270000 -0.54470000 -0.57270000
vn 0.64280000 -0.53280000 -0.55040000
vn -0.70710000 0.70710000 -0.00000000
vn -0.56670000 0.82390000 -0.00000000
vn -0.00000000 -0.00000000 -1.00000000
vn -0.41950000 0.90780000 -0.00000000
vn -0.56670000 0.82390000 -0.00000000
vn -0.00000000 -0.00000000 -1.00000000
vn -0.56670000 0.82390000 -0.00000000
vn -0.00000000 -0.00000000 -1.00000000
vn -0.41950000 0.90780000 -0.00000000
vn -0.00000000 -0.00000000 -1.00000000
vn 0.41760000 -0.71680000 -0.55840000
vn 0.47950000 -0.67850000 -0.55650000
vn 0.48010000 -0.67870000 -0.55570000
vn -0.00000000 -0.00000000 -1.00000000
vn 0.55590000 -0.62760000 -0.54510000
vn 0.46780000 -0.52620000 -0.71020000
vn 0.55780000 -0.62740000 -0.54330000
vn 0.40140000 -0.58050000 -0.70850000
vn 0.47720000 -0.67760000 -0.55960000
vn 0.39970000 -0.56820000 -0.71930000
vn 0.52910000 -0.46990000 -0.70650000
vn 0.61370000 -0.57000000 -0.54630000
vn 0.55720000 -0.62760000 -0.54380000
vn 0.61270000 -0.54470000 -0.57270000
vn 0.46770000 -0.52710000 -0.70950000
vn 0.36700000 -0.41540000 -0.83230000
vn 0.46830000 -0.52970000 -0.70720000
vn 0.40140000 -0.58050000 -0.70850000
vn 0.30990000 -0.44820000 -0.83850000
vn 0.31230000 -0.46060000 -0.83080000
vn 0.40140000 -0.58050000 -0.70850000
vn 0.39970000 -0.56820000 -0.71930000
vn 0.33240000 -0.61290000 -0.71690000
vn 0.30990000 -0.44820000 -0.83850000
vn 0.25350000 -0.46730000 -0.84700000
vn 0.25450000 -0.48470000 -0.83680000
vn 0.18270000 -0.36170000 -0.91420000
vn 0.25450000 -0.48470000 -0.83680000
vn 0.22560000 -0.33290000 -0.91560000
vn 0.18130000 -0.34540000 -0.92080000
vn 0.31230000 -0.46060000 -0.83080000
vn 0.30990000 -0.44820000 -0.83850000
vn 0.22620000 -0.33490000 -0.91470000
vn 0.27080000 -0.30860000 -0.91180000
vn 0.31230000 -0.46060000 -0.83080000
vn 0.36780000 -0.41930000 -0.83000000
vn 0.22750000 -0.34160000 -0.91190000
vn 0.18270000 -0.36170000 -0.91420000
vn 0.12590000 -0.19000000 -0.97370000
vn 0.09850000 -0.19690000 -0.97550000
vn 0.27200000 -0.31170000 -0.91040000
vn 0.12620000 -0.19050000 -0.97350000
vn 0.15320000 -0.17610000 -0.97240000
vn 0.22770000 -0.34370000 -0.91100000
vn 0.15340000 -0.17910000 -0.97180000
vn 0.12490000 -0.19950000 -0.97190000
vn 0.03320000 -0.05400000 -0.99800000
vn 0.12520000 -0.19880000 -0.97200000
vn 0.09640000 -0.20980000 -0.97300000
vn 0.02660000 -0.05640000 -0.99810000
vn 0.06970000 -0.21240000 -0.97470000
vn 0.02430000 -0.05750000 -0.99810000
vn 0.09630000 -0.20890000 -0.97320000
vn 0.09940000 -0.19670000 -0.97540000
vn 0.18130000 -0.34540000 -0.92080000
vn 0.18270000 -0.36170000 -0.91420000
vn 0.13930000 -0.36790000 -0.91940000
vn 0.06970000 -0.21240000 -0.97470000
vn 0.07500000 -0.19800000 -0.97730000
vn 0.07500000 -0.19800000 -0.97730000
vn 0.04650000 -0.20940000 -0.97670000
vn 0.06970000 -0.21240000 -0.97470000
vn 0.01280000 -0.05530000 -0.99840000
vn 0.09920000 -0.36550000 -0.92550000
vn 0.07500000 -0.19800000 -0.97730000
vn 0.14000000 -0.34970000 -0.92630000
vn 0.13930000 -0.36790000 -0.91940000
vn 0.05320000 -0.19610000 -0.97910000
vn 0.04650000 -0.20940000 -0.97670000
vn 0.00950000 -0.05480000 -0.99850000
vn -0.00000000 -0.00000000 -1.00000000
vn 0.05320000 -0.19610000 -0.97910000
vn 0.02820000 -0.20330000 -0.97870000
vn 0.01150000 -0.05590000 -0.99840000
vn 0.04650000 -0.20940000 -0.97670000
vn 0.09920000 -0.36550000 -0.92550000
vn 0.03150000 -0.19820000 -0.97970000
vn 0.10160000 -0.34830000 -0.93190000
vn 0.05320000 -0.19610000 -0.97910000
vn 0.06460000 -0.35900000 -0.93110000
vn -0.00000000 -0.00000000 -1.00000000
vn 0.00660000 -0.05390000 -0.99850000
vn 0.01430000 -0.19690000 -0.98030000
vn 0.00320000 -0.05030000 -0.99870000
vn 0.02750000 -0.20230000 -0.97890000
vn 0.00390000 -0.05270000 -0.99860000
vn -0.00000000 -0.00000000 -1.00000000
vn 0.00300000 -0.05100000 -0.99870000
vn -0.00000000 -0.00000000 -1.00000000
vn 0.01390000 -0.19610000 -0.98050000
vn 0.00170000 -0.05050000 -0.99870000
vn 0.00480000 -0.19150000 -0.98150000
vn 0.01690000 -0.19350000 -0.98100000
vn 0.06810000 -0.34570000 -0.93590000
vn 0.03480000 -0.19300000 -0.98060000
vn 0.03600000 -0.35150000 -0.93550000
vn 0.06460000 -0.35900000 -0.93110000
vn 0.01950000 -0.19010000 -0.98160000
vn 0.03680000 -0.34980000 -0.93610000
vn 0.04850000 -0.14740000 -0.98790000
vn -0.04410000 -0.34980000 -0.93580000
vn 0.00480000 -0.19150000 -0.98150000
vn 0.03890000 -0.34420000 -0.93810000
vn 0.05530000 -0.48580000 -0.87230000
vn 0.10060000 -0.47740000 -0.87290000
vn 0.06810000 -0.34570000 -0.93590000
vn 0.09700000 -0.49240000 -0.86490000
vn 0.06460000 -0.35900000 -0.93110000
vn 0.10160000 -0.34830000 -0.93190000
vn 0.14510000 -0.49690000 -0.85560000
vn 0.09700000 -0.49240000 -0.86490000
vn 0.14790000 -0.47780000 -0.86600000
vn 0.06810000 -0.34570000 -0.93590000
vn 0.09700000 -0.49240000 -0.86490000
vn 0.10060000 -0.47740000 -0.87290000
vn 0.14790000 -0.47780000 -0.86600000
vn 0.19770000 -0.63890000 -0.74340000
vn 0.20080000 -0.62040000 -0.75820000
vn 0.13490000 -0.64000000 -0.75650000
vn 0.19770000 -0.63890000 -0.74340000
vn 0.14790000 -0.47780000 -0.86600000
vn 0.26550000 -0.61150000 -0.74540000
vn 0.26430000 -0.63120000 -0.72920000
vn 0.19920000 -0.47580000 -0.85670000
vn 0.14510000 -0.49690000 -0.85560000
vn 0.14510000 -0.49690000 -0.85560000
vn 0.14000000 -0.34970000 -0.92630000
vn 0.09920000 -0.36550000 -0.92550000
vn 0.19920000 -0.47580000 -0.85670000
vn 0.19840000 -0.49590000 -0.84540000
vn 0.10160000 -0.34830000 -0.93190000
vn 0.26430000 -0.63120000 -0.72920000
vn 0.33190000 -0.59560000 -0.73150000
vn 0.33240000 -0.61290000 -0.71690000
vn 0.25350000 -0.46730000 -0.84700000
vn 0.19840000 -0.49590000 -0.84540000
vn 0.19920000 -0.47580000 -0.85670000
vn 0.25350000 -0.46730000 -0.84700000
vn 0.18130000 -0.34540000 -0.92080000
vn 0.13930000 -0.36790000 -0.91940000
vn 0.19840000 -0.49590000 -0.84540000
vn 0.25450000 -0.48470000 -0.83680000
vn 0.14000000 -0.34970000 -0.92630000
vn 0.47650000 -0.67740000 -0.56050000
vn 0.33240000 -0.61290000 -0.71690000
vn 0.33190000 -0.59560000 -0.73150000
vn 0.39440000 -0.70790000 -0.58590000
vn 0.41760000 -0.71680000 -0.55840000
vn 0.39970000 -0.56820000 -0.71930000
vn 0.33190000 -0.59560000 -0.73150000
vn 0.26430000 -0.63120000 -0.72920000
vn 0.34710000 -0.75760000 -0.55280000
vn 0.32170000 -0.74090000 -0.58960000
vn 0.26550000 -0.61150000 -0.74540000
vn 0.39440000 -0.70790000 -0.58590000
vn -0.00000000 -0.00000000 -1.00000000
vn 0.32170000 -0.74090000 -0.58960000
vn 0.27220000 -0.76150000 -0.58820000
vn 0.34710000 -0.75760000 -0.55280000
vn 0.34710000 -0.75760000 -0.55280000
vn -0.00000000 -0.00000000 -1.00000000
vn 0.41760000 -0.71680000 -0.55840000
vn 0.39440000 -0.70790000 -0.58590000
vn 0.27220000 -0.76150000 -0.58820000
vn 0.20080000 -0.62040000 -0.75820000
vn 0.19770000 -0.63890000 -0.74340000
vn 0.32170000 -0.74090000 -0.58960000
vn 0.26550000 -0.61150000 -0.74540000
vn 0.24230000 -0.74880000 -0.61690000
vn 0.20040000 -0.80210000 -0.56260000
vn -0.00000000 -0.00000000 -1.00000000
vn 0.24230000 -0.74880000 -0.61690000
vn 0.27220000 -0.76150000 -0.58820000
vn 0.17090000 -0.77290000 -0.61100000
vn 0.13880000 -0.62640000 -0.76700000
vn 0.24230000 -0.74880000 -0.61690000
vn 0.20080000 -0.62040000 -0.75820000
vn 0.20040000 -0.80210000 -0.56260000
vn 0.13490000 -0.64000000 -0.75650000
vn 0.07970000 -0.63290000 -0.77010000
vn 0.12410000 -0.78260000 -0.61000000
vn 0.09790000 -0.77130000 -0.62890000
vn 0.17090000 -0.77290000 -0.61100000
vn 0.13880000 -0.62640000 -0.76700000
vn 0.13880000 -0.62640000 -0.76700000
vn 0.10060000 -0.47740000 -0.87290000
vn 0.07780000 -0.63840000 -0.76580000
vn 0.13490000 -0.64000000 -0.75650000
vn 0.05730000 -0.47890000 -0.87600000
vn -0.00000000 -0.00000000 -1.00000000
vn 0.17090000 -0.77290000 -0.61100000
vn 0.20040000 -0.80210000 -0.56260000
vn 0.12410000 -0.78260000 -0.61000000
vn -0.00000000 -0.00000000 -1.00000000
vn -0.09730000 0.99530000 -0.00000000
vn -0.25960000 0.96570000 -0.00000000
vn -0.00000000 -0.00000000 -1.00000000
vn -0.25960000 0.96570000 -0.00000000
vn -0.41950000 0.90780000 -0.00000000
vn -0.00000000 -0.00000000 -1.00000000
vn 0.05380000 -0.82840000 -0.55750000
vn 0.12410000 -0.78260000 -0.61000000
vn 0.05560000 -0.81940000 -0.57050000
vn 0.09790000 -0.77130000 -0.62890000
vn 0.05560000 -0.81940000 -0.57050000
vn -0.00000000 -0.00000000 -1.00000000
vn -0.03270000 -0.82030000 -0.57100000
vn 0.03320000 -0.74550000 -0.66570000
vn 0.09790000 -0.77130000 -0.62890000
vn 0.05380000 -0.82840000 -0.55750000
vn 0.08020000 -0.63200000 -0.77080000
vn 0.00090000 -0.63880000 -0.76940000
vn 0.02680000 -0.60250000 -0.79760000
vn 0.05560000 -0.81940000 -0.57050000
vn -0.03270000 -0.82030000 -0.57100000
vn 0.03320000 -0.74550000 -0.66570000
vn 0.05380000 -0.82840000 -0.55750000
vn -0.03320000 -0.74550000 -0.66570000
vn -0.04420000 -0.79100000 -0.61020000
vn -0.09760000 -0.78560000 -0.61100000
vn -0.00000000 -0.00000000 -1.00000000
vn -0.03270000 -0.82030000 -0.57100000
vn -0.04420000 -0.79100000 -0.61020000
vn -0.02830000 -0.63710000 -0.77030000
vn -0.08030000 -0.63670000 -0.76690000
vn -0.09900000 -0.78270000 -0.61450000
vn -0.04420000 -0.79100000 -0.61020000
vn -0.03320000 -0.74550000 -0.66570000
vn 0.03320000 -0.74550000 -0.66570000
vn -0.02830000 -0.63710000 -0.77030000
vn 0.02680000 -0.60250000 -0.79760000
vn -0.03320000 -0.74550000 -0.66570000
vn -0.00800000 -0.60270000 -0.79790000
vn -0.02830000 -0.63710000 -0.77030000
vn -0.03110000 -0.47950000 -0.87700000
vn -0.00800000 -0.60270000 -0.79790000
vn -0.05880000 -0.48360000 -0.87330000
vn -0.07710000 -0.63200000 -0.77110000
vn 0.00090000 -0.63880000 -0.76940000
vn -0.00800000 -0.60270000 -0.79790000
vn 0.02680000 -0.60250000 -0.79760000
vn 0.03720000 -0.44450000 -0.89500000
vn -0.01960000 -0.44500000 -0.89530000
vn -0.03110000 -0.47950000 -0.87700000
vn 0.02130000 -0.48090000 -0.87650000
vn 0.03720000 -0.44450000 -0.89500000
vn -0.01520000 -0.34470000 -0.93860000
vn 0.01520000 -0.29030000 -0.95680000
vn -0.01960000 -0.44500000 -0.89530000
vn 0.03720000 -0.44450000 -0.89500000
vn 0.07820000 -0.63700000 -0.76690000
vn 0.02130000 -0.48090000 -0.87650000
vn 0.00090000 -0.63880000 -0.76940000
vn 0.05820000 -0.47690000 -0.87700000
vn -0.01960000 -0.44500000 -0.89530000
vn -0.03880000 -0.34950000 -0.93610000
vn -0.01520000 -0.34470000 -0.93860000
vn -0.03110000 -0.47950000 -0.87700000
vn -0.05430000 -0.47770000 -0.87680000
vn -0.01690000 -0.19320000 -0.98100000
vn 0.01590000 -0.28960000 -0.95700000
vn -0.02990000 -0.18910000 -0.98150000
vn -0.01520000 -0.34470000 -0.93860000
vn -0.03520000 -0.34330000 -0.93860000
vn -0.05570000 -0.47910000 -0.87600000
vn -0.07050000 -0.35770000 -0.93120000
vn -0.09420000 -0.47840000 -0.87310000
vn -0.06240000 -0.34640000 -0.93600000
vn -0.03990000 -0.35070000 -0.93560000
vn -0.03270000 -0.19630000 -0.98000000
vn -0.03560000 -0.34450000 -0.93810000
vn -0.06240000 -0.34640000 -0.93600000
vn -0.00900000 -0.05140000 -0.99860000
vn -0.03070000 -0.19890000 -0.97950000
vn -0.09500000 -0.35020000 -0.93180000
vn -0.04320000 -0.19900000 -0.97900000
vn -0.07050000 -0.35770000 -0.93120000
vn -0.06240000 -0.34640000 -0.93600000
vn -0.05580000 -0.20570000 -0.97700000
vn -0.00570000 -0.05290000 -0.99860000
vn -0.01600000 -0.19270000 -0.98110000
vn -0.00370000 -0.14750000 -0.98910000
vn -0.02990000 -0.18910000 -0.98150000
vn -0.00320000 -0.05260000 -0.99860000
vn -0.01380000 -0.19060000 -0.98160000
vn -0.00000000 -0.00000000 -1.00000000
vn -0.00480000 -0.05300000 -0.99860000
vn -0.00000000 -1.00000000 -0.00000000
vn -0.00000000 -0.00000000 -1.00000000
vn -0.24280000 -0.97010000 -0.00000000
vn -0.00000000 -0.00000000 -1.00000000
vn -0.01290000 -0.05620000 -0.99830000
vn -0.00000000 -0.00000000 -1.00000000
vn -0.00120000 -0.05150000 -0.99870000
vn 0.04850000 -0.14740000 -0.98790000
vn -0.00370000 -0.14750000 -0.98910000
vn 0.00480000 -0.19150000 -0.98150000
vn -0.00100000 -0.05130000 -0.99870000
vn 0.04850000 -0.14740000 -0.98790000
vn -0.00370000 -0.14750000 -0.98910000
vn -0.04410000 -0.34980000 -0.93580000
vn 0.01370000 -0.29050000 -0.95680000
vn -0.02990000 -0.18910000 -0.98150000
vn -0.04410000 -0.34980000 -0.93580000
vn 0.02130000 -0.48090000 -0.87650000
vn 0.01280000 -0.28930000 -0.95710000
vn 0.05540000 -0.48420000 -0.87320000
vn 0.03890000 -0.34240000 -0.93870000
vn -0.56670000 -0.82390000 -0.00000000
vn -0.24290000 -0.97010000 -0.00000000
vn -0.00000000 -0.00000000 -1.00000000
vn -0.01200000 -0.05670000 -0.99830000
vn -0.05680000 -0.20500000 -0.97710000
vn -0.04410000 -0.19870000 -0.97910000
vn -0.01740000 -0.05610000 -0.99830000
vn -0.00000000 -0.00000000 -1.00000000
vn -0.00000000 -0.00000000 -1.00000000
vn -0.02580000 -0.05690000 -0.99800000
vn -0.07860000 -0.20770000 -0.97500000
vn -0.09210000 -0.20060000 -0.97530000
vn -0.06620000 -0.20150000 -0.97720000
vn -0.01680000 -0.05530000 -0.99830000
vn -0.09270000 -0.20120000 -0.97520000
vn -0.02550000 -0.05680000 -0.99810000
vn -0.12100000 -0.19330000 -0.97370000
vn -0.10600000 -0.36320000 -0.92570000
vn -0.07860000 -0.20770000 -0.97500000
vn -0.06490000 -0.20180000 -0.97730000
vn -0.09500000 -0.35020000 -0.93180000
vn -0.13340000 -0.35230000 -0.92630000
vn -0.10290000 -0.20520000 -0.97330000
vn -0.13340000 -0.35230000 -0.92630000
vn -0.17600000 -0.34820000 -0.92070000
vn -0.14570000 -0.36410000 -0.91990000
vn -0.07860000 -0.20770000 -0.97500000
vn -0.17600000 -0.34820000 -0.92070000
vn -0.12910000 -0.19550000 -0.97220000
vn -0.10360000 -0.20500000 -0.97330000
vn -0.18810000 -0.35810000 -0.91450000
vn -0.22210000 -0.33540000 -0.91550000
vn -0.15280000 -0.49390000 -0.85600000
vn -0.14010000 -0.48010000 -0.86590000
vn -0.13340000 -0.35230000 -0.92630000
vn -0.19140000 -0.47860000 -0.85690000
vn -0.10600000 -0.36320000 -0.92570000
vn -0.14570000 -0.36410000 -0.91990000
vn -0.14570000 -0.36410000 -0.91990000
vn -0.17600000 -0.34820000 -0.92070000
vn -0.24710000 -0.47080000 -0.84690000
vn -0.18810000 -0.35810000 -0.91450000
vn -0.20590000 -0.49180000 -0.84600000
vn -0.19140000 -0.47860000 -0.85690000
vn -0.25750000 -0.61500000 -0.74540000
vn -0.19140000 -0.47860000 -0.85690000
vn -0.19280000 -0.62290000 -0.75810000
vn -0.15280000 -0.49390000 -0.85600000
vn -0.20580000 -0.63590000 -0.74390000
vn -0.20590000 -0.49180000 -0.84600000
vn -0.24710000 -0.47080000 -0.84690000
vn -0.20590000 -0.49180000 -0.84600000
vn -0.27240000 -0.62720000 -0.72970000
vn -0.32510000 -0.59940000 -0.73150000
vn -0.25750000 -0.61500000 -0.74540000
vn -0.26080000 -0.48090000 -0.83710000
vn -0.26080000 -0.48090000 -0.83710000
vn -0.18810000 -0.35810000 -0.91450000
vn -0.24710000 -0.47080000 -0.84690000
vn -0.22920000 -0.34030000 -0.91200000
vn -0.30570000 -0.45100000 -0.83850000
vn -0.15440000 -0.17840000 -0.97180000
vn -0.12960000 -0.19560000 -0.97210000
vn -0.26930000 -0.30950000 -0.91200000
vn -0.22360000 -0.33690000 -0.91460000
vn -0.26080000 -0.48090000 -0.83710000
vn -0.31630000 -0.45750000 -0.83110000
vn -0.32510000 -0.59940000 -0.73150000
vn -0.33910000 -0.60860000 -0.71730000
vn -0.39510000 -0.57150000 -0.71920000
vn -0.30570000 -0.45100000 -0.83850000
vn -0.30570000 -0.45100000 -0.83850000
vn -0.23140000 -0.34150000 -0.91090000
vn -0.36580000 -0.41690000 -0.83210000
vn -0.31630000 -0.45750000 -0.83110000
vn -0.27230000 -0.31120000 -0.91050000
vn -0.31630000 -0.45750000 -0.83110000
vn -0.40590000 -0.57700000 -0.70870000
vn -0.39510000 -0.57150000 -0.71920000
vn -0.36920000 -0.41820000 -0.83000000
vn -0.46600000 -0.52750000 -0.71030000
vn -0.36670000 -0.41720000 -0.83160000
vn -0.27320000 -0.31140000 -0.91020000
vn -0.30920000 -0.27140000 -0.91140000
vn -0.41990000 -0.36840000 -0.82940000
vn -0.17620000 -0.15340000 -0.97230000
vn -0.15470000 -0.17780000 -0.97180000
vn -0.31290000 -0.27230000 -0.90990000
vn -0.27020000 -0.31030000 -0.91140000
vn -0.05400000 -0.03320000 -0.99800000
vn -0.19950000 -0.12490000 -0.97190000
vn -0.17920000 -0.15340000 -0.97180000
vn -0.17930000 -0.15330000 -0.97180000
vn -0.15190000 -0.17770000 -0.97230000
vn -0.04970000 -0.04190000 -0.99790000
vn -0.31170000 -0.27190000 -0.91050000
vn -0.19050000 -0.12620000 -0.97350000
vn -0.34410000 -0.22780000 -0.91090000
vn -0.17610000 -0.15320000 -0.97240000
vn -0.19880000 -0.12520000 -0.97200000
vn -0.20980000 -0.09640000 -0.97300000
vn -0.05630000 -0.02660000 -0.99810000
vn -0.36150000 -0.18270000 -0.91430000
vn -0.34160000 -0.22770000 -0.91190000
vn -0.19000000 -0.12590000 -0.97370000
vn -0.19690000 -0.09850000 -0.97550000
vn -0.30880000 -0.27090000 -0.91170000
vn -0.41950000 -0.36730000 -0.83010000
vn -0.46060000 -0.31210000 -0.83090000
vn -0.33470000 -0.22660000 -0.91470000
vn -0.41670000 -0.36710000 -0.83160000
vn -0.46690000 -0.52790000 -0.70940000
vn -0.53040000 -0.46880000 -0.70630000
vn -0.36990000 -0.41880000 -0.82930000
vn -0.41560000 -0.36730000 -0.83210000
vn -0.46060000 -0.31210000 -0.83090000
vn -0.44830000 -0.30980000 -0.83850000
vn -0.52980000 -0.46820000 -0.70720000
vn -0.58020000 -0.40120000 -0.70880000
vn -0.48470000 -0.25450000 -0.83680000
vn -0.46060000 -0.31210000 -0.83090000
vn -0.33280000 -0.22560000 -0.91560000
vn -0.44830000 -0.30980000 -0.83850000
vn -0.36150000 -0.18270000 -0.91430000
vn -0.34540000 -0.18130000 -0.92080000
vn -0.48470000 -0.25450000 -0.83680000
vn -0.46690000 -0.25330000 -0.84720000
vn -0.58020000 -0.40120000 -0.70880000
vn -0.61290000 -0.33240000 -0.71690000
vn -0.44830000 -0.30980000 -0.83850000
vn -0.56820000 -0.39970000 -0.71930000
vn -0.36150000 -0.18270000 -0.91430000
vn -0.21240000 -0.06970000 -0.97470000
vn -0.36750000 -0.13910000 -0.91960000
vn -0.19670000 -0.09940000 -0.97540000
vn -0.19800000 -0.07500000 -0.97730000
vn -0.34540000 -0.18130000 -0.92080000
vn -0.36750000 -0.13910000 -0.91960000
vn -0.34930000 -0.13980000 -0.92650000
vn -0.34540000 -0.18130000 -0.92080000
vn -0.46690000 -0.25320000 -0.84730000
vn -0.49560000 -0.19830000 -0.84560000
vn -0.48470000 -0.25450000 -0.83680000
vn -0.36750000 -0.13910000 -0.91960000
vn -0.36550000 -0.09920000 -0.92550000
vn -0.34930000 -0.13980000 -0.92650000
vn -0.20940000 -0.04650000 -0.97670000
vn -0.19800000 -0.07500000 -0.97730000
vn -0.19610000 -0.05320000 -0.97910000
vn -0.61290000 -0.33240000 -0.71690000
vn -0.59560000 -0.33190000 -0.73150000
vn -0.47510000 -0.19900000 -0.85710000
vn -0.46690000 -0.25330000 -0.84720000
vn -0.49560000 -0.19830000 -0.84560000
vn -0.63120000 -0.26430000 -0.72920000
vn -0.34930000 -0.13980000 -0.92650000
vn -0.47510000 -0.19900000 -0.85710000
vn -0.49560000 -0.19830000 -0.84560000
vn -0.36550000 -0.09920000 -0.92550000
vn -0.34830000 -0.10160000 -0.93190000
vn -0.49690000 -0.14510000 -0.85560000
vn -0.36550000 -0.09920000 -0.92550000
vn -0.34830000 -0.10160000 -0.93190000
vn -0.19810000 -0.03150000 -0.97970000
vn -0.19610000 -0.05320000 -0.97910000
vn -0.35930000 -0.06470000 -0.93100000
vn -0.47740000 -0.14770000 -0.86620000
vn -0.49260000 -0.09720000 -0.86480000
vn -0.34550000 -0.06810000 -0.93600000
vn -0.34830000 -0.10160000 -0.93190000
vn -0.35930000 -0.06470000 -0.93100000
vn -0.49690000 -0.14510000 -0.85560000
vn -0.61150000 -0.26550000 -0.74540000
vn -0.47740000 -0.14770000 -0.86620000
vn -0.63890000 -0.19780000 -0.74340000
vn -0.49690000 -0.14510000 -0.85560000
vn -0.63120000 -0.26430000 -0.72920000
vn -0.47510000 -0.19900000 -0.85710000
vn -0.61150000 -0.26550000 -0.74540000
vn -0.74090000 -0.32170000 -0.58960000
vn -0.62040000 -0.20080000 -0.75810000
vn -0.76160000 -0.27220000 -0.58820000
vn -0.63890000 -0.19780000 -0.74340000
vn -0.74880000 -0.24230000 -0.61690000
vn -0.70790000 -0.39440000 -0.58590000
vn -0.61150000 -0.26550000 -0.74540000
vn -0.63120000 -0.26430000 -0.72920000
vn -0.74090000 -0.32170000 -0.58960000
vn -0.75760000 -0.34710000 -0.55280000
vn -0.59560000 -0.33190000 -0.73150000
vn -0.63890000 -0.19780000 -0.74340000
vn -0.49260000 -0.09720000 -0.86480000
vn -0.47740000 -0.14770000 -0.86620000
vn -0.64000000 -0.13490000 -0.75650000
vn -0.62040000 -0.20080000 -0.75810000
vn -0.47700000 -0.10060000 -0.87310000
vn -0.77280000 -0.17110000 -0.61110000
vn -0.62620000 -0.13850000 -0.76730000
vn -0.80210000 -0.20060000 -0.56240000
vn -0.74880000 -0.24230000 -0.61690000
vn -0.64000000 -0.13490000 -0.75650000
vn -0.62040000 -0.20080000 -0.75810000
vn -0.34430000 -0.03880000 -0.93810000
vn -0.49260000 -0.09720000 -0.86480000
vn -0.34550000 -0.06810000 -0.93600000
vn -0.47700000 -0.10060000 -0.87310000
vn -0.48580000 -0.05530000 -0.87230000
vn -0.62620000 -0.13850000 -0.76730000
vn -0.64000000 -0.13490000 -0.75650000
vn -0.47880000 -0.05730000 -0.87610000
vn -0.47700000 -0.10060000 -0.87310000
vn -0.63810000 -0.07800000 -0.76600000
vn -0.48060000 -0.02120000 -0.87670000
vn -0.28930000 -0.01280000 -0.95710000
vn -0.34950000 0.04390000 -0.93590000
vn -0.34240000 -0.03890000 -0.93870000
vn -0.48410000 -0.05530000 -0.87330000
vn -0.63700000 -0.07820000 -0.76690000
vn -0.47730000 -0.05840000 -0.87680000
vn -0.48060000 -0.02120000 -0.87670000
vn -0.44460000 -0.03720000 -0.89500000
vn -0.63910000 -0.00070000 -0.76910000
vn -0.63290000 -0.07970000 -0.77010000
vn -0.77280000 -0.17110000 -0.61110000
vn -0.62620000 -0.13850000 -0.76730000
vn -0.78230000 -0.12330000 -0.61060000
vn -0.77130000 -0.09790000 -0.62890000
vn -0.81940000 -0.05560000 -0.57050000
vn -0.82840000 -0.05380000 -0.55750000
vn -0.00000000 -0.00000000 -1.00000000
vn -0.77130000 -0.09790000 -0.62890000
vn -0.78230000 -0.12330000 -0.61060000
vn -0.80210000 -0.20060000 -0.56240000
vn -0.00000000 -0.00000000 -1.00000000
vn -0.77280000 -0.17110000 -0.61110000
vn -0.78230000 -0.12330000 -0.61060000
vn -0.63200000 -0.08020000 -0.77080000
vn -0.74540000 -0.03320000 -0.66580000
vn -0.60250000 -0.02680000 -0.79770000
vn -0.82840000 -0.05380000 -0.55750000
vn -0.77130000 -0.09790000 -0.62890000
vn -0.63910000 -0.00070000 -0.76910000
vn -0.63710000 0.02830000 -0.77030000
vn -0.74540000 0.03320000 -0.66580000
vn -0.60270000 0.00800000 -0.79790000
vn -0.60250000 -0.02680000 -0.79770000
vn -0.74540000 -0.03320000 -0.66580000
vn -0.82840000 -0.05380000 -0.55750000
vn -0.74540000 -0.03320000 -0.66580000
vn -0.81940000 -0.05560000 -0.57050000
vn -0.60250000 -0.02680000 -0.79770000
vn -0.63910000 -0.00070000 -0.76910000
vn -0.44460000 -0.03720000 -0.89500000
vn -0.44460000 -0.03720000 -0.89500000
vn -0.34470000 0.01520000 -0.93860000
vn -0.48060000 -0.02120000 -0.87670000
vn -0.44480000 0.01960000 -0.89540000
vn -0.28930000 -0.01280000 -0.95710000
vn -0.28930000 -0.01580000 -0.95710000
vn -0.47730000 0.05430000 -0.87710000
vn -0.44480000 0.01960000 -0.89540000
vn -0.34950000 0.03890000 -0.93610000
vn -0.34470000 0.01520000 -0.93860000
vn -0.47940000 0.03110000 -0.87700000
vn -0.44480000 0.01960000 -0.89540000
vn -0.60270000 0.00800000 -0.79790000
vn -0.47940000 0.03110000 -0.87700000
vn -0.18910000 0.02990000 -0.98150000
vn -0.28930000 -0.01580000 -0.95710000
vn -0.34470000 0.01520000 -0.93860000
vn -0.34280000 0.03510000 -0.93880000
vn -0.19380000 0.02080000 -0.98080000
vn -0.34950000 0.04390000 -0.93590000
vn -0.28930000 -0.01280000 -0.95710000
vn -0.14740000 -0.04850000 -0.98790000
vn -0.14750000 0.00370000 -0.98910000
vn -0.18910000 0.02990000 -0.98150000
vn -0.28930000 -0.01580000 -0.95710000
vn -0.05130000 0.00090000 -0.99870000
vn -0.14750000 0.00370000 -0.98910000
vn -0.14740000 -0.04850000 -0.98790000
vn -0.19150000 -0.00480000 -0.98150000
vn -0.14750000 0.00370000 -0.98910000
vn -0.19070000 0.01380000 -0.98160000
vn -0.18910000 0.02990000 -0.98150000
vn -0.05260000 0.00320000 -0.99860000
vn -0.19280000 0.01590000 -0.98110000
vn -0.05290000 0.00570000 -0.99860000
vn -0.05140000 0.00900000 -0.99860000
vn -0.19890000 0.03070000 -0.97950000
vn -0.19660000 0.03270000 -0.97990000
vn -0.34450000 0.03580000 -0.93810000
vn -0.34630000 0.06250000 -0.93610000
vn -0.20500000 0.05680000 -0.97710000
vn -0.19870000 0.04410000 -0.97910000
vn -0.05670000 0.01200000 -0.99830000
vn -0.00000000 -0.00000000 -1.00000000
vn -0.05100000 -0.00300000 -0.99870000
vn -0.14740000 -0.04850000 -0.98790000
vn -0.19150000 -0.00480000 -0.98150000
vn -0.34950000 0.04390000 -0.93590000
vn -0.34990000 -0.03680000 -0.93610000
vn -0.19010000 -0.01950000 -0.98160000
vn -0.19670000 -0.01460000 -0.98040000
vn -0.19150000 -0.00480000 -0.98150000
vn -0.05050000 -0.00160000 -0.99870000
vn -0.19680000 -0.01430000 -0.98030000
vn -0.20260000 -0.02800000 -0.97890000
vn -0.05020000 -0.00320000 -0.99870000
vn -0.35930000 -0.06470000 -0.93100000
vn -0.34550000 -0.06810000 -0.93600000
vn -0.19290000 -0.03480000 -0.98060000
vn -0.35130000 -0.03600000 -0.93560000
vn -0.19340000 -0.01690000 -0.98100000
vn -0.05270000 -0.00390000 -0.99860000
vn -0.00000000 -0.00000000 -1.00000000
vn -0.19610000 -0.05320000 -0.97910000
vn -0.20330000 -0.02820000 -0.97870000
vn -0.20940000 -0.04650000 -0.97670000
vn -0.05590000 -0.01120000 -0.99840000
vn -0.05390000 -0.00660000 -0.99850000
vn -0.00000000 -0.00000000 -1.00000000
vn -0.96150000 -0.27500000 -0.00000000
vn -0.86600000 -0.50000000 -0.00000000
vn -0.00000000 -0.00000000 -1.00000000
vn -0.05480000 -0.00950000 -0.99850000
vn -0.00000000 -0.00000000 -1.00000000
vn -0.86600000 -0.50000000 -0.00000000
vn -0.78260000 -0.62260000 -0.00000000
vn -0.00000000 -0.00000000 -1.00000000
vn -0.00000000 -0.00000000 -1.00000000
vn -0.05510000 -0.01990000 -0.99830000
vn -0.21240000 -0.06970000 -0.97470000
vn -0.20940000 -0.04650000 -0.97670000
vn -0.05540000 -0.01280000 -0.99840000
vn -0.19800000 -0.07500000 -0.97730000
vn -0.05760000 -0.02420000 -0.99800000
vn -0.20890000 -0.09630000 -0.97320000
vn -0.21240000 -0.06970000 -0.97470000
vn -0.05560000 -0.02190000 -0.99820000
vn -0.00000000 -0.00000000 -1.00000000
vn -0.00000000 -0.00000000 -1.00000000
vn -0.05420000 -0.03340000 -0.99800000
vn -0.05070000 -0.04160000 -0.99780000
vn -0.00000000 -0.00000000 -1.00000000
vn -0.04770000 -0.04330000 -0.99790000
vn -0.00000000 -0.00000000 -1.00000000
vn -0.00000000 -0.00000000 -1.00000000
vn -0.04610000 -0.04320000 -0.99800000
vn -0.00000000 -0.00000000 -1.00000000
vn -0.04030000 -0.04900000 -0.99800000
vn -0.00000000 -0.00000000 -1.00000000
vn -0.03280000 -0.05470000 -0.99800000
vn -0.12160000 -0.19350000 -0.97350000
vn -0.03290000 -0.05450000 -0.99800000
vn -0.15160000 -0.17740000 -0.97240000
vn -0.56670000 -0.82390000 -0.00000000
vn -0.00000000 -0.00000000 -1.00000000
vn -0.78210000 -0.62310000 -0.00000000
vn -0.56670000 -0.82390000 -0.00000000
vn -0.24290000 -0.97010000 -0.00000000
vn -0.78240000 -0.62270000 -0.00000000
vn -0.56710000 -0.82360000 -0.00000000
vn 0.75760000 0.65270000 -0.00000000
vn 0.54980000 0.83530000 -0.00000000
vn 0.25430000 0.96710000 -0.00000000
vn 0.54990000 0.83520000 -0.00000000
vn -0.00000000 1.00000000 -0.00000000
vn 0.25430000 0.96710000 -0.00000000
vn -0.24280000 -0.97010000 -0.00000000
vn -0.00000000 -1.00000000 -0.00000000
vn -0.18730000 0.98230000 -0.00000000
vn -0.00000000 1.00000000 -0.00000000
vn -0.00000000 -0.00000000 -1.00000000
vn -0.96140000 -0.27530000 -0.00000000
vn -0.99680000 0.07970000 -0.00000000
vn -0.99680000 0.07970000 -0.00000000
vn -0.96130000 -0.27530000 -0.00000000
vn -0.00000000 -0.00000000 -1.00000000
vn -0.81940000 -0.05560000 -0.57050000
vn -0.82030000 0.03240000 -0.57100000
vn -0.00000000 -0.00000000 -1.00000000
vn -0.74540000 0.03320000 -0.66580000
vn -0.82030000 0.03240000 -0.57100000
vn -0.79110000 0.04400000 -0.61010000
vn -0.00000000 -0.00000000 -1.00000000
vn -0.82030000 0.03240000 -0.57100000
vn -0.79110000 0.04400000 -0.61010000
vn -0.78540000 0.09770000 -0.61130000
vn -0.00000000 -0.00000000 -1.00000000
vn 0.99990000 0.01040000 -0.00000000
vn 0.99680000 -0.07970000 -0.00000000
vn 0.99990000 0.01070000 -0.00000000
vn 0.99530000 0.09730000 -0.00000000
vn -0.00000000 -0.00000000 -1.00000000
vn 0.99530000 0.09730000 -0.00000000
vn 0.96570000 0.25960000 -0.00000000
vn -0.00000000 -0.00000000 -1.00000000
vn -0.00000000 -0.00000000 -1.00000000
vn 0.99530000 0.09730000 -0.00000000
vn 0.96570000 0.25960000 -0.00000000
vn 0.99990000 0.01050000 -0.00000000
vn 0.99530000 0.09730000 -0.00000000
vn -0.00000000 -0.00000000 -1.00000000
vn -0.00000000 -0.00000000 -1.00000000
vn 0.96570000 0.25960000 -0.00000000
vn 0.90780000 0.41950000 -0.00000000
vn 0.82390000 0.56670000 -0.00000000
vn -0.00000000 -0.00000000 -1.00000000
vn 0.90780000 0.41950000 -0.00000000
vn -0.74880000 -0.24230000 -0.61690000
vn -0.76160000 -0.27220000 -0.58820000
vn -0.00000000 -0.00000000 -1.00000000
vn -0.80210000 -0.20060000 -0.56240000
vn -0.75760000 -0.34710000 -0.55280000
vn -0.76160000 -0.27220000 -0.58820000
vn -0.74090000 -0.32170000 -0.58960000
vn -0.00000000 -0.00000000 -1.00000000
vn -0.00000000 -0.00000000 -1.00000000
vn 0.90780000 0.41950000 -0.00000000
vn 0.96570000 0.25960000 -0.00000000
vn 0.90780000 0.41950000 -0.00000000
vn 0.82390000 0.56670000 -0.00000000
vn -0.00000000 -0.00000000 -1.00000000
vn -0.97450000 -0.22460000 -0.00000000
vn -0.00000000 -0.00000000 -1.00000000
vn -0.93000000 -0.36760000 -0.00000000
vn -0.86540000 -0.50120000 -0.00000000
vn -0.93000000 -0.36760000 -0.00000000
vn -0.00000000 -0.00000000 -1.00000000
vn -0.00000000 -0.00000000 -1.00000000
vn -0.93000000 -0.36760000 -0.00000000
vn -0.86540000 -0.50120000 -0.00000000
vn -0.86540000 -0.50120000 -0.00000000
vn -0.00000000 -0.00000000 -1.00000000
vn -0.78000000 -0.62580000 -0.00000000
vn -0.00000000 -0.00000000 -1.00000000
vn -0.97450000 -0.22460000 -0.00000000
vn -0.93000000 -0.36760000 -0.00000000
vn -0.97450000 -0.22460000 -0.00000000
vn -0.00000000 -0.00000000 -1.00000000
vn -0.99720000 -0.07500000 -0.00000000
vn 0.63930000 0.22350000 -0.73580000
vn 0.59600000 0.27250000 -0.75530000
vn 0.65380000 0.28470000 -0.70110000
vn -0.00000000 -0.00000000 -1.00000000
vn 0.62040000 0.21190000 -0.75510000
vn 0.63450000 0.15300000 -0.75760000
vn 0.63930000 0.22350000 -0.73580000
vn 0.61180000 0.14290000 -0.77800000
vn -0.00000000 -0.00000000 -1.00000000
vn -0.00000000 -0.00000000 -1.00000000
vn 0.64400000 0.10500000 -0.75780000
vn 0.63450000 0.15300000 -0.75760000
vn 0.64400000 0.10500000 -0.75780000
vn -0.00000000 -0.00000000 -1.00000000
vn 0.70660000 0.08050000 -0.70300000
vn 0.65380000 0.28470000 -0.70110000
vn -0.00000000 -0.00000000 -1.00000000
vn 0.58840000 0.29210000 -0.75390000
vn 0.59600000 0.27250000 -0.75530000
vn 0.90300000 0.41240000 -0.12060000
vn 0.65380000 0.28470000 -0.70110000
vn 0.56930000 0.32770000 -0.75400000
vn 0.58840000 0.29210000 -0.75390000
vn 0.90780000 0.39740000 -0.13390000
vn 0.86270000 0.49600000 -0.09890000
vn 0.59600000 0.27250000 -0.75530000
vn 0.62040000 0.21190000 -0.75510000
vn 0.90300000 0.41240000 -0.12060000
vn 0.93800000 0.32010000 -0.13280000
vn 0.93240000 0.34030000 -0.12150000
vn 0.93600000 0.34170000 -0.08420000
vn 0.90780000 0.39740000 -0.13390000
vn 0.90300000 0.41240000 -0.12060000
vn 0.93240000 0.34030000 -0.12150000
vn 0.91220000 0.40120000 -0.08370000
vn 0.86880000 0.48140000 -0.11560000
vn 0.91290000 0.39970000 -0.08270000
vn 0.87140000 0.48380000 -0.08100000
vn 0.90780000 0.39740000 -0.13390000
vn 0.86270000 0.49600000 -0.09890000
vn 0.83570000 0.53690000 -0.11570000
vn 0.86880000 0.48140000 -0.11560000
vn 0.56930000 0.32770000 -0.75400000
vn 0.86270000 0.49600000 -0.09890000
vn 0.54870000 0.35300000 -0.75790000
vn 0.53770000 0.31860000 -0.78060000
vn 0.80450000 0.58870000 -0.07880000
vn 0.86880000 0.48140000 -0.11560000
vn 0.87200000 0.48290000 -0.07990000
vn 0.80260000 0.58650000 -0.10910000
vn 0.83570000 0.53690000 -0.11570000
vn 0.80490000 0.58370000 -0.10680000
vn 0.72600000 0.68330000 -0.07780000
vn 0.72460000 0.68160000 -0.10160000
vn 0.76840000 0.63000000 -0.11290000
vn 0.73500000 0.66870000 -0.11270000
vn 0.80500000 0.58820000 -0.07810000
vn 0.83570000 0.53690000 -0.11570000
vn 0.53340000 0.38710000 -0.75210000
vn 0.80500000 0.58330000 -0.10830000
vn 0.54700000 0.40260000 -0.73400000
vn 0.54870000 0.35300000 -0.75790000
vn 0.78250000 0.62140000 -0.04060000
vn 0.75580000 0.65360000 -0.04060000
vn 0.72740000 0.68480000 -0.04320000
vn 0.80450000 0.58870000 -0.07880000
vn 0.72590000 0.68340000 -0.07800000
vn 0.80550000 0.59030000 -0.05190000
vn 0.52980000 0.00010000 0.84810000
vn 0.75580000 0.65360000 -0.04060000
vn 0.78250000 0.62140000 -0.04060000
vn 0.72610000 0.68640000 -0.04080000
vn 0.52980000 0.00010000 0.84810000
vn 0.75580000 0.65360000 -0.04060000
vn 0.65760000 0.74930000 -0.07780000
vn 0.65970000 0.75050000 -0.04020000
vn 0.72290000 0.68970000 -0.04070000
vn 0.72600000 0.68330000 -0.07780000
vn 0.66040000 0.75090000 -0.00920000
vn 0.65990000 0.75030000 -0.04010000
vn 0.72180000 0.69100000 -0.03790000
vn 0.60580000 0.79170000 -0.07810000
vn 0.65910000 0.75100000 -0.04040000
vn 0.65750000 0.74940000 -0.07790000
vn 0.60830000 0.79270000 -0.04050000
vn 0.60910000 0.79280000 -0.02250000
vn 0.66110000 0.75020000 -0.01080000
vn 0.65940000 0.75070000 -0.04030000
vn 0.60870000 0.79230000 -0.04050000
vn 0.72620000 0.68310000 -0.07760000
vn 0.72460000 0.68160000 -0.10160000
vn 0.65500000 0.74720000 -0.11260000
vn 0.65770000 0.74930000 -0.07780000
vn 0.66680000 0.73520000 -0.12150000
vn 0.43760000 0.48250000 -0.75870000
vn 0.65500000 0.74720000 -0.11260000
vn 0.39060000 0.53260000 -0.75080000
vn 0.58790000 0.80100000 -0.11320000
vn 0.66680000 0.73520000 -0.12150000
vn 0.66680000 0.73520000 -0.12150000
vn 0.72460000 0.68160000 -0.10160000
vn 0.47570000 0.45590000 -0.75230000
vn 0.73500000 0.66870000 -0.11270000
vn 0.47220000 0.42960000 -0.76970000
vn 0.53850000 0.46520000 -0.70260000
vn 0.43870000 0.48450000 -0.75680000
vn 0.65500000 0.74720000 -0.11260000
vn 0.65720000 0.74970000 -0.07810000
vn 0.60170000 0.78850000 -0.12730000
vn 0.58790000 0.80100000 -0.11320000
vn 0.60570000 0.79180000 -0.07830000
vn 0.60170000 0.78850000 -0.12730000
vn 0.58790000 0.80100000 -0.11320000
vn 0.54940000 0.82820000 -0.11090000
vn 0.38970000 0.53060000 -0.75270000
vn 0.50490000 0.85410000 -0.12530000
vn 0.33510000 0.56650000 -0.75290000
vn 0.55540000 0.83060000 -0.04120000
vn 0.60490000 0.79240000 -0.07880000
vn 0.55260000 0.82970000 -0.07900000
vn 0.60720000 0.79350000 -0.04100000
vn 0.60470000 0.79250000 -0.07880000
vn 0.60170000 0.78850000 -0.12730000
vn 0.55200000 0.83010000 -0.07930000
vn 0.54940000 0.82820000 -0.11090000
vn 0.54940000 0.82820000 -0.11090000
vn 0.55100000 0.83060000 -0.07990000
vn 0.50490000 0.85410000 -0.12530000
vn 0.49380000 0.86150000 -0.11830000
vn 0.49770000 0.86360000 -0.08040000
vn 0.49790000 0.86350000 -0.08010000
vn 0.55150000 0.83040000 -0.07970000
vn 0.50100000 0.86440000 -0.04190000
vn 0.55390000 0.83160000 -0.04170000
vn 0.44150000 0.89350000 -0.08170000
vn 0.44510000 0.89450000 -0.04280000
vn 0.49640000 0.86430000 -0.08110000
vn 0.49900000 0.86550000 -0.04260000
vn 0.55600000 0.83080000 -0.02430000
vn 0.50190000 0.86460000 -0.02430000
vn 0.55440000 0.83120000 -0.04150000
vn 0.50160000 0.86410000 -0.04180000
vn 0.53490000 0.84480000 -0.01490000
vn 0.44560000 0.89420000 -0.04270000
vn 0.44600000 0.89490000 -0.01410000
vn 0.50190000 0.86460000 -0.02430000
vn 0.49970000 0.86520000 -0.04230000
vn 0.44600000 0.89490000 -0.01410000
vn 0.50190000 0.86460000 -0.02430000
vn 0.53000000 -0.00000000 0.84800000
vn 0.53490000 0.84480000 -0.01490000
vn 0.46000000 0.88760000 -0.02300000
vn 0.38830000 0.92130000 -0.02040000
vn 0.38800000 0.92060000 -0.04370000
vn 0.44360000 0.89520000 -0.04330000
vn 0.44600000 0.89490000 -0.01410000
vn 0.46000000 0.88760000 -0.02300000
vn 0.46000000 0.88760000 -0.02300000
vn 0.38740000 0.92170000 -0.02020000
vn 0.52990000 -0.00000000 0.84810000
vn 0.44020000 0.89410000 -0.08250000
vn 0.44260000 0.89570000 -0.04350000
vn 0.38740000 0.92090000 -0.04390000
vn 0.38420000 0.91950000 -0.08310000
vn 0.38520000 0.92260000 -0.01940000
vn 0.38610000 0.92140000 -0.04430000
vn 0.32900000 0.94400000 -0.02330000
vn 0.32880000 0.94330000 -0.04460000
vn 0.38450000 0.92290000 -0.01900000
vn 0.32900000 0.94400000 -0.02330000
vn 0.30550000 0.95200000 -0.01880000
vn 0.52990000 -0.00000000 0.84800000
vn 0.26890000 0.96290000 -0.02390000
vn 0.32680000 0.94400000 -0.04520000
vn 0.32900000 0.94400000 -0.02330000
vn 0.30550000 0.95200000 -0.01880000
vn 0.26870000 0.96220000 -0.04560000
vn 0.38230000 0.92020000 -0.08410000
vn 0.32830000 0.94350000 -0.04480000
vn 0.32520000 0.94180000 -0.08470000
vn 0.38520000 0.92170000 -0.04440000
vn 0.43700000 0.88900000 -0.13660000
vn 0.38390000 0.91960000 -0.08320000
vn 0.38060000 0.91730000 -0.11700000
vn 0.43970000 0.89430000 -0.08280000
vn 0.32340000 0.94240000 -0.08560000
vn 0.32610000 0.94430000 -0.04540000
vn 0.26790000 0.96240000 -0.04580000
vn 0.26530000 0.96030000 -0.08610000
vn 0.32540000 0.93660000 -0.12990000
vn 0.32500000 0.94190000 -0.08470000
vn 0.38190000 0.92030000 -0.08440000
vn 0.38060000 0.91730000 -0.11700000
vn 0.15240000 0.63610000 -0.75640000
vn 0.21520000 0.61790000 -0.75620000
vn 0.32230000 0.93800000 -0.12760000
vn 0.23090000 0.96570000 -0.11860000
vn 0.23090000 0.96570000 -0.11860000
vn 0.26480000 0.96040000 -0.08640000
vn 0.32180000 0.93820000 -0.12720000
vn 0.32330000 0.94240000 -0.08580000
vn 0.26110000 0.95370000 -0.14900000
vn 0.26870000 0.57900000 -0.76980000
vn 0.21520000 0.61790000 -0.75620000
vn 0.41760000 0.90100000 -0.11730000
vn 0.32580000 0.93650000 -0.12980000
vn 0.43700000 0.88900000 -0.13660000
vn 0.38060000 0.91730000 -0.11700000
vn 0.21730000 0.63530000 -0.74100000
vn 0.27310000 0.59730000 -0.75410000
vn 0.21730000 0.63530000 -0.74100000
vn 0.26870000 0.57900000 -0.76980000
vn -0.00000000 -0.00000000 -1.00000000
vn 0.21520000 0.61790000 -0.75620000
vn -0.00000000 -0.00000000 -1.00000000
vn 0.15240000 0.63610000 -0.75640000
vn 0.18100000 0.69550000 -0.69540000
vn 0.21730000 0.63530000 -0.74100000
vn 0.41760000 0.90100000 -0.11730000
vn 0.27310000 0.59730000 -0.75410000
vn 0.33510000 0.56650000 -0.75290000
vn 0.26870000 0.57900000 -0.76980000
vn 0.38040000 0.61420000 -0.69140000
vn 0.31780000 0.57420000 -0.75450000
vn 0.50490000 0.85410000 -0.12530000
vn 0.49380000 0.86150000 -0.11830000
vn 0.44150000 0.89350000 -0.08160000
vn 0.41760000 0.90100000 -0.11730000
vn 0.49380000 0.86150000 -0.11830000
vn 0.49620000 0.86440000 -0.08110000
vn 0.43700000 0.88900000 -0.13660000
vn 0.33510000 0.56650000 -0.75290000
vn -0.00000000 -0.00000000 -1.00000000
vn 0.38040000 0.61420000 -0.69140000
vn 0.39220000 0.53650000 -0.74730000
vn -0.00000000 -0.00000000 -1.00000000
vn 0.31780000 0.57420000 -0.75450000
vn 0.27310000 0.59730000 -0.75410000
vn 0.31780000 0.57420000 -0.75450000
vn 0.38040000 0.61420000 -0.69140000
vn -0.00000000 -0.00000000 -1.00000000
vn -0.50500000 -0.86310000 -0.00000000
vn -0.36590000 -0.93060000 -0.00000000
vn -0.00000000 -0.00000000 -1.00000000
vn -0.00000000 -0.00000000 -1.00000000
vn -0.63690000 -0.77100000 -0.00000000
vn -0.50500000 -0.86310000 -0.00000000
vn -0.71420000 -0.69990000 -0.00000000
vn -0.63690000 -0.77100000 -0.00000000
vn -0.00000000 -0.00000000 -1.00000000
vn -0.36600000 -0.93060000 -0.00000000
vn -0.00000000 -0.00000000 -1.00000000
vn -0.50500000 -0.86310000 -0.00000000
vn -0.63690000 -0.77100000 -0.00000000
vn -0.50500000 -0.86310000 -0.00000000
vn -0.00000000 -0.00000000 -1.00000000
vn -0.00000000 -0.00000000 -1.00000000
vn 0.39300000 0.53810000 -0.74570000
vn 0.44060000 0.48810000 -0.75340000
vn 0.44170000 0.48960000 -0.75180000
vn 0.47570000 0.45590000 -0.75230000
vn -0.00000000 -0.00000000 -1.00000000
vn -0.71420000 -0.69990000 -0.00000000
vn -0.00000000 -0.00000000 -1.00000000
vn -0.78000000 -0.62580000 -0.00000000
vn 0.53850000 0.46520000 -0.70260000
vn -0.00000000 -0.00000000 -1.00000000
vn 0.47570000 0.45590000 -0.75230000
vn 0.47220000 0.42960000 -0.76970000
vn 0.53850000 0.46520000 -0.70260000
vn 0.53340000 0.38710000 -0.75210000
vn 0.54700000 0.40260000 -0.73400000
vn 0.50920000 0.41740000 -0.75260000
vn -0.00000000 -0.00000000 -1.00000000
vn -0.78000000 -0.62580000 -0.00000000
vn -0.00000000 -0.00000000 -1.00000000
vn -0.86540000 -0.50120000 -0.00000000
vn 0.50920000 0.41740000 -0.75260000
vn 0.73500000 0.66870000 -0.11270000
vn 0.47220000 0.42960000 -0.76970000
vn 0.76840000 0.63000000 -0.11290000
vn 0.50920000 0.41740000 -0.75260000
vn 0.80490000 0.58390000 -0.10600000
vn 0.76840000 0.63000000 -0.11290000
vn 0.53340000 0.38710000 -0.75210000
vn 0.54870000 0.35300000 -0.75790000
vn 0.53770000 0.31860000 -0.78060000
vn -0.00000000 -0.00000000 -1.00000000
vn 0.54700000 0.40260000 -0.73400000
vn 0.53770000 0.31860000 -0.78060000
vn 0.58840000 0.29210000 -0.75390000
vn 0.56930000 0.32770000 -0.75400000
vn -0.00000000 -0.00000000 -1.00000000
vn -0.71420000 -0.69990000 -0.00000000
vn -0.00000000 -0.00000000 -1.00000000
vn -0.78000000 -0.62580000 -0.00000000
vn -0.71420000 -0.69990000 -0.00000000
vn -0.63690000 -0.77100000 -0.00000000
vn -0.00000000 -0.00000000 -1.00000000
vn 0.70710000 0.70710000 -0.00000000
vn 0.82390000 0.56670000 -0.00000000
vn -0.00000000 -0.00000000 -1.00000000
vn -0.00000000 -0.00000000 -1.00000000
vn 0.56260000 0.82670000 -0.00000000
vn 0.70710000 0.70710000 -0.00000000
vn 0.82390000 0.56670000 -0.00000000
vn -0.00000000 -0.00000000 -1.00000000
vn 0.70710000 0.70710000 -0.00000000
vn 0.70710000 0.70710000 -0.00000000
vn 0.56260000 0.82670000 -0.00000000
vn -0.00000000 -0.00000000 -1.00000000
vn -0.00000000 -0.00000000 -1.00000000
vn 0.40950000 0.91230000 -0.00000000
vn 0.56260000 0.82670000 -0.00000000
vn -0.48150000 -0.71160000 -0.51170000
vn -0.53300000 -0.64260000 -0.55040000
vn -0.48120000 -0.68410000 -0.54810000
vn -0.00000000 -0.00000000 -1.00000000
vn -0.00000000 -0.00000000 -1.00000000
vn -0.62700000 -0.55570000 -0.54590000
vn -0.56960000 -0.61370000 -0.54670000
vn -0.00000000 -0.00000000 -1.00000000
vn -0.53300000 -0.64260000 -0.55040000
vn -0.54480000 -0.61280000 -0.57240000
vn -0.56960000 -0.61370000 -0.54670000
vn -0.47030000 -0.52900000 -0.70640000
vn -0.54480000 -0.61280000 -0.57240000
vn -0.62760000 -0.55720000 -0.54370000
vn -0.52710000 -0.46760000 -0.70960000
vn -0.56960000 -0.61370000 -0.54670000
vn -0.54480000 -0.61280000 -0.57240000
vn -0.48120000 -0.68410000 -0.54810000
vn -0.46930000 -0.52890000 -0.70720000
vn -0.53300000 -0.64260000 -0.55040000
vn -0.40590000 -0.57700000 -0.70870000
vn -0.33910000 -0.60860000 -0.71730000
vn -0.48120000 -0.68410000 -0.54810000
vn -0.40590000 -0.57700000 -0.70870000
vn -0.39510000 -0.57150000 -0.71920000
vn -0.48150000 -0.71160000 -0.51170000
vn -0.39340000 -0.70610000 -0.58870000
vn -0.39340000 -0.70610000 -0.58870000
vn -0.33910000 -0.60860000 -0.71730000
vn -0.32690000 -0.75270000 -0.57150000
vn -0.32510000 -0.59940000 -0.73150000
vn -0.27240000 -0.62720000 -0.72970000
vn -0.38840000 -0.72080000 -0.57410000
vn -0.39340000 -0.70610000 -0.58870000
vn -0.38840000 -0.72080000 -0.57410000
vn -0.00000000 -0.00000000 -1.00000000
vn -0.48150000 -0.71160000 -0.51170000
vn -0.00000000 -0.00000000 -1.00000000
vn -0.32640000 -0.75640000 -0.56690000
vn -0.38840000 -0.72080000 -0.57410000
vn -0.24280000 -0.75890000 -0.60420000
vn -0.00000000 -0.00000000 -1.00000000
vn -0.32620000 -0.75730000 -0.56580000
vn -0.24440000 -0.75520000 -0.60820000
vn -0.20580000 -0.63590000 -0.74390000
vn -0.27240000 -0.62720000 -0.72970000
vn -0.25750000 -0.61500000 -0.74540000
vn -0.32680000 -0.75380000 -0.57010000
vn 0.24670000 0.96910000 -0.00000000
vn -0.00000000 -0.00000000 -1.00000000
vn 0.40950000 0.91230000 -0.00000000
vn 0.56260000 0.82670000 -0.00000000
vn -0.00000000 -0.00000000 -1.00000000
vn 0.40950000 0.91230000 -0.00000000
vn 0.24670000 0.96910000 -0.00000000
vn -0.00000000 -0.00000000 -1.00000000
vn 0.07970000 0.99680000 -0.00000000
vn -0.17340000 -0.77820000 -0.60360000
vn -0.00000000 -0.00000000 -1.00000000
vn -0.24250000 -0.75990000 -0.60310000
vn -0.00000000 -0.00000000 -1.00000000
vn 0.24670000 0.96910000 -0.00000000
vn 0.40950000 0.91230000 -0.00000000
vn -0.21960000 -0.97560000 -0.00000000
vn -0.00000000 -0.00000000 -1.00000000
vn -0.07180000 -0.99740000 -0.00000000
vn -0.00000000 -0.00000000 -1.00000000
vn -0.21960000 -0.97560000 -0.00000000
vn -0.36590000 -0.93060000 -0.00000000
vn 0.24670000 0.96910000 -0.00000000
vn -0.00000000 -0.00000000 -1.00000000
vn 0.07970000 0.99680000 -0.00000000
vn -0.07180000 -0.99740000 -0.00000000
vn 0.07500000 -0.99720000 -0.00000000
vn -0.00000000 -0.00000000 -1.00000000
vn -0.00000000 -0.00000000 -1.00000000
vn 0.07970000 0.99680000 -0.00000000
vn -0.01040000 0.99990000 -0.00000000
vn -0.00000000 -0.00000000 -1.00000000
vn 0.07970000 0.99680000 -0.00000000
vn -0.01040000 0.99990000 -0.00000000
vn -0.01040000 0.99990000 -0.00000000
vn -0.00000000 -0.00000000 -1.00000000
vn -0.09730000 0.99530000 -0.00000000
vn -0.00000000 -0.00000000 -1.00000000
vn -0.09730000 0.99530000 -0.00000000
vn -0.01040000 0.99990000 -0.00000000
vn -0.00000000 -0.00000000 -1.00000000
vn 0.22460000 -0.97450000 -0.00000000
vn 0.07500000 -0.99720000 -0.00000000
vn -0.00000000 -0.00000000 -1.00000000
vn -0.09730000 0.99530000 -0.00000000
vn -0.25960000 0.96570000 -0.00000000
vn -0.41950000 0.90780000 -0.00000000
vn -0.00000000 -0.00000000 -1.00000000
vn -0.25960000 0.96570000 -0.00000000
vn -0.00000000 -0.00000000 -1.00000000
vn 0.36760000 -0.93000000 -0.00000000
vn 0.22460000 -0.97450000 -0.00000000
vn 0.36760000 -0.93000000 -0.00000000
vn -0.00000000 -0.00000000 -1.00000000
vn 0.22460000 -0.97450000 -0.00000000
vn 0.07500000 -0.99720000 -0.00000000
vn 0.22460000 -0.97450000 -0.00000000
vn -0.00000000 -0.00000000 -1.00000000
vn 0.36760000 -0.93000000 -0.00000000
vn -0.00000000 -0.00000000 -1.00000000
vn 0.50120000 -0.86540000 -0.00000000
vn 0.50120000 -0.86540000 -0.00000000
vn 0.36760000 -0.93000000 -0.00000000
vn -0.00000000 -0.00000000 -1.00000000
vn 0.50120000 -0.86540000 -0.00000000
vn 0.62580000 -0.78000000 -0.00000000
vn -0.00000000 -0.00000000 -1.00000000
vn 0.62580000 -0.78000000 -0.00000000
vn -0.00000000 -0.00000000 -1.00000000
vn 0.69990000 -0.71430000 -0.00000000
vn -0.00000000 -0.00000000 -1.00000000
vn 0.62580000 -0.78000000 -0.00000000
vn 0.50120000 -0.86540000 -0.00000000
vn -0.33490000 0.56510000 -0.75400000
vn -0.00000000 -0.00000000 -1.00000000
vn -0.40280000 0.54710000 -0.73380000
vn -0.32060000 0.54890000 -0.77200000
vn -0.00000000 -0.00000000 -1.00000000
vn 0.62580000 -0.78000000 -0.00000000
vn 0.69990000 -0.71420000 -0.00000000
vn -0.00000000 -0.00000000 -1.00000000
vn -0.33490000 0.56510000 -0.75400000
vn -0.29180000 0.58790000 -0.75450000
vn -0.00000000 -0.00000000 -1.00000000
vn -0.43980000 0.49090000 -0.75210000
vn -0.38710000 0.53350000 -0.75200000
vn -0.40280000 0.54710000 -0.73380000
vn -0.46510000 0.53860000 -0.70250000
vn -0.58380000 0.80460000 -0.10830000
vn -0.66370000 0.74080000 -0.10350000
vn -0.60860000 0.78710000 -0.10010000
vn -0.43980000 0.49090000 -0.75210000
vn -0.38710000 0.53350000 -0.75200000
vn -0.32060000 0.54890000 -0.77200000
vn -0.55540000 0.82540000 -0.10090000
vn -0.50090000 0.85870000 -0.10810000
vn -0.38710000 0.53350000 -0.75200000
vn -0.58380000 0.80460000 -0.10830000
vn -0.40280000 0.54710000 -0.73380000
vn -0.46510000 0.53860000 -0.70250000
vn -0.00000000 -0.00000000 -1.00000000
vn -0.45580000 0.47500000 -0.75280000
vn -0.46510000 0.53860000 -0.70250000
vn -0.43980000 0.49090000 -0.75210000
vn -0.66100000 0.74300000 -0.10500000
vn -0.45580000 0.47500000 -0.75280000
vn -0.73750000 0.66870000 -0.09460000
vn -0.48440000 0.43900000 -0.75670000
vn -0.73750000 0.66870000 -0.09460000
vn -0.48300000 0.43820000 -0.75810000
vn -0.80170000 0.58890000 -0.10230000
vn -0.79370000 0.60080000 -0.09510000
vn -0.72000000 0.68540000 -0.10830000
vn -0.53240000 0.39050000 -0.75100000
vn -0.66040000 0.74350000 -0.10530000
vn -0.72000000 0.68540000 -0.10830000
vn -0.72340000 0.68860000 -0.05110000
vn -0.73750000 0.66870000 -0.09460000
vn -0.66320000 0.74670000 -0.05120000
vn -0.60860000 0.78710000 -0.10010000
vn -0.66310000 0.74130000 -0.10390000
vn -0.61180000 0.78930000 -0.05150000
vn -0.66320000 0.74670000 -0.05130000
vn -0.48800000 0.44100000 -0.75320000
vn -0.53800000 0.39300000 -0.74570000
vn -0.00000000 -0.00000000 -1.00000000
vn -0.00000000 -0.00000000 -1.00000000
vn -0.48940000 0.44170000 -0.75190000
vn -0.45580000 0.47500000 -0.75280000
vn 0.69990000 -0.71420000 -0.00000000
vn 0.77100000 -0.63690000 -0.00000000
vn -0.00000000 -0.00000000 -1.00000000
vn 0.77100000 -0.63690000 -0.00000000
vn -0.00000000 -0.00000000 -1.00000000
vn 0.86310000 -0.50500000 -0.00000000
vn -0.00000000 -0.00000000 -1.00000000
vn 0.86310000 -0.50500000 -0.00000000
vn 0.93060000 -0.36590000 -0.00000000
vn -0.54970000 0.36100000 -0.75330000
vn -0.53600000 0.39200000 -0.74770000
vn -0.00000000 -0.00000000 -1.00000000
vn -0.56340000 0.33220000 -0.75640000
vn -0.61450000 0.38090000 -0.69080000
vn -0.61450000 0.38090000 -0.69080000
vn -0.00000000 -0.00000000 -1.00000000
vn -0.57460000 0.31790000 -0.75420000
vn -0.57460000 0.31790000 -0.75420000
vn -0.59750000 0.27330000 -0.75390000
vn -0.00000000 -0.00000000 -1.00000000
vn -0.61450000 0.38090000 -0.69080000
vn -0.57460000 0.31790000 -0.75420000
vn -0.57940000 0.26890000 -0.76940000
vn -0.59750000 0.27330000 -0.75390000
vn -0.90160000 0.41780000 -0.11170000
vn -0.86170000 0.49770000 -0.09930000
vn -0.56340000 0.33220000 -0.75640000
vn -0.83110000 0.54650000 -0.10330000
vn -0.80170000 0.58890000 -0.10230000
vn -0.79550000 0.60370000 -0.05200000
vn -0.86540000 0.49830000 -0.05270000
vn -0.85790000 0.50350000 -0.10260000
vn -0.79370000 0.60080000 -0.09510000
vn -0.90800000 0.41550000 -0.05450000
vn -0.90200000 0.41710000 -0.11130000
vn -0.86430000 0.50010000 -0.05430000
vn -0.86230000 0.49670000 -0.09870000
vn -0.63500000 0.21740000 -0.74130000
vn -0.57940000 0.26890000 -0.76940000
vn -0.93920000 0.32670000 -0.10610000
vn -0.90330000 0.41460000 -0.11030000
vn -0.61800000 0.21530000 -0.75610000
vn -0.54970000 0.36100000 -0.75330000
vn -0.83110000 0.54650000 -0.10330000
vn -0.85690000 0.50500000 -0.10340000
vn -0.56340000 0.33220000 -0.75640000
vn -0.57940000 0.26890000 -0.76940000
vn -0.63500000 0.21740000 -0.74130000
vn -0.59750000 0.27330000 -0.75390000
vn -0.00000000 -0.00000000 -1.00000000
vn 0.97560000 -0.21960000 -0.00000000
vn 0.93060000 -0.36600000 -0.00000000
vn -0.00000000 -0.00000000 -1.00000000
vn -0.63500000 0.21740000 -0.74130000
vn -0.63640000 0.15250000 -0.75610000
vn -0.69610000 0.18140000 -0.69470000
vn -0.61800000 0.21530000 -0.75610000
vn -0.00000000 -0.00000000 -1.00000000
vn -0.94820000 0.29810000 -0.10950000
vn -0.63640000 0.15250000 -0.75610000
vn -0.61800000 0.21530000 -0.75610000
vn -0.96600000 0.23120000 -0.11550000
vn -0.92620000 0.35620000 -0.12380000
vn -0.93920000 0.32670000 -0.10610000
vn -0.63920000 0.13250000 -0.75750000
vn -0.69610000 0.18140000 -0.69470000
vn -0.00000000 -0.00000000 -1.00000000
vn -0.63920000 0.13250000 -0.75750000
vn -0.64770000 0.08500000 -0.75710000
vn -0.00000000 -0.00000000 -1.00000000
vn -0.96570000 0.23230000 -0.11580000
vn -0.95180000 0.30140000 -0.05760000
vn -0.94820000 0.29810000 -0.10950000
vn -0.96920000 0.23950000 -0.05790000
vn -0.90690000 0.41760000 -0.05530000
vn -0.92620000 0.35620000 -0.12380000
vn -0.93920000 0.32670000 -0.10610000
vn -0.93190000 0.35850000 -0.05570000
vn -0.90380000 0.41350000 -0.11000000
vn -0.94820000 0.29810000 -0.10950000
vn -0.92620000 0.35620000 -0.12380000
vn -0.95240000 0.29950000 -0.05680000
vn -0.93110000 0.36030000 -0.05640000
vn -0.93170000 0.35890000 -0.05590000
vn -0.90670000 0.42120000 -0.02270000
vn -0.93220000 0.36130000 -0.02290000
vn -0.90660000 0.41840000 -0.05550000
vn -0.93090000 0.36080000 -0.05650000
vn -0.95280000 0.30280000 -0.02350000
vn -0.95220000 0.30000000 -0.05710000
vn -0.93120000 0.36380000 -0.02340000
vn -0.93190000 0.36190000 -0.02300000
vn -0.90890000 0.41680000 -0.01180000
vn -0.95280000 0.30280000 -0.02350000
vn -0.94030000 0.34020000 -0.01080000
vn -0.92950000 0.36850000 -0.01400000
vn -0.96980000 0.24270000 -0.02430000
vn -0.95210000 0.30490000 -0.02390000
vn -0.95150000 0.30210000 -0.05760000
vn -0.96900000 0.24020000 -0.05820000
vn -0.96860000 0.24150000 -0.05870000
vn -0.97760000 0.17830000 -0.11190000
vn -0.98200000 0.17920000 -0.05900000
vn -0.96400000 0.23810000 -0.11860000
vn -0.95190000 0.30570000 -0.01850000
vn -0.96980000 0.24270000 -0.02420000
vn -0.96840000 0.24230000 -0.05880000
vn -0.98200000 0.17960000 -0.05910000
vn -0.96930000 0.24470000 -0.02460000
vn -0.98310000 0.18150000 -0.02480000
vn -0.96400000 0.26560000 -0.01310000
vn -0.96970000 0.24420000 -0.01100000
vn -0.98300000 0.18170000 -0.02480000
vn -0.99110000 0.11880000 -0.06000000
vn -0.99240000 0.12040000 -0.02540000
vn -0.98160000 0.18130000 -0.05970000
vn -0.98270000 0.18340000 -0.02520000
vn -0.99740000 0.03870000 -0.06040000
vn -0.99560000 0.06150000 -0.07030000
vn -0.99100000 0.11990000 -0.06030000
vn -0.99220000 0.12170000 -0.02560000
vn -0.99790000 0.04440000 -0.04610000
vn -0.99820000 0.05320000 -0.02640000
vn -0.99240000 0.12070000 -0.02550000
vn -0.98290000 0.18360000 -0.01130000
vn 0.52930000 -0.00010000 0.84840000
vn -0.98150000 0.19090000 -0.01260000
vn -0.99270000 0.12020000 -0.01280000
vn -0.99820000 0.05600000 -0.01970000
vn -0.99260000 0.12100000 -0.01180000
vn -0.98240000 0.18610000 -0.01220000
vn 0.53030000 -0.00030000 0.84780000
vn -0.96400000 0.26560000 -0.01310000
vn -0.99920000 0.03850000 -0.01080000
vn 0.53060000 -0.00150000 0.84760000
vn -0.99940000 -0.03400000 -0.01080000
vn -0.96940000 0.24540000 -0.01060000
vn -0.95200000 0.30580000 -0.01270000
vn 0.53240000 -0.00070000 0.84650000
vn -0.94030000 0.34020000 -0.01080000
vn -0.96400000 0.26560000 -0.01310000
vn -0.91040000 0.41360000 -0.01060000
vn -0.94030000 0.34020000 -0.01080000
vn 0.53260000 -0.00070000 0.84640000
vn -0.93110000 0.36470000 -0.01220000
vn 0.52840000 -0.00000000 0.84900000
vn -0.99920000 0.03850000 -0.01080000
vn -0.99820000 0.05820000 -0.01370000
vn -0.99320000 0.11540000 -0.01240000
vn -0.99870000 0.04880000 -0.01740000
vn -0.99920000 0.03850000 -0.01080000
vn -0.99940000 -0.03400000 -0.01080000
vn -0.99930000 -0.03330000 -0.01860000
vn -0.99850000 -0.05230000 -0.01320000
vn -0.99940000 -0.03400000 -0.01080000
vn -0.99430000 -0.10630000 -0.01240000
vn -0.99510000 -0.09770000 -0.01320000
vn 0.52950000 0.00030000 0.84830000
vn -0.99850000 -0.05230000 -0.01320000
vn -0.99920000 -0.03470000 -0.01920000
vn -0.99850000 -0.05230000 -0.01320000
vn -0.99500000 -0.09770000 -0.01950000
vn -0.99910000 -0.03540000 -0.02500000
vn -0.99840000 -0.05170000 -0.02260000
vn -0.99870000 0.04740000 -0.02040000
vn -0.99890000 -0.03270000 -0.03210000
vn -0.99840000 -0.05170000 -0.02260000
vn -0.99860000 0.04470000 -0.02710000
vn -0.99850000 0.04490000 -0.03210000
vn -0.99890000 -0.03270000 -0.03210000
vn -0.99790000 0.04440000 -0.04610000
vn -0.99840000 -0.03260000 -0.04650000
vn -0.86220000 0.50640000 -0.01450000
vn -0.87390000 0.48610000 -0.01120000
vn -0.90770000 0.41900000 -0.02200000
vn -0.89200000 0.45200000 -0.01120000
vn -0.84260000 0.53840000 -0.01070000
vn -0.87390000 0.48610000 -0.01120000
vn -0.86360000 0.50410000 -0.01340000
vn 0.52990000 -0.00000000 0.84810000
vn -0.89200000 0.45200000 -0.01120000
vn 0.53040000 -0.00000000 0.84770000
vn -0.87390000 0.48610000 -0.01120000
vn -0.84260000 0.53840000 -0.01070000
vn -0.82040000 0.57170000 -0.01060000
vn -0.86470000 0.50180000 -0.02150000
vn -0.79480000 0.60670000 -0.01280000
vn -0.79470000 0.60660000 -0.02100000
vn -0.86370000 0.50350000 -0.02190000
vn -0.90770000 0.41900000 -0.02230000
vn -0.90760000 0.41630000 -0.05480000
vn -0.86390000 0.50070000 -0.05410000
vn -0.79510000 0.60620000 -0.02080000
vn -0.79530000 0.60400000 -0.05220000
vn -0.86500000 0.50130000 -0.02110000
vn -0.86520000 0.49860000 -0.05310000
vn -0.79600000 0.60490000 -0.02030000
vn -0.79610000 0.60300000 -0.05140000
vn -0.72300000 0.68900000 -0.05130000
vn -0.72380000 0.68980000 -0.02020000
vn -0.78880000 0.61460000 -0.01150000
vn -0.79580000 0.60520000 -0.02040000
vn -0.72450000 0.68920000 -0.01220000
vn -0.73460000 0.67840000 -0.01020000
vn -0.67750000 0.73540000 -0.00960000
vn -0.66290000 0.74860000 -0.01310000
vn -0.72390000 0.68960000 -0.02020000
vn -0.73460000 0.67840000 -0.01020000
vn -0.72360000 0.69010000 -0.01190000
vn -0.67750000 0.73540000 -0.00960000
vn 0.53000000 -0.00010000 0.84800000
vn -0.78660000 0.61740000 -0.01100000
vn 0.52940000 -0.00000000 0.84840000
vn -0.73460000 0.67840000 -0.01020000
vn -0.79280000 0.60940000 -0.01240000
vn -0.82040000 0.57170000 -0.01060000
vn 0.52900000 -0.00000000 0.84860000
vn -0.82040000 0.57170000 -0.01060000
vn -0.84260000 0.53840000 -0.01070000
vn 0.52980000 -0.00000000 0.84810000
vn -0.83160000 -0.55530000 -0.01070000
vn -0.85210000 -0.52320000 -0.01070000
vn 0.52990000 -0.00000000 0.84810000
vn -0.09250000 0.99560000 -0.01710000
vn 0.52960000 0.00010000 0.84820000
vn -0.02750000 0.99940000 -0.02070000
vn -0.83160000 -0.55530000 -0.01070000
vn -0.79620000 -0.60490000 -0.01050000
vn -0.80960000 -0.58690000 -0.01310000
vn 0.52960000 0.00010000 0.84820000
vn -0.85210000 -0.52320000 -0.01070000
vn 0.52990000 -0.00000000 0.84800000
vn -0.87690000 -0.48050000 -0.01290000
vn -0.15510000 0.98770000 -0.01870000
vn 0.52950000 0.00020000 0.84830000
vn -0.16850000 0.98560000 -0.01540000
vn -0.09160000 0.99560000 -0.01750000
vn -0.16850000 0.98560000 -0.01540000
vn -0.24570000 0.96920000 -0.01430000
vn 0.52970000 0.00010000 0.84820000
vn -0.21660000 0.97610000 -0.01880000
vn 0.53000000 -0.00010000 0.84800000
vn -0.24570000 0.96920000 -0.01430000
vn -0.33490000 0.94220000 -0.01320000
vn -0.27800000 0.96040000 -0.01770000
vn -0.39760000 0.91740000 -0.01450000
vn -0.32670000 0.94500000 -0.01560000
vn 0.53040000 -0.00020000 0.84780000
vn -0.50900000 0.86060000 -0.01400000
vn -0.54500000 0.83830000 -0.01340000
vn 0.52970000 -0.00000000 0.84820000
vn -0.56300000 0.82640000 -0.00880000
vn -0.47070000 0.88220000 -0.01160000
vn 0.52950000 0.00010000 0.84830000
vn -0.54500000 0.83830000 -0.01340000
vn -0.61450000 0.78890000 -0.01070000
vn 0.53020000 -0.00010000 0.84790000
vn -0.67750000 0.73540000 -0.00960000
vn -0.66540000 0.74640000 -0.01130000
vn -0.61360000 0.78960000 -0.01090000
vn -0.47070000 0.88220000 -0.01160000
vn -0.40030000 0.91630000 -0.01380000
vn 0.53030000 -0.00020000 0.84780000
vn -0.45360000 0.89110000 -0.01430000
vn -0.45120000 0.89220000 -0.02180000
vn -0.39950000 0.91660000 -0.01480000
vn -0.47070000 0.88220000 -0.01160000
vn -0.50670000 0.86190000 -0.02110000
vn -0.45430000 0.89070000 -0.01460000
vn -0.56060000 0.82780000 -0.02050000
vn -0.50900000 0.86060000 -0.01770000
vn -0.50610000 0.86220000 -0.02190000
vn -0.45280000 0.89130000 -0.02200000
vn -0.45000000 0.89140000 -0.05390000
vn -0.50370000 0.86220000 -0.05360000
vn -0.56050000 0.82790000 -0.02110000
vn -0.55810000 0.82810000 -0.05280000
vn -0.50820000 0.86100000 -0.02140000
vn -0.50550000 0.86120000 -0.05290000
vn -0.55540000 0.82540000 -0.10090000
vn -0.61090000 0.79000000 -0.05190000
vn -0.60860000 0.78710000 -0.10010000
vn -0.58380000 0.80460000 -0.10830000
vn -0.55910000 0.82740000 -0.05230000
vn -0.55750000 0.82850000 -0.05280000
vn -0.50100000 0.85870000 -0.10810000
vn -0.55540000 0.82540000 -0.10090000
vn -0.50500000 0.86150000 -0.05310000
vn -0.61130000 0.78970000 -0.05180000
vn -0.56190000 0.82700000 -0.02090000
vn -0.55950000 0.82720000 -0.05200000
vn -0.61310000 0.78970000 -0.02070000
vn -0.54500000 0.83830000 -0.01340000
vn -0.61360000 0.78930000 -0.02060000
vn -0.56020000 0.82830000 -0.01030000
vn -0.66330000 0.74660000 -0.05130000
vn -0.61430000 0.78880000 -0.02040000
vn -0.61240000 0.78880000 -0.05130000
vn -0.66430000 0.74720000 -0.02040000
vn -0.61420000 0.78910000 -0.01070000
vn -0.66430000 0.74720000 -0.02010000
vn -0.66440000 0.74710000 -0.02040000
vn -0.66360000 0.74640000 -0.05110000
vn -0.72310000 0.68890000 -0.05120000
vn -0.72380000 0.68970000 -0.02020000
vn -0.79370000 0.60080000 -0.09510000
vn -0.72000000 0.68540000 -0.10830000
vn -0.79630000 0.60280000 -0.05130000
vn -0.72330000 0.68870000 -0.05110000
vn -0.50100000 0.85870000 -0.10810000
vn -0.50330000 0.86250000 -0.05380000
vn -0.44950000 0.89170000 -0.05400000
vn -0.44550000 0.88920000 -0.10430000
vn -0.44800000 0.89240000 -0.05460000
vn -0.45060000 0.89250000 -0.02250000
vn -0.39280000 0.91800000 -0.05500000
vn -0.39570000 0.91810000 -0.02270000
vn -0.27250000 0.59640000 -0.75500000
vn -0.32060000 0.54890000 -0.77200000
vn -0.28450000 0.65380000 -0.70120000
vn -0.29180000 0.58790000 -0.75450000
vn -0.41280000 0.90480000 -0.10490000
vn -0.38740000 0.91400000 -0.12050000
vn -0.44550000 0.88920000 -0.10430000
vn -0.50090000 0.85870000 -0.10810000
vn -0.33490000 0.56510000 -0.75400000
vn -0.39210000 0.91830000 -0.05540000
vn -0.44550000 0.88920000 -0.10430000
vn -0.38740000 0.91400000 -0.12050000
vn -0.44720000 0.89280000 -0.05490000
vn -0.39080000 0.91880000 -0.05580000
vn -0.39330000 0.91910000 -0.02320000
vn -0.33700000 0.94120000 -0.02340000
vn -0.33420000 0.94080000 -0.05630000
vn -0.41280000 0.90480000 -0.10490000
vn -0.38740000 0.91400000 -0.12050000
vn -0.33000000 0.93740000 -0.11150000
vn -0.33340000 0.94110000 -0.05630000
vn -0.38970000 0.91920000 -0.05610000
vn -0.27430000 0.95990000 -0.05750000
vn -0.33470000 0.94200000 -0.02380000
vn -0.33220000 0.94150000 -0.05680000
vn -0.27700000 0.96060000 -0.02400000
vn -0.32800000 0.93800000 -0.11230000
vn -0.41280000 0.90480000 -0.10490000
vn -0.27250000 0.59640000 -0.75500000
vn -0.21190000 0.62040000 -0.75510000
vn -0.27070000 0.95640000 -0.10930000
vn -0.33160000 0.94170000 -0.05720000
vn -0.32220000 0.93970000 -0.11470000
vn -0.27390000 0.96000000 -0.05760000
vn -0.14280000 0.61170000 -0.77810000
vn -0.22570000 0.96760000 -0.11360000
vn -0.21190000 0.62040000 -0.75510000
vn -0.22380000 0.64010000 -0.73500000
vn -0.20990000 0.97010000 -0.12200000
vn -0.27070000 0.95640000 -0.10930000
vn -0.32060000 0.94020000 -0.11540000
vn -0.21300000 0.97530000 -0.05870000
vn -0.27190000 0.96060000 -0.05820000
vn -0.20990000 0.97010000 -0.12200000
vn -0.27070000 0.95640000 -0.10930000
vn -0.21360000 0.97520000 -0.05850000
vn -0.27470000 0.96120000 -0.02450000
vn -0.27250000 0.96040000 -0.05810000
vn -0.21590000 0.97610000 -0.02460000
vn -0.16850000 0.98560000 -0.01540000
vn -0.15420000 0.98790000 -0.01910000
vn -0.21470000 0.97640000 -0.02460000
vn -0.27530000 0.96110000 -0.02360000
vn -0.24570000 0.96920000 -0.01430000
vn -0.21830000 0.97570000 -0.01970000
vn -0.21390000 0.97650000 -0.02500000
vn -0.21180000 0.97550000 -0.05910000
vn -0.15450000 0.98770000 -0.02520000
vn -0.15260000 0.98650000 -0.05940000
vn -0.09160000 0.99560000 -0.01720000
vn -0.15310000 0.98790000 -0.02490000
vn -0.22570000 0.96760000 -0.11360000
vn -0.14980000 0.98200000 -0.11470000
vn -0.21120000 0.97570000 -0.05920000
vn -0.20990000 0.97010000 -0.12200000
vn -0.15200000 0.98660000 -0.05950000
vn -0.15100000 0.98670000 -0.05990000
vn -0.09260000 0.99540000 -0.02560000
vn -0.15290000 0.98790000 -0.02550000
vn -0.09110000 0.99400000 -0.06030000
vn -0.02690000 0.99940000 -0.02110000
vn -0.04210000 0.99880000 -0.02590000
vn -0.09160000 0.99550000 -0.02550000
vn -0.09040000 0.99410000 -0.06050000
vn -0.03030000 0.99770000 -0.06070000
vn -0.04210000 0.99880000 -0.02590000
vn -0.03040000 0.99890000 -0.03490000
vn -0.09130000 0.99550000 -0.02590000
vn -0.09060000 0.99410000 -0.06040000
vn -0.14980000 0.98200000 -0.11470000
vn -0.15050000 0.98680000 -0.06010000
vn -0.12970000 0.98410000 -0.12150000
vn -0.08950000 0.98940000 -0.11410000
vn -0.02740000 0.65090000 -0.75870000
vn -0.05580000 0.99130000 -0.11900000
vn -0.12970000 0.98410000 -0.12150000
vn -0.04140000 0.99060000 -0.13020000
vn -0.08530000 0.64620000 -0.75830000
vn -0.08950000 0.98940000 -0.11410000
vn -0.08530000 0.64620000 -0.75830000
vn -0.12970000 0.98410000 -0.12150000
vn -0.14980000 0.98200000 -0.11470000
vn -0.22570000 0.96760000 -0.11360000
vn -0.14280000 0.61170000 -0.77810000
vn -0.15300000 0.63480000 -0.75740000
vn -0.10490000 0.64400000 -0.75780000
vn -0.08040000 0.70670000 -0.70300000
vn -0.08950000 0.98940000 -0.11410000
vn -0.05580000 0.99130000 -0.11900000
vn -0.02960000 0.99480000 -0.09710000
vn -0.03030000 0.99770000 -0.06070000
vn -0.09000000 0.99410000 -0.06060000
vn -0.02970000 0.99640000 -0.07930000
vn -0.04590000 0.99740000 -0.05570000
vn -0.04590000 0.99740000 -0.05570000
vn 0.02590000 0.99850000 -0.04840000
vn -0.02970000 0.99640000 -0.07930000
vn 0.02580000 0.99650000 -0.07930000
vn 0.05680000 0.99680000 -0.05560000
vn 0.02580000 0.99650000 -0.07930000
vn 0.03990000 0.99450000 -0.09710000
vn -0.02970000 0.99640000 -0.07930000
vn -0.02960000 0.99480000 -0.09710000
vn -0.03030000 0.99770000 -0.06070000
vn -0.04590000 0.99740000 -0.05570000
vn 0.02620000 0.99900000 -0.03520000
vn -0.03040000 0.99890000 -0.03490000
vn 0.05680000 0.99680000 -0.05560000
vn 0.02550000 0.99560000 -0.09050000
vn -0.05580000 0.99130000 -0.11900000
vn -0.02960000 0.99480000 -0.09710000
vn 0.02540000 0.99110000 -0.13030000
vn 0.03990000 0.99450000 -0.09710000
vn -0.04140000 0.99060000 -0.13020000
vn 0.02590000 0.99850000 -0.04840000
vn 0.03990000 0.99450000 -0.09710000
vn 0.08130000 0.99260000 -0.09010000
vn 0.08190000 0.99550000 -0.04840000
vn 0.02580000 0.99650000 -0.07930000
vn 0.02550000 0.99560000 -0.09050000
vn 0.02540000 0.99110000 -0.13030000
vn 0.02550000 0.99560000 -0.09050000
vn 0.04290000 0.98940000 -0.13850000
vn 0.08040000 0.98880000 -0.12590000
vn 0.08070000 0.99260000 -0.09040000
vn -0.02740000 0.65080000 -0.75870000
vn 0.02540000 0.99110000 -0.13030000
vn 0.04290000 0.98940000 -0.13850000
vn -0.04140000 0.99060000 -0.13020000
vn 0.02830000 0.65030000 -0.75910000
vn 0.02840000 0.65080000 -0.75870000
vn -0.02720000 0.65110000 -0.75850000
vn 0.02830000 0.65090000 -0.75870000
vn 0.13970000 0.98060000 -0.13780000
vn 0.04290000 0.98940000 -0.13850000
vn 0.02600000 0.66400000 -0.74730000
vn 0.08040000 0.98880000 -0.12590000
vn 0.08570000 0.63080000 -0.77120000
vn 0.08570000 0.63080000 -0.77120000
vn -0.00000000 -0.00000000 -1.00000000
vn 0.08490000 0.64770000 -0.75710000
vn 0.02600000 0.66400000 -0.74730000
vn 0.02600000 0.66400000 -0.74730000
vn -0.00000000 -0.00000000 -1.00000000
vn -0.02720000 0.65100000 -0.75860000
vn 0.02830000 0.65130000 -0.75830000
vn 0.13330000 0.98210000 -0.13300000
vn 0.08490000 0.64770000 -0.75710000
vn 0.26110000 0.95370000 -0.14900000
vn 0.20170000 0.97160000 -0.12400000
vn 0.13240000 0.63890000 -0.75780000
vn 0.15240000 0.63610000 -0.75640000
vn 0.08570000 0.63080000 -0.77120000
vn 0.23090000 0.96570000 -0.11860000
vn 0.18100000 0.69550000 -0.69540000
vn 0.14140000 0.98590000 -0.08980000
vn 0.14060000 0.98030000 -0.13860000
vn 0.08160000 0.99260000 -0.09020000
vn 0.08040000 0.98880000 -0.12590000
vn 0.13370000 0.98210000 -0.13280000
vn 0.14270000 0.98580000 -0.08890000
vn 0.20170000 0.97160000 -0.12400000
vn 0.20250000 0.97530000 -0.08850000
vn 0.14370000 0.98850000 -0.04790000
vn 0.08160000 0.99260000 -0.09000000
vn 0.08280000 0.99540000 -0.04810000
vn 0.14190000 0.98580000 -0.08950000
vn 0.20480000 0.97770000 -0.04720000
vn 0.14320000 0.98570000 -0.08880000
vn 0.20270000 0.97520000 -0.08850000
vn 0.14490000 0.98830000 -0.04750000
vn 0.20170000 0.97160000 -0.12400000
vn 0.20400000 0.97500000 -0.08770000
vn 0.26110000 0.95370000 -0.14900000
vn 0.26300000 0.96080000 -0.08730000
vn 0.26610000 0.96280000 -0.04630000
vn 0.26350000 0.96070000 -0.08710000
vn 0.20420000 0.97500000 -0.08770000
vn 0.20660000 0.97730000 -0.04680000
vn 0.14540000 0.98820000 -0.04740000
vn 0.22140000 0.97490000 -0.02310000
vn 0.14560000 0.98910000 -0.02240000
vn 0.20750000 0.97810000 -0.01900000
vn 0.20550000 0.97750000 -0.04710000
vn 0.26890000 0.96290000 -0.02390000
vn 0.20750000 0.97810000 -0.01900000
vn 0.26660000 0.96270000 -0.04620000
vn 0.20730000 0.97720000 -0.04650000
vn 0.22140000 0.97490000 -0.02310000
vn 0.26890000 0.96290000 -0.02390000
vn 0.30550000 0.95200000 -0.01880000
vn 0.20750000 0.97810000 -0.01900000
vn 0.52990000 -0.00000000 0.84810000
vn 0.22140000 0.97490000 -0.02310000
vn 0.52980000 -0.00000000 0.84810000
vn 0.14400000 0.98930000 -0.02210000
vn 0.14130000 0.98970000 -0.02160000
vn 0.08320000 0.99540000 -0.04800000
vn 0.14400000 0.98840000 -0.04780000
vn 0.08330000 0.99620000 -0.02360000
vn 0.05950000 0.99800000 -0.02080000
vn 0.53000000 -0.00000000 0.84800000
vn 0.08330000 0.99620000 -0.02360000
vn 0.13990000 0.98990000 -0.02130000
vn 0.02620000 0.99940000 -0.02310000
vn 0.00860000 0.99970000 -0.02220000
vn 0.53000000 -0.00000000 0.84800000
vn 0.05950000 0.99800000 -0.02080000
vn 0.02590000 0.99850000 -0.04840000
vn 0.08260000 0.99540000 -0.04830000
vn 0.08330000 0.99620000 -0.02360000
vn 0.05950000 0.99800000 -0.02080000
vn 0.02630000 0.99910000 -0.03390000
vn 0.05680000 0.99680000 -0.05560000
vn -0.04210000 0.99880000 -0.02590000
vn 0.02620000 0.99920000 -0.02910000
vn -0.02380000 0.99950000 -0.02220000
vn -0.03040000 0.99890000 -0.03490000
vn 0.00860000 0.99970000 -0.02220000
vn -0.00000000 -0.00000000 -1.00000000
vn 0.13240000 0.63890000 -0.75780000
vn 0.08490000 0.64770000 -0.75710000
vn -0.00000000 -0.00000000 -1.00000000
vn 0.18100000 0.69550000 -0.69540000
vn 0.13240000 0.63890000 -0.75780000
vn -0.00000000 -0.00000000 -1.00000000
vn -0.21960000 -0.97560000 -0.00000000
vn -0.36590000 -0.93060000 -0.00000000
vn -0.21960000 -0.97560000 -0.00000000
vn -0.00000000 -0.00000000 -1.00000000
vn -0.07180000 -0.99740000 -0.00000000
vn -0.00000000 -0.00000000 -1.00000000
vn 0.07500000 -0.99720000 -0.00000000
vn -0.07180000 -0.99740000 -0.00000000
vn -0.00000000 -0.00000000 -1.00000000
vn -0.08040000 0.70670000 -0.70300000
vn -0.02710000 0.65130000 -0.75840000
vn -0.08530000 0.64620000 -0.75830000
vn -0.10490000 0.64400000 -0.75780000
vn -0.08040000 0.70670000 -0.70300000
vn -0.00000000 -0.00000000 -1.00000000
vn -0.15300000 0.63480000 -0.75740000
vn -0.00000000 -0.00000000 -1.00000000
vn -0.10490000 0.64400000 -0.75780000
vn -0.00000000 -0.00000000 -1.00000000
vn -0.14280000 0.61170000 -0.77810000
vn -0.22380000 0.64010000 -0.73500000
vn -0.15300000 0.63480000 -0.75740000
vn -0.00000000 -0.00000000 -1.00000000
vn -0.22380000 0.64010000 -0.73500000
vn -0.28450000 0.65380000 -0.70120000
vn -0.21190000 0.62040000 -0.75510000
vn -0.27250000 0.59640000 -0.75500000
vn -0.28450000 0.65380000 -0.70120000
vn -0.29180000 0.58790000 -0.75450000
vn -0.00000000 -0.00000000 -1.00000000
vn -0.27540000 0.96110000 -0.01930000
vn -0.33550000 0.94180000 -0.02320000
vn -0.39410000 0.91880000 -0.02240000
vn -0.33330000 0.94280000 -0.01130000
vn -0.88050000 -0.47390000 -0.01190000
vn -0.91420000 -0.40500000 -0.01080000
vn 0.53110000 -0.00000000 0.84730000
vn -0.91420000 -0.40500000 -0.01080000
vn -0.91760000 -0.39680000 -0.02280000
vn -0.87880000 -0.47700000 -0.01370000
vn -0.91420000 -0.40500000 -0.01080000
vn -0.91680000 -0.39930000 -0.01140000
vn 0.53140000 -0.00000000 0.84710000
vn -0.94300000 -0.33250000 -0.01200000
vn -0.79620000 -0.60490000 -0.01050000
vn 0.52950000 0.00020000 0.84830000
vn -0.77080000 -0.63690000 -0.01050000
vn -0.74460000 -0.66750000 -0.00970000
vn -0.75100000 -0.66020000 -0.01060000
vn 0.52940000 0.00020000 0.84840000
vn -0.77080000 -0.63690000 -0.01050000
vn -0.70660000 -0.70750000 -0.01120000
vn -0.68980000 -0.72400000 -0.00950000
vn 0.52940000 0.00030000 0.84840000
vn -0.74460000 -0.66750000 -0.00970000
vn -0.83110000 0.54650000 -0.10330000
vn -0.53040000 0.38980000 -0.75280000
vn -0.80170000 0.58890000 -0.10230000
vn -0.54970000 0.36100000 -0.75330000
vn -0.17270000 -0.78050000 -0.60080000
vn -0.14110000 -0.63830000 -0.75680000
vn -0.24390000 -0.75620000 -0.60720000
vn -0.20580000 -0.63590000 -0.74390000
vn -0.19280000 -0.62290000 -0.75810000
vn -0.09930000 -0.78210000 -0.61520000
vn -0.08100000 -0.63800000 -0.76580000
vn -0.13230000 -0.62750000 -0.76730000
vn -0.14110000 -0.63830000 -0.75680000
vn -0.17280000 -0.77990000 -0.60150000
vn -0.09790000 -0.78490000 -0.61190000
vn -0.17380000 -0.77760000 -0.60430000
vn -0.00000000 -0.00000000 -1.00000000
vn -0.09420000 -0.47840000 -0.87310000
vn -0.05920000 -0.48540000 -0.87230000
vn -0.13230000 -0.62750000 -0.76730000
vn -0.07790000 -0.63330000 -0.77000000
vn -0.10350000 -0.49090000 -0.86510000
vn -0.15280000 -0.49390000 -0.85600000
vn -0.14110000 -0.63830000 -0.75680000
vn -0.13230000 -0.62750000 -0.76730000
vn -0.19280000 -0.62290000 -0.75810000
vn -0.10350000 -0.49090000 -0.86510000
vn -0.14010000 -0.48010000 -0.86590000
vn -0.09420000 -0.47840000 -0.87310000
vn -0.09500000 -0.35020000 -0.93180000
vn -0.10600000 -0.36320000 -0.92570000
vn -0.07050000 -0.35770000 -0.93120000
vn -0.14010000 -0.48010000 -0.86590000
vn -0.10350000 -0.49090000 -0.86510000
vn -0.67750000 -0.47720000 -0.55970000
vn -0.62740000 -0.55780000 -0.54330000
vn -0.58020000 -0.40120000 -0.70880000
vn -0.52610000 -0.46740000 -0.71050000
vn -0.56820000 -0.39970000 -0.71930000
vn -0.67880000 -0.48050000 -0.55530000
vn -0.62770000 -0.55580000 -0.54510000
vn -0.00000000 -0.00000000 -1.00000000
vn -0.67840000 -0.47960000 -0.55650000
vn -0.00000000 -0.00000000 -1.00000000
vn -0.71680000 -0.41760000 -0.55840000
vn -0.71680000 -0.41760000 -0.55840000
vn -0.75760000 -0.34710000 -0.55280000
vn -0.00000000 -0.00000000 -1.00000000
vn -0.70790000 -0.39440000 -0.58590000
vn -0.70790000 -0.39440000 -0.58590000
vn -0.61290000 -0.33240000 -0.71690000
vn -0.59560000 -0.33190000 -0.73150000
vn -0.56820000 -0.39970000 -0.71930000
vn -0.71680000 -0.41760000 -0.55840000
vn -0.67740000 -0.47650000 -0.56050000
vn 0.52990000 -0.00000000 0.84800000
vn 0.55600000 0.83080000 -0.02430000
vn 0.53490000 0.84480000 -0.01490000
vn 0.60080000 0.79930000 -0.01420000
vn 0.55600000 0.83080000 -0.02430000
vn 0.59960000 0.80010000 -0.01910000
vn 0.55600000 0.83020000 -0.04080000
vn 0.60760000 0.79320000 -0.04080000
vn 0.60740000 0.79410000 -0.02220000
vn 0.52990000 -0.00000000 0.84800000
vn 0.66380000 0.74770000 -0.01850000
vn 0.66160000 0.74980000 -0.00900000
vn 0.52990000 -0.00000000 0.84810000
vn 0.72180000 0.69110000 -0.03760000
vn -0.00000000 -0.00000000 -1.00000000
vn -0.99740000 0.07180000 -0.00000000
vn -0.99720000 -0.07500000 -0.00000000
vn -0.99720000 -0.07500000 -0.00000000
vn -0.00000000 -0.00000000 -1.00000000
vn -0.97450000 -0.22460000 -0.00000000
vn -0.99720000 -0.07500000 -0.00000000
vn -0.99740000 0.07180000 -0.00000000
vn -0.00000000 -0.00000000 -1.00000000
vn -0.00000000 -0.00000000 -1.00000000
vn -0.99740000 0.07180000 -0.00000000
vn -0.97560000 0.21960000 -0.00000000
vn -0.00000000 -0.00000000 -1.00000000
vn 0.99680000 -0.07970000 -0.00000000
vn 0.96910000 -0.24670000 -0.00000000
vn 0.99990000 0.01050000 -0.00000000
vn -0.00000000 -0.00000000 -1.00000000
vn 0.99680000 -0.07970000 -0.00000000
vn -0.97560000 0.21960000 -0.00000000
vn -0.00000000 -0.00000000 -1.00000000
vn -0.99740000 0.07180000 -0.00000000
vn -0.00000000 -0.00000000 -1.00000000
vn -0.97560000 0.21960000 -0.00000000
vn -0.93060000 0.36590000 -0.00000000
vn 0.63880000 -0.13250000 -0.75790000
vn -0.00000000 -0.00000000 -1.00000000
vn 0.64740000 -0.08490000 -0.75740000
vn 0.66350000 -0.02610000 -0.74770000
vn 0.65100000 -0.02830000 -0.75860000
vn -0.00000000 -0.00000000 -1.00000000
vn 0.65080000 0.02720000 -0.75880000
vn -0.00000000 -0.00000000 -1.00000000
vn 0.64740000 -0.08490000 -0.75740000
vn 0.66350000 -0.02610000 -0.74770000
vn 0.63130000 -0.08570000 -0.77080000
vn 0.98260000 -0.12870000 -0.13400000
vn 0.66350000 -0.02610000 -0.74770000
vn 0.63130000 -0.08570000 -0.77080000
vn 0.99120000 -0.04290000 -0.12490000
vn 0.65090000 -0.02830000 -0.75870000
vn 0.98170000 -0.13320000 -0.13640000
vn 0.69610000 -0.18140000 -0.69470000
vn 0.95850000 -0.24790000 -0.14040000
vn 0.63880000 -0.13250000 -0.75790000
vn 0.96490000 -0.23070000 -0.12540000
vn 0.64740000 -0.08490000 -0.75740000
vn 0.63130000 -0.08570000 -0.77080000
vn 0.97440000 -0.18840000 -0.12270000
vn 0.63570000 -0.15220000 -0.75680000
vn -0.00000000 -0.00000000 -1.00000000
vn 0.69610000 -0.18140000 -0.69470000
vn 0.63880000 -0.13250000 -0.75790000
vn 0.69610000 -0.18140000 -0.69470000
vn 0.61780000 -0.21530000 -0.75630000
vn 0.63500000 -0.21740000 -0.74130000
vn -0.00000000 -0.00000000 -1.00000000
vn 0.63570000 -0.15220000 -0.75680000
vn 0.59750000 -0.27330000 -0.75390000
vn 0.63500000 -0.21740000 -0.74130000
vn 0.57970000 -0.26910000 -0.76910000
vn -0.00000000 -0.00000000 -1.00000000
vn 0.57430000 -0.31780000 -0.75450000
vn -0.00000000 -0.00000000 -1.00000000
vn 0.59750000 -0.27330000 -0.75390000
vn 0.61460000 -0.38090000 -0.69080000
vn 0.56650000 -0.33510000 -0.75290000
vn 0.85570000 -0.50560000 -0.11060000
vn 0.59750000 -0.27330000 -0.75390000
vn 0.57430000 -0.31780000 -0.75450000
vn 0.57970000 -0.26910000 -0.76910000
vn 0.90030000 -0.41730000 -0.12380000
vn -0.86310000 0.50500000 -0.00000000
vn -0.93060000 0.36600000 -0.00000000
vn -0.00000000 -0.00000000 -1.00000000
vn -0.97560000 0.21960000 -0.00000000
vn -0.00000000 -0.00000000 -1.00000000
vn -0.93060000 0.36590000 -0.00000000
vn 0.61460000 -0.38090000 -0.69080000
vn 0.57430000 -0.31780000 -0.75450000
vn -0.00000000 -0.00000000 -1.00000000
vn -0.00000000 -0.00000000 -1.00000000
vn -0.86310000 0.50500000 -0.00000000
vn -0.77100000 0.63690000 -0.00000000
vn -0.86310000 0.50500000 -0.00000000
vn -0.00000000 -0.00000000 -1.00000000
vn -0.93060000 0.36600000 -0.00000000
vn -0.86310000 0.50500000 -0.00000000
vn -0.00000000 -0.00000000 -1.00000000
vn -0.77100000 0.63690000 -0.00000000
vn -0.69990000 0.71420000 -0.00000000
vn -0.00000000 -0.00000000 -1.00000000
vn -0.77100000 0.63690000 -0.00000000
vn -0.00000000 -0.00000000 -1.00000000
vn 0.45580000 -0.47550000 -0.75240000
vn 0.48950000 -0.44180000 -0.75180000
vn -0.62580000 0.78000000 -0.00000000
vn -0.69990000 0.71420000 -0.00000000
vn -0.00000000 -0.00000000 -1.00000000
vn 0.48800000 -0.44090000 -0.75330000
vn 0.53400000 -0.39650000 -0.74680000
vn 0.52160000 -0.38100000 -0.76340000
vn -0.00000000 -0.00000000 -1.00000000
vn 0.56650000 -0.33510000 -0.75290000
vn -0.00000000 -0.00000000 -1.00000000
vn 0.54700000 -0.36520000 -0.75320000
vn 0.52160000 -0.38100000 -0.76340000
vn 0.61460000 -0.38090000 -0.69080000
vn 0.82650000 -0.55110000 -0.11490000
vn 0.79960000 -0.59330000 -0.09280000
vn 0.53400000 -0.39650000 -0.74680000
vn 0.78500000 -0.60890000 -0.11450000
vn 0.52160000 -0.38100000 -0.76340000
vn 0.54700000 -0.36520000 -0.75320000
vn 0.71520000 -0.68670000 -0.13030000
vn 0.79960000 -0.59330000 -0.09280000
vn 0.53400000 -0.39650000 -0.74680000
vn 0.48290000 -0.43800000 -0.75820000
vn 0.73680000 -0.66800000 -0.10460000
vn 0.48440000 -0.43890000 -0.75680000
vn 0.45580000 -0.47550000 -0.75240000
vn 0.46490000 -0.53810000 -0.70300000
vn 0.43980000 -0.49080000 -0.75210000
vn 0.73680000 -0.66800000 -0.10460000
vn 0.66230000 -0.73990000 -0.11800000
vn 0.45580000 -0.47550000 -0.75240000
vn -0.00000000 -0.00000000 -1.00000000
vn 0.46490000 -0.53810000 -0.70300000
vn 0.46490000 -0.53810000 -0.70300000
vn 0.43980000 -0.49080000 -0.75210000
vn 0.38730000 -0.53360000 -0.75190000
vn -0.00000000 -0.00000000 -1.00000000
vn 0.40280000 -0.54710000 -0.73380000
vn 0.66240000 -0.73980000 -0.11790000
vn 0.43980000 -0.49080000 -0.75210000
vn 0.58270000 -0.80320000 -0.12410000
vn 0.38730000 -0.53360000 -0.75190000
vn 0.61040000 -0.78450000 -0.10970000
vn -0.00000000 -0.00000000 -1.00000000
vn 0.40280000 -0.54710000 -0.73380000
vn 0.33510000 -0.56540000 -0.75370000
vn 0.32050000 -0.54890000 -0.77200000
vn -0.62580000 0.78000000 -0.00000000
vn -0.00000000 -0.00000000 -1.00000000
vn -0.50120000 0.86540000 -0.00000000
vn 0.29200000 -0.58820000 -0.75420000
vn -0.00000000 -0.00000000 -1.00000000
vn 0.33510000 -0.56540000 -0.75370000
vn 0.29200000 -0.58820000 -0.75420000
vn -0.00000000 -0.00000000 -1.00000000
vn 0.28460000 -0.65380000 -0.70110000
vn 0.85560000 -0.50570000 -0.11050000
vn 0.56650000 -0.33510000 -0.75290000
vn 0.82650000 -0.55110000 -0.11490000
vn 0.54700000 -0.36520000 -0.75320000
vn 0.91230000 -0.40950000 -0.00000000
vn 0.96910000 -0.24670000 -0.00000000
vn -0.00000000 -0.00000000 -1.00000000
vn 0.05290000 -0.00570000 -0.99860000
vn 0.19280000 -0.01600000 -0.98110000
vn 0.99690000 -0.07910000 -0.00000000
vn -0.00000000 -0.00000000 -1.00000000
vn 0.93060000 -0.36610000 -0.00000000
vn -0.00000000 -0.00000000 -1.00000000
vn 0.99680000 -0.07960000 -0.00000000
vn 0.96140000 0.27530000 -0.00000000
vn -0.00000000 -0.00000000 -1.00000000
vn 0.99690000 -0.07910000 -0.00000000
vn 0.96130000 0.27530000 -0.00000000
vn -0.00000000 -0.00000000 -1.00000000
vn 0.05270000 0.00390000 -0.99860000
vn 0.05390000 0.00660000 -0.99850000
vn -0.00000000 -0.00000000 -1.00000000
vn -0.86600000 -0.50000000 -0.00000000
vn -0.00000000 1.00000000 -0.00000000
vn -0.00000000 -0.00000000 -1.00000000
vn -0.42200000 0.90660000 -0.00000000
vn -0.13110000 0.99140000 -0.00000000
vn -0.42200000 0.90660000 -0.00000000
vn -0.00000000 -0.00000000 -1.00000000
vn -0.72210000 0.69180000 -0.00000000
vn -0.08360000 -0.99630000 -0.02110000
vn -0.02640000 -0.99960000 -0.01320000
vn -0.12020000 -0.99260000 -0.01500000
vn -0.04180000 -0.99890000 -0.01940000
vn 0.52950000 -0.00000000 0.84830000
vn -0.03500000 -0.99910000 -0.02370000
vn -0.08270000 -0.99620000 -0.02580000
vn -0.08220000 -0.99630000 -0.02590000
vn -0.02600000 -0.99810000 -0.05580000
vn -0.03970000 -0.99890000 -0.02590000
vn -0.02610000 -0.99910000 -0.03490000
vn -0.08190000 -0.99480000 -0.06040000
vn -0.04020000 -0.99730000 -0.06070000
vn -0.08210000 -0.99480000 -0.06040000
vn -0.14310000 -0.98940000 -0.02530000
vn -0.08330000 -0.99620000 -0.02570000
vn -0.14210000 -0.98800000 -0.06010000
vn -0.20160000 -0.97310000 -0.11180000
vn -0.14280000 -0.98790000 -0.05980000
vn -0.20250000 -0.97750000 -0.05950000
vn -0.13440000 -0.98380000 -0.11870000
vn -0.14130000 -0.98810000 -0.06020000
vn -0.14050000 -0.98260000 -0.12140000
vn -0.08180000 -0.99480000 -0.06040000
vn -0.08080000 -0.99020000 -0.11430000
vn -0.02600000 -0.66420000 -0.74710000
vn -0.02840000 -0.65080000 -0.75870000
vn -0.08570000 -0.63080000 -0.77120000
vn -0.08080000 -0.99020000 -0.11430000
vn -0.13920000 -0.98290000 -0.12090000
vn -0.04300000 -0.99160000 -0.12210000
vn -0.02550000 -0.99280000 -0.11730000
vn -0.04020000 -0.99730000 -0.06070000
vn -0.04300000 -0.99160000 -0.12210000
vn -0.08120000 -0.99490000 -0.06060000
vn -0.08080000 -0.99020000 -0.11430000
vn -0.02520000 -0.99650000 -0.07930000
vn -0.08490000 -0.64770000 -0.75710000
vn -0.23110000 -0.96680000 -0.10900000
vn -0.08570000 -0.63080000 -0.77120000
vn -0.13240000 -0.63870000 -0.75800000
vn -0.26130000 -0.95690000 -0.12650000
vn -0.18100000 -0.69550000 -0.69540000
vn -0.20160000 -0.97310000 -0.11180000
vn -0.13350000 -0.98400000 -0.11830000
vn -0.15210000 -0.63580000 -0.75680000
vn -0.08490000 -0.64770000 -0.75710000
vn -0.08570000 -0.63080000 -0.77120000
vn -0.00000000 -0.00000000 -1.00000000
vn -0.02600000 -0.66420000 -0.74710000
vn -0.00000000 -0.00000000 -1.00000000
vn -0.13240000 -0.63870000 -0.75800000
vn -0.08490000 -0.64770000 -0.75710000
vn -0.13240000 -0.63870000 -0.75800000
vn -0.18100000 -0.69550000 -0.69540000
vn -0.00000000 -0.00000000 -1.00000000
vn -0.00000000 -0.00000000 -1.00000000
vn 0.36600000 0.93060000 -0.00000000
vn 0.21960000 0.97560000 -0.00000000
vn 0.36600000 0.93060000 -0.00000000
vn -0.00000000 -0.00000000 -1.00000000
vn 0.50500000 0.86310000 -0.00000000
vn -0.26870000 -0.57920000 -0.76970000
vn -0.21740000 -0.63570000 -0.74070000
vn -0.00000000 -0.00000000 -1.00000000
vn -0.27310000 -0.59730000 -0.75410000
vn -0.00000000 -0.00000000 -1.00000000
vn 0.21960000 0.97560000 -0.00000000
vn 0.07180000 0.99740000 -0.00000000
vn -0.00000000 -0.00000000 -1.00000000
vn 0.36600000 0.93060000 -0.00000000
vn 0.21960000 0.97560000 -0.00000000
vn -0.21520000 -0.61800000 -0.75610000
vn -0.00000000 -0.00000000 -1.00000000
vn -0.21740000 -0.63570000 -0.74070000
vn -0.18100000 -0.69550000 -0.69540000
vn -0.15210000 -0.63580000 -0.75680000
vn -0.32640000 -0.93820000 -0.11470000
vn -0.21740000 -0.63570000 -0.74070000
vn -0.43650000 -0.89210000 -0.11660000
vn -0.41810000 -0.90220000 -0.10630000
vn -0.21520000 -0.61800000 -0.75610000
vn -0.26870000 -0.57920000 -0.76970000
vn -0.38020000 -0.91880000 -0.10610000
vn -0.32230000 -0.93980000 -0.11320000
vn -0.21520000 -0.61800000 -0.75610000
vn -0.15210000 -0.63580000 -0.75680000
vn -0.23110000 -0.96680000 -0.10900000
vn -0.38040000 -0.61410000 -0.69150000
vn -0.26870000 -0.57920000 -0.76970000
vn -0.33500000 -0.56650000 -0.75290000
vn -0.50580000 -0.85560000 -0.10990000
vn -0.31780000 -0.57420000 -0.75450000
vn -0.49310000 -0.86360000 -0.10530000
vn -0.27310000 -0.59730000 -0.75410000
vn -0.41810000 -0.90220000 -0.10630000
vn -0.38020000 -0.91880000 -0.10610000
vn -0.38380000 -0.92180000 -0.05530000
vn -0.43650000 -0.89210000 -0.11660000
vn -0.43890000 -0.89690000 -0.05510000
vn -0.43650000 -0.89210000 -0.11660000
vn -0.49510000 -0.86720000 -0.05390000
vn -0.44090000 -0.89590000 -0.05430000
vn -0.41810000 -0.90220000 -0.10630000
vn -0.49310000 -0.86360000 -0.10530000
vn -0.49310000 -0.86360000 -0.10530000
vn -0.49690000 -0.86620000 -0.05330000
vn -0.54980000 -0.83360000 -0.05300000
vn -0.50580000 -0.85560000 -0.10990000
vn -0.54770000 -0.83060000 -0.10070000
vn -0.55130000 -0.83270000 -0.05230000
vn -0.54770000 -0.83060000 -0.10070000
vn -0.60060000 -0.79210000 -0.10940000
vn -0.60290000 -0.79610000 -0.05210000
vn -0.38970000 -0.53050000 -0.75280000
vn -0.60060000 -0.79210000 -0.10940000
vn -0.58860000 -0.80190000 -0.10260000
vn -0.33500000 -0.56650000 -0.75290000
vn -0.54770000 -0.83060000 -0.10070000
vn -0.50580000 -0.85560000 -0.10990000
vn -0.33500000 -0.56650000 -0.75290000
vn -0.38040000 -0.61410000 -0.69150000
vn -0.00000000 -0.00000000 -1.00000000
vn -0.39220000 -0.53650000 -0.74720000
vn -0.39060000 -0.53260000 -0.75090000
vn -0.43770000 -0.48240000 -0.75870000
vn -0.65320000 -0.75050000 -0.10060000
vn -0.58860000 -0.80190000 -0.10260000
vn -0.66800000 -0.73650000 -0.10660000
vn -0.00000000 -0.00000000 -1.00000000
vn -0.39310000 -0.53830000 -0.74550000
vn -0.44070000 -0.48800000 -0.75340000
vn -0.47540000 -0.45590000 -0.75240000
vn -0.74650000 -0.65680000 -0.10640000
vn -0.70290000 -0.70450000 -0.09850000
vn -0.66800000 -0.73650000 -0.10660000
vn -0.53840000 -0.46530000 -0.70260000
vn -0.43880000 -0.48450000 -0.75680000
vn -0.49110000 -0.44010000 -0.75170000
vn -0.47540000 -0.45590000 -0.75240000
vn -0.53840000 -0.46530000 -0.70260000
vn -0.00000000 -0.00000000 -1.00000000
vn -0.47540000 -0.45590000 -0.75240000
vn -0.44180000 -0.48980000 -0.75160000
vn -0.00000000 -0.00000000 -1.00000000
vn -0.49110000 -0.44010000 -0.75170000
vn -0.53340000 -0.38710000 -0.75210000
vn -0.80550000 -0.58410000 -0.09990000
vn -0.74090000 -0.66380000 -0.10240000
vn -0.53340000 -0.38710000 -0.75210000
vn -0.80810000 -0.58080000 -0.09790000
vn -0.54870000 -0.34950000 -0.75940000
vn -0.83900000 -0.53410000 -0.10390000
vn -0.54720000 -0.40290000 -0.73370000
vn 0.63690000 0.77100000 -0.00000000
vn 0.50500000 0.86310000 -0.00000000
vn -0.00000000 -0.00000000 -1.00000000
vn 0.50500000 0.86310000 -0.00000000
vn 0.36600000 0.93060000 -0.00000000
vn -0.00000000 -0.00000000 -1.00000000
vn -0.31780000 -0.57420000 -0.75450000
vn -0.38040000 -0.61410000 -0.69150000
vn -0.00000000 -0.00000000 -1.00000000
vn -0.31780000 -0.57420000 -0.75450000
vn -0.27310000 -0.59730000 -0.75410000
vn -0.00000000 -0.00000000 -1.00000000
vn -0.24670000 -0.96910000 -0.00000000
vn -0.00000000 -0.00000000 -1.00000000
vn -0.40950000 -0.91230000 -0.00000000
vn -0.00000000 -0.00000000 -1.00000000
vn -0.40950000 -0.91230000 -0.00000000
vn -0.24670000 -0.96910000 -0.00000000
vn -0.00000000 -0.00000000 -1.00000000
vn 0.38780000 0.72110000 -0.57410000
vn 0.32640000 0.75640000 -0.56680000
vn 0.24280000 0.75890000 -0.60420000
vn 0.32620000 0.75730000 -0.56580000
vn -0.00000000 -0.00000000 -1.00000000
vn 0.25750000 0.61500000 -0.74540000
vn 0.27240000 0.62720000 -0.72970000
vn 0.20580000 0.63590000 -0.74390000
vn 0.24410000 0.75550000 -0.60800000
vn 0.32680000 0.75380000 -0.57010000
vn 0.15280000 0.49370000 -0.85610000
vn 0.19280000 0.62290000 -0.75810000
vn 0.25750000 0.61500000 -0.74540000
vn 0.20580000 0.63590000 -0.74390000
vn 0.19150000 0.47860000 -0.85690000
vn 0.20600000 0.49200000 -0.84590000
vn 0.32510000 0.59940000 -0.73150000
vn 0.27240000 0.62720000 -0.72970000
vn 0.24710000 0.47080000 -0.84690000
vn 0.25750000 0.61500000 -0.74540000
vn 0.20600000 0.49200000 -0.84590000
vn 0.26080000 0.48080000 -0.83720000
vn 0.39360000 0.70640000 -0.58830000
vn 0.32510000 0.59940000 -0.73150000
vn 0.33910000 0.60870000 -0.71730000
vn 0.32690000 0.75270000 -0.57150000
vn 0.27240000 0.62720000 -0.72970000
vn 0.38780000 0.72110000 -0.57410000
vn 0.39360000 0.70640000 -0.58830000
vn -0.00000000 -0.00000000 -1.00000000
vn 0.48150000 0.71160000 -0.51170000
vn 0.38780000 0.72110000 -0.57410000
vn 0.32510000 0.59940000 -0.73150000
vn 0.31440000 0.45590000 -0.83270000
vn 0.26080000 0.48080000 -0.83720000
vn 0.39510000 0.57150000 -0.71920000
vn 0.33910000 0.60870000 -0.71730000
vn 0.30610000 0.45140000 -0.83820000
vn 0.26080000 0.48080000 -0.83720000
vn 0.18810000 0.35800000 -0.91460000
vn 0.24710000 0.47080000 -0.84690000
vn 0.22920000 0.34030000 -0.91200000
vn 0.23120000 0.34090000 -0.91120000
vn 0.30820000 0.45220000 -0.83690000
vn 0.27250000 0.31120000 -0.91040000
vn 0.36580000 0.41690000 -0.83210000
vn 0.26930000 0.30950000 -0.91200000
vn 0.22360000 0.33690000 -0.91460000
vn 0.12960000 0.19560000 -0.97210000
vn 0.15450000 0.17840000 -0.97180000
vn 0.10360000 0.20500000 -0.97330000
vn 0.17600000 0.34820000 -0.92070000
vn 0.12910000 0.19540000 -0.97220000
vn 0.22190000 0.33500000 -0.91570000
vn 0.18810000 0.35800000 -0.91460000
vn 0.03290000 0.05450000 -0.99800000
vn 0.15160000 0.17740000 -0.97240000
vn 0.12170000 0.19340000 -0.97350000
vn 0.03280000 0.05470000 -0.99800000
vn -0.00000000 -0.00000000 -1.00000000
vn 0.02550000 0.05680000 -0.99810000
vn 0.12150000 0.19330000 -0.97360000
vn 0.09270000 0.20120000 -0.97520000
vn 0.02580000 0.05690000 -0.99800000
vn -0.00000000 -0.00000000 -1.00000000
vn 0.01680000 0.05530000 -0.99830000
vn 0.07860000 0.20770000 -0.97500000
vn 0.06620000 0.20150000 -0.97720000
vn 0.09210000 0.20050000 -0.97530000
vn 0.13330000 0.35200000 -0.92650000
vn 0.07860000 0.20770000 -0.97500000
vn 0.17600000 0.34820000 -0.92070000
vn 0.14570000 0.36420000 -0.91990000
vn 0.10290000 0.20520000 -0.97330000
vn 0.14570000 0.36420000 -0.91990000
vn 0.19150000 0.47860000 -0.85690000
vn 0.14010000 0.48010000 -0.86590000
vn 0.10590000 0.36290000 -0.92580000
vn 0.13330000 0.35200000 -0.92650000
vn 0.15280000 0.49370000 -0.85610000
vn 0.14570000 0.36420000 -0.91990000
vn 0.24710000 0.47080000 -0.84690000
vn 0.20600000 0.49200000 -0.84590000
vn 0.19150000 0.47860000 -0.85690000
vn 0.18810000 0.35800000 -0.91460000
vn 0.17600000 0.34820000 -0.92070000
vn 0.07860000 0.20770000 -0.97500000
vn 0.13330000 0.35200000 -0.92650000
vn 0.06490000 0.20180000 -0.97730000
vn 0.09500000 0.35020000 -0.93180000
vn 0.10590000 0.36290000 -0.92580000
vn 0.04800000 0.20160000 -0.97830000
vn 0.01200000 0.05670000 -0.99830000
vn 0.74880000 0.24230000 -0.61690000
vn 0.76160000 0.27220000 -0.58820000
vn 0.80210000 0.20040000 -0.56260000
vn -0.00000000 -0.00000000 -1.00000000
vn -0.00000000 -0.00000000 -1.00000000
vn -0.82390000 -0.56670000 -0.00000000
vn -0.90780000 -0.41950000 -0.00000000
vn -0.90780000 -0.41950000 -0.00000000
vn -0.82390000 -0.56670000 -0.00000000
vn -0.00000000 -0.00000000 -1.00000000
vn -0.00000000 -0.00000000 -1.00000000
vn 0.67870000 0.48010000 -0.55570000
vn 0.62770000 0.55580000 -0.54510000
vn -0.00000000 -0.00000000 -1.00000000
vn -0.64390000 -0.10490000 -0.75790000
vn -0.63460000 -0.15310000 -0.75750000
vn -0.70700000 -0.08040000 -0.70270000
vn -0.64390000 -0.10490000 -0.75790000
vn -0.00000000 -0.00000000 -1.00000000
vn -0.96780000 -0.22380000 -0.11560000
vn -0.98140000 -0.15430000 -0.11400000
vn -0.98610000 -0.15510000 -0.05940000
vn -0.97430000 -0.21740000 -0.05900000
f 8//8 5//5 1//1
f 1//1 5//5 27//27
f 24//24 9//9 2//2
f 18//18 3//3 12//12
f 1//1 27//27 13//13
f 23//23 4//4 17//17
f 35//35 26//26 7//7
f 13//13 27//27 29//29
f 34//34 28//28 25//25
f 34//34 25//25 36//36
f 44//44 31//31 37//37
f 50//50 38//38 41//41
f 35//35 7//7 42//42
f 44//44 37//37 48//48
f 50//50 41//41 56//56
f 49//49 60//60 43//43
f 52//52 66//66 51//51
f 49//49 65//65 60//60
f 74//74 64//64 70//70
f 52//52 69//69 66//66
f 78//78 59//59 62//62
f 79//79 63//63 75//75
f 15//15 85//85 80//80
f 82//82 57//57 77//77
f 15//15 80//80 20//20
f 20//20 80//80 76//76
f 89//89 85//85 15//15
f 89//89 95//95 85//85
f 94//94 104//104 83//83
f 81//81 100//100 58//58
f 84//84 103//103 101//101
f 110//110 106//106 114//114
f 108//108 98//98 105//105
f 92//92 112//112 102//102
f 110//110 114//114 115//115
f 116//116 111//111 120//120
f 121//121 113//113 93//93
f 118//118 123//123 124//124
f 122//122 97//97 125//125
f 118//118 124//124 138//138
f 126//126 135//135 132//132
f 139//139 127//127 133//133
f 128//128 96//96 136//136
f 141//141 142//142 119//119
f 141//141 154//154 142//142
f 139//139 133//133 146//146
f 147//147 152//152 140//140
f 151//151 157//157 144//144
f 151//151 158//158 157//157
f 147//147 161//161 152//152
f 162//162 159//159 153//153
f 166//166 163//163 150//150
f 166//166 170//170 163//163
f 162//162 174//174 159//159
f 173//173 176//176 164//164
f 178//178 160//160 175//175
f 178//178 175//175 181//181
f 173//173 186//186 176//176
f 181//181 175//175 185//185
f 181//181 185//185 188//188
f 188//188 185//185 190//190
f 190//190 185//185 193//193
f 196//196 194//194 184//184
f 196//196 184//184 171//171
f 209//209 202//202 197//197
f 203//203 195//195 198//198
f 205//205 199//199 172//172
f 209//209 197//197 206//206
f 207//207 213//213 210//210
f 211//211 215//215 222//222
f 211//211 222//222 227//227
f 223//223 201//201 212//212
f 224//224 221//221 234//234
f 223//223 231//231 201//201
f 236//236 229//229 225//225
f 226//226 233//233 237//237
f 242//242 257//257 238//238
f 240//240 246//246 245//245
f 239//239 252//252 247//247
f 237//237 233//233 251//251
f 236//236 256//256 229//229
f 258//258 264//264 230//230
f 258//258 262//262 264//264
f 269//269 260//260 259//259
f 242//242 267//267 257//257
f 269//269 270//270 260//260
f 277//277 272//272 266//266
f 274//274 268//268 241//241
f 274//274 278//278 268//268
f 277//277 281//281 272//272
f 290//290 282//282 279//279
f 285//285 280//280 273//273
f 279//279 286//286 290//290
f 287//287 295//295 289//289
f 288//288 297//297 293//293
f 293//293 302//302 288//288
f 288//288 294//294 297//297
f 288//288 302//302 283//283
f 271//271 302//302 307//307
f 283//283 302//302 271//271
f 303//303 308//308 305//305
f 292//292 314//314 304//304
f 301//301 317//317 309//309
f 316//316 300//300 320//320
f 323//323 326//326 315//315
f 315//315 326//326 330//330
f 315//315 330//330 313//313
f 291//291 298//298 318//318
f 336//336 348//348 332//332
f 332//332 340//340 336//336
f 341//341 333//333 346//346
f 313//313 330//330 350//350
f 344//344 331//331 327//327
f 313//313 350//350 351//351
f 334//334 356//356 349//349
f 358//358 351//351 369//369
f 313//313 351//351 358//358
f 355//355 248//248 254//254
f 363//363 249//249 354//354
f 352//352 253//253 368//368
f 362//362 353//353 337//337
f 365//365 255//255 232//232
f 367//367 235//235 218//218
f 366//366 220//220 370//370
f 374//374 369//369 371//371
f 358//358 369//369 374//374
f 378//378 394//394 359//359
f 380//380 391//391 377//377
f 385//385 382//382 376//376
f 374//374 371//371 383//383
f 375//375 390//390 393//393
f 389//389 263//263 392//392
f 392//392 263//263 261//261
f 392//392 261//261 396//396
f 360//360 395//395 399//399
f 396//396 261//261 271//271
f 311//311 397//397 400//400
f 357//357 398//398 310//310
f 396//396 271//271 401//401
f 271//271 307//307 401//401
f 306//306 312//312 402//402
f 381//381 405//405 389//389
f 389//389 405//405 263//263
f 203//203 403//403 195//195
f 381//381 193//193 405//405
f 228//228 404//404 200//200
f 228//228 265//265 404//404
f 189//189 192//192 384//384
f 187//187 386//386 183//183
f 387//387 191//191 379//379
f 182//182 388//388 408//408
f 383//383 410//410 407//407
f 383//383 371//371 410//410
f 413//413 426//426 416//416
f 424//424 412//412 415//415
f 420//420 429//429 414//414
f 409//409 217//217 427//427
f 372//372 216//216 411//411
f 407//407 410//410 431//431
f 436//436 430//430 421//421
f 130//130 432//432 437//437
f 129//129 134//134 433//433
f 442//442 431//431 137//137
f 407//407 431//431 442//442
f 445//445 447//447 440//440
f 451//451 444//444 439//439
f 438//438 449//449 177//177
f 442//442 137//137 453//453
f 441//441 179//179 180//180
f 180//180 406//406 441//441
f 91//91 457//457 452//452
f 453//453 95//95 89//89
f 450//450 454//454 446//446
f 453//453 137//137 95//95
f 87//87 460//460 455//455
f 458//458 461//461 456//456
f 456//456 461//461 156//156
f 456//456 156//156 443//443
f 465//465 463//463 30//30
f 458//458 29//29 461//461
f 143//143 155//155 462//462
f 143//143 462//462 467//467
f 109//109 466//466 33//33
f 465//465 30//30 32//32
f 117//117 464//464 107//107
f 117//117 145//145 464//464
f 468//468 29//29 458//458
f 469//469 459//459 86//86
f 90//90 11//11 470//470
f 13//13 29//29 468//468
f 443//443 160//160 448//448
f 448//448 160//160 178//178
f 443//443 156//156 160//160
f 149//149 435//435 165//165
f 148//148 131//131 434//434
f 165//165 435//435 422//422
f 204//204 419//419 428//428
f 207//207 425//425 213//213
f 168//168 423//423 418//418
f 167//167 417//417 208//208
f 190//190 193//193 381//381
f 373//373 219//219 214//214
f 243//243 250//250 364//364
f 244//244 361//361 335//335
f 345//345 325//325 476//476
f 474//474 347//347 475//475
f 472//472 339//339 343//343
f 329//329 479//479 478//478
f 485//485 477//477 480//480
f 486//486 474//474 475//475
f 489//489 471//471 487//487
f 483//483 492//492 488//488
f 483//483 497//497 492//492
f 484//484 504//504 499//499
f 481//481 504//504 484//484
f 328//328 503//503 482//482
f 511//511 502//502 324//324
f 501//501 506//506 498//498
f 512//512 509//509 500//500
f 517//517 505//505 510//510
f 520//520 518//518 513//513
f 520//520 513//513 323//323
f 323//323 513//513 326//326
f 523//523 532//532 524//524
f 525//525 518//518 520//520
f 521//521 535//535 530//530
f 537//537 534//534 522//522
f 322//322 536//536 519//519
f 319//319 548//548 538//538
f 545//545 542//542 539//539
f 542//542 533//533 539//539
f 545//545 539//539 547//547
f 299//299 546//546 321//321
f 547//547 297//297 294//294
f 547//547 294//294 545//545
f 544//544 296//296 549//549
f 544//544 549//549 491//491
f 490//490 541//541 543//543
f 287//287 552//552 295//295
f 555//555 551//551 284//284
f 489//489 550//550 471//471
f 555//555 473//473 551//551
f 273//273 554//554 285//285
f 275//275 338//338 556//556
f 338//338 342//342 556//556
f 553//553 339//339 472//472
f 490//490 495//495 541//541
f 494//494 558//558 540//540
f 542//542 557//557 533//533
f 557//557 564//564 560//560
f 560//560 531//531 557//557
f 557//557 531//531 533//533
f 559//559 566//566 563//563
f 494//494 567//567 558//558
f 566//566 570//570 563//563
f 568//568 574//574 571//571
f 493//493 496//496 569//569
f 496//496 575//575 569//569
f 574//574 579//579 571//571
f 576//576 585//585 582//582
f 507//507 583//583 577//577
f 498//498 506//506 578//578
f 585//585 588//588 582//582
f 515//515 587//587 586//586
f 516//516 584//584 508//508
f 590//590 592//592 581//581
f 600//600 593//593 589//589
f 601//601 591//591 514//514
f 615//615 599//599 602//602
f 608//608 603//603 597//597
f 608//608 597//597 525//525
f 614//614 594//594 596//596
f 525//525 597//597 518//518
f 613//613 598//598 618//618
f 620//620 612//612 617//617
f 616//616 605//605 628//628
f 620//620 617//617 631//631
f 630//630 619//619 625//625
f 633//633 636//636 641//641
f 642//642 636//636 633//633
f 632//632 638//638 622//622
f 630//630 625//625 646//646
f 645//645 658//658 647//647
f 648//648 655//655 643//643
f 643//643 655//655 637//637
f 644//644 627//627 657//657
f 626//626 668//668 659//659
f 647//647 658//658 664//664
f 656//656 667//667 662//662
f 660//660 665//665 673//673
f 678//678 670//670 669//669
f 678//678 669//669 682//682
f 682//682 669//669 603//603
f 629//629 604//604 666//666
f 682//682 603//603 608//608
f 610//610 691//691 680//680
f 681//681 688//688 685//685
f 681//681 685//685 676//676
f 693//693 689//689 683//683
f 606//606 699//699 692//692
f 687//687 690//690 694//694
f 697//697 694//694 690//690
f 706//706 700//700 697//697
f 700//700 694//694 697//697
f 705//705 698//698 607//607
f 560//560 564//564 706//706
f 564//564 700//700 706//706
f 527//527 704//704 609//609
f 526//526 562//562 703//703
f 565//565 573//573 702//702
f 573//573 707//707 702//702
f 701//701 708//708 695//695
f 572//572 580//580 709//709
f 580//580 621//621 709//709
f 708//708 640//640 695//695
f 710//710 622//622 638//638
f 694//694 712//712 687//687
f 696//696 639//639 713//713
f 687//687 712//712 684//684
f 684//684 712//712 714//714
f 634//634 713//713 639//639
f 635//635 715//715 711//711
f 714//714 726//726 684//684
f 654//654 717//717 716//716
f 718//718 720//720 714//714
f 714//714 720//720 726//726
f 652//652 715//715 635//635
f 723//723 721//721 727//727
f 677//677 686//686 724//724
f 679//679 725//725 731//731
f 728//728 744//744 733//733
f 735//735 740//740 730//730
f 730//730 740//740 670//670
f 730//730 670//670 678//678
f 729//729 722//722 741//741
f 743//743 745//745 734//734
f 750//750 746//746 742//742
f 750//750 742//742 718//718
f 718//718 742//742 720//720
f 755//755 752//752 748//748
f 751//751 746//746 750//750
f 760//760 749//749 719//719
f 756//756 749//749 760//760
f 758//758 717//717 654//654
f 649//649 761//761 653//653
f 762//762 761//761 649//649
f 763//763 757//757 759//759
f 765//765 771//771 779//779
f 650//650 769//769 766//766
f 764//764 778//778 772//772
f 764//764 772//772 782//782
f 783//783 757//757 763//763
f 784//784 787//787 792//792
f 784//784 774//774 787//787
f 790//790 795//795 781//781
f 781//781 795//795 754//754
f 797//797 800//800 753//753
f 803//803 800//800 797//797
f 794//794 802//802 798//798
f 796//796 752//752 755//755
f 804//804 807//807 799//799
f 812//812 807//807 804//804
f 816//816 809//809 805//805
f 817//817 802//802 794//794
f 821//821 809//809 816//816
f 813//813 824//824 822//822
f 791//791 835//835 814//814
f 815//815 830//830 823//823
f 814//814 835//835 828//828
f 793//793 788//788 836//836
f 839//839 833//833 789//789
f 840//840 829//829 834//834
f 846//846 837//837 735//735
f 846//846 849//849 837//837
f 735//735 837//837 740//740
f 838//838 786//786 737//737
f 848//848 831//831 841//841
f 857//857 860//860 849//849
f 857//857 849//849 846//846
f 851//851 826//826 832//832
f 861//861 852//852 858//858
f 866//866 847//847 862//862
f 867//867 827//827 850//850
f 820//820 868//868 865//865
f 818//818 825//825 869//869
f 873//873 874//874 864//864
f 864//864 859//859 873//873
f 877//877 882//882 863//863
f 865//865 880//880 820//820
f 863//863 882//882 881//881
f 885//885 888//888 891//891
f 875//875 889//889 884//884
f 885//885 891//891 897//897
f 883//883 895//895 879//879
f 879//879 895//895 898//898
f 896//896 906//906 900//900
f 894//894 903//903 905//905
f 894//894 892//892 903//903
f 911//911 907//907 915//915
f 911//911 912//912 907//907
f 900//900 906//906 913//913
f 907//907 919//919 915//915
f 907//907 904//904 919//919
f 929//929 918//918 920//920
f 922//922 919//919 904//904
f 921//921 923//923 927//927
f 928//928 950//950 932//932
f 934//934 935//935 930//930
f 930//930 935//935 944//944
f 930//930 944//944 947//947
f 948//948 917//917 925//925
f 926//926 924//924 949//949
f 931//931 952//952 958//958
f 922//922 953//953 951//951
f 951//951 953//953 960//960
f 951//951 960//960 957//957
f 957//957 960//960 963//963
f 970//970 962//962 955//955
f 968//968 964//964 961//961
f 968//968 961//961 972//972
f 975//975 967//967 971//971
f 975//975 971//971 985//985
f 984//984 973//973 979//979
f 970//970 955//955 980//980
f 983//983 987//987 974//974
f 983//983 993//993 987//987
f 998//998 995//995 986//986
f 984//984 979//979 997//997
f 998//998 1004//1004 995//995
f 1008//1008 1005//1005 1000//1000
f 890//890 999//999 981//981
f 886//886 999//999 890//890
f 887//887 1009//1009 1001//1001
f 1011//1011 1009//1009 887//887
f 1012//1012 943//943 1007//1007
f 942//942 1003//1003 1006//1006
f 876//876 870//870 1010//1010
f 1014//1014 871//871 941//941
f 875//875 1013//1013 889//889
f 939//939 994//994 1002//1002
f 937//937 991//991 996//996
f 936//936 992//992 940//940
f 977//977 990//990 1015//1015
f 1019//1019 1016//1016 989//989
f 1020//1020 988//988 938//938
f 1026//1026 1037//1037 1021//1021
f 1035//1035 1025//1025 1023//1023
f 1035//1035 1023//1023 934//934
f 934//934 1023//1023 935//935
f 1022//1022 1038//1038 1017//1017
f 1029//1029 1043//1043 1040//1040
f 1046//1046 1039//1039 1044//1044
f 1048//1048 1018//1018 1036//1036
f 1046//1046 1044//1044 1053//1053
f 1052//1052 1056//1056 1047//1047
f 978//978 1018//1018 1048//1048
f 1045//1045 1054//1054 966//966
f 1045//1045 966//966 976//976
f 1057//1057 965//965 969//969
f 1057//1057 1063//1063 965//965
f 1052//1052 1059//1059 1056//1056
f 1058//1058 1062//1062 1055//1055
f 1068//1068 963//963 1064//1064
f 1058//1058 1067//1067 1062//1062
f 1071//1071 1064//1064 1066//1066
f 1068//1068 1064//1064 1071//1071
f 1034//1034 1072//1072 1081//1081
f 1033//1033 1069//1069 1073//1073
f 1071//1071 1066//1066 1078//1078
f 1079//1079 1074//1074 1077//1077
f 1082//1082 1075//1075 1083//1083
f 1086//1086 1088//1088 1080//1080
f 1080//1080 1088//1088 1025//1025
f 1080//1080 1025//1025 1035//1035
f 1100//1100 1089//1089 1094//1094
f 1086//1086 1093//1093 1088//1088
f 1106//1106 1090//1090 1101//1101
f 1104//1104 1027//1027 1091//1091
f 1108//1108 1024//1024 1102//1102
f 1051//1051 1109//1109 1103//1103
f 1113//1113 1105//1105 1097//1097
f 1051//1051 1103//1103 1112//1112
f 1113//1113 1097//1097 1117//1117
f 1114//1114 1061//1061 1050//1050
f 1119//1119 1120//1120 1111//1111
f 1114//1114 1123//1123 1061//1061
f 1122//1122 1065//1065 1060//1060
f 1122//1122 1125//1125 1065//1065
f 1130//1130 1124//1124 1121//1121
f 1119//1119 1128//1128 1120//1120
f 1134//1134 1127//1127 1118//1118
f 1134//1134 1140//1140 1127//1127
f 1130//1130 1138//1138 1124//1124
f 1139//1139 1136//1136 1129//1129
f 1145//1145 1141//1141 1132//1132
f 1145//1145 1149//1149 1141//1141
f 1139//1139 1152//1152 1136//1136
f 1150//1150 1153//1153 1142//1142
f 1156//1156 1154//1154 1159//1159
f 1166//1166 1154//1154 1156//1156
f 1159//1159 1154//1154 1161//1161
f 1166//1166 1137//1137 1154//1154
f 1150//1150 1163//1163 1153//1153
f 1164//1164 1173//1173 1175//1175
f 1157//1157 1172//1172 1165//1165
f 1167//1167 1176//1176 1087//1087
f 1087//1087 1177//1177 1167//1167
f 1179//1179 1137//1137 1166//1166
f 1085//1085 1182//1182 1178//1178
f 1181//1181 1126//1126 1179//1179
f 1179//1179 1126//1126 1137//1137
f 1078//1078 1126//1126 1181//1181
f 1076//1076 1180//1180 1084//1084
f 1169//1169 1187//1187 1174//1174
f 1174//1174 1187//1187 1093//1093
f 1174//1174 1093//1093 1086//1086
f 1189//1189 1199//1199 1184//1184
f 1169//1169 1191//1191 1187//1187
f 1195//1195 1186//1186 1211//1211
f 1197//1197 1092//1092 1188//1188
f 1185//1185 1201//1201 1203//1203
f 1183//1183 1204//1204 1208//1208
f 1135//1135 1194//1194 1207//1207
f 1144//1144 1209//1209 1205//1205
f 1131//1131 1210//1210 1147//1147
f 1146//1146 1206//1206 1200//1200
f 1190//1190 1214//1214 1198//1198
f 1220//1220 1202//1202 1212//1212
f 1146//1146 1200//1200 1219//1219
f 1217//1217 1151//1151 1143//1143
f 1222//1222 1226//1226 1218//1218
f 1220//1220 1212//1212 1223//1223
f 1217//1217 1228//1228 1151//1151
f 1222//1222 1232//1232 1226//1226
f 1233//1233 1236//1236 1229//1229
f 1227//1227 1162//1162 1148//1148
f 1227//1227 1234//1234 1162//1162
f 1239//1239 1235//1235 1242//1242
f 1239//1239 1161//1161 1235//1235
f 1242//1242 1235//1235 1245//1245
f 1233//1233 1246//1246 1236//1236
f 1252//1252 1248//1248 1244//1244
f 1254//1254 1245//1245 1249//1249
f 1252//1252 1244//1244 1231//1231
f 1242//1242 1245//1245 1254//1254
f 1268//1268 1241//1241 1255//1255
f 1254//1254 1249//1249 1261//1261
f 1264//1264 1256//1256 1259//1259
f 1266//1266 1257//1257 1262//1262
f 1265//1265 1274//1274 1267//1267
f 1267//1267 1274//1274 1191//1191
f 1168//1168 1237//1237 1270//1270
f 1267//1267 1191//1191 1169//1169
f 1238//1238 1243//1243 1269//1269
f 1281//1281 1282//1282 1271//1271
f 1265//1265 1277//1277 1274//1274
f 1273//1273 1215//1215 1192//1192
f 1275//1275 1284//1284 1288//1288
f 1272//1272 1287//1287 1216//1216
f 1293//1293 1289//1289 1286//1286
f 1224//1224 1289//1289 1293//1293
f 1225//1225 1213//1213 1290//1290
f 1295//1295 1285//1285 1299//1299
f 1294//1294 1296//1296 1303//1303
f 1302//1302 1250//1250 1291//1291
f 1292//1292 1230//1230 1221//1221
f 1292//1292 1251//1251 1230//1230
f 1301//1301 1297//1297 1322//1322
f 1306//1306 1312//1312 1305//1305
f 1304//1304 1318//1318 1309//1309
f 1302//1302 1311//1311 1250//1250
f 1304//1304 1319//1319 1318//1318
f 1320//1320 1278//1278 1316//1316
f 1321//1321 1298//1298 1280//1280
f 1315//1315 1324//1324 1334//1334
f 1317//1317 1279//1279 1323//1323
f 1314//1314 1326//1326 1330//1330
f 1334//1334 1329//1329 1315//1315
f 1307//1307 1314//1314 1330//1330
f 1338//1338 1336//1336 1325//1325
f 1352//1352 1336//1336 1338//1338
f 1355//1355 1337//1337 1345//1345
f 1352//1352 1347//1347 1336//1336
f 1327//1327 1335//1335 1357//1357
f 1367//1367 1328//1328 1358//1358
f 1359//1359 1348//1348 1361//1361
f 1365//1365 1356//1356 1360//1360
f 1331//1331 1328//1328 1367//1367
f 1332//1332 1364//1364 1370//1370
f 1379//1379 1368//1368 1366//1366
f 1376//1376 1365//1365 1360//1360
f 1379//1379 1366//1366 1375//1375
f 1378//1378 1382//1382 1387//1387
f 1372//1372 1383//1383 1377//1377
f 1378//1378 1387//1387 1389//1389
f 1390//1390 1369//1369 1380//1380
f 1388//1388 1385//1385 1397//1397
f 1392//1392 1400//1400 1388//1388
f 1388//1388 1397//1397 1392//1392
f 1390//1390 1399//1399 1369//1369
f 1411//1411 1400//1400 1401//1401
f 1392//1392 1401//1401 1400//1400
f 1407//1407 1371//1371 1398//1398
f 1407//1407 1398//1398 1409//1409
f 1420//1420 1408//1408 1410//1410
f 1411//1411 1412//1412 1418//1418
f 1425//1425 1412//1412 1411//1411
f 1410//1410 1416//1416 1420//1420
f 1411//1411 1401//1401 1425//1425
f 1423//1423 1402//1402 1351//1351
f 1424//1424 1353//1353 1415//1415
f 1406//1406 1422//1422 1308//1308
f 1419//1419 1427//1427 1313//1313
f 1419//1419 1417//1417 1427//1427
f 1306//1306 1421//1421 1312//1312
f 1428//1428 1412//1412 1431//1431
f 1418//1418 1412//1412 1428//1428
f 1310//1310 1426//1426 1247//1247
f 1261//1261 1249//1249 1428//1428
f 1428//1428 1431//1431 1433//1433
f 1261//1261 1428//1428 1433//1433
f 1343//1343 1258//1258 1434//1434
f 1430//1430 1340//1340 1432//1432
f 1414//1414 1342//1342 1429//1429
f 1413//1413 1354//1354 1341//1341
f 1308//1308 1333//1333 1406//1406
f 1332//1332 1370//1370 1405//1405
f 1404//1404 1393//1393 1438//1438
f 1350//1350 1403//1403 1436//1436
f 1439//1439 1395//1395 1443//1443
f 1442//1442 1448//1448 1435//1435
f 1435//1435 1448//1448 1347//1347
f 1437//1437 1391//1391 1394//1394
f 1435//1435 1347//1347 1352//1352
f 1449//1449 1458//1458 1447//1447
f 1442//1442 1453//1453 1448//1448
f 1446//1446 1454//1454 1460//1460
f 1445//1445 1461//1461 1346//1346
f 1374//1374 1459//1459 1464//1464
f 1462//1462 1455//1455 1465//1465
f 1468//1468 1459//1459 1374//1374
f 1349//1349 1463//1463 1469//1469
f 1344//1344 1470//1470 1363//1363
f 1373//1373 1362//1362 1471//1471
f 1384//1384 1466//1466 1475//1475
f 1372//1372 1467//1467 1383//1383
f 1466//1466 1476//1476 1475//1475
f 1465//1465 1455//1455 1477//1477
f 1478//1478 1481//1481 1485//1485
f 1479//1479 1489//1489 1482//1482
f 1456//1456 1492//1492 1480//1480
f 1473//1473 1478//1478 1485//1485
f 1450//1450 1495//1495 1491//1491
f 1451//1451 1490//1490 1457//1457
f 1489//1489 1497//1497 1482//1482
f 1498//1498 1496//1496 1452//1452
f 1499//1499 1507//1507 1493//1493
f 1494//1494 1505//1505 1483//1483
f 1483//1483 1505//1505 1512//1512
f 1506//1506 1513//1513 1511//1511
f 1516//1516 1504//1504 1503//1503
f 1510//1510 1515//1515 1520//1520
f 1514//1514 1502//1502 1517//1517
f 1523//1523 1518//1518 1530//1530
f 1510//1510 1520//1520 1525//1525
f 1519//1519 1529//1529 1534//1534
f 1521//1521 1501//1501 1528//1528
f 1531//1531 1544//1544 1535//1535
f 1540//1540 1533//1533 1537//1537
f 1523//1523 1530//1530 1543//1543
f 1532//1532 1526//1526 1547//1547
f 1564//1564 1545//1545 1550//1550
f 1556//1556 1552//1552 1548//1548
f 1556//1556 1548//1548 1559//1559
f 1559//1559 1548//1548 1527//1527
f 1536//1536 1546//1546 1566//1566
f 1571//1571 1538//1538 1567//1567
f 1563//1563 1551//1551 1573//1573
f 1572//1572 1565//1565 1575//1575
f 1549//1549 1585//1585 1574//1574
f 1570//1570 1576//1576 1582//1582
f 1580//1580 1577//1577 1583//1583
f 1553//1553 1588//1588 1584//1584
f 1579//1579 1586//1586 1590//1590
f 1595//1595 1591//1591 1600//1600
f 1579//1579 1590//1590 1592//1592
f 1601//1601 1596//1596 1589//1589
f 1602//1602 1587//1587 1554//1554
f 1607//1607 1598//1598 1604//1604
f 1611//1611 1606//1606 1603//1603
f 1611//1611 1603//1603 1615//1615
f 1615//1615 1603//1603 1552//1552
f 1615//1615 1552//1552 1556//1556
f 1557//1557 1622//1622 1619//1619
f 1620//1620 1626//1626 1618//1618
f 1616//1616 1625//1625 1627//1627
f 1617//1617 1628//1628 1613//1613
f 1637//1637 1629//1629 1624//1624
f 1630//1630 1631//1631 1612//1612
f 1634//1634 1632//1632 1629//1629
f 1634//1634 1629//1629 1637//1637
f 1648//1648 1638//1638 1640//1640
f 1637//1637 1624//1624 1642//1642
f 1645//1645 1635//1635 1639//1639
f 1644//1644 1638//1638 1648//1648
f 1649//1649 1641//1641 1653//1653
f 1568//1568 1646//1646 1650//1650
f 1569//1569 1647//1647 1539//1539
f 1539//1539 1647//1647 1654//1654
f 1524//1524 1651//1651 1656//1656
f 1652//1652 1660//1660 1657//1657
f 1542//1542 1651//1651 1524//1524
f 1653//1653 1641//1641 1659//1659
f 1668//1668 1661//1661 1642//1642
f 1664//1664 1661//1661 1666//1666
f 1663//1663 1657//1657 1660//1660
f 1666//1666 1661//1661 1668//1668
f 1558//1558 1669//1669 1621//1621
f 1562//1562 1670//1670 1555//1555
f 1562//1562 1665//1665 1670//1670
f 1642//1642 1623//1623 1668//1668
f 1666//1666 1674//1674 1664//1664
f 1671//1671 1667//1667 1561//1561
f 1675//1675 1664//1664 1674//1674
f 1679//1679 1676//1676 1672//1672
f 1681//1681 1673//1673 1560//1560
f 1559//1559 1527//1527 1680//1680
f 1680//1680 1527//1527 1500//1500
f 1680//1680 1500//1500 1685//1685
f 1687//1687 1690//1690 1682//1682
f 1688//1688 1677//1677 1678//1678
f 1684//1684 1698//1698 1689//1689
f 1691//1691 1693//1693 1675//1675
f 1697//1697 1693//1693 1691//1691
f 1700//1700 1697//1697 1691//1691
f 1704//1704 1699//1699 1683//1683
f 1700//1700 1701//1701 1706//1706
f 1706//1706 1697//1697 1700//1700
f 1381//1381 1472//1472 1707//1707
f 1381//1381 1707//1707 1386//1386
f 1385//1385 1706//1706 1708//1708
f 1705//1705 1474//1474 1696//1696
f 1706//1706 1701//1701 1708//1708
f 1441//1441 1710//1710 1702//1702
f 1396//1396 1709//1709 1444//1444
f 1385//1385 1708//1708 1397//1397
f 1440//1440 1703//1703 1686//1686
f 1474//1474 1488//1488 1696//1696
f 1695//1695 1487//1487 1692//1692
f 1693//1693 1664//1664 1675//1675
f 1694//1694 1711//1711 1662//1662
f 1487//1487 1712//1712 1692//1692
f 1486//1486 1484//1484 1713//1713
f 1484//1484 1509//1509 1713//1713
f 1711//1711 1655//1655 1662//1662
f 1714//1714 1508//1508 1658//1658
f 1685//1685 1453//1453 1442//1442
f 1685//1685 1500//1500 1453//1453
f 1522//1522 1658//1658 1508//1508
f 1578//1578 1718//1718 1643//1643
f 1717//1717 1635//1635 1645//1645
f 1581//1581 1646//1646 1568//1568
f 1594//1594 1718//1718 1578//1578
f 1593//1593 1721//1721 1716//1716
f 1720//1720 1724//1724 1715//1715
f 1715//1715 1724//1724 1636//1636
f 1723//1723 1632//1632 1634//1634
f 1723//1723 1728//1728 1632//1632
f 1732//1732 1728//1728 1723//1723
f 1719//1719 1730//1730 1725//1725
f 1732//1732 1734//1734 1728//1728
f 1736//1736 1734//1734 1732//1732
f 1739//1739 1737//1737 1731//1731
f 1740//1740 1730//1730 1719//1719
f 1752//1752 1745//1745 1741//1741
f 1746//1746 1737//1737 1739//1739
f 1748//1748 1742//1742 1722//1722
f 1755//1755 1742//1742 1748//1748
f 1758//1758 1745//1745 1752//1752
f 1753//1753 1765//1765 1757//1757
f 1754//1754 1775//1775 1764//1764
f 1756//1756 1770//1770 1773//1773
f 1751//1751 1770//1770 1756//1756
f 1779//1779 1772//1772 1608//1608
f 1781//1781 1762//1762 1771//1771
f 1609//1609 1774//1774 1769//1769
f 1788//1788 1780//1780 1784//1784
f 1801//1801 1782//1782 1778//1778
f 1795//1795 1777//1777 1786//1786
f 1793//1793 1778//1778 1606//1606
f 1801//1801 1778//1778 1793//1793
f 1796//1796 1766//1766 1776//1776
f 1814//1814 1806//1806 1802//1802
f 1804//1804 1822//1822 1801//1801
f 1818//1818 1803//1803 1810//1810
f 1794//1794 1809//1809 1799//1799
f 1813//1813 1800//1800 1816//1816
f 1822//1822 1782//1782 1801//1801
f 1820//1820 1824//1824 1789//1789
f 1825//1825 1819//1819 1827//1827
f 1830//1830 1821//1821 73//73
f 1804//1804 76//76 1822//1822
f 1789//1789 1783//1783 1820//1820
f 1823//1823 1831//1831 1834//1834
f 1828//1828 72//72 1836//1836
f 1829//1829 1837//1837 1835//1835
f 1835//1835 1837//1837 54//54
f 1838//1838 68//68 55//55
f 71//71 67//67 1839//1839
f 1823//1823 1834//1834 1841//1841
f 1840//1840 1832//1832 1844//1844
f 1833//1833 53//53 1845//1845
f 1846//1846 40//40 1849//1849
f 1854//1854 1847//1847 1848//1848
f 1840//1840 1844//1844 1852//1852
f 1845//1845 53//53 39//39
f 1854//1854 1848//1848 1864//1864
f 1843//1843 1851//1851 1855//1855
f 1855//1855 1851//1851 1860//1860
f 1853//1853 1865//1865 1859//1859
f 1859//1859 1865//1865 1871//1871
f 1815//1815 1863//1863 1866//1866
f 1863//1863 1874//1874 1866//1866
f 1815//1815 1870//1870 1863//1863
f 1863//1863 1850//1850 1874//1874
f 8//8 1874//1874 1850//1850
f 21//21 1869//1869 1875//1875
f 1873//1873 10//10 19//19
f 1744//1744 1872//1872 1738//1738
f 1862//1862 1872//1872 1744//1744
f 1736//1736 1870//1870 1815//1815
f 1805//1805 1868//1868 22//22
f 1867//1867 1807//1807 1812//1812
f 1761//1761 1861//1861 1743//1743
f 1857//1857 1861//1861 1761//1761
f 1787//1787 1856//1856 1760//1760
f 1785//1785 1842//1842 1858//1858
f 1849//1849 40//40 6//6
f 1850//1850 5//5 8//8
f 1826//1826 1842//1842 1785//1785
f 1736//1736 1817//1817 1808//1808
f 1815//1815 1817//1817 1736//1736
f 1736//1736 1808//1808 1734//1734
f 1790//1790 1733//1733 1811//1811
f 20//20 76//76 1804//1804
f 1760//1760 1798//1798 1787//1787
f 1759//1759 1763//1763 1797//1797
f 1729//1729 1735//1735 1792//1792
f 1614//1614 1727//1727 1791//1791
f 1793//1793 1606//1606 1611//1611
f 1605//1605 1767//1767 1597//1597
f 1747//1747 1599//1599 1768//1768
f 1749//1749 1721//1721 1593//1593
f 1595//1595 1600//1600 1750//1750
f 1610//1610 1633//1633 1726//1726
f 1642//1642 1624//1624 1623//1623
f 1541//1541 1538//1538 1571//1571
f 1263//1263 1260//1260 1339//1339
f 1338//1338 1277//1277 1265//1265
f 1338//1338 1325//1325 1277//1277
f 1310//1310 1247//1247 1253//1253
f 1276//1276 1300//1300 1283//1283
f 1170//1170 1160//1160 1240//1240
f 1159//1159 1161//1161 1239//1239
f 1133//1133 1879//1879 1196//1196
f 1878//1878 1096//1096 1193//1193
f 1115//1115 1099//1099 1876//1876
f 1098//1098 1095//1095 1877//1877
f 1116//1116 1879//1879 1133//1133
f 1155//1155 1158//1158 1171//1171
f 1078//1078 1066//1066 1126//1126
f 1110//1110 1042//1042 1028//1028
f 1049//1049 1041//1041 1107//1107
f 1880//1880 1070//1070 1031//1031
f 1881//1881 963//963 1068//1068
f 957//957 963//963 1881//1881
f 1032//1032 959//959 1882//1882
f 933//933 956//956 1030//1030
f 902//902 982//982 954//954
f 893//893 982//982 902//902
f 904//904 953//953 922//922
f 910//910 945//945 856//856
f 947//947 872//872 857//857
f 947//947 944//944 872//872
f 916//916 946//946 909//909
f 810//810 914//914 806//806
f 808//808 912//912 911//911
f 901//901 914//914 810//810
f 911//911 1885//1885 808//808
f 908//908 855//855 1884//1884
f 808//808 1885//1885 1889//1889
f 1883//1883 854//854 1888//1888
f 842//842 1887//1887 853//853
f 844//844 1892//1892 1886//1886
f 808//808 1889//1889 1891//1891
f 1894//1894 1890//1890 845//845
f 808//808 1891//1891 801//801
f 801//801 1891//1891 1895//1895
f 732//732 1893//1893 843//843
f 736//736 747//747 1896//1896
f 801//801 1895//1895 751//751
f 751//751 1895//1895 746//746
f 878//878 899//899 819//819
f 819//819 899//899 811//811
f 857//857 872//872 860//860
f 738//738 785//785 776//776
f 672//672 777//777 770//770
f 674//674 775//775 780//780
f 739//739 773//773 671//671
f 651//651 663//663 768//768
f 661//661 675//675 767//767
f 581//581 592//592 623//623
f 595//595 611//611 624//624
f 529//529 561//561 528//528
f 244//244 335//335 276//276
f 205//205 172//172 169//169
f 46//46 98//98 108//108
f 109//109 33//33 47//47
f 45//45 61//61 99//99
f 16//16 14//14 88//88
f 1913//1913 1903//1903 1898//1898
f 1899//1899 1900//1900 1904//1904
f 1899//1899 1904//1904 1909//1909
f 1910//1910 1897//1897 1908//1908
f 1913//1913 1898//1898 1911//1911
f 1917//1917 1914//1914 1912//1912
f 1914//1914 1902//1902 1912//1912
f 1924//1924 1913//1913 1911//1911
f 1918//1918 1913//1913 1924//1924
f 1925//1925 1922//1922 1929//1929
f 1926//1926 1919//1919 1923//1923
f 1929//1929 1922//1922 1934//1934
f 1921//1921 1910//1910 1935//1935
f 1931//1931 1936//1936 1941//1941
f 1941//1941 1936//1936 1944//1944
f 1935//1935 1910//1910 1946//1946
f 1937//1937 1947//1947 1942//1942
f 1947//1947 1951//1951 1955//1955
f 1948//1948 1907//1907 1950//1950
f 1910//1910 1908//1908 1946//1946
f 1942//1942 1947//1947 1955//1955
f 1945//1945 1954//1954 1956//1956
f 1956//1956 1954//1954 1960//1960
f 1954//1954 1952//1952 1960//1960
f 1969//1969 1961//1961 1949//1949
f 1968//1968 1962//1962 1963//1963
f 1972//1972 1963//1963 1962//1962
f 1957//1957 1962//1962 1968//1968
f 1973//1973 1964//1964 1970//1970
f 1974//1974 1971//1971 1904//1904
f 1904//1904 1971//1971 1953//1953
f 1979//1979 1982//1982 1975//1975
f 1904//1904 1977//1977 1974//1974
f 1973//1973 1981//1981 1964//1964
f 1984//1984 1980//1980 1987//1987
f 1983//1983 1964//1964 1981//1981
f 1987//1987 1980//1980 1992//1992
f 1978//1978 1992//1992 1980//1980
f 1997//1997 1991//1991 1976//1976
f 1998//1998 2000//2000 1993//1993
f 2001//2001 1993//1993 2000//2000
f 1988//1988 1993//1993 2001//2001
f 2007//2007 2003//2003 2011//2011
f 2005//2005 1989//1989 2002//2002
f 2011//2011 2003//2003 2015//2015
f 2004//2004 1999//1999 2016//2016
f 2012//2012 2017//2017 2019//2019
f 2019//2019 2017//2017 2026//2026
f 2018//2018 2025//2025 2028//2028
f 2016//2016 1999//1999 2023//2023
f 2021//2021 2027//2027 2031//2031
f 2031//2031 2027//2027 2038//2038
f 2029//2029 2035//2035 2039//2039
f 2028//2028 2025//2025 2036//2036
f 2032//2032 2040//2040 2048//2048
f 2037//2037 2044//2044 2051//2051
f 2039//2039 2035//2035 2043//2043
f 2048//2048 2040//2040 2050//2050
f 2062//2062 2052//2052 2056//2056
f 2053//2053 2058//2058 2054//2054
f 2051//2051 2044//2044 2061//2061
f 2046//2046 2052//2052 2062//2062
f 2067//2067 2064//2064 2078//2078
f 2069//2069 2049//2049 2065//2065
f 2079//2079 2063//2063 2083//2083
f 2066//2066 2055//2055 2084//2084
f 2077//2077 2082//2082 2087//2087
f 2086//2086 2081//2081 2096//2096
f 2084//2084 2055//2055 2090//2090
f 2080//2080 2092//2092 2097//2097
f 2085//2085 2098//2098 2102//2102
f 2105//2105 2100//2100 2094//2094
f 2095//2095 2109//2109 2107//2107
f 2097//2097 2092//2092 2110//2110
f 2111//2111 2113//2113 2122//2122
f 2091//2091 2113//2113 2111//2111
f 2107//2107 2109//2109 2116//2116
f 2112//2112 2119//2119 2118//2118
f 2123//2123 2122//2122 2113//2113
f 2133//2133 2121//2121 2125//2125
f 2118//2118 2119//2119 2127//2127
f 2129//2129 2126//2126 2120//2120
f 2136//2136 2131//2131 2124//2124
f 2137//2137 2131//2131 2136//2136
f 2138//2138 2141//2141 2132//2132
f 2142//2142 2128//2128 2130//2130
f 2154//2154 2143//2143 2144//2144
f 2139//2139 2144//2144 2143//2143
f 2149//2149 2128//2128 2142//2142
f 2147//2147 2143//2143 2154//2154
f 2157//2157 2153//2153 2171//2171
f 2156//2156 2148//2148 2151//2151
f 2171//2171 2153//2153 2163//2163
f 2152//2152 2145//2145 2162//2162
f 2168//2168 2161//2161 2177//2177
f 2176//2176 2186//2186 2170//2170
f 2172//2172 2182//2182 2190//2190
f 2187//2187 2181//2181 2169//2169
f 2167//2167 2191//2191 2158//2158
f 2180//2180 2209//2209 2192//2192
f 2188//2188 2196//2196 2204//2204
f 2193//2193 2207//2207 2194//2194
f 2155//2155 2189//2189 2198//2198
f 2208//2208 2207//2207 2193//2193
f 2212//2212 2211//2211 2179//2179
f 2213//2213 2206//2206 2210//2210
f 2178//2178 2221//2221 2214//2214
f 2216//2216 2220//2220 2223//2223
f 2215//2215 2225//2225 2231//2231
f 2239//2239 2217//2217 2234//2234
f 2237//2237 2240//2240 2218//2218
f 2213//2213 2243//2243 2206//2206
f 2236//2236 2244//2244 2241//2241
f 2207//2207 2242//2242 2194//2194
f 2241//2241 2247//2247 2197//2197
f 2241//2241 2244//2244 2247//2247
f 2252//2252 2249//2249 2257//2257
f 2252//2252 2255//2255 2249//2249
f 2197//2197 2247//2247 2254//2254
f 2258//2258 2248//2248 2246//2246
f 2258//2258 2246//2246 2259//2259
f 2261//2261 2262//2262 2256//2256
f 2266//2266 2250//2250 2256//2256
f 2269//2269 2256//2256 2262//2262
f 2266//2266 2256//2256 2269//2269
f 2263//2263 2271//2271 2270//2270
f 2268//2268 2276//2276 2265//2265
f 2268//2268 2272//2272 2276//2276
f 2279//2279 2274//2274 2273//2273
f 2281//2281 2274//2274 2279//2279
f 2267//2267 2275//2275 2280//2280
f 2279//2279 2284//2284 2281//2281
f 2281//2281 2284//2284 2289//2289
f 2281//2281 2289//2289 2292//2292
f 2297//2297 2282//2282 2294//2294
f 2267//2267 2280//2280 2296//2296
f 2297//2297 2294//2294 2300//2300
f 2299//2299 2301//2301 2295//2295
f 2295//2295 2250//2250 2266//2266
f 2295//2295 2301//2301 2250//2250
f 2299//2299 2304//2304 2301//2301
f 2306//2306 2308//2308 2302//2302
f 2303//2303 2253//2253 2251//2251
f 2303//2303 2307//2307 2253//2253
f 2309//2309 2314//2314 2317//2317
f 2320//2320 2314//2314 2309//2309
f 2309//2309 2317//2317 2254//2254
f 2306//2306 2319//2319 2308//2308
f 2322//2322 2334//2334 2320//2320
f 2322//2322 2320//2320 2331//2331
f 2327//2327 2321//2321 2305//2305
f 2327//2327 2330//2330 2321//2321
f 2320//2320 2334//2334 2314//2314
f 2333//2333 2075//2075 2313//2313
f 2325//2325 2074//2074 2332//2332
f 2335//2335 2340//2340 2331//2331
f 2347//2347 2336//2336 2329//2329
f 2331//2331 2340//2340 2346//2346
f 2331//2331 2346//2346 2322//2322
f 2347//2347 2329//2329 2328//2328
f 2350//2350 2348//2348 2326//2326
f 2355//2355 2348//2348 2350//2350
f 2354//2354 2337//2337 2349//2349
f 2354//2354 2357//2357 2337//2337
f 2360//2360 2358//2358 2353//2353
f 2355//2355 2363//2363 2361//2361
f 2350//2350 2363//2363 2355//2355
f 2352//2352 2371//2371 2362//2362
f 2364//2364 2369//2369 2367//2367
f 2361//2361 2363//2363 2366//2366
f 2364//2364 2372//2372 2369//2369
f 2352//2352 2383//2383 2371//2371
f 2370//2370 2373//2373 2377//2377
f 2373//2373 2374//2374 2386//2386
f 2381//2381 2374//2374 2373//2373
f 2373//2373 2386//2386 2377//2377
f 2385//2385 2389//2389 2393//2393
f 2375//2375 2392//2392 2387//2387
f 2384//2384 2397//2397 2378//2378
f 2410//2410 2396//2396 2390//2390
f 2400//2400 2396//2396 2410//2410
f 2399//2399 2408//2408 2395//2395
f 2379//2379 2394//2394 2407//2407
f 2412//2412 2388//2388 2421//2421
f 2413//2413 2402//2402 2411//2411
f 2416//2416 2409//2409 2419//2419
f 2419//2419 2409//2409 2422//2422
f 2423//2423 2430//2430 2438//2438
f 2421//2421 2388//2388 2429//2429
f 2420//2420 2425//2425 2436//2436
f 2431//2431 2424//2424 2442//2442
f 2432//2432 2437//2437 2453//2453
f 2440//2440 2427//2427 2460//2460
f 2441//2441 2458//2458 2445//2445
f 2452//2452 2439//2439 2444//2444
f 2463//2463 2459//2459 2465//2465
f 2461//2461 2473//2473 2457//2457
f 2466//2466 2455//2455 2428//2428
f 2446//2446 2456//2456 2472//2472
f 2480//2480 2470//2470 2464//2464
f 2489//2489 2469//2469 2474//2474
f 2482//2482 2476//2476 2471//2471
f 2447//2447 2468//2468 2488//2488
f 2492//2492 2443//2443 2486//2486
f 2493//2493 2485//2485 2501//2501
f 2500//2500 2484//2484 2506//2506
f 2487//2487 2477//2477 2503//2503
f 2504//2504 2512//2512 2520//2520
f 2507//2507 2475//2475 2511//2511
f 2496//2496 2505//2505 2514//2514
f 2516//2516 2502//2502 2522//2522
f 2517//2517 2521//2521 2525//2525
f 2525//2525 2521//2521 2532//2532
f 2523//2523 2537//2537 2529//2529
f 2519//2519 2508//2508 2535//2535
f 2285//2285 2534//2534 2291//2291
f 2286//2286 2539//2539 2538//2538
f 2529//2529 2537//2537 2540//2540
f 2288//2288 2536//2536 2509//2509
f 2546//2546 2541//2541 2287//2287
f 2547//2547 2555//2555 2542//2542
f 2550//2550 2544//2544 2553//2553
f 2530//2530 2543//2543 2548//2548
f 2558//2558 2563//2563 2552//2552
f 2556//2556 2554//2554 2567//2567
f 2551//2551 2562//2562 2571//2571
f 2561//2561 2576//2576 2570//2570
f 2569//2569 2575//2575 2578//2578
f 2577//2577 2583//2583 2590//2590
f 2574//2574 2585//2585 2581//2581
f 2592//2592 2528//2528 2580//2580
f 2524//2524 2533//2533 2582//2582
f 2579//2579 2531//2531 2549//2549
f 2594//2594 2526//2526 2591//2591
f 2599//2599 2596//2596 2593//2593
f 2604//2604 2612//2612 2600//2600
f 2604//2604 2600//2600 2606//2606
f 2606//2606 2600//2600 2607//2607
f 2588//2588 2609//2609 2602//2602
f 2611//2611 2597//2597 2601//2601
f 2604//2604 2614//2614 2612//2612
f 2615//2615 2617//2617 2613//2613
f 2613//2613 2617//2617 2595//2595
f 2622//2622 2498//2498 2619//2619
f 2616//2616 2623//2623 2621//2621
f 2620//2620 2499//2499 2515//2515
f 2618//2618 2518//2518 2598//2598
f 2626//2626 2490//2490 2497//2497
f 2634//2634 2495//2495 2624//2624
f 2628//2628 2623//2623 2616//2616
f 2630//2630 2631//2631 2625//2625
f 2646//2646 2633//2633 2627//2627
f 2637//2637 2454//2454 2636//2636
f 2644//2644 2640//2640 2635//2635
f 2632//2632 2451//2451 2491//2491
f 2648//2648 2645//2645 2650//2650
f 2648//2648 2651//2651 2645//2645
f 2650//2650 2645//2645 2629//2629
f 2652//2652 2638//2638 2643//2643
f 2655//2655 2651//2651 2648//2648
f 2655//2655 2656//2656 2651//2651
f 2658//2658 2661//2661 2653//2653
f 2653//2653 2661//2661 2641//2641
f 2663//2663 2418//2418 2659//2659
f 2657//2657 2665//2665 2662//2662
f 2659//2659 2418//2418 2435//2435
f 2660//2660 2433//2433 2642//2642
f 2667//2667 2415//2415 2664//2664
f 2672//2672 2670//2670 2666//2666
f 2664//2664 2415//2415 2417//2417
f 2671//2671 2665//2665 2657//2657
f 2679//2679 2673//2673 2656//2656
f 2674//2674 2670//2670 2672//2672
f 2677//2677 2676//2676 2673//2673
f 2677//2677 2673//2673 2679//2679
f 2683//2683 2680//2680 2654//2654
f 2683//2683 2678//2678 2680//2680
f 2679//2679 2656//2656 2655//2655
f 2684//2684 2691//2691 2683//2683
f 2701//2701 2685//2685 2681//2681
f 2698//2698 2682//2682 2687//2687
f 2683//2683 2649//2649 2689//2689
f 2683//2683 2691//2691 2693//2693
f 2683//2683 2693//2693 2695//2695
f 2695//2695 2678//2678 2683//2683
f 2654//2654 2647//2647 2683//2683
f 2683//2683 2647//2647 2649//2649
f 2699//2699 2682//2682 2698//2698
f 2701//2701 2681//2681 2700//2700
f 2704//2704 2686//2686 2702//2702
f 2705//2705 2715//2715 2707//2707
f 2708//2708 2713//2713 2710//2710
f 2708//2708 2716//2716 2713//2713
f 2705//2705 2717//2717 2715//2715
f 2718//2718 2712//2712 2714//2714
f 2706//2706 2720//2720 2719//2719
f 2721//2721 2723//2723 2718//2718
f 2718//2718 2723//2723 2712//2712
f 2709//2709 2724//2724 2726//2726
f 2709//2709 2711//2711 2724//2724
f 2727//2727 2725//2725 2728//2728
f 2728//2728 2725//2725 2730//2730
f 2721//2721 2731//2731 2723//2723
f 2734//2734 2731//2731 2721//2721
f 2734//2734 2736//2736 2731//2731
f 2731//2731 2736//2736 2741//2741
f 2729//2729 2732//2732 2739//2739
f 2741//2741 2736//2736 2746//2746
f 2729//2729 2739//2739 2742//2742
f 2743//2743 2740//2740 2747//2747
f 2741//2741 2746//2746 2749//2749
f 2753//2753 2748//2748 2751//2751
f 2749//2749 2746//2746 2750//2750
f 2743//2743 2747//2747 2754//2754
f 2753//2753 2751//2751 2757//2757
f 2755//2755 2761//2761 2760//2760
f 2759//2759 2762//2762 2766//2766
f 2759//2759 2766//2766 2765//2765
f 2763//2763 2770//2770 2768//2768
f 2768//2768 2770//2770 2772//2772
f 2764//2764 2767//2767 2775//2775
f 2768//2768 2772//2772 2774//2774
f 2774//2774 2772//2772 2777//2777
f 2777//2777 2779//2779 2774//2774
f 2774//2774 2779//2779 2780//2780
f 2774//2774 2780//2780 2787//2787
f 2783//2783 2773//2773 2788//2788
f 2785//2785 2773//2773 2783//2783
f 2764//2764 2775//2775 2784//2784
f 2787//2787 2798//2798 2790//2790
f 2790//2790 2792//2792 2787//2787
f 2787//2787 2792//2792 2794//2794
f 2782//2782 2786//2786 2797//2797
f 2787//2787 2794//2794 2796//2796
f 2787//2787 2780//2780 2798//2798
f 2799//2799 2807//2807 2789//2789
f 2781//2781 2803//2803 2799//2799
f 2799//2799 2803//2803 2807//2807
f 2818//2818 2789//2789 2807//2807
f 2802//2802 2809//2809 2806//2806
f 2804//2804 2810//2810 2814//2814
f 2805//2805 2815//2815 2819//2819
f 2820//2820 2789//2789 2818//2818
f 2819//2819 2824//2824 2821//2821
f 2819//2819 2815//2815 2824//2824
f 2821//2821 2824//2824 2831//2831
f 2817//2817 2835//2835 2822//2822
f 2823//2823 2827//2827 2832//2832
f 2822//2822 2835//2835 2828//2828
f 2816//2816 2839//2839 2836//2836
f 2840//2840 2847//2847 2837//2837
f 2834//2834 2849//2849 2854//2854
f 2838//2838 2852//2852 2829//2829
f 2851//2851 2859//2859 2868//2868
f 2850//2850 2861//2861 2856//2856
f 2848//2848 2860//2860 2853//2853
f 2829//2829 2852//2852 2865//2865
f 2825//2825 2866//2866 2872//2872
f 2871//2871 2867//2867 2876//2876
f 2869//2869 2884//2884 2878//2878
f 2868//2868 2859//2859 2886//2886
f 2877//2877 2883//2883 2891//2891
f 2894//2894 2890//2890 2882//2882
f 2894//2894 2882//2882 2897//2897
f 2895//2895 2885//2885 2857//2857
f 2896//2896 2899//2899 2892//2892
f 2901//2901 2899//2899 2896//2896
f 2895//2895 2857//2857 2902//2902
f 2901//2901 2914//2914 2899//2899
f 2903//2903 2858//2858 2909//2909
f 2904//2904 2910//2910 2911//2911
f 2913//2913 2914//2914 2901//2901
f 2918//2918 2915//2915 2924//2924
f 2921//2921 2916//2916 2917//2917
f 2921//2921 2898//2898 2916//2916
f 2913//2913 2923//2923 2914//2914
f 2928//2928 2925//2925 2930//2930
f 2918//2918 2924//2924 2927//2927
f 2929//2929 2923//2923 2913//2913
f 2928//2928 2930//2930 2945//2945
f 2929//2929 2937//2937 2932//2932
f 2944//2944 2931//2931 2934//2934
f 2913//2913 2942//2942 2929//2929
f 2929//2929 2942//2942 2937//2937
f 2946//2946 2947//2947 2954//2954
f 2951//2951 2947//2947 2946//2946
f 2944//2944 2934//2934 2950//2950
f 2946//2946 2954//2954 2926//2926
f 2955//2955 2957//2957 2963//2963
f 2948//2948 2956//2956 2953//2953
f 2926//2926 2954//2954 2959//2959
f 2955//2955 2963//2963 2961//2961
f 2968//2968 2965//2965 2962//2962
f 2960//2960 2964//2964 2966//2966
f 2968//2968 2962//2962 2975//2975
f 2975//2975 2962//2962 2958//2958
f 2975//2975 2958//2958 2977//2977
f 2984//2984 2972//2972 2976//2976
f 2994//2994 2979//2979 2973//2973
f 2979//2979 2971//2971 2973//2973
f 2993//2993 2974//2974 2982//2982
f 2986//2986 3014//3014 2989//2989
f 2991//2991 3003//3003 2997//2997
f 2998//2998 2979//2979 2994//2994
f 2992//2992 3008//3008 3004//3004
f 3012//3012 3009//3009 2990//2990
f 3016//3016 3022//3022 3011//3011
f 2983//2983 3015//3015 3013//3013
f 3010//3010 3028//3028 3005//3005
f 3010//3010 3020//3020 3028//3028
f 3006//3006 3025//3025 3031//3031
f 3027//3027 3038//3038 3029//3029
f 3026//3026 3043//3043 3035//3035
f 3023//3023 3042//3042 3024//3024
f 3041//3041 3044//3044 3048//3048
f 3050//3050 3044//3044 3041//3041
f 3041//3041 3048//3048 3037//3037
f 3053//3053 3040//3040 3057//3057
f 3023//3023 3056//3056 3042//3042
f 3063//3063 3062//3062 3058//3058
f 3068//3068 3055//3055 3059//3059
f 3063//3063 3058//3058 3021//3021
f 3051//3051 3054//3054 3069//3069
f 3068//3068 3059//3059 3071//3071
f 3074//3074 3067//3067 3070//3070
f 3052//3052 3067//3067 3074//3074
f 3074//3074 3079//3079 3052//3052
f 3080//3080 3079//3079 3074//3074
f 3131//3131 3083//3083 3076//3076
f 3074//3074 3129//3129 3084//3084
f 3074//3074 3084//3084 3089//3089
f 3089//3089 3094//3094 3074//3074
f 3074//3074 3094//3094 3137//3137
f 3074//3074 3070//3070 3097//3097
f 3097//3097 3100//3100 3074//3074
f 3074//3074 3100//3100 3104//3104
f 3074//3074 3104//3104 3108//3108
f 3108//3108 3113//3113 3074//3074
f 3074//3074 3113//3113 3116//3116
f 3074//3074 3116//3116 3121//3121
f 3121//3121 3124//3124 3074//3074
f 3074//3074 3124//3124 3129//3129
f 3132//3132 3075//3075 3140//3140
f 3074//3074 3137//3137 3139//3139
f 3139//3139 3137//3137 3149//3149
f 3142//3142 3141//3141 3147//3147
f 3134//3134 3141//3141 3142//3142
f 3149//3149 3137//3137 3153//3153
f 3146//3146 3148//3148 3152//3152
f 3153//3153 3186//3186 3155//3155
f 3155//3155 3158//3158 3153//3153
f 3153//3153 3158//3158 3163//3163
f 3163//3163 3174//3174 3153//3153
f 3153//3153 3166//3166 3169//3169
f 3153//3153 3137//3137 3166//3166
f 3169//3169 3185//3185 3153//3153
f 3153//3153 3174//3174 3178//3178
f 3153//3153 3178//3178 3196//3196
f 3153//3153 3185//3185 3186//3186
f 3143//3143 3151//3151 3190//3190
f 3193//3193 3150//3150 3195//3195
f 3197//3197 3194//3194 3181//3181
f 3193//3193 3195//3195 3198//3198
f 3201//3201 3182//3182 3212//3212
f 3202//3202 3200//3200 3207//3207
f 3203//3203 3192//3192 3199//3199
f 3207//3207 3200//3200 3211//3211
f 3220//3220 3213//3213 3217//3217
f 3214//3214 3179//3179 3219//3219
f 3210//3210 3213//3213 3220//3220
f 3224//3224 3221//3221 3236//3236
f 3224//3224 3208//3208 3221//3221
f 3235//3235 3222//3222 3242//3242
f 3223//3223 3218//3218 3238//3238
f 3230//3230 3241//3241 3253//3253
f 3240//3240 3244//3244 3248//3248
f 3238//3238 3218//3218 3243//3243
f 3239//3239 3250//3250 3256//3256
f 3255//3255 3260//3260 3233//3233
f 3254//3254 3262//3262 3257//3257
f 3265//3265 3262//3262 3254//3254
f 3252//3252 3267//3267 3266//3266
f 3252//3252 3251//3251 3267//3267
f 3272//3272 3269//3269 3279//3279
f 3271//3271 3263//3263 3268//3268
f 3270//3270 3282//3282 3277//3277
f 3249//3249 3282//3282 3270//3270
f 3162//3162 3280//3280 3245//3245
f 3275//3275 3281//3281 3164//3164
f 3248//3248 3244//3244 3283//3283
f 3278//3278 3156//3156 3284//3284
f 3160//3160 3157//3157 3276//3276
f 3279//3279 3287//3287 3272//3272
f 3164//3164 3159//3159 3275//3275
f 3187//3187 3288//3288 3154//3154
f 3273//3273 3286//3286 3289//3289
f 3188//3188 3292//3292 3285//3285
f 3184//3184 3290//3290 3189//3189
f 3184//3184 3301//3301 3290//3290
f 3273//3273 3289//3289 3294//3294
f 3295//3295 3291//3291 3300//3300
f 3173//3173 3297//3297 3183//3183
f 3295//3295 3300//3300 3302//3302
f 3172//3172 3307//3307 3299//3299
f 3303//3303 3298//3298 3309//3309
f 3319//3319 3306//3306 3171//3171
f 3303//3303 3309//3309 3312//3312
f 3311//3311 3308//3308 3317//3317
f 3165//3165 3318//3318 3170//3170
f 3168//3168 3323//3323 3316//3316
f 3311//3311 3317//3317 3328//3328
f 3327//3327 3315//3315 3321//3321
f 3326//3326 3341//3341 3334//3334
f 3339//3339 3325//3325 3332//3332
f 3337//3337 3310//3310 3324//3324
f 3327//3327 3321//3321 3343//3343
f 3331//3331 3342//3342 3347//3347
f 3340//3340 3349//3349 3345//3345
f 3340//3340 3322//3322 3349//3349
f 3344//3344 3351//3351 3355//3355
f 3348//3348 3092//3092 3358//3358
f 3350//3350 3320//3320 3167//3167
f 3167//3167 3136//3136 3350//3350
f 3352//3352 3138//3138 3093//3093
f 3363//3363 3357//3357 3364//3364
f 3344//3344 3355//3355 3360//3360
f 3354//3354 3086//3086 3369//3369
f 3353//3353 3090//3090 3087//3087
f 3356//3356 3091//3091 3088//3088
f 3363//3363 3364//3364 3373//3373
f 3374//3374 3365//3365 3377//3377
f 3368//3368 3385//3385 3378//3378
f 3126//3126 3380//3380 3366//3366
f 3367//3367 3085//3085 3127//3127
f 3368//3368 3379//3379 3385//3385
f 3379//3379 3120//3120 3385//3385
f 3384//3384 3117//3117 3388//3388
f 3384//3384 3119//3119 3117//3117
f 3376//3376 3383//3383 3386//3386
f 3390//3390 3114//3114 3394//3394
f 3389//3389 3118//3118 3111//3111
f 3398//3398 3387//3387 3391//3391
f 3376//3376 3386//3386 3396//3396
f 3398//3398 3391//3391 3411//3411
f 3401//3401 3395//3395 3406//3406
f 3401//3401 3375//3375 3395//3395
f 3405//3405 3397//3397 3410//3410
f 3408//3408 3392//3392 3417//3417
f 3405//3405 3410//3410 3414//3414
f 3416//3416 3409//3409 3425//3425
f 3408//3408 3417//3417 3423//3423
f 3424//3424 3426//3426 3434//3434
f 3424//3424 3418//3418 3426//3426
f 3416//3416 3425//3425 3433//3433
f 3430//3430 3422//3422 3435//3435
f 3449//3449 3437//3437 3440//3440
f 3436//3436 3446//3446 3438//3438
f 3436//3436 3428//3428 3446//3446
f 3430//3430 3435//3435 3447//3447
f 3448//3448 3469//3469 3451//3451
f 3461//3461 3450//3450 3452//3452
f 3461//3461 3432//3432 3450//3450
f 3449//3449 3440//3440 3468//3468
f 3459//3459 3467//3467 3474//3474
f 3466//3466 3476//3476 3473//3473
f 3466//3466 3441//3441 3476//3476
f 3472//3472 3475//3475 3488//3488
f 3477//3477 3480//3480 3490//3490
f 3477//3477 3484//3484 3480//3480
f 3439//3439 3483//3483 3478//3478
f 3472//3472 3488//3488 3492//3492
f 3489//3489 3479//3479 3500//3500
f 3493//3493 3491//3491 3498//3498
f 3489//3489 3500//3500 3497//3497
f 3073//3073 3503//3503 3095//3095
f 3072//3072 3060//3060 3501//3501
f 3504//3504 3482//3482 3099//3099
f 3496//3496 3502//3502 3061//3061
f 3493//3493 3498//3498 3506//3506
f 3505//3505 3499//3499 3065//3065
f 3496//3496 3061//3061 3066//3066
f 3495//3495 3507//3507 3513//3513
f 3505//3505 3065//3065 3019//3019
f 3515//3515 3508//3508 3018//3018
f 3519//3519 3494//3494 3509//3509
f 3522//3522 3517//3517 3510//3510
f 3511//3511 3017//3017 2988//2988
f 3525//3525 3514//3514 2981//2981
f 3520//3520 3512//3512 3526//3526
f 2958//2958 3528//3528 3534//3534
f 3531//3531 3528//3528 2958//2958
f 3531//3531 3523//3523 3528//3528
f 3527//3527 2987//2987 3532//3532
f 2958//2958 3534//3534 2977//2977
f 2985//2985 2978//2978 3533//3533
f 2948//2948 3529//3529 2956//2956
f 3536//3536 3523//3523 3531//3531
f 3538//3538 3537//3537 3530//3530
f 3538//3538 3530//3530 2949//2949
f 3546//3546 3543//3543 3540//3540
f 3542//3542 3535//3535 3539//3539
f 2951//2951 3540//3540 2947//2947
f 3546//3546 3540//3540 2951//2951
f 3554//3554 3543//3543 3546//3546
f 2952//2952 3548//3548 3545//3545
f 3544//3544 3547//3547 3550//3550
f 3544//3544 3550//3550 3553//3553
f 3557//3557 3561//3561 3554//3554
f 3554//3554 3564//3564 3557//3557
f 3554//3554 3561//3561 3543//3543
f 3555//3555 3565//3565 3562//3562
f 3555//3555 3551//3551 3565//3565
f 3567//3567 3552//3552 3570//3570
f 3570//3570 3574//3574 3567//3567
f 3567//3567 3574//3574 3575//3575
f 3567//3567 3575//3575 3581//3581
f 3563//3563 3566//3566 3580//3580
f 3582//3582 3579//3579 3591//3591
f 3563//3563 3580//3580 3584//3584
f 3581//3581 3575//3575 3586//3586
f 3581//3581 3586//3586 3594//3594
f 3590//3590 3581//3581 3594//3594
f 3593//3593 3596//3596 3607//3607
f 3593//3593 3605//3605 3596//3596
f 3588//3588 3604//3604 3592//3592
f 3594//3594 3606//3606 3590//3590
f 3608//3608 3595//3595 3613//3613
f 3608//3608 3613//3613 3615//3615
f 3590//3590 3606//3606 3616//3616
f 3621//3621 3619//3619 3616//3616
f 3590//3590 3616//3616 3619//3619
f 3614//3614 3612//3612 3623//3623
f 3614//3614 3623//3623 3620//3620
f 3611//3611 3637//3637 3624//3624
f 3625//3625 3642//3642 3628//3628
f 3622//3622 3626//3626 3629//3629
f 3627//3627 3635//3635 3643//3643
f 3639//3639 3646//3646 3649//3649
f 3641//3641 3654//3654 3648//3648
f 3628//3628 3642//3642 3650//3650
f 3636//3636 3655//3655 3640//3640
f 3658//3658 3663//3663 3668//3668
f 3671//3671 3661//3661 3656//3656
f 3659//3659 3666//3666 3647//3647
f 3638//3638 3670//3670 3657//3657
f 3675//3675 3680//3680 3664//3664
f 3683//3683 3679//3679 3672//3672
f 3687//3687 3684//3684 3673//3673
f 3688//3688 3674//3674 3634//3634
f 3599//3599 3694//3694 3689//3689
f 3693//3693 3686//3686 3690//3690
f 3598//3598 3691//3691 3609//3609
f 3610//3610 3692//3692 3633//3633
f 3603//3603 3699//3699 3698//3698
f 3700//3700 3706//3706 3695//3695
f 3696//3696 3707//3707 3685//3685
f 3602//3602 3697//3697 3597//3597
f 3703//3703 3718//3718 3708//3708
f 3709//3709 3723//3723 3682//3682
f 3705//3705 3711//3711 3721//3721
f 3717//3717 3711//3711 3705//3705
f 3720//3720 3725//3725 3729//3729
f 3712//3712 3725//3725 3720//3720
f 3722//3722 3727//3727 3676//3676
f 3681//3681 3719//3719 3677//3677
f 3726//3726 3737//3737 3728//3728
f 3676//3676 3727//3727 3731//3731
f 3728//3728 3734//3734 3732//3732
f 3728//3728 3737//3737 3734//3734
f 3736//3736 3741//3741 3738//3738
f 3738//3738 3735//3735 3736//3736
f 3726//3726 3742//3742 3737//3737
f 3738//3738 3741//3741 3744//3744
f 3746//3746 3743//3743 3742//3742
f 3746//3746 3742//3742 3726//3726
f 3713//3713 3747//3747 3724//3724
f 3754//3754 3747//3747 3713//3713
f 3755//3755 3743//3743 3746//3746
f 3753//3753 3748//3748 3745//3745
f 3757//3757 3746//3746 3750//3750
f 3755//3755 3746//3746 3757//3757
f 3756//3756 3758//3758 3738//3738
f 3738//3738 3758//3758 3760//3760
f 3757//3757 3750//3750 3759//3759
f 2763//2763 3760//3760 3761//3761
f 3738//3738 3760//3760 2763//2763
f 3759//3759 3750//3750 3763//3763
f 3759//3759 3763//3763 3762//3762
f 3766//3766 3765//3765 3770//3770
f 3767//3767 3776//3776 3764//3764
f 3770//3770 3765//3765 3749//3749
f 3762//3762 3763//3763 3774//3774
f 3784//3784 3779//3779 3775//3775
f 2769//2769 3774//3774 3778//3778
f 3781//3781 3776//3776 3767//3767
f 3762//3762 3774//3774 2769//2769
f 3798//3798 3792//3792 3786//3786
f 3791//3791 3777//3777 3782//3782
f 3803//3803 3783//3783 3769//3769
f 3795//3795 3785//3785 3802//3802
f 3808//3808 3801//3801 3813//3813
f 3810//3810 3793//3793 3799//3799
f 3814//3814 3804//3804 3819//3819
f 3800//3800 3768//3768 3817//3817
f 3811//3811 3818//3818 3821//3821
f 3817//3817 3768//3768 3773//3773
f 3821//3821 3818//3818 3826//3826
f 3816//3816 3772//3772 3824//3824
f 3820//3820 3825//3825 3831//3831
f 3824//3824 3772//3772 3751//3751
f 3831//3831 3825//3825 3715//3715
f 3827//3827 3752//3752 3714//3714
f 3837//3837 3832//3832 3843//3843
f 3834//3834 3823//3823 3828//3828
f 3842//3842 3829//3829 3701//3701
f 3830//3830 3716//3716 3704//3704
f 3577//3577 3833//3833 3840//3840
f 3838//3838 3702//3702 3600//3600
f 3585//3585 3839//3839 3601//3601
f 3576//3576 3841//3841 3587//3587
f 3847//3847 3823//3823 3834//3834
f 3572//3572 3835//3835 3578//3578
f 3573//3573 3848//3848 3836//3836
f 3569//3569 3846//3846 3571//3571
f 3855//3855 3845//3845 3568//3568
f 3851//3851 3812//3812 3844//3844
f 3855//3855 3853//3853 3845//3845
f 3844//3844 3812//3812 3822//3822
f 3552//3552 3854//3854 3570//3570
f 3857//3857 3849//3849 3856//3856
f 3552//3552 3859//3859 3854//3854
f 3860//3860 3864//3864 3858//3858
f 3549//3549 3863//3863 3859//3859
f 3549//3549 3859//3859 3552//3552
f 3857//3857 3865//3865 3849//3849
f 3874//3874 3881//3881 3866//3866
f 3862//3862 3875//3875 3867//3867
f 3868//3868 3879//3879 3807//3807
f 3869//3869 3806//3806 3850//3850
f 3873//3873 3884//3884 3878//3878
f 3882//3882 3892//3892 3876//3876
f 3880//3880 3888//3888 3797//3797
f 3877//3877 3794//3794 3809//3809
f 3893//3893 3898//3898 3787//3787
f 3899//3899 3895//3895 3889//3889
f 3891//3891 3789//3789 3796//3796
f 3885//3885 3900//3900 3890//3890
f 3901//3901 3919//3919 3897//3897
f 3908//3908 3918//3918 3904//3904
f 3914//3914 3909//3909 3902//3902
f 3915//3915 3903//3903 3886//3886
f 3920//3920 3922//3922 3894//3894
f 3917//3917 3924//3924 3923//3923
f 3928//3928 3924//3924 3917//3917
f 3905//3905 3929//3929 3916//3916
f 3936//3936 2808//2808 3931//3931
f 2812//2812 2800//2800 3927//3927
f 3930//3930 2801//2801 3925//3925
f 3932//3932 3929//3929 3905//3905
f 2842//2842 2811//2811 3934//3934
f 3939//3939 2843//2843 3935//3935
f 3941//3941 3933//3933 3942//3942
f 3942//3942 3933//3933 3907//3907
f 3946//3946 3906//3906 3912//3912
f 3957//3957 3945//3945 3911//3911
f 3950//3950 3940//3940 3944//3944
f 3948//3948 3943//3943 3954//3954
f 2938//2938 3956//3956 3960//3960
f 2936//2936 3951//3951 3953//3953
f 3959//3959 3952//3952 3963//3963
f 3955//3955 3913//3913 3962//3962
f 3964//3964 3887//3887 3872//3872
f 3968//3968 3965//3965 3870//3870
f 3966//3966 3910//3910 3883//3883
f 3958//3958 3967//3967 3969//3969
f 2932//2932 3961//3961 3970//3970
f 3971//3971 3871//3871 3861//3861
f 2932//2932 3970//3970 3549//3549
f 3970//3970 3863//3863 3549//3549
f 2937//2937 3961//3961 2932//2932
f 2941//2941 3949//3949 2935//2935
f 3973//3973 3940//3940 3950//3950
f 2940//2940 3974//3974 3947//3947
f 2864//2864 2844//2844 3972//3972
f 2906//2906 2863//2863 3977//3977
f 2905//2905 3976//3976 2943//2943
f 3975//3975 2845//2845 3937//3937
f 2846//2846 2841//2841 3938//3938
f 2781//2781 3926//3926 2803//2803
f 2781//2781 3921//3921 3926//3926
f 2778//2778 3921//3921 2781//2781
f 2776//2776 3921//3921 2778//2778
f 2776//2776 3979//3979 3921//3921
f 3894//3894 3922//3922 3980//3980
f 2771//2771 3979//3979 2776//2776
f 2771//2771 3778//3778 3979//3979
f 3790//3790 3978//3978 3780//3780
f 3896//3896 3981//3981 3788//3788
f 3852//3852 3805//3805 3815//3815
f 2769//2769 3778//3778 2771//2771
f 3771//3771 3748//3748 3753//3753
f 2763//2763 3761//3761 2770//2770
f 3738//3738 3744//3744 3756//3756
f 3714//3714 3752//3752 3710//3710
f 2755//2755 3740//3740 2761//2761
f 3738//3738 3982//3982 3984//3984
f 3989//3989 3982//3982 3738//3738
f 3984//3984 3986//3986 3738//3738
f 3738//3738 3986//3986 3735//3735
f 2756//2756 3990//3990 3739//3739
f 3998//3998 3991//3991 3988//3988
f 3993//3993 3995//3995 3989//3989
f 3989//3989 3995//3995 3982//3982
f 3998//3998 3988//3988 4000//4000
f 3999//3999 3990//3990 2756//2756
f 4001//4001 4008//4008 4003//4003
f 4002//4002 2752//2752 4006//4006
f 2758//2758 2752//2752 4002//4002
f 4001//4001 4005//4005 4008//4008
f 4004//4004 4010//4010 4013//4013
f 4007//4007 4012//4012 4009//4009
f 4004//4004 4013//4013 4021//4021
f 4007//4007 4018//4018 4012//4012
f 4020//4020 4011//4011 4015//4015
f 4018//4018 4014//4014 4012//4012
f 4020//4020 4015//4015 4022//4022
f 4023//4023 4016//4016 4024//4024
f 4025//4025 4043//4043 4036//4036
f 4024//4024 4016//4016 4042//4042
f 4044//4044 4014//4014 4018//4018
f 4036//4036 4043//4043 4017//4017
f 4028//4028 4057//4057 4040//4040
f 4041//4041 4052//4052 4051//4051
f 4040//4040 4057//4057 4053//4053
f 4056//4056 4071//4071 4058//4058
f 4058//4058 4054//4054 4056//4056
f 4079//4079 4055//4055 4030//4030
f 4079//4079 4061//4061 4055//4055
f 4063//4063 4076//4076 4056//4056
f 4066//4066 4067//4067 4056//4056
f 4056//4056 4073//4073 4066//4066
f 4056//4056 4067//4067 4071//4071
f 4056//4056 4076//4076 4073//4073
f 4083//4083 4062//4062 4081//4081
f 4032//4032 4085//4085 4082//4082
f 4083//4083 4086//4086 4062//4062
f 4032//4032 4094//4094 4085//4085
f 4087//4087 4088//4088 4063//4063
f 4087//4087 4092//4092 4088//4088
f 4095//4095 4092//4092 4087//4087
f 4033//4033 4101//4101 4096//4096
f 4097//4097 4092//4092 4095//4095
f 4095//4095 4100//4100 4097//4097
f 4026//4026 4103//4103 4102//4102
f 4097//4097 4100//4100 4104//4104
f 4027//4027 4101//4101 4033//4033
f 4115//4115 4108//4108 4105//4105
f 4111//4111 4104//4104 4106//4106
f 4097//4097 4104//4104 4111//4111
f 4113//4113 4103//4103 4026//4026
f 4115//4115 4105//4105 4112//4112
f 4120//4120 4107//4107 4114//4114
f 4120//4120 4110//4110 4107//4107
f 4121//4121 4109//4109 4119//4119
f 4118//4118 4127//4127 4123//4123
f 4124//4124 4125//4125 4128//4128
f 4132//4132 4091//4091 4130//4130
f 4131//4131 4093//4093 4122//4122
f 4135//4135 4089//4089 4133//4133
f 4132//4132 4090//4090 4091//4091
f 4138//4138 4143//4143 4141//4141
f 4137//4137 4145//4145 4139//4139
f 4138//4138 4147//4147 4143//4143
f 4149//4149 4146//4146 4153//4153
f 4151//4151 4146//4146 4149//4149
f 4151//4151 4142//4142 4146//4146
f 4137//4137 4152//4152 4145//4145
f 4149//4149 4153//4153 4155//4155
f 4129//4129 4154//4154 4136//4136
f 4155//4155 4153//4153 4158//4158
f 4129//4129 4157//4157 4154//4154
f 4161//4161 4176//4176 4158//4158
f 4158//4158 4169//4169 4161//4161
f 4158//4158 4162//4162 4175//4175
f 4165//4165 4162//4162 4158//4158
f 4158//4158 4171//4171 4165//4165
f 4166//4166 4158//4158 4173//4173
f 4155//4155 4158//4158 4166//4166
f 4126//4126 4169//4169 4158//4158
f 4158//4158 4176//4176 4171//4171
f 4158//4158 4175//4175 4173//4173
f 4128//4128 4125//4125 4159//4159
f 4178//4178 4170//4170 4177//4177
f 4178//4178 4177//4177 4181//4181
f 4181//4181 4177//4177 4160//4160
f 4181//4181 4160//4160 4184//4184
f 4194//4194 4182//4182 4185//4185
f 4187//4187 4183//4183 4190//4190
f 4187//4187 4179//4179 4183//4183
f 4204//4204 4188//4188 4191//4191
f 4199//4199 4192//4192 4201//4201
f 4206//4206 4193//4193 4198//4198
f 4194//4194 4185//4185 4202//4202
f 4219//4219 4186//4186 4208//4208
f 4213//4213 4205//4205 4197//4197
f 4222//4222 4203//4203 4212//4212
f 4223//4223 4215//4215 4207//4207
f 4229//4229 4221//4221 4231//4231
f 4228//4228 4237//4237 4224//4224
f 4235//4235 4220//4220 4209//4209
f 4238//4238 4214//4214 4225//4225
f 4245//4245 4240//4240 4226//4226
f 4242//4242 4250//4250 4241//4241
f 4247//4247 4253//4253 4239//4239
f 4236//4236 4258//4258 4216//4216
f 4262//4262 4266//4266 4255//4255
f 4249//4249 4263//4263 4257//4257
f 4254//4254 4270//4270 4218//4218
f 4256//4256 4264//4264 4271//4271
f 4269//4269 4275//4275 4180//4180
f 4268//4268 4275//4275 4269//4269
f 4273//4273 4179//4179 4187//4187
f 4217//4217 4272//4272 4189//4189
f 4267//4267 4278//4278 4276//4276
f 4279//4279 4164//4164 4274//4274
f 4274//4274 4164//4164 4170//4170
f 4274//4274 4170//4170 4178//4178
f 4284//4284 4280//4280 4277//4277
f 4281//4281 4163//4163 4279//4279
f 4279//4279 4163//4163 4164//4164
f 4286//4286 4278//4278 4267//4267
f 4290//4290 4280//4280 4284//4284
f 4291//4291 4288//4288 4285//4285
f 4261//4261 4283//4283 4265//4265
f 4295//4295 4283//4283 4261//4261
f 4297//4297 4293//4293 4259//4259
f 4309//4309 4292//4292 4296//4296
f 4304//4304 4288//4288 4291//4291
f 4310//4310 4305//4305 4294//4294
f 4315//4315 4311//4311 4308//4308
f 4314//4314 4305//4305 4310//4310
f 4316//4316 4307//4307 4323//4323
f 4325//4325 4306//4306 4301//4301
f 4328//4328 4324//4324 4332//4332
f 4326//4326 4319//4319 4322//4322
f 4333//4333 4321//4321 4338//4338
f 4320//4320 4298//4298 4337//4337
f 4336//4336 4299//4299 4248//4248
f 4339//4339 4252//4252 4246//4246
f 4341//4341 4335//4335 4243//4243
f 4331//4331 4334//4334 4342//4342
f 4345//4345 4340//4340 4348//4348
f 4345//4345 4330//4330 4340//4340
f 4340//4340 4349//4349 4348//4348
f 4341//4341 4243//4243 4350//4350
f 4351//4351 4244//4244 4230//4230
f 4351//4351 4230//4230 4354//4354
f 4348//4348 4349//4349 4353//4353
f 4352//4352 4233//4233 4355//4355
f 4357//4357 4360//4360 4353//4353
f 4352//4352 4227//4227 4233//4233
f 4348//4348 4353//4353 4360//4360
f 2263//2263 4358//4358 2271//2271
f 4365//4365 4359//4359 2264//2264
f 4365//4365 4347//4347 4359//4359
f 4364//4364 2273//2273 4360//4360
f 4364//4364 4360//4360 4357//4357
f 4369//4369 4367//4367 2261//2261
f 4369//4369 4373//4373 4367//4367
f 4371//4371 4346//4346 4366//4366
f 2261//2261 4367//4367 2262//2262
f 4374//4374 4373//4373 4369//4369
f 4377//4377 4373//4373 4374//4374
f 4377//4377 4380//4380 4373//4373
f 4381//4381 4343//4343 4372//4372
f 4371//4371 4344//4344 4346//4346
f 4387//4387 4380//4380 4377//4377
f 4384//4384 4389//4389 4382//4382
f 4385//4385 4380//4380 4387//4387
f 4381//4381 4390//4390 4343//4343
f 4345//4345 4391//4391 4327//4327
f 4391//4391 4396//4396 4327//4327
f 4391//4391 4393//4393 4396//4396
f 4401//4401 4393//4393 4391//4391
f 4384//4384 4399//4399 4389//4389
f 4403//4403 4400//4400 4383//4383
f 4403//4403 4405//4405 4400//4400
f 4406//4406 4408//4408 4401//4401
f 4408//4408 4412//4412 4401//4401
f 4401//4401 4412//4412 4393//4393
f 4410//4410 4417//4417 4411//4411
f 4413//4413 4421//4421 4394//4394
f 4413//4413 4415//4415 4421//4421
f 4397//4397 4422//4422 4317//4317
f 4392//4392 4420//4420 4395//4395
f 4414//4414 4425//4425 4423//4423
f 4419//4419 4311//4311 4315//4315
f 4423//4423 4425//4425 4312//4312
f 4416//4416 4429//4429 4426//4426
f 4432//4432 4440//4440 4427//4427
f 4428//4428 4439//4439 4443//4443
f 4424//4424 4444//4444 4313//4313
f 4437//4437 4445//4445 4441//4441
f 4441//4441 4445//4445 4452//4452
f 4442//4442 4449//4449 4303//4303
f 4313//4313 4444//4444 4302//4302
f 4447//4447 4456//4456 4450//4450
f 4303//4303 4449//4449 4289//4289
f 4451//4451 4453//4453 4287//4287
f 4450//4450 4456//4456 4454//4454
f 4156//4156 4455//4455 4458//4458
f 4156//4156 4458//4458 4148//4148
f 4148//4148 4458//4458 4460//4460
f 4448//4448 4461//4461 4457//4457
f 4148//4148 4460//4460 4150//4150
f 4462//4462 4461//4461 4448//4448
f 4466//4466 4470//4470 4459//4459
f 4150//4150 4460//4460 4471//4471
f 4150//4150 4471//4471 4478//4478
f 4473//4473 4468//4468 4467//4467
f 4477//4477 4483//4483 4469//4469
f 4478//4478 4471//4471 4482//4482
f 4478//4478 4482//4482 4490//4490
f 4487//4487 4480//4480 4476//4476
f 4485//4485 4493//4493 4481//4481
f 4490//4490 4482//4482 4492//4492
f 4490//4490 4492//4492 4494//4494
f 4494//4494 4492//4492 4496//4496
f 4496//4496 4492//4492 4499//4499
f 4501//4501 4498//4498 4491//4491
f 4503//4503 4493//4493 4485//4485
f 4506//4506 4498//4498 4501//4501
f 4511//4511 4507//4507 4504//4504
f 4516//4516 4505//4505 4488//4488
f 4514//4514 4502//4502 4521//4521
f 4522//4522 4515//4515 4519//4519
f 4524//4524 4520//4520 4529//4529
f 4533//4533 4518//4518 4534//4534
f 4517//4517 4486//4486 4539//4539
f 4535//4535 4474//4474 4551//4551
f 4536//4536 4484//4484 4472//4472
f 4532//4532 4537//4537 4545//4545
f 4544//4544 4538//4538 4549//4549
f 4434//4434 4550//4550 4436//4436
f 4543//4543 4546//4546 4433//4433
f 4547//4547 4463//4463 4438//4438
f 4548//4548 4475//4475 4465//4465
f 4553//4553 4542//4542 4431//4431
f 4558//4558 4541//4541 4554//4554
f 4559//4559 4531//4531 4540//4540
f 4567//4567 4560//4560 4568//4568
f 4565//4565 4575//4575 4561//4561
f 4571//4571 4563//4563 4555//4555
f 4576//4576 4530//4530 4562//4562
f 4581//4581 4572//4572 4566//4566
f 4580//4580 4584//4584 4577//4577
f 4585//4585 4526//4526 4573//4573
f 4574//4574 4525//4525 4528//4528
f 4600//4600 4586//4586 4578//4578
f 4592//4592 4593//4593 4583//4583
f 4599//4599 4591//4591 4582//4582
f 4587//4587 4596//4596 4527//4527
f 4602//4602 4598//4598 4605//4605
f 4602//4602 4608//4608 4598//4598
f 4598//4598 4579//4579 4605//4605
f 4610//4610 4589//4589 4601//4601
f 4614//4614 4608//4608 4602//4602
f 4611//4611 4613//4613 4622//4622
f 4612//4612 4617//4617 4590//4590
f 4625//4625 4618//4618 4609//4609
f 4630//4630 4623//4623 4615//4615
f 4631//4631 4635//4635 4627//4627
f 4636//4636 4640//4640 4626//4626
f 4624//4624 4637//4637 4616//4616
f 4642//4642 4638//4638 4632//4632
f 4648//4648 4641//4641 4644//4644
f 4639//4639 4649//4649 4621//4621
f 4620//4620 4647//4647 4661//4661
f 4666//4666 4652//4652 4643//4643
f 4657//4657 4651//4651 4663//4663
f 4650//4650 4654//4654 4658//4658
f 4672//4672 4664//4664 4679//4679
f 4671//4671 4655//4655 4665//4665
f 4667//4667 4645//4645 4673//4673
f 4679//4679 4664//4664 4677//4677
f 4689//4689 4668//4668 4678//4678
f 4682//4682 4678//4678 4684//4684
f 4689//4689 4678//4678 4682//4682
f 4680//4680 4676//4676 4686//4686
f 4693//4693 4668//4668 4689//4689
f 4688//4688 4695//4695 4692//4692
f 4681//4681 4695//4695 4688//4688
f 4697//4697 4694//4694 4699//4699
f 4701//4701 4694//4694 4697//4697
f 4681//4681 4700//4700 4695//4695
f 4702//4702 4692//4692 4695//4695
f 4496//4496 4706//4706 4702//4702
f 4697//4697 4497//4497 4701//4701
f 4702//4702 4706//4706 4692//4692
f 4496//4496 4499//4499 4706//4706
f 4510//4510 4705//4705 4500//4500
f 4704//4704 4708//4708 4690//4690
f 4707//4707 4703//4703 4508//4508
f 4712//4712 4709//4709 4509//4509
f 4710//4710 4656//4656 4669//4669
f 4656//4656 4710//4710 4714//4714
f 4691//4691 4711//4711 4670//4670
f 4716//4716 4507//4507 4511//4511
f 4597//4597 4715//4715 4512//4512
f 4662//4662 4715//4715 4597//4597
f 4660//4660 4653//4653 4713//4713
f 4697//4697 4699//4699 4719//4719
f 4699//4699 4724//4724 4719//4719
f 4720//4720 4700//4700 4681//4681
f 4720//4720 4723//4723 4700//4700
f 4730//4730 4726//4726 4723//4723
f 4719//4719 4724//4724 4725//4725
f 4730//4730 4723//4723 4720//4720
f 4732//4732 4726//4726 4730//4730
f 4728//4728 4739//4739 4731//4731
f 4721//4721 4736//4736 4729//4729
f 4727//4727 4735//4735 4743//4743
f 4738//4738 4751//4751 4740//4740
f 4741//4741 4756//4756 4744//4744
f 4731//4731 4739//4739 4746//4746
f 4742//4742 4754//4754 4755//4755
f 4747//4747 4758//4758 4774//4774
f 4752//4752 4762//4762 4760//4760
f 4759//4759 4766//4766 4768//4768
f 4757//4757 4767//4767 4775//4775
f 4748//4748 4776//4776 4781//4781
f 4781//4781 4776//4776 4789//4789
f 4773//4773 4772//4772 4782//4782
f 4777//4777 4787//4787 4788//4788
f 4791//4791 4783//4783 4793//4793
f 4790//4790 4796//4796 4798//4798
f 4805//4805 4792//4792 4799//4799
f 4780//4780 4792//4792 4805//4805
f 4808//4808 4802//4802 4815//4815
f 4809//4809 4802//4802 4808//4808
f 4810//4810 4778//4778 4803//4803
f 4804//4804 4800//4800 4812//4812
f 4807//4807 4813//4813 4816//4816
f 4816//4816 4813//4813 4821//4821
f 4814//4814 4826//4826 4820//4820
f 4812//4812 4800//4800 4823//4823
f 4801//4801 4827//4827 4824//4824
f 4824//4824 4827//4827 4831//4831
f 4825//4825 4832//4832 4837//4837
f 4820//4820 4826//4826 4838//4838
f 4839//4839 4833//4833 4846//4846
f 4819//4819 4840//4840 4848//4848
f 4836//4836 4842//4842 4859//4859
f 4853//4853 4841//4841 4856//4856
f 4862//4862 4855//4855 4872//4872
f 4850//4850 4854//4854 4860//4860
f 4857//4857 4843//4843 4869//4869
f 4858//4858 4870//4870 4874//4874
f 4861//4861 4875//4875 4878//4878
f 4879//4879 4876//4876 4886//4886
f 4873//4873 4868//4868 4894//4894
f 4877//4877 4892//4892 4888//4888
f 4891//4891 4899//4899 4907//4907
f 4889//4889 4902//4902 4895//4895
f 4871//4871 4903//4903 4893//4893
f 4883//4883 4890//4890 4909//4909
f 4910//4910 4917//4917 4925//4925
f 4911//4911 4897//4897 4918//4918
f 4884//4884 4908//4908 4920//4920
f 4922//4922 4912//4912 4927//4927
f 4933//4933 4926//4926 4935//4935
f 4923//4923 4926//4926 4933//4933
f 4928//4928 4939//4939 4934//4934
f 4924//4924 4914//4914 4941//4941
f 4948//4948 4942//4942 4952//4952
f 4947//4947 4957//4957 4943//4943
f 4951//4951 4940//4940 4913//4913
f 4934//4934 4939//4939 4953//4953
f 4964//4964 4956//4956 4945//4945
f 4967//4967 4955//4955 4962//4962
f 4965//4965 4963//4963 4954//4954
f 4938//4938 4958//4958 4968//4968
f 4970//4970 4937//4937 4969//4969
f 4979//4979 4986//4986 4971//4971
f 4981//4981 4977//4977 4973//4973
f 4975//4975 4985//4985 4994//4994
f 4990//4990 4930//4930 4974//4974
f 4929//4929 4936//4936 4972//4972
f 4984//4984 5001//5001 4993//4993
f 4992//4992 4999//4999 4996//4996
f 3994//3994 5002//5002 3983//3983
f 3994//3994 4995//4995 5002//5002
f 4988//4988 5003//5003 5000//5000
f 5004//5004 3983//3983 5002//5002
f 5007//5007 5006//5006 5003//5003
f 5005//5005 3983//3983 5004//5004
f 5007//5007 5003//5003 4988//4988
f 3644//3644 3667//3667 5009//5009
f 3669//3669 5006//5006 5007//5007
f 4978//4978 5008//5008 4987//4987
f 3645//3645 5008//5008 4978//4978
f 5005//5005 3985//3985 3983//3983
f 5012//5012 3985//3985 5005//5005
f 3669//3669 5011//5011 5006//5006
f 5012//5012 3987//3987 3985//3985
f 3660//3660 3730//3730 5010//5010
f 3732//3732 3987//3987 5012//5012
f 3660//3660 5010//5010 3665//3665
f 5014//5014 5022//5022 4995//4995
f 5014//5014 4995//4995 3994//3994
f 4997//4997 5015//5015 4991//4991
f 5021//5021 5016//5016 4998//4998
f 5014//5014 5025//5025 5022//5022
f 5023//5023 5030//5030 5020//5020
f 5020//5020 5030//5030 5019//5019
f 4882//4882 4887//4887 5026//5026
f 5024//5024 4880//4880 5028//5028
f 5029//5029 4919//4919 5018//5018
f 5027//5027 4885//4885 4921//4921
f 5031//5031 5025//5025 5014//5014
f 5037//5037 5025//5025 5031//5031
f 5034//5034 4880//4880 5024//5024
f 5037//5037 5036//5036 5025//5025
f 5041//5041 5038//5038 5032//5032
f 5041//5041 5043//5043 5038//5038
f 5042//5042 5036//5036 5037//5037
f 5046//5046 5043//5043 5041//5041
f 5046//5046 5047//5047 5043//5043
f 5048//5048 5051//5051 5042//5042
f 5042//5042 5051//5051 5036//5036
f 5055//5055 4849//4849 5049//5049
f 5048//5048 5053//5053 5051//5051
f 5050//5050 4863//4863 5035//5035
f 5052//5052 4852//4852 4864//4864
f 5056//5056 5053//5053 5048//5048
f 5056//5056 4818//4818 5053//5053
f 4817//4817 4822//4822 5054//5054
f 5054//5054 4822//4822 4851//4851
f 5057//5057 5047//5047 5046//5046
f 5059//5059 4818//4818 5056//5056
f 5046//5046 5058//5058 5057//5057
f 5046//5046 5061//5061 5058//5058
f 5060//5060 4806//4806 5059//5059
f 5059//5059 4806//4806 4818//4818
f 5062//5062 4811//4811 5060//5060
f 5063//5063 5061//5061 5046//5046
f 5060//5060 4811//4811 4806//4806
f 5062//5062 5065//5065 4811//4811
f 5064//5064 5063//5063 5046//5046
f 5046//5046 5066//5066 5064//5064
f 4811//4811 5065//5065 5067//5067
f 5046//5046 5068//5068 5066//5066
f 5071//5071 5067//5067 5069//5069
f 4811//4811 5067//5067 5071//5071
f 5072//5072 4778//4778 4810//4810
f 5070//5070 4745//4745 4779//4779
f 4733//4733 4745//4745 5070//5070
f 5071//5071 5069//5069 4732//4732
f 4732//4732 5069//5069 4726//4726
f 5074//5074 4725//4725 5068//5068
f 5074//5074 5068//5068 5046//5046
f 5078//5078 5075//5075 5045//5045
f 4719//4719 4725//4725 5074//5074
f 5076//5076 5073//5073 5079//5079
f 5076//5076 4717//4717 5073//5073
f 5078//5078 5045//5045 4048//4048
f 5081//5081 4068//4068 5083//5083
f 5082//5082 4065//4065 5085//5085
f 5082//5082 4069//4069 4065//4065
f 5087//5087 4144//4144 4696//4696
f 5086//5086 4698//4698 4718//4718
f 5086//5086 4718//4718 5077//5077
f 4140//4140 4144//4144 5087//5087
f 5084//5084 4064//4064 5089//5089
f 5088//5088 4078//4078 4134//4134
f 5089//5089 4064//4064 4074//4074
f 5088//5088 4075//4075 4078//4078
f 4050//4050 4072//4072 5080//5080
f 5081//5081 4070//4070 4068//4068
f 4046//4046 5044//5044 5040//5040
f 4049//4049 5044//5044 4046//4046
f 5041//5041 5032//5032 5090//5090
f 4047//4047 5039//5039 5091//5091
f 5090//5090 5032//5032 5013//5013
f 4047//4047 5091//5091 5094//5094
f 5093//5093 5092//5092 3992//3992
f 5090//5090 5013//5013 3993//3993
f 5093//5093 3992//3992 3996//3996
f 5033//5033 4865//4865 4881//4881
f 5017//5017 4931//4931 4989//4989
f 5018//5018 4919//4919 4932//4932
f 3993//3993 5013//5013 3995//3995
f 4961//4961 3652//3652 4982//4982
f 3653//3653 4980//4980 4983//4983
f 3649//3649 3646//3646 4976//4976
f 4944//4944 5096//5096 4966//4966
f 5103//5103 5100//5100 5097//5097
f 5098//5098 4946//4946 5114//5114
f 5098//5098 5106//5106 5102//5102
f 5098//5098 5111//5111 5106//5106
f 5114//5114 5111//5111 5098//5098
f 5117//5117 5113//5113 5122//5122
f 5119//5119 5112//5112 5116//5116
f 5119//5119 5110//5110 5112//5112
f 5114//5114 4950//4950 5121//5121
f 5114//5114 4946//4946 4950//4950
f 5121//5121 5134//5134 5125//5125
f 5136//5136 5123//5123 5126//5126
f 4950//4950 5129//5129 5121//5121
f 5121//5121 5129//5129 5134//5134
f 5117//5117 5122//5122 5137//5137
f 5136//5136 5126//5126 5138//5138
f 5140//5140 5146//5146 5135//5135
f 5135//5135 5142//5142 5115//5115
f 5135//5135 5146//5146 5142//5142
f 5145//5145 5148//5148 5155//5155
f 5150//5150 5149//5149 5144//5144
f 5140//5140 5151//5151 5146//5146
f 5145//5145 5155//5155 5143//5143
f 5147//5147 5162//5162 5153//5153
f 5153//5153 5167//5167 5157//5157
f 5141//5141 5154//5154 5156//5156
f 5153//5153 5162//5162 5167//5167
f 5166//5166 3225//3225 3231//3231
f 5159//5159 3228//3228 5165//5165
f 5164//5164 3232//3232 5170//5170
f 5157//5157 5167//5167 5168//5168
f 3237//3237 5171//5171 5169//5169
f 5157//5157 5168//5168 5172//5172
f 5157//5157 5172//5172 3258//3258
f 3234//3234 3259//3259 5173//5173
f 5147//5147 5175//5175 5162//5162
f 5174//5174 5179//5179 5161//5161
f 5177//5177 5184//5184 5160//5160
f 5163//5163 5185//5185 3229//3229
f 5178//5178 5191//5191 5186//5186
f 5187//5187 3204//3204 3227//3227
f 5188//5188 5192//5192 3205//3205
f 5195//5195 3144//3144 5193//5193
f 5182//5182 5197//5197 5190//5190
f 5193//5193 3144//3144 3191//3191
f 5189//5189 3192//3192 3203//3203
f 5196//5196 3135//3135 3145//3145
f 5207//5207 3135//3135 5196//5196
f 5202//5202 5198//5198 5183//5183
f 5200//5200 5206//5206 5194//5194
f 5215//5215 5224//5224 5205//5205
f 5218//5218 5210//5210 5208//5208
f 5216//5216 5209//5209 5199//5199
f 5205//5205 5224//5224 3130//3130
f 5211//5211 5236//5236 5225//5225
f 5221//5221 5229//5229 3081//3081
f 5226//5226 3082//3082 3133//3133
f 5222//5222 5232//5232 5228//5228
f 5235//5235 5230//5230 5223//5223
f 5235//5235 5239//5239 5230//5230
f 5234//5234 5246//5246 5238//5238
f 5251//5251 5242//5242 5233//5233
f 5241//5241 5246//5246 5234//5234
f 5248//5248 5236//5236 5211//5211
f 5250//5250 5254//5254 5265//5265
f 5252//5252 5258//5258 5257//5257
f 5212//5212 5259//5259 5249//5249
f 5266//5266 5242//5242 5251//5251
f 5267//5267 5270//5270 5281//5281
f 5268//5268 5256//5256 5271//5271
f 5269//5269 5277//5277 5240//5240
f 5280//5280 5277//5277 5269//5269
f 5283//5283 5272//5272 5284//5284
f 5285//5285 5290//5290 5282//5282
f 5282//5282 5290//5290 5278//5278
f 5288//5288 5295//5295 5289//5289
f 5296//5296 5305//5305 5291//5291
f 5292//5292 5299//5299 5276//5276
f 5291//5291 5305//5305 5300//5300
f 5306//5306 5303//5303 5314//5314
f 5298//5298 5304//5304 5307//5307
f 5294//5294 5313//5313 5302//5302
f 5310//5310 5315//5315 5316//5316
f 5317//5317 5311//5311 5323//5323
f 5320//5320 5313//5313 5294//5294
f 5321//5321 5324//5324 5312//5312
f 5317//5317 5323//5323 5327//5327
f 5328//5328 5325//5325 5333//5333
f 5337//5337 5332//5332 5326//5326
f 5339//5339 5324//5324 5321//5321
f 5341//5341 5336//5336 5322//5322
f 5350//5350 5336//5336 5341//5341
f 5345//5345 5332//5332 5337//5337
f 5349//5349 5344//5344 5338//5338
f 5354//5354 5348//5348 5364//5364
f 5354//5354 5358//5358 5348//5348
f 5359//5359 5344//5344 5349//5349
f 5351//5351 5342//5342 5366//5366
f 5367//5367 5369//5369 5376//5376
f 5380//5380 5370//5370 5361//5361
f 5362//5362 5372//5372 5353//5353
f 5363//5363 5386//5386 5377//5377
f 5365//5365 5340//5340 5389//5389
f 5343//5343 5319//5319 5385//5385
f 5388//5388 5295//5295 5288//5288
f 5384//5384 5387//5387 5287//5287
f 5385//5385 5319//5319 5293//5293
f 5378//5378 5396//5396 5368//5368
f 5379//5379 5275//5275 5390//5390
f 5392//5392 5398//5398 5381//5381
f 5382//5382 5397//5397 5395//5395
f 5383//5383 5286//5286 5274//5274
f 5402//5402 5399//5399 5403//5403
f 5402//5402 5394//5394 5399//5399
f 5399//5399 5391//5391 5403//5403
f 5403//5403 5415//5415 5408//5408
f 5412//5412 5404//5404 5407//5407
f 5411//5411 5405//5405 5413//5413
f 5411//5411 5400//5400 5405//5405
f 5403//5403 5391//5391 5415//5415
f 5393//5393 5255//5255 5416//5416
f 5408//5408 5415//5415 5420//5420
f 5417//5417 5264//5264 5418//5418
f 5417//5417 5253//5253 5264//5264
f 5408//5408 5420//5420 5422//5422
f 5420//5420 5425//5425 5422//5422
f 5260//5260 5426//5426 5419//5419
f 5263//5263 5428//5428 5424//5424
f 5422//5422 5425//5425 5432//5432
f 5434//5434 5432//5432 5446//5446
f 5422//5422 5432//5432 5434//5434
f 5436//5436 5440//5440 5431//5431
f 5438//5438 5427//5427 5262//5262
f 5429//5429 5443//5443 5217//5217
f 5430//5430 5219//5219 5447//5447
f 5445//5445 5204//5204 5448//5448
f 5434//5434 5446//5446 5451//5451
f 5444//5444 5220//5220 5203//5203
f 5451//5451 5175//5175 5147//5147
f 5451//5451 5147//5147 5434//5434
f 5449//5449 5181//5181 5176//5176
f 5450//5450 5201//5201 5180//5180
f 5442//5442 5439//5439 5213//5213
f 5441//5441 5210//5210 5218//5218
f 5214//5214 5437//5437 5261//5261
f 5150//5150 5435//5435 5149//5149
f 5454//5454 5423//5423 5433//5433
f 5454//5454 5433//5433 5152//5152
f 5457//5457 5453//5453 5460//5460
f 5455//5455 5421//5421 5452//5452
f 5460//5460 5453//5453 5151//5151
f 5460//5460 5461//5461 5457//5457
f 5458//5458 5467//5467 5463//5463
f 5139//5139 5464//5464 5459//5459
f 5460//5460 5151//5151 5140//5140
f 5458//5458 5466//5466 5467//5467
f 5465//5465 5477//5477 5469//5469
f 5470//5470 5469//5469 5476//5476
f 5462//5462 5468//5468 5472//5472
f 5469//5469 5480//5480 5476//5476
f 5469//5469 5477//5477 5480//5480
f 5479//5479 5488//5488 5483//5483
f 5481//5481 5492//5492 5474//5474
f 5482//5482 5485//5485 5489//5489
f 5475//5475 5490//5490 5495//5495
f 4828//4828 5491//5491 5484//5484
f 4794//4794 5496//5496 5493//5493
f 4797//4797 5491//5491 4828//4828
f 4785//4785 5501//5501 5494//5494
f 5506//5506 5499//5499 5500//5500
f 5473//5473 5498//5498 5509//5509
f 4786//4786 5497//5497 4795//4795
f 5476//5476 5508//5508 5470//5470
f 5507//5507 5505//5505 5512//5512
f 5470//5470 5508//5508 5510//5510
f 5511//5511 5520//5520 5515//5515
f 5510//5510 5514//5514 5522//5522
f 5511//5511 5502//5502 5520//5520
f 5470//5470 5510//5510 5522//5522
f 5526//5526 5471//5471 5523//5523
f 5526//5526 5523//5523 5535//5535
f 5522//5522 5531//5531 5528//5528
f 5534//5534 5521//5521 5527//5527
f 5522//5522 5514//5514 5531//5531
f 5537//5537 5533//5533 5543//5543
f 5539//5539 5533//5533 5537//5537
f 5539//5539 5525//5525 5533//5533
f 5534//5534 5527//5527 5542//5542
f 5537//5537 5543//5543 5547//5547
f 5551//5551 5547//5547 5543//5543
f 5544//5544 5529//5529 5549//5549
f 5544//5544 5549//5549 5552//5552
f 5555//5555 5547//5547 5551//5551
f 5553//5553 5559//5559 5554//5554
f 5553//5553 5550//5550 5559//5559
f 4614//4614 5557//5557 5548//5548
f 4602//4602 5557//5557 4614//4614
f 5556//5556 5558//5558 4603//4603
f 5555//5555 5560//5560 5547//5547
f 5563//5563 5560//5560 5555//5555
f 5556//5556 4603//4603 5564//5564
f 5563//5563 5569//5569 5560//5560
f 5565//5565 4606//4606 5568//5568
f 5567//5567 5569//5569 5563//5563
f 5565//5565 4604//4604 4606//4606
f 5571//5571 5574//5574 5576//5576
f 5578//5578 5572//5572 5570//5570
f 5571//5571 5576//5576 5561//5561
f 5567//5567 5579//5579 5569//5569
f 5578//5578 5582//5582 5572//5572
f 5584//5584 5581//5581 5580//5580
f 4404//4404 5586//5586 5579//5579
f 4404//4404 5579//5579 5567//5567
f 5584//5584 5592//5592 5581//5581
f 4385//4385 5588//5588 5586//5586
f 5587//5587 5591//5591 5585//5585
f 4385//4385 5586//5586 4404//4404
f 5590//5590 5594//5594 5600//5600
f 5590//5590 5603//5603 5594//5594
f 5600//5600 5583//5583 5590//5590
f 5587//5587 5598//5598 5591//5591
f 5597//5597 5603//5603 5590//5590
f 5611//5611 5604//5604 5623//5623
f 5616//5616 5605//5605 5612//5612
f 5618//5618 5595//5595 5606//5606
f 5597//5597 5620//5620 5603//5603
f 5607//5607 5619//5619 5622//5622
f 5627//5627 5643//5643 5629//5629
f 5628//5628 5637//5637 5626//5626
f 5624//5624 5634//5634 5640//5640
f 5625//5625 5621//5621 5648//5648
f 5624//5624 5640//5640 5609//5609
f 5627//5627 5647//5647 5643//5643
f 5646//5646 5620//5620 5597//5597
f 5651//5651 5646//5646 5597//5597
f 5651//5651 5645//5645 5646//5646
f 4379//4379 5652//5652 5650//5650
f 5653//5653 5645//5645 5651//5651
f 4379//4379 5650//5650 4388//4388
f 4386//4386 5649//5649 5599//5599
f 5655//5655 5664//5664 5653//5653
f 4376//4376 5656//5656 5654//5654
f 4376//4376 5654//5654 4378//4378
f 5653//5653 5660//5660 5645//5645
f 5664//5664 5660//5660 5653//5653
f 5655//5655 5668//5668 5664//5664
f 5670//5670 5665//5665 5666//5666
f 5669//5669 5662//5662 5663//5663
f 5680//5680 5693//5693 5674//5674
f 5680//5680 5674//5674 5685//5685
f 5694//5694 5661//5661 5675//5675
f 5683//5683 5673//5673 5689//5689
f 5695//5695 5687//5687 5671//5671
f 5697//5697 5672//5672 5667//5667
f 5698//5698 5701//5701 5706//5706
f 5698//5698 5655//5655 5701//5701
f 5668//5668 5655//5655 5698//5698
f 5702//5702 5686//5686 5696//5696
f 2233//2233 5708//5708 5703//5703
f 5704//5704 5714//5714 2230//2230
f 5705//5705 5709//5709 5690//5690
f 5701//5701 5715//5715 5706//5706
f 5701//5701 5718//5718 5715//5715
f 2228//2228 5713//5713 5716//5716
f 2229//2229 5717//5717 2238//2238
f 2244//2244 5718//5718 5701//5701
f 2236//2236 5718//5718 2244//2244
f 2235//2235 5719//5719 5710//5710
f 5728//5728 5707//5707 5721//5721
f 5724//5724 5711//5711 5729//5729
f 5725//5725 5688//5688 5712//5712
f 5732//5732 5726//5726 5731//5731
f 5732//5732 5731//5731 5736//5736
f 5738//5738 5730//5730 5720//5720
f 5740//5740 5739//5739 5744//5744
f 5740//5740 5734//5734 5739//5739
f 5742//5742 5737//5737 5746//5746
f 5738//5738 5720//5720 5747//5747
f 5742//5742 5746//5746 5753//5753
f 5748//5748 5749//5749 5755//5755
f 5748//5748 5722//5722 5749//5749
f 5754//5754 5745//5745 5757//5757
f 5756//5756 5751//5751 2227//2227
f 5754//5754 5757//5757 5760//5760
f 5761//5761 5758//5758 5765//5765
f 5756//5756 2227//2227 5764//5764
f 5772//5772 5763//5763 5769//5769
f 5762//5762 2222//2222 5768//5768
f 5762//5762 2224//2224 2222//2222
f 5761//5761 5765//5765 5773//5773
f 5776//5776 5772//5772 5778//5778
f 5779//5779 5773//5773 5775//5775
f 5772//5772 5769//5769 5778//5778
f 5779//5779 5761//5761 5773//5773
f 5783//5783 5780//5780 5774//5774
f 5787//5787 5780//5780 5783//5783
f 5789//5789 5759//5759 5781//5781
f 5783//5783 5792//5792 5787//5787
f 5791//5791 5743//5743 5788//5788
f 5742//5742 5753//5753 5786//5786
f 5785//5785 5754//5754 5760//5760
f 2135//2135 5741//5741 5790//5790
f 5792//5792 5783//5783 2136//2136
f 5793//5793 5740//5740 5744//5744
f 2136//2136 5783//5783 5806//5806
f 5783//5783 5774//5774 5794//5794
f 5795//5795 5799//5799 5782//5782
f 5803//5803 5784//5784 5800//5800
f 2136//2136 5806//5806 2137//2137
f 5804//5804 2146//2146 2140//2140
f 5805//5805 5810//5810 2145//2145
f 5802//5802 5809//5809 5807//5807
f 5811//5811 5808//5808 5801//5801
f 2166//2166 5808//5808 5811//5811
f 2162//2162 2145//2145 5810//5810
f 5777//5777 5816//5816 5813//5813
f 5777//5777 5813//5813 5798//5798
f 5815//5815 2164//2164 5812//5812
f 5814//5814 5818//5818 2160//2160
f 5771//5771 5817//5817 5816//5816
f 5777//5777 5771//5771 5816//5816
f 2174//2174 2165//2165 5820//5820
f 2175//2175 5819//5819 5770//5770
f 5796//5796 5777//5777 5798//5798
f 5776//5776 5778//5778 5797//5797
f 5767//5767 2183//2183 2173//2173
f 5766//5766 2219//2219 2184//2184
f 2235//2235 5752//5752 5719//5719
f 2226//2226 5750//5750 2232//2232
f 5823//5823 5733//5733 5741//5741
f 2135//2135 5823//5823 5741//5741
f 5826//5826 5822//5822 5831//5831
f 5827//5827 5834//5834 5821//5821
f 5829//5829 5824//5824 2134//2134
f 5834//5834 5837//5837 5821//5821
f 5823//5823 5838//5838 5733//5733
f 5839//5839 5723//5723 5735//5735
f 5839//5839 5682//5682 5723//5723
f 5834//5834 5843//5843 5837//5837
f 5844//5844 5684//5684 5840//5840
f 5850//5850 5845//5845 5841//5841
f 5846//5846 5678//5678 5842//5842
f 5844//5844 5679//5679 5684//5684
f 5850//5850 5841//5841 5836//5836
f 5855//5855 5848//5848 5851//5851
f 5857//5857 5855//5855 5851//5851
f 5856//5856 5852//5852 5862//5862
f 5863//5863 5849//5849 5835//5835
f 5860//5860 5849//5849 5863//5863
f 5864//5864 5833//5833 5866//5866
f 5871//5871 5865//5865 5868//5868
f 5871//5871 5861//5861 5865//5865
f 5871//5871 5878//5878 1904//1904
f 5871//5871 1904//1904 5873//5873
f 5873//5873 5883//5883 5871//5871
f 5869//5869 2060//2060 5875//5875
f 5871//5871 5828//5828 5830//5830
f 5868//5868 5828//5828 5871//5871
f 5871//5871 5830//5830 2136//2136
f 2136//2136 5880//5880 5871//5871
f 5879//5879 2059//2059 5870//5870
f 5871//5871 5883//5883 5888//5888
f 5871//5871 5888//5888 5890//5890
f 5890//5890 5896//5896 5871//5871
f 5871//5871 5896//5896 5911//5911
f 5899//5899 5902//5902 5871//5871
f 5871//5871 5911//5911 5899//5899
f 5871//5871 5902//5902 5905//5905
f 5871//5871 5905//5905 5859//5859
f 5859//5859 5861//5861 5871//5871
f 5894//5894 5914//5914 5910//5910
f 5909//5909 5915//5915 5901//5901
f 5912//5912 5913//5913 5917//5917
f 5916//5916 5919//5919 5897//5897
f 5916//5916 5926//5926 5919//5919
f 5916//5916 5920//5920 5926//5926
f 5913//5913 5921//5921 5917//5917
f 5918//5918 5924//5924 5938//5938
f 5925//5925 5932//5932 5939//5939
f 5925//5925 5933//5933 5932//5932
f 5923//5923 5936//5936 5927//5927
f 5937//5937 5641//5641 5946//5946
f 5937//5937 5929//5929 5641//5641
f 5918//5918 5938//5938 5943//5943
f 5942//5942 5940//5940 5945//5945
f 5944//5944 5642//5642 5638//5638
f 5942//5942 5945//5945 5948//5948
f 5949//5949 5947//5947 5950//5950
f 5944//5944 5638//5638 5951//5951
f 5855//5855 5953//5953 5848//5848
f 5952//5952 5957//5957 5847//5847
f 5949//5949 5950//5950 5854//5854
f 5952//5952 5636//5636 5957//5957
f 5632//5632 5955//5955 5635//5635
f 5681//5681 5954//5954 5631//5631
f 5846//5846 5956//5956 5678//5678
f 5904//5904 5942//5942 5948//5948
f 5904//5904 5948//5948 5908//5908
f 5907//5907 5949//5949 5854//5854
f 5898//5898 5941//5941 5903//5903
f 5900//5900 5918//5918 5943//5943
f 5928//5928 5935//5935 5614//5614
f 5615//5615 5934//5934 5958//5958
f 5923//5923 5959//5959 5936//5936
f 5615//5615 5958//5958 5973//5973
f 5962//5962 5960//5960 5922//5922
f 5962//5962 5978//5978 5960//5960
f 5961//5961 5976//5976 5972//5972
f 5971//5971 5977//5977 5984//5984
f 5979//5979 5975//5975 5964//5964
f 5979//5979 5987//5987 5975//5975
f 5990//5990 5986//5986 5982//5982
f 5990//5990 5997//5997 5986//5986
f 5992//5992 5985//5985 5998//5998
f 5970//5970 5983//5983 5993//5993
f 5992//5992 5998//5998 6006//6006
f 5996//5996 6010//6010 6005//6005
f 6013//6013 6008//6008 5999//5999
f 6013//6013 5999//5999 5988//5988
f 6018//6018 6012//6012 5991//5991
f 6017//6017 6014//6014 6020//6020
f 6017//6017 6021//6021 6014//6014
f 6022//6022 6007//6007 6011//6011
f 6026//6026 6023//6023 6016//6016
f 6026//6026 6034//6034 6023//6023
f 6022//6022 6029//6029 6007//6007
f 6032//6032 6031//6031 6024//6024
f 6038//6038 6033//6033 6025//6025
f 6038//6038 6043//6043 6033//6033
f 6032//6032 6046//6046 6031//6031
f 6039//6039 6044//6044 6035//6035
f 6054//6054 6048//6048 6063//6063
f 6056//6056 6047//6047 6051//6051
f 6057//6057 6028//6028 6045//6045
f 6039//6039 6067//6067 6044//6044
f 6068//6068 6072//6072 6077//6077
f 6080//6080 6070//6070 6069//6069
f 6065//6065 6078//6078 6086//6086
f 6050//6050 6064//6064 6085//6085
f 6079//6079 6066//6066 6040//6040
f 6097//6097 6084//6084 6095//6095
f 6088//6088 6076//6076 6091//6091
f 6089//6089 6104//6104 6052//6052
f 6102//6102 6087//6087 6096//6096
f 6108//6108 6106//6106 6105//6105
f 6101//6101 6107//6107 6049//6049
f 6098//6098 6110//6110 6103//6103
f 6117//6117 6118//6118 6111//6111
f 6114//6114 6113//6113 6128//6128
f 6108//6108 6121//6121 6106//6106
f 6109//6109 6135//6135 6122//6122
f 6099//6099 6134//6134 6112//6112
f 6109//6109 6132//6132 6135//6135
f 6131//6131 6142//6142 6136//6136
f 6136//6136 6142//6142 6144//6144
f 6138//6138 6145//6145 6148//6148
f 6137//6137 6147//6147 6125//6125
f 6124//6124 6149//6149 5360//5360
f 6148//6148 6145//6145 6153//6153
f 6150//6150 6152//6152 5357//5357
f 6154//6154 6159//6159 6163//6163
f 6143//6143 6159//6159 6154//6154
f 5357//5357 6152//6152 5347//5347
f 6151//6151 6162//6162 5346//5346
f 6167//6167 6161//6161 6158//6158
f 5331//5331 6160//6160 6165//6165
f 5346//5346 6162//6162 5335//5335
f 3079//3079 5330//5330 6168//6168
f 6168//6168 6170//6170 3079//3079
f 5329//5329 5334//5334 6166//6166
f 6164//6164 6156//6156 6169//6169
f 3079//3079 6170//6170 6177//6177
f 6171//6171 6157//6157 6172//6172
f 6171//6171 6172//6172 6179//6179
f 3079//3079 6177//6177 6182//6182
f 6176//6176 6187//6187 6183//6183
f 6178//6178 6175//6175 6186//6186
f 6141//6141 6185//6185 6173//6173
f 6093//6093 6185//6185 6141//6141
f 6090//6090 6071//6071 6184//6184
f 6191//6191 6180//6180 6188//6188
f 6191//6191 6188//6188 6081//6081
f 6083//6083 6189//6189 6074//6074
f 1906//1906 6181//6181 6194//6194
f 6193//6193 6082//6082 6042//6042
f 6190//6190 6041//6041 6037//6037
f 1905//1905 6192//6192 6036//6036
f 1904//1904 3079//3079 6182//6182
f 6146//6146 6174//6174 6155//6155
f 6139//6139 6174//6174 6146//6146
f 6133//6133 6092//6092 6140//6140
f 6100//6100 6092//6092 6133//6133
f 6123//6123 6197//6197 6116//6116
f 6126//6126 6200//6200 6196//6196
f 5352//5352 5374//5374 6127//6127
f 5375//5375 6199//6199 6130//6130
f 6129//6129 5356//5356 5355//5355
f 6201//6201 6198//6198 5373//5373
f 6201//6201 6195//6195 6198//6198
f 5371//5371 6201//6201 5373//5373
f 5371//5371 5402//5402 6201//6201
f 6205//6205 6195//6195 6201//6201
f 5536//5536 6204//6204 6202//6202
f 5536//5536 6202//6202 5540//5540
f 5541//5541 6203//6203 5401//5401
f 6115//6115 6205//6205 6119//6119
f 6115//6115 6195//6195 6205//6205
f 6119//6119 6205//6205 6207//6207
f 5545//5545 6209//6209 6206//6206
f 5545//5545 6206//6206 5538//5538
f 6119//6119 6207//6207 6210//6210
f 5562//5562 5575//5575 6208//6208
f 6210//6210 6207//6207 5577//5577
f 5562//5562 6208//6208 5546//5546
f 6049//6049 6107//6107 6212//6212
f 6107//6107 6120//6120 6212//6212
f 6053//6053 6213//6213 6055//6055
f 6210//6210 5577//5577 6216//6216
f 6062//6062 6211//6211 6215//6215
f 5577//5577 6218//6218 6216//6216
f 6061//6061 6214//6214 6219//6219
f 6223//6223 6060//6060 6217//6217
f 5577//5577 6220//6220 6218//6218
f 6221//6221 6000//6000 6059//6059
f 6225//6225 6003//6003 6222//6222
f 5573//5573 6224//6224 6220//6220
f 5573//5573 6220//6220 5577//5577
f 6227//6227 5995//5995 6002//6002
f 5966//5966 5994//5994 6228//6228
f 5583//5583 6224//6224 5573//5573
f 5583//5583 6231//6231 6224//6224
f 6226//6226 6229//6229 5968//5968
f 5600//5600 6231//6231 5583//5583
f 5969//5969 6230//6230 5602//5602
f 6075//6075 6073//6073 6094//6094
f 6001//6001 6027//6027 6058//6058
f 5872//5872 6038//6038 6025//6025
f 1905//1905 6036//6036 5874//5874
f 6004//6004 6009//6009 6030//6030
f 5882//5882 6026//6026 6016//6016
f 5872//5872 6025//6025 5885//5885
f 5889//5889 6017//6017 6020//6020
f 5887//5887 6019//6019 5891//5891
f 6018//6018 5991//5991 6232//6232
f 6018//6018 6232//6232 5893//5893
f 5892//5892 6233//6233 6235//6235
f 6233//6233 5981//5981 6235//6235
f 6233//6233 5989//5989 5981//5981
f 5892//5892 6235//6235 5895//5895
f 5894//5894 6234//6234 5914//5914
f 6234//6234 5980//5980 5965//5965
f 6234//6234 5965//5965 5914//5914
f 5884//5884 6015//6015 5886//5886
f 5967//5967 5596//5596 5613//5613
f 5974//5974 5601//5601 5593//5593
f 5913//5913 5963//5963 5921//5921
f 5610//5610 5639//5639 5930//5930
f 5608//5608 5931//5931 5617//5617
f 5906//5906 5853//5853 5858//5858
f 6236//6236 6241//6241 5881//5881
f 2136//2136 6238//6238 5880//5880
f 5881//5881 6241//6241 2058//2058
f 6242//6242 6239//6239 6237//6237
f 6243//6243 2114//2114 6240//6240
f 2093//2093 6240//6240 2114//2114
f 2057//2057 6240//6240 2093//2093
f 2054//2054 2058//2058 6241//6241
f 6244//6244 6238//6238 2136//2136
f 2123//2123 2113//2113 6245//6245
f 2136//2136 2124//2124 6244//6244
f 5876//5876 2041//2041 6246//6246
f 1904//1904 5878//5878 6247//6247
f 5877//5877 2061//2061 2044//2044
f 6248//6248 2042//2042 6252//6252
f 1904//1904 6247//6247 6251//6251
f 6250//6250 2043//2043 2035//2035
f 6249//6249 2034//2034 6256//6256
f 6251//6251 6255//6255 1904//1904
f 6253//6253 2036//2036 2025//2025
f 6254//6254 2024//2024 1994//1994
f 1904//1904 6255//6255 1995//1995
f 5867//5867 5832//5832 5825//5825
f 5683//5683 5689//5689 5727//5727
f 2260//2260 2245//2245 5699//5699
f 2260//2260 5699//5699 4368//4368
f 4370//4370 5700//5700 5657//5657
f 6260//6260 5658//5658 5691//5691
f 5676//5676 6257//6257 5692//5692
f 5633//5633 5659//5659 6258//6258
f 5630//5630 6259//6259 5677//5677
f 5633//5633 5644//5644 5659//5659
f 4370//4370 5657//5657 4375//4375
f 4386//4386 5599//5599 5589//5589
f 4387//4387 5588//5588 4385//4385
f 5566//5566 4407//4407 4402//4402
f 5566//5566 4607//4607 4407//4407
f 4629//4629 5548//5548 5528//5528
f 4614//4614 5548//5548 4629//4629
f 5410//5410 5525//5525 5539//5539
f 5541//5541 5401//5401 5409//5409
f 5513//5513 6263//6263 5532//5532
f 5530//5530 6261//6261 6270//6270
f 5530//5530 6270//6270 6272//6272
f 6273//6273 5528//5528 5531//5531
f 6271//6271 4634//4634 4628//4628
f 4629//4629 5528//5528 6273//6273
f 6271//6271 6266//6266 4634//4634
f 6280//6280 6269//6269 6262//6262
f 6276//6276 6268//6268 6281//6281
f 6277//6277 4633//4633 6267//6267
f 6290//6290 6278//6278 6283//6283
f 6289//6289 6284//6284 4750//4750
f 4749//4749 6279//6279 4764//4764
f 6282//6282 6265//6265 4763//4763
f 4734//4734 6287//6287 4753//4753
f 4683//4683 6286//6286 4737//4737
f 4675//4675 6274//6274 6285//6285
f 4685//4685 4674//4674 6288//6288
f 4646//4646 4633//4633 6277//6277
f 4673//4673 4645//4645 6275//6275
f 5513//5513 5516//5516 6263//6263
f 4765//4765 6264//6264 5517//5517
f 5414//5414 5525//5525 5410//5410
f 5462//5462 5472//5472 5524//5524
f 5414//5414 5461//5461 5525//5525
f 4769//4769 5518//5518 5504//5504
f 4761//4761 5519//5519 4771//4771
f 4770//4770 5503//5503 4784//4784
f 6297//6297 5486//5486 5478//5478
f 4834//4834 5487//5487 6294//6294
f 6297//6297 6292//6292 5486//5486
f 4829//4829 5487//5487 4834//4834
f 5465//5465 6298//6298 5477//5477
f 6300//6300 6298//6298 5465//5465
f 6299//6299 6291//6291 6296//6296
f 5125//5125 6300//6300 5465//5465
f 5125//5125 6304//6304 6300//6300
f 6302//6302 6310//6310 6301//6301
f 6299//6299 6311//6311 6291//6291
f 4867//4867 6308//6308 4906//4906
f 6305//6305 4901//4901 6306//6306
f 4847//4847 6295//6295 6309//6309
f 4845//4845 6307//6307 4866//4866
f 5134//5134 6304//6304 5125//5125
f 5131//5131 4905//4905 6303//6303
f 4835//4835 6293//6293 4844//4844
f 5139//5139 5124//5124 5464//5464
f 5457//5457 5461//5461 5414//5414
f 5412//5412 5407//5407 5456//5456
f 5455//5455 5406//5406 5421//5421
f 5394//5394 5402//5402 5371//5371
f 5393//5393 5273//5273 5255//5255
f 3079//3079 5318//5318 5330//5330
f 5308//5308 5318//5318 3079//3079
f 6314//6314 5301//5301 5309//5309
f 3079//3079 6312//6312 5308//5308
f 6313//6313 6316//6316 5297//5297
f 6320//6320 6317//6317 6315//6315
f 3079//3079 6321//6321 6312//6312
f 6324//6324 6321//6321 3079//3079
f 6323//6323 5245//5245 6322//6322
f 6320//6320 5244//5244 6317//6317
f 3079//3079 5231//5231 6324//6324
f 5230//5230 5239//5239 6325//6325
f 6323//6323 5237//5237 5245//5245
f 5243//5243 6319//6319 5247//5247
f 5276//5276 5299//5299 6318//6318
f 5279//5279 6319//6319 5243//5243
f 3079//3079 5227//5227 5231//5231
f 3080//3080 5227//5227 3079//3079
f 5157//5157 3258//3258 6326//6326
f 6329//6329 5158//5158 6328//6328
f 5141//5141 5156//5156 6331//6331
f 5115//5115 5142//5142 6330//6330
f 5115//5115 6330//6330 5120//5120
f 5120//5120 6330//6330 6334//6334
f 6329//6329 6328//6328 6332//6332
f 6333//6333 6327//6327 6346//6346
f 6335//6335 6338//6338 6334//6334
f 6333//6333 6346//6346 6336//6336
f 6342//6342 6334//6334 6338//6338
f 5120//5120 6334//6334 6342//6342
f 6345//6345 6351//6351 6347//6347
f 6337//6337 6344//6344 6348//6348
f 6345//6345 6357//6357 6351//6351
f 6326//6326 6355//6355 6345//6345
f 6345//6345 6355//6355 6357//6357
f 6371//6371 6352//6352 6358//6358
f 6359//6359 6353//6353 6362//6362
f 6360//6360 6363//6363 6372//6372
f 6369//6369 6377//6377 6350//6350
f 6370//6370 3314//3314 3336//3336
f 3338//3338 6382//6382 6374//6374
f 3296//3296 3305//3305 6373//6373
f 6361//6361 3293//3293 6366//6366
f 6368//6368 3304//3304 3313//3313
f 6378//6378 6376//6376 6367//6367
f 3333//3333 6384//6384 6380//6380
f 6386//6386 6347//6347 6381//6381
f 6347//6347 6375//6375 6381//6381
f 3330//3330 6379//6379 3335//3335
f 6393//6393 6389//6389 6383//6383
f 6388//6388 6399//6399 6386//6386
f 6386//6386 6399//6399 6347//6347
f 6395//6395 6385//6385 3329//3329
f 6402//6402 6398//6398 6411//6411
f 6402//6402 6349//6349 6398//6398
f 6399//6399 6388//6388 6405//6405
f 6399//6399 6405//6405 6406//6406
f 6409//6409 6397//6397 6407//6407
f 6413//6413 3583//3583 6410//6410
f 6409//6409 6407//6407 6412//6412
f 6410//6410 3583//3583 6401//6401
f 6414//6414 6417//6417 3558//3558
f 6414//6414 6408//6408 6417//6417
f 3557//3557 3564//3564 6413//6413
f 6413//6413 3564//3564 3583//3583
f 6416//6416 6418//6418 6423//6423
f 6416//6416 6427//6427 6418//6418
f 3556//3556 6415//6415 6422//6422
f 6406//6406 6427//6427 6416//6416
f 6431//6431 6437//6437 6426//6426
f 6406//6406 6429//6429 6427//6427
f 6444//6444 6420//6420 6424//6424
f 6425//6425 6435//6435 6441//6441
f 6424//6424 6442//6442 6444//6444
f 6445//6445 6450//6450 6419//6419
f 6453//6453 6452//6452 6446//6446
f 6459//6459 6454//6454 6447//6447
f 6443//6443 3403//3403 6448//6448
f 6449//6449 3407//3407 6458//6458
f 6449//6449 3399//3399 3407//3407
f 6460//6460 3413//3413 3465//3465
f 3463//3463 6455//6455 6461//6461
f 6462//6462 3404//3404 3412//3412
f 6423//6423 6451//6451 6456//6456
f 3464//3464 6464//6464 6457//6457
f 6468//6468 6456//6456 6463//6463
f 6423//6423 6456//6456 6468//6468
f 6468//6468 6463//6463 6471//6471
f 6471//6471 3536//3536 6468//6468
f 3542//3542 6469//6469 3535//3535
f 3559//3559 6467//6467 3541//3541
f 3559//3559 6421//6421 6467//6467
f 6471//6471 6474//6474 3536//3536
f 3457//3457 6473//6473 6470//6470
f 3456//3456 6472//6472 6465//6465
f 3521//3521 6475//6475 3455//3455
f 3536//3536 6474//6474 3523//3523
f 3454//3454 6466//6466 3460//3460
f 6418//6418 6451//6451 6423//6423
f 6434//6434 3371//3371 6440//6440
f 6439//6439 3370//3370 3400//3400
f 6478//6478 3362//3362 6433//6433
f 6430//6430 6479//6479 6438//6438
f 6436//6436 3361//3361 3372//3372
f 6392//6392 3346//3346 6476//6476
f 6391//6391 6477//6477 6428//6428
f 6476//6476 3346//3346 3359//3359
f 6432//6432 6403//6403 6390//6390
f 6405//6405 6429//6429 6406//6406
f 3556//3556 6422//6422 3560//3560
f 6394//6394 6404//6404 6387//6387
f 6401//6401 6482//6482 6335//6335
f 6337//6337 6348//6348 6400//6400
f 6401//6401 3583//3583 6482//6482
f 3582//3582 3591//3591 6480//6480
f 6335//6335 6482//6482 6338//6338
f 6481//6481 3589//3589 3618//3618
f 6481//6481 3618//3618 6340//6340
f 3331//3331 3347//3347 6396//6396
f 6347//6347 6351//6351 6375//6375
f 6365//6365 6354//6354 3261//3261
f 6365//6365 3261//3261 3264//3264
f 6364//6364 3263//3263 3271//3271
f 3274//3274 3293//3293 6361//6361
f 6326//6326 3258//3258 6355//6355
f 3262//3262 6356//6356 3257//3257
f 6341//6341 5109//5109 5118//5118
f 6339//6339 5108//5108 6343//6343
f 6341//6341 5107//5107 5109//5109
f 6339//6339 3617//3617 5108//5108
f 5128//5128 4898//4898 5132//5132
f 5133//5133 4896//4896 4904//4904
f 4949//4949 4915//4915 5130//5130
f 5127//5127 4916//4916 4900//4900
f 5102//5102 5106//5106 3619//3619
f 5102//5102 3619//3619 3621//3621
f 5104//5104 3631//3631 5101//5101
f 3622//3622 3629//3629 5105//5105
f 3630//3630 4960//4960 5099//5099
f 3632//3632 3651//3651 4959//4959
f 4798//4798 4796//4796 4830//4830
f 4721//4721 4687//4687 4736//4736
f 4682//4682 4684//4684 4722//4722
f 4697//4697 4495//4495 4497//4497
f 4142//4142 4495//4495 4697//4697
f 4619//4619 4659//4659 4588//4588
f 4588//4588 4659//4659 4595//4595
f 4605//4605 4564//4564 4406//4406
f 4605//4605 4579//4579 4564//4564
f 4594//4594 4513//4513 4523//4523
f 4564//4564 4569//4569 4406//4406
f 4570//4570 4556//4556 4409//4409
f 4406//4406 4569//4569 4408//4408
f 4557//4557 4430//4430 4418//4418
f 4410//4410 4552//4552 4417//4417
f 4142//4142 4489//4489 4495//4495
f 4479//4479 4489//4489 4142//4142
f 4479//4479 4142//4142 4151//4151
f 4435//4435 4464//4464 4446//4446
f 4287//4287 4453//4453 4282//4282
f 4167//4167 4281//4281 4455//4455
f 4167//4167 4455//4455 4156//4156
f 4398//4398 4318//4318 4329//4329
f 4363//4363 2566//2566 2277//2277
f 2279//2279 2273//2273 4364//4364
f 4356//4356 2559//2559 4361//4361
f 4362//4362 2560//2560 2568//2568
f 4356//4356 4234//4234 2559//2559
f 4327//4327 4330//4330 4345//4345
f 4300//4300 4260//4260 4251//4251
f 4281//4281 4174//4174 4163//4163
f 4172//4172 4281//4281 4167//4167
f 4172//4172 4174//4174 4281//4281
f 4232//4232 4211//4211 2557//2557
f 4210//4210 4195//4195 2565//2565
f 2557//2557 4211//4211 2564//2564
f 4202//4202 4185//4185 6484//6484
f 2572//2572 4200//4200 2584//2584
f 4202//4202 6484//6484 2586//2586
f 4196//4196 4200//4200 2572//2572
f 4184//4184 4168//4168 6483//6483
f 2586//2586 6484//6484 2608//2608
f 6483//6483 4168//4168 2607//2607
f 2565//2565 4195//4195 2573//2573
f 4184//4184 4160//4160 4168//4168
f 4126//4126 2605//2605 4169//4169
f 2606//2606 2607//2607 4168//4168
f 4135//4135 4077//4077 4089//4089
f 6486//6486 2605//2605 4126//4126
f 4118//4118 6487//6487 4127//4127
f 6486//6486 2603//2603 2605//2605
f 6488//6488 2603//2603 6486//6486
f 6492//6492 6489//6489 6485//6485
f 6492//6492 6485//6485 4117//4117
f 2697//2697 6490//6490 6493//6493
f 6488//6488 6494//6494 2603//2603
f 2697//2697 2688//2688 6490//6490
f 2689//2689 6494//6494 6488//6488
f 6495//6495 2614//2614 2604//2604
f 2689//2689 6497//6497 6494//6494
f 6496//6496 2614//2614 6495//6495
f 2650//2650 2629//2629 6496//6496
f 2689//2689 2649//2649 6497//6497
f 6496//6496 2629//2629 2614//2614
f 4122//4122 4093//4093 4098//4098
f 4121//4121 4099//4099 4109//4109
f 6498//6498 2720//2720 2706//2706
f 6499//6499 2735//2735 2722//2722
f 4039//4039 2735//2735 6499//6499
f 4063//4063 4088//4088 4076//4076
f 4050//4050 4059//4059 4072//4072
f 4051//4051 4052//4052 4060//4060
f 6502//6502 2733//2733 4037//4037
f 6503//6503 2737//2737 6501//6501
f 6502//6502 2738//2738 2733//2733
f 6503//6503 2744//2744 2737//2737
f 4034//4034 2745//2745 6505//6505
f 4034//4034 4019//4019 2745//2745
f 2750//2750 4018//4018 4007//4007
f 2750//2750 2746//2746 4018//4018
f 3732//3732 3734//3734 3987//3987
f 3678//3678 3733//3733 3662//3662
f 2952//2952 2933//2933 3548//3548
f 3453//3453 3516//3516 3524//3524
f 3458//3458 3470//3470 3518//3518
f 3519//3519 3471//3471 3494//3494
f 3098//3098 3481//3481 3487//3487
f 3439//3439 3442//3442 3483//3483
f 3102//3102 3486//3486 3443//3443
f 3096//3096 3485//3485 3103//3103
f 3415//3415 3431//3431 3462//3462
f 3105//3105 3444//3444 3429//3429
f 3101//3101 3445//3445 3106//3106
f 3110//3110 3427//3427 3421//3421
f 3105//3105 3429//3429 3107//3107
f 3393//3393 3112//3112 3419//3419
f 3109//3109 3420//3420 3115//3115
f 3374//3374 3377//3377 3402//3402
f 3382//3382 3123//3123 3122//3122
f 3128//3128 3125//3125 3381//3381
f 3176//3176 3246//3246 3216//3216
f 3161//3161 3247//3247 3177//3177
f 3206//3206 3209//3209 3226//3226
f 3175//3175 3215//3215 3180//3180
f 3077//3077 6509//6509 3046//3046
f 1904//1904 6510//6510 3079//3079
f 3050//3050 3078//3078 3044//3044
f 3045//3045 6507//6507 6511//6511
f 6512//6512 6506//6506 1916//1916
f 1915//1915 6508//6508 1901//1901
f 1900//1900 6510//6510 1904//1904
f 6513//6513 6512//6512 6521//6521
f 6515//6515 3049//3049 6511//6511
f 6521//6521 6512//6512 1916//1916
f 3045//3045 6511//6511 3049//3049
f 6524//6524 6522//6522 1920//1920
f 6527//6527 6522//6522 6524//6524
f 6529//6529 6517//6517 6519//6519
f 6520//6520 1914//1914 1917//1917
f 6535//6535 6528//6528 6526//6526
f 6541//6541 6530//6530 6534//6534
f 6540//6540 6517//6517 6529//6529
f 2995//2995 6539//6539 6536//6536
f 6538//6538 3032//3032 6518//6518
f 3001//3001 3033//3033 6542//6542
f 3000//3000 6537//6537 2999//2999
f 6535//6535 6526//6526 6550//6550
f 6553//6553 6533//6533 6545//6545
f 6532//6532 2970//2970 2980//2980
f 6555//6555 2969//2969 6531//6531
f 6532//6532 2980//2980 2996//2996
f 6543//6543 6558//6558 6552//6552
f 6554//6554 6556//6556 2965//2965
f 6554//6554 2965//2965 2968//2968
f 2965//2965 6556//6556 6562//6562
f 6546//6546 6559//6559 6557//6557
f 6562//6562 6556//6556 6561//6561
f 6576//6576 6563//6563 6565//6565
f 6570//6570 6566//6566 6562//6562
f 6570//6570 6562//6562 6579//6579
f 6573//6573 6564//6564 6577//6577
f 6573//6573 2967//2967 6564//6564
f 6562//6562 6561//6561 6579//6579
f 6584//6584 6569//6569 6580//6580
f 6587//6587 6578//6578 6591//6591
f 6581//6581 6560//6560 6548//6548
f 6592//6592 6582//6582 6551//6551
f 6544//6544 1932//1932 6593//6593
f 6590//6590 1940//1940 6583//6583
f 6590//6590 1933//1933 1940//1940
f 6586//6586 6609//6609 6601//6601
f 6595//6595 6568//6568 6588//6588
f 1939//1939 6602//6602 6589//6589
f 6585//6585 6604//6604 6606//6606
f 6599//6599 6610//6610 6611//6611
f 6605//6605 1959//1959 6608//6608
f 6608//6608 1959//1959 1966//1966
f 6607//6607 1965//1965 6612//6612
f 6597//6597 6614//6614 6625//6625
f 6613//6613 1986//1986 6616//6616
f 6615//6615 6617//6617 6624//6624
f 6612//6612 1965//1965 1985//1985
f 6623//6623 6626//6626 6596//6596
f 6630//6630 6629//6629 6620//6620
f 6622//6622 2008//2008 6633//6633
f 6621//6621 6618//6618 2009//2009
f 6630//6630 6636//6636 6629//6629
f 6643//6643 6637//6637 6631//6631
f 6634//6634 2010//2010 6641//6641
f 6632//6632 2006//2006 2014//2014
f 6638//6638 6645//6645 6648//6648
f 2342//2342 6646//6646 6642//6642
f 6644//6644 6651//6651 2341//2341
f 6643//6643 6649//6649 6637//6637
f 6639//6639 2033//2033 6654//6654
f 2013//2013 2020//2020 6640//6640
f 6639//6639 2022//2022 2033//2033
f 6653//6653 2030//2030 6656//6656
f 2338//2338 6652//6652 6655//6655
f 6658//6658 2047//2047 2072//2072
f 2344//2344 6657//6657 2071//2071
f 6656//6656 2030//2030 2045//2045
f 2339//2339 6659//6659 2343//2343
f 2356//2356 6635//6635 6650//6650
f 2356//2356 6650//6650 2335//2335
f 6650//6650 6647//6647 2335//2335
f 2335//2335 6647//6647 2340//2340
f 6662//6662 6628//6628 6635//6635
f 6662//6662 6635//6635 2356//2356
f 6566//6566 6668//6668 6662//6662
f 6663//6663 6567//6567 6661//6661
f 6663//6663 6661//6661 2359//2359
f 2360//2360 6660//6660 2358//2358
f 6668//6668 6628//6628 6662//6662
f 6566//6566 6671//6671 6668//6668
f 6598//6598 6666//6666 6669//6669
f 6627//6627 6667//6667 6594//6594
f 6671//6671 6566//6566 6570//6570
f 6600//6600 6670//6670 6571//6571
f 6576//6576 6565//6565 6664//6664
f 6665//6665 2366//2366 6575//6575
f 2361//2361 2366//2366 6665//6665
f 6619//6619 1989//1989 2005//2005
f 6616//6616 1986//1986 1990//1990
f 1938//1938 1943//1943 6603//6603
f 6603//6603 1943//1943 1958//1958
f 6575//6575 6673//6673 6572//6572
f 6575//6575 2366//2366 6673//6673
f 6672//6672 6677//6677 2900//2900
f 6672//6672 2900//2900 2920//2920
f 6572//6572 6673//6673 2922//2922
f 2365//2365 6676//6676 6674//6674
f 6678//6678 6683//6683 6675//6675
f 2370//2370 6678//6678 6675//6675
f 2365//2365 2368//2368 6676//6676
f 6675//6675 2892//2892 2899//2899
f 6675//6675 6683//6683 2892//2892
f 6681//6681 6687//6687 2889//2889
f 6680//6680 6688//6688 6682//6682
f 6681//6681 2889//2889 2893//2893
f 6692//6692 2888//2888 6686//6686
f 6691//6691 6684//6684 6698//6698
f 6696//6696 6685//6685 6705//6705
f 6680//6680 6704//6704 6688//6688
f 6710//6710 6706//6706 6679//6679
f 6707//6707 2403//2403 6701//6701
f 6715//6715 6703//6703 2404//2404
f 6695//6695 6702//6702 6711//6711
f 6716//6716 6712//6712 6722//6722
f 6717//6717 6700//6700 6713//6713
f 6722//6722 6712//6712 2401//2401
f 6714//6714 2406//2406 2398//2398
f 6726//6726 6720//6720 6721//6721
f 6724//6724 2402//2402 2413//2413
f 2668//2668 6723//6723 2414//2414
f 6725//6725 6723//6723 2668//2668
f 6732//6732 6720//6720 6726//6726
f 6736//6736 6731//6731 6727//6727
f 2675//2675 6728//6728 2669//2669
f 6735//6735 6728//6728 2675//2675
f 6734//6734 6737//6737 6739//6739
f 6734//6734 2690//2690 6737//6737
f 2676//2676 2690//2690 6734//6734
f 6740//6740 6731//6731 6736//6736
f 6739//6739 6742//6742 6744//6744
f 6739//6739 6737//6737 6742//6742
f 6747//6747 6752//6752 6741//6741
f 6741//6741 6752//6752 6729//6729
f 6745//6745 6765//6765 6749//6749
f 6750//6750 6764//6764 6730//6730
f 6751//6751 6753//6753 6759//6759
f 6766//6766 6757//6757 6748//6748
f 6770//6770 6767//6767 6746//6746
f 6770//6770 2831//2831 6767//6767
f 2833//2833 2873//2873 6768//6768
f 6769//6769 2875//2875 6756//6756
f 6744//6744 2793//2793 6771//6771
f 6771//6771 2791//2791 2820//2820
f 6771//6771 2793//2793 2791//2791
f 2821//2821 2831//2831 6770//6770
f 6733//6733 6763//6763 6718//6718
f 6754//6754 6693//6693 6762//6762
f 6761//6761 6694//6694 6699//6699
f 6760//6760 6697//6697 6719//6719
f 2874//2874 2879//2879 6755//6755
f 6758//6758 2880//2880 6689//6689
f 6744//6744 6742//6742 2793//2793
f 2796//2796 6743//6743 6738//6738
f 2794//2794 6743//6743 2796//2796
f 2684//2684 6738//6738 2691//2691
f 2796//2796 6738//6738 2684//2684
f 2370//2370 6708//6708 6678//6678
f 2380//2380 2405//2405 6709//6709
f 2377//2377 6708//6708 2370//2370
f 2881//2881 2887//2887 6690//6690
f 2960//2960 2966//2966 6574//6574
f 6572//6572 2922//2922 2959//2959
f 6523//6523 1928//1928 6549//6549
f 6547//6547 1927//1927 1930//1930
f 6525//6525 1919//1919 1926//1926
f 3034//3034 3039//3039 6514//6514
f 3036//3036 3047//3047 6516//6516
f 3016//3016 3064//3064 3022//3022
f 3007//3007 3030//3030 3002//3002
f 2919//2919 2959//2959 2922//2922
f 2926//2926 2959//2959 2919//2919
f 2939//2939 2912//2912 2907//2907
f 2855//2855 2862//2862 2908//2908
f 2830//2830 2826//2826 2870//2870
f 2811//2811 2842//2842 2813//2813
f 2820//2820 2791//2791 2789//2789
f 2704//2704 2795//2795 2686//2686
f 2782//2782 2797//2797 2703//2703
f 2694//2694 2692//2692 2676//2676
f 2694//2694 2676//2676 2677//2677
f 2676//2676 2692//2692 2690//2690
f 2639//2639 2434//2434 2450//2450
f 2587//2587 2610//2610 2589//2589
f 2598//2598 2518//2518 2527//2527
f 2283//2283 2278//2278 2545//2545
f 2290//2290 2513//2513 6774//6774
f 6772//6772 2510//2510 2478//2478
f 2289//2289 6775//6775 2292//2292
f 2292//2292 6775//6775 2481//2481
f 6773//6773 2479//2479 2483//2483
f 2449//2449 2448//2448 2494//2494
f 2292//2292 2481//2481 6776//6776
f 2481//2481 2462//2462 6776//6776
f 6780//6780 6777//6777 2382//2382
f 2298//2298 6778//6778 6779//6779
f 2298//2298 2293//2293 6778//6778
f 6776//6776 2462//2462 2467//2467
f 6776//6776 2467//2467 2381//2381
f 6781//6781 2304//2304 2299//2299
f 6780//6780 2382//2382 2351//2351
f 2350//2350 2326//2326 6781//6781
f 6781//6781 2326//2326 2304//2304
f 2466//2466 2428//2428 6783//6783
f 2467//2467 6782//6782 2381//2381
f 2381//2381 6782//6782 2374//2374
f 6784//6784 2426//2426 2391//2391
f 6784//6784 2391//2391 2376//2376
f 2345//2345 2070//2070 2323//2323
f 2324//2324 2068//2068 2073//2073
f 2312//2312 2103//2103 2318//2318
f 2254//2254 2317//2317 6785//6785
f 2315//2315 2201//2201 6787//6787
f 2316//2316 2104//2104 2202//2202
f 2254//2254 6785//6785 6790//6790
f 2203//2203 6789//6789 6786//6786
f 2199//2199 2195//2195 6788//6788
f 2197//2197 2254//2254 6790//6790
f 2076//2076 2088//2088 2310//2310
f 2311//2311 2089//2089 2101//2101
f 2178//2178 2185//2185 2221//2221
f 6791//6791 2205//2205 2099//2099
f 2159//2159 2200//2200 6792//6792
f 6793//6793 2148//2148 2156//2156
f 2108//2108 2115//2115 6794//6794
f 6791//6791 2099//2099 2106//2106
f 6794//6794 2115//2115 2150//2150
f 2117//2117 2128//2128 2149//2149
f 2023//2023 1999//1999 1996//1996
f 1904//1904 1995//1995 1977//1977
f 1967//1967 1964//1964 1983//1983
f 1904//1904 1953//1953 1909//1909
f 4080//4080 4029//4029 4084//4084
f 4084//4084 4029//4029 4031//4031
f 3997//3997 4045//4045 5095//5095
f 6491//6491 4116//4116 2696//2696
f 4035//4035 6500//6500 4038//4038
f 6504//6504 6500//6500 4035//4035

