# https://github.com/mikedh/trimesh
v 0.03683976 0.00093648 0.03075550
v 0.03625765 0.00089635 0.03074948
v 0.03683976 0.00041488 0.03075550
v 0.05324207 0.00088298 0.03074948
v 0.08090036 0.00133101 0.03072539
v 0.08090036 0.00236082 0.03068324
v 0.07783008 0.00236082 0.03068324
v 0.03683976 0.00236082 0.03067722
v 0.03625765 0.00054863 0.03074948
v 0.03581977 0.00236082 0.03064712
v 0.03587644 0.00127083 0.03070733
v 0.03587644 0.00024771 0.03072539
v 0.05324207 0.00064893 0.03074948
v 0.03683976 -0.00010002 0.03074345
v 0.04606606 0.00002035 0.03074345
v 0.05632265 0.00021427 0.03074345
v 0.06033051 0.00040820 0.03074345
v 0.07783008 0.00030789 0.03072539
v 0.08090036 0.00030789 0.03071937
v 0.08193065 0.00030789 0.03056884
v 0.08193065 0.00133101 0.03056884
v 0.08193065 0.00236082 0.03052669
v 0.08090036 0.00337726 0.03060497
v 0.03992550 0.00337726 0.03060497
v 0.03683976 0.00337726 0.03059895
v 0.03581977 -0.00071523 0.03069528
v 0.03581977 0.00337726 0.03056884
v 0.03479463 0.00337726 0.03030391
v 0.03479463 0.00236082 0.03037617
v 0.03479463 0.00133101 0.03043036
v 0.03479463 0.00030789 0.03044842
v 0.03683976 -0.00071523 0.03071937
v 0.06141747 -0.00071523 0.03071937
v 0.08090036 -0.00071523 0.03070733
v 0.08193065 -0.00071523 0.03055680
v 0.08283731 0.00030789 0.03006909
v 0.08283731 0.00133101 0.03006909
v 0.08281156 0.00236082 0.03004501
v 0.08276519 0.00337726 0.03000286
v 0.08271368 0.00439370 0.02995469
v 0.08193065 0.00337726 0.03044842
v 0.08090036 0.00439370 0.03049659
v 0.06449805 0.00439370 0.03049659
v 0.05016664 0.00439370 0.03049057
v 0.03683976 0.00439370 0.03047853
v 0.03479463 -0.00071523 0.03042434
v 0.03581977 -0.00174504 0.03063508
v 0.03683976 -0.00174504 0.03066518
v 0.03581977 0.00439370 0.03044842
v 0.03408372 0.00337726 0.02988846
v 0.03479463 0.00439370 0.03018349
v 0.03415069 0.00439370 0.02983427
v 0.03404766 0.00236082 0.02992459
v 0.03401675 0.00133101 0.02995469
v 0.03401160 0.00030789 0.02996071
v 0.03402706 -0.00071523 0.02994867
v 0.08090036 -0.00174504 0.03066518
v 0.08193065 -0.00174504 0.03050863
v 0.08279610 -0.00174504 0.03003297
v 0.08282186 -0.00071523 0.03006307
v 0.08334216 -0.00071523 0.02959343
v 0.08334731 0.00030789 0.02959945
v 0.08334731 0.00133101 0.02959945
v 0.08332155 0.00236082 0.02957536
v 0.08328034 0.00337726 0.02952719
v 0.08321852 0.00439370 0.02947300
v 0.08263125 0.00541682 0.02987642
v 0.08193065 0.00439370 0.03034004
v 0.08193065 0.00541682 0.03018349
v 0.08090036 0.00541682 0.03032800
v 0.07988036 0.00541682 0.03033402
v 0.04914149 0.00541682 0.03033402
v 0.03683976 0.00541682 0.03032198
v 0.03406312 -0.00174504 0.02991254
v 0.03479463 -0.00174504 0.03035811
v 0.03581977 -0.00274811 0.03054476
v 0.03683976 -0.00274811 0.03056884
v 0.03581977 0.00541682 0.03029187
v 0.03479463 0.00541682 0.03003297
v 0.03357373 0.00337726 0.02939473
v 0.03353251 0.00236082 0.02943688
v 0.03427948 0.00593173 0.02971987
v 0.03423311 0.00541682 0.02975600
v 0.03363554 0.00439370 0.02933452
v 0.03350676 0.00133101 0.02946096
v 0.03349645 0.00030789 0.02947300
v 0.03351191 -0.00071523 0.02945494
v 0.08090036 -0.00274811 0.03056884
v 0.08193065 -0.00274811 0.03041229
v 0.08268277 -0.00377792 0.02992459
v 0.08273943 -0.00274811 0.02998480
v 0.08330610 -0.00174504 0.02956332
v 0.08385215 -0.00071523 0.02908163
v 0.08386246 0.00030789 0.02908765
v 0.08382640 -0.00174504 0.02905153
v 0.08386246 0.00133101 0.02908765
v 0.08383670 0.00236082 0.02906357
v 0.08379034 0.00337726 0.02901540
v 0.08373367 0.00439370 0.02896121
v 0.08313610 0.00541682 0.02939473
v 0.08303307 0.00643994 0.02929839
v 0.08251792 0.00643994 0.02978008
v 0.08245095 0.00700166 0.02972589
v 0.08193065 0.00643994 0.02999082
v 0.08154944 0.00811171 0.02975600
v 0.08090036 0.00643994 0.03013532
v 0.07783008 0.00643994 0.03014134
v 0.05427237 0.00643994 0.03015941
v 0.04812150 0.00643994 0.03015941
v 0.03787006 0.00643994 0.03015339
v 0.03683976 0.00643994 0.03014737
v 0.03581977 0.00643994 0.03012328
v 0.03354797 -0.00174504 0.02941881
v 0.03411463 -0.00274811 0.02986437
v 0.03417130 -0.00377792 0.02981018
v 0.03479463 -0.00274811 0.03026177
v 0.03479463 -0.00377792 0.03014737
v 0.03581977 -0.00377792 0.03041831
v 0.03683976 -0.00377792 0.03044240
v 0.03512947 0.00746975 0.02979212
v 0.03476372 0.00634632 0.02987040
v 0.03308949 0.00337726 0.02888294
v 0.03314100 0.00439370 0.02882272
v 0.03306373 0.00236082 0.02891906
v 0.03303797 0.00133101 0.02894917
v 0.03439796 0.00661381 0.02965364
v 0.03405281 0.00849288 0.02890100
v 0.03391888 0.00746975 0.02903346
v 0.03390857 0.00634632 0.02926829
v 0.03330070 0.00643994 0.02864209
v 0.03363039 0.00550375 0.02914184
v 0.03319767 0.00522289 0.02875047
v 0.03303282 0.00030789 0.02895519
v 0.03304312 -0.00071523 0.02894315
v 0.03306888 -0.00174504 0.02890702
v 0.08090036 -0.00377792 0.03044240
v 0.08193065 -0.00377792 0.03028585
v 0.08259519 -0.00480104 0.02984631
v 0.08319276 -0.00377792 0.02944892
v 0.08325458 -0.00274811 0.02950913
v 0.08435185 -0.00071523 0.02855178
v 0.08436730 0.00030789 0.02855780
v 0.08376973 -0.00274811 0.02899734
v 0.08427457 -0.00274811 0.02846748
v 0.08432609 -0.00174504 0.02852167
v 0.08435185 0.00133101 0.02855780
v 0.08434154 0.00236082 0.02853371
v 0.08430033 0.00337726 0.02848555
v 0.08424367 0.00439370 0.02843135
v 0.08416639 0.00541682 0.02835308
v 0.08355852 0.00643994 0.02878660
v 0.08349670 0.00707522 0.02872037
v 0.08341943 0.00775730 0.02864209
v 0.08281156 0.00849288 0.02903949
v 0.08265186 0.00951600 0.02887692
v 0.08252307 0.01022483 0.02876252
v 0.08223459 0.00768374 0.02965364
v 0.08191005 0.00739620 0.02981018
v 0.08090036 0.00746975 0.02993061
v 0.08191005 0.00846613 0.02955128
v 0.08193065 0.00951600 0.02922614
v 0.08159065 0.01118777 0.02874445
v 0.08090036 0.00951600 0.02938871
v 0.08090036 0.00868680 0.02963557
v 0.08090036 0.00817190 0.02977406
v 0.04504092 0.00746975 0.02993061
v 0.03683976 0.00746975 0.02992459
v 0.03581977 0.00746975 0.02989448
v 0.03528917 0.00799803 0.02972589
v 0.03311009 -0.00274811 0.02885885
v 0.03359948 -0.00274811 0.02937064
v 0.03366130 -0.00377792 0.02931043
v 0.03423311 -0.00449343 0.02976202
v 0.03472250 -0.00482110 0.02994265
v 0.03498523 -0.00583085 0.02985835
v 0.03516553 -0.00661324 0.02978008
v 0.03581977 -0.00480104 0.03023768
v 0.03683976 -0.00480104 0.03026779
v 0.07783008 -0.00480104 0.03027381
v 0.03461432 0.00746975 0.02955128
v 0.03270828 0.00337726 0.02817847
v 0.03276494 0.00439370 0.02817847
v 0.03293494 0.00643994 0.02813030
v 0.03263616 0.00133101 0.02817847
v 0.03266707 0.00236082 0.02817847
v 0.03428978 0.01000416 0.02868424
v 0.03417645 0.00932208 0.02878660
v 0.03354282 0.00849288 0.02838920
v 0.03340888 0.00746975 0.02852769
v 0.03299161 0.00746975 0.02801590
v 0.03263101 0.00030789 0.02817847
v 0.03264131 -0.00071523 0.02817847
v 0.03268252 -0.00174504 0.02817847
v 0.03273404 -0.00274811 0.02817847
v 0.03280100 -0.00377792 0.02817847
v 0.08090036 -0.00480104 0.03027381
v 0.08193065 -0.00480104 0.03012328
v 0.08250247 -0.00556337 0.02977406
v 0.08255398 -0.00516883 0.02981018
v 0.08310519 -0.00480104 0.02936462
v 0.08362549 -0.00480104 0.02885283
v 0.08370791 -0.00377792 0.02893713
v 0.08472275 -0.00071523 0.02803998
v 0.08471245 -0.00174504 0.02800988
v 0.08472275 0.00030789 0.02804601
v 0.08472275 0.00133101 0.02804601
v 0.08421791 -0.00377792 0.02840727
v 0.08465064 -0.00377792 0.02789548
v 0.08469185 -0.00274811 0.02794966
v 0.08471760 0.00236082 0.02801590
v 0.08469700 0.00337726 0.02797375
v 0.08467124 0.00439370 0.02791956
v 0.08461972 0.00541682 0.02784129
v 0.08454761 0.00643994 0.02775097
v 0.08450639 0.00704178 0.02769076
v 0.08442912 0.00773055 0.02759442
v 0.08332155 0.00849288 0.02854575
v 0.08315671 0.00951600 0.02837716
v 0.08341943 0.01091360 0.02761851
v 0.08330610 0.01157562 0.02749206
v 0.08279610 0.01157562 0.02799783
v 0.08257974 0.01259875 0.02779914
v 0.08246125 0.01314040 0.02768474
v 0.08228095 0.01090691 0.02863607
v 0.08193065 0.01055919 0.02887089
v 0.08209035 0.01126802 0.02856382
v 0.08193065 0.01155556 0.02850361
v 0.08193065 0.01259875 0.02808815
v 0.08090551 0.01259875 0.02824470
v 0.08090551 0.01176955 0.02857586
v 0.08090551 0.01126133 0.02876854
v 0.08090551 0.01054581 0.02903346
v 0.03683976 0.01054581 0.02903346
v 0.03683976 0.01005765 0.02919603
v 0.03787006 0.00951600 0.02937667
v 0.07679978 0.00868012 0.02963557
v 0.03683976 0.00863331 0.02962353
v 0.03581977 0.00857981 0.02960547
v 0.03581977 0.00951600 0.02934656
v 0.03523765 0.01114096 0.02872639
v 0.03500584 0.01054581 0.02883477
v 0.03484614 0.01005765 0.02892508
v 0.03469675 0.00960293 0.02899734
v 0.03488735 0.00840595 0.02942483
v 0.03316161 -0.00377792 0.02879864
v 0.03321312 -0.00450681 0.02873843
v 0.03375403 -0.00484116 0.02921410
v 0.03378494 -0.00516883 0.02917797
v 0.03386221 -0.00583085 0.02910572
v 0.03397554 -0.00685397 0.02898529
v 0.03430524 -0.00516883 0.02966568
v 0.03434645 -0.00516883 0.02969578
v 0.03582492 -0.00583085 0.03003297
v 0.03581977 -0.00516883 0.03016543
v 0.03447523 -0.00583085 0.02961751
v 0.03481523 -0.00691416 0.02953321
v 0.03479978 -0.00788378 0.02926226
v 0.03506250 -0.00973611 0.02881068
v 0.03560341 -0.00729532 0.02970180
v 0.03685007 -0.00583085 0.03005705
v 0.08090551 -0.00516883 0.03020156
v 0.03252282 0.00643994 0.02715488
v 0.03258979 0.00746975 0.02715488
v 0.03269797 0.00849288 0.02715488
v 0.03247131 0.00439370 0.02715488
v 0.03245070 0.00236082 0.02715488
v 0.03327494 0.01005765 0.02764259
v 0.03326464 0.00999078 0.02765463
v 0.03371797 0.00965643 0.02822062
v 0.03435675 0.01005765 0.02870230
v 0.03440311 0.01295985 0.02760044
v 0.03420221 0.01227108 0.02774495
v 0.03317706 0.00930201 0.02775699
v 0.03308433 0.00849288 0.02787139
v 0.03292979 0.00958956 0.02725122
v 0.03245070 -0.00071523 0.02715488
v 0.03245586 -0.00174504 0.02715488
v 0.03247646 -0.00377792 0.02715488
v 0.03250222 -0.00480104 0.02715488
v 0.03254858 -0.00583085 0.02715488
v 0.03296070 -0.00482779 0.02826878
v 0.03263101 -0.00685397 0.02715488
v 0.03296070 -0.00583085 0.02808213
v 0.08168338 -0.00668011 0.02979212
v 0.08199762 -0.00587097 0.02988846
v 0.08236853 -0.00624545 0.02969578
v 0.08275489 -0.00787710 0.02897325
v 0.08289398 -0.00685397 0.02911174
v 0.08307428 -0.00516883 0.02931646
v 0.08413549 -0.00480104 0.02832298
v 0.08346579 -0.00631232 0.02868424
v 0.08401185 -0.00595122 0.02820857
v 0.08409942 -0.00516883 0.02828685
v 0.08497003 -0.00071523 0.02715488
v 0.08496487 -0.00274811 0.02715488
v 0.08494427 -0.00377792 0.02715488
v 0.08497003 0.00133101 0.02715488
v 0.08496487 0.00337726 0.02715488
v 0.08459912 -0.00480104 0.02781118
v 0.08484124 -0.00516883 0.02718499
v 0.08488245 -0.00480104 0.02715488
v 0.08494427 0.00439370 0.02715488
v 0.08490306 0.00541682 0.02715488
v 0.08483093 0.00643994 0.02715488
v 0.08469700 0.00849288 0.02696823
v 0.08459912 0.00951600 0.02679964
v 0.08453215 0.01015796 0.02669126
v 0.08432094 0.00849288 0.02748002
v 0.08381609 0.00849288 0.02802794
v 0.08344519 0.01005765 0.02789548
v 0.08429518 0.01157562 0.02641429
v 0.08358428 0.01259875 0.02676953
v 0.08310004 0.01259875 0.02728132
v 0.08347610 0.01312034 0.02664911
v 0.08332155 0.01380242 0.02648052
v 0.08260550 0.01465168 0.02679361
v 0.08246641 0.01519333 0.02666115
v 0.08209035 0.01480548 0.02698027
v 0.08209035 0.01326745 0.02774495
v 0.08193065 0.01331426 0.02776903
v 0.08090551 0.01347475 0.02784731
v 0.03683976 0.01259875 0.02824470
v 0.03683976 0.01176955 0.02857586
v 0.03683976 0.01126133 0.02876854
v 0.03581977 0.01122789 0.02875649
v 0.03581977 0.01054581 0.02900336
v 0.03581977 0.01005765 0.02917195
v 0.03683976 0.00951600 0.02937064
v 0.03581977 0.01173611 0.02856382
v 0.03581977 0.01259875 0.02821459
v 0.03508311 0.01331426 0.02776903
v 0.03476372 0.01260543 0.02792558
v 0.03485129 0.01151544 0.02838920
v 0.03325433 -0.00516883 0.02863607
v 0.03331100 -0.00516883 0.02870230
v 0.03302767 -0.00685397 0.02796773
v 0.03346039 -0.00685397 0.02847350
v 0.03411978 -0.00788378 0.02884681
v 0.03422281 -0.00857255 0.02875047
v 0.03589704 -0.00691416 0.02980416
v 0.03628855 -0.00737557 0.02971987
v 0.03437736 -0.00925464 0.02863607
v 0.03475341 -0.00890691 0.02893111
v 0.03475341 -0.01002365 0.02854575
v 0.03479978 -0.01094647 0.02819051
v 0.03521705 -0.01258480 0.02770882
v 0.03545402 -0.01041819 0.02868424
v 0.03589704 -0.00778348 0.02958138
v 0.03582492 -0.00890691 0.02923818
v 0.03685007 -0.00685397 0.02984029
v 0.04915180 -0.00738894 0.02972589
v 0.05937748 -0.00738894 0.02972589
v 0.08014824 -0.00657980 0.02989448
v 0.08090551 -0.00583085 0.03005705
v 0.03249707 0.00951600 0.02613130
v 0.03246101 0.00849288 0.02613130
v 0.03257949 0.01054581 0.02613130
v 0.03253828 0.01005765 0.02613130
v 0.03273404 0.01156893 0.02613130
v 0.03244555 0.00746975 0.02613130
v 0.03244040 0.00643994 0.02613130
v 0.03376433 0.01258537 0.02714886
v 0.03321312 0.01221758 0.02669728
v 0.03311009 0.01156893 0.02682372
v 0.03298646 0.01054581 0.02702844
v 0.03677279 0.03516096 0.01782820
v 0.03440311 0.01502616 0.02657084
v 0.03418160 0.01433739 0.02673943
v 0.03401160 0.01362187 0.02692006
v 0.03244040 -0.00583085 0.02613130
v 0.03245070 -0.00685397 0.02613130
v 0.03248161 -0.00788378 0.02613130
v 0.03252797 -0.00890691 0.02613130
v 0.03263101 -0.00992334 0.02613130
v 0.03275979 -0.00788378 0.02715488
v 0.08090551 -0.00736219 0.02971987
v 0.08193065 -0.00787710 0.02941881
v 0.08199762 -0.00695428 0.02964160
v 0.08247156 -0.00950206 0.02872037
v 0.08257974 -0.00890691 0.02881670
v 0.08327004 -0.00787710 0.02847952
v 0.08339882 -0.00685397 0.02862403
v 0.08453730 -0.00559680 0.02772689
v 0.08457336 -0.00516883 0.02777506
v 0.08390367 -0.00685397 0.02811223
v 0.08446518 -0.00628557 0.02764861
v 0.08495457 -0.01812171 0.01997774
v 0.08499063 -0.02632676 0.00461792
v 0.08505760 0.02490298 0.01383622
v 0.08494427 -0.00787710 0.02613130
v 0.08494427 -0.00992334 0.02510169
v 0.08505760 0.02695591 0.01383622
v 0.08494427 0.01157562 0.02510771
v 0.08494427 0.00849288 0.02613130
v 0.08472275 -0.00685397 0.02705854
v 0.08488245 0.00951600 0.02613130
v 0.08480003 0.01005765 0.02615538
v 0.08468670 0.01157562 0.02590249
v 0.08459397 0.01236470 0.02574595
v 0.08416639 0.00951600 0.02731143
v 0.08416124 0.01266562 0.02610721
v 0.08375943 0.01352825 0.02613732
v 0.08363064 0.01447113 0.02580013
v 0.08318761 0.01474530 0.02613732
v 0.08346579 0.01515321 0.02561348
v 0.08275489 0.01559456 0.02611925
v 0.08260035 0.01643044 0.02577003
v 0.08249732 0.01830951 0.02464409
v 0.08227580 0.01711921 0.02555929
v 0.07652675 0.03486004 0.01755726
v 0.08209035 0.01530701 0.02672738
v 0.08193065 0.01465168 0.02710671
v 0.08090551 0.01465168 0.02726928
v 0.03683976 0.01347475 0.02784731
v 0.07474949 0.03515427 0.01779810
v 0.07372435 0.03515427 0.01782218
v 0.06112383 0.03516096 0.01782820
v 0.03581977 0.01344132 0.02782924
v 0.03335221 -0.00583085 0.02859392
v 0.03297100 -0.00890022 0.02722111
v 0.03313585 -0.00788378 0.02781720
v 0.03360463 -0.00788378 0.02833502
v 0.03331100 -0.00923457 0.02760646
v 0.03394978 -0.00992334 0.02799783
v 0.03415069 -0.01094647 0.02779914
v 0.03685007 -0.00890691 0.02926829
v 0.03685007 -0.00789716 0.02957536
v 0.03685007 -0.00738225 0.02971987
v 0.03426402 -0.01150818 0.02768474
v 0.03484614 -0.01189603 0.02781720
v 0.03453190 -0.01219026 0.02752819
v 0.03484614 -0.01295259 0.02732949
v 0.03485644 -0.01396234 0.02681770
v 0.03523765 -0.01459761 0.02667319
v 0.03582492 -0.01402253 0.02705854
v 0.03582492 -0.01316658 0.02749808
v 0.03582492 -0.01265167 0.02774495
v 0.03582492 -0.01197628 0.02803998
v 0.03613916 -0.01046500 0.02870230
v 0.03580432 -0.01002365 0.02885283
v 0.05428267 -0.00790385 0.02957536
v 0.05632265 -0.00790385 0.02957536
v 0.08014824 -0.00774336 0.02961751
v 0.08014824 -0.00736888 0.02971987
v 0.03254343 0.01259875 0.02510771
v 0.03247131 0.01156893 0.02510771
v 0.03244555 0.01054581 0.02510771
v 0.03298646 0.01256531 0.02617344
v 0.03270828 0.01362187 0.02510771
v 0.03244040 0.01005765 0.02510771
v 0.03243525 0.02592610 0.00768266
v 0.03333676 0.01289298 0.02654675
v 0.03308433 0.01362187 0.02585433
v 0.03677279 0.03576948 0.01750909
v 0.03405281 0.01566812 0.02586637
v 0.03376433 0.01464499 0.02612527
v 0.03349645 0.01362187 0.02636612
v 0.03243525 -0.01914483 -0.00000026
v 0.03244040 -0.00890691 0.02510771
v 0.03243525 0.02542457 0.00768266
v 0.03245586 -0.00992334 0.02510771
v 0.03249707 -0.01094647 0.02510771
v 0.03259494 -0.01197628 0.02510771
v 0.03302252 -0.00992334 0.02696221
v 0.03290403 -0.01105346 0.02623365
v 0.08090551 -0.00787710 0.02957536
v 0.08090551 -0.00890691 0.02926829
v 0.08146702 -0.01047168 0.02870832
v 0.08193065 -0.00890691 0.02910572
v 0.08310004 -0.00890691 0.02831093
v 0.08215732 -0.01017745 0.02859995
v 0.08255398 -0.01170211 0.02777506
v 0.08271368 -0.01094647 0.02793160
v 0.08338852 -0.01018414 0.02757636
v 0.08375943 -0.00787710 0.02797375
v 0.08467124 -0.00787710 0.02690802
v 0.08440851 -0.00685397 0.02757034
v 0.08494427 -0.01710527 0.02100132
v 0.08472275 -0.01916489 0.01999580
v 0.08494427 -0.02119108 0.01690698
v 0.08494427 -0.02428051 0.01179507
v 0.08495457 -0.02632676 0.00564151
v 0.08474336 -0.02725626 0.00359433
v 0.08471245 -0.02743681 -0.00251708
v 0.08499063 -0.02632676 -0.00461242
v 0.08506275 0.02489629 -0.01281315
v 0.08484124 -0.00890691 0.02613130
v 0.08489276 -0.01094647 0.02510169
v 0.08490821 -0.01607546 0.02203093
v 0.08494427 0.01670461 0.02203093
v 0.08506275 0.02541119 -0.01281315
v 0.08505760 0.02695591 -0.01382470
v 0.08502154 0.02797903 -0.00358281
v 0.08501639 0.02797903 0.00358229
v 0.08499063 0.02797903 0.01383622
v 0.08469185 0.01665780 0.02304849
v 0.08447033 0.01304678 0.02556531
v 0.08453730 0.01628333 0.02363856
v 0.08403761 0.01475199 0.02515588
v 0.08376973 0.01567480 0.02493912
v 0.08357913 0.01639032 0.02472236
v 0.08332155 0.01567480 0.02545693
v 0.08339367 0.01707240 0.02449958
v 0.08448579 0.02950369 0.01535353
v 0.08380064 0.03003196 0.01569674
v 0.08357397 0.03068061 0.01548600
v 0.08248701 0.03059368 0.01642529
v 0.08196671 0.03007209 0.01714782
v 0.08131247 0.03044657 0.01735254
v 0.07721190 0.03454574 0.01735254
v 0.07684099 0.03518102 0.01713578
v 0.07604766 0.03554212 0.01732243
v 0.07572827 0.03518102 0.01764155
v 0.08193065 0.01534714 0.02675147
v 0.07536252 0.03570261 0.01745490
v 0.07474949 0.03574273 0.01748500
v 0.07372435 0.03576279 0.01750307
v 0.06112383 0.03576948 0.01750909
v 0.03321827 -0.00855249 0.02771484
v 0.03314615 -0.01077260 0.02678759
v 0.03325949 -0.01146806 0.02664309
v 0.03343979 -0.00992334 0.02747400
v 0.03356342 -0.01105346 0.02714284
v 0.03685007 -0.00992334 0.02891304
v 0.05734265 -0.00992334 0.02891906
v 0.03336252 -0.01197628 0.02652267
v 0.03394463 -0.01189603 0.02717295
v 0.03410433 -0.01300609 0.02682372
v 0.03424857 -0.01358118 0.02667921
v 0.03428978 -0.01555387 0.02561348
v 0.03497493 -0.01583472 0.02579411
v 0.03520674 -0.01769373 0.02464409
v 0.03582492 -0.01598184 0.02590249
v 0.03582492 -0.01517939 0.02641429
v 0.03582492 -0.01465780 0.02670932
v 0.03685007 -0.01468455 0.02672738
v 0.03685007 -0.01402253 0.02708865
v 0.03685007 -0.01320001 0.02751615
v 0.03685007 -0.01268511 0.02775699
v 0.03685007 -0.01197628 0.02807009
v 0.03685007 -0.01047168 0.02870832
v 0.03256404 0.01465168 0.02407810
v 0.03247131 0.01362187 0.02407810
v 0.03244040 0.01259875 0.02407810
v 0.03298646 0.01462493 0.02513782
v 0.03277525 0.01566812 0.02407810
v 0.03244040 0.01566812 0.02203093
v 0.03244040 0.02182692 0.01588339
v 0.03244040 0.02285004 0.01485980
v 0.03244040 0.02387985 0.01281263
v 0.03244555 0.02490298 0.01178905
v 0.03244040 0.02592610 0.00870624
v 0.03243525 0.02695591 0.00460588
v 0.03320282 0.01427052 0.02568573
v 0.06112383 0.03613058 0.01715986
v 0.03677279 0.03628438 0.01700934
v 0.03289373 0.01987429 0.02110368
v 0.03291949 0.01881104 0.02209716
v 0.03296585 0.01773442 0.02309064
v 0.03316161 0.01739338 0.02369275
v 0.03313070 0.01566812 0.02477053
v 0.03335221 0.01494591 0.02549908
v 0.03243525 -0.02529694 -0.00563601
v 0.03244040 -0.01300609 0.02305452
v 0.03245586 -0.01197628 0.02407810
v 0.03249707 -0.01300609 0.02407810
v 0.03299676 -0.01197628 0.02601087
v 0.03262585 -0.01402253 0.02407810
v 0.03289888 -0.01310639 0.02520405
v 0.07474949 -0.00992334 0.02891906
v 0.08090551 -0.00992334 0.02891304
v 0.08090551 -0.01049175 0.02871435
v 0.08090551 -0.01197628 0.02806407
v 0.08090551 -0.01267842 0.02775097
v 0.08160611 -0.01261155 0.02772086
v 0.08194611 -0.01201640 0.02788946
v 0.08186368 -0.01087291 0.02841329
v 0.08186368 -0.00987653 0.02879864
v 0.08349670 -0.00951543 0.02769678
v 0.08229126 -0.01238419 0.02761851
v 0.08323913 -0.01094647 0.02741981
v 0.08257974 -0.01374835 0.02677555
v 0.08276519 -0.01300609 0.02696221
v 0.08341943 -0.01237082 0.02658890
v 0.08370791 -0.01094647 0.02690802
v 0.08437760 -0.01013064 0.02651062
v 0.08449609 -0.00945525 0.02665513
v 0.08426427 -0.00787710 0.02741981
v 0.08456306 -0.00890691 0.02674545
v 0.08468670 -0.00984979 0.02615538
v 0.08469700 -0.01812171 0.02100734
v 0.08459912 -0.01883722 0.02067016
v 0.08459912 -0.01985366 0.01967066
v 0.08471245 -0.02018801 0.01895415
v 0.08469700 -0.02119108 0.01790046
v 0.08485669 -0.02221420 0.01588339
v 0.08492881 -0.02324401 0.01384224
v 0.08474851 -0.02435407 0.01286682
v 0.08467124 -0.02506958 0.01179507
v 0.08490821 -0.02530363 0.00974187
v 0.08489276 -0.02632676 0.00666509
v 0.08471760 -0.02718939 0.00461792
v 0.08450639 -0.02787147 0.00218540
v 0.08469700 -0.02743012 0.00254064
v 0.08474851 -0.02726963 -0.00358883
v 0.08453215 -0.02791828 -0.00051205
v 0.08452185 -0.02789153 -0.00153564
v 0.08497003 -0.02632676 -0.00563601
v 0.08496487 -0.02426713 -0.01178957
v 0.08497003 -0.01812171 -0.01997826
v 0.08506275 0.02489629 -0.01383674
v 0.08463518 -0.01094647 0.02583024
v 0.08459912 -0.01483835 0.02376501
v 0.08464548 -0.01607546 0.02282571
v 0.08467124 -0.01705177 0.02201287
v 0.08486700 0.02797903 0.01484776
v 0.08469185 0.02896203 0.01493808
v 0.08506275 0.02541119 -0.01383674
v 0.08499579 0.02797903 -0.01382470
v 0.08500609 0.02797903 -0.00973035
v 0.08497003 0.00337726 -0.02714938
v 0.08495457 0.00849288 -0.02613181
v 0.08493396 0.01156225 -0.02510221
v 0.08494427 0.01669124 -0.02203145
v 0.08484124 0.02900216 -0.01075996
v 0.08485669 0.02900216 -0.00152962
v 0.08485669 0.02900216 0.00152910
v 0.08482578 0.02900216 0.01381815
v 0.08483093 0.02896203 0.01387234
v 0.08466609 0.02909577 0.01495012
v 0.08456821 0.02965080 0.01467315
v 0.08426427 0.03001191 0.01495012
v 0.08369246 0.03083441 0.01484776
v 0.08325458 0.03134932 0.01484776
v 0.08257974 0.03171042 0.01549202
v 0.08287337 0.03097485 0.01582920
v 0.08214701 0.03127576 0.01617842
v 0.08146702 0.03161681 0.01642529
v 0.08094157 0.03110190 0.01715986
v 0.07736644 0.03570930 0.01642529
v 0.07679978 0.03590991 0.01659990
v 0.07679978 0.03642482 0.01617240
v 0.07610433 0.03663212 0.01634702
v 0.07542434 0.03672573 0.01643131
v 0.07474949 0.03625764 0.01698525
v 0.07372435 0.03627101 0.01700331
v 0.06112383 0.03628438 0.01700934
v 0.03312040 -0.01282554 0.02580616
v 0.06244776 -0.01049843 0.02871435
v 0.03352221 -0.01310639 0.02613732
v 0.03338312 -0.01402253 0.02547500
v 0.03371282 -0.01517270 0.02517996
v 0.03331100 -0.01546025 0.02451764
v 0.03400130 -0.01607546 0.02492106
v 0.03419705 -0.01673079 0.02468623
v 0.03452675 -0.01740619 0.02444539
v 0.03479463 -0.01812171 0.02407810
v 0.03506766 -0.01881047 0.02370479
v 0.03582492 -0.01891747 0.02379511
v 0.03582492 -0.01825545 0.02430690
v 0.03582492 -0.01774723 0.02468623
v 0.03582492 -0.01710527 0.02513782
v 0.03582492 -0.01650343 0.02555327
v 0.03685007 -0.01653018 0.02557133
v 0.03685007 -0.01600859 0.02591454
v 0.03685007 -0.01519945 0.02642633
v 0.08090551 -0.01468455 0.02672738
v 0.06141747 -0.01402253 0.02709467
v 0.08090551 -0.01402253 0.02709467
v 0.08014824 -0.01305958 0.02758238
v 0.03992550 -0.01268511 0.02775699
v 0.06756833 -0.01049843 0.02871435
v 0.03264131 0.01669793 0.02305452
v 0.03257434 0.01772105 0.02203093
v 0.03249707 0.01566812 0.02305452
v 0.03246101 0.01669793 0.02203093
v 0.03244555 0.01465168 0.02305452
v 0.03306888 0.01659762 0.02405402
v 0.03245586 0.02182692 0.01690698
v 0.03245070 0.02387985 0.01383622
v 0.03249707 0.02490298 0.01281263
v 0.03249707 0.02592610 0.01075944
v 0.03245586 0.02592610 0.00972983
v 0.03245586 0.02695591 0.00665907
v 0.03244040 0.02695591 0.00562946
v 0.03243525 0.02695591 -0.00460640
v 0.03247646 0.02797903 0.00050551
v 0.03677279 0.03679261 0.01649754
v 0.03289373 0.02192054 0.01905049
v 0.03254343 0.02182692 0.01793056
v 0.03243525 -0.02529694 -0.00665959
v 0.03245070 -0.02632676 -0.00461242
v 0.03244040 -0.02530363 0.00666509
v 0.03244040 -0.02428051 0.00974187
v 0.03244040 -0.02221420 0.01384224
v 0.03244040 -0.01505902 0.02100734
v 0.03244555 -0.01505902 0.02203093
v 0.03246101 -0.01402253 0.02305452
v 0.03249707 -0.01607546 0.02203093
v 0.03253828 -0.01505902 0.02305452
v 0.03301222 -0.01402253 0.02496320
v 0.03265676 -0.01710527 0.02203093
v 0.03274949 -0.01607546 0.02305452
v 0.03294009 -0.01509914 0.02413831
v 0.08090551 -0.01318664 0.02751615
v 0.08159581 -0.01463774 0.02669728
v 0.08193065 -0.01406933 0.02690200
v 0.08194611 -0.01297934 0.02744992
v 0.08227580 -0.01442375 0.02657686
v 0.08355852 -0.01168873 0.02674545
v 0.08252307 -0.01569429 0.02569778
v 0.08321852 -0.01505902 0.02533651
v 0.08339367 -0.01439700 0.02553521
v 0.08328034 -0.01300609 0.02643235
v 0.08398609 -0.01199634 0.02614334
v 0.08454761 -0.01162186 0.02568573
v 0.08421791 -0.01094647 0.02634203
v 0.08440336 -0.01952599 0.02035706
v 0.08457336 -0.01777398 0.02166364
v 0.08458882 -0.02084335 0.01861697
v 0.08454761 -0.02180629 0.01754521
v 0.08462488 -0.02217408 0.01681064
v 0.08459912 -0.02290966 0.01588339
v 0.08471760 -0.02328413 0.01486583
v 0.08465064 -0.02405983 0.01384224
v 0.08457336 -0.02490240 0.01256577
v 0.08454761 -0.02589210 0.01045236
v 0.08463518 -0.02601915 0.00974187
v 0.08472275 -0.02535713 0.01078352
v 0.08469700 -0.02618632 0.00871829
v 0.08454761 -0.02690184 0.00743579
v 0.08459912 -0.02699546 0.00666509
v 0.08467124 -0.02709577 0.00564151
v 0.08451154 -0.02789822 0.00154114
v 0.08435185 -0.02771098 0.00461792
v 0.08384185 -0.02824594 0.00461792
v 0.08398094 -0.02837300 0.00253462
v 0.08401185 -0.02841312 0.00154114
v 0.08453215 -0.02791159 -0.00000026
v 0.08449609 -0.02787147 -0.00214979
v 0.08447548 -0.02783135 -0.00283017
v 0.08472275 -0.02718939 -0.00461242
v 0.08402731 -0.02841981 0.00051755
v 0.08403246 -0.02841981 -0.00000026
v 0.08403246 -0.02841981 -0.00051205
v 0.08401185 -0.02840644 -0.00153564
v 0.08490306 -0.02632676 -0.00665959
v 0.08491851 -0.02529694 -0.00973637
v 0.08468670 -0.02508964 -0.01178957
v 0.08474851 -0.02434738 -0.01285530
v 0.08467124 -0.02405983 -0.01383674
v 0.08494427 -0.02325070 -0.01383674
v 0.08494427 -0.02119776 -0.01690750
v 0.08495457 -0.02017464 -0.01793108
v 0.08472275 -0.02018801 -0.01896069
v 0.08472275 -0.01916489 -0.01999632
v 0.08472275 -0.01812171 -0.02101388
v 0.08495972 -0.01710527 -0.02100786
v 0.08495457 -0.00992334 -0.02510823
v 0.08496487 -0.00274811 -0.02714938
v 0.08497003 -0.00071523 -0.02714938
v 0.08446003 -0.01553381 0.02353620
v 0.08453730 -0.01669067 0.02260895
v 0.08451154 -0.01360793 0.02465011
v 0.08436730 -0.01429670 0.02444539
v 0.08486700 0.02797903 -0.01484828
v 0.08483093 0.02900216 -0.01382470
v 0.08472275 0.00133770 -0.02804652
v 0.08495457 0.00440038 -0.02714938
v 0.08490306 0.00541682 -0.02714938
v 0.08488245 0.00571774 -0.02714938
v 0.08483093 0.00643994 -0.02714938
v 0.08486700 0.00952269 -0.02613181
v 0.08467124 0.01156225 -0.02590301
v 0.08471760 0.01265224 -0.02517446
v 0.08468670 0.01664443 -0.02304299
v 0.08466609 0.02909577 -0.01495064
v 0.08469185 0.02896203 -0.01493258
v 0.08460942 0.02971767 -0.01075996
v 0.08460942 0.02971767 0.01075944
v 0.08459912 0.02971767 0.01381815
v 0.08428488 0.03023258 0.01381815
v 0.08376973 0.03092135 0.01381815
v 0.08333701 0.03143625 0.01381815
v 0.08286822 0.03191104 0.01382418
v 0.07863886 0.03596340 0.01484776
v 0.07847916 0.03580960 0.01549202
v 0.07804129 0.03536826 0.01617842
v 0.07773735 0.03609715 0.01581716
v 0.07743341 0.03677254 0.01545589
v 0.07679978 0.03695978 0.01566061
v 0.07570767 0.03718714 0.01585931
v 0.07474949 0.03676585 0.01647346
v 0.07531100 0.03772211 0.01537762
v 0.07474949 0.03728076 0.01592554
v 0.07372435 0.03678592 0.01649152
v 0.06112383 0.03679261 0.01649754
v 0.03314615 -0.01477817 0.02474042
v 0.03325949 -0.01350762 0.02561950
v 0.03349130 -0.01607546 0.02431292
v 0.03323373 -0.01665055 0.02360244
v 0.03381069 -0.01703171 0.02402391
v 0.03410948 -0.01786091 0.02376501
v 0.03438251 -0.01854968 0.02349406
v 0.03582492 -0.01943237 0.02336761
v 0.03431554 -0.01963967 0.02251864
v 0.03499553 -0.01988041 0.02273540
v 0.03685007 -0.01945244 0.02338568
v 0.03685007 -0.01893084 0.02381317
v 0.03685007 -0.01827551 0.02432497
v 0.03685007 -0.01776729 0.02469827
v 0.03685007 -0.01710527 0.02516792
v 0.07680493 -0.01653018 0.02557736
v 0.08014824 -0.01639644 0.02566767
v 0.08014824 -0.01519945 0.02642633
v 0.08090551 -0.01519945 0.02642031
v 0.03247131 0.02285004 0.01588339
v 0.03251252 0.02387985 0.01485980
v 0.03259494 0.02490298 0.01383622
v 0.03258979 0.02592610 0.01178302
v 0.03253828 0.02695591 0.00870624
v 0.03248676 0.02695591 0.00768266
v 0.03251252 0.02797903 0.00358229
v 0.03249707 0.02797903 0.00255871
v 0.03244040 0.02695591 -0.00562998
v 0.03243525 0.02489629 -0.01075996
v 0.03247646 0.02797903 -0.00050603
v 0.03280100 0.02900216 0.00050551
v 0.06112383 0.03715371 0.01611219
v 0.03677279 0.03730751 0.01593758
v 0.03677279 0.03773548 0.01546191
v 0.03258979 0.02285004 0.01690698
v 0.03244040 -0.02529694 -0.00768920
v 0.03243525 -0.02426713 -0.00973637
v 0.03245586 -0.02632676 0.00461792
v 0.03245070 -0.02529694 -0.00871278
v 0.03250222 -0.02632676 -0.00665959
v 0.03261555 -0.02734988 -0.00358883
v 0.03261555 -0.02734988 0.00359433
v 0.03244555 -0.02530363 0.00769470
v 0.03244555 -0.02428051 0.01076546
v 0.03244555 -0.02119108 0.01588339
v 0.03244555 -0.02324401 0.01281865
v 0.03248676 -0.02119108 0.01690698
v 0.03263616 -0.02119108 0.01793056
v 0.03299676 -0.01810833 0.02203695
v 0.03305858 -0.01703171 0.02303043
v 0.03297100 -0.02019470 0.02000182
v 0.03297615 -0.01916489 0.02103143
v 0.03310494 -0.01607546 0.02380113
v 0.08090551 -0.01601527 0.02590852
v 0.08090551 -0.01653018 0.02557736
v 0.08193065 -0.01639644 0.02549306
v 0.08193065 -0.01588822 0.02582422
v 0.08193065 -0.01501221 0.02635408
v 0.08231701 -0.01754662 0.02454173
v 0.08248701 -0.01869011 0.02360846
v 0.08262095 -0.01686453 0.02478859
v 0.08291459 -0.01600859 0.02505954
v 0.08350700 -0.01563411 0.02464409
v 0.08366670 -0.01505902 0.02482472
v 0.08397579 -0.01400246 0.02508965
v 0.08373882 -0.01300609 0.02592056
v 0.08346579 -0.01965305 0.02151311
v 0.08329064 -0.02016795 0.02126023
v 0.08366155 -0.02016795 0.02074844
v 0.08346579 -0.02068954 0.02049555
v 0.08417154 -0.02018801 0.01999580
v 0.08434670 -0.01736607 0.02234403
v 0.08405306 -0.01925182 0.02109164
v 0.08435185 -0.02152543 0.01822560
v 0.08398609 -0.02223426 0.01793658
v 0.08429003 -0.02249506 0.01708761
v 0.08449609 -0.02273579 0.01640723
v 0.08454761 -0.02385253 0.01452262
v 0.08445488 -0.02473523 0.01324615
v 0.08443942 -0.02573829 0.01113877
v 0.08344519 -0.02680822 0.01121102
v 0.08421276 -0.02652737 0.00974187
v 0.08446003 -0.02680153 0.00811618
v 0.08401185 -0.02737663 0.00780910
v 0.08363579 -0.02803865 0.00666509
v 0.08415094 -0.02749699 0.00666509
v 0.08426427 -0.02761067 0.00564151
v 0.08324428 -0.02866723 0.00564151
v 0.08333701 -0.02875417 0.00461792
v 0.08344519 -0.02886785 0.00287782
v 0.08348125 -0.02889459 0.00219744
v 0.08349670 -0.02892134 0.00154114
v 0.08351731 -0.02893471 0.00051755
v 0.08345034 -0.02886785 -0.00283017
v 0.08391912 -0.02831282 -0.00358883
v 0.08442912 -0.02778454 -0.00358883
v 0.08468670 -0.02710246 -0.00563601
v 0.08351731 -0.02893471 -0.00051205
v 0.08349670 -0.02892134 -0.00153564
v 0.08347610 -0.02889459 -0.00214979
v 0.08472275 -0.02619301 -0.00871278
v 0.08461972 -0.02700215 -0.00665959
v 0.08474336 -0.02535713 -0.01077802
v 0.08458367 -0.02490909 -0.01254822
v 0.08464033 -0.02601915 -0.00973637
v 0.08455791 -0.02588541 -0.01044084
v 0.08457336 -0.02387260 -0.01452314
v 0.08473821 -0.02328413 -0.01486635
v 0.08486700 -0.02222089 -0.01587789
v 0.08469700 -0.02119108 -0.01790098
v 0.08459912 -0.01985366 -0.01965914
v 0.08459397 -0.02084335 -0.01862351
v 0.08459912 -0.01883722 -0.02067670
v 0.08458367 -0.01778066 -0.02165212
v 0.08467124 -0.01705177 -0.02200736
v 0.08492881 -0.01607546 -0.02203145
v 0.08489276 -0.01095316 -0.02510823
v 0.08494427 -0.00787710 -0.02613181
v 0.08493396 -0.00377123 -0.02714938
v 0.08468670 -0.00274811 -0.02795621
v 0.08471760 -0.00071523 -0.02802244
v 0.08472275 0.00030789 -0.02804652
v 0.08422306 -0.01512589 0.02409616
v 0.08431064 -0.01607546 0.02334353
v 0.08338852 -0.01748643 0.02346997
v 0.08456821 0.02965080 -0.01467367
v 0.08459912 0.02971767 -0.01382470
v 0.08437245 0.00030789 -0.02855832
v 0.08436730 0.00133770 -0.02855832
v 0.08471245 0.00236082 -0.02801040
v 0.08469700 0.00337726 -0.02797427
v 0.08466609 0.00440038 -0.02791406
v 0.08461972 0.00541682 -0.02783578
v 0.08469700 0.00742294 -0.02721561
v 0.08469185 0.00849288 -0.02696272
v 0.08471245 0.01051238 -0.02617998
v 0.08459912 0.00952269 -0.02679413
v 0.08452185 0.01015127 -0.02668575
v 0.08457336 0.01234464 -0.02574044
v 0.08453730 0.01627664 -0.02363306
v 0.08448579 0.02950369 -0.01535405
v 0.08428488 0.03023258 -0.01382470
v 0.08376973 0.03092135 -0.01382470
v 0.08333701 0.03143625 -0.01382470
v 0.08286822 0.03191104 -0.01382470
v 0.07872128 0.03605034 0.01382418
v 0.07819068 0.03656524 0.01382418
v 0.07809795 0.03647831 0.01484776
v 0.07758280 0.03688622 0.01484776
v 0.07672251 0.03742119 0.01481164
v 0.07599615 0.03764855 0.01512473
v 0.07372435 0.03730082 0.01594962
v 0.07474949 0.03774217 0.01540772
v 0.07570252 0.03778229 0.01481164
v 0.07474949 0.03789597 0.01484776
v 0.03317191 -0.01776729 0.02266917
v 0.03342433 -0.01732594 0.02335557
v 0.03374888 -0.01815514 0.02307860
v 0.03406827 -0.01895759 0.02280765
v 0.03582492 -0.02052237 0.02238617
v 0.03685007 -0.02054912 0.02240424
v 0.03408887 -0.02016795 0.02175998
v 0.03427948 -0.02068954 0.02152516
v 0.03471220 -0.02020139 0.02225973
v 0.03371282 -0.01923845 0.02210920
v 0.03479978 -0.02085672 0.02169375
v 0.07988036 -0.01945912 0.02338568
v 0.08014824 -0.01893753 0.02381317
v 0.04095064 -0.01827551 0.02432497
v 0.03787521 -0.01776729 0.02469827
v 0.08090551 -0.01710527 0.02517394
v 0.03268252 0.02387985 0.01588339
v 0.03677279 0.03776223 0.01542579
v 0.03264646 0.02695591 0.00972983
v 0.03677279 0.03792941 0.01485980
v 0.03268252 0.02797903 0.00665907
v 0.03258979 0.02797903 0.00562946
v 0.03254343 0.02797903 0.00460588
v 0.03285767 0.02900216 0.00255871
v 0.03282676 0.02900216 0.00152910
v 0.03245586 0.02695591 -0.00665959
v 0.03244040 0.02592610 -0.00870676
v 0.03249707 0.02797903 -0.00255320
v 0.03245070 0.02489629 -0.01178354
v 0.03243525 0.02387316 -0.01281315
v 0.03244555 0.02542457 -0.01023612
v 0.03280100 0.02900216 -0.00050603
v 0.03677279 0.03806315 0.01383622
v 0.06112383 0.03730751 0.01594360
v 0.06040777 0.03730751 0.01594360
v 0.06040777 0.03776892 0.01543181
v 0.03244040 -0.02426713 -0.01076598
v 0.03243525 -0.02325070 -0.01178957
v 0.03247646 -0.02632676 0.00564151
v 0.03246101 -0.02530363 0.00871829
v 0.03249707 -0.02529694 -0.00973637
v 0.03247646 -0.02426713 -0.01178957
v 0.03255373 -0.02632676 -0.00768920
v 0.03266707 -0.02734988 -0.00461242
v 0.03300191 -0.02817239 -0.00358883
v 0.03298646 -0.02823257 -0.00255923
v 0.03299161 -0.02823257 0.00257075
v 0.03301222 -0.02817239 0.00359433
v 0.03266707 -0.02734988 0.00461792
v 0.03255373 -0.02632676 0.00769470
v 0.03250737 -0.02632676 0.00666509
v 0.03248161 -0.02428051 0.01179507
v 0.03245586 -0.02221420 0.01486583
v 0.03248161 -0.02324401 0.01384224
v 0.03252282 -0.02221420 0.01588339
v 0.03259494 -0.02324401 0.01486583
v 0.03270828 -0.02221420 0.01690698
v 0.03298646 -0.02121114 0.01895415
v 0.03313070 -0.01988041 0.02071231
v 0.03314615 -0.01883722 0.02169375
v 0.08163187 -0.01770711 0.02466215
v 0.08196156 -0.01716545 0.02494514
v 0.08196156 -0.01807490 0.02427078
v 0.08193065 -0.01882385 0.02371684
v 0.08193065 -0.01933875 0.02328332
v 0.08193065 -0.02042875 0.02230790
v 0.08255398 -0.02080991 0.02163354
v 0.08275489 -0.02012114 0.02200082
v 0.08329064 -0.01925182 0.02210920
v 0.08344004 -0.01859649 0.02250057
v 0.08288368 -0.02108408 0.02088692
v 0.08344519 -0.02168592 0.01943584
v 0.08364094 -0.02093028 0.01997774
v 0.08368216 -0.02197347 0.01875545
v 0.08366155 -0.01790772 0.02278357
v 0.08402215 -0.01818189 0.02207910
v 0.08369246 -0.01897765 0.02182019
v 0.08339882 -0.02266224 0.01834000
v 0.08333701 -0.02359174 0.01720201
v 0.08353276 -0.02385253 0.01651561
v 0.08440336 -0.02363855 0.01520301
v 0.08431064 -0.02457474 0.01384224
v 0.08380064 -0.02516320 0.01384224
v 0.08346579 -0.02580516 0.01332443
v 0.08361518 -0.02597234 0.01264404
v 0.08355852 -0.02694197 0.01053064
v 0.08332155 -0.02668117 0.01179507
v 0.08281156 -0.02718939 0.01179507
v 0.08300216 -0.02738332 0.01087384
v 0.08386761 -0.02725626 0.00871829
v 0.08346579 -0.02785141 0.00817639
v 0.08261065 -0.02904171 0.00666509
v 0.08273428 -0.02914870 0.00564151
v 0.08281671 -0.02922895 0.00461792
v 0.08288883 -0.02930250 0.00359433
v 0.08304852 -0.02927576 0.00255268
v 0.08295064 -0.02942287 0.00154114
v 0.08244065 -0.02991772 0.00101128
v 0.08265701 -0.02975054 0.00001178
v 0.08304852 -0.02926238 -0.00251708
v 0.08289398 -0.02930250 -0.00358883
v 0.08340397 -0.02882772 -0.00358883
v 0.08333185 -0.02874748 -0.00461242
v 0.08383670 -0.02823257 -0.00461242
v 0.08435185 -0.02770430 -0.00461242
v 0.08245095 -0.02991772 -0.00112018
v 0.08454761 -0.02690853 -0.00740621
v 0.08426427 -0.02761067 -0.00563601
v 0.08415609 -0.02751037 -0.00665959
v 0.08443942 -0.02573829 -0.01112724
v 0.08431064 -0.02559117 -0.01178957
v 0.08403761 -0.02535713 -0.01292755
v 0.08444457 -0.02473523 -0.01322861
v 0.08446518 -0.02680153 -0.00809261
v 0.08438275 -0.02670792 -0.00871278
v 0.08421791 -0.02653406 -0.00973637
v 0.08400155 -0.02634681 -0.01082017
v 0.08431064 -0.02456137 -0.01383674
v 0.08361003 -0.02494253 -0.01461948
v 0.08400670 -0.02430057 -0.01491451
v 0.08440336 -0.02364523 -0.01520353
v 0.08449609 -0.02274248 -0.01640774
v 0.08459912 -0.02290966 -0.01587789
v 0.08464033 -0.02217408 -0.01681116
v 0.08455791 -0.02180629 -0.01753369
v 0.08439306 -0.01951931 -0.02034554
v 0.08439306 -0.02053574 -0.01930991
v 0.08435185 -0.02152543 -0.01822010
v 0.08438791 -0.01846275 -0.02136311
v 0.08454761 -0.01669067 -0.02261549
v 0.08465064 -0.01607546 -0.02283225
v 0.08460942 -0.01484503 -0.02375950
v 0.08464033 -0.01095316 -0.02582474
v 0.08484124 -0.00890691 -0.02613181
v 0.08473821 -0.00685397 -0.02705906
v 0.08486700 -0.00480104 -0.02714938
v 0.08465064 -0.00377123 -0.02788998
v 0.08427457 -0.00274811 -0.02846800
v 0.08434670 -0.00071523 -0.02853423
v 0.08426427 0.03001191 -0.01495064
v 0.08370276 0.03083441 -0.01484828
v 0.08334731 0.00030789 -0.02960599
v 0.08385215 0.00133770 -0.02908817
v 0.08333185 -0.00071523 -0.02958190
v 0.08382125 0.00236082 -0.02905807
v 0.08433639 0.00236082 -0.02852219
v 0.08429518 0.00337726 -0.02848606
v 0.08423336 0.00440038 -0.02842585
v 0.08459912 0.00571774 -0.02781170
v 0.08450639 0.00704847 -0.02768526
v 0.08454761 0.00643994 -0.02775149
v 0.08441882 0.00773724 -0.02759494
v 0.08431579 0.00849288 -0.02747452
v 0.08365125 0.00952269 -0.02786589
v 0.08441367 0.01084673 -0.02655329
v 0.08415094 0.01265224 -0.02610171
v 0.08445488 0.01303341 -0.02556583
v 0.08429003 0.01156225 -0.02641481
v 0.08402731 0.01474530 -0.02515038
v 0.08376973 0.01566812 -0.02493964
v 0.08380064 0.03003196 -0.01569726
v 0.08357913 0.03068061 -0.01548050
v 0.08357397 0.01638363 -0.02471686
v 0.08338852 0.01705903 -0.02450010
v 0.08259519 0.01642376 -0.02577055
v 0.08325458 0.03134932 -0.01484828
v 0.08270338 0.03191104 -0.01484828
v 0.08069430 0.03391716 -0.01484828
v 0.07872128 0.03605034 -0.01382470
v 0.07819068 0.03656524 -0.01382470
v 0.07768068 0.03695978 0.01382418
v 0.07633615 0.03773548 0.01443833
v 0.07372435 0.03776223 0.01543181
v 0.06112383 0.03776892 0.01543181
v 0.07372435 0.03792941 0.01484776
v 0.07474949 0.03801634 0.01382418
v 0.03335221 -0.01952599 0.02139269
v 0.03338312 -0.01844269 0.02238015
v 0.03498523 -0.02190659 0.02070629
v 0.03582492 -0.02103059 0.02187438
v 0.03685007 -0.02157224 0.02136259
v 0.08014824 -0.02093028 0.02203093
v 0.08090551 -0.02053574 0.02240424
v 0.08090551 -0.02002084 0.02287388
v 0.08090551 -0.01945912 0.02338568
v 0.03409402 -0.02093697 0.02100734
v 0.03430008 -0.02169929 0.02047749
v 0.03356857 -0.02019470 0.02103143
v 0.08090551 -0.01893753 0.02381317
v 0.08090551 -0.01826213 0.02432497
v 0.08090551 -0.01776060 0.02469827
v 0.06112383 0.03793609 0.01485980
v 0.03248676 0.02695591 -0.00768318
v 0.03245586 0.02592610 -0.00973035
v 0.03251252 0.02797903 -0.00358281
v 0.03248676 0.02489629 -0.01281315
v 0.03245586 0.02387316 -0.01383674
v 0.03247131 0.02542457 -0.01125971
v 0.03244555 0.02285004 -0.01508913
v 0.03243525 0.02181354 -0.01588391
v 0.03282676 0.02900216 -0.00152962
v 0.03677279 0.03806315 0.01178302
v 0.03677279 0.03804309 0.01075944
v 0.06112383 0.03806315 0.01383622
v 0.03244040 -0.02325070 -0.01281315
v 0.03243525 -0.02222089 -0.01383674
v 0.03249707 -0.02530363 0.00974187
v 0.03256404 -0.02529694 -0.01076598
v 0.03248161 -0.02325070 -0.01383674
v 0.03254858 -0.02426713 -0.01281315
v 0.03264646 -0.02632676 -0.00871278
v 0.03274949 -0.02734988 -0.00563601
v 0.03312555 -0.02801190 -0.00563601
v 0.03345009 -0.02868729 -0.00358883
v 0.03339342 -0.02874748 -0.00255923
v 0.03335736 -0.02872073 -0.00153564
v 0.03336252 -0.02872742 0.00154114
v 0.03340373 -0.02874748 0.00257075
v 0.03346039 -0.02868061 0.00359433
v 0.03306373 -0.02809883 0.00461792
v 0.03275464 -0.02734988 0.00564151
v 0.03265676 -0.02632676 0.00871829
v 0.03256919 -0.02530363 0.01076546
v 0.03255373 -0.02428051 0.01281865
v 0.03273404 -0.02428051 0.01384224
v 0.03303797 -0.02220751 0.01787637
v 0.03290918 -0.02332425 0.01596166
v 0.03307918 -0.02302334 0.01690698
v 0.03314100 -0.02087678 0.01967066
v 0.03315646 -0.02185310 0.01861697
v 0.03336767 -0.02157224 0.01930337
v 0.03335736 -0.02055580 0.02035706
v 0.08193065 -0.02096371 0.02179008
v 0.08193065 -0.02147193 0.02126023
v 0.08252307 -0.02180629 0.02059189
v 0.08250247 -0.02278929 0.01953820
v 0.08324428 -0.02228776 0.01903844
v 0.08269822 -0.02302334 0.01895415
v 0.08265701 -0.02399296 0.01773187
v 0.08295064 -0.02426044 0.01688891
v 0.08256428 -0.02490240 0.01658184
v 0.08327004 -0.02456137 0.01588339
v 0.08371306 -0.02403977 0.01588339
v 0.08400155 -0.02430057 0.01491399
v 0.08342973 -0.02473523 0.01529934
v 0.08302792 -0.02537050 0.01498625
v 0.08334216 -0.02567142 0.01384224
v 0.08276004 -0.02632676 0.01375192
v 0.08245095 -0.02684835 0.01334851
v 0.08320307 -0.02759061 0.00974187
v 0.08236853 -0.02783135 0.01121102
v 0.08255398 -0.02795172 0.01053064
v 0.08269822 -0.02809214 0.00974187
v 0.08337822 -0.02776447 0.00871829
v 0.08286307 -0.02826601 0.00871829
v 0.08251277 -0.02894809 0.00743579
v 0.08193065 -0.02955662 0.00564151
v 0.08210580 -0.02981072 0.00359433
v 0.08231701 -0.02987090 0.00257075
v 0.08242004 -0.02990434 0.00154114
v 0.08245095 -0.02992441 0.00033090
v 0.08190490 -0.03005146 0.00154114
v 0.08202853 -0.03003808 0.00061389
v 0.08197186 -0.03006483 0.00001178
v 0.08193065 -0.03008490 -0.00051205
v 0.08245095 -0.02992441 -0.00051205
v 0.08282186 -0.02922895 -0.00461242
v 0.08239429 -0.02989765 -0.00180057
v 0.08324428 -0.02865386 -0.00563601
v 0.08374397 -0.02815233 -0.00563601
v 0.08200277 -0.03003139 -0.00149349
v 0.08354307 -0.02794503 -0.00745438
v 0.08400670 -0.02737663 -0.00777349
v 0.08364094 -0.02803865 -0.00665959
v 0.08379549 -0.02616627 -0.01178957
v 0.08361518 -0.02597234 -0.01262650
v 0.08379549 -0.02515652 -0.01383674
v 0.08334216 -0.02567142 -0.01383674
v 0.08386761 -0.02724957 -0.00871278
v 0.08370276 -0.02708239 -0.00973637
v 0.08355852 -0.02694197 -0.01050707
v 0.08332155 -0.02668117 -0.01178957
v 0.08302792 -0.02537719 -0.01499279
v 0.08342973 -0.02473523 -0.01529986
v 0.08370791 -0.02403977 -0.01587789
v 0.08334731 -0.02361180 -0.01719049
v 0.08430033 -0.02249506 -0.01709415
v 0.08398609 -0.02223426 -0.01793710
v 0.08365125 -0.01992053 -0.02100786
v 0.08347095 -0.01966642 -0.02151966
v 0.08416639 -0.01916489 -0.02101388
v 0.08403246 -0.02127132 -0.01903294
v 0.08345549 -0.02169929 -0.01944238
v 0.08370791 -0.02101052 -0.01980966
v 0.08346579 -0.02068954 -0.02049005
v 0.08402215 -0.01818858 -0.02207962
v 0.08397064 -0.01708521 -0.02304299
v 0.08359973 -0.01680435 -0.02372338
v 0.08432094 -0.01607546 -0.02335007
v 0.08447548 -0.01553381 -0.02354274
v 0.08452185 -0.01360793 -0.02464460
v 0.08454761 -0.01161517 -0.02568625
v 0.08449609 -0.00942850 -0.02664361
v 0.08456821 -0.00890691 -0.02673995
v 0.08468670 -0.00982972 -0.02615590
v 0.08467124 -0.00787710 -0.02690854
v 0.08447548 -0.00625882 -0.02764913
v 0.08453730 -0.00557674 -0.02771536
v 0.08457336 -0.00510865 -0.02776353
v 0.08483093 -0.00510865 -0.02717949
v 0.08421276 -0.00377123 -0.02840177
v 0.08376973 -0.00274811 -0.02899786
v 0.08380064 -0.00173836 -0.02904000
v 0.08370791 -0.00377123 -0.02893765
v 0.08283731 0.00030789 -0.03007563
v 0.08334731 0.00133770 -0.02959997
v 0.08281671 -0.00071523 -0.03005757
v 0.08329579 -0.00173836 -0.02955782
v 0.08279095 -0.00173836 -0.03002746
v 0.08331640 0.00236082 -0.02956986
v 0.08328034 0.00337726 -0.02953373
v 0.08378518 0.00337726 -0.02901592
v 0.08372852 0.00440038 -0.02895571
v 0.08415094 0.00541682 -0.02835360
v 0.08349155 0.00708190 -0.02872089
v 0.08406336 0.00643994 -0.02826328
v 0.08331125 0.00849288 -0.02853423
v 0.08380064 0.00849288 -0.02802244
v 0.08316186 0.00952269 -0.02837768
v 0.08353276 0.01023152 -0.02773945
v 0.08377488 0.01156225 -0.02698079
v 0.08346579 0.01310696 -0.02664361
v 0.08374397 0.01351488 -0.02613181
v 0.08362549 0.01445775 -0.02579463
v 0.08357913 0.01259206 -0.02677005
v 0.08345549 0.01515321 -0.02561400
v 0.08339882 0.01539395 -0.02553573
v 0.08249217 0.01829614 -0.02464460
v 0.08321852 0.03003196 -0.01620905
v 0.08248701 0.03059368 -0.01642581
v 0.08287337 0.03097485 -0.01583574
v 0.08258489 0.03171711 -0.01549856
v 0.08274974 0.01558118 -0.02611977
v 0.08245095 0.01518665 -0.02666167
v 0.07950946 0.03478648 -0.01549856
v 0.07863886 0.03596340 -0.01484828
v 0.07809795 0.03647831 -0.01484828
v 0.07758280 0.03688622 -0.01484828
v 0.07768068 0.03695978 -0.01382470
v 0.07686675 0.03746800 0.01382418
v 0.07635675 0.03774217 0.01382418
v 0.07577464 0.03787591 0.01382418
v 0.07372435 0.03804978 0.01382418
v 0.07474949 0.03801634 -0.01382470
v 0.03582492 -0.02154549 0.02134452
v 0.03503159 -0.02290297 0.01965260
v 0.03582492 -0.02254855 0.02027879
v 0.07988036 -0.02157224 0.02136861
v 0.03685007 -0.02256192 0.02030288
v 0.08090551 -0.02157224 0.02136861
v 0.08090551 -0.02105733 0.02189244
v 0.03434645 -0.02268898 0.01941175
v 0.03253828 0.02695591 -0.00870676
v 0.03249707 0.02592610 -0.01075996
v 0.03254343 0.02797903 -0.00460640
v 0.03259494 0.02489629 -0.01383674
v 0.03250737 0.02387316 -0.01486032
v 0.03249707 0.02364580 -0.01508913
v 0.03247131 0.02285004 -0.01588391
v 0.03253828 0.02542457 -0.01228932
v 0.03246101 0.02181354 -0.01690750
v 0.03243525 0.01566812 -0.02203145
v 0.03286797 0.02900216 -0.00255320
v 0.06112383 0.03806315 0.01178302
v 0.04925483 0.03805646 -0.01383072
v 0.04925483 0.03804309 -0.01394512
v 0.04925483 0.03792941 -0.01484828
v 0.04925483 0.03791604 -0.01492656
v 0.03677279 0.03788260 0.01007905
v 0.03307918 0.02871461 -0.00665959
v 0.03299676 0.02882160 -0.00562998
v 0.03295040 0.02890854 -0.00460640
v 0.03244040 -0.02119776 -0.01587789
v 0.03245070 -0.02222089 -0.01486032
v 0.03243525 -0.01505902 -0.02100786
v 0.03244040 -0.01505902 -0.02203145
v 0.03272373 -0.02529694 -0.01178957
v 0.03248161 -0.02119776 -0.01690750
v 0.03251252 -0.02222089 -0.01587789
v 0.03259494 -0.02325070 -0.01486032
v 0.03273404 -0.02426713 -0.01383674
v 0.03282676 -0.02632676 -0.00973637
v 0.03305343 -0.02710914 -0.00871278
v 0.03296585 -0.02724288 -0.00768920
v 0.03294525 -0.02744349 -0.00672582
v 0.03360979 -0.02852680 -0.00563601
v 0.03352736 -0.02860705 -0.00461242
v 0.03318736 -0.02793834 -0.00642477
v 0.03396009 -0.02918213 -0.00358883
v 0.03390342 -0.02922895 -0.00255923
v 0.03386736 -0.02926238 -0.00153564
v 0.03385191 -0.02927576 -0.00051205
v 0.03386221 -0.02928913 0.00051755
v 0.03387251 -0.02926238 0.00154114
v 0.03391372 -0.02922895 0.00257075
v 0.03397039 -0.02917545 0.00359433
v 0.03353251 -0.02860705 0.00461792
v 0.03313070 -0.02801190 0.00564151
v 0.03296070 -0.02724957 0.00769470
v 0.03282676 -0.02632676 0.00974187
v 0.03273404 -0.02530363 0.01179507
v 0.03301737 -0.02428051 0.01481766
v 0.03299161 -0.02533038 0.01278855
v 0.03310494 -0.02500271 0.01384224
v 0.03312555 -0.02394616 0.01567265
v 0.03328009 -0.02373216 0.01635304
v 0.03321312 -0.02280266 0.01750307
v 0.03341403 -0.02254187 0.01818345
v 0.03409918 -0.02294978 0.01872535
v 0.08193065 -0.02244825 0.02018847
v 0.08193065 -0.02290966 0.01967668
v 0.08200277 -0.02348474 0.01893609
v 0.08239429 -0.02373216 0.01841225
v 0.08239429 -0.02578510 0.01534751
v 0.08262095 -0.02599909 0.01466713
v 0.08276004 -0.02512308 0.01588339
v 0.08214701 -0.02467505 0.01726222
v 0.08193065 -0.02668117 0.01404094
v 0.08193065 -0.02694197 0.01352914
v 0.08198732 -0.02770430 0.01180109
v 0.08168338 -0.02794503 0.01146993
v 0.08198732 -0.02808545 0.01083169
v 0.08199762 -0.02877422 0.00877248
v 0.08236853 -0.02886785 0.00811618
v 0.08193065 -0.02934931 0.00666509
v 0.08090551 -0.02971711 0.00564151
v 0.08144641 -0.02992441 0.00416634
v 0.08183793 -0.02975054 0.00455169
v 0.08159581 -0.02995784 0.00359433
v 0.08180702 -0.03001134 0.00257075
v 0.08090551 -0.03017851 0.00154114
v 0.08090551 -0.03022532 0.00051755
v 0.08091066 -0.03023870 -0.00000026
v 0.08091066 -0.03023870 -0.00051205
v 0.08230671 -0.02986422 -0.00255923
v 0.08273428 -0.02913533 -0.00563601
v 0.08178641 -0.03001134 -0.00255923
v 0.08313610 -0.02855355 -0.00665959
v 0.08262610 -0.02904171 -0.00665959
v 0.08091066 -0.03019188 -0.00153564
v 0.08337307 -0.02776447 -0.00871278
v 0.08252307 -0.02894809 -0.00741825
v 0.08316186 -0.02632676 -0.01290949
v 0.08245095 -0.02684835 -0.01334301
v 0.08262095 -0.02597903 -0.01468571
v 0.08243550 -0.02581185 -0.01536610
v 0.08321337 -0.02759061 -0.00973637
v 0.08255398 -0.02796509 -0.01051309
v 0.08281156 -0.02719607 -0.01178957
v 0.08257974 -0.02697540 -0.01281315
v 0.08327004 -0.02455468 -0.01587789
v 0.08303307 -0.02333763 -0.01803946
v 0.08361518 -0.02292303 -0.01766013
v 0.08255398 -0.02490240 -0.01657032
v 0.08266216 -0.02399296 -0.01773841
v 0.08340397 -0.02264886 -0.01834052
v 0.08252822 -0.01976004 -0.02263356
v 0.08325458 -0.01914483 -0.02225423
v 0.08328034 -0.02042875 -0.02100786
v 0.08276004 -0.02116433 -0.02096571
v 0.08252822 -0.02079654 -0.02162804
v 0.08287337 -0.02005427 -0.02191103
v 0.08252822 -0.02181966 -0.02059843
v 0.08331125 -0.02129138 -0.02008061
v 0.08324428 -0.02228107 -0.01904499
v 0.08249217 -0.02278260 -0.01953269
v 0.08338852 -0.01748643 -0.02346447
v 0.08342973 -0.01858980 -0.02250109
v 0.08300731 -0.01718551 -0.02413883
v 0.08331125 -0.01630951 -0.02440978
v 0.08366155 -0.01505902 -0.02481922
v 0.08437245 -0.01429670 -0.02444591
v 0.08397064 -0.01400915 -0.02509619
v 0.08398609 -0.01200303 -0.02614386
v 0.08371822 -0.01095316 -0.02690854
v 0.08422306 -0.01095316 -0.02634255
v 0.08438275 -0.01011058 -0.02651114
v 0.08373367 -0.01300609 -0.02591506
v 0.08349670 -0.00950206 -0.02770332
v 0.08411488 -0.00890691 -0.02725174
v 0.08427457 -0.00787710 -0.02742033
v 0.08441367 -0.00685397 -0.02756484
v 0.08346579 -0.00632569 -0.02869078
v 0.08358943 -0.00510865 -0.02881722
v 0.08409942 -0.00510865 -0.02828135
v 0.08429518 -0.00510865 -0.02807061
v 0.08389852 -0.00685397 -0.02811275
v 0.08325974 -0.00274811 -0.02950965
v 0.08319276 -0.00377123 -0.02944944
v 0.08361518 -0.00480104 -0.02884733
v 0.08327004 -0.00510865 -0.02914236
v 0.08311034 -0.00480104 -0.02935912
v 0.08192035 0.00030789 -0.03058140
v 0.08283216 0.00133770 -0.03006359
v 0.08280640 0.00236082 -0.03003951
v 0.08192035 -0.00071523 -0.03054528
v 0.08192035 -0.00173836 -0.03049109
v 0.08273943 -0.00274811 -0.02999134
v 0.08276519 0.00337726 -0.03000940
v 0.08270338 0.00440038 -0.02994919
v 0.08321852 0.00440038 -0.02946750
v 0.08361518 0.00571774 -0.02884733
v 0.08355337 0.00643994 -0.02878712
v 0.08303307 0.00643994 -0.02929891
v 0.08245095 0.00701503 -0.02973243
v 0.08279610 0.00849288 -0.02901592
v 0.08264671 0.00952269 -0.02887743
v 0.08252307 0.01023152 -0.02876906
v 0.08341428 0.01091360 -0.02761301
v 0.08329579 0.01156225 -0.02749258
v 0.08331125 0.01379573 -0.02647502
v 0.08309489 0.01259206 -0.02727582
v 0.08317731 0.01474530 -0.02613181
v 0.08226550 0.01710584 -0.02555379
v 0.07721190 0.03454574 -0.01735306
v 0.08131247 0.03044657 -0.01735306
v 0.08196671 0.03007209 -0.01714834
v 0.08094157 0.03110190 -0.01716038
v 0.08146702 0.03161681 -0.01642581
v 0.08214701 0.03127576 -0.01617894
v 0.08192035 0.01533376 -0.02675199
v 0.08193581 0.01539395 -0.02671586
v 0.07653705 0.03486004 -0.01755777
v 0.08259519 0.01464499 -0.02678811
v 0.08245095 0.01312702 -0.02767923
v 0.08192035 0.01464499 -0.02710723
v 0.07804129 0.03536826 -0.01617894
v 0.07847916 0.03580960 -0.01549856
v 0.07743341 0.03677254 -0.01546243
v 0.07672251 0.03742119 -0.01480613
v 0.07633615 0.03773548 -0.01443885
v 0.07686675 0.03746800 -0.01382470
v 0.07635675 0.03774217 -0.01382470
v 0.07577464 0.03787591 -0.01382470
v 0.07372435 0.03804978 -0.01382470
v 0.07570252 0.03778229 -0.01480613
v 0.07474949 0.03789597 -0.01484828
v 0.03582492 -0.02299659 0.01976700
v 0.03447523 -0.02363855 0.01827979
v 0.03516038 -0.02383247 0.01854471
v 0.03685007 -0.02301665 0.01978506
v 0.03787521 -0.02256192 0.02030288
v 0.08014824 -0.02242150 0.02044136
v 0.08090551 -0.02301665 0.01977904
v 0.03416615 -0.02389934 0.01759940
v 0.03264646 0.02695591 -0.00973035
v 0.03258979 0.02592610 -0.01178354
v 0.03259494 0.02797903 -0.00562998
v 0.03268252 0.02797903 -0.00665959
v 0.03292464 0.02493641 -0.01508913
v 0.03266707 0.02387316 -0.01588391
v 0.03269282 0.02542457 -0.01331290
v 0.03258979 0.02285004 -0.01690750
v 0.03254343 0.02181354 -0.01793710
v 0.03246101 0.01669124 -0.02203145
v 0.03244555 0.01464499 -0.02305504
v 0.03244040 0.01259206 -0.02407862
v 0.03244040 0.00746975 -0.02613181
v 0.03243525 -0.00510865 -0.02613181
v 0.06142777 0.03805646 -0.01383072
v 0.07372435 0.03792941 -0.01484828
v 0.03677279 0.03786922 0.01003089
v 0.07372435 0.03776223 -0.01543233
v 0.06142777 0.03776223 -0.01543835
v 0.04925483 0.03776223 -0.01543835
v 0.03323373 0.02851400 -0.00826120
v 0.03317191 0.02858756 -0.00768318
v 0.03299161 0.02802584 -0.00864655
v 0.03281131 0.02797903 -0.00768318
v 0.03243525 -0.01300609 -0.02305504
v 0.03248676 -0.01607546 -0.02203145
v 0.03245070 -0.01197628 -0.02408464
v 0.03245586 -0.01402921 -0.02305504
v 0.03298646 -0.02533038 -0.01278907
v 0.03309464 -0.02601246 -0.01178957
v 0.03302252 -0.02634681 -0.01066362
v 0.03263101 -0.02119776 -0.01793108
v 0.03270828 -0.02222089 -0.01690750
v 0.03290403 -0.02332425 -0.01595616
v 0.03301222 -0.02428051 -0.01481818
v 0.03309464 -0.02500271 -0.01383674
v 0.03348100 -0.02761736 -0.00871278
v 0.03317191 -0.02692859 -0.00973637
v 0.03420221 -0.02894809 -0.00643079
v 0.03412493 -0.02901496 -0.00563601
v 0.03404251 -0.02910189 -0.00461242
v 0.03460917 -0.02974385 -0.00255923
v 0.03454220 -0.02977729 -0.00153564
v 0.03448554 -0.02980404 -0.00051205
v 0.03448554 -0.02979735 -0.00000026
v 0.03449584 -0.02979735 0.00051755
v 0.03453705 -0.02977729 0.00154114
v 0.03460402 -0.02975054 0.00257075
v 0.03404766 -0.02910189 0.00461792
v 0.03361494 -0.02852680 0.00564151
v 0.03413009 -0.02902833 0.00564151
v 0.03320282 -0.02791828 0.00641823
v 0.03305343 -0.02709577 0.00871829
v 0.03303282 -0.02635350 0.01066912
v 0.03310494 -0.02601915 0.01179507
v 0.03321312 -0.02482885 0.01444435
v 0.03321312 -0.02587203 0.01242126
v 0.03354282 -0.02428051 0.01596166
v 0.03425887 -0.02480879 0.01643733
v 0.03400645 -0.02426044 0.01682870
v 0.03343979 -0.02353155 0.01690698
v 0.08170914 -0.02387928 0.01858686
v 0.08193065 -0.02428051 0.01792454
v 0.08170914 -0.02590547 0.01552212
v 0.08200277 -0.02615289 0.01495614
v 0.08185338 -0.02500271 0.01691902
v 0.08146187 -0.02480210 0.01743683
v 0.08090551 -0.02676141 0.01421555
v 0.08090551 -0.02701553 0.01370375
v 0.08090551 -0.02744349 0.01281865
v 0.08090551 -0.02776447 0.01207204
v 0.08090551 -0.02797177 0.01156024
v 0.08090551 -0.02827270 0.01076546
v 0.08090551 -0.02863380 0.00974187
v 0.08169368 -0.02896815 0.00846540
v 0.08199762 -0.02906846 0.00774287
v 0.08090551 -0.02950311 0.00666509
v 0.08014824 -0.02950980 0.00666509
v 0.03685007 -0.02971711 0.00564151
v 0.08090551 -0.02986422 0.00470824
v 0.08090551 -0.03001134 0.00359433
v 0.08090551 -0.03012502 0.00257075
v 0.07371920 -0.03019188 0.00154114
v 0.07474949 -0.03023870 0.00051755
v 0.08014824 -0.03023870 0.00014425
v 0.08090551 -0.03023870 0.00001178
v 0.04710151 -0.03025207 0.00051755
v 0.03685007 -0.03025207 0.00051755
v 0.03683976 -0.03022532 -0.00051205
v 0.07988036 -0.03019188 -0.00153564
v 0.08162157 -0.02996453 -0.00358883
v 0.08213156 -0.02981072 -0.00358883
v 0.08091066 -0.03012502 -0.00255923
v 0.08193065 -0.02954324 -0.00563601
v 0.08286307 -0.02825263 -0.00871278
v 0.08270338 -0.02809214 -0.00973637
v 0.08193065 -0.02934931 -0.00665959
v 0.08236338 -0.02886116 -0.00809863
v 0.08234277 -0.02783135 -0.01119348
v 0.08193065 -0.02726963 -0.01281315
v 0.08193065 -0.02694197 -0.01351762
v 0.08202853 -0.02615289 -0.01496268
v 0.08175035 -0.02591884 -0.01553469
v 0.08144126 -0.02478873 -0.01742531
v 0.08212126 -0.02467505 -0.01725672
v 0.08240974 -0.02373885 -0.01842481
v 0.08268792 -0.02301665 -0.01895467
v 0.08193065 -0.02043544 -0.02229036
v 0.08193065 -0.01992053 -0.02277807
v 0.08193065 -0.01932538 -0.02328986
v 0.08247156 -0.01867005 -0.02359693
v 0.08269822 -0.01907127 -0.02300687
v 0.08193065 -0.02095034 -0.02177856
v 0.08193065 -0.02196678 -0.02075498
v 0.08193065 -0.02290297 -0.01967720
v 0.08193065 -0.02246831 -0.02018899
v 0.08321337 -0.01819526 -0.02309718
v 0.08266216 -0.01812171 -0.02381971
v 0.08263125 -0.01688459 -0.02478309
v 0.08252307 -0.01568761 -0.02569830
v 0.08332155 -0.01471129 -0.02544541
v 0.08339882 -0.01440369 -0.02554175
v 0.08355852 -0.01169542 -0.02675199
v 0.08341943 -0.01238419 -0.02658942
v 0.08323398 -0.01095316 -0.02742033
v 0.08337822 -0.01018414 -0.02757086
v 0.08327004 -0.01300609 -0.02642685
v 0.08311034 -0.00890691 -0.02832349
v 0.08359973 -0.00890691 -0.02781170
v 0.08376458 -0.00787710 -0.02797427
v 0.08340397 -0.00685397 -0.02862455
v 0.08251792 -0.00557674 -0.02978060
v 0.08267762 -0.00377123 -0.02991908
v 0.08259519 -0.00480104 -0.02984683
v 0.08307943 -0.00510865 -0.02932902
v 0.08090036 0.00030789 -0.03073193
v 0.08192035 0.00133770 -0.03056334
v 0.08090036 -0.00071523 -0.03068978
v 0.08090036 -0.00173836 -0.03064162
v 0.08192035 -0.00274811 -0.03040679
v 0.08192035 0.00236082 -0.03050915
v 0.08192035 0.00337726 -0.03044292
v 0.08192035 0.00440038 -0.03032852
v 0.08262095 0.00541682 -0.02987091
v 0.08310519 0.00571774 -0.02935912
v 0.08251792 0.00643994 -0.02978662
v 0.08188429 0.00740288 -0.02981070
v 0.08218307 0.00769711 -0.02964211
v 0.08192035 0.00541682 -0.03017197
v 0.08192035 0.00643994 -0.03000338
v 0.08192035 0.00952269 -0.02921462
v 0.08227580 0.01091360 -0.02863659
v 0.08257974 0.01259206 -0.02779364
v 0.08279095 0.01156225 -0.02799835
v 0.08288368 0.01346138 -0.02707713
v 0.07684099 0.03518102 -0.01713630
v 0.07736644 0.03570930 -0.01642581
v 0.07536252 0.03570261 -0.01744940
v 0.07572827 0.03518102 -0.01764207
v 0.07604766 0.03554212 -0.01731693
v 0.07680493 0.03590991 -0.01660042
v 0.08192035 0.01330089 -0.02776353
v 0.08193581 0.01154219 -0.02850413
v 0.08192035 0.01259206 -0.02808265
v 0.08090036 0.01464499 -0.02726378
v 0.08090036 0.01346138 -0.02784783
v 0.07773735 0.03610384 -0.01582370
v 0.07680493 0.03642482 -0.01616690
v 0.07680493 0.03695978 -0.01566113
v 0.07599615 0.03764855 -0.01512525
v 0.07531100 0.03772211 -0.01537814
v 0.07474949 0.03774217 -0.01540824
v 0.03582492 -0.02349812 0.01914080
v 0.03685007 -0.02351818 0.01917091
v 0.03479978 -0.02462155 0.01718997
v 0.03481523 -0.02408658 0.01793658
v 0.03537674 -0.02478204 0.01741275
v 0.04504607 -0.02301665 0.01978506
v 0.08090551 -0.02351818 0.01917091
v 0.03304312 0.02774498 -0.00973035
v 0.03290918 0.02705621 -0.01085630
v 0.03298646 0.02682885 -0.01178354
v 0.03278555 0.02592610 -0.01280713
v 0.03305343 0.02468230 -0.01588391
v 0.03296585 0.02542457 -0.01438466
v 0.03305858 0.02542457 -0.01472184
v 0.03312040 0.02559843 -0.01463754
v 0.03299161 0.02387985 -0.01688341
v 0.03292464 0.02289685 -0.01797323
v 0.03289373 0.02190716 -0.01905101
v 0.03289373 0.01986760 -0.02110420
v 0.03257434 0.01772105 -0.02203145
v 0.03249707 0.01566812 -0.02305504
v 0.03247646 0.01539395 -0.02305504
v 0.03247131 0.01361518 -0.02407862
v 0.03247131 0.01156225 -0.02510221
v 0.03244555 0.01053912 -0.02510221
v 0.03246101 0.00849288 -0.02613181
v 0.03250222 0.00571774 -0.02714938
v 0.03247646 0.00440038 -0.02714938
v 0.03245070 0.00236082 -0.02714938
v 0.03244555 0.00133770 -0.02714938
v 0.03243525 -0.00583085 -0.02613181
v 0.03426402 0.02850062 -0.01129583
v 0.03424857 0.02954381 -0.00827927
v 0.07372435 0.03730082 -0.01595014
v 0.04925483 0.03730082 -0.01595014
v 0.03420221 0.02343850 -0.01956280
v 0.03425887 0.02440144 -0.01847298
v 0.03424857 0.02646775 -0.01542029
v 0.03421766 0.02752431 -0.01343332
v 0.03379009 0.02896872 -0.00861043
v 0.03397554 0.02878817 -0.00973035
v 0.03346554 0.02825989 -0.00973035
v 0.03315130 0.02759118 -0.01058535
v 0.03243525 -0.01095316 -0.02408464
v 0.03249707 -0.01300609 -0.02408464
v 0.03253313 -0.01505902 -0.02305504
v 0.03265676 -0.01710527 -0.02203145
v 0.03243525 -0.00890691 -0.02510823
v 0.03245070 -0.00992334 -0.02510823
v 0.03320282 -0.02587872 -0.01242780
v 0.03337282 -0.02670792 -0.01094059
v 0.03325433 -0.02683497 -0.01025419
v 0.03296585 -0.02020139 -0.02000234
v 0.03297615 -0.02122451 -0.01896069
v 0.03307918 -0.02302334 -0.01690750
v 0.03303282 -0.02220751 -0.01788291
v 0.03312040 -0.02394616 -0.01566113
v 0.03320797 -0.02484891 -0.01444487
v 0.03364585 -0.02745018 -0.00973637
v 0.03415584 -0.02797177 -0.00973637
v 0.03399615 -0.02812558 -0.00871278
v 0.03430524 -0.02886785 -0.00711117
v 0.03470705 -0.02915539 -0.00672582
v 0.03479463 -0.02939613 -0.00563601
v 0.03483584 -0.02973048 -0.00366711
v 0.03520674 -0.02994446 -0.00337809
v 0.03512432 -0.02998459 -0.00255923
v 0.03505220 -0.03001134 -0.00153564
v 0.03500069 -0.03003808 -0.00051205
v 0.03500584 -0.03003808 0.00001178
v 0.03501099 -0.03003808 0.00051755
v 0.03505220 -0.03002471 0.00154114
v 0.03511917 -0.02999127 0.00257075
v 0.03521190 -0.02995115 0.00335951
v 0.03484099 -0.02973048 0.00366057
v 0.03421251 -0.02895478 0.00642425
v 0.03479978 -0.02941618 0.00564151
v 0.03335221 -0.02775779 0.00769470
v 0.03349130 -0.02761736 0.00871829
v 0.03318221 -0.02692190 0.00974187
v 0.03325433 -0.02682828 0.01025969
v 0.03337282 -0.02671460 0.01094007
v 0.03351706 -0.02551762 0.01384224
v 0.03419190 -0.02590547 0.01451660
v 0.03379009 -0.02526351 0.01482368
v 0.03353767 -0.02652068 0.01179507
v 0.03420221 -0.02691522 0.01248147
v 0.03447523 -0.02568480 0.01519699
v 0.03479978 -0.02496928 0.01667817
v 0.08090551 -0.02391941 0.01865912
v 0.08090551 -0.02639362 0.01486583
v 0.08090551 -0.02480879 0.01744286
v 0.08090551 -0.02514983 0.01690698
v 0.08090551 -0.02563799 0.01611821
v 0.08014824 -0.02676141 0.01421555
v 0.07680493 -0.02701553 0.01370375
v 0.03890035 -0.02745018 0.01281865
v 0.03685007 -0.02776447 0.01207204
v 0.08014824 -0.02791828 0.01169873
v 0.08014824 -0.02819914 0.01098222
v 0.03787521 -0.02886116 0.00912772
v 0.08014824 -0.02879429 0.00927825
v 0.08090551 -0.02884778 0.00910966
v 0.08090551 -0.02900827 0.00859786
v 0.08090551 -0.02926238 0.00769470
v 0.03685007 -0.02950980 0.00666509
v 0.03582492 -0.02967698 0.00564151
v 0.03617007 -0.02992441 0.00416634
v 0.03685007 -0.03001134 0.00359433
v 0.08014824 -0.02986422 0.00470824
v 0.03685007 -0.03012502 0.00257075
v 0.06449805 -0.03019857 0.00154114
v 0.03685007 -0.03019857 0.00154114
v 0.03582492 -0.03016514 0.00154114
v 0.03582492 -0.03019857 0.00051755
v 0.03581977 -0.03019857 -0.00000026
v 0.03581977 -0.03019188 -0.00051205
v 0.03581977 -0.03015176 -0.00153564
v 0.03683976 -0.03010495 -0.00255923
v 0.03787006 -0.03017851 -0.00153564
v 0.06757863 -0.03012502 -0.00255923
v 0.08148763 -0.02992441 -0.00419094
v 0.08186883 -0.02975054 -0.00456425
v 0.08091066 -0.03001134 -0.00358883
v 0.08091066 -0.02950311 -0.00665959
v 0.08167823 -0.02896815 -0.00846592
v 0.08198217 -0.02907515 -0.00773135
v 0.08198217 -0.02877422 -0.00877300
v 0.08193065 -0.02848668 -0.00973637
v 0.08197186 -0.02808545 -0.01082017
v 0.08165762 -0.02792496 -0.01145238
v 0.08197186 -0.02769092 -0.01178957
v 0.08091066 -0.02743681 -0.01281315
v 0.08091066 -0.02702221 -0.01368621
v 0.08091066 -0.02675473 -0.01419800
v 0.08091066 -0.02640031 -0.01486032
v 0.08091066 -0.02597234 -0.01562500
v 0.08091066 -0.02479541 -0.01743133
v 0.08091066 -0.02444100 -0.01794312
v 0.08091066 -0.02392609 -0.01865964
v 0.08172460 -0.02387928 -0.01858738
v 0.08091066 -0.02053574 -0.02239874
v 0.08091066 -0.02002084 -0.02287440
v 0.08091066 -0.01945244 -0.02339222
v 0.08167823 -0.01772048 -0.02467471
v 0.08193065 -0.01881047 -0.02371133
v 0.08236338 -0.01757337 -0.02455429
v 0.08091066 -0.02156555 -0.02136913
v 0.08091066 -0.02206040 -0.02085733
v 0.08091066 -0.02256861 -0.02030339
v 0.08193065 -0.01587485 -0.02581872
v 0.08212126 -0.01471129 -0.02648104
v 0.08228610 -0.01443044 -0.02658340
v 0.08256944 -0.01374835 -0.02676403
v 0.08270853 -0.01505902 -0.02588495
v 0.08299186 -0.01204984 -0.02718551
v 0.08276004 -0.01300609 -0.02695670
v 0.08255398 -0.01171548 -0.02777558
v 0.08248701 -0.00951543 -0.02872691
v 0.08259519 -0.00890691 -0.02882926
v 0.08327004 -0.00787710 -0.02848606
v 0.08288883 -0.00685397 -0.02911226
v 0.08275489 -0.00787710 -0.02897979
v 0.08238398 -0.00626551 -0.02969630
v 0.08199762 -0.00588435 -0.02990102
v 0.08194611 -0.00510865 -0.03006359
v 0.08192035 -0.00480104 -0.03012380
v 0.08192035 -0.00377123 -0.03027433
v 0.04718908 -0.00062161 -0.03073193
v 0.04690575 -0.00022039 -0.03074397
v 0.07652160 0.00081611 -0.03074397
v 0.07652160 0.00082280 -0.03074397
v 0.07987521 0.00133770 -0.03071387
v 0.08090036 0.00133770 -0.03070785
v 0.08090036 0.00236082 -0.03065968
v 0.04915180 -0.00173836 -0.03065968
v 0.08090036 -0.00274811 -0.03055732
v 0.07474949 -0.00274811 -0.03056334
v 0.08090036 0.00337726 -0.03059345
v 0.08090036 0.00440038 -0.03047303
v 0.08150823 0.00807828 -0.02973845
v 0.08188429 0.00844607 -0.02953373
v 0.08090036 0.00541682 -0.03031648
v 0.08163187 0.00571774 -0.03016595
v 0.08090036 0.00643994 -0.03014788
v 0.08159581 0.01118108 -0.02873895
v 0.08193581 0.01055919 -0.02887141
v 0.07474949 0.03515427 -0.01779862
v 0.07474949 0.03574273 -0.01748552
v 0.07474949 0.03625764 -0.01698577
v 0.07542434 0.03672573 -0.01643183
v 0.07610433 0.03663212 -0.01634753
v 0.08090036 0.01259206 -0.02823920
v 0.07372435 0.03515427 -0.01781668
v 0.03684491 0.01346138 -0.02784783
v 0.07570767 0.03718714 -0.01586585
v 0.07474949 0.03676585 -0.01647398
v 0.07474949 0.03728076 -0.01592004
v 0.03582492 -0.02389934 0.01862901
v 0.03685007 -0.02391941 0.01865912
v 0.03605674 -0.02480210 0.01744286
v 0.03575795 -0.02449449 0.01784025
v 0.03515523 -0.02587872 0.01549202
v 0.03582492 -0.02636688 0.01486583
v 0.03582492 -0.02594559 0.01557632
v 0.03575795 -0.02506289 0.01700331
v 0.03314615 0.02658143 -0.01280713
v 0.03303797 0.02593279 -0.01374040
v 0.03325433 0.02746413 -0.01126573
v 0.03317706 0.02448169 -0.01653419
v 0.03329555 0.02542457 -0.01529384
v 0.03327494 0.02537776 -0.01532997
v 0.03324403 0.02645438 -0.01334301
v 0.03338827 0.02628051 -0.01402339
v 0.03353767 0.02593279 -0.01492656
v 0.03312555 0.02353881 -0.01766615
v 0.03308433 0.02259593 -0.01876801
v 0.03312040 0.02155275 -0.01998428
v 0.03311009 0.02078373 -0.02074896
v 0.03308433 0.01959343 -0.02180265
v 0.03290918 0.01881104 -0.02210370
v 0.03264131 0.01669124 -0.02305504
v 0.03250737 0.01539395 -0.02332598
v 0.03253828 0.01259206 -0.02510221
v 0.03249707 0.00952269 -0.02613181
v 0.03252797 0.00643994 -0.02714938
v 0.03266707 0.00236082 -0.02817297
v 0.03264131 0.00133770 -0.02817297
v 0.03263616 0.00030789 -0.02817297
v 0.03244555 -0.00071523 -0.02714938
v 0.03244555 -0.00685397 -0.02613181
v 0.03416100 0.02860762 -0.01075996
v 0.07372435 0.03678592 -0.01649204
v 0.04925483 0.03673242 -0.01655225
v 0.03460917 0.02211446 -0.02130290
v 0.03478948 0.02317771 -0.02029737
v 0.03404766 0.02381967 -0.01887037
v 0.03418160 0.02244882 -0.02062251
v 0.03397554 0.02280992 -0.01994213
v 0.03326464 0.02230839 -0.01944840
v 0.03345524 0.02289685 -0.01905101
v 0.03331100 0.02327801 -0.01834654
v 0.03406312 0.02542457 -0.01667267
v 0.03414039 0.02555831 -0.01660644
v 0.03399100 0.02591272 -0.01581166
v 0.03359433 0.02542457 -0.01585983
v 0.03409918 0.02662155 -0.01485430
v 0.03356857 0.02795228 -0.01085630
v 0.03262070 -0.01402921 -0.02408464
v 0.03249707 -0.01095316 -0.02510823
v 0.03258979 -0.01197628 -0.02510823
v 0.03273919 -0.01607546 -0.02305504
v 0.03299161 -0.01810833 -0.02203747
v 0.03297100 -0.01916489 -0.02103195
v 0.03247131 -0.00787710 -0.02613181
v 0.03351706 -0.02551093 -0.01383674
v 0.03418675 -0.02692190 -0.01248199
v 0.03353251 -0.02652737 -0.01178957
v 0.03404251 -0.02706233 -0.01178957
v 0.03425887 -0.02787147 -0.01029633
v 0.03312555 -0.01987372 -0.02070681
v 0.03312555 -0.02089016 -0.01967720
v 0.03315646 -0.02185310 -0.01861749
v 0.03320282 -0.02280935 -0.01750358
v 0.03328009 -0.02373216 -0.01634151
v 0.03378494 -0.02527019 -0.01481818
v 0.03419190 -0.02589878 -0.01451110
v 0.03338312 -0.02462824 -0.01512525
v 0.03425372 -0.02480879 -0.01643183
v 0.03497493 -0.02904171 -0.00768920
v 0.03446493 -0.02878760 -0.00768920
v 0.03540765 -0.02990434 -0.00405848
v 0.03581977 -0.03008490 -0.00255923
v 0.03541280 -0.03012502 -0.00000026
v 0.03582492 -0.03010495 0.00257075
v 0.03549008 -0.02990434 0.00404592
v 0.03471735 -0.02915539 0.00672530
v 0.03432069 -0.02886785 0.00710463
v 0.03400645 -0.02813226 0.00871829
v 0.03386736 -0.02827270 0.00769470
v 0.03582492 -0.02946968 0.00666509
v 0.03517068 -0.02894809 0.00841723
v 0.03498008 -0.02904171 0.00769470
v 0.03366130 -0.02745018 0.00974187
v 0.03417130 -0.02797177 0.00974187
v 0.03427433 -0.02787147 0.01029581
v 0.03405281 -0.02706233 0.01179507
v 0.03402706 -0.02606596 0.01384224
v 0.03442372 -0.02675473 0.01316186
v 0.03478432 -0.02659424 0.01386030
v 0.03481008 -0.02606596 0.01485980
v 0.03450099 -0.02773104 0.01097620
v 0.04300093 -0.02480879 0.01745490
v 0.08014824 -0.02470848 0.01758736
v 0.03685007 -0.02639362 0.01486583
v 0.08014824 -0.02587872 0.01573888
v 0.03685007 -0.02676141 0.01420953
v 0.03685007 -0.02701553 0.01369773
v 0.03685007 -0.02745018 0.01281865
v 0.03582492 -0.02775779 0.01203591
v 0.03685007 -0.02797177 0.01156024
v 0.03685007 -0.02827270 0.01076546
v 0.03685007 -0.02886116 0.00912772
v 0.03685007 -0.02900827 0.00861593
v 0.08014824 -0.02901496 0.00859184
v 0.08014824 -0.02920220 0.00792952
v 0.03685007 -0.02926238 0.00769470
v 0.03582492 -0.02922895 0.00769470
v 0.03583007 -0.02997790 0.00366057
v 0.03683976 -0.03001134 -0.00358883
v 0.08091066 -0.02993778 -0.00423911
v 0.08091066 -0.02969036 -0.00563601
v 0.06244776 -0.02969704 -0.00563601
v 0.05222208 -0.02950980 -0.00665959
v 0.08091066 -0.02926238 -0.00768920
v 0.08091066 -0.02884778 -0.00911018
v 0.08091066 -0.02864717 -0.00973637
v 0.08091066 -0.02776447 -0.01204847
v 0.08091066 -0.02827270 -0.01076598
v 0.03683976 -0.02777116 -0.01206051
v 0.04095064 -0.02744349 -0.01281315
v 0.03683976 -0.02702221 -0.01368621
v 0.03890035 -0.02676141 -0.01420402
v 0.03683976 -0.02640031 -0.01486032
v 0.04300093 -0.02479541 -0.01743735
v 0.07373465 -0.02597234 -0.01562500
v 0.04504607 -0.02444100 -0.01794915
v 0.08091066 -0.02351818 -0.01917143
v 0.03683976 -0.02392609 -0.01865964
v 0.08091066 -0.02300327 -0.01979160
v 0.04095064 -0.02054243 -0.02239874
v 0.03683976 -0.02002084 -0.02287440
v 0.03683976 -0.01945244 -0.02339222
v 0.06143292 -0.01828888 -0.02431946
v 0.08091066 -0.01893753 -0.02380165
v 0.08198217 -0.01808827 -0.02427732
v 0.08091066 -0.01778066 -0.02471686
v 0.08091066 -0.01710527 -0.02518048
v 0.08091066 -0.01600859 -0.02590904
v 0.08160096 -0.01464442 -0.02670382
v 0.08198217 -0.01717883 -0.02494566
v 0.07783008 -0.02156555 -0.02136913
v 0.07167921 -0.02206040 -0.02085733
v 0.04811635 -0.02256861 -0.02030942
v 0.05632265 -0.02300996 -0.01979160
v 0.08194096 -0.01501221 -0.02636062
v 0.08232732 -0.01240425 -0.02762505
v 0.08183278 -0.00988322 -0.02879916
v 0.08192035 -0.00890691 -0.02911828
v 0.08192035 -0.00787710 -0.02941933
v 0.08211611 -0.01019751 -0.02858842
v 0.08199762 -0.00694759 -0.02964211
v 0.08169884 -0.00666674 -0.02979264
v 0.08090036 -0.00480104 -0.03027433
v 0.08090551 -0.00583085 -0.03007563
v 0.08090036 -0.00377123 -0.03041883
v 0.03685007 -0.00024045 -0.03074397
v 0.04300093 -0.00173836 -0.03065968
v 0.03685007 -0.00173836 -0.03065366
v 0.03787006 0.00030789 -0.03075602
v 0.05632265 0.00092979 -0.03075000
v 0.04812150 0.00152494 -0.03073193
v 0.04915180 0.00236082 -0.03068978
v 0.05736325 -0.00274811 -0.03056936
v 0.07885007 -0.00377123 -0.03042485
v 0.05427237 -0.00377123 -0.03043690
v 0.06756833 0.00337726 -0.03059947
v 0.03685007 0.00440038 -0.03047303
v 0.08090036 0.00746975 -0.02991908
v 0.08090036 0.00863331 -0.02961803
v 0.08090036 0.00952269 -0.02937116
v 0.03685007 0.00541682 -0.03031648
v 0.03684491 0.00643994 -0.03014788
v 0.08090036 0.01053912 -0.02903398
v 0.08090036 0.01176286 -0.02857638
v 0.07372435 0.03576279 -0.01750358
v 0.07372435 0.03627101 -0.01700383
v 0.03684491 0.01259206 -0.02823920
v 0.04925483 0.03515427 -0.01781668
v 0.03581977 0.01259206 -0.02821511
v 0.03581977 0.01343463 -0.02782976
v 0.03685007 -0.02480879 0.01745490
v 0.03685007 -0.02595227 0.01560642
v 0.03511402 -0.02692190 0.01352914
v 0.03582492 -0.02675473 0.01417340
v 0.03342433 0.02520389 -0.01588391
v 0.03325949 0.02131201 -0.02049607
v 0.03325949 0.02026883 -0.02151363
v 0.03310494 0.01850344 -0.02277204
v 0.03297100 0.01772105 -0.02309116
v 0.03276494 0.01566812 -0.02407862
v 0.03256404 0.01464499 -0.02407862
v 0.03270828 0.01361518 -0.02510221
v 0.03273404 0.01156225 -0.02613181
v 0.03257949 0.01053912 -0.02613181
v 0.03258979 0.00746975 -0.02714938
v 0.03271343 0.00337726 -0.02817297
v 0.03306373 0.00236082 -0.02891958
v 0.03303797 0.00133770 -0.02894367
v 0.03303797 0.00030789 -0.02895571
v 0.03265676 -0.00071523 -0.02817297
v 0.03248161 -0.00377123 -0.02714938
v 0.03250737 -0.00480104 -0.02714938
v 0.06142777 0.03627770 -0.01700383
v 0.04925483 0.03627770 -0.01700383
v 0.04925483 0.03576279 -0.01750358
v 0.03488735 0.02178679 -0.02179663
v 0.03478948 0.02060987 -0.02284430
v 0.03420221 0.02038251 -0.02263958
v 0.03418160 0.02143238 -0.02163406
v 0.03383645 0.02170655 -0.02090550
v 0.03343979 0.02206096 -0.01998428
v 0.03280100 -0.01300609 -0.02510823
v 0.03281646 -0.01471129 -0.02412077
v 0.03252282 -0.00890691 -0.02613181
v 0.03262585 -0.00992334 -0.02613181
v 0.03281131 -0.01095316 -0.02613181
v 0.03293494 -0.01509914 -0.02413883
v 0.03309464 -0.01607546 -0.02380165
v 0.03305858 -0.01703840 -0.02302493
v 0.03317191 -0.01776060 -0.02266366
v 0.03314100 -0.01884391 -0.02170029
v 0.03254343 -0.00583085 -0.02715540
v 0.03441857 -0.02675473 -0.01316237
v 0.03477402 -0.02710914 -0.01281917
v 0.03482554 -0.02759061 -0.01176548
v 0.03450614 -0.02773773 -0.01097672
v 0.03482554 -0.02801190 -0.01068770
v 0.03479463 -0.02833288 -0.00973637
v 0.03482038 -0.02866723 -0.00872483
v 0.03334191 -0.01952599 -0.02139321
v 0.03334706 -0.02055580 -0.02035758
v 0.03335736 -0.02157224 -0.01930389
v 0.03340888 -0.02253518 -0.01818999
v 0.03415069 -0.02389934 -0.01760594
v 0.03342948 -0.02353155 -0.01690750
v 0.03399615 -0.02425376 -0.01682320
v 0.03353767 -0.02428051 -0.01595616
v 0.03444948 -0.02570485 -0.01519148
v 0.03445978 -0.02363855 -0.01829235
v 0.03479463 -0.02462155 -0.01717242
v 0.03479463 -0.02496259 -0.01666063
v 0.03513462 -0.02589210 -0.01549856
v 0.03518099 -0.02894140 -0.00839367
v 0.03581977 -0.02948306 -0.00665959
v 0.03609280 -0.02992441 -0.00417890
v 0.03577856 -0.02997790 -0.00366711
v 0.03581977 -0.02967029 -0.00563601
v 0.03446493 -0.02878760 0.00769470
v 0.03582492 -0.02900159 0.00856776
v 0.03582492 -0.02884110 0.00907955
v 0.03582492 -0.02861373 0.00974187
v 0.03518614 -0.02791828 0.01141574
v 0.03479978 -0.02832619 0.00974187
v 0.03482038 -0.02867392 0.00874237
v 0.03483069 -0.02801190 0.01068719
v 0.03483069 -0.02758393 0.01177098
v 0.03478432 -0.02709577 0.01281865
v 0.03582492 -0.02700215 0.01366763
v 0.03582492 -0.02739669 0.01281865
v 0.03582492 -0.02824594 0.01076546
v 0.03683976 -0.02993109 -0.00421503
v 0.05119693 -0.02993778 -0.00423309
v 0.07373465 -0.02993778 -0.00423911
v 0.03683976 -0.02969704 -0.00563601
v 0.03683976 -0.02950980 -0.00665959
v 0.04300093 -0.02900827 -0.00860441
v 0.03683976 -0.02926238 -0.00768920
v 0.04197579 -0.02884778 -0.00912222
v 0.03683976 -0.02864717 -0.00973637
v 0.07885007 -0.02827270 -0.01076598
v 0.03581977 -0.02775110 -0.01202439
v 0.03683976 -0.02744349 -0.01281315
v 0.03683976 -0.02826601 -0.01076598
v 0.03581977 -0.02823257 -0.01076598
v 0.03581977 -0.02700884 -0.01365008
v 0.03683976 -0.02676141 -0.01420402
v 0.03581977 -0.02636688 -0.01486032
v 0.03683976 -0.02597234 -0.01561296
v 0.03683976 -0.02479541 -0.01743735
v 0.03683976 -0.02444100 -0.01794915
v 0.03683976 -0.02351818 -0.01917143
v 0.03581977 -0.02391272 -0.01863555
v 0.03683976 -0.02054243 -0.02239874
v 0.03581977 -0.02000077 -0.02285634
v 0.03581977 -0.01942569 -0.02336813
v 0.03683976 -0.01828888 -0.02431946
v 0.07783008 -0.01778066 -0.02471686
v 0.07577979 -0.01710527 -0.02518048
v 0.03683976 -0.01600859 -0.02590904
v 0.08091066 -0.01520614 -0.02642083
v 0.08091066 -0.01471129 -0.02672188
v 0.08090551 -0.01402921 -0.02708315
v 0.08090551 -0.01320670 -0.02751065
v 0.08164217 -0.01262492 -0.02773343
v 0.03683976 -0.02206040 -0.02085131
v 0.03683976 -0.02105065 -0.02188694
v 0.03683976 -0.02256861 -0.02030942
v 0.03683976 -0.02300996 -0.01979160
v 0.08196156 -0.01202977 -0.02788998
v 0.08143611 -0.01044494 -0.02869680
v 0.08090551 -0.00890691 -0.02926880
v 0.08090551 -0.00787710 -0.02956986
v 0.08090551 -0.00734213 -0.02971437
v 0.05936718 -0.00480104 -0.03027433
v 0.03787006 -0.00684060 -0.02984683
v 0.07885007 -0.00583085 -0.03007563
v 0.03630916 -0.00022039 -0.03074397
v 0.03685007 0.00030789 -0.03075602
v 0.03685007 -0.00274811 -0.03056936
v 0.03582492 -0.00274811 -0.03053926
v 0.03582492 -0.00173836 -0.03061753
v 0.04710151 0.00102341 -0.03075000
v 0.04710151 0.00153163 -0.03073193
v 0.04300093 0.00236082 -0.03068978
v 0.03685007 -0.00377123 -0.03043690
v 0.03685007 0.00337726 -0.03059947
v 0.03582492 0.00440038 -0.03044894
v 0.03684491 0.00746975 -0.02991908
v 0.03684491 0.00863331 -0.02961803
v 0.03684491 0.00952269 -0.02937116
v 0.03582492 0.00541682 -0.03029239
v 0.03581977 0.00643994 -0.03011778
v 0.03581977 0.00746975 -0.02989500
v 0.03684491 0.01053912 -0.02903398
v 0.03684491 0.01176286 -0.02857638
v 0.03581977 0.01464499 -0.02723367
v 0.03581977 0.01172274 -0.02855832
v 0.03523250 0.01113427 -0.02872089
v 0.03508826 0.01330089 -0.02776353
v 0.03396524 0.02075698 -0.02200134
v 0.03343464 0.01986760 -0.02210370
v 0.03329555 0.01919221 -0.02248905
v 0.03334706 0.01807546 -0.02345243
v 0.03316161 0.01738670 -0.02369327
v 0.03306888 0.01660431 -0.02405454
v 0.03312040 0.01566812 -0.02477105
v 0.03308433 0.01539395 -0.02486739
v 0.03298646 0.01461156 -0.02513231
v 0.03307918 0.01361518 -0.02584882
v 0.03298646 0.01256531 -0.02617396
v 0.03297615 0.01053912 -0.02703498
v 0.03269797 0.00849288 -0.02714938
v 0.03299161 0.00746975 -0.02801040
v 0.03289888 0.00571774 -0.02819705
v 0.03285767 0.00541682 -0.02817297
v 0.03277525 0.00440038 -0.02817297
v 0.03310494 0.00337726 -0.02887743
v 0.03357888 0.00337726 -0.02938923
v 0.03354282 0.00236082 -0.02943137
v 0.03351191 0.00133770 -0.02946148
v 0.03350161 0.00030789 -0.02946750
v 0.03305343 -0.00071523 -0.02893765
v 0.03268767 -0.00173836 -0.02817297
v 0.03581977 0.01545413 -0.02681220
v 0.03508311 0.01533376 -0.02674597
v 0.03524280 0.01725964 -0.02565013
v 0.03502644 0.01842988 -0.02473492
v 0.03478948 0.01951319 -0.02376552
v 0.03478948 0.02002809 -0.02335007
v 0.03423827 0.01931258 -0.02360898
v 0.03315130 -0.01300609 -0.02575249
v 0.03305858 -0.01392222 -0.02509619
v 0.03313070 -0.01471129 -0.02477707
v 0.03303797 -0.01188266 -0.02613784
v 0.03262070 -0.00685397 -0.02715540
v 0.03302252 -0.00992334 -0.02695670
v 0.03275464 -0.00787710 -0.02715540
v 0.03321827 -0.01665055 -0.02360898
v 0.03337797 -0.01844269 -0.02238067
v 0.03342433 -0.01733263 -0.02335007
v 0.03273404 -0.00274811 -0.02817297
v 0.03280100 -0.00377123 -0.02817297
v 0.03510371 -0.02692859 -0.01351762
v 0.03478948 -0.02606596 -0.01486032
v 0.03519129 -0.02791828 -0.01140421
v 0.03429493 -0.01963967 -0.02253120
v 0.03408887 -0.02017464 -0.02176050
v 0.03427948 -0.02068954 -0.02151966
v 0.03356857 -0.02020139 -0.02103195
v 0.03370251 -0.01925182 -0.02210972
v 0.03369221 -0.02129807 -0.02008061
v 0.03428463 -0.02170598 -0.02048403
v 0.03404251 -0.02199352 -0.01980364
v 0.03409402 -0.02295646 -0.01871985
v 0.03435160 -0.02268229 -0.01940023
v 0.03514493 -0.02385253 -0.01855125
v 0.03479978 -0.02408658 -0.01793710
v 0.03581977 -0.02594559 -0.01558888
v 0.03552098 -0.02477535 -0.01739520
v 0.03581977 -0.02922895 -0.00768920
v 0.03581977 -0.02861373 -0.00973637
v 0.03581977 -0.02884110 -0.00906201
v 0.03683976 -0.02900827 -0.00860441
v 0.03683976 -0.02884778 -0.00912222
v 0.03581977 -0.02740337 -0.01281315
v 0.03581977 -0.02562461 -0.01610067
v 0.03620613 -0.02479541 -0.01743133
v 0.03581977 -0.02349812 -0.01914734
v 0.03584553 -0.02448781 -0.01783474
v 0.03581977 -0.02052237 -0.02238067
v 0.03498008 -0.01988041 -0.02273592
v 0.03507796 -0.01880379 -0.02369929
v 0.03519129 -0.01769373 -0.02465063
v 0.03581977 -0.01826213 -0.02429538
v 0.03581977 -0.01775392 -0.02469277
v 0.03683976 -0.01778066 -0.02471084
v 0.03683976 -0.01710527 -0.02517446
v 0.03581977 -0.01598184 -0.02589699
v 0.03683976 -0.01520614 -0.02642083
v 0.03683976 -0.01471129 -0.02672188
v 0.03684491 -0.01402921 -0.02708315
v 0.03992550 -0.01269180 -0.02776353
v 0.08090551 -0.01268511 -0.02776353
v 0.03684491 -0.01320670 -0.02751065
v 0.08090551 -0.01197628 -0.02807663
v 0.03581977 -0.02204702 -0.02083325
v 0.03581977 -0.02103059 -0.02186888
v 0.03581977 -0.02255524 -0.02028533
v 0.03581977 -0.02298322 -0.01977354
v 0.08090551 -0.01045831 -0.02870282
v 0.08090551 -0.00992334 -0.02890754
v 0.03684491 -0.00890691 -0.02926880
v 0.03684491 -0.00787710 -0.02956986
v 0.03684491 -0.00734882 -0.02971437
v 0.05631750 -0.00510865 -0.03021412
v 0.03684491 -0.00583085 -0.03006961
v 0.03684491 -0.00510865 -0.03020208
v 0.03684491 -0.00684060 -0.02984081
v 0.03591250 -0.00062161 -0.03069580
v 0.03575280 0.00030789 -0.03071387
v 0.03626280 0.00030789 -0.03075000
v 0.03626795 0.00090304 -0.03075000
v 0.03685007 0.00093648 -0.03075000
v 0.03479978 -0.00274811 -0.03026229
v 0.03582492 -0.00377123 -0.03040679
v 0.03479978 -0.00377123 -0.03013584
v 0.03479978 -0.00071523 -0.03040679
v 0.04197579 0.00149150 -0.03073193
v 0.03787006 0.00145807 -0.03072591
v 0.03685007 0.00236082 -0.03067172
v 0.03582492 0.00337726 -0.03056936
v 0.03479978 0.00440038 -0.03018401
v 0.03581977 0.00857981 -0.02960599
v 0.03581977 0.00952269 -0.02934106
v 0.03479978 0.00541682 -0.03002746
v 0.03512947 0.00746975 -0.02979264
v 0.03529432 0.00800472 -0.02972039
v 0.03581977 0.01053912 -0.02899786
v 0.03500584 0.01053912 -0.02883529
v 0.03428978 0.01001084 -0.02868476
v 0.03485129 0.01150875 -0.02838972
v 0.03476372 0.01260543 -0.02792008
v 0.03440311 0.01294647 -0.02759494
v 0.03476372 0.01465837 -0.02693262
v 0.03351191 0.01881104 -0.02309116
v 0.03405796 0.01873749 -0.02381971
v 0.03372827 0.01778123 -0.02412077
v 0.03342433 0.01689854 -0.02437365
v 0.03323373 0.01621646 -0.02461450
v 0.03319767 0.01425714 -0.02568625
v 0.03333676 0.01288629 -0.02654727
v 0.03320797 0.01220421 -0.02669780
v 0.03310494 0.01156225 -0.02683026
v 0.03326979 0.00997741 -0.02764913
v 0.03317706 0.00929533 -0.02775751
v 0.03308433 0.00849288 -0.02787793
v 0.03292979 0.00958956 -0.02724572
v 0.03331615 0.00662718 -0.02861853
v 0.03324918 0.00594510 -0.02869680
v 0.03314100 0.00571774 -0.02858240
v 0.03299676 0.00634632 -0.02823318
v 0.03314100 0.00440038 -0.02882324
v 0.03408887 0.00337726 -0.02988296
v 0.03364070 0.00440038 -0.02933504
v 0.03405281 0.00236082 -0.02991908
v 0.03402706 0.00133770 -0.02994919
v 0.03401160 0.00030789 -0.02995521
v 0.03352221 -0.00071523 -0.02944944
v 0.03307918 -0.00173836 -0.02890152
v 0.03439796 0.01501278 -0.02656533
v 0.03460402 0.01539395 -0.02645695
v 0.03475857 0.01566812 -0.02637266
v 0.03455251 0.01695872 -0.02545745
v 0.03434130 0.01816240 -0.02454827
v 0.03472766 0.01875755 -0.02431946
v 0.03324918 -0.01147475 -0.02664361
v 0.03339342 -0.01215683 -0.02648104
v 0.03325433 -0.01351431 -0.02562002
v 0.03370251 -0.01515933 -0.02517446
v 0.03331100 -0.01546025 -0.02451816
v 0.03314100 -0.01477817 -0.02474696
v 0.03341403 -0.01419639 -0.02543337
v 0.03316676 -0.01095316 -0.02675199
v 0.03295040 -0.00583085 -0.02808867
v 0.03296585 -0.00890022 -0.02721561
v 0.03312555 -0.00787710 -0.02782374
v 0.03320797 -0.00855918 -0.02771536
v 0.03331100 -0.00923457 -0.02760096
v 0.03302252 -0.00685397 -0.02796223
v 0.03418675 -0.01673748 -0.02468675
v 0.03380554 -0.01703840 -0.02403045
v 0.03348100 -0.01607546 -0.02431344
v 0.03374372 -0.01815514 -0.02307912
v 0.03410948 -0.01786091 -0.02376552
v 0.03311009 -0.00274811 -0.02886539
v 0.03438766 -0.01854968 -0.02348855
v 0.03479463 -0.02085003 -0.02168223
v 0.03496978 -0.02192666 -0.02070681
v 0.03466069 -0.02230782 -0.02006857
v 0.03503675 -0.02288290 -0.01965914
v 0.03478432 -0.01812171 -0.02407260
v 0.03450099 -0.01742625 -0.02445193
v 0.03482038 -0.01709190 -0.02485534
v 0.03498008 -0.01582804 -0.02579463
v 0.03523250 -0.01459761 -0.02667973
v 0.03533553 -0.01471129 -0.02663157
v 0.03581977 -0.01710527 -0.02513833
v 0.03581977 -0.01517939 -0.02640878
v 0.03581977 -0.01466448 -0.02671586
v 0.03581977 -0.01317995 -0.02749258
v 0.03684491 -0.01269180 -0.02776353
v 0.03581977 -0.01265836 -0.02775149
v 0.03684491 -0.01197628 -0.02807663
v 0.04196548 -0.01097322 -0.02849209
v 0.03684491 -0.01045831 -0.02870282
v 0.03684491 -0.00992334 -0.02890754
v 0.03581977 -0.00890691 -0.02923268
v 0.03581977 -0.00787710 -0.02953975
v 0.03587128 -0.01000359 -0.02885335
v 0.03581977 -0.00728863 -0.02969630
v 0.03581977 -0.00678042 -0.02982877
v 0.03581977 -0.00583085 -0.03003951
v 0.03581977 -0.00510865 -0.03017197
v 0.03479978 0.00030789 -0.03044894
v 0.03479978 0.00133770 -0.03042485
v 0.03588674 0.00128420 -0.03070785
v 0.03582492 0.00236082 -0.03064162
v 0.03410948 -0.00274811 -0.02986489
v 0.03417645 -0.00377123 -0.02981070
v 0.03514493 -0.00659318 -0.02978060
v 0.03496978 -0.00583085 -0.02986489
v 0.03479463 -0.00510865 -0.02991306
v 0.03433099 -0.00516883 -0.02969028
v 0.03424342 -0.00448006 -0.02975049
v 0.03403221 -0.00071523 -0.02993715
v 0.03479978 0.00337726 -0.03029841
v 0.03415584 0.00440038 -0.02982877
v 0.03427948 0.00593173 -0.02972039
v 0.03476372 0.00634632 -0.02986489
v 0.03440311 0.00661381 -0.02964814
v 0.03461948 0.00746975 -0.02955180
v 0.03488735 0.00840595 -0.02943137
v 0.03469675 0.00960962 -0.02899786
v 0.03336252 0.01053912 -0.02754075
v 0.03405796 0.01156225 -0.02787191
v 0.03419705 0.01227108 -0.02773945
v 0.03417130 0.00932208 -0.02879314
v 0.03417130 0.01433070 -0.02674597
v 0.03411463 0.01748700 -0.02477105
v 0.03382100 0.01658425 -0.02503597
v 0.03421766 0.01627664 -0.02567421
v 0.03405281 0.01566812 -0.02586087
v 0.03359433 0.01539395 -0.02551164
v 0.03335221 0.01493922 -0.02549358
v 0.03349130 0.01361518 -0.02636664
v 0.03400645 0.01361518 -0.02692058
v 0.03376433 0.01257868 -0.02714336
v 0.03354797 0.01156225 -0.02734206
v 0.03353251 0.00849288 -0.02838972
v 0.03340373 0.00746975 -0.02852219
v 0.03391888 0.00746975 -0.02903398
v 0.03372312 0.00541682 -0.02925676
v 0.03479978 0.00236082 -0.03037067
v 0.03355827 -0.00173836 -0.02941331
v 0.03343464 -0.00992334 -0.02746850
v 0.03363039 -0.01095316 -0.02726378
v 0.03425372 -0.01151487 -0.02769128
v 0.03410433 -0.01300609 -0.02682424
v 0.03358918 -0.01300609 -0.02626428
v 0.03393948 -0.01471129 -0.02571636
v 0.03429493 -0.01554718 -0.02560798
v 0.03424342 -0.01358118 -0.02667973
v 0.03405281 -0.01471129 -0.02584280
v 0.03327494 -0.00518889 -0.02866670
v 0.03316676 -0.00377123 -0.02879314
v 0.03322343 -0.00449343 -0.02873293
v 0.03333676 -0.00583085 -0.02860046
v 0.03345524 -0.00685397 -0.02848004
v 0.03359948 -0.00787710 -0.02833554
v 0.03376433 -0.00890691 -0.02818501
v 0.03394463 -0.00992334 -0.02799835
v 0.03399615 -0.01607546 -0.02490953
v 0.03359948 -0.00274811 -0.02937719
v 0.03512947 -0.01471129 -0.02655931
v 0.03454736 -0.01426995 -0.02648706
v 0.03485129 -0.01396903 -0.02681220
v 0.03519644 -0.01258480 -0.02771536
v 0.03581977 -0.01197628 -0.02805255
v 0.03624219 -0.01044494 -0.02869680
v 0.03684491 -0.01097322 -0.02849209
v 0.03556735 -0.01039813 -0.02867874
v 0.03504190 -0.00972273 -0.02881120
v 0.03366645 -0.00377123 -0.02930493
v 0.03445463 -0.00583085 -0.02961803
v 0.03473796 -0.00891360 -0.02893163
v 0.03479978 -0.00690747 -0.02952771
v 0.03411463 -0.00787710 -0.02884733
v 0.03397039 -0.00685397 -0.02898581
v 0.03385191 -0.00583085 -0.02910623
v 0.03378494 -0.00510865 -0.02918451
v 0.03404766 0.00849288 -0.02890754
v 0.03376433 0.01463162 -0.02612579
v 0.03397554 0.01539395 -0.02593312
v 0.03483069 -0.01190941 -0.02782374
v 0.03451130 -0.01220364 -0.02752871
v 0.03435675 -0.00926801 -0.02864261
v 0.03421766 -0.00858593 -0.02874497
f 1 2 9
f 1 9 3
f 1 3 13
f 1 13 4
f 1 4 5
f 1 5 6
f 1 6 7
f 1 7 8
f 1 8 2
f 2 8 10
f 2 10 11
f 2 11 12
f 2 12 9
f 3 9 14
f 3 14 15
f 3 15 16
f 3 16 17
f 3 17 13
f 4 13 17
f 4 17 5
f 5 17 18
f 5 18 19
f 5 19 20
f 5 20 21
f 5 21 22
f 5 22 6
f 6 22 41
f 6 41 23
f 6 23 24
f 6 24 7
f 7 24 8
f 8 24 25
f 8 25 27
f 8 27 10
f 9 12 26
f 9 26 14
f 10 27 28
f 10 28 29
f 10 29 30
f 10 30 11
f 11 30 31
f 11 31 12
f 12 31 26
f 14 26 32
f 14 32 33
f 14 33 15
f 15 33 16
f 16 33 34
f 16 34 17
f 17 34 18
f 18 34 19
f 19 34 35
f 19 35 20
f 20 35 36
f 20 36 37
f 20 37 21
f 21 37 38
f 21 38 22
f 22 38 39
f 22 39 40
f 22 40 41
f 23 41 68
f 23 68 42
f 23 42 43
f 23 43 24
f 24 43 44
f 24 44 45
f 24 45 25
f 25 45 49
f 25 49 27
f 26 31 46
f 26 46 47
f 26 47 48
f 26 48 32
f 27 49 51
f 27 51 28
f 28 50 29
f 28 51 52
f 28 52 50
f 29 50 53
f 29 53 30
f 30 54 31
f 30 53 54
f 31 55 56
f 31 56 46
f 31 54 55
f 32 48 57
f 32 57 33
f 33 57 34
f 34 57 35
f 35 57 58
f 35 58 59
f 35 59 60
f 35 60 36
f 36 60 61
f 36 61 62
f 36 62 63
f 36 63 37
f 37 63 64
f 37 64 38
f 38 64 39
f 39 65 40
f 39 64 65
f 40 66 100
f 40 100 67
f 40 67 68
f 40 68 41
f 40 65 66
f 42 69 70
f 42 70 71
f 42 71 72
f 42 72 43
f 42 68 69
f 43 72 44
f 44 72 45
f 45 72 73
f 45 73 78
f 45 78 49
f 46 56 74
f 46 74 75
f 46 75 47
f 47 75 76
f 47 76 48
f 48 76 77
f 48 77 88
f 48 88 57
f 49 78 79
f 49 79 51
f 50 52 80
f 50 80 81
f 50 81 53
f 51 79 82
f 51 82 52
f 52 82 83
f 52 83 84
f 52 84 80
f 53 81 54
f 54 85 86
f 54 86 55
f 54 81 85
f 55 86 56
f 56 86 87
f 56 87 113
f 56 113 74
f 57 88 89
f 57 89 58
f 58 89 90
f 58 90 91
f 58 91 59
f 59 91 92
f 59 92 61
f 59 61 60
f 61 93 94
f 61 94 62
f 61 92 95
f 61 95 93
f 62 94 96
f 62 96 63
f 63 96 97
f 63 97 64
f 64 97 65
f 65 97 98
f 65 98 99
f 65 99 66
f 66 99 100
f 67 100 101
f 67 101 102
f 67 102 68
f 68 102 103
f 68 103 69
f 69 103 104
f 69 104 105
f 69 105 70
f 70 105 106
f 70 106 71
f 71 106 107
f 71 107 108
f 71 108 109
f 71 109 72
f 72 109 110
f 72 110 73
f 73 110 111
f 73 111 112
f 73 112 78
f 74 113 171
f 74 171 114
f 74 114 75
f 75 114 115
f 75 115 116
f 75 116 76
f 76 116 117
f 76 117 118
f 76 118 119
f 76 119 77
f 77 119 136
f 77 136 88
f 78 112 120
f 78 120 79
f 79 120 121
f 79 121 82
f 80 122 81
f 80 84 123
f 80 123 122
f 81 122 124
f 81 124 125
f 81 125 85
f 82 121 126
f 82 126 127
f 82 127 128
f 82 128 129
f 82 129 130
f 82 130 131
f 82 131 84
f 82 84 83
f 84 131 132
f 84 132 123
f 85 125 86
f 86 125 133
f 86 133 134
f 86 134 87
f 87 134 135
f 87 135 113
f 88 136 137
f 88 137 89
f 89 137 138
f 89 138 90
f 90 138 139
f 90 139 140
f 90 140 91
f 91 140 92
f 92 140 95
f 93 141 142
f 93 142 94
f 93 95 145
f 93 145 141
f 94 142 96
f 95 140 143
f 95 143 144
f 95 144 145
f 96 142 146
f 96 146 147
f 96 147 97
f 97 147 148
f 97 148 98
f 98 148 149
f 98 149 99
f 99 149 150
f 99 150 100
f 100 150 151
f 100 151 101
f 101 151 152
f 101 152 103
f 101 103 102
f 103 152 153
f 103 153 154
f 103 154 155
f 103 155 156
f 103 156 157
f 103 157 158
f 103 158 104
f 104 158 105
f 105 159 106
f 105 158 157
f 105 157 160
f 105 160 161
f 105 161 162
f 105 162 163
f 105 163 164
f 105 164 165
f 105 165 159
f 106 159 107
f 107 159 108
f 108 159 166
f 108 166 109
f 109 166 110
f 110 166 167
f 110 167 111
f 111 167 112
f 112 167 168
f 112 168 169
f 112 169 120
f 113 135 170
f 113 170 171
f 114 171 115
f 115 172 173
f 115 173 117
f 115 117 116
f 115 171 172
f 117 173 174
f 117 174 175
f 117 175 176
f 117 176 118
f 118 176 177
f 118 177 178
f 118 178 119
f 119 178 179
f 119 179 196
f 119 196 136
f 120 169 180
f 120 180 126
f 120 126 121
f 122 181 124
f 122 123 182
f 122 182 181
f 123 132 183
f 123 183 182
f 124 181 125
f 125 184 133
f 125 181 185
f 125 185 184
f 126 180 186
f 126 186 187
f 126 187 127
f 127 187 188
f 127 188 189
f 127 189 128
f 128 189 129
f 129 189 130
f 130 132 131
f 130 189 190
f 130 190 132
f 132 190 183
f 133 184 191
f 133 191 192
f 133 192 134
f 134 192 193
f 134 193 135
f 135 193 194
f 135 194 195
f 135 195 170
f 136 196 197
f 136 197 137
f 137 197 198
f 137 198 199
f 137 199 138
f 138 199 200
f 138 200 139
f 139 200 201
f 139 201 202
f 139 202 143
f 139 143 140
f 141 203 142
f 141 145 204
f 141 204 203
f 142 205 206
f 142 206 146
f 142 203 205
f 143 202 207
f 143 207 144
f 144 207 208
f 144 208 145
f 145 208 209
f 145 209 204
f 146 206 210
f 146 210 147
f 147 210 211
f 147 211 212
f 147 212 148
f 148 212 149
f 149 212 213
f 149 213 150
f 150 213 214
f 150 214 215
f 150 215 151
f 151 215 152
f 152 215 153
f 153 215 216
f 153 216 217
f 153 217 154
f 154 217 155
f 155 218 156
f 155 217 218
f 156 161 157
f 156 218 219
f 156 219 220
f 156 220 221
f 156 221 222
f 156 222 223
f 156 223 224
f 156 224 161
f 157 161 160
f 159 165 166
f 161 224 225
f 161 225 162
f 162 226 227
f 162 227 228
f 162 228 229
f 162 229 230
f 162 230 231
f 162 231 232
f 162 232 163
f 162 225 226
f 163 232 233
f 163 233 234
f 163 234 235
f 163 235 164
f 164 236 165
f 164 235 236
f 165 236 237
f 165 237 166
f 166 237 167
f 167 237 168
f 168 237 238
f 168 238 169
f 169 238 239
f 169 239 240
f 169 240 241
f 169 241 242
f 169 242 243
f 169 243 244
f 169 244 180
f 170 195 245
f 170 245 171
f 171 245 172
f 172 245 246
f 172 246 173
f 173 246 247
f 173 247 248
f 173 248 249
f 173 249 250
f 173 250 251
f 173 251 252
f 173 252 174
f 174 252 175
f 175 252 176
f 176 253 254
f 176 254 177
f 176 252 255
f 176 255 256
f 176 256 257
f 176 257 258
f 176 258 259
f 176 259 253
f 177 254 178
f 178 254 253
f 178 253 260
f 178 260 261
f 178 261 179
f 179 261 196
f 180 244 243
f 180 243 186
f 181 182 262
f 181 262 185
f 182 183 263
f 182 263 262
f 183 190 264
f 183 264 263
f 184 185 262
f 184 262 265
f 184 265 266
f 184 266 191
f 186 267 268
f 186 268 269
f 186 269 187
f 186 243 270
f 186 270 271
f 186 271 272
f 186 272 267
f 187 269 188
f 188 269 268
f 188 268 273
f 188 273 189
f 189 273 274
f 189 274 190
f 190 274 275
f 190 275 264
f 191 266 276
f 191 276 277
f 191 277 192
f 192 277 278
f 192 278 279
f 192 279 193
f 193 279 280
f 193 280 194
f 194 280 195
f 195 281 245
f 195 280 282
f 195 282 283
f 195 283 281
f 196 261 197
f 197 261 284
f 197 284 285
f 197 285 286
f 197 286 198
f 198 286 287
f 198 287 288
f 198 288 289
f 198 289 199
f 199 289 200
f 200 289 201
f 201 290 207
f 201 207 202
f 201 289 291
f 201 291 292
f 201 292 293
f 201 293 290
f 203 294 205
f 203 204 295
f 203 295 294
f 204 209 296
f 204 296 295
f 205 294 297
f 205 297 206
f 206 297 298
f 206 298 210
f 207 290 299
f 207 299 208
f 208 299 300
f 208 300 301
f 208 301 209
f 209 301 296
f 210 298 302
f 210 302 211
f 211 302 303
f 211 303 212
f 212 303 304
f 212 304 213
f 213 304 305
f 213 305 214
f 214 305 215
f 215 305 216
f 216 305 306
f 216 306 307
f 216 307 308
f 216 308 309
f 216 309 217
f 217 309 310
f 217 310 218
f 218 310 219
f 219 310 307
f 219 307 311
f 219 311 220
f 220 311 312
f 220 312 313
f 220 313 222
f 220 222 221
f 222 313 223
f 223 314 315
f 223 315 316
f 223 316 317
f 223 317 318
f 223 318 319
f 223 319 228
f 223 228 226
f 223 226 224
f 223 313 314
f 224 226 225
f 226 228 227
f 228 319 320
f 228 320 229
f 229 320 321
f 229 321 414
f 229 414 322
f 229 322 323
f 229 323 230
f 230 323 324
f 230 324 231
f 231 324 233
f 231 233 232
f 233 324 325
f 233 325 326
f 233 326 327
f 233 327 234
f 234 327 239
f 234 239 328
f 234 328 235
f 235 328 237
f 235 237 236
f 237 328 239
f 237 239 238
f 239 327 240
f 240 325 329
f 240 329 330
f 240 330 331
f 240 331 332
f 240 332 333
f 240 333 270
f 240 270 241
f 240 327 326
f 240 326 325
f 241 270 242
f 242 270 243
f 245 281 283
f 245 283 246
f 246 334 335
f 246 335 247
f 246 283 336
f 246 336 334
f 247 335 248
f 248 335 337
f 248 337 249
f 249 337 250
f 250 337 422
f 250 422 338
f 250 338 251
f 251 338 339
f 251 339 252
f 252 339 255
f 253 259 340
f 253 340 341
f 253 341 260
f 255 339 256
f 256 339 257
f 257 339 342
f 257 342 343
f 257 343 258
f 258 343 342
f 258 342 344
f 258 344 345
f 258 345 346
f 258 346 347
f 258 347 259
f 259 348 341
f 259 341 340
f 259 347 349
f 259 349 348
f 260 341 350
f 260 350 261
f 261 350 351
f 261 351 352
f 261 352 353
f 261 353 354
f 261 354 284
f 262 263 355
f 262 355 356
f 262 356 265
f 263 264 357
f 263 357 358
f 263 358 355
f 264 275 359
f 264 359 357
f 265 356 360
f 265 360 266
f 266 360 361
f 266 361 370
f 266 370 276
f 267 272 362
f 267 362 363
f 267 363 364
f 267 364 268
f 268 364 365
f 268 365 273
f 270 333 332
f 270 332 271
f 271 332 331
f 271 331 366
f 271 366 367
f 271 367 368
f 271 368 272
f 272 368 369
f 272 369 362
f 273 365 274
f 274 365 275
f 275 365 359
f 276 370 277
f 277 370 371
f 277 371 278
f 278 371 279
f 279 371 372
f 279 372 280
f 280 372 373
f 280 373 282
f 282 336 283
f 282 373 374
f 282 374 375
f 282 375 336
f 284 354 376
f 284 376 377
f 284 377 378
f 284 378 285
f 285 378 286
f 286 378 377
f 286 377 379
f 286 379 380
f 286 380 287
f 287 380 381
f 287 381 288
f 288 382 291
f 288 291 289
f 288 381 382
f 290 293 383
f 290 383 384
f 290 384 299
f 291 382 385
f 291 385 292
f 292 385 386
f 292 386 383
f 292 383 293
f 294 295 387
f 294 387 388
f 294 388 389
f 294 389 392
f 294 392 297
f 295 296 390
f 295 390 391
f 295 391 387
f 296 301 390
f 297 392 298
f 298 393 394
f 298 394 302
f 298 392 393
f 299 384 395
f 299 395 300
f 300 395 390
f 300 390 301
f 302 394 303
f 303 394 396
f 303 396 304
f 304 396 305
f 305 396 397
f 305 397 398
f 305 398 306
f 306 398 307
f 307 398 399
f 307 399 311
f 307 310 400
f 307 400 308
f 308 400 309
f 309 400 310
f 311 399 401
f 311 401 312
f 312 401 314
f 312 314 313
f 314 401 402
f 314 402 315
f 315 402 403
f 315 403 404
f 315 404 316
f 316 404 317
f 317 405 406
f 317 406 407
f 317 407 408
f 317 408 409
f 317 409 410
f 317 410 411
f 317 411 318
f 317 404 405
f 318 411 412
f 318 412 319
f 319 412 320
f 320 412 413
f 320 413 321
f 321 413 415
f 321 415 416
f 321 416 417
f 321 417 366
f 321 366 414
f 322 414 330
f 322 330 329
f 322 329 323
f 323 329 325
f 323 325 324
f 330 414 418
f 330 418 331
f 331 418 366
f 334 336 419
f 334 419 335
f 335 419 337
f 336 337 419
f 336 375 420
f 336 420 421
f 336 421 337
f 337 421 422
f 338 422 339
f 339 422 423
f 339 423 424
f 339 424 425
f 339 425 342
f 341 348 349
f 341 349 426
f 341 426 427
f 341 427 428
f 341 428 350
f 342 425 429
f 342 429 344
f 344 429 345
f 345 429 430
f 345 430 346
f 346 430 431
f 346 431 432
f 346 432 433
f 346 433 434
f 346 434 435
f 346 435 436
f 346 436 437
f 346 437 347
f 347 437 438
f 347 438 439
f 347 439 440
f 347 440 349
f 349 440 426
f 350 428 351
f 351 428 427
f 351 427 441
f 351 441 442
f 351 442 352
f 352 442 443
f 352 443 444
f 352 444 353
f 353 444 376
f 353 376 354
f 355 358 445
f 355 445 446
f 355 446 356
f 356 446 447
f 356 447 360
f 357 359 445
f 357 445 358
f 359 364 448
f 359 448 449
f 359 449 445
f 359 365 364
f 360 447 450
f 360 450 361
f 361 450 451
f 361 451 460
f 361 460 370
f 362 369 452
f 362 452 363
f 363 452 453
f 363 453 448
f 363 448 364
f 366 417 518
f 366 518 454
f 366 454 367
f 366 418 414
f 367 454 368
f 368 454 455
f 368 455 456
f 368 456 457
f 368 457 369
f 369 457 452
f 370 458 459
f 370 459 371
f 370 460 458
f 371 459 461
f 371 461 372
f 372 461 462
f 372 462 373
f 373 462 463
f 373 463 374
f 374 464 375
f 374 463 465
f 374 465 464
f 375 464 420
f 376 444 443
f 376 443 466
f 376 466 377
f 377 466 467
f 377 467 468
f 377 468 469
f 377 469 379
f 379 470 380
f 379 469 471
f 379 471 472
f 379 472 473
f 379 473 474
f 379 474 470
f 380 470 381
f 381 470 475
f 381 475 385
f 381 385 382
f 383 386 476
f 383 476 384
f 384 476 395
f 385 477 386
f 385 475 477
f 386 477 476
f 387 391 478
f 387 478 479
f 387 479 480
f 387 480 388
f 388 480 481
f 388 481 482
f 388 482 483
f 388 483 484
f 388 484 485
f 388 485 611
f 388 611 486
f 388 486 389
f 389 486 491
f 389 491 392
f 390 395 487
f 390 487 488
f 390 488 391
f 391 488 489
f 391 489 478
f 392 490 393
f 392 491 618
f 392 618 492
f 392 492 493
f 392 493 494
f 392 494 495
f 392 495 490
f 393 398 396
f 393 396 394
f 393 490 496
f 393 496 398
f 395 476 487
f 396 398 397
f 398 496 399
f 399 497 401
f 399 496 498
f 399 498 497
f 401 497 402
f 402 497 403
f 403 499 405
f 403 405 404
f 403 497 499
f 405 499 500
f 405 500 501
f 405 501 502
f 405 502 406
f 406 502 407
f 407 502 503
f 407 503 504
f 407 504 505
f 407 505 408
f 408 505 506
f 408 506 507
f 408 507 508
f 408 508 509
f 408 509 510
f 408 510 409
f 409 510 410
f 410 510 511
f 410 511 512
f 410 512 513
f 410 513 411
f 411 514 412
f 411 513 514
f 412 514 515
f 412 515 413
f 413 515 415
f 415 515 516
f 415 516 517
f 415 517 416
f 416 517 518
f 416 518 417
f 420 464 421
f 421 464 519
f 421 519 422
f 422 519 423
f 423 464 520
f 423 520 521
f 423 521 522
f 423 522 424
f 423 519 464
f 424 522 425
f 425 523 429
f 425 522 523
f 426 440 524
f 426 524 525
f 426 525 570
f 426 570 467
f 426 467 442
f 426 442 441
f 426 441 427
f 429 523 521
f 429 521 526
f 429 526 527
f 429 527 528
f 429 528 529
f 429 529 431
f 429 431 430
f 431 529 432
f 432 529 433
f 433 529 530
f 433 530 434
f 434 530 531
f 434 531 532
f 434 532 533
f 434 533 534
f 434 534 535
f 434 535 435
f 435 535 536
f 435 536 537
f 435 537 538
f 435 538 436
f 436 538 437
f 437 538 539
f 437 539 540
f 437 540 438
f 438 540 439
f 439 541 524
f 439 524 440
f 439 540 541
f 442 467 443
f 443 467 466
f 445 449 542
f 445 542 543
f 445 543 446
f 446 543 544
f 446 544 447
f 447 544 450
f 448 453 449
f 449 453 545
f 449 545 546
f 449 546 542
f 450 544 451
f 451 544 547
f 451 547 548
f 451 548 549
f 451 549 550
f 451 550 551
f 451 551 552
f 451 552 685
f 451 685 553
f 451 553 686
f 451 686 826
f 451 826 982
f 451 982 1152
f 451 1152 1324
f 451 1324 1521
f 451 1521 1710
f 451 1710 1727
f 451 1727 1723
f 451 1723 1532
f 451 1532 1337
f 451 1337 1158
f 451 1158 990
f 451 990 834
f 451 834 691
f 451 691 563
f 451 563 458
f 451 458 460
f 452 457 554
f 452 554 453
f 453 554 545
f 454 518 555
f 454 555 556
f 454 556 557
f 454 557 558
f 454 558 559
f 454 559 560
f 454 560 561
f 454 561 562
f 454 562 455
f 455 562 456
f 456 562 457
f 457 562 554
f 458 563 564
f 458 564 459
f 459 564 461
f 461 564 565
f 461 565 566
f 461 566 462
f 462 566 463
f 463 567 465
f 463 566 568
f 463 568 569
f 463 569 567
f 464 465 567
f 464 567 520
f 467 570 571
f 467 571 468
f 468 572 573
f 468 573 574
f 468 574 575
f 468 575 576
f 468 576 577
f 468 577 471
f 468 471 578
f 468 578 469
f 468 571 572
f 469 578 471
f 470 474 579
f 470 579 475
f 471 577 580
f 471 580 472
f 472 581 473
f 472 580 582
f 472 582 583
f 472 583 584
f 472 584 581
f 473 581 474
f 474 581 585
f 474 585 586
f 474 586 587
f 474 587 579
f 475 588 477
f 475 579 587
f 475 587 588
f 476 589 590
f 476 590 487
f 476 477 589
f 477 588 587
f 477 587 589
f 478 489 591
f 478 591 479
f 479 592 593
f 479 593 594
f 479 594 480
f 479 591 592
f 480 594 595
f 480 595 596
f 480 596 597
f 480 597 481
f 481 597 598
f 481 598 599
f 481 599 600
f 481 600 482
f 482 600 601
f 482 601 602
f 482 602 483
f 483 602 603
f 483 603 604
f 483 604 484
f 484 605 485
f 484 604 606
f 484 606 607
f 484 607 605
f 485 605 608
f 485 608 609
f 485 609 610
f 485 610 611
f 486 611 618
f 486 618 491
f 487 590 612
f 487 612 488
f 488 612 613
f 488 613 489
f 489 613 614
f 489 614 615
f 489 615 591
f 490 495 616
f 490 616 617
f 490 617 496
f 492 619 620
f 492 620 493
f 492 618 621
f 492 621 622
f 492 622 623
f 492 623 624
f 492 624 619
f 493 625 626
f 493 626 627
f 493 627 494
f 493 620 625
f 494 627 495
f 495 627 628
f 495 628 629
f 495 629 616
f 496 617 630
f 496 630 504
f 496 504 498
f 497 498 499
f 498 504 501
f 498 501 500
f 498 500 499
f 501 504 503
f 501 503 502
f 504 630 631
f 504 631 632
f 504 632 506
f 504 506 505
f 506 632 633
f 506 633 634
f 506 634 635
f 506 635 636
f 506 636 507
f 507 636 637
f 507 637 638
f 507 638 639
f 507 639 509
f 507 509 508
f 509 639 510
f 510 640 511
f 510 639 640
f 511 640 512
f 512 640 641
f 512 641 642
f 512 642 643
f 512 643 515
f 512 515 513
f 513 515 514
f 515 643 644
f 515 644 645
f 515 645 516
f 516 645 517
f 517 645 646
f 517 646 647
f 517 647 555
f 517 555 518
f 520 567 521
f 521 567 648
f 521 648 526
f 521 523 522
f 524 541 649
f 524 649 525
f 525 649 672
f 525 672 570
f 526 648 650
f 526 650 528
f 526 528 527
f 528 650 529
f 529 650 651
f 529 651 530
f 530 652 653
f 530 653 654
f 530 654 655
f 530 655 656
f 530 656 532
f 530 532 531
f 530 651 652
f 532 656 657
f 532 657 658
f 532 658 659
f 532 659 660
f 532 660 661
f 532 661 662
f 532 662 663
f 532 663 533
f 533 663 664
f 533 664 665
f 533 665 534
f 534 665 666
f 534 666 536
f 534 536 535
f 536 667 669
f 536 669 668
f 536 668 537
f 536 666 815
f 536 815 667
f 537 668 538
f 538 668 669
f 538 669 670
f 538 670 539
f 539 670 671
f 539 671 540
f 540 573 672
f 540 672 649
f 540 649 541
f 540 671 573
f 542 546 673
f 542 673 674
f 542 674 675
f 542 675 543
f 543 675 676
f 543 676 677
f 543 677 544
f 544 677 547
f 545 554 561
f 545 561 546
f 546 561 678
f 546 678 559
f 546 559 673
f 547 677 676
f 547 676 679
f 547 679 548
f 548 679 549
f 549 679 680
f 549 680 551
f 549 551 550
f 551 680 681
f 551 681 682
f 551 682 683
f 551 683 552
f 552 683 684
f 552 684 685
f 553 685 687
f 553 687 827
f 553 827 686
f 554 562 561
f 555 647 556
f 556 647 797
f 556 797 688
f 556 688 689
f 556 689 557
f 557 689 690
f 557 690 674
f 557 674 558
f 558 674 673
f 558 673 559
f 559 678 560
f 560 678 561
f 563 691 692
f 563 692 693
f 563 693 694
f 563 694 695
f 563 695 696
f 563 696 564
f 564 696 697
f 564 697 565
f 565 697 698
f 565 698 566
f 566 698 699
f 566 699 700
f 566 700 568
f 567 569 701
f 567 701 648
f 568 701 569
f 568 700 702
f 568 702 703
f 568 703 704
f 568 704 701
f 570 672 572
f 570 572 571
f 572 672 573
f 573 671 670
f 573 670 574
f 574 670 705
f 574 705 575
f 575 705 669
f 575 669 706
f 575 706 707
f 575 707 708
f 575 708 580
f 575 580 576
f 576 580 577
f 580 708 707
f 580 707 709
f 580 709 582
f 581 584 710
f 581 710 585
f 582 709 711
f 582 711 712
f 582 712 713
f 582 713 714
f 582 714 583
f 583 714 584
f 584 714 715
f 584 715 710
f 585 710 715
f 585 715 716
f 585 716 717
f 585 717 586
f 586 717 716
f 586 716 587
f 587 716 612
f 587 612 589
f 589 612 590
f 591 615 592
f 592 718 593
f 592 615 719
f 592 719 718
f 593 718 720
f 593 720 594
f 594 720 595
f 595 720 721
f 595 721 722
f 595 722 596
f 596 722 723
f 596 723 724
f 596 724 597
f 597 724 598
f 598 724 725
f 598 725 726
f 598 726 599
f 599 726 727
f 599 727 728
f 599 728 729
f 599 729 600
f 600 729 728
f 600 728 730
f 600 730 601
f 601 730 731
f 601 731 732
f 601 732 733
f 601 733 602
f 602 733 603
f 603 734 604
f 603 733 735
f 603 735 736
f 603 736 737
f 603 737 738
f 603 738 734
f 604 734 739
f 604 739 606
f 605 607 740
f 605 740 741
f 605 741 742
f 605 742 608
f 606 739 743
f 606 743 744
f 606 744 745
f 606 745 746
f 606 746 607
f 607 746 740
f 608 747 748
f 608 748 609
f 608 742 747
f 609 748 749
f 609 749 750
f 609 750 751
f 609 751 752
f 609 752 753
f 609 753 754
f 609 754 610
f 610 754 755
f 610 755 756
f 610 756 757
f 610 757 758
f 610 758 759
f 610 759 760
f 610 760 761
f 610 761 611
f 611 761 621
f 611 621 618
f 612 716 613
f 613 762 763
f 613 763 614
f 613 716 764
f 613 764 765
f 613 765 762
f 614 763 615
f 615 763 719
f 616 629 617
f 617 629 630
f 619 766 767
f 619 767 625
f 619 625 620
f 619 624 766
f 621 761 919
f 621 919 768
f 621 768 769
f 621 769 622
f 622 769 770
f 622 770 771
f 622 771 772
f 622 772 773
f 622 773 623
f 623 773 774
f 623 774 775
f 623 775 776
f 623 776 624
f 624 776 777
f 624 777 778
f 624 778 766
f 625 767 924
f 625 924 779
f 625 779 626
f 626 779 780
f 626 780 627
f 627 780 628
f 628 780 781
f 628 781 631
f 628 631 629
f 629 631 630
f 631 781 782
f 631 782 633
f 631 633 632
f 633 782 783
f 633 783 784
f 633 784 634
f 634 784 785
f 634 785 786
f 634 786 787
f 634 787 635
f 635 637 636
f 635 787 637
f 637 787 788
f 637 788 640
f 637 640 638
f 638 640 639
f 640 788 787
f 640 787 789
f 640 789 790
f 640 790 642
f 640 642 641
f 642 790 791
f 642 791 643
f 643 791 792
f 643 792 644
f 644 793 645
f 644 792 794
f 644 794 795
f 644 795 793
f 645 793 796
f 645 796 646
f 646 796 647
f 647 796 797
f 648 701 798
f 648 798 799
f 648 799 650
f 650 799 651
f 651 799 798
f 651 798 652
f 652 798 653
f 653 800 654
f 653 798 801
f 653 801 800
f 654 800 802
f 654 802 655
f 655 802 803
f 655 803 804
f 655 804 656
f 656 804 657
f 657 804 658
f 658 805 659
f 658 804 806
f 658 806 807
f 658 807 805
f 659 805 808
f 659 808 809
f 659 809 810
f 659 810 660
f 660 810 661
f 661 810 811
f 661 811 812
f 661 812 662
f 662 812 664
f 662 664 663
f 664 812 813
f 664 813 814
f 664 814 665
f 665 814 815
f 665 815 666
f 667 815 816
f 667 816 706
f 667 706 669
f 669 705 670
f 674 676 675
f 674 690 676
f 676 690 679
f 679 690 817
f 679 817 680
f 680 818 681
f 680 817 818
f 681 818 819
f 681 819 820
f 681 820 682
f 682 820 821
f 682 821 822
f 682 822 683
f 683 822 684
f 684 822 975
f 684 975 823
f 684 823 824
f 684 824 685
f 685 824 687
f 686 825 979
f 686 979 826
f 686 827 825
f 687 824 828
f 687 828 984
f 687 984 827
f 688 797 829
f 688 829 830
f 688 830 690
f 688 690 689
f 690 830 831
f 690 831 832
f 690 832 818
f 690 818 817
f 691 833 692
f 691 834 989
f 691 989 833
f 692 835 693
f 692 833 836
f 692 836 837
f 692 837 838
f 692 838 839
f 692 839 835
f 693 835 840
f 693 840 694
f 694 840 841
f 694 841 695
f 695 842 697
f 695 697 696
f 695 841 843
f 695 843 842
f 697 842 844
f 697 844 699
f 697 699 698
f 699 702 700
f 699 844 845
f 699 845 702
f 701 704 798
f 702 846 847
f 702 847 703
f 702 845 848
f 702 848 849
f 702 849 846
f 703 847 850
f 703 850 704
f 704 850 798
f 706 709 707
f 706 816 851
f 706 851 852
f 706 852 853
f 706 853 854
f 706 854 855
f 706 855 709
f 709 855 854
f 709 854 711
f 711 854 853
f 711 853 856
f 711 856 857
f 711 857 858
f 711 858 859
f 711 859 860
f 711 860 712
f 712 860 861
f 712 861 713
f 713 862 863
f 713 863 714
f 713 861 862
f 714 863 715
f 715 863 716
f 716 863 862
f 716 862 764
f 718 864 865
f 718 865 866
f 718 866 867
f 718 867 868
f 718 868 720
f 718 719 869
f 718 869 870
f 718 870 864
f 719 763 869
f 720 871 721
f 720 868 871
f 721 871 872
f 721 872 873
f 721 873 874
f 721 874 723
f 721 723 722
f 723 874 875
f 723 875 725
f 723 725 724
f 725 875 876
f 725 876 726
f 726 877 727
f 726 876 877
f 727 877 878
f 727 878 879
f 727 879 880
f 727 880 728
f 728 880 731
f 728 731 730
f 731 880 881
f 731 881 882
f 731 882 883
f 731 883 884
f 731 884 732
f 732 884 735
f 732 735 733
f 734 738 739
f 735 884 736
f 736 885 886
f 736 886 737
f 736 884 885
f 737 886 887
f 737 887 888
f 737 888 738
f 738 743 739
f 738 888 889
f 738 889 890
f 738 890 743
f 740 746 891
f 740 891 741
f 741 892 893
f 741 893 894
f 741 894 742
f 741 891 892
f 742 894 747
f 743 890 744
f 744 890 895
f 744 895 745
f 745 895 896
f 745 896 746
f 746 896 897
f 746 897 891
f 747 898 748
f 747 894 899
f 747 899 898
f 748 898 900
f 748 900 749
f 749 901 751
f 749 751 750
f 749 900 902
f 749 902 903
f 749 903 901
f 751 904 905
f 751 905 752
f 751 901 904
f 752 905 906
f 752 906 753
f 753 907 755
f 753 755 754
f 753 906 907
f 755 908 756
f 755 907 909
f 755 909 908
f 756 908 910
f 756 910 757
f 757 911 912
f 757 912 913
f 757 913 758
f 757 910 911
f 758 913 759
f 759 913 914
f 759 914 915
f 759 915 760
f 760 916 917
f 760 917 918
f 760 918 919
f 760 919 761
f 760 915 916
f 762 765 920
f 762 920 860
f 762 860 921
f 762 921 763
f 763 922 869
f 763 921 922
f 764 862 765
f 765 862 861
f 765 861 920
f 766 778 767
f 767 778 777
f 767 777 923
f 767 923 924
f 768 919 925
f 768 925 926
f 768 926 927
f 768 927 769
f 769 927 928
f 769 928 770
f 770 928 929
f 770 929 771
f 771 929 772
f 772 929 930
f 772 930 931
f 772 931 932
f 772 932 773
f 773 933 774
f 773 932 933
f 774 933 932
f 774 932 934
f 774 934 935
f 774 935 936
f 774 936 775
f 775 936 776
f 776 936 937
f 776 937 938
f 776 938 777
f 777 938 923
f 779 924 939
f 779 939 782
f 779 782 780
f 780 782 781
f 782 939 940
f 782 940 783
f 783 940 941
f 783 941 784
f 784 941 942
f 784 942 785
f 785 942 1121
f 785 1121 943
f 785 943 786
f 786 943 944
f 786 944 945
f 786 945 787
f 787 945 790
f 787 790 789
f 790 945 946
f 790 946 947
f 790 947 948
f 790 948 791
f 791 948 794
f 791 794 792
f 793 795 949
f 793 949 796
f 794 950 795
f 794 948 951
f 794 951 952
f 794 952 950
f 795 950 1125
f 795 1125 949
f 796 949 797
f 797 949 829
f 798 850 801
f 800 801 802
f 801 847 953
f 801 953 954
f 801 954 802
f 801 850 847
f 802 954 803
f 803 954 955
f 803 955 956
f 803 956 806
f 803 806 804
f 805 807 957
f 805 957 958
f 805 958 808
f 806 959 960
f 806 960 961
f 806 961 807
f 806 956 962
f 806 962 959
f 807 961 963
f 807 963 957
f 808 964 809
f 808 958 964
f 809 964 965
f 809 965 810
f 810 966 967
f 810 967 811
f 810 965 1141
f 810 1141 966
f 811 967 968
f 811 968 812
f 812 968 813
f 813 852 814
f 813 968 852
f 814 852 851
f 814 851 815
f 815 851 816
f 818 832 819
f 819 832 969
f 819 969 970
f 819 970 820
f 820 971 821
f 820 970 971
f 821 971 970
f 821 970 972
f 821 972 973
f 821 973 974
f 821 974 822
f 822 974 975
f 823 975 976
f 823 976 977
f 823 977 828
f 823 828 824
f 825 978 979
f 825 827 980
f 825 980 1147
f 825 1147 978
f 826 981 982
f 826 979 983
f 826 983 981
f 827 984 980
f 828 977 985
f 828 985 1154
f 828 1154 984
f 829 949 986
f 829 986 987
f 829 987 830
f 830 987 988
f 830 988 831
f 831 988 970
f 831 970 832
f 832 970 969
f 833 989 836
f 834 990 989
f 835 991 992
f 835 992 840
f 835 839 991
f 836 993 837
f 836 989 994
f 836 994 993
f 837 993 995
f 837 995 838
f 838 996 997
f 838 997 998
f 838 998 839
f 838 995 996
f 839 998 999
f 839 999 1000
f 839 1000 1001
f 839 1001 1002
f 839 1002 1003
f 839 1003 991
f 840 992 841
f 841 1004 843
f 841 992 1004
f 842 843 1005
f 842 1005 844
f 843 1004 1006
f 843 1006 1005
f 844 1005 1006
f 844 1006 1007
f 844 1007 845
f 845 1007 1008
f 845 1008 1009
f 845 1009 1010
f 845 1010 848
f 846 953 847
f 846 849 1011
f 846 1011 1012
f 846 1012 953
f 848 1011 849
f 848 1010 1011
f 852 968 1013
f 852 1013 853
f 853 1013 1014
f 853 1014 856
f 856 1014 1013
f 856 1013 1015
f 856 1015 1016
f 856 1016 857
f 857 1016 1017
f 857 1017 1018
f 857 1018 1019
f 857 1019 1020
f 857 1020 1021
f 857 1021 1022
f 857 1022 922
f 857 922 858
f 858 922 859
f 859 922 860
f 860 920 861
f 860 922 921
f 864 870 1021
f 864 1021 1019
f 864 1019 865
f 865 1019 866
f 866 1019 867
f 867 1019 1023
f 867 1023 1024
f 867 1024 1025
f 867 1025 868
f 868 1025 1024
f 868 1024 1026
f 868 1026 871
f 869 922 1027
f 869 1027 1022
f 869 1022 1028
f 869 1028 870
f 870 1022 1029
f 870 1029 1021
f 870 1028 1022
f 871 1026 872
f 872 1030 873
f 872 1026 1030
f 873 1030 1031
f 873 1031 1032
f 873 1032 874
f 874 1032 1033
f 874 1033 875
f 875 1034 876
f 875 1033 1034
f 876 1034 1035
f 876 1035 1036
f 876 1036 1037
f 876 1037 877
f 877 1037 878
f 878 1038 879
f 878 1037 1039
f 878 1039 1040
f 878 1040 1041
f 878 1041 1038
f 879 1038 1042
f 879 1042 880
f 880 1042 881
f 881 1042 1043
f 881 1043 882
f 882 885 884
f 882 884 883
f 882 1043 885
f 885 1043 1044
f 885 1044 1045
f 885 1045 886
f 886 1045 1046
f 886 1046 1047
f 886 1047 887
f 887 1047 1048
f 887 1048 888
f 888 1048 889
f 889 1048 1049
f 889 1049 1050
f 889 1050 1051
f 889 1051 890
f 890 1051 895
f 891 897 896
f 891 896 1052
f 891 1052 1053
f 891 1053 1054
f 891 1054 892
f 892 1054 1055
f 892 1055 1056
f 892 1056 1057
f 892 1057 893
f 893 1057 894
f 894 1057 899
f 895 1051 1058
f 895 1058 896
f 896 1058 1052
f 898 899 1059
f 898 1059 902
f 898 902 900
f 899 1057 1060
f 899 1060 1061
f 899 1061 1059
f 901 903 1062
f 901 1062 1063
f 901 1063 1064
f 901 1064 1065
f 901 1065 904
f 902 1059 1066
f 902 1066 1067
f 902 1067 903
f 903 1067 1068
f 903 1068 1069
f 903 1069 1062
f 904 1065 1070
f 904 1070 1071
f 904 1071 1072
f 904 1072 1073
f 904 1073 1074
f 904 1074 1075
f 904 1075 905
f 905 1075 1076
f 905 1076 906
f 906 1076 907
f 907 1076 1077
f 907 1077 909
f 908 1078 910
f 908 909 1079
f 908 1079 1078
f 909 1077 1080
f 909 1080 1079
f 910 1078 1081
f 910 1081 911
f 911 1082 912
f 911 1081 1082
f 912 1082 1083
f 912 1083 913
f 913 1083 1084
f 913 1084 914
f 914 1085 1086
f 914 1086 915
f 914 1084 1085
f 915 1086 1087
f 915 1087 1088
f 915 1088 916
f 916 1088 1089
f 916 1089 917
f 917 1089 1090
f 917 1090 1091
f 917 1091 925
f 917 925 918
f 918 925 919
f 922 1022 1027
f 923 1092 1093
f 923 1093 939
f 923 939 924
f 923 938 1092
f 925 1094 1095
f 925 1095 926
f 925 1091 1096
f 925 1096 1094
f 926 1095 1097
f 926 1097 1098
f 926 1098 928
f 926 928 927
f 928 1098 1099
f 928 1099 929
f 929 1100 930
f 929 1099 1100
f 930 1100 1101
f 930 1101 931
f 931 1102 932
f 931 1101 1103
f 931 1103 1102
f 932 1102 934
f 934 1102 1104
f 934 1104 935
f 935 1104 1105
f 935 1105 1106
f 935 1106 1107
f 935 1107 936
f 936 1108 1109
f 936 1109 937
f 936 1107 1110
f 936 1110 1108
f 937 1111 1112
f 937 1112 938
f 937 1109 1111
f 938 1113 1114
f 938 1114 1093
f 938 1093 1092
f 938 1112 1115
f 938 1115 1116
f 938 1116 1117
f 938 1117 1113
f 939 1093 940
f 940 1093 941
f 941 1093 1118
f 941 1118 1119
f 941 1119 942
f 942 1119 1120
f 942 1120 1121
f 943 1121 1122
f 943 1122 944
f 944 1122 1301
f 944 1301 1123
f 944 1123 946
f 944 946 945
f 946 1123 1124
f 946 1124 947
f 947 1124 948
f 948 1124 951
f 949 1125 1126
f 949 1126 986
f 950 952 1127
f 950 1127 1125
f 951 1128 952
f 951 1124 1128
f 952 1128 1305
f 952 1305 1127
f 953 1012 1129
f 953 1129 1130
f 953 1130 954
f 954 1130 955
f 955 1130 956
f 956 1130 962
f 957 963 1131
f 957 1131 1132
f 957 1132 958
f 958 1132 1133
f 958 1133 1134
f 958 1134 1135
f 958 1135 1136
f 958 1136 1137
f 958 1137 964
f 959 962 1129
f 959 1129 960
f 960 1138 1139
f 960 1139 963
f 960 963 961
f 960 1129 1140
f 960 1140 1138
f 962 1130 1129
f 963 1139 1131
f 964 1137 1141
f 964 1141 965
f 966 1142 1143
f 966 1143 967
f 966 1141 1142
f 967 1143 968
f 968 1143 1013
f 970 988 972
f 972 1144 985
f 972 985 974
f 972 974 973
f 972 988 1144
f 974 985 975
f 975 985 976
f 976 985 977
f 978 1145 1146
f 978 1146 979
f 978 1147 1317
f 978 1317 1145
f 979 1146 983
f 980 984 1147
f 981 1148 1149
f 981 1149 982
f 981 983 1146
f 981 1146 1150
f 981 1150 1148
f 982 1149 1151
f 982 1151 1152
f 984 1153 1147
f 984 1154 1155
f 984 1155 1153
f 985 1156 1326
f 985 1326 1154
f 985 1144 1156
f 986 1126 988
f 986 988 987
f 988 1126 1144
f 989 990 1157
f 989 1157 994
f 990 1158 1157
f 991 1003 992
f 992 1003 1159
f 992 1159 1004
f 993 1160 995
f 993 994 1160
f 994 1157 1161
f 994 1161 1162
f 994 1162 1160
f 995 1160 1163
f 995 1163 1164
f 995 1164 996
f 996 1164 997
f 997 1165 1166
f 997 1166 1167
f 997 1167 998
f 997 1164 1165
f 998 1167 1168
f 998 1168 1169
f 998 1169 999
f 999 1169 1170
f 999 1170 1000
f 1000 1170 1171
f 1000 1171 1172
f 1000 1172 1173
f 1000 1173 1001
f 1001 1173 1002
f 1002 1174 1175
f 1002 1175 1159
f 1002 1159 1003
f 1002 1173 1174
f 1004 1176 1006
f 1004 1159 1175
f 1004 1175 1176
f 1006 1176 1007
f 1007 1176 1008
f 1008 1176 1177
f 1008 1177 1009
f 1009 1178 1010
f 1009 1177 1179
f 1009 1179 1180
f 1009 1180 1178
f 1010 1181 1011
f 1010 1178 1182
f 1010 1182 1181
f 1011 1181 1183
f 1011 1183 1184
f 1011 1184 1140
f 1011 1140 1129
f 1011 1129 1012
f 1013 1143 1142
f 1013 1142 1141
f 1013 1141 1016
f 1013 1016 1015
f 1016 1141 1137
f 1016 1137 1017
f 1017 1137 1018
f 1018 1137 1136
f 1018 1136 1135
f 1018 1135 1185
f 1018 1185 1019
f 1019 1185 1186
f 1019 1186 1187
f 1019 1187 1023
f 1019 1021 1020
f 1021 1029 1022
f 1023 1187 1188
f 1023 1188 1024
f 1024 1188 1189
f 1024 1189 1026
f 1026 1189 1030
f 1030 1189 1190
f 1030 1190 1191
f 1030 1191 1031
f 1031 1191 1192
f 1031 1192 1032
f 1032 1192 1193
f 1032 1193 1194
f 1032 1194 1195
f 1032 1195 1033
f 1033 1195 1196
f 1033 1196 1034
f 1034 1196 1197
f 1034 1197 1035
f 1035 1198 1199
f 1035 1199 1036
f 1035 1197 1198
f 1036 1199 1200
f 1036 1200 1201
f 1036 1201 1039
f 1036 1039 1037
f 1038 1041 1202
f 1038 1202 1042
f 1039 1201 1040
f 1040 1203 1204
f 1040 1204 1041
f 1040 1201 1203
f 1041 1204 1205
f 1041 1205 1202
f 1042 1202 1206
f 1042 1206 1043
f 1043 1206 1207
f 1043 1207 1208
f 1043 1208 1044
f 1044 1208 1209
f 1044 1209 1210
f 1044 1210 1045
f 1045 1210 1211
f 1045 1211 1046
f 1046 1211 1047
f 1047 1211 1212
f 1047 1212 1048
f 1048 1212 1050
f 1048 1050 1049
f 1050 1213 1051
f 1050 1212 1214
f 1050 1214 1215
f 1050 1215 1216
f 1050 1216 1217
f 1050 1217 1213
f 1051 1213 1218
f 1051 1218 1058
f 1052 1058 1053
f 1053 1219 1054
f 1053 1058 1220
f 1053 1220 1219
f 1054 1219 1055
f 1055 1221 1222
f 1055 1222 1056
f 1055 1219 1398
f 1055 1398 1221
f 1056 1222 1057
f 1057 1222 1060
f 1058 1218 1217
f 1058 1217 1223
f 1058 1223 1220
f 1059 1061 1224
f 1059 1224 1225
f 1059 1225 1066
f 1060 1222 1061
f 1061 1222 1226
f 1061 1226 1224
f 1062 1069 1227
f 1062 1227 1063
f 1063 1227 1228
f 1063 1228 1064
f 1064 1229 1065
f 1064 1228 1230
f 1064 1230 1229
f 1065 1229 1070
f 1066 1225 1067
f 1067 1225 1231
f 1067 1231 1232
f 1067 1232 1068
f 1068 1232 1233
f 1068 1233 1069
f 1069 1233 1234
f 1069 1234 1227
f 1070 1229 1071
f 1071 1229 1230
f 1071 1230 1235
f 1071 1235 1236
f 1071 1236 1072
f 1072 1236 1237
f 1072 1237 1073
f 1073 1238 1074
f 1073 1237 1238
f 1074 1238 1239
f 1074 1239 1077
f 1074 1077 1076
f 1074 1076 1075
f 1077 1239 1240
f 1077 1240 1080
f 1078 1241 1242
f 1078 1242 1243
f 1078 1243 1081
f 1078 1079 1241
f 1079 1080 1244
f 1079 1244 1245
f 1079 1245 1246
f 1079 1246 1247
f 1079 1247 1241
f 1080 1240 1245
f 1080 1245 1244
f 1081 1243 1242
f 1081 1242 1248
f 1081 1248 1082
f 1082 1248 1249
f 1082 1249 1250
f 1082 1250 1251
f 1082 1251 1252
f 1082 1252 1084
f 1082 1084 1083
f 1084 1252 1253
f 1084 1253 1254
f 1084 1254 1085
f 1085 1254 1255
f 1085 1255 1256
f 1085 1256 1257
f 1085 1257 1086
f 1086 1257 1258
f 1086 1258 1087
f 1087 1259 1260
f 1087 1260 1261
f 1087 1261 1089
f 1087 1089 1262
f 1087 1262 1088
f 1087 1258 1259
f 1088 1262 1089
f 1089 1261 1263
f 1089 1263 1090
f 1090 1264 1265
f 1090 1265 1091
f 1090 1263 1266
f 1090 1266 1264
f 1091 1265 1096
f 1093 1114 1118
f 1094 1267 1268
f 1094 1268 1095
f 1094 1096 1269
f 1094 1269 1267
f 1095 1268 1272
f 1095 1272 1097
f 1096 1265 1270
f 1096 1270 1271
f 1096 1271 1269
f 1097 1272 1273
f 1097 1273 1274
f 1097 1274 1099
f 1097 1099 1098
f 1099 1274 1275
f 1099 1275 1100
f 1100 1275 1276
f 1100 1276 1101
f 1101 1276 1103
f 1102 1277 1104
f 1102 1103 1278
f 1102 1278 1277
f 1103 1276 1278
f 1104 1277 1279
f 1104 1279 1280
f 1104 1280 1105
f 1105 1280 1106
f 1106 1281 1282
f 1106 1282 1107
f 1106 1280 1279
f 1106 1279 1281
f 1107 1282 1283
f 1107 1283 1110
f 1108 1284 1285
f 1108 1285 1286
f 1108 1286 1109
f 1108 1110 1287
f 1108 1287 1284
f 1109 1286 1111
f 1110 1283 1287
f 1111 1286 1288
f 1111 1288 1112
f 1112 1289 1115
f 1112 1288 1289
f 1113 1117 1290
f 1113 1290 1114
f 1114 1290 1291
f 1114 1291 1292
f 1114 1292 1293
f 1114 1293 1294
f 1114 1294 1118
f 1115 1289 1116
f 1116 1289 1117
f 1117 1289 1295
f 1117 1295 1296
f 1117 1296 1290
f 1118 1294 1119
f 1119 1294 1120
f 1120 1297 1298
f 1120 1298 1121
f 1120 1294 1297
f 1121 1298 1122
f 1122 1298 1299
f 1122 1299 1300
f 1122 1300 1301
f 1123 1301 1494
f 1123 1494 1302
f 1123 1302 1124
f 1124 1302 1303
f 1124 1303 1304
f 1124 1304 1128
f 1125 1127 1144
f 1125 1144 1126
f 1127 1305 1156
f 1127 1156 1144
f 1128 1306 1497
f 1128 1497 1305
f 1128 1304 1496
f 1128 1496 1306
f 1131 1307 1132
f 1131 1139 1308
f 1131 1308 1309
f 1131 1309 1307
f 1132 1307 1133
f 1133 1310 1134
f 1133 1307 1309
f 1133 1309 1311
f 1133 1311 1310
f 1134 1310 1312
f 1134 1312 1313
f 1134 1313 1135
f 1135 1313 1185
f 1138 1140 1184
f 1138 1184 1183
f 1138 1183 1139
f 1139 1183 1314
f 1139 1314 1308
f 1145 1315 1316
f 1145 1316 1146
f 1145 1317 1510
f 1145 1510 1315
f 1146 1316 1150
f 1147 1153 1317
f 1148 1318 1319
f 1148 1319 1320
f 1148 1320 1321
f 1148 1321 1149
f 1148 1150 1316
f 1148 1316 1322
f 1148 1322 1318
f 1149 1321 1151
f 1151 1321 1323
f 1151 1323 1152
f 1152 1323 1324
f 1153 1325 1317
f 1153 1155 1325
f 1154 1326 1522
f 1154 1522 1327
f 1154 1327 1155
f 1155 1327 1328
f 1155 1328 1329
f 1155 1329 1330
f 1155 1330 1331
f 1155 1331 1332
f 1155 1332 1333
f 1155 1333 1334
f 1155 1334 1325
f 1156 1305 1497
f 1156 1497 1326
f 1157 1158 1335
f 1157 1335 1336
f 1157 1336 1161
f 1158 1337 1338
f 1158 1338 1335
f 1160 1339 1163
f 1160 1162 1339
f 1161 1336 1340
f 1161 1340 1341
f 1161 1341 1162
f 1162 1341 1342
f 1162 1342 1343
f 1162 1343 1339
f 1163 1339 1344
f 1163 1344 1345
f 1163 1345 1346
f 1163 1346 1164
f 1164 1346 1347
f 1164 1347 1165
f 1165 1348 1349
f 1165 1349 1166
f 1165 1347 1350
f 1165 1350 1348
f 1166 1349 1351
f 1166 1351 1167
f 1167 1351 1352
f 1167 1352 1353
f 1167 1353 1354
f 1167 1354 1168
f 1168 1354 1355
f 1168 1355 1169
f 1169 1355 1170
f 1170 1355 1356
f 1170 1356 1357
f 1170 1357 1358
f 1170 1358 1171
f 1171 1359 1172
f 1171 1358 1359
f 1172 1359 1360
f 1172 1360 1173
f 1173 1360 1361
f 1173 1361 1174
f 1174 1362 1363
f 1174 1363 1175
f 1174 1361 1362
f 1175 1363 1176
f 1176 1363 1177
f 1177 1364 1179
f 1177 1363 1365
f 1177 1365 1366
f 1177 1366 1364
f 1178 1180 1182
f 1179 1364 1367
f 1179 1367 1180
f 1180 1367 1368
f 1180 1368 1369
f 1180 1369 1182
f 1181 1182 1183
f 1182 1369 1370
f 1182 1370 1183
f 1183 1370 1371
f 1183 1371 1314
f 1185 1313 1312
f 1185 1312 1186
f 1186 1312 1372
f 1186 1372 1188
f 1186 1188 1187
f 1188 1372 1373
f 1188 1373 1374
f 1188 1374 1375
f 1188 1375 1191
f 1188 1191 1190
f 1188 1190 1189
f 1191 1375 1193
f 1191 1193 1192
f 1193 1376 1377
f 1193 1377 1378
f 1193 1378 1194
f 1193 1375 1379
f 1193 1379 1376
f 1194 1197 1195
f 1194 1378 1198
f 1194 1198 1197
f 1195 1197 1196
f 1198 1378 1377
f 1198 1377 1199
f 1199 1377 1200
f 1200 1377 1201
f 1201 1377 1376
f 1201 1376 1380
f 1201 1380 1381
f 1201 1381 1382
f 1201 1382 1203
f 1202 1205 1206
f 1203 1382 1383
f 1203 1383 1384
f 1203 1384 1385
f 1203 1385 1386
f 1203 1386 1204
f 1204 1386 1205
f 1205 1386 1207
f 1205 1207 1206
f 1207 1386 1208
f 1208 1387 1209
f 1208 1386 1387
f 1209 1387 1388
f 1209 1388 1389
f 1209 1389 1390
f 1209 1390 1210
f 1210 1389 1391
f 1210 1391 1211
f 1210 1390 1389
f 1211 1391 1392
f 1211 1392 1214
f 1211 1214 1212
f 1213 1217 1218
f 1214 1393 1394
f 1214 1394 1395
f 1214 1395 1217
f 1214 1217 1216
f 1214 1216 1215
f 1214 1392 1393
f 1217 1395 1396
f 1217 1396 1223
f 1219 1220 1397
f 1219 1397 1398
f 1220 1223 1399
f 1220 1399 1397
f 1221 1400 1222
f 1221 1398 1401
f 1221 1401 1400
f 1222 1400 1226
f 1223 1396 1402
f 1223 1402 1399
f 1224 1403 1225
f 1224 1226 1400
f 1224 1400 1404
f 1224 1404 1403
f 1225 1403 1231
f 1227 1234 1228
f 1228 1234 1405
f 1228 1405 1230
f 1230 1405 1406
f 1230 1406 1407
f 1230 1407 1408
f 1230 1408 1235
f 1231 1403 1232
f 1232 1403 1409
f 1232 1409 1233
f 1233 1409 1410
f 1233 1410 1234
f 1234 1410 1411
f 1234 1411 1412
f 1234 1412 1405
f 1235 1408 1236
f 1236 1413 1237
f 1236 1408 1413
f 1237 1413 1238
f 1238 1414 1415
f 1238 1415 1239
f 1238 1413 1416
f 1238 1416 1417
f 1238 1417 1414
f 1239 1415 1240
f 1240 1415 1418
f 1240 1418 1245
f 1241 1247 1242
f 1242 1419 1420
f 1242 1420 1248
f 1242 1247 1421
f 1242 1421 1422
f 1242 1422 1423
f 1242 1423 1424
f 1242 1424 1419
f 1245 1425 1426
f 1245 1426 1246
f 1245 1418 1427
f 1245 1427 1428
f 1245 1428 1425
f 1246 1426 1247
f 1247 1426 1422
f 1247 1422 1421
f 1248 1429 1249
f 1248 1420 1430
f 1248 1430 1429
f 1249 1429 1250
f 1250 1429 1431
f 1250 1431 1432
f 1250 1432 1252
f 1250 1252 1251
f 1252 1432 1433
f 1252 1433 1434
f 1252 1434 1253
f 1253 1434 1435
f 1253 1435 1254
f 1254 1436 1437
f 1254 1437 1438
f 1254 1438 1439
f 1254 1439 1255
f 1254 1435 1440
f 1254 1440 1436
f 1255 1441 1442
f 1255 1442 1256
f 1255 1439 1441
f 1256 1442 1443
f 1256 1443 1444
f 1256 1444 1258
f 1256 1258 1257
f 1258 1444 1259
f 1259 1445 1446
f 1259 1446 1447
f 1259 1447 1448
f 1259 1448 1260
f 1259 1444 1449
f 1259 1449 1445
f 1260 1448 1261
f 1261 1448 1263
f 1263 1448 1447
f 1263 1447 1266
f 1264 1450 1270
f 1264 1270 1265
f 1264 1266 1450
f 1266 1451 1450
f 1266 1447 1452
f 1266 1452 1453
f 1266 1453 1454
f 1266 1454 1451
f 1267 1455 1456
f 1267 1456 1268
f 1267 1269 1455
f 1268 1456 1457
f 1268 1457 1272
f 1269 1271 1458
f 1269 1458 1455
f 1270 1450 1271
f 1271 1459 1458
f 1271 1450 1460
f 1271 1460 1459
f 1272 1457 1461
f 1272 1461 1273
f 1273 1461 1462
f 1273 1462 1463
f 1273 1463 1275
f 1273 1275 1274
f 1275 1463 1652
f 1275 1652 1464
f 1275 1464 1276
f 1276 1464 1465
f 1276 1465 1278
f 1277 1278 1465
f 1277 1465 1466
f 1277 1466 1467
f 1277 1467 1279
f 1279 1467 1468
f 1279 1468 1469
f 1279 1469 1281
f 1281 1469 1470
f 1281 1470 1471
f 1281 1471 1282
f 1282 1471 1283
f 1283 1472 1287
f 1283 1471 1472
f 1284 1473 1285
f 1284 1287 1474
f 1284 1474 1473
f 1285 1473 1286
f 1286 1475 1288
f 1286 1473 1475
f 1287 1472 1474
f 1288 1475 1296
f 1288 1296 1295
f 1288 1295 1289
f 1290 1296 1476
f 1290 1476 1477
f 1290 1477 1478
f 1290 1478 1479
f 1290 1479 1292
f 1290 1292 1291
f 1292 1479 1478
f 1292 1478 1480
f 1292 1480 1481
f 1292 1481 1482
f 1292 1482 1293
f 1293 1482 1294
f 1294 1482 1297
f 1296 1483 1484
f 1296 1484 1485
f 1296 1485 1476
f 1296 1475 1486
f 1296 1486 1487
f 1296 1487 1488
f 1296 1488 1483
f 1297 1489 1490
f 1297 1490 1298
f 1297 1482 1489
f 1298 1490 1299
f 1299 1491 1300
f 1299 1490 1491
f 1300 1492 1493
f 1300 1493 1301
f 1300 1491 1492
f 1301 1493 1494
f 1302 1494 1495
f 1302 1495 1303
f 1303 1495 1496
f 1303 1496 1304
f 1306 1496 1493
f 1306 1493 1498
f 1306 1498 1499
f 1306 1499 1523
f 1306 1523 1497
f 1308 1500 1309
f 1308 1314 1501
f 1308 1501 1502
f 1308 1502 1500
f 1309 1500 1503
f 1309 1503 1311
f 1310 1311 1504
f 1310 1504 1312
f 1311 1503 1685
f 1311 1685 1504
f 1312 1504 1505
f 1312 1505 1506
f 1312 1506 1372
f 1314 1371 1507
f 1314 1507 1501
f 1315 1508 1509
f 1315 1509 1316
f 1315 1510 1511
f 1315 1511 1508
f 1316 1509 1322
f 1317 1325 1510
f 1318 1512 1513
f 1318 1513 1319
f 1318 1322 1509
f 1318 1509 1514
f 1318 1514 1512
f 1319 1513 1515
f 1319 1515 1320
f 1320 1515 1516
f 1320 1516 1321
f 1321 1516 1323
f 1323 1516 1517
f 1323 1517 1324
f 1324 1517 1518
f 1324 1518 1519
f 1324 1519 1520
f 1324 1520 1521
f 1325 1334 1510
f 1326 1497 1522
f 1327 1522 1328
f 1328 1522 1523
f 1328 1523 1329
f 1329 1523 1330
f 1330 1524 1331
f 1330 1523 1525
f 1330 1525 1526
f 1330 1526 1527
f 1330 1527 1524
f 1331 1524 1528
f 1331 1528 1529
f 1331 1529 1332
f 1332 1529 1530
f 1332 1530 1531
f 1332 1531 1333
f 1333 1531 1511
f 1333 1511 1334
f 1334 1511 1510
f 1335 1338 1340
f 1335 1340 1336
f 1337 1532 1338
f 1338 1533 1340
f 1338 1532 1534
f 1338 1534 1535
f 1338 1535 1533
f 1339 1536 1537
f 1339 1537 1538
f 1339 1538 1344
f 1339 1343 1536
f 1340 1533 1539
f 1340 1539 1341
f 1341 1540 1342
f 1341 1539 1540
f 1342 1540 1343
f 1343 1540 1541
f 1343 1541 1542
f 1343 1542 1543
f 1343 1543 1536
f 1344 1538 1345
f 1345 1544 1350
f 1345 1350 1346
f 1345 1538 1545
f 1345 1545 1544
f 1346 1350 1347
f 1348 1350 1546
f 1348 1546 1547
f 1348 1547 1548
f 1348 1548 1351
f 1348 1351 1349
f 1350 1544 1546
f 1351 1548 1549
f 1351 1549 1352
f 1352 1549 1550
f 1352 1550 1551
f 1352 1551 1353
f 1353 1551 1354
f 1354 1551 1355
f 1355 1551 1552
f 1355 1552 1553
f 1355 1553 1356
f 1356 1553 1554
f 1356 1554 1357
f 1357 1554 1555
f 1357 1555 1358
f 1358 1555 1556
f 1358 1556 1359
f 1359 1557 1360
f 1359 1556 1558
f 1359 1558 1557
f 1360 1557 1559
f 1360 1559 1361
f 1361 1560 1362
f 1361 1559 1560
f 1362 1561 1363
f 1362 1560 1561
f 1363 1561 1562
f 1363 1562 1365
f 1364 1366 1563
f 1364 1563 1367
f 1365 1562 1366
f 1366 1562 1564
f 1366 1564 1563
f 1367 1563 1368
f 1368 1563 1565
f 1368 1565 1566
f 1368 1566 1567
f 1368 1567 1568
f 1368 1568 1369
f 1369 1568 1370
f 1370 1568 1507
f 1370 1507 1371
f 1372 1506 1373
f 1373 1506 1569
f 1373 1569 1374
f 1374 1569 1375
f 1375 1569 1570
f 1375 1570 1379
f 1376 1571 1572
f 1376 1572 1380
f 1376 1379 1573
f 1376 1573 1571
f 1379 1570 1574
f 1379 1574 1573
f 1380 1572 1571
f 1380 1571 1575
f 1380 1575 1381
f 1381 1575 1576
f 1381 1576 1577
f 1381 1577 1383
f 1381 1383 1382
f 1383 1577 1578
f 1383 1578 1579
f 1383 1579 1580
f 1383 1580 1581
f 1383 1581 1582
f 1383 1582 1384
f 1384 1582 1385
f 1385 1582 1386
f 1386 1582 1583
f 1386 1583 1387
f 1387 1584 1388
f 1387 1583 1582
f 1387 1582 1584
f 1388 1584 1585
f 1388 1585 1785
f 1388 1785 1586
f 1388 1586 1789
f 1388 1789 1587
f 1388 1587 1389
f 1389 1587 1588
f 1389 1588 1589
f 1389 1589 1391
f 1391 1589 1392
f 1392 1589 1393
f 1393 1590 1591
f 1393 1591 1394
f 1393 1589 1590
f 1394 1591 1592
f 1394 1592 1593
f 1394 1593 1395
f 1395 1593 1594
f 1395 1594 1396
f 1396 1594 1595
f 1396 1595 1596
f 1396 1596 1597
f 1396 1597 1402
f 1397 1399 1598
f 1397 1598 1599
f 1397 1599 1398
f 1398 1599 1401
f 1399 1402 1600
f 1399 1600 1598
f 1400 1401 1404
f 1401 1599 1601
f 1401 1601 1404
f 1402 1597 1800
f 1402 1800 1600
f 1403 1602 1603
f 1403 1603 1409
f 1403 1404 1602
f 1404 1601 1604
f 1404 1604 1605
f 1404 1605 1603
f 1404 1603 1602
f 1405 1412 1406
f 1406 1412 1410
f 1406 1410 1606
f 1406 1606 1607
f 1406 1607 1608
f 1406 1608 1408
f 1406 1408 1407
f 1408 1608 1609
f 1408 1609 1610
f 1408 1610 1611
f 1408 1611 1612
f 1408 1612 1613
f 1408 1613 1416
f 1408 1416 1413
f 1409 1603 1410
f 1410 1603 1605
f 1410 1605 1606
f 1410 1412 1411
f 1414 1614 1427
f 1414 1427 1418
f 1414 1418 1415
f 1414 1417 1614
f 1416 1613 1417
f 1417 1613 1614
f 1419 1424 1423
f 1419 1423 1615
f 1419 1615 1616
f 1419 1616 1617
f 1419 1617 1618
f 1419 1618 1619
f 1419 1619 1420
f 1420 1619 1430
f 1422 1426 1425
f 1422 1425 1423
f 1423 1425 1620
f 1423 1620 1615
f 1425 1621 1620
f 1425 1428 1621
f 1427 1614 1428
f 1428 1622 1623
f 1428 1623 1621
f 1428 1614 1613
f 1428 1613 1622
f 1429 1430 1624
f 1429 1624 1619
f 1429 1619 1625
f 1429 1625 1431
f 1430 1619 1624
f 1431 1626 1432
f 1431 1625 1626
f 1432 1627 1628
f 1432 1628 1433
f 1432 1626 1627
f 1433 1628 1434
f 1434 1629 1435
f 1434 1628 1629
f 1435 1629 1440
f 1436 1630 1437
f 1436 1440 1631
f 1436 1631 1630
f 1437 1630 1632
f 1437 1632 1633
f 1437 1633 1439
f 1437 1439 1438
f 1439 1633 1441
f 1440 1629 1634
f 1440 1634 1631
f 1441 1635 1636
f 1441 1636 1442
f 1441 1633 1635
f 1442 1636 1443
f 1443 1636 1637
f 1443 1637 1444
f 1444 1637 1449
f 1445 1449 1638
f 1445 1638 1639
f 1445 1639 1453
f 1445 1453 1446
f 1446 1453 1452
f 1446 1452 1447
f 1449 1637 1840
f 1449 1840 1638
f 1450 1451 1460
f 1451 1640 1460
f 1451 1454 1641
f 1451 1641 1640
f 1453 1642 1454
f 1453 1639 1642
f 1454 1642 1639
f 1454 1639 1641
f 1455 1643 1644
f 1455 1644 1456
f 1455 1458 1643
f 1456 1644 1457
f 1457 1644 1461
f 1458 1645 1643
f 1458 1459 1646
f 1458 1646 1645
f 1459 1460 1647
f 1459 1647 1856
f 1459 1856 1646
f 1460 1640 1647
f 1461 1644 1648
f 1461 1648 1649
f 1461 1649 1462
f 1462 1650 1651
f 1462 1651 1463
f 1462 1649 1650
f 1463 1651 1652
f 1464 1652 1465
f 1465 1652 1466
f 1466 1652 1653
f 1466 1653 1467
f 1467 1654 1655
f 1467 1655 1470
f 1467 1470 1469
f 1467 1469 1468
f 1467 1653 1650
f 1467 1650 1656
f 1467 1656 1657
f 1467 1657 1654
f 1470 1655 1658
f 1470 1658 1659
f 1470 1659 1487
f 1470 1487 1660
f 1470 1660 1661
f 1470 1661 1472
f 1470 1472 1471
f 1472 1661 1660
f 1472 1660 1474
f 1473 1474 1662
f 1473 1662 1486
f 1473 1486 1475
f 1474 1660 1487
f 1474 1487 1662
f 1476 1485 1477
f 1477 1485 1663
f 1477 1663 1664
f 1477 1664 1480
f 1477 1480 1478
f 1480 1664 1481
f 1481 1664 1482
f 1482 1664 1489
f 1483 1488 1665
f 1483 1665 1666
f 1483 1666 1484
f 1484 1666 1485
f 1485 1666 1667
f 1485 1667 1668
f 1485 1668 1663
f 1486 1662 1487
f 1487 1669 1488
f 1487 1659 1670
f 1487 1670 1671
f 1487 1671 1669
f 1488 1672 1665
f 1488 1669 1673
f 1488 1673 1672
f 1489 1664 1490
f 1490 1664 1674
f 1490 1674 1491
f 1491 1674 1664
f 1491 1664 1675
f 1491 1675 1676
f 1491 1676 1677
f 1491 1677 1492
f 1492 1677 1493
f 1493 1495 1494
f 1493 1677 1498
f 1493 1496 1495
f 1497 1523 1522
f 1498 1677 1678
f 1498 1678 1499
f 1499 1678 1679
f 1499 1679 1523
f 1500 1680 1681
f 1500 1681 1503
f 1500 1502 1680
f 1501 1507 1566
f 1501 1566 1682
f 1501 1682 1683
f 1501 1683 1502
f 1502 1683 1684
f 1502 1684 1680
f 1503 1681 1686
f 1503 1686 1685
f 1504 1685 1506
f 1504 1506 1505
f 1506 1685 1686
f 1506 1686 1569
f 1507 1567 1566
f 1507 1568 1567
f 1508 1511 1531
f 1508 1531 1530
f 1508 1530 1687
f 1508 1687 1688
f 1508 1688 1689
f 1508 1689 1690
f 1508 1690 1509
f 1509 1690 1514
f 1512 1691 1513
f 1512 1514 1690
f 1512 1690 1692
f 1512 1692 1693
f 1512 1693 1694
f 1512 1694 1691
f 1513 1691 1695
f 1513 1695 1696
f 1513 1696 1515
f 1515 1696 1697
f 1515 1697 1516
f 1516 1697 1698
f 1516 1698 1699
f 1516 1699 1517
f 1517 1699 1700
f 1517 1700 1701
f 1517 1701 1702
f 1517 1702 1518
f 1518 1702 1519
f 1519 1702 1703
f 1519 1703 1704
f 1519 1704 1520
f 1520 1704 1705
f 1520 1705 1706
f 1520 1706 1707
f 1520 1707 1708
f 1520 1708 1709
f 1520 1709 1521
f 1521 1709 1909
f 1521 1909 1710
f 1523 1679 1525
f 1524 1527 1711
f 1524 1711 1712
f 1524 1712 1528
f 1525 1679 1713
f 1525 1713 1526
f 1526 1713 1714
f 1526 1714 1527
f 1527 1714 1715
f 1527 1715 1716
f 1527 1716 1717
f 1527 1717 1718
f 1527 1718 1711
f 1528 1712 1719
f 1528 1719 1720
f 1528 1720 1721
f 1528 1721 1722
f 1528 1722 1687
f 1528 1687 1530
f 1528 1530 1529
f 1532 1723 1534
f 1533 1535 1724
f 1533 1724 1725
f 1533 1725 1726
f 1533 1726 1539
f 1534 1723 1727
f 1534 1727 1728
f 1534 1728 1929
f 1534 1929 1724
f 1534 1724 1535
f 1536 1543 1537
f 1537 1543 1729
f 1537 1729 1730
f 1537 1730 1731
f 1537 1731 1545
f 1537 1545 1538
f 1539 1726 1732
f 1539 1732 1733
f 1539 1733 1540
f 1540 1734 1541
f 1540 1733 1735
f 1540 1735 1734
f 1541 1734 1736
f 1541 1736 1542
f 1542 1736 1737
f 1542 1737 1543
f 1543 1737 1729
f 1544 1545 1738
f 1544 1738 1739
f 1544 1739 1740
f 1544 1740 1741
f 1544 1741 1546
f 1545 1731 1738
f 1546 1741 1742
f 1546 1742 1743
f 1546 1743 1744
f 1546 1744 1547
f 1547 1744 1549
f 1547 1549 1548
f 1549 1744 1745
f 1549 1745 1746
f 1549 1746 1550
f 1550 1746 1747
f 1550 1747 1551
f 1551 1553 1552
f 1551 1747 1748
f 1551 1748 1749
f 1551 1749 1750
f 1551 1750 1553
f 1553 1750 1751
f 1553 1751 1554
f 1554 1751 1555
f 1555 1751 1752
f 1555 1752 1753
f 1555 1753 1754
f 1555 1754 1558
f 1555 1558 1556
f 1557 1558 1755
f 1557 1755 1559
f 1558 1754 1756
f 1558 1756 1755
f 1559 1757 1560
f 1559 1755 1757
f 1560 1757 1758
f 1560 1758 1759
f 1560 1759 1561
f 1561 1759 1760
f 1561 1760 1562
f 1562 1760 1761
f 1562 1761 1564
f 1563 1564 1762
f 1563 1762 1763
f 1563 1763 1764
f 1563 1764 1565
f 1564 1761 1765
f 1564 1765 1766
f 1564 1766 1762
f 1565 1764 1566
f 1566 1764 1763
f 1566 1763 1767
f 1566 1767 1768
f 1566 1768 1682
f 1569 1769 1574
f 1569 1574 1570
f 1569 1686 1769
f 1571 1770 1575
f 1571 1573 1574
f 1571 1574 1770
f 1574 1769 1771
f 1574 1771 1772
f 1574 1772 1773
f 1574 1773 1770
f 1575 1770 1974
f 1575 1974 1774
f 1575 1774 1775
f 1575 1775 1576
f 1576 1775 1978
f 1576 1978 1776
f 1576 1776 1577
f 1577 1776 1578
f 1578 1777 1778
f 1578 1778 1579
f 1578 1776 1978
f 1578 1978 1777
f 1579 1779 1580
f 1579 1778 1779
f 1580 1779 1581
f 1581 1779 1780
f 1581 1780 1781
f 1581 1781 1782
f 1581 1782 1582
f 1582 1783 1784
f 1582 1784 1584
f 1582 1782 1783
f 1584 1784 1585
f 1585 1784 1986
f 1585 1986 1785
f 1586 1785 1960
f 1586 1960 1786
f 1586 1786 1787
f 1586 1787 1788
f 1586 1788 1789
f 1587 1789 1788
f 1587 1788 1588
f 1588 1788 1790
f 1588 1790 1589
f 1589 1790 1792
f 1589 1792 1791
f 1589 1791 1590
f 1590 1791 1591
f 1591 1791 1594
f 1591 1594 1592
f 1592 1594 1593
f 1594 1791 1792
f 1594 1792 1595
f 1595 1792 1793
f 1595 1793 1794
f 1595 1794 1795
f 1595 1795 1796
f 1595 1796 1596
f 1596 1796 1797
f 1596 1797 1798
f 1596 1798 1799
f 1596 1799 1597
f 1597 1799 1800
f 1598 1801 1599
f 1598 1600 1801
f 1599 1801 1802
f 1599 1802 1601
f 1600 1803 1801
f 1600 1800 1989
f 1600 1989 1803
f 1601 1802 1801
f 1601 1801 1604
f 1604 1801 1804
f 1604 1804 1805
f 1604 1805 1806
f 1604 1806 1605
f 1605 1807 1808
f 1605 1808 1606
f 1605 1806 1805
f 1605 1805 1807
f 1606 1808 1809
f 1606 1809 1810
f 1606 1810 1811
f 1606 1811 1607
f 1607 1811 1810
f 1607 1810 1812
f 1607 1812 1608
f 1608 1813 1610
f 1608 1610 1609
f 1608 1812 1813
f 1610 1813 1814
f 1610 1814 1815
f 1610 1815 1816
f 1610 1816 1611
f 1611 1817 1818
f 1611 1818 1819
f 1611 1819 1820
f 1611 1820 1612
f 1611 1816 1817
f 1612 1820 1613
f 1613 1820 1622
f 1615 1620 1821
f 1615 1821 1616
f 1616 1822 1823
f 1616 1823 1617
f 1616 1821 1822
f 1617 1823 1824
f 1617 1824 1825
f 1617 1825 1826
f 1617 1826 1618
f 1618 1826 1625
f 1618 1625 1619
f 1620 1621 1827
f 1620 1827 1821
f 1621 1828 1827
f 1621 1623 1829
f 1621 1829 1828
f 1622 1820 1623
f 1623 1820 1829
f 1625 1826 1626
f 1626 1826 1627
f 1627 1826 1830
f 1627 1830 1831
f 1627 1831 1832
f 1627 1832 1833
f 1627 1833 1834
f 1627 1834 1628
f 1628 1834 1629
f 1629 1833 1634
f 1629 1834 1833
f 1630 1631 1835
f 1630 1835 1632
f 1631 1634 1836
f 1631 1836 1835
f 1632 1835 1837
f 1632 1837 1838
f 1632 1838 1633
f 1633 1838 1635
f 1634 1833 1836
f 1635 1839 1840
f 1635 1840 1637
f 1635 1637 1636
f 1635 1838 1839
f 1638 1841 1639
f 1638 1840 1842
f 1638 1842 1841
f 1639 1841 1842
f 1639 1842 1839
f 1639 1839 1843
f 1639 1843 1844
f 1639 1844 1845
f 1639 1845 1846
f 1639 1846 1847
f 1639 1847 1647
f 1639 1647 1641
f 1640 1641 1647
f 1643 1645 1848
f 1643 1848 1849
f 1643 1849 1850
f 1643 1850 1851
f 1643 1851 1852
f 1643 1852 1853
f 1643 1853 1644
f 1644 1853 1854
f 1644 1854 1648
f 1645 1646 1848
f 1646 1855 1848
f 1646 1856 1857
f 1646 1857 1855
f 1647 1847 1856
f 1648 1854 1858
f 1648 1858 1649
f 1649 1858 1650
f 1650 1859 1862
f 1650 1862 1656
f 1650 1653 1651
f 1650 1858 1859
f 1651 1653 1652
f 1654 1860 1861
f 1654 1861 1655
f 1654 1657 1860
f 1655 1861 1658
f 1656 1862 1863
f 1656 1863 1657
f 1657 1863 1864
f 1657 1864 1860
f 1658 1865 1866
f 1658 1866 1659
f 1658 1861 1860
f 1658 1860 1865
f 1659 1866 1670
f 1663 1668 1664
f 1664 1668 1675
f 1665 1667 1666
f 1665 1672 1867
f 1665 1867 1868
f 1665 1868 1869
f 1665 1869 1870
f 1665 1870 1871
f 1665 1871 1667
f 1667 1871 1675
f 1667 1675 1668
f 1669 1671 1872
f 1669 1872 1673
f 1670 1866 1865
f 1670 1865 1671
f 1671 1865 1872
f 1672 1673 1867
f 1673 1873 1867
f 1673 1872 2057
f 1673 2057 1874
f 1673 1874 2058
f 1673 2058 1873
f 1675 1871 1676
f 1676 1875 1678
f 1676 1678 1677
f 1676 1871 1875
f 1678 1875 1870
f 1678 1870 1876
f 1678 1876 1877
f 1678 1877 1679
f 1679 1877 1713
f 1680 1684 1878
f 1680 1878 1879
f 1680 1879 1681
f 1681 1879 1769
f 1681 1769 1686
f 1682 1768 1684
f 1682 1684 1683
f 1684 1880 1881
f 1684 1881 1878
f 1684 1768 1882
f 1684 1882 1883
f 1684 1883 1884
f 1684 1884 1885
f 1684 1885 1880
f 1687 1722 1689
f 1687 1689 1688
f 1689 1886 1887
f 1689 1887 1690
f 1689 1722 1888
f 1689 1888 1886
f 1690 1887 1692
f 1691 1889 1695
f 1691 1694 1889
f 1692 1887 1694
f 1692 1694 1693
f 1694 1890 1891
f 1694 1891 1889
f 1694 1887 1886
f 1694 1886 1892
f 1694 1892 1893
f 1694 1893 1894
f 1694 1894 1890
f 1695 1889 1895
f 1695 1895 1696
f 1696 1895 1896
f 1696 1896 1697
f 1697 1896 1897
f 1697 1897 1898
f 1697 1898 1698
f 1698 1898 1899
f 1698 1899 1900
f 1698 1900 1699
f 1699 1900 1901
f 1699 1901 1902
f 1699 1902 1700
f 1700 1902 1701
f 1701 1902 1702
f 1702 1903 1703
f 1702 1902 1903
f 1703 1904 1705
f 1703 1705 1704
f 1703 1903 1904
f 1705 1904 1706
f 1706 1904 1905
f 1706 1905 1906
f 1706 1906 1907
f 1706 1907 1707
f 1707 1907 1708
f 1708 1907 1709
f 1709 1907 1908
f 1709 1908 1909
f 1710 1910 1727
f 1710 1909 1910
f 1711 1911 1712
f 1711 1718 1888
f 1711 1888 1911
f 1712 1911 1720
f 1712 1720 1719
f 1713 1877 1876
f 1713 1876 1912
f 1713 1912 1913
f 1713 1913 1714
f 1714 1913 1914
f 1714 1914 1915
f 1714 1915 1715
f 1715 1916 1716
f 1715 1915 1917
f 1715 1917 1918
f 1715 1918 1919
f 1715 1919 1920
f 1715 1920 1916
f 1716 1916 1921
f 1716 1921 1889
f 1716 1889 1922
f 1716 1922 1923
f 1716 1923 1717
f 1717 1923 1924
f 1717 1924 1925
f 1717 1925 1890
f 1717 1890 1894
f 1717 1894 1926
f 1717 1926 1718
f 1718 1926 1893
f 1718 1893 1892
f 1718 1892 1888
f 1720 1911 1721
f 1721 1911 1927
f 1721 1927 1888
f 1721 1888 1722
f 1724 1928 1725
f 1724 1929 1930
f 1724 1930 1928
f 1725 1931 1726
f 1725 1928 1931
f 1726 1931 1932
f 1726 1932 1933
f 1726 1933 1732
f 1727 1910 1728
f 1728 1910 1934
f 1728 1934 1929
f 1729 1737 1935
f 1729 1935 1936
f 1729 1936 1937
f 1729 1937 1730
f 1730 1937 1938
f 1730 1938 1939
f 1730 1939 1738
f 1730 1738 1731
f 1732 1933 1940
f 1732 1940 1941
f 1732 1941 1733
f 1733 1942 1735
f 1733 1941 1942
f 1734 1735 1943
f 1734 1943 1944
f 1734 1944 1736
f 1735 1942 1943
f 1736 1944 1737
f 1737 1945 1946
f 1737 1946 1935
f 1737 1944 1947
f 1737 1947 1948
f 1737 1948 1945
f 1738 1939 1739
f 1739 1939 1741
f 1739 1741 1740
f 1741 1949 1742
f 1741 1939 1950
f 1741 1950 1949
f 1742 1949 1951
f 1742 1951 1743
f 1743 1951 1745
f 1743 1745 1744
f 1745 1951 1952
f 1745 1952 1797
f 1745 1797 1746
f 1746 1797 1796
f 1746 1796 1747
f 1747 1796 1748
f 1748 1796 1953
f 1748 1953 1749
f 1749 1953 1750
f 1750 1953 1794
f 1750 1794 1751
f 1751 1794 1793
f 1751 1793 1752
f 1752 1793 1954
f 1752 1954 1753
f 1753 1955 1756
f 1753 1756 1754
f 1753 1954 1955
f 1755 1756 1956
f 1755 1956 1957
f 1755 1957 1958
f 1755 1958 1959
f 1755 1959 1757
f 1756 1955 1786
f 1756 1786 1960
f 1756 1960 1961
f 1756 1961 1962
f 1756 1962 1956
f 1757 1959 1958
f 1757 1958 1758
f 1758 1963 1760
f 1758 1760 1759
f 1758 1958 1964
f 1758 1964 1963
f 1760 1963 1761
f 1761 1963 1964
f 1761 1964 1965
f 1761 1965 1966
f 1761 1966 1765
f 1762 1766 1967
f 1762 1967 1763
f 1763 1967 1766
f 1763 1766 1968
f 1763 1968 1969
f 1763 1969 1970
f 1763 1970 1767
f 1765 1966 1766
f 1766 1966 1965
f 1766 1965 1971
f 1766 1971 1968
f 1767 1970 1882
f 1767 1882 1768
f 1769 1879 2061
f 1769 2061 1972
f 1769 1972 1973
f 1769 1973 1771
f 1770 1773 1975
f 1770 1975 1974
f 1771 1973 1972
f 1771 1972 1772
f 1772 1975 1773
f 1772 1972 1975
f 1774 1976 1775
f 1774 1974 1976
f 1775 1976 1977
f 1775 1977 1978
f 1777 1978 1979
f 1777 1979 1980
f 1777 1980 1778
f 1778 1980 1779
f 1779 1981 1982
f 1779 1982 1780
f 1779 1980 1981
f 1780 1982 1983
f 1780 1983 1984
f 1780 1984 1781
f 1781 1984 1782
f 1782 1984 1783
f 1783 1984 1985
f 1783 1985 1784
f 1784 1985 1986
f 1785 1986 1987
f 1785 1987 1960
f 1786 1955 1787
f 1787 1955 1988
f 1787 1988 1788
f 1788 1988 1954
f 1788 1954 1790
f 1790 1954 1792
f 1792 1954 1793
f 1794 1953 1795
f 1795 1953 1796
f 1797 1952 1798
f 1798 1952 1989
f 1798 1989 1800
f 1798 1800 1799
f 1801 1803 1990
f 1801 1990 1991
f 1801 1991 1804
f 1803 1989 2143
f 1803 2143 1990
f 1804 1991 1992
f 1804 1992 1993
f 1804 1993 1994
f 1804 1994 1805
f 1805 1994 1995
f 1805 1995 1996
f 1805 1996 1808
f 1805 1808 1807
f 1808 1996 1810
f 1808 1810 1809
f 1810 1997 1812
f 1810 1996 1998
f 1810 1998 1997
f 1812 1997 1999
f 1812 1999 2000
f 1812 2000 1813
f 1813 2001 2156
f 1813 2156 2002
f 1813 2002 1814
f 1813 2000 2152
f 1813 2152 2001
f 1814 2002 1815
f 1815 2002 2156
f 1815 2156 2003
f 1815 2003 2005
f 1815 2005 1816
f 1816 2004 1817
f 1816 2005 2159
f 1816 2159 2004
f 1817 2004 2006
f 1817 2006 1818
f 1818 2006 1819
f 1819 2007 1820
f 1819 2006 2160
f 1819 2160 2008
f 1819 2008 2161
f 1819 2161 2007
f 1820 2007 2009
f 1820 2009 1829
f 1821 1827 2010
f 1821 2010 1822
f 1822 2011 2012
f 1822 2012 1823
f 1822 2010 2163
f 1822 2163 2011
f 1823 2012 2166
f 1823 2166 2013
f 1823 2013 2014
f 1823 2014 1824
f 1824 2015 1825
f 1824 2014 2016
f 1824 2016 2017
f 1824 2017 2018
f 1824 2018 2019
f 1824 2019 1830
f 1824 1830 2020
f 1824 2020 1826
f 1824 1826 2015
f 1825 2015 1826
f 1826 2020 1830
f 1827 1828 2022
f 1827 2022 2021
f 1827 2021 2163
f 1827 2163 2010
f 1828 1829 2023
f 1828 2023 2177
f 1828 2177 2022
f 1829 2009 2024
f 1829 2024 2023
f 1830 2019 2025
f 1830 2025 1831
f 1831 2025 2019
f 1831 2019 1832
f 1832 2026 1833
f 1832 2019 2026
f 1833 2026 1837
f 1833 1837 1836
f 1835 1836 1837
f 1837 2026 1838
f 1838 2027 2028
f 1838 2028 2029
f 1838 2029 1843
f 1838 1843 1839
f 1838 2026 2030
f 1838 2030 2027
f 1839 1842 1840
f 1843 2031 1844
f 1843 2029 2031
f 1844 2031 2032
f 1844 2032 1845
f 1845 2033 1846
f 1845 2032 2034
f 1845 2034 2033
f 1846 2033 1847
f 1847 2033 2035
f 1847 2035 1856
f 1848 2036 1849
f 1848 1855 2037
f 1848 2037 2038
f 1848 2038 2036
f 1849 2036 2039
f 1849 2039 1850
f 1850 2039 1851
f 1851 2039 2040
f 1851 2040 2041
f 1851 2041 2042
f 1851 2042 1854
f 1851 1854 1852
f 1852 1854 1853
f 1854 2042 1858
f 1855 1857 2043
f 1855 2043 2189
f 1855 2189 2037
f 1856 2035 2044
f 1856 2044 1857
f 1857 2044 2045
f 1857 2045 2043
f 1858 2042 2046
f 1858 2046 1859
f 1859 2047 2051
f 1859 2051 1862
f 1859 2046 2196
f 1859 2196 2047
f 1860 1864 2048
f 1860 2048 2049
f 1860 2049 2050
f 1860 2050 1865
f 1862 1864 1863
f 1862 2051 2052
f 1862 2052 1864
f 1864 2052 2198
f 1864 2198 2048
f 1865 2050 2053
f 1865 2053 2054
f 1865 2054 1872
f 1867 1873 2055
f 1867 2055 1868
f 1868 2055 1869
f 1869 2056 1912
f 1869 1912 1876
f 1869 1876 1870
f 1869 2055 2056
f 1870 1875 1871
f 1872 2054 2205
f 1872 2205 2057
f 1873 2058 2085
f 1873 2085 2055
f 1874 2057 2059
f 1874 2059 2060
f 1874 2060 2058
f 1878 1881 1879
f 1879 1881 1880
f 1879 1880 2061
f 1880 1885 1884
f 1880 1884 2062
f 1880 2062 2061
f 1882 1970 2063
f 1882 2063 2064
f 1882 2064 1883
f 1883 2064 1976
f 1883 1976 1974
f 1883 1974 1884
f 1884 1974 2062
f 1886 1888 1892
f 1888 1927 1911
f 1889 1891 2065
f 1889 2065 1925
f 1889 1925 1922
f 1889 1921 1895
f 1890 1925 1891
f 1891 1925 2065
f 1893 1926 1894
f 1895 1921 1896
f 1896 1919 1897
f 1896 1921 1919
f 1897 2066 1898
f 1897 1919 2066
f 1898 2066 2067
f 1898 2067 1899
f 1899 2067 2068
f 1899 2068 1900
f 1900 2068 2069
f 1900 2069 1901
f 1901 2069 2070
f 1901 2070 2071
f 1901 2071 1902
f 1902 2071 1903
f 1903 2071 2072
f 1903 2072 2073
f 1903 2073 2074
f 1903 2074 1904
f 1904 2074 2075
f 1904 2075 1905
f 1905 2075 2076
f 1905 2076 1906
f 1906 2076 2077
f 1906 2077 2078
f 1906 2078 1907
f 1907 2078 2079
f 1907 2079 1908
f 1908 2079 2080
f 1908 2080 2081
f 1908 2081 1909
f 1909 2081 1910
f 1910 2081 2082
f 1910 2082 1934
f 1912 2056 2083
f 1912 2083 1913
f 1913 2083 2084
f 1913 2084 1914
f 1914 1917 1915
f 1914 2084 2085
f 1914 2085 2086
f 1914 2086 2087
f 1914 2087 2088
f 1914 2088 2089
f 1914 2089 1917
f 1916 1920 1921
f 1917 2089 2090
f 1917 2090 2091
f 1917 2091 1918
f 1918 2091 1919
f 1919 1921 1920
f 1919 2091 2066
f 1922 1925 1923
f 1923 1925 1924
f 1928 1930 2092
f 1928 2092 2093
f 1928 2093 1931
f 1929 1934 2094
f 1929 2094 1930
f 1930 2094 2095
f 1930 2095 2096
f 1930 2096 2092
f 1931 2093 2097
f 1931 2097 2098
f 1931 2098 2099
f 1931 2099 1932
f 1932 2099 2100
f 1932 2100 2101
f 1932 2101 1933
f 1933 2101 1940
f 1934 2082 2102
f 1934 2102 2094
f 1935 1946 1936
f 1936 1938 1937
f 1936 1946 2103
f 1936 2103 2104
f 1936 2104 2105
f 1936 2105 2106
f 1936 2106 1939
f 1936 1939 1938
f 1939 2106 2107
f 1939 2107 2108
f 1939 2108 2109
f 1939 2109 1950
f 1940 2101 2110
f 1940 2110 1941
f 1941 2111 2112
f 1941 2112 1942
f 1941 2110 2111
f 1942 2112 1943
f 1943 2113 2114
f 1943 2114 2115
f 1943 2115 1944
f 1943 2112 2113
f 1944 2116 1948
f 1944 1948 2117
f 1944 2117 1947
f 1944 2115 2116
f 1945 1948 1946
f 1946 1948 2118
f 1946 2118 2103
f 1947 2117 1948
f 1948 2116 2114
f 1948 2114 2119
f 1948 2119 2120
f 1948 2120 2121
f 1948 2121 2122
f 1948 2122 2118
f 1949 1950 2109
f 1949 2109 2123
f 1949 2123 2124
f 1949 2124 1951
f 1951 2125 2126
f 1951 2126 1952
f 1951 2124 2127
f 1951 2127 2125
f 1952 2126 1989
f 1954 1988 1955
f 1956 1962 1957
f 1957 1962 2128
f 1957 2128 1964
f 1957 1964 1958
f 1960 1987 1961
f 1961 1987 2129
f 1961 2129 2130
f 1961 2130 2131
f 1961 2131 2132
f 1961 2132 2133
f 1961 2133 2134
f 1961 2134 2128
f 1961 2128 1962
f 1964 2128 1965
f 1965 2128 2134
f 1965 2134 2133
f 1965 2133 2135
f 1965 2135 1971
f 1968 1971 2136
f 1968 2136 2137
f 1968 2137 2063
f 1968 2063 1969
f 1969 2063 1970
f 1971 2135 2132
f 1971 2132 2136
f 1972 2061 1975
f 1974 1975 2062
f 1975 2061 2062
f 1976 2064 1977
f 1977 2064 1978
f 1978 2064 2138
f 1978 2138 2139
f 1978 2139 1979
f 1979 2132 2140
f 1979 2140 1980
f 1979 2139 2132
f 1980 2140 1981
f 1981 2140 2131
f 1981 2131 1982
f 1982 2131 2130
f 1982 2130 2129
f 1982 2129 1983
f 1983 2129 1986
f 1983 1986 1985
f 1983 1985 1984
f 1986 2129 1987
f 1989 2126 2125
f 1989 2125 2141
f 1989 2141 2142
f 1989 2142 2143
f 1990 1992 1991
f 1990 2143 2144
f 1990 2144 1992
f 1992 2144 2145
f 1992 2145 1993
f 1993 2145 2147
f 1993 2147 1994
f 1994 2146 1995
f 1994 2147 2273
f 1994 2273 2146
f 1995 2148 1996
f 1995 2146 2148
f 1996 2149 2150
f 1996 2150 1998
f 1996 2148 2274
f 1996 2274 2149
f 1997 1998 1999
f 1998 2150 1999
f 1999 2151 2152
f 1999 2152 2000
f 1999 2150 2153
f 1999 2153 2154
f 1999 2154 2151
f 2001 2155 2156
f 2001 2152 2155
f 2003 2156 2157
f 2003 2157 2158
f 2003 2158 2005
f 2004 2159 2160
f 2004 2160 2006
f 2005 2158 2159
f 2007 2161 2178
f 2007 2178 2024
f 2007 2024 2009
f 2008 2160 2162
f 2008 2162 2161
f 2011 2164 2012
f 2011 2163 2280
f 2011 2280 2164
f 2012 2164 2165
f 2012 2165 2284
f 2012 2284 2166
f 2013 2166 2167
f 2013 2167 2016
f 2013 2016 2014
f 2016 2167 2168
f 2016 2168 2017
f 2017 2168 2169
f 2017 2169 2018
f 2018 2169 2289
f 2018 2289 2170
f 2018 2170 2019
f 2019 2170 2171
f 2019 2171 2172
f 2019 2172 2173
f 2019 2173 2174
f 2019 2174 2026
f 2021 2022 2175
f 2021 2175 2176
f 2021 2176 2163
f 2022 2177 2175
f 2023 2024 2178
f 2023 2178 2177
f 2026 2174 2179
f 2026 2179 2180
f 2026 2180 2030
f 2027 2030 2180
f 2027 2180 2028
f 2028 2180 2181
f 2028 2181 2182
f 2028 2182 2029
f 2029 2182 2032
f 2029 2032 2031
f 2032 2182 2183
f 2032 2183 2034
f 2033 2184 2195
f 2033 2195 2045
f 2033 2045 2044
f 2033 2044 2035
f 2033 2034 2186
f 2033 2186 2184
f 2034 2183 2185
f 2034 2185 2186
f 2036 2187 2188
f 2036 2188 2039
f 2036 2038 2187
f 2037 2189 2038
f 2038 2189 2190
f 2038 2190 2191
f 2038 2191 2187
f 2039 2192 2040
f 2039 2188 2192
f 2040 2192 2041
f 2041 2193 2042
f 2041 2192 2193
f 2042 2193 2194
f 2042 2194 2196
f 2042 2196 2046
f 2043 2045 2195
f 2043 2195 2189
f 2047 2197 2201
f 2047 2201 2051
f 2047 2196 2197
f 2048 2198 2199
f 2048 2199 2049
f 2049 2199 2200
f 2049 2200 2050
f 2050 2200 2204
f 2050 2204 2053
f 2051 2201 2052
f 2052 2202 2203
f 2052 2203 2198
f 2052 2201 2202
f 2053 2204 2205
f 2053 2205 2054
f 2055 2083 2056
f 2055 2085 2084
f 2055 2084 2083
f 2057 2205 2059
f 2058 2206 2085
f 2058 2060 2206
f 2059 2205 2207
f 2059 2207 2208
f 2059 2208 2209
f 2059 2209 2060
f 2060 2209 2206
f 2063 2138 2064
f 2063 2137 2132
f 2063 2132 2139
f 2063 2139 2138
f 2066 2091 2090
f 2066 2090 2067
f 2067 2090 2210
f 2067 2210 2211
f 2067 2211 2212
f 2067 2212 2068
f 2068 2213 2214
f 2068 2214 2069
f 2068 2212 2213
f 2069 2214 2215
f 2069 2215 2070
f 2070 2216 2217
f 2070 2217 2218
f 2070 2218 2072
f 2070 2072 2071
f 2070 2215 2216
f 2072 2219 2220
f 2072 2220 2073
f 2072 2218 2219
f 2073 2221 2222
f 2073 2222 2074
f 2073 2220 2221
f 2074 2222 2075
f 2075 2222 2223
f 2075 2223 2224
f 2075 2224 2225
f 2075 2225 2226
f 2075 2226 2076
f 2076 2226 2077
f 2077 2226 2227
f 2077 2227 2228
f 2077 2228 2229
f 2077 2229 2230
f 2077 2230 2078
f 2078 2230 2231
f 2078 2231 2079
f 2079 2231 2232
f 2079 2232 2080
f 2080 2232 2233
f 2080 2233 2082
f 2080 2082 2081
f 2082 2233 2102
f 2085 2206 2234
f 2085 2234 2235
f 2085 2235 2236
f 2085 2236 2237
f 2085 2237 2238
f 2085 2238 2239
f 2085 2239 2087
f 2085 2087 2086
f 2087 2239 2240
f 2087 2240 2088
f 2088 2210 2089
f 2088 2240 2211
f 2088 2211 2210
f 2089 2210 2090
f 2092 2241 2242
f 2092 2242 2243
f 2092 2243 2097
f 2092 2097 2093
f 2092 2096 2244
f 2092 2244 2241
f 2094 2102 2245
f 2094 2245 2095
f 2095 2246 2096
f 2095 2245 2247
f 2095 2247 2246
f 2096 2246 2244
f 2097 2243 2098
f 2098 2243 2248
f 2098 2248 2099
f 2099 2248 2100
f 2100 2249 2101
f 2100 2248 2250
f 2100 2250 2249
f 2101 2249 2110
f 2102 2233 2251
f 2102 2251 2252
f 2102 2252 2245
f 2103 2253 2104
f 2103 2118 2254
f 2103 2254 2253
f 2104 2255 2105
f 2104 2253 2255
f 2105 2255 2106
f 2106 2255 2107
f 2107 2255 2108
f 2108 2255 2123
f 2108 2123 2109
f 2110 2256 2257
f 2110 2257 2258
f 2110 2258 2259
f 2110 2259 2111
f 2110 2249 2260
f 2110 2260 2256
f 2111 2261 2112
f 2111 2259 2261
f 2112 2261 2262
f 2112 2262 2263
f 2112 2263 2264
f 2112 2264 2113
f 2113 2264 2114
f 2114 2116 2115
f 2114 2264 2265
f 2114 2265 2119
f 2118 2122 2254
f 2119 2265 2266
f 2119 2266 2267
f 2119 2267 2120
f 2120 2267 2266
f 2120 2266 2122
f 2120 2122 2121
f 2122 2268 2157
f 2122 2157 2155
f 2122 2155 2253
f 2122 2253 2254
f 2122 2266 2269
f 2122 2269 2268
f 2123 2270 2124
f 2123 2255 2271
f 2123 2271 2272
f 2123 2272 2270
f 2124 2270 2147
f 2124 2147 2145
f 2124 2145 2144
f 2124 2144 2127
f 2125 2127 2144
f 2125 2144 2141
f 2131 2140 2132
f 2132 2137 2136
f 2132 2135 2133
f 2141 2144 2142
f 2142 2144 2143
f 2146 2273 2274
f 2146 2274 2148
f 2147 2270 2273
f 2149 2271 2154
f 2149 2154 2153
f 2149 2153 2150
f 2149 2274 2272
f 2149 2272 2271
f 2151 2154 2255
f 2151 2255 2275
f 2151 2275 2152
f 2152 2275 2155
f 2154 2271 2255
f 2155 2157 2156
f 2155 2275 2253
f 2157 2268 2158
f 2158 2268 2276
f 2158 2276 2277
f 2158 2277 2159
f 2159 2277 2160
f 2160 2277 2162
f 2161 2278 2178
f 2161 2162 2278
f 2162 2266 2278
f 2162 2277 2279
f 2162 2279 2269
f 2162 2269 2266
f 2163 2176 2297
f 2163 2297 2280
f 2164 2280 2281
f 2164 2281 2165
f 2165 2282 2283
f 2165 2283 2284
f 2165 2281 2282
f 2166 2284 2285
f 2166 2285 2286
f 2166 2286 2167
f 2167 2286 2168
f 2168 2286 2287
f 2168 2287 2169
f 2169 2288 2398
f 2169 2398 2289
f 2169 2287 2288
f 2170 2289 2290
f 2170 2290 2171
f 2171 2290 2291
f 2171 2291 2172
f 2172 2291 2294
f 2172 2294 2173
f 2173 2292 2293
f 2173 2293 2174
f 2173 2294 2401
f 2173 2401 2292
f 2174 2293 2295
f 2174 2295 2180
f 2174 2180 2179
f 2175 2296 2176
f 2175 2177 2296
f 2176 2296 2297
f 2177 2178 2298
f 2177 2298 2296
f 2178 2278 2299
f 2178 2299 2298
f 2180 2295 2300
f 2180 2300 2301
f 2180 2301 2181
f 2181 2302 2303
f 2181 2303 2182
f 2181 2301 2406
f 2181 2406 2302
f 2182 2303 2304
f 2182 2304 2183
f 2183 2304 2185
f 2184 2186 2305
f 2184 2305 2306
f 2184 2306 2307
f 2184 2307 2195
f 2185 2304 2308
f 2185 2308 2306
f 2185 2306 2186
f 2186 2306 2305
f 2187 2191 2309
f 2187 2309 2310
f 2187 2310 2311
f 2187 2311 2188
f 2188 2311 2312
f 2188 2312 2313
f 2188 2313 2192
f 2189 2195 2315
f 2189 2315 2190
f 2190 2314 2191
f 2190 2315 2316
f 2190 2316 2314
f 2191 2317 2310
f 2191 2310 2309
f 2191 2314 2317
f 2192 2313 2318
f 2192 2318 2193
f 2193 2318 2194
f 2194 2318 2319
f 2194 2319 2320
f 2194 2320 2196
f 2195 2307 2413
f 2195 2413 2315
f 2196 2320 2417
f 2196 2417 2321
f 2196 2321 2197
f 2197 2322 2325
f 2197 2325 2201
f 2197 2321 2322
f 2198 2203 2199
f 2199 2203 2323
f 2199 2323 2200
f 2200 2324 2204
f 2200 2323 2324
f 2201 2325 2326
f 2201 2326 2202
f 2202 2326 2327
f 2202 2327 2203
f 2203 2327 2323
f 2204 2324 2328
f 2204 2328 2207
f 2204 2207 2205
f 2206 2235 2234
f 2206 2209 2235
f 2207 2328 2208
f 2208 2328 2324
f 2208 2324 2327
f 2208 2327 2329
f 2208 2329 2330
f 2208 2330 2331
f 2208 2331 2332
f 2208 2332 2209
f 2209 2332 2333
f 2209 2333 2334
f 2209 2334 2235
f 2211 2240 2335
f 2211 2335 2212
f 2212 2335 2213
f 2213 2335 2240
f 2213 2240 2336
f 2213 2336 2337
f 2213 2337 2338
f 2213 2338 2339
f 2213 2339 2214
f 2214 2339 2215
f 2215 2339 2216
f 2216 2339 2340
f 2216 2340 2217
f 2217 2340 2219
f 2217 2219 2218
f 2219 2341 2342
f 2219 2342 2343
f 2219 2343 2220
f 2219 2340 2341
f 2220 2343 2221
f 2221 2343 2344
f 2221 2344 2345
f 2221 2345 2346
f 2221 2346 2347
f 2221 2347 2222
f 2222 2346 2223
f 2222 2347 2346
f 2223 2348 2349
f 2223 2349 2350
f 2223 2350 2351
f 2223 2351 2224
f 2223 2346 2348
f 2224 2351 2350
f 2224 2350 2352
f 2224 2352 2225
f 2225 2352 2226
f 2226 2352 2227
f 2227 2352 2228
f 2228 2353 2229
f 2228 2352 2354
f 2228 2354 2353
f 2229 2353 2355
f 2229 2355 2230
f 2230 2356 2357
f 2230 2357 2231
f 2230 2355 2356
f 2231 2357 2425
f 2231 2425 2358
f 2231 2358 2232
f 2232 2358 2359
f 2232 2359 2233
f 2233 2359 2251
f 2235 2334 2360
f 2235 2360 2361
f 2235 2361 2362
f 2235 2362 2236
f 2236 2362 2363
f 2236 2363 2364
f 2236 2364 2237
f 2237 2364 2365
f 2237 2365 2238
f 2238 2365 2240
f 2238 2240 2239
f 2240 2365 2364
f 2240 2364 2336
f 2241 2244 2366
f 2241 2366 2367
f 2241 2367 2368
f 2241 2368 2243
f 2241 2243 2242
f 2243 2369 2370
f 2243 2370 2371
f 2243 2371 2248
f 2243 2368 2372
f 2243 2372 2369
f 2244 2246 2373
f 2244 2373 2366
f 2245 2252 2374
f 2245 2374 2247
f 2246 2247 2375
f 2246 2375 2376
f 2246 2376 2377
f 2246 2377 2378
f 2246 2378 2373
f 2247 2374 2379
f 2247 2379 2375
f 2248 2380 2381
f 2248 2381 2250
f 2248 2371 2370
f 2248 2370 2382
f 2248 2382 2380
f 2249 2250 2383
f 2249 2383 2256
f 2249 2256 2260
f 2250 2381 2384
f 2250 2384 2383
f 2251 2359 2385
f 2251 2385 2252
f 2252 2385 2374
f 2253 2275 2255
f 2256 2281 2258
f 2256 2258 2257
f 2256 2383 2384
f 2256 2384 2386
f 2256 2386 2282
f 2256 2282 2281
f 2258 2387 2388
f 2258 2388 2262
f 2258 2262 2261
f 2258 2261 2259
f 2258 2281 2387
f 2262 2388 2389
f 2262 2389 2265
f 2262 2265 2264
f 2262 2264 2263
f 2265 2389 2390
f 2265 2390 2266
f 2266 2390 2298
f 2266 2298 2299
f 2266 2299 2278
f 2268 2269 2276
f 2269 2279 2277
f 2269 2277 2276
f 2270 2272 2273
f 2272 2274 2273
f 2280 2297 2388
f 2280 2388 2281
f 2281 2388 2387
f 2282 2386 2391
f 2282 2391 2283
f 2283 2285 2284
f 2283 2391 2392
f 2283 2392 2393
f 2283 2393 2394
f 2283 2394 2395
f 2283 2395 2396
f 2283 2396 2288
f 2283 2288 2397
f 2283 2397 2285
f 2285 2397 2286
f 2286 2397 2287
f 2287 2397 2288
f 2288 2396 2398
f 2289 2398 2290
f 2290 2398 2399
f 2290 2399 2291
f 2291 2400 2294
f 2291 2399 2400
f 2292 2295 2293
f 2292 2401 2403
f 2292 2403 2295
f 2294 2400 2402
f 2294 2402 2401
f 2295 2403 2480
f 2295 2480 2404
f 2295 2404 2300
f 2296 2388 2297
f 2296 2298 2388
f 2298 2390 2388
f 2300 2405 2406
f 2300 2406 2301
f 2300 2404 2480
f 2300 2480 2405
f 2302 2407 2408
f 2302 2408 2303
f 2302 2406 2409
f 2302 2409 2407
f 2303 2408 2304
f 2304 2410 2411
f 2304 2411 2308
f 2304 2408 2410
f 2306 2308 2411
f 2306 2411 2412
f 2306 2412 2413
f 2306 2413 2307
f 2310 2317 2414
f 2310 2414 2415
f 2310 2415 2416
f 2310 2416 2312
f 2310 2312 2311
f 2312 2416 2417
f 2312 2417 2320
f 2312 2320 2319
f 2312 2319 2313
f 2313 2319 2318
f 2314 2418 2317
f 2314 2316 2419
f 2314 2419 2418
f 2315 2413 2420
f 2315 2420 2421
f 2315 2421 2316
f 2316 2421 2422
f 2316 2422 2423
f 2316 2423 2424
f 2316 2424 2419
f 2317 2418 2425
f 2317 2425 2414
f 2321 2417 2453
f 2321 2453 2426
f 2321 2426 2322
f 2322 2427 2428
f 2322 2428 2325
f 2322 2426 2427
f 2323 2327 2324
f 2325 2428 2429
f 2325 2429 2326
f 2326 2430 2431
f 2326 2431 2432
f 2326 2432 2327
f 2326 2429 2430
f 2327 2432 2433
f 2327 2433 2329
f 2329 2433 2330
f 2330 2344 2434
f 2330 2434 2435
f 2330 2435 2436
f 2330 2436 2333
f 2330 2333 2332
f 2330 2332 2331
f 2330 2433 2432
f 2330 2432 2431
f 2330 2431 2430
f 2330 2430 2437
f 2330 2437 2344
f 2333 2436 2438
f 2333 2438 2360
f 2333 2360 2334
f 2336 2364 2439
f 2336 2439 2337
f 2337 2439 2338
f 2338 2439 2339
f 2339 2440 2441
f 2339 2441 2442
f 2339 2442 2443
f 2339 2443 2444
f 2339 2444 2340
f 2339 2439 2440
f 2340 2444 2445
f 2340 2445 2341
f 2341 2445 2446
f 2341 2446 2447
f 2341 2447 2448
f 2341 2448 2342
f 2342 2448 2434
f 2342 2434 2343
f 2343 2434 2344
f 2344 2437 2449
f 2344 2449 2345
f 2345 2449 2346
f 2346 2449 2450
f 2346 2450 2348
f 2348 2450 2451
f 2348 2451 2428
f 2348 2428 2349
f 2349 2428 2452
f 2349 2452 2354
f 2349 2354 2352
f 2349 2352 2350
f 2353 2426 2453
f 2353 2453 2355
f 2353 2354 2427
f 2353 2427 2426
f 2354 2452 2428
f 2354 2428 2427
f 2355 2453 2415
f 2355 2415 2356
f 2356 2415 2414
f 2356 2414 2357
f 2357 2414 2425
f 2358 2425 2454
f 2358 2454 2385
f 2358 2385 2359
f 2360 2438 2441
f 2360 2441 2361
f 2361 2441 2363
f 2361 2363 2362
f 2363 2441 2364
f 2364 2441 2439
f 2366 2373 2378
f 2366 2378 2455
f 2366 2455 2456
f 2366 2456 2457
f 2366 2457 2367
f 2367 2458 2459
f 2367 2459 2368
f 2367 2457 2458
f 2368 2459 2372
f 2369 2372 2460
f 2369 2460 2461
f 2369 2461 2382
f 2369 2382 2370
f 2372 2459 2462
f 2372 2462 2463
f 2372 2463 2460
f 2374 2464 2379
f 2374 2385 2465
f 2374 2465 2466
f 2374 2466 2464
f 2375 2379 2376
f 2376 2379 2467
f 2376 2467 2468
f 2376 2468 2377
f 2377 2468 2469
f 2377 2469 2470
f 2377 2470 2378
f 2378 2470 2471
f 2378 2471 2455
f 2379 2464 2467
f 2380 2392 2384
f 2380 2384 2381
f 2380 2382 2472
f 2380 2472 2461
f 2380 2461 2392
f 2382 2461 2472
f 2384 2392 2386
f 2385 2454 2473
f 2385 2473 2465
f 2386 2392 2391
f 2388 2390 2389
f 2392 2461 2393
f 2393 2461 2394
f 2394 2461 2474
f 2394 2474 2395
f 2395 2475 2476
f 2395 2476 2477
f 2395 2477 2400
f 2395 2400 2399
f 2395 2399 2396
f 2395 2474 2475
f 2396 2399 2398
f 2400 2477 2402
f 2401 2402 2478
f 2401 2478 2403
f 2402 2477 2478
f 2403 2478 2479
f 2403 2479 2480
f 2405 2479 2406
f 2405 2480 2479
f 2406 2479 2409
f 2407 2409 2481
f 2407 2481 2482
f 2407 2482 2420
f 2407 2420 2408
f 2408 2420 2410
f 2409 2479 2481
f 2410 2420 2411
f 2411 2420 2412
f 2412 2420 2413
f 2415 2453 2417
f 2415 2417 2416
f 2418 2473 2454
f 2418 2454 2425
f 2418 2419 2473
f 2419 2483 2473
f 2419 2424 2464
f 2419 2464 2483
f 2420 2484 2421
f 2420 2482 2485
f 2420 2485 2486
f 2420 2486 2484
f 2421 2484 2423
f 2421 2423 2422
f 2423 2484 2487
f 2423 2487 2488
f 2423 2488 2489
f 2423 2489 2424
f 2424 2490 2464
f 2424 2489 2490
f 2428 2451 2491
f 2428 2491 2430
f 2428 2430 2429
f 2430 2491 2437
f 2434 2448 2435
f 2435 2448 2436
f 2436 2447 2446
f 2436 2446 2438
f 2436 2448 2447
f 2437 2491 2449
f 2438 2492 2443
f 2438 2443 2493
f 2438 2493 2442
f 2438 2442 2441
f 2438 2446 2445
f 2438 2445 2492
f 2439 2441 2440
f 2442 2493 2443
f 2443 2492 2444
f 2444 2492 2445
f 2449 2491 2450
f 2450 2491 2451
f 2455 2471 2457
f 2455 2457 2456
f 2457 2494 2495
f 2457 2495 2462
f 2457 2462 2458
f 2457 2471 2496
f 2457 2496 2482
f 2457 2482 2494
f 2458 2462 2459
f 2460 2463 2461
f 2461 2463 2462
f 2461 2462 2475
f 2461 2475 2474
f 2462 2476 2475
f 2462 2495 2477
f 2462 2477 2476
f 2464 2466 2483
f 2464 2490 2467
f 2465 2473 2483
f 2465 2483 2466
f 2467 2490 2489
f 2467 2489 2488
f 2467 2488 2468
f 2468 2488 2487
f 2468 2487 2469
f 2469 2487 2497
f 2469 2497 2470
f 2470 2496 2471
f 2470 2497 2496
f 2477 2495 2494
f 2477 2494 2482
f 2477 2482 2481
f 2477 2481 2478
f 2478 2481 2479
f 2482 2496 2485
f 2484 2486 2496
f 2484 2496 2497
f 2484 2497 2487
f 2485 2496 2486

