mtllib material.mtl
usemtl grey
v 0.08349900 0.01351400 0.01854300
v 0.08349900 0.01351400 0.01854300
v 0.08349900 0.01351400 0.01854300
v 0.08349900 0.01351400 0.01854300
v 0.08349900 0.01351400 0.01854300
v 0.08349900 0.01211500 0.01862800
v 0.08349900 0.01211500 0.01862800
v 0.08349900 0.01211500 0.01862800
v 0.08349900 0.02386600 0.00269300
v 0.08349900 0.02386600 0.00269300
v 0.08349900 0.02386600 0.00269300
v 0.08349900 -0.02538500 -0.00302300
v 0.08349900 -0.02538500 -0.00302300
v 0.08349900 -0.02538500 -0.00302300
v 0.08349900 -0.02627900 -0.00259900
v 0.08349900 -0.02627900 -0.00259900
v 0.08349900 -0.02627900 -0.00259900
v 0.08349900 -0.02627900 -0.00259900
v 0.08349900 -0.02627900 -0.00259900
v 0.08349900 -0.02627900 -0.00259900
v 0.08349900 -0.02627900 -0.00259900
v 0.08349900 -0.02512100 -0.00821200
v 0.08349900 -0.02512100 -0.00821200
v 0.08349900 -0.02512100 -0.00821200
v 0.08349900 -0.00885200 -0.02177000
v 0.08349900 -0.00885200 -0.02177000
v 0.08349900 -0.00885200 -0.02177000
v 0.08349900 -0.00928400 -0.02324700
v 0.08349900 -0.00928400 -0.02324700
v 0.08349900 -0.00928400 -0.02324700
v 0.08349900 -0.00928400 -0.02324700
v 0.08349900 -0.00706000 -0.02582100
v 0.08349900 -0.00706000 -0.02582100
v 0.08349900 -0.00706000 -0.02582100
v 0.08349900 -0.01036500 -0.02434300
v 0.08349900 -0.01036500 -0.02434300
v 0.08349900 -0.01036500 -0.02434300
v 0.08349900 -0.01063900 -0.02449100
v 0.08349900 -0.01063900 -0.02449100
v 0.08349900 -0.01063900 -0.02449100
v 0.08349900 -0.01063900 -0.02449100
v 0.08349900 -0.01063900 -0.02449100
v 0.08349900 -0.01063900 -0.02449100
v 0.08349900 -0.01063900 -0.02449100
v 0.08349900 -0.00483900 -0.01823400
v 0.08349900 -0.00483900 -0.01823400
v 0.08349900 -0.00483900 -0.01823400
v 0.08349900 -0.00237100 -0.02675200
v 0.08349900 -0.00237100 -0.02675200
v 0.08349900 -0.00237100 -0.02675200
v 0.08349900 0.00240900 -0.02683800
v 0.08349900 0.00240900 -0.02683800
v 0.08349900 0.00240900 -0.02683800
v 0.08349900 0.00006200 -0.01899500
v 0.08349900 0.00006200 -0.01899500
v 0.08349900 0.00006200 -0.01899500
v 0.08349900 0.00985300 -0.02153100
v 0.08349900 0.00985300 -0.02153100
v 0.08349900 0.00985300 -0.02153100
v 0.08349900 0.00499400 -0.01846100
v 0.08349900 0.00499400 -0.01846100
v 0.08349900 0.00499400 -0.01846100
v 0.08349900 0.01028500 -0.02005300
v 0.08349900 0.01028500 -0.02005300
v 0.08349900 0.01028500 -0.02005300
v 0.08349900 0.00961900 -0.01666900
v 0.08349900 0.00961900 -0.01666900
v 0.08349900 0.00961900 -0.01666900
v 0.08349900 0.01136600 -0.01895800
v 0.08349900 0.01136600 -0.01895800
v 0.08349900 0.01136600 -0.01895800
v 0.08349900 0.01614100 -0.02189200
v 0.08349900 0.01614100 -0.02189200
v 0.08349900 0.01614100 -0.02189200
v 0.08349900 0.01614100 -0.02189200
v 0.08349900 0.01614100 -0.02189200
v 0.08349900 0.01614100 -0.02189200
v 0.08349900 0.01614100 -0.02189200
v 0.08349900 0.02042300 -0.01808300
v 0.08349900 0.02042300 -0.01808300
v 0.08349900 0.02042300 -0.01808300
v 0.08349900 0.01614500 -0.02184100
v 0.08349900 0.01614500 -0.02184100
v 0.08349900 0.01614500 -0.02184100
v 0.08349900 0.01614500 -0.02184100
v 0.08349900 0.01591600 -0.02045800
v 0.08349900 0.01591600 -0.02045800
v 0.08349900 0.01591600 -0.02045800
v 0.08349900 0.01591600 -0.02045800
v 0.08349900 0.01591600 -0.02045800
v 0.08349900 0.01017200 -0.02303700
v 0.08349900 0.01017200 -0.02303700
v 0.08349900 0.01017200 -0.02303700
v 0.08349900 0.00712900 -0.02607600
v 0.08349900 0.00712900 -0.02607600
v 0.08349900 0.00712900 -0.02607600
v 0.08349900 0.01116600 -0.02421200
v 0.08349900 0.01116600 -0.02421200
v 0.08349900 0.01116600 -0.02421200
v 0.08349900 0.01163900 -0.02449100
v 0.08349900 0.01163900 -0.02449100
v 0.08349900 0.01163900 -0.02449100
v 0.08349900 0.01163900 -0.02449100
v 0.08349900 0.01163900 -0.02449100
v 0.08349900 0.01163900 -0.02449100
v 0.08349900 -0.01514000 0.02189300
v 0.08349900 -0.01514000 0.02189300
v 0.08349900 -0.01514000 0.02189300
v 0.08349900 -0.01514000 0.02189300
v 0.08349900 -0.01514000 0.02189300
v 0.08349900 -0.01514000 0.02189300
v 0.08349900 -0.01514000 0.02189300
v 0.08349900 -0.01942200 0.01808300
v 0.08349900 -0.01942200 0.01808300
v 0.08349900 -0.01942200 0.01808300
v 0.08349900 -0.01942200 0.01808300
v 0.08349900 -0.01514700 0.02177100
v 0.08349900 -0.01514700 0.02177100
v 0.08349900 -0.01514700 0.02177100
v 0.08349900 -0.01514700 0.02177100
v 0.08349900 -0.01482800 0.02026500
v 0.08349900 -0.01482800 0.02026500
v 0.08349900 -0.01482800 0.02026500
v 0.08349900 -0.00908400 0.02284400
v 0.08349900 -0.00908400 0.02284400
v 0.08349900 -0.00908400 0.02284400
v 0.08349900 -0.00908400 0.02284400
v 0.08349900 -0.00908400 0.02284400
v 0.08349900 -0.00698000 0.02584500
v 0.08349900 -0.00698000 0.02584500
v 0.08349900 -0.00698000 0.02584500
v 0.08349900 -0.00989000 0.02399000
v 0.08349900 -0.00989000 0.02399000
v 0.08349900 -0.00989000 0.02399000
v 0.08349900 -0.00989000 0.02399000
v 0.08349900 -0.01063900 0.02449200
v 0.08349900 -0.01063900 0.02449200
v 0.08349900 -0.01063900 0.02449200
v 0.08349900 -0.01063900 0.02449200
v 0.08349900 -0.01063900 0.02449200
v 0.08349900 -0.01063900 0.02449200
v 0.08349900 0.01481200 0.01907400
v 0.08349900 0.01481200 0.01907400
v 0.08349900 0.01481200 0.01907400
v 0.08349900 0.01481200 0.01907400
v 0.08349900 0.01481200 0.01907400
v 0.08349900 0.02638600 0.00302300
v 0.08349900 0.02638600 0.00302300
v 0.08349900 0.02638600 0.00302300
v 0.08349900 0.02728000 0.00259900
v 0.08349900 0.02728000 0.00259900
v 0.08349900 0.02728000 0.00259900
v 0.08349900 0.02728000 0.00259900
v 0.08349900 0.02728000 0.00259900
v 0.08349900 0.02728000 0.00259900
v 0.08349900 -0.00937600 -0.01623100
v 0.08349900 -0.00937600 -0.01623100
v 0.08349900 -0.00937600 -0.01623100
v 0.08349900 -0.01016600 -0.01908900
v 0.08349900 -0.01016600 -0.01908900
v 0.08349900 -0.01016600 -0.01908900
v 0.08349900 -0.00917100 -0.02026400
v 0.08349900 -0.00917100 -0.02026400
v 0.08349900 -0.00917100 -0.02026400
v 0.08349900 -0.01514000 -0.02189200
v 0.08349900 -0.01514000 -0.02189200
v 0.08349900 -0.01514000 -0.02189200
v 0.08349900 -0.01514000 -0.02189200
v 0.08349900 -0.01514000 -0.02189200
v 0.08349900 -0.01514000 -0.02189200
v 0.08349900 -0.01514000 -0.02189200
v 0.08349900 -0.01514700 -0.02153100
v 0.08349900 -0.01514700 -0.02153100
v 0.08349900 -0.01514700 -0.02153100
v 0.08349900 -0.01514700 -0.02153100
v 0.08349900 -0.01514700 -0.02153100
v 0.08349900 -0.01942200 -0.01808300
v 0.08349900 -0.01942200 -0.01808300
v 0.08349900 -0.01942200 -0.01808300
v 0.08349900 -0.01471500 -0.02005300
v 0.08349900 -0.01471500 -0.02005300
v 0.08349900 -0.01471500 -0.02005300
v 0.08349900 -0.01471500 -0.02005300
v 0.08349900 -0.02280100 -0.01345300
v 0.08349900 -0.02280100 -0.01345300
v 0.08349900 -0.02280100 -0.01345300
v 0.08349900 -0.01363400 -0.01895800
v 0.08349900 -0.01363400 -0.01895800
v 0.08349900 -0.01363400 -0.01895800
v 0.08349900 -0.01363400 -0.01895800
v 0.08349900 -0.01363400 -0.01895800
v 0.08349900 -0.02433700 -0.00314600
v 0.08349900 -0.02433700 -0.00314600
v 0.08349900 -0.02433700 -0.00314600
v 0.08349900 0.01511000 -0.01931100
v 0.08349900 0.01511000 -0.01931100
v 0.08349900 0.01511000 -0.01931100
v 0.08349900 0.01511000 -0.01931100
v 0.08349900 0.02380100 -0.01345300
v 0.08349900 0.02380100 -0.01345300
v 0.08349900 0.02380100 -0.01345300
v 0.08349900 0.02380100 -0.01345300
v 0.08349900 0.02612200 -0.00821200
v 0.08349900 0.02612200 -0.00821200
v 0.08349900 0.02612200 -0.00821200
v 0.08349900 0.02533700 0.00314600
v 0.08349900 0.02533700 0.00314600
v 0.08349900 0.02533700 0.00314600
v 0.08349900 -0.01616900 -0.00911800
v 0.08349900 -0.01616900 -0.00911800
v 0.08349900 -0.01616900 -0.00911800
v 0.08349900 -0.01324100 -0.01312200
v 0.08349900 -0.01324100 -0.01312200
v 0.08349900 -0.01324100 -0.01312200
v 0.08349900 -0.01216300 -0.01850500
v 0.08349900 -0.01216300 -0.01850500
v 0.08349900 -0.01216300 -0.01850500
v 0.08349900 -0.01216300 -0.01850500
v 0.08349900 -0.01216300 -0.01850500
v 0.08349900 -0.01111400 -0.01862700
v 0.08349900 -0.01111400 -0.01862700
v 0.08349900 -0.01111400 -0.01862700
v 0.08349900 0.02235300 0.00012000
v 0.08349900 0.02235300 0.00012000
v 0.08349900 0.02235300 0.00012000
v 0.08349900 0.02278500 0.00159700
v 0.08349900 0.02278500 0.00159700
v 0.08349900 0.02278500 0.00159700
v 0.08349900 0.02278500 0.00159700
v 0.08349900 0.01716900 0.00911800
v 0.08349900 0.01716900 0.00911800
v 0.08349900 0.01716900 0.00911800
v 0.08349900 0.01716900 0.00911800
v 0.08349900 0.01424100 0.01312200
v 0.08349900 0.01424100 0.01312200
v 0.08349900 0.01424100 0.01312200
v 0.08349900 0.01424100 0.01312200
v 0.08349900 -0.00202300 0.02678700
v 0.08349900 -0.00202300 0.02678700
v 0.08349900 -0.00202300 0.02678700
v 0.08349900 0.00985300 0.02177000
v 0.08349900 0.00985300 0.02177000
v 0.08349900 0.00985300 0.02177000
v 0.08349900 0.00302300 0.02678700
v 0.08349900 0.00302300 0.02678700
v 0.08349900 0.00302300 0.02678700
v 0.08349900 0.01028500 0.02324800
v 0.08349900 0.01028500 0.02324800
v 0.08349900 0.01028500 0.02324800
v 0.08349900 0.00798000 0.02584500
v 0.08349900 0.00798000 0.02584500
v 0.08349900 0.00798000 0.02584500
v 0.08349900 0.00806100 0.02582200
v 0.08349900 0.00806100 0.02582200
v 0.08349900 0.00806100 0.02582200
v 0.08349900 0.00806100 0.02582200
v 0.08349900 0.01136600 0.02434400
v 0.08349900 0.01136600 0.02434400
v 0.08349900 0.01136600 0.02434400
v 0.08349900 0.01163900 0.02449200
v 0.08349900 0.01163900 0.02449200
v 0.08349900 0.01163900 0.02449200
v 0.08349900 0.01163900 0.02449200
v 0.08349900 0.01163900 0.02449200
v 0.08349900 0.01163900 0.02449200
v 0.08349900 0.01163900 0.02449200
v 0.08349900 0.01614100 0.02189300
v 0.08349900 0.01614100 0.02189300
v 0.08349900 0.01614100 0.02189300
v 0.08349900 0.01614100 0.02189300
v 0.08349900 0.01614100 0.02189300
v 0.08349900 0.01614100 0.02189300
v 0.08349900 0.01614100 0.02189300
v 0.08349900 0.01614500 0.02146000
v 0.08349900 0.01614500 0.02146000
v 0.08349900 0.01614500 0.02146000
v 0.08349900 0.01614500 0.02146000
v 0.08349900 0.02042300 0.01808300
v 0.08349900 0.02042300 0.01808300
v 0.08349900 0.02042300 0.01808300
v 0.08349900 0.01575100 0.02011500
v 0.08349900 0.01575100 0.02011500
v 0.08349900 0.01575100 0.02011500
v 0.08349900 0.01575100 0.02011500
v 0.08349900 0.01575100 0.02011500
v 0.08349900 0.02380100 0.01345300
v 0.08349900 0.02380100 0.01345300
v 0.08349900 0.02380100 0.01345300
v 0.08349900 0.02612200 0.00821200
v 0.08349900 0.02612200 0.00821200
v 0.08349900 0.02612200 0.00821200
v 0.08349900 0.01896100 0.00449300
v 0.08349900 0.01896100 0.00449300
v 0.08349900 0.01896100 0.00449300
v 0.08349900 0.01949500 -0.00043800
v 0.08349900 0.01949500 -0.00043800
v 0.08349900 0.01949500 -0.00043800
v 0.08349900 0.02267200 -0.00138600
v 0.08349900 0.02267200 -0.00138600
v 0.08349900 0.02267200 -0.00138600
v 0.08349900 0.01873500 -0.00533900
v 0.08349900 0.01873500 -0.00533900
v 0.08349900 0.01873500 -0.00533900
v 0.08349900 0.02366600 -0.00256100
v 0.08349900 0.02366600 -0.00256100
v 0.08349900 0.02366600 -0.00256100
v 0.08349900 0.02366600 -0.00256100
v 0.08349900 0.01673200 -0.00987700
v 0.08349900 0.01673200 -0.00987700
v 0.08349900 0.01673200 -0.00987700
v 0.08349900 0.01362200 -0.01374100
v 0.08349900 0.01362200 -0.01374100
v 0.08349900 0.01362200 -0.01374100
v 0.08349900 -0.02512100 0.00821200
v 0.08349900 -0.02512100 0.00821200
v 0.08349900 -0.02512100 0.00821200
v 0.08349900 -0.02627900 0.00259900
v 0.08349900 -0.02627900 0.00259900
v 0.08349900 -0.02627900 0.00259900
v 0.08349900 -0.02627900 0.00259900
v 0.08349900 -0.02627900 0.00259900
v 0.08349900 -0.02627900 0.00259900
v 0.08349900 -0.02524500 0.00306100
v 0.08349900 -0.02524500 0.00306100
v 0.08349900 -0.02524500 0.00306100
v 0.08349900 0.01283700 -0.01850500
v 0.08349900 0.01283700 -0.01850500
v 0.08349900 0.01283700 -0.01850500
v 0.08349900 0.01388600 -0.01862700
v 0.08349900 0.01388600 -0.01862700
v 0.08349900 0.01388600 -0.01862700
v 0.08349900 0.02461500 -0.00302300
v 0.08349900 0.02461500 -0.00302300
v 0.08349900 0.02461500 -0.00302300
v 0.08349900 0.02601400 -0.00310800
v 0.08349900 0.02601400 -0.00310800
v 0.08349900 0.02601400 -0.00310800
v 0.08349900 0.02601400 -0.00310800
v 0.08349900 0.02728000 -0.00259900
v 0.08349900 0.02728000 -0.00259900
v 0.08349900 0.02728000 -0.00259900
v 0.08349900 0.02728000 -0.00259900
v 0.08349900 0.02728000 -0.00259900
v 0.08349900 0.02728000 -0.00259900
v 0.08349900 0.01037700 0.01623100
v 0.08349900 0.01037700 0.01623100
v 0.08349900 0.01037700 0.01623100
v 0.08349900 0.01116600 0.01909000
v 0.08349900 0.01116600 0.01909000
v 0.08349900 0.01116600 0.01909000
v 0.08349900 0.00584000 0.01823500
v 0.08349900 0.00584000 0.01823500
v 0.08349900 0.00584000 0.01823500
v 0.08349900 0.01017200 0.02026500
v 0.08349900 0.01017200 0.02026500
v 0.08349900 0.01017200 0.02026500
v 0.08349900 0.00093800 0.01899500
v 0.08349900 0.00093800 0.01899500
v 0.08349900 0.00093800 0.01899500
v 0.08349900 -0.00399300 0.01846100
v 0.08349900 -0.00399300 0.01846100
v 0.08349900 -0.00399300 0.01846100
v 0.08349900 -0.02280100 0.01345300
v 0.08349900 -0.02280100 0.01345300
v 0.08349900 -0.02280100 0.01345300
v 0.08349900 -0.02280100 0.01345300
v 0.08349900 -0.02361400 0.00302300
v 0.08349900 -0.02361400 0.00302300
v 0.08349900 -0.02361400 0.00302300
v 0.08349900 -0.01383400 0.01909000
v 0.08349900 -0.01383400 0.01909000
v 0.08349900 -0.01383400 0.01909000
v 0.08349900 -0.01288500 0.01862800
v 0.08349900 -0.01288500 0.01862800
v 0.08349900 -0.01288500 0.01862800
v 0.08349900 -0.02266600 0.00256100
v 0.08349900 -0.02266600 0.00256100
v 0.08349900 -0.02266600 0.00256100
v 0.08349900 -0.01148600 0.01854300
v 0.08349900 -0.01148600 0.01854300
v 0.08349900 -0.01148600 0.01854300
v 0.08349900 -0.01148600 0.01854300
v 0.08349900 -0.01148600 0.01854300
v 0.08349900 -0.00885500 0.02146000
v 0.08349900 -0.00885500 0.02146000
v 0.08349900 -0.00885500 0.02146000
v 0.08349900 -0.00885500 0.02146000
v 0.08349900 -0.00924900 0.02011500
v 0.08349900 -0.00924900 0.02011500
v 0.08349900 -0.00924900 0.02011500
v 0.08349900 -0.00924900 0.02011500
v 0.08349900 -0.00924900 0.02011500
v 0.08349900 -0.00861800 0.01666900
v 0.08349900 -0.00861800 0.01666900
v 0.08349900 -0.00861800 0.01666900
v 0.08349900 -0.01018800 0.01907400
v 0.08349900 -0.01018800 0.01907400
v 0.08349900 -0.01018800 0.01907400
v 0.08349900 -0.01018800 0.01907400
v 0.08349900 -0.01018800 0.01907400
v 0.08349900 -0.01262100 0.01374100
v 0.08349900 -0.01262100 0.01374100
v 0.08349900 -0.01262100 0.01374100
v 0.08349900 -0.01573100 0.00987700
v 0.08349900 -0.01573100 0.00987700
v 0.08349900 -0.01573100 0.00987700
v 0.08349900 -0.01773400 0.00533900
v 0.08349900 -0.01773400 0.00533900
v 0.08349900 -0.01773400 0.00533900
v 0.08349900 -0.02167100 0.00138600
v 0.08349900 -0.02167100 0.00138600
v 0.08349900 -0.02167100 0.00138600
v 0.08349900 -0.01849500 0.00043800
v 0.08349900 -0.01849500 0.00043800
v 0.08349900 -0.01849500 0.00043800
v 0.08349900 -0.02135200 -0.00012000
v 0.08349900 -0.02135200 -0.00012000
v 0.08349900 -0.02135200 -0.00012000
v 0.08349900 -0.02135200 -0.00012000
v 0.08349900 -0.01796100 -0.00449300
v 0.08349900 -0.01796100 -0.00449300
v 0.08349900 -0.01796100 -0.00449300
v 0.08349900 -0.02178400 -0.00159700
v 0.08349900 -0.02178400 -0.00159700
v 0.08349900 -0.02178400 -0.00159700
v 0.08349900 -0.02286500 -0.00269300
v 0.08349900 -0.02286500 -0.00269300
v 0.08349900 -0.02286500 -0.00269300
v 0.08449900 -0.01514000 0.02189300
v 0.08449900 -0.01514000 0.02189300
v 0.08449900 -0.01514000 0.02189300
v 0.08449900 -0.01505500 0.02241800
v 0.08449900 -0.01505500 0.02241800
v 0.08449900 -0.01505500 0.02241800
v 0.08449900 -0.01505500 0.02241800
v 0.08449900 -0.01505500 0.02241800
v 0.08449900 -0.01657400 0.02128300
v 0.08449900 -0.01657400 0.02128300
v 0.08449900 -0.01657400 0.02128300
v 0.08449900 -0.01657400 0.02128300
v 0.08449900 -0.01657400 0.02128300
v 0.08449900 -0.02669100 0.00226300
v 0.08449900 -0.02669100 0.00226300
v 0.08449900 -0.02669100 0.00226300
v 0.08449900 -0.02669100 0.00226300
v 0.08449900 -0.02669100 0.00226300
v 0.08449900 -0.02669100 0.00226300
v 0.08449900 -0.02669100 0.00226300
v 0.08449900 -0.02627900 0.00259900
v 0.08449900 -0.02627900 0.00259900
v 0.08449900 -0.02627900 0.00259900
v 0.08449900 -0.02627900 0.00259900
v 0.08449900 -0.02632900 0.00497100
v 0.08449900 -0.02632900 0.00497100
v 0.08449900 -0.02632900 0.00497100
v 0.08449900 -0.02512100 0.00821200
v 0.08449900 -0.02512100 0.00821200
v 0.08449900 -0.02512100 0.00821200
v 0.08449900 -0.02568600 0.00766800
v 0.08449900 -0.02568600 0.00766800
v 0.08449900 -0.02568600 0.00766800
v 0.08449900 -0.02477300 0.01028500
v 0.08449900 -0.02477300 0.01028500
v 0.08449900 -0.02477300 0.01028500
v 0.08449900 -0.02280100 0.01345300
v 0.08449900 -0.02280100 0.01345300
v 0.08449900 -0.02280100 0.01345300
v 0.08449900 -0.02359900 0.01279700
v 0.08449900 -0.02359900 0.01279700
v 0.08449900 -0.02359900 0.01279700
v 0.08449900 -0.02359900 0.01279700
v 0.08449900 -0.02217600 0.01517600
v 0.08449900 -0.02217600 0.01517600
v 0.08449900 -0.02217600 0.01517600
v 0.08449900 -0.02217600 0.01517600
v 0.08449900 -0.01942200 0.01808300
v 0.08449900 -0.01942200 0.01808300
v 0.08449900 -0.01942200 0.01808300
v 0.08449900 -0.01942200 0.01808300
v 0.08449900 -0.02051900 0.01739800
v 0.08449900 -0.02051900 0.01739800
v 0.08449900 -0.02051900 0.01739800
v 0.08449900 -0.02051900 0.01739800
v 0.08449900 -0.01864500 0.01944100
v 0.08449900 -0.01864500 0.01944100
v 0.08449900 -0.01864500 0.01944100
v 0.08449900 -0.01864500 0.01944100
v 0.08442400 -0.01043000 -0.02541500
v 0.08442400 -0.01043000 -0.02541500
v 0.08442400 -0.01043000 -0.02541500
v 0.08442400 -0.01043000 -0.02541500
v 0.08442400 -0.01043000 -0.02541500
v 0.08420600 -0.01055900 -0.02571600
v 0.08420600 -0.01055900 -0.02571600
v 0.08420600 -0.01055900 -0.02571600
v 0.08420600 -0.01055900 -0.02571600
v 0.08420600 -0.01055900 -0.02571600
v 0.08420600 -0.01055900 -0.02571600
v 0.08420600 -0.01055900 -0.02571600
v 0.08442400 -0.00689900 -0.02665800
v 0.08442400 -0.00689900 -0.02665800
v 0.08442400 -0.00689900 -0.02665800
v 0.08442400 -0.00689900 -0.02665800
v 0.08442400 -0.00689900 -0.02665800
v 0.08442400 -0.00689900 -0.02665800
v 0.08442400 -0.00689900 -0.02665800
v 0.08420600 -0.00736600 -0.02686500
v 0.08420600 -0.00736600 -0.02686500
v 0.08420600 -0.00736600 -0.02686500
v 0.08420600 -0.00736600 -0.02686500
v 0.08420600 -0.00736600 -0.02686500
v 0.08420600 -0.01258600 -0.02474500
v 0.08420600 -0.01258600 -0.02474500
v 0.08420600 -0.01258600 -0.02474500
v 0.08420600 -0.01258600 -0.02474500
v 0.08420600 -0.01258600 -0.02474500
v 0.08438700 -0.01193900 -0.02480000
v 0.08438700 -0.01193900 -0.02480000
v 0.08438700 -0.01193900 -0.02480000
v 0.08438700 -0.01193900 -0.02480000
v 0.08438700 -0.01193900 -0.02480000
v 0.08449900 -0.01113600 -0.02468000
v 0.08449900 -0.01113600 -0.02468000
v 0.08449900 -0.01113600 -0.02468000
v 0.08449900 -0.01113600 -0.02468000
v 0.08449900 -0.01113600 -0.02468000
v 0.08449900 -0.01113600 -0.02468000
v 0.08449900 -0.00918100 -0.02551000
v 0.08449900 -0.00918100 -0.02551000
v 0.08449900 -0.00918100 -0.02551000
v 0.08449900 -0.00918100 -0.02551000
v 0.08449900 -0.00716700 -0.02618600
v 0.08449900 -0.00716700 -0.02618600
v 0.08449900 -0.00716700 -0.02618600
v 0.08449900 -0.00716700 -0.02618600
v 0.08442400 -0.00323400 -0.02741300
v 0.08442400 -0.00323400 -0.02741300
v 0.08442400 -0.00323400 -0.02741300
v 0.08442400 -0.00323400 -0.02741300
v 0.08442400 -0.00323400 -0.02741300
v 0.08449900 -0.00233700 -0.02713800
v 0.08449900 -0.00233700 -0.02713800
v 0.08449900 -0.00233700 -0.02713800
v 0.08449900 -0.00233700 -0.02713800
v 0.08442400 0.00050000 -0.02766600
v 0.08442400 0.00050000 -0.02766600
v 0.08442400 0.00050000 -0.02766600
v 0.08442400 0.00050000 -0.02766600
v 0.08442400 0.00050000 -0.02766600
v 0.08442400 0.00050000 -0.02766600
v 0.08449900 0.00258800 -0.02720600
v 0.08449900 0.00258800 -0.02720600
v 0.08449900 0.00258800 -0.02720600
v 0.08449900 0.00258800 -0.02720600
v 0.08449900 0.00258800 -0.02720600
v 0.08443700 0.01271300 -0.02478700
v 0.08443700 0.01271300 -0.02478700
v 0.08443700 0.01271300 -0.02478700
v 0.08443700 0.01271300 -0.02478700
v 0.08443700 0.01271300 -0.02478700
v 0.08443700 0.01271300 -0.02478700
v 0.08449900 0.01213700 -0.02468000
v 0.08449900 0.01213700 -0.02468000
v 0.08449900 0.01213700 -0.02468000
v 0.08449900 0.01213700 -0.02468000
v 0.08449900 0.01213700 -0.02468000
v 0.08442400 0.01143100 -0.02541500
v 0.08442400 0.01143100 -0.02541500
v 0.08442400 0.01143100 -0.02541500
v 0.08442400 0.01143100 -0.02541500
v 0.08442400 0.01143100 -0.02541500
v 0.08442400 0.01143100 -0.02541500
v 0.08449900 0.00744500 -0.02638700
v 0.08449900 0.00744500 -0.02638700
v 0.08449900 0.00744500 -0.02638700
v 0.08449900 0.00744500 -0.02638700
v 0.08442400 0.00790000 -0.02665800
v 0.08442400 0.00790000 -0.02665800
v 0.08442400 0.00790000 -0.02665800
v 0.08442400 0.00790000 -0.02665800
v 0.08442400 0.00790000 -0.02665800
v 0.08442400 0.00790000 -0.02665800
v 0.08442400 0.00790000 -0.02665800
v 0.08442400 0.00790000 -0.02665800
v 0.08442400 0.00423400 -0.02741300
v 0.08442400 0.00423400 -0.02741300
v 0.08442400 0.00423400 -0.02741300
v 0.08442400 0.00423400 -0.02741300
v 0.08442400 0.00423400 -0.02741300
v 0.08420600 0.01358700 -0.02474500
v 0.08420600 0.01358700 -0.02474500
v 0.08420600 0.01358700 -0.02474500
v 0.08420600 0.01358700 -0.02474500
v 0.08420600 0.01358700 -0.02474500
v 0.08420600 0.01358700 -0.02474500
v 0.08420600 0.01164700 -0.02567800
v 0.08420600 0.01164700 -0.02567800
v 0.08420600 0.01164700 -0.02567800
v 0.08420600 0.01164700 -0.02567800
v 0.08420600 0.01164700 -0.02567800
v 0.08420600 0.01156000 -0.02571600
v 0.08420600 0.01156000 -0.02571600
v 0.08420600 0.01156000 -0.02571600
v 0.08420600 0.01156000 -0.02571600
v 0.08420600 0.01156000 -0.02571600
v 0.08420600 0.01156000 -0.02571600
v 0.08420600 0.00798800 -0.02697300
v 0.08420600 0.00798800 -0.02697300
v 0.08420600 0.00798800 -0.02697300
v 0.08420600 0.00798800 -0.02697300
v 0.08420600 0.00798800 -0.02697300
v 0.08420600 -0.00698700 -0.02697300
v 0.08420600 -0.00698700 -0.02697300
v 0.08420600 -0.00698700 -0.02697300
v 0.08420600 -0.00698700 -0.02697300
v 0.08420600 -0.00698700 -0.02697300
v 0.08420600 -0.00327800 -0.02773700
v 0.08420600 -0.00327800 -0.02773700
v 0.08420600 -0.00327800 -0.02773700
v 0.08420600 -0.00327800 -0.02773700
v 0.08420600 -0.00327800 -0.02773700
v 0.08420600 0.00050000 -0.02799300
v 0.08420600 0.00050000 -0.02799300
v 0.08420600 0.00050000 -0.02799300
v 0.08420600 0.00050000 -0.02799300
v 0.08420600 0.00050000 -0.02799300
v 0.08420600 0.00140600 -0.02797800
v 0.08420600 0.00140600 -0.02797800
v 0.08420600 0.00140600 -0.02797800
v 0.08420600 0.00140600 -0.02797800
v 0.08420600 0.00140600 -0.02797800
v 0.08420600 0.00140600 -0.02797800
v 0.08420600 0.00427900 -0.02773700
v 0.08420600 0.00427900 -0.02773700
v 0.08420600 0.00427900 -0.02773700
v 0.08420600 0.00427900 -0.02773700
v 0.08420600 0.00427900 -0.02773700
v 0.08420600 0.00427900 -0.02773700
v 0.08420600 0.00663500 -0.02731200
v 0.08420600 0.00663500 -0.02731200
v 0.08420600 0.00663500 -0.02731200
v 0.08420600 0.00663500 -0.02731200
v 0.08420600 0.00663500 -0.02731200
v 0.08349900 -0.01111400 0.02467400
v 0.08349900 -0.01111400 0.02467400
v 0.08349900 -0.01111400 0.02467400
v 0.08349900 -0.01111400 0.02467400
v 0.08349900 -0.01111400 0.02467400
v 0.08449900 -0.01063900 0.02449200
v 0.08449900 -0.01063900 0.02449200
v 0.08449900 -0.01063900 0.02449200
v 0.08349900 -0.01471500 0.02324800
v 0.08349900 -0.01471500 0.02324800
v 0.08349900 -0.01471500 0.02324800
v 0.08349900 -0.01471500 0.02324800
v 0.08349900 -0.01471500 0.02324800
v 0.08438700 -0.01475700 0.02317400
v 0.08438700 -0.01475700 0.02317400
v 0.08438700 -0.01475700 0.02317400
v 0.08438700 -0.01475700 0.02317400
v 0.08438700 -0.01475700 0.02317400
v 0.08438700 -0.01475700 0.02317400
v 0.08438700 -0.01475700 0.02317400
v 0.08438700 -0.01475700 0.02317400
v 0.08349900 -0.01411700 0.02398300
v 0.08349900 -0.01411700 0.02398300
v 0.08349900 -0.01411700 0.02398300
v 0.08349900 -0.01411700 0.02398300
v 0.08349900 -0.01411700 0.02398300
v 0.08349900 -0.01411700 0.02398300
v 0.08349900 -0.01411700 0.02398300
v 0.08349900 -0.01216300 0.02479700
v 0.08349900 -0.01216300 0.02479700
v 0.08349900 -0.01216300 0.02479700
v 0.08349900 -0.01216300 0.02479700
v 0.08349900 -0.01216300 0.02479700
v 0.08349900 -0.01216300 0.02479700
v 0.08420600 -0.01258600 0.02474600
v 0.08420600 -0.01258600 0.02474600
v 0.08420600 -0.01258600 0.02474600
v 0.08420600 -0.01258600 0.02474600
v 0.08420600 -0.01258600 0.02474600
v 0.08420600 -0.01258600 0.02474600
v 0.08349900 -0.01296100 0.02465100
v 0.08349900 -0.01296100 0.02465100
v 0.08349900 -0.01296100 0.02465100
v 0.08349900 -0.01296100 0.02465100
v 0.08349900 -0.01296100 0.02465100
v 0.08349900 -0.01296100 0.02465100
v 0.08409500 -0.01305400 0.02461900
v 0.08409500 -0.01305400 0.02461900
v 0.08409500 -0.01305400 0.02461900
v 0.08409500 -0.01305400 0.02461900
v 0.08409500 -0.01305400 0.02461900
v 0.08349900 -0.01363400 0.02434400
v 0.08349900 -0.01363400 0.02434400
v 0.08349900 -0.01363400 0.02434400
v 0.08349900 -0.01363400 0.02434400
v 0.08349900 -0.01363400 0.02434400
v 0.08405900 -0.01379900 0.02423700
v 0.08405900 -0.01379900 0.02423700
v 0.08405900 -0.01379900 0.02423700
v 0.08405900 -0.01379900 0.02423700
v 0.08405900 -0.01379900 0.02423700
v 0.08405900 -0.01379900 0.02423700
v 0.08420600 -0.01438700 0.02370600
v 0.08420600 -0.01438700 0.02370600
v 0.08420600 -0.01438700 0.02370600
v 0.08420600 -0.01438700 0.02370600
v 0.08420600 -0.01438700 0.02370600
v 0.08449900 -0.01111400 0.02467400
v 0.08449900 -0.01111400 0.02467400
v 0.08449900 -0.01111400 0.02467400
v 0.08449900 -0.01113600 0.02468000
v 0.08449900 -0.01113600 0.02468000
v 0.08449900 -0.01113600 0.02468000
v 0.08449900 -0.01113600 0.02468000
v 0.08449900 -0.01113600 0.02468000
v 0.08449900 -0.01113600 0.02468000
v 0.08449900 -0.01113600 0.02468000
v 0.08445500 -0.01161100 0.02477700
v 0.08445500 -0.01161100 0.02477700
v 0.08445500 -0.01161100 0.02477700
v 0.08445500 -0.01161100 0.02477700
v 0.08445500 -0.01161100 0.02477700
v 0.08442400 -0.01154700 0.02490600
v 0.08442400 -0.01154700 0.02490600
v 0.08442400 -0.01154700 0.02490600
v 0.08442400 -0.01154700 0.02490600
v 0.08442400 -0.00953500 0.02578200
v 0.08442400 -0.00953500 0.02578200
v 0.08442400 -0.00953500 0.02578200
v 0.08442400 -0.00953500 0.02578200
v 0.08442400 -0.00953500 0.02578200
v 0.08442400 -0.00953500 0.02578200
v 0.08420600 -0.01168900 0.02520000
v 0.08420600 -0.01168900 0.02520000
v 0.08420600 -0.01168900 0.02520000
v 0.08420600 -0.01168900 0.02520000
v 0.08420600 -0.01168900 0.02520000
v 0.08420600 -0.01168900 0.02520000
v 0.08420600 -0.00965300 0.02608700
v 0.08420600 -0.00965300 0.02608700
v 0.08420600 -0.00965300 0.02608700
v 0.08420600 -0.00965300 0.02608700
v 0.08420600 -0.00965300 0.02608700
v 0.08442300 -0.00686700 0.02666700
v 0.08442300 -0.00686700 0.02666700
v 0.08442300 -0.00686700 0.02666700
v 0.08442300 -0.00686700 0.02666700
v 0.08442300 -0.00686700 0.02666700
v 0.08420600 -0.00695400 0.02698200
v 0.08420600 -0.00695400 0.02698200
v 0.08420600 -0.00695400 0.02698200
v 0.08420600 -0.00695400 0.02698200
v 0.08442300 -0.00412300 0.02727700
v 0.08442300 -0.00412300 0.02727700
v 0.08442300 -0.00412300 0.02727700
v 0.08442300 -0.00412300 0.02727700
v 0.08442300 -0.00412300 0.02727700
v 0.08420600 -0.00417800 0.02759900
v 0.08420600 -0.00417800 0.02759900
v 0.08420600 -0.00417800 0.02759900
v 0.08420600 -0.00417800 0.02759900
v 0.08420600 -0.00417800 0.02759900
v 0.08442300 -0.00133200 0.02760600
v 0.08442300 -0.00133200 0.02760600
v 0.08442300 -0.00133200 0.02760600
v 0.08442300 -0.00133200 0.02760600
v 0.08442300 -0.00133200 0.02760600
v 0.08420600 -0.00135300 0.02793200
v 0.08420600 -0.00135300 0.02793200
v 0.08420600 -0.00135300 0.02793200
v 0.08420600 -0.00135300 0.02793200
v 0.08420600 -0.00135300 0.02793200
v 0.08442300 0.00147900 0.02764900
v 0.08442300 0.00147900 0.02764900
v 0.08442300 0.00147900 0.02764900
v 0.08442300 0.00147900 0.02764900
v 0.08442300 0.00147900 0.02764900
v 0.08420600 0.00149000 0.02797600
v 0.08420600 0.00149000 0.02797600
v 0.08420600 0.00149000 0.02797600
v 0.08420600 0.00149000 0.02797600
v 0.08442300 0.00427900 0.02740700
v 0.08442300 0.00427900 0.02740700
v 0.08442300 0.00427900 0.02740700
v 0.08442300 0.00427900 0.02740700
v 0.08442300 0.00427900 0.02740700
v 0.08420600 0.00432400 0.02773100
v 0.08420600 0.00432400 0.02773100
v 0.08420600 0.00432400 0.02773100
v 0.08420600 0.00432400 0.02773100
v 0.08420600 0.00432400 0.02773100
v 0.08442300 0.00704000 0.02688200
v 0.08442300 0.00704000 0.02688200
v 0.08442300 0.00704000 0.02688200
v 0.08442300 0.00704000 0.02688200
v 0.08442300 0.00704000 0.02688200
v 0.08420600 0.00711800 0.02720000
v 0.08420600 0.00711800 0.02720000
v 0.08420600 0.00711800 0.02720000
v 0.08420600 0.00711800 0.02720000
v 0.08449900 0.00695000 0.02651300
v 0.08449900 0.00695000 0.02651300
v 0.08449900 0.00695000 0.02651300
v 0.08449900 0.00695000 0.02651300
v 0.08449900 0.00816800 0.02618600
v 0.08449900 0.00816800 0.02618600
v 0.08449900 0.00816800 0.02618600
v 0.08442300 0.00827500 0.02655200
v 0.08442300 0.00827500 0.02655200
v 0.08442300 0.00827500 0.02655200
v 0.08442300 0.00827500 0.02655200
v 0.08442300 0.00827500 0.02655200
v 0.08449900 -0.00939700 0.02542800
v 0.08449900 -0.00939700 0.02542800
v 0.08449900 -0.00939700 0.02542800
v 0.08449900 -0.00644400 0.02638700
v 0.08449900 -0.00644400 0.02638700
v 0.08449900 -0.00644400 0.02638700
v 0.08449900 -0.00644400 0.02638700
v 0.08449900 -0.00406000 0.02690200
v 0.08449900 -0.00406000 0.02690200
v 0.08449900 -0.00406000 0.02690200
v 0.08449900 -0.00406000 0.02690200
v 0.08449900 -0.00158700 0.02720600
v 0.08449900 -0.00158700 0.02720600
v 0.08449900 -0.00158700 0.02720600
v 0.08449900 -0.00158700 0.02720600
v 0.08449900 0.00146500 0.02726900
v 0.08449900 0.00146500 0.02726900
v 0.08449900 0.00146500 0.02726900
v 0.08449900 0.00146500 0.02726900
v 0.08449900 0.00333800 0.02713800
v 0.08449900 0.00333800 0.02713800
v 0.08449900 0.00333800 0.02713800
v 0.08449900 0.00333800 0.02713800
v 0.08420600 0.00836700 0.02686500
v 0.08420600 0.00836700 0.02686500
v 0.08420600 0.00836700 0.02686500
v 0.08420600 0.00836700 0.02686500
v 0.08420600 0.00836700 0.02686500
v 0.08416900 0.01529900 0.02380400
v 0.08416900 0.01529900 0.02380400
v 0.08416900 0.01529900 0.02380400
v 0.08416900 0.01529900 0.02380400
v 0.08416900 0.01529900 0.02380400
v 0.08420600 0.01538700 0.02370600
v 0.08420600 0.01538700 0.02370600
v 0.08420600 0.01538700 0.02370600
v 0.08420600 0.01538700 0.02370600
v 0.08420600 0.01538700 0.02370600
v 0.08420600 0.01622600 0.02315800
v 0.08420600 0.01622600 0.02315800
v 0.08420600 0.01622600 0.02315800
v 0.08420600 0.01622600 0.02315800
v 0.08420600 0.01622600 0.02315800
v 0.08420600 0.01622600 0.02315800
v 0.08420600 0.01622600 0.02315800
v 0.08420600 0.01358700 0.02474600
v 0.08420600 0.01358700 0.02474600
v 0.08420600 0.01358700 0.02474600
v 0.08420600 0.01358700 0.02474600
v 0.08420600 0.01358700 0.02474600
v 0.08420600 0.01358700 0.02474600
v 0.08229200 0.01505300 0.02612800
v 0.08229200 0.01505300 0.02612800
v 0.08229200 0.01505300 0.02612800
v 0.08229200 0.01505300 0.02612800
v 0.08229200 0.01505300 0.02612800
v 0.08229200 0.01505300 0.02612800
v 0.08229200 0.01505300 0.02612800
v 0.08229200 0.01232700 0.02746900
v 0.08229200 0.01232700 0.02746900
v 0.08229200 0.01232700 0.02746900
v 0.08229200 0.01232700 0.02746900
v 0.08229200 0.01232700 0.02746900
v 0.08229200 0.01232700 0.02746900
v 0.08229200 0.01232700 0.02746900
v 0.08412800 0.01388600 0.02467400
v 0.08412800 0.01388600 0.02467400
v 0.08412800 0.01388600 0.02467400
v 0.08412800 0.01388600 0.02467400
v 0.08412800 0.01388600 0.02467400
v 0.08405000 0.01465200 0.02433300
v 0.08405000 0.01465200 0.02433300
v 0.08405000 0.01465200 0.02433300
v 0.08405000 0.01465200 0.02433300
v 0.08405000 0.01465200 0.02433300
v 0.08405000 0.01465200 0.02433300
v 0.08229200 0.01762900 0.02451600
v 0.08229200 0.01762900 0.02451600
v 0.08229200 0.01762900 0.02451600
v 0.08229200 0.01762900 0.02451600
v 0.08229200 0.01762900 0.02451600
v 0.08229200 0.01762900 0.02451600
v 0.08229200 0.00890500 0.02870200
v 0.08229200 0.00890500 0.02870200
v 0.08229200 0.00890500 0.02870200
v 0.08229200 0.00890500 0.02870200
v 0.08420600 0.01204500 0.02550200
v 0.08420600 0.01204500 0.02550200
v 0.08420600 0.01204500 0.02550200
v 0.08420600 0.01204500 0.02550200
v 0.08420600 0.01204500 0.02550200
v 0.08229100 0.02002800 0.02265200
v 0.08229100 0.02002800 0.02265200
v 0.08229100 0.02002800 0.02265200
v 0.08229100 0.02002800 0.02265200
v 0.08229100 0.02002800 0.02265200
v 0.08229100 0.02002800 0.02265200
v 0.08420600 0.02257000 0.01722000
v 0.08420600 0.02257000 0.01722000
v 0.08420600 0.02257000 0.01722000
v 0.08420600 0.02257000 0.01722000
v 0.08420600 0.02257000 0.01722000
v 0.08420600 0.02257000 0.01722000
v 0.08229100 0.02407900 0.01839800
v 0.08229100 0.02407900 0.01839800
v 0.08229100 0.02407900 0.01839800
v 0.08229100 0.02407900 0.01839800
v 0.08229100 0.02407900 0.01839800
v 0.08420600 0.02147200 0.01854200
v 0.08420600 0.02147200 0.01854200
v 0.08420600 0.02147200 0.01854200
v 0.08420600 0.02147200 0.01854200
v 0.08420600 0.02147200 0.01854200
v 0.08229100 0.02215900 0.02062400
v 0.08229100 0.02215900 0.02062400
v 0.08229100 0.02215900 0.02062400
v 0.08229100 0.02215900 0.02062400
v 0.08229100 0.02215900 0.02062400
v 0.08420600 0.01994600 0.02013600
v 0.08420600 0.01994600 0.02013600
v 0.08420600 0.01994600 0.02013600
v 0.08420600 0.01994600 0.02013600
v 0.08420600 0.01994600 0.02013600
v 0.08420600 0.01815100 0.02172700
v 0.08420600 0.01815100 0.02172700
v 0.08420600 0.01815100 0.02172700
v 0.08420600 0.01815100 0.02172700
v 0.08420600 0.01815100 0.02172700
v 0.08158500 -0.00931600 -0.02856000
v 0.08158500 -0.00931600 -0.02856000
v 0.08158500 -0.00931600 -0.02856000
v 0.08158500 -0.00931600 -0.02856000
v 0.08196700 -0.00929100 -0.02848800
v 0.08196700 -0.00929100 -0.02848800
v 0.08196700 -0.00929100 -0.02848800
v 0.08196700 -0.00929100 -0.02848800
v 0.08196700 -0.01213100 -0.02734800
v 0.08196700 -0.01213100 -0.02734800
v 0.08196700 -0.01213100 -0.02734800
v 0.08196700 -0.01213100 -0.02734800
v 0.08196700 -0.01213100 -0.02734800
v 0.08196700 -0.01213100 -0.02734800
v 0.08196700 -0.00796500 -0.02891000
v 0.08196700 -0.00796500 -0.02891000
v 0.08196700 -0.00796500 -0.02891000
v 0.08196700 -0.00796500 -0.02891000
v 0.08196700 -0.00796500 -0.02891000
v 0.08196700 -0.00796500 -0.02891000
v 0.08196700 -0.00796500 -0.02891000
v 0.08229200 -0.00790400 -0.02870200
v 0.08229200 -0.00790400 -0.02870200
v 0.08229200 -0.00790400 -0.02870200
v 0.08229200 -0.00790400 -0.02870200
v 0.08229200 -0.00790400 -0.02870200
v 0.08229200 -0.00922100 -0.02828300
v 0.08229200 -0.00922100 -0.02828300
v 0.08229200 -0.00922100 -0.02828300
v 0.08229200 -0.00922100 -0.02828300
v 0.08229200 -0.00922100 -0.02828300
v 0.08229200 -0.00922100 -0.02828300
v 0.08158500 -0.00856600 -0.02880700
v 0.08158500 -0.00856600 -0.02880700
v 0.08158500 -0.00798600 -0.02898300
v 0.08158500 -0.00798600 -0.02898300
v 0.08196700 -0.01739200 -0.02423400
v 0.08196700 -0.01739200 -0.02423400
v 0.08196700 -0.01739200 -0.02423400
v 0.08196700 -0.01739200 -0.02423400
v 0.08196700 -0.01739200 -0.02423400
v 0.08158500 -0.01487900 -0.02599000
v 0.08158500 -0.01487900 -0.02599000
v 0.08196700 -0.01484100 -0.02592500
v 0.08196700 -0.01484100 -0.02592500
v 0.08196700 -0.01484100 -0.02592500
v 0.08196700 -0.01484100 -0.02592500
v 0.08196700 -0.01484100 -0.02592500
v 0.08158500 -0.01419500 -0.02638300
v 0.08158500 -0.01419500 -0.02638300
v 0.08158500 -0.01419500 -0.02638300
v 0.08158500 -0.01216300 -0.02741700
v 0.08158500 -0.01216300 -0.02741700
v 0.08196700 -0.02191600 -0.02012300
v 0.08196700 -0.02191600 -0.02012300
v 0.08196700 -0.02191600 -0.02012300
v 0.08196700 -0.02191600 -0.02012300
v 0.08196700 -0.02191600 -0.02012300
v 0.08196700 -0.02191600 -0.02012300
v 0.08158500 -0.01981000 -0.02235000
v 0.08158500 -0.01981000 -0.02235000
v 0.08158500 -0.01981000 -0.02235000
v 0.08196700 -0.01975900 -0.02229400
v 0.08196700 -0.01975900 -0.02229400
v 0.08196700 -0.01975900 -0.02229400
v 0.08196700 -0.01975900 -0.02229400
v 0.08196700 -0.01975900 -0.02229400
v 0.08158500 -0.01921900 -0.02287300
v 0.08158500 -0.01921900 -0.02287300
v 0.08158500 -0.01921900 -0.02287300
v 0.08158500 -0.01743700 -0.02429600
v 0.08158500 -0.01743700 -0.02429600
v 0.08196700 -0.02551700 -0.01518300
v 0.08196700 -0.02551700 -0.01518300
v 0.08196700 -0.02551700 -0.01518300
v 0.08196700 -0.02551700 -0.01518300
v 0.08196700 -0.02551700 -0.01518300
v 0.08196700 -0.02551700 -0.01518300
v 0.08158500 -0.02390400 -0.01779000
v 0.08158500 -0.02390400 -0.01779000
v 0.08158500 -0.02390400 -0.01779000
v 0.08196700 -0.02384200 -0.01774500
v 0.08196700 -0.02384200 -0.01774500
v 0.08196700 -0.02384200 -0.01774500
v 0.08196700 -0.02384200 -0.01774500
v 0.08196700 -0.02384200 -0.01774500
v 0.08158500 -0.02343100 -0.01842100
v 0.08158500 -0.02343100 -0.01842100
v 0.08158500 -0.02343100 -0.01842100
v 0.08158500 -0.02197300 -0.02017400
v 0.08158500 -0.02197300 -0.02017400
v 0.08196700 -0.02804700 -0.00961800
v 0.08196700 -0.02804700 -0.00961800
v 0.08196700 -0.02804700 -0.00961800
v 0.08196700 -0.02804700 -0.00961800
v 0.08196700 -0.02804700 -0.00961800
v 0.08196700 -0.02804700 -0.00961800
v 0.08158500 -0.02699300 -0.01249700
v 0.08158500 -0.02699300 -0.01249700
v 0.08158500 -0.02699300 -0.01249700
v 0.08196700 -0.02692300 -0.01246500
v 0.08196700 -0.02692300 -0.01246500
v 0.08196700 -0.02692300 -0.01246500
v 0.08196700 -0.02692300 -0.01246500
v 0.08196700 -0.02692300 -0.01246500
v 0.08158500 -0.02665700 -0.01321100
v 0.08158500 -0.02665700 -0.01321100
v 0.08158500 -0.02665700 -0.01321100
v 0.08158500 -0.02558300 -0.01522200
v 0.08158500 -0.02558300 -0.01522200
v 0.08196700 -0.02940100 -0.00365700
v 0.08196700 -0.02940100 -0.00365700
v 0.08196700 -0.02940100 -0.00365700
v 0.08196700 -0.02940100 -0.00365700
v 0.08196700 -0.02940100 -0.00365700
v 0.08196700 -0.02940100 -0.00365700
v 0.08158500 -0.02895000 -0.00668900
v 0.08158500 -0.02895000 -0.00668900
v 0.08158500 -0.02895000 -0.00668900
v 0.08196700 -0.02887500 -0.00667200
v 0.08196700 -0.02887500 -0.00667200
v 0.08196700 -0.02887500 -0.00667200
v 0.08196700 -0.02887500 -0.00667200
v 0.08196700 -0.02887500 -0.00667200
v 0.08158500 -0.02876500 -0.00745600
v 0.08158500 -0.02876500 -0.00745600
v 0.08158500 -0.02876500 -0.00745600
v 0.08158500 -0.02811900 -0.00964300
v 0.08158500 -0.02811900 -0.00964300
v 0.08196700 -0.02961700 -0.00060400
v 0.08196700 -0.02961700 -0.00060400
v 0.08196700 -0.02961700 -0.00060400
v 0.08196700 -0.02961700 -0.00060400
v 0.08196700 -0.02961700 -0.00060400
v 0.08196700 -0.02961700 -0.00060400
v 0.08196700 -0.02961700 -0.00060400
v 0.08158500 -0.02966700 -0.00139500
v 0.08158500 -0.02966700 -0.00139500
v 0.08158500 -0.02966700 -0.00139500
v 0.08158500 -0.02947600 -0.00366600
v 0.08158500 -0.02947600 -0.00366600
v 0.08158500 -0.02959900 0.00246100
v 0.08158500 -0.02959900 0.00246100
v 0.08158500 -0.02959900 0.00246100
v 0.08158500 -0.02970000 0.00000000
v 0.08158500 -0.02970000 0.00000000
v 0.08158500 -0.02969400 -0.00060600
v 0.08158500 -0.02969400 -0.00060600
v 0.08196700 -0.02952300 0.00245500
v 0.08196700 -0.02952300 0.00245500
v 0.08196700 -0.02952300 0.00245500
v 0.08196700 -0.02952300 0.00245500
v 0.08196700 -0.02911900 0.00548800
v 0.08196700 -0.02911900 0.00548800
v 0.08196700 -0.02911900 0.00548800
v 0.08196700 -0.02911900 0.00548800
v 0.08196700 -0.02911900 0.00548800
v 0.08158500 -0.02919400 0.00550200
v 0.08158500 -0.02919400 0.00550200
v 0.08158500 -0.02876500 0.00745700
v 0.08158500 -0.02876500 0.00745700
v 0.08158500 -0.02876500 0.00745700
v 0.08196700 -0.02841000 0.00846500
v 0.08196700 -0.02841000 0.00846500
v 0.08196700 -0.02841000 0.00846500
v 0.08196700 -0.02841000 0.00846500
v 0.08196700 -0.02841000 0.00846500
v 0.08158500 -0.02848300 0.00848700
v 0.08158500 -0.02848300 0.00848700
v 0.08158500 -0.02848300 0.00848700
v 0.08196700 -0.02740200 0.01135500
v 0.08196700 -0.02740200 0.01135500
v 0.08196700 -0.02740200 0.01135500
v 0.08196700 -0.02740200 0.01135500
v 0.08196700 -0.02740200 0.01135500
v 0.08196700 -0.02740200 0.01135500
v 0.08158500 -0.02747200 0.01138400
v 0.08158500 -0.02747200 0.01138400
v 0.08158500 -0.02665700 0.01321100
v 0.08158500 -0.02665700 0.01321100
v 0.08158500 -0.02665700 0.01321100
v 0.08196700 -0.02610500 0.01412800
v 0.08196700 -0.02610500 0.01412800
v 0.08196700 -0.02610500 0.01412800
v 0.08196700 -0.02610500 0.01412800
v 0.08196700 -0.02610500 0.01412800
v 0.08158500 -0.02617300 0.01416300
v 0.08158500 -0.02617300 0.01416300
v 0.08158500 -0.02617300 0.01416300
v 0.08196700 -0.02453500 0.01675400
v 0.08196700 -0.02453500 0.01675400
v 0.08196700 -0.02453500 0.01675400
v 0.08196700 -0.02453500 0.01675400
v 0.08196700 -0.02453500 0.01675400
v 0.08196700 -0.02453500 0.01675400
v 0.08196700 -0.02453500 0.01675400
v 0.08158500 -0.02459800 0.01679600
v 0.08158500 -0.02459800 0.01679600
v 0.08158500 -0.02343100 0.01842200
v 0.08158500 -0.02343100 0.01842200
v 0.08158500 -0.02343100 0.01842200
v 0.08196700 -0.02270600 0.01920800
v 0.08196700 -0.02270600 0.01920800
v 0.08196700 -0.02270600 0.01920800
v 0.08196700 -0.02270600 0.01920800
v 0.08196700 -0.02270600 0.01920800
v 0.08158500 -0.02276400 0.01925600
v 0.08158500 -0.02276400 0.01925600
v 0.08158500 -0.02276400 0.01925600
v 0.08196700 -0.02063700 0.02146300
v 0.08196700 -0.02063700 0.02146300
v 0.08196700 -0.02063700 0.02146300
v 0.08196700 -0.02063700 0.02146300
v 0.08196700 -0.02063700 0.02146300
v 0.08196700 -0.02063700 0.02146300
v 0.08158500 -0.02069000 0.02151800
v 0.08158500 -0.02069000 0.02151800
v 0.08158500 -0.01921900 0.02287400
v 0.08158500 -0.01921900 0.02287400
v 0.08158500 -0.01921900 0.02287400
v 0.08196700 -0.01835000 0.02349700
v 0.08196700 -0.01835000 0.02349700
v 0.08196700 -0.01835000 0.02349700
v 0.08196700 -0.01835000 0.02349700
v 0.08196700 -0.01835000 0.02349700
v 0.08158500 -0.01839800 0.02355700
v 0.08158500 -0.01839800 0.02355700
v 0.08158500 -0.01839800 0.02355700
v 0.08196700 -0.01586900 0.02528900
v 0.08196700 -0.01586900 0.02528900
v 0.08196700 -0.01586900 0.02528900
v 0.08196700 -0.01586900 0.02528900
v 0.08196700 -0.01586900 0.02528900
v 0.08196700 -0.01586900 0.02528900
v 0.08158500 -0.01591000 0.02535300
v 0.08158500 -0.01591000 0.02535300
v 0.08158500 -0.01419500 0.02638400
v 0.08158500 -0.01419500 0.02638400
v 0.08158500 -0.01419500 0.02638400
v 0.08196700 -0.01321800 0.02681900
v 0.08196700 -0.01321800 0.02681900
v 0.08196700 -0.01321800 0.02681900
v 0.08196700 -0.01321800 0.02681900
v 0.08196700 -0.01321800 0.02681900
v 0.08158500 -0.01325300 0.02688700
v 0.08158500 -0.01325300 0.02688700
v 0.08158500 -0.01325300 0.02688700
v 0.08196700 -0.01042600 0.02807300
v 0.08196700 -0.01042600 0.02807300
v 0.08196700 -0.01042600 0.02807300
v 0.08196700 -0.01042600 0.02807300
v 0.08196700 -0.01042600 0.02807300
v 0.08196700 -0.01042600 0.02807300
v 0.08196700 -0.01042600 0.02807300
v 0.08158500 -0.01045400 0.02814300
v 0.08158500 -0.01045400 0.02814300
v 0.08158500 -0.00856600 0.02880700
v 0.08158500 -0.00856600 0.02880700
v 0.08158500 -0.00856600 0.02880700
v 0.08196700 -0.00752200 0.02903600
v 0.08196700 -0.00752200 0.02903600
v 0.08196700 -0.00752200 0.02903600
v 0.08196700 -0.00752200 0.02903600
v 0.08196700 -0.00752200 0.02903600
v 0.08158400 -0.00754200 0.02911000
v 0.08158400 -0.00754200 0.02911000
v 0.08196700 -0.00453400 0.02970000
v 0.08196700 -0.00453400 0.02970000
v 0.08196700 -0.00453400 0.02970000
v 0.08196700 -0.00453400 0.02970000
v 0.08196700 -0.00453400 0.02970000
v 0.08158400 -0.00454700 0.02977500
v 0.08158400 -0.00454700 0.02977500
v 0.08158400 -0.00256400 0.03004400
v 0.08158400 -0.00256400 0.03004400
v 0.08158400 -0.00256400 0.03004400
v 0.08196700 -0.00149400 0.03005800
v 0.08196700 -0.00149400 0.03005800
v 0.08196700 -0.00149400 0.03005800
v 0.08196700 -0.00149400 0.03005800
v 0.08196700 -0.00149400 0.03005800
v 0.08158400 -0.00150000 0.03013400
v 0.08158400 -0.00150000 0.03013400
v 0.08158400 -0.00150000 0.03013400
v 0.08196700 0.00156600 0.03010500
v 0.08196700 0.00156600 0.03010500
v 0.08196700 0.00156600 0.03010500
v 0.08196700 0.00156600 0.03010500
v 0.08196700 0.00156600 0.03010500
v 0.08196700 0.00156600 0.03010500
v 0.08158400 0.00156800 0.03018100
v 0.08158400 0.00156800 0.03018100
v 0.08229200 -0.01204000 -0.02715100
v 0.08229200 -0.01204000 -0.02715100
v 0.08229200 -0.01204000 -0.02715100
v 0.08229200 -0.01204000 -0.02715100
v 0.08229200 -0.01204000 -0.02715100
v 0.08229200 -0.01204000 -0.02715100
v 0.08229200 -0.01204000 -0.02715100
v 0.08229200 -0.01473000 -0.02573800
v 0.08229200 -0.01473000 -0.02573800
v 0.08229200 -0.01473000 -0.02573800
v 0.08229200 -0.01473000 -0.02573800
v 0.08229200 -0.01473000 -0.02573800
v 0.08229200 -0.01473000 -0.02573800
v 0.08229200 -0.01726300 -0.02406000
v 0.08229200 -0.01726300 -0.02406000
v 0.08229200 -0.01726300 -0.02406000
v 0.08229200 -0.01726300 -0.02406000
v 0.08229200 -0.01726300 -0.02406000
v 0.08229200 -0.01726300 -0.02406000
v 0.08229200 -0.01726300 -0.02406000
v 0.08229200 -0.01961300 -0.02213300
v 0.08229200 -0.01961300 -0.02213300
v 0.08229200 -0.01961300 -0.02213300
v 0.08229200 -0.01961300 -0.02213300
v 0.08229200 -0.02175500 -0.01997800
v 0.08229200 -0.02175500 -0.01997800
v 0.08229200 -0.02175500 -0.01997800
v 0.08229200 -0.02175500 -0.01997800
v 0.08229200 -0.02366700 -0.01761700
v 0.08229200 -0.02366700 -0.01761700
v 0.08229200 -0.02366700 -0.01761700
v 0.08229200 -0.02366700 -0.01761700
v 0.08229200 -0.02533000 -0.01507400
v 0.08229200 -0.02533000 -0.01507400
v 0.08229200 -0.02533000 -0.01507400
v 0.08229200 -0.02533000 -0.01507400
v 0.08229200 -0.02672600 -0.01237600
v 0.08229200 -0.02672600 -0.01237600
v 0.08229200 -0.02672600 -0.01237600
v 0.08229200 -0.02672600 -0.01237600
v 0.08229200 -0.02784100 -0.00954900
v 0.08229200 -0.02784100 -0.00954900
v 0.08229200 -0.02784100 -0.00954900
v 0.08229200 -0.02784100 -0.00954900
v 0.08229200 -0.02866400 -0.00662400
v 0.08229200 -0.02866400 -0.00662400
v 0.08229200 -0.02866400 -0.00662400
v 0.08229200 -0.02866400 -0.00662400
v 0.08229200 -0.02918600 -0.00363100
v 0.08229200 -0.02918600 -0.00363100
v 0.08229200 -0.02918600 -0.00363100
v 0.08229200 -0.02918600 -0.00363100
v 0.08229200 -0.02918600 -0.00363100
v 0.08229200 -0.02940100 -0.00060000
v 0.08229200 -0.02940100 -0.00060000
v 0.08229200 -0.02940100 -0.00060000
v 0.08229200 -0.02940100 -0.00060000
v 0.08229200 -0.02940100 -0.00060000
v 0.08229200 -0.02940100 -0.00060000
v 0.08229200 -0.02940100 -0.00060000
v 0.08229200 -0.02930700 0.00243700
v 0.08229200 -0.02930700 0.00243700
v 0.08229200 -0.02930700 0.00243700
v 0.08229200 -0.02930700 0.00243700
v 0.08229200 -0.02930700 0.00243700
v 0.08229200 -0.02930700 0.00243700
v 0.08229200 -0.02930700 0.00243700
v 0.08229200 -0.02890600 0.00544900
v 0.08229200 -0.02890600 0.00544900
v 0.08229200 -0.02890600 0.00544900
v 0.08229200 -0.02890600 0.00544900
v 0.08229200 -0.02890600 0.00544900
v 0.08229200 -0.02820200 0.00840400
v 0.08229200 -0.02820200 0.00840400
v 0.08229200 -0.02820200 0.00840400
v 0.08229200 -0.02820200 0.00840400
v 0.08229200 -0.02720100 0.01127300
v 0.08229200 -0.02720100 0.01127300
v 0.08229200 -0.02720100 0.01127300
v 0.08229200 -0.02720100 0.01127300
v 0.08229200 -0.02591400 0.01402600
v 0.08229200 -0.02591400 0.01402600
v 0.08229200 -0.02591400 0.01402600
v 0.08229200 -0.02591400 0.01402600
v 0.08229200 -0.02591400 0.01402600
v 0.08229200 -0.02435500 0.01663400
v 0.08229200 -0.02435500 0.01663400
v 0.08229200 -0.02435500 0.01663400
v 0.08229200 -0.02435500 0.01663400
v 0.08229200 -0.02435500 0.01663400
v 0.08229200 -0.02253900 0.01907000
v 0.08229200 -0.02253900 0.01907000
v 0.08229200 -0.02253900 0.01907000
v 0.08229200 -0.02253900 0.01907000
v 0.08229200 -0.02253900 0.01907000
v 0.08229200 -0.02048500 0.02130900
v 0.08229200 -0.02048500 0.02130900
v 0.08229200 -0.02048500 0.02130900
v 0.08229200 -0.02048500 0.02130900
v 0.08229200 -0.02048500 0.02130900
v 0.08229200 -0.01821400 0.02332800
v 0.08229200 -0.01821400 0.02332800
v 0.08229200 -0.01821400 0.02332800
v 0.08229200 -0.01821400 0.02332800
v 0.08229200 -0.01575100 0.02510700
v 0.08229200 -0.01575100 0.02510700
v 0.08229200 -0.01575100 0.02510700
v 0.08229200 -0.01575100 0.02510700
v 0.08229200 -0.01575100 0.02510700
v 0.08229200 -0.01575100 0.02510700
v 0.08229200 -0.01575100 0.02510700
v 0.08229200 -0.01312000 0.02662600
v 0.08229200 -0.01312000 0.02662600
v 0.08229200 -0.01312000 0.02662600
v 0.08229200 -0.01312000 0.02662600
v 0.08229200 -0.01312000 0.02662600
v 0.08229200 -0.01312000 0.02662600
v 0.08229200 -0.01312000 0.02662600
v 0.08229200 -0.01034800 0.02787100
v 0.08229200 -0.01034800 0.02787100
v 0.08229200 -0.01034800 0.02787100
v 0.08229200 -0.01034800 0.02787100
v 0.08229200 -0.01034800 0.02787100
v 0.08229200 -0.00746400 0.02882700
v 0.08229200 -0.00746400 0.02882700
v 0.08229200 -0.00746400 0.02882700
v 0.08229200 -0.00746400 0.02882700
v 0.08229200 -0.00746400 0.02882700
v 0.08229200 -0.00746400 0.02882700
v 0.08229200 -0.00449800 0.02948700
v 0.08229200 -0.00449800 0.02948700
v 0.08229200 -0.00449800 0.02948700
v 0.08229200 -0.00449800 0.02948700
v 0.08229200 -0.00148000 0.02984200
v 0.08229200 -0.00148000 0.02984200
v 0.08229200 -0.00148000 0.02984200
v 0.08229200 -0.00148000 0.02984200
v 0.08229200 -0.00148000 0.02984200
v 0.08229200 0.00155800 0.02988900
v 0.08229200 0.00155800 0.02988900
v 0.08229200 0.00155800 0.02988900
v 0.08229200 0.00155800 0.02988900
v 0.08229200 0.00155800 0.02988900
v 0.08229200 0.00458500 0.02962700
v 0.08229200 0.00458500 0.02962700
v 0.08229200 0.00458500 0.02962700
v 0.08229200 0.00458500 0.02962700
v 0.08196700 0.00461500 0.02984200
v 0.08196700 0.00461500 0.02984200
v 0.08196700 0.00461500 0.02984200
v 0.08196700 0.00461500 0.02984200
v 0.08196700 0.00461500 0.02984200
v 0.08229200 0.00757000 0.02906000
v 0.08229200 0.00757000 0.02906000
v 0.08229200 0.00757000 0.02906000
v 0.08229200 0.00757000 0.02906000
v 0.08196700 0.00762100 0.02927000
v 0.08196700 0.00762100 0.02927000
v 0.08196700 0.00762100 0.02927000
v 0.08196700 0.00762100 0.02927000
v 0.08196700 0.00762100 0.02927000
v 0.08196700 0.00896600 0.02891000
v 0.08196700 0.00896600 0.02891000
v 0.08196700 0.00896600 0.02891000
v 0.08196700 0.00896600 0.02891000
v 0.08196700 0.00896600 0.02891000
v 0.08196700 0.00896600 0.02891000
v 0.08196700 0.00896600 0.02891000
v 0.08158400 0.00356500 0.03004400
v 0.08158400 0.00356500 0.03004400
v 0.08158400 0.00356500 0.03004400
v 0.08158400 0.00462500 0.02991700
v 0.08158400 0.00462500 0.02991700
v 0.08158400 0.00462500 0.02991700
v 0.08158400 0.00763900 0.02934400
v 0.08158400 0.00763900 0.02934400
v 0.08158400 0.00898700 0.02898300
v 0.08158400 0.00898700 0.02898300
v 0.08449900 -0.01063900 -0.02449100
v 0.08449900 -0.01063900 -0.02449100
v 0.08449900 -0.01063900 -0.02449100
v 0.08449900 -0.00706000 -0.02582100
v 0.08449900 -0.00706000 -0.02582100
v 0.08449900 -0.00706000 -0.02582100
v 0.08449900 0.00712900 -0.02607600
v 0.08449900 0.00712900 -0.02607600
v 0.08449900 0.00712900 -0.02607600
v 0.08449900 0.01211500 -0.02467400
v 0.08449900 0.01211500 -0.02467400
v 0.08449900 0.01211500 -0.02467400
v 0.08449900 0.01163900 -0.02449100
v 0.08449900 0.01163900 -0.02449100
v 0.08449900 0.01163900 -0.02449100
v 0.08449900 0.00240900 -0.02683800
v 0.08449900 0.00240900 -0.02683800
v 0.08449900 0.00240900 -0.02683800
v 0.08449900 -0.00237100 -0.02675200
v 0.08449900 -0.00237100 -0.02675200
v 0.08449900 -0.00237100 -0.02675200
v 0.08158400 0.02431000 -0.01857700
v 0.08158400 0.02431000 -0.01857700
v 0.08158400 0.02431000 -0.01857700
v 0.08196700 0.02425000 -0.01853100
v 0.08196700 0.02425000 -0.01853100
v 0.08196700 0.02425000 -0.01853100
v 0.08196700 0.02425000 -0.01853100
v 0.08196700 0.02231600 -0.02077400
v 0.08196700 0.02231600 -0.02077400
v 0.08196700 0.02231600 -0.02077400
v 0.08196700 0.02231600 -0.02077400
v 0.08196700 0.02231600 -0.02077400
v 0.08229200 0.00353500 -0.02975300
v 0.08229200 0.00353500 -0.02975300
v 0.08229200 0.00353500 -0.02975300
v 0.08229200 0.00353500 -0.02975300
v 0.08229200 0.00353500 -0.02975300
v 0.08229200 0.00353500 -0.02975300
v 0.08229200 0.00353500 -0.02975300
v 0.08196700 0.00658200 -0.02950300
v 0.08196700 0.00658200 -0.02950300
v 0.08196700 0.00658200 -0.02950300
v 0.08196700 0.00658200 -0.02950300
v 0.08196700 0.00658200 -0.02950300
v 0.08229200 0.00653800 -0.02929100
v 0.08229200 0.00653800 -0.02929100
v 0.08229200 0.00653800 -0.02929100
v 0.08229200 0.00653800 -0.02929100
v 0.08229200 0.00653800 -0.02929100
v 0.08196700 0.00954400 -0.02873400
v 0.08196700 0.00954400 -0.02873400
v 0.08196700 0.00954400 -0.02873400
v 0.08196700 0.00954400 -0.02873400
v 0.08196700 0.00954400 -0.02873400
v 0.08229200 0.00947900 -0.02852700
v 0.08229200 0.00947900 -0.02852700
v 0.08229200 0.00947900 -0.02852700
v 0.08229200 0.00947900 -0.02852700
v 0.08229200 0.00947900 -0.02852700
v 0.08196700 0.01241300 -0.02766800
v 0.08196700 0.01241300 -0.02766800
v 0.08196700 0.01241300 -0.02766800
v 0.08196700 0.01241300 -0.02766800
v 0.08229200 0.01232700 -0.02746900
v 0.08229200 0.01232700 -0.02746900
v 0.08229200 0.01232700 -0.02746900
v 0.08229200 0.01232700 -0.02746900
v 0.08229200 0.01232700 -0.02746900
v 0.08229200 0.01232700 -0.02746900
v 0.08196700 0.01515900 -0.02631700
v 0.08196700 0.01515900 -0.02631700
v 0.08196700 0.01515900 -0.02631700
v 0.08196700 0.01515900 -0.02631700
v 0.08196700 0.01515900 -0.02631700
v 0.08229200 0.01505300 -0.02612700
v 0.08229200 0.01505300 -0.02612700
v 0.08229200 0.01505300 -0.02612700
v 0.08229200 0.01505300 -0.02612700
v 0.08229200 0.01505300 -0.02612700
v 0.08229200 0.01505300 -0.02612700
v 0.08229200 0.01505300 -0.02612700
v 0.08196700 0.01775300 -0.02469400
v 0.08196700 0.01775300 -0.02469400
v 0.08196700 0.01775300 -0.02469400
v 0.08196700 0.01775300 -0.02469400
v 0.08196700 0.01775300 -0.02469400
v 0.08229200 0.01762900 -0.02451600
v 0.08229200 0.01762900 -0.02451600
v 0.08229200 0.01762900 -0.02451600
v 0.08229200 0.01762900 -0.02451600
v 0.08229200 0.01762900 -0.02451600
v 0.08229200 0.01762900 -0.02451600
v 0.08196700 0.02017000 -0.02281600
v 0.08196700 0.02017000 -0.02281600
v 0.08196700 0.02017000 -0.02281600
v 0.08196700 0.02017000 -0.02281600
v 0.08229200 0.02002800 -0.02265100
v 0.08229200 0.02002800 -0.02265100
v 0.08229200 0.02002800 -0.02265100
v 0.08229200 0.02002800 -0.02265100
v 0.08229200 0.02002800 -0.02265100
v 0.08229200 0.02215900 -0.02062400
v 0.08229200 0.02215900 -0.02062400
v 0.08229200 0.02215900 -0.02062400
v 0.08229200 0.02215900 -0.02062400
v 0.08229200 0.02215900 -0.02062400
v 0.08229200 0.02407900 -0.01839700
v 0.08229200 0.02407900 -0.01839700
v 0.08229200 0.02407900 -0.01839700
v 0.08229200 0.02407900 -0.01839700
v 0.08229200 0.02407900 -0.01839700
v 0.08229200 0.00146800 -0.02989100
v 0.08229200 0.00146800 -0.02989100
v 0.08229200 0.00146800 -0.02989100
v 0.08229200 0.00146800 -0.02989100
v 0.08229200 0.00146800 -0.02989100
v 0.08196700 0.00050000 -0.03012400
v 0.08196700 0.00050000 -0.03012400
v 0.08196700 0.00050000 -0.03012400
v 0.08196700 0.00050000 -0.03012400
v 0.08196700 0.00050000 -0.03012400
v 0.08196700 0.00050000 -0.03012400
v 0.08196700 0.00050000 -0.03012400
v 0.08196700 0.00355700 -0.02996800
v 0.08196700 0.00355700 -0.02996800
v 0.08196700 0.00355700 -0.02996800
v 0.08196700 0.00355700 -0.02996800
v 0.08196700 0.00355700 -0.02996800
v 0.08229200 0.00050000 -0.02990700
v 0.08229200 0.00050000 -0.02990700
v 0.08229200 0.00050000 -0.02990700
v 0.08229200 0.00050000 -0.02990700
v 0.08229200 0.00050000 -0.02990700
v 0.08229200 -0.00253400 -0.02975300
v 0.08229200 -0.00253400 -0.02975300
v 0.08229200 -0.00253400 -0.02975300
v 0.08229200 -0.00253400 -0.02975300
v 0.08229200 -0.00253400 -0.02975300
v 0.08196700 -0.00255600 -0.02996800
v 0.08196700 -0.00255600 -0.02996800
v 0.08196700 -0.00255600 -0.02996800
v 0.08196700 -0.00255600 -0.02996800
v 0.08229200 -0.00524300 -0.02935000
v 0.08229200 -0.00524300 -0.02935000
v 0.08229200 -0.00524300 -0.02935000
v 0.08229200 -0.00524300 -0.02935000
v 0.08229200 -0.00524300 -0.02935000
v 0.08196700 -0.00528500 -0.02956300
v 0.08196700 -0.00528500 -0.02956300
v 0.08196700 -0.00528500 -0.02956300
v 0.08196700 -0.00528500 -0.02956300
v 0.08158400 0.02237100 -0.02082600
v 0.08158400 0.02237100 -0.02082600
v 0.08158400 0.02022000 -0.02287300
v 0.08158400 0.02022000 -0.02287300
v 0.08158400 0.02022000 -0.02287300
v 0.08158400 0.01779700 -0.02475600
v 0.08158400 0.01779700 -0.02475600
v 0.08158400 0.01779700 -0.02475600
v 0.08158500 0.01519600 -0.02638300
v 0.08158500 0.01519600 -0.02638300
v 0.08158500 0.01244300 -0.02773800
v 0.08158500 0.01244300 -0.02773800
v 0.08158500 0.01244300 -0.02773800
v 0.08158500 0.00956700 -0.02880700
v 0.08158500 0.00956700 -0.02880700
v 0.08158500 0.00659700 -0.02957800
v 0.08158500 0.00659700 -0.02957800
v 0.08158500 0.00659700 -0.02957800
v 0.08158500 0.00356500 -0.03004400
v 0.08158500 0.00356500 -0.03004400
v 0.08158500 0.00356500 -0.03004400
v 0.08158500 0.00050000 -0.03020000
v 0.08158500 0.00050000 -0.03020000
v 0.08158500 -0.00256400 -0.03004400
v 0.08158500 -0.00256400 -0.03004400
v 0.08158500 -0.00529900 -0.02963800
v 0.08158500 -0.00529900 -0.02963800
v 0.08420600 0.02032200 -0.01976600
v 0.08420600 0.02032200 -0.01976600
v 0.08420600 0.02032200 -0.01976600
v 0.08420600 0.02032200 -0.01976600
v 0.08420600 0.02032200 -0.01976600
v 0.08420600 0.02032200 -0.01976600
v 0.08420600 0.02257000 -0.01722000
v 0.08420600 0.02257000 -0.01722000
v 0.08420600 0.02257000 -0.01722000
v 0.08420600 0.02257000 -0.01722000
v 0.08420600 0.02257000 -0.01722000
v 0.08442300 0.02231400 -0.01702000
v 0.08442300 0.02231400 -0.01702000
v 0.08442300 0.02231400 -0.01702000
v 0.08442300 0.02231400 -0.01702000
v 0.08442300 0.02231400 -0.01702000
v 0.08442300 0.02231400 -0.01702000
v 0.08420600 0.01626400 -0.02313200
v 0.08420600 0.01626400 -0.02313200
v 0.08420600 0.01626400 -0.02313200
v 0.08420600 0.01626400 -0.02313200
v 0.08420600 0.01626400 -0.02313200
v 0.08420600 0.01837200 -0.02154500
v 0.08420600 0.01837200 -0.02154500
v 0.08420600 0.01837200 -0.02154500
v 0.08420600 0.01837200 -0.02154500
v 0.08420600 0.01837200 -0.02154500
v 0.08442300 0.01816400 -0.02129400
v 0.08442300 0.01816400 -0.02129400
v 0.08442300 0.01816400 -0.02129400
v 0.08442300 0.01816400 -0.02129400
v 0.08442300 0.01816400 -0.02129400
v 0.08442300 0.02009000 -0.01953600
v 0.08442300 0.02009000 -0.01953600
v 0.08442300 0.02009000 -0.01953600
v 0.08442300 0.02009000 -0.01953600
v 0.08442300 0.02009000 -0.01953600
v 0.08442300 0.02009000 -0.01953600
v 0.08449900 0.02201300 -0.01678500
v 0.08449900 0.02201300 -0.01678500
v 0.08449900 0.02201300 -0.01678500
v 0.08449900 0.02201300 -0.01678500
v 0.08449900 0.01792100 -0.02100100
v 0.08449900 0.01792100 -0.02100100
v 0.08449900 0.01792100 -0.02100100
v 0.08449900 0.01792100 -0.02100100
v 0.08449900 0.01792100 -0.02100100
v 0.08449900 0.01605600 -0.02241700
v 0.08449900 0.01605600 -0.02241700
v 0.08449900 0.01605600 -0.02241700
v 0.08449900 0.01605600 -0.02241700
v 0.08449900 0.01605600 -0.02241700
v 0.08438700 0.01575800 -0.02317300
v 0.08438700 0.01575800 -0.02317300
v 0.08438700 0.01575800 -0.02317300
v 0.08438700 0.01575800 -0.02317300
v 0.08438700 0.01575800 -0.02317300
v 0.08438700 0.01575800 -0.02317300
v 0.08449900 0.01924700 -0.01982600
v 0.08449900 0.01924700 -0.01982600
v 0.08449900 0.01924700 -0.01982600
v 0.08420600 0.01538700 -0.02370600
v 0.08420600 0.01538700 -0.02370600
v 0.08420600 0.01538700 -0.02370600
v 0.08420600 0.01538700 -0.02370600
v 0.08420600 0.01538700 -0.02370600
v 0.08420600 0.01538700 -0.02370600
v 0.08420600 0.01538700 -0.02370600
v 0.08449900 0.01614100 -0.02189200
v 0.08449900 0.01614100 -0.02189200
v 0.08449900 0.01614100 -0.02189200
v 0.08349900 0.01579900 -0.02309700
v 0.08349900 0.01579900 -0.02309700
v 0.08349900 0.01579900 -0.02309700
v 0.08349900 0.01579900 -0.02309700
v 0.08349900 0.01579900 -0.02309700
v 0.08349900 0.01579900 -0.02309700
v 0.08349900 0.01575100 -0.02318600
v 0.08349900 0.01575100 -0.02318600
v 0.08349900 0.01575100 -0.02318600
v 0.08349900 0.01575100 -0.02318600
v 0.08349900 0.01575100 -0.02318600
v 0.08349900 0.01575100 -0.02318600
v 0.08405900 0.01479900 -0.02423600
v 0.08405900 0.01479900 -0.02423600
v 0.08405900 0.01479900 -0.02423600
v 0.08405900 0.01479900 -0.02423600
v 0.08405900 0.01479900 -0.02423600
v 0.08405900 0.01479900 -0.02423600
v 0.08349900 0.01481200 -0.02422700
v 0.08349900 0.01481200 -0.02422700
v 0.08349900 0.01481200 -0.02422700
v 0.08349900 0.01481200 -0.02422700
v 0.08349900 0.01481200 -0.02422700
v 0.08349900 0.01481200 -0.02422700
v 0.08349900 0.01479100 -0.02424200
v 0.08349900 0.01479100 -0.02424200
v 0.08349900 0.01479100 -0.02424200
v 0.08349900 0.01479100 -0.02424200
v 0.08349900 0.01479100 -0.02424200
v 0.08349900 0.01479100 -0.02424200
v 0.08409500 0.01405500 -0.02461900
v 0.08409500 0.01405500 -0.02461900
v 0.08409500 0.01405500 -0.02461900
v 0.08409500 0.01405500 -0.02461900
v 0.08409500 0.01405500 -0.02461900
v 0.08349900 0.01351400 -0.02475800
v 0.08349900 0.01351400 -0.02475800
v 0.08349900 0.01351400 -0.02475800
v 0.08349900 0.01351400 -0.02475800
v 0.08349900 0.01351400 -0.02475800
v 0.08349900 0.01351400 -0.02475800
v 0.08349900 0.01351400 -0.02475800
v 0.08349900 0.01211500 -0.02467400
v 0.08349900 0.01211500 -0.02467400
v 0.08349900 0.01211500 -0.02467400
v 0.08349900 0.01211500 -0.02467400
v 0.08349900 0.01211500 -0.02467400
v 0.08349900 0.01211500 -0.02467400
v 0.08420600 0.02651800 -0.01529300
v 0.08420600 0.02651800 -0.01529300
v 0.08420600 0.02651800 -0.01529300
v 0.08420600 0.02651800 -0.01529300
v 0.08420600 0.02651800 -0.01529300
v 0.08442300 0.02651800 -0.01496800
v 0.08442300 0.02651800 -0.01496800
v 0.08442300 0.02651800 -0.01496800
v 0.08442300 0.02651800 -0.01496800
v 0.08442300 0.02531800 -0.01510500
v 0.08442300 0.02531800 -0.01510500
v 0.08442300 0.02531800 -0.01510500
v 0.08442300 0.02531800 -0.01510500
v 0.08442300 0.02531800 -0.01510500
v 0.08449900 0.02651800 -0.01458600
v 0.08449900 0.02651800 -0.01458600
v 0.08449900 0.02651800 -0.01458600
v 0.08449900 0.02523200 -0.01473200
v 0.08449900 0.02523200 -0.01473200
v 0.08449900 0.02523200 -0.01473200
v 0.08449900 0.02401100 -0.01516500
v 0.08449900 0.02401100 -0.01516500
v 0.08449900 0.02401100 -0.01516500
v 0.08442300 0.02417900 -0.01550900
v 0.08442300 0.02417900 -0.01550900
v 0.08442300 0.02417900 -0.01550900
v 0.08442300 0.02417900 -0.01550900
v 0.08449900 0.02292000 -0.01586100
v 0.08449900 0.02292000 -0.01586100
v 0.08449900 0.02292000 -0.01586100
v 0.08449900 0.02292000 -0.01586100
v 0.08442300 0.02316100 -0.01615800
v 0.08442300 0.02316100 -0.01615800
v 0.08442300 0.02316100 -0.01615800
v 0.08442300 0.02316100 -0.01615800
v 0.08420600 0.02539100 -0.01542100
v 0.08420600 0.02539100 -0.01542100
v 0.08420600 0.02539100 -0.01542100
v 0.08420600 0.02539100 -0.01542100
v 0.08420600 0.02539100 -0.01542100
v 0.08420600 0.02432100 -0.01580000
v 0.08420600 0.02432100 -0.01580000
v 0.08420600 0.02432100 -0.01580000
v 0.08420600 0.02432100 -0.01580000
v 0.08420600 0.02336500 -0.01641000
v 0.08420600 0.02336500 -0.01641000
v 0.08420600 0.02336500 -0.01641000
v 0.08420600 0.02336500 -0.01641000
v 0.08420600 0.02336500 -0.01641000
v 0.08420600 0.02336500 -0.01641000
v 0.08229200 0.02651800 -0.01720700
v 0.08229200 0.02651800 -0.01720700
v 0.08229200 0.02651800 -0.01720700
v 0.08229200 0.02651800 -0.01720700
v 0.08229200 0.02651800 -0.01720700
v 0.08229200 0.02516100 -0.01752000
v 0.08229200 0.02516100 -0.01752000
v 0.08229200 0.02516100 -0.01752000
v 0.08229200 0.02516100 -0.01752000
v 0.08229200 0.02516100 -0.01752000
v 0.08229200 0.02516100 -0.01752000
v 0.08229200 0.02516100 -0.01752000
v 0.08196700 0.02651800 -0.01742400
v 0.08196700 0.02651800 -0.01742400
v 0.08196700 0.02651800 -0.01742400
v 0.08196700 0.02651800 -0.01742400
v 0.08196700 0.02651800 -0.01742400
v 0.08196700 0.02525600 -0.01771500
v 0.08196700 0.02525600 -0.01771500
v 0.08196700 0.02525600 -0.01771500
v 0.08196700 0.02525600 -0.01771500
v 0.08158400 0.02651800 -0.01750000
v 0.08158400 0.02651800 -0.01750000
v 0.08158400 0.02651800 -0.01750000
v 0.08158400 0.02529000 -0.01778400
v 0.08158400 0.02529000 -0.01778400
v 0.08229200 0.02784400 -0.01720700
v 0.08229200 0.02784400 -0.01720700
v 0.08229200 0.02784400 -0.01720700
v 0.08229200 0.02784400 -0.01720700
v 0.08229200 0.02784400 -0.01720700
v 0.08196700 0.02784300 -0.01742400
v 0.08196700 0.02784300 -0.01742400
v 0.08196700 0.02784300 -0.01742400
v 0.08196700 0.02784300 -0.01742400
v 0.08158400 0.02784300 -0.01750000
v 0.08158400 0.02784300 -0.01750000
v 0.08158400 0.02784300 -0.01750000
v 0.08449900 0.02784400 -0.01458600
v 0.08449900 0.02784400 -0.01458600
v 0.08449900 0.02784400 -0.01458600
v 0.08449900 0.02784400 -0.01458600
v 0.08449900 0.02784400 -0.01458600
v 0.08442300 0.02784400 -0.01496800
v 0.08442300 0.02784400 -0.01496800
v 0.08442300 0.02784400 -0.01496800
v 0.08442300 0.02784400 -0.01496800
v 0.08420600 0.02784400 -0.01529300
v 0.08420600 0.02784400 -0.01529300
v 0.08420600 0.02784400 -0.01529300
v 0.08420600 0.02784400 -0.01529300
v 0.08150200 0.02825900 -0.01750000
v 0.08150200 0.02825900 -0.01750000
v 0.08150200 0.02825900 -0.01750000
v 0.08185500 0.02840500 -0.01742400
v 0.08185500 0.02840500 -0.01742400
v 0.08185500 0.02840500 -0.01742400
v 0.08185500 0.02840500 -0.01742400
v 0.08185500 0.02840500 -0.01742400
v 0.08185500 0.02840500 -0.01742400
v 0.08215500 0.02853000 -0.01720700
v 0.08215500 0.02853000 -0.01720700
v 0.08215500 0.02853000 -0.01720700
v 0.08215500 0.02853000 -0.01720700
v 0.08126600 0.02861100 -0.01750000
v 0.08126600 0.02861100 -0.01750000
v 0.08126600 0.02861100 -0.01750000
v 0.08126600 0.02861100 -0.01750000
v 0.08126600 0.02861100 -0.01750000
v 0.08153700 0.02888200 -0.01742400
v 0.08153700 0.02888200 -0.01742400
v 0.08153700 0.02888200 -0.01742400
v 0.08153700 0.02888200 -0.01742400
v 0.08176600 0.02911100 -0.01720700
v 0.08176600 0.02911100 -0.01720700
v 0.08176600 0.02911100 -0.01720700
v 0.08176600 0.02911100 -0.01720700
v 0.08392400 0.02926200 -0.01529300
v 0.08392400 0.02926200 -0.01529300
v 0.08392400 0.02926200 -0.01529300
v 0.08392400 0.02926200 -0.01529300
v 0.08392400 0.02926200 -0.01529300
v 0.08412400 0.02934500 -0.01496800
v 0.08412400 0.02934500 -0.01496800
v 0.08412400 0.02934500 -0.01496800
v 0.08412400 0.02934500 -0.01496800
v 0.08412400 0.02934500 -0.01496800
v 0.08412400 0.02934500 -0.01496800
v 0.08419400 0.02937400 -0.01458600
v 0.08419400 0.02937400 -0.01458600
v 0.08419400 0.02937400 -0.01458600
v 0.08419400 0.02937400 -0.01458600
v 0.08419400 0.02937400 -0.01458600
v 0.08419400 0.02937400 -0.01458600
v 0.08419400 0.02937400 -0.01458600
v 0.08419400 0.02937400 -0.01458600
v 0.08312000 0.03046500 -0.01529300
v 0.08312000 0.03046500 -0.01529300
v 0.08312000 0.03046500 -0.01529300
v 0.08312000 0.03046500 -0.01529300
v 0.08324200 0.03058700 -0.01506000
v 0.08324200 0.03058700 -0.01506000
v 0.08324200 0.03058700 -0.01506000
v 0.08324200 0.03058700 -0.01506000
v 0.08324200 0.03058700 -0.01506000
v 0.08332700 0.03067200 -0.01458600
v 0.08332700 0.03067200 -0.01458600
v 0.08332700 0.03067200 -0.01458600
v 0.08332700 0.03067200 -0.01458600
v 0.08331200 0.03065700 -0.01478800
v 0.08331200 0.03065700 -0.01478800
v 0.08331200 0.03065700 -0.01478800
v 0.08331200 0.03065700 -0.01478800
v 0.08331200 0.03065700 -0.01478800
v 0.08331200 0.03065700 -0.01478800
v 0.08331200 0.03065700 -0.01478800
v 0.08327300 0.03061800 -0.01496800
v 0.08327300 0.03061800 -0.01496800
v 0.08327300 0.03061800 -0.01496800
v 0.08327300 0.03061800 -0.01496800
v 0.07765500 0.03631400 -0.01478800
v 0.07765500 0.03631400 -0.01478800
v 0.07765500 0.03631400 -0.01478800
v 0.07765500 0.03631400 -0.01478800
v 0.07765500 0.03631400 -0.01478800
v 0.07761600 0.03627500 -0.01496800
v 0.07761600 0.03627500 -0.01496800
v 0.07761600 0.03627500 -0.01496800
v 0.07761600 0.03627500 -0.01496800
v 0.07761600 0.03627500 -0.01496800
v 0.07758500 0.03624400 -0.01506000
v 0.07758500 0.03624400 -0.01506000
v 0.07758500 0.03624400 -0.01506000
v 0.07758500 0.03624400 -0.01506000
v 0.07758500 0.03624400 -0.01506000
v 0.07746300 0.03612200 -0.01529300
v 0.07746300 0.03612200 -0.01529300
v 0.07746300 0.03612200 -0.01529300
v 0.07746300 0.03612200 -0.01529300
v 0.07561000 0.03426800 -0.01750000
v 0.07561000 0.03426800 -0.01750000
v 0.07561000 0.03426800 -0.01750000
v 0.07588000 0.03453900 -0.01742400
v 0.07588000 0.03453900 -0.01742400
v 0.07588000 0.03453900 -0.01742400
v 0.07588000 0.03453900 -0.01742400
v 0.07588000 0.03453900 -0.01742400
v 0.07611000 0.03476800 -0.01720700
v 0.07611000 0.03476800 -0.01720700
v 0.07611000 0.03476800 -0.01720700
v 0.07611000 0.03476800 -0.01720700
v 0.07611000 0.03476800 -0.01720700
v 0.07525700 0.03450300 -0.01750000
v 0.07525700 0.03450300 -0.01750000
v 0.07525700 0.03450300 -0.01750000
v 0.07540400 0.03485700 -0.01742400
v 0.07540400 0.03485700 -0.01742400
v 0.07540400 0.03485700 -0.01742400
v 0.07540400 0.03485700 -0.01742400
v 0.07540400 0.03485700 -0.01742400
v 0.07552800 0.03515700 -0.01720700
v 0.07552800 0.03515700 -0.01720700
v 0.07552800 0.03515700 -0.01720700
v 0.07552800 0.03515700 -0.01720700
v 0.07484200 0.03458600 -0.01750000
v 0.07484200 0.03458600 -0.01750000
v 0.07484200 0.03458600 -0.01750000
v 0.07484200 0.03458600 -0.01750000
v 0.07484200 0.03496900 -0.01742400
v 0.07484200 0.03496900 -0.01742400
v 0.07484200 0.03496900 -0.01742400
v 0.07484200 0.03496900 -0.01742400
v 0.07484200 0.03529300 -0.01720700
v 0.07484200 0.03529300 -0.01720700
v 0.07484200 0.03529300 -0.01720700
v 0.07484200 0.03529300 -0.01720700
v 0.07484200 0.03529300 -0.01720700
v 0.07626000 0.03692500 -0.01529300
v 0.07626000 0.03692500 -0.01529300
v 0.07626000 0.03692500 -0.01529300
v 0.07626000 0.03692500 -0.01529300
v 0.07626000 0.03692500 -0.01529300
v 0.07634300 0.03712600 -0.01496800
v 0.07634300 0.03712600 -0.01496800
v 0.07634300 0.03712600 -0.01496800
v 0.07634300 0.03712600 -0.01496800
v 0.07634300 0.03712600 -0.01496800
v 0.07634300 0.03712600 -0.01496800
v 0.07637200 0.03719600 -0.01458600
v 0.07637200 0.03719600 -0.01458600
v 0.07637200 0.03719600 -0.01458600
v 0.07637200 0.03719600 -0.01458600
v 0.07637200 0.03719600 -0.01458600
v 0.07767000 0.03632900 -0.01458600
v 0.07767000 0.03632900 -0.01458600
v 0.07767000 0.03632900 -0.01458600
v 0.07767000 0.03632900 -0.01458600
v 0.07767000 0.03632900 -0.01458600
v 0.07484200 0.03720700 -0.01529300
v 0.07484200 0.03720700 -0.01529300
v 0.07484200 0.03720700 -0.01529300
v 0.07484200 0.03720700 -0.01529300
v 0.07484200 0.03720700 -0.01529300
v 0.07484200 0.03742400 -0.01496800
v 0.07484200 0.03742400 -0.01496800
v 0.07484200 0.03742400 -0.01496800
v 0.07484200 0.03742400 -0.01496800
v 0.07484200 0.03742400 -0.01496800
v 0.07484200 0.03750000 -0.01458600
v 0.07484200 0.03750000 -0.01458600
v 0.07484200 0.03750000 -0.01458600
v 0.07484200 0.03750000 -0.01458600
v 0.07484200 0.03750000 -0.01458600
v 0.07484200 0.03750000 -0.01458600
v 0.07484200 0.03750000 -0.01458600
v 0.07484200 0.03750000 -0.01458600
v 0.07484200 0.03750000 -0.01458600
v 0.07484200 0.03750000 -0.01458600
v 0.07484200 0.03750000 -0.01458600
v -0.00806800 0.03496800 -0.01742300
v -0.00806800 0.03496800 -0.01742300
v -0.00806800 0.03496800 -0.01742300
v -0.00806800 0.03496800 -0.01742300
v -0.00806800 0.03496800 -0.01742300
v -0.00806800 0.03496800 -0.01742300
v -0.00806800 0.03496800 -0.01742300
v -0.00806800 0.03496800 -0.01742300
v -0.00806700 0.03529300 -0.01720700
v -0.00806700 0.03529300 -0.01720700
v -0.00806700 0.03529300 -0.01720700
v -0.00806700 0.03529300 -0.01720700
v -0.00806700 0.03529300 -0.01720700
v -0.00806700 0.03529300 -0.01720700
v -0.00806700 0.03529300 -0.01720700
v -0.00806700 0.03529300 -0.01720700
v -0.00806900 0.03458600 -0.01750000
v -0.00806900 0.03458600 -0.01750000
v -0.00806900 0.03458600 -0.01750000
v -0.00806900 0.03458600 -0.01750000
v 0.00240500 0.03720700 -0.01529300
v 0.00240500 0.03720700 -0.01529300
v 0.00240500 0.03720700 -0.01529300
v 0.00240500 0.03720700 -0.01529300
v 0.00240500 0.03720700 -0.01529300
v 0.00240500 0.03720700 -0.01529300
v 0.00240500 0.03720700 -0.01529300
v 0.00256300 0.03738100 -0.01505900
v 0.00256300 0.03738100 -0.01505900
v 0.00256300 0.03738100 -0.01505900
v 0.00256300 0.03738100 -0.01505900
v 0.00279600 0.03750000 -0.01458600
v 0.00279600 0.03750000 -0.01458600
v 0.00279600 0.03750000 -0.01458600
v 0.00279600 0.03750000 -0.01458600
v 0.00279600 0.03750000 -0.01458600
v 0.00279600 0.03750000 -0.01458600
v -0.00805000 0.03750000 -0.01458500
v -0.00805000 0.03750000 -0.01458500
v -0.00805000 0.03750000 -0.01458500
v -0.00805000 0.03750000 -0.01458500
v -0.00279700 0.03750000 -0.01458600
v -0.00279700 0.03750000 -0.01458600
v -0.00279700 0.03750000 -0.01458600
v -0.00279700 0.03750000 -0.01458600
v -0.00279700 0.03750000 -0.01458600
v -0.00805200 0.03742600 -0.01496300
v -0.00805200 0.03742600 -0.01496300
v -0.00805200 0.03742600 -0.01496300
v -0.00805200 0.03742600 -0.01496300
v -0.00805200 0.03742600 -0.01496300
v -0.00805200 0.03742600 -0.01496300
v -0.00805200 0.03742600 -0.01496300
v -0.00805200 0.03742600 -0.01496300
v -0.00805200 0.03742600 -0.01496300
v -0.00269100 0.03747100 -0.01482600
v -0.00269100 0.03747100 -0.01482600
v -0.00269100 0.03747100 -0.01482600
v -0.00269100 0.03747100 -0.01482600
v -0.00261500 0.03742300 -0.01497000
v -0.00261500 0.03742300 -0.01497000
v -0.00261500 0.03742300 -0.01497000
v -0.00261500 0.03742300 -0.01497000
v -0.00240500 0.03720700 -0.01529300
v -0.00240500 0.03720700 -0.01529300
v -0.00240500 0.03720700 -0.01529300
v -0.00240500 0.03720700 -0.01529300
v -0.00240500 0.03720700 -0.01529300
v -0.00240500 0.03720700 -0.01529300
v -0.00805500 0.03720700 -0.01529300
v -0.00805500 0.03720700 -0.01529300
v -0.00805500 0.03720700 -0.01529300
v -0.00805500 0.03720700 -0.01529300
v 0.00223600 0.03400000 -0.01550000
v 0.00223600 0.03400000 -0.01550000
v 0.00223600 0.03400000 -0.01550000
v 0.00223600 0.03400000 -0.01550000
v 0.00223600 0.03400000 -0.01550000
v 0.00223600 0.03400000 -0.01550000
v 0.00223600 0.03050000 -0.01550000
v 0.00223600 0.03050000 -0.01550000
v 0.00223600 0.03050000 -0.01550000
v -0.00223600 0.03400000 -0.01550000
v -0.00223600 0.03400000 -0.01550000
v -0.00223600 0.03400000 -0.01550000
v -0.00223600 0.03400000 -0.01550000
v -0.00223600 0.03400000 -0.01550000
v -0.00223600 0.03050000 -0.01550000
v -0.00223600 0.03050000 -0.01550000
v -0.00223600 0.03050000 -0.01550000
v -0.00880100 0.03529300 -0.01716600
v -0.00880100 0.03529300 -0.01716600
v -0.00880100 0.03529300 -0.01716600
v -0.00880100 0.03529300 -0.01716600
v -0.00880100 0.03529300 -0.01716600
v -0.00896400 0.03529300 -0.01713900
v -0.00896400 0.03529300 -0.01713900
v -0.00896400 0.03529300 -0.01713900
v -0.00896400 0.03529300 -0.01713900
v -0.00896400 0.03529300 -0.01713900
v -0.00853500 0.03720700 -0.01527100
v -0.00853500 0.03720700 -0.01527100
v -0.00853500 0.03720700 -0.01527100
v -0.00853500 0.03720700 -0.01527100
v -0.00853500 0.03720700 -0.01527100
v -0.00853500 0.03720700 -0.01527100
v -0.00853500 0.03720700 -0.01527100
v -0.00861000 0.03720700 -0.01525800
v -0.00861000 0.03720700 -0.01525800
v -0.00861000 0.03720700 -0.01525800
v -0.00861000 0.03720700 -0.01525800
v -0.00861000 0.03720700 -0.01525800
v -0.00854400 0.03742700 -0.01493300
v -0.00854400 0.03742700 -0.01493300
v -0.00854400 0.03742700 -0.01493300
v -0.00854400 0.03742700 -0.01493300
v -0.00854400 0.03742700 -0.01493300
v -0.00854400 0.03742700 -0.01493300
v -0.00854400 0.03742700 -0.01493300
v -0.00854400 0.03742700 -0.01493300
v -0.00854400 0.03742700 -0.01493300
v -0.00854400 0.03742700 -0.01493300
v -0.00827400 0.03742700 -0.01495700
v -0.00827400 0.03742700 -0.01495700
v -0.00827400 0.03742700 -0.01495700
v -0.00827400 0.03742700 -0.01495700
v -0.00827400 0.03742700 -0.01495700
v -0.00827400 0.03742700 -0.01495700
v -0.00827400 0.03742700 -0.01495700
v -0.00828400 0.03720700 -0.01528900
v -0.00828400 0.03720700 -0.01528900
v -0.00828400 0.03720700 -0.01528900
v -0.00828400 0.03720700 -0.01528900
v -0.00828400 0.03720700 -0.01528900
v -0.00847300 0.03750000 -0.01455400
v -0.00847300 0.03750000 -0.01455400
v -0.00847300 0.03750000 -0.01455400
v -0.00847300 0.03750000 -0.01455400
v -0.00836900 0.03750000 -0.01456800
v -0.00836900 0.03750000 -0.01456800
v -0.00836900 0.03750000 -0.01456800
v -0.00836900 0.03750000 -0.01456800
v -0.00836900 0.03750000 -0.01456800
v -0.00826300 0.03750000 -0.01457800
v -0.00826300 0.03750000 -0.01457800
v -0.00826300 0.03750000 -0.01457800
v -0.00826300 0.03750000 -0.01457800
v -0.00815700 0.03750000 -0.01458300
v -0.00815700 0.03750000 -0.01458300
v -0.00815700 0.03750000 -0.01458300
v -0.00815700 0.03750000 -0.01458300
v -0.00815700 0.03750000 -0.01458300
v -0.00904400 0.03458600 -0.01742200
v -0.00904400 0.03458600 -0.01742200
v -0.00904400 0.03458600 -0.01742200
v -0.00904400 0.03458600 -0.01742200
v -0.00904400 0.03458600 -0.01742200
v -0.00904400 0.03458600 -0.01742200
v -0.00903000 0.03496800 -0.01734700
v -0.00903000 0.03496800 -0.01734700
v -0.00903000 0.03496800 -0.01734700
v -0.00903000 0.03496800 -0.01734700
v -0.00903000 0.03496800 -0.01734700
v -0.00903000 0.03496800 -0.01734700
v -0.00903000 0.03496800 -0.01734700
v -0.00903000 0.03496800 -0.01734700
v -0.00844100 0.03458600 -0.01749200
v -0.00844100 0.03458600 -0.01749200
v -0.00844100 0.03458600 -0.01749200
v -0.00844100 0.03458600 -0.01749200
v -0.00844100 0.03458600 -0.01749200
v -0.00898900 0.03529300 -0.01713500
v -0.00898900 0.03529300 -0.01713500
v -0.00898900 0.03529300 -0.01713500
v -0.00898900 0.03529300 -0.01713500
v -0.00898900 0.03529300 -0.01713500
v -0.00898900 0.03529300 -0.01713500
v -0.00982900 0.03742600 0.01422300
v -0.00982900 0.03742600 0.01422300
v -0.00982900 0.03742600 0.01422300
v -0.00982900 0.03742600 0.01422300
v -0.00982900 0.03742600 0.01422300
v -0.00982900 0.03742600 0.01422300
v -0.00982900 0.03742600 0.01422300
v -0.00982900 0.03742600 0.01422300
v -0.00956100 0.03750000 0.01395700
v -0.00956100 0.03750000 0.01395700
v -0.00956100 0.03750000 0.01395700
v -0.00956100 0.03750000 0.01395700
v -0.01448100 0.03750000 0.00893800
v -0.01448100 0.03750000 0.00893800
v -0.01448100 0.03750000 0.00893800
v -0.01448100 0.03750000 0.00893800
v -0.01475400 0.03742400 0.00920600
v -0.01475400 0.03742400 0.00920600
v -0.01475400 0.03742400 0.00920600
v -0.01475400 0.03742400 0.00920600
v -0.01475400 0.03742400 0.00920600
v -0.01475400 0.03742400 0.00920600
v -0.01498600 0.03720700 0.00943400
v -0.01498600 0.03720700 0.00943400
v -0.01498600 0.03720700 0.00943400
v -0.01498600 0.03720700 0.00943400
v -0.01498600 0.03720700 0.00943400
v -0.01498600 0.03720700 0.00943400
v -0.01006300 0.03720700 0.01445500
v -0.01006300 0.03720700 0.01445500
v -0.01006300 0.03720700 0.01445500
v -0.01006300 0.03720700 0.01445500
v -0.00948000 0.03750000 0.01403500
v -0.00948000 0.03750000 0.01403500
v -0.00948000 0.03750000 0.01403500
v -0.00948000 0.03750000 0.01403500
v -0.00948000 0.03750000 0.01403500
v -0.00939700 0.03750000 0.01411200
v -0.00939700 0.03750000 0.01411200
v -0.00939700 0.03750000 0.01411200
v -0.00939700 0.03750000 0.01411200
v -0.00965900 0.03742600 0.01438800
v -0.00965900 0.03742600 0.01438800
v -0.00965900 0.03742600 0.01438800
v -0.00965900 0.03742600 0.01438800
v -0.00965900 0.03742600 0.01438800
v -0.00965900 0.03742600 0.01438800
v -0.00965900 0.03742600 0.01438800
v -0.00965900 0.03742600 0.01438800
v -0.00988700 0.03720700 0.01462800
v -0.00988700 0.03720700 0.01462800
v -0.00988700 0.03720700 0.01462800
v -0.00988700 0.03720700 0.01462800
v -0.00988700 0.03720700 0.01462800
v -0.00931100 0.03750000 0.01418400
v -0.00931100 0.03750000 0.01418400
v -0.00931100 0.03750000 0.01418400
v -0.00931100 0.03750000 0.01418400
v -0.00966000 0.03720700 0.01481700
v -0.00966000 0.03720700 0.01481700
v -0.00966000 0.03720700 0.01481700
v -0.00966000 0.03720700 0.01481700
v -0.00966000 0.03720700 0.01481700
v -0.00961600 0.03720700 0.01484700
v -0.00961600 0.03720700 0.01484700
v -0.00961600 0.03720700 0.01484700
v -0.00961600 0.03720700 0.01484700
v -0.00961600 0.03720700 0.01484700
v -0.00943400 0.03742600 0.01457200
v -0.00943400 0.03742600 0.01457200
v -0.00943400 0.03742600 0.01457200
v -0.00943400 0.03742600 0.01457200
v -0.00943400 0.03742600 0.01457200
v -0.00943400 0.03742600 0.01457200
v -0.00943400 0.03742600 0.01457200
v -0.00943400 0.03742600 0.01457200
v -0.00943400 0.03742600 0.01457200
v -0.00943400 0.03742600 0.01457200
v -0.00943400 0.03742600 0.01457200
v -0.00943400 0.03742600 0.01457200
v -0.00972100 0.03720700 0.01477200
v -0.00972100 0.03720700 0.01477200
v -0.00972100 0.03720700 0.01477200
v -0.00972100 0.03720700 0.01477200
v -0.00972100 0.03720700 0.01477200
v -0.00972100 0.03720700 0.01477200
v -0.00922200 0.03750000 0.01425200
v -0.00922200 0.03750000 0.01425200
v -0.00922200 0.03750000 0.01425200
v -0.00922200 0.03750000 0.01425200
v -0.00922200 0.03750000 0.01425200
v -0.00863600 0.03720700 0.01525300
v -0.00863600 0.03720700 0.01525300
v -0.00863600 0.03720700 0.01525300
v -0.00863600 0.03720700 0.01525300
v -0.00863600 0.03720700 0.01525300
v -0.00857100 0.03742400 0.01493500
v -0.00857100 0.03742400 0.01493500
v -0.00857100 0.03742400 0.01493500
v -0.00857100 0.03742400 0.01493500
v -0.00857100 0.03742400 0.01493500
v -0.00857100 0.03742400 0.01493500
v -0.00857100 0.03742400 0.01493500
v -0.00857100 0.03742400 0.01493500
v -0.00857100 0.03742400 0.01493500
v -0.00916200 0.03720700 0.01508800
v -0.00916200 0.03720700 0.01508800
v -0.00916200 0.03720700 0.01508800
v -0.00916200 0.03720700 0.01508800
v -0.00916200 0.03720700 0.01508800
v -0.00916200 0.03720700 0.01508800
v -0.00849600 0.03750000 0.01456100
v -0.00849600 0.03750000 0.01456100
v -0.00849600 0.03750000 0.01456100
v -0.00849600 0.03750000 0.01456100
v -0.00870600 0.03750000 0.01450600
v -0.00870600 0.03750000 0.01450600
v -0.00870600 0.03750000 0.01450600
v -0.00870600 0.03750000 0.01450600
v -0.00895900 0.03750000 0.01440500
v -0.00895900 0.03750000 0.01440500
v -0.00895900 0.03750000 0.01440500
v -0.00895900 0.03750000 0.01440500
v -0.00900800 0.03750000 0.01438100
v -0.00900800 0.03750000 0.01438100
v -0.00900800 0.03750000 0.01438100
v -0.00900800 0.03750000 0.01438100
v -0.00911700 0.03750000 0.01432100
v -0.00911700 0.03750000 0.01432100
v -0.00911700 0.03750000 0.01432100
v -0.00911700 0.03750000 0.01432100
v -0.00890900 0.03750000 0.01442700
v -0.00890900 0.03750000 0.01442700
v -0.00890900 0.03750000 0.01442700
v -0.00843900 0.03750000 0.01457000
v -0.00843900 0.03750000 0.01457000
v -0.00843900 0.03750000 0.01457000
v -0.00843900 0.03750000 0.01457000
v -0.00854600 0.03720700 0.01526900
v -0.00854600 0.03720700 0.01526900
v -0.00854600 0.03720700 0.01526900
v -0.00854600 0.03720700 0.01526900
v -0.00854600 0.03720700 0.01526900
v -0.00854600 0.03720700 0.01526900
v -0.00844100 0.03720700 0.01528100
v -0.00844100 0.03720700 0.01528100
v -0.00844100 0.03720700 0.01528100
v -0.00844100 0.03720700 0.01528100
v -0.00844100 0.03720700 0.01528100
v -0.00841400 0.03742400 0.01495800
v -0.00841400 0.03742400 0.01495800
v -0.00841400 0.03742400 0.01495800
v -0.00841400 0.03742400 0.01495800
v -0.00841400 0.03742400 0.01495800
v -0.00841400 0.03742400 0.01495800
v -0.00838200 0.03750000 0.01457700
v -0.00838200 0.03750000 0.01457700
v -0.00838200 0.03750000 0.01457700
v -0.00838200 0.03750000 0.01457700
v -0.00838200 0.03750000 0.01457700
v -0.00792900 0.03742700 0.01496000
v -0.00792900 0.03742700 0.01496000
v -0.00792900 0.03742700 0.01496000
v -0.00792900 0.03742700 0.01496000
v -0.00792900 0.03742700 0.01496000
v -0.00792900 0.03742700 0.01496000
v -0.00792900 0.03742700 0.01496000
v -0.00792900 0.03742700 0.01496000
v -0.00792900 0.03742700 0.01496000
v -0.00792900 0.03742700 0.01496000
v -0.00792900 0.03742700 0.01496000
v -0.00792900 0.03742700 0.01496000
v -0.00792900 0.03742700 0.01496000
v -0.00792900 0.03742700 0.01496000
v -0.00814600 0.03742400 0.01496900
v -0.00814600 0.03742400 0.01496900
v -0.00814600 0.03742400 0.01496900
v -0.00814600 0.03742400 0.01496900
v -0.00814600 0.03742400 0.01496900
v -0.00793100 0.03721900 0.01528100
v -0.00793100 0.03721900 0.01528100
v -0.00793100 0.03721900 0.01528100
v -0.00793100 0.03721900 0.01528100
v -0.00793100 0.03721900 0.01528100
v -0.00805500 0.03720700 0.01529300
v -0.00805500 0.03720700 0.01529300
v -0.00805500 0.03720700 0.01529300
v -0.00805500 0.03720700 0.01529300
v -0.00805500 0.03720700 0.01529300
v -0.00805500 0.03720700 0.01529300
v -0.00840400 0.03742400 0.01495900
v -0.00840400 0.03742400 0.01495900
v -0.00840400 0.03742400 0.01495900
v -0.00840400 0.03742400 0.01495900
v -0.00840400 0.03742400 0.01495900
v -0.00815400 0.03750000 0.01458800
v -0.00815400 0.03750000 0.01458800
v -0.00815400 0.03750000 0.01458800
v -0.00815400 0.03750000 0.01458800
v -0.00815400 0.03750000 0.01458800
v -0.00815400 0.03750000 0.01458800
v -0.00792700 0.03750000 0.01458700
v -0.00792700 0.03750000 0.01458700
v -0.00792700 0.03750000 0.01458700
v -0.00792700 0.03750000 0.01458700
v -0.00786900 0.03750000 0.01458700
v -0.00786900 0.03750000 0.01458700
v -0.00786900 0.03750000 0.01458700
v -0.00786900 0.03750000 0.01458700
v -0.00532600 0.03750000 0.01460300
v -0.00532600 0.03750000 0.01460300
v -0.00532600 0.03750000 0.01460300
v -0.00532600 0.03750000 0.01460300
v -0.00254000 0.03738000 0.01509600
v -0.00254000 0.03738000 0.01509600
v -0.00254000 0.03738000 0.01509600
v -0.00254000 0.03738000 0.01509600
v -0.00254000 0.03738000 0.01509600
v -0.00254000 0.03738000 0.01509600
v -0.00278400 0.03750000 0.01461900
v -0.00278400 0.03750000 0.01461900
v -0.00278400 0.03750000 0.01461900
v -0.00278400 0.03750000 0.01461900
v -0.00736400 0.03725700 0.01524300
v -0.00736400 0.03725700 0.01524300
v -0.00736400 0.03725700 0.01524300
v -0.00666900 0.03728000 0.01522000
v -0.00666900 0.03728000 0.01522000
v -0.00666900 0.03728000 0.01522000
v -0.00631700 0.03728800 0.01521200
v -0.00631700 0.03728800 0.01521200
v -0.00631700 0.03728800 0.01521200
v -0.00598700 0.03729500 0.01520500
v -0.00598700 0.03729500 0.01520500
v -0.00598700 0.03729500 0.01520500
v -0.00528100 0.03730900 0.01519100
v -0.00528100 0.03730900 0.01519100
v -0.00528100 0.03730900 0.01519100
v -0.00250300 0.03734600 0.01515400
v -0.00250300 0.03734600 0.01515400
v -0.00250300 0.03734600 0.01515400
v -0.00250300 0.03734600 0.01515400
v -0.00250300 0.03734600 0.01515400
v -0.00250300 0.03734600 0.01515400
v -0.00392200 0.03732900 0.01517100
v -0.00392200 0.03732900 0.01517100
v -0.00392200 0.03732900 0.01517100
v -0.00392200 0.03732900 0.01517100
v -0.00458400 0.03732000 0.01518000
v -0.00458400 0.03732000 0.01518000
v -0.00458400 0.03732000 0.01518000
v -0.00221500 0.03050000 0.01552400
v -0.00221500 0.03050000 0.01552400
v -0.00221500 0.03050000 0.01552400
v -0.00221500 0.03050000 0.01552400
v -0.00221500 0.03050000 0.01552400
v -0.00221500 0.03050000 0.01552400
v -0.00223600 0.03050000 0.01550000
v -0.00223600 0.03050000 0.01550000
v -0.00223600 0.03050000 0.01550000
v -0.00223600 0.03050000 0.01550000
v -0.00223600 0.03400000 0.01550000
v -0.00223600 0.03400000 0.01550000
v -0.00223600 0.03400000 0.01550000
v -0.00223600 0.03400000 0.01550000
v -0.00223600 0.03400000 0.01550000
v -0.00223600 0.03400000 0.01550000
v -0.00000000 0.03400000 0.01050000
v -0.00000000 0.03400000 0.01050000
v -0.00000000 0.03400000 0.01050000
v -0.00000000 0.03750000 0.01050000
v -0.00000000 0.03750000 0.01050000
v -0.00000000 0.03750000 0.01050000
v -0.00099100 0.03400000 0.01066800
v -0.00099100 0.03400000 0.01066800
v -0.00099100 0.03400000 0.01066800
v -0.00099100 0.03750000 0.01066800
v -0.00099100 0.03750000 0.01066800
v -0.00099100 0.03750000 0.01066800
v -0.00221500 0.03400000 0.01147600
v -0.00221500 0.03400000 0.01147600
v -0.00221500 0.03400000 0.01147600
v -0.00221500 0.03750000 0.01147600
v -0.00221500 0.03750000 0.01147600
v -0.00221500 0.03750000 0.01147600
v -0.00290900 0.03400000 0.01276700
v -0.00290900 0.03400000 0.01276700
v -0.00290900 0.03400000 0.01276700
v -0.00290900 0.03750000 0.01276700
v -0.00290900 0.03750000 0.01276700
v -0.00290900 0.03750000 0.01276700
v -0.00290900 0.03400000 0.01423300
v -0.00290900 0.03400000 0.01423300
v -0.00290900 0.03400000 0.01423300
v -0.00290900 0.03400000 0.01423300
v -0.00290900 0.03400000 0.01423300
v -0.00290900 0.03400000 0.01423300
v -0.00290900 0.03750000 0.01423300
v -0.00290900 0.03750000 0.01423300
v -0.00290900 0.03750000 0.01423300
v -0.00223000 0.03699300 0.01550700
v -0.00223000 0.03699300 0.01550700
v -0.00223000 0.03699300 0.01550700
v -0.00223000 0.03699300 0.01550700
v -0.00149300 0.03639800 0.01610200
v -0.00149300 0.03639800 0.01610200
v -0.00149300 0.03639800 0.01610200
v -0.00149300 0.03639800 0.01610200
v -0.00149300 0.03639800 0.01610200
v -0.00099100 0.03050000 0.01633200
v -0.00099100 0.03050000 0.01633200
v -0.00099100 0.03050000 0.01633200
v -0.00099100 0.03050000 0.01633200
v -0.00045300 0.03603400 0.01646600
v -0.00045300 0.03603400 0.01646600
v -0.00045300 0.03603400 0.01646600
v -0.00045300 0.03603400 0.01646600
v -0.00045300 0.03603400 0.01646600
v -0.00000000 0.03050000 0.01650000
v -0.00000000 0.03050000 0.01650000
v -0.00000000 0.03050000 0.01650000
v -0.00000000 0.03050000 0.01650000
v -0.00000000 0.03600000 0.01650000
v -0.00000000 0.03600000 0.01650000
v -0.00000000 0.03600000 0.01650000
v -0.00000000 0.03600000 0.01650000
v -0.00000000 0.03600000 0.01650000
v 0.00223600 0.03400000 0.01550000
v 0.00223600 0.03400000 0.01550000
v 0.00223600 0.03400000 0.01550000
v 0.00223600 0.03400000 0.01550000
v 0.00223600 0.03400000 0.01550000
v 0.00223600 0.03050000 0.01550000
v 0.00223600 0.03050000 0.01550000
v 0.00223600 0.03050000 0.01550000
v 0.00221400 0.03050000 0.01552400
v 0.00221400 0.03050000 0.01552400
v 0.00221400 0.03050000 0.01552400
v 0.00221400 0.03050000 0.01552400
v 0.00221400 0.03050000 0.01552400
v 0.00240500 0.03720700 0.01529300
v 0.00240500 0.03720700 0.01529300
v 0.00240500 0.03720700 0.01529300
v 0.00240500 0.03720700 0.01529300
v 0.00240500 0.03720700 0.01529300
v 0.00269300 0.03747200 0.01482200
v 0.00269300 0.03747200 0.01482200
v 0.00269300 0.03747200 0.01482200
v 0.00269300 0.03747200 0.01482200
v 0.00279600 0.03750000 0.01458600
v 0.00279600 0.03750000 0.01458600
v 0.00279600 0.03750000 0.01458600
v 0.00279600 0.03750000 0.01458600
v 0.00279600 0.03750000 0.01458600
v 0.00279600 0.03750000 0.01458600
v 0.00279600 0.03750000 0.01458600
v 0.00217500 0.03693400 0.01556600
v 0.00217500 0.03693400 0.01556600
v 0.00217500 0.03693400 0.01556600
v 0.00217500 0.03693400 0.01556600
v 0.00217500 0.03693400 0.01556600
v 0.00217500 0.03693400 0.01556600
v 0.00290900 0.03400000 0.01423300
v 0.00290900 0.03400000 0.01423300
v 0.00290900 0.03400000 0.01423300
v 0.00290900 0.03400000 0.01423300
v 0.00290900 0.03400000 0.01423300
v 0.00290900 0.03400000 0.01423300
v 0.00290900 0.03750000 0.01423300
v 0.00290900 0.03750000 0.01423300
v 0.00290900 0.03750000 0.01423300
v 0.00290900 0.03750000 0.01423300
v 0.00290900 0.03400000 0.01276700
v 0.00290900 0.03400000 0.01276700
v 0.00290900 0.03400000 0.01276700
v 0.00290900 0.03750000 0.01276700
v 0.00290900 0.03750000 0.01276700
v 0.00290900 0.03750000 0.01276700
v 0.00221400 0.03400000 0.01147600
v 0.00221400 0.03400000 0.01147600
v 0.00221400 0.03400000 0.01147600
v 0.00221400 0.03750000 0.01147600
v 0.00221400 0.03750000 0.01147600
v 0.00221400 0.03750000 0.01147600
v 0.00099100 0.03400000 0.01066800
v 0.00099100 0.03400000 0.01066800
v 0.00099100 0.03400000 0.01066800
v 0.00099100 0.03750000 0.01066800
v 0.00099100 0.03750000 0.01066800
v 0.00099100 0.03750000 0.01066800
v 0.00099100 0.03050000 0.01633200
v 0.00099100 0.03050000 0.01633200
v 0.00099100 0.03050000 0.01633200
v 0.00099100 0.03050000 0.01633200
v 0.00099100 0.03050000 0.01633200
v 0.00099100 0.03050000 0.01633200
v 0.00153000 0.03642000 0.01608000
v 0.00153000 0.03642000 0.01608000
v 0.00153000 0.03642000 0.01608000
v 0.00078600 0.03610500 0.01639500
v 0.00078600 0.03610500 0.01639500
v 0.00078600 0.03610500 0.01639500
v 0.07484200 0.03750000 0.01458600
v 0.07484200 0.03750000 0.01458600
v 0.07484200 0.03750000 0.01458600
v 0.07484200 0.03750000 0.01458600
v 0.07484200 0.03750000 0.01458600
v 0.07484200 0.03750000 0.01458600
v 0.07484200 0.03750000 0.01458600
v 0.07484200 0.03750000 0.01458600
v 0.07484200 0.03742400 0.01496900
v 0.07484200 0.03742400 0.01496900
v 0.07484200 0.03742400 0.01496900
v 0.07484200 0.03742400 0.01496900
v 0.07484200 0.03742400 0.01496900
v 0.07484200 0.03720700 0.01529300
v 0.07484200 0.03720700 0.01529300
v 0.07484200 0.03720700 0.01529300
v 0.07484200 0.03720700 0.01529300
v 0.07484200 0.03720700 0.01529300
v 0.07767000 0.03632900 0.01458600
v 0.07767000 0.03632900 0.01458600
v 0.07767000 0.03632900 0.01458600
v 0.07767000 0.03632900 0.01458600
v 0.07484200 0.03750000 0.00000000
v 0.07484200 0.03750000 0.00000000
v 0.07484200 0.03750000 0.00000000
v 0.07637200 0.03719600 0.01458600
v 0.07637200 0.03719600 0.01458600
v 0.07637200 0.03719600 0.01458600
v 0.07637200 0.03719600 0.01458600
v -0.00864500 0.03750000 -0.01451900
v -0.00864500 0.03750000 -0.01451900
v -0.00864500 0.03750000 -0.01451900
v -0.00966500 0.03720700 -0.01481300
v -0.00966500 0.03720700 -0.01481300
v -0.00966500 0.03720700 -0.01481300
v -0.00966500 0.03720700 -0.01481300
v -0.00966500 0.03720700 -0.01481300
v -0.00947700 0.03742500 -0.01454600
v -0.00947700 0.03742500 -0.01454600
v -0.00947700 0.03742500 -0.01454600
v -0.00947700 0.03742500 -0.01454600
v -0.00947700 0.03742500 -0.01454600
v -0.00947700 0.03742500 -0.01454600
v -0.00947700 0.03742500 -0.01454600
v -0.00947700 0.03742500 -0.01454600
v -0.00915200 0.03720700 -0.01509200
v -0.00915200 0.03720700 -0.01509200
v -0.00915200 0.03720700 -0.01509200
v -0.00915200 0.03720700 -0.01509200
v -0.00915200 0.03720700 -0.01509200
v -0.00915200 0.03720700 -0.01509200
v -0.00925900 0.03750000 -0.01423500
v -0.00925900 0.03750000 -0.01423500
v -0.00925900 0.03750000 -0.01423500
v -0.00904300 0.03750000 -0.01436600
v -0.00904300 0.03750000 -0.01436600
v -0.00904300 0.03750000 -0.01436600
v -0.00904300 0.03750000 -0.01436600
v -0.00904300 0.03750000 -0.01436600
v -0.00881200 0.03750000 -0.01446700
v -0.00881200 0.03750000 -0.01446700
v -0.00881200 0.03750000 -0.01446700
v -0.00881200 0.03750000 -0.01446700
v -0.00930200 0.03750000 -0.01420200
v -0.00930200 0.03750000 -0.01420200
v -0.00930200 0.03750000 -0.01420200
v -0.00930200 0.03750000 -0.01420200
v -0.00959500 0.03742500 -0.01445300
v -0.00959500 0.03742500 -0.01445300
v -0.00959500 0.03742500 -0.01445300
v -0.00959500 0.03742500 -0.01445300
v -0.00959500 0.03742500 -0.01445300
v -0.00959500 0.03742500 -0.01445300
v -0.00959500 0.03742500 -0.01445300
v -0.00959500 0.03742500 -0.01445300
v -0.00959500 0.03742500 -0.01445300
v -0.00934300 0.03750000 -0.01416700
v -0.00934300 0.03750000 -0.01416700
v -0.00934300 0.03750000 -0.01416700
v -0.00934300 0.03750000 -0.01416700
v -0.00971200 0.03720700 -0.01477900
v -0.00971200 0.03720700 -0.01477900
v -0.00971200 0.03720700 -0.01477900
v -0.00971200 0.03720700 -0.01477900
v -0.00971200 0.03720700 -0.01477900
v -0.00971200 0.03720700 -0.01477900
v -0.00981100 0.03720700 -0.01469800
v -0.00981100 0.03720700 -0.01469800
v -0.00981100 0.03720700 -0.01469800
v -0.00981100 0.03720700 -0.01469800
v -0.00981100 0.03720700 -0.01469800
v -0.00984100 0.03742400 -0.01421800
v -0.00984100 0.03742400 -0.01421800
v -0.00984100 0.03742400 -0.01421800
v -0.00984100 0.03742400 -0.01421800
v -0.00984100 0.03742400 -0.01421800
v -0.00984100 0.03742400 -0.01421800
v -0.00956800 0.03750000 -0.01395000
v -0.00956800 0.03750000 -0.01395000
v -0.00956800 0.03750000 -0.01395000
v -0.00956800 0.03750000 -0.01395000
v -0.00946500 0.03750000 -0.01405300
v -0.00946500 0.03750000 -0.01405300
v -0.00946500 0.03750000 -0.01405300
v -0.00946500 0.03750000 -0.01405300
v -0.00946500 0.03750000 -0.01405300
v -0.00935900 0.03750000 -0.01415300
v -0.00935900 0.03750000 -0.01415300
v -0.00935900 0.03750000 -0.01415300
v -0.00935100 0.03750000 -0.01416000
v -0.00935100 0.03750000 -0.01416000
v -0.00935100 0.03750000 -0.01416000
v -0.00935100 0.03750000 -0.01416000
v -0.01007300 0.03720700 -0.01444500
v -0.01007300 0.03720700 -0.01444500
v -0.01007300 0.03720700 -0.01444500
v -0.01007300 0.03720700 -0.01444500
v -0.01007300 0.03720700 -0.01444500
v -0.01007300 0.03720700 -0.01444500
v -0.01482600 0.03738300 -0.00925700
v -0.01482600 0.03738300 -0.00925700
v -0.01482600 0.03738300 -0.00925700
v -0.01482600 0.03738300 -0.00925700
v -0.01482600 0.03738300 -0.00925700
v -0.01482600 0.03738300 -0.00925700
v -0.01482600 0.03738300 -0.00925700
v -0.01482600 0.03738300 -0.00925700
v -0.01449100 0.03750000 -0.00892800
v -0.01449100 0.03750000 -0.00892800
v -0.01449100 0.03750000 -0.00892800
v -0.01499500 0.03720700 -0.00942300
v -0.01499500 0.03720700 -0.00942300
v -0.01499500 0.03720700 -0.00942300
v -0.01499500 0.03720700 -0.00942300
v -0.01499500 0.03720700 -0.00942300
v -0.01459100 0.03750000 -0.00881900
v -0.01459100 0.03750000 -0.00881900
v -0.01459100 0.03750000 -0.00881900
v -0.01523400 0.03720700 -0.00916600
v -0.01523400 0.03720700 -0.00916600
v -0.01523400 0.03720700 -0.00916600
v -0.01523400 0.03720700 -0.00916600
v -0.01523400 0.03720700 -0.00916600
v -0.01498000 0.03742700 -0.00895200
v -0.01498000 0.03742700 -0.00895200
v -0.01498000 0.03742700 -0.00895200
v -0.01498000 0.03742700 -0.00895200
v -0.01498000 0.03742700 -0.00895200
v -0.01498000 0.03742700 -0.00895200
v -0.01498000 0.03742700 -0.00895200
v -0.01468600 0.03750000 -0.00870500
v -0.01468600 0.03750000 -0.00870500
v -0.01468600 0.03750000 -0.00870500
v -0.01468600 0.03750000 -0.00870500
v -0.01468600 0.03750000 -0.00870500
v -0.01529900 0.03720700 -0.00908400
v -0.01529900 0.03720700 -0.00908400
v -0.01529900 0.03720700 -0.00908400
v -0.01529900 0.03720700 -0.00908400
v -0.01529900 0.03720700 -0.00908400
v -0.01534200 0.03720700 -0.00902300
v -0.01534200 0.03720700 -0.00902300
v -0.01534200 0.03720700 -0.00902300
v -0.01534200 0.03720700 -0.00902300
v -0.01534200 0.03720700 -0.00902300
v -0.01534200 0.03720700 -0.00902300
v -0.01506700 0.03742700 -0.00883800
v -0.01506700 0.03742700 -0.00883800
v -0.01506700 0.03742700 -0.00883800
v -0.01506700 0.03742700 -0.00883800
v -0.01506700 0.03742700 -0.00883800
v -0.01506700 0.03742700 -0.00883800
v -0.01506700 0.03742700 -0.00883800
v -0.01506700 0.03742700 -0.00883800
v -0.01474700 0.03750000 -0.00862300
v -0.01474700 0.03750000 -0.00862300
v -0.01474700 0.03750000 -0.00862300
v -0.01474700 0.03750000 -0.00862300
v -0.01471700 0.03750000 -0.00866400
v -0.01471700 0.03750000 -0.00866400
v -0.01471700 0.03750000 -0.00866400
v -0.01471700 0.03750000 -0.00866400
v -0.01471700 0.03750000 -0.00866400
v -0.01484200 0.03750000 -0.00847600
v -0.01484200 0.03750000 -0.00847600
v -0.01484200 0.03750000 -0.00847600
v -0.01492200 0.03750000 -0.00832100
v -0.01492200 0.03750000 -0.00832100
v -0.01492200 0.03750000 -0.00832100
v -0.01492200 0.03750000 -0.00832100
v -0.01530200 0.03742400 -0.00840400
v -0.01530200 0.03742400 -0.00840400
v -0.01530200 0.03742400 -0.00840400
v -0.01530200 0.03742400 -0.00840400
v -0.01530200 0.03742400 -0.00840400
v -0.01530200 0.03742400 -0.00840400
v -0.01530200 0.03742400 -0.00840400
v -0.01530200 0.03742400 -0.00840400
v -0.01530200 0.03742400 -0.00840400
v -0.01493500 0.03750000 -0.00829100
v -0.01493500 0.03750000 -0.00829100
v -0.01493500 0.03750000 -0.00829100
v -0.01493500 0.03750000 -0.00829100
v -0.01494800 0.03750000 -0.00826000
v -0.01494800 0.03750000 -0.00826000
v -0.01494800 0.03750000 -0.00826000
v -0.01494800 0.03750000 -0.00826000
v -0.01559900 0.03720700 -0.00853500
v -0.01559900 0.03720700 -0.00853500
v -0.01559900 0.03720700 -0.00853500
v -0.01559900 0.03720700 -0.00853500
v -0.01559900 0.03720700 -0.00853500
v -0.01559900 0.03720700 -0.00853500
v -0.01576200 0.03720700 -0.00798800
v -0.01576200 0.03720700 -0.00798800
v -0.01576200 0.03720700 -0.00798800
v -0.01576200 0.03720700 -0.00798800
v -0.01576200 0.03720700 -0.00798800
v -0.01576200 0.03720700 -0.00798800
v -0.01544000 0.03742500 -0.00793000
v -0.01544000 0.03742500 -0.00793000
v -0.01544000 0.03742500 -0.00793000
v -0.01544000 0.03742500 -0.00793000
v -0.01544000 0.03742500 -0.00793000
v -0.01544000 0.03742500 -0.00793000
v -0.01544000 0.03742500 -0.00793000
v -0.01506500 0.03750000 -0.00786200
v -0.01506500 0.03750000 -0.00786200
v -0.01506500 0.03750000 -0.00786200
v -0.01506500 0.03750000 -0.00786200
v -0.01506500 0.03750000 -0.00786200
v -0.01507300 0.03750000 -0.00781000
v -0.01507300 0.03750000 -0.00781000
v -0.01507300 0.03750000 -0.00781000
v -0.01507300 0.03750000 -0.00781000
v -0.01577100 0.03720700 -0.00793300
v -0.01577100 0.03720700 -0.00793300
v -0.01577100 0.03720700 -0.00793300
v -0.01577100 0.03720700 -0.00793300
v -0.01577100 0.03720700 -0.00793300
v -0.01577100 0.03720700 -0.00793300
v -0.01578500 0.03720700 -0.00780800
v -0.01578500 0.03720700 -0.00780800
v -0.01578500 0.03720700 -0.00780800
v -0.01578500 0.03720700 -0.00780800
v -0.01578500 0.03720700 -0.00780800
v -0.01545800 0.03742500 -0.00778500
v -0.01545800 0.03742500 -0.00778500
v -0.01545800 0.03742500 -0.00778500
v -0.01545800 0.03742500 -0.00778500
v -0.01545800 0.03742500 -0.00778500
v -0.01545800 0.03742500 -0.00778500
v -0.01507900 0.03750000 -0.00775800
v -0.01507900 0.03750000 -0.00775800
v -0.01507900 0.03750000 -0.00775800
v -0.01507900 0.03750000 -0.00775800
v -0.01508600 0.03750000 -0.00760600
v -0.01508600 0.03750000 -0.00760600
v -0.01508600 0.03750000 -0.00760600
v -0.01508600 0.03750000 -0.00760600
v -0.01547000 0.03742400 -0.00745400
v -0.01547000 0.03742400 -0.00745400
v -0.01547000 0.03742400 -0.00745400
v -0.01547000 0.03742400 -0.00745400
v -0.01547000 0.03742400 -0.00745400
v -0.01547000 0.03742400 -0.00745400
v -0.01547000 0.03742400 -0.00745400
v -0.01508700 0.03750000 -0.00745400
v -0.01508700 0.03750000 -0.00745400
v -0.01508700 0.03750000 -0.00745400
v -0.01579400 0.03720700 -0.00745400
v -0.01579400 0.03720700 -0.00745400
v -0.01579400 0.03720700 -0.00745400
v -0.01579400 0.03720700 -0.00745400
v -0.01579400 0.03720700 -0.00745400
v -0.01579400 0.03720700 -0.00745400
v -0.01508700 0.03750000 -0.00000000
v -0.01508700 0.03750000 -0.00000000
v -0.01508700 0.03750000 -0.00000000
v -0.01508700 0.03750000 -0.00000000
v -0.01555600 0.03738300 0.00746900
v -0.01555600 0.03738300 0.00746900
v -0.01555600 0.03738300 0.00746900
v -0.01555600 0.03738300 0.00746900
v -0.01555600 0.03738300 0.00746900
v -0.01555600 0.03738300 0.00746900
v -0.01555600 0.03738300 0.00746900
v -0.01555600 0.03738300 0.00746900
v -0.01508700 0.03750000 0.00746800
v -0.01508700 0.03750000 0.00746800
v -0.01508700 0.03750000 0.00746800
v -0.01508700 0.03750000 0.00746800
v -0.01579400 0.03720700 0.00746800
v -0.01579400 0.03720700 0.00746800
v -0.01579400 0.03720700 0.00746800
v -0.01579400 0.03720700 0.00746800
v -0.01579400 0.03720700 0.00746800
v -0.01579400 0.03720700 0.00746800
v -0.01508200 0.03750000 0.00761700
v -0.01508200 0.03750000 0.00761700
v -0.01508200 0.03750000 0.00761700
v -0.01508200 0.03750000 0.00761700
v -0.01578400 0.03720700 0.00781900
v -0.01578400 0.03720700 0.00781900
v -0.01578400 0.03720700 0.00781900
v -0.01578400 0.03720700 0.00781900
v -0.01578400 0.03720700 0.00781900
v -0.01545300 0.03742700 0.00779400
v -0.01545300 0.03742700 0.00779400
v -0.01545300 0.03742700 0.00779400
v -0.01545300 0.03742700 0.00779400
v -0.01545300 0.03742700 0.00779400
v -0.01545300 0.03742700 0.00779400
v -0.01545300 0.03742700 0.00779400
v -0.01507000 0.03750000 0.00776500
v -0.01507000 0.03750000 0.00776500
v -0.01507000 0.03750000 0.00776500
v -0.01507000 0.03750000 0.00776500
v -0.01507000 0.03750000 0.00776500
v -0.01577300 0.03720700 0.00792300
v -0.01577300 0.03720700 0.00792300
v -0.01577300 0.03720700 0.00792300
v -0.01577300 0.03720700 0.00792300
v -0.01577300 0.03720700 0.00792300
v -0.01576100 0.03720700 0.00799700
v -0.01576100 0.03720700 0.00799700
v -0.01576100 0.03720700 0.00799700
v -0.01576100 0.03720700 0.00799700
v -0.01576100 0.03720700 0.00799700
v -0.01576100 0.03720700 0.00799700
v -0.01543500 0.03742700 0.00793600
v -0.01543500 0.03742700 0.00793600
v -0.01543500 0.03742700 0.00793600
v -0.01543500 0.03742700 0.00793600
v -0.01543500 0.03742700 0.00793600
v -0.01543500 0.03742700 0.00793600
v -0.01543500 0.03742700 0.00793600
v -0.01543500 0.03742700 0.00793600
v -0.01505600 0.03750000 0.00786600
v -0.01505600 0.03750000 0.00786600
v -0.01505600 0.03750000 0.00786600
v -0.01505600 0.03750000 0.00786600
v -0.01506400 0.03750000 0.00781600
v -0.01506400 0.03750000 0.00781600
v -0.01506400 0.03750000 0.00781600
v -0.01506400 0.03750000 0.00781600
v -0.01506400 0.03750000 0.00781600
v -0.01502100 0.03750000 0.00803700
v -0.01502100 0.03750000 0.00803700
v -0.01502100 0.03750000 0.00803700
v -0.01502100 0.03750000 0.00803700
v -0.01496900 0.03750000 0.00820400
v -0.01496900 0.03750000 0.00820400
v -0.01496900 0.03750000 0.00820400
v -0.01496900 0.03750000 0.00820400
v -0.01496900 0.03750000 0.00820400
v -0.01529900 0.03742400 0.00841100
v -0.01529900 0.03742400 0.00841100
v -0.01529900 0.03742400 0.00841100
v -0.01529900 0.03742400 0.00841100
v -0.01529900 0.03742400 0.00841100
v -0.01529900 0.03742400 0.00841100
v -0.01529900 0.03742400 0.00841100
v -0.01529900 0.03742400 0.00841100
v -0.01529900 0.03742400 0.00841100
v -0.01495800 0.03750000 0.00823500
v -0.01495800 0.03750000 0.00823500
v -0.01495800 0.03750000 0.00823500
v -0.01495800 0.03750000 0.00823500
v -0.01494500 0.03750000 0.00826600
v -0.01494500 0.03750000 0.00826600
v -0.01494500 0.03750000 0.00826600
v -0.01494500 0.03750000 0.00826600
v -0.01560300 0.03720700 0.00852600
v -0.01560300 0.03720700 0.00852600
v -0.01560300 0.03720700 0.00852600
v -0.01560300 0.03720700 0.00852600
v -0.01560300 0.03720700 0.00852600
v -0.01560300 0.03720700 0.00852600
v -0.01533700 0.03720700 0.00903000
v -0.01533700 0.03720700 0.00903000
v -0.01533700 0.03720700 0.00903000
v -0.01533700 0.03720700 0.00903000
v -0.01533700 0.03720700 0.00903000
v -0.01533700 0.03720700 0.00903000
v -0.01506600 0.03742500 0.00884600
v -0.01506600 0.03742500 0.00884600
v -0.01506600 0.03742500 0.00884600
v -0.01506600 0.03742500 0.00884600
v -0.01506600 0.03742500 0.00884600
v -0.01506600 0.03742500 0.00884600
v -0.01506600 0.03742500 0.00884600
v -0.01475000 0.03750000 0.00863200
v -0.01475000 0.03750000 0.00863200
v -0.01475000 0.03750000 0.00863200
v -0.01475000 0.03750000 0.00863200
v -0.01475000 0.03750000 0.00863200
v -0.01472000 0.03750000 0.00867500
v -0.01472000 0.03750000 0.00867500
v -0.01472000 0.03750000 0.00867500
v -0.01472000 0.03750000 0.00867500
v -0.01530500 0.03720700 0.00907600
v -0.01530500 0.03720700 0.00907600
v -0.01530500 0.03720700 0.00907600
v -0.01530500 0.03720700 0.00907600
v -0.01530500 0.03720700 0.00907600
v -0.01530500 0.03720700 0.00907600
v -0.01522700 0.03720700 0.00917400
v -0.01522700 0.03720700 0.00917400
v -0.01522700 0.03720700 0.00917400
v -0.01522700 0.03720700 0.00917400
v -0.01522700 0.03720700 0.00917400
v -0.01497800 0.03742500 0.00896200
v -0.01497800 0.03742500 0.00896200
v -0.01497800 0.03742500 0.00896200
v -0.01497800 0.03742500 0.00896200
v -0.01497800 0.03742500 0.00896200
v -0.01497800 0.03742500 0.00896200
v -0.01468800 0.03750000 0.00871600
v -0.01468800 0.03750000 0.00871600
v -0.01468800 0.03750000 0.00871600
v -0.01468800 0.03750000 0.00871600
v -0.01468800 0.03750000 0.00871600
v -0.01458600 0.03750000 0.00882900
v -0.01458600 0.03750000 0.00882900
v -0.01458600 0.03750000 0.00882900
v -0.01458600 0.03750000 0.00882900
v 0.01169100 0.03750000 0.00375000
v 0.01169100 0.03750000 0.00375000
v 0.01169100 0.03750000 0.00375000
v 0.01169100 0.03400000 0.00375000
v 0.01169100 0.03400000 0.00375000
v 0.01169100 0.03400000 0.00375000
v 0.01299300 0.03750000 0.00404700
v 0.01299300 0.03750000 0.00404700
v 0.01299300 0.03750000 0.00404700
v 0.01299300 0.03400000 0.00404700
v 0.01299300 0.03400000 0.00404700
v 0.01299300 0.03400000 0.00404700
v 0.01403700 0.03750000 0.00488000
v 0.01403700 0.03750000 0.00488000
v 0.01403700 0.03750000 0.00488000
v 0.01403700 0.03400000 0.00488000
v 0.01403700 0.03400000 0.00488000
v 0.01403700 0.03400000 0.00488000
v 0.01461600 0.03750000 0.00608200
v 0.01461600 0.03750000 0.00608200
v 0.01461600 0.03750000 0.00608200
v 0.01461600 0.03750000 0.00608200
v 0.01461600 0.03750000 0.00608200
v 0.01461600 0.03750000 0.00608200
v 0.01461600 0.03750000 0.00608200
v 0.01461600 0.03750000 0.00608200
v 0.01461600 0.03750000 0.00608200
v 0.01461600 0.03400000 0.00608200
v 0.01461600 0.03400000 0.00608200
v 0.01461600 0.03400000 0.00608200
v 0.01461600 0.03750000 0.00741800
v 0.01461600 0.03750000 0.00741800
v 0.01461600 0.03750000 0.00741800
v 0.01461600 0.03400000 0.00741800
v 0.01461600 0.03400000 0.00741800
v 0.01461600 0.03400000 0.00741800
v 0.01403700 0.03750000 0.00862000
v 0.01403700 0.03750000 0.00862000
v 0.01403700 0.03750000 0.00862000
v 0.01403700 0.03750000 0.00862000
v 0.01403700 0.03400000 0.00862100
v 0.01403700 0.03400000 0.00862100
v 0.01403700 0.03400000 0.00862100
v 0.01299300 0.03750000 0.00945300
v 0.01299300 0.03750000 0.00945300
v 0.01299300 0.03750000 0.00945300
v 0.01299300 0.03400000 0.00945300
v 0.01299300 0.03400000 0.00945300
v 0.01299300 0.03400000 0.00945300
v 0.01169100 0.03750000 0.00975000
v 0.01169100 0.03750000 0.00975000
v 0.01169100 0.03750000 0.00975000
v 0.01169100 0.03400000 0.00975000
v 0.01169100 0.03400000 0.00975000
v 0.01169100 0.03400000 0.00975000
v 0.01019100 0.03750000 0.00934800
v 0.01019100 0.03750000 0.00934800
v 0.01019100 0.03750000 0.00934800
v 0.01019100 0.03750000 0.00934800
v 0.01019100 0.03400000 0.00934800
v 0.01019100 0.03400000 0.00934800
v 0.01019100 0.03400000 0.00934800
v 0.00909300 0.03750000 0.00825000
v 0.00909300 0.03750000 0.00825000
v 0.00909300 0.03750000 0.00825000
v 0.00909300 0.03400000 0.00825000
v 0.00909300 0.03400000 0.00825000
v 0.00909300 0.03400000 0.00825000
v 0.00869100 0.03750000 0.00675000
v 0.00869100 0.03750000 0.00675000
v 0.00869100 0.03750000 0.00675000
v 0.00869100 0.03400000 0.00675000
v 0.00869100 0.03400000 0.00675000
v 0.00869100 0.03400000 0.00675000
v 0.00909300 0.03750000 0.00525000
v 0.00909300 0.03750000 0.00525000
v 0.00909300 0.03750000 0.00525000
v 0.00909300 0.03400000 0.00525000
v 0.00909300 0.03400000 0.00525000
v 0.00909300 0.03400000 0.00525000
v 0.01019100 0.03750000 0.00415200
v 0.01019100 0.03750000 0.00415200
v 0.01019100 0.03750000 0.00415200
v 0.01019100 0.03400000 0.00415200
v 0.01019100 0.03400000 0.00415200
v 0.01019100 0.03400000 0.00415200
v -0.01169200 0.03750000 0.00375000
v -0.01169200 0.03750000 0.00375000
v -0.01169200 0.03750000 0.00375000
v -0.01169100 0.03400000 0.00375000
v -0.01169100 0.03400000 0.00375000
v -0.01169100 0.03400000 0.00375000
v -0.01039000 0.03750000 0.00404700
v -0.01039000 0.03750000 0.00404700
v -0.01039000 0.03750000 0.00404700
v -0.01039000 0.03400000 0.00404700
v -0.01039000 0.03400000 0.00404700
v -0.01039000 0.03400000 0.00404700
v -0.00934600 0.03750000 0.00488000
v -0.00934600 0.03750000 0.00488000
v -0.00934600 0.03750000 0.00488000
v -0.00934600 0.03400000 0.00488000
v -0.00934600 0.03400000 0.00488000
v -0.00934600 0.03400000 0.00488000
v -0.00876700 0.03750000 0.00608200
v -0.00876700 0.03750000 0.00608200
v -0.00876700 0.03750000 0.00608200
v -0.00876700 0.03400000 0.00608200
v -0.00876700 0.03400000 0.00608200
v -0.00876700 0.03400000 0.00608200
v -0.00876700 0.03750000 0.00741800
v -0.00876700 0.03750000 0.00741800
v -0.00876700 0.03750000 0.00741800
v -0.00876700 0.03400000 0.00741800
v -0.00876700 0.03400000 0.00741800
v -0.00876700 0.03400000 0.00741800
v -0.00934600 0.03750000 0.00862000
v -0.00934600 0.03750000 0.00862000
v -0.00934600 0.03750000 0.00862000
v -0.00934600 0.03400000 0.00862000
v -0.00934600 0.03400000 0.00862000
v -0.00934600 0.03400000 0.00862000
v -0.01039000 0.03750000 0.00945300
v -0.01039000 0.03750000 0.00945300
v -0.01039000 0.03750000 0.00945300
v -0.01039000 0.03400000 0.00945300
v -0.01039000 0.03400000 0.00945300
v -0.01039000 0.03400000 0.00945300
v -0.01169200 0.03750000 0.00975000
v -0.01169200 0.03750000 0.00975000
v -0.01169200 0.03750000 0.00975000
v -0.01169200 0.03750000 0.00975000
v -0.01169200 0.03750000 0.00975000
v -0.01169200 0.03750000 0.00975000
v -0.01169200 0.03750000 0.00975000
v -0.01169200 0.03750000 0.00975000
v -0.01169200 0.03750000 0.00975000
v -0.01169200 0.03750000 0.00975000
v -0.01169200 0.03750000 0.00975000
v -0.01169200 0.03400000 0.00975000
v -0.01169200 0.03400000 0.00975000
v -0.01169200 0.03400000 0.00975000
v -0.01319200 0.03750000 0.00934800
v -0.01319200 0.03750000 0.00934800
v -0.01319200 0.03750000 0.00934800
v -0.01319200 0.03400000 0.00934800
v -0.01319200 0.03400000 0.00934800
v -0.01319200 0.03400000 0.00934800
v -0.01429000 0.03750000 0.00825000
v -0.01429000 0.03750000 0.00825000
v -0.01429000 0.03750000 0.00825000
v -0.01429000 0.03750000 0.00825000
v -0.01429000 0.03750000 0.00825000
v -0.01429000 0.03750000 0.00825000
v -0.01429000 0.03750000 0.00825000
v -0.01429000 0.03750000 0.00825000
v -0.01429000 0.03750000 0.00825000
v -0.01429000 0.03750000 0.00825000
v -0.01429000 0.03750000 0.00825000
v -0.01429000 0.03400000 0.00825000
v -0.01429000 0.03400000 0.00825000
v -0.01429000 0.03400000 0.00825000
v -0.01469200 0.03750000 0.00675000
v -0.01469200 0.03750000 0.00675000
v -0.01469200 0.03750000 0.00675000
v -0.01469100 0.03400000 0.00675000
v -0.01469100 0.03400000 0.00675000
v -0.01469100 0.03400000 0.00675000
v -0.01429000 0.03750000 0.00525000
v -0.01429000 0.03750000 0.00525000
v -0.01429000 0.03750000 0.00525000
v -0.01429000 0.03400000 0.00525000
v -0.01429000 0.03400000 0.00525000
v -0.01429000 0.03400000 0.00525000
v -0.01319200 0.03750000 0.00415200
v -0.01319200 0.03750000 0.00415200
v -0.01319200 0.03750000 0.00415200
v -0.01319100 0.03400000 0.00415200
v -0.01319100 0.03400000 0.00415200
v -0.01319100 0.03400000 0.00415200
v 0.01169100 0.03750000 -0.00975000
v 0.01169100 0.03750000 -0.00975000
v 0.01169100 0.03750000 -0.00975000
v 0.01169100 0.03400000 -0.00975000
v 0.01169100 0.03400000 -0.00975000
v 0.01169100 0.03400000 -0.00975000
v 0.01299300 0.03750000 -0.00945300
v 0.01299300 0.03750000 -0.00945300
v 0.01299300 0.03750000 -0.00945300
v 0.01299300 0.03400000 -0.00945300
v 0.01299300 0.03400000 -0.00945300
v 0.01299300 0.03400000 -0.00945300
v 0.01403700 0.03750000 -0.00862000
v 0.01403700 0.03750000 -0.00862000
v 0.01403700 0.03750000 -0.00862000
v 0.01403700 0.03400000 -0.00862000
v 0.01403700 0.03400000 -0.00862000
v 0.01403700 0.03400000 -0.00862000
v 0.01461600 0.03750000 -0.00741800
v 0.01461600 0.03750000 -0.00741800
v 0.01461600 0.03750000 -0.00741800
v 0.01461600 0.03400000 -0.00741800
v 0.01461600 0.03400000 -0.00741800
v 0.01461600 0.03400000 -0.00741800
v 0.01461600 0.03750000 -0.00608200
v 0.01461600 0.03750000 -0.00608200
v 0.01461600 0.03750000 -0.00608200
v 0.01461600 0.03400000 -0.00608200
v 0.01461600 0.03400000 -0.00608200
v 0.01461600 0.03400000 -0.00608200
v 0.01403700 0.03750000 -0.00488000
v 0.01403700 0.03750000 -0.00488000
v 0.01403700 0.03750000 -0.00488000
v 0.01403700 0.03750000 -0.00488000
v 0.01403700 0.03750000 -0.00488000
v 0.01403700 0.03400000 -0.00487900
v 0.01403700 0.03400000 -0.00487900
v 0.01403700 0.03400000 -0.00487900
v 0.01299300 0.03750000 -0.00404700
v 0.01299300 0.03750000 -0.00404700
v 0.01299300 0.03750000 -0.00404700
v 0.01299300 0.03400000 -0.00404700
v 0.01299300 0.03400000 -0.00404700
v 0.01299300 0.03400000 -0.00404700
v 0.01169100 0.03750000 -0.00375000
v 0.01169100 0.03750000 -0.00375000
v 0.01169100 0.03750000 -0.00375000
v 0.01169100 0.03400000 -0.00375000
v 0.01169100 0.03400000 -0.00375000
v 0.01169100 0.03400000 -0.00375000
v 0.01019100 0.03750000 -0.00415200
v 0.01019100 0.03750000 -0.00415200
v 0.01019100 0.03750000 -0.00415200
v 0.01019100 0.03400000 -0.00415200
v 0.01019100 0.03400000 -0.00415200
v 0.01019100 0.03400000 -0.00415200
v 0.00909300 0.03750000 -0.00525000
v 0.00909300 0.03750000 -0.00525000
v 0.00909300 0.03750000 -0.00525000
v 0.00909300 0.03400000 -0.00525000
v 0.00909300 0.03400000 -0.00525000
v 0.00909300 0.03400000 -0.00525000
v 0.00869100 0.03750000 -0.00675000
v 0.00869100 0.03750000 -0.00675000
v 0.00869100 0.03750000 -0.00675000
v 0.00869100 0.03400000 -0.00675000
v 0.00869100 0.03400000 -0.00675000
v 0.00869100 0.03400000 -0.00675000
v 0.00909300 0.03750000 -0.00825000
v 0.00909300 0.03750000 -0.00825000
v 0.00909300 0.03750000 -0.00825000
v 0.00909300 0.03400000 -0.00825000
v 0.00909300 0.03400000 -0.00825000
v 0.00909300 0.03400000 -0.00825000
v 0.01019100 0.03750000 -0.00934800
v 0.01019100 0.03750000 -0.00934800
v 0.01019100 0.03750000 -0.00934800
v 0.01019100 0.03400000 -0.00934800
v 0.01019100 0.03400000 -0.00934800
v 0.01019100 0.03400000 -0.00934800
v -0.01169100 0.03750000 -0.00975000
v -0.01169100 0.03750000 -0.00975000
v -0.01169100 0.03750000 -0.00975000
v -0.01169100 0.03750000 -0.00975000
v -0.01169100 0.03400000 -0.00975000
v -0.01169100 0.03400000 -0.00975000
v -0.01169100 0.03400000 -0.00975000
v -0.01039000 0.03750000 -0.00945300
v -0.01039000 0.03750000 -0.00945300
v -0.01039000 0.03750000 -0.00945300
v -0.01039000 0.03400000 -0.00945300
v -0.01039000 0.03400000 -0.00945300
v -0.01039000 0.03400000 -0.00945300
v -0.00934600 0.03750000 -0.00862000
v -0.00934600 0.03750000 -0.00862000
v -0.00934600 0.03750000 -0.00862000
v -0.00934600 0.03400000 -0.00862000
v -0.00934600 0.03400000 -0.00862000
v -0.00934600 0.03400000 -0.00862000
v -0.00876700 0.03750000 -0.00741800
v -0.00876700 0.03750000 -0.00741800
v -0.00876700 0.03750000 -0.00741800
v -0.00876700 0.03400000 -0.00741800
v -0.00876700 0.03400000 -0.00741800
v -0.00876700 0.03400000 -0.00741800
v -0.00876700 0.03750000 -0.00608200
v -0.00876700 0.03750000 -0.00608200
v -0.00876700 0.03750000 -0.00608200
v -0.00876700 0.03400000 -0.00608200
v -0.00876700 0.03400000 -0.00608200
v -0.00876700 0.03400000 -0.00608200
v -0.00934600 0.03750000 -0.00488000
v -0.00934600 0.03750000 -0.00488000
v -0.00934600 0.03750000 -0.00488000
v -0.00934600 0.03400000 -0.00488000
v -0.00934600 0.03400000 -0.00488000
v -0.00934600 0.03400000 -0.00488000
v -0.01039000 0.03750000 -0.00404700
v -0.01039000 0.03750000 -0.00404700
v -0.01039000 0.03750000 -0.00404700
v -0.01039000 0.03400000 -0.00404700
v -0.01039000 0.03400000 -0.00404700
v -0.01039000 0.03400000 -0.00404700
v -0.01169100 0.03750000 -0.00375000
v -0.01169100 0.03750000 -0.00375000
v -0.01169100 0.03750000 -0.00375000
v -0.01169100 0.03400000 -0.00375000
v -0.01169100 0.03400000 -0.00375000
v -0.01169100 0.03400000 -0.00375000
v -0.01319100 0.03750000 -0.00415200
v -0.01319100 0.03750000 -0.00415200
v -0.01319100 0.03750000 -0.00415200
v -0.01319100 0.03400000 -0.00415200
v -0.01319100 0.03400000 -0.00415200
v -0.01319100 0.03400000 -0.00415200
v -0.01429000 0.03750000 -0.00525000
v -0.01429000 0.03750000 -0.00525000
v -0.01429000 0.03750000 -0.00525000
v -0.01429000 0.03400000 -0.00525000
v -0.01429000 0.03400000 -0.00525000
v -0.01429000 0.03400000 -0.00525000
v -0.01469100 0.03750000 -0.00675000
v -0.01469100 0.03750000 -0.00675000
v -0.01469100 0.03750000 -0.00675000
v -0.01469100 0.03400000 -0.00675000
v -0.01469100 0.03400000 -0.00675000
v -0.01469100 0.03400000 -0.00675000
v -0.01429000 0.03750000 -0.00825000
v -0.01429000 0.03750000 -0.00825000
v -0.01429000 0.03750000 -0.00825000
v -0.01429000 0.03750000 -0.00825000
v -0.01429000 0.03750000 -0.00825000
v -0.01429000 0.03750000 -0.00825000
v -0.01429000 0.03750000 -0.00825000
v -0.01429000 0.03400000 -0.00825000
v -0.01429000 0.03400000 -0.00825000
v -0.01429000 0.03400000 -0.00825000
v -0.01319100 0.03750000 -0.00934800
v -0.01319100 0.03750000 -0.00934800
v -0.01319100 0.03750000 -0.00934800
v -0.01319100 0.03750000 -0.00934800
v -0.01319100 0.03400000 -0.00934800
v -0.01319100 0.03400000 -0.00934800
v -0.01319100 0.03400000 -0.00934800
v 0.06367800 0.03700000 0.00172700
v 0.06367800 0.03700000 0.00172700
v 0.06367800 0.03700000 0.00172700
v 0.06367800 0.03700000 0.00172700
v 0.06367800 0.03700000 0.00172700
v 0.06367800 0.03700000 0.00172700
v 0.06367800 0.03700000 0.00172700
v 0.06367800 0.03700000 0.00172700
v 0.06367900 0.03700000 0.00800000
v 0.06367900 0.03700000 0.00800000
v 0.06367900 0.03700000 0.00800000
v 0.06367900 0.03700000 0.00800000
v 0.06367900 0.03700000 0.00800000
v 0.06367900 0.03700000 0.00800000
v 0.06367900 0.03700000 0.00800000
v 0.06371500 0.03718800 0.00172700
v 0.06371500 0.03718800 0.00172700
v 0.06371500 0.03718800 0.00172700
v 0.06371500 0.03718800 0.00172700
v 0.06371500 0.03718800 0.00172700
v 0.06371500 0.03718800 0.00172700
v 0.06371700 0.03719200 0.00800000
v 0.06371700 0.03719200 0.00800000
v 0.06371700 0.03719200 0.00800000
v 0.06371700 0.03719200 0.00800000
v 0.06371700 0.03719200 0.00800000
v 0.06371700 0.03719200 0.00800000
v 0.06376400 0.03728000 0.00172700
v 0.06376400 0.03728000 0.00172700
v 0.06376400 0.03728000 0.00172700
v 0.06376400 0.03728000 0.00172700
v 0.06376400 0.03728000 0.00172700
v 0.06376400 0.03728000 0.00172700
v 0.06376400 0.03728000 0.00172700
v 0.06382500 0.03735400 0.00800000
v 0.06382500 0.03735400 0.00800000
v 0.06382500 0.03735400 0.00800000
v 0.06382500 0.03735400 0.00800000
v 0.06382500 0.03735400 0.00800000
v 0.06382500 0.03735400 0.00800000
v 0.06382500 0.03735400 0.00800000
v 0.06382300 0.03735200 0.00172700
v 0.06382300 0.03735200 0.00172700
v 0.06382300 0.03735200 0.00172700
v 0.06382300 0.03735200 0.00172700
v 0.06384800 0.03737600 0.00172700
v 0.06384800 0.03737600 0.00172700
v 0.06384800 0.03737600 0.00172700
v 0.06384800 0.03737600 0.00172700
v 0.06384800 0.03737600 0.00172700
v 0.06398700 0.03746200 0.00800000
v 0.06398700 0.03746200 0.00800000
v 0.06398700 0.03746200 0.00800000
v 0.06398700 0.03746200 0.00800000
v 0.06398700 0.03746200 0.00800000
v 0.06398600 0.03746200 0.00172700
v 0.06398600 0.03746200 0.00172700
v 0.06398600 0.03746200 0.00172700
v 0.06398600 0.03746200 0.00172700
v 0.06398600 0.03746200 0.00172700
v 0.06398600 0.03746200 0.00172700
v 0.06398600 0.03746200 0.00172700
v 0.06398600 0.03746200 0.00172700
v 0.06417900 0.03750000 0.00800000
v 0.06417900 0.03750000 0.00800000
v 0.06417900 0.03750000 0.00800000
v 0.06417900 0.03750000 0.00800000
v 0.06417900 0.03750000 0.00800000
v 0.06417900 0.03750000 0.00172700
v 0.06417900 0.03750000 0.00172700
v 0.06417900 0.03750000 0.00172700
v 0.06417900 0.03750000 0.00172700
v 0.06381500 0.03746400 0.00888500
v 0.06381500 0.03746400 0.00888500
v 0.06381500 0.03746400 0.00888500
v 0.06381500 0.03746400 0.00888500
v 0.06381500 0.03746400 0.00888500
v 0.06381500 0.03746400 0.00888500
v 0.06381500 0.03746400 0.00888500
v 0.06389000 0.03750000 0.00916600
v 0.06389000 0.03750000 0.00916600
v 0.06389000 0.03750000 0.00916600
v 0.06389000 0.03750000 0.00916600
v 0.06167900 0.03750000 0.01050000
v 0.06167900 0.03750000 0.01050000
v 0.06167900 0.03750000 0.01050000
v 0.06167900 0.03750000 0.01050000
v 0.06199000 0.03750000 0.01048100
v 0.06199000 0.03750000 0.01048100
v 0.06199000 0.03750000 0.01048100
v 0.06256300 0.03746400 0.01013600
v 0.06256300 0.03746400 0.01013600
v 0.06256300 0.03746400 0.01013600
v 0.06256300 0.03746400 0.01013600
v 0.06256300 0.03746400 0.01013600
v 0.06256300 0.03746400 0.01013600
v 0.06167900 0.03746200 0.01030800
v 0.06167900 0.03746200 0.01030800
v 0.06167900 0.03746200 0.01030800
v 0.06167900 0.03746200 0.01030800
v 0.06167900 0.03746200 0.01030800
v 0.06167900 0.03746200 0.01030800
v 0.06167900 0.03746200 0.01030800
v 0.06250100 0.03735500 0.00998500
v 0.06250100 0.03735500 0.00998500
v 0.06250100 0.03735500 0.00998500
v 0.06250100 0.03735500 0.00998500
v 0.06250100 0.03735500 0.00998500
v 0.06250100 0.03735500 0.00998500
v 0.06167900 0.03735200 0.01014500
v 0.06167900 0.03735200 0.01014500
v 0.06167900 0.03735200 0.01014500
v 0.06167900 0.03735200 0.01014500
v 0.06167900 0.03735200 0.01014500
v 0.06167900 0.03735200 0.01014500
v 0.06245900 0.03719300 0.00988300
v 0.06245900 0.03719300 0.00988300
v 0.06245900 0.03719300 0.00988300
v 0.06245900 0.03719300 0.00988300
v 0.06245900 0.03719300 0.00988300
v 0.06245900 0.03719300 0.00988300
v 0.06167900 0.03718800 0.01003700
v 0.06167900 0.03718800 0.01003700
v 0.06167900 0.03718800 0.01003700
v 0.06167900 0.03718800 0.01003700
v 0.06167900 0.03718800 0.01003700
v 0.06167900 0.03718800 0.01003700
v 0.06244400 0.03700000 0.00984800
v 0.06244400 0.03700000 0.00984800
v 0.06244400 0.03700000 0.00984800
v 0.06244400 0.03700000 0.00984800
v 0.06244400 0.03700000 0.00984800
v 0.06167900 0.03700000 0.01000000
v 0.06167900 0.03700000 0.01000000
v 0.06167900 0.03700000 0.01000000
v 0.06167900 0.03700000 0.01000000
v 0.06309700 0.03750000 0.01005900
v 0.06309700 0.03750000 0.01005900
v 0.06309700 0.03750000 0.01005900
v 0.06309700 0.03750000 0.01005900
v 0.06331300 0.03746400 0.00963500
v 0.06331300 0.03746400 0.00963500
v 0.06331300 0.03746400 0.00963500
v 0.06331300 0.03746400 0.00963500
v 0.06331300 0.03746400 0.00963500
v 0.06331300 0.03746400 0.00963500
v 0.06319800 0.03735500 0.00951900
v 0.06319800 0.03735500 0.00951900
v 0.06319800 0.03735500 0.00951900
v 0.06319800 0.03735500 0.00951900
v 0.06319800 0.03735500 0.00951900
v 0.06319800 0.03735500 0.00951900
v 0.06312000 0.03719300 0.00944200
v 0.06312000 0.03719300 0.00944200
v 0.06312000 0.03719300 0.00944200
v 0.06312000 0.03719300 0.00944200
v 0.06312000 0.03719300 0.00944200
v 0.06309300 0.03700000 0.00941400
v 0.06309300 0.03700000 0.00941400
v 0.06309300 0.03700000 0.00941400
v 0.06309300 0.03700000 0.00941400
v 0.06366300 0.03735500 0.00882200
v 0.06366300 0.03735500 0.00882200
v 0.06366300 0.03735500 0.00882200
v 0.06366300 0.03735500 0.00882200
v 0.06366300 0.03735500 0.00882200
v 0.06366300 0.03735500 0.00882200
v 0.06356200 0.03719300 0.00878000
v 0.06356200 0.03719300 0.00878000
v 0.06356200 0.03719300 0.00878000
v 0.06356200 0.03719300 0.00878000
v 0.06356200 0.03719300 0.00878000
v 0.06352600 0.03700000 0.00876500
v 0.06352600 0.03700000 0.00876500
v 0.06352600 0.03700000 0.00876500
v 0.06352600 0.03700000 0.00876500
v 0.03503400 0.03700000 0.01000000
v 0.03503400 0.03700000 0.01000000
v 0.03503400 0.03700000 0.01000000
v 0.03503400 0.03700000 0.01000000
v 0.03503400 0.03700000 0.01000000
v 0.03503400 0.03700000 0.01000000
v 0.03503400 0.03700000 0.01000000
v 0.03503400 0.03718800 0.01003700
v 0.03503400 0.03718800 0.01003700
v 0.03503400 0.03718800 0.01003700
v 0.03503400 0.03718800 0.01003700
v 0.03503400 0.03718800 0.01003700
v 0.03503400 0.03728000 0.01008500
v 0.03503400 0.03728000 0.01008500
v 0.03503400 0.03728000 0.01008500
v 0.03503400 0.03728000 0.01008500
v 0.03503400 0.03728000 0.01008500
v 0.03503400 0.03735200 0.01014500
v 0.03503400 0.03735200 0.01014500
v 0.03503400 0.03735200 0.01014500
v 0.03503400 0.03735200 0.01014500
v 0.03503400 0.03735200 0.01014500
v 0.03503400 0.03735200 0.01014500
v 0.03503400 0.03737600 0.01017000
v 0.03503400 0.03737600 0.01017000
v 0.03503400 0.03737600 0.01017000
v 0.03503400 0.03737600 0.01017000
v 0.03503400 0.03737600 0.01017000
v 0.03503400 0.03746200 0.01030800
v 0.03503400 0.03746200 0.01030800
v 0.03503400 0.03746200 0.01030800
v 0.03503400 0.03746200 0.01030800
v 0.03503400 0.03746200 0.01030800
v 0.03503400 0.03746200 0.01030800
v 0.03503400 0.03746200 0.01030800
v 0.03503400 0.03746200 0.01030800
v 0.03503400 0.03750000 0.01050000
v 0.03503400 0.03750000 0.01050000
v 0.03503400 0.03750000 0.01050000
v 0.03503400 0.03750000 0.01050000
v 0.03485700 0.03750000 0.01050000
v 0.03485700 0.03750000 0.01050000
v 0.03485700 0.03750000 0.01050000
v 0.03485700 0.03750000 0.01050000
v 0.03439200 0.03750000 0.01048600
v 0.03439200 0.03750000 0.01048600
v 0.03439200 0.03750000 0.01048600
v 0.03439200 0.03750000 0.01048600
v 0.03439200 0.03750000 0.01048600
v 0.03439200 0.03750000 0.01048600
v 0.03454200 0.03750000 0.01049300
v 0.03454200 0.03750000 0.01049300
v 0.03454200 0.03750000 0.01049300
v 0.03454200 0.03750000 0.01049300
v 0.03469400 0.03750000 0.01049800
v 0.03469400 0.03750000 0.01049800
v 0.03469400 0.03750000 0.01049800
v 0.03469400 0.03750000 0.01049800
v 0.03251200 0.03750000 0.01009200
v 0.03251200 0.03750000 0.01009200
v 0.03251200 0.03750000 0.01009200
v 0.03251200 0.03750000 0.01009200
v 0.03254700 0.03750000 0.01010500
v 0.03254700 0.03750000 0.01010500
v 0.03254700 0.03750000 0.01010500
v 0.03254700 0.03750000 0.01010500
v 0.03252800 0.03749800 0.01005000
v 0.03252800 0.03749800 0.01005000
v 0.03252800 0.03749800 0.01005000
v 0.03252800 0.03749800 0.01005000
v 0.03252800 0.03749800 0.01005000
v 0.03252800 0.03749800 0.01005000
v 0.03252800 0.03749800 0.01005000
v 0.03302100 0.03750000 0.01025600
v 0.03302100 0.03750000 0.01025600
v 0.03302100 0.03750000 0.01025600
v 0.03302100 0.03750000 0.01025600
v 0.03302100 0.03750000 0.01025600
v 0.03378900 0.03748600 0.01030200
v 0.03378900 0.03748600 0.01030200
v 0.03378900 0.03748600 0.01030200
v 0.03378900 0.03748600 0.01030200
v 0.03378900 0.03748600 0.01030200
v 0.03378900 0.03748600 0.01030200
v 0.03378900 0.03748600 0.01030200
v 0.03344600 0.03750000 0.01035900
v 0.03344600 0.03750000 0.01035900
v 0.03344600 0.03750000 0.01035900
v 0.03344600 0.03750000 0.01035900
v 0.03344600 0.03750000 0.01035900
v 0.03141700 0.03747700 0.00940400
v 0.03141700 0.03747700 0.00940400
v 0.03141700 0.03747700 0.00940400
v 0.03141700 0.03747700 0.00940400
v 0.03141700 0.03747700 0.00940400
v 0.03141700 0.03747700 0.00940400
v 0.03141700 0.03747700 0.00940400
v 0.03141700 0.03747700 0.00940400
v 0.03141700 0.03747700 0.00940400
v 0.03141700 0.03747700 0.00940400
v 0.03133900 0.03750000 0.00953000
v 0.03133900 0.03750000 0.00953000
v 0.03133900 0.03750000 0.00953000
v 0.03133900 0.03750000 0.00953000
v 0.03174600 0.03750000 0.00976200
v 0.03174600 0.03750000 0.00976200
v 0.03174600 0.03750000 0.00976200
v 0.03174600 0.03750000 0.00976200
v 0.03174600 0.03750000 0.00976200
v 0.03033300 0.03750000 0.00870100
v 0.03033300 0.03750000 0.00870100
v 0.03033300 0.03750000 0.00870100
v 0.03033300 0.03750000 0.00870100
v 0.03033300 0.03750000 0.00870100
v 0.03046100 0.03750000 0.00883000
v 0.03046100 0.03750000 0.00883000
v 0.03046100 0.03750000 0.00883000
v 0.03039700 0.03749200 0.00863800
v 0.03039700 0.03749200 0.00863800
v 0.03039700 0.03749200 0.00863800
v 0.03039700 0.03749200 0.00863800
v 0.03039700 0.03749200 0.00863800
v 0.03039700 0.03749200 0.00863800
v 0.03039700 0.03749200 0.00863800
v 0.03039700 0.03749200 0.00863800
v 0.03058400 0.03750000 0.00895000
v 0.03058400 0.03750000 0.00895000
v 0.03058400 0.03750000 0.00895000
v 0.03058400 0.03750000 0.00895000
v 0.03064400 0.03750000 0.00900600
v 0.03064400 0.03750000 0.00900600
v 0.03064400 0.03750000 0.00900600
v 0.03064400 0.03750000 0.00900600
v 0.03064400 0.03750000 0.00900600
v 0.03070000 0.03750000 0.00905600
v 0.03070000 0.03750000 0.00905600
v 0.03070000 0.03750000 0.00905600
v 0.03070000 0.03750000 0.00905600
v 0.03082000 0.03750000 0.00915800
v 0.03082000 0.03750000 0.00915800
v 0.03082000 0.03750000 0.00915800
v 0.03082000 0.03750000 0.00915800
v 0.03128400 0.03750000 0.00949600
v 0.03128400 0.03750000 0.00949600
v 0.03128400 0.03750000 0.00949600
v 0.03128400 0.03750000 0.00949600
v 0.03157800 0.03721100 0.00914500
v 0.03157800 0.03721100 0.00914500
v 0.03157800 0.03721100 0.00914500
v 0.03157800 0.03721100 0.00914500
v 0.03157800 0.03721100 0.00914500
v 0.03157800 0.03721100 0.00914500
v 0.03157800 0.03721100 0.00914500
v 0.03158000 0.03720300 0.00914200
v 0.03158000 0.03720300 0.00914200
v 0.03158000 0.03720300 0.00914200
v 0.03158000 0.03720300 0.00914200
v 0.03158000 0.03720300 0.00914200
v 0.03063900 0.03725700 0.00840100
v 0.03063900 0.03725700 0.00840100
v 0.03063900 0.03725700 0.00840100
v 0.03063900 0.03725700 0.00840100
v 0.03063900 0.03725700 0.00840100
v 0.03383000 0.03733100 0.01004800
v 0.03383000 0.03733100 0.01004800
v 0.03383000 0.03733100 0.01004800
v 0.03383000 0.03733100 0.01004800
v 0.03383000 0.03733100 0.01004800
v 0.03383000 0.03733100 0.01004800
v 0.03383000 0.03733100 0.01004800
v 0.03384400 0.03718000 0.00995700
v 0.03384400 0.03718000 0.00995700
v 0.03384400 0.03718000 0.00995700
v 0.03384400 0.03718000 0.00995700
v 0.03384400 0.03718000 0.00995700
v 0.03384400 0.03718000 0.00995700
v 0.03384800 0.03707500 0.00993000
v 0.03384800 0.03707500 0.00993000
v 0.03384800 0.03707500 0.00993000
v 0.03384800 0.03707500 0.00993000
v 0.03384800 0.03707500 0.00993000
v 0.03384800 0.03707500 0.00993000
v 0.03384800 0.03706500 0.00992800
v 0.03384800 0.03706500 0.00992800
v 0.03384800 0.03706500 0.00992800
v 0.03384800 0.03706500 0.00992800
v 0.03384800 0.03706500 0.00992800
v 0.03384800 0.03706500 0.00992800
v 0.03384800 0.03706500 0.00992800
v 0.03384800 0.03706500 0.00992800
v 0.03267600 0.03713800 0.00964000
v 0.03267600 0.03713800 0.00964000
v 0.03267600 0.03713800 0.00964000
v 0.03267600 0.03713800 0.00964000
v 0.03267600 0.03713800 0.00964000
v 0.03267600 0.03713800 0.00964000
v 0.03381500 0.03741500 0.01014300
v 0.03381500 0.03741500 0.01014300
v 0.03381500 0.03741500 0.01014300
v 0.03381500 0.03741500 0.01014300
v 0.03381500 0.03741500 0.01014300
v 0.03381500 0.03741500 0.01014300
v 0.03063600 0.03726600 0.00840500
v 0.03063600 0.03726600 0.00840500
v 0.03063600 0.03726600 0.00840500
v 0.03063600 0.03726600 0.00840500
v 0.03063600 0.03726600 0.00840500
v 0.03058700 0.03735100 0.00845200
v 0.03058700 0.03735100 0.00845200
v 0.03058700 0.03735100 0.00845200
v 0.03058700 0.03735100 0.00845200
v 0.03058700 0.03735100 0.00845200
v 0.03058700 0.03735100 0.00845200
v 0.03154800 0.03730500 0.00919400
v 0.03154800 0.03730500 0.00919400
v 0.03154800 0.03730500 0.00919400
v 0.03154800 0.03730500 0.00919400
v 0.03154800 0.03730500 0.00919400
v 0.03154800 0.03730500 0.00919400
v 0.03051000 0.03743400 0.00852800
v 0.03051000 0.03743400 0.00852800
v 0.03051000 0.03743400 0.00852800
v 0.03051000 0.03743400 0.00852800
v 0.03051000 0.03743400 0.00852800
v 0.03051000 0.03743400 0.00852800
v 0.03147900 0.03742400 0.00930500
v 0.03147900 0.03742400 0.00930500
v 0.03147900 0.03742400 0.00930500
v 0.03147900 0.03742400 0.00930500
v 0.03147900 0.03742400 0.00930500
v 0.03147900 0.03742400 0.00930500
v 0.03258500 0.03745200 0.00989100
v 0.03258500 0.03745200 0.00989100
v 0.03258500 0.03745200 0.00989100
v 0.03258500 0.03745200 0.00989100
v 0.03258500 0.03745200 0.00989100
v 0.03258500 0.03745200 0.00989100
v 0.03262200 0.03738300 0.00979000
v 0.03262200 0.03738300 0.00979000
v 0.03262200 0.03738300 0.00979000
v 0.03262200 0.03738300 0.00979000
v 0.03262200 0.03738300 0.00979000
v 0.03262200 0.03738300 0.00979000
v 0.03266000 0.03724700 0.00968400
v 0.03266000 0.03724700 0.00968400
v 0.03266000 0.03724700 0.00968400
v 0.03266000 0.03724700 0.00968400
v 0.03266000 0.03724700 0.00968400
v 0.03266000 0.03724700 0.00968400
v 0.03267500 0.03714600 0.00964300
v 0.03267500 0.03714600 0.00964300
v 0.03267500 0.03714600 0.00964300
v 0.03267500 0.03714600 0.00964300
v 0.03267500 0.03714600 0.00964300
v 0.03267500 0.03714600 0.00964300
v 0.03228400 0.03716000 0.00949200
v 0.03228400 0.03716000 0.00949200
v 0.03228400 0.03716000 0.00949200
v 0.03228400 0.03716000 0.00949200
v 0.03228400 0.03716000 0.00949200
v 0.03228400 0.03716000 0.00949200
v 0.03228400 0.03716000 0.00949200
v 0.03228400 0.03716000 0.00949200
v 0.02304900 0.03725700 0.00065900
v 0.02304900 0.03725700 0.00065900
v 0.02304900 0.03725700 0.00065900
v 0.02304900 0.03725700 0.00065900
v 0.02304900 0.03725700 0.00065900
v 0.02304900 0.03725700 0.00065900
v 0.02304600 0.03726600 0.00066300
v 0.02304600 0.03726600 0.00066300
v 0.02304600 0.03726600 0.00066300
v 0.02304600 0.03726600 0.00066300
v 0.02304600 0.03726600 0.00066300
v 0.02304600 0.03726600 0.00066300
v 0.02304600 0.03726600 0.00066300
v 0.02299700 0.03735100 0.00071000
v 0.02299700 0.03735100 0.00071000
v 0.02299700 0.03735100 0.00071000
v 0.02299700 0.03735100 0.00071000
v 0.02299700 0.03735100 0.00071000
v 0.02299700 0.03735100 0.00071000
v 0.02292000 0.03743400 0.00078600
v 0.02292000 0.03743400 0.00078600
v 0.02292000 0.03743400 0.00078600
v 0.02292000 0.03743400 0.00078600
v 0.02292000 0.03743400 0.00078600
v 0.02280700 0.03749200 0.00089600
v 0.02280700 0.03749200 0.00089600
v 0.02280700 0.03749200 0.00089600
v 0.02280700 0.03749200 0.00089600
v 0.02280700 0.03749200 0.00089600
v 0.02280700 0.03749200 0.00089600
v 0.02280700 0.03749200 0.00089600
v 0.02274300 0.03750000 0.00095900
v 0.02274300 0.03750000 0.00095900
v 0.02274300 0.03750000 0.00095900
v 0.02117300 0.03746900 -0.00372600
v 0.02117300 0.03746900 -0.00372600
v 0.02117300 0.03746900 -0.00372600
v 0.02117300 0.03746900 -0.00372600
v 0.02117300 0.03746900 -0.00372600
v 0.02117300 0.03746900 -0.00372600
v 0.02117300 0.03746900 -0.00372600
v 0.02117300 0.03746900 -0.00372600
v 0.02119500 0.03748600 -0.00248400
v 0.02119500 0.03748600 -0.00248400
v 0.02119500 0.03748600 -0.00248400
v 0.02119500 0.03748600 -0.00248400
v 0.02119500 0.03748600 -0.00248400
v 0.02119500 0.03748600 -0.00248400
v 0.02119500 0.03748600 -0.00248400
v 0.02119500 0.03748600 -0.00248400
v 0.02135400 0.03741600 -0.00250900
v 0.02135400 0.03741600 -0.00250900
v 0.02135400 0.03741600 -0.00250900
v 0.02135400 0.03741600 -0.00250900
v 0.02135400 0.03741600 -0.00250900
v 0.02135400 0.03741600 -0.00250900
v 0.02135400 0.03741600 -0.00250900
v 0.02135400 0.03741600 -0.00250900
v 0.02252000 0.03750000 0.00072600
v 0.02252000 0.03750000 0.00072600
v 0.02252000 0.03750000 0.00072600
v 0.02176700 0.03750000 -0.00036000
v 0.02176700 0.03750000 -0.00036000
v 0.02176700 0.03750000 -0.00036000
v 0.02176700 0.03750000 -0.00036000
v 0.02193200 0.03750000 -0.00006300
v 0.02193200 0.03750000 -0.00006300
v 0.02193200 0.03750000 -0.00006300
v 0.02193200 0.03750000 -0.00006300
v 0.02207800 0.03747700 -0.00011000
v 0.02207800 0.03747700 -0.00011000
v 0.02207800 0.03747700 -0.00011000
v 0.02207800 0.03747700 -0.00011000
v 0.02207800 0.03747700 -0.00011000
v 0.02207800 0.03747700 -0.00011000
v 0.02207800 0.03747700 -0.00011000
v 0.02207800 0.03747700 -0.00011000
v 0.02197300 0.03750000 0.00000400
v 0.02197300 0.03750000 0.00000400
v 0.02197300 0.03750000 0.00000400
v 0.02197300 0.03750000 0.00000400
v 0.02197300 0.03750000 0.00000400
v 0.02162000 0.03750000 -0.00066600
v 0.02162000 0.03750000 -0.00066600
v 0.02162000 0.03750000 -0.00066600
v 0.02144100 0.03749800 -0.00122300
v 0.02144100 0.03749800 -0.00122300
v 0.02144100 0.03749800 -0.00122300
v 0.02144100 0.03749800 -0.00122300
v 0.02144100 0.03749800 -0.00122300
v 0.02144100 0.03749800 -0.00122300
v 0.02144100 0.03749800 -0.00122300
v 0.02148700 0.03750000 -0.00097500
v 0.02148700 0.03750000 -0.00097500
v 0.02148700 0.03750000 -0.00097500
v 0.02137100 0.03750000 -0.00129000
v 0.02137100 0.03750000 -0.00129000
v 0.02137100 0.03750000 -0.00129000
v 0.02137100 0.03750000 -0.00129000
v 0.02104900 0.03750000 -0.00269800
v 0.02104900 0.03750000 -0.00269800
v 0.02104900 0.03750000 -0.00269800
v 0.02104900 0.03750000 -0.00269800
v 0.02099900 0.03750000 -0.00372600
v 0.02099900 0.03750000 -0.00372600
v 0.02099900 0.03750000 -0.00372600
v 0.02099900 0.03750000 -0.00372600
v 0.02100100 0.03750000 -0.00340800
v 0.02100100 0.03750000 -0.00340800
v 0.02100100 0.03750000 -0.00340800
v 0.02100100 0.03750000 -0.00340800
v 0.02101200 0.03750000 -0.00311000
v 0.02101200 0.03750000 -0.00311000
v 0.02101200 0.03750000 -0.00311000
v 0.02101200 0.03750000 -0.00311000
v 0.02101200 0.03750000 -0.00311000
v 0.02103500 0.03750000 -0.00281900
v 0.02103500 0.03750000 -0.00281900
v 0.02103500 0.03750000 -0.00281900
v 0.02103500 0.03750000 -0.00281900
v 0.02141300 0.03728000 -0.00372600
v 0.02141300 0.03728000 -0.00372600
v 0.02141300 0.03728000 -0.00372600
v 0.02141300 0.03728000 -0.00372600
v 0.02141300 0.03728000 -0.00372600
v 0.02141300 0.03728000 -0.00372600
v 0.02141300 0.03728000 -0.00372600
v 0.02135400 0.03735200 -0.00372600
v 0.02135400 0.03735200 -0.00372600
v 0.02135400 0.03735200 -0.00372600
v 0.02135400 0.03735200 -0.00372600
v 0.02132900 0.03737600 -0.00372600
v 0.02132900 0.03737600 -0.00372600
v 0.02132900 0.03737600 -0.00372600
v 0.02132900 0.03737600 -0.00372600
v 0.02145000 0.03733100 -0.00252300
v 0.02145000 0.03733100 -0.00252300
v 0.02145000 0.03733100 -0.00252300
v 0.02145000 0.03733100 -0.00252300
v 0.02145000 0.03733100 -0.00252300
v 0.02154000 0.03718000 -0.00253800
v 0.02154000 0.03718000 -0.00253800
v 0.02154000 0.03718000 -0.00253800
v 0.02154000 0.03718000 -0.00253800
v 0.02154000 0.03718000 -0.00253800
v 0.02154000 0.03718000 -0.00253800
v 0.02146900 0.03717000 -0.00372600
v 0.02146900 0.03717000 -0.00372600
v 0.02146900 0.03717000 -0.00372600
v 0.02146900 0.03717000 -0.00372600
v 0.02146900 0.03717000 -0.00372600
v 0.02146900 0.03717000 -0.00372600
v 0.02156800 0.03707500 -0.00254200
v 0.02156800 0.03707500 -0.00254200
v 0.02156800 0.03707500 -0.00254200
v 0.02156800 0.03707500 -0.00254200
v 0.02156800 0.03707500 -0.00254200
v 0.02149900 0.03700000 -0.00372600
v 0.02149900 0.03700000 -0.00372600
v 0.02149900 0.03700000 -0.00372600
v 0.02149900 0.03700000 -0.00372600
v 0.02149900 0.03700000 -0.00372600
v 0.02149900 0.03700000 -0.00372600
v 0.02149900 0.03700000 -0.00372600
v 0.02149900 0.03700000 -0.00372600
v 0.02149900 0.03700000 -0.00372600
v 0.02185000 0.03714700 -0.00136800
v 0.02185000 0.03714700 -0.00136800
v 0.02185000 0.03714700 -0.00136800
v 0.02185000 0.03714700 -0.00136800
v 0.02185000 0.03714700 -0.00136800
v 0.02185000 0.03714700 -0.00136800
v 0.02185000 0.03714700 -0.00136800
v 0.02185200 0.03713800 -0.00136900
v 0.02185200 0.03713800 -0.00136900
v 0.02185200 0.03713800 -0.00136900
v 0.02185200 0.03713800 -0.00136900
v 0.02156900 0.03706500 -0.00254200
v 0.02156900 0.03706500 -0.00254200
v 0.02156900 0.03706500 -0.00254200
v 0.02156900 0.03706500 -0.00254200
v 0.02156900 0.03706500 -0.00254200
v 0.02156900 0.03706500 -0.00254200
v 0.02234100 0.03720400 -0.00027000
v 0.02234100 0.03720400 -0.00027000
v 0.02234100 0.03720400 -0.00027000
v 0.02234100 0.03720400 -0.00027000
v 0.02234100 0.03720400 -0.00027000
v 0.02234100 0.03720400 -0.00027000
v 0.02217700 0.03742400 -0.00017000
v 0.02217700 0.03742400 -0.00017000
v 0.02217700 0.03742400 -0.00017000
v 0.02217700 0.03742400 -0.00017000
v 0.02217700 0.03742400 -0.00017000
v 0.02217700 0.03742400 -0.00017000
v 0.02228900 0.03730600 -0.00023800
v 0.02228900 0.03730600 -0.00023800
v 0.02228900 0.03730600 -0.00023800
v 0.02228900 0.03730600 -0.00023800
v 0.02228900 0.03730600 -0.00023800
v 0.02228900 0.03730600 -0.00023800
v 0.02233700 0.03721200 -0.00026800
v 0.02233700 0.03721200 -0.00026800
v 0.02233700 0.03721200 -0.00026800
v 0.02233700 0.03721200 -0.00026800
v 0.02233700 0.03721200 -0.00026800
v 0.02233700 0.03721200 -0.00026800
v 0.02188500 0.03714300 -0.00127400
v 0.02188500 0.03714300 -0.00127400
v 0.02188500 0.03714300 -0.00127400
v 0.02188500 0.03714300 -0.00127400
v 0.02188500 0.03714300 -0.00127400
v 0.02188500 0.03714300 -0.00127400
v 0.02188500 0.03714300 -0.00127400
v 0.02188500 0.03714300 -0.00127400
v 0.02188500 0.03714300 -0.00127400
v 0.02188500 0.03714300 -0.00127400
v 0.02160100 0.03745200 -0.00128000
v 0.02160100 0.03745200 -0.00128000
v 0.02160100 0.03745200 -0.00128000
v 0.02160100 0.03745200 -0.00128000
v 0.02160100 0.03745200 -0.00128000
v 0.02160100 0.03745200 -0.00128000
v 0.02170200 0.03738300 -0.00131600
v 0.02170200 0.03738300 -0.00131600
v 0.02170200 0.03738300 -0.00131600
v 0.02170200 0.03738300 -0.00131600
v 0.02170200 0.03738300 -0.00131600
v 0.02170200 0.03738300 -0.00131600
v 0.02180900 0.03724700 -0.00135400
v 0.02180900 0.03724700 -0.00135400
v 0.02180900 0.03724700 -0.00135400
v 0.02180900 0.03724700 -0.00135400
v 0.02180900 0.03724700 -0.00135400
v 0.02180900 0.03724700 -0.00135400
v 0.02149900 0.03700000 -0.00800000
v 0.02149900 0.03700000 -0.00800000
v 0.02149900 0.03700000 -0.00800000
v 0.02149900 0.03700000 -0.00800000
v 0.02149900 0.03700000 -0.00800000
v 0.02149900 0.03700000 -0.00800000
v 0.02146700 0.03717400 -0.00800000
v 0.02146700 0.03717400 -0.00800000
v 0.02146700 0.03717400 -0.00800000
v 0.02146700 0.03717400 -0.00800000
v 0.02146700 0.03717400 -0.00800000
v 0.02135000 0.03735500 -0.00800000
v 0.02135000 0.03735500 -0.00800000
v 0.02135000 0.03735500 -0.00800000
v 0.02135000 0.03735500 -0.00800000
v 0.02135000 0.03735500 -0.00800000
v 0.02135000 0.03735500 -0.00800000
v 0.02135000 0.03735500 -0.00800000
v 0.02135000 0.03735500 -0.00800000
v 0.02099900 0.03750000 -0.00800000
v 0.02099900 0.03750000 -0.00800000
v 0.02099900 0.03750000 -0.00800000
v 0.02099900 0.03750000 -0.00800000
v 0.02116800 0.03747000 -0.00800000
v 0.02116800 0.03747000 -0.00800000
v 0.02116800 0.03747000 -0.00800000
v 0.02116800 0.03747000 -0.00800000
v 0.02116800 0.03747000 -0.00800000
v 0.02116800 0.03747000 -0.00800000
v 0.02349900 0.03746200 -0.01030800
v 0.02349900 0.03746200 -0.01030800
v 0.02349900 0.03746200 -0.01030800
v 0.02349900 0.03746200 -0.01030800
v 0.02349900 0.03746200 -0.01030800
v 0.02349900 0.03746200 -0.01030800
v 0.02349900 0.03746200 -0.01030800
v 0.02349900 0.03746200 -0.01030800
v 0.02349900 0.03746200 -0.01030800
v 0.02349900 0.03750000 -0.01050000
v 0.02349900 0.03750000 -0.01050000
v 0.02349900 0.03750000 -0.01050000
v 0.02349900 0.03750000 -0.01050000
v 0.02318700 0.03750000 -0.01048000
v 0.02318700 0.03750000 -0.01048000
v 0.02318700 0.03750000 -0.01048000
v 0.02318700 0.03750000 -0.01048000
v 0.02318700 0.03750000 -0.01048000
v 0.02269200 0.03747000 -0.01018600
v 0.02269200 0.03747000 -0.01018600
v 0.02269200 0.03747000 -0.01018600
v 0.02269200 0.03747000 -0.01018600
v 0.02269200 0.03747000 -0.01018600
v 0.02275500 0.03735500 -0.01001500
v 0.02275500 0.03735500 -0.01001500
v 0.02275500 0.03735500 -0.01001500
v 0.02275500 0.03735500 -0.01001500
v 0.02275500 0.03735500 -0.01001500
v 0.02275500 0.03735500 -0.01001500
v 0.02349900 0.03735200 -0.01014500
v 0.02349900 0.03735200 -0.01014500
v 0.02349900 0.03735200 -0.01014500
v 0.02349900 0.03735200 -0.01014500
v 0.02349900 0.03735200 -0.01014500
v 0.02349900 0.03735200 -0.01014500
v 0.02279600 0.03717400 -0.00990600
v 0.02279600 0.03717400 -0.00990600
v 0.02279600 0.03717400 -0.00990600
v 0.02279600 0.03717400 -0.00990600
v 0.02279600 0.03717400 -0.00990600
v 0.02279600 0.03717400 -0.00990600
v 0.02349900 0.03718800 -0.01003700
v 0.02349900 0.03718800 -0.01003700
v 0.02349900 0.03718800 -0.01003700
v 0.02349900 0.03718800 -0.01003700
v 0.02349900 0.03718800 -0.01003700
v 0.02349900 0.03718800 -0.01003700
v 0.02280600 0.03700000 -0.00987600
v 0.02280600 0.03700000 -0.00987600
v 0.02280600 0.03700000 -0.00987600
v 0.02280600 0.03700000 -0.00987600
v 0.02280600 0.03700000 -0.00987600
v 0.02280600 0.03700000 -0.00987600
v 0.02280600 0.03700000 -0.00987600
v 0.02349900 0.03700000 -0.01000000
v 0.02349900 0.03700000 -0.01000000
v 0.02349900 0.03700000 -0.01000000
v 0.02349900 0.03700000 -0.01000000
v 0.02128700 0.03750000 -0.00916600
v 0.02128700 0.03750000 -0.00916600
v 0.02128700 0.03750000 -0.00916600
v 0.02128700 0.03750000 -0.00916600
v 0.02131200 0.03747000 -0.00880700
v 0.02131200 0.03747000 -0.00880700
v 0.02131200 0.03747000 -0.00880700
v 0.02131200 0.03747000 -0.00880700
v 0.02131200 0.03747000 -0.00880700
v 0.02148300 0.03735500 -0.00874300
v 0.02148300 0.03735500 -0.00874300
v 0.02148300 0.03735500 -0.00874300
v 0.02148300 0.03735500 -0.00874300
v 0.02148300 0.03735500 -0.00874300
v 0.02148300 0.03735500 -0.00874300
v 0.02159300 0.03717400 -0.00870300
v 0.02159300 0.03717400 -0.00870300
v 0.02159300 0.03717400 -0.00870300
v 0.02159300 0.03717400 -0.00870300
v 0.02159300 0.03717400 -0.00870300
v 0.02159300 0.03717400 -0.00870300
v 0.02162200 0.03700000 -0.00869200
v 0.02162200 0.03700000 -0.00869200
v 0.02162200 0.03700000 -0.00869200
v 0.02162200 0.03700000 -0.00869200
v 0.02162200 0.03700000 -0.00869200
v 0.02208000 0.03750000 -0.01005900
v 0.02208000 0.03750000 -0.01005900
v 0.02208000 0.03750000 -0.01005900
v 0.02208000 0.03750000 -0.01005900
v 0.02185100 0.03747000 -0.00964800
v 0.02185100 0.03747000 -0.00964800
v 0.02185100 0.03747000 -0.00964800
v 0.02185100 0.03747000 -0.00964800
v 0.02185100 0.03747000 -0.00964800
v 0.02185100 0.03747000 -0.00964800
v 0.02198000 0.03735500 -0.00951900
v 0.02198000 0.03735500 -0.00951900
v 0.02198000 0.03735500 -0.00951900
v 0.02198000 0.03735500 -0.00951900
v 0.02198000 0.03735500 -0.00951900
v 0.02206200 0.03717400 -0.00943600
v 0.02206200 0.03717400 -0.00943600
v 0.02206200 0.03717400 -0.00943600
v 0.02206200 0.03717400 -0.00943600
v 0.02206200 0.03717400 -0.00943600
v 0.02206200 0.03717400 -0.00943600
v 0.02208400 0.03700000 -0.00941400
v 0.02208400 0.03700000 -0.00941400
v 0.02208400 0.03700000 -0.00941400
v 0.02208400 0.03700000 -0.00941400
v 0.02208400 0.03700000 -0.00941400
v 0.02208400 0.03700000 -0.00941400
v 0.05210400 0.03700000 -0.01000000
v 0.05210400 0.03700000 -0.01000000
v 0.05210400 0.03700000 -0.01000000
v 0.05210400 0.03700000 -0.01000000
v 0.05210400 0.03700000 -0.01000000
v 0.05210400 0.03700000 -0.01000000
v 0.05210400 0.03700000 -0.01000000
v 0.05210400 0.03700000 -0.01000000
v 0.05210400 0.03718800 -0.01003700
v 0.05210400 0.03718800 -0.01003700
v 0.05210400 0.03718800 -0.01003700
v 0.05210400 0.03718800 -0.01003700
v 0.05210400 0.03718800 -0.01003700
v 0.05210400 0.03728000 -0.01008500
v 0.05210400 0.03728000 -0.01008500
v 0.05210400 0.03728000 -0.01008500
v 0.05210400 0.03728000 -0.01008500
v 0.05210400 0.03728000 -0.01008500
v 0.05210400 0.03735200 -0.01014500
v 0.05210400 0.03735200 -0.01014500
v 0.05210400 0.03735200 -0.01014500
v 0.05210400 0.03735200 -0.01014500
v 0.05210400 0.03735200 -0.01014500
v 0.05210400 0.03735200 -0.01014500
v 0.05210400 0.03737600 -0.01017000
v 0.05210400 0.03737600 -0.01017000
v 0.05210400 0.03737600 -0.01017000
v 0.05210400 0.03737600 -0.01017000
v 0.05210400 0.03737600 -0.01017000
v 0.05210400 0.03746200 -0.01030700
v 0.05210400 0.03746200 -0.01030700
v 0.05210400 0.03746200 -0.01030700
v 0.05210400 0.03746200 -0.01030700
v 0.05210400 0.03746200 -0.01030700
v 0.05210400 0.03746200 -0.01030700
v 0.05210400 0.03746200 -0.01030700
v 0.05210400 0.03746200 -0.01030700
v 0.05210400 0.03750000 -0.01050000
v 0.05210400 0.03750000 -0.01050000
v 0.05210400 0.03750000 -0.01050000
v 0.05210400 0.03750000 -0.01050000
v 0.05210400 0.03750000 -0.01050000
v 0.05228000 0.03750000 -0.01049900
v 0.05228000 0.03750000 -0.01049900
v 0.05228000 0.03750000 -0.01049900
v 0.05228000 0.03750000 -0.01049900
v 0.05274600 0.03750000 -0.01048500
v 0.05274600 0.03750000 -0.01048500
v 0.05274600 0.03750000 -0.01048500
v 0.05274600 0.03750000 -0.01048500
v 0.05274600 0.03750000 -0.01048500
v 0.05259600 0.03750000 -0.01049300
v 0.05259600 0.03750000 -0.01049300
v 0.05259600 0.03750000 -0.01049300
v 0.05259600 0.03750000 -0.01049300
v 0.05244400 0.03750000 -0.01049700
v 0.05244400 0.03750000 -0.01049700
v 0.05244400 0.03750000 -0.01049700
v 0.05244400 0.03750000 -0.01049700
v 0.05462600 0.03750000 -0.01009200
v 0.05462600 0.03750000 -0.01009200
v 0.05462600 0.03750000 -0.01009200
v 0.05462600 0.03750000 -0.01009200
v 0.05459100 0.03750000 -0.01010500
v 0.05459100 0.03750000 -0.01010500
v 0.05459100 0.03750000 -0.01010500
v 0.05459100 0.03750000 -0.01010500
v 0.05461000 0.03749800 -0.01005000
v 0.05461000 0.03749800 -0.01005000
v 0.05461000 0.03749800 -0.01005000
v 0.05461000 0.03749800 -0.01005000
v 0.05461000 0.03749800 -0.01005000
v 0.05461000 0.03749800 -0.01005000
v 0.05461000 0.03749800 -0.01005000
v 0.05411700 0.03750000 -0.01025600
v 0.05411700 0.03750000 -0.01025600
v 0.05411700 0.03750000 -0.01025600
v 0.05411700 0.03750000 -0.01025600
v 0.05334800 0.03748600 -0.01030200
v 0.05334800 0.03748600 -0.01030200
v 0.05334800 0.03748600 -0.01030200
v 0.05334800 0.03748600 -0.01030200
v 0.05334800 0.03748600 -0.01030200
v 0.05334800 0.03748600 -0.01030200
v 0.05334800 0.03748600 -0.01030200
v 0.05369200 0.03750000 -0.01035900
v 0.05369200 0.03750000 -0.01035900
v 0.05369200 0.03750000 -0.01035900
v 0.05572100 0.03747700 -0.00940300
v 0.05572100 0.03747700 -0.00940300
v 0.05572100 0.03747700 -0.00940300
v 0.05572100 0.03747700 -0.00940300
v 0.05572100 0.03747700 -0.00940300
v 0.05572100 0.03747700 -0.00940300
v 0.05572100 0.03747700 -0.00940300
v 0.05572100 0.03747700 -0.00940300
v 0.05572100 0.03747700 -0.00940300
v 0.05572100 0.03747700 -0.00940300
v 0.05579900 0.03750000 -0.00953000
v 0.05579900 0.03750000 -0.00953000
v 0.05579900 0.03750000 -0.00953000
v 0.05579900 0.03750000 -0.00953000
v 0.05539200 0.03750000 -0.00976200
v 0.05539200 0.03750000 -0.00976200
v 0.05539200 0.03750000 -0.00976200
v 0.05539200 0.03750000 -0.00976200
v 0.05539200 0.03750000 -0.00976200
v 0.05680500 0.03750000 -0.00870100
v 0.05680500 0.03750000 -0.00870100
v 0.05680500 0.03750000 -0.00870100
v 0.05680500 0.03750000 -0.00870100
v 0.05667700 0.03750000 -0.00883000
v 0.05667700 0.03750000 -0.00883000
v 0.05667700 0.03750000 -0.00883000
v 0.05667700 0.03750000 -0.00883000
v 0.05674100 0.03749200 -0.00863800
v 0.05674100 0.03749200 -0.00863800
v 0.05674100 0.03749200 -0.00863800
v 0.05674100 0.03749200 -0.00863800
v 0.05674100 0.03749200 -0.00863800
v 0.05674100 0.03749200 -0.00863800
v 0.05674100 0.03749200 -0.00863800
v 0.05674100 0.03749200 -0.00863800
v 0.05655300 0.03750000 -0.00895000
v 0.05655300 0.03750000 -0.00895000
v 0.05655300 0.03750000 -0.00895000
v 0.05649400 0.03750000 -0.00900600
v 0.05649400 0.03750000 -0.00900600
v 0.05649400 0.03750000 -0.00900600
v 0.05649400 0.03750000 -0.00900600
v 0.05643800 0.03750000 -0.00905600
v 0.05643800 0.03750000 -0.00905600
v 0.05643800 0.03750000 -0.00905600
v 0.05631800 0.03750000 -0.00915800
v 0.05631800 0.03750000 -0.00915800
v 0.05631800 0.03750000 -0.00915800
v 0.05585400 0.03750000 -0.00949600
v 0.05585400 0.03750000 -0.00949600
v 0.05585400 0.03750000 -0.00949600
v 0.05585400 0.03750000 -0.00949600
v 0.05556000 0.03721100 -0.00914500
v 0.05556000 0.03721100 -0.00914500
v 0.05556000 0.03721100 -0.00914500
v 0.05556000 0.03721100 -0.00914500
v 0.05556000 0.03721100 -0.00914500
v 0.05556000 0.03721100 -0.00914500
v 0.05556000 0.03721100 -0.00914500
v 0.05555800 0.03720300 -0.00914200
v 0.05555800 0.03720300 -0.00914200
v 0.05555800 0.03720300 -0.00914200
v 0.05555800 0.03720300 -0.00914200
v 0.05555800 0.03720300 -0.00914200
v 0.05649900 0.03725700 -0.00840100
v 0.05649900 0.03725700 -0.00840100
v 0.05649900 0.03725700 -0.00840100
v 0.05649900 0.03725700 -0.00840100
v 0.05649900 0.03725700 -0.00840100
v 0.05330800 0.03733100 -0.01004800
v 0.05330800 0.03733100 -0.01004800
v 0.05330800 0.03733100 -0.01004800
v 0.05330800 0.03733100 -0.01004800
v 0.05330800 0.03733100 -0.01004800
v 0.05330800 0.03733100 -0.01004800
v 0.05330800 0.03733100 -0.01004800
v 0.05329400 0.03718000 -0.00995700
v 0.05329400 0.03718000 -0.00995700
v 0.05329400 0.03718000 -0.00995700
v 0.05329400 0.03718000 -0.00995700
v 0.05329400 0.03718000 -0.00995700
v 0.05329400 0.03718000 -0.00995700
v 0.05329000 0.03707500 -0.00993000
v 0.05329000 0.03707500 -0.00993000
v 0.05329000 0.03707500 -0.00993000
v 0.05329000 0.03707500 -0.00993000
v 0.05329000 0.03707500 -0.00993000
v 0.05329000 0.03707500 -0.00993000
v 0.05328900 0.03706500 -0.00992800
v 0.05328900 0.03706500 -0.00992800
v 0.05328900 0.03706500 -0.00992800
v 0.05328900 0.03706500 -0.00992800
v 0.05328900 0.03706500 -0.00992800
v 0.05328900 0.03706500 -0.00992800
v 0.05328900 0.03706500 -0.00992800
v 0.05328900 0.03706500 -0.00992800
v 0.05446200 0.03713800 -0.00964000
v 0.05446200 0.03713800 -0.00964000
v 0.05446200 0.03713800 -0.00964000
v 0.05446200 0.03713800 -0.00964000
v 0.05446200 0.03713800 -0.00964000
v 0.05446200 0.03713800 -0.00964000
v 0.05332300 0.03741500 -0.01014300
v 0.05332300 0.03741500 -0.01014300
v 0.05332300 0.03741500 -0.01014300
v 0.05332300 0.03741500 -0.01014300
v 0.05332300 0.03741500 -0.01014300
v 0.05332300 0.03741500 -0.01014300
v 0.05650200 0.03726600 -0.00840500
v 0.05650200 0.03726600 -0.00840500
v 0.05650200 0.03726600 -0.00840500
v 0.05650200 0.03726600 -0.00840500
v 0.05650200 0.03726600 -0.00840500
v 0.05655100 0.03735100 -0.00845200
v 0.05655100 0.03735100 -0.00845200
v 0.05655100 0.03735100 -0.00845200
v 0.05655100 0.03735100 -0.00845200
v 0.05655100 0.03735100 -0.00845200
v 0.05655100 0.03735100 -0.00845200
v 0.05559000 0.03730500 -0.00919400
v 0.05559000 0.03730500 -0.00919400
v 0.05559000 0.03730500 -0.00919400
v 0.05559000 0.03730500 -0.00919400
v 0.05559000 0.03730500 -0.00919400
v 0.05559000 0.03730500 -0.00919400
v 0.05662800 0.03743500 -0.00852800
v 0.05662800 0.03743500 -0.00852800
v 0.05662800 0.03743500 -0.00852800
v 0.05662800 0.03743500 -0.00852800
v 0.05662800 0.03743500 -0.00852800
v 0.05565900 0.03742400 -0.00930500
v 0.05565900 0.03742400 -0.00930500
v 0.05565900 0.03742400 -0.00930500
v 0.05565900 0.03742400 -0.00930500
v 0.05565900 0.03742400 -0.00930500
v 0.05565900 0.03742400 -0.00930500
v 0.05455300 0.03745200 -0.00989100
v 0.05455300 0.03745200 -0.00989100
v 0.05455300 0.03745200 -0.00989100
v 0.05455300 0.03745200 -0.00989100
v 0.05455300 0.03745200 -0.00989100
v 0.05455300 0.03745200 -0.00989100
v 0.05451600 0.03738300 -0.00979000
v 0.05451600 0.03738300 -0.00979000
v 0.05451600 0.03738300 -0.00979000
v 0.05451600 0.03738300 -0.00979000
v 0.05451600 0.03738300 -0.00979000
v 0.05451600 0.03738300 -0.00979000
v 0.05447800 0.03724700 -0.00968300
v 0.05447800 0.03724700 -0.00968300
v 0.05447800 0.03724700 -0.00968300
v 0.05447800 0.03724700 -0.00968300
v 0.05447800 0.03724700 -0.00968300
v 0.05447800 0.03724700 -0.00968300
v 0.05446300 0.03714600 -0.00964300
v 0.05446300 0.03714600 -0.00964300
v 0.05446300 0.03714600 -0.00964300
v 0.05446300 0.03714600 -0.00964300
v 0.05446300 0.03714600 -0.00964300
v 0.05446300 0.03714600 -0.00964300
v 0.05485300 0.03716000 -0.00949200
v 0.05485300 0.03716000 -0.00949200
v 0.05485300 0.03716000 -0.00949200
v 0.05485300 0.03716000 -0.00949200
v 0.05485300 0.03716000 -0.00949200
v 0.05485300 0.03716000 -0.00949200
v 0.05485300 0.03716000 -0.00949200
v 0.05485300 0.03716000 -0.00949200
v 0.06212800 0.03725800 -0.00265900
v 0.06212800 0.03725800 -0.00265900
v 0.06212800 0.03725800 -0.00265900
v 0.06212800 0.03725800 -0.00265900
v 0.06212800 0.03725800 -0.00265900
v 0.06212800 0.03725800 -0.00265900
v 0.06213200 0.03726600 -0.00266300
v 0.06213200 0.03726600 -0.00266300
v 0.06213200 0.03726600 -0.00266300
v 0.06213200 0.03726600 -0.00266300
v 0.06213200 0.03726600 -0.00266300
v 0.06213200 0.03726600 -0.00266300
v 0.06213200 0.03726600 -0.00266300
v 0.06218000 0.03735100 -0.00271000
v 0.06218000 0.03735100 -0.00271000
v 0.06218000 0.03735100 -0.00271000
v 0.06218000 0.03735100 -0.00271000
v 0.06218000 0.03735100 -0.00271000
v 0.06225700 0.03743500 -0.00278600
v 0.06225700 0.03743500 -0.00278600
v 0.06225700 0.03743500 -0.00278600
v 0.06225700 0.03743500 -0.00278600
v 0.06225700 0.03743500 -0.00278600
v 0.06237000 0.03749200 -0.00289600
v 0.06237000 0.03749200 -0.00289600
v 0.06237000 0.03749200 -0.00289600
v 0.06237000 0.03749200 -0.00289600
v 0.06237000 0.03749200 -0.00289600
v 0.06237000 0.03749200 -0.00289600
v 0.06243400 0.03750000 -0.00295900
v 0.06243400 0.03750000 -0.00295900
v 0.06243400 0.03750000 -0.00295900
v 0.06398200 0.03748600 0.00048400
v 0.06398200 0.03748600 0.00048400
v 0.06398200 0.03748600 0.00048400
v 0.06398200 0.03748600 0.00048400
v 0.06398200 0.03748600 0.00048400
v 0.06398200 0.03748600 0.00048400
v 0.06398200 0.03748600 0.00048400
v 0.06398200 0.03748600 0.00048400
v 0.06382300 0.03741600 0.00050900
v 0.06382300 0.03741600 0.00050900
v 0.06382300 0.03741600 0.00050900
v 0.06382300 0.03741600 0.00050900
v 0.06382300 0.03741600 0.00050900
v 0.06382300 0.03741600 0.00050900
v 0.06382300 0.03741600 0.00050900
v 0.06382300 0.03741600 0.00050900
v 0.06341000 0.03750000 -0.00164000
v 0.06341000 0.03750000 -0.00164000
v 0.06341000 0.03750000 -0.00164000
v 0.06341000 0.03750000 -0.00164000
v 0.06324500 0.03750000 -0.00193700
v 0.06324500 0.03750000 -0.00193700
v 0.06324500 0.03750000 -0.00193700
v 0.06324500 0.03750000 -0.00193700
v 0.06310000 0.03747800 -0.00189000
v 0.06310000 0.03747800 -0.00189000
v 0.06310000 0.03747800 -0.00189000
v 0.06310000 0.03747800 -0.00189000
v 0.06310000 0.03747800 -0.00189000
v 0.06310000 0.03747800 -0.00189000
v 0.06310000 0.03747800 -0.00189000
v 0.06265800 0.03750000 -0.00272600
v 0.06265800 0.03750000 -0.00272600
v 0.06265800 0.03750000 -0.00272600
v 0.06400600 0.03750000 -0.00000800
v 0.06400600 0.03750000 -0.00000800
v 0.06400600 0.03750000 -0.00000800
v 0.06400600 0.03750000 -0.00000800
v 0.06380600 0.03750000 -0.00071000
v 0.06380600 0.03750000 -0.00071000
v 0.06380600 0.03750000 -0.00071000
v 0.06373600 0.03749800 -0.00077600
v 0.06373600 0.03749800 -0.00077600
v 0.06373600 0.03749800 -0.00077600
v 0.06373600 0.03749800 -0.00077600
v 0.06373600 0.03749800 -0.00077600
v 0.06373600 0.03749800 -0.00077600
v 0.06373600 0.03749800 -0.00077600
v 0.06373600 0.03749800 -0.00077600
v 0.06369000 0.03750000 -0.00102500
v 0.06369000 0.03750000 -0.00102500
v 0.06369000 0.03750000 -0.00102500
v 0.06355800 0.03750000 -0.00133400
v 0.06355800 0.03750000 -0.00133400
v 0.06355800 0.03750000 -0.00133400
v 0.06412900 0.03750000 0.00069800
v 0.06412900 0.03750000 0.00069800
v 0.06412900 0.03750000 0.00069800
v 0.06417600 0.03750000 0.00140800
v 0.06417600 0.03750000 0.00140800
v 0.06417600 0.03750000 0.00140800
v 0.06417600 0.03750000 0.00140800
v 0.06416600 0.03750000 0.00111000
v 0.06416600 0.03750000 0.00111000
v 0.06416600 0.03750000 0.00111000
v 0.06416600 0.03750000 0.00111000
v 0.06414200 0.03750000 0.00081900
v 0.06414200 0.03750000 0.00081900
v 0.06414200 0.03750000 0.00081900
v 0.06372800 0.03733200 0.00052400
v 0.06372800 0.03733200 0.00052400
v 0.06372800 0.03733200 0.00052400
v 0.06372800 0.03733200 0.00052400
v 0.06372800 0.03733200 0.00052400
v 0.06363700 0.03718100 0.00053800
v 0.06363700 0.03718100 0.00053800
v 0.06363700 0.03718100 0.00053800
v 0.06363700 0.03718100 0.00053800
v 0.06363700 0.03718100 0.00053800
v 0.06363700 0.03718100 0.00053800
v 0.06360900 0.03707500 0.00054200
v 0.06360900 0.03707500 0.00054200
v 0.06360900 0.03707500 0.00054200
v 0.06360900 0.03707500 0.00054200
v 0.06360900 0.03707500 0.00054200
v 0.06332800 0.03714700 -0.00063200
v 0.06332800 0.03714700 -0.00063200
v 0.06332800 0.03714700 -0.00063200
v 0.06332800 0.03714700 -0.00063200
v 0.06332800 0.03714700 -0.00063200
v 0.06332800 0.03714700 -0.00063200
v 0.06332800 0.03714700 -0.00063200
v 0.06332500 0.03713800 -0.00063100
v 0.06332500 0.03713800 -0.00063100
v 0.06332500 0.03713800 -0.00063100
v 0.06332500 0.03713800 -0.00063100
v 0.06360800 0.03706600 0.00054200
v 0.06360800 0.03706600 0.00054200
v 0.06360800 0.03706600 0.00054200
v 0.06360800 0.03706600 0.00054200
v 0.06360800 0.03706600 0.00054200
v 0.06360800 0.03706600 0.00054200
v 0.06283600 0.03720400 -0.00173000
v 0.06283600 0.03720400 -0.00173000
v 0.06283600 0.03720400 -0.00173000
v 0.06283600 0.03720400 -0.00173000
v 0.06283600 0.03720400 -0.00173000
v 0.06283600 0.03720400 -0.00173000
v 0.06300000 0.03742400 -0.00183000
v 0.06300000 0.03742400 -0.00183000
v 0.06300000 0.03742400 -0.00183000
v 0.06300000 0.03742400 -0.00183000
v 0.06300000 0.03742400 -0.00183000
v 0.06300000 0.03742400 -0.00183000
v 0.06288800 0.03730600 -0.00176200
v 0.06288800 0.03730600 -0.00176200
v 0.06288800 0.03730600 -0.00176200
v 0.06288800 0.03730600 -0.00176200
v 0.06288800 0.03730600 -0.00176200
v 0.06288800 0.03730600 -0.00176200
v 0.06284000 0.03721300 -0.00173200
v 0.06284000 0.03721300 -0.00173200
v 0.06284000 0.03721300 -0.00173200
v 0.06284000 0.03721300 -0.00173200
v 0.06284000 0.03721300 -0.00173200
v 0.06284000 0.03721300 -0.00173200
v 0.06329200 0.03714300 -0.00072600
v 0.06329200 0.03714300 -0.00072600
v 0.06329200 0.03714300 -0.00072600
v 0.06329200 0.03714300 -0.00072600
v 0.06329200 0.03714300 -0.00072600
v 0.06329200 0.03714300 -0.00072600
v 0.06329200 0.03714300 -0.00072600
v 0.06329200 0.03714300 -0.00072600
v 0.06329200 0.03714300 -0.00072600
v 0.06357600 0.03745200 -0.00072000
v 0.06357600 0.03745200 -0.00072000
v 0.06357600 0.03745200 -0.00072000
v 0.06357600 0.03745200 -0.00072000
v 0.06357600 0.03745200 -0.00072000
v 0.06357600 0.03745200 -0.00072000
v 0.06347500 0.03738300 -0.00068400
v 0.06347500 0.03738300 -0.00068400
v 0.06347500 0.03738300 -0.00068400
v 0.06347500 0.03738300 -0.00068400
v 0.06347500 0.03738300 -0.00068400
v 0.06347500 0.03738300 -0.00068400
v 0.06336800 0.03724700 -0.00064600
v 0.06336800 0.03724700 -0.00064600
v 0.06336800 0.03724700 -0.00064600
v 0.06336800 0.03724700 -0.00064600
v 0.06336800 0.03724700 -0.00064600
v 0.06336800 0.03724700 -0.00064600
v 0.08204900 -0.01152200 0.02328200
v 0.08204900 -0.01152200 0.02328200
v 0.08204900 -0.01152200 0.02328200
v 0.08204900 -0.01152200 0.02328200
v 0.08204900 -0.01152200 0.02328200
v 0.08204900 -0.01086100 0.02291300
v 0.08204900 -0.01086100 0.02291300
v 0.08204900 -0.01086100 0.02291300
v 0.08204900 -0.01086100 0.02291300
v 0.08204900 -0.01086100 0.02291300
v 0.08204900 -0.01086100 0.02291300
v 0.08204900 -0.01077000 0.02282500
v 0.08204900 -0.01077000 0.02282500
v 0.08204900 -0.01077000 0.02282500
v 0.08204900 -0.01077000 0.02282500
v 0.08204900 -0.01077000 0.02282500
v 0.08204900 -0.01042600 0.02229500
v 0.08204900 -0.01042600 0.02229500
v 0.08204900 -0.01042600 0.02229500
v 0.08204900 -0.01042600 0.02229500
v 0.08204900 -0.01042600 0.02229500
v 0.08204900 -0.01034800 0.02205300
v 0.08204900 -0.01034800 0.02205300
v 0.08204900 -0.01034800 0.02205300
v 0.08204900 -0.01034800 0.02205300
v 0.08204900 -0.01034800 0.02205300
v 0.08204900 -0.01030300 0.02154800
v 0.08204900 -0.01030300 0.02154800
v 0.08204900 -0.01030300 0.02154800
v 0.08204900 -0.01030300 0.02154800
v 0.08204900 -0.01030300 0.02154800
v 0.08204900 -0.01030300 0.02154800
v 0.08204900 -0.01036800 0.02117300
v 0.08204900 -0.01036800 0.02117300
v 0.08204900 -0.01036800 0.02117300
v 0.08204900 -0.01036800 0.02117300
v 0.08204900 -0.01051500 0.02082200
v 0.08204900 -0.01051500 0.02082200
v 0.08204900 -0.01051500 0.02082200
v 0.08204900 -0.01051500 0.02082200
v 0.08204900 -0.01051500 0.02082200
v 0.08204900 -0.01082600 0.02042100
v 0.08204900 -0.01082600 0.02042100
v 0.08204900 -0.01082600 0.02042100
v 0.08204900 -0.01082600 0.02042100
v 0.08204900 -0.01082600 0.02042100
v 0.08204900 -0.01102200 0.02026000
v 0.08204900 -0.01102200 0.02026000
v 0.08204900 -0.01102200 0.02026000
v 0.08204900 -0.01102200 0.02026000
v 0.08204900 -0.01102200 0.02026000
v 0.08204900 -0.01102200 0.02026000
v 0.08204900 -0.01247700 0.02001900
v 0.08204900 -0.01247700 0.02001900
v 0.08204900 -0.01247700 0.02001900
v 0.08204900 -0.01247700 0.02001900
v 0.08204900 -0.01172200 0.01997400
v 0.08204900 -0.01172200 0.01997400
v 0.08204900 -0.01172200 0.01997400
v 0.08204900 -0.01172200 0.01997400
v 0.08204900 -0.01172200 0.01997400
v 0.08204900 -0.01159800 0.01999900
v 0.08204900 -0.01159800 0.01999900
v 0.08204900 -0.01159800 0.01999900
v 0.08204900 -0.01159800 0.01999900
v 0.08204900 -0.01208800 0.02334900
v 0.08204900 -0.01208800 0.02334900
v 0.08204900 -0.01208800 0.02334900
v 0.08204900 -0.01208800 0.02334900
v 0.08204900 -0.01208800 0.02334900
v 0.08204900 -0.01298900 0.02026900
v 0.08204900 -0.01298900 0.02026900
v 0.08204900 -0.01298900 0.02026900
v 0.08204900 -0.01298900 0.02026900
v 0.08204900 -0.01352600 0.02090300
v 0.08204900 -0.01352600 0.02090300
v 0.08204900 -0.01352600 0.02090300
v 0.08204900 -0.01352600 0.02090300
v 0.08204900 -0.01369800 0.02171500
v 0.08204900 -0.01369800 0.02171500
v 0.08204900 -0.01369800 0.02171500
v 0.08204900 -0.01369800 0.02171500
v 0.08204900 -0.01369800 0.02171500
v 0.08204900 -0.01346500 0.02251300
v 0.08204900 -0.01346500 0.02251300
v 0.08204900 -0.01346500 0.02251300
v 0.08204900 -0.01346500 0.02251300
v 0.08204900 -0.01346500 0.02251300
v 0.08204900 -0.01346500 0.02251300
v 0.08204900 -0.01288200 0.02310400
v 0.08204900 -0.01288200 0.02310400
v 0.08204900 -0.01288200 0.02310400
v 0.08204900 -0.01288200 0.02310400
v 0.08204900 -0.01288200 0.02310400
v 0.08204900 -0.01288200 0.02310400
v 0.08204900 0.01252300 -0.02328200
v 0.08204900 0.01252300 -0.02328200
v 0.08204900 0.01252300 -0.02328200
v 0.08204900 0.01252300 -0.02328200
v 0.08204900 0.01252300 -0.02328200
v 0.08204900 0.01201100 -0.02303300
v 0.08204900 0.01201100 -0.02303300
v 0.08204900 0.01201100 -0.02303300
v 0.08204900 0.01201100 -0.02303300
v 0.08204900 0.01201100 -0.02303300
v 0.08204900 0.01347800 -0.02001900
v 0.08204900 0.01347800 -0.02001900
v 0.08204900 0.01347800 -0.02001900
v 0.08204900 0.01347800 -0.02001900
v 0.08204900 0.01291200 -0.01995300
v 0.08204900 0.01291200 -0.01995300
v 0.08204900 0.01291200 -0.01995300
v 0.08204900 0.01291200 -0.01995300
v 0.08204900 0.01291200 -0.01995300
v 0.08204900 0.01211800 -0.02019700
v 0.08204900 0.01211800 -0.02019700
v 0.08204900 0.01211800 -0.02019700
v 0.08204900 0.01211800 -0.02019700
v 0.08204900 0.01153500 -0.02078900
v 0.08204900 0.01153500 -0.02078900
v 0.08204900 0.01153500 -0.02078900
v 0.08204900 0.01153500 -0.02078900
v 0.08204900 0.01130200 -0.02158600
v 0.08204900 0.01130200 -0.02158600
v 0.08204900 0.01130200 -0.02158600
v 0.08204900 0.01130200 -0.02158600
v 0.08204900 0.01147400 -0.02239900
v 0.08204900 0.01147400 -0.02239900
v 0.08204900 0.01147400 -0.02239900
v 0.08204900 0.01147400 -0.02239900
v 0.08204900 0.01413900 -0.02038800
v 0.08204900 0.01413900 -0.02038800
v 0.08204900 0.01413900 -0.02038800
v 0.08204900 0.01413900 -0.02038800
v 0.08204900 0.01413900 -0.02038800
v 0.08204900 0.01423000 -0.02047600
v 0.08204900 0.01423000 -0.02047600
v 0.08204900 0.01423000 -0.02047600
v 0.08204900 0.01423000 -0.02047600
v 0.08204900 0.01423000 -0.02047600
v 0.08204900 0.01457400 -0.02100700
v 0.08204900 0.01457400 -0.02100700
v 0.08204900 0.01457400 -0.02100700
v 0.08204900 0.01457400 -0.02100700
v 0.08204900 0.01457400 -0.02100700
v 0.08204900 0.01465200 -0.02124800
v 0.08204900 0.01465200 -0.02124800
v 0.08204900 0.01465200 -0.02124800
v 0.08204900 0.01465200 -0.02124800
v 0.08204900 0.01465200 -0.02124800
v 0.08204900 0.01469700 -0.02175300
v 0.08204900 0.01469700 -0.02175300
v 0.08204900 0.01469700 -0.02175300
v 0.08204900 0.01469700 -0.02175300
v 0.08204900 0.01469700 -0.02175300
v 0.08204900 0.01469700 -0.02175300
v 0.08204900 0.01463200 -0.02212800
v 0.08204900 0.01463200 -0.02212800
v 0.08204900 0.01463200 -0.02212800
v 0.08204900 0.01463200 -0.02212800
v 0.08204900 0.01463200 -0.02212800
v 0.08204900 0.01463200 -0.02212800
v 0.08204900 0.01448500 -0.02247900
v 0.08204900 0.01448500 -0.02247900
v 0.08204900 0.01448500 -0.02247900
v 0.08204900 0.01448500 -0.02247900
v 0.08204900 0.01448500 -0.02247900
v 0.08204900 0.01327800 -0.02332800
v 0.08204900 0.01327800 -0.02332800
v 0.08204900 0.01327800 -0.02332800
v 0.08204900 0.01327800 -0.02332800
v 0.08204900 0.01327800 -0.02332800
v 0.08204900 0.01340200 -0.02330200
v 0.08204900 0.01340200 -0.02330200
v 0.08204900 0.01340200 -0.02330200
v 0.08204900 0.01340200 -0.02330200
v 0.08204900 0.01340200 -0.02330200
v 0.08204900 0.01397800 -0.02304100
v 0.08204900 0.01397800 -0.02304100
v 0.08204900 0.01397800 -0.02304100
v 0.08204900 0.01397800 -0.02304100
v 0.08204900 0.01397800 -0.02304100
v 0.08204900 0.01397800 -0.02304100
v 0.08204900 0.01417400 -0.02288000
v 0.08204900 0.01417400 -0.02288000
v 0.08204900 0.01417400 -0.02288000
v 0.08204900 0.01417400 -0.02288000
v 0.08204900 0.01417400 -0.02288000
v 0.08204900 0.02597800 0.00163200
v 0.08204900 0.02597800 0.00163200
v 0.08204900 0.02597800 0.00163200
v 0.08204900 0.02597800 0.00163200
v 0.08204900 0.02597800 0.00163200
v 0.08204900 0.02663900 0.00126300
v 0.08204900 0.02663900 0.00126300
v 0.08204900 0.02663900 0.00126300
v 0.08204900 0.02663900 0.00126300
v 0.08204900 0.02663900 0.00126300
v 0.08204900 0.02663900 0.00126300
v 0.08204900 0.02663900 0.00126300
v 0.08349900 0.02761000 0.00234000
v 0.08349900 0.02761000 0.00234000
v 0.08349900 0.02761000 0.00234000
v 0.08349900 0.02761000 0.00234000
v 0.08349900 0.02761000 0.00234000
v 0.08349900 0.02802600 0.00188200
v 0.08349900 0.02802600 0.00188200
v 0.08349900 0.02802600 0.00188200
v 0.08349900 0.02802600 0.00188200
v 0.08349900 0.02802600 0.00188200
v 0.08349900 0.02802600 0.00188200
v 0.08204900 0.02673000 0.00117400
v 0.08204900 0.02673000 0.00117400
v 0.08204900 0.02673000 0.00117400
v 0.08204900 0.02673000 0.00117400
v 0.08204900 0.02673000 0.00117400
v 0.08349900 0.02841600 0.00119300
v 0.08349900 0.02841600 0.00119300
v 0.08349900 0.02841600 0.00119300
v 0.08349900 0.02841600 0.00119300
v 0.08349900 0.02841600 0.00119300
v 0.08349900 0.02841600 0.00119300
v 0.08204900 0.02707400 0.00064400
v 0.08204900 0.02707400 0.00064400
v 0.08204900 0.02707400 0.00064400
v 0.08204900 0.02707400 0.00064400
v 0.08204900 0.02707400 0.00064400
v 0.08204900 0.02707400 0.00064400
v 0.08349900 0.02857900 0.00066800
v 0.08349900 0.02857900 0.00066800
v 0.08349900 0.02857900 0.00066800
v 0.08349900 0.02857900 0.00066800
v 0.08349900 0.02857900 0.00066800
v 0.08349900 0.02857900 0.00066800
v 0.08204900 0.02715200 0.00040200
v 0.08204900 0.02715200 0.00040200
v 0.08204900 0.02715200 0.00040200
v 0.08204900 0.02715200 0.00040200
v 0.08204900 0.02715200 0.00040200
v 0.08349900 0.02864500 -0.00019000
v 0.08349900 0.02864500 -0.00019000
v 0.08349900 0.02864500 -0.00019000
v 0.08349900 0.02864500 -0.00019000
v 0.08349900 0.02864500 -0.00019000
v 0.08349900 0.02864500 -0.00019000
v 0.08204900 0.02719700 -0.00010300
v 0.08204900 0.02719700 -0.00010300
v 0.08204900 0.02719700 -0.00010300
v 0.08204900 0.02719700 -0.00010300
v 0.08204900 0.02719700 -0.00010300
v 0.08204900 0.02719700 -0.00010300
v 0.08349900 0.02857900 -0.00066700
v 0.08349900 0.02857900 -0.00066700
v 0.08349900 0.02857900 -0.00066700
v 0.08349900 0.02857900 -0.00066700
v 0.08349900 0.02857900 -0.00066700
v 0.08349900 0.02857900 -0.00066700
v 0.08204900 0.02713200 -0.00047800
v 0.08204900 0.02713200 -0.00047800
v 0.08204900 0.02713200 -0.00047800
v 0.08204900 0.02713200 -0.00047800
v 0.08204900 0.02713200 -0.00047800
v 0.08349900 0.02825100 -0.00153600
v 0.08349900 0.02825100 -0.00153600
v 0.08349900 0.02825100 -0.00153600
v 0.08349900 0.02825100 -0.00153600
v 0.08349900 0.02825100 -0.00153600
v 0.08349900 0.02825100 -0.00153600
v 0.08349900 0.02825100 -0.00153600
v 0.08204900 0.02698500 -0.00082900
v 0.08204900 0.02698500 -0.00082900
v 0.08204900 0.02698500 -0.00082900
v 0.08204900 0.02698500 -0.00082900
v 0.08204900 0.02698500 -0.00082900
v 0.08349900 0.02731200 -0.00257700
v 0.08349900 0.02731200 -0.00257700
v 0.08349900 0.02731200 -0.00257700
v 0.08349900 0.02731200 -0.00257700
v 0.08349900 0.02731200 -0.00257700
v 0.08349900 0.02731200 -0.00257700
v 0.08204900 0.02502300 -0.00163100
v 0.08204900 0.02502300 -0.00163100
v 0.08204900 0.02502300 -0.00163100
v 0.08204900 0.02502300 -0.00163100
v 0.08204900 0.02502300 -0.00163100
v 0.08204900 0.02577800 -0.00167700
v 0.08204900 0.02577800 -0.00167700
v 0.08204900 0.02577800 -0.00167700
v 0.08204900 0.02577800 -0.00167700
v 0.08204900 0.02577800 -0.00167700
v 0.08204900 0.02590200 -0.00165200
v 0.08204900 0.02590200 -0.00165200
v 0.08204900 0.02590200 -0.00165200
v 0.08204900 0.02590200 -0.00165200
v 0.08204900 0.02590200 -0.00165200
v 0.08204900 0.02647800 -0.00139100
v 0.08204900 0.02647800 -0.00139100
v 0.08204900 0.02647800 -0.00139100
v 0.08204900 0.02647800 -0.00139100
v 0.08204900 0.02647800 -0.00139100
v 0.08204900 0.02647800 -0.00139100
v 0.08204900 0.02667400 -0.00122900
v 0.08204900 0.02667400 -0.00122900
v 0.08204900 0.02667400 -0.00122900
v 0.08204900 0.02667400 -0.00122900
v 0.08204900 0.02667400 -0.00122900
v 0.08204900 0.02541200 0.00169800
v 0.08204900 0.02541200 0.00169800
v 0.08204900 0.02541200 0.00169800
v 0.08204900 0.02541200 0.00169800
v 0.08204900 0.02461800 0.00145300
v 0.08204900 0.02461800 0.00145300
v 0.08204900 0.02461800 0.00145300
v 0.08204900 0.02461800 0.00145300
v 0.08204900 0.02403500 0.00086200
v 0.08204900 0.02403500 0.00086200
v 0.08204900 0.02403500 0.00086200
v 0.08204900 0.02403500 0.00086200
v 0.08204900 0.02380200 0.00006500
v 0.08204900 0.02380200 0.00006500
v 0.08204900 0.02380200 0.00006500
v 0.08204900 0.02380200 0.00006500
v 0.08204900 0.02397400 -0.00074800
v 0.08204900 0.02397400 -0.00074800
v 0.08204900 0.02397400 -0.00074800
v 0.08204900 0.02397400 -0.00074800
v 0.08204900 0.02451100 -0.00138200
v 0.08204900 0.02451100 -0.00138200
v 0.08204900 0.02451100 -0.00138200
v 0.08204900 0.02451100 -0.00138200
v 0.08349900 0.01511000 0.02399000
v 0.08349900 0.01511000 0.02399000
v 0.08349900 0.01511000 0.02399000
v 0.08349900 0.01511000 0.02399000
v 0.08349900 0.01511000 0.02399000
v 0.08349900 0.01511000 0.02399000
v 0.08349900 0.01511000 0.02399000
v 0.08349900 0.01388600 0.02467400
v 0.08349900 0.01388600 0.02467400
v 0.08349900 0.01388600 0.02467400
v 0.08349900 0.01388600 0.02467400
v 0.08349900 0.01388600 0.02467400
v 0.08204900 0.01347800 0.02328200
v 0.08204900 0.01347800 0.02328200
v 0.08204900 0.01347800 0.02328200
v 0.08204900 0.01347800 0.02328200
v 0.08204900 0.01413900 0.02291300
v 0.08204900 0.01413900 0.02291300
v 0.08204900 0.01413900 0.02291300
v 0.08204900 0.01413900 0.02291300
v 0.08204900 0.01413900 0.02291300
v 0.08204900 0.01423000 0.02282500
v 0.08204900 0.01423000 0.02282500
v 0.08204900 0.01423000 0.02282500
v 0.08204900 0.01423000 0.02282500
v 0.08204900 0.01423000 0.02282500
v 0.08349900 0.01591600 0.02284400
v 0.08349900 0.01591600 0.02284400
v 0.08349900 0.01591600 0.02284400
v 0.08349900 0.01591600 0.02284400
v 0.08349900 0.01591600 0.02284400
v 0.08349900 0.01591600 0.02284400
v 0.08349900 0.01591600 0.02284400
v 0.08204900 0.01457400 0.02229500
v 0.08204900 0.01457400 0.02229500
v 0.08204900 0.01457400 0.02229500
v 0.08204900 0.01457400 0.02229500
v 0.08204900 0.01457400 0.02229500
v 0.08204900 0.01457400 0.02229500
v 0.08204900 0.01465200 0.02205300
v 0.08204900 0.01465200 0.02205300
v 0.08204900 0.01465200 0.02205300
v 0.08204900 0.01465200 0.02205300
v 0.08204900 0.01465200 0.02205300
v 0.08204900 0.01469700 0.02154800
v 0.08204900 0.01469700 0.02154800
v 0.08204900 0.01469700 0.02154800
v 0.08204900 0.01469700 0.02154800
v 0.08204900 0.01469700 0.02154800
v 0.08204900 0.01469700 0.02154800
v 0.08204900 0.01463200 0.02117300
v 0.08204900 0.01463200 0.02117300
v 0.08204900 0.01463200 0.02117300
v 0.08204900 0.01463200 0.02117300
v 0.08204900 0.01448500 0.02082200
v 0.08204900 0.01448500 0.02082200
v 0.08204900 0.01448500 0.02082200
v 0.08204900 0.01448500 0.02082200
v 0.08204900 0.01448500 0.02082200
v 0.08204900 0.01417400 0.02042100
v 0.08204900 0.01417400 0.02042100
v 0.08204900 0.01417400 0.02042100
v 0.08204900 0.01417400 0.02042100
v 0.08204900 0.01417400 0.02042100
v 0.08204900 0.01397800 0.02026000
v 0.08204900 0.01397800 0.02026000
v 0.08204900 0.01397800 0.02026000
v 0.08204900 0.01397800 0.02026000
v 0.08204900 0.01397800 0.02026000
v 0.08204900 0.01397800 0.02026000
v 0.08204900 0.01252300 0.02001900
v 0.08204900 0.01252300 0.02001900
v 0.08204900 0.01252300 0.02001900
v 0.08204900 0.01252300 0.02001900
v 0.08204900 0.01327800 0.01997400
v 0.08204900 0.01327800 0.01997400
v 0.08204900 0.01327800 0.01997400
v 0.08204900 0.01327800 0.01997400
v 0.08204900 0.01327800 0.01997400
v 0.08204900 0.01340200 0.01999900
v 0.08204900 0.01340200 0.01999900
v 0.08204900 0.01340200 0.01999900
v 0.08204900 0.01340200 0.01999900
v 0.08204900 0.01291200 0.02334900
v 0.08204900 0.01291200 0.02334900
v 0.08204900 0.01291200 0.02334900
v 0.08204900 0.01291200 0.02334900
v 0.08204900 0.01291200 0.02334900
v 0.08204900 0.01201100 0.02026900
v 0.08204900 0.01201100 0.02026900
v 0.08204900 0.01201100 0.02026900
v 0.08204900 0.01201100 0.02026900
v 0.08204900 0.01147400 0.02090300
v 0.08204900 0.01147400 0.02090300
v 0.08204900 0.01147400 0.02090300
v 0.08204900 0.01147400 0.02090300
v 0.08204900 0.01130200 0.02171500
v 0.08204900 0.01130200 0.02171500
v 0.08204900 0.01130200 0.02171500
v 0.08204900 0.01130200 0.02171500
v 0.08204900 0.01153500 0.02251300
v 0.08204900 0.01153500 0.02251300
v 0.08204900 0.01153500 0.02251300
v 0.08204900 0.01153500 0.02251300
v 0.08204900 0.01211800 0.02310400
v 0.08204900 0.01211800 0.02310400
v 0.08204900 0.01211800 0.02310400
v 0.08204900 0.01211800 0.02310400
v 0.08204900 0.01211800 0.02310400
v 0.08349900 0.01283700 0.02479700
v 0.08349900 0.01283700 0.02479700
v 0.08349900 0.01283700 0.02479700
v 0.08349900 0.01283700 0.02479700
v 0.08349900 0.01283700 0.02479700
v 0.08349900 0.01283700 0.02479700
v 0.08349900 0.01283700 0.02479700
v 0.08349900 0.01283700 0.02479700
v 0.08449900 0.01163900 0.02449200
v 0.08449900 0.01163900 0.02449200
v 0.08449900 0.01163900 0.02449200
v 0.08449900 0.01163900 0.02449200
v 0.08449900 0.01213700 0.02468000
v 0.08449900 0.01213700 0.02468000
v 0.08449900 0.01213700 0.02468000
v 0.08449900 0.01213700 0.02468000
v 0.08449900 0.01213700 0.02468000
v 0.08449900 0.01213700 0.02468000
v 0.08438700 0.01294000 0.02480000
v 0.08438700 0.01294000 0.02480000
v 0.08438700 0.01294000 0.02480000
v 0.08438700 0.01294000 0.02480000
v 0.08438700 0.01294000 0.02480000
v 0.08445100 0.01263600 0.02478000
v 0.08445100 0.01263600 0.02478000
v 0.08445100 0.01263600 0.02478000
v 0.08445100 0.01263600 0.02478000
v 0.08445500 0.01590200 0.02287800
v 0.08445500 0.01590200 0.02287800
v 0.08445500 0.01590200 0.02287800
v 0.08445500 0.01590200 0.02287800
v 0.08445500 0.01590200 0.02287800
v 0.08449900 0.01605600 0.02241800
v 0.08449900 0.01605600 0.02241800
v 0.08449900 0.01605600 0.02241800
v 0.08449900 0.01605600 0.02241800
v 0.08449900 0.01605600 0.02241800
v 0.08449900 0.01605600 0.02241800
v 0.08449900 0.01614100 0.02189300
v 0.08449900 0.01614100 0.02189300
v 0.08449900 0.01614100 0.02189300
v 0.08442300 0.01191000 0.02520400
v 0.08442300 0.01191000 0.02520400
v 0.08442300 0.01191000 0.02520400
v 0.08442300 0.01191000 0.02520400
v 0.08442300 0.01191000 0.02520400
v 0.08442300 0.01191000 0.02520400
v 0.08449900 0.01018200 0.02551100
v 0.08449900 0.01018200 0.02551100
v 0.08449900 0.01018200 0.02551100
v 0.08449900 0.01018200 0.02551100
v 0.08449900 0.01924700 0.01982600
v 0.08449900 0.01924700 0.01982600
v 0.08449900 0.01924700 0.01982600
v 0.08449900 0.01924700 0.01982600
v 0.08449900 0.01924700 0.01982600
v 0.08449900 0.02201300 0.01678500
v 0.08449900 0.02201300 0.01678500
v 0.08449900 0.02201300 0.01678500
v 0.08449900 0.02201300 0.01678500
v 0.08442300 0.02122700 0.01832500
v 0.08442300 0.02122700 0.01832500
v 0.08442300 0.02122700 0.01832500
v 0.08442300 0.02122700 0.01832500
v 0.08442300 0.02122700 0.01832500
v 0.08442300 0.02122700 0.01832500
v 0.08442200 0.02231400 0.01702000
v 0.08442200 0.02231400 0.01702000
v 0.08442200 0.02231400 0.01702000
v 0.08442200 0.02231400 0.01702000
v 0.08442200 0.02231400 0.01702000
v 0.08442300 0.01971900 0.01990100
v 0.08442300 0.01971900 0.01990100
v 0.08442300 0.01971900 0.01990100
v 0.08442300 0.01971900 0.01990100
v 0.08442300 0.01971900 0.01990100
v 0.08442300 0.01794500 0.02147400
v 0.08442300 0.01794500 0.02147400
v 0.08442300 0.01794500 0.02147400
v 0.08442300 0.01794500 0.02147400
v 0.08442300 0.01794500 0.02147400
v 0.08449900 0.01770500 0.02117800
v 0.08449900 0.01770500 0.02117800
v 0.08449900 0.01770500 0.02117800
v 0.08449900 0.01770500 0.02117800
v 0.08442300 0.01604300 0.02288800
v 0.08442300 0.01604300 0.02288800
v 0.08442300 0.01604300 0.02288800
v 0.08442300 0.01604300 0.02288800
v 0.08442300 0.01604300 0.02288800
v 0.08449900 0.02491200 0.01481600
v 0.08449900 0.02491200 0.01481600
v 0.08449900 0.02491200 0.01481600
v 0.08449900 0.02491200 0.01481600
v 0.08449900 0.02651800 0.01458600
v 0.08449900 0.02651800 0.01458600
v 0.08449900 0.02651800 0.01458600
v 0.08442200 0.02651800 0.01496900
v 0.08442200 0.02651800 0.01496900
v 0.08442200 0.02651800 0.01496900
v 0.08442200 0.02651800 0.01496900
v 0.08442200 0.02651800 0.01496900
v 0.08442200 0.02492800 0.01521100
v 0.08442200 0.02492800 0.01521100
v 0.08442200 0.02492800 0.01521100
v 0.08442200 0.02492800 0.01521100
v 0.08442200 0.02492800 0.01521100
v 0.08442200 0.02492800 0.01521100
v 0.08442200 0.02492800 0.01521100
v 0.08442200 0.02492800 0.01521100
v 0.08449900 0.02481400 0.01484600
v 0.08449900 0.02481400 0.01484600
v 0.08449900 0.02481400 0.01484600
v 0.08442200 0.02348300 0.01591600
v 0.08442200 0.02348300 0.01591600
v 0.08442200 0.02348300 0.01591600
v 0.08442200 0.02348300 0.01591600
v 0.08449900 0.02326600 0.01560200
v 0.08449900 0.02326600 0.01560200
v 0.08449900 0.02326600 0.01560200
v 0.08449900 0.02326600 0.01560200
v 0.08420600 0.02511100 0.01549500
v 0.08420600 0.02511100 0.01549500
v 0.08420600 0.02511100 0.01549500
v 0.08420600 0.02511100 0.01549500
v 0.08420600 0.02502500 0.01552100
v 0.08420600 0.02502500 0.01552100
v 0.08420600 0.02502500 0.01552100
v 0.08420600 0.02502500 0.01552100
v 0.08420600 0.02502500 0.01552100
v 0.08420600 0.02366800 0.01618300
v 0.08420600 0.02366800 0.01618300
v 0.08420600 0.02366800 0.01618300
v 0.08420600 0.02366800 0.01618300
v 0.08420600 0.02366800 0.01618300
v 0.08420600 0.02651800 0.01529300
v 0.08420600 0.02651800 0.01529300
v 0.08420600 0.02651800 0.01529300
v 0.08420600 0.02651800 0.01529300
v 0.08420600 0.02651800 0.01529300
v 0.08449900 0.02784400 0.01458600
v 0.08449900 0.02784400 0.01458600
v 0.08449900 0.02784400 0.01458600
v 0.08449900 0.02784400 0.01458600
v 0.08442200 0.02784400 0.01496900
v 0.08442200 0.02784400 0.01496900
v 0.08442200 0.02784400 0.01496900
v 0.08442200 0.02784400 0.01496900
v 0.08420600 0.02784400 0.01529300
v 0.08420600 0.02784400 0.01529300
v 0.08420600 0.02784400 0.01529300
v 0.08420600 0.02784400 0.01529300
v 0.08312000 0.03046500 0.01529300
v 0.08312000 0.03046500 0.01529300
v 0.08312000 0.03046500 0.01529300
v 0.08312000 0.03046500 0.01529300
v 0.08312000 0.03046500 0.01529300
v 0.08392400 0.02926200 0.01529300
v 0.08392400 0.02926200 0.01529300
v 0.08392400 0.02926200 0.01529300
v 0.08392400 0.02926200 0.01529300
v 0.08327300 0.03061800 0.01496900
v 0.08327300 0.03061800 0.01496900
v 0.08327300 0.03061800 0.01496900
v 0.08327300 0.03061800 0.01496900
v 0.08412400 0.02934500 0.01496900
v 0.08412400 0.02934500 0.01496900
v 0.08412400 0.02934500 0.01496900
v 0.08412400 0.02934500 0.01496900
v 0.08332700 0.03067200 0.01458600
v 0.08332700 0.03067200 0.01458600
v 0.08332700 0.03067200 0.01458600
v 0.08332700 0.03067200 0.01458600
v 0.08419400 0.02937400 0.01458600
v 0.08419400 0.02937400 0.01458600
v 0.08419400 0.02937400 0.01458600
v 0.08419400 0.02937400 0.01458600
v 0.08419400 0.02937400 0.01458600
v 0.08419400 0.02937400 0.01458600
v 0.08419400 0.02937400 0.01458600
v 0.08419400 0.02937400 0.01458600
v 0.07761600 0.03627500 0.01496900
v 0.07761600 0.03627500 0.01496900
v 0.07761600 0.03627500 0.01496900
v 0.07761600 0.03627500 0.01496900
v 0.07746300 0.03612200 0.01529300
v 0.07746300 0.03612200 0.01529300
v 0.07746300 0.03612200 0.01529300
v 0.07746300 0.03612200 0.01529300
v 0.08229100 0.02516100 0.01752100
v 0.08229100 0.02516100 0.01752100
v 0.08229100 0.02516100 0.01752100
v 0.08229100 0.02516100 0.01752100
v 0.08229100 0.02516100 0.01752100
v 0.08229100 0.02516100 0.01752100
v 0.08229100 0.02564900 0.01733200
v 0.08229100 0.02564900 0.01733200
v 0.08229100 0.02564900 0.01733200
v 0.08229100 0.02564900 0.01733200
v 0.08229100 0.02564900 0.01733200
v 0.08229100 0.02564900 0.01733200
v 0.08196700 0.01241300 0.02766900
v 0.08196700 0.01241300 0.02766900
v 0.08196700 0.01241300 0.02766900
v 0.08196700 0.01241300 0.02766900
v 0.08196700 0.01241300 0.02766900
v 0.08158400 0.00956700 0.02880700
v 0.08158400 0.00956700 0.02880700
v 0.08158400 0.01244300 0.02773800
v 0.08158400 0.01244300 0.02773800
v 0.08158400 0.01244300 0.02773800
v 0.08158400 0.01244300 0.02773800
v 0.08196700 0.01515900 0.02631700
v 0.08196700 0.01515900 0.02631700
v 0.08196700 0.01515900 0.02631700
v 0.08196700 0.01515900 0.02631700
v 0.08196700 0.01515900 0.02631700
v 0.08196700 0.01775300 0.02469400
v 0.08196700 0.01775300 0.02469400
v 0.08196700 0.01775300 0.02469400
v 0.08196700 0.01775300 0.02469400
v 0.08196700 0.01775300 0.02469400
v 0.08196700 0.02017000 0.02281600
v 0.08196700 0.02017000 0.02281600
v 0.08196700 0.02017000 0.02281600
v 0.08196700 0.02017000 0.02281600
v 0.08196700 0.02017000 0.02281600
v 0.08196700 0.02231600 0.02077400
v 0.08196700 0.02231600 0.02077400
v 0.08196700 0.02231600 0.02077400
v 0.08196700 0.02231600 0.02077400
v 0.08196700 0.02231600 0.02077400
v 0.08196700 0.02425000 0.01853100
v 0.08196700 0.02425000 0.01853100
v 0.08196700 0.02425000 0.01853100
v 0.08196700 0.02425000 0.01853100
v 0.08196700 0.02425000 0.01853100
v 0.08158400 0.01519600 0.02638400
v 0.08158400 0.01519600 0.02638400
v 0.08158400 0.01519600 0.02638400
v 0.08158400 0.01779700 0.02475600
v 0.08158400 0.01779700 0.02475600
v 0.08158400 0.01779700 0.02475600
v 0.08158400 0.02022000 0.02287400
v 0.08158400 0.02022000 0.02287400
v 0.08158400 0.02022000 0.02287400
v 0.08158400 0.02237100 0.02082600
v 0.08158400 0.02237100 0.02082600
v 0.08158400 0.02237100 0.02082600
v 0.08158400 0.02431000 0.01857800
v 0.08158400 0.02431000 0.01857800
v 0.08158400 0.02431000 0.01857800
v 0.03562000 -0.02969800 -0.00028500
v 0.03504600 -0.02958400 -0.00028300
v 0.03562000 -0.02970000 0.00000000
v 0.07379900 0.02431000 0.01857800
v 0.07379900 0.02431000 0.01857800
v 0.07379900 0.02431000 0.01857800
v 0.08158400 0.02529000 0.01778400
v 0.08158400 0.02529000 0.01778400
v 0.08158400 0.02529000 0.01778400
v 0.08158400 0.02529000 0.01778400
v 0.08158400 0.02529000 0.01778400
v 0.07379900 0.02528300 0.01778700
v 0.07379900 0.02528300 0.01778700
v 0.07379900 0.02528300 0.01778700
v 0.07379900 0.02528300 0.01778700
v 0.07379900 0.02528300 0.01778700
v 0.07379900 0.02528300 0.01778700
v 0.07379900 0.02528300 0.01778700
v 0.07379900 0.02528300 0.01778700
v 0.08158400 0.02573100 0.01761300
v 0.08158400 0.02573100 0.01761300
v 0.08158400 0.02573100 0.01761300
v 0.08158400 0.02573100 0.01761300
v 0.08158400 0.02573100 0.01761300
v 0.07379900 0.02573100 0.01761300
v 0.07379900 0.02573100 0.01761300
v 0.07379900 0.02573100 0.01761300
v 0.07379900 0.02573100 0.01761300
v 0.07379900 0.02651800 0.01750000
v 0.07379900 0.02651800 0.01750000
v 0.07379900 0.02651800 0.01750000
v 0.07379900 0.02651800 0.01750000
v 0.07349900 0.02651800 0.01720000
v 0.07349900 0.02651800 0.01720000
v 0.07349900 0.02651800 0.01720000
v 0.07349900 0.02564700 0.01732500
v 0.07349900 0.02564700 0.01732500
v 0.07349900 0.02564700 0.01732500
v 0.07349900 0.02515000 0.01751800
v 0.07349900 0.02515000 0.01751800
v 0.07349900 0.02515000 0.01751800
v 0.07349900 0.02515000 0.01751800
v 0.07349900 0.02507200 0.01755800
v 0.07349900 0.02507200 0.01755800
v 0.07349900 0.02507200 0.01755800
v 0.07364700 0.02484800 0.01786700
v 0.07364700 0.02484800 0.01786700
v 0.07379000 0.02443400 0.01841800
v 0.07379000 0.02443400 0.01841800
v 0.07349900 0.02683800 0.01477800
v 0.07349900 0.02683800 0.01477800
v 0.07349900 0.02683800 0.01477800
v 0.07349900 0.02683800 0.01720000
v 0.07349900 0.02683800 0.01720000
v 0.07349900 0.02683800 0.01720000
v 0.07349900 0.02683800 0.01720000
v 0.07349900 0.02683800 0.01720000
v 0.07349900 0.02683800 -0.01720000
v 0.07349900 0.02683800 -0.01720000
v 0.07349900 0.02683800 -0.01720000
v 0.07349900 0.02683800 -0.01720000
v 0.07349900 0.02683800 -0.01720000
v 0.07349900 0.02651800 -0.01720000
v 0.07349900 0.02651800 -0.01720000
v 0.07349900 0.02683800 -0.01477800
v 0.07349900 0.02683800 -0.01477800
v 0.07349900 0.02515000 -0.01751800
v 0.07349900 0.02507200 -0.01755800
v 0.07379900 0.02528300 -0.01778700
v 0.07379100 0.02443200 -0.01842100
v 0.07379900 0.02431000 -0.01857700
v 0.07379900 0.02651800 -0.01750000
v 0.07379900 0.02651800 -0.01750000
v 0.04354700 -0.00031000 -0.02988300
v 0.04354700 -0.00031000 -0.02988300
v 0.04331800 0.00002900 -0.03000800
v 0.04331800 0.00002900 -0.03000800
v 0.04515300 -0.00056500 -0.02987100
v 0.04515300 -0.00056500 -0.02987100
v 0.04515300 -0.00056500 -0.02987100
v 0.04515300 -0.00056500 -0.02987100
v 0.04517600 -0.00055000 -0.02987200
v 0.04517600 -0.00055000 -0.02987200
v 0.04517600 -0.00055000 -0.02987200
v 0.04517600 -0.00055000 -0.02987200
v 0.04517600 -0.00055000 -0.02987200
v 0.04518600 -0.00057000 -0.02998400
v 0.04518600 -0.00057000 -0.02998400
v 0.04518600 -0.00057000 -0.02998400
v 0.04484100 -0.00070200 -0.02986300
v 0.04484100 -0.00070200 -0.02986300
v 0.04484100 -0.00070200 -0.02986300
v 0.04484100 -0.00070200 -0.02986300
v 0.04484600 -0.00072400 -0.02997900
v 0.04463700 -0.00074200 -0.02986100
v 0.04463700 -0.00074200 -0.02986100
v 0.04463700 -0.00074200 -0.02986100
v 0.04463700 -0.00074200 -0.02986100
v 0.04447700 -0.00077300 -0.02997600
v 0.04437400 -0.00074400 -0.02986000
v 0.04437400 -0.00074400 -0.02986000
v 0.04419300 -0.00071200 -0.02986500
v 0.04419300 -0.00071200 -0.02986500
v 0.04419300 -0.00071200 -0.02986500
v 0.04419300 -0.00071200 -0.02986500
v 0.04419300 -0.00071200 -0.02986500
v 0.04411100 -0.00071300 -0.02998000
v 0.04411100 -0.00071300 -0.02998000
v 0.04411700 -0.00069000 -0.02986600
v 0.04411700 -0.00069000 -0.02986600
v 0.04411700 -0.00069000 -0.02986600
v 0.04377800 -0.00054700 -0.02998800
v 0.04377800 -0.00054700 -0.02998800
v 0.04380600 -0.00054100 -0.02987500
v 0.04380600 -0.00054100 -0.02987500
v 0.04365500 -0.00042200 -0.02987900
v 0.04365500 -0.00042200 -0.02987900
v 0.04365500 -0.00042200 -0.02987900
v 0.04365500 -0.00042200 -0.02987900
v 0.04324900 0.00050000 -0.02990000
v 0.04324900 0.00050000 -0.02990000
v 0.04324900 0.00050000 -0.02990000
v 0.04324900 0.00050000 -0.02990000
v 0.04329300 0.00017200 -0.02989700
v 0.04329300 0.00017200 -0.02989700
v 0.04329300 0.00017200 -0.02989700
v 0.04329300 0.00017200 -0.02989700
v 0.04329300 0.00017200 -0.02989700
v 0.04333700 0.00003900 -0.02989400
v 0.04333700 0.00003900 -0.02989400
v 0.04325500 0.00076900 -0.03001100
v 0.04327700 0.00076300 -0.02989800
v 0.04327700 0.00076300 -0.02989800
v 0.04327700 0.00076300 -0.02989800
v 0.04554500 -0.00022100 -0.02999800
v 0.04574200 0.00023100 -0.03001100
v 0.04574200 0.00023100 -0.03001100
v 0.04534200 -0.00042200 -0.02987700
v 0.04534200 -0.00042200 -0.02987700
v 0.04534200 -0.00042200 -0.02987700
v 0.04534200 -0.00042200 -0.02987700
v 0.04545500 -0.00030500 -0.02988200
v 0.04545500 -0.00030500 -0.02988200
v 0.04545500 -0.00030500 -0.02988200
v 0.04552900 -0.00020700 -0.02988500
v 0.04552900 -0.00020700 -0.02988500
v 0.04552900 -0.00020700 -0.02988500
v 0.04567900 0.00008700 -0.02989400
v 0.04567900 0.00008700 -0.02989400
v 0.04567900 0.00008700 -0.02989400
v 0.04567900 0.00008700 -0.02989400
v 0.04572100 0.00023700 -0.02989800
v 0.04572100 0.00023700 -0.02989800
v 0.04572100 0.00023700 -0.02989800
v 0.04572100 0.00023700 -0.02989800
v 0.04567900 0.00091300 -0.02989500
v 0.04567900 0.00091300 -0.02989500
v 0.04567900 0.00091300 -0.02989500
v 0.04567900 0.00091300 -0.02989500
v 0.04567900 0.00091300 -0.02989500
v 0.04554800 0.00117900 -0.02988800
v 0.04554800 0.00117900 -0.02988800
v 0.04554800 0.00117900 -0.02988800
v 0.04556600 0.00119400 -0.03000200
v 0.04556600 0.00119400 -0.03000200
v 0.04574900 0.00050000 -0.02990000
v 0.04574900 0.00050000 -0.02990000
v 0.04574900 0.00050000 -0.02990000
v 0.04575000 0.00072600 -0.03001100
v 0.04575000 0.00072600 -0.03001100
v 0.04575000 0.00072600 -0.03001100
v 0.04575000 0.00072600 -0.03001100
v 0.04573600 0.00067800 -0.02989900
v 0.04573600 0.00067800 -0.02989900
v 0.04573600 0.00067800 -0.02989900
v 0.04573600 0.00067800 -0.02989900
v 0.04572900 0.00072200 -0.02989800
v 0.04572900 0.00072200 -0.02989800
v 0.04572900 0.00072200 -0.02989800
v 0.04572900 0.00072200 -0.02989800
v 0.04338900 0.00112100 -0.03000400
v 0.04340700 0.00110800 -0.02988800
v 0.04340700 0.00110800 -0.02988800
v 0.04340700 0.00110800 -0.02988800
v 0.04354300 0.00130600 -0.02988200
v 0.04354300 0.00130600 -0.02988200
v 0.04354300 0.00130600 -0.02988200
v 0.04354300 0.00130600 -0.02988200
v 0.04361700 0.00141700 -0.02999400
v 0.04363000 0.00139900 -0.02987800
v 0.04363000 0.00139900 -0.02987800
v 0.04363000 0.00139900 -0.02987800
v 0.04392000 0.00163400 -0.02998400
v 0.04384600 0.00156600 -0.02987100
v 0.04384600 0.00156600 -0.02987100
v 0.04384600 0.00156600 -0.02987100
v 0.04419300 0.00171200 -0.02986600
v 0.04419300 0.00171200 -0.02986600
v 0.04419300 0.00171200 -0.02986600
v 0.04419300 0.00171200 -0.02986600
v 0.04419300 0.00171200 -0.02986600
v 0.04427300 0.00175200 -0.02997800
v 0.04427300 0.00175200 -0.02997800
v 0.04427300 0.00175200 -0.02997800
v 0.04427300 0.00175200 -0.02997800
v 0.04427300 0.00175200 -0.02997800
v 0.04427600 0.00173000 -0.02986500
v 0.04427600 0.00173000 -0.02986500
v 0.04427600 0.00173000 -0.02986500
v 0.04427600 0.00173000 -0.02986500
v 0.04464500 0.00176500 -0.02997700
v 0.04464500 0.00176500 -0.02997700
v 0.04464500 0.00176500 -0.02997700
v 0.04462400 0.00174400 -0.02986000
v 0.04462400 0.00174400 -0.02986000
v 0.04462400 0.00174400 -0.02986000
v 0.04462400 0.00174400 -0.02986000
v 0.04462400 0.00174400 -0.02986000
v 0.04441100 0.00174700 -0.02986300
v 0.04441100 0.00174700 -0.02986300
v 0.04441100 0.00174700 -0.02986300
v 0.04441100 0.00174700 -0.02986300
v 0.04441100 0.00174700 -0.02986300
v 0.04545100 0.00131000 -0.02988300
v 0.04545100 0.00131000 -0.02988300
v 0.04545100 0.00131000 -0.02988300
v 0.04545100 0.00131000 -0.02988300
v 0.04530800 0.00145300 -0.02987800
v 0.04530800 0.00145300 -0.02987800
v 0.04530800 0.00145300 -0.02987800
v 0.04530800 0.00145300 -0.02987800
v 0.04532000 0.00147100 -0.02999200
v 0.04532000 0.00147100 -0.02999200
v 0.04532000 0.00147100 -0.02999200
v 0.04519200 0.00154100 -0.02987500
v 0.04519200 0.00154100 -0.02987500
v 0.04519200 0.00154100 -0.02987500
v 0.04500400 0.00166900 -0.02998200
v 0.04499600 0.00164700 -0.02986900
v 0.04499600 0.00164700 -0.02986900
v 0.04480400 0.00171200 -0.02986500
v 0.04480400 0.00171200 -0.02986500
v 0.04480400 0.00171200 -0.02986500
v 0.04480400 0.00171200 -0.02986500
v 0.04480400 0.00171200 -0.02986500
v 0.07379900 0.02683800 0.01750000
v 0.07379900 0.02683800 0.01750000
v 0.07379900 0.02683800 0.01750000
v 0.07337700 0.02745000 0.01720000
v 0.07337700 0.02745000 0.01720000
v 0.07337700 0.02745000 0.01720000
v 0.07337700 0.02745000 0.01720000
v 0.07337700 0.02745000 0.01720000
v 0.07365400 0.02756500 0.01750000
v 0.07365400 0.02756500 0.01750000
v 0.07365400 0.02756500 0.01750000
v 0.07365400 0.02756500 0.01750000
v 0.07303000 0.02796900 0.01720000
v 0.07303000 0.02796900 0.01720000
v 0.07303000 0.02796900 0.01720000
v 0.07303000 0.02796900 0.01720000
v 0.07303000 0.02796900 0.01720000
v 0.07303000 0.02796900 0.01720000
v 0.07324200 0.02818100 0.01750000
v 0.07324200 0.02818100 0.01750000
v 0.07324200 0.02818100 0.01750000
v 0.06929600 0.03212700 0.01750000
v 0.06929600 0.03212700 0.01750000
v 0.06929600 0.03212700 0.01750000
v 0.06908400 0.03191500 0.01720000
v 0.06908400 0.03191500 0.01720000
v 0.06908400 0.03191500 0.01720000
v 0.06908400 0.03191500 0.01720000
v 0.06908400 0.03191500 -0.01720000
v 0.06908400 0.03191500 -0.01720000
v 0.06908400 0.03191500 -0.01720000
v 0.06908400 0.03191500 -0.01720000
v 0.06843600 0.03234800 -0.01720000
v 0.06843600 0.03234800 -0.01720000
v 0.06843600 0.03234800 -0.01720000
v 0.06843600 0.03234800 -0.01720000
v 0.06843600 0.03234800 0.01720000
v 0.06843600 0.03234800 0.01720000
v 0.06843600 0.03234800 0.01720000
v 0.06843600 0.03234800 0.01720000
v 0.06767000 0.03250000 -0.01720000
v 0.06767000 0.03250000 -0.01720000
v 0.06767000 0.03250000 -0.01720000
v 0.06767000 0.03250000 -0.01720000
v 0.06767000 0.03250000 -0.01720000
v 0.06767000 0.03250000 -0.01720000
v 0.06767000 0.03250000 0.01720000
v 0.06767000 0.03250000 0.01720000
v 0.06767000 0.03250000 0.01720000
v 0.06767000 0.03250000 0.01720000
v 0.06767000 0.03250000 0.01720000
v 0.06767000 0.03250000 0.01720000
v 0.07324200 0.02818100 -0.01750000
v 0.07324200 0.02818100 -0.01750000
v 0.07324200 0.02818100 -0.01750000
v 0.07303000 0.02796900 -0.01720000
v 0.07303000 0.02796900 -0.01720000
v 0.07303000 0.02796900 -0.01720000
v 0.07303000 0.02796900 -0.01720000
v 0.07303000 0.02796900 -0.01720000
v 0.07303000 0.02796900 -0.01720000
v 0.06929700 0.03212700 -0.01750000
v 0.06929700 0.03212700 -0.01750000
v 0.06929700 0.03212700 -0.01750000
v 0.07337700 0.02745000 -0.01720000
v 0.07337700 0.02745000 -0.01720000
v 0.07337700 0.02745000 -0.01720000
v 0.07337700 0.02745000 -0.01720000
v 0.07365400 0.02756500 -0.01750000
v 0.07365400 0.02756500 -0.01750000
v 0.07365400 0.02756500 -0.01750000
v 0.07379900 0.02683800 -0.01750000
v 0.07379900 0.02683800 -0.01750000
v 0.07379900 0.02683800 -0.01750000
v 0.06767000 0.03280000 -0.01750000
v 0.06767000 0.03280000 -0.01750000
v 0.06767000 0.03280000 -0.01750000
v 0.06855000 0.03262500 -0.01750000
v 0.06855000 0.03262500 -0.01750000
v 0.06855000 0.03262500 -0.01750000
v 0.01165700 0.03280000 -0.01750000
v 0.01165700 0.03280000 -0.01750000
v 0.01165700 0.03280000 -0.01750000
v 0.01165700 0.03250000 -0.01720000
v 0.01165700 0.03250000 -0.01720000
v 0.01165700 0.03250000 -0.01720000
v 0.01165700 0.03250000 -0.01720000
v 0.01165700 0.03250000 -0.01720000
v 0.01165700 0.03250000 -0.01720000
v 0.01165700 0.03250000 -0.01720000
v 0.01165700 0.03250000 -0.01720000
v 0.00805300 0.03154800 -0.01750000
v 0.00805300 0.03154800 -0.01750000
v 0.00805300 0.03154800 -0.01750000
v 0.00805300 0.03154800 -0.01750000
v 0.00792800 0.03150000 -0.01750000
v 0.00792800 0.03150000 -0.01750000
v 0.00792800 0.03150000 -0.01750000
v 0.00792800 0.03150000 -0.01750000
v 0.00792800 0.03150000 -0.01750000
v 0.00881300 0.03195700 -0.01750000
v 0.00881300 0.03195700 -0.01750000
v 0.00881300 0.03195700 -0.01750000
v 0.00881300 0.03195700 -0.01750000
v 0.00881300 0.03195700 -0.01750000
v 0.01066900 0.03267400 -0.01750000
v 0.01066900 0.03267400 -0.01750000
v 0.01066900 0.03267400 -0.01750000
v 0.01066900 0.03267400 -0.01750000
v 0.01066900 0.03267400 -0.01750000
v 0.01091700 0.03243600 -0.01729000
v 0.01091700 0.03243600 -0.01729000
v 0.01091700 0.03243600 -0.01729000
v 0.01091700 0.03243600 -0.01729000
v 0.01091700 0.03243600 -0.01729000
v 0.01091700 0.03243600 -0.01729000
v 0.01073400 0.03240300 -0.01731100
v 0.01073400 0.03240300 -0.01731100
v 0.01073400 0.03240300 -0.01731100
v 0.01073400 0.03240300 -0.01731100
v 0.01073400 0.03240300 -0.01731100
v 0.00972000 0.03236600 -0.01750000
v 0.00972000 0.03236600 -0.01750000
v 0.00972000 0.03236600 -0.01750000
v 0.00972000 0.03236600 -0.01750000
v 0.00980000 0.03216600 -0.01740900
v 0.00980000 0.03216600 -0.01740900
v 0.00980000 0.03216600 -0.01740900
v 0.00980000 0.03216600 -0.01740900
v 0.00980000 0.03216600 -0.01740900
v 0.00980000 0.03216600 -0.01740900
v 0.00926200 0.03217000 -0.01750000
v 0.00926200 0.03217000 -0.01750000
v 0.00926200 0.03217000 -0.01750000
v 0.00926200 0.03217000 -0.01750000
v 0.00917400 0.03196200 -0.01745900
v 0.00917400 0.03196200 -0.01745900
v 0.00917400 0.03196200 -0.01745900
v 0.00917400 0.03196200 -0.01745900
v 0.00917400 0.03196200 -0.01745900
v 0.00917400 0.03196200 -0.01745900
v 0.00817800 0.03159500 -0.01749800
v 0.00817800 0.03159500 -0.01749800
v 0.00817800 0.03159500 -0.01749800
v 0.00817800 0.03159500 -0.01749800
v 0.00817800 0.03159500 -0.01749800
v 0.01146300 0.03150000 -0.01603600
v 0.01146300 0.03150000 -0.01603600
v 0.01146300 0.03150000 -0.01603600
v 0.01146300 0.03150000 -0.01603600
v 0.01146300 0.02841400 -0.01603600
v 0.01146300 0.02841400 -0.01603600
v 0.01146300 0.02841400 -0.01603600
v 0.01146300 0.02841400 -0.01603600
v 0.01146300 0.02841400 -0.01603600
v 0.01047800 0.03150000 -0.01680100
v 0.01047800 0.03150000 -0.01680100
v 0.01047800 0.03150000 -0.01680100
v 0.01047800 0.03150000 -0.01680100
v 0.01047800 0.03150000 -0.01680100
v 0.01047800 0.03150000 -0.01680100
v 0.01070500 0.02841400 -0.01665700
v 0.01070500 0.02841400 -0.01665700
v 0.01070500 0.02841400 -0.01665700
v 0.01070500 0.02841400 -0.01665700
v 0.01070500 0.02841400 -0.01665700
v 0.01070500 0.02841400 -0.01665700
v 0.00984100 0.03150000 -0.01711900
v 0.00984100 0.03150000 -0.01711900
v 0.00984100 0.03150000 -0.01711900
v 0.00984100 0.03150000 -0.01711900
v 0.00984100 0.03150000 -0.01711900
v 0.00984100 0.03150000 -0.01711900
v 0.00984100 0.02841400 -0.01711900
v 0.00984100 0.02841400 -0.01711900
v 0.00984100 0.02841400 -0.01711900
v 0.00984100 0.02841400 -0.01711900
v 0.00984100 0.02841400 -0.01711900
v 0.00914300 0.03150000 -0.01735000
v 0.00914300 0.03150000 -0.01735000
v 0.00914300 0.03150000 -0.01735000
v 0.00914300 0.03150000 -0.01735000
v 0.00914300 0.03150000 -0.01735000
v 0.00914300 0.03150000 -0.01735000
v 0.00914300 0.03150000 -0.01735000
v 0.00890300 0.02841400 -0.01740400
v 0.00890300 0.02841400 -0.01740400
v 0.00890300 0.02841400 -0.01740400
v 0.00890300 0.02841400 -0.01740400
v 0.00890300 0.02841400 -0.01740400
v 0.00792800 0.02841400 -0.01750000
v 0.00792800 0.02841400 -0.01750000
v 0.00792800 0.02841400 -0.01750000
v 0.00792800 0.02841400 -0.01750000
v 0.00792800 0.02841400 -0.01750000
v -0.00806800 0.02794500 -0.01738200
v -0.00806800 0.02794500 -0.01738200
v -0.00806800 0.02794500 -0.01738200
v -0.00806800 0.02794500 -0.01738200
v -0.00806800 0.02794500 -0.01738200
v -0.00806800 0.02794500 -0.01738200
v -0.00806800 0.02794500 -0.01738200
v -0.00806800 0.02794500 -0.01738200
v -0.00806800 0.02794500 -0.01738200
v -0.00806900 0.02841400 -0.01750000
v -0.00806900 0.02841400 -0.01750000
v -0.00806900 0.02841400 -0.01750000
v -0.00806900 0.02841400 -0.01750000
v 0.00792800 0.02803200 -0.01742400
v 0.00792800 0.02803200 -0.01742400
v 0.00792800 0.02803200 -0.01742400
v 0.00792800 0.02803200 -0.01742400
v 0.00792800 0.02770700 -0.01720700
v 0.00792800 0.02770700 -0.01720700
v 0.00792800 0.02770700 -0.01720700
v 0.00792800 0.02770700 -0.01720700
v 0.00792800 0.02770700 -0.01720700
v -0.00806700 0.02770700 -0.01720700
v -0.00806700 0.02770700 -0.01720700
v -0.00806700 0.02770700 -0.01720700
v -0.00806700 0.02770700 -0.01720700
v -0.00806700 0.02770700 -0.01720700
v -0.01086800 0.03529300 -0.01630500
v -0.01086800 0.03529300 -0.01630500
v -0.01086800 0.03529300 -0.01630500
v -0.01086800 0.03529300 -0.01630500
v -0.01086800 0.03529300 -0.01630500
v -0.01086800 0.03529300 -0.01630500
v -0.01073500 0.03529300 -0.01640100
v -0.01073500 0.03529300 -0.01640100
v -0.01073500 0.03529300 -0.01640100
v -0.01073500 0.03529300 -0.01640100
v -0.01073500 0.03529300 -0.01640100
v -0.01085800 0.03496800 -0.01658000
v -0.01085800 0.03496800 -0.01658000
v -0.01085800 0.03496800 -0.01658000
v -0.01085800 0.03496800 -0.01658000
v -0.01085800 0.03496800 -0.01658000
v -0.01085800 0.03496800 -0.01658000
v -0.01085800 0.03496800 -0.01658000
v -0.01085800 0.03496800 -0.01658000
v -0.01143100 0.03529300 -0.01579400
v -0.01143100 0.03529300 -0.01579400
v -0.01143100 0.03529300 -0.01579400
v -0.01143100 0.03529300 -0.01579400
v -0.01143100 0.03529300 -0.01579400
v -0.01155600 0.03505500 -0.01591700
v -0.01155600 0.03505500 -0.01591700
v -0.01155600 0.03505500 -0.01591700
v -0.01155600 0.03505500 -0.01591700
v -0.01155600 0.03505500 -0.01591700
v -0.01155600 0.03505500 -0.01591700
v -0.01155600 0.03505500 -0.01591700
v -0.01090100 0.03458600 -0.01664200
v -0.01090100 0.03458600 -0.01664200
v -0.01090100 0.03458600 -0.01664200
v -0.01090100 0.03458600 -0.01664200
v -0.01090100 0.03458600 -0.01664200
v -0.01163900 0.03458600 -0.01600000
v -0.01163900 0.03458600 -0.01600000
v -0.01163900 0.03458600 -0.01600000
v -0.01163900 0.03458600 -0.01600000
v -0.01031300 0.03458600 -0.01698700
v -0.01031300 0.03458600 -0.01698700
v -0.01031300 0.03458600 -0.01698700
v -0.01031300 0.03458600 -0.01698700
v -0.01031300 0.03458600 -0.01698700
v -0.01031300 0.03458600 -0.01698700
v -0.01031300 0.03458600 -0.01698700
v -0.01031300 0.03458600 -0.01698700
v -0.01001100 0.03458600 -0.01712500
v -0.01001100 0.03458600 -0.01712500
v -0.01001100 0.03458600 -0.01712500
v -0.01001100 0.03458600 -0.01712500
v -0.01001100 0.03458600 -0.01712500
v -0.01001100 0.03458600 -0.01712500
v -0.00998200 0.03496800 -0.01705500
v -0.00998200 0.03496800 -0.01705500
v -0.00998200 0.03496800 -0.01705500
v -0.00998200 0.03496800 -0.01705500
v -0.00998200 0.03496800 -0.01705500
v -0.00998200 0.03496800 -0.01705500
v -0.00989100 0.03529300 -0.01685800
v -0.00989100 0.03529300 -0.01685800
v -0.00989100 0.03529300 -0.01685800
v -0.00989100 0.03529300 -0.01685800
v -0.00989100 0.03529300 -0.01685800
v -0.00989100 0.03529300 -0.01685800
v -0.00904300 0.02803100 -0.01734500
v -0.00904300 0.02803100 -0.01734500
v -0.00904300 0.02803100 -0.01734500
v -0.00904300 0.02803100 -0.01734500
v -0.00904300 0.02803100 -0.01734500
v -0.00900200 0.02770700 -0.01713200
v -0.00900200 0.02770700 -0.01713200
v -0.00900200 0.02770700 -0.01713200
v -0.00900200 0.02770700 -0.01713200
v -0.00900200 0.02770700 -0.01713200
v -0.00905600 0.02841400 -0.01742000
v -0.00905600 0.02841400 -0.01742000
v -0.00905600 0.02841400 -0.01742000
v -0.00905600 0.02841400 -0.01742000
v -0.00905600 0.02841400 -0.01742000
v -0.00905600 0.02841400 -0.01742000
v -0.00844100 0.02841400 -0.01749200
v -0.00844100 0.02841400 -0.01749200
v -0.00844100 0.02841400 -0.01749200
v -0.00844100 0.02841400 -0.01749200
v -0.00844100 0.02841400 -0.01749200
v -0.00947000 0.02770700 -0.01701200
v -0.00947000 0.02770700 -0.01701200
v -0.00947000 0.02770700 -0.01701200
v -0.00947000 0.02770700 -0.01701200
v -0.00947000 0.02770700 -0.01701200
v -0.00947000 0.02770700 -0.01701200
v -0.00953500 0.02803200 -0.01721800
v -0.00953500 0.02803200 -0.01721800
v -0.00953500 0.02803200 -0.01721800
v -0.00953500 0.02803200 -0.01721800
v -0.00953500 0.02803200 -0.01721800
v -0.00953500 0.02803200 -0.01721800
v -0.00955800 0.02841400 -0.01729100
v -0.00955800 0.02841400 -0.01729100
v -0.00955800 0.02841400 -0.01729100
v -0.00955800 0.02841400 -0.01729100
v -0.00955800 0.02841400 -0.01729100
v -0.00992200 0.02770700 -0.01684500
v -0.00992200 0.02770700 -0.01684500
v -0.00992200 0.02770700 -0.01684500
v -0.00992200 0.02770700 -0.01684500
v -0.00992200 0.02770700 -0.01684500
v -0.01000600 0.02803100 -0.01704500
v -0.01000600 0.02803100 -0.01704500
v -0.01000600 0.02803100 -0.01704500
v -0.01000600 0.02803100 -0.01704500
v -0.01000600 0.02803100 -0.01704500
v -0.01000600 0.02803100 -0.01704500
v -0.01000600 0.02803100 -0.01704500
v -0.01003600 0.02841400 -0.01711500
v -0.01003600 0.02841400 -0.01711500
v -0.01003600 0.02841400 -0.01711500
v -0.01003600 0.02841400 -0.01711500
v -0.01003600 0.02841400 -0.01711500
v -0.01031300 0.02841400 -0.01698700
v -0.01031300 0.02841400 -0.01698700
v -0.01031300 0.02841400 -0.01698700
v -0.01031300 0.02841400 -0.01698700
v -0.00994000 0.02770700 -0.01683700
v -0.00994000 0.02770700 -0.01683700
v -0.00994000 0.02770700 -0.01683700
v -0.00994000 0.02770700 -0.01683700
v -0.00994000 0.02770700 -0.01683700
v -0.01076900 0.02770700 -0.01637700
v -0.01076900 0.02770700 -0.01637700
v -0.01076900 0.02770700 -0.01637700
v -0.01076900 0.02770700 -0.01637700
v -0.01076900 0.02770700 -0.01637700
v -0.01089400 0.02803200 -0.01655400
v -0.01089400 0.02803200 -0.01655400
v -0.01089400 0.02803200 -0.01655400
v -0.01089400 0.02803200 -0.01655400
v -0.01089400 0.02803200 -0.01655400
v -0.01089400 0.02803200 -0.01655400
v -0.01089400 0.02803200 -0.01655400
v -0.01089400 0.02803200 -0.01655400
v -0.01093800 0.02841400 -0.01661700
v -0.01093800 0.02841400 -0.01661700
v -0.01093800 0.02841400 -0.01661700
v -0.01093800 0.02841400 -0.01661700
v -0.01093800 0.02841400 -0.01661700
v -0.01093800 0.02841400 -0.01661700
v -0.01093800 0.02841400 -0.01661700
v -0.01168200 0.02841400 -0.01595600
v -0.01168200 0.02841400 -0.01595600
v -0.01168200 0.02841400 -0.01595600
v -0.01168200 0.02841400 -0.01595600
v -0.01166900 0.02821300 -0.01594100
v -0.01166900 0.02821300 -0.01594100
v -0.01166900 0.02821300 -0.01594100
v -0.01166900 0.02821300 -0.01594100
v -0.01166900 0.02821300 -0.01594100
v -0.01166900 0.02821300 -0.01594100
v -0.01166900 0.02821300 -0.01594100
v -0.01162900 0.02803100 -0.01590100
v -0.01162900 0.02803100 -0.01590100
v -0.01162900 0.02803100 -0.01590100
v -0.01162900 0.02803100 -0.01590100
v -0.01162900 0.02803100 -0.01590100
v -0.01080500 0.02770700 -0.01635100
v -0.01080500 0.02770700 -0.01635100
v -0.01080500 0.02770700 -0.01635100
v -0.01080500 0.02770700 -0.01635100
v -0.01080500 0.02770700 -0.01635100
v -0.01080500 0.02770700 -0.01635100
v -0.01152400 0.02778300 -0.01579700
v -0.01152400 0.02778300 -0.01579700
v -0.01152400 0.02778300 -0.01579700
v -0.01152400 0.02778300 -0.01579700
v -0.01152400 0.02778300 -0.01579700
v -0.01152400 0.02778300 -0.01579700
v -0.01147600 0.02770700 -0.01574800
v -0.01147600 0.02770700 -0.01574800
v -0.01147600 0.02770700 -0.01574800
v -0.01147600 0.02770700 -0.01574800
v -0.01657200 0.03458600 -0.01096900
v -0.01657200 0.03458600 -0.01096900
v -0.01657200 0.03458600 -0.01096900
v -0.01657200 0.03458600 -0.01096900
v -0.01657200 0.03458600 -0.01096900
v -0.01657200 0.03458600 -0.01096900
v -0.01648900 0.03505400 -0.01088700
v -0.01648900 0.03505400 -0.01088700
v -0.01648900 0.03505400 -0.01088700
v -0.01648900 0.03505400 -0.01088700
v -0.01648900 0.03505400 -0.01088700
v -0.01636200 0.03529300 -0.01076300
v -0.01636200 0.03529300 -0.01076300
v -0.01636200 0.03529300 -0.01076300
v -0.01636200 0.03529300 -0.01076300
v -0.01636200 0.03529300 -0.01076300
v -0.01636200 0.03529300 -0.01076300
v -0.01655700 0.02821300 -0.01095500
v -0.01655700 0.02821300 -0.01095500
v -0.01655700 0.02821300 -0.01095500
v -0.01655700 0.02821300 -0.01095500
v -0.01655700 0.02821300 -0.01095500
v -0.01657200 0.02841400 -0.01096900
v -0.01657200 0.02841400 -0.01096900
v -0.01657200 0.02841400 -0.01096900
v -0.01657200 0.02841400 -0.01096900
v -0.01657200 0.02841400 -0.01096900
v -0.01657200 0.02841400 -0.01096900
v -0.01657200 0.02841400 -0.01096900
v -0.01766500 0.03529300 -0.00821100
v -0.01766500 0.03529300 -0.00821100
v -0.01766500 0.03529300 -0.00821100
v -0.01766500 0.03529300 -0.00821100
v -0.01766500 0.03529300 -0.00821100
v -0.01766500 0.03529300 -0.00821100
v -0.01764100 0.03529300 -0.00835900
v -0.01764100 0.03529300 -0.00835900
v -0.01764100 0.03529300 -0.00835900
v -0.01764100 0.03529300 -0.00835900
v -0.01764100 0.03529300 -0.00835900
v -0.01785400 0.03496800 -0.00839900
v -0.01785400 0.03496800 -0.00839900
v -0.01785400 0.03496800 -0.00839900
v -0.01785400 0.03496800 -0.00839900
v -0.01785400 0.03496800 -0.00839900
v -0.01785400 0.03496800 -0.00839900
v -0.01785400 0.03496800 -0.00839900
v -0.01770800 0.03529300 -0.00746700
v -0.01770800 0.03529300 -0.00746700
v -0.01770800 0.03529300 -0.00746700
v -0.01770800 0.03529300 -0.00746700
v -0.01770800 0.03529300 -0.00746700
v -0.01770800 0.03529300 -0.00746700
v -0.01788400 0.03505500 -0.00746800
v -0.01788400 0.03505500 -0.00746800
v -0.01788400 0.03505500 -0.00746800
v -0.01788400 0.03505500 -0.00746800
v -0.01788400 0.03505500 -0.00746800
v -0.01788400 0.03505500 -0.00746800
v -0.01788400 0.03505500 -0.00746800
v -0.01792800 0.03458600 -0.00841300
v -0.01792800 0.03458600 -0.00841300
v -0.01792800 0.03458600 -0.00841300
v -0.01792800 0.03458600 -0.00841300
v -0.01792800 0.03458600 -0.00841300
v -0.01792800 0.03458600 -0.00841300
v -0.01800100 0.03458600 -0.00746900
v -0.01800100 0.03458600 -0.00746900
v -0.01800100 0.03458600 -0.00746900
v -0.01800100 0.03458600 -0.00746900
v -0.01800100 0.03458600 -0.00746900
v -0.01800100 0.03458600 -0.00746900
v -0.01737600 0.03529300 -0.00924600
v -0.01737600 0.03529300 -0.00924600
v -0.01737600 0.03529300 -0.00924600
v -0.01737600 0.03529300 -0.00924600
v -0.01737600 0.03529300 -0.00924600
v -0.01737600 0.03529300 -0.00924600
v -0.01757700 0.03496800 -0.00932700
v -0.01757700 0.03496800 -0.00932700
v -0.01757700 0.03496800 -0.00932700
v -0.01757700 0.03496800 -0.00932700
v -0.01757700 0.03496800 -0.00932700
v -0.01757700 0.03496800 -0.00932700
v -0.01757700 0.03496800 -0.00932700
v -0.01764800 0.03458600 -0.00935600
v -0.01764800 0.03458600 -0.00935600
v -0.01764800 0.03458600 -0.00935600
v -0.01764800 0.03458600 -0.00935600
v -0.01764800 0.03458600 -0.00935600
v -0.01764400 0.03458600 -0.00936500
v -0.01764400 0.03458600 -0.00936500
v -0.01764400 0.03458600 -0.00936500
v -0.01764400 0.03458600 -0.00936500
v -0.01764400 0.03458600 -0.00936500
v -0.01764400 0.03458600 -0.00936500
v -0.01764400 0.03458600 -0.00936500
v -0.01737000 0.03529300 -0.00926100
v -0.01737000 0.03529300 -0.00926100
v -0.01737000 0.03529300 -0.00926100
v -0.01737000 0.03529300 -0.00926100
v -0.01737000 0.03529300 -0.00926100
v -0.01694400 0.03529300 -0.01007100
v -0.01694400 0.03529300 -0.01007100
v -0.01694400 0.03529300 -0.01007100
v -0.01694400 0.03529300 -0.01007100
v -0.01694400 0.03529300 -0.01007100
v -0.01712400 0.03496800 -0.01019100
v -0.01712400 0.03496800 -0.01019100
v -0.01712400 0.03496800 -0.01019100
v -0.01712400 0.03496800 -0.01019100
v -0.01712400 0.03496800 -0.01019100
v -0.01712400 0.03496800 -0.01019100
v -0.01712400 0.03496800 -0.01019100
v -0.01712400 0.03496800 -0.01019100
v -0.01718800 0.03458600 -0.01023300
v -0.01718800 0.03458600 -0.01023300
v -0.01718800 0.03458600 -0.01023300
v -0.01718800 0.03458600 -0.01023300
v -0.01718800 0.03458600 -0.01023300
v -0.01683800 0.03529300 -0.01022300
v -0.01683800 0.03529300 -0.01022300
v -0.01683800 0.03529300 -0.01022300
v -0.01683800 0.03529300 -0.01022300
v -0.01683800 0.03529300 -0.01022300
v -0.01683800 0.03529300 -0.01022300
v -0.01683800 0.03529300 -0.01022300
v -0.01636100 0.02770700 -0.01076500
v -0.01636100 0.02770700 -0.01076500
v -0.01636100 0.02770700 -0.01076500
v -0.01636100 0.02770700 -0.01076500
v -0.01636100 0.02770700 -0.01076500
v -0.01636100 0.02770700 -0.01076500
v -0.01636100 0.02770700 -0.01076500
v -0.01693800 0.02770700 -0.01007900
v -0.01693800 0.02770700 -0.01007900
v -0.01693800 0.02770700 -0.01007900
v -0.01693800 0.02770700 -0.01007900
v -0.01693800 0.02770700 -0.01007900
v -0.01693800 0.02770700 -0.01007900
v -0.01641100 0.02778400 -0.01081300
v -0.01641100 0.02778400 -0.01081300
v -0.01641100 0.02778400 -0.01081300
v -0.01641100 0.02778400 -0.01081300
v -0.01641100 0.02778400 -0.01081300
v -0.01641100 0.02778400 -0.01081300
v -0.01711800 0.02803100 -0.01020000
v -0.01711800 0.02803100 -0.01020000
v -0.01711800 0.02803100 -0.01020000
v -0.01711800 0.02803100 -0.01020000
v -0.01711800 0.02803100 -0.01020000
v -0.01711800 0.02803100 -0.01020000
v -0.01711800 0.02803100 -0.01020000
v -0.01651700 0.02803100 -0.01091600
v -0.01651700 0.02803100 -0.01091600
v -0.01651700 0.02803100 -0.01091600
v -0.01651700 0.02803100 -0.01091600
v -0.01651700 0.02803100 -0.01091600
v -0.01718100 0.02841400 -0.01024300
v -0.01718100 0.02841400 -0.01024300
v -0.01718100 0.02841400 -0.01024300
v -0.01718100 0.02841400 -0.01024300
v -0.01718100 0.02841400 -0.01024300
v -0.01718100 0.02841400 -0.01024300
v -0.01718100 0.02841400 -0.01024300
v -0.01694000 0.02770700 -0.01007700
v -0.01694000 0.02770700 -0.01007700
v -0.01694000 0.02770700 -0.01007700
v -0.01694000 0.02770700 -0.01007700
v -0.01694000 0.02770700 -0.01007700
v -0.01737000 0.02770700 -0.00926200
v -0.01737000 0.02770700 -0.00926200
v -0.01737000 0.02770700 -0.00926200
v -0.01737000 0.02770700 -0.00926200
v -0.01737000 0.02770700 -0.00926200
v -0.01757000 0.02803100 -0.00934400
v -0.01757000 0.02803100 -0.00934400
v -0.01757000 0.02803100 -0.00934400
v -0.01757000 0.02803100 -0.00934400
v -0.01757000 0.02803100 -0.00934400
v -0.01757000 0.02803100 -0.00934400
v -0.01757000 0.02803100 -0.00934400
v -0.01757000 0.02803100 -0.00934400
v -0.01764000 0.02841400 -0.00937300
v -0.01764000 0.02841400 -0.00937300
v -0.01764000 0.02841400 -0.00937300
v -0.01764000 0.02841400 -0.00937300
v -0.01764400 0.02841400 -0.00936500
v -0.01764400 0.02841400 -0.00936500
v -0.01764400 0.02841400 -0.00936500
v -0.01764400 0.02841400 -0.00936500
v -0.01764400 0.02841400 -0.00936500
v -0.01764400 0.02841400 -0.00936500
v -0.01737400 0.02770700 -0.00925200
v -0.01737400 0.02770700 -0.00925200
v -0.01737400 0.02770700 -0.00925200
v -0.01737400 0.02770700 -0.00925200
v -0.01737400 0.02770700 -0.00925200
v -0.01737400 0.02770700 -0.00925200
v -0.01763800 0.02770700 -0.00837100
v -0.01763800 0.02770700 -0.00837100
v -0.01763800 0.02770700 -0.00837100
v -0.01763800 0.02770700 -0.00837100
v -0.01763800 0.02770700 -0.00837100
v -0.01763800 0.02770700 -0.00837100
v -0.01785100 0.02803100 -0.00841100
v -0.01785100 0.02803100 -0.00841100
v -0.01785100 0.02803100 -0.00841100
v -0.01785100 0.02803100 -0.00841100
v -0.01785100 0.02803100 -0.00841100
v -0.01785100 0.02803100 -0.00841100
v -0.01785100 0.02803100 -0.00841100
v -0.01792600 0.02841400 -0.00842500
v -0.01792600 0.02841400 -0.00842500
v -0.01792600 0.02841400 -0.00842500
v -0.01792600 0.02841400 -0.00842500
v -0.01792600 0.02841400 -0.00842500
v -0.01792600 0.02841400 -0.00842500
v -0.01800100 0.02841400 -0.00746900
v -0.01800100 0.02841400 -0.00746900
v -0.01800100 0.02841400 -0.00746900
v -0.01800100 0.02841400 -0.00746900
v -0.01800100 0.02841400 -0.00746900
v -0.01800100 0.02841400 -0.00746900
v -0.01800100 0.02841400 -0.00746900
v -0.01792500 0.02803100 -0.00746900
v -0.01792500 0.02803100 -0.00746900
v -0.01792500 0.02803100 -0.00746900
v -0.01792500 0.02803100 -0.00746900
v -0.01792500 0.02803100 -0.00746900
v -0.01770800 0.02770700 -0.00746900
v -0.01770800 0.02770700 -0.00746900
v -0.01770800 0.02770700 -0.00746900
v -0.01770800 0.02770700 -0.00746900
v -0.01770800 0.02770700 -0.00746900
v -0.01770800 0.02770700 -0.00746900
v -0.01800100 0.03458600 0.00746800
v -0.01800100 0.03458600 0.00746800
v -0.01800100 0.03458600 0.00746800
v -0.01800100 0.03458600 0.00746800
v -0.01800100 0.03458600 0.00746800
v -0.01788500 0.03505400 0.00746800
v -0.01788500 0.03505400 0.00746800
v -0.01788500 0.03505400 0.00746800
v -0.01788500 0.03505400 0.00746800
v -0.01788500 0.03505400 0.00746800
v -0.01788500 0.03505400 0.00746800
v -0.01770800 0.03529300 0.00746800
v -0.01770800 0.03529300 0.00746800
v -0.01770800 0.03529300 0.00746800
v -0.01770800 0.03529300 0.00746800
v -0.01770800 0.03529300 0.00746800
v -0.01770800 0.03529300 0.00746800
v -0.01788400 0.02794500 0.00740200
v -0.01788400 0.02794500 0.00740200
v -0.01788400 0.02794500 0.00740200
v -0.01788400 0.02794500 0.00740200
v -0.01788400 0.02794500 0.00740200
v -0.01788400 0.02794500 0.00740200
v -0.01788400 0.02794500 0.00740200
v -0.01788400 0.02794500 0.00740200
v -0.01800100 0.02841400 0.00740700
v -0.01800100 0.02841400 0.00740700
v -0.01800100 0.02841400 0.00740700
v -0.01800100 0.02841400 0.00740700
v -0.01770800 0.02770700 0.00739900
v -0.01770800 0.02770700 0.00739900
v -0.01770800 0.02770700 0.00739900
v -0.01770800 0.02770700 0.00739900
v -0.01770800 0.02770700 0.00739900
v -0.01770800 0.02770700 0.00739900
v -0.01770800 0.02770700 0.00739900
v -0.01641100 0.03521600 0.01081300
v -0.01641100 0.03521600 0.01081300
v -0.01641100 0.03521600 0.01081300
v -0.01641100 0.03521600 0.01081300
v -0.01641100 0.03521600 0.01081300
v -0.01641100 0.03521600 0.01081300
v -0.01636100 0.03529300 0.01076500
v -0.01636100 0.03529300 0.01076500
v -0.01636100 0.03529300 0.01076500
v -0.01636100 0.03529300 0.01076500
v -0.01636100 0.03529300 0.01076500
v -0.01685200 0.03529300 0.01020300
v -0.01685200 0.03529300 0.01020300
v -0.01685200 0.03529300 0.01020300
v -0.01685200 0.03529300 0.01020300
v -0.01685200 0.03529300 0.01020300
v -0.01685200 0.03529300 0.01020300
v -0.01685200 0.03529300 0.01020300
v -0.01651600 0.03497000 0.01091500
v -0.01651600 0.03497000 0.01091500
v -0.01651600 0.03497000 0.01091500
v -0.01651600 0.03497000 0.01091500
v -0.01651600 0.03497000 0.01091500
v -0.01711700 0.03496800 0.01020100
v -0.01711700 0.03496800 0.01020100
v -0.01711700 0.03496800 0.01020100
v -0.01711700 0.03496800 0.01020100
v -0.01711700 0.03496800 0.01020100
v -0.01711700 0.03496800 0.01020100
v -0.01711700 0.03496800 0.01020100
v -0.01711700 0.03496800 0.01020100
v -0.01711700 0.03496800 0.01020100
v -0.01693700 0.03529300 0.01008100
v -0.01693700 0.03529300 0.01008100
v -0.01693700 0.03529300 0.01008100
v -0.01693700 0.03529300 0.01008100
v -0.01693700 0.03529300 0.01008100
v -0.01655700 0.03478700 0.01095400
v -0.01655700 0.03478700 0.01095400
v -0.01655700 0.03478700 0.01095400
v -0.01655700 0.03478700 0.01095400
v -0.01655700 0.03478700 0.01095400
v -0.01655700 0.03478700 0.01095400
v -0.01718100 0.03458600 0.01024300
v -0.01718100 0.03458600 0.01024300
v -0.01718100 0.03458600 0.01024300
v -0.01718100 0.03458600 0.01024300
v -0.01718100 0.03458600 0.01024300
v -0.01657200 0.03458600 0.01096900
v -0.01657200 0.03458600 0.01096900
v -0.01657200 0.03458600 0.01096900
v -0.01657200 0.03458600 0.01096900
v -0.01657200 0.03458600 0.01096900
v -0.01750300 0.03458600 0.00968000
v -0.01750300 0.03458600 0.00968000
v -0.01750300 0.03458600 0.00968000
v -0.01750300 0.03458600 0.00968000
v -0.01750300 0.03458600 0.00968000
v -0.01750300 0.03458600 0.00968000
v -0.01750300 0.03458600 0.00968000
v -0.01750300 0.03458600 0.00968000
v -0.01764000 0.03458600 0.00937400
v -0.01764000 0.03458600 0.00937400
v -0.01764000 0.03458600 0.00937400
v -0.01764000 0.03458600 0.00937400
v -0.01764000 0.03458600 0.00937400
v -0.01757000 0.03496800 0.00934500
v -0.01757000 0.03496800 0.00934500
v -0.01757000 0.03496800 0.00934500
v -0.01757000 0.03496800 0.00934500
v -0.01757000 0.03496800 0.00934500
v -0.01757000 0.03496800 0.00934500
v -0.01737000 0.03529300 0.00926200
v -0.01737000 0.03529300 0.00926200
v -0.01737000 0.03529300 0.00926200
v -0.01737000 0.03529300 0.00926200
v -0.01737000 0.03529300 0.00926200
v -0.01737000 0.03529300 0.00926200
v -0.01737600 0.03529300 0.00924600
v -0.01737600 0.03529300 0.00924600
v -0.01737600 0.03529300 0.00924600
v -0.01737600 0.03529300 0.00924600
v -0.01737600 0.03529300 0.00924600
v -0.01763900 0.03529300 0.00837000
v -0.01763900 0.03529300 0.00837000
v -0.01763900 0.03529300 0.00837000
v -0.01763900 0.03529300 0.00837000
v -0.01763900 0.03529300 0.00837000
v -0.01785100 0.03496800 0.00841100
v -0.01785100 0.03496800 0.00841100
v -0.01785100 0.03496800 0.00841100
v -0.01785100 0.03496800 0.00841100
v -0.01785100 0.03496800 0.00841100
v -0.01785100 0.03496800 0.00841100
v -0.01785100 0.03496800 0.00841100
v -0.01792600 0.03458600 0.00842500
v -0.01792600 0.03458600 0.00842500
v -0.01792600 0.03458600 0.00842500
v -0.01792600 0.03458600 0.00842500
v -0.01792600 0.03458600 0.00842500
v -0.01799500 0.03458600 0.00779600
v -0.01799500 0.03458600 0.00779600
v -0.01799500 0.03458600 0.00779600
v -0.01799500 0.03458600 0.00779600
v -0.01799500 0.03458600 0.00779600
v -0.01766900 0.03529300 0.00818700
v -0.01766900 0.03529300 0.00818700
v -0.01766900 0.03529300 0.00818700
v -0.01766900 0.03529300 0.00818700
v -0.01766900 0.03529300 0.00818700
v -0.01766900 0.03529300 0.00818700
v -0.01766900 0.03529300 0.00818700
v -0.01799500 0.02841400 0.00779600
v -0.01799500 0.02841400 0.00779600
v -0.01799500 0.02841400 0.00779600
v -0.01799500 0.02841400 0.00779600
v -0.01799500 0.02841400 0.00779600
v -0.01799500 0.02841400 0.00779600
v -0.01765200 0.02770700 0.00829400
v -0.01765200 0.02770700 0.00829400
v -0.01765200 0.02770700 0.00829400
v -0.01765200 0.02770700 0.00829400
v -0.01764800 0.02770700 0.00831800
v -0.01764800 0.02770700 0.00831800
v -0.01764800 0.02770700 0.00831800
v -0.01764800 0.02770700 0.00831800
v -0.01786100 0.02803100 0.00835600
v -0.01786100 0.02803100 0.00835600
v -0.01786100 0.02803100 0.00835600
v -0.01786100 0.02803100 0.00835600
v -0.01786100 0.02803100 0.00835600
v -0.01786100 0.02803100 0.00835600
v -0.01786100 0.02803100 0.00835600
v -0.01793600 0.02841400 0.00836900
v -0.01793600 0.02841400 0.00836900
v -0.01793600 0.02841400 0.00836900
v -0.01793600 0.02841400 0.00836900
v -0.01793600 0.02841400 0.00836900
v -0.01793600 0.02841400 0.00836900
v -0.01793600 0.02841400 0.00836900
v -0.01737700 0.02770700 0.00924300
v -0.01737700 0.02770700 0.00924300
v -0.01737700 0.02770700 0.00924300
v -0.01737700 0.02770700 0.00924300
v -0.01737700 0.02770700 0.00924300
v -0.01757900 0.02803100 0.00932200
v -0.01757900 0.02803100 0.00932200
v -0.01757900 0.02803100 0.00932200
v -0.01757900 0.02803100 0.00932200
v -0.01757900 0.02803100 0.00932200
v -0.01757900 0.02803100 0.00932200
v -0.01757900 0.02803100 0.00932200
v -0.01757900 0.02803100 0.00932200
v -0.01765000 0.02841400 0.00935100
v -0.01765000 0.02841400 0.00935100
v -0.01765000 0.02841400 0.00935100
v -0.01765000 0.02841400 0.00935100
v -0.01765000 0.02841400 0.00935100
v -0.01710900 0.02803200 0.01021400
v -0.01710900 0.02803200 0.01021400
v -0.01710900 0.02803200 0.01021400
v -0.01710900 0.02803200 0.01021400
v -0.01710900 0.02803200 0.01021400
v -0.01710900 0.02803200 0.01021400
v -0.01692900 0.02770700 0.01009200
v -0.01692900 0.02770700 0.01009200
v -0.01692900 0.02770700 0.01009200
v -0.01692900 0.02770700 0.01009200
v -0.01692900 0.02770700 0.01009200
v -0.01692900 0.02770700 0.01009200
v -0.01717200 0.02841400 0.01025600
v -0.01717200 0.02841400 0.01025600
v -0.01717200 0.02841400 0.01025600
v -0.01717200 0.02841400 0.01025600
v -0.01717200 0.02841400 0.01025600
v -0.01717200 0.02841400 0.01025600
v -0.01717200 0.02841400 0.01025600
v -0.01750300 0.02841400 0.00968000
v -0.01750300 0.02841400 0.00968000
v -0.01750300 0.02841400 0.00968000
v -0.01750300 0.02841400 0.00968000
v -0.01644400 0.02794600 0.01093300
v -0.01644400 0.02794600 0.01093300
v -0.01644400 0.02794600 0.01093300
v -0.01644400 0.02794600 0.01093300
v -0.01644400 0.02794600 0.01093300
v -0.01644400 0.02794600 0.01093300
v -0.01652900 0.02841400 0.01101200
v -0.01652900 0.02841400 0.01101200
v -0.01652900 0.02841400 0.01101200
v -0.01652900 0.02841400 0.01101200
v -0.01652900 0.02841400 0.01101200
v -0.01631700 0.02770700 0.01081000
v -0.01631700 0.02770700 0.01081000
v -0.01631700 0.02770700 0.01081000
v -0.01631700 0.02770700 0.01081000
v -0.01631700 0.02770700 0.01081000
v -0.01631700 0.02770700 0.01081000
v -0.01631700 0.02770700 0.01081000
v -0.01672900 0.02770700 0.01036100
v -0.01672900 0.02770700 0.01036100
v -0.01672900 0.02770700 0.01036100
v -0.01672900 0.02770700 0.01036100
v -0.01672900 0.02770700 0.01036100
v -0.01672900 0.02770700 0.01036100
v -0.01672900 0.02770700 0.01036100
v -0.01691200 0.02770700 0.01011700
v -0.01691200 0.02770700 0.01011700
v -0.01691200 0.02770700 0.01011700
v -0.01691200 0.02770700 0.01011700
v -0.01143000 0.03529300 0.01579500
v -0.01143000 0.03529300 0.01579500
v -0.01143000 0.03529300 0.01579500
v -0.01143000 0.03529300 0.01579500
v -0.01143000 0.03529300 0.01579500
v -0.01143000 0.03529300 0.01579500
v -0.01147900 0.03521700 0.01584300
v -0.01147900 0.03521700 0.01584300
v -0.01147900 0.03521700 0.01584300
v -0.01147900 0.03521700 0.01584300
v -0.01147900 0.03521700 0.01584300
v -0.01147900 0.03521700 0.01584300
v -0.01158400 0.03497100 0.01594600
v -0.01158400 0.03497100 0.01594600
v -0.01158400 0.03497100 0.01594600
v -0.01158400 0.03497100 0.01594600
v -0.01158400 0.03497100 0.01594600
v -0.01158400 0.03497100 0.01594600
v -0.01162400 0.03478600 0.01598600
v -0.01162400 0.03478600 0.01598600
v -0.01162400 0.03478600 0.01598600
v -0.01162400 0.03478600 0.01598600
v -0.01162400 0.03478600 0.01598600
v -0.01162400 0.03478600 0.01598600
v -0.01163900 0.03458600 0.01600000
v -0.01163900 0.03458600 0.01600000
v -0.01163900 0.03458600 0.01600000
v -0.01163900 0.03458600 0.01600000
v -0.01163900 0.03458600 0.01600000
v -0.01160200 0.02794500 0.01587100
v -0.01160200 0.02794500 0.01587100
v -0.01160200 0.02794500 0.01587100
v -0.01160200 0.02794500 0.01587100
v -0.01160200 0.02794500 0.01587100
v -0.01160200 0.02794500 0.01587100
v -0.01160200 0.02794500 0.01587100
v -0.01160200 0.02794500 0.01587100
v -0.01168200 0.02841400 0.01595600
v -0.01168200 0.02841400 0.01595600
v -0.01168200 0.02841400 0.01595600
v -0.01168200 0.02841400 0.01595600
v -0.01168200 0.02841400 0.01595600
v -0.01147900 0.02770700 0.01574500
v -0.01147900 0.02770700 0.01574500
v -0.01147900 0.02770700 0.01574500
v -0.01147900 0.02770700 0.01574500
v -0.01147900 0.02770700 0.01574500
v -0.01147900 0.02770700 0.01574500
v -0.01147900 0.02770700 0.01574500
v -0.00806700 0.03527500 0.01722300
v -0.00806700 0.03527500 0.01722300
v -0.00806700 0.03527500 0.01722300
v -0.00806700 0.03527500 0.01722300
v -0.00806700 0.03527500 0.01722300
v -0.00806700 0.03529300 0.01720700
v -0.00806700 0.03529300 0.01720700
v -0.00806700 0.03529300 0.01720700
v -0.00806700 0.03529300 0.01720700
v -0.00806700 0.03529300 0.01720700
v -0.00806700 0.03529300 0.01720700
v -0.00806700 0.03529300 0.01720700
v -0.00806700 0.03529300 0.01720700
v -0.00806700 0.03529300 0.01720700
v -0.00882600 0.03529300 0.01716300
v -0.00882600 0.03529300 0.01716300
v -0.00882600 0.03529300 0.01716300
v -0.00882600 0.03529300 0.01716300
v -0.00882600 0.03529300 0.01716300
v -0.00882600 0.03529300 0.01716300
v -0.00882600 0.03529300 0.01716300
v -0.00806800 0.03497000 0.01742200
v -0.00806800 0.03497000 0.01742200
v -0.00806800 0.03497000 0.01742200
v -0.00806800 0.03497000 0.01742200
v -0.00806800 0.03497000 0.01742200
v -0.00902900 0.03496800 0.01734800
v -0.00902900 0.03496800 0.01734800
v -0.00902900 0.03496800 0.01734800
v -0.00902900 0.03496800 0.01734800
v -0.00902900 0.03496800 0.01734800
v -0.00902900 0.03496800 0.01734800
v -0.00902900 0.03496800 0.01734800
v -0.00902900 0.03496800 0.01734800
v -0.00902900 0.03496800 0.01734800
v -0.00898700 0.03529300 0.01713500
v -0.00898700 0.03529300 0.01713500
v -0.00898700 0.03529300 0.01713500
v -0.00898700 0.03529300 0.01713500
v -0.00898700 0.03529300 0.01713500
v -0.00806900 0.03486700 0.01746000
v -0.00806900 0.03486700 0.01746000
v -0.00806900 0.03486700 0.01746000
v -0.00806900 0.03486700 0.01746000
v -0.00806900 0.03486700 0.01746000
v -0.00806900 0.03486700 0.01746000
v -0.00904400 0.03458600 0.01742200
v -0.00904400 0.03458600 0.01742200
v -0.00904400 0.03458600 0.01742200
v -0.00904400 0.03458600 0.01742200
v -0.00904400 0.03458600 0.01742200
v -0.00806900 0.03458600 0.01750000
v -0.00806900 0.03458600 0.01750000
v -0.00806900 0.03458600 0.01750000
v -0.00806900 0.03458600 0.01750000
v -0.00806900 0.03458600 0.01750000
v -0.00806900 0.03458600 0.01750000
v -0.00969600 0.03458600 0.01724600
v -0.00969600 0.03458600 0.01724600
v -0.00969600 0.03458600 0.01724600
v -0.00969600 0.03458600 0.01724600
v -0.00969600 0.03458600 0.01724600
v -0.00969600 0.03458600 0.01724600
v -0.00969600 0.03458600 0.01724600
v -0.00969600 0.03458600 0.01724600
v -0.01001100 0.03458600 0.01712500
v -0.01001100 0.03458600 0.01712500
v -0.01001100 0.03458600 0.01712500
v -0.01001100 0.03458600 0.01712500
v -0.01001100 0.03458600 0.01712500
v -0.01001100 0.03458600 0.01712500
v -0.00998200 0.03496800 0.01705500
v -0.00998200 0.03496800 0.01705500
v -0.00998200 0.03496800 0.01705500
v -0.00998200 0.03496800 0.01705500
v -0.00998200 0.03496800 0.01705500
v -0.00998200 0.03496800 0.01705500
v -0.00990700 0.03529300 0.01685100
v -0.00990700 0.03529300 0.01685100
v -0.00990700 0.03529300 0.01685100
v -0.00990700 0.03529300 0.01685100
v -0.00990700 0.03529300 0.01685100
v -0.00990700 0.03529300 0.01685100
v -0.01073400 0.03529300 0.01640200
v -0.01073400 0.03529300 0.01640200
v -0.01073400 0.03529300 0.01640200
v -0.01073400 0.03529300 0.01640200
v -0.01073400 0.03529300 0.01640200
v -0.01073400 0.03529300 0.01640200
v -0.01085700 0.03496800 0.01658000
v -0.01085700 0.03496800 0.01658000
v -0.01085700 0.03496800 0.01658000
v -0.01085700 0.03496800 0.01658000
v -0.01085700 0.03496800 0.01658000
v -0.01085700 0.03496800 0.01658000
v -0.01085700 0.03496800 0.01658000
v -0.01085700 0.03496800 0.01658000
v -0.01090100 0.03458600 0.01664200
v -0.01090100 0.03458600 0.01664200
v -0.01090100 0.03458600 0.01664200
v -0.01090100 0.03458600 0.01664200
v -0.01090100 0.03458600 0.01664200
v -0.01090100 0.03458600 0.01664200
v -0.01090100 0.03458600 0.01664200
v -0.01088900 0.03529300 0.01628900
v -0.01088900 0.03529300 0.01628900
v -0.01088900 0.03529300 0.01628900
v -0.01088900 0.03529300 0.01628900
v -0.01088900 0.03529300 0.01628900
v -0.01088900 0.03529300 0.01628900
v -0.01075500 0.03529300 0.01638700
v -0.01075500 0.03529300 0.01638700
v -0.01075500 0.03529300 0.01638700
v -0.01075500 0.03529300 0.01638700
v -0.01075500 0.03529300 0.01638700
v -0.01137600 0.03458600 0.01625700
v -0.01137600 0.03458600 0.01625700
v -0.01137600 0.03458600 0.01625700
v -0.01137600 0.03458600 0.01625700
v -0.01137600 0.03458600 0.01625700
v -0.01137600 0.02841400 0.01625700
v -0.01137600 0.02841400 0.01625700
v -0.01137600 0.02841400 0.01625700
v -0.01137600 0.02841400 0.01625700
v -0.01137600 0.02841400 0.01625700
v -0.01137600 0.02841400 0.01625700
v -0.01079600 0.02770700 0.01635800
v -0.01079600 0.02770700 0.01635800
v -0.01079600 0.02770700 0.01635800
v -0.01079600 0.02770700 0.01635800
v -0.01077400 0.02770700 0.01637400
v -0.01077400 0.02770700 0.01637400
v -0.01077400 0.02770700 0.01637400
v -0.01077400 0.02770700 0.01637400
v -0.01077400 0.02770700 0.01637400
v -0.01089900 0.02803200 0.01655100
v -0.01089900 0.02803200 0.01655100
v -0.01089900 0.02803200 0.01655100
v -0.01089900 0.02803200 0.01655100
v -0.01089900 0.02803200 0.01655100
v -0.01089900 0.02803200 0.01655100
v -0.01089900 0.02803200 0.01655100
v -0.01094300 0.02841400 0.01661300
v -0.01094300 0.02841400 0.01661300
v -0.01094300 0.02841400 0.01661300
v -0.01094300 0.02841400 0.01661300
v -0.01094300 0.02841400 0.01661300
v -0.01094300 0.02841400 0.01661300
v -0.01094300 0.02841400 0.01661300
v -0.00990700 0.02770700 0.01685100
v -0.00990700 0.02770700 0.01685100
v -0.00990700 0.02770700 0.01685100
v -0.00990700 0.02770700 0.01685100
v -0.00990700 0.02770700 0.01685100
v -0.00999600 0.02803100 0.01704900
v -0.00999600 0.02803100 0.01704900
v -0.00999600 0.02803100 0.01704900
v -0.00999600 0.02803100 0.01704900
v -0.00999600 0.02803100 0.01704900
v -0.00999600 0.02803100 0.01704900
v -0.00999600 0.02803100 0.01704900
v -0.00999600 0.02803100 0.01704900
v -0.01002600 0.02841400 0.01711900
v -0.01002600 0.02841400 0.01711900
v -0.01002600 0.02841400 0.01711900
v -0.01002600 0.02841400 0.01711900
v -0.01002600 0.02841400 0.01711900
v -0.00901200 0.02803200 0.01735100
v -0.00901200 0.02803200 0.01735100
v -0.00901200 0.02803200 0.01735100
v -0.00901200 0.02803200 0.01735100
v -0.00901200 0.02803200 0.01735100
v -0.00901200 0.02803200 0.01735100
v -0.00897200 0.02770700 0.01713800
v -0.00897200 0.02770700 0.01713800
v -0.00897200 0.02770700 0.01713800
v -0.00897200 0.02770700 0.01713800
v -0.00897200 0.02770700 0.01713800
v -0.00897200 0.02770700 0.01713800
v -0.00902600 0.02841400 0.01742600
v -0.00902600 0.02841400 0.01742600
v -0.00902600 0.02841400 0.01742600
v -0.00902600 0.02841400 0.01742600
v -0.00902600 0.02841400 0.01742600
v -0.00902600 0.02841400 0.01742600
v -0.00902600 0.02841400 0.01742600
v -0.00969600 0.02841400 0.01724600
v -0.00969600 0.02841400 0.01724600
v -0.00969600 0.02841400 0.01724600
v -0.00969600 0.02841400 0.01724600
v -0.00800200 0.02812200 0.01745600
v -0.00800200 0.02812200 0.01745600
v -0.00800200 0.02812200 0.01745600
v -0.00800200 0.02812200 0.01745600
v -0.00800200 0.02812200 0.01745600
v -0.00800200 0.02812200 0.01745600
v -0.00800200 0.02812200 0.01745600
v -0.00800200 0.02812200 0.01745600
v -0.00799900 0.02841400 0.01750000
v -0.00799900 0.02841400 0.01750000
v -0.00799900 0.02841400 0.01750000
v -0.00799900 0.02841400 0.01750000
v -0.00800500 0.02770700 0.01720700
v -0.00800500 0.02770700 0.01720700
v -0.00800500 0.02770700 0.01720700
v -0.00800500 0.02770700 0.01720700
v -0.00800500 0.02770700 0.01720700
v -0.00800500 0.02770700 0.01720700
v -0.00862700 0.02770700 0.01718600
v -0.00862700 0.02770700 0.01718600
v -0.00862700 0.02770700 0.01718600
v -0.00862700 0.02770700 0.01718600
v -0.00862700 0.02770700 0.01718600
v -0.00862700 0.02770700 0.01718600
v -0.00893700 0.02770700 0.01714400
v -0.00893700 0.02770700 0.01714400
v -0.00893700 0.02770700 0.01714400
v -0.00893700 0.02770700 0.01714400
v -0.00893700 0.02770700 0.01714400
v 0.07540400 0.03485700 0.01742400
v 0.07540400 0.03485700 0.01742400
v 0.07540400 0.03485700 0.01742400
v 0.07540400 0.03485700 0.01742400
v 0.07540400 0.03485700 0.01742400
v 0.07540400 0.03485700 0.01742400
v 0.07540400 0.03485700 0.01742400
v 0.07552800 0.03515700 0.01720700
v 0.07552800 0.03515700 0.01720700
v 0.07552800 0.03515700 0.01720700
v 0.07552800 0.03515700 0.01720700
v 0.07552800 0.03515700 0.01720700
v 0.07484200 0.03529300 0.01720700
v 0.07484200 0.03529300 0.01720700
v 0.07484200 0.03529300 0.01720700
v 0.07484200 0.03529300 0.01720700
v 0.07484200 0.03529300 0.01720700
v 0.07484200 0.03529300 0.01720700
v 0.07484200 0.03458600 0.01750000
v 0.07484200 0.03458600 0.01750000
v 0.07484200 0.03458600 0.01750000
v 0.07484200 0.03458600 0.01750000
v 0.07525700 0.03450300 0.01750000
v 0.07525700 0.03450300 0.01750000
v 0.07525700 0.03450300 0.01750000
v 0.07525700 0.03450300 0.01750000
v 0.07484200 0.03486700 0.01746000
v 0.07484200 0.03486700 0.01746000
v 0.07484200 0.03486700 0.01746000
v 0.07484200 0.03486700 0.01746000
v 0.07484200 0.03486700 0.01746000
v 0.07484200 0.03486700 0.01746000
v 0.07484200 0.03497100 0.01742300
v 0.07484200 0.03497100 0.01742300
v 0.07484200 0.03497100 0.01742300
v 0.07484200 0.03497100 0.01742300
v 0.07484200 0.03497100 0.01742300
v 0.07484200 0.03497100 0.01742300
v 0.07560900 0.03426800 0.01750000
v 0.07560900 0.03426800 0.01750000
v 0.07560900 0.03426800 0.01750000
v 0.07560900 0.03426800 0.01750000
v 0.07560900 0.03426800 0.01750000
v 0.07588000 0.03453900 0.01742400
v 0.07588000 0.03453900 0.01742400
v 0.07588000 0.03453900 0.01742400
v 0.07588000 0.03453900 0.01742400
v 0.07588000 0.03453900 0.01742400
v 0.07610900 0.03476800 0.01720700
v 0.07610900 0.03476800 0.01720700
v 0.07610900 0.03476800 0.01720700
v 0.07610900 0.03476800 0.01720700
v 0.00792800 0.02770700 0.01720700
v 0.00792800 0.02770700 0.01720700
v 0.00792800 0.02770700 0.01720700
v 0.00792800 0.02770700 0.01720700
v 0.00792800 0.02770700 0.01720700
v 0.00792800 0.02770700 0.01720700
v 0.00792800 0.02803200 0.01742400
v 0.00792800 0.02803200 0.01742400
v 0.00792800 0.02803200 0.01742400
v 0.00792800 0.02803200 0.01742400
v 0.00792800 0.02841400 0.01750000
v 0.00792800 0.02841400 0.01750000
v 0.00792800 0.02841400 0.01750000
v 0.00792800 0.02841400 0.01750000
v 0.00792800 0.02841400 0.01750000
v 0.00792800 0.02841400 0.01750000
v 0.00792800 0.02841400 0.01750000
v 0.00792800 0.02841400 0.01750000
v 0.01146300 0.02841400 0.01603600
v 0.01146300 0.02841400 0.01603600
v 0.01146300 0.02841400 0.01603600
v 0.01146300 0.02841400 0.01603600
v 0.01146300 0.03150000 0.01603600
v 0.01146300 0.03150000 0.01603600
v 0.01146300 0.03150000 0.01603600
v 0.01146300 0.03150000 0.01603600
v 0.01146300 0.03150000 0.01603600
v 0.01070500 0.02841400 0.01665700
v 0.01070500 0.02841400 0.01665700
v 0.01070500 0.02841400 0.01665700
v 0.01070500 0.02841400 0.01665700
v 0.01070500 0.02841400 0.01665700
v 0.01048400 0.03150000 0.01679700
v 0.01048400 0.03150000 0.01679700
v 0.01048400 0.03150000 0.01679700
v 0.01048400 0.03150000 0.01679700
v 0.01048400 0.03150000 0.01679700
v 0.01048400 0.03150000 0.01679700
v 0.00984100 0.02841400 0.01711900
v 0.00984100 0.02841400 0.01711900
v 0.00984100 0.02841400 0.01711900
v 0.00984100 0.02841400 0.01711900
v 0.00984100 0.02841400 0.01711900
v 0.00984100 0.03150000 0.01711900
v 0.00984100 0.03150000 0.01711900
v 0.00984100 0.03150000 0.01711900
v 0.00984100 0.03150000 0.01711900
v 0.00984100 0.03150000 0.01711900
v 0.00890300 0.02841400 0.01740400
v 0.00890300 0.02841400 0.01740400
v 0.00890300 0.02841400 0.01740400
v 0.00890300 0.02841400 0.01740400
v 0.00890300 0.02841400 0.01740400
v 0.00915800 0.03150000 0.01734600
v 0.00915800 0.03150000 0.01734600
v 0.00915800 0.03150000 0.01734600
v 0.00915800 0.03150000 0.01734600
v 0.00915800 0.03150000 0.01734600
v 0.00915800 0.03150000 0.01734600
v 0.00915800 0.03150000 0.01734600
v 0.00792700 0.03150000 0.01750000
v 0.00792700 0.03150000 0.01750000
v 0.00792700 0.03150000 0.01750000
v 0.00792700 0.03150000 0.01750000
v 0.00792700 0.03150000 0.01750000
v 0.01165700 0.03250000 0.01720000
v 0.01165700 0.03250000 0.01720000
v 0.01165700 0.03250000 0.01720000
v 0.01165700 0.03250000 0.01720000
v 0.01165700 0.03280000 0.01750000
v 0.01165700 0.03280000 0.01750000
v 0.01165700 0.03280000 0.01750000
v 0.01165700 0.03280000 0.01750000
v 0.01165700 0.03280000 0.01750000
v 0.01091700 0.03243600 0.01729000
v 0.01091700 0.03243600 0.01729000
v 0.01091700 0.03243600 0.01729000
v 0.01091700 0.03243600 0.01729000
v 0.01091700 0.03243600 0.01729000
v 0.01091700 0.03243600 0.01729000
v 0.01091700 0.03243600 0.01729000
v 0.01091700 0.03243600 0.01729000
v 0.01066900 0.03267400 0.01750000
v 0.01066900 0.03267400 0.01750000
v 0.01066900 0.03267400 0.01750000
v 0.01066900 0.03267400 0.01750000
v 0.01066900 0.03267400 0.01750000
v 0.01066900 0.03267400 0.01750000
v 0.00881300 0.03195700 0.01750000
v 0.00881300 0.03195700 0.01750000
v 0.00881300 0.03195700 0.01750000
v 0.00882100 0.03183600 0.01747900
v 0.00882100 0.03183600 0.01747900
v 0.00882100 0.03183600 0.01747900
v 0.00882100 0.03183600 0.01747900
v 0.00882100 0.03183600 0.01747900
v 0.00882100 0.03183600 0.01747900
v 0.00926200 0.03217000 0.01750000
v 0.00926200 0.03217000 0.01750000
v 0.00926200 0.03217000 0.01750000
v 0.00926200 0.03217000 0.01750000
v 0.00980000 0.03216600 0.01740900
v 0.00980000 0.03216600 0.01740900
v 0.00980000 0.03216600 0.01740900
v 0.00980000 0.03216600 0.01740900
v 0.00980000 0.03216600 0.01740900
v 0.00980000 0.03216600 0.01740900
v 0.00980000 0.03216600 0.01740900
v 0.00980000 0.03216600 0.01740900
v 0.00972000 0.03236600 0.01750000
v 0.00972000 0.03236600 0.01750000
v 0.00972000 0.03236600 0.01750000
v 0.01073400 0.03240300 0.01731100
v 0.01073400 0.03240300 0.01731100
v 0.01073400 0.03240300 0.01731100
v 0.01073400 0.03240300 0.01731100
v 0.06767000 0.03280000 0.01750000
v 0.06767000 0.03280000 0.01750000
v 0.06767000 0.03280000 0.01750000
v 0.06855000 0.03262500 0.01750000
v 0.06855000 0.03262500 0.01750000
v 0.06855000 0.03262500 0.01750000
v 0.08158400 0.02651800 0.01750000
v 0.08158400 0.02651800 0.01750000
v 0.08158400 0.02651800 0.01750000
v 0.08158400 0.02651800 0.01750000
v 0.08158400 0.02651800 0.01750000
v 0.08229100 0.02651800 0.01720700
v 0.08229100 0.02651800 0.01720700
v 0.08229100 0.02651800 0.01720700
v 0.08229100 0.02651800 0.01720700
v 0.08229100 0.02784400 0.01720700
v 0.08229100 0.02784400 0.01720700
v 0.08229100 0.02784400 0.01720700
v 0.08229100 0.02784400 0.01720700
v 0.08196700 0.02784300 0.01742400
v 0.08196700 0.02784300 0.01742400
v 0.08196700 0.02784300 0.01742400
v 0.08196700 0.02784300 0.01742400
v 0.08196700 0.02784300 0.01742400
v 0.08196700 0.02651800 0.01742400
v 0.08196700 0.02651800 0.01742400
v 0.08196700 0.02651800 0.01742400
v 0.08196700 0.02651800 0.01742400
v 0.08196700 0.02651800 0.01742400
v 0.08158400 0.02784300 0.01750000
v 0.08158400 0.02784300 0.01750000
v 0.08158400 0.02784300 0.01750000
v 0.08126600 0.02861100 0.01750000
v 0.08126600 0.02861100 0.01750000
v 0.08126600 0.02861100 0.01750000
v 0.08150200 0.02825900 0.01750000
v 0.08150200 0.02825900 0.01750000
v 0.08150200 0.02825900 0.01750000
v 0.08153700 0.02888200 0.01742400
v 0.08153700 0.02888200 0.01742400
v 0.08153700 0.02888200 0.01742400
v 0.08153700 0.02888200 0.01742400
v 0.08153700 0.02888200 0.01742400
v 0.08185500 0.02840500 0.01742400
v 0.08185500 0.02840500 0.01742400
v 0.08185500 0.02840500 0.01742400
v 0.08185500 0.02840500 0.01742400
v 0.08176600 0.02911100 0.01720700
v 0.08176600 0.02911100 0.01720700
v 0.08176600 0.02911100 0.01720700
v 0.08176600 0.02911100 0.01720700
v 0.08215500 0.02853000 0.01720700
v 0.08215500 0.02853000 0.01720700
v 0.08215500 0.02853000 0.01720700
v 0.08215500 0.02853000 0.01720700
v 0.08215500 0.02853000 0.01720700
v 0.08215500 0.02853000 0.01720700
v 0.07626000 0.03692500 0.01529300
v 0.07626000 0.03692500 0.01529300
v 0.07626000 0.03692500 0.01529300
v 0.07626000 0.03692500 0.01529300
v 0.07634300 0.03712600 0.01496900
v 0.07634300 0.03712600 0.01496900
v 0.07634300 0.03712600 0.01496900
v 0.07634300 0.03712600 0.01496900
v 0.06367900 0.03300000 0.00800000
v 0.06367900 0.03300000 0.00800000
v 0.06367900 0.03300000 0.00800000
v 0.06367900 0.03300000 0.00800000
v 0.06367900 0.03300000 0.00800000
v 0.06367900 0.03300100 0.00515400
v 0.06367900 0.03300100 0.00515400
v 0.06367900 0.03300100 0.00515400
v 0.06367900 0.03300100 0.00515400
v 0.06367900 0.03300100 0.00515400
v 0.06367900 0.03300100 0.00515400
v 0.06352600 0.03300000 0.00876500
v 0.06352600 0.03300000 0.00876500
v 0.06352600 0.03300000 0.00876500
v 0.06352600 0.03300000 0.00876500
v 0.06352600 0.03300000 0.00876500
v 0.06309300 0.03300000 0.00941400
v 0.06309300 0.03300000 0.00941400
v 0.06309300 0.03300000 0.00941400
v 0.06309300 0.03300000 0.00941400
v 0.06309300 0.03300000 0.00941400
v 0.06244400 0.03300000 0.00984800
v 0.06244400 0.03300000 0.00984800
v 0.06244400 0.03300000 0.00984800
v 0.06244400 0.03300000 0.00984800
v 0.06244400 0.03300000 0.00984800
v 0.06167900 0.03300000 0.01000000
v 0.06167900 0.03300000 0.01000000
v 0.06167900 0.03300000 0.01000000
v 0.06167900 0.03300000 0.01000000
v 0.06167900 0.03300000 0.01000000
v 0.03839400 0.03300100 0.01000000
v 0.03839400 0.03300100 0.01000000
v 0.03839400 0.03300100 0.01000000
v 0.03839400 0.03300100 0.01000000
v 0.03839400 0.03300100 0.01000000
v 0.03718600 0.03305400 0.00992300
v 0.03718600 0.03305400 0.00992300
v 0.03718600 0.03305400 0.00992300
v 0.03718600 0.03305400 0.00992300
v 0.03718600 0.03305400 0.00992300
v 0.03712400 0.03305800 0.00991300
v 0.03712400 0.03305800 0.00991300
v 0.03712400 0.03305800 0.00991300
v 0.03712400 0.03305800 0.00991300
v 0.03706100 0.03306200 0.00990200
v 0.03706100 0.03306200 0.00990200
v 0.03706100 0.03306200 0.00990200
v 0.03706100 0.03306200 0.00990200
v 0.03660400 0.03309200 0.00980500
v 0.03660400 0.03309200 0.00980500
v 0.03660400 0.03309200 0.00980500
v 0.03660400 0.03309200 0.00980500
v 0.03660400 0.03309200 0.00980500
v 0.03660400 0.03309200 0.00980500
v 0.03604200 0.03313700 0.00964200
v 0.03604200 0.03313700 0.00964200
v 0.03604200 0.03313700 0.00964200
v 0.03604200 0.03313700 0.00964200
v 0.03604200 0.03313700 0.00964200
v 0.03563800 0.03316000 0.00948800
v 0.03563800 0.03316000 0.00948800
v 0.03563800 0.03316000 0.00948800
v 0.03563800 0.03316000 0.00948800
v 0.03563800 0.03316000 0.00948800
v 0.03563800 0.03316000 0.00948800
v 0.03547500 0.03317000 0.00941700
v 0.03547500 0.03317000 0.00941700
v 0.03547500 0.03317000 0.00941700
v 0.03547500 0.03317000 0.00941700
v 0.03547500 0.03317000 0.00941700
v 0.03547500 0.03317000 0.00941700
v 0.03494000 0.03320300 0.00914200
v 0.03494000 0.03320300 0.00914200
v 0.03494000 0.03320300 0.00914200
v 0.03494000 0.03320300 0.00914200
v 0.03446000 0.03323700 0.00881300
v 0.03446000 0.03323700 0.00881300
v 0.03446000 0.03323700 0.00881300
v 0.03446000 0.03323700 0.00881300
v 0.03446000 0.03323700 0.00881300
v 0.03446000 0.03323700 0.00881300
v 0.03446000 0.03323700 0.00881300
v 0.03400200 0.03325600 0.00840100
v 0.03400200 0.03325600 0.00840100
v 0.03400200 0.03325600 0.00840100
v 0.03400200 0.03325600 0.00840100
v 0.03400200 0.03325600 0.00840100
v 0.03400200 0.03325600 0.00840100
v 0.02304900 0.03325600 -0.00277000
v 0.02304900 0.03325600 -0.00277000
v 0.02304900 0.03325600 -0.00277000
v 0.02304900 0.03325600 -0.00277000
v 0.02304900 0.03325600 -0.00277000
v 0.02304900 0.03325600 -0.00277000
v 0.02234000 0.03320300 -0.00370100
v 0.02234000 0.03320300 -0.00370100
v 0.02234000 0.03320300 -0.00370100
v 0.02234000 0.03320300 -0.00370100
v 0.02233000 0.03320200 -0.00371800
v 0.02233000 0.03320200 -0.00371800
v 0.02233000 0.03320200 -0.00371800
v 0.02233000 0.03320200 -0.00371800
v 0.02206600 0.03316900 -0.00424600
v 0.02206600 0.03316900 -0.00424600
v 0.02206600 0.03316900 -0.00424600
v 0.02206600 0.03316900 -0.00424600
v 0.02206600 0.03316900 -0.00424600
v 0.02188600 0.03314300 -0.00470000
v 0.02188600 0.03314300 -0.00470000
v 0.02188600 0.03314300 -0.00470000
v 0.02188600 0.03314300 -0.00470000
v 0.02188600 0.03314300 -0.00470000
v 0.02188600 0.03314300 -0.00470000
v 0.02188600 0.03314300 -0.00470000
v 0.02266200 0.03323800 -0.00321700
v 0.02266200 0.03323800 -0.00321700
v 0.02266200 0.03323800 -0.00321700
v 0.02266200 0.03323800 -0.00321700
v 0.02266200 0.03323800 -0.00321700
v 0.02234900 0.03320400 -0.00368400
v 0.02234900 0.03320400 -0.00368400
v 0.02234900 0.03320400 -0.00368400
v 0.02234900 0.03320400 -0.00368400
v 0.02234900 0.03320400 -0.00368400
v 0.02169200 0.03310400 -0.00535000
v 0.02169200 0.03310400 -0.00535000
v 0.02169200 0.03310400 -0.00535000
v 0.02169200 0.03310400 -0.00535000
v 0.02169200 0.03310400 -0.00535000
v 0.02185000 0.03313700 -0.00480300
v 0.02185000 0.03313700 -0.00480300
v 0.02185000 0.03313700 -0.00480300
v 0.02185000 0.03313700 -0.00480300
v 0.02185000 0.03313700 -0.00480300
v 0.02185000 0.03313700 -0.00480300
v 0.02157600 0.03305500 -0.00593800
v 0.02157600 0.03305500 -0.00593800
v 0.02157600 0.03305500 -0.00593800
v 0.02157600 0.03305500 -0.00593800
v 0.02157300 0.03305200 -0.00595800
v 0.02157300 0.03305200 -0.00595800
v 0.02157300 0.03305200 -0.00595800
v 0.02157300 0.03305200 -0.00595800
v 0.02149900 0.03300100 -0.00715400
v 0.02149900 0.03300100 -0.00715400
v 0.02149900 0.03300100 -0.00715400
v 0.02149900 0.03300100 -0.00715400
v 0.02149900 0.03300100 -0.00715400
v 0.02149900 0.03300000 -0.00800000
v 0.02149900 0.03300000 -0.00800000
v 0.02149900 0.03300000 -0.00800000
v 0.02149900 0.03300000 -0.00800000
v 0.02149900 0.03300000 -0.00800000
v 0.02149900 0.03300000 -0.00800000
v 0.02165100 0.03300000 -0.00876500
v 0.02165100 0.03300000 -0.00876500
v 0.02165100 0.03300000 -0.00876500
v 0.02165100 0.03300000 -0.00876500
v 0.02165100 0.03300000 -0.00876500
v 0.02208400 0.03300000 -0.00941400
v 0.02208400 0.03300000 -0.00941400
v 0.02208400 0.03300000 -0.00941400
v 0.02208400 0.03300000 -0.00941400
v 0.02208400 0.03300000 -0.00941400
v 0.02273300 0.03300000 -0.00984800
v 0.02273300 0.03300000 -0.00984800
v 0.02273300 0.03300000 -0.00984800
v 0.02273300 0.03300000 -0.00984800
v 0.02273300 0.03300000 -0.00984800
v 0.02349900 0.03300000 -0.01000000
v 0.02349900 0.03300000 -0.01000000
v 0.02349900 0.03300000 -0.01000000
v 0.02349900 0.03300000 -0.01000000
v 0.02349900 0.03300000 -0.01000000
v 0.02349900 0.03300000 -0.01000000
v 0.02349900 0.03300000 -0.01000000
v 0.02349900 0.03300000 -0.01000000
v 0.04874400 0.03300100 -0.00999900
v 0.04874400 0.03300100 -0.00999900
v 0.04874400 0.03300100 -0.00999900
v 0.04874400 0.03300100 -0.00999900
v 0.04874400 0.03300100 -0.00999900
v 0.04993500 0.03305300 -0.00992600
v 0.04993500 0.03305300 -0.00992600
v 0.04993500 0.03305300 -0.00992600
v 0.04993500 0.03305300 -0.00992600
v 0.04993500 0.03305300 -0.00992600
v 0.05000600 0.03305800 -0.00991400
v 0.05000600 0.03305800 -0.00991400
v 0.05000600 0.03305800 -0.00991400
v 0.05000600 0.03305800 -0.00991400
v 0.05007700 0.03306200 -0.00990200
v 0.05007700 0.03306200 -0.00990200
v 0.05007700 0.03306200 -0.00990200
v 0.05007700 0.03306200 -0.00990200
v 0.05052400 0.03309100 -0.00980700
v 0.05052400 0.03309100 -0.00980700
v 0.05052400 0.03309100 -0.00980700
v 0.05052400 0.03309100 -0.00980700
v 0.05052400 0.03309100 -0.00980700
v 0.05052400 0.03309100 -0.00980700
v 0.05109600 0.03313700 -0.00964200
v 0.05109600 0.03313700 -0.00964200
v 0.05109600 0.03313700 -0.00964200
v 0.05109600 0.03313700 -0.00964200
v 0.05109600 0.03313700 -0.00964200
v 0.05150000 0.03316000 -0.00948800
v 0.05150000 0.03316000 -0.00948800
v 0.05150000 0.03316000 -0.00948800
v 0.05150000 0.03316000 -0.00948800
v 0.05150000 0.03316000 -0.00948800
v 0.05150000 0.03316000 -0.00948800
v 0.05166900 0.03317000 -0.00941400
v 0.05166900 0.03317000 -0.00941400
v 0.05166900 0.03317000 -0.00941400
v 0.05166900 0.03317000 -0.00941400
v 0.05166900 0.03317000 -0.00941400
v 0.05166900 0.03317000 -0.00941400
v 0.05221000 0.03320400 -0.00913400
v 0.05221000 0.03320400 -0.00913400
v 0.05221000 0.03320400 -0.00913400
v 0.05221000 0.03320400 -0.00913400
v 0.05268300 0.03323800 -0.00880800
v 0.05268300 0.03323800 -0.00880800
v 0.05268300 0.03323800 -0.00880800
v 0.05268300 0.03323800 -0.00880800
v 0.05268300 0.03323800 -0.00880800
v 0.05268300 0.03323800 -0.00880800
v 0.05268300 0.03323800 -0.00880800
v 0.05313600 0.03325600 -0.00840000
v 0.05313600 0.03325600 -0.00840000
v 0.05313600 0.03325600 -0.00840000
v 0.05313600 0.03325600 -0.00840000
v 0.05313600 0.03325600 -0.00840000
v 0.05313600 0.03325600 -0.00840000
v 0.05313600 0.03325600 -0.00840000
v 0.05313600 0.03325600 -0.00840000
v 0.06212800 0.03325700 0.00077000
v 0.06212800 0.03325700 0.00077000
v 0.06212800 0.03325700 0.00077000
v 0.06212800 0.03325700 0.00077000
v 0.06212800 0.03325700 0.00077000
v 0.06212800 0.03325700 0.00077000
v 0.06360500 0.03305200 0.00396100
v 0.06360500 0.03305200 0.00396100
v 0.06360500 0.03305200 0.00396100
v 0.06360500 0.03305200 0.00396100
v 0.06360500 0.03305200 0.00396100
v 0.06251700 0.03323800 0.00122100
v 0.06251700 0.03323800 0.00122100
v 0.06251700 0.03323800 0.00122100
v 0.06251700 0.03323800 0.00122100
v 0.06251700 0.03323800 0.00122100
v 0.06251700 0.03323800 0.00122100
v 0.06283200 0.03320400 0.00169100
v 0.06283200 0.03320400 0.00169100
v 0.06283200 0.03320400 0.00169100
v 0.06283200 0.03320400 0.00169100
v 0.06284700 0.03320200 0.00171800
v 0.06284700 0.03320200 0.00171800
v 0.06284700 0.03320200 0.00171800
v 0.06284700 0.03320200 0.00171800
v 0.06311100 0.03316900 0.00224600
v 0.06311100 0.03316900 0.00224600
v 0.06311100 0.03316900 0.00224600
v 0.06311100 0.03316900 0.00224600
v 0.06311100 0.03316900 0.00224600
v 0.06329100 0.03314300 0.00270100
v 0.06329100 0.03314300 0.00270100
v 0.06329100 0.03314300 0.00270100
v 0.06329100 0.03314300 0.00270100
v 0.06329100 0.03314300 0.00270100
v 0.06329100 0.03314300 0.00270100
v 0.06329100 0.03314300 0.00270100
v 0.06332700 0.03313700 0.00280300
v 0.06332700 0.03313700 0.00280300
v 0.06332700 0.03313700 0.00280300
v 0.06332700 0.03313700 0.00280300
v 0.06332700 0.03313700 0.00280300
v 0.06332700 0.03313700 0.00280300
v 0.06349000 0.03310300 0.00336900
v 0.06349000 0.03310300 0.00336900
v 0.06349000 0.03310300 0.00336900
v 0.06349000 0.03310300 0.00336900
v 0.06349000 0.03310300 0.00336900
v 0.08149900 -0.01247700 0.02001900
v 0.08149900 -0.01247700 0.02001900
v 0.08149900 -0.01247700 0.02001900
v 0.08149900 -0.01247700 0.02001900
v 0.08149900 -0.01298900 0.02026900
v 0.08149900 -0.01298900 0.02026900
v 0.08149900 -0.01298900 0.02026900
v 0.08149900 -0.01352600 0.02090300
v 0.08149900 -0.01352600 0.02090300
v 0.08149900 -0.01352600 0.02090300
v 0.08149900 -0.01369800 0.02171500
v 0.08149900 -0.01369800 0.02171500
v 0.08149900 -0.01369800 0.02171500
v 0.08149900 -0.01346500 0.02251300
v 0.08149900 -0.01346500 0.02251300
v 0.08149900 -0.01346500 0.02251300
v 0.08149900 -0.01288200 0.02310400
v 0.08149900 -0.01288200 0.02310400
v 0.08149900 -0.01288200 0.02310400
v 0.08149900 -0.01208800 0.02334900
v 0.08149900 -0.01208800 0.02334900
v 0.08149900 -0.01208800 0.02334900
v 0.08149900 -0.01152200 0.02328200
v 0.08149900 -0.01152200 0.02328200
v 0.08149900 -0.01152200 0.02328200
v 0.08149900 -0.01152200 0.02328200
v 0.08149900 0.02502300 -0.00163100
v 0.08149900 0.02502300 -0.00163100
v 0.08149900 0.02502300 -0.00163100
v 0.08149900 0.02502300 -0.00163100
v 0.08149900 0.02451100 -0.00138200
v 0.08149900 0.02451100 -0.00138200
v 0.08149900 0.02451100 -0.00138200
v 0.08149900 0.02397400 -0.00074800
v 0.08149900 0.02397400 -0.00074800
v 0.08149900 0.02397400 -0.00074800
v 0.08149900 0.02380200 0.00006500
v 0.08149900 0.02380200 0.00006500
v 0.08149900 0.02380200 0.00006500
v 0.08149900 0.02403500 0.00086200
v 0.08149900 0.02403500 0.00086200
v 0.08149900 0.02403500 0.00086200
v 0.08149900 0.02461800 0.00145300
v 0.08149900 0.02461800 0.00145300
v 0.08149900 0.02461800 0.00145300
v 0.08149900 0.02541200 0.00169800
v 0.08149900 0.02541200 0.00169800
v 0.08149900 0.02541200 0.00169800
v 0.08149900 0.02597800 0.00163200
v 0.08149900 0.02597800 0.00163200
v 0.08149900 0.02597800 0.00163200
v 0.08149900 0.02597800 0.00163200
v 0.08149900 0.01252300 0.02001900
v 0.08149900 0.01252300 0.02001900
v 0.08149900 0.01252300 0.02001900
v 0.08149900 0.01252300 0.02001900
v 0.08149900 0.01201100 0.02026900
v 0.08149900 0.01201100 0.02026900
v 0.08149900 0.01201100 0.02026900
v 0.08149900 0.01147400 0.02090300
v 0.08149900 0.01147400 0.02090300
v 0.08149900 0.01147400 0.02090300
v 0.08149900 0.01130200 0.02171500
v 0.08149900 0.01130200 0.02171500
v 0.08149900 0.01130200 0.02171500
v 0.08149900 0.01153500 0.02251300
v 0.08149900 0.01153500 0.02251300
v 0.08149900 0.01153500 0.02251300
v 0.08149900 0.01211800 0.02310400
v 0.08149900 0.01211800 0.02310400
v 0.08149900 0.01211800 0.02310400
v 0.08149900 0.01291200 0.02334900
v 0.08149900 0.01291200 0.02334900
v 0.08149900 0.01291200 0.02334900
v 0.08149900 0.01347800 0.02328200
v 0.08149900 0.01347800 0.02328200
v 0.08149900 0.01347800 0.02328200
v 0.08149900 0.01347800 0.02328200
v 0.03538200 0.02879600 -0.00670200
v 0.03299900 0.01881900 0.02061500
v 0.03299900 0.01881900 0.02061500
v 0.03299900 0.02111500 0.01831900
v 0.03299900 0.02111500 0.01831900
v 0.03299900 0.02111500 0.01831900
v 0.03299900 0.02111500 0.01831900
v 0.03301500 0.02103000 0.01874900
v 0.03301500 0.02103000 0.01874900
v 0.03305200 0.02086400 0.01918000
v 0.03309200 0.02036800 0.01987100
v 0.03309200 0.02036800 0.01987100
v 0.03304900 0.01965600 0.02037500
v 0.03305000 0.02087500 -0.01915600
v 0.03301000 0.02105200 -0.01866700
v 0.03301000 0.02105200 -0.01866700
v 0.03299900 0.02114000 0.01829200
v 0.03299900 0.02790700 0.00307300
v 0.03311300 0.02865200 0.00026500
v 0.03299900 0.02807800 0.00026000
v 0.03299900 0.02111500 -0.01831900
v 0.03299900 0.02111500 -0.01831900
v 0.03299900 0.02111500 -0.01831900
v 0.03299900 0.01881900 -0.02061500
v 0.03299900 0.01881900 -0.02061500
v 0.03343800 -0.02807600 -0.00189900
v 0.03515100 0.02908700 -0.00639300
v 0.03530900 0.02908200 -0.00661400
v 0.03530900 0.02908200 -0.00661400
v 0.03530900 0.02908200 -0.00661400
v 0.03529600 0.02912600 -0.00660000
v 0.03529600 0.02912600 -0.00660000
v 0.03554400 0.02922100 -0.00685600
v 0.03554400 0.02922100 -0.00685600
v 0.01147800 0.03170300 -0.01605000
v 0.01147800 0.03170300 -0.01605000
v 0.01147800 0.03170300 -0.01605000
v 0.01147800 0.03170300 -0.01605000
v 0.01147800 0.03170300 -0.01605000
v 0.01147800 0.03170300 -0.01605000
v 0.01050900 0.03184600 -0.01685400
v 0.01050900 0.03184600 -0.01685400
v 0.01050900 0.03184600 -0.01685400
v 0.01050900 0.03184600 -0.01685400
v 0.01050900 0.03184600 -0.01685400
v 0.01050900 0.03184600 -0.01685400
v 0.01050900 0.03184600 -0.01685400
v 0.01050900 0.03184600 -0.01685400
v 0.01151700 0.03188300 -0.01608900
v 0.01151700 0.03188300 -0.01608900
v 0.01151700 0.03188300 -0.01608900
v 0.01151700 0.03188300 -0.01608900
v 0.01151700 0.03188300 -0.01608900
v 0.01062700 0.03220700 -0.01705300
v 0.01062700 0.03220700 -0.01705300
v 0.01062700 0.03220700 -0.01705300
v 0.01062700 0.03220700 -0.01705300
v 0.01062700 0.03220700 -0.01705300
v 0.01062700 0.03220700 -0.01705300
v 0.01167000 0.03220700 -0.01624300
v 0.01167000 0.03220700 -0.01624300
v 0.01167000 0.03220700 -0.01624300
v 0.01167000 0.03220700 -0.01624300
v 0.01167000 0.03220700 -0.01624300
v 0.01167000 0.03220700 -0.01624300
v 0.01190000 0.03242400 -0.01647200
v 0.01190000 0.03242400 -0.01647200
v 0.01190000 0.03242400 -0.01647200
v 0.01190000 0.03242400 -0.01647200
v 0.01190000 0.03242400 -0.01647200
v 0.01190000 0.03242400 -0.01647200
v 0.01217000 0.03250000 -0.01674300
v 0.01217000 0.03250000 -0.01674300
v 0.01217000 0.03250000 -0.01674300
v 0.01217000 0.03250000 -0.01674300
v 0.01217000 0.03250000 -0.01674300
v 0.00915800 0.03184600 -0.01741000
v 0.00915800 0.03184600 -0.01741000
v 0.00915800 0.03184600 -0.01741000
v 0.00915800 0.03184600 -0.01741000
v 0.00915800 0.03184600 -0.01741000
v 0.01657800 0.03184600 -0.01100800
v 0.01657800 0.03184600 -0.01100800
v 0.01657800 0.03184600 -0.01100800
v 0.01657800 0.03184600 -0.01100800
v 0.01657800 0.03184600 -0.01100800
v 0.01657800 0.03184600 -0.01100800
v 0.01674100 0.03220700 -0.01117200
v 0.01674100 0.03220700 -0.01117200
v 0.01674100 0.03220700 -0.01117200
v 0.01674100 0.03220700 -0.01117200
v 0.01674100 0.03220700 -0.01117200
v 0.01699700 0.03243800 -0.01142700
v 0.01699700 0.03243800 -0.01142700
v 0.01699700 0.03243800 -0.01142700
v 0.01699700 0.03243800 -0.01142700
v 0.01699700 0.03243800 -0.01142700
v 0.01724100 0.03250000 -0.01167200
v 0.01724100 0.03250000 -0.01167200
v 0.01724100 0.03250000 -0.01167200
v 0.01653400 0.03150000 -0.01096400
v 0.01653400 0.03150000 -0.01096400
v 0.01653400 0.03150000 -0.01096400
v 0.01653400 0.03150000 -0.01096400
v 0.01653400 0.03150000 -0.01096400
v 0.01653400 0.03150000 -0.01096400
v 0.01654900 0.03170300 -0.01097900
v 0.01654900 0.03170300 -0.01097900
v 0.01654900 0.03170300 -0.01097900
v 0.01654900 0.03170300 -0.01097900
v 0.01761800 0.03150000 -0.00934200
v 0.01761800 0.03150000 -0.00934200
v 0.01761800 0.03150000 -0.00934200
v 0.01761800 0.03150000 -0.00934200
v 0.01761800 0.03150000 -0.00934200
v 0.01761800 0.03150000 -0.00934200
v 0.01729600 0.03150000 -0.00998500
v 0.01729600 0.03150000 -0.00998500
v 0.01729600 0.03150000 -0.00998500
v 0.01729600 0.03150000 -0.00998500
v 0.01729600 0.03150000 -0.00998500
v 0.01734900 0.03184600 -0.01001700
v 0.01734900 0.03184600 -0.01001700
v 0.01734900 0.03184600 -0.01001700
v 0.01734900 0.03184600 -0.01001700
v 0.01734900 0.03184600 -0.01001700
v 0.01734900 0.03184600 -0.01001700
v 0.01734900 0.03184600 -0.01001700
v 0.01790500 0.03184600 -0.00867500
v 0.01790500 0.03184600 -0.00867500
v 0.01790500 0.03184600 -0.00867500
v 0.01790500 0.03184600 -0.00867500
v 0.01790500 0.03184600 -0.00867500
v 0.01790500 0.03184600 -0.00867500
v 0.01784500 0.03150000 -0.00866000
v 0.01784500 0.03150000 -0.00866000
v 0.01784500 0.03150000 -0.00866000
v 0.01784500 0.03150000 -0.00866000
v 0.01784500 0.03150000 -0.00866000
v 0.01806000 0.03184600 -0.00742900
v 0.01806000 0.03184600 -0.00742900
v 0.01806000 0.03184600 -0.00742900
v 0.01806000 0.03184600 -0.00742900
v 0.01799900 0.03150000 -0.00742900
v 0.01799900 0.03150000 -0.00742900
v 0.01799900 0.03150000 -0.00742900
v 0.01799900 0.03150000 -0.00742900
v 0.01812900 0.03220700 -0.00873200
v 0.01812900 0.03220700 -0.00873200
v 0.01812900 0.03220700 -0.00873200
v 0.01812900 0.03220700 -0.00873200
v 0.01812900 0.03220700 -0.00873200
v 0.01829200 0.03220700 -0.00742900
v 0.01829200 0.03220700 -0.00742900
v 0.01829200 0.03220700 -0.00742900
v 0.01829200 0.03220700 -0.00742900
v 0.01847900 0.03243800 -0.00882100
v 0.01847900 0.03243800 -0.00882100
v 0.01847900 0.03243800 -0.00882100
v 0.01847900 0.03243800 -0.00882100
v 0.01865200 0.03243800 -0.00742900
v 0.01865200 0.03243800 -0.00742900
v 0.01865200 0.03243800 -0.00742900
v 0.01865200 0.03243800 -0.00742900
v 0.01881400 0.03250000 -0.00890600
v 0.01881400 0.03250000 -0.00890600
v 0.01881400 0.03250000 -0.00890600
v 0.01899900 0.03250000 -0.00742900
v 0.01899900 0.03250000 -0.00742900
v 0.01899900 0.03250000 -0.00742900
v 0.01815500 0.03250000 -0.01049700
v 0.01815500 0.03250000 -0.01049700
v 0.01815500 0.03250000 -0.01049700
v 0.01754700 0.03220700 -0.01013500
v 0.01754700 0.03220700 -0.01013500
v 0.01754700 0.03220700 -0.01013500
v 0.01754700 0.03220700 -0.01013500
v 0.01754700 0.03220700 -0.01013500
v 0.01785800 0.03243800 -0.01032000
v 0.01785800 0.03243800 -0.01032000
v 0.01785800 0.03243800 -0.01032000
v 0.01785800 0.03243800 -0.01032000
v 0.01785800 0.03243800 -0.01032000
v 0.01799900 0.03150000 0.00742900
v 0.01799900 0.03150000 0.00742900
v 0.01799900 0.03150000 0.00742900
v 0.01799900 0.03150000 0.00742900
v 0.01799900 0.03150000 0.00742900
v 0.01806000 0.03184600 0.00742900
v 0.01806000 0.03184600 0.00742900
v 0.01806000 0.03184600 0.00742900
v 0.01806000 0.03184600 0.00742900
v 0.01829100 0.03220700 0.00742900
v 0.01829100 0.03220700 0.00742900
v 0.01829100 0.03220700 0.00742900
v 0.01829100 0.03220700 0.00742900
v 0.01865200 0.03243800 0.00742900
v 0.01865200 0.03243800 0.00742900
v 0.01865200 0.03243800 0.00742900
v 0.01865200 0.03243800 0.00742900
v 0.01899900 0.03250000 0.00742900
v 0.01899900 0.03250000 0.00742900
v 0.01899900 0.03250000 0.00742900
v 0.01899900 0.03250000 0.00742900
v 0.01899900 0.03250000 0.00742900
v 0.01761800 0.03150000 0.00934200
v 0.01761800 0.03150000 0.00934200
v 0.01761800 0.03150000 0.00934200
v 0.01761800 0.03150000 0.00934200
v 0.01761800 0.03150000 0.00934200
v 0.01761800 0.03150000 0.00934200
v 0.01784500 0.03150000 0.00866000
v 0.01784500 0.03150000 0.00866000
v 0.01784500 0.03150000 0.00866000
v 0.01784500 0.03150000 0.00866000
v 0.01784500 0.03150000 0.00866000
v 0.01790500 0.03184600 0.00867500
v 0.01790500 0.03184600 0.00867500
v 0.01790500 0.03184600 0.00867500
v 0.01790500 0.03184600 0.00867500
v 0.01790500 0.03184600 0.00867500
v 0.01734900 0.03184600 0.01001700
v 0.01734900 0.03184600 0.01001700
v 0.01734900 0.03184600 0.01001700
v 0.01734900 0.03184600 0.01001700
v 0.01734900 0.03184600 0.01001700
v 0.01734900 0.03184600 0.01001700
v 0.01729600 0.03150000 0.00998500
v 0.01729600 0.03150000 0.00998500
v 0.01729600 0.03150000 0.00998500
v 0.01729600 0.03150000 0.00998500
v 0.01729600 0.03150000 0.00998500
v 0.01729600 0.03150000 0.00998500
v 0.01658800 0.03188300 0.01101800
v 0.01658800 0.03188300 0.01101800
v 0.01658800 0.03188300 0.01101800
v 0.01658800 0.03188300 0.01101800
v 0.01658800 0.03188300 0.01101800
v 0.01658800 0.03188300 0.01101800
v 0.01653400 0.03150000 0.01096500
v 0.01653400 0.03150000 0.01096500
v 0.01653400 0.03150000 0.01096500
v 0.01653400 0.03150000 0.01096500
v 0.01754700 0.03220700 0.01013500
v 0.01754700 0.03220700 0.01013500
v 0.01754700 0.03220700 0.01013500
v 0.01754700 0.03220700 0.01013500
v 0.01754700 0.03220700 0.01013500
v 0.01674100 0.03220700 0.01117200
v 0.01674100 0.03220700 0.01117200
v 0.01674100 0.03220700 0.01117200
v 0.01674100 0.03220700 0.01117200
v 0.01674100 0.03220700 0.01117200
v 0.01674100 0.03220700 0.01117200
v 0.01785800 0.03243800 0.01032000
v 0.01785800 0.03243800 0.01032000
v 0.01785800 0.03243800 0.01032000
v 0.01785800 0.03243800 0.01032000
v 0.01785800 0.03243800 0.01032000
v 0.01785800 0.03243800 0.01032000
v 0.01697100 0.03242400 0.01140100
v 0.01697100 0.03242400 0.01140100
v 0.01697100 0.03242400 0.01140100
v 0.01697100 0.03242400 0.01140100
v 0.01697100 0.03242400 0.01140100
v 0.01815500 0.03250000 0.01049700
v 0.01815500 0.03250000 0.01049700
v 0.01815500 0.03250000 0.01049700
v 0.01815500 0.03250000 0.01049700
v 0.01724100 0.03250000 0.01167200
v 0.01724100 0.03250000 0.01167200
v 0.01724100 0.03250000 0.01167200
v 0.01881400 0.03250000 0.00890600
v 0.01881400 0.03250000 0.00890600
v 0.01881400 0.03250000 0.00890600
v 0.01881400 0.03250000 0.00890600
v 0.01812900 0.03220700 0.00873200
v 0.01812900 0.03220700 0.00873200
v 0.01812900 0.03220700 0.00873200
v 0.01812900 0.03220700 0.00873200
v 0.01812900 0.03220700 0.00873200
v 0.01847800 0.03243800 0.00882100
v 0.01847800 0.03243800 0.00882100
v 0.01847800 0.03243800 0.00882100
v 0.01847800 0.03243800 0.00882100
v 0.01217000 0.03250000 0.01674300
v 0.01217000 0.03250000 0.01674300
v 0.01217000 0.03250000 0.01674300
v 0.01217000 0.03250000 0.01674300
v 0.01190000 0.03242400 0.01647200
v 0.01190000 0.03242400 0.01647200
v 0.01190000 0.03242400 0.01647200
v 0.01190000 0.03242400 0.01647200
v 0.01190000 0.03242400 0.01647200
v 0.01167000 0.03220700 0.01624300
v 0.01167000 0.03220700 0.01624300
v 0.01167000 0.03220700 0.01624300
v 0.01167000 0.03220700 0.01624300
v 0.01167000 0.03220700 0.01624300
v 0.01167000 0.03220700 0.01624300
v 0.01151700 0.03188300 0.01608900
v 0.01151700 0.03188300 0.01608900
v 0.01151700 0.03188300 0.01608900
v 0.01151700 0.03188300 0.01608900
v 0.01151700 0.03188300 0.01608900
v 0.01063400 0.03220700 0.01704900
v 0.01063400 0.03220700 0.01704900
v 0.01063400 0.03220700 0.01704900
v 0.01063400 0.03220700 0.01704900
v 0.01063400 0.03220700 0.01704900
v 0.01051600 0.03184600 0.01685000
v 0.01051600 0.03184600 0.01685000
v 0.01051600 0.03184600 0.01685000
v 0.01051600 0.03184600 0.01685000
v 0.01051600 0.03184600 0.01685000
v 0.01051600 0.03184600 0.01685000
v 0.01051600 0.03184600 0.01685000
v 0.01051600 0.03184600 0.01685000
v 0.00917300 0.03184600 0.01740600
v 0.00917300 0.03184600 0.01740600
v 0.00917300 0.03184600 0.01740600
v 0.00917300 0.03184600 0.01740600
v 0.02309400 0.03308900 -0.00281400
v 0.02309400 0.03308900 -0.00281400
v 0.02309400 0.03308900 -0.00281400
v 0.02309400 0.03308900 -0.00281400
v 0.02309400 0.03308900 -0.00281400
v 0.02309400 0.03308900 -0.00281400
v 0.02309400 0.03308900 -0.00281400
v 0.02309400 0.03308900 -0.00281400
v 0.02238600 0.03297300 -0.00370600
v 0.02238600 0.03297300 -0.00370600
v 0.02238600 0.03297300 -0.00370600
v 0.02238600 0.03297300 -0.00370600
v 0.02237800 0.03309800 -0.00370200
v 0.02237800 0.03309800 -0.00370200
v 0.02237800 0.03309800 -0.00370200
v 0.02237800 0.03309800 -0.00370200
v 0.02237800 0.03309800 -0.00370200
v 0.02237800 0.03309800 -0.00370200
v 0.02237800 0.03309800 -0.00370200
v 0.02274400 0.03250000 -0.00247000
v 0.02274400 0.03250000 -0.00247000
v 0.02274400 0.03250000 -0.00247000
v 0.02274400 0.03250000 -0.00247000
v 0.02273000 0.03250000 -0.00248300
v 0.02273000 0.03250000 -0.00248300
v 0.02273000 0.03250000 -0.00248300
v 0.02273000 0.03250000 -0.00248300
v 0.02286500 0.03253000 -0.00258900
v 0.02286500 0.03253000 -0.00258900
v 0.02286500 0.03253000 -0.00258900
v 0.02286500 0.03253000 -0.00258900
v 0.02286500 0.03253000 -0.00258900
v 0.02286500 0.03253000 -0.00258900
v 0.02286500 0.03253000 -0.00258900
v 0.02286500 0.03253000 -0.00258900
v 0.02286500 0.03253000 -0.00258900
v 0.02269300 0.03250000 -0.00252200
v 0.02269300 0.03250000 -0.00252200
v 0.02269300 0.03250000 -0.00252200
v 0.02269300 0.03250000 -0.00252200
v 0.02265600 0.03250000 -0.00256200
v 0.02265600 0.03250000 -0.00256200
v 0.02265600 0.03250000 -0.00256200
v 0.02265600 0.03250000 -0.00256200
v 0.02265600 0.03250000 -0.00256200
v 0.02236900 0.03285900 -0.00369600
v 0.02236900 0.03285900 -0.00369600
v 0.02236900 0.03285900 -0.00369600
v 0.02236900 0.03285900 -0.00369600
v 0.02236900 0.03285900 -0.00369600
v 0.02236900 0.03285900 -0.00369600
v 0.02309300 0.03290000 -0.00281200
v 0.02309300 0.03290000 -0.00281200
v 0.02309300 0.03290000 -0.00281200
v 0.02309300 0.03290000 -0.00281200
v 0.02309300 0.03290000 -0.00281200
v 0.02309300 0.03290000 -0.00281200
v 0.02236600 0.03284700 -0.00369400
v 0.02236600 0.03284700 -0.00369400
v 0.02236600 0.03284700 -0.00369400
v 0.02236600 0.03284700 -0.00369400
v 0.02236600 0.03284700 -0.00369400
v 0.02236600 0.03284700 -0.00369400
v 0.02308500 0.03285800 -0.00280500
v 0.02308500 0.03285800 -0.00280500
v 0.02308500 0.03285800 -0.00280500
v 0.02308500 0.03285800 -0.00280500
v 0.02308500 0.03285800 -0.00280500
v 0.02308500 0.03285800 -0.00280500
v 0.02232500 0.03274200 -0.00366900
v 0.02232500 0.03274200 -0.00366900
v 0.02232500 0.03274200 -0.00366900
v 0.02232500 0.03274200 -0.00366900
v 0.02232500 0.03274200 -0.00366900
v 0.02232500 0.03274200 -0.00366900
v 0.02305200 0.03275000 -0.00277200
v 0.02305200 0.03275000 -0.00277200
v 0.02305200 0.03275000 -0.00277200
v 0.02305200 0.03275000 -0.00277200
v 0.02305200 0.03275000 -0.00277200
v 0.02305200 0.03275000 -0.00277200
v 0.02231600 0.03272500 -0.00366400
v 0.02231600 0.03272500 -0.00366400
v 0.02231600 0.03272500 -0.00366400
v 0.02231600 0.03272500 -0.00366400
v 0.02231600 0.03272500 -0.00366400
v 0.02300300 0.03265700 -0.00272400
v 0.02300300 0.03265700 -0.00272400
v 0.02300300 0.03265700 -0.00272400
v 0.02300300 0.03265700 -0.00272400
v 0.02300300 0.03265700 -0.00272400
v 0.02300300 0.03265700 -0.00272400
v 0.02300300 0.03265700 -0.00272400
v 0.02218100 0.03257300 -0.00358100
v 0.02218100 0.03257300 -0.00358100
v 0.02218100 0.03257300 -0.00358100
v 0.02218100 0.03257300 -0.00358100
v 0.02218100 0.03257300 -0.00358100
v 0.02218100 0.03257300 -0.00358100
v 0.02218100 0.03257300 -0.00358100
v 0.02214700 0.03255100 -0.00356100
v 0.02214700 0.03255100 -0.00356100
v 0.02214700 0.03255100 -0.00356100
v 0.02214700 0.03255100 -0.00356100
v 0.02214700 0.03255100 -0.00356100
v 0.02198100 0.03250000 -0.00345900
v 0.02198100 0.03250000 -0.00345900
v 0.02198100 0.03250000 -0.00345900
v 0.02129400 0.03254700 -0.00589200
v 0.02129400 0.03254700 -0.00589200
v 0.02129400 0.03254700 -0.00589200
v 0.02129400 0.03254700 -0.00589200
v 0.02129400 0.03254700 -0.00589200
v 0.02129400 0.03254700 -0.00589200
v 0.02162100 0.03255400 -0.00468800
v 0.02162100 0.03255400 -0.00468800
v 0.02162100 0.03255400 -0.00468800
v 0.02162100 0.03255400 -0.00468800
v 0.02162100 0.03255400 -0.00468800
v 0.02128000 0.03254100 -0.00589000
v 0.02128000 0.03254100 -0.00589000
v 0.02128000 0.03254100 -0.00589000
v 0.02128000 0.03254100 -0.00589000
v 0.02128000 0.03254100 -0.00589000
v 0.02128000 0.03254100 -0.00589000
v 0.02142800 0.03250000 -0.00462900
v 0.02142800 0.03250000 -0.00462900
v 0.02142800 0.03250000 -0.00462900
v 0.02142800 0.03250000 -0.00462900
v 0.02142800 0.03250000 -0.00462900
v 0.02142800 0.03250000 -0.00462900
v 0.02110800 0.03250000 -0.00586200
v 0.02110800 0.03250000 -0.00586200
v 0.02110800 0.03250000 -0.00586200
v 0.02210600 0.03295500 -0.00422500
v 0.02210600 0.03295500 -0.00422500
v 0.02210600 0.03295500 -0.00422500
v 0.02210600 0.03295500 -0.00422500
v 0.02210600 0.03295500 -0.00422500
v 0.02210600 0.03295500 -0.00422500
v 0.02210600 0.03295500 -0.00422500
v 0.02187400 0.03292800 -0.00477800
v 0.02187400 0.03292800 -0.00477800
v 0.02187400 0.03292800 -0.00477800
v 0.02187400 0.03292800 -0.00477800
v 0.02187400 0.03292800 -0.00477800
v 0.02169300 0.03290100 -0.00535000
v 0.02169300 0.03290100 -0.00535000
v 0.02169300 0.03290100 -0.00535000
v 0.02169300 0.03290100 -0.00535000
v 0.02169300 0.03290100 -0.00535000
v 0.02169300 0.03290100 -0.00535000
v 0.02184600 0.03281500 -0.00476800
v 0.02184600 0.03281500 -0.00476800
v 0.02184600 0.03281500 -0.00476800
v 0.02184600 0.03281500 -0.00476800
v 0.02184600 0.03281500 -0.00476800
v 0.02184600 0.03281500 -0.00476800
v 0.02184600 0.03281500 -0.00476800
v 0.02184600 0.03281500 -0.00476800
v 0.02156100 0.03286700 -0.00593600
v 0.02156100 0.03286700 -0.00593600
v 0.02156100 0.03286700 -0.00593600
v 0.02156100 0.03286700 -0.00593600
v 0.02156100 0.03286700 -0.00593600
v 0.02156100 0.03286700 -0.00593600
v 0.02156100 0.03286700 -0.00593600
v 0.02156100 0.03286700 -0.00593600
v 0.02152400 0.03277100 -0.00593000
v 0.02152400 0.03277100 -0.00593000
v 0.02152400 0.03277100 -0.00593000
v 0.02152400 0.03277100 -0.00593000
v 0.02152400 0.03277100 -0.00593000
v 0.02145700 0.03267100 -0.00591900
v 0.02145700 0.03267100 -0.00591900
v 0.02145700 0.03267100 -0.00591900
v 0.02145700 0.03267100 -0.00591900
v 0.02145700 0.03267100 -0.00591900
v 0.02145700 0.03267100 -0.00591900
v 0.02179100 0.03270900 -0.00474900
v 0.02179100 0.03270900 -0.00474900
v 0.02179100 0.03270900 -0.00474900
v 0.02179100 0.03270900 -0.00474900
v 0.02179100 0.03270900 -0.00474900
v 0.02179100 0.03270900 -0.00474900
v 0.02171400 0.03262000 -0.00472100
v 0.02171400 0.03262000 -0.00472100
v 0.02171400 0.03262000 -0.00472100
v 0.02171400 0.03262000 -0.00472100
v 0.02171400 0.03262000 -0.00472100
v 0.02171400 0.03262000 -0.00472100
v 0.02118400 0.03253500 -0.00715100
v 0.02118400 0.03253500 -0.00715100
v 0.02118400 0.03253500 -0.00715100
v 0.02118400 0.03253500 -0.00715100
v 0.02118400 0.03253500 -0.00715100
v 0.02118400 0.03253500 -0.00715100
v 0.02118400 0.03253500 -0.00715100
v 0.02118400 0.03253500 -0.00715100
v 0.02099900 0.03250000 -0.00715000
v 0.02099900 0.03250000 -0.00715000
v 0.02099900 0.03250000 -0.00715000
v 0.02099900 0.03250000 -0.00715000
v 0.02135400 0.03264700 -0.00715200
v 0.02135400 0.03264700 -0.00715200
v 0.02135400 0.03264700 -0.00715200
v 0.02135400 0.03264700 -0.00715200
v 0.02135400 0.03264700 -0.00715200
v 0.02135400 0.03264700 -0.00715200
v 0.02135400 0.03264700 -0.00715200
v 0.02135400 0.03264700 -0.00715200
v 0.02146500 0.03281800 -0.00715200
v 0.02146500 0.03281800 -0.00715200
v 0.02146500 0.03281800 -0.00715200
v 0.02146500 0.03281800 -0.00715200
v 0.02146500 0.03281800 -0.00715200
v 0.02099900 0.03250000 -0.00800000
v 0.02099900 0.03250000 -0.00800000
v 0.02099900 0.03250000 -0.00800000
v 0.02099900 0.03250000 -0.00800000
v 0.02116900 0.03253000 -0.00800000
v 0.02116900 0.03253000 -0.00800000
v 0.02116900 0.03253000 -0.00800000
v 0.02116900 0.03253000 -0.00800000
v 0.02119000 0.03253800 -0.00800000
v 0.02119000 0.03253800 -0.00800000
v 0.02119000 0.03253800 -0.00800000
v 0.02119000 0.03253800 -0.00800000
v 0.02119000 0.03253800 -0.00800000
v 0.02119000 0.03253800 -0.00800000
v 0.02135200 0.03264700 -0.00800000
v 0.02135200 0.03264700 -0.00800000
v 0.02135200 0.03264700 -0.00800000
v 0.02135200 0.03264700 -0.00800000
v 0.02146100 0.03280900 -0.00800000
v 0.02146100 0.03280900 -0.00800000
v 0.02146100 0.03280900 -0.00800000
v 0.02146100 0.03280900 -0.00800000
v 0.02146100 0.03280900 -0.00800000
v 0.02254200 0.03250000 -0.01031000
v 0.02254200 0.03250000 -0.01031000
v 0.02254200 0.03250000 -0.01031000
v 0.02254200 0.03250000 -0.01031000
v 0.02254200 0.03250000 -0.01031000
v 0.02349900 0.03250000 -0.01050000
v 0.02349900 0.03250000 -0.01050000
v 0.02349900 0.03250000 -0.01050000
v 0.02349900 0.03253000 -0.01032900
v 0.02349900 0.03253000 -0.01032900
v 0.02349900 0.03253000 -0.01032900
v 0.02349900 0.03253000 -0.01032900
v 0.02349900 0.03253000 -0.01032900
v 0.02349900 0.03253000 -0.01032900
v 0.02349900 0.03253000 -0.01032900
v 0.02161600 0.03280900 -0.00878000
v 0.02161600 0.03280900 -0.00878000
v 0.02161600 0.03280900 -0.00878000
v 0.02161600 0.03280900 -0.00878000
v 0.02161600 0.03280900 -0.00878000
v 0.02151600 0.03264700 -0.00882100
v 0.02151600 0.03264700 -0.00882100
v 0.02151600 0.03264700 -0.00882100
v 0.02151600 0.03264700 -0.00882100
v 0.02151600 0.03264700 -0.00882100
v 0.02136600 0.03253800 -0.00888300
v 0.02136600 0.03253800 -0.00888300
v 0.02136600 0.03253800 -0.00888300
v 0.02136600 0.03253800 -0.00888300
v 0.02136600 0.03253800 -0.00888300
v 0.02118900 0.03250000 -0.00895700
v 0.02118900 0.03250000 -0.00895700
v 0.02118900 0.03250000 -0.00895700
v 0.02118900 0.03250000 -0.00895700
v 0.02118900 0.03250000 -0.00895700
v 0.02173100 0.03250000 -0.00976800
v 0.02173100 0.03250000 -0.00976800
v 0.02173100 0.03250000 -0.00976800
v 0.02173100 0.03250000 -0.00976800
v 0.02173100 0.03250000 -0.00976800
v 0.02186600 0.03253800 -0.00963200
v 0.02186600 0.03253800 -0.00963200
v 0.02186600 0.03253800 -0.00963200
v 0.02186600 0.03253800 -0.00963200
v 0.02186600 0.03253800 -0.00963200
v 0.02186600 0.03253800 -0.00963200
v 0.02198100 0.03264700 -0.00951800
v 0.02198100 0.03264700 -0.00951800
v 0.02198100 0.03264700 -0.00951800
v 0.02198100 0.03264700 -0.00951800
v 0.02205700 0.03280900 -0.00944100
v 0.02205700 0.03280900 -0.00944100
v 0.02205700 0.03280900 -0.00944100
v 0.02205700 0.03280900 -0.00944100
v 0.02205700 0.03280900 -0.00944100
v 0.02261500 0.03253800 -0.01013300
v 0.02261500 0.03253800 -0.01013300
v 0.02261500 0.03253800 -0.01013300
v 0.02261500 0.03253800 -0.01013300
v 0.02261500 0.03253800 -0.01013300
v 0.02267700 0.03264700 -0.00998300
v 0.02267700 0.03264700 -0.00998300
v 0.02267700 0.03264700 -0.00998300
v 0.02267700 0.03264700 -0.00998300
v 0.02267700 0.03264700 -0.00998300
v 0.02267700 0.03264700 -0.00998300
v 0.02271900 0.03280900 -0.00988300
v 0.02271900 0.03280900 -0.00988300
v 0.02271900 0.03280900 -0.00988300
v 0.02271900 0.03280900 -0.00988300
v 0.02271900 0.03280900 -0.00988300
v 0.02349900 0.03264700 -0.01014600
v 0.02349900 0.03264700 -0.01014600
v 0.02349900 0.03264700 -0.01014600
v 0.02349900 0.03264700 -0.01014600
v 0.02349900 0.03264700 -0.01014600
v 0.02349900 0.03264700 -0.01014600
v 0.02349900 0.03283000 -0.01003000
v 0.02349900 0.03283000 -0.01003000
v 0.02349900 0.03283000 -0.01003000
v 0.02349900 0.03283000 -0.01003000
v 0.02349900 0.03283000 -0.01003000
v 0.02349900 0.03283000 -0.01003000
v 0.02349900 0.03283000 -0.01003000
v 0.02349900 0.03283000 -0.01003000
v 0.04874300 0.03250000 -0.01050000
v 0.04874300 0.03250000 -0.01050000
v 0.04874300 0.03250000 -0.01050000
v 0.04874300 0.03250000 -0.01050000
v 0.04874300 0.03250000 -0.01050000
v 0.04874400 0.03291100 -0.01000800
v 0.04874400 0.03291100 -0.01000800
v 0.04874400 0.03291100 -0.01000800
v 0.04874400 0.03291100 -0.01000800
v 0.04874400 0.03291100 -0.01000800
v 0.04874400 0.03283000 -0.01003000
v 0.04874400 0.03283000 -0.01003000
v 0.04874400 0.03283000 -0.01003000
v 0.04874400 0.03283000 -0.01003000
v 0.04874300 0.03255800 -0.01026600
v 0.04874300 0.03255800 -0.01026600
v 0.04874300 0.03255800 -0.01026600
v 0.04874300 0.03255800 -0.01026600
v 0.04874300 0.03255800 -0.01026600
v 0.04874300 0.03255800 -0.01026600
v 0.04874300 0.03255800 -0.01026600
v 0.04874300 0.03264700 -0.01014600
v 0.04874300 0.03264700 -0.01014600
v 0.04874300 0.03264700 -0.01014600
v 0.04874300 0.03264700 -0.01014600
v 0.04874300 0.03264700 -0.01014600
v 0.04874400 0.03271700 -0.01008800
v 0.04874400 0.03271700 -0.01008800
v 0.04874400 0.03271700 -0.01008800
v 0.04874400 0.03271700 -0.01008800
v 0.04874400 0.03271700 -0.01008800
v 0.04874400 0.03271700 -0.01008800
v 0.04874400 0.03281700 -0.01003500
v 0.04874400 0.03281700 -0.01003500
v 0.04874400 0.03281700 -0.01003500
v 0.04874400 0.03281700 -0.01003500
v 0.04874400 0.03281700 -0.01003500
v 0.04998300 0.03253900 -0.01022600
v 0.04998300 0.03253900 -0.01022600
v 0.04998300 0.03253900 -0.01022600
v 0.04998300 0.03253900 -0.01022600
v 0.04998300 0.03253900 -0.01022600
v 0.04998300 0.03253900 -0.01022600
v 0.04998300 0.03253900 -0.01022600
v 0.04995400 0.03266800 -0.01004700
v 0.04995400 0.03266800 -0.01004700
v 0.04995400 0.03266800 -0.01004700
v 0.04995400 0.03266800 -0.01004700
v 0.04995400 0.03266800 -0.01004700
v 0.04995400 0.03266800 -0.01004700
v 0.04995400 0.03266800 -0.01004700
v 0.05001100 0.03250000 -0.01040400
v 0.05001100 0.03250000 -0.01040400
v 0.05001100 0.03250000 -0.01040400
v 0.04886500 0.03250000 -0.01049800
v 0.04886500 0.03250000 -0.01049800
v 0.04886500 0.03250000 -0.01049800
v 0.04886500 0.03250000 -0.01049800
v 0.04886500 0.03250000 -0.01049800
v 0.04880400 0.03250000 -0.01049900
v 0.04880400 0.03250000 -0.01049900
v 0.04880400 0.03250000 -0.01049900
v 0.04880400 0.03250000 -0.01049900
v 0.04880400 0.03250000 -0.01049900
v 0.04993700 0.03286400 -0.00994200
v 0.04993700 0.03286400 -0.00994200
v 0.04993700 0.03286400 -0.00994200
v 0.04993700 0.03286400 -0.00994200
v 0.04993700 0.03286400 -0.00994200
v 0.04993700 0.03286400 -0.00994200
v 0.04993700 0.03286400 -0.00994200
v 0.04993700 0.03286400 -0.00994200
v 0.04993700 0.03286400 -0.00994200
v 0.04993700 0.03286400 -0.00994200
v 0.04994400 0.03276300 -0.00998200
v 0.04994400 0.03276300 -0.00998200
v 0.04994400 0.03276300 -0.00998200
v 0.04994400 0.03276300 -0.00998200
v 0.04994400 0.03276300 -0.00998200
v 0.04994400 0.03276300 -0.00998200
v 0.04994400 0.03276300 -0.00998200
v 0.05219200 0.03309700 -0.00910600
v 0.05219200 0.03309700 -0.00910600
v 0.05219200 0.03309700 -0.00910600
v 0.05219200 0.03309700 -0.00910600
v 0.05219200 0.03309700 -0.00910600
v 0.05219200 0.03309700 -0.00910600
v 0.05166400 0.03294900 -0.00938700
v 0.05166400 0.03294900 -0.00938700
v 0.05166400 0.03294900 -0.00938700
v 0.05166400 0.03294900 -0.00938700
v 0.05166400 0.03294900 -0.00938700
v 0.05166400 0.03294900 -0.00938700
v 0.05166400 0.03294900 -0.00938700
v 0.05110400 0.03292200 -0.00962500
v 0.05110400 0.03292200 -0.00962500
v 0.05110400 0.03292200 -0.00962500
v 0.05110400 0.03292200 -0.00962500
v 0.05110400 0.03292200 -0.00962500
v 0.05110400 0.03292200 -0.00962500
v 0.05111500 0.03280600 -0.00965600
v 0.05111500 0.03280600 -0.00965600
v 0.05111500 0.03280600 -0.00965600
v 0.05111500 0.03280600 -0.00965600
v 0.05111500 0.03280600 -0.00965600
v 0.05111500 0.03280600 -0.00965600
v 0.05111500 0.03280600 -0.00965600
v 0.05127200 0.03250000 -0.01009000
v 0.05127200 0.03250000 -0.01009000
v 0.05127200 0.03250000 -0.01009000
v 0.05127200 0.03250000 -0.01009000
v 0.05052500 0.03289500 -0.00981000
v 0.05052500 0.03289500 -0.00981000
v 0.05052500 0.03289500 -0.00981000
v 0.05052500 0.03289500 -0.00981000
v 0.05052500 0.03289500 -0.00981000
v 0.05218700 0.03297700 -0.00909800
v 0.05218700 0.03297700 -0.00909800
v 0.05218700 0.03297700 -0.00909800
v 0.05218700 0.03297700 -0.00909800
v 0.05218700 0.03297700 -0.00909800
v 0.05113600 0.03269900 -0.00971400
v 0.05113600 0.03269900 -0.00971400
v 0.05113600 0.03269900 -0.00971400
v 0.05113600 0.03269900 -0.00971400
v 0.05113600 0.03269900 -0.00971400
v 0.05113600 0.03269900 -0.00971400
v 0.05113600 0.03269900 -0.00971400
v 0.05116600 0.03261000 -0.00979500
v 0.05116600 0.03261000 -0.00979500
v 0.05116600 0.03261000 -0.00979500
v 0.05116600 0.03261000 -0.00979500
v 0.05116600 0.03261000 -0.00979500
v 0.05231900 0.03256700 -0.00931000
v 0.05231900 0.03256700 -0.00931000
v 0.05231900 0.03256700 -0.00931000
v 0.05231900 0.03256700 -0.00931000
v 0.05231900 0.03256700 -0.00931000
v 0.05231900 0.03256700 -0.00931000
v 0.05231900 0.03256700 -0.00931000
v 0.05231900 0.03256700 -0.00931000
v 0.05231900 0.03256700 -0.00931000
v 0.05120000 0.03254700 -0.00989100
v 0.05120000 0.03254700 -0.00989100
v 0.05120000 0.03254700 -0.00989100
v 0.05120000 0.03254700 -0.00989100
v 0.05120000 0.03254700 -0.00989100
v 0.05244500 0.03250000 -0.00951000
v 0.05244500 0.03250000 -0.00951000
v 0.05244500 0.03250000 -0.00951000
v 0.05244500 0.03250000 -0.00951000
v 0.05244500 0.03250000 -0.00951000
v 0.05223100 0.03272500 -0.00916800
v 0.05223100 0.03272500 -0.00916800
v 0.05223100 0.03272500 -0.00916800
v 0.05223100 0.03272500 -0.00916800
v 0.05222700 0.03273500 -0.00916200
v 0.05222700 0.03273500 -0.00916200
v 0.05222700 0.03273500 -0.00916200
v 0.05222700 0.03273500 -0.00916200
v 0.05222700 0.03273500 -0.00916200
v 0.05219900 0.03285000 -0.00911700
v 0.05219900 0.03285000 -0.00911700
v 0.05219900 0.03285000 -0.00911700
v 0.05219900 0.03285000 -0.00911700
v 0.05219900 0.03285000 -0.00911700
v 0.05219900 0.03285000 -0.00911700
v 0.05219900 0.03285000 -0.00911700
v 0.05219900 0.03285000 -0.00911700
v 0.05218700 0.03296700 -0.00909900
v 0.05218700 0.03296700 -0.00909900
v 0.05218700 0.03296700 -0.00909900
v 0.05218700 0.03296700 -0.00909900
v 0.05264600 0.03300600 -0.00876100
v 0.05264600 0.03300600 -0.00876100
v 0.05264600 0.03300600 -0.00876100
v 0.05264600 0.03300600 -0.00876100
v 0.05264600 0.03300600 -0.00876100
v 0.05264600 0.03300600 -0.00876100
v 0.05264600 0.03300600 -0.00876100
v 0.05309300 0.03310100 -0.00835800
v 0.05309300 0.03310100 -0.00835800
v 0.05309300 0.03310100 -0.00835800
v 0.05309300 0.03310100 -0.00835800
v 0.05309300 0.03310100 -0.00835800
v 0.05309300 0.03310100 -0.00835800
v 0.05265800 0.03313200 -0.00877400
v 0.05265800 0.03313200 -0.00877400
v 0.05265800 0.03313200 -0.00877400
v 0.05265800 0.03313200 -0.00877400
v 0.05265800 0.03313200 -0.00877400
v 0.05308600 0.03302300 -0.00835300
v 0.05308600 0.03302300 -0.00835300
v 0.05308600 0.03302300 -0.00835300
v 0.05308600 0.03302300 -0.00835300
v 0.05308600 0.03302300 -0.00835300
v 0.05308600 0.03302300 -0.00835300
v 0.05309600 0.03288100 -0.00836300
v 0.05309600 0.03288100 -0.00836300
v 0.05309600 0.03288100 -0.00836300
v 0.05309600 0.03288100 -0.00836300
v 0.05309600 0.03288100 -0.00836300
v 0.05316500 0.03268400 -0.00843200
v 0.05316500 0.03268400 -0.00843200
v 0.05316500 0.03268400 -0.00843200
v 0.05316500 0.03268400 -0.00843200
v 0.05316500 0.03268400 -0.00843200
v 0.05316500 0.03268400 -0.00843200
v 0.05316500 0.03268400 -0.00843200
v 0.05316500 0.03268400 -0.00843200
v 0.05310000 0.03285800 -0.00836700
v 0.05310000 0.03285800 -0.00836700
v 0.05310000 0.03285800 -0.00836700
v 0.05310000 0.03285800 -0.00836700
v 0.05310000 0.03285800 -0.00836700
v 0.05328800 0.03254900 -0.00855400
v 0.05328800 0.03254900 -0.00855400
v 0.05328800 0.03254900 -0.00855400
v 0.05328800 0.03254900 -0.00855400
v 0.05318200 0.03265700 -0.00844900
v 0.05318200 0.03265700 -0.00844900
v 0.05318200 0.03265700 -0.00844900
v 0.05318200 0.03265700 -0.00844900
v 0.05318200 0.03265700 -0.00844900
v 0.05337500 0.03250000 -0.00876900
v 0.05337500 0.03250000 -0.00876900
v 0.05337500 0.03250000 -0.00876900
v 0.05337500 0.03250000 -0.00876900
v 0.05344100 0.03250000 -0.00870400
v 0.05344100 0.03250000 -0.00870400
v 0.05344100 0.03250000 -0.00870400
v 0.05344100 0.03250000 -0.00870400
v 0.05331900 0.03253000 -0.00858500
v 0.05331900 0.03253000 -0.00858500
v 0.05331900 0.03253000 -0.00858500
v 0.05331900 0.03253000 -0.00858500
v 0.05331900 0.03253000 -0.00858500
v 0.05331900 0.03253000 -0.00858500
v 0.05331900 0.03253000 -0.00858500
v 0.05330800 0.03250000 -0.00883300
v 0.05330800 0.03250000 -0.00883300
v 0.05330800 0.03250000 -0.00883300
v 0.05330800 0.03250000 -0.00883300
v 0.06210100 0.03318400 0.00079600
v 0.06210100 0.03318400 0.00079600
v 0.06210100 0.03318400 0.00079600
v 0.06210100 0.03318400 0.00079600
v 0.06208400 0.03310100 0.00081300
v 0.06208400 0.03310100 0.00081300
v 0.06208400 0.03310100 0.00081300
v 0.06208400 0.03310100 0.00081300
v 0.06208400 0.03310100 0.00081300
v 0.06208400 0.03310100 0.00081300
v 0.06207600 0.03302500 0.00081900
v 0.06207600 0.03302500 0.00081900
v 0.06207600 0.03302500 0.00081900
v 0.06207600 0.03302500 0.00081900
v 0.06207600 0.03302500 0.00081900
v 0.06208600 0.03287900 0.00080800
v 0.06208600 0.03287900 0.00080800
v 0.06208600 0.03287900 0.00080800
v 0.06208600 0.03287900 0.00080800
v 0.06208600 0.03287900 0.00080800
v 0.06208600 0.03287900 0.00080800
v 0.06208600 0.03287900 0.00080800
v 0.06208600 0.03287900 0.00080800
v 0.06212200 0.03275300 0.00077300
v 0.06212200 0.03275300 0.00077300
v 0.06212200 0.03275300 0.00077300
v 0.06212200 0.03275300 0.00077300
v 0.06212200 0.03275300 0.00077300
v 0.06212200 0.03275300 0.00077300
v 0.06216400 0.03267000 0.00073200
v 0.06216400 0.03267000 0.00073200
v 0.06216400 0.03267000 0.00073200
v 0.06216400 0.03267000 0.00073200
v 0.06216400 0.03267000 0.00073200
v 0.06216400 0.03267000 0.00073200
v 0.06229600 0.03253900 0.00060400
v 0.06229600 0.03253900 0.00060400
v 0.06229600 0.03253900 0.00060400
v 0.06229600 0.03253900 0.00060400
v 0.06229600 0.03253900 0.00060400
v 0.06229600 0.03253900 0.00060400
v 0.06229600 0.03253900 0.00060400
v 0.06229600 0.03253900 0.00060400
v 0.06229600 0.03253900 0.00060400
v 0.06243300 0.03250000 0.00047000
v 0.06243300 0.03250000 0.00047000
v 0.06243300 0.03250000 0.00047000
v 0.06248200 0.03313300 0.00124400
v 0.06248200 0.03313300 0.00124400
v 0.06248200 0.03313300 0.00124400
v 0.06248200 0.03313300 0.00124400
v 0.06248200 0.03313300 0.00124400
v 0.06248200 0.03313300 0.00124400
v 0.06248200 0.03313300 0.00124400
v 0.06320000 0.03250000 0.00146600
v 0.06320000 0.03250000 0.00146600
v 0.06320000 0.03250000 0.00146600
v 0.06320000 0.03250000 0.00146600
v 0.06246900 0.03300800 0.00125500
v 0.06246900 0.03300800 0.00125500
v 0.06246900 0.03300800 0.00125500
v 0.06246900 0.03300800 0.00125500
v 0.06246900 0.03300800 0.00125500
v 0.06246900 0.03300800 0.00125500
v 0.06280300 0.03309900 0.00170800
v 0.06280300 0.03309900 0.00170800
v 0.06280300 0.03309900 0.00170800
v 0.06280300 0.03309900 0.00170800
v 0.06280300 0.03309900 0.00170800
v 0.06280300 0.03309900 0.00170800
v 0.06280300 0.03309900 0.00170800
v 0.06279500 0.03297300 0.00171300
v 0.06279500 0.03297300 0.00171300
v 0.06279500 0.03297300 0.00171300
v 0.06279500 0.03297300 0.00171300
v 0.06279500 0.03297300 0.00171300
v 0.06281400 0.03285000 0.00170100
v 0.06281400 0.03285000 0.00170100
v 0.06281400 0.03285000 0.00170100
v 0.06281400 0.03285000 0.00170100
v 0.06281400 0.03285000 0.00170100
v 0.06281400 0.03285000 0.00170100
v 0.06281400 0.03285000 0.00170100
v 0.06285600 0.03274200 0.00167600
v 0.06285600 0.03274200 0.00167600
v 0.06285600 0.03274200 0.00167600
v 0.06285600 0.03274200 0.00167600
v 0.06285600 0.03274200 0.00167600
v 0.06285600 0.03274200 0.00167600
v 0.06286300 0.03272800 0.00167100
v 0.06286300 0.03272800 0.00167100
v 0.06286300 0.03272800 0.00167100
v 0.06286300 0.03272800 0.00167100
v 0.06286300 0.03272800 0.00167100
v 0.06300000 0.03257300 0.00158800
v 0.06300000 0.03257300 0.00158800
v 0.06300000 0.03257300 0.00158800
v 0.06300000 0.03257300 0.00158800
v 0.06300000 0.03257300 0.00158800
v 0.06300000 0.03257300 0.00158800
v 0.06300000 0.03257300 0.00158800
v 0.06303000 0.03255300 0.00157000
v 0.06303000 0.03255300 0.00157000
v 0.06303000 0.03255300 0.00157000
v 0.06303000 0.03255300 0.00157000
v 0.06307600 0.03295500 0.00223600
v 0.06307600 0.03295500 0.00223600
v 0.06307600 0.03295500 0.00223600
v 0.06307600 0.03295500 0.00223600
v 0.06307600 0.03295500 0.00223600
v 0.06307600 0.03295500 0.00223600
v 0.06307600 0.03295500 0.00223600
v 0.06388700 0.03254700 0.00391600
v 0.06388700 0.03254700 0.00391600
v 0.06388700 0.03254700 0.00391600
v 0.06388700 0.03254700 0.00391600
v 0.06388700 0.03254700 0.00391600
v 0.06388700 0.03254700 0.00391600
v 0.06388700 0.03254700 0.00391600
v 0.06356100 0.03255400 0.00270300
v 0.06356100 0.03255400 0.00270300
v 0.06356100 0.03255400 0.00270300
v 0.06356100 0.03255400 0.00270300
v 0.06356100 0.03255400 0.00270300
v 0.06390100 0.03254100 0.00391400
v 0.06390100 0.03254100 0.00391400
v 0.06390100 0.03254100 0.00391400
v 0.06390100 0.03254100 0.00391400
v 0.06390100 0.03254100 0.00391400
v 0.06390100 0.03254100 0.00391400
v 0.06374900 0.03250000 0.00262900
v 0.06374900 0.03250000 0.00262900
v 0.06374900 0.03250000 0.00262900
v 0.06374900 0.03250000 0.00262900
v 0.06374900 0.03250000 0.00262900
v 0.06374900 0.03250000 0.00262900
v 0.06407300 0.03250000 0.00388700
v 0.06407300 0.03250000 0.00388700
v 0.06407300 0.03250000 0.00388700
v 0.06407300 0.03250000 0.00388700
v 0.06348900 0.03290000 0.00336900
v 0.06348900 0.03290000 0.00336900
v 0.06348900 0.03290000 0.00336900
v 0.06348900 0.03290000 0.00336900
v 0.06348900 0.03290000 0.00336900
v 0.06348900 0.03290000 0.00336900
v 0.06330800 0.03292800 0.00279300
v 0.06330800 0.03292800 0.00279300
v 0.06330800 0.03292800 0.00279300
v 0.06330800 0.03292800 0.00279300
v 0.06330800 0.03292800 0.00279300
v 0.06333700 0.03281500 0.00278300
v 0.06333700 0.03281500 0.00278300
v 0.06333700 0.03281500 0.00278300
v 0.06333700 0.03281500 0.00278300
v 0.06333700 0.03281500 0.00278300
v 0.06333700 0.03281500 0.00278300
v 0.06333700 0.03281500 0.00278300
v 0.06362000 0.03286600 0.00395800
v 0.06362000 0.03286600 0.00395800
v 0.06362000 0.03286600 0.00395800
v 0.06362000 0.03286600 0.00395800
v 0.06362000 0.03286600 0.00395800
v 0.06362000 0.03286600 0.00395800
v 0.06365700 0.03277100 0.00395300
v 0.06365700 0.03277100 0.00395300
v 0.06365700 0.03277100 0.00395300
v 0.06365700 0.03277100 0.00395300
v 0.06365700 0.03277100 0.00395300
v 0.06365700 0.03277100 0.00395300
v 0.06372400 0.03267100 0.00394200
v 0.06372400 0.03267100 0.00394200
v 0.06372400 0.03267100 0.00394200
v 0.06372400 0.03267100 0.00394200
v 0.06372400 0.03267100 0.00394200
v 0.06372400 0.03267100 0.00394200
v 0.06339200 0.03270900 0.00276300
v 0.06339200 0.03270900 0.00276300
v 0.06339200 0.03270900 0.00276300
v 0.06339200 0.03270900 0.00276300
v 0.06339200 0.03270900 0.00276300
v 0.06339200 0.03270900 0.00276300
v 0.06346900 0.03262000 0.00273600
v 0.06346900 0.03262000 0.00273600
v 0.06346900 0.03262000 0.00273600
v 0.06346900 0.03262000 0.00273600
v 0.06346900 0.03262000 0.00273600
v 0.06346900 0.03262000 0.00273600
v 0.06371300 0.03281800 0.00515300
v 0.06371300 0.03281800 0.00515300
v 0.06371300 0.03281800 0.00515300
v 0.06371300 0.03281800 0.00515300
v 0.06371300 0.03281800 0.00515300
v 0.06373600 0.03276800 0.00515300
v 0.06373600 0.03276800 0.00515300
v 0.06373600 0.03276800 0.00515300
v 0.06373600 0.03276800 0.00515300
v 0.06373600 0.03276800 0.00515300
v 0.06382300 0.03264900 0.00515200
v 0.06382300 0.03264900 0.00515200
v 0.06382300 0.03264900 0.00515200
v 0.06382300 0.03264900 0.00515200
v 0.06382300 0.03264900 0.00515200
v 0.06382300 0.03264900 0.00515200
v 0.06382300 0.03264900 0.00515200
v 0.06389400 0.03258900 0.00515100
v 0.06389400 0.03258900 0.00515100
v 0.06389400 0.03258900 0.00515100
v 0.06389400 0.03258900 0.00515100
v 0.06389400 0.03258900 0.00515100
v 0.06400400 0.03253200 0.00515100
v 0.06400400 0.03253200 0.00515100
v 0.06400400 0.03253200 0.00515100
v 0.06400400 0.03253200 0.00515100
v 0.06400400 0.03253200 0.00515100
v 0.06400400 0.03253200 0.00515100
v 0.06408800 0.03250900 0.00515000
v 0.06408800 0.03250900 0.00515000
v 0.06408800 0.03250900 0.00515000
v 0.06408800 0.03250900 0.00515000
v 0.06408800 0.03250900 0.00515000
v 0.06417900 0.03250000 0.00515000
v 0.06417900 0.03250000 0.00515000
v 0.06417900 0.03250000 0.00515000
v 0.06374600 0.03275000 0.00800000
v 0.06374600 0.03275000 0.00800000
v 0.06374600 0.03275000 0.00800000
v 0.06374600 0.03275000 0.00800000
v 0.06374600 0.03275000 0.00800000
v 0.06374600 0.03275000 0.00800000
v 0.06374600 0.03275000 0.00800000
v 0.06374600 0.03275000 0.00800000
v 0.06392900 0.03256700 0.00800000
v 0.06392900 0.03256700 0.00800000
v 0.06392900 0.03256700 0.00800000
v 0.06392900 0.03256700 0.00800000
v 0.06392900 0.03256700 0.00800000
v 0.06392900 0.03256700 0.00800000
v 0.06417900 0.03250000 0.00800000
v 0.06417900 0.03250000 0.00800000
v 0.06417900 0.03250000 0.00800000
v 0.06417900 0.03250000 0.00800000
v 0.06417900 0.03250000 0.00800000
v 0.06382300 0.03264900 0.00800000
v 0.06382300 0.03264900 0.00800000
v 0.06382300 0.03264900 0.00800000
v 0.06382300 0.03264900 0.00800000
v 0.06358800 0.03275000 0.00879100
v 0.06358800 0.03275000 0.00879100
v 0.06358800 0.03275000 0.00879100
v 0.06358800 0.03275000 0.00879100
v 0.06358800 0.03275000 0.00879100
v 0.06358800 0.03275000 0.00879100
v 0.06375700 0.03256700 0.00886100
v 0.06375700 0.03256700 0.00886100
v 0.06375700 0.03256700 0.00886100
v 0.06375700 0.03256700 0.00886100
v 0.06375700 0.03256700 0.00886100
v 0.06375700 0.03256700 0.00886100
v 0.06327000 0.03256700 0.00959100
v 0.06327000 0.03256700 0.00959100
v 0.06327000 0.03256700 0.00959100
v 0.06327000 0.03256700 0.00959100
v 0.06327000 0.03256700 0.00959100
v 0.06314000 0.03275000 0.00946200
v 0.06314000 0.03275000 0.00946200
v 0.06314000 0.03275000 0.00946200
v 0.06314000 0.03275000 0.00946200
v 0.06314000 0.03275000 0.00946200
v 0.06254000 0.03256700 0.01007900
v 0.06254000 0.03256700 0.01007900
v 0.06254000 0.03256700 0.01007900
v 0.06254000 0.03256700 0.01007900
v 0.06254000 0.03256700 0.01007900
v 0.06254000 0.03256700 0.01007900
v 0.06247000 0.03275000 0.00991000
v 0.06247000 0.03275000 0.00991000
v 0.06247000 0.03275000 0.00991000
v 0.06247000 0.03275000 0.00991000
v 0.06247000 0.03275000 0.00991000
v 0.06247000 0.03275000 0.00991000
v 0.06247000 0.03275000 0.00991000
v 0.06247000 0.03275000 0.00991000
v 0.06263500 0.03250000 0.01031000
v 0.06263500 0.03250000 0.01031000
v 0.06263500 0.03250000 0.01031000
v 0.06263500 0.03250000 0.01031000
v 0.06167900 0.03250000 0.01050000
v 0.06167900 0.03250000 0.01050000
v 0.06167900 0.03250000 0.01050000
v 0.06167900 0.03250000 0.01050000
v 0.06167900 0.03253000 0.01032900
v 0.06167900 0.03253000 0.01032900
v 0.06167900 0.03253000 0.01032900
v 0.06167900 0.03253000 0.01032900
v 0.06167900 0.03253000 0.01032900
v 0.06344600 0.03250000 0.00976800
v 0.06344600 0.03250000 0.00976800
v 0.06344600 0.03250000 0.00976800
v 0.06398800 0.03250000 0.00895700
v 0.06398800 0.03250000 0.00895700
v 0.06398800 0.03250000 0.00895700
v 0.06167900 0.03283100 0.01003000
v 0.06167900 0.03283100 0.01003000
v 0.06167900 0.03283100 0.01003000
v 0.06167900 0.03283100 0.01003000
v 0.06167900 0.03283100 0.01003000
v 0.06167900 0.03286000 0.01002000
v 0.06167900 0.03286000 0.01002000
v 0.06167900 0.03286000 0.01002000
v 0.06167900 0.03286000 0.01002000
v 0.06167900 0.03286000 0.01002000
v 0.06167900 0.03286000 0.01002000
v 0.06167900 0.03256700 0.01025000
v 0.06167900 0.03256700 0.01025000
v 0.06167900 0.03256700 0.01025000
v 0.06167900 0.03256700 0.01025000
v 0.06167900 0.03264700 0.01014600
v 0.06167900 0.03264700 0.01014600
v 0.06167900 0.03264700 0.01014600
v 0.06167900 0.03264700 0.01014600
v 0.06167900 0.03264700 0.01014600
v 0.06167900 0.03264700 0.01014600
v 0.06167900 0.03275000 0.01006700
v 0.06167900 0.03275000 0.01006700
v 0.06167900 0.03275000 0.01006700
v 0.06167900 0.03275000 0.01006700
v 0.03839300 0.03286000 0.01002000
v 0.03839300 0.03286000 0.01002000
v 0.03839300 0.03286000 0.01002000
v 0.03839300 0.03286000 0.01002000
v 0.03839300 0.03286000 0.01002000
v 0.03839300 0.03281700 0.01003400
v 0.03839300 0.03281700 0.01003400
v 0.03839300 0.03281700 0.01003400
v 0.03839300 0.03281700 0.01003400
v 0.03839300 0.03281700 0.01003400
v 0.03839300 0.03281700 0.01003400
v 0.03839200 0.03264600 0.01014700
v 0.03839200 0.03264600 0.01014700
v 0.03839200 0.03264600 0.01014700
v 0.03839200 0.03264600 0.01014700
v 0.03839200 0.03264600 0.01014700
v 0.03839200 0.03264600 0.01014700
v 0.03839200 0.03264600 0.01014700
v 0.03839200 0.03264600 0.01014700
v 0.03839100 0.03253400 0.01031800
v 0.03839100 0.03253400 0.01031800
v 0.03839100 0.03253400 0.01031800
v 0.03839100 0.03253400 0.01031800
v 0.03839100 0.03253400 0.01031800
v 0.03839100 0.03253400 0.01031800
v 0.03839100 0.03253400 0.01031800
v 0.03839100 0.03253400 0.01031800
v 0.03839100 0.03253400 0.01031800
v 0.03839000 0.03250000 0.01049900
v 0.03839000 0.03250000 0.01049900
v 0.03839000 0.03250000 0.01049900
v 0.03839000 0.03250000 0.01049900
v 0.03713700 0.03253900 0.01022300
v 0.03713700 0.03253900 0.01022300
v 0.03713700 0.03253900 0.01022300
v 0.03713700 0.03253900 0.01022300
v 0.03713700 0.03253900 0.01022300
v 0.03713700 0.03253900 0.01022300
v 0.03713700 0.03253900 0.01022300
v 0.03713700 0.03253900 0.01022300
v 0.03710800 0.03250000 0.01040300
v 0.03710800 0.03250000 0.01040300
v 0.03710800 0.03250000 0.01040300
v 0.03828000 0.03250000 0.01049800
v 0.03828000 0.03250000 0.01049800
v 0.03828000 0.03250000 0.01049800
v 0.03828000 0.03250000 0.01049800
v 0.03828000 0.03250000 0.01049800
v 0.03833500 0.03250000 0.01049900
v 0.03833500 0.03250000 0.01049900
v 0.03833500 0.03250000 0.01049900
v 0.03833500 0.03250000 0.01049900
v 0.03718400 0.03286500 0.00993900
v 0.03718400 0.03286500 0.00993900
v 0.03718400 0.03286500 0.00993900
v 0.03718400 0.03286500 0.00993900
v 0.03718400 0.03286500 0.00993900
v 0.03718400 0.03286500 0.00993900
v 0.03718400 0.03286500 0.00993900
v 0.03718400 0.03286500 0.00993900
v 0.03718400 0.03286500 0.00993900
v 0.03717700 0.03276200 0.00998000
v 0.03717700 0.03276200 0.00998000
v 0.03717700 0.03276200 0.00998000
v 0.03717700 0.03276200 0.00998000
v 0.03717700 0.03276200 0.00998000
v 0.03717700 0.03276200 0.00998000
v 0.03717700 0.03276200 0.00998000
v 0.03716600 0.03266900 0.01004400
v 0.03716600 0.03266900 0.01004400
v 0.03716600 0.03266900 0.01004400
v 0.03716600 0.03266900 0.01004400
v 0.03716600 0.03266900 0.01004400
v 0.03495800 0.03309700 0.00911300
v 0.03495800 0.03309700 0.00911300
v 0.03495800 0.03309700 0.00911300
v 0.03495800 0.03309700 0.00911300
v 0.03495800 0.03309700 0.00911300
v 0.03495800 0.03309700 0.00911300
v 0.03548000 0.03294700 0.00939000
v 0.03548000 0.03294700 0.00939000
v 0.03548000 0.03294700 0.00939000
v 0.03548000 0.03294700 0.00939000
v 0.03548000 0.03294700 0.00939000
v 0.03548000 0.03294700 0.00939000
v 0.03603200 0.03292000 0.00962500
v 0.03603200 0.03292000 0.00962500
v 0.03603200 0.03292000 0.00962500
v 0.03603200 0.03292000 0.00962500
v 0.03603200 0.03292000 0.00962500
v 0.03603200 0.03292000 0.00962500
v 0.03602100 0.03280400 0.00965700
v 0.03602100 0.03280400 0.00965700
v 0.03602100 0.03280400 0.00965700
v 0.03602100 0.03280400 0.00965700
v 0.03602100 0.03280400 0.00965700
v 0.03602100 0.03280400 0.00965700
v 0.03602100 0.03280400 0.00965700
v 0.03586400 0.03250000 0.01008900
v 0.03586400 0.03250000 0.01008900
v 0.03586400 0.03250000 0.01008900
v 0.03586400 0.03250000 0.01008900
v 0.03586400 0.03250000 0.01008900
v 0.03660400 0.03289400 0.00980800
v 0.03660400 0.03289400 0.00980800
v 0.03660400 0.03289400 0.00980800
v 0.03660400 0.03289400 0.00980800
v 0.03660400 0.03289400 0.00980800
v 0.03496200 0.03296700 0.00910600
v 0.03496200 0.03296700 0.00910600
v 0.03496200 0.03296700 0.00910600
v 0.03496200 0.03296700 0.00910600
v 0.03496200 0.03296700 0.00910600
v 0.03495000 0.03284700 0.00912600
v 0.03495000 0.03284700 0.00912600
v 0.03495000 0.03284700 0.00912600
v 0.03495000 0.03284700 0.00912600
v 0.03495000 0.03284700 0.00912600
v 0.03495000 0.03284700 0.00912600
v 0.03495000 0.03284700 0.00912600
v 0.03495000 0.03284700 0.00912600
v 0.03492300 0.03273500 0.00917000
v 0.03492300 0.03273500 0.00917000
v 0.03492300 0.03273500 0.00917000
v 0.03492300 0.03273500 0.00917000
v 0.03492300 0.03273500 0.00917000
v 0.03492300 0.03273500 0.00917000
v 0.03599900 0.03269700 0.00971500
v 0.03599900 0.03269700 0.00971500
v 0.03599900 0.03269700 0.00971500
v 0.03599900 0.03269700 0.00971500
v 0.03599900 0.03269700 0.00971500
v 0.03599900 0.03269700 0.00971500
v 0.03487400 0.03262600 0.00924800
v 0.03487400 0.03262600 0.00924800
v 0.03487400 0.03262600 0.00924800
v 0.03487400 0.03262600 0.00924800
v 0.03487400 0.03262600 0.00924800
v 0.03487400 0.03262600 0.00924800
v 0.03597000 0.03260800 0.00979700
v 0.03597000 0.03260800 0.00979700
v 0.03597000 0.03260800 0.00979700
v 0.03597000 0.03260800 0.00979700
v 0.03597000 0.03260800 0.00979700
v 0.03597000 0.03260800 0.00979700
v 0.03483100 0.03256700 0.00931700
v 0.03483100 0.03256700 0.00931700
v 0.03483100 0.03256700 0.00931700
v 0.03483100 0.03256700 0.00931700
v 0.03483100 0.03256700 0.00931700
v 0.03593500 0.03254500 0.00989400
v 0.03593500 0.03254500 0.00989400
v 0.03593500 0.03254500 0.00989400
v 0.03593500 0.03254500 0.00989400
v 0.03593500 0.03254500 0.00989400
v 0.03481700 0.03255300 0.00934000
v 0.03481700 0.03255300 0.00934000
v 0.03481700 0.03255300 0.00934000
v 0.03481700 0.03255300 0.00934000
v 0.03481700 0.03255300 0.00934000
v 0.03481700 0.03255300 0.00934000
v 0.03470700 0.03250000 0.00951800
v 0.03470700 0.03250000 0.00951800
v 0.03470700 0.03250000 0.00951800
v 0.03386700 0.03256100 0.00853600
v 0.03386700 0.03256100 0.00853600
v 0.03386700 0.03256100 0.00853600
v 0.03386700 0.03256100 0.00853600
v 0.03386700 0.03256100 0.00853600
v 0.03386700 0.03256100 0.00853600
v 0.03386700 0.03256100 0.00853600
v 0.03369800 0.03250000 0.00870400
v 0.03369800 0.03250000 0.00870400
v 0.03369800 0.03250000 0.00870400
v 0.03369800 0.03250000 0.00870400
v 0.03369800 0.03250000 0.00870400
v 0.03448800 0.03313200 0.00878100
v 0.03448800 0.03313200 0.00878100
v 0.03448800 0.03313200 0.00878100
v 0.03448800 0.03313200 0.00878100
v 0.03450000 0.03300800 0.00876800
v 0.03450000 0.03300800 0.00876800
v 0.03450000 0.03300800 0.00876800
v 0.03450000 0.03300800 0.00876800
v 0.03450000 0.03300800 0.00876800
v 0.03450000 0.03300800 0.00876800
v 0.03404600 0.03308900 0.00835700
v 0.03404600 0.03308900 0.00835700
v 0.03404600 0.03308900 0.00835700
v 0.03404600 0.03308900 0.00835700
v 0.03404600 0.03308900 0.00835700
v 0.03404600 0.03308900 0.00835700
v 0.03404600 0.03308900 0.00835700
v 0.03404600 0.03308900 0.00835700
v 0.03404500 0.03290000 0.00835800
v 0.03404500 0.03290000 0.00835800
v 0.03404500 0.03290000 0.00835800
v 0.03404500 0.03290000 0.00835800
v 0.03404500 0.03290000 0.00835800
v 0.03404500 0.03290000 0.00835800
v 0.03403700 0.03285700 0.00836600
v 0.03403700 0.03285700 0.00836600
v 0.03403700 0.03285700 0.00836600
v 0.03403700 0.03285700 0.00836600
v 0.03403700 0.03285700 0.00836600
v 0.03399300 0.03272400 0.00841000
v 0.03399300 0.03272400 0.00841000
v 0.03399300 0.03272400 0.00841000
v 0.03399300 0.03272400 0.00841000
v 0.03399300 0.03272400 0.00841000
v 0.03399300 0.03272400 0.00841000
v 0.03395500 0.03265700 0.00844700
v 0.03395500 0.03265700 0.00844700
v 0.03395500 0.03265700 0.00844700
v 0.03395500 0.03265700 0.00844700
v 0.03395500 0.03265700 0.00844700
v 0.01144800 0.02821200 -0.01602100
v 0.01144800 0.02821200 -0.01602100
v 0.01144800 0.02821200 -0.01602100
v 0.01144800 0.02821200 -0.01602100
v 0.01144800 0.02821200 -0.01602100
v 0.01140900 0.02803200 -0.01598200
v 0.01140900 0.02803200 -0.01598200
v 0.01140900 0.02803200 -0.01598200
v 0.01140900 0.02803200 -0.01598200
v 0.01140900 0.02803200 -0.01598200
v 0.01066300 0.02803200 -0.01659400
v 0.01066300 0.02803200 -0.01659400
v 0.01066300 0.02803200 -0.01659400
v 0.01066300 0.02803200 -0.01659400
v 0.01066300 0.02803200 -0.01659400
v 0.00888800 0.02803200 -0.01732900
v 0.00888800 0.02803200 -0.01732900
v 0.00888800 0.02803200 -0.01732900
v 0.00888800 0.02803200 -0.01732900
v 0.00884600 0.02770700 -0.01711700
v 0.00884600 0.02770700 -0.01711700
v 0.00884600 0.02770700 -0.01711700
v 0.00884600 0.02770700 -0.01711700
v 0.00884600 0.02770700 -0.01711700
v 0.00981200 0.02803200 -0.01704900
v 0.00981200 0.02803200 -0.01704900
v 0.00981200 0.02803200 -0.01704900
v 0.00981200 0.02803200 -0.01704900
v 0.00972900 0.02770700 -0.01684900
v 0.00972900 0.02770700 -0.01684900
v 0.00972900 0.02770700 -0.01684900
v 0.00972900 0.02770700 -0.01684900
v 0.01054300 0.02770700 -0.01641400
v 0.01054300 0.02770700 -0.01641400
v 0.01054300 0.02770700 -0.01641400
v 0.01054300 0.02770700 -0.01641400
v 0.01054300 0.02770700 -0.01641400
v 0.01125600 0.02770700 -0.01582800
v 0.01125600 0.02770700 -0.01582800
v 0.01125600 0.02770700 -0.01582800
v 0.01125600 0.02770700 -0.01582800
v 0.01653400 0.02841400 -0.01096400
v 0.01653400 0.02841400 -0.01096400
v 0.01653400 0.02841400 -0.01096400
v 0.01653400 0.02841400 -0.01096400
v 0.01651900 0.02821200 -0.01095000
v 0.01651900 0.02821200 -0.01095000
v 0.01651900 0.02821200 -0.01095000
v 0.01651900 0.02821200 -0.01095000
v 0.01651900 0.02821200 -0.01095000
v 0.01651900 0.02821200 -0.01095000
v 0.01715600 0.02841400 -0.01020700
v 0.01715600 0.02841400 -0.01020700
v 0.01715600 0.02841400 -0.01020700
v 0.01715600 0.02841400 -0.01020700
v 0.01715600 0.02841400 -0.01020700
v 0.01715600 0.02841400 -0.01020700
v 0.01761800 0.02841400 -0.00934200
v 0.01761800 0.02841400 -0.00934200
v 0.01761800 0.02841400 -0.00934200
v 0.01761800 0.02841400 -0.00934200
v 0.01761800 0.02841400 -0.00934200
v 0.01790300 0.02841400 -0.00840400
v 0.01790300 0.02841400 -0.00840400
v 0.01790300 0.02841400 -0.00840400
v 0.01790300 0.02841400 -0.00840400
v 0.01790300 0.02841400 -0.00840400
v 0.01790300 0.02841400 -0.00840400
v 0.01799900 0.02841400 -0.00742900
v 0.01799900 0.02841400 -0.00742900
v 0.01799900 0.02841400 -0.00742900
v 0.01799900 0.02841400 -0.00742900
v 0.01799900 0.02841400 -0.00742900
v 0.00792800 0.02600000 -0.01550000
v 0.00792800 0.02600000 -0.01550000
v 0.00792800 0.02600000 -0.01550000
v 0.00792800 0.02600000 -0.01550000
v 0.00907600 0.02600000 -0.01527200
v 0.00907600 0.02600000 -0.01527200
v 0.00907600 0.02600000 -0.01527200
v 0.00907600 0.02600000 -0.01527200
v 0.00907600 0.02600000 -0.01527200
v 0.01004900 0.02600000 -0.01462100
v 0.01004900 0.02600000 -0.01462100
v 0.01004900 0.02600000 -0.01462100
v 0.01004900 0.02600000 -0.01462100
v -0.00798700 0.02600000 0.01550000
v -0.00798700 0.02600000 0.01550000
v -0.00798700 0.02600000 0.01550000
v -0.00798700 0.02600000 0.01550000
v 0.00792800 0.02600000 0.01550000
v 0.00792800 0.02600000 0.01550000
v 0.00792800 0.02600000 0.01550000
v 0.00792800 0.02600000 0.01550000
v -0.00847400 0.02600000 0.01548600
v -0.00847400 0.02600000 0.01548600
v -0.00847400 0.02600000 0.01548600
v -0.00847400 0.02600000 0.01548600
v -0.00833300 0.02600000 0.01549500
v -0.00833300 0.02600000 0.01549500
v -0.00833300 0.02600000 0.01549500
v -0.00833300 0.02600000 0.01549500
v -0.00833300 0.02600000 0.01549500
v -0.00822200 0.02600000 0.01549800
v -0.00822200 0.02600000 0.01549800
v -0.00822200 0.02600000 0.01549800
v -0.00822200 0.02600000 0.01549800
v -0.00863300 0.02600000 0.01546500
v -0.00863300 0.02600000 0.01546500
v -0.00863300 0.02600000 0.01546500
v -0.00863300 0.02600000 0.01546500
v -0.00924300 0.02600000 0.01527900
v -0.00924300 0.02600000 0.01527900
v -0.00924300 0.02600000 0.01527900
v -0.00924300 0.02600000 0.01527900
v -0.00924300 0.02600000 0.01527900
v -0.00980100 0.02600000 0.01497100
v -0.00980100 0.02600000 0.01497100
v -0.00980100 0.02600000 0.01497100
v -0.00980100 0.02600000 0.01497100
v -0.00980100 0.02600000 0.01497100
v -0.01026800 0.02600000 0.01454200
v -0.01026800 0.02600000 0.01454200
v -0.01026800 0.02600000 0.01454200
v -0.01509600 0.02600000 0.00961700
v -0.01509600 0.02600000 0.00961700
v -0.01509600 0.02600000 0.00961700
v -0.01509600 0.02600000 0.00961700
v -0.01541000 0.02600000 0.00927800
v -0.01541000 0.02600000 0.00927800
v -0.01541000 0.02600000 0.00927800
v -0.01527900 0.02600000 0.00942600
v -0.01527900 0.02600000 0.00942600
v -0.01527900 0.02600000 0.00942600
v -0.01527900 0.02600000 0.00942600
v -0.01527900 0.02600000 0.00942600
v -0.01525200 0.02600000 0.00945400
v -0.01525200 0.02600000 0.00945400
v -0.01525200 0.02600000 0.00945400
v -0.01525200 0.02600000 0.00945400
v -0.01550400 0.02600000 0.00915300
v -0.01550400 0.02600000 0.00915300
v -0.01550400 0.02600000 0.00915300
v -0.01550400 0.02600000 0.00915300
v -0.01550400 0.02600000 0.00915300
v -0.01579500 0.02600000 0.00860300
v -0.01579500 0.02600000 0.00860300
v -0.01579500 0.02600000 0.00860300
v -0.01579500 0.02600000 0.00860300
v -0.01596900 0.02600000 0.00800600
v -0.01596900 0.02600000 0.00800600
v -0.01596900 0.02600000 0.00800600
v -0.01596900 0.02600000 0.00800600
v -0.01596900 0.02600000 0.00800600
v -0.01600100 0.02600000 0.00738700
v -0.01600100 0.02600000 0.00738700
v -0.01600100 0.02600000 0.00738700
v -0.01600100 0.02600000 -0.00746900
v -0.01600100 0.02600000 -0.00746900
v -0.01600100 0.02600000 -0.00746900
v -0.01600100 0.02600000 -0.00746900
v -0.01596300 0.02600000 -0.00804300
v -0.01596300 0.02600000 -0.00804300
v -0.01596300 0.02600000 -0.00804300
v -0.01596300 0.02600000 -0.00804300
v -0.01588000 0.02600000 -0.00836800
v -0.01588000 0.02600000 -0.00836800
v -0.01588000 0.02600000 -0.00836800
v -0.01588000 0.02600000 -0.00836800
v -0.01579300 0.02600000 -0.00860700
v -0.01579300 0.02600000 -0.00860700
v -0.01579300 0.02600000 -0.00860700
v -0.01579300 0.02600000 -0.00860700
v -0.01551900 0.02600000 -0.00913000
v -0.01551900 0.02600000 -0.00913000
v -0.01551900 0.02600000 -0.00913000
v -0.01551900 0.02600000 -0.00913000
v -0.01551900 0.02600000 -0.00913000
v -0.01532300 0.02600000 -0.00937800
v -0.01532300 0.02600000 -0.00937800
v -0.01532300 0.02600000 -0.00937800
v -0.01532300 0.02600000 -0.00937800
v -0.01513400 0.02600000 -0.00957800
v -0.01513400 0.02600000 -0.00957800
v -0.01513400 0.02600000 -0.00957800
v -0.01025800 0.02600000 -0.01455200
v -0.01025800 0.02600000 -0.01455200
v -0.01025800 0.02600000 -0.01455200
v -0.01025800 0.02600000 -0.01455200
v -0.01025800 0.02600000 -0.01455200
v -0.00926400 0.02600000 -0.01527000
v -0.00926400 0.02600000 -0.01527000
v -0.00926400 0.02600000 -0.01527000
v -0.00926400 0.02600000 -0.01527000
v -0.00926400 0.02600000 -0.01527000
v -0.00926400 0.02600000 -0.01527000
v -0.00953100 0.02600000 -0.01513900
v -0.00953100 0.02600000 -0.01513900
v -0.00953100 0.02600000 -0.01513900
v -0.00953100 0.02600000 -0.01513900
v 0.01632700 0.02770700 -0.01075700
v 0.01632700 0.02770700 -0.01075700
v 0.01632700 0.02770700 -0.01075700
v 0.01632700 0.02770700 -0.01075700
v 0.01512000 0.02600000 -0.00955000
v 0.01512000 0.02600000 -0.00955000
v 0.01512000 0.02600000 -0.00955000
v 0.01512000 0.02600000 -0.00955000
v 0.01734300 0.02770700 -0.00924000
v 0.01734300 0.02770700 -0.00924000
v 0.01734300 0.02770700 -0.00924000
v 0.01734300 0.02770700 -0.00924000
v 0.01734300 0.02770700 -0.00924000
v 0.01577000 0.02600000 -0.00857700
v 0.01577000 0.02600000 -0.00857700
v 0.01577000 0.02600000 -0.00857700
v 0.01577000 0.02600000 -0.00857700
v 0.01577000 0.02600000 -0.00857700
v 0.01577000 0.02600000 -0.00857700
v 0.01691200 0.02770700 -0.01004400
v 0.01691200 0.02770700 -0.01004400
v 0.01691200 0.02770700 -0.01004400
v 0.01691200 0.02770700 -0.01004400
v 0.01691200 0.02770700 -0.01004400
v 0.01770600 0.02770700 -0.00742900
v 0.01770600 0.02770700 -0.00742900
v 0.01770600 0.02770700 -0.00742900
v 0.01770600 0.02770700 -0.00742900
v 0.01599900 0.02600000 -0.00742900
v 0.01599900 0.02600000 -0.00742900
v 0.01599900 0.02600000 -0.00742900
v 0.01599900 0.02600000 -0.00742900
v 0.01761500 0.02770700 -0.00834700
v 0.01761500 0.02770700 -0.00834700
v 0.01761500 0.02770700 -0.00834700
v 0.01761500 0.02770700 -0.00834700
v 0.01761500 0.02770700 -0.00834700
v 0.01734700 0.02770700 -0.00923000
v 0.01734700 0.02770700 -0.00923000
v 0.01734700 0.02770700 -0.00923000
v 0.01734700 0.02770700 -0.00923000
v 0.01734700 0.02770700 -0.00923000
v 0.01770600 0.02770700 0.00742900
v 0.01770600 0.02770700 0.00742900
v 0.01770600 0.02770700 0.00742900
v 0.01770600 0.02770700 0.00742900
v 0.01599900 0.02600000 0.00742900
v 0.01599900 0.02600000 0.00742900
v 0.01599900 0.02600000 0.00742900
v 0.01599900 0.02600000 0.00742900
v 0.01761500 0.02770700 0.00834700
v 0.01761500 0.02770700 0.00834700
v 0.01761500 0.02770700 0.00834700
v 0.01761500 0.02770700 0.00834700
v 0.01761500 0.02770700 0.00834700
v 0.01761500 0.02770700 0.00834700
v 0.01577000 0.02600000 0.00857700
v 0.01577000 0.02600000 0.00857700
v 0.01577000 0.02600000 0.00857700
v 0.01577000 0.02600000 0.00857700
v 0.01577000 0.02600000 0.00857700
v 0.01632700 0.02770700 0.01075700
v 0.01632700 0.02770700 0.01075700
v 0.01632700 0.02770700 0.01075700
v 0.01632700 0.02770700 0.01075700
v 0.01512000 0.02600000 0.00955000
v 0.01512000 0.02600000 0.00955000
v 0.01512000 0.02600000 0.00955000
v 0.01512000 0.02600000 0.00955000
v 0.01691200 0.02770700 0.01004400
v 0.01691200 0.02770700 0.01004400
v 0.01691200 0.02770700 0.01004400
v 0.01691200 0.02770700 0.01004400
v 0.01691200 0.02770700 0.01004400
v 0.01734700 0.02770700 0.00923000
v 0.01734700 0.02770700 0.00923000
v 0.01734700 0.02770700 0.00923000
v 0.01734700 0.02770700 0.00923000
v 0.01125600 0.02770700 0.01582800
v 0.01125600 0.02770700 0.01582800
v 0.01125600 0.02770700 0.01582800
v 0.01125600 0.02770700 0.01582800
v 0.01004900 0.02600000 0.01462100
v 0.01004900 0.02600000 0.01462100
v 0.01004900 0.02600000 0.01462100
v 0.01004900 0.02600000 0.01462100
v 0.01054300 0.02770700 0.01641400
v 0.01054300 0.02770700 0.01641400
v 0.01054300 0.02770700 0.01641400
v 0.01054300 0.02770700 0.01641400
v 0.01054300 0.02770700 0.01641400
v 0.00907600 0.02600000 0.01527200
v 0.00907600 0.02600000 0.01527200
v 0.00907600 0.02600000 0.01527200
v 0.00907600 0.02600000 0.01527200
v 0.00907600 0.02600000 0.01527200
v 0.00884600 0.02770700 0.01711700
v 0.00884600 0.02770700 0.01711700
v 0.00884600 0.02770700 0.01711700
v 0.00884600 0.02770700 0.01711700
v 0.00884600 0.02770700 0.01711700
v 0.00972900 0.02770700 0.01684900
v 0.00972900 0.02770700 0.01684900
v 0.00972900 0.02770700 0.01684900
v 0.00972900 0.02770700 0.01684900
v -0.00000000 0.03500000 -0.00900000
v -0.00000000 0.03500000 -0.00900000
v -0.00000000 0.03500000 -0.00900000
v -0.00000000 0.02650000 -0.00900000
v -0.00000000 0.02650000 -0.00900000
v -0.00000000 0.02650000 -0.00900000
v -0.00000000 0.02650000 -0.00900000
v 0.00168600 0.03500000 -0.00884100
v 0.00168600 0.03500000 -0.00884100
v 0.00168600 0.03500000 -0.00884100
v 0.00168600 0.02650000 -0.00884100
v 0.00168600 0.02650000 -0.00884100
v 0.00458100 0.03500000 -0.00774700
v 0.00458100 0.03500000 -0.00774700
v 0.00458100 0.03500000 -0.00774700
v 0.00458100 0.02650000 -0.00774700
v 0.00458100 0.02650000 -0.00774700
v 0.00458100 0.02650000 -0.00774700
v 0.00693400 0.03500000 -0.00573700
v 0.00693400 0.03500000 -0.00573700
v 0.00693400 0.03500000 -0.00573700
v 0.00693500 0.02650000 -0.00573700
v 0.00693500 0.02650000 -0.00573700
v 0.00693500 0.02650000 -0.00573700
v 0.00846800 0.03500000 -0.00304900
v 0.00846800 0.03500000 -0.00304900
v 0.00846800 0.03500000 -0.00304900
v 0.00846800 0.02650000 -0.00304900
v 0.00846800 0.02650000 -0.00304900
v 0.00900000 0.03500000 0.00000000
v 0.00900000 0.03500000 0.00000000
v 0.00900000 0.03500000 0.00000000
v 0.00900000 0.02650000 0.00000000
v 0.00900000 0.02650000 0.00000000
v 0.00846800 0.03500000 0.00304900
v 0.00846800 0.03500000 0.00304900
v 0.00846800 0.03500000 0.00304900
v 0.00846800 0.02650000 0.00304900
v 0.00846800 0.02650000 0.00304900
v 0.00693400 0.03500000 0.00573700
v 0.00693400 0.03500000 0.00573700
v 0.00693400 0.03500000 0.00573700
v 0.00693400 0.02650000 0.00573700
v 0.00693400 0.02650000 0.00573700
v 0.00458100 0.03500000 0.00774700
v 0.00458100 0.03500000 0.00774700
v 0.00458100 0.03500000 0.00774700
v 0.00458100 0.02650000 0.00774700
v 0.00458100 0.02650000 0.00774700
v 0.00168600 0.03500000 0.00884100
v 0.00168600 0.03500000 0.00884100
v 0.00168600 0.03500000 0.00884100
v 0.00168600 0.02650000 0.00884100
v 0.00168600 0.02650000 0.00884100
v -0.00000000 0.03500000 0.00900000
v -0.00000000 0.03500000 0.00900000
v -0.00000000 0.03500000 0.00900000
v -0.00000000 0.02650000 0.00900000
v -0.00000000 0.02650000 0.00900000
v -0.00168700 0.03500000 0.00884100
v -0.00168700 0.03500000 0.00884100
v -0.00168700 0.03500000 0.00884100
v -0.00168700 0.03500000 0.00884100
v -0.00168700 0.02650000 0.00884100
v -0.00168700 0.02650000 0.00884100
v -0.00168700 0.02650000 0.00884100
v -0.00307800 0.02650000 0.00845700
v -0.00307800 0.02650000 0.00845700
v -0.00307800 0.02650000 0.00845700
v -0.00458200 0.03500000 0.00774700
v -0.00458200 0.03500000 0.00774700
v -0.00458200 0.03500000 0.00774700
v -0.00458200 0.03500000 0.00774700
v -0.00458200 0.03500000 0.00774700
v -0.00458200 0.02650000 0.00774700
v -0.00458200 0.02650000 0.00774700
v -0.00458200 0.02650000 0.00774700
v -0.00578500 0.02650000 0.00689400
v -0.00578500 0.02650000 0.00689400
v -0.00578500 0.02650000 0.00689400
v -0.00693500 0.03500000 0.00573700
v -0.00693500 0.03500000 0.00573700
v -0.00693500 0.03500000 0.00573700
v -0.00693500 0.03500000 0.00573700
v -0.00693500 0.03500000 0.00573700
v -0.00693500 0.02650000 0.00573700
v -0.00693500 0.02650000 0.00573700
v -0.00693500 0.02650000 0.00573700
v -0.00779400 0.02650000 0.00450000
v -0.00779400 0.02650000 0.00450000
v -0.00779400 0.02650000 0.00450000
v -0.00846800 0.03500000 0.00304900
v -0.00846800 0.03500000 0.00304900
v -0.00846800 0.03500000 0.00304900
v -0.00846800 0.03500000 0.00304900
v -0.00846800 0.03500000 0.00304900
v -0.00846800 0.02650000 0.00304900
v -0.00846800 0.02650000 0.00304900
v -0.00846800 0.02650000 0.00304900
v -0.00886300 0.02650000 0.00156300
v -0.00886300 0.02650000 0.00156300
v -0.00886300 0.02650000 0.00156300
v -0.00900000 0.03500000 -0.00000000
v -0.00900000 0.03500000 -0.00000000
v -0.00900000 0.03500000 -0.00000000
v -0.00900000 0.03500000 -0.00000000
v -0.00900000 0.03500000 -0.00000000
v -0.00900000 0.02650000 -0.00000000
v -0.00900000 0.02650000 -0.00000000
v -0.00900000 0.02650000 -0.00000000
v -0.00886300 0.02650000 -0.00156300
v -0.00886300 0.02650000 -0.00156300
v -0.00886300 0.02650000 -0.00156300
v -0.00846800 0.03500000 -0.00304900
v -0.00846800 0.03500000 -0.00304900
v -0.00846800 0.03500000 -0.00304900
v -0.00846800 0.03500000 -0.00304900
v -0.00846800 0.03500000 -0.00304900
v -0.00846800 0.02650000 -0.00304900
v -0.00846800 0.02650000 -0.00304900
v -0.00846800 0.02650000 -0.00304900
v -0.00779400 0.02650000 -0.00450000
v -0.00779400 0.02650000 -0.00450000
v -0.00779400 0.02650000 -0.00450000
v -0.00779400 0.02650000 -0.00450000
v -0.00779400 0.02650000 -0.00450000
v -0.00693500 0.03500000 -0.00573700
v -0.00693500 0.03500000 -0.00573700
v -0.00693500 0.03500000 -0.00573700
v -0.00693500 0.03500000 -0.00573700
v -0.00693500 0.03500000 -0.00573700
v -0.00693500 0.02650000 -0.00573700
v -0.00693500 0.02650000 -0.00573700
v -0.00693500 0.02650000 -0.00573700
v -0.00578500 0.02650000 -0.00689400
v -0.00578500 0.02650000 -0.00689400
v -0.00578500 0.02650000 -0.00689400
v -0.00578500 0.02650000 -0.00689400
v -0.00578500 0.02650000 -0.00689400
v -0.00458200 0.03500000 -0.00774700
v -0.00458200 0.03500000 -0.00774700
v -0.00458200 0.03500000 -0.00774700
v -0.00458200 0.03500000 -0.00774700
v -0.00458200 0.03500000 -0.00774700
v -0.00168700 0.02650000 -0.00884100
v -0.00168700 0.02650000 -0.00884100
v -0.00168700 0.02650000 -0.00884100
v -0.00168700 0.03500000 -0.00884100
v -0.00168700 0.03500000 -0.00884100
v -0.00168700 0.03500000 -0.00884100
v -0.00168700 0.03500000 -0.00884100
v -0.00307800 0.02650000 -0.00845700
v -0.00307800 0.02650000 -0.00845700
v -0.00307800 0.02650000 -0.00845700
v -0.00307800 0.02650000 -0.00845700
v -0.00307800 0.02650000 -0.00845700
v -0.00458100 0.02650000 -0.00774700
v -0.00458100 0.02650000 -0.00774700
v -0.00458100 0.02650000 -0.00774700
v 0.00888800 0.02803200 0.01732900
v 0.00888800 0.02803200 0.01732900
v 0.00888800 0.02803200 0.01732900
v 0.00888800 0.02803200 0.01732900
v 0.00888800 0.02803200 0.01732900
v 0.00981200 0.02803200 0.01704900
v 0.00981200 0.02803200 0.01704900
v 0.00981200 0.02803200 0.01704900
v 0.00981200 0.02803200 0.01704900
v 0.01066300 0.02803200 0.01659400
v 0.01066300 0.02803200 0.01659400
v 0.01066300 0.02803200 0.01659400
v 0.01066300 0.02803200 0.01659400
v 0.01140900 0.02803200 0.01598200
v 0.01140900 0.02803200 0.01598200
v 0.01140900 0.02803200 0.01598200
v 0.01140900 0.02803200 0.01598200
v 0.01653400 0.02841400 0.01096500
v 0.01653400 0.02841400 0.01096500
v 0.01653400 0.02841400 0.01096500
v 0.01653400 0.02841400 0.01096500
v 0.01653400 0.02841400 0.01096500
v 0.01715600 0.02841400 0.01020700
v 0.01715600 0.02841400 0.01020700
v 0.01715600 0.02841400 0.01020700
v 0.01715600 0.02841400 0.01020700
v 0.01715600 0.02841400 0.01020700
v 0.01761800 0.02841400 0.00934200
v 0.01761800 0.02841400 0.00934200
v 0.01761800 0.02841400 0.00934200
v 0.01761800 0.02841400 0.00934200
v 0.01761800 0.02841400 0.00934200
v 0.01790300 0.02841400 0.00840400
v 0.01790300 0.02841400 0.00840400
v 0.01790300 0.02841400 0.00840400
v 0.01790300 0.02841400 0.00840400
v 0.01790300 0.02841400 0.00840400
v 0.01790300 0.02841400 0.00840400
v 0.01799900 0.02841400 0.00742900
v 0.01799900 0.02841400 0.00742900
v 0.01799900 0.02841400 0.00742900
v 0.01799900 0.02841400 0.00742900
v 0.01648000 0.02803200 0.01091100
v 0.01648000 0.02803200 0.01091100
v 0.01648000 0.02803200 0.01091100
v 0.01648000 0.02803200 0.01091100
v 0.03301700 -0.02603000 -0.00367500
v 0.03319400 -0.02594300 -0.00351800
v 0.03319400 -0.02594300 -0.00351800
v 0.03319400 -0.02670500 -0.00297200
v 0.03319400 -0.02670500 -0.00297200
v 0.03319400 -0.02670500 -0.00297200
v 0.03319400 -0.02670500 -0.00297200
v 0.03319400 -0.02670500 -0.00297200
v 0.03329900 -0.02593400 -0.00350100
v 0.03329900 -0.02593400 -0.00350100
v 0.03329900 -0.02593400 -0.00350100
v 0.03329900 -0.02669300 -0.00295800
v 0.03329900 -0.02669300 -0.00295800
v 0.03308600 -0.02675200 -0.00302300
v 0.03313500 -0.02672600 -0.00299400
v 0.03313500 -0.02672600 -0.00299400
v 0.03318800 -0.02670700 -0.00297300
v 0.03318800 -0.02670700 -0.00297300
v 0.03318800 -0.02670700 -0.00297300
v 0.03301700 -0.02682600 -0.00310400
v 0.03301700 -0.02682600 -0.00310400
v 0.03302000 -0.02682000 -0.00309800
v 0.03302000 -0.02682000 -0.00309800
v 0.03329900 -0.02492700 -0.00389100
v 0.03329900 -0.02492700 -0.00389100
v 0.03329900 -0.02492700 -0.00389100
v 0.03329900 -0.02400000 -0.00400000
v 0.03329900 -0.02400000 -0.00400000
v 0.03329900 -0.02400000 -0.00400000
v 0.03319400 -0.02493100 -0.00390900
v 0.03329900 -0.02263200 0.00375900
v 0.03329900 -0.02400000 0.00400000
v 0.03329900 -0.02400000 0.00400000
v 0.03299900 -0.01978700 0.00086300
v 0.03302100 -0.02037400 0.00209400
v 0.03299900 -0.02059900 0.00263200
v 0.03329900 -0.02263200 -0.00375900
v 0.03329900 -0.02142900 -0.00306400
v 0.03329900 -0.02142900 -0.00306400
v 0.03329900 -0.02142900 -0.00306400
v 0.03318300 -0.02141400 -0.00308200
v 0.03318300 -0.02141400 -0.00308200
v 0.03329900 -0.02087300 -0.00249400
v 0.03329900 -0.02087300 -0.00249400
v 0.03329900 -0.02087300 -0.00249400
v 0.03329900 -0.02087300 -0.00249400
v 0.03329900 -0.02087300 -0.00249400
v 0.03318300 -0.02051600 -0.00201100
v 0.03318300 -0.02051600 -0.00201100
v 0.03318300 -0.02051600 -0.00201100
v 0.03329900 -0.02053600 -0.00200000
v 0.03329900 -0.02053600 -0.00200000
v 0.03329900 -0.02053600 -0.00200000
v 0.03329900 -0.02053600 -0.00200000
v 0.03329900 -0.02006100 -0.00069500
v 0.03329900 -0.02006100 -0.00069500
v 0.03329900 -0.02006100 -0.00069500
v 0.03329900 -0.02006100 -0.00069500
v 0.03318300 -0.02003800 -0.00069900
v 0.03329900 -0.02006100 0.00069500
v 0.03329900 -0.02006100 0.00069500
v 0.03329900 -0.02006100 0.00069500
v 0.03318300 -0.02003800 0.00069900
v 0.03329900 -0.02053600 0.00200000
v 0.03329900 -0.02053600 0.00200000
v 0.03329900 -0.02053600 0.00200000
v 0.03318300 -0.02051600 0.00201200
v 0.03318300 -0.02051600 0.00201200
v 0.03329900 -0.02087300 0.00249400
v 0.03329900 -0.02087300 0.00249400
v 0.03329900 -0.02087300 0.00249400
v 0.03329900 -0.02087300 0.00249400
v 0.03318300 -0.02141400 0.00308200
v 0.03329900 -0.02142900 0.00306400
v 0.03329900 -0.02544400 0.00373000
v 0.03329900 -0.02544400 0.00373000
v 0.03329900 -0.02669300 0.00295800
v 0.03329900 -0.02669300 0.00295800
v 0.03318300 -0.02670800 0.00297500
v 0.03318300 -0.02670800 0.00297500
v 0.03318300 -0.02670800 0.00297500
v 0.03308600 -0.02675200 0.00302400
v 0.03302100 -0.02681900 0.00309600
v 0.03300400 -0.02685800 0.00313900
v 0.03299900 -0.02689500 0.00318000
v 0.03449900 -0.01945000 0.01978500
v 0.03305200 -0.01868300 0.02036200
v 0.03449900 -0.01839000 0.02048500
v 0.03449900 -0.01839000 0.02048500
v 0.03301600 -0.01824700 0.02053100
v 0.03301600 -0.01824700 0.02053100
v 0.03449900 -0.01753100 0.02063100
v 0.03449900 -0.01753100 0.02063100
v 0.03449900 -0.01753100 0.02063100
v 0.03299900 -0.01781900 0.02061500
v 0.03299900 -0.01753100 0.02063100
v 0.03299900 -0.01753100 0.02063100
v 0.03449900 -0.02005200 0.01866700
v 0.03449900 -0.02005200 0.01866700
v 0.03449900 -0.02005200 0.01866700
v 0.03305000 -0.01987500 0.01915600
v 0.03305000 -0.01987500 0.01915600
v 0.03309200 -0.01937300 0.01986600
v 0.03449900 -0.02005200 0.01739600
v 0.03449900 -0.02005200 0.01739600
v 0.03449900 -0.02005200 0.01739600
v 0.03299900 -0.02011500 0.01831900
v 0.03299900 -0.02011500 0.01831900
v 0.03299900 -0.02011500 0.01831900
v 0.03301000 -0.02005200 0.01866700
v 0.03301000 -0.02005200 0.01866700
v 0.03449900 -0.01753100 0.01543100
v 0.03449900 -0.01753100 0.01543100
v 0.03299900 -0.01753100 0.01543100
v 0.03299900 -0.01753100 0.01543100
v 0.03449900 -0.01839000 0.01557700
v 0.03449900 -0.01839000 0.01557700
v 0.03299900 -0.01839000 0.01557700
v 0.03299900 -0.01839000 0.01557700
v 0.03449900 -0.01945000 0.01627700
v 0.03449900 -0.01945000 0.01627700
v 0.03299900 -0.01945000 0.01627700
v 0.03299900 -0.01945000 0.01627700
v 0.03299900 -0.02005200 0.01739600
v 0.03299900 -0.02005200 0.01739600
v 0.03299900 -0.01640300 0.01568900
v 0.03299900 -0.01640300 0.01568900
v 0.03449900 -0.01640300 0.01568900
v 0.03449900 -0.01640300 0.01568900
v 0.03299900 -0.01549800 0.01641000
v 0.03299900 -0.01549800 0.01641000
v 0.03449900 -0.01549800 0.01641000
v 0.03449900 -0.01549800 0.01641000
v 0.03299900 -0.01499600 0.01745300
v 0.03299900 -0.01499600 0.01745300
v 0.03449900 -0.01499600 0.01745300
v 0.03449900 -0.01499600 0.01745300
v 0.03299900 -0.01499600 0.01861000
v 0.03299900 -0.01499600 0.01861000
v 0.03449900 -0.01499600 0.01861000
v 0.03449900 -0.01499600 0.01861000
v 0.03299900 -0.01549800 0.01965200
v 0.03299900 -0.01549800 0.01965200
v 0.03449900 -0.01549800 0.01965200
v 0.03449900 -0.01549800 0.01965200
v 0.03299900 -0.01640300 0.02037400
v 0.03299900 -0.01640300 0.02037400
v 0.03449900 -0.01640300 0.02037400
v 0.03449900 -0.01640300 0.02037400
v 0.03299900 0.01853100 0.02063100
v 0.03299900 0.01853100 0.02063100
v 0.03449900 0.01853100 0.02063100
v 0.03449900 0.01853100 0.02063100
v 0.03299900 0.01723100 0.02028300
v 0.03299900 0.01723100 0.02028300
v 0.03449900 0.01723100 0.02028300
v 0.03449900 0.01723100 0.02028300
v 0.03299900 0.01628000 0.01933100
v 0.03299900 0.01628000 0.01933100
v 0.03449900 0.01628000 0.01933100
v 0.03449900 0.01628000 0.01933100
v 0.03299900 0.01593100 0.01803100
v 0.03299900 0.01593100 0.01803100
v 0.03449900 0.01593100 0.01803100
v 0.03449900 0.01593100 0.01803100
v 0.03299900 0.01628000 0.01673100
v 0.03299900 0.01628000 0.01673100
v 0.03449900 0.01628000 0.01673100
v 0.03449900 0.01628000 0.01673100
v 0.03299900 0.01723100 0.01578000
v 0.03299900 0.01723100 0.01578000
v 0.03449900 0.01723100 0.01578000
v 0.03449900 0.01723100 0.01578000
v 0.03299900 0.01853100 0.01543100
v 0.03299900 0.01853100 0.01543100
v 0.03449900 0.01853100 0.01543100
v 0.03449900 0.01853100 0.01543100
v 0.03299900 0.01853100 -0.01543100
v 0.03299900 0.01853100 -0.01543100
v 0.03449900 0.01853100 -0.01543100
v 0.03449900 0.01853100 -0.01543100
v 0.03299900 0.01740300 -0.01568900
v 0.03299900 0.01740300 -0.01568900
v 0.03449900 0.01740300 -0.01568900
v 0.03449900 0.01740300 -0.01568900
v 0.03299900 0.01649900 -0.01641000
v 0.03299900 0.01649900 -0.01641000
v 0.03449900 0.01649900 -0.01641000
v 0.03449900 0.01649900 -0.01641000
v 0.03299900 0.01599700 -0.01745300
v 0.03299900 0.01599700 -0.01745300
v 0.03449900 0.01599700 -0.01745300
v 0.03449900 0.01599700 -0.01745300
v 0.03299900 0.01599700 -0.01861000
v 0.03299900 0.01599700 -0.01861000
v 0.03449900 0.01599700 -0.01861000
v 0.03449900 0.01599700 -0.01861000
v 0.03299900 0.01649900 -0.01965200
v 0.03299900 0.01649900 -0.01965200
v 0.03449900 0.01649900 -0.01965200
v 0.03449900 0.01649900 -0.01965200
v 0.03299900 0.01740300 -0.02037400
v 0.03299900 0.01740300 -0.02037400
v 0.03449900 0.01740300 -0.02037400
v 0.03449900 0.01740300 -0.02037400
v 0.03299900 0.01853100 -0.02063100
v 0.03299900 0.01853100 -0.02063100
v 0.03449900 0.01853100 -0.02063100
v 0.03449900 0.01853100 -0.02063100
v 0.03449900 0.01853100 -0.02063100
v 0.03299900 -0.01753100 -0.01543100
v 0.03299900 -0.01753100 -0.01543100
v 0.03449900 -0.01753100 -0.01543100
v 0.03449900 -0.01753100 -0.01543100
v 0.03299900 -0.01839000 -0.01557700
v 0.03449900 -0.01839000 -0.01557700
v 0.03299900 -0.01640300 -0.02037400
v 0.03449900 -0.01640300 -0.02037400
v 0.03299900 -0.01549800 -0.01965200
v 0.03299900 -0.01549800 -0.01965200
v 0.03449900 -0.01549800 -0.01965200
v 0.03449900 -0.01549800 -0.01965200
v 0.03299900 -0.01499600 -0.01861000
v 0.03299900 -0.01499600 -0.01861000
v 0.03449900 -0.01499600 -0.01861000
v 0.03449900 -0.01499600 -0.01861000
v 0.03299900 -0.01499600 -0.01745300
v 0.03299900 -0.01499600 -0.01745300
v 0.03449900 -0.01499600 -0.01745300
v 0.03449900 -0.01499600 -0.01745300
v 0.03299900 -0.01549800 -0.01641000
v 0.03299900 -0.01549800 -0.01641000
v 0.03449900 -0.01549800 -0.01641000
v 0.03449900 -0.01549800 -0.01641000
v 0.03299900 -0.01640300 -0.01568900
v 0.03299900 -0.01640300 -0.01568900
v 0.03449900 -0.01640300 -0.01568900
v 0.03449900 -0.01640300 -0.01568900
v 0.03311200 -0.02753300 0.00261800
v 0.03302800 -0.02721100 0.00284900
v 0.03327300 -0.02725100 0.00238100
v 0.03327300 -0.02725100 0.00238100
v 0.03321100 -0.02729300 0.00239400
v 0.03303700 -0.02716300 0.00280800
v 0.03311100 -0.02752400 0.00253600
v 0.03312700 -0.02757200 0.00257600
v 0.03309700 -0.02706700 0.00273200
v 0.03309700 -0.02706700 0.00273200
v 0.03316000 -0.02734600 0.00241900
v 0.03316000 -0.02734600 0.00241900
v 0.03306000 -0.02711300 0.00276700
v 0.03306000 -0.02711300 0.00276700
v 0.03306000 -0.02711300 0.00276700
v 0.03332400 -0.02695400 0.00269600
v 0.03332400 -0.02695400 0.00269600
v 0.03332400 -0.02695400 0.00269600
v 0.03332400 -0.02695400 0.00269600
v 0.03340100 -0.02721000 0.00238600
v 0.03365000 -0.02759500 0.00175400
v 0.03365000 -0.02759500 0.00175400
v 0.03358300 -0.02761400 0.00173500
v 0.03358300 -0.02761400 0.00173500
v 0.03358300 -0.02761400 0.00173500
v 0.03358300 -0.02761400 0.00173500
v 0.03358300 -0.02761400 0.00173500
v 0.03351100 -0.02765400 0.00172400
v 0.03376900 -0.02772300 0.00146200
v 0.03376900 -0.02772300 0.00146200
v 0.03376900 -0.02772300 0.00146200
v 0.03376900 -0.02772300 0.00146200
v 0.03390200 -0.02786900 0.00101400
v 0.03390200 -0.02786900 0.00101400
v 0.03390200 -0.02786900 0.00101400
v 0.03390200 -0.02786900 0.00101400
v 0.03385300 -0.02790500 0.00090200
v 0.03385300 -0.02790500 0.00090200
v 0.03385300 -0.02790500 0.00090200
v 0.03385300 -0.02790500 0.00090200
v 0.03385300 -0.02790500 0.00090200
v 0.03375700 -0.02771000 0.00149500
v 0.03375700 -0.02771000 0.00149500
v 0.03375700 -0.02771000 0.00149500
v 0.03394900 -0.02800900 -0.00000200
v 0.03394900 -0.02800900 -0.00000200
v 0.03401800 -0.02799900 0.00008200
v 0.03401800 -0.02799900 0.00008200
v 0.03401800 -0.02799900 0.00008200
v 0.03377600 -0.02794000 -0.00089600
v 0.03385300 -0.02790500 -0.00090300
v 0.03385300 -0.02790500 -0.00090300
v 0.03393600 -0.02790700 -0.00085600
v 0.03393600 -0.02790700 -0.00085600
v 0.03393600 -0.02790700 -0.00085600
v 0.03340000 -0.02802800 -0.00186000
v 0.03340000 -0.02802800 -0.00186000
v 0.03337500 -0.02796200 -0.00181700
v 0.03358300 -0.02761400 -0.00173500
v 0.03358300 -0.02761400 -0.00173500
v 0.03365000 -0.02759500 -0.00175400
v 0.03365000 -0.02759500 -0.00175400
v 0.01792200 0.02803200 0.00742900
v 0.01792200 0.02803200 0.00742900
v 0.01792200 0.02803200 0.00742900
v 0.01792200 0.02803200 0.00742900
v 0.01792200 0.02803200 0.00742900
v 0.01792300 0.02803200 -0.00742900
v 0.01792300 0.02803200 -0.00742900
v 0.01792300 0.02803200 -0.00742900
v 0.01792300 0.02803200 -0.00742900
v 0.01792300 0.02803200 -0.00742900
v 0.01709300 0.02803200 0.01016500
v 0.01709300 0.02803200 0.01016500
v 0.01709300 0.02803200 0.01016500
v 0.01709300 0.02803200 0.01016500
v 0.01754800 0.02803200 0.00931300
v 0.01754800 0.02803200 0.00931300
v 0.01754800 0.02803200 0.00931300
v 0.01754800 0.02803200 0.00931300
v 0.01754800 0.02803200 0.00931300
v 0.01782800 0.02803200 0.00839000
v 0.01782800 0.02803200 0.00839000
v 0.01782800 0.02803200 0.00839000
v 0.01782800 0.02803200 0.00839000
v 0.03324000 -0.02779700 -0.00220300
v 0.03324000 -0.02779700 -0.00220300
v 0.03322700 -0.02773400 -0.00216100
v 0.03322700 -0.02773400 -0.00216100
v 0.03302900 -0.02721000 -0.00285000
v 0.03306000 -0.02711200 -0.00276800
v 0.03309800 -0.02706600 -0.00273200
v 0.03309800 -0.02706600 -0.00273200
v 0.03321100 -0.02729200 -0.00239400
v 0.03321100 -0.02729200 -0.00239400
v 0.03321100 -0.02729200 -0.00239400
v 0.03327300 -0.02725100 -0.00238100
v 0.03327300 -0.02725100 -0.00238100
v 0.03327300 -0.02725100 -0.00238100
v 0.03332400 -0.02695400 -0.00269600
v 0.03332400 -0.02695400 -0.00269600
v 0.03332400 -0.02695400 -0.00269600
v 0.03332400 -0.02695400 -0.00269600
v 0.03340200 -0.02720900 -0.00238600
v 0.03340200 -0.02720900 -0.00238600
v 0.03340200 -0.02720900 -0.00238600
v 0.03316000 -0.02734500 -0.00241900
v 0.03312500 -0.02740500 -0.00245300
v 0.03311000 -0.02746700 -0.00249400
v 0.03449900 -0.02087300 0.00249400
v 0.03449900 -0.02087300 0.00249400
v 0.03449900 -0.02400000 0.00400000
v 0.03449900 -0.02400000 0.00400000
v 0.03449900 -0.02400000 0.00400000
v 0.03449900 -0.02010000 0.00089000
v 0.03449900 -0.02010000 0.00089000
v 0.03449900 -0.02695200 -0.00269900
v 0.03449900 -0.02695200 -0.00269900
v 0.03449900 -0.02787900 -0.00097700
v 0.03449900 -0.02787900 -0.00097700
v 0.03449900 -0.02532100 -0.00377500
v 0.03449900 -0.02787900 0.00097700
v 0.03449900 -0.02787900 0.00097700
v 0.03449900 -0.02787900 0.00097700
v 0.03449900 -0.02226400 -0.00360400
v 0.03449900 -0.02226400 -0.00360400
v 0.03449900 -0.02400000 -0.00400000
v 0.03449900 -0.02400000 -0.00400000
v 0.03449900 -0.02532100 0.00377600
v 0.03449900 -0.02695200 0.00269900
v 0.03449900 -0.02695200 0.00269900
v 0.03449900 -0.02695200 0.00269900
v 0.03449900 -0.02695200 0.00269900
v 0.03449900 -0.02010000 -0.00089000
v 0.03449900 -0.02010000 -0.00089000
v 0.03449900 -0.02087300 -0.00249400
v 0.03449900 -0.02087300 -0.00249400
v 0.01709300 0.02803200 -0.01016400
v 0.01709300 0.02803200 -0.01016400
v 0.01709300 0.02803200 -0.01016400
v 0.01709300 0.02803200 -0.01016400
v 0.01709300 0.02803200 -0.01016400
v 0.01709300 0.02803200 -0.01016400
v 0.01754800 0.02803200 -0.00931300
v 0.01754800 0.02803200 -0.00931300
v 0.01754800 0.02803200 -0.00931300
v 0.01754800 0.02803200 -0.00931300
v 0.01754800 0.02803200 -0.00931300
v 0.01782800 0.02803200 -0.00838900
v 0.01782800 0.02803200 -0.00838900
v 0.01782800 0.02803200 -0.00838900
v 0.01782800 0.02803200 -0.00838900
v 0.01782800 0.02803200 -0.00838900
v 0.01648000 0.02803200 -0.01091100
v 0.01648000 0.02803200 -0.01091100
v 0.01648000 0.02803200 -0.01091100
v 0.01648000 0.02803200 -0.01091100
v 0.03449900 0.01939000 0.01557700
v 0.03449900 0.01939000 0.01557700
v 0.03449900 0.01939000 0.02048500
v 0.03449900 0.01939000 0.02048500
v 0.03449900 0.02105300 0.01739600
v 0.03449900 0.02105300 0.01739600
v 0.03449900 0.02105300 0.01739600
v 0.03449900 0.02045000 0.01627700
v 0.03449900 0.02045000 0.01627700
v 0.03449900 0.02105300 0.01866700
v 0.03449900 0.02105300 0.01866700
v 0.03449900 0.02105300 0.01866700
v 0.03449900 0.02105300 0.01866700
v 0.03449900 0.02045000 0.01978500
v 0.03449900 0.02045000 0.01978500
v 0.03449900 0.01939000 -0.01557700
v 0.03449900 0.01939000 -0.01557700
v 0.03449900 0.02105300 -0.01739600
v 0.03449900 0.02105300 -0.01739600
v 0.03449900 0.02105300 -0.01739600
v 0.03449900 0.02105300 -0.01866600
v 0.03449900 0.02105300 -0.01866600
v 0.03449900 0.02105300 -0.01866600
v 0.03449900 0.02045000 -0.01627700
v 0.03449900 0.02045000 -0.01627700
v 0.03449900 0.01939000 -0.02048500
v 0.03299900 0.01939000 0.01557700
v 0.03299900 0.01939000 0.01557700
v 0.03299900 0.02045000 0.01627700
v 0.03299900 0.02045000 0.01627700
v 0.03299900 0.02105300 0.01739600
v 0.03299900 0.02105300 0.01739600
v 0.03299900 0.02105300 0.01739600
v 0.03299900 0.01939000 -0.01557700
v 0.03299900 0.01939000 -0.01557700
v 0.03299900 0.02045000 -0.01627700
v 0.03299900 0.02105300 -0.01739600
v -0.00000000 0.02600000 0.00900000
v -0.00000000 0.02600000 0.00900000
v -0.00000000 0.02600000 0.00900000
v -0.00000000 0.02600000 0.00900000
v -0.00307800 0.02600000 0.00845700
v -0.00307800 0.02600000 0.00845700
v -0.00307800 0.02600000 0.00845700
v -0.00307800 0.02600000 0.00845700
v -0.00307800 0.02600000 0.00845700
v -0.00578500 0.02600000 0.00689400
v -0.00578500 0.02600000 0.00689400
v -0.00578500 0.02600000 0.00689400
v -0.00578500 0.02600000 0.00689400
v -0.00578500 0.02600000 0.00689400
v -0.00578500 0.02600000 0.00689400
v -0.00779400 0.02600000 0.00450000
v -0.00779400 0.02600000 0.00450000
v -0.00779400 0.02600000 0.00450000
v -0.00779400 0.02600000 0.00450000
v -0.00779400 0.02600000 0.00450000
v -0.00779400 0.02600000 0.00450000
v -0.00886300 0.02600000 0.00156300
v -0.00886300 0.02600000 0.00156300
v -0.00886300 0.02600000 0.00156300
v -0.00886300 0.02600000 0.00156300
v -0.00886300 0.02600000 0.00156300
v -0.00886300 0.02600000 -0.00156300
v -0.00886300 0.02600000 -0.00156300
v -0.00886300 0.02600000 -0.00156300
v -0.00886300 0.02600000 -0.00156300
v -0.00886300 0.02600000 -0.00156300
v -0.00886300 0.02600000 -0.00156300
v -0.00779400 0.02600000 -0.00450000
v -0.00779400 0.02600000 -0.00450000
v -0.00779400 0.02600000 -0.00450000
v -0.00779400 0.02600000 -0.00450000
v -0.00779400 0.02600000 -0.00450000
v -0.00578500 0.02600000 -0.00689400
v -0.00578500 0.02600000 -0.00689400
v -0.00578500 0.02600000 -0.00689400
v -0.00578500 0.02600000 -0.00689400
v -0.00578500 0.02600000 -0.00689400
v -0.00307800 0.02600000 -0.00845700
v -0.00307800 0.02600000 -0.00845700
v -0.00307800 0.02600000 -0.00845700
v -0.00307800 0.02600000 -0.00845700
v -0.00307800 0.02600000 -0.00845700
v -0.00307800 0.02600000 -0.00845700
v -0.00000000 0.02600000 -0.00900000
v -0.00000000 0.02600000 -0.00900000
v -0.00000000 0.02600000 -0.00900000
v 0.00168600 0.02600000 -0.00884100
v 0.00168600 0.02600000 -0.00884100
v 0.00168600 0.02600000 -0.00884100
v 0.00458100 0.02600000 -0.00774700
v 0.00458100 0.02600000 -0.00774700
v 0.00458100 0.02600000 -0.00774700
v 0.00693500 0.02600000 -0.00573700
v 0.00693500 0.02600000 -0.00573700
v 0.00693500 0.02600000 -0.00573700
v 0.00846800 0.02600000 -0.00304900
v 0.00846800 0.02600000 -0.00304900
v 0.00846800 0.02600000 -0.00304900
v 0.00900000 0.02600000 0.00000000
v 0.00900000 0.02600000 0.00000000
v 0.00900000 0.02600000 0.00000000
v 0.00846800 0.02600000 0.00304900
v 0.00846800 0.02600000 0.00304900
v 0.00846800 0.02600000 0.00304900
v 0.00693400 0.02600000 0.00573700
v 0.00693400 0.02600000 0.00573700
v 0.00693400 0.02600000 0.00573700
v 0.00458100 0.02600000 0.00774700
v 0.00458100 0.02600000 0.00774700
v 0.00458100 0.02600000 0.00774700
v 0.00168600 0.02600000 0.00884100
v 0.00168600 0.02600000 0.00884100
v 0.00168600 0.02600000 0.00884100
v -0.00846000 0.02600000 -0.01548700
v -0.00846000 0.02600000 -0.01548700
v -0.00846000 0.02600000 -0.01548700
v -0.00846000 0.02600000 -0.01548700
v -0.00846000 0.02600000 -0.01548700
v -0.00846000 0.02600000 -0.01548700
v -0.00805600 0.02600000 -0.01550000
v -0.00805600 0.02600000 -0.01550000
v -0.00805600 0.02600000 -0.01550000
v -0.00805600 0.02600000 -0.01550000
v 0.04330000 0.00014600 -0.02907600
v 0.04330000 0.00014600 -0.02907600
v 0.04324900 0.00050000 -0.02907800
v 0.04324900 0.00050000 -0.02907800
v 0.04324900 0.00050000 -0.02907800
v 0.04338900 0.00107700 -0.02907200
v 0.04338900 0.00107700 -0.02907200
v 0.04378400 0.00152700 -0.02906000
v 0.04378400 0.00152700 -0.02906000
v 0.04378400 0.00152700 -0.02906000
v 0.04419300 0.00171300 -0.02905300
v 0.04419300 0.00171300 -0.02905300
v 0.04419300 0.00171300 -0.02905300
v 0.04488200 0.00169000 -0.02905400
v 0.04488200 0.00169000 -0.02905400
v 0.04539100 0.00137500 -0.02906500
v 0.04539100 0.00137500 -0.02906500
v 0.04539100 0.00137500 -0.02906500
v 0.04428000 0.00173100 -0.02905200
v 0.04428000 0.00173100 -0.02905200
v 0.04428000 0.00173100 -0.02905200
v 0.04428000 0.00173100 -0.02905200
v 0.04480400 0.00171200 -0.02905300
v 0.04480400 0.00171200 -0.02905300
v 0.04480400 0.00171200 -0.02905300
v 0.04480400 0.00171200 -0.02905300
v 0.04574900 0.00050000 -0.02907800
v 0.04574900 0.00050000 -0.02907800
v 0.04574900 0.00050000 -0.02907800
v 0.04560800 -0.00007600 -0.02907200
v 0.04560800 -0.00007600 -0.02907200
v 0.04560800 -0.00007600 -0.02907200
v 0.04560800 -0.00007600 -0.02907200
v 0.04534200 -0.00042300 -0.02906400
v 0.04534200 -0.00042300 -0.02906400
v 0.04534200 -0.00042300 -0.02906400
v 0.04534200 -0.00042300 -0.02906400
v 0.04569800 0.00085400 -0.02907600
v 0.04569800 0.00085400 -0.02907600
v 0.04569800 0.00085400 -0.02907600
v 0.04569800 0.00085400 -0.02907600
v 0.04521300 -0.00052600 -0.02906000
v 0.04521300 -0.00052600 -0.02906000
v 0.04521300 -0.00052600 -0.02906000
v 0.04480400 -0.00071200 -0.02905300
v 0.04480400 -0.00071200 -0.02905300
v 0.04480400 -0.00071200 -0.02905300
v 0.04411500 -0.00069000 -0.02905400
v 0.04411500 -0.00069000 -0.02905400
v 0.04411500 -0.00069000 -0.02905400
v 0.04360600 -0.00037500 -0.02906500
v 0.04360600 -0.00037500 -0.02906500
v 0.04360600 -0.00037500 -0.02906500
v 0.04567900 0.00091300 -0.02907500
v 0.04567900 0.00091300 -0.02907500
v 0.04471800 -0.00073100 -0.02905200
v 0.04471800 -0.00073100 -0.02905200
v 0.04471800 -0.00073100 -0.02905200
v 0.04419300 -0.00071200 -0.02905300
v 0.04419300 -0.00071200 -0.02905300
v 0.04419300 -0.00071200 -0.02905300
v 0.04419300 -0.00071200 -0.02905300
v 0.08196700 0.02525600 0.01771600
v 0.08196700 0.02525600 0.01771600
v 0.08196700 0.02525600 0.01771600
v 0.08196700 0.02525600 0.01771600
v 0.08196700 0.02525600 0.01771600
v 0.08196700 0.02525600 0.01771600
v 0.08196700 0.02525600 0.01771600
v 0.08149900 0.01423000 0.02282500
v 0.08149900 0.01423000 0.02282500
v 0.08149900 0.01423000 0.02282500
v 0.08149900 0.01423000 0.02282500
v 0.08149900 0.01423000 0.02282500
v 0.08149900 0.01340200 0.01999900
v 0.08149900 0.01340200 0.01999900
v 0.08149900 0.01340200 0.01999900
v 0.08149900 0.01340200 0.01999900
v 0.08149900 0.01340200 0.01999900
v 0.08149900 0.01417400 0.02042100
v 0.08149900 0.01417400 0.02042100
v 0.08149900 0.01417400 0.02042100
v 0.08149900 0.01417400 0.02042100
v 0.08149900 0.01463200 0.02117300
v 0.08149900 0.01463200 0.02117300
v 0.08149900 0.01463200 0.02117300
v 0.08149900 0.01463200 0.02117300
v 0.08149900 0.01463200 0.02117300
v 0.08149900 0.01463200 0.02117300
v 0.08149900 0.01465200 0.02205300
v 0.08149900 0.01465200 0.02205300
v 0.08149900 0.01465200 0.02205300
v 0.08149900 0.01465200 0.02205300
v 0.08149900 0.01465200 0.02205300
v 0.08149900 0.02673000 0.00117400
v 0.08149900 0.02673000 0.00117400
v 0.08149900 0.02673000 0.00117400
v 0.08149900 0.02673000 0.00117400
v 0.08149900 0.02673000 0.00117400
v 0.08149900 0.02713200 -0.00047800
v 0.08149900 0.02713200 -0.00047800
v 0.08149900 0.02713200 -0.00047800
v 0.08149900 0.02713200 -0.00047800
v 0.08149900 0.02713200 -0.00047800
v 0.08149900 0.02713200 -0.00047800
v 0.08149900 0.02715200 0.00040200
v 0.08149900 0.02715200 0.00040200
v 0.08149900 0.02715200 0.00040200
v 0.08149900 0.02715200 0.00040200
v 0.08149900 0.02715200 0.00040200
v 0.08149900 0.02715200 0.00040200
v 0.08149900 0.02667400 -0.00122900
v 0.08149900 0.02667400 -0.00122900
v 0.08149900 0.02667400 -0.00122900
v 0.08149900 0.02667400 -0.00122900
v 0.08149900 0.02667400 -0.00122900
v 0.08149900 0.02590200 -0.00165200
v 0.08149900 0.02590200 -0.00165200
v 0.08149900 0.02590200 -0.00165200
v 0.08149900 0.02590200 -0.00165200
v 0.08149900 0.02590200 -0.00165200
v 0.08149900 0.01423000 -0.02047600
v 0.08149900 0.01423000 -0.02047600
v 0.08149900 0.01423000 -0.02047600
v 0.08149900 0.01423000 -0.02047600
v 0.08149900 0.01423000 -0.02047600
v 0.08149900 0.01201100 -0.02303300
v 0.08149900 0.01201100 -0.02303300
v 0.08149900 0.01201100 -0.02303300
v 0.08149900 0.01252300 -0.02328200
v 0.08149900 0.01252300 -0.02328200
v 0.08149900 0.01252300 -0.02328200
v 0.08149900 0.01252300 -0.02328200
v 0.08149900 0.01153500 -0.02078900
v 0.08149900 0.01153500 -0.02078900
v 0.08149900 0.01153500 -0.02078900
v 0.08149900 0.01130200 -0.02158600
v 0.08149900 0.01130200 -0.02158600
v 0.08149900 0.01130200 -0.02158600
v 0.08149900 0.01211800 -0.02019700
v 0.08149900 0.01211800 -0.02019700
v 0.08149900 0.01211800 -0.02019700
v 0.08149900 0.01211800 -0.02019700
v 0.08149900 0.01147400 -0.02239900
v 0.08149900 0.01147400 -0.02239900
v 0.08149900 0.01147400 -0.02239900
v 0.08149900 0.01291200 -0.01995300
v 0.08149900 0.01291200 -0.01995300
v 0.08149900 0.01291200 -0.01995300
v 0.08149900 0.01347800 -0.02001900
v 0.08149900 0.01347800 -0.02001900
v 0.08149900 0.01347800 -0.02001900
v 0.08149900 0.01347800 -0.02001900
v 0.08149900 0.01463200 -0.02212800
v 0.08149900 0.01463200 -0.02212800
v 0.08149900 0.01463200 -0.02212800
v 0.08149900 0.01463200 -0.02212800
v 0.08149900 0.01463200 -0.02212800
v 0.08149900 0.01463200 -0.02212800
v 0.08149900 0.01465200 -0.02124800
v 0.08149900 0.01465200 -0.02124800
v 0.08149900 0.01465200 -0.02124800
v 0.08149900 0.01465200 -0.02124800
v 0.08149900 0.01465200 -0.02124800
v 0.08149900 0.01465200 -0.02124800
v 0.08149900 0.01417400 -0.02288000
v 0.08149900 0.01417400 -0.02288000
v 0.08149900 0.01417400 -0.02288000
v 0.08149900 0.01417400 -0.02288000
v 0.08149900 0.01417400 -0.02288000
v 0.08149900 0.01340200 -0.02330200
v 0.08149900 0.01340200 -0.02330200
v 0.08149900 0.01340200 -0.02330200
v 0.08149900 0.01340200 -0.02330200
v 0.08149900 0.01340200 -0.02330200
v 0.08149900 -0.01077000 0.02282500
v 0.08149900 -0.01077000 0.02282500
v 0.08149900 -0.01077000 0.02282500
v 0.08149900 -0.01077000 0.02282500
v 0.08149900 -0.01077000 0.02282500
v 0.08149900 -0.01036800 0.02117300
v 0.08149900 -0.01036800 0.02117300
v 0.08149900 -0.01036800 0.02117300
v 0.08149900 -0.01036800 0.02117300
v 0.08149900 -0.01036800 0.02117300
v 0.08149900 -0.01036800 0.02117300
v 0.08149900 -0.01034800 0.02205300
v 0.08149900 -0.01034800 0.02205300
v 0.08149900 -0.01034800 0.02205300
v 0.08149900 -0.01034800 0.02205300
v 0.08149900 -0.01034800 0.02205300
v 0.08149900 -0.01034800 0.02205300
v 0.08149900 -0.01082600 0.02042100
v 0.08149900 -0.01082600 0.02042100
v 0.08149900 -0.01082600 0.02042100
v 0.08149900 -0.01082600 0.02042100
v 0.08149900 -0.01082600 0.02042100
v 0.08149900 -0.01159800 0.01999900
v 0.08149900 -0.01159800 0.01999900
v 0.08149900 -0.01159800 0.01999900
v 0.08149900 -0.01159800 0.01999900
v 0.08149900 -0.01159800 0.01999900
v -0.00806900 0.03250000 0.01749900
v -0.00806900 0.03250000 0.01749900
v -0.00806900 0.03250000 0.01749900
v -0.00806900 0.03250000 0.01749900
v -0.00806900 0.03250000 0.01749900
v -0.00806900 0.03250000 0.01749900
v -0.00806900 0.03250000 0.01749900
v -0.01163900 0.03250000 0.01600000
v -0.01163900 0.03250000 0.01600000
v -0.01163900 0.03250000 0.01600000
v -0.01163900 0.03250000 0.01600000
v -0.01163900 0.03250000 0.01600000
v -0.01657200 0.03250000 0.01096900
v -0.01657200 0.03250000 0.01096900
v -0.01657200 0.03250000 0.01096900
v -0.01657200 0.03250000 0.01096900
v -0.01657200 0.03250000 0.01096900
v -0.01657200 0.03250000 0.01096900
v -0.01800100 0.03250000 0.00746800
v -0.01800100 0.03250000 0.00746800
v -0.01800100 0.03250000 0.00746800
v -0.01800100 0.03250000 0.00746800
v -0.01163900 0.03250000 -0.01600000
v -0.01163900 0.03250000 -0.01600000
v -0.01163900 0.03250000 -0.01600000
v -0.01163900 0.03250000 -0.01600000
v -0.01163900 0.03250000 -0.01600000
v -0.01163900 0.03250000 -0.01600000
v -0.00806900 0.03250000 -0.01750000
v -0.00806900 0.03250000 -0.01750000
v 0.07327100 0.02766000 -0.01320500
v 0.07327100 0.02766000 -0.01320500
v 0.07303000 0.02796900 -0.01255000
v 0.07303000 0.02796900 -0.01255000
v 0.07334800 0.02751500 -0.01349800
v 0.07334800 0.02751500 -0.01349800
v 0.07334800 0.02751500 -0.01349800
v 0.07334800 0.02751500 -0.01349800
v 0.07040500 0.03059400 -0.00253100
v 0.07029900 0.03070000 0.00000000
v 0.07204700 0.02895200 -0.01012800
v 0.07128200 0.02971700 -0.00764500
v 0.07123400 0.02976500 -0.00745800
v 0.07073200 0.03026700 -0.00509600
v 0.07040400 0.03059500 0.00251200
v 0.07071600 0.03028300 0.00500000
v 0.07123100 0.02976800 0.00744600
v 0.07303000 0.02796900 0.01255100
v 0.07303000 0.02796900 0.01255100
v 0.07284500 0.02815400 0.01213700
v 0.07194700 0.02905200 0.00984300
v 0.07337900 0.02744300 0.01364200
v 0.07337900 0.02744300 0.01364200
v 0.07337900 0.02744300 0.01364200
v 0.07327000 0.02766100 0.01320400
v 0.07327000 0.02766100 0.01320400
v 0.07327000 0.02766100 0.01320400
v 0.08449900 0.02784400 0.00210500
v 0.08449900 0.02784400 0.00210500
v 0.08449900 0.02784400 0.00210500
v 0.08449900 0.02784400 0.00210500
v 0.08449900 0.02784400 0.00210500
v 0.08449900 0.02784400 0.00210500
v 0.08446500 0.02836400 0.00131400
v 0.08446500 0.02836400 0.00131400
v 0.08446500 0.02836400 0.00131400
v 0.08446500 0.02836400 0.00131400
v 0.08446500 0.02836400 0.00131400
v 0.08443000 0.02857900 0.00066800
v 0.08443000 0.02857900 0.00066800
v 0.08443000 0.02857900 0.00066800
v 0.08443000 0.02857900 0.00066800
v 0.08443000 0.02857900 0.00066800
v 0.08442100 0.02862700 0.00038500
v 0.08442100 0.02862700 0.00038500
v 0.08442100 0.02862700 0.00038500
v 0.08442100 0.02862700 0.00038500
v 0.08442100 0.02862700 0.00038500
v 0.08442100 0.02862700 0.00038500
v 0.08449900 0.02784400 -0.00210500
v 0.08449900 0.02784400 -0.00210500
v 0.08449900 0.02784400 -0.00210500
v 0.08449900 0.02784400 -0.00210500
v 0.08447500 0.02828100 -0.00148200
v 0.08447500 0.02828100 -0.00148200
v 0.08447500 0.02828100 -0.00148200
v 0.08447500 0.02828100 -0.00148200
v 0.08447500 0.02828100 -0.00148200
v 0.08447500 0.02828100 -0.00148200
v 0.08442700 0.02859800 -0.00057700
v 0.08442700 0.02859800 -0.00057700
v 0.08442700 0.02859800 -0.00057700
v 0.08442700 0.02859800 -0.00057700
v 0.08442700 0.02859800 -0.00057700
v 0.08149900 -0.00937600 -0.01623100
v 0.08149900 -0.00937600 -0.01623100
v 0.08149900 -0.00937600 -0.01623100
v 0.08149900 -0.00483900 -0.01823400
v 0.08149900 -0.00483900 -0.01823400
v 0.08149900 -0.00483900 -0.01823400
v 0.08149900 0.00584000 0.01823500
v 0.08149900 0.00584000 0.01823500
v 0.08149900 0.00584000 0.01823500
v 0.08149900 0.00006200 -0.01899500
v 0.08149900 0.00006200 -0.01899500
v 0.08149900 0.00006200 -0.01899500
v 0.08149900 -0.01849500 0.00043800
v 0.08149900 -0.01849500 0.00043800
v 0.08149900 -0.01849500 0.00043800
v 0.08149900 -0.01796100 -0.00449300
v 0.08149900 -0.01796100 -0.00449300
v 0.08149900 -0.01796100 -0.00449300
v 0.08149900 0.01873500 -0.00533900
v 0.08149900 0.01873500 -0.00533900
v 0.08149900 0.01873500 -0.00533900
v 0.08149900 0.01673200 -0.00987700
v 0.08149900 0.01673200 -0.00987700
v 0.08149900 0.01673200 -0.00987700
v 0.08149900 0.01362200 -0.01374100
v 0.08149900 0.01362200 -0.01374100
v 0.08149900 0.01362200 -0.01374100
v 0.08149900 0.01037700 0.01623100
v 0.08149900 0.01037700 0.01623100
v 0.08149900 0.01037700 0.01623100
v 0.08149900 0.01424100 0.01312200
v 0.08149900 0.01424100 0.01312200
v 0.08149900 0.01424100 0.01312200
v 0.08149900 0.01716900 0.00911800
v 0.08149900 0.01716900 0.00911800
v 0.08149900 0.01716900 0.00911800
v 0.08149900 0.00093800 0.01899500
v 0.08149900 0.00093800 0.01899500
v 0.08149900 0.00093800 0.01899500
v 0.08149900 -0.00399300 0.01846100
v 0.08149900 -0.00399300 0.01846100
v 0.08149900 -0.00399300 0.01846100
v 0.08149900 -0.00861800 0.01666900
v 0.08149900 -0.00861800 0.01666900
v 0.08149900 -0.00861800 0.01666900
v 0.08149900 -0.01262100 0.01374100
v 0.08149900 -0.01262100 0.01374100
v 0.08149900 -0.01262100 0.01374100
v 0.08149900 0.00499400 -0.01846100
v 0.08149900 0.00499400 -0.01846100
v 0.08149900 0.00499400 -0.01846100
v 0.08149900 0.00961900 -0.01666900
v 0.08149900 0.00961900 -0.01666900
v 0.08149900 0.00961900 -0.01666900
v 0.08149900 0.01949500 -0.00043800
v 0.08149900 0.01949500 -0.00043800
v 0.08149900 0.01949500 -0.00043800
v 0.08149900 0.01896100 0.00449300
v 0.08149900 0.01896100 0.00449300
v 0.08149900 0.01896100 0.00449300
v 0.08149900 -0.01573100 0.00987700
v 0.08149900 -0.01573100 0.00987700
v 0.08149900 -0.01573100 0.00987700
v 0.08149900 -0.01773400 0.00533900
v 0.08149900 -0.01773400 0.00533900
v 0.08149900 -0.01773400 0.00533900
v 0.08149900 -0.01616900 -0.00911800
v 0.08149900 -0.01616900 -0.00911800
v 0.08149900 -0.01616900 -0.00911800
v 0.08149900 -0.01324100 -0.01312200
v 0.08149900 -0.01324100 -0.01312200
v 0.08149900 -0.01324100 -0.01312200
v 0.08449900 0.02728000 0.00259900
v 0.08449900 0.02728000 0.00259900
v 0.08449900 0.02728000 0.00259900
v 0.08449900 0.02728000 0.00259900
v 0.08449900 0.02612200 0.00821200
v 0.08449900 0.02612200 0.00821200
v 0.08449900 0.02612200 0.00821200
v 0.08449900 0.02380100 0.01345300
v 0.08449900 0.02380100 0.01345300
v 0.08449900 0.02380100 0.01345300
v 0.08449900 0.02042300 0.01808300
v 0.08449900 0.02042300 0.01808300
v 0.08449900 0.02042300 0.01808300
v 0.08449900 0.02042300 -0.01808300
v 0.08449900 0.02042300 -0.01808300
v 0.08449900 0.02042300 -0.01808300
v 0.08449900 0.02042300 -0.01808300
v 0.08449900 0.02380100 -0.01345300
v 0.08449900 0.02380100 -0.01345300
v 0.08449900 0.02380100 -0.01345300
v 0.08449900 0.02380100 -0.01345300
v 0.08449900 0.02612200 -0.00821200
v 0.08449900 0.02612200 -0.00821200
v 0.08449900 0.02612200 -0.00821200
v 0.08449900 0.02612200 -0.00821200
v 0.08449900 0.02728000 -0.00259900
v 0.08449900 0.02728000 -0.00259900
v 0.08449900 0.02728000 -0.00259900
v 0.08449900 0.02728000 -0.00259900
v 0.08449900 0.02728000 -0.00259900
v 0.08449900 0.00302300 0.02678700
v 0.08449900 0.00302300 0.02678700
v 0.08449900 0.00302300 0.02678700
v 0.08449900 -0.00202300 0.02678700
v 0.08449900 -0.00202300 0.02678700
v 0.08449900 -0.00202300 0.02678700
v 0.08449900 0.00798000 0.02584500
v 0.08449900 0.00798000 0.02584500
v 0.08449900 0.00798000 0.02584500
v 0.08449900 0.00806100 0.02582200
v 0.08449900 0.00806100 0.02582200
v 0.08449900 0.00806100 0.02582200
v 0.08449900 -0.00698000 0.02584500
v 0.08449900 -0.00698000 0.02584500
v 0.08449900 -0.00698000 0.02584500
v -0.00290900 0.03750000 -0.01423300
v -0.00290900 0.03750000 -0.01423300
v -0.00290900 0.03750000 -0.01423300
v -0.00000000 0.03750000 0.00000000
v -0.00290900 0.03750000 -0.01276700
v -0.00290900 0.03750000 -0.01276700
v -0.00290900 0.03750000 -0.01276700
v -0.00290900 0.03750000 -0.01276700
v -0.00290900 0.03750000 -0.01276700
v -0.00290900 0.03750000 -0.01276700
v -0.00290900 0.03750000 -0.01276700
v -0.00290900 0.03750000 -0.01276700
v -0.00000000 0.03750000 -0.01050000
v -0.00000000 0.03750000 -0.01050000
v -0.00000000 0.03750000 -0.01050000
v -0.00099100 0.03750000 -0.01066800
v -0.00099100 0.03750000 -0.01066800
v -0.00099100 0.03750000 -0.01066800
v -0.00221400 0.03750000 -0.01147600
v -0.00221400 0.03750000 -0.01147600
v -0.00221400 0.03750000 -0.01147600
v 0.00290900 0.03750000 -0.01423300
v 0.00290900 0.03750000 -0.01423300
v 0.00290900 0.03750000 -0.01423300
v 0.00290900 0.03750000 -0.01276700
v 0.00290900 0.03750000 -0.01276700
v 0.00290900 0.03750000 -0.01276700
v 0.00221400 0.03750000 -0.01147600
v 0.00221400 0.03750000 -0.01147600
v 0.00221400 0.03750000 -0.01147600
v 0.00099100 0.03750000 -0.01066800
v 0.00099100 0.03750000 -0.01066800
v 0.00099100 0.03750000 -0.01066800
v 0.00221400 0.03050000 -0.01552400
v 0.00221400 0.03050000 -0.01552400
v 0.00221400 0.03050000 -0.01552400
v 0.00221400 0.03050000 -0.01552400
v 0.00221400 0.03050000 -0.01552400
v -0.00000000 0.03050000 -0.01650000
v -0.00000000 0.03050000 -0.01650000
v -0.00000000 0.03050000 -0.01650000
v -0.00000000 0.03050000 -0.01650000
v -0.00099100 0.03050000 -0.01633200
v -0.00099100 0.03050000 -0.01633200
v -0.00099100 0.03050000 -0.01633200
v -0.00099100 0.03050000 -0.01633200
v -0.00099100 0.03050000 -0.01633200
v -0.00099100 0.03050000 -0.01633200
v -0.00221400 0.03050000 -0.01552400
v -0.00221400 0.03050000 -0.01552400
v -0.00221400 0.03050000 -0.01552400
v -0.00221400 0.03050000 -0.01552400
v 0.00099100 0.03050000 -0.01633200
v 0.00099100 0.03050000 -0.01633200
v 0.00099100 0.03050000 -0.01633200
v 0.00099100 0.03050000 -0.01633200
v 0.00099100 0.03050000 -0.01633200
v 0.00099100 0.03400000 -0.01066800
v 0.00099100 0.03400000 -0.01066800
v 0.00099100 0.03400000 -0.01066800
v 0.00221400 0.03400000 -0.01147600
v 0.00221400 0.03400000 -0.01147600
v 0.00221400 0.03400000 -0.01147600
v 0.00290900 0.03400000 -0.01276700
v 0.00290900 0.03400000 -0.01276700
v 0.00290900 0.03400000 -0.01276700
v -0.00099100 0.03400000 -0.01066800
v -0.00099100 0.03400000 -0.01066800
v -0.00099100 0.03400000 -0.01066800
v -0.00000000 0.03400000 -0.01050000
v -0.00000000 0.03400000 -0.01050000
v -0.00000000 0.03400000 -0.01050000
v 0.00290900 0.03400000 -0.01423300
v 0.00290900 0.03400000 -0.01423300
v 0.00290900 0.03400000 -0.01423300
v 0.00290900 0.03400000 -0.01423300
v 0.00290900 0.03400000 -0.01423300
v -0.00221400 0.03400000 -0.01147600
v -0.00221400 0.03400000 -0.01147600
v -0.00221400 0.03400000 -0.01147600
v -0.00290900 0.03400000 -0.01276700
v -0.00290900 0.03400000 -0.01276700
v -0.00290900 0.03400000 -0.01276700
v -0.00290900 0.03400000 -0.01423300
v -0.00290900 0.03400000 -0.01423300
v -0.00290900 0.03400000 -0.01423300
v -0.00290900 0.03400000 -0.01423300
v -0.00290900 0.03400000 -0.01423300
v -0.00290900 0.03400000 -0.01423300
v -0.00290900 0.03400000 -0.01423300
v -0.00290900 0.03400000 -0.01423300
v -0.00217600 0.03693400 -0.01556600
v -0.00217600 0.03693400 -0.01556600
v -0.00217600 0.03693400 -0.01556600
v -0.00217600 0.03693400 -0.01556600
v -0.00217600 0.03693400 -0.01556600
v -0.00217600 0.03693400 -0.01556600
v -0.00217600 0.03693400 -0.01556600
v -0.00153000 0.03642000 -0.01608000
v -0.00153000 0.03642000 -0.01608000
v -0.00153000 0.03642000 -0.01608000
v -0.00000000 0.03600000 -0.01650000
v -0.00000000 0.03600000 -0.01650000
v -0.00000000 0.03600000 -0.01650000
v -0.00000000 0.03600000 -0.01650000
v -0.00000000 0.03600000 -0.01650000
v -0.00078600 0.03610500 -0.01639500
v -0.00078600 0.03610500 -0.01639500
v -0.00078600 0.03610500 -0.01639500
v 0.00020600 0.03600700 -0.01649300
v 0.00020600 0.03600700 -0.01649300
v 0.00020600 0.03600700 -0.01649300
v 0.00020600 0.03600700 -0.01649300
v 0.00020600 0.03600700 -0.01649300
v 0.00222100 0.03698300 -0.01551700
v 0.00222100 0.03698300 -0.01551700
v 0.00222100 0.03698300 -0.01551700
v 0.00222100 0.03698300 -0.01551700
v 0.00222100 0.03698300 -0.01551700
v 0.00176900 0.03657700 -0.01592300
v 0.00176900 0.03657700 -0.01592300
v 0.00176900 0.03657700 -0.01592300
v 0.00176900 0.03657700 -0.01592300
v 0.00099600 0.03617000 -0.01633000
v 0.00099600 0.03617000 -0.01633000
v 0.00099600 0.03617000 -0.01633000
v 0.08149900 -0.01101000 -0.02026800
v 0.08149900 -0.01101000 -0.02026800
v 0.08149900 -0.01101000 -0.02026800
v 0.08149900 -0.01152200 -0.02001900
v 0.08149900 -0.01152200 -0.02001900
v 0.08149900 -0.01152200 -0.02001900
v 0.08149900 -0.01240200 -0.01999900
v 0.08149900 -0.01240200 -0.01999900
v 0.08149900 -0.01240200 -0.01999900
v 0.08149900 -0.01240200 -0.01999900
v 0.08149900 -0.01240200 -0.01999900
v 0.08149900 -0.01111800 -0.02310400
v 0.08149900 -0.01111800 -0.02310400
v 0.08149900 -0.01111800 -0.02310400
v 0.08149900 -0.01053400 -0.02251200
v 0.08149900 -0.01053400 -0.02251200
v 0.08149900 -0.01053400 -0.02251200
v 0.08149900 -0.01053400 -0.02251200
v 0.08149900 -0.01030100 -0.02171500
v 0.08149900 -0.01030100 -0.02171500
v 0.08149900 -0.01030100 -0.02171500
v 0.08149900 -0.01363100 -0.02117300
v 0.08149900 -0.01363100 -0.02117300
v 0.08149900 -0.01363100 -0.02117300
v 0.08149900 -0.01363100 -0.02117300
v 0.08149900 -0.01363100 -0.02117300
v 0.08149900 -0.01363100 -0.02117300
v 0.08149900 -0.01365100 -0.02205300
v 0.08149900 -0.01365100 -0.02205300
v 0.08149900 -0.01365100 -0.02205300
v 0.08149900 -0.01365100 -0.02205300
v 0.08149900 -0.01365100 -0.02205300
v 0.08149900 -0.01317400 -0.02042100
v 0.08149900 -0.01317400 -0.02042100
v 0.08149900 -0.01317400 -0.02042100
v 0.08149900 -0.01317400 -0.02042100
v 0.08149900 -0.01317400 -0.02042100
v 0.08149900 -0.01322900 -0.02282500
v 0.08149900 -0.01322900 -0.02282500
v 0.08149900 -0.01322900 -0.02282500
v 0.08149900 -0.01322900 -0.02282500
v 0.08149900 -0.01322900 -0.02282500
v 0.08149900 -0.01247700 -0.02328200
v 0.08149900 -0.01247700 -0.02328200
v 0.08149900 -0.01247700 -0.02328200
v 0.08149900 -0.01247700 -0.02328200
v 0.08149900 -0.01191200 -0.02334800
v 0.08149900 -0.01191200 -0.02334800
v 0.08149900 -0.01191200 -0.02334800
v 0.08149900 -0.01047300 -0.02090200
v 0.08149900 -0.01047300 -0.02090200
v 0.08149900 -0.01047300 -0.02090200
v 0.08204900 -0.01152200 -0.02001900
v 0.08204900 -0.01152200 -0.02001900
v 0.08204900 -0.01152200 -0.02001900
v 0.08204900 -0.01152200 -0.02001900
v 0.08204900 -0.01152200 -0.02001900
v 0.08204900 -0.01101000 -0.02026800
v 0.08204900 -0.01101000 -0.02026800
v 0.08204900 -0.01101000 -0.02026800
v 0.08204900 -0.01101000 -0.02026800
v 0.08204900 -0.01047300 -0.02090200
v 0.08204900 -0.01047300 -0.02090200
v 0.08204900 -0.01047300 -0.02090200
v 0.08204900 -0.01047300 -0.02090200
v 0.08204900 -0.01030100 -0.02171500
v 0.08204900 -0.01030100 -0.02171500
v 0.08204900 -0.01030100 -0.02171500
v 0.08204900 -0.01030100 -0.02171500
v 0.08204900 -0.01030100 -0.02171500
v 0.08204900 -0.01053400 -0.02251200
v 0.08204900 -0.01053400 -0.02251200
v 0.08204900 -0.01053400 -0.02251200
v 0.08204900 -0.01053400 -0.02251200
v 0.08204900 -0.01111800 -0.02310400
v 0.08204900 -0.01111800 -0.02310400
v 0.08204900 -0.01111800 -0.02310400
v 0.08204900 -0.01111800 -0.02310400
v 0.08204900 -0.01111800 -0.02310400
v 0.08204900 -0.01111800 -0.02310400
v 0.08204900 -0.01191200 -0.02334800
v 0.08204900 -0.01191200 -0.02334800
v 0.08204900 -0.01191200 -0.02334800
v 0.08204900 -0.01191200 -0.02334800
v 0.08204900 -0.01191200 -0.02334800
v 0.08204900 -0.01247700 -0.02328200
v 0.08204900 -0.01247700 -0.02328200
v 0.08204900 -0.01247700 -0.02328200
v 0.08204900 -0.01247700 -0.02328200
v 0.08149900 -0.02351000 0.00138200
v 0.08149900 -0.02351000 0.00138200
v 0.08149900 -0.02351000 0.00138200
v 0.08149900 -0.02402200 0.00163200
v 0.08149900 -0.02402200 0.00163200
v 0.08149900 -0.02402200 0.00163200
v 0.08149900 -0.02490200 0.00165200
v 0.08149900 -0.02490200 0.00165200
v 0.08149900 -0.02490200 0.00165200
v 0.08149900 -0.02361800 -0.00145300
v 0.08149900 -0.02361800 -0.00145300
v 0.08149900 -0.02361800 -0.00145300
v 0.08149900 -0.02303400 -0.00086200
v 0.08149900 -0.02303400 -0.00086200
v 0.08149900 -0.02303400 -0.00086200
v 0.08149900 -0.02280100 -0.00006400
v 0.08149900 -0.02280100 -0.00006400
v 0.08149900 -0.02280100 -0.00006400
v 0.08149900 -0.02613100 0.00047800
v 0.08149900 -0.02613100 0.00047800
v 0.08149900 -0.02613100 0.00047800
v 0.08149900 -0.02615100 -0.00040200
v 0.08149900 -0.02615100 -0.00040200
v 0.08149900 -0.02615100 -0.00040200
v 0.08149900 -0.02567400 0.00123000
v 0.08149900 -0.02567400 0.00123000
v 0.08149900 -0.02567400 0.00123000
v 0.08149900 -0.02572900 -0.00117400
v 0.08149900 -0.02572900 -0.00117400
v 0.08149900 -0.02572900 -0.00117400
v 0.08149900 -0.02497700 -0.00163100
v 0.08149900 -0.02497700 -0.00163100
v 0.08149900 -0.02497700 -0.00163100
v 0.08149900 -0.02441200 -0.00169800
v 0.08149900 -0.02441200 -0.00169800
v 0.08149900 -0.02441200 -0.00169800
v 0.08149900 -0.02297300 0.00074800
v 0.08149900 -0.02297300 0.00074800
v 0.08149900 -0.02297300 0.00074800
v 0.08204900 -0.02402200 0.00163200
v 0.08204900 -0.02402200 0.00163200
v 0.08204900 -0.02402200 0.00163200
v 0.08204900 -0.02402200 0.00163200
v 0.08204900 -0.02351000 0.00138200
v 0.08204900 -0.02351000 0.00138200
v 0.08204900 -0.02351000 0.00138200
v 0.08204900 -0.02351000 0.00138200
v 0.08204900 -0.02297300 0.00074800
v 0.08204900 -0.02297300 0.00074800
v 0.08204900 -0.02297300 0.00074800
v 0.08204900 -0.02297300 0.00074800
v 0.08204900 -0.02297300 0.00074800
v 0.08204900 -0.02280100 -0.00006400
v 0.08204900 -0.02280100 -0.00006400
v 0.08204900 -0.02280100 -0.00006400
v 0.08204900 -0.02280100 -0.00006400
v 0.08204900 -0.02303400 -0.00086200
v 0.08204900 -0.02303400 -0.00086200
v 0.08204900 -0.02303400 -0.00086200
v 0.08204900 -0.02303400 -0.00086200
v 0.08204900 -0.02361800 -0.00145300
v 0.08204900 -0.02361800 -0.00145300
v 0.08204900 -0.02361800 -0.00145300
v 0.08204900 -0.02361800 -0.00145300
v 0.08204900 -0.02441200 -0.00169800
v 0.08204900 -0.02441200 -0.00169800
v 0.08204900 -0.02441200 -0.00169800
v 0.08204900 -0.02441200 -0.00169800
v 0.08204900 -0.02497700 -0.00163100
v 0.08204900 -0.02497700 -0.00163100
v 0.08204900 -0.02497700 -0.00163100
v 0.08204900 -0.02497700 -0.00163100
v 0.08204900 -0.02497700 -0.00163100
v 0.08204900 -0.01298900 -0.02303300
v 0.08204900 -0.01298900 -0.02303300
v 0.08204900 -0.01298900 -0.02303300
v 0.08204900 -0.01298900 -0.02303300
v 0.08204900 -0.01298900 -0.02303300
v 0.08204900 -0.01322900 -0.02282500
v 0.08204900 -0.01322900 -0.02282500
v 0.08204900 -0.01322900 -0.02282500
v 0.08204900 -0.01322900 -0.02282500
v 0.08204900 -0.01322900 -0.02282500
v 0.08204900 -0.01352600 -0.02239900
v 0.08204900 -0.01352600 -0.02239900
v 0.08204900 -0.01352600 -0.02239900
v 0.08204900 -0.01352600 -0.02239900
v 0.08204900 -0.01352600 -0.02239900
v 0.08204900 -0.01352600 -0.02239900
v 0.08204900 -0.01365100 -0.02205300
v 0.08204900 -0.01365100 -0.02205300
v 0.08204900 -0.01365100 -0.02205300
v 0.08204900 -0.01365100 -0.02205300
v 0.08204900 -0.01365100 -0.02205300
v 0.08204900 -0.01369800 -0.02158600
v 0.08204900 -0.01369800 -0.02158600
v 0.08204900 -0.01369800 -0.02158600
v 0.08204900 -0.01369800 -0.02158600
v 0.08204900 -0.01369800 -0.02158600
v 0.08204900 -0.01363100 -0.02117300
v 0.08204900 -0.01363100 -0.02117300
v 0.08204900 -0.01363100 -0.02117300
v 0.08204900 -0.01363100 -0.02117300
v 0.08204900 -0.01363100 -0.02117300
v 0.08204900 -0.01317400 -0.02042100
v 0.08204900 -0.01317400 -0.02042100
v 0.08204900 -0.01317400 -0.02042100
v 0.08204900 -0.01317400 -0.02042100
v 0.08204900 -0.01317400 -0.02042100
v 0.08204900 -0.01346500 -0.02078900
v 0.08204900 -0.01346500 -0.02078900
v 0.08204900 -0.01346500 -0.02078900
v 0.08204900 -0.01346500 -0.02078900
v 0.08204900 -0.01346500 -0.02078900
v 0.08204900 -0.01208800 -0.01995300
v 0.08204900 -0.01208800 -0.01995300
v 0.08204900 -0.01208800 -0.01995300
v 0.08204900 -0.01208800 -0.01995300
v 0.08204900 -0.01240200 -0.01999900
v 0.08204900 -0.01240200 -0.01999900
v 0.08204900 -0.01240200 -0.01999900
v 0.08204900 -0.01240200 -0.01999900
v 0.08204900 -0.01240200 -0.01999900
v 0.08204900 -0.01288200 -0.02019700
v 0.08204900 -0.01288200 -0.02019700
v 0.08204900 -0.01288200 -0.02019700
v 0.08204900 -0.01288200 -0.02019700
v 0.08204900 -0.01288200 -0.02019700
v 0.08349900 -0.01288500 -0.02467400
v 0.08349900 -0.01288500 -0.02467400
v 0.08349900 -0.01288500 -0.02467400
v 0.08349900 -0.01288500 -0.02467400
v 0.08349900 -0.01288500 -0.02467400
v 0.08349900 -0.01288500 -0.02467400
v 0.08349900 -0.01183700 -0.02479600
v 0.08349900 -0.01183700 -0.02479600
v 0.08349900 -0.01183700 -0.02479600
v 0.08349900 -0.01183700 -0.02479600
v 0.08349900 -0.01183700 -0.02479600
v 0.08349900 -0.01183700 -0.02479600
v 0.08349900 -0.01183700 -0.02479600
v 0.08204900 -0.02572900 -0.00117400
v 0.08204900 -0.02572900 -0.00117400
v 0.08204900 -0.02572900 -0.00117400
v 0.08204900 -0.02572900 -0.00117400
v 0.08204900 -0.02572900 -0.00117400
v 0.08204900 -0.02615100 -0.00040200
v 0.08204900 -0.02615100 -0.00040200
v 0.08204900 -0.02615100 -0.00040200
v 0.08204900 -0.02615100 -0.00040200
v 0.08204900 -0.02613100 0.00047800
v 0.08204900 -0.02613100 0.00047800
v 0.08204900 -0.02613100 0.00047800
v 0.08204900 -0.02613100 0.00047800
v 0.08204900 -0.02613100 0.00047800
v 0.08204900 -0.02567400 0.00123000
v 0.08204900 -0.02567400 0.00123000
v 0.08204900 -0.02567400 0.00123000
v 0.08204900 -0.02567400 0.00123000
v 0.08204900 -0.02567400 0.00123000
v 0.08204900 -0.02567400 0.00123000
v 0.08204900 -0.02490200 0.00165200
v 0.08204900 -0.02490200 0.00165200
v 0.08204900 -0.02490200 0.00165200
v 0.08204900 -0.02490200 0.00165200
v 0.08204900 -0.02490200 0.00165200
v 0.08412800 -0.01288500 -0.02467400
v 0.08412800 -0.01288500 -0.02467400
v 0.08412800 -0.01288500 -0.02467400
v 0.08412800 -0.01288500 -0.02467400
v 0.08412800 -0.01288500 -0.02467400
v 0.08416400 -0.01273700 -0.02471300
v 0.08416400 -0.01273700 -0.02471300
v 0.08416400 -0.01273700 -0.02471300
v 0.08416400 -0.01273700 -0.02471300
v 0.08416400 -0.01273700 -0.02471300
v 0.08349900 -0.01383400 -0.02421200
v 0.08349900 -0.01383400 -0.02421200
v 0.08349900 -0.01383400 -0.02421200
v 0.08349900 -0.01383400 -0.02421200
v 0.08349900 -0.01383400 -0.02421200
v 0.08349900 -0.01383400 -0.02421200
v 0.08349900 -0.01383400 -0.02421200
v 0.08349900 -0.01482800 -0.02303700
v 0.08349900 -0.01482800 -0.02303700
v 0.08349900 -0.01482800 -0.02303700
v 0.08349900 -0.01482800 -0.02303700
v 0.08349900 -0.01482800 -0.02303700
v 0.08349900 -0.01482800 -0.02303700
v 0.08349900 -0.01482800 -0.02303700
v 0.08349900 -0.01482800 -0.02303700
v 0.08349900 -0.02702500 0.00188200
v 0.08349900 -0.02702500 0.00188200
v 0.08349900 -0.02702500 0.00188200
v 0.08349900 -0.02702500 0.00188200
v 0.08349900 -0.02702500 0.00188200
v 0.08349900 -0.02702500 0.00188200
v 0.08349900 -0.02752300 0.00088500
v 0.08349900 -0.02752300 0.00088500
v 0.08349900 -0.02752300 0.00088500
v 0.08349900 -0.02752300 0.00088500
v 0.08349900 -0.02752300 0.00088500
v 0.08349900 -0.02752300 0.00088500
v 0.08349900 -0.02756000 -0.00074500
v 0.08349900 -0.02756000 -0.00074500
v 0.08349900 -0.02756000 -0.00074500
v 0.08349900 -0.02756000 -0.00074500
v 0.08349900 -0.02756000 -0.00074500
v 0.08349900 -0.02756000 -0.00074500
v 0.08349900 -0.02756000 -0.00074500
v 0.08349900 -0.02756000 -0.00074500
v 0.08349900 -0.02677800 -0.00217500
v 0.08349900 -0.02677800 -0.00217500
v 0.08349900 -0.02677800 -0.00217500
v 0.08349900 -0.02677800 -0.00217500
v 0.08349900 -0.02677800 -0.00217500
v 0.08349900 -0.02677800 -0.00217500
v 0.08349900 -0.02667500 0.00227800
v 0.08349900 -0.02667500 0.00227800
v 0.08349900 -0.02667500 0.00227800
v 0.08349900 -0.02667500 0.00227800
v 0.08349900 -0.02667500 0.00227800
v 0.08420600 -0.01471100 0.02350000
v 0.08420600 -0.01471100 0.02350000
v 0.08420600 -0.01471100 0.02350000
v 0.08420600 -0.01471100 0.02350000
v 0.08442300 -0.02707400 0.00228400
v 0.08442300 -0.02707400 0.00228400
v 0.08442300 -0.02707400 0.00228400
v 0.08442300 -0.02707400 0.00228400
v 0.08443700 -0.02707300 0.00181700
v 0.08443700 -0.02707300 0.00181700
v 0.08443700 -0.02707300 0.00181700
v 0.08443700 -0.02707300 0.00181700
v 0.08443700 -0.02707300 0.00181700
v 0.08443700 -0.02707300 0.00181700
v 0.08442300 -0.02670500 0.00504100
v 0.08442300 -0.02670500 0.00504100
v 0.08442300 -0.02670500 0.00504100
v 0.08442300 -0.02670500 0.00504100
v 0.08442300 -0.02670500 0.00504100
v 0.08420600 -0.02739700 0.00231100
v 0.08420600 -0.02739700 0.00231100
v 0.08420600 -0.02739700 0.00231100
v 0.08420600 -0.02739700 0.00231100
v 0.08420600 -0.02739700 0.00231100
v 0.08420600 -0.02739700 0.00231100
v 0.08420600 -0.02747300 0.00104000
v 0.08420600 -0.02747300 0.00104000
v 0.08420600 -0.02747300 0.00104000
v 0.08420600 -0.02747300 0.00104000
v 0.08420600 -0.02747300 0.00104000
v 0.08420600 -0.02702400 0.00510000
v 0.08420600 -0.02702400 0.00510000
v 0.08420600 -0.02702400 0.00510000
v 0.08420600 -0.02702400 0.00510000
v 0.08420600 -0.02702400 0.00510000
v 0.08442300 -0.02605300 0.00777500
v 0.08442300 -0.02605300 0.00777500
v 0.08442300 -0.02605300 0.00777500
v 0.08442300 -0.02605300 0.00777500
v 0.08442300 -0.02605300 0.00777500
v 0.08420600 -0.02636500 0.00786700
v 0.08420600 -0.02636500 0.00786700
v 0.08420600 -0.02636500 0.00786700
v 0.08420600 -0.02636500 0.00786700
v 0.08420600 -0.02636500 0.00786700
v 0.08442300 -0.02512700 0.01043000
v 0.08442300 -0.02512700 0.01043000
v 0.08442300 -0.02512700 0.01043000
v 0.08442300 -0.02512700 0.01043000
v 0.08442300 -0.02512700 0.01043000
v 0.08442300 -0.02512700 0.01043000
v 0.08420600 -0.02542800 0.01055200
v 0.08420600 -0.02542800 0.01055200
v 0.08420600 -0.02542800 0.01055200
v 0.08420600 -0.02542800 0.01055200
v 0.08420600 -0.02542800 0.01055200
v 0.08420600 -0.02542800 0.01055200
v 0.08442300 -0.02393700 0.01297600
v 0.08442300 -0.02393700 0.01297600
v 0.08442300 -0.02393700 0.01297600
v 0.08442300 -0.02393700 0.01297600
v 0.08442300 -0.02393700 0.01297600
v 0.08442300 -0.02393700 0.01297600
v 0.08420600 -0.02422300 0.01312800
v 0.08420600 -0.02422300 0.01312800
v 0.08420600 -0.02422300 0.01312800
v 0.08420600 -0.02422300 0.01312800
v 0.08420600 -0.02422300 0.01312800
v 0.08442300 -0.02249400 0.01538900
v 0.08442300 -0.02249400 0.01538900
v 0.08442300 -0.02249400 0.01538900
v 0.08442300 -0.02249400 0.01538900
v 0.08442300 -0.02249400 0.01538900
v 0.08420600 -0.02276400 0.01556900
v 0.08420600 -0.02276400 0.01556900
v 0.08420600 -0.02276400 0.01556900
v 0.08420600 -0.02276400 0.01556900
v 0.08442300 -0.02081400 0.01764200
v 0.08442300 -0.02081400 0.01764200
v 0.08442300 -0.02081400 0.01764200
v 0.08442300 -0.02081400 0.01764200
v 0.08442300 -0.02081400 0.01764200
v 0.08420600 -0.02106400 0.01784900
v 0.08420600 -0.02106400 0.01784900
v 0.08420600 -0.02106400 0.01784900
v 0.08420600 -0.02106400 0.01784900
v 0.08420600 -0.02106400 0.01784900
v 0.08420600 -0.02106400 0.01784900
v 0.08442300 -0.01891400 0.01971400
v 0.08442300 -0.01891400 0.01971400
v 0.08442300 -0.01891400 0.01971400
v 0.08442300 -0.01891400 0.01971400
v 0.08442300 -0.01891400 0.01971400
v 0.08442300 -0.01891400 0.01971400
v 0.08420600 -0.01914200 0.01994500
v 0.08420600 -0.01914200 0.01994500
v 0.08420600 -0.01914200 0.01994500
v 0.08420600 -0.01914200 0.01994500
v 0.08442300 -0.01681300 0.02158200
v 0.08442300 -0.01681300 0.02158200
v 0.08442300 -0.01681300 0.02158200
v 0.08442300 -0.01681300 0.02158200
v 0.08420600 -0.01701700 0.02183500
v 0.08420600 -0.01701700 0.02183500
v 0.08420600 -0.01701700 0.02183500
v 0.08420600 -0.01701700 0.02183500
v 0.08420600 -0.01701700 0.02183500
v 0.08420600 -0.01701700 0.02183500
v 0.08409500 -0.02759800 0.00057100
v 0.08409500 -0.02759800 0.00057100
v 0.08409500 -0.02759800 0.00057100
v 0.08409500 -0.02759800 0.00057100
v 0.08409500 -0.02759800 0.00057100
v 0.08405900 -0.02763800 -0.00026500
v 0.08405900 -0.02763800 -0.00026500
v 0.08405900 -0.02763800 -0.00026500
v 0.08405900 -0.02763800 -0.00026500
v 0.08405900 -0.02763800 -0.00026500
v 0.08409500 -0.02759700 -0.00057100
v 0.08409500 -0.02759700 -0.00057100
v 0.08409500 -0.02759700 -0.00057100
v 0.08409500 -0.02759700 -0.00057100
v 0.08420600 -0.02747300 -0.00103900
v 0.08420600 -0.02747300 -0.00103900
v 0.08420600 -0.02747300 -0.00103900
v 0.08420600 -0.02747300 -0.00103900
v 0.08420600 -0.02747300 -0.00103900
v 0.08420600 -0.02747300 -0.00103900
v 0.08420600 -0.02747300 -0.00103900
v 0.08411300 -0.02757700 -0.00067100
v 0.08411300 -0.02757700 -0.00067100
v 0.08411300 -0.02757700 -0.00067100
v 0.08411300 -0.02757700 -0.00067100
v 0.08417000 -0.01430000 -0.02380300
v 0.08417000 -0.01430000 -0.02380300
v 0.08417000 -0.01430000 -0.02380300
v 0.08417000 -0.01430000 -0.02380300
v 0.08417000 -0.01430000 -0.02380300
v 0.08406200 -0.01383300 -0.02421200
v 0.08406200 -0.01383300 -0.02421200
v 0.08406200 -0.01383300 -0.02421200
v 0.08406200 -0.01383300 -0.02421200
v 0.08406200 -0.01383300 -0.02421200
v 0.08405000 -0.01365200 -0.02433200
v 0.08405000 -0.01365200 -0.02433200
v 0.08405000 -0.01365200 -0.02433200
v 0.08405000 -0.01365200 -0.02433200
v 0.08405000 -0.01365200 -0.02433200
v 0.08420600 -0.01438700 -0.02370600
v 0.08420600 -0.01438700 -0.02370600
v 0.08420600 -0.01438700 -0.02370600
v 0.08420600 -0.01438700 -0.02370600
v 0.08420600 -0.01438700 -0.02370600
v 0.08420600 -0.01612600 -0.02252000
v 0.08420600 -0.01612600 -0.02252000
v 0.08420600 -0.01612600 -0.02252000
v 0.08420600 -0.01612600 -0.02252000
v 0.08420600 -0.01612600 -0.02252000
v 0.08420600 -0.01612600 -0.02252000
v 0.08420600 -0.01832500 -0.02071700
v 0.08420600 -0.01832500 -0.02071700
v 0.08420600 -0.01832500 -0.02071700
v 0.08420600 -0.01832500 -0.02071700
v 0.08420600 -0.02033000 -0.01870000
v 0.08420600 -0.02033000 -0.01870000
v 0.08420600 -0.02033000 -0.01870000
v 0.08420600 -0.02033000 -0.01870000
v 0.08420600 -0.02212000 -0.01649000
v 0.08420600 -0.02212000 -0.01649000
v 0.08420600 -0.02212000 -0.01649000
v 0.08420600 -0.02212000 -0.01649000
v 0.08420600 -0.02367700 -0.01410900
v 0.08420600 -0.02367700 -0.01410900
v 0.08420600 -0.02367700 -0.01410900
v 0.08420600 -0.02367700 -0.01410900
v 0.08420600 -0.02498300 -0.01158300
v 0.08420600 -0.02498300 -0.01158300
v 0.08420600 -0.02498300 -0.01158300
v 0.08420600 -0.02498300 -0.01158300
v 0.08420600 -0.02602700 -0.00893800
v 0.08420600 -0.02602700 -0.00893800
v 0.08420600 -0.02602700 -0.00893800
v 0.08420600 -0.02602700 -0.00893800
v 0.08420600 -0.02679700 -0.00620000
v 0.08420600 -0.02679700 -0.00620000
v 0.08420600 -0.02679700 -0.00620000
v 0.08420600 -0.02679700 -0.00620000
v 0.08420600 -0.02728500 -0.00339800
v 0.08420600 -0.02728500 -0.00339800
v 0.08420600 -0.02728500 -0.00339800
v 0.08420600 -0.02728500 -0.00339800
v 0.08420600 -0.02728500 -0.00339800
v 0.08449900 -0.02669100 -0.00226200
v 0.08449900 -0.02669100 -0.00226200
v 0.08449900 -0.02669100 -0.00226200
v 0.08449900 -0.02669100 -0.00226200
v 0.08449900 -0.02669100 -0.00226200
v 0.08449900 -0.02669100 -0.00226200
v 0.08449900 -0.02669100 -0.00226200
v 0.08442400 -0.02696100 -0.00335900
v 0.08442400 -0.02696100 -0.00335900
v 0.08442400 -0.02696100 -0.00335900
v 0.08442400 -0.02696100 -0.00335900
v 0.08442400 -0.02647900 -0.00612800
v 0.08442400 -0.02647900 -0.00612800
v 0.08442400 -0.02647900 -0.00612800
v 0.08442400 -0.02647900 -0.00612800
v 0.08442400 -0.02647900 -0.00612800
v 0.08442400 -0.02647900 -0.00612800
v 0.08438700 -0.02719700 -0.00162700
v 0.08438700 -0.02719700 -0.00162700
v 0.08438700 -0.02719700 -0.00162700
v 0.08438700 -0.02719700 -0.00162700
v 0.08438700 -0.02719700 -0.00162700
v 0.08442400 -0.01593200 -0.02225700
v 0.08442400 -0.01593200 -0.02225700
v 0.08442400 -0.01593200 -0.02225700
v 0.08442400 -0.01593200 -0.02225700
v 0.08442400 -0.01593200 -0.02225700
v 0.08442400 -0.01593200 -0.02225700
v 0.08443700 -0.01486000 -0.02297000
v 0.08443700 -0.01486000 -0.02297000
v 0.08443700 -0.01486000 -0.02297000
v 0.08443700 -0.01486000 -0.02297000
v 0.08443700 -0.01486000 -0.02297000
v 0.08449900 -0.01505500 -0.02241700
v 0.08449900 -0.01505500 -0.02241700
v 0.08449900 -0.01505500 -0.02241700
v 0.08449900 -0.01505500 -0.02241700
v 0.08449900 -0.01505500 -0.02241700
v 0.08449900 -0.01505500 -0.02241700
v 0.08442400 -0.01810600 -0.02047500
v 0.08442400 -0.01810600 -0.02047500
v 0.08442400 -0.01810600 -0.02047500
v 0.08442400 -0.01810600 -0.02047500
v 0.08442400 -0.01810600 -0.02047500
v 0.08442400 -0.01810600 -0.02047500
v 0.08442400 -0.02008700 -0.01848200
v 0.08442400 -0.02008700 -0.01848200
v 0.08442400 -0.02008700 -0.01848200
v 0.08442400 -0.02008700 -0.01848200
v 0.08442400 -0.02008700 -0.01848200
v 0.08442400 -0.02185600 -0.01629700
v 0.08442400 -0.02185600 -0.01629700
v 0.08442400 -0.02185600 -0.01629700
v 0.08442400 -0.02185600 -0.01629700
v 0.08442400 -0.02185600 -0.01629700
v 0.08442400 -0.02339400 -0.01394500
v 0.08442400 -0.02339400 -0.01394500
v 0.08442400 -0.02339400 -0.01394500
v 0.08442400 -0.02339400 -0.01394500
v 0.08442400 -0.02339400 -0.01394500
v 0.08442400 -0.02468600 -0.01144800
v 0.08442400 -0.02468600 -0.01144800
v 0.08442400 -0.02468600 -0.01144800
v 0.08442400 -0.02468600 -0.01144800
v 0.08442400 -0.02468600 -0.01144800
v 0.08442400 -0.02571800 -0.00883400
v 0.08442400 -0.02571800 -0.00883400
v 0.08442400 -0.02571800 -0.00883400
v 0.08442400 -0.02571800 -0.00883400
v 0.08442400 -0.02571800 -0.00883400
v 0.08449900 -0.01570600 -0.02195100
v 0.08449900 -0.01570600 -0.02195100
v 0.08449900 -0.01570600 -0.02195100
v 0.08449900 -0.01839300 -0.01968600
v 0.08449900 -0.01839300 -0.01968600
v 0.08449900 -0.01839300 -0.01968600
v 0.08449900 -0.01839300 -0.01968600
v 0.08449900 -0.01980400 -0.01822700
v 0.08449900 -0.01980400 -0.01822700
v 0.08449900 -0.01980400 -0.01822700
v 0.08449900 -0.01980400 -0.01822700
v 0.08449900 -0.02162400 -0.01596900
v 0.08449900 -0.02162400 -0.01596900
v 0.08449900 -0.02162400 -0.01596900
v 0.08449900 -0.02162400 -0.01596900
v 0.08449900 -0.02306600 -0.01375300
v 0.08449900 -0.02306600 -0.01375300
v 0.08449900 -0.02306600 -0.01375300
v 0.08449900 -0.02306600 -0.01375300
v 0.08449900 -0.02413500 -0.01173200
v 0.08449900 -0.02413500 -0.01173200
v 0.08449900 -0.02413500 -0.01173200
v 0.08449900 -0.02413500 -0.01173200
v 0.08449900 -0.02535700 -0.00871200
v 0.08449900 -0.02535700 -0.00871200
v 0.08449900 -0.02535700 -0.00871200
v 0.08449900 -0.02535700 -0.00871200
v 0.08449900 -0.02584200 -0.00711200
v 0.08449900 -0.02584200 -0.00711200
v 0.08449900 -0.02584200 -0.00711200
v 0.08449900 -0.02584200 -0.00711200
v 0.08449900 -0.02610800 -0.00604400
v 0.08449900 -0.02610800 -0.00604400
v 0.08449900 -0.02610800 -0.00604400
v 0.08449900 -0.01942200 -0.01808300
v 0.08449900 -0.01942200 -0.01808300
v 0.08449900 -0.01942200 -0.01808300
v 0.08449900 -0.01514000 -0.02189200
v 0.08449900 -0.01514000 -0.02189200
v 0.08449900 -0.01514000 -0.02189200
v 0.08449900 -0.02280100 -0.01345300
v 0.08449900 -0.02280100 -0.01345300
v 0.08449900 -0.02280100 -0.01345300
v 0.08449900 -0.02512100 -0.00821200
v 0.08449900 -0.02512100 -0.00821200
v 0.08449900 -0.02512100 -0.00821200
v 0.08449900 -0.02627900 -0.00259900
v 0.08449900 -0.02627900 -0.00259900
v 0.08449900 -0.02627900 -0.00259900
vn 1.00000000 -0.00000000 -0.00000000
vn 0.69810000 -0.27110000 0.66270000
vn 0.68740000 -0.30000000 0.66150000
vn 0.70690000 -0.14140000 0.69310000
vn 0.69810000 0.04330000 0.71470000
vn 1.00000000 -0.00000000 -0.00000000
vn 0.69810000 0.04330000 0.71470000
vn 0.70210000 0.31180000 0.64020000
vn 0.69610000 0.51110000 -0.50410000
vn 0.69610000 0.21120000 -0.68610000
vn 1.00000000 -0.00000000 -0.00000000
vn 1.00000000 -0.00000000 -0.00000000
vn 0.70210000 0.08280000 0.70730000
vn 0.70270000 0.30480000 0.64290000
vn 1.00000000 -0.00000000 -0.00000000
vn 0.70520000 0.45920000 0.54030000
vn 0.01030000 0.64760000 0.76190000
vn -0.00000000 0.63270000 0.77440000
vn 0.71980000 0.36090000 0.59310000
vn 0.70270000 0.30480000 0.64290000
vn -0.00000000 0.97940000 0.20210000
vn 1.00000000 -0.00000000 -0.00000000
vn -0.00000000 0.97940000 0.20210000
vn -0.00000000 0.91440000 0.40490000
vn 1.00000000 -0.00000000 -0.00000000
vn 0.69610000 -0.70230000 -0.14880000
vn 0.69610000 -0.68900000 0.20170000
vn 0.69610000 -0.68900000 0.20170000
vn 1.00000000 -0.00000000 -0.00000000
vn 0.69610000 -0.51110000 0.50410000
vn 0.69620000 -0.68900000 0.20170000
vn 1.00000000 -0.00000000 -0.00000000
vn -0.00000000 0.34840000 0.93740000
vn -0.00000000 0.19460000 0.98090000
vn 0.70670000 -0.33680000 0.62220000
vn 0.69610000 -0.51110000 0.50410000
vn 1.00000000 -0.00000000 -0.00000000
vn -0.00000000 0.34840000 0.93740000
vn 0.05990000 -0.24630000 0.96740000
vn -0.00000000 -0.35430000 0.93510000
vn 1.00000000 -0.00000000 -0.00000000
vn 0.70010000 -0.17610000 0.69190000
vn 0.71120000 -0.20680000 0.67190000
vn 0.70670000 -0.33680000 0.62220000
vn 1.00000000 -0.00000000 -0.00000000
vn -0.00000000 0.15330000 0.98820000
vn -0.00000000 0.40390000 0.91480000
vn -0.00000000 0.19460000 0.98090000
vn -0.00000000 0.01800000 0.99980000
vn 1.00000000 -0.00000000 -0.00000000
vn -0.00000000 -0.15930000 0.98720000
vn -0.00000000 0.01800000 0.99980000
vn 1.00000000 -0.00000000 -0.00000000
vn -0.00000000 -0.10760000 0.99420000
vn -0.00000000 0.15330000 0.98820000
vn 1.00000000 -0.00000000 -0.00000000
vn 0.69610000 0.70230000 0.14880000
vn 1.00000000 -0.00000000 -0.00000000
vn 0.69610000 0.68900000 -0.20170000
vn -0.00000000 -0.36130000 0.93250000
vn -0.00000000 -0.10760000 0.99420000
vn 1.00000000 -0.00000000 -0.00000000
vn 1.00000000 -0.00000000 -0.00000000
vn 0.69610000 0.51110000 -0.50410000
vn 0.69610000 0.68900000 -0.20170000
vn -0.00000000 -0.59030000 0.80720000
vn -0.00000000 -0.36130000 0.93250000
vn 1.00000000 -0.00000000 -0.00000000
vn 0.69610000 0.51110000 -0.50410000
vn 1.00000000 -0.00000000 -0.00000000
vn 0.69610000 0.21120000 -0.68610000
vn 0.06120000 -0.96010000 0.27290000
vn 0.69130000 -0.69500000 0.19760000
vn 1.00000000 -0.00000000 -0.00000000
vn -0.00000000 -0.66470000 0.74710000
vn -0.00000000 -0.98700000 0.16070000
vn 0.70710000 -0.70540000 0.04860000
vn 0.70620000 -0.69750000 0.12160000
vn 1.00000000 -0.00000000 -0.00000000
vn -0.00000000 -0.80780000 0.58940000
vn -0.00000000 -0.66470000 0.74710000
vn 0.68830000 -0.71570000 -0.11840000
vn 1.00000000 -0.00000000 -0.00000000
vn 0.70710000 -0.70540000 0.04860000
vn 0.70310000 -0.70820000 -0.06330000
vn 0.70090000 -0.59850000 -0.38810000
vn 0.69200000 -0.59050000 -0.41520000
vn 0.70610000 -0.67360000 -0.21840000
vn 0.68830000 -0.71570000 -0.11840000
vn 1.00000000 -0.00000000 -0.00000000
vn 0.69610000 0.70230000 0.14880000
vn 0.69610000 0.54790000 0.46390000
vn 1.00000000 -0.00000000 -0.00000000
vn 1.00000000 -0.00000000 -0.00000000
vn -0.00000000 -0.33150000 0.94350000
vn -0.00000000 -0.15930000 0.98720000
vn 1.00000000 -0.00000000 -0.00000000
vn 0.69610000 0.54790000 0.46390000
vn 0.70580000 0.36070000 0.60980000
vn -0.00000000 0.35770000 0.93380000
vn 0.70580000 0.36070000 0.60980000
vn -0.00000000 -0.33150000 0.94350000
vn 0.71290000 0.30700000 0.63050000
vn 0.70590000 0.25340000 0.66140000
vn 1.00000000 -0.00000000 -0.00000000
vn 0.69780000 0.68340000 -0.21460000
vn 1.00000000 0.00010000 -0.00000000
vn 0.07550000 0.95130000 -0.29870000
vn -0.00000000 0.98700000 -0.16070000
vn 0.70700000 0.70600000 -0.04060000
vn 0.70310000 0.68250000 -0.19980000
vn -0.00000000 0.66470000 -0.74710000
vn -0.00000000 0.80790000 -0.58940000
vn 1.00000000 0.00010000 -0.00000000
vn 1.00000000 -0.00000000 -0.00000000
vn -0.00000000 0.66470000 -0.74710000
vn 1.00000000 -0.00000000 -0.00000000
vn 0.70700000 0.70600000 -0.04060000
vn 0.69610000 0.70230000 0.14880000
vn 1.00000000 0.00010000 -0.00000000
vn 1.00000000 -0.00000000 -0.00000000
vn 0.69610000 0.70230000 0.14880000
vn 0.69610000 0.54790000 0.46390000
vn 0.69200000 -0.59060000 -0.41520000
vn 0.68830000 -0.71570000 -0.11840000
vn 0.70090000 -0.59850000 -0.38810000
vn 1.00000000 -0.00000000 -0.00000000
vn 0.70610000 -0.67360000 -0.21840000
vn -0.00000000 0.34690000 -0.93790000
vn -0.00000000 0.18670000 -0.98240000
vn 1.00000000 -0.00000000 -0.00000000
vn 1.00000000 -0.00000000 -0.00000000
vn 0.70350000 -0.39550000 -0.59050000
vn 0.70690000 -0.49290000 -0.50730000
vn 0.69200000 -0.59060000 -0.41520000
vn 0.70590000 -0.25340000 -0.66140000
vn 0.71580000 -0.34040000 -0.60970000
vn 0.70350000 -0.39550000 -0.59050000
vn 1.00000000 -0.00000000 -0.00000000
vn -0.00000000 0.34690000 -0.93790000
vn -0.00000000 -0.35770000 -0.93380000
vn 0.69810000 -0.27110000 0.66270000
vn 0.69810000 -0.53180000 0.47940000
vn 0.70610000 -0.44940000 0.54720000
vn 1.00000000 -0.00000000 -0.00000000
vn 0.67570000 -0.58290000 0.45130000
vn 0.70210000 -0.08280000 -0.70730000
vn 0.70270000 -0.30470000 -0.64290000
vn 1.00000000 -0.00000000 -0.00000000
vn 0.71420000 -0.34120000 -0.61110000
vn 0.70630000 -0.43790000 -0.55620000
vn 1.00000000 -0.00000000 -0.00000000
vn -0.00000000 -0.97940000 -0.20210000
vn -0.00000000 -0.61860000 -0.78570000
vn 0.70270000 -0.30470000 -0.64290000
vn -0.00000000 0.62690000 0.77910000
vn 1.00000000 -0.00000000 -0.00000000
vn -0.00000000 0.40390000 0.91480000
vn 0.70210000 -0.31180000 -0.64020000
vn 0.69610000 -0.54790000 -0.46390000
vn 1.00000000 -0.00000000 -0.00000000
vn 1.00000000 -0.00000000 -0.00000000
vn 0.69610000 -0.70230000 -0.14880000
vn 0.69610000 -0.54790000 -0.46390000
vn 0.68020000 0.68930000 0.24940000
vn 0.71560000 0.69840000 0.01360000
vn 0.70070000 0.68830000 0.18770000
vn 0.05560000 0.96330000 0.26270000
vn -0.00000000 0.98700000 0.16070000
vn -0.00000000 0.66470000 0.74710000
vn 1.00000000 -0.00000000 -0.00000000
vn 1.00000000 -0.00000000 -0.00000000
vn 0.70370000 0.70690000 0.07120000
vn 0.70440000 0.70060000 -0.11410000
vn 0.68260000 0.70130000 -0.20540000
vn 0.71560000 0.69840000 0.01360000
vn -0.00000000 0.80780000 0.58940000
vn -0.00000000 0.66470000 0.74710000
vn 1.00000000 -0.00000000 -0.00000000
vn 0.69610000 0.51110000 -0.50410000
vn 1.00000000 -0.00000000 -0.00000000
vn 0.70440000 0.65150000 -0.28180000
vn 0.68260000 0.70130000 -0.20540000
vn 1.00000000 -0.00000000 -0.00000000
vn -0.00000000 0.91440000 0.40490000
vn -0.00000000 0.80780000 0.58940000
vn 0.70500000 0.43140000 -0.56290000
vn 1.00000000 -0.00000000 -0.00000000
vn 0.69610000 0.21120000 -0.68610000
vn 0.69610000 0.51110000 -0.50410000
vn 0.65870000 0.58970000 -0.46730000
vn 0.70210000 0.08280000 0.70730000
vn 0.69610000 -0.21120000 0.68610000
vn 1.00000000 -0.00000000 -0.00000000
vn 0.70690000 -0.49290000 -0.50730000
vn 0.69200000 -0.59050000 -0.41520000
vn 0.69810000 -0.34910000 -0.62520000
vn 1.00000000 -0.00000000 -0.00000000
vn -0.00000000 -0.80790000 0.58940000
vn -0.00000000 -0.80780000 0.58940000
vn 1.00000000 -0.00000000 -0.00000000
vn -0.00000000 -0.91440000 0.40490000
vn -0.00000000 -0.91440000 0.40490000
vn 1.00000000 -0.00000000 -0.00000000
vn -0.00000000 -0.97940000 0.20210000
vn 0.70210000 -0.08280000 -0.70730000
vn 0.69610000 0.21120000 -0.68610000
vn 1.00000000 -0.00000000 -0.00000000
vn 1.00000000 -0.00000000 -0.00000000
vn -0.00000000 0.80720000 0.59030000
vn -0.00000000 0.93250000 0.36130000
vn 1.00000000 -0.00000000 -0.00000000
vn -0.00000000 0.80720000 0.59030000
vn -0.00000000 0.62690000 0.77910000
vn 0.69610000 0.21120000 -0.68610000
vn 1.00000000 -0.00000000 -0.00000000
vn 0.70210000 -0.08280000 -0.70730000
vn 0.70560000 0.10260000 -0.70120000
vn 0.66450000 0.28560000 -0.69060000
vn 0.70210000 -0.08280000 -0.70730000
vn 1.00000000 -0.00000000 -0.00000000
vn 0.70210000 -0.31180000 -0.64020000
vn 0.69610000 0.68900000 -0.20170000
vn 1.00000000 -0.00000000 -0.00000000
vn 0.69610000 0.70230000 0.14880000
vn 1.00000000 0.00030000 -0.00000000
vn 1.00000000 -0.00000000 -0.00000000
vn 0.69610000 0.68900000 -0.20170000
vn 0.69610000 0.51110000 -0.50410000
vn -0.00000000 -0.93250000 -0.36130000
vn 1.00000000 -0.00000000 -0.00000000
vn 1.00000000 0.00030000 -0.00000000
vn -0.00000000 -0.80720000 -0.59030000
vn 1.00000000 -0.00000000 -0.00000000
vn -0.00000000 -0.80720000 -0.59030000
vn -0.00000000 -0.62690000 -0.77910000
vn 1.00000000 0.00030000 -0.00000000
vn -0.00000000 -0.00000000 -1.00000000
vn -0.00000000 0.18670000 -0.98240000
vn 1.00000000 -0.00000000 -0.00000000
vn 0.69610000 0.70230000 0.14880000
vn 1.00000000 -0.00000000 -0.00000000
vn 0.69610000 0.68900000 -0.20170000
vn -0.00000000 -0.00000000 -1.00000000
vn 1.00000000 -0.00000000 -0.00000000
vn -0.00000000 -0.18670000 -0.98240000
vn 0.69610000 0.51110000 -0.50410000
vn 1.00000000 -0.00000000 -0.00000000
vn 0.69610000 0.68900000 -0.20170000
vn -0.00000000 -0.27950000 -0.96020000
vn 1.00000000 -0.00000000 -0.00000000
vn -0.00000000 -0.18670000 -0.98240000
vn -0.00000000 -0.34840000 -0.93730000
vn -0.00000000 -0.34840000 -0.93740000
vn -0.00000000 -0.27950000 -0.96020000
vn 1.00000000 -0.00000000 -0.00000000
vn 0.70670000 0.33680000 -0.62220000
vn 0.69610000 0.51110000 -0.50410000
vn 1.00000000 -0.00000000 -0.00000000
vn 0.70670000 0.33680000 -0.62220000
vn 0.70010000 0.17610000 -0.69190000
vn 0.71120000 0.20680000 -0.67190000
vn -0.00000000 0.35430000 -0.93510000
vn 0.05990000 0.24620000 -0.96740000
vn 1.00000000 -0.00000000 -0.00000000
vn -0.00000000 -0.34840000 -0.93730000
vn 0.03780000 -0.97240000 -0.23030000
vn 1.00000000 -0.00000000 -0.00000000
vn 0.70280000 -0.69220000 -0.16400000
vn 0.71610000 -0.69800000 -0.00570000
vn -0.00000000 -0.66470000 -0.74710000
vn 0.68600000 -0.69220000 -0.22440000
vn -0.00000000 -0.98700000 -0.16070000
vn 0.69810000 -0.68720000 0.20120000
vn 0.70310000 -0.70820000 -0.06330000
vn 0.71610000 -0.69800000 -0.00570000
vn 1.00000000 -0.00000000 -0.00000000
vn -0.00000000 -0.80780000 -0.58940000
vn -0.00000000 -0.66470000 -0.74710000
vn 1.00000000 -0.00000000 -0.00000000
vn 0.66290000 -0.73750000 0.12860000
vn 0.69810000 -0.53180000 0.47940000
vn 1.00000000 -0.00000000 -0.00000000
vn 0.70490000 -0.65410000 0.27430000
vn 0.69810000 -0.68720000 0.20120000
vn -0.00000000 -0.80780000 -0.58940000
vn -0.00000000 -0.91440000 -0.40490000
vn 1.00000000 -0.00000000 -0.00000000
vn -0.00000000 -0.97940000 -0.20210000
vn 1.00000000 -0.00000000 -0.00000000
vn -0.00000000 -0.91440000 -0.40490000
vn 1.00000000 -0.00000000 -0.00000000
vn -0.00000000 -0.99420000 -0.10760000
vn -0.00000000 -0.93250000 -0.36130000
vn -0.00000000 -0.99420000 -0.10760000
vn -0.00000000 -0.98820000 0.15330000
vn 1.00000000 -0.00000000 -0.00000000
vn 1.00000000 -0.00000000 -0.00000000
vn 0.69610000 0.54790000 0.46390000
vn 0.69610000 0.70230000 0.14880000
vn -0.00000000 -0.98820000 0.15330000
vn 1.00000000 -0.00000000 -0.00000000
vn -0.00000000 -0.91480000 0.40390000
vn 1.00000000 -0.00000000 -0.00000000
vn 0.69610000 0.54790000 0.46390000
vn 0.70210000 0.31180000 0.64030000
vn 0.70210000 0.31180000 0.64020000
vn -0.00000000 -0.77910000 0.62690000
vn 1.00000000 -0.00000000 -0.00000000
vn -0.00000000 -0.91480000 0.40390000
vn -0.00000000 -0.59030000 0.80720000
vn 1.00000000 -0.00000000 -0.00000000
vn -0.00000000 -0.77910000 0.62690000
vn -0.00000000 0.97940000 -0.20210000
vn -0.00000000 0.91440000 -0.40490000
vn 1.00000000 -0.00000000 -0.00000000
vn 0.71720000 0.33440000 -0.61140000
vn 0.70130000 0.29040000 -0.65110000
vn -0.00000000 0.97940000 -0.20210000
vn 0.70590000 0.44610000 -0.55010000
vn -0.00000000 0.62990000 -0.77670000
vn 1.00000000 -0.00000000 -0.00000000
vn 0.69470000 -0.01660000 -0.71910000
vn 0.70130000 0.29040000 -0.65110000
vn 1.00000000 -0.00000000 -0.00000000
vn 0.69610000 0.21120000 -0.68610000
vn 0.70210000 -0.08280000 -0.70730000
vn 1.00000000 -0.00000000 -0.00000000
vn 1.00000000 -0.00000000 -0.00000000
vn 0.70210000 -0.08280000 -0.70730000
vn 0.69810000 -0.34910000 -0.62520000
vn 1.00000000 -0.00000000 -0.00000000
vn 0.69810000 0.04330000 0.71470000
vn 0.70210000 0.31180000 0.64020000
vn 0.69270000 -0.26900000 0.66920000
vn 0.70690000 -0.14140000 0.69310000
vn 0.69810000 0.04330000 0.71470000
vn 1.00000000 -0.00000000 -0.00000000
vn 0.70710000 -0.40300000 0.58100000
vn -0.00000000 -0.56990000 0.82170000
vn 0.70260000 -0.29390000 0.64810000
vn -0.00000000 -0.97940000 0.20210000
vn 0.69270000 -0.26900000 0.66920000
vn 1.00000000 -0.00000000 -0.00000000
vn 1.00000000 -0.00000000 -0.00000000
vn -0.00000000 -0.40390000 -0.91480000
vn -0.00000000 -0.62690000 -0.77910000
vn 1.00000000 -0.00000000 -0.00000000
vn 0.70210000 0.31180000 0.64020000
vn 0.69610000 0.54790000 0.46390000
vn -0.00000000 -0.15330000 -0.98820000
vn -0.00000000 -0.40390000 -0.91480000
vn 1.00000000 -0.00000000 -0.00000000
vn 0.69610000 0.70230000 0.14880000
vn 0.69610000 0.54790000 0.46390000
vn 1.00000000 -0.00000000 -0.00000000
vn 1.00000000 -0.00000000 -0.00000000
vn -0.00000000 -0.15330000 -0.98820000
vn -0.00000000 0.10760000 -0.99420000
vn 1.00000000 -0.00000000 -0.00000000
vn -0.00000000 0.36130000 -0.93250000
vn -0.00000000 0.10760000 -0.99420000
vn 1.00000000 -0.00000000 -0.00000000
vn -0.00000000 0.80790000 -0.58940000
vn -0.00000000 0.80780000 -0.58940000
vn -0.00000000 0.91440000 -0.40490000
vn 0.70210000 -0.31180000 -0.64020000
vn 1.00000000 -0.00000000 -0.00000000
vn 0.69470000 -0.01660000 -0.71910000
vn 0.70210000 0.31180000 0.64020000
vn 1.00000000 -0.00000000 -0.00000000
vn 0.69610000 0.54790000 0.46390000
vn 1.00000000 -0.00000000 -0.00000000
vn 0.70210000 0.31180000 0.64020000
vn 0.69810000 0.04330000 0.71470000
vn 0.70210000 -0.31180000 -0.64020000
vn 0.69610000 -0.54790000 -0.46390000
vn 1.00000000 -0.00000000 -0.00000000
vn 0.69810000 -0.27110000 0.66270000
vn 0.68740000 -0.30000000 0.66150000
vn 0.70690000 -0.14140000 0.69310000
vn 1.00000000 -0.00000000 -0.00000000
vn 0.69810000 0.04330000 0.71470000
vn 0.70310000 -0.70820000 -0.06330000
vn 1.00000000 -0.00000000 -0.00000000
vn 0.69810000 -0.68720000 0.20120000
vn 0.68830000 -0.71570000 -0.11840000
vn 0.69810000 -0.53180000 0.47940000
vn 0.70490000 -0.65410000 0.27430000
vn 0.69810000 -0.68720000 0.20120000
vn 0.66290000 -0.73750000 0.12860000
vn 1.00000000 -0.00000000 -0.00000000
vn -0.00000000 0.36130000 -0.93250000
vn -0.00000000 0.59030000 -0.80720000
vn 1.00000000 -0.00000000 -0.00000000
vn 0.67570000 -0.58290000 0.45130000
vn 0.70610000 -0.44940000 0.54720000
vn 0.69810000 -0.53180000 0.47940000
vn 0.69810000 -0.27110000 0.66270000
vn 1.00000000 -0.00000000 -0.00000000
vn 1.00000000 -0.00000000 -0.00000000
vn -0.00000000 0.59030000 -0.80720000
vn -0.00000000 0.77910000 -0.62690000
vn 1.00000000 -0.00000000 -0.00000000
vn -0.00000000 0.91480000 -0.40390000
vn -0.00000000 0.77910000 -0.62690000
vn 1.00000000 -0.00000000 -0.00000000
vn -0.00000000 0.91480000 -0.40390000
vn -0.00000000 0.98820000 -0.15330000
vn 0.69620000 -0.70230000 -0.14880000
vn 0.69610000 -0.54790000 -0.46390000
vn 1.00000000 -0.00000000 -0.00000000
vn 1.00000000 -0.00000000 -0.00000000
vn -0.00000000 0.99420000 0.10760000
vn -0.00000000 0.98820000 -0.15330000
vn 0.69610000 -0.70230000 -0.14880000
vn 0.69620000 -0.70230000 -0.14880000
vn 0.69610000 -0.68900000 0.20170000
vn 1.00000000 -0.00000000 -0.00000000
vn -0.00000000 0.99420000 0.10760000
vn 1.00000000 -0.00000000 -0.00000000
vn -0.00000000 0.93250000 0.36130000
vn 1.00000000 -0.00000000 -0.00000000
vn 0.69610000 -0.68900000 0.20170000
vn 0.69610000 -0.51110000 0.50410000
vn 0.69610000 -0.51110000 0.50410000
vn 0.69610000 -0.21120000 0.68610000
vn 1.00000000 -0.00000000 -0.00000000
vn -0.00000000 0.66470000 -0.74710000
vn -0.00000000 0.98700000 -0.16070000
vn 1.00000000 -0.00000000 -0.00000000
vn 0.96740000 -0.15150000 0.20280000
vn 1.00000000 -0.00000000 -0.00000000
vn 0.01390000 0.93100000 -0.36470000
vn -0.00000000 0.98700000 -0.16070000
vn 0.07550000 0.95130000 -0.29870000
vn 0.98070000 -0.12980000 0.14590000
vn 1.00000000 -0.00000000 -0.00000000
vn 0.96740000 -0.15150000 0.20280000
vn 0.98070000 -0.12980000 0.14600000
vn 0.98060000 -0.10890000 0.16270000
vn 0.98070000 -0.19360000 0.02590000
vn 1.00000000 -0.00000000 -0.00000000
vn 0.98060000 -0.19370000 0.02890000
vn -0.00180000 0.63270000 -0.77440000
vn -0.00690000 0.76020000 -0.64970000
vn 0.98070000 -0.19390000 0.02590000
vn 0.00180000 0.74890000 -0.66270000
vn -0.00000000 0.62990000 -0.77670000
vn -0.00180000 0.63270000 -0.77440000
vn -0.00000000 0.97940000 -0.20210000
vn 1.00000000 -0.00000000 -0.00000000
vn 1.00000000 -0.00000000 -0.00000000
vn 0.98070000 -0.19360000 0.02590000
vn 0.98070000 -0.19000000 0.04530000
vn -0.00000000 0.91440000 -0.40490000
vn -0.00000000 0.97940000 -0.20210000
vn 1.00000000 -0.00000000 -0.00000000
vn 0.98070000 -0.18440000 0.06430000
vn 1.00000000 -0.00000000 -0.00000000
vn 0.98070000 -0.19000000 0.04530000
vn 0.98070000 -0.17690000 0.08270000
vn 0.98070000 -0.18440000 0.06430000
vn 1.00000000 -0.00000000 -0.00000000
vn 1.00000000 -0.00000000 -0.00000000
vn -0.00000000 0.91440000 -0.40490000
vn -0.00000000 0.80780000 -0.58940000
vn 0.98070000 -0.17700000 0.08270000
vn 0.98070000 -0.17690000 0.08270000
vn 0.98070000 -0.16760000 0.10030000
vn 1.00000000 -0.00000000 -0.00000000
vn 0.98070000 -0.15660000 0.11670000
vn 0.98070000 -0.16760000 0.10030000
vn 1.00000000 -0.00000000 -0.00000000
vn 0.98070000 -0.16760000 0.10020000
vn -0.00000000 0.66470000 -0.74710000
vn 1.00000000 -0.00000000 -0.00000000
vn -0.00000000 0.80790000 -0.58940000
vn -0.00000000 0.80780000 -0.58940000
vn 1.00000000 -0.00000000 -0.00000000
vn 0.98070000 -0.15660000 0.11670000
vn 0.98070000 -0.15660000 0.11680000
vn 0.98070000 -0.14400000 0.13200000
vn 0.98070000 -0.14390000 0.13200000
vn 0.98070000 -0.14400000 0.13200000
vn 0.98070000 -0.12980000 0.14590000
vn 1.00000000 -0.00000000 -0.00000000
vn 0.98290000 -0.07210000 -0.16970000
vn 0.97390000 -0.10550000 -0.20090000
vn 0.83210000 -0.22660000 -0.50620000
vn 0.97430000 -0.07480000 -0.21250000
vn 0.83150000 -0.18440000 -0.52390000
vn 0.83150000 -0.18440000 -0.52390000
vn 0.85080000 -0.17800000 -0.49450000
vn 0.78560000 -0.26710000 -0.55810000
vn 0.83210000 -0.22660000 -0.50620000
vn 0.71590000 -0.23650000 -0.65700000
vn 0.71070000 -0.30360000 -0.63460000
vn 0.70140000 -0.26560000 -0.66140000
vn 0.97910000 -0.06470000 -0.19270000
vn 0.98350000 -0.03650000 -0.17740000
vn 0.97430000 -0.07480000 -0.21250000
vn 0.83210000 -0.15210000 -0.53330000
vn 0.85080000 -0.17800000 -0.49450000
vn 0.83150000 -0.11200000 -0.54400000
vn 0.83150000 -0.18440000 -0.52390000
vn 0.83210000 -0.15210000 -0.53330000
vn 0.85080000 -0.17800000 -0.49450000
vn 0.70710000 -0.19390000 -0.68000000
vn 0.71590000 -0.23650000 -0.65700000
vn 0.70700000 -0.21440000 -0.67390000
vn 0.71070000 -0.30360000 -0.63460000
vn 0.78560000 -0.26710000 -0.55810000
vn 0.01340000 0.08030000 0.99670000
vn 0.69990000 -0.33190000 -0.63240000
vn 0.11750000 0.17720000 0.97710000
vn -0.01280000 -0.14620000 0.98920000
vn 0.97390000 -0.10550000 -0.20090000
vn 0.83210000 -0.22660000 -0.50620000
vn 0.78560000 -0.26710000 -0.55810000
vn 0.01340000 0.08030000 0.99670000
vn -0.01280000 -0.14620000 0.98920000
vn 0.05990000 -0.24630000 0.96740000
vn -0.00000000 -0.35430000 0.93510000
vn 0.98290000 -0.07210000 -0.16970000
vn 0.97390000 -0.10550000 -0.20090000
vn 1.00000000 -0.00000000 -0.00000000
vn 0.98290000 -0.07210000 -0.16970000
vn 0.97430000 -0.07480000 -0.21250000
vn 1.00000000 -0.00000000 -0.00000000
vn 0.97910000 -0.06470000 -0.19270000
vn 0.98350000 -0.03650000 -0.17740000
vn 1.00000000 -0.00000000 -0.00000000
vn 0.97910000 -0.06470000 -0.19270000
vn 0.98590000 -0.03230000 -0.16410000
vn 0.97570000 -0.01480000 -0.21840000
vn 0.83150000 -0.11200000 -0.54400000
vn 0.98590000 -0.03230000 -0.16410000
vn 0.98350000 -0.03650000 -0.17740000
vn 0.83150000 -0.03760000 -0.55420000
vn 1.00000000 -0.00000000 -0.00000000
vn 0.98840000 -0.00210000 -0.15190000
vn 0.97570000 -0.01480000 -0.21840000
vn 0.98590000 -0.03230000 -0.16410000
vn 0.97320000 0.01560000 -0.22950000
vn 0.83210000 0.00900000 -0.55450000
vn 0.86340000 0.03410000 -0.50340000
vn 0.83150000 -0.03760000 -0.55420000
vn 0.97570000 -0.01480000 -0.21840000
vn 0.98840000 -0.00210000 -0.15190000
vn 0.97320000 0.01560000 -0.22950000
vn 0.97680000 0.03560000 -0.21120000
vn 0.99030000 0.02810000 -0.13630000
vn 0.98840000 -0.00210000 -0.15190000
vn 1.00000000 -0.00000000 -0.00000000
vn 0.83450000 0.23550000 -0.49820000
vn 0.82800000 0.24290000 -0.50540000
vn 0.08230000 0.06020000 0.99480000
vn 0.98240000 0.07400000 -0.17150000
vn 0.00220000 0.18350000 0.98300000
vn -0.01290000 -0.05140000 0.99860000
vn 0.98630000 0.05640000 -0.15500000
vn 0.98240000 0.07400000 -0.17150000
vn 1.00000000 -0.00000000 -0.00000000
vn -0.00000000 0.27760000 0.96070000
vn 0.00220000 0.18350000 0.98300000
vn 0.98330000 0.06040000 -0.17150000
vn 0.98240000 0.07400000 -0.17150000
vn 0.83210000 0.21980000 -0.50910000
vn 0.83150000 0.18440000 -0.52390000
vn 0.83450000 0.23550000 -0.49820000
vn 0.98630000 0.05640000 -0.15500000
vn 0.98330000 0.06040000 -0.17150000
vn 0.98630000 0.05640000 -0.15500000
vn 1.00000000 -0.00000000 -0.00000000
vn 0.97680000 0.03560000 -0.21120000
vn 0.83150000 0.11200000 -0.54410000
vn 0.88760000 0.08160000 -0.45330000
vn 0.83200000 0.13500000 -0.53800000
vn 0.97680000 0.03560000 -0.21120000
vn 0.99030000 0.02810000 -0.13630000
vn 0.98330000 0.06040000 -0.17150000
vn 0.83150000 0.18440000 -0.52400000
vn 0.83150000 0.18440000 -0.52390000
vn 0.83180000 0.04650000 -0.55310000
vn 0.86340000 0.03410000 -0.50340000
vn 0.83150000 0.11200000 -0.54410000
vn 0.99030000 0.02810000 -0.13630000
vn 0.97320000 0.01560000 -0.22950000
vn 0.70620000 0.30670000 -0.63820000
vn 0.70210000 0.31450000 -0.63890000
vn 0.82800000 0.24290000 -0.50540000
vn 0.70680000 0.33580000 -0.62260000
vn -0.01290000 -0.05140000 0.99860000
vn 0.00900000 -0.25920000 0.96580000
vn 0.83210000 0.21980000 -0.50910000
vn 0.83450000 0.23550000 -0.49820000
vn 0.70710000 0.28040000 -0.64910000
vn 0.82800000 0.24290000 -0.50540000
vn 0.70620000 0.30670000 -0.63820000
vn 0.83150000 0.18440000 -0.52390000
vn 0.83210000 0.21980000 -0.50910000
vn 0.83150000 0.18440000 -0.52400000
vn 0.70650000 0.24650000 -0.66340000
vn 0.70710000 0.28040000 -0.64910000
vn 0.71570000 0.23190000 -0.65880000
vn 0.70060000 0.17940000 -0.69060000
vn 0.70370000 0.17290000 -0.68920000
vn 0.71570000 0.23190000 -0.65880000
vn 0.83200000 0.13500000 -0.53800000
vn 0.83150000 0.18440000 -0.52400000
vn 0.70710000 -0.19390000 -0.68000000
vn 0.71840000 -0.14030000 -0.68130000
vn 0.83210000 -0.15210000 -0.53330000
vn 0.83150000 -0.11200000 -0.54400000
vn 0.70390000 -0.16820000 -0.69010000
vn 0.83150000 -0.03760000 -0.55420000
vn 0.71840000 -0.14030000 -0.68130000
vn 0.70160000 -0.10470000 -0.70480000
vn 0.71560000 -0.04720000 -0.69690000
vn 0.83150000 -0.11200000 -0.54400000
vn 0.83150000 -0.03760000 -0.55420000
vn 0.83210000 0.00900000 -0.55450000
vn 0.70670000 -0.03590000 -0.70660000
vn 0.71560000 -0.04720000 -0.69690000
vn 0.70710000 0.01150000 -0.70710000
vn 0.70660000 0.05930000 -0.70510000
vn 0.83180000 0.04650000 -0.55310000
vn 0.70710000 0.01150000 -0.70710000
vn 0.86340000 0.03410000 -0.50340000
vn 0.83210000 0.00900000 -0.55450000
vn 0.70710000 0.01140000 -0.70710000
vn 0.70660000 0.05930000 -0.70510000
vn 0.71570000 0.04680000 -0.69680000
vn 0.83180000 0.04650000 -0.55310000
vn 0.69540000 0.12740000 -0.70730000
vn 0.83150000 0.11200000 -0.54410000
vn 0.88760000 0.08160000 -0.45330000
vn 0.69540000 0.12740000 -0.70730000
vn 0.88760000 0.08160000 -0.45330000
vn 0.83200000 0.13500000 -0.53800000
vn 0.70370000 0.17290000 -0.68920000
vn 0.71200000 0.10660000 -0.69400000
vn -0.00000000 -0.27760000 -0.96070000
vn 0.70210000 -0.08280000 -0.70730000
vn -0.00000000 -0.35770000 -0.93380000
vn 0.00370000 -0.11630000 -0.99320000
vn 0.70590000 -0.25340000 -0.66140000
vn -0.00000000 -0.35770000 -0.93380000
vn 1.00000000 -0.00000000 -0.00000000
vn -0.00000000 0.34690000 -0.93790000
vn 0.07550000 0.95130000 -0.29870000
vn 0.01390000 0.93100000 -0.36470000
vn 0.70300000 0.55180000 -0.44870000
vn 0.69780000 0.68340000 -0.21460000
vn -0.01560000 0.77580000 -0.63080000
vn 0.83130000 -0.33110000 0.44640000
vn 0.10470000 0.83270000 -0.54380000
vn 0.79470000 -0.35530000 0.49210000
vn 0.01390000 0.93100000 -0.36470000
vn 0.96740000 -0.15150000 0.20280000
vn -0.01560000 0.77580000 -0.63080000
vn 0.98060000 -0.10890000 0.16270000
vn 0.80970000 -0.31540000 0.49480000
vn 0.02270000 0.59800000 -0.80110000
vn -0.01560000 0.77580000 -0.63080000
vn 0.71820000 0.49540000 -0.48860000
vn 0.70300000 0.55180000 -0.44870000
vn -0.03920000 0.66380000 -0.74690000
vn 0.10470000 0.83270000 -0.54380000
vn 0.70550000 0.42400000 -0.56790000
vn 0.00370000 -0.11630000 -0.99320000
vn -0.04580000 0.04350000 -0.99800000
vn 0.09920000 -0.20710000 -0.97330000
vn 0.03700000 0.17980000 -0.98300000
vn 0.70210000 -0.08280000 -0.70730000
vn 0.70410000 0.12780000 -0.69850000
vn 0.03700000 0.17980000 -0.98300000
vn -0.00970000 0.26340000 -0.96460000
vn 0.85600000 -0.23340000 0.46120000
vn 0.70790000 -0.31890000 0.63020000
vn 0.70600000 -0.33590000 0.62350000
vn -0.04580000 0.04350000 -0.99800000
vn 0.70410000 0.12780000 -0.69850000
vn 0.71930000 0.20440000 -0.66400000
vn -0.00970000 0.26340000 -0.96460000
vn 0.01680000 0.41480000 -0.90980000
vn 0.70460000 0.29440000 -0.64560000
vn 0.03700000 0.17980000 -0.98300000
vn 0.70180000 -0.35240000 0.61910000
vn -0.00970000 0.26340000 -0.96460000
vn 0.01680000 0.41480000 -0.90980000
vn 0.70600000 -0.33590000 0.62350000
vn -0.03520000 0.45810000 -0.88820000
vn 0.01680000 0.41480000 -0.90980000
vn 0.02270000 0.59800000 -0.80110000
vn 0.70460000 0.29440000 -0.64560000
vn -0.03520000 0.45810000 -0.88820000
vn 0.70550000 0.42400000 -0.56790000
vn 0.70180000 -0.35240000 0.61910000
vn 0.69950000 -0.35730000 0.61890000
vn 0.70560000 -0.36900000 0.60500000
vn -0.03920000 0.66380000 -0.74690000
vn 0.02270000 0.59800000 -0.80110000
vn -0.03520000 0.45810000 -0.88820000
vn -0.03920000 0.66380000 -0.74690000
vn 0.10470000 0.83270000 -0.54380000
vn 0.70560000 -0.36900000 0.60500000
vn 0.70710000 -0.38020000 0.59620000
vn 0.80970000 -0.31540000 0.49480000
vn -0.00000000 -0.27760000 -0.96070000
vn -0.00000000 -0.35770000 -0.93380000
vn 1.00000000 -0.00000000 -0.00000000
vn 0.09920000 -0.20710000 -0.97330000
vn 0.96640000 -0.03740000 0.25420000
vn 0.98000000 -0.07940000 0.18230000
vn -0.00000000 -0.27760000 -0.96070000
vn 0.00370000 -0.11630000 -0.99320000
vn 1.00000000 -0.00000000 -0.00000000
vn 0.98100000 -0.07660000 0.17830000
vn 0.96640000 -0.03740000 0.25420000
vn 0.09920000 -0.20710000 -0.97330000
vn -0.04580000 0.04350000 -0.99800000
vn 0.85600000 -0.23340000 0.46120000
vn 0.81610000 -0.41240000 0.40470000
vn 0.98000000 -0.07940000 0.18230000
vn 0.81610000 -0.41240000 0.40470000
vn 0.83190000 -0.22160000 0.50870000
vn 0.96640000 -0.03740000 0.25420000
vn 0.83180000 -0.17480000 0.52680000
vn 0.98000000 -0.07940000 0.18230000
vn 0.98100000 -0.06000000 0.18470000
vn 0.98270000 -0.05830000 0.17580000
vn 0.83190000 -0.22160000 0.50870000
vn 0.98100000 -0.07660000 0.17830000
vn 0.85600000 -0.23340000 0.46120000
vn 0.70200000 -0.29170000 0.64970000
vn 0.81610000 -0.41240000 0.40470000
vn 0.70790000 -0.31890000 0.63020000
vn 0.83190000 -0.22160000 0.50870000
vn 0.70680000 -0.28250000 0.64850000
vn 0.70680000 -0.28250000 0.64850000
vn 0.70670000 -0.22280000 0.67160000
vn 0.70660000 -0.22280000 0.67160000
vn 0.83190000 -0.22160000 0.50870000
vn 0.83180000 -0.17480000 0.52680000
vn 0.98100000 -0.04210000 0.18950000
vn 0.98270000 -0.05830000 0.17580000
vn 0.83180000 -0.17480000 0.52680000
vn 0.97920000 -0.04280000 0.19830000
vn 0.83180000 -0.12040000 0.54190000
vn 0.70660000 -0.15350000 0.69070000
vn 0.83180000 -0.12040000 0.54190000
vn 0.70660000 -0.22280000 0.67160000
vn 0.83180000 -0.17480000 0.52680000
vn 0.83180000 -0.06480000 0.55130000
vn 0.83180000 -0.12040000 0.54190000
vn 0.98100000 -0.02370000 0.19270000
vn 0.97970000 -0.02340000 0.19930000
vn 0.98100000 -0.04210000 0.18950000
vn 0.83180000 -0.12040000 0.54190000
vn 0.70660000 -0.08260000 0.70270000
vn 0.70660000 -0.08270000 0.70270000
vn 0.70660000 -0.15350000 0.69070000
vn 0.83180000 -0.06480000 0.55130000
vn 0.98230000 -0.00390000 0.18730000
vn 0.83180000 -0.00860000 0.55500000
vn 0.83180000 -0.06480000 0.55130000
vn 0.98100000 -0.00300000 0.19410000
vn 0.97970000 -0.02340000 0.19930000
vn 0.70670000 -0.01090000 0.70750000
vn 0.70660000 -0.08270000 0.70270000
vn 0.70660000 -0.01090000 0.70750000
vn 0.83180000 -0.00860000 0.55500000
vn 0.83180000 -0.06480000 0.55130000
vn 0.83180000 -0.00860000 0.55500000
vn 0.83180000 0.04780000 0.55300000
vn 0.97760000 0.01810000 0.20980000
vn 0.98100000 0.01350000 0.19360000
vn 0.98100000 -0.00300000 0.19410000
vn 0.83180000 -0.00860000 0.55500000
vn 0.70660000 0.06090000 0.70490000
vn 0.70670000 -0.01090000 0.70750000
vn 0.83180000 0.04780000 0.55300000
vn 0.98480000 0.02970000 0.17140000
vn 0.98100000 0.03630000 0.19080000
vn 0.83180000 0.04780000 0.55300000
vn 0.97760000 0.01810000 0.20980000
vn 0.83180000 0.10370000 0.54530000
vn 0.83180000 0.04780000 0.55300000
vn 0.70660000 0.06090000 0.70490000
vn 0.70660000 0.13210000 0.69510000
vn 0.83180000 0.10360000 0.54530000
vn 0.83180000 0.10370000 0.54530000
vn 0.98100000 0.05020000 0.18740000
vn 0.98100000 0.03630000 0.19080000
vn 0.83180000 0.10360000 0.54530000
vn 0.83180000 0.10370000 0.54530000
vn 0.83210000 0.14350000 0.53580000
vn 0.83210000 0.14350000 0.53580000
vn 0.70660000 0.13210000 0.69510000
vn 0.70700000 0.18300000 0.68310000
vn 0.83180000 0.10360000 0.54530000
vn 0.98100000 0.05020000 0.18740000
vn 0.98480000 0.02970000 0.17140000
vn 0.98100000 0.03630000 0.19080000
vn 1.00000000 -0.00000000 -0.00000000
vn 0.98100000 0.05020000 0.18740000
vn 0.98100000 0.06170000 0.18400000
vn 1.00000000 -0.00000000 -0.00000000
vn 0.98100000 0.06170000 0.18400000
vn 0.97240000 0.08110000 0.21890000
vn 0.83210000 0.14350000 0.53580000
vn 0.83150000 0.19310000 0.52090000
vn 0.98100000 0.05020000 0.18740000
vn 0.98100000 -0.06000000 0.18470000
vn 1.00000000 -0.00000000 -0.00000000
vn 0.98100000 -0.07660000 0.17830000
vn 0.98100000 -0.06000000 0.18470000
vn 0.97920000 -0.04280000 0.19830000
vn 0.98270000 -0.05830000 0.17580000
vn 1.00000000 -0.00000000 -0.00000000
vn 0.97920000 -0.04280000 0.19830000
vn 0.98100000 -0.04210000 0.18950000
vn 1.00000000 -0.00000000 -0.00000000
vn 0.98100000 -0.02370000 0.19270000
vn 0.97970000 -0.02340000 0.19930000
vn 1.00000000 -0.00000000 -0.00000000
vn 0.98100000 -0.02370000 0.19270000
vn 0.98230000 -0.00390000 0.18730000
vn 0.98100000 0.01350000 0.19360000
vn 0.98100000 -0.00300000 0.19410000
vn 0.98230000 -0.00390000 0.18730000
vn 1.00000000 -0.00000000 -0.00000000
vn 1.00000000 -0.00000000 -0.00000000
vn 0.98100000 0.01350000 0.19360000
vn 0.97760000 0.01810000 0.20980000
vn 0.98480000 0.02970000 0.17140000
vn 0.70700000 0.18300000 0.68310000
vn 0.83150000 0.19310000 0.52090000
vn 0.83210000 0.14350000 0.53580000
vn 0.71240000 0.24390000 0.65800000
vn 0.70640000 0.23980000 0.66590000
vn 0.68090000 0.40060000 0.61310000
vn 0.70510000 0.38660000 0.59450000
vn 0.69560000 0.37310000 0.61390000
vn 0.02810000 -0.74880000 -0.66220000
vn -0.03820000 -0.62790000 -0.77730000
vn 0.02810000 -0.74880000 -0.66220000
vn 0.68090000 0.40060000 0.61310000
vn 0.85610000 0.28260000 0.43270000
vn 0.08990000 -0.81480000 -0.57280000
vn 0.00610000 -0.85050000 -0.52600000
vn 0.85610000 0.28260000 0.43270000
vn 0.81520000 0.13930000 0.56220000
vn 0.69730000 0.42770000 0.57520000
vn 0.70510000 0.38660000 0.59450000
vn 0.68090000 0.40060000 0.61310000
vn 0.71060000 0.43180000 0.55560000
vn 0.83190000 0.33110000 0.44530000
vn 0.70640000 0.33390000 0.62410000
vn 0.79290000 0.26820000 0.54720000
vn 0.70280000 0.31310000 0.63880000
vn 0.70210000 0.31450000 0.63890000
vn 0.13920000 -0.19720000 -0.97040000
vn 0.01350000 -0.08040000 -0.99670000
vn 0.70640000 0.33390000 0.62410000
vn 0.55500000 0.36730000 0.74630000
vn 0.70210000 0.31450000 0.63890000
vn 0.55510000 0.44120000 0.70520000
vn 0.55510000 0.36730000 0.74630000
vn 0.70770000 0.34620000 0.61590000
vn 0.70220000 0.37760000 0.60360000
vn 0.70210000 0.31450000 0.63890000
vn 0.55480000 0.28190000 0.78270000
vn 0.70640000 0.23980000 0.66590000
vn 0.71240000 0.24390000 0.65800000
vn 0.70280000 0.31310000 0.63880000
vn 0.55500000 0.36730000 0.74630000
vn 0.55490000 0.28190000 0.78270000
vn 0.70640000 0.33390000 0.62410000
vn -0.00000000 -0.40630000 -0.91370000
vn 0.70770000 0.34620000 0.61590000
vn 0.13920000 -0.19720000 -0.97040000
vn -0.00000000 -0.11630000 -0.99320000
vn 0.70770000 0.34620000 0.61590000
vn -0.03820000 -0.62790000 -0.77730000
vn 0.13670000 -0.48290000 -0.86490000
vn 0.69560000 0.37310000 0.61390000
vn 0.70220000 0.37760000 0.60360000
vn -0.00000000 -0.40630000 -0.91370000
vn 0.70220000 0.37760000 0.60360000
vn 0.55510000 0.44120000 0.70520000
vn 0.55510000 0.51040000 0.65680000
vn 0.69560000 0.37310000 0.61390000
vn 0.70510000 0.38660000 0.59450000
vn 0.71060000 0.43180000 0.55560000
vn 0.55550000 0.21520000 0.80320000
vn 0.70640000 0.23980000 0.66590000
vn 0.55490000 0.28190000 0.78270000
vn 0.70700000 0.18300000 0.68310000
vn 0.71240000 0.24390000 0.65800000
vn 0.70280000 0.31310000 0.63880000
vn 0.83210000 0.22780000 0.50570000
vn 0.83150000 0.19310000 0.52090000
vn 0.79290000 0.26820000 0.54720000
vn 0.69730000 0.42770000 0.57520000
vn 0.55510000 0.51040000 0.65680000
vn 0.55510000 0.57340000 0.60250000
vn 0.71130000 0.46620000 0.52610000
vn 0.70050000 0.49200000 0.51700000
vn 0.71060000 0.43180000 0.55560000
vn 0.83130000 0.42730000 0.35540000
vn 0.69790000 0.45100000 0.55640000
vn 0.83200000 0.42670000 0.35450000
vn 0.70690000 0.54400000 0.45200000
vn 0.72200000 0.47510000 0.50300000
vn 0.82850000 0.38450000 0.40710000
vn 0.70690000 0.54400000 0.45200000
vn 0.69790000 0.45100000 0.55640000
vn 0.70070000 0.54020000 0.46600000
vn 0.54560000 0.52770000 0.65100000
vn 0.55510000 0.62980000 0.54330000
vn 0.83200000 0.42670000 0.35450000
vn 0.70070000 0.54020000 0.46600000
vn 0.70690000 0.54400000 0.45200000
vn 0.71110000 0.50800000 0.48610000
vn 0.83190000 0.40090000 0.38360000
vn 0.70070000 0.54020000 0.46600000
vn 0.71110000 0.50800000 0.48610000
vn 0.55510000 0.62980000 0.54330000
vn 0.70050000 0.49200000 0.51700000
vn 0.55510000 0.57340000 0.60250000
vn 0.83190000 0.40090000 0.38360000
vn 0.71130000 0.46620000 0.52610000
vn 0.70050000 0.49200000 0.51700000
vn 0.83190000 0.36810000 0.41530000
vn 0.71110000 0.50800000 0.48610000
vn 0.69730000 0.42770000 0.57520000
vn 0.71130000 0.46620000 0.52610000
vn 0.83190000 0.36800000 0.41530000
vn 0.83190000 0.36810000 0.41530000
vn 0.83190000 0.33110000 0.44530000
vn 0.19500000 -0.29730000 -0.93470000
vn 0.22910000 -0.30430000 -0.92460000
vn 0.19480000 -0.36550000 -0.91020000
vn 0.19490000 -0.36550000 -0.91020000
vn 0.19480000 -0.36550000 -0.91020000
vn 0.19500000 -0.29730000 -0.93470000
vn 0.55510000 -0.31000000 -0.77190000
vn 0.55550000 -0.25200000 -0.79240000
vn 0.26650000 -0.44810000 -0.85340000
vn 0.19480000 -0.36550000 -0.91020000
vn 0.55510000 -0.31000000 -0.77190000
vn 0.55510000 -0.38670000 -0.73650000
vn 0.19490000 -0.36550000 -0.91020000
vn 0.19500000 -0.44460000 -0.87430000
vn 0.55550000 -0.25210000 -0.79240000
vn 0.55520000 -0.19690000 -0.80810000
vn 0.19490000 -0.23220000 -0.95290000
vn 0.19510000 -0.28500000 -0.93850000
vn 0.55550000 -0.25200000 -0.79240000
vn 0.22910000 -0.30430000 -0.92460000
vn 0.19500000 -0.29730000 -0.93470000
vn 0.55550000 -0.25210000 -0.79240000
vn 0.70700000 -0.21440000 -0.67390000
vn 0.70710000 -0.19390000 -0.68000000
vn 0.70390000 -0.16820000 -0.69010000
vn 0.55520000 -0.19690000 -0.80810000
vn 0.70140000 -0.26560000 -0.66140000
vn 0.55550000 -0.25200000 -0.79240000
vn 0.55510000 -0.31000000 -0.77190000
vn 0.71590000 -0.23650000 -0.65700000
vn 0.70700000 -0.21440000 -0.67390000
vn 0.55550000 -0.25210000 -0.79240000
vn 0.22910000 -0.30430000 -0.92460000
vn 0.19510000 -0.28500000 -0.93850000
vn 0.19510000 -0.28500000 -0.93850000
vn 0.19490000 -0.23220000 -0.95290000
vn 0.19480000 -0.54170000 -0.81770000
vn 0.55510000 -0.45940000 -0.69340000
vn 0.26650000 -0.61110000 -0.74530000
vn 0.55510000 -0.52740000 -0.64320000
vn 0.19500000 -0.61190000 -0.76650000
vn 0.19480000 -0.54170000 -0.81770000
vn 0.19510000 -0.48840000 -0.85050000
vn 0.55510000 -0.38670000 -0.73650000
vn 0.55510000 -0.45940000 -0.69340000
vn 0.19510000 -0.48840000 -0.85050000
vn 0.19480000 -0.54170000 -0.81770000
vn 0.26650000 -0.44810000 -0.85340000
vn 0.19510000 -0.48840000 -0.85050000
vn 0.19500000 -0.44460000 -0.87430000
vn 0.26650000 -0.44810000 -0.85340000
vn 0.19490000 -0.36550000 -0.91020000
vn 0.19500000 -0.44460000 -0.87430000
vn 0.55510000 -0.64640000 -0.52350000
vn 0.55510000 -0.59000000 -0.58640000
vn 0.19490000 -0.75410000 -0.62720000
vn 0.19480000 -0.69560000 -0.69150000
vn 0.19480000 -0.69570000 -0.69140000
vn 0.26650000 -0.74900000 -0.60660000
vn 0.19480000 -0.69570000 -0.69140000
vn 0.19480000 -0.69560000 -0.69150000
vn 0.19510000 -0.65010000 -0.73440000
vn 0.19510000 -0.65010000 -0.73440000
vn 0.55510000 -0.52740000 -0.64320000
vn 0.26650000 -0.61110000 -0.74530000
vn 0.55510000 -0.59000000 -0.58640000
vn 0.19480000 -0.69570000 -0.69140000
vn 0.26650000 -0.61110000 -0.74530000
vn 0.19500000 -0.61190000 -0.76650000
vn 0.19510000 -0.65010000 -0.73440000
vn 0.19480000 -0.54170000 -0.81770000
vn 0.19500000 -0.61190000 -0.76650000
vn 0.55510000 -0.73880000 -0.38220000
vn 0.19490000 -0.82090000 -0.53680000
vn 0.19480000 -0.82090000 -0.53680000
vn 0.26650000 -0.85600000 -0.44290000
vn 0.55510000 -0.69620000 -0.45520000
vn 0.19500000 -0.86520000 -0.46200000
vn 0.19480000 -0.82090000 -0.53680000
vn 0.19490000 -0.82090000 -0.53680000
vn 0.19510000 -0.78490000 -0.58810000
vn 0.19480000 -0.82090000 -0.53680000
vn 0.55510000 -0.69620000 -0.45520000
vn 0.26650000 -0.74900000 -0.60660000
vn 0.55510000 -0.64640000 -0.52350000
vn 0.19510000 -0.78490000 -0.58810000
vn 0.19490000 -0.75410000 -0.62720000
vn 0.26650000 -0.74900000 -0.60660000
vn 0.19510000 -0.78490000 -0.58810000
vn 0.19490000 -0.75410000 -0.62720000
vn 0.19480000 -0.69560000 -0.69150000
vn 0.55510000 -0.80070000 -0.22520000
vn 0.19480000 -0.91240000 -0.36000000
vn 0.19500000 -0.94060000 -0.27790000
vn 0.55510000 -0.77370000 -0.30530000
vn 0.19490000 -0.91240000 -0.36000000
vn 0.26650000 -0.92780000 -0.26100000
vn 0.19480000 -0.91240000 -0.36000000
vn 0.19490000 -0.91240000 -0.36000000
vn 0.19510000 -0.88750000 -0.41750000
vn 0.19480000 -0.91240000 -0.36000000
vn 0.55510000 -0.77370000 -0.30530000
vn 0.55510000 -0.73880000 -0.38220000
vn 0.26650000 -0.85600000 -0.44290000
vn 0.19510000 -0.88750000 -0.41750000
vn 0.19510000 -0.88750000 -0.41750000
vn 0.26650000 -0.85600000 -0.44290000
vn 0.19500000 -0.86520000 -0.46200000
vn 0.19490000 -0.82090000 -0.53680000
vn 0.19500000 -0.86520000 -0.46200000
vn 0.19480000 -0.96630000 -0.16840000
vn 0.19500000 -0.97740000 -0.08220000
vn 0.26650000 -0.96140000 -0.06830000
vn 0.55510000 -0.81950000 -0.14280000
vn 0.19490000 -0.96630000 -0.16840000
vn 0.55510000 -0.82970000 -0.05890000
vn 0.19480000 -0.96630000 -0.16840000
vn 0.19490000 -0.96630000 -0.16840000
vn 0.19500000 -0.95350000 -0.22970000
vn 0.26650000 -0.92780000 -0.26100000
vn 0.55510000 -0.80070000 -0.22520000
vn 0.55510000 -0.81950000 -0.14280000
vn 0.19500000 -0.95350000 -0.22970000
vn 0.19480000 -0.96630000 -0.16840000
vn 0.26650000 -0.92780000 -0.26100000
vn 0.19500000 -0.95350000 -0.22970000
vn 0.19500000 -0.94060000 -0.27790000
vn 0.19500000 -0.94060000 -0.27790000
vn 0.19490000 -0.91240000 -0.36000000
vn 0.26870000 -0.96240000 0.03930000
vn 0.19480000 -0.98040000 0.03020000
vn 0.19510000 -0.98020000 -0.03250000
vn 0.55510000 -0.82970000 -0.05890000
vn 0.55510000 -0.83140000 0.02560000
vn 0.19510000 -0.98070000 -0.00980000
vn 0.26650000 -0.96140000 -0.06830000
vn 0.19510000 -0.98020000 -0.03250000
vn 0.26650000 -0.96140000 -0.06830000
vn 0.19500000 -0.97740000 -0.08220000
vn 0.19500000 -0.97740000 -0.08220000
vn 0.19490000 -0.96630000 -0.16840000
vn 0.19480000 -0.98040000 0.03020000
vn 0.19490000 -0.97220000 0.12950000
vn 0.26870000 -0.96240000 0.03930000
vn 0.19510000 -0.98070000 -0.00980000
vn 0.26870000 -0.96240000 0.03930000
vn 0.19510000 -0.98070000 -0.00980000
vn 0.19510000 -0.98020000 -0.03250000
vn 0.19480000 -0.98040000 0.03020000
vn 0.55510000 -0.82450000 0.10980000
vn 0.19490000 -0.97220000 0.12950000
vn 0.55510000 -0.83140000 0.02560000
vn 0.19490000 -0.97220000 0.12950000
vn 0.27950000 -0.93400000 0.22270000
vn 0.19500000 -0.95790000 0.21050000
vn 0.55510000 -0.80910000 0.19290000
vn 0.55510000 -0.82450000 0.10980000
vn 0.19490000 -0.97220000 0.12950000
vn 0.19500000 -0.95790000 0.21050000
vn 0.19500000 -0.95790000 0.21050000
vn 0.27950000 -0.93400000 0.22270000
vn 0.19500000 -0.94600000 0.25890000
vn 0.19480000 -0.92610000 0.32310000
vn 0.19500000 -0.94600000 0.25890000
vn 0.55510000 -0.78540000 0.27400000
vn 0.27950000 -0.93400000 0.22270000
vn 0.55510000 -0.80910000 0.19290000
vn 0.19500000 -0.94600000 0.25890000
vn 0.19480000 -0.92610000 0.32310000
vn 0.19490000 -0.92610000 0.32310000
vn 0.19490000 -0.92610000 0.32310000
vn 0.55510000 -0.78540000 0.27400000
vn 0.55510000 -0.75350000 0.35230000
vn 0.27950000 -0.86980000 0.40660000
vn 0.19480000 -0.92610000 0.32310000
vn 0.19500000 -0.89570000 0.39960000
vn 0.19490000 -0.92610000 0.32310000
vn 0.19500000 -0.89570000 0.39960000
vn 0.19510000 -0.87420000 0.44460000
vn 0.19500000 -0.89570000 0.39960000
vn 0.27950000 -0.86980000 0.40660000
vn 0.27950000 -0.86980000 0.40660000
vn 0.19480000 -0.84180000 0.50340000
vn 0.19510000 -0.87420000 0.44460000
vn 0.55510000 -0.71390000 0.42690000
vn 0.55510000 -0.75350000 0.35230000
vn 0.19480000 -0.84180000 0.50340000
vn 0.19510000 -0.87420000 0.44460000
vn 0.19490000 -0.84180000 0.50340000
vn 0.19490000 -0.84180000 0.50340000
vn 0.19480000 -0.84180000 0.50340000
vn 0.55510000 -0.71390000 0.42690000
vn 0.19500000 -0.79660000 0.57220000
vn 0.27950000 -0.76980000 0.57380000
vn 0.55510000 -0.66690000 0.49710000
vn 0.55510000 -0.66690000 0.49720000
vn 0.19500000 -0.79660000 0.57220000
vn 0.19490000 -0.84180000 0.50340000
vn 0.19510000 -0.76650000 0.61190000
vn 0.27950000 -0.76980000 0.57380000
vn 0.19500000 -0.79660000 0.57220000
vn 0.19510000 -0.76650000 0.61190000
vn 0.55510000 -0.61300000 0.56220000
vn 0.27950000 -0.76980000 0.57380000
vn 0.19480000 -0.72290000 0.66300000
vn 0.55510000 -0.66690000 0.49710000
vn 0.19480000 -0.72290000 0.66300000
vn 0.19480000 -0.72280000 0.66300000
vn 0.19510000 -0.76650000 0.61190000
vn 0.27950000 -0.63810000 0.71740000
vn 0.19480000 -0.72280000 0.66300000
vn 0.55510000 -0.55280000 0.62150000
vn 0.55510000 -0.61300000 0.56220000
vn 0.19480000 -0.72290000 0.66300000
vn 0.19500000 -0.66470000 0.72120000
vn 0.19480000 -0.72280000 0.66300000
vn 0.19500000 -0.66470000 0.72120000
vn 0.27950000 -0.63810000 0.71740000
vn 0.19500000 -0.66470000 0.72120000
vn 0.19510000 -0.62720000 0.75410000
vn 0.55510000 -0.55280000 0.62150000
vn 0.55510000 -0.48690000 0.67440000
vn 0.19490000 -0.57410000 0.79530000
vn 0.19510000 -0.62720000 0.75410000
vn 0.27950000 -0.63810000 0.71740000
vn 0.19510000 -0.62720000 0.75410000
vn 0.19490000 -0.57410000 0.79530000
vn 0.19480000 -0.57410000 0.79530000
vn 0.55510000 -0.41590000 0.72030000
vn 0.19480000 -0.57410000 0.79530000
vn 0.27950000 -0.48010000 0.83150000
vn 0.55510000 -0.48690000 0.67440000
vn 0.19500000 -0.50540000 0.84060000
vn 0.19490000 -0.57410000 0.79530000
vn 0.19500000 -0.50540000 0.84060000
vn 0.19480000 -0.57410000 0.79530000
vn 0.27950000 -0.48010000 0.83150000
vn 0.19500000 -0.50540000 0.84060000
vn 0.19510000 -0.46200000 0.86510000
vn 0.55510000 -0.41590000 0.72030000
vn 0.55510000 -0.34070000 0.75880000
vn 0.19490000 -0.40180000 0.89480000
vn 0.19510000 -0.46200000 0.86510000
vn 0.27950000 -0.48010000 0.83150000
vn 0.19510000 -0.46200000 0.86510000
vn 0.19490000 -0.40180000 0.89480000
vn 0.19490000 -0.40170000 0.89480000
vn 0.19500000 -0.32530000 0.92530000
vn 0.19490000 -0.40170000 0.89480000
vn 0.55510000 -0.26190000 0.78950000
vn 0.55510000 -0.26200000 0.78950000
vn 0.27950000 -0.30240000 0.91130000
vn 0.55510000 -0.34070000 0.75880000
vn 0.19490000 -0.40180000 0.89480000
vn 0.19490000 -0.40170000 0.89480000
vn 0.19500000 -0.32530000 0.92530000
vn 0.19500000 -0.27790000 0.94060000
vn 0.27950000 -0.30240000 0.91130000
vn 0.19500000 -0.32530000 0.92530000
vn 0.27950000 -0.30240000 0.91130000
vn 0.19480000 -0.21280000 0.95750000
vn 0.19500000 -0.27790000 0.94060000
vn 0.55510000 -0.26190000 0.78950000
vn 0.55510000 -0.18050000 0.81200000
vn 0.19480000 -0.21280000 0.95750000
vn 0.19500000 -0.27790000 0.94060000
vn 0.27950000 -0.11220000 0.95360000
vn 0.55510000 -0.18050000 0.81200000
vn 0.19500000 -0.13180000 0.97190000
vn 0.19480000 -0.21280000 0.95750000
vn 0.55510000 -0.09720000 0.82610000
vn 0.19480000 -0.21280000 0.95750000
vn 0.19500000 -0.13180000 0.97190000
vn 0.19500000 -0.13180000 0.97190000
vn 0.27950000 -0.11220000 0.95360000
vn 0.19510000 -0.08230000 0.97730000
vn 0.55510000 -0.01290000 0.83170000
vn 0.27950000 -0.11220000 0.95360000
vn 0.19480000 -0.01520000 0.98070000
vn 0.55510000 -0.09720000 0.82610000
vn 0.19510000 -0.08230000 0.97730000
vn 0.19480000 -0.01510000 0.98070000
vn 0.19480000 -0.01520000 0.98070000
vn 0.19510000 -0.08230000 0.97730000
vn 0.27950000 0.08270000 0.95660000
vn 0.19500000 0.06710000 0.97850000
vn 0.55510000 0.07160000 0.82870000
vn 0.55510000 -0.01290000 0.83170000
vn 0.19480000 -0.01510000 0.98070000
vn 0.19480000 -0.01520000 0.98070000
vn 0.19500000 0.06710000 0.97850000
vn 0.19480000 -0.01510000 0.98070000
vn 0.55510000 -0.31000000 -0.77190000
vn 0.70140000 -0.26560000 -0.66140000
vn 0.71070000 -0.30360000 -0.63460000
vn 0.55510000 -0.38670000 -0.73650000
vn 0.69990000 -0.33190000 -0.63240000
vn 0.69820000 -0.33600000 -0.63220000
vn 0.70010000 -0.33200000 -0.63220000
vn 0.70660000 -0.39080000 -0.58990000
vn 0.70010000 -0.33200000 -0.63220000
vn 0.70620000 -0.34670000 -0.61730000
vn 0.70710000 -0.35780000 -0.60990000
vn 0.55510000 -0.45940000 -0.69340000
vn 0.55510000 -0.38670000 -0.73650000
vn 0.70690000 -0.39840000 -0.58450000
vn 0.55510000 -0.52740000 -0.64320000
vn 0.69440000 -0.38750000 -0.60630000
vn 0.70670000 -0.44860000 -0.54710000
vn 0.55510000 -0.45940000 -0.69340000
vn 0.68780000 -0.38230000 -0.61710000
vn 0.70660000 -0.39080000 -0.58990000
vn 0.55510000 -0.59000000 -0.58640000
vn 0.70670000 -0.50180000 -0.49880000
vn 0.70670000 -0.44860000 -0.54710000
vn 0.55510000 -0.52740000 -0.64320000
vn 0.70670000 -0.54990000 -0.44530000
vn 0.55510000 -0.59000000 -0.58640000
vn 0.55510000 -0.64640000 -0.52350000
vn 0.70670000 -0.50180000 -0.49880000
vn 0.55510000 -0.69620000 -0.45520000
vn 0.70670000 -0.54990000 -0.44530000
vn 0.70670000 -0.59220000 -0.38720000
vn 0.55510000 -0.64640000 -0.52350000
vn 0.70670000 -0.62840000 -0.32510000
vn 0.55510000 -0.69620000 -0.45520000
vn 0.55510000 -0.73880000 -0.38220000
vn 0.70670000 -0.59220000 -0.38720000
vn 0.55510000 -0.77370000 -0.30530000
vn 0.70670000 -0.62840000 -0.32510000
vn 0.70670000 -0.65820000 -0.25970000
vn 0.55510000 -0.73880000 -0.38220000
vn 0.55510000 -0.77370000 -0.30530000
vn 0.55510000 -0.80070000 -0.22520000
vn 0.70670000 -0.65820000 -0.25970000
vn 0.70670000 -0.68110000 -0.19160000
vn 0.70670000 -0.68110000 -0.19160000
vn 0.55510000 -0.81950000 -0.14280000
vn 0.55510000 -0.80070000 -0.22520000
vn 0.70670000 -0.69710000 -0.12150000
vn 0.55510000 -0.81950000 -0.14280000
vn 0.55510000 -0.82970000 -0.05890000
vn 0.70680000 -0.70520000 -0.05610000
vn 0.70290000 -0.70950000 -0.05040000
vn 0.70670000 -0.69710000 -0.12150000
vn 0.70290000 -0.70950000 -0.05040000
vn 0.55510000 -0.83140000 0.02560000
vn 0.55510000 -0.82970000 -0.05890000
vn 0.70710000 -0.70700000 -0.01050000
vn 0.70710000 -0.70690000 -0.01570000
vn 0.70690000 -0.70700000 -0.02170000
vn 0.70390000 -0.71000000 0.02180000
vn 0.70060000 -0.71320000 0.02360000
vn 0.70710000 -0.70580000 0.04230000
vn 0.70640000 -0.70160000 0.09340000
vn 0.69090000 -0.72290000 0.00530000
vn 0.55510000 -0.82450000 0.10980000
vn 0.55510000 -0.83140000 0.02560000
vn 0.70390000 -0.71000000 0.02180000
vn 0.70670000 -0.70130000 0.09380000
vn 0.70640000 -0.70160000 0.09340000
vn 0.55510000 -0.82450000 0.10980000
vn 0.70670000 -0.68830000 0.16410000
vn 0.55510000 -0.80910000 0.19290000
vn 0.55510000 -0.78540000 0.27400000
vn 0.55510000 -0.80910000 0.19290000
vn 0.70670000 -0.66810000 0.23310000
vn 0.70670000 -0.68830000 0.16410000
vn 0.70670000 -0.64100000 0.29970000
vn 0.70670000 -0.66810000 0.23310000
vn 0.55510000 -0.75350000 0.35230000
vn 0.55510000 -0.78540000 0.27400000
vn 0.55510000 -0.71390000 0.42690000
vn 0.70660000 -0.64100000 0.29970000
vn 0.70670000 -0.64100000 0.29970000
vn 0.70660000 -0.60730000 0.36310000
vn 0.55510000 -0.75350000 0.35230000
vn 0.55510000 -0.71390000 0.42690000
vn 0.55510000 -0.66690000 0.49720000
vn 0.70660000 -0.60730000 0.36310000
vn 0.70670000 -0.56730000 0.42290000
vn 0.70670000 -0.60730000 0.36310000
vn 0.55510000 -0.66690000 0.49720000
vn 0.70660000 -0.52140000 0.47830000
vn 0.70670000 -0.56730000 0.42290000
vn 0.55510000 -0.61300000 0.56220000
vn 0.55510000 -0.66690000 0.49710000
vn 0.55510000 -0.55280000 0.62150000
vn 0.70660000 -0.47020000 0.52870000
vn 0.70670000 -0.52140000 0.47830000
vn 0.70660000 -0.52140000 0.47830000
vn 0.55510000 -0.61300000 0.56220000
vn 0.55510000 -0.55280000 0.62150000
vn 0.55510000 -0.48690000 0.67440000
vn 0.70660000 -0.47020000 0.52870000
vn 0.70660000 -0.41420000 0.57370000
vn 0.69950000 -0.35730000 0.61890000
vn 0.70710000 -0.38020000 0.59620000
vn 0.70670000 -0.41410000 0.57370000
vn 0.70560000 -0.36900000 0.60500000
vn 0.70660000 -0.41420000 0.57370000
vn 0.55510000 -0.41590000 0.72030000
vn 0.55510000 -0.48690000 0.67440000
vn 0.70790000 -0.31890000 0.63020000
vn 0.70600000 -0.33590000 0.62350000
vn 0.69950000 -0.35730000 0.61890000
vn 0.55510000 -0.34070000 0.75880000
vn 0.55510000 -0.41590000 0.72030000
vn 0.70180000 -0.35240000 0.61910000
vn 0.70200000 -0.29170000 0.64970000
vn 0.70680000 -0.28250000 0.64850000
vn 0.70670000 -0.22280000 0.67160000
vn 0.55510000 -0.34070000 0.75880000
vn 0.70200000 -0.29170000 0.64970000
vn 0.55510000 -0.26200000 0.78950000
vn 0.70660000 -0.15350000 0.69070000
vn 0.70670000 -0.22280000 0.67160000
vn 0.55510000 -0.26200000 0.78950000
vn 0.55510000 -0.18050000 0.81200000
vn 0.55510000 -0.26190000 0.78950000
vn 0.70660000 -0.22280000 0.67160000
vn 0.55510000 -0.09720000 0.82610000
vn 0.55510000 -0.18050000 0.81200000
vn 0.70660000 -0.15350000 0.69070000
vn 0.70660000 -0.08260000 0.70270000
vn 0.70660000 -0.08270000 0.70270000
vn 0.55510000 -0.09720000 0.82610000
vn 0.55510000 -0.01290000 0.83170000
vn 0.70660000 -0.01090000 0.70750000
vn 0.70660000 -0.08260000 0.70270000
vn 0.70660000 -0.01090000 0.70750000
vn 0.70670000 -0.01090000 0.70750000
vn 0.55510000 -0.01290000 0.83170000
vn 0.55510000 0.07160000 0.82870000
vn 0.70660000 0.06090000 0.70490000
vn 0.55510000 0.07160000 0.82870000
vn 0.70660000 0.13210000 0.69510000
vn 0.70660000 0.06090000 0.70490000
vn 0.55510000 0.15530000 0.81720000
vn 0.55510000 0.15530000 0.81720000
vn 0.19500000 0.11680000 0.97380000
vn 0.27950000 0.08270000 0.95660000
vn 0.19480000 0.18310000 0.96360000
vn 0.55510000 0.07160000 0.82870000
vn 0.55510000 0.15530000 0.81720000
vn 0.70700000 0.18300000 0.68310000
vn 0.70660000 0.13210000 0.69510000
vn 0.55550000 0.21520000 0.80320000
vn 0.19480000 0.18310000 0.96360000
vn 0.55550000 0.21520000 0.80320000
vn 0.19500000 0.25380000 0.94740000
vn 0.19490000 0.18320000 0.96360000
vn 0.55510000 0.15530000 0.81720000
vn 0.55490000 0.28190000 0.78270000
vn 0.55550000 0.21520000 0.80320000
vn 0.28270000 0.33410000 0.89920000
vn 0.19500000 0.25380000 0.94740000
vn 0.19510000 0.28500000 0.93850000
vn 0.19480000 0.33240000 0.92280000
vn 0.55480000 0.28190000 0.78270000
vn 0.27950000 0.08270000 0.95660000
vn 0.19500000 0.11680000 0.97380000
vn 0.19500000 0.06710000 0.97850000
vn 0.19500000 0.11680000 0.97380000
vn 0.19480000 0.18310000 0.96360000
vn 0.19490000 0.18320000 0.96360000
vn 0.19490000 0.18320000 0.96360000
vn 0.19500000 0.25380000 0.94740000
vn 0.19510000 0.28500000 0.93850000
vn 0.19500000 0.25380000 0.94740000
vn -0.00000000 -0.35430000 0.93510000
vn 1.00000000 -0.00000000 -0.00000000
vn -0.00000000 0.34840000 0.93740000
vn -0.00000000 0.34840000 0.93740000
vn 1.00000000 -0.00000000 -0.00000000
vn -0.00000000 0.19460000 0.98090000
vn -0.00000000 -0.33150000 0.94350000
vn 1.00000000 -0.00000000 -0.00000000
vn -0.00000000 -0.15930000 0.98720000
vn -0.00000000 0.27760000 0.96070000
vn 1.00000000 -0.00000000 -0.00000000
vn -0.00000000 0.35770000 0.93380000
vn 1.00000000 -0.00000000 -0.00000000
vn -0.00000000 -0.33150000 0.94350000
vn -0.00000000 0.35770000 0.93380000
vn -0.00000000 0.01800000 0.99980000
vn -0.00000000 -0.15930000 0.98720000
vn 1.00000000 -0.00000000 -0.00000000
vn -0.00000000 0.19460000 0.98090000
vn -0.00000000 0.01800000 0.99980000
vn 1.00000000 -0.00000000 -0.00000000
vn 0.19480000 0.74270000 -0.64070000
vn 0.19030000 0.61820000 -0.76270000
vn 0.19490000 0.74270000 -0.64060000
vn 0.19030000 0.61820000 -0.76270000
vn 0.54560000 0.52770000 -0.65100000
vn 0.55510000 0.62980000 -0.54330000
vn 0.19490000 0.74270000 -0.64060000
vn 0.19490000 0.67620000 -0.71050000
vn 0.55510000 0.62980000 -0.54330000
vn 0.19480000 0.74270000 -0.64070000
vn 0.55510000 0.57340000 -0.60250000
vn 0.19490000 0.74270000 -0.64060000
vn 0.71200000 0.10660000 -0.69400000
vn 0.55510000 0.04230000 -0.83070000
vn 0.55510000 0.12630000 -0.82220000
vn 0.55510000 0.12630000 -0.82210000
vn 0.45800000 0.05950000 -0.88700000
vn 0.69540000 0.12740000 -0.70730000
vn 0.71570000 0.04680000 -0.69680000
vn 0.55510000 0.12630000 -0.82220000
vn 0.19490000 0.14900000 -0.96950000
vn 0.55510000 0.20910000 -0.80510000
vn 0.19490000 0.24660000 -0.94930000
vn 0.55510000 0.12630000 -0.82210000
vn 0.70060000 0.17940000 -0.69060000
vn 0.55510000 0.12630000 -0.82220000
vn 0.70370000 0.17290000 -0.68920000
vn 0.71200000 0.10660000 -0.69400000
vn 0.55510000 0.20910000 -0.80510000
vn 0.19490000 0.34160000 -0.91940000
vn 0.19480000 0.34160000 -0.91940000
vn 0.19490000 0.24660000 -0.94930000
vn 0.55510000 0.20910000 -0.80510000
vn 0.55510000 0.28970000 -0.77970000
vn 0.55510000 0.28970000 -0.77970000
vn 0.55510000 0.20910000 -0.80510000
vn 0.70650000 0.24650000 -0.66340000
vn 0.70060000 0.17940000 -0.69060000
vn 0.71570000 0.23190000 -0.65880000
vn 0.19480000 0.34160000 -0.91940000
vn 0.55510000 0.28970000 -0.77970000
vn 0.55510000 0.36730000 -0.74630000
vn 0.19480000 0.43310000 -0.88000000
vn 0.70210000 0.31450000 -0.63890000
vn 0.70620000 0.30670000 -0.63820000
vn 0.70650000 0.24650000 -0.66340000
vn 0.70710000 0.28040000 -0.64910000
vn 0.55510000 0.36730000 -0.74630000
vn 0.55510000 0.28970000 -0.77970000
vn 0.55510000 0.44120000 -0.70520000
vn 0.55510000 0.36730000 -0.74630000
vn 0.19480000 0.52020000 -0.83150000
vn 0.19480000 0.43310000 -0.88000000
vn 0.19490000 0.52020000 -0.83150000
vn 0.69990000 0.37880000 -0.60550000
vn 0.70280000 0.37130000 -0.60680000
vn 0.70680000 0.33580000 -0.62260000
vn 0.70740000 0.35010000 -0.61400000
vn 0.70210000 0.31450000 -0.63890000
vn 0.55510000 0.36730000 -0.74630000
vn 0.55510000 0.44120000 -0.70520000
vn 0.19490000 0.60190000 -0.77450000
vn 0.55510000 0.51040000 -0.65680000
vn 0.19490000 0.52020000 -0.83150000
vn 0.19490000 0.60190000 -0.77440000
vn 0.55510000 0.44120000 -0.70520000
vn 0.55510000 0.51040000 -0.65680000
vn 0.70250000 0.43670000 -0.56190000
vn 0.55510000 0.44120000 -0.70520000
vn 0.70550000 0.38810000 -0.59310000
vn 0.69990000 0.37880000 -0.60550000
vn 0.70940000 0.42390000 -0.56310000
vn 0.55510000 0.57340000 -0.60250000
vn 0.19490000 0.60190000 -0.77440000
vn 0.19490000 0.67620000 -0.71050000
vn 0.55510000 0.51040000 -0.65680000
vn 0.70250000 0.43670000 -0.56190000
vn 0.55510000 0.57340000 -0.60250000
vn 0.55510000 0.51040000 -0.65680000
vn 0.70210000 0.49090000 -0.51580000
vn 0.71060000 0.47420000 -0.51970000
vn 0.55510000 0.57340000 -0.60250000
vn 0.70210000 0.49090000 -0.51580000
vn 0.55510000 0.62980000 -0.54330000
vn 0.71270000 0.52590000 -0.46430000
vn 0.70670000 0.53580000 -0.46210000
vn 0.55510000 0.62980000 -0.54330000
vn 0.72130000 0.43610000 -0.53800000
vn 0.70670000 0.53580000 -0.46210000
vn 0.54560000 0.52770000 -0.65100000
vn 0.70480000 0.50630000 -0.49690000
vn 0.45800000 0.05950000 -0.88700000
vn 0.70660000 0.05930000 -0.70510000
vn 0.70710000 0.01140000 -0.70710000
vn 0.55550000 0.01340000 -0.83140000
vn 0.71570000 0.04680000 -0.69680000
vn 0.45800000 0.05950000 -0.88700000
vn 0.55510000 0.04230000 -0.83070000
vn 0.55550000 0.01340000 -0.83140000
vn 0.55510000 -0.04230000 -0.83070000
vn 0.19480000 0.04980000 -0.97960000
vn 0.19490000 0.04980000 -0.97960000
vn 0.19490000 -0.04980000 -0.97960000
vn 0.19480000 0.04980000 -0.97960000
vn 0.55510000 0.04230000 -0.83070000
vn 0.55510000 0.12630000 -0.82210000
vn 0.19490000 0.14900000 -0.96950000
vn 0.19480000 0.14900000 -0.96950000
vn 0.70710000 0.01140000 -0.70710000
vn 0.70710000 0.01150000 -0.70710000
vn 0.55550000 0.01340000 -0.83140000
vn 0.70670000 -0.03590000 -0.70660000
vn 0.55510000 -0.04230000 -0.83070000
vn 0.70670000 -0.03590000 -0.70660000
vn 0.55510000 -0.04230000 -0.83070000
vn 0.55520000 -0.12220000 -0.82270000
vn 0.71560000 -0.04720000 -0.69690000
vn 0.70160000 -0.10470000 -0.70480000
vn 0.55520000 -0.12220000 -0.82270000
vn 0.55510000 -0.04230000 -0.83070000
vn 0.19490000 -0.14410000 -0.97020000
vn 0.19490000 -0.04980000 -0.97960000
vn 0.71840000 -0.14030000 -0.68130000
vn 0.70160000 -0.10470000 -0.70480000
vn 0.55520000 -0.12220000 -0.82270000
vn 0.70390000 -0.16820000 -0.69010000
vn 0.55520000 -0.19690000 -0.80810000
vn 0.19490000 -0.14410000 -0.97020000
vn 0.55520000 -0.19690000 -0.80810000
vn 0.55520000 -0.12220000 -0.82270000
vn 0.19490000 -0.23220000 -0.95290000
vn 0.19480000 0.74270000 -0.64070000
vn 0.19490000 0.67620000 -0.71050000
vn 0.19490000 0.60190000 -0.77450000
vn 0.19490000 0.60190000 -0.77440000
vn 0.19490000 0.67620000 -0.71050000
vn 0.19490000 0.52020000 -0.83150000
vn 0.19490000 0.60190000 -0.77450000
vn 0.19480000 0.52020000 -0.83150000
vn 0.19480000 0.43310000 -0.88000000
vn 0.19480000 0.52020000 -0.83150000
vn 0.19490000 0.34160000 -0.91940000
vn 0.19480000 0.43310000 -0.88000000
vn 0.19480000 0.34160000 -0.91940000
vn 0.19490000 0.24660000 -0.94930000
vn 0.19490000 0.34160000 -0.91940000
vn 0.19490000 0.24660000 -0.94930000
vn 0.19480000 0.14900000 -0.96950000
vn 0.19490000 0.14900000 -0.96950000
vn 0.19480000 0.04980000 -0.97960000
vn 0.19490000 0.04980000 -0.97960000
vn 0.19480000 0.14900000 -0.96950000
vn 0.19490000 -0.04980000 -0.97960000
vn 0.19490000 0.04980000 -0.97960000
vn 0.19490000 -0.04980000 -0.97960000
vn 0.19490000 -0.14410000 -0.97020000
vn 0.19490000 -0.23220000 -0.95290000
vn 0.19490000 -0.14410000 -0.97020000
vn 0.71060000 0.47420000 -0.51970000
vn 0.71270000 0.52590000 -0.46430000
vn 0.83160000 0.41620000 -0.36760000
vn 0.70210000 0.49090000 -0.51580000
vn 0.83100000 0.41700000 -0.36820000
vn 0.83180000 0.37410000 -0.41000000
vn 0.71270000 0.52590000 -0.46430000
vn 0.82980000 0.39830000 -0.39090000
vn 0.83100000 0.41700000 -0.36820000
vn 0.70480000 0.50630000 -0.49690000
vn 0.70670000 0.53580000 -0.46210000
vn 0.98050000 0.14010000 -0.13750000
vn 0.98070000 0.14660000 -0.12920000
vn 0.83160000 0.41620000 -0.36760000
vn 0.83100000 0.41700000 -0.36820000
vn 0.82980000 0.39830000 -0.39090000
vn 0.82980000 0.39820000 -0.39090000
vn 0.83180000 0.33380000 -0.44340000
vn 0.70940000 0.42390000 -0.56310000
vn 0.70550000 0.38810000 -0.59310000
vn 0.83200000 0.33360000 -0.44320000
vn 0.80170000 0.32730000 -0.50020000
vn 0.83180000 0.33380000 -0.44340000
vn 0.83180000 0.37410000 -0.41000000
vn 0.70940000 0.42390000 -0.56310000
vn 0.71060000 0.47420000 -0.51970000
vn 0.70250000 0.43670000 -0.56190000
vn 0.83180000 0.37410000 -0.41000000
vn 0.83180000 0.33380000 -0.44340000
vn 0.98100000 0.13090000 -0.14340000
vn 0.98090000 0.11040000 -0.16040000
vn 0.83200000 0.33360000 -0.44320000
vn 0.98100000 0.13090000 -0.14340000
vn 0.83160000 0.41620000 -0.36760000
vn 0.83180000 0.37410000 -0.41000000
vn 0.98500000 0.12790000 -0.11630000
vn 0.98070000 0.14660000 -0.12920000
vn 0.97670000 0.14240000 -0.16080000
vn 0.98050000 0.14010000 -0.13750000
vn 1.00000000 -0.00000000 -0.00000000
vn 0.98500000 0.12790000 -0.11630000
vn 0.98070000 0.14660000 -0.12920000
vn 0.98100000 0.13090000 -0.14340000
vn 0.98090000 0.11040000 -0.16040000
vn 0.96660000 0.15490000 -0.20400000
vn 0.97670000 0.14240000 -0.16080000
vn 1.00000000 -0.00000000 -0.00000000
vn 1.00000000 -0.00000000 -0.00000000
vn 0.06120000 -0.96010000 0.27290000
vn -0.01100000 -0.92980000 0.36780000
vn -0.00000000 -0.98700000 0.16070000
vn 0.96660000 0.15490000 -0.20400000
vn 0.01110000 -0.82260000 0.56850000
vn 0.98090000 0.11040000 -0.16040000
vn -0.01100000 -0.92980000 0.36780000
vn 0.80170000 0.32730000 -0.50020000
vn 0.83200000 0.33360000 -0.44320000
vn 0.96660000 0.15490000 -0.20400000
vn 0.97670000 0.14240000 -0.16080000
vn 1.00000000 -0.00000000 -0.00000000
vn 0.98500000 0.12790000 -0.11630000
vn 0.70550000 0.38810000 -0.59310000
vn -0.10410000 -0.87610000 0.47080000
vn 0.70280000 0.37130000 -0.60680000
vn 0.17090000 -0.68310000 0.71000000
vn 0.69990000 0.37880000 -0.60550000
vn 0.80170000 0.32730000 -0.50020000
vn 0.01110000 -0.82260000 0.56850000
vn -0.00000000 -0.98700000 0.16070000
vn 1.00000000 -0.00000000 -0.00000000
vn -0.00000000 -0.66470000 0.74710000
vn -0.10410000 -0.87610000 0.47080000
vn 0.69130000 -0.69500000 0.19760000
vn -0.01100000 -0.92980000 0.36780000
vn 0.06120000 -0.96010000 0.27290000
vn 0.01110000 -0.82260000 0.56850000
vn 0.71580000 -0.61510000 0.33050000
vn 0.71580000 -0.61510000 0.33050000
vn -0.10410000 -0.87610000 0.47080000
vn 0.70490000 -0.65420000 0.27430000
vn 0.17090000 -0.68310000 0.71000000
vn -0.00620000 -0.74270000 0.66960000
vn 0.69810000 -0.53180000 0.47940000
vn 0.70280000 0.37130000 -0.60680000
vn 0.70740000 0.35010000 -0.61400000
vn -0.00620000 -0.74270000 0.66960000
vn 0.00010000 -0.57160000 0.82050000
vn -0.00240000 -0.45710000 0.88940000
vn 0.17090000 -0.68310000 0.71000000
vn 0.00010000 -0.57160000 0.82050000
vn -0.00620000 -0.74270000 0.66960000
vn 0.67570000 -0.58290000 0.45130000
vn 0.70710000 -0.40420000 0.58020000
vn 0.69810000 -0.53180000 0.47940000
vn 0.70610000 -0.44940000 0.54720000
vn 0.12190000 -0.37210000 0.92020000
vn 0.00010000 -0.57160000 0.82050000
vn -0.00240000 -0.45710000 0.88940000
vn 0.70200000 -0.29410000 0.64860000
vn 0.69250000 -0.27040000 0.66880000
vn 0.70710000 -0.40420000 0.58020000
vn 0.70680000 0.33580000 -0.62260000
vn -0.00240000 -0.45710000 0.88940000
vn 0.12190000 -0.37210000 0.92020000
vn 0.00900000 -0.25920000 0.96580000
vn 0.70740000 0.35010000 -0.61400000
vn 0.12190000 -0.37210000 0.92020000
vn 0.00900000 -0.25920000 0.96580000
vn -0.01290000 -0.05140000 0.99860000
vn 0.70690000 -0.14140000 0.69310000
vn 0.69810000 0.04330000 0.71470000
vn 0.69250000 -0.27040000 0.66880000
vn 0.08230000 0.06020000 0.99480000
vn 0.08230000 0.06020000 0.99480000
vn 0.00220000 0.18350000 0.98300000
vn 0.69810000 0.04330000 0.71470000
vn 0.70590000 0.25340000 0.66140000
vn -0.00000000 0.35770000 0.93380000
vn -0.00000000 0.27760000 0.96070000
vn 0.82980000 0.06320000 -0.55450000
vn 0.82980000 0.06320000 -0.55440000
vn 0.70480000 0.08040000 -0.70480000
vn 0.70710000 -0.00000000 -0.70710000
vn 0.83150000 -0.00000000 -0.55560000
vn 0.98050000 0.02220000 -0.19500000
vn 0.83150000 -0.00000000 -0.55560000
vn 0.98080000 -0.00000000 -0.19510000
vn 0.82980000 0.06320000 -0.55440000
vn 0.82980000 0.18640000 -0.52600000
vn 0.82980000 0.06320000 -0.55440000
vn 0.98050000 0.06560000 -0.18500000
vn 0.98050000 0.02220000 -0.19500000
vn 0.82980000 0.06320000 -0.55450000
vn 0.98080000 -0.00000000 -0.19510000
vn 0.98050000 0.02220000 -0.19500000
vn 1.00000000 -0.00000000 -0.00000000
vn 1.00000000 -0.00000000 -0.00000000
vn 0.98050000 0.02220000 -0.19500000
vn 0.98050000 0.06560000 -0.18500000
vn 0.98050000 0.06560000 -0.18500000
vn 0.98050000 0.10550000 -0.16550000
vn 1.00000000 -0.00000000 -0.00000000
vn 0.98050000 0.10550000 -0.16550000
vn 0.82980000 0.30000000 -0.47050000
vn 0.98050000 0.06560000 -0.18500000
vn 0.82980000 0.18640000 -0.52600000
vn 0.98050000 0.10550000 -0.16550000
vn 0.98050000 0.14010000 -0.13750000
vn 1.00000000 -0.00010000 -0.00000000
vn 1.00000000 -0.00000000 -0.00000000
vn 0.98050000 0.14010000 -0.13750000
vn 0.82980000 0.30000000 -0.47050000
vn 0.82980000 0.39820000 -0.39090000
vn 0.98050000 0.10550000 -0.16550000
vn 0.70480000 0.23700000 -0.66860000
vn 0.70480000 0.08040000 -0.70480000
vn 0.72130000 0.15590000 -0.67480000
vn 0.82980000 0.18640000 -0.52600000
vn 0.82980000 0.06320000 -0.55450000
vn 0.82980000 0.30000000 -0.47050000
vn 0.70480000 0.38140000 -0.59810000
vn 0.70480000 0.23700000 -0.66860000
vn 0.82980000 0.18640000 -0.52600000
vn 0.82980000 0.39820000 -0.39090000
vn 0.82980000 0.30000000 -0.47050000
vn 0.70480000 0.38140000 -0.59810000
vn 0.70480000 0.50630000 -0.49690000
vn 0.72130000 0.43610000 -0.53800000
vn 0.82980000 0.39830000 -0.39090000
vn 0.54560000 0.18870000 -0.81650000
vn 0.72130000 0.15590000 -0.67480000
vn 0.70480000 0.08040000 -0.70480000
vn 0.70710000 -0.00000000 -0.70710000
vn 0.55560000 -0.00000000 -0.83150000
vn 0.72130000 0.43610000 -0.53800000
vn 0.54560000 0.18870000 -0.81650000
vn 0.54560000 0.18860000 -0.81650000
vn 0.54560000 0.52770000 -0.65100000
vn 0.72130000 0.15590000 -0.67480000
vn 0.70480000 0.38140000 -0.59810000
vn 0.70480000 0.23700000 -0.66860000
vn 0.54560000 0.18870000 -0.81650000
vn 0.19510000 -0.00000000 -0.98080000
vn 0.54560000 0.18860000 -0.81650000
vn 0.55560000 -0.00000000 -0.83150000
vn 0.19030000 0.22100000 -0.95650000
vn 0.19030000 0.61820000 -0.76270000
vn 0.54560000 0.52770000 -0.65100000
vn 0.19030000 0.22100000 -0.95650000
vn 0.54560000 0.18860000 -0.81650000
vn -0.00000000 -0.00000000 -1.00000000
vn 0.19030000 0.22100000 -0.95650000
vn 0.19510000 -0.00000000 -0.98080000
vn 0.19030000 0.61820000 -0.76270000
vn 0.19030000 0.22100000 -0.95650000
vn 0.70710000 -0.00000000 -0.70710000
vn 0.70020000 0.13930000 -0.70020000
vn 0.55560000 -0.00000000 -0.83150000
vn 0.55220000 0.10990000 -0.82640000
vn 0.55220000 0.10980000 -0.82640000
vn 0.19490000 0.03880000 -0.98000000
vn 0.55220000 0.10990000 -0.82640000
vn 0.55560000 -0.00000000 -0.83150000
vn 0.19510000 -0.00000000 -0.98080000
vn -0.00000000 -0.00000000 -1.00000000
vn 0.19490000 0.03880000 -0.98000000
vn 0.19510000 -0.00000000 -0.98080000
vn 0.96260000 0.19150000 -0.19150000
vn 0.99850000 0.05470000 -0.00000000
vn 1.00000000 -0.00000000 -0.00000000
vn 0.98080000 -0.00000000 -0.19510000
vn 0.98080000 0.19510000 -0.00470000
vn 0.83150000 -0.00000000 -0.55560000
vn 0.96260000 0.19150000 -0.19150000
vn 0.98080000 -0.00000000 -0.19510000
vn 0.82030000 0.16320000 -0.54810000
vn 0.82030000 0.16320000 -0.54810000
vn 0.70710000 -0.00000000 -0.70710000
vn 0.70020000 0.13930000 -0.70020000
vn 0.83150000 -0.00000000 -0.55560000
vn -0.00000000 -0.00000000 -1.00000000
vn 0.16530000 0.11040000 -0.98010000
vn 0.19490000 0.03880000 -0.98000000
vn 0.46810000 0.31280000 -0.82640000
vn 0.16530000 0.11040000 -0.98010000
vn 0.16530000 0.11040000 -0.98000000
vn 0.55220000 0.10990000 -0.82640000
vn 0.55220000 0.10980000 -0.82640000
vn 0.19490000 0.03880000 -0.98000000
vn 0.59360000 0.39660000 -0.70020000
vn 0.46810000 0.31280000 -0.82640000
vn 0.55220000 0.10980000 -0.82640000
vn 0.70020000 0.13930000 -0.70020000
vn 0.16530000 0.11040000 -0.98000000
vn 0.13790000 0.13790000 -0.98080000
vn -0.00000000 -0.00000000 -1.00000000
vn 0.16530000 0.11040000 -0.98010000
vn 0.13800000 0.13800000 -0.98080000
vn 0.39280000 0.39280000 -0.83150000
vn 0.46810000 0.31280000 -0.82640000
vn 0.13790000 0.13790000 -0.98080000
vn 0.16530000 0.11040000 -0.98000000
vn 0.46810000 0.31280000 -0.82640000
vn 0.50000000 0.50000000 -0.70710000
vn 0.59360000 0.39660000 -0.70020000
vn 0.39280000 0.39280000 -0.83150000
vn 0.59360000 0.39660000 -0.70020000
vn 0.82030000 0.16320000 -0.54810000
vn 0.67150000 0.44860000 -0.58980000
vn 0.70020000 0.13930000 -0.70020000
vn 0.70030000 0.45630000 -0.54900000
vn 0.75360000 0.50350000 -0.42260000
vn 0.82030000 0.16320000 -0.54810000
vn 0.96260000 0.19150000 -0.19150000
vn 0.70030000 0.45630000 -0.54900000
vn 0.79600000 0.53190000 -0.28880000
vn 0.82270000 0.53510000 -0.19190000
vn 0.83150000 0.55560000 -0.00000000
vn 0.96260000 0.19150000 -0.19150000
vn 0.82270000 0.53510000 -0.19190000
vn 0.95680000 0.29070000 -0.00000000
vn 0.98080000 0.19510000 -0.00470000
vn 0.96720000 0.25390000 -0.00200000
vn 0.98570000 0.16860000 -0.00700000
vn 0.82730000 0.55280000 -0.10000000
vn 0.67150000 0.44860000 -0.58980000
vn 0.59360000 0.39660000 -0.70020000
vn 0.50000000 0.50000000 -0.70710000
vn 0.56710000 0.56710000 -0.59730000
vn 0.70030000 0.45630000 -0.54900000
vn 0.63860000 0.63860000 -0.42930000
vn 0.56710000 0.56710000 -0.59730000
vn 0.75360000 0.50350000 -0.42260000
vn 0.67150000 0.44860000 -0.58980000
vn 0.70340000 0.70340000 -0.10200000
vn 0.70710000 0.70710000 -0.00000000
vn 0.83150000 0.55560000 -0.00000000
vn 0.82730000 0.55280000 -0.10000000
vn 0.82270000 0.53510000 -0.19190000
vn 0.82730000 0.55280000 -0.10000000
vn 0.79600000 0.53190000 -0.28880000
vn 0.67590000 0.67590000 -0.29400000
vn 0.67580000 0.67580000 -0.29400000
vn 0.70340000 0.70340000 -0.10190000
vn 0.70340000 0.70340000 -0.10200000
vn 0.63860000 0.63860000 -0.42930000
vn 0.79600000 0.53190000 -0.28880000
vn 0.67590000 0.67590000 -0.29400000
vn 0.75360000 0.50350000 -0.42260000
vn 0.70340000 0.70340000 -0.10190000
vn 0.55280000 0.82730000 -0.09990000
vn 0.53510000 0.82270000 -0.19190000
vn 0.67580000 0.67580000 -0.29400000
vn 0.53190000 0.79600000 -0.28890000
vn 0.67580000 0.67580000 -0.29400000
vn 0.63860000 0.63860000 -0.42930000
vn 0.50350000 0.75360000 -0.42260000
vn 0.53190000 0.79600000 -0.28890000
vn 0.67590000 0.67590000 -0.29400000
vn 0.45630000 0.70030000 -0.54900000
vn 0.63860000 0.63860000 -0.42930000
vn 0.50350000 0.75360000 -0.42260000
vn 0.44860000 0.67140000 -0.58980000
vn 0.56710000 0.56710000 -0.59730000
vn 0.44860000 0.67140000 -0.58980000
vn 0.39660000 0.59360000 -0.70020000
vn 0.56710000 0.56710000 -0.59730000
vn 0.50000000 0.50000000 -0.70710000
vn -0.00000000 -0.00000000 -1.00000000
vn 0.11040000 0.16530000 -0.98000000
vn 0.13800000 0.13800000 -0.98080000
vn 0.11040000 0.16530000 -0.98000000
vn 0.39280000 0.39280000 -0.83150000
vn 0.13790000 0.13790000 -0.98080000
vn 0.13800000 0.13800000 -0.98080000
vn 0.31280000 0.46810000 -0.82640000
vn 0.31280000 0.46810000 -0.82640000
vn 0.31280000 0.46820000 -0.82640000
vn 0.39280000 0.39280000 -0.83150000
vn 0.50000000 0.50000000 -0.70710000
vn 0.39660000 0.59360000 -0.70020000
vn 0.03880000 0.19490000 -0.98000000
vn 0.11040000 0.16530000 -0.98000000
vn -0.00000000 -0.00000000 -1.00000000
vn 0.31280000 0.46820000 -0.82640000
vn 0.31280000 0.46810000 -0.82640000
vn 0.10980000 0.55220000 -0.82640000
vn 0.11040000 0.16530000 -0.98000000
vn 0.03880000 0.19490000 -0.98000000
vn 0.10980000 0.55220000 -0.82640000
vn 0.13930000 0.70020000 -0.70020000
vn 0.39660000 0.59360000 -0.70020000
vn 0.31280000 0.46820000 -0.82640000
vn 0.03880000 0.19490000 -0.98000000
vn -0.00000000 -0.00000000 -1.00000000
vn -0.00000000 0.19680000 -0.98050000
vn -0.00000000 0.19510000 -0.98080000
vn 0.10980000 0.55220000 -0.82640000
vn -0.00000000 0.55560000 -0.83150000
vn 0.03880000 0.19490000 -0.98000000
vn -0.00000000 0.19510000 -0.98080000
vn -0.00000000 0.55450000 -0.83220000
vn -0.00000000 0.70710000 -0.70710000
vn -0.00000000 0.55560000 -0.83150000
vn 0.13930000 0.70020000 -0.70020000
vn 0.10980000 0.55220000 -0.82640000
vn 0.16320000 0.82030000 -0.54810000
vn 0.39660000 0.59360000 -0.70020000
vn 0.45630000 0.70030000 -0.54900000
vn 0.13930000 0.70020000 -0.70020000
vn 0.44860000 0.67140000 -0.58980000
vn 0.50350000 0.75360000 -0.42260000
vn 0.53190000 0.79600000 -0.28890000
vn 0.53510000 0.82270000 -0.19190000
vn 0.45630000 0.70030000 -0.54900000
vn 0.16320000 0.82030000 -0.54810000
vn 0.19150000 0.96260000 -0.19150000
vn 0.19150000 0.96260000 -0.19150000
vn 0.53510000 0.82270000 -0.19190000
vn 0.55280000 0.82730000 -0.09990000
vn 0.19510000 0.98080000 -0.00000000
vn 0.55560000 0.83150000 -0.00000000
vn 0.70340000 0.70340000 -0.10200000
vn 0.70340000 0.70340000 -0.10190000
vn 0.70710000 0.70710000 -0.00000000
vn 0.55560000 0.83150000 -0.00000000
vn 0.55280000 0.82730000 -0.09990000
vn -0.00000000 0.70710000 -0.70710000
vn 0.13930000 0.70020000 -0.70020000
vn 0.16320000 0.82030000 -0.54810000
vn -0.00000000 0.83150000 -0.55560000
vn -0.00000000 0.70720000 -0.70700000
vn 0.16320000 0.82030000 -0.54810000
vn 0.19150000 0.96260000 -0.19150000
vn -0.00030000 0.98080000 -0.19510000
vn -0.00000000 0.83150000 -0.55560000
vn 0.00030000 0.80210000 -0.59720000
vn -0.00000000 1.00000000 0.00030000
vn -0.00000000 1.00000000 -0.00020000
vn -0.00000000 1.00000000 -0.00010000
vn 0.19150000 0.96260000 -0.19150000
vn -0.00000000 1.00000000 -0.00000000
vn 0.19510000 0.98080000 -0.00000000
vn -0.00000000 0.96990000 -0.24350000
vn -0.00030000 0.98080000 -0.19510000
vn -0.00000000 1.00000000 0.00020000
vn 0.00010000 1.00000000 0.00050000
vn -0.00010000 1.00000000 -0.00020000
vn -0.00000000 0.19680000 -0.98050000
vn -0.00000000 0.19510000 -0.98080000
vn -0.04670000 0.55400000 -0.83120000
vn -0.00000000 0.55560000 -0.83150000
vn -0.00000000 0.55450000 -0.83220000
vn -0.07610000 0.24770000 -0.96580000
vn -0.02110000 0.19670000 -0.98020000
vn -0.06690000 0.52300000 -0.84970000
vn -0.00000000 0.55450000 -0.83220000
vn -0.04670000 0.55400000 -0.83120000
vn -0.00000000 0.70710000 -0.70710000
vn -0.05220000 0.70390000 -0.70840000
vn -0.00000000 0.70720000 -0.70710000
vn -0.00020000 0.70810000 -0.70610000
vn -0.03980000 0.70580000 -0.70730000
vn -0.01150000 0.70710000 -0.70700000
vn -0.02150000 -0.00000000 -0.99980000
vn -0.00000000 -0.00000000 -1.00000000
vn -0.02110000 0.19670000 -0.98020000
vn -0.00000000 0.19680000 -0.98050000
vn -0.87830000 0.01990000 0.47780000
vn -0.00000000 0.83150000 -0.55560000
vn 0.00030000 0.80210000 -0.59720000
vn -0.87840000 0.32270000 0.35250000
vn -0.88300000 0.01630000 0.46900000
vn -0.77180000 -0.00030000 0.63590000
vn -0.00000000 0.70720000 -0.70700000
vn -0.87840000 0.32270000 0.35250000
vn 0.00030000 0.80210000 -0.59720000
vn -0.00000000 0.96990000 -0.24350000
vn -0.00030000 0.98080000 -0.19510000
vn -0.87840000 0.32270000 0.35250000
vn -0.95280000 -0.00000000 0.30370000
vn -0.00000000 0.96990000 -0.24350000
vn -0.00000000 1.00000000 -0.00000000
vn -0.00000000 1.00000000 0.00020000
vn -0.87830000 0.01990000 0.47780000
vn -0.00000000 0.98120000 -0.19290000
vn -0.00000000 1.00000000 -0.00000000
vn -0.00000000 1.00000000 0.00010000
vn -0.00410000 0.98120000 -0.19280000
vn 0.95280000 -0.00000000 0.30370000
vn -0.00530000 0.99250000 -0.12220000
vn 0.91590000 0.01100000 0.40120000
vn -0.00000000 0.98120000 -0.19290000
vn -0.00000000 1.00000000 -0.00000000
vn -0.00410000 0.98120000 -0.19280000
vn -0.00000000 0.94930000 -0.31430000
vn 0.00030000 0.98150000 -0.19170000
vn -0.00940000 0.83330000 -0.55270000
vn -0.00000000 0.98120000 -0.19290000
vn -0.01040000 0.83360000 -0.55220000
vn -0.00530000 0.99250000 -0.12220000
vn -0.00000000 0.83330000 -0.55280000
vn -0.00030000 0.83080000 -0.55650000
vn 0.91590000 0.01100000 0.40120000
vn -0.00530000 0.99250000 -0.12220000
vn 0.88760000 0.02290000 0.46010000
vn -0.00000000 0.94930000 -0.31430000
vn 0.84990000 0.04020000 0.52550000
vn -0.00030000 0.83080000 -0.55650000
vn -0.00000000 0.94930000 -0.31430000
vn 0.88760000 0.02290000 0.46010000
vn -0.00000000 0.83330000 -0.55280000
vn 0.84990000 0.04020000 0.52550000
vn 0.79750000 0.07270000 0.59900000
vn -0.00000000 0.70720000 -0.70710000
vn -0.00000000 0.70710000 -0.70710000
vn -0.00030000 0.83080000 -0.55650000
vn -0.00940000 0.83330000 -0.55270000
vn -0.01150000 0.70710000 -0.70700000
vn -0.00000000 0.70710000 -0.70710000
vn -0.00000000 0.83330000 -0.55280000
vn -0.74220000 -0.00000000 0.67020000
vn -0.00000000 -0.00000000 -1.00000000
vn -0.77180000 -0.00030000 0.63590000
vn -0.74180000 -0.00000000 0.67060000
vn -0.00000000 1.00000000 -0.00000000
vn -0.88300000 0.01630000 0.46900000
vn -0.00000000 1.00000000 -0.00000000
vn -0.00000000 -0.00000000 -1.00000000
vn -0.74180000 -0.00000000 0.67060000
vn -0.00000000 1.00000000 -0.00000000
vn 0.88310000 -0.00770000 0.46910000
vn 0.73690000 -0.00010000 0.67600000
vn -0.00000000 -0.00000000 -1.00000000
vn 0.74180000 -0.00000000 0.67060000
vn 0.74180000 -0.00000000 0.67060000
vn -0.00000000 -0.00000000 -1.00000000
vn -0.00000000 1.00000000 -0.00000000
vn -0.03980000 0.70580000 -0.70730000
vn -0.11350000 0.70700000 -0.69810000
vn -0.13300000 0.55400000 -0.82180000
vn -0.06690000 0.52300000 -0.84970000
vn -0.04670000 0.55400000 -0.83120000
vn -0.11570000 0.70700000 -0.69770000
vn -0.15900000 0.55560000 -0.81610000
vn -0.11350000 0.70700000 -0.69810000
vn -0.13530000 0.70710000 -0.69410000
vn -0.13300000 0.55400000 -0.82180000
vn -0.11350000 0.70700000 -0.69810000
vn -0.09050000 0.83340000 -0.54520000
vn -0.04940000 0.83630000 -0.54600000
vn -0.04060000 0.83340000 -0.55120000
vn -0.03980000 0.70580000 -0.70730000
vn -0.11570000 0.70700000 -0.69770000
vn -0.05220000 0.70390000 -0.70840000
vn -0.13530000 0.70710000 -0.69410000
vn -0.09050000 0.83340000 -0.54520000
vn -0.11570000 0.70700000 -0.69770000
vn -0.20750000 0.70540000 -0.67770000
vn -0.16220000 0.83240000 -0.52990000
vn -0.05910000 0.98040000 -0.18780000
vn -0.16220000 0.83240000 -0.52990000
vn -0.08950000 0.97480000 -0.20440000
vn -0.08540000 0.97590000 -0.20090000
vn -0.19280000 0.86660000 -0.46030000
vn -0.04940000 0.83630000 -0.54600000
vn -0.02460000 0.98240000 -0.18520000
vn -0.09050000 0.83340000 -0.54520000
vn -0.01750000 0.98190000 -0.18850000
vn -0.03740000 0.98240000 -0.18280000
vn -0.01750000 0.98190000 -0.18850000
vn -0.04060000 0.83340000 -0.55120000
vn -0.00980000 0.98200000 -0.18860000
vn -0.01700000 0.98190000 -0.18840000
vn -0.01040000 0.83360000 -0.55220000
vn 0.00030000 0.98150000 -0.19170000
vn -0.04940000 0.83630000 -0.54600000
vn -0.04060000 0.83340000 -0.55120000
vn -0.00940000 0.83330000 -0.55270000
vn -0.01040000 0.83360000 -0.55220000
vn -0.01150000 0.70710000 -0.70700000
vn -0.05220000 0.70390000 -0.70840000
vn 0.00010000 1.00000000 -0.00020000
vn -0.00000000 1.00000000 -0.00000000
vn -0.03740000 0.98240000 -0.18280000
vn -0.02460000 0.98240000 -0.18520000
vn -0.00010000 1.00000000 0.00030000
vn 0.00010000 1.00000000 -0.00020000
vn -0.01700000 0.98190000 -0.18840000
vn -0.01750000 0.98190000 -0.18850000
vn -0.02460000 0.98240000 -0.18520000
vn -0.00010000 1.00000000 0.00030000
vn 0.00010000 1.00000000 -0.00020000
vn -0.01700000 0.98190000 -0.18840000
vn -0.00980000 0.98200000 -0.18860000
vn 0.00010000 1.00000000 -0.00020000
vn -0.00410000 0.98120000 -0.19280000
vn 0.00030000 0.98150000 -0.19170000
vn -0.00980000 0.98200000 -0.18860000
vn -0.00000000 1.00000000 0.00010000
vn -0.11640000 -0.00020000 -0.99320000
vn -0.24890000 0.00010000 -0.96850000
vn -0.11260000 0.19470000 -0.97440000
vn -0.11480000 -0.00000000 -0.99340000
vn -0.29360000 0.00410000 -0.95590000
vn -0.28800000 0.19390000 -0.93780000
vn -0.06690000 0.52300000 -0.84970000
vn -0.28800000 0.19390000 -0.93780000
vn -0.15900000 0.55560000 -0.81610000
vn -0.07610000 0.24770000 -0.96580000
vn -0.24460000 0.55330000 -0.79620000
vn -0.13300000 0.55400000 -0.82180000
vn -0.28810000 0.19410000 -0.93770000
vn -0.11260000 0.19470000 -0.97440000
vn -0.11480000 -0.00000000 -0.99340000
vn -0.02150000 -0.00000000 -0.99980000
vn -0.07610000 0.24770000 -0.96580000
vn -0.02110000 0.19670000 -0.98020000
vn -0.11260000 0.19470000 -0.97440000
vn -0.20780000 0.70540000 -0.67770000
vn -0.24430000 0.55230000 -0.79710000
vn -0.20750000 0.70540000 -0.67770000
vn -0.13530000 0.70710000 -0.69410000
vn -0.24460000 0.55330000 -0.79620000
vn -0.15900000 0.55560000 -0.81610000
vn -0.13780000 0.98120000 0.13500000
vn -0.13920000 0.98080000 0.13630000
vn -0.13610000 0.98140000 0.13560000
vn -0.13470000 0.98120000 0.13810000
vn -0.38680000 0.83350000 0.39460000
vn -0.38740000 0.83330000 0.39440000
vn -0.39460000 0.83350000 0.38680000
vn -0.39650000 0.83160000 0.38890000
vn -0.13780000 0.98120000 0.13500000
vn -0.13470000 0.98120000 0.13810000
vn -0.00000000 1.00000000 -0.00000000
vn 0.00030000 1.00000000 -0.00020000
vn -0.13920000 0.98080000 0.13630000
vn -0.13780000 0.98120000 0.13500000
vn -0.14010000 0.98080000 0.13530000
vn -0.00000000 1.00000000 -0.00000000
vn -0.40750000 0.83200000 0.37650000
vn -0.14010000 0.98080000 0.13530000
vn -0.40730000 0.83150000 0.37770000
vn -0.13920000 0.98080000 0.13630000
vn -0.39650000 0.83160000 0.38890000
vn -0.14240000 0.98070000 0.13420000
vn -0.50500000 0.70700000 0.49510000
vn -0.52140000 0.70280000 0.48390000
vn -0.53280000 0.70650000 0.46580000
vn -0.40730000 0.83150000 0.37770000
vn -0.39460000 0.83350000 0.38680000
vn -0.39650000 0.83160000 0.38890000
vn -0.38680000 0.83350000 0.39460000
vn -0.49540000 0.70690000 0.50480000
vn -0.39460000 0.83350000 0.38680000
vn -0.50500000 0.70700000 0.49510000
vn 0.00030000 1.00000000 -0.00020000
vn -0.13610000 0.98140000 0.13560000
vn -0.00030000 1.00000000 0.00020000
vn -0.13470000 0.98120000 0.13810000
vn -0.12800000 0.98190000 0.13980000
vn -0.12800000 0.98190000 0.13980000
vn -0.00030000 1.00000000 0.00020000
vn -0.12220000 0.98180000 0.14520000
vn 0.00020000 1.00000000 -0.00010000
vn -0.38740000 0.83330000 0.39440000
vn -0.11690000 0.98110000 0.15410000
vn -0.36290000 0.83310000 0.41740000
vn -0.34350000 0.83820000 0.42350000
vn -0.13610000 0.98140000 0.13560000
vn -0.12800000 0.98190000 0.13980000
vn -0.12220000 0.98180000 0.14520000
vn -0.11900000 0.98180000 0.14790000
vn -0.36290000 0.83310000 0.41740000
vn -0.38680000 0.83350000 0.39460000
vn -0.49540000 0.70690000 0.50480000
vn -0.46660000 0.70310000 0.53660000
vn -0.38740000 0.83330000 0.39440000
vn -0.12220000 0.98180000 0.14520000
vn -0.00010000 1.00000000 0.00010000
vn 0.00020000 1.00000000 -0.00010000
vn -0.11690000 0.98110000 0.15410000
vn -0.39650000 0.70710000 0.58550000
vn -0.32540000 0.83420000 0.44520000
vn -0.41730000 0.70700000 0.57090000
vn -0.41770000 0.70700000 0.57070000
vn -0.30960000 0.83300000 0.45860000
vn -0.40140000 0.70710000 0.58210000
vn -0.26030000 0.83180000 0.49020000
vn -0.33310000 0.70400000 0.62720000
vn -0.30960000 0.83300000 0.45860000
vn -0.39650000 0.70710000 0.58550000
vn -0.26030000 0.83180000 0.49020000
vn -0.34350000 0.83820000 0.42350000
vn -0.32540000 0.83420000 0.44520000
vn -0.08790000 0.97920000 0.18280000
vn -0.08120000 0.97670000 0.19870000
vn -0.10420000 0.98200000 0.15770000
vn -0.09370000 0.98090000 0.17070000
vn -0.30960000 0.83300000 0.45860000
vn -0.11900000 0.98180000 0.14790000
vn -0.19510000 0.86160000 0.46850000
vn -0.08030000 0.97510000 0.20670000
vn -0.08590000 0.97840000 0.18830000
vn -0.34350000 0.83820000 0.42350000
vn -0.47790000 0.70580000 0.52290000
vn -0.46660000 0.70310000 0.53660000
vn -0.32540000 0.83420000 0.44520000
vn -0.41730000 0.70700000 0.57090000
vn -0.36290000 0.83310000 0.41740000
vn -0.00010000 1.00000000 0.00010000
vn -0.00000000 1.00000000 -0.00000000
vn -0.11900000 0.98180000 0.14790000
vn -0.11690000 0.98110000 0.15410000
vn -0.10420000 0.98200000 0.15770000
vn -0.21230000 0.70550000 0.67620000
vn -0.20910000 0.70480000 0.67790000
vn -0.12310000 0.70710000 0.69630000
vn -0.16710000 0.83010000 0.53190000
vn -0.09660000 0.83150000 0.54710000
vn -0.19510000 0.86160000 0.46850000
vn -0.04910000 0.98070000 0.18940000
vn -0.16710000 0.83010000 0.53190000
vn -0.03190000 0.98070000 0.19280000
vn -0.09660000 0.83150000 0.54710000
vn -0.07830000 0.83350000 0.54700000
vn -0.02770000 0.98070000 0.19380000
vn -0.02430000 0.98040000 0.19560000
vn -0.08120000 0.97670000 0.19870000
vn -0.21230000 0.70550000 0.67620000
vn -0.33310000 0.70400000 0.62720000
vn -0.19510000 0.86160000 0.46850000
vn -0.26030000 0.83180000 0.49020000
vn -0.33860000 0.70540000 0.62270000
vn -0.16710000 0.83010000 0.53190000
vn -0.00000000 1.00000000 -0.00000000
vn -0.04910000 0.98070000 0.18940000
vn -0.03190000 0.98070000 0.19280000
vn -0.00020000 1.00000000 0.00010000
vn -0.00000000 1.00000000 -0.00000000
vn -0.04910000 0.98070000 0.18940000
vn -0.08120000 0.97670000 0.19870000
vn -0.08030000 0.97510000 0.20670000
vn -0.08790000 0.97920000 0.18280000
vn -0.00000000 1.00000000 -0.00000000
vn -0.00020000 1.00000000 0.00020000
vn -0.08590000 0.97840000 0.18830000
vn -0.09370000 0.98090000 0.17070000
vn -0.00020000 1.00000000 0.00020000
vn -0.08790000 0.97920000 0.18280000
vn 0.00010000 1.00000000 -0.00010000
vn 0.00010000 1.00000000 -0.00010000
vn -0.10420000 0.98200000 0.15770000
vn -0.00000000 1.00000000 -0.00000000
vn -0.09370000 0.98090000 0.17070000
vn -0.08590000 0.97840000 0.18830000
vn -0.00000000 1.00000000 -0.00000000
vn -0.08030000 0.97510000 0.20670000
vn -0.02430000 0.98040000 0.19560000
vn -0.00020000 1.00000000 0.00010000
vn 0.00010000 1.00000000 -0.00010000
vn -0.03190000 0.98070000 0.19280000
vn -0.12000000 0.70700000 0.69700000
vn -0.12310000 0.70710000 0.69630000
vn -0.07830000 0.83350000 0.54700000
vn -0.09660000 0.83150000 0.54710000
vn -0.06250000 0.83140000 0.55220000
vn -0.07990000 0.70690000 0.70280000
vn -0.04500000 0.83150000 0.55370000
vn -0.07990000 0.70690000 0.70280000
vn -0.01740000 0.83070000 0.55640000
vn -0.02190000 0.70310000 0.71080000
vn -0.06250000 0.83140000 0.55220000
vn -0.00950000 0.98070000 0.19530000
vn -0.01550000 0.98140000 0.19140000
vn -0.04500000 0.83150000 0.55370000
vn -0.06250000 0.83140000 0.55220000
vn -0.07830000 0.83350000 0.54700000
vn -0.02770000 0.98070000 0.19380000
vn 0.00010000 1.00000000 -0.00010000
vn -0.00000000 1.00000000 -0.00000000
vn -0.00950000 0.98070000 0.19530000
vn -0.02430000 0.98040000 0.19560000
vn -0.02770000 0.98070000 0.19380000
vn -0.00570000 0.86180000 0.50730000
vn -0.00730000 0.85450000 0.51930000
vn 0.00110000 0.98160000 0.19100000
vn -0.00650000 0.85760000 0.51430000
vn 0.00300000 0.97540000 0.22030000
vn -0.00120000 0.98160000 0.19080000
vn -0.00810000 0.85230000 0.52300000
vn -0.01030000 0.84740000 0.53080000
vn 0.00840000 0.83870000 0.54460000
vn -0.00000000 0.98160000 0.19100000
vn -0.01970000 0.83860000 0.54440000
vn -0.00520000 0.86540000 0.50110000
vn -0.00490000 0.86740000 0.49750000
vn -0.00780000 0.98050000 0.19620000
vn -0.02520000 0.82770000 0.56060000
vn -0.00780000 0.98050000 0.19620000
vn 0.00840000 0.83870000 0.54460000
vn -0.00790000 0.98050000 0.19620000
vn -0.02260000 0.82810000 0.56010000
vn 0.00010000 0.70700000 0.70720000
vn -0.01970000 0.83860000 0.54440000
vn -0.00000000 0.70700000 0.70720000
vn -0.02520000 0.82770000 0.56060000
vn 0.00840000 0.83870000 0.54460000
vn -0.01740000 0.83070000 0.55640000
vn -0.02520000 0.82770000 0.56060000
vn -0.02190000 0.70310000 0.71080000
vn 0.00010000 0.70700000 0.70720000
vn -0.04080000 0.70650000 0.70650000
vn -0.02260000 0.82810000 0.56010000
vn -0.02260000 0.82810000 0.56010000
vn -0.01740000 0.83070000 0.55640000
vn -0.00790000 0.98050000 0.19620000
vn -0.04500000 0.83150000 0.55370000
vn -0.01550000 0.98140000 0.19140000
vn -0.00790000 0.98050000 0.19620000
vn -0.00780000 0.98050000 0.19620000
vn 0.00110000 0.98160000 0.19100000
vn -0.00950000 0.98070000 0.19530000
vn -0.01550000 0.98140000 0.19140000
vn -0.00000000 1.00000000 -0.00000000
vn -0.00000000 1.00000000 -0.00000000
vn 0.00110000 0.98160000 0.19100000
vn -0.00000000 1.00000000 0.00010000
vn -0.00000000 0.98160000 0.19100000
vn -0.00000000 1.00000000 0.00010000
vn -0.00120000 0.98160000 0.19080000
vn -0.00000000 1.00000000 -0.00000000
vn -0.00000000 0.98160000 0.19100000
vn 0.00300000 0.97540000 0.22030000
vn -0.00000000 1.00000000 -0.00000000
vn -0.00120000 0.98160000 0.19080000
vn -0.00160000 0.96950000 0.24490000
vn 0.00300000 0.97540000 0.22030000
vn 0.85060000 0.04100000 -0.52420000
vn -0.00160000 0.96950000 0.24490000
vn -0.00430000 0.86290000 0.50530000
vn -0.00490000 0.86740000 0.49750000
vn 0.89250000 0.01770000 -0.45070000
vn 0.95090000 -0.00000000 -0.30940000
vn 0.89250000 0.01770000 -0.45070000
vn -0.00160000 0.96950000 0.24490000
vn -0.00000000 1.00000000 -0.00000000
vn -0.01970000 0.83860000 0.54440000
vn -0.01030000 0.84740000 0.53080000
vn -0.00000000 0.70700000 0.70720000
vn -0.00000000 0.70700000 0.70720000
vn -0.01030000 0.84740000 0.53080000
vn -0.00810000 0.85230000 0.52300000
vn -0.00000000 0.70700000 0.70720000
vn -0.00730000 0.85450000 0.51930000
vn -0.00810000 0.85230000 0.52300000
vn -0.00000000 0.70700000 0.70720000
vn -0.00730000 0.85450000 0.51930000
vn -0.00650000 0.85760000 0.51430000
vn -0.00000000 0.70700000 0.70720000
vn -0.00650000 0.85760000 0.51430000
vn -0.00570000 0.86180000 0.50730000
vn -0.00010000 0.70710000 0.70710000
vn 0.79090000 -0.00020000 -0.61190000
vn 0.85060000 0.04100000 -0.52420000
vn -0.00430000 0.86290000 0.50530000
vn 0.88290000 0.02190000 -0.46900000
vn -0.00000000 0.70700000 0.70720000
vn -0.00430000 0.86290000 0.50530000
vn -0.00000000 0.70700000 0.70720000
vn -0.00520000 0.86540000 0.50110000
vn -0.00490000 0.86740000 0.49750000
vn -0.00570000 0.86180000 0.50730000
vn -0.00520000 0.86540000 0.50110000
vn -0.00000000 0.70700000 0.70720000
vn 0.74220000 -0.00000000 -0.67010000
vn 0.62810000 -0.00060000 -0.77810000
vn 0.74170000 -0.00000000 -0.67070000
vn -0.00000000 1.00000000 -0.00000000
vn -0.00000000 1.00000000 0.00030000
vn 0.55080000 0.01440000 -0.83450000
vn -0.00000000 -0.00000000 1.00000000
vn -0.00000000 1.00000000 0.00030000
vn 0.74170000 -0.00000000 -0.67070000
vn -0.00000000 1.00000000 -0.00000000
vn 0.74170000 -0.00000000 -0.67070000
vn -0.00000000 -0.00000000 1.00000000
vn 0.88290000 0.02190000 -0.46900000
vn 0.74220000 -0.00000000 -0.67010000
vn 0.79090000 -0.00020000 -0.61190000
vn -0.00000000 1.00000000 -0.00000000
vn -0.16750000 -0.00000000 0.98590000
vn -0.00000000 1.00000000 -0.00000000
vn 0.16750000 -0.00000000 0.98590000
vn 0.16750000 -0.00000000 0.98590000
vn -0.00000000 1.00000000 -0.00000000
vn -0.16750000 -0.00000000 0.98590000
vn -0.00000000 1.00000000 -0.00000000
vn 0.55090000 -0.00000000 0.83460000
vn 0.16750000 -0.00000000 0.98590000
vn 0.55090000 -0.00000000 0.83460000
vn -0.00000000 1.00000000 -0.00000000
vn 0.16750000 -0.00000000 0.98590000
vn 0.88060000 -0.00000000 0.47390000
vn -0.00000000 1.00000000 -0.00000000
vn 0.55090000 -0.00000000 0.83460000
vn -0.00000000 1.00000000 -0.00000000
vn 0.88060000 -0.00000000 0.47390000
vn 0.55090000 -0.00000000 0.83460000
vn 1.00000000 -0.00000000 -0.00000000
vn 0.88060000 -0.00000000 0.47390000
vn -0.00000000 1.00000000 -0.00000000
vn 0.88060000 -0.00000000 0.47390000
vn -0.00000000 1.00000000 -0.00000000
vn 1.00000000 -0.00000000 -0.00000000
vn 0.95090000 -0.00000000 -0.30940000
vn 1.00000000 -0.00000000 -0.00000000
vn 0.88290000 0.02190000 -0.46900000
vn 0.89250000 0.01770000 -0.45070000
vn 0.85060000 0.04100000 -0.52420000
vn -0.00000000 1.00000000 -0.00000000
vn -0.00000000 1.00000000 -0.00000000
vn 0.95090000 -0.00000000 -0.30940000
vn 1.00000000 -0.00000000 -0.00000000
vn 0.79090000 -0.00020000 -0.61190000
vn 0.74220000 -0.00000000 -0.67010000
vn -0.00010000 0.70710000 0.70710000
vn 0.62810000 -0.00060000 -0.77810000
vn -0.00010000 0.70700000 0.70720000
vn -0.00010000 0.70710000 0.70710000
vn 0.32710000 -0.00890000 -0.94490000
vn 0.55080000 0.01440000 -0.83450000
vn 0.62810000 -0.00060000 -0.77810000
vn -0.00000000 1.00000000 -0.00000000
vn 0.32710000 -0.00890000 -0.94490000
vn 0.16750000 0.00760000 -0.98580000
vn 0.55080000 0.01440000 -0.83450000
vn -0.00000000 0.70680000 0.70740000
vn 0.16750000 0.00760000 -0.98580000
vn 0.32710000 -0.00890000 -0.94490000
vn -0.00010000 0.70700000 0.70720000
vn 0.07570000 -0.00000000 -0.99710000
vn -0.00000000 1.00000000 -0.00000000
vn -0.16750000 -0.00000000 -0.98590000
vn 0.16750000 0.00760000 -0.98580000
vn 0.07570000 -0.00000000 -0.99710000
vn -0.16750000 -0.00000000 -0.98590000
vn -0.13300000 0.00640000 -0.99110000
vn -0.00000000 0.70710000 0.70710000
vn 0.07570000 -0.00000000 -0.99710000
vn -0.00000000 0.70680000 0.70740000
vn -0.74170000 -0.00000000 -0.67070000
vn -0.88310000 -0.00770000 -0.46910000
vn -0.73680000 -0.00010000 -0.67610000
vn -0.00000000 1.00000000 -0.00000000
vn -0.00000000 -0.00000000 1.00000000
vn -0.74170000 -0.00000000 -0.67070000
vn -0.00000000 -0.00000000 1.00000000
vn -0.00000000 1.00000000 -0.00000000
vn -0.74170000 -0.00000000 -0.67070000
vn -0.55090000 0.00210000 -0.83460000
vn -0.73680000 -0.00010000 -0.67610000
vn -0.00000000 1.00000000 0.00030000
vn -0.00000000 1.00000000 -0.00000000
vn -0.00000000 0.87170000 0.49000000
vn -0.00000000 0.70710000 0.70710000
vn -0.87830000 0.01990000 -0.47780000
vn -0.87530000 0.34050000 -0.34330000
vn -0.79740000 0.07270000 -0.59900000
vn -0.00000000 0.87170000 0.49000000
vn -0.00060000 0.83150000 0.55560000
vn 0.00040000 0.99300000 0.11850000
vn -0.87530000 0.34050000 -0.34330000
vn -0.87830000 0.01990000 -0.47780000
vn -0.00000000 1.00000000 -0.00000000
vn 0.00040000 0.99300000 0.11850000
vn -0.87530000 0.34050000 -0.34330000
vn -0.00000000 0.98080000 0.19510000
vn -0.95280000 -0.00000000 -0.30370000
vn -0.00000000 1.00000000 0.00010000
vn -0.63560000 0.02520000 -0.77160000
vn -0.55090000 0.00210000 -0.83460000
vn -0.73680000 -0.00010000 -0.67610000
vn -0.00000000 0.70710000 0.70710000
vn -0.79740000 0.07270000 -0.59900000
vn -0.88310000 -0.00770000 -0.46910000
vn -0.79740000 0.07270000 -0.59900000
vn -0.88310000 -0.00770000 -0.46910000
vn -0.00000000 1.00000000 -0.00000000
vn -1.00000000 -0.00000000 -0.00000000
vn -0.87830000 0.01990000 -0.47780000
vn -0.95280000 -0.00000000 -0.30370000
vn -0.00000000 1.00000000 0.00010000
vn -0.00000000 1.00000000 -0.00000000
vn -0.95280000 -0.00000000 -0.30370000
vn -1.00000000 -0.00000000 -0.00000000
vn -0.88060000 -0.00000000 0.47390000
vn -1.00000000 -0.00000000 -0.00000000
vn -0.00000000 1.00000000 -0.00000000
vn -0.88060000 -0.00000000 0.47390000
vn -0.00000000 1.00000000 -0.00000000
vn -1.00000000 -0.00000000 -0.00000000
vn -0.55090000 -0.00000000 0.83460000
vn -0.88060000 -0.00000000 0.47390000
vn -0.00000000 1.00000000 -0.00000000
vn -0.00000000 1.00000000 -0.00000000
vn -0.88060000 -0.00000000 0.47390000
vn -0.55090000 -0.00000000 0.83460000
vn -0.00000000 1.00000000 -0.00000000
vn -0.16750000 -0.00000000 0.98590000
vn -0.55090000 -0.00000000 0.83460000
vn -0.16750000 -0.00000000 0.98590000
vn -0.00000000 1.00000000 -0.00000000
vn -0.55090000 -0.00000000 0.83460000
vn -0.00000000 1.00000000 -0.00000000
vn -0.13300000 0.00640000 -0.99110000
vn -0.38830000 -0.00370000 -0.92150000
vn -0.55090000 0.00210000 -0.83460000
vn -0.16750000 -0.00000000 -0.98590000
vn -0.63560000 0.02520000 -0.77160000
vn -0.38830000 -0.00370000 -0.92150000
vn -0.00000000 0.70710000 0.70710000
vn -0.63560000 0.02520000 -0.77160000
vn -0.13300000 0.00640000 -0.99110000
vn -0.00000000 0.70710000 0.70710000
vn -0.38830000 -0.00370000 -0.92150000
vn -0.00010000 1.00000000 -0.00000000
vn -0.00000000 1.00000000 -0.00050000
vn -0.00000000 1.00000000 -0.00000000
vn 0.19150000 0.96260000 0.19150000
vn 0.19510000 0.98080000 -0.00000000
vn -0.00000000 1.00000000 -0.00010000
vn 0.00010000 1.00000000 0.00010000
vn -0.00000000 0.98080000 0.19510000
vn -0.00060000 0.83150000 0.55560000
vn 0.00040000 0.99300000 0.11850000
vn 0.19150000 0.96260000 0.19150000
vn 0.16320000 0.82030000 0.54810000
vn -0.00000000 0.98080000 0.19510000
vn 0.13930000 0.70020000 0.70020000
vn 0.16320000 0.82030000 0.54810000
vn -0.00060000 0.83150000 0.55560000
vn -0.00000000 0.70710000 0.70710000
vn -0.00000000 0.87170000 0.49000000
vn 0.70710000 0.70710000 -0.00000000
vn 0.69350000 0.69350000 0.19510000
vn 0.55560000 0.83150000 -0.00000000
vn 0.54530000 0.81610000 0.19150000
vn -0.00000000 1.00000000 -0.00010000
vn -0.00000000 1.00000000 -0.00000000
vn 0.19510000 0.98080000 -0.00000000
vn 0.19150000 0.96260000 0.19150000
vn 0.55560000 0.83150000 -0.00000000
vn 0.19510000 0.98080000 -0.00000000
vn 0.54530000 0.81610000 0.19150000
vn -0.03740000 0.98240000 -0.18280000
vn -0.00000000 1.00000000 -0.00000000
vn -0.05910000 0.98040000 -0.18780000
vn -0.33840000 0.70530000 -0.62290000
vn -0.32650000 0.83210000 -0.44830000
vn -0.41650000 0.70690000 -0.57170000
vn -0.33750000 0.70550000 -0.62320000
vn -0.26590000 0.83040000 -0.48950000
vn -0.26590000 0.83040000 -0.48950000
vn -0.19280000 0.86660000 -0.46030000
vn -0.08540000 0.97590000 -0.20090000
vn -0.32650000 0.83210000 -0.44830000
vn -0.34300000 0.83360000 -0.43300000
vn -0.11740000 0.98100000 -0.15440000
vn -0.10070000 0.98090000 -0.16610000
vn -0.12110000 0.98090000 -0.15250000
vn -0.19280000 0.86660000 -0.46030000
vn -0.33840000 0.70530000 -0.62290000
vn -0.26590000 0.83040000 -0.48950000
vn -0.20750000 0.70540000 -0.67770000
vn -0.20780000 0.70540000 -0.67770000
vn -0.16220000 0.83240000 -0.52990000
vn -0.10070000 0.98090000 -0.16610000
vn -0.11740000 0.98100000 -0.15440000
vn -0.00000000 1.00000000 -0.00000000
vn -0.00000000 1.00000000 -0.00000000
vn -0.08950000 0.97480000 -0.20440000
vn -0.10070000 0.98090000 -0.16610000
vn -0.08540000 0.97590000 -0.20090000
vn -0.00000000 1.00000000 0.00010000
vn -0.08950000 0.97480000 -0.20440000
vn -0.00000000 1.00000000 0.00010000
vn -0.00000000 1.00000000 -0.00000000
vn -0.05910000 0.98040000 -0.18780000
vn -0.12110000 0.98090000 -0.15250000
vn -0.12410000 0.98100000 -0.14900000
vn -0.11740000 0.98100000 -0.15440000
vn -0.00000000 1.00000000 -0.00000000
vn -0.34300000 0.83360000 -0.43300000
vn -0.38470000 0.83190000 -0.40010000
vn -0.13400000 0.98090000 -0.14080000
vn -0.12110000 0.98090000 -0.15250000
vn -0.13680000 0.98070000 -0.13980000
vn -0.12950000 0.98100000 -0.14430000
vn -0.35250000 0.83190000 -0.42850000
vn -0.12410000 0.98100000 -0.14900000
vn -0.12760000 0.98110000 -0.14560000
vn 0.00020000 1.00000000 -0.00110000
vn -0.00000000 1.00000000 -0.00000000
vn -0.12760000 0.98110000 -0.14560000
vn -0.12410000 0.98100000 -0.14900000
vn -0.44940000 0.70680000 -0.54630000
vn -0.41650000 0.70690000 -0.57170000
vn -0.35250000 0.83190000 -0.42850000
vn -0.34300000 0.83360000 -0.43300000
vn -0.41360000 0.70700000 -0.57360000
vn -0.32650000 0.83210000 -0.44830000
vn -0.35250000 0.83190000 -0.42850000
vn -0.44940000 0.70680000 -0.54630000
vn -0.49400000 0.70270000 -0.51210000
vn -0.38550000 0.83150000 -0.40000000
vn -0.38470000 0.83190000 -0.40010000
vn -0.39520000 0.83160000 -0.39020000
vn -0.38550000 0.83150000 -0.40000000
vn -0.13680000 0.98070000 -0.13980000
vn -0.14140000 0.98080000 -0.13390000
vn -0.38470000 0.83190000 -0.40010000
vn -0.13770000 0.98080000 -0.13780000
vn -0.00000000 1.00000000 -0.00000000
vn -0.14140000 0.98080000 -0.13390000
vn -0.13770000 0.98080000 -0.13780000
vn -0.17300000 0.97020000 -0.16960000
vn -0.13400000 0.98090000 -0.14080000
vn -0.13680000 0.98070000 -0.13980000
vn -0.00000000 1.00000000 0.00010000
vn -0.00000000 1.00000000 -0.00000000
vn -0.13770000 0.98080000 -0.13780000
vn -0.00000000 1.00000000 0.00010000
vn -0.12950000 0.98100000 -0.14430000
vn -0.13400000 0.98090000 -0.14080000
vn -0.00000000 1.00000000 0.00010000
vn 0.00020000 1.00000000 -0.00110000
vn -0.12760000 0.98110000 -0.14560000
vn -0.12950000 0.98100000 -0.14430000
vn -0.47540000 0.70660000 -0.52410000
vn -0.38550000 0.83150000 -0.40000000
vn -0.49400000 0.70270000 -0.51210000
vn -0.39520000 0.83160000 -0.39020000
vn -0.42490000 0.80380000 -0.41640000
vn -0.50500000 0.70710000 -0.49500000
vn -0.19000000 0.96900000 -0.15760000
vn -0.42490000 0.80380000 -0.41640000
vn -0.39520000 0.83160000 -0.39020000
vn -0.14140000 0.98080000 -0.13390000
vn -0.47910000 0.80120000 -0.35850000
vn -0.08760000 0.97870000 -0.18570000
vn -0.17300000 0.97020000 -0.16960000
vn -0.17820000 0.97020000 -0.16430000
vn -0.17300000 0.97020000 -0.16960000
vn -0.00000000 1.00000000 -0.00000000
vn -0.17820000 0.97020000 -0.16430000
vn -0.50500000 0.70710000 -0.49500000
vn -0.51860000 0.70700000 -0.48090000
vn -0.40530000 0.83340000 -0.37590000
vn -0.47910000 0.80120000 -0.35850000
vn -0.42490000 0.80380000 -0.41640000
vn -0.00000000 1.00000000 -0.00000000
vn -0.17820000 0.97020000 -0.16430000
vn -0.19000000 0.96900000 -0.15760000
vn -0.43340000 0.83350000 -0.34260000
vn -0.55480000 0.70690000 -0.43870000
vn -0.51860000 0.70700000 -0.48090000
vn -0.53300000 0.70480000 -0.46820000
vn -0.40530000 0.83340000 -0.37590000
vn -0.40530000 0.83340000 -0.37590000
vn -0.47910000 0.80120000 -0.35850000
vn -0.15000000 0.98220000 -0.11280000
vn -0.08760000 0.97870000 -0.18570000
vn -0.14890000 0.98230000 -0.11380000
vn -0.43340000 0.83350000 -0.34260000
vn -0.43880000 0.83500000 -0.33200000
vn 0.00010000 1.00000000 -0.00000000
vn -0.14890000 0.98230000 -0.11380000
vn -0.08760000 0.97870000 -0.18570000
vn -0.19000000 0.96900000 -0.15760000
vn -0.00000000 1.00000000 -0.00000000
vn -0.55480000 0.70690000 -0.43870000
vn -0.43340000 0.83350000 -0.34260000
vn -0.45200000 0.83340000 -0.31810000
vn -0.57790000 0.70700000 -0.40760000
vn -0.43880000 0.83500000 -0.33200000
vn -0.57790000 0.70700000 -0.40760000
vn -0.49000000 0.83210000 -0.25990000
vn -0.62700000 0.70560000 -0.33020000
vn -0.57850000 0.70690000 -0.40690000
vn -0.45200000 0.83340000 -0.31810000
vn -0.49230000 0.83090000 -0.25940000
vn -0.15720000 0.98230000 -0.10150000
vn -0.49000000 0.83210000 -0.25990000
vn -0.17510000 0.98040000 -0.08990000
vn -0.45200000 0.83340000 -0.31810000
vn -0.15000000 0.98220000 -0.11280000
vn -0.15130000 0.98230000 -0.11010000
vn -0.17680000 0.98020000 -0.08940000
vn -0.43880000 0.83500000 -0.33200000
vn -0.00000000 1.00000000 -0.00000000
vn -0.15720000 0.98230000 -0.10150000
vn -0.15130000 0.98230000 -0.11010000
vn 0.00010000 1.00000000 -0.00010000
vn 0.00010000 1.00000000 -0.00010000
vn -0.14890000 0.98230000 -0.11380000
vn 0.00010000 1.00000000 -0.00000000
vn -0.15000000 0.98220000 -0.11280000
vn -0.15130000 0.98230000 -0.11010000
vn -0.00000000 1.00000000 -0.00000000
vn -0.17510000 0.98040000 -0.08990000
vn -0.15720000 0.98230000 -0.10150000
vn -0.17680000 0.98020000 -0.08940000
vn -0.17510000 0.98040000 -0.08990000
vn -0.00000000 1.00000000 -0.00000000
vn -0.17930000 0.98070000 -0.07810000
vn -0.17680000 0.98020000 -0.08940000
vn -0.18830000 0.98060000 -0.05550000
vn -0.18020000 0.98070000 -0.07570000
vn -0.17930000 0.98070000 -0.07810000
vn -0.49000000 0.83210000 -0.25990000
vn -0.53500000 0.82960000 -0.16000000
vn -0.53360000 0.83090000 -0.15790000
vn -0.18560000 0.98100000 -0.05670000
vn -0.49230000 0.83090000 -0.25940000
vn -0.00000000 1.00000000 -0.00000000
vn -0.17930000 0.98070000 -0.07810000
vn -0.00000000 1.00000000 0.00020000
vn -0.18020000 0.98070000 -0.07570000
vn -0.18830000 0.98060000 -0.05550000
vn -0.00000000 1.00000000 -0.00000000
vn -0.00000000 1.00000000 0.00020000
vn -0.18020000 0.98070000 -0.07570000
vn -0.49230000 0.83090000 -0.25940000
vn -0.53500000 0.82960000 -0.16000000
vn -0.67880000 0.70570000 -0.20300000
vn -0.62720000 0.70550000 -0.32990000
vn -0.65490000 0.70710000 -0.26690000
vn -0.62700000 0.70560000 -0.33020000
vn -0.54690000 0.83240000 -0.08960000
vn -0.53360000 0.83090000 -0.15790000
vn -0.53500000 0.82960000 -0.16000000
vn -0.67920000 0.70550000 -0.20240000
vn -0.67880000 0.70570000 -0.20300000
vn -0.69790000 0.70700000 -0.11480000
vn -0.19290000 0.98100000 -0.02190000
vn -0.54800000 0.83370000 -0.06800000
vn -0.19250000 0.98100000 -0.02290000
vn -0.18560000 0.98100000 -0.05670000
vn -0.54690000 0.83240000 -0.08960000
vn -0.19060000 0.98120000 -0.02890000
vn -0.53360000 0.83090000 -0.15790000
vn -0.00000000 1.00000000 -0.00000000
vn -0.00010000 1.00000000 -0.00000000
vn -0.18830000 0.98060000 -0.05550000
vn -0.18560000 0.98100000 -0.05670000
vn -0.19060000 0.98120000 -0.02890000
vn -0.00010000 1.00000000 -0.00000000
vn -0.19290000 0.98100000 -0.02190000
vn -0.00000000 1.00000000 -0.00000000
vn -0.19060000 0.98120000 -0.02890000
vn -0.69790000 0.70700000 -0.11480000
vn -0.69740000 0.70700000 -0.11740000
vn -0.70340000 0.70680000 -0.07460000
vn -0.55160000 0.83210000 -0.05820000
vn -0.54690000 0.83240000 -0.08960000
vn -0.54800000 0.83370000 -0.06800000
vn -0.55530000 0.83150000 -0.01540000
vn -0.70340000 0.70680000 -0.07460000
vn -0.71110000 0.70280000 -0.01940000
vn -0.55450000 0.83200000 -0.01640000
vn -0.55160000 0.83210000 -0.05820000
vn -0.19350000 0.98110000 -0.00870000
vn -0.19570000 0.98070000 -0.00390000
vn -0.55450000 0.83200000 -0.01640000
vn -0.55160000 0.83210000 -0.05820000
vn -0.19250000 0.98100000 -0.02290000
vn -0.54800000 0.83370000 -0.06800000
vn -0.19250000 0.98100000 -0.02290000
vn -0.19290000 0.98100000 -0.02190000
vn -0.19350000 0.98110000 -0.00870000
vn -0.00000000 1.00000000 -0.00000000
vn -0.19570000 0.98070000 -0.00390000
vn -0.19480000 0.98080000 -0.00150000
vn -0.00000000 1.00000000 -0.00000000
vn -0.19350000 0.98110000 -0.00870000
vn -0.22110000 0.97520000 0.00140000
vn -0.55450000 0.83200000 -0.01640000
vn -0.19480000 0.98080000 -0.00150000
vn -0.19570000 0.98070000 -0.00390000
vn -0.19480000 0.98080000 -0.00000000
vn -0.55530000 0.83150000 -0.01540000
vn -0.55540000 0.83160000 -0.00090000
vn -0.19480000 0.98080000 -0.00000000
vn -0.00000000 1.00000000 -0.00000000
vn -0.19480000 0.98080000 -0.00150000
vn -0.70640000 0.70660000 -0.04100000
vn -0.55540000 0.83160000 -0.00090000
vn -0.70710000 0.70710000 -0.00000000
vn -0.71110000 0.70280000 -0.01940000
vn -0.55530000 0.83150000 -0.01540000
vn -0.59490000 0.80380000 -0.00000000
vn -0.24230000 0.97020000 -0.00000000
vn -0.19480000 0.98080000 -0.00000000
vn -0.22110000 0.97520000 0.00140000
vn -0.00000000 1.00000000 -0.00000000
vn -0.24610000 0.96900000 0.02050000
vn -0.22110000 0.97520000 0.00140000
vn -0.55540000 0.83160000 -0.00090000
vn -0.59490000 0.80380000 -0.00000000
vn -0.59310000 0.80120000 0.07940000
vn -0.24230000 0.97020000 -0.00000000
vn -0.24220000 0.97020000 0.00740000
vn -0.19250000 0.97870000 -0.07120000
vn -0.00000000 1.00000000 -0.00000000
vn -0.24220000 0.97020000 0.00740000
vn -0.00000000 1.00000000 -0.00010000
vn -0.24230000 0.97020000 -0.00000000
vn -0.70710000 0.70710000 -0.00000000
vn -0.59310000 0.80120000 0.07940000
vn -0.55250000 0.83330000 0.01530000
vn -0.70700000 0.70720000 -0.00000000
vn -0.70680000 0.70710000 0.01960000
vn -0.59490000 0.80380000 -0.00000000
vn -0.00010000 1.00000000 0.00010000
vn -0.00000000 1.00000000 -0.00010000
vn -0.24610000 0.96900000 0.02050000
vn -0.24220000 0.97020000 0.00740000
vn -0.54940000 0.83350000 0.05870000
vn -0.70820000 0.70490000 0.03950000
vn -0.70330000 0.70690000 0.07500000
vn -0.70680000 0.70710000 0.01960000
vn -0.55250000 0.83330000 0.01530000
vn -0.19250000 0.97870000 -0.07120000
vn -0.54940000 0.83350000 0.05870000
vn -0.55250000 0.83330000 0.01530000
vn -0.18600000 0.98230000 0.02300000
vn -0.18600000 0.98220000 0.02450000
vn -0.59310000 0.80120000 0.07940000
vn -0.54580000 0.83500000 0.07010000
vn -0.18600000 0.98230000 0.02300000
vn -0.24610000 0.96900000 0.02050000
vn 0.00010000 1.00000000 -0.00020000
vn -0.00010000 1.00000000 0.00010000
vn -0.19250000 0.97870000 -0.07120000
vn -0.54550000 0.83340000 0.08930000
vn -0.54940000 0.83350000 0.05870000
vn -0.70330000 0.70690000 0.07500000
vn -0.69810000 0.70700000 0.11360000
vn -0.54580000 0.83500000 0.07010000
vn -0.67890000 0.70560000 0.20320000
vn -0.53190000 0.83210000 0.15740000
vn -0.53310000 0.83090000 0.15940000
vn -0.69800000 0.70690000 0.11440000
vn -0.69810000 0.70700000 0.11360000
vn -0.54550000 0.83340000 0.08930000
vn -0.18320000 0.98240000 0.03750000
vn -0.18510000 0.98230000 0.02740000
vn -0.54550000 0.83340000 0.08930000
vn -0.18600000 0.98220000 0.02450000
vn -0.18800000 0.98040000 0.05840000
vn -0.53190000 0.83210000 0.15740000
vn -0.54580000 0.83500000 0.07010000
vn -0.18880000 0.98020000 0.05990000
vn -0.18510000 0.98230000 0.02740000
vn -0.18320000 0.98240000 0.03750000
vn -0.00000000 1.00000000 -0.00010000
vn -0.00010000 1.00000000 0.00020000
vn 0.00010000 1.00000000 -0.00020000
vn -0.18510000 0.98230000 0.02740000
vn -0.18600000 0.98220000 0.02450000
vn -0.00010000 1.00000000 0.00020000
vn -0.18600000 0.98230000 0.02300000
vn -0.00000000 1.00000000 -0.00000000
vn -0.18320000 0.98240000 0.03750000
vn -0.18800000 0.98040000 0.05840000
vn -0.00000000 1.00000000 -0.00010000
vn -0.00000000 1.00000000 -0.00000000
vn -0.18880000 0.98020000 0.05990000
vn -0.18800000 0.98040000 0.05840000
vn -0.18300000 0.98070000 0.06950000
vn -0.00000000 1.00000000 -0.00020000
vn -0.17220000 0.98100000 0.08940000
vn -0.18300000 0.98070000 0.06950000
vn -0.49150000 0.83090000 0.26080000
vn -0.18880000 0.98020000 0.05990000
vn -0.17330000 0.98050000 0.09220000
vn -0.49410000 0.82960000 0.26020000
vn -0.18160000 0.98070000 0.07200000
vn -0.53310000 0.83090000 0.15940000
vn -0.53190000 0.83210000 0.15740000
vn -0.00000000 1.00000000 -0.00020000
vn -0.18300000 0.98070000 0.06950000
vn -0.00000000 1.00000000 0.00040000
vn -0.18160000 0.98070000 0.07200000
vn -0.00000000 1.00000000 0.00040000
vn -0.18160000 0.98070000 0.07200000
vn -0.17330000 0.98050000 0.09220000
vn -0.00000000 1.00000000 -0.00000000
vn -0.67890000 0.70550000 0.20350000
vn -0.67890000 0.70560000 0.20320000
vn -0.65440000 0.70710000 0.26800000
vn -0.53310000 0.83090000 0.15940000
vn -0.49410000 0.82960000 0.26020000
vn -0.62690000 0.70570000 0.33020000
vn -0.62670000 0.70550000 0.33090000
vn -0.57870000 0.70700000 0.40650000
vn -0.49410000 0.82960000 0.26020000
vn -0.49150000 0.83090000 0.26080000
vn -0.62690000 0.70570000 0.33020000
vn -0.45340000 0.83230000 0.31880000
vn -0.17220000 0.98100000 0.08940000
vn -0.15640000 0.98120000 0.11270000
vn -0.15300000 0.98100000 0.11950000
vn -0.49150000 0.83090000 0.26080000
vn -0.15340000 0.98100000 0.11830000
vn -0.45340000 0.83230000 0.31880000
vn -0.43900000 0.83370000 0.33510000
vn -0.00010000 1.00000000 -0.00010000
vn -0.00000000 1.00000000 -0.00000000
vn -0.17220000 0.98100000 0.08940000
vn -0.15640000 0.98120000 0.11270000
vn -0.17330000 0.98050000 0.09220000
vn -0.15640000 0.98120000 0.11270000
vn 0.00010000 1.00000000 0.00010000
vn -0.15300000 0.98100000 0.11950000
vn -0.00010000 1.00000000 -0.00010000
vn -0.57870000 0.70700000 0.40650000
vn -0.43900000 0.83370000 0.33510000
vn -0.45340000 0.83230000 0.31880000
vn -0.55450000 0.70680000 0.43920000
vn -0.43460000 0.83210000 0.34460000
vn -0.58020000 0.70700000 0.40430000
vn -0.40750000 0.83200000 0.37650000
vn -0.52140000 0.70280000 0.48390000
vn -0.43460000 0.83210000 0.34460000
vn -0.55450000 0.70680000 0.43920000
vn -0.40730000 0.83150000 0.37770000
vn -0.15340000 0.98100000 0.11830000
vn -0.14430000 0.98110000 0.12920000
vn -0.43460000 0.83210000 0.34460000
vn -0.14240000 0.98070000 0.13420000
vn -0.40750000 0.83200000 0.37650000
vn -0.43900000 0.83370000 0.33510000
vn -0.15340000 0.98100000 0.11830000
vn 0.00010000 1.00000000 0.00010000
vn -0.15300000 0.98100000 0.11950000
vn -0.00000000 1.00000000 -0.00000000
vn -0.14430000 0.98110000 0.12920000
vn -0.14430000 0.98110000 0.12920000
vn -0.14010000 0.98080000 0.13530000
vn -0.00000000 1.00000000 -0.00000000
vn -0.14240000 0.98070000 0.13420000
vn -0.00000000 1.00000000 -0.00000000
vn -0.22250000 -0.00000000 0.97490000
vn 0.25880000 -0.00000000 0.96590000
vn -0.00000000 1.00000000 -0.00000000
vn 0.25880000 -0.00000000 0.96590000
vn -0.22250000 -0.00000000 0.97490000
vn -0.22250000 -0.00000000 0.97490000
vn -0.62350000 -0.00000000 0.78180000
vn -0.00000000 1.00000000 -0.00000000
vn -0.62350000 -0.00000000 0.78180000
vn -0.00000000 1.00000000 -0.00000000
vn -0.22250000 -0.00000000 0.97490000
vn -0.00000000 1.00000000 -0.00000000
vn -0.62350000 -0.00000000 0.78180000
vn -0.90100000 -0.00000000 0.43390000
vn -0.90100000 -0.00000000 0.43390000
vn -0.00000000 1.00000000 -0.00000000
vn -0.62350000 -0.00000000 0.78180000
vn -0.00020000 1.00000000 0.00140000
vn -0.00000000 1.00000000 -0.00000000
vn -0.90100000 -0.00000000 0.43390000
vn 0.00010000 1.00000000 -0.00030000
vn -0.00000000 1.00000000 0.00010000
vn 0.00020000 1.00000000 -0.00090000
vn -0.00010000 1.00000000 0.00040000
vn -0.00000000 1.00000000 -0.00010000
vn -1.00000000 -0.00000000 -0.00000000
vn -1.00000000 -0.00000000 -0.00000000
vn -0.00000000 1.00000000 -0.00000000
vn -0.90100000 -0.00000000 0.43390000
vn -0.90100000 -0.00000000 -0.43390000
vn -0.00000000 1.00000000 -0.00000000
vn -1.00000000 -0.00000000 -0.00000000
vn -1.00000000 -0.00000000 -0.00000000
vn -0.00000000 1.00000000 -0.00000000
vn -0.90100000 -0.00000000 -0.43390000
vn -0.00000000 1.00000000 -0.00010000
vn -0.62350000 -0.00000000 -0.78180000
vn -0.00000000 1.00000000 -0.00000000
vn -0.90100000 -0.00000000 -0.43390000
vn -0.62350000 -0.00000000 -0.78180000
vn -0.00000000 1.00000000 -0.00000000
vn -0.90100000 -0.00000000 -0.43390000
vn -0.62350000 -0.00000000 -0.78180000
vn -0.00000000 1.00000000 -0.00000000
vn -0.22250000 -0.00000000 -0.97490000
vn -0.00000000 1.00000000 -0.00000000
vn -0.22250000 -0.00000000 -0.97490000
vn -0.62350000 -0.00000000 -0.78180000
vn -0.00000000 1.00000000 -0.00000000
vn -0.22250000 -0.00000000 -0.97490000
vn 0.25880000 -0.00000000 -0.96590000
vn 0.25880000 -0.00000000 -0.96590000
vn -0.00000000 1.00000000 -0.00000000
vn -0.22250000 -0.00000000 -0.97490000
vn 0.70710000 -0.00000000 -0.70710000
vn -0.00000000 1.00000000 0.00010000
vn 0.25880000 -0.00000000 -0.96590000
vn -0.00000000 1.00000000 -0.00000000
vn 0.70710000 -0.00000000 -0.70710000
vn -0.00000000 1.00000000 -0.00000000
vn 0.25880000 -0.00000000 -0.96590000
vn 0.96590000 -0.00000000 -0.25880000
vn -0.00000000 1.00000000 -0.00000000
vn 0.70710000 -0.00000000 -0.70710000
vn 0.70710000 -0.00000000 -0.70710000
vn -0.00000000 1.00000000 -0.00000000
vn 0.96590000 -0.00000000 -0.25880000
vn 0.96590000 -0.00000000 -0.25880000
vn -0.00000000 1.00000000 -0.00000000
vn 0.96590000 -0.00000000 0.25880000
vn -0.00000000 1.00000000 -0.00000000
vn 0.96590000 -0.00000000 0.25880000
vn 0.96590000 -0.00000000 -0.25880000
vn 0.96590000 -0.00000000 0.25880000
vn 0.70710000 -0.00000000 0.70710000
vn -0.00000000 1.00000000 -0.00000000
vn 0.96590000 -0.00000000 0.25880000
vn -0.00000000 1.00000000 -0.00000000
vn 0.70710000 -0.00000000 0.70710000
vn 0.70710000 -0.00000000 0.70710000
vn -0.00000000 1.00000000 -0.00000000
vn 0.25880000 -0.00000000 0.96590000
vn 0.25880000 -0.00000000 0.96590000
vn 0.70710000 -0.00000000 0.70710000
vn -0.00000000 1.00000000 -0.00000000
vn 0.25880000 -0.00000000 0.96590000
vn -0.00000000 1.00000000 -0.00000000
vn -0.22250000 -0.00000000 0.97490000
vn -0.00000000 1.00000000 -0.00000000
vn 0.25880000 -0.00000000 0.96590000
vn -0.22250000 -0.00000000 0.97490000
vn -0.00000000 1.00000000 -0.00000000
vn -0.22250000 -0.00000000 0.97490000
vn -0.62350000 -0.00000000 0.78180000
vn -0.00000000 1.00000000 -0.00000000
vn -0.22250000 -0.00000000 0.97490000
vn -0.62350000 -0.00000000 0.78180000
vn -0.00000000 1.00000000 -0.00000000
vn -0.90100000 -0.00000000 0.43390000
vn -0.62350000 -0.00000000 0.78180000
vn -0.00000000 1.00000000 -0.00000000
vn -0.90100000 -0.00000000 0.43390000
vn -0.62350000 -0.00000000 0.78180000
vn -1.00000000 -0.00000000 -0.00000000
vn -0.90100000 -0.00000000 0.43390000
vn -0.00000000 1.00000000 -0.00000000
vn -0.90100000 -0.00000000 0.43390000
vn -1.00000000 -0.00000000 -0.00000000
vn -0.00000000 1.00000000 -0.00000000
vn -0.00000000 1.00000000 -0.00000000
vn -0.90100000 -0.00000000 -0.43390000
vn -1.00000000 -0.00000000 -0.00000000
vn -0.00000000 1.00000000 -0.00000000
vn -0.90100000 -0.00000000 -0.43390000
vn -1.00000000 -0.00000000 -0.00000000
vn -0.90100000 -0.00000000 -0.43390000
vn -0.00000000 1.00000000 -0.00000000
vn -0.62350000 -0.00000000 -0.78180000
vn -0.90100000 -0.00000000 -0.43390000
vn -0.62350000 -0.00000000 -0.78180000
vn -0.00000000 1.00000000 -0.00000000
vn -0.00000000 1.00000000 -0.00000000
vn -0.22250000 -0.00000000 -0.97490000
vn -0.62350000 -0.00000000 -0.78180000
vn -0.22250000 -0.00000000 -0.97490000
vn -0.00000000 1.00000000 -0.00000000
vn -0.62350000 -0.00000000 -0.78180000
vn 0.00030000 1.00000000 -0.00020000
vn -0.00010000 1.00000000 0.00010000
vn 0.00010000 1.00000000 -0.00010000
vn -0.22250000 -0.00000000 -0.97490000
vn -0.00020000 1.00000000 0.00010000
vn -0.00020000 1.00000000 0.00020000
vn -0.00000000 1.00000000 0.00010000
vn -0.00000000 1.00000000 -0.00000000
vn 0.25880000 -0.00000000 -0.96590000
vn 0.00020000 1.00000000 -0.00010000
vn -0.00030000 1.00000000 0.00020000
vn 0.25880000 -0.00000000 -0.96590000
vn -0.22250000 -0.00000000 -0.97490000
vn -0.00000000 1.00000000 -0.00000000
vn -0.00000000 1.00000000 -0.00000000
vn 0.25880000 -0.00000000 -0.96590000
vn 0.70710000 -0.00000000 -0.70710000
vn 0.25880000 -0.00000000 -0.96590000
vn -0.00000000 1.00000000 -0.00000000
vn 0.70710000 -0.00000000 -0.70710000
vn 0.00010000 1.00000000 0.00010000
vn -0.00000000 1.00000000 -0.00010000
vn -0.00010000 1.00000000 0.00010000
vn -0.00000000 1.00000000 0.00040000
vn 0.70710000 -0.00000000 -0.70710000
vn 0.00010000 1.00000000 -0.00020000
vn -0.00010000 1.00000000 -0.00010000
vn -0.00000000 1.00000000 -0.00000000
vn -0.00000000 1.00000000 -0.00020000
vn 0.96590000 -0.00000000 -0.25880000
vn -0.00010000 1.00000000 0.00020000
vn 0.70710000 -0.00000000 -0.70710000
vn 0.96590000 -0.00000000 -0.25880000
vn -0.00000000 1.00000000 -0.00000000
vn -0.00000000 1.00000000 -0.00000000
vn 0.96590000 -0.00000000 -0.25880000
vn 0.96590000 -0.00000000 0.25880000
vn -0.00000000 1.00000000 -0.00000000
vn 0.96590000 -0.00000000 -0.25880000
vn 0.96590000 -0.00000000 0.25880000
vn 0.70710000 -0.00000000 0.70710000
vn 0.96590000 -0.00000000 0.25880000
vn -0.00000000 1.00000000 -0.00000000
vn 0.70710000 -0.00000000 0.70710000
vn -0.00000000 1.00000000 -0.00000000
vn 0.96590000 -0.00000000 0.25880000
vn 0.70710000 -0.00000000 0.70710000
vn 0.25880000 -0.00000000 0.96590000
vn -0.00000000 1.00000000 -0.00000000
vn -0.00000000 1.00000000 -0.00000000
vn 0.70710000 -0.00000000 0.70710000
vn 0.25880000 -0.00000000 0.96590000
vn 0.25880000 -0.00000000 0.96590000
vn -0.22250000 -0.00000000 0.97490000
vn -0.00000000 1.00000000 -0.00000000
vn 0.25880000 -0.00000000 0.96590000
vn -0.00000000 1.00000000 -0.00000000
vn -0.22250000 -0.00000000 0.97490000
vn -0.22250000 -0.00000000 0.97490000
vn -0.62350000 -0.00000000 0.78180000
vn -0.00000000 1.00000000 -0.00000000
vn -0.00000000 1.00000000 -0.00000000
vn -0.62350000 -0.00000000 0.78180000
vn -0.22250000 -0.00000000 0.97490000
vn -0.62350000 -0.00000000 0.78180000
vn -0.90100000 -0.00000000 0.43390000
vn -0.00000000 1.00000000 -0.00000000
vn -0.62350000 -0.00000000 0.78180000
vn -0.90100000 -0.00000000 0.43390000
vn -0.00000000 1.00000000 -0.00000000
vn -0.00000000 1.00000000 -0.00000000
vn -0.90100000 -0.00000000 0.43390000
vn -1.00000000 -0.00000000 -0.00000000
vn -0.90100000 -0.00000000 0.43390000
vn -0.00000000 1.00000000 -0.00000000
vn -1.00000000 -0.00000000 -0.00000000
vn -0.00000000 1.00000000 -0.00000000
vn -0.90100000 -0.00000000 -0.43390000
vn -1.00000000 -0.00000000 -0.00000000
vn -0.00000000 1.00000000 -0.00000000
vn -0.90100000 -0.00000000 -0.43390000
vn -1.00000000 -0.00000000 -0.00000000
vn -0.00010000 1.00000000 0.00010000
vn -0.00000000 1.00000000 -0.00010000
vn -0.00000000 1.00000000 -0.00000000
vn -0.90100000 -0.00000000 -0.43390000
vn -0.62350000 -0.00000000 -0.78180000
vn -0.90100000 -0.00000000 -0.43390000
vn -0.00000000 1.00000000 -0.00000000
vn -0.62350000 -0.00000000 -0.78180000
vn -0.00000000 1.00000000 -0.00000000
vn -0.22250000 -0.00000000 -0.97490000
vn -0.62350000 -0.00000000 -0.78180000
vn -0.22250000 -0.00000000 -0.97490000
vn -0.62350000 -0.00000000 -0.78180000
vn -0.00000000 1.00000000 -0.00000000
vn -0.22250000 -0.00000000 -0.97490000
vn -0.00000000 1.00000000 -0.00000000
vn 0.25880000 -0.00000000 -0.96590000
vn 0.25880000 -0.00000000 -0.96590000
vn -0.00000000 1.00000000 -0.00000000
vn -0.22250000 -0.00000000 -0.97490000
vn 0.25880000 -0.00000000 -0.96590000
vn -0.00000000 1.00000000 -0.00000000
vn 0.70710000 -0.00000000 -0.70710000
vn 0.25880000 -0.00000000 -0.96590000
vn 0.70710000 -0.00000000 -0.70710000
vn -0.00000000 1.00000000 -0.00000000
vn 0.96590000 -0.00000000 -0.25880000
vn -0.00000000 1.00000000 -0.00000000
vn 0.70710000 -0.00000000 -0.70710000
vn 0.70710000 -0.00000000 -0.70710000
vn -0.00000000 1.00000000 -0.00000000
vn 0.96590000 -0.00000000 -0.25880000
vn -0.00000000 1.00000000 -0.00000000
vn 0.96590000 -0.00000000 -0.25880000
vn 0.96590000 -0.00000000 0.25880000
vn 0.96590000 -0.00000000 0.25880000
vn 0.96590000 -0.00000000 -0.25880000
vn -0.00000000 1.00000000 -0.00000000
vn 0.96590000 -0.00000000 0.25880000
vn -0.00000000 1.00000000 -0.00000000
vn 0.70710000 -0.00000000 0.70710000
vn -0.00000000 1.00000000 -0.00000000
vn 0.70710000 -0.00000000 0.70710000
vn 0.96590000 -0.00000000 0.25880000
vn -0.00000000 1.00000000 -0.00000000
vn 0.25880000 -0.00000000 0.96590000
vn 0.70710000 -0.00000000 0.70710000
vn 0.70710000 -0.00000000 0.70710000
vn -0.00000000 1.00000000 -0.00000000
vn 0.25880000 -0.00000000 0.96590000
vn 0.25880000 -0.00000000 0.96590000
vn -0.00000000 1.00000000 -0.00010000
vn -0.00000000 1.00000000 -0.00000000
vn -0.22250000 -0.00000000 0.97490000
vn -0.22250000 -0.00000000 0.97490000
vn 0.25880000 -0.00000000 0.96590000
vn -0.00000000 1.00000000 -0.00000000
vn -0.62350000 -0.00000000 0.78180000
vn -0.22250000 -0.00000000 0.97490000
vn -0.00000000 1.00000000 -0.00000000
vn -0.00000000 1.00000000 -0.00000000
vn -0.22250000 -0.00000000 0.97490000
vn -0.62350000 -0.00000000 0.78180000
vn -0.62350000 -0.00000000 0.78180000
vn -0.90100000 -0.00000000 0.43390000
vn -0.00000000 1.00000000 -0.00000000
vn -0.00000000 1.00000000 -0.00000000
vn -0.62350000 -0.00000000 0.78180000
vn -0.90100000 -0.00000000 0.43390000
vn -0.00000000 1.00000000 -0.00000000
vn -1.00000000 -0.00000000 -0.00000000
vn -0.90100000 -0.00000000 0.43390000
vn -0.90100000 -0.00000000 0.43390000
vn -1.00000000 -0.00000000 -0.00000000
vn -0.00000000 1.00000000 -0.00000000
vn -1.00000000 -0.00000000 -0.00000000
vn -0.90100000 -0.00000000 -0.43390000
vn -0.00000000 1.00000000 -0.00000000
vn -1.00000000 -0.00000000 -0.00000000
vn -0.00000000 1.00000000 -0.00000000
vn -0.90100000 -0.00000000 -0.43390000
vn -0.90100000 -0.00000000 -0.43390000
vn -0.62350000 -0.00000000 -0.78180000
vn -0.00000000 1.00000000 -0.00000000
vn -0.90100000 -0.00000000 -0.43390000
vn -0.62350000 -0.00000000 -0.78180000
vn -0.00000000 1.00000000 -0.00000000
vn -0.00000000 1.00000000 -0.00000000
vn -0.62350000 -0.00000000 -0.78180000
vn -0.22250000 -0.00000000 -0.97490000
vn -0.00000000 1.00000000 -0.00000000
vn -0.62350000 -0.00000000 -0.78180000
vn -0.22250000 -0.00000000 -0.97490000
vn -0.00000000 1.00000000 -0.00000000
vn 0.25880000 -0.00000000 -0.96590000
vn -0.22250000 -0.00000000 -0.97490000
vn -0.22250000 -0.00000000 -0.97490000
vn 0.25880000 -0.00000000 -0.96590000
vn -0.00000000 1.00000000 -0.00000000
vn 0.25880000 -0.00000000 -0.96590000
vn 0.70710000 -0.00000000 -0.70710000
vn -0.00000000 1.00000000 -0.00000000
vn 0.70710000 -0.00000000 -0.70710000
vn -0.00000000 1.00000000 -0.00000000
vn 0.25880000 -0.00000000 -0.96590000
vn -0.00000000 1.00000000 -0.00000000
vn 0.96590000 -0.00000000 -0.25880000
vn 0.70710000 -0.00000000 -0.70710000
vn 0.96590000 -0.00000000 -0.25880000
vn -0.00000000 1.00000000 -0.00000000
vn 0.70710000 -0.00000000 -0.70710000
vn 0.96590000 -0.00000000 0.25880000
vn 0.96590000 -0.00000000 -0.25880000
vn -0.00000000 1.00000000 -0.00000000
vn -0.00000000 1.00000000 -0.00000000
vn 0.96590000 -0.00000000 0.25880000
vn 0.96590000 -0.00000000 -0.25880000
vn -0.00000000 1.00000000 -0.00000000
vn 0.00010000 1.00000000 -0.00000000
vn -0.00010000 1.00000000 -0.00000000
vn 0.00010000 1.00000000 -0.00010000
vn 0.96590000 -0.00000000 0.25880000
vn 0.70710000 -0.00000000 0.70710000
vn -0.00000000 1.00000000 0.00020000
vn -0.00000000 1.00000000 -0.00000000
vn 0.96590000 -0.00000000 0.25880000
vn 0.70710000 -0.00000000 0.70710000
vn 0.25880000 -0.00000000 0.96590000
vn -0.00000000 1.00000000 -0.00000000
vn -0.00000000 1.00000000 -0.00010000
vn 0.70710000 -0.00000000 0.70710000
vn -0.00000000 1.00000000 -0.00000000
vn 0.70710000 -0.00000000 0.70710000
vn 0.25880000 -0.00000000 0.96590000
vn -0.97100000 0.13120000 0.20000000
vn -0.98780000 0.14100000 0.06600000
vn -1.00000000 -0.00010000 0.00010000
vn -0.99200000 0.10810000 0.06450000
vn -0.97840000 0.19500000 0.06900000
vn -0.98070000 0.19560000 0.00010000
vn -0.99640000 0.05470000 0.06410000
vn -0.94520000 0.16450000 0.28200000
vn -0.98070000 0.19560000 0.00010000
vn -0.96240000 0.19260000 -0.19140000
vn -0.98080000 -0.00000000 -0.19510000
vn -1.00000000 -0.00010000 0.00010000
vn -0.98080000 0.19510000 0.00010000
vn -0.96270000 0.19150000 -0.19120000
vn -1.00000000 -0.00000000 -0.00000000
vn -0.88130000 0.46930000 0.05510000
vn -0.98080000 0.19510000 0.00010000
vn -0.98070000 0.19560000 0.00010000
vn -0.96470000 0.25600000 0.06200000
vn -0.88270000 0.47000000 -0.00010000
vn -0.97840000 0.19500000 0.06900000
vn -0.83150000 0.55560000 0.00150000
vn -0.98080000 0.19510000 0.00010000
vn -0.88270000 0.47000000 -0.00010000
vn -0.82040000 0.54820000 -0.16260000
vn -0.96270000 0.19150000 -0.19120000
vn -0.81840000 0.55110000 -0.16310000
vn -0.77320000 0.63420000 -0.00000000
vn -0.65710000 0.75200000 0.05220000
vn -0.77280000 0.63370000 0.03350000
vn -0.83150000 0.55560000 0.00150000
vn -0.85400000 0.51800000 0.04810000
vn -0.88130000 0.46930000 0.05510000
vn -0.88270000 0.47000000 -0.00010000
vn -0.54720000 0.82980000 -0.10940000
vn -0.55560000 0.83150000 0.00080000
vn -0.55220000 0.82650000 -0.10910000
vn -0.83150000 0.55560000 0.00150000
vn -0.68580000 0.72780000 -0.00000000
vn -0.77320000 0.63420000 -0.00000000
vn -0.82040000 0.54820000 -0.16260000
vn -0.77280000 0.63370000 0.03350000
vn -0.68580000 0.72780000 -0.00000000
vn -0.68530000 0.72720000 0.03830000
vn -0.77320000 0.63420000 -0.00000000
vn -0.52920000 0.84760000 0.03900000
vn -0.68530000 0.72720000 0.03830000
vn -0.52950000 0.84830000 -0.00000000
vn -0.55560000 0.83150000 0.00080000
vn -0.68580000 0.72780000 -0.00000000
vn -0.19490000 0.98000000 -0.03950000
vn -0.55220000 0.82650000 -0.10910000
vn -0.19510000 0.98080000 -0.00000000
vn -0.52950000 0.84830000 -0.00000000
vn -0.55560000 0.83150000 0.00080000
vn -0.52920000 0.84760000 0.03900000
vn -0.19630000 0.98050000 -0.00000000
vn -0.18830000 0.98210000 0.00660000
vn -0.19630000 0.98050000 0.00160000
vn -0.40320000 0.91490000 0.01950000
vn -0.52950000 0.84830000 -0.00000000
vn -0.19510000 0.98080000 -0.00000000
vn -0.14350000 0.98940000 0.02010000
vn -0.19490000 0.98000000 -0.03950000
vn -0.19510000 0.98080000 -0.00000000
vn -0.24490000 0.96760000 -0.06060000
vn -0.19630000 0.98050000 -0.00000000
vn -0.00000000 1.00000000 -0.00000000
vn -0.19630000 0.98050000 0.00160000
vn -0.00000000 1.00000000 -0.00000000
vn -0.00000000 1.00000000 -0.00010000
vn -0.19630000 0.98050000 -0.00000000
vn -0.55220000 0.82650000 -0.10910000
vn -0.13750000 0.98620000 -0.09190000
vn -0.54720000 0.82980000 -0.10940000
vn -0.24490000 0.96760000 -0.06060000
vn -0.46410000 0.82970000 -0.31010000
vn -0.19490000 0.98000000 -0.03950000
vn -0.46400000 0.82980000 -0.31000000
vn -0.00000000 1.00000000 -0.00000000
vn -0.13750000 0.98620000 -0.09190000
vn -0.21910000 0.95610000 -0.19460000
vn -0.24490000 0.96760000 -0.06060000
vn -0.00000000 1.00000000 -0.00000000
vn -0.04000000 0.97980000 -0.19600000
vn -0.00000000 0.98060000 -0.19620000
vn -0.00740000 0.99300000 -0.11810000
vn -0.00000000 1.00000000 -0.00000000
vn -0.10600000 0.95470000 -0.27800000
vn -0.00740000 0.99300000 -0.11810000
vn -0.04000000 0.97980000 -0.19600000
vn -0.00740000 0.99300000 -0.11810000
vn -0.31010000 0.82970000 -0.46410000
vn -0.10600000 0.95470000 -0.27800000
vn -0.08680000 0.98770000 -0.12990000
vn -0.10790000 0.82970000 -0.54770000
vn -0.00000000 0.84830000 -0.52960000
vn -0.11150000 0.82430000 -0.55500000
vn -0.10790000 0.82970000 -0.54770000
vn -0.04000000 0.97980000 -0.19600000
vn -0.00000000 0.98060000 -0.19620000
vn 0.00120000 0.72800000 -0.68560000
vn -0.00000000 0.82950000 -0.55850000
vn -0.46360000 0.55110000 -0.69380000
vn -0.11150000 0.82430000 -0.55500000
vn -0.10790000 0.82970000 -0.54770000
vn -0.31010000 0.82970000 -0.46410000
vn -0.16180000 0.55100000 -0.81870000
vn -0.31010000 0.82980000 -0.46400000
vn -0.16490000 0.54310000 -0.82330000
vn -0.00000000 0.82950000 -0.55850000
vn -0.16180000 0.55100000 -0.81870000
vn -0.00000000 0.63410000 -0.77330000
vn 0.00040000 0.55070000 -0.83470000
vn -0.11150000 0.82430000 -0.55500000
vn -0.54520000 0.19260000 -0.81590000
vn -0.16180000 0.55100000 -0.81870000
vn -0.16490000 0.54310000 -0.82330000
vn -0.46360000 0.55110000 -0.69380000
vn -0.46360000 0.55100000 -0.69390000
vn -0.19030000 0.19250000 -0.96260000
vn -0.16490000 0.54310000 -0.82330000
vn -0.19030000 0.19250000 -0.96260000
vn -0.00000000 0.47000000 -0.88270000
vn 0.00040000 0.55070000 -0.83470000
vn -0.19160000 0.18810000 -0.96330000
vn -0.00000000 0.19160000 -0.98150000
vn -0.19030000 0.19250000 -0.96260000
vn -0.19510000 -0.00000000 -0.98080000
vn -0.54520000 0.19260000 -0.81590000
vn -0.19160000 0.18810000 -0.96330000
vn -0.55560000 -0.00000000 -0.83150000
vn -0.19160000 0.18810000 -0.96330000
vn -0.19510000 -0.00000000 -0.98080000
vn -0.00000000 0.19160000 -0.98150000
vn -0.00000000 -0.00000000 -1.00000000
vn -0.08680000 0.98770000 -0.12990000
vn -0.10600000 0.95470000 -0.27800000
vn -0.21910000 0.95610000 -0.19460000
vn -0.00000000 1.00000000 -0.00000000
vn -0.08680000 0.98770000 -0.12990000
vn -0.21910000 0.95610000 -0.19460000
vn -0.46400000 0.82980000 -0.31000000
vn -0.13750000 0.98620000 -0.09190000
vn -0.31010000 0.82980000 -0.46400000
vn -0.31010000 0.82970000 -0.46410000
vn -0.46360000 0.55110000 -0.69380000
vn -0.31010000 0.82980000 -0.46400000
vn -0.46360000 0.55100000 -0.69390000
vn -0.46400000 0.82980000 -0.31000000
vn -0.46410000 0.82970000 -0.31010000
vn -0.69380000 0.55110000 -0.46360000
vn -0.69380000 0.55110000 -0.46360000
vn -0.54520000 0.19260000 -0.81590000
vn -0.81590000 0.19260000 -0.54520000
vn -0.46360000 0.55100000 -0.69390000
vn -0.69380000 0.55100000 -0.46360000
vn -0.81590000 0.19260000 -0.54520000
vn -0.83150000 -0.00000000 -0.55560000
vn -0.54520000 0.19260000 -0.81590000
vn -0.55560000 -0.00000000 -0.83150000
vn -0.69380000 0.55100000 -0.46360000
vn -0.46410000 0.82970000 -0.31010000
vn -0.69380000 0.55110000 -0.46360000
vn -0.82040000 0.54820000 -0.16260000
vn -0.81840000 0.55110000 -0.16310000
vn -0.54720000 0.82980000 -0.10940000
vn -0.96240000 0.19260000 -0.19140000
vn -0.96270000 0.19150000 -0.19120000
vn -0.69380000 0.55100000 -0.46360000
vn -0.81590000 0.19260000 -0.54520000
vn -0.81840000 0.55110000 -0.16310000
vn -0.81590000 0.19260000 -0.54520000
vn -0.96240000 0.19260000 -0.19140000
vn -0.83150000 -0.00000000 -0.55560000
vn -0.98080000 -0.00000000 -0.19510000
vn 0.06570000 0.05520000 -0.99630000
vn -0.00000000 0.19160000 -0.98150000
vn 0.06320000 0.05380000 -0.99650000
vn 0.07320000 0.25540000 -0.96410000
vn -0.00000000 -0.00000000 -1.00000000
vn 0.06410000 0.19120000 -0.97950000
vn 0.06730000 0.13850000 -0.98810000
vn 0.06410000 0.19120000 -0.97950000
vn -0.00000000 0.19160000 -0.98150000
vn 0.04760000 0.46950000 -0.88170000
vn 0.05350000 0.51740000 -0.85410000
vn -0.00000000 0.47000000 -0.88270000
vn 0.04760000 0.46950000 -0.88170000
vn 0.00040000 0.55070000 -0.83470000
vn -0.00000000 0.47000000 -0.88270000
vn -0.00000000 0.63410000 -0.77330000
vn 0.05110000 0.63330000 -0.77220000
vn 0.03880000 0.72730000 -0.68520000
vn 0.05110000 0.63330000 -0.77220000
vn 0.04000000 0.75080000 -0.65930000
vn -0.00000000 0.63410000 -0.77330000
vn 0.00120000 0.72800000 -0.68560000
vn -0.00000000 0.82950000 -0.55850000
vn 0.01910000 0.84810000 -0.52950000
vn -0.00000000 0.84830000 -0.52960000
vn 0.00120000 0.72800000 -0.68560000
vn 0.03880000 0.72730000 -0.68520000
vn 0.03870000 0.91510000 -0.40130000
vn 0.00060000 0.98060000 -0.19620000
vn 0.00570000 0.98200000 -0.18890000
vn -0.00000000 0.98060000 -0.19620000
vn -0.00000000 0.84830000 -0.52960000
vn 0.01910000 0.84810000 -0.52950000
vn 0.02010000 0.98970000 -0.14170000
vn 0.00900000 0.98360000 -0.18030000
vn 0.00230000 0.98090000 -0.19470000
vn -0.00000000 1.00000000 -0.00010000
vn -0.00000000 0.98060000 -0.19620000
vn 0.00060000 0.98060000 -0.19620000
vn -0.00000000 1.00000000 -0.00000000
vn -0.00000000 1.00000000 -0.00010000
vn 0.00230000 0.98090000 -0.19470000
vn 0.00060000 0.98060000 -0.19620000
vn -0.00010000 1.00000000 -0.00000000
vn 0.01810000 0.99070000 -0.13520000
vn -0.00000000 1.00000000 -0.00000000
vn -0.00000000 1.00000000 -0.00010000
vn 0.00010000 1.00000000 0.00010000
vn 0.00900000 0.98360000 -0.18030000
vn 0.02010000 0.98970000 -0.14170000
vn 0.00570000 0.98200000 -0.18890000
vn -0.00000000 1.00000000 -0.00050000
vn 0.00010000 1.00000000 0.00010000
vn 0.00900000 0.98360000 -0.18030000
vn 0.00230000 0.98090000 -0.19470000
vn 0.00570000 0.98200000 -0.18890000
vn -0.00010000 1.00000000 -0.00000000
vn -0.00000000 1.00000000 -0.00050000
vn -0.00020000 1.00000000 0.00140000
vn 0.01770000 0.99900000 -0.04130000
vn 0.01520000 0.99900000 -0.04210000
vn -0.00000000 1.00000000 -0.00000000
vn -0.00000000 1.00000000 0.00010000
vn 0.01320000 0.99900000 -0.04160000
vn -0.00020000 1.00000000 0.00140000
vn 0.01520000 0.99900000 -0.04210000
vn 0.02200000 0.99780000 -0.06250000
vn 0.01320000 0.99900000 -0.04160000
vn 0.09310000 0.96480000 -0.24610000
vn 0.01520000 0.99900000 -0.04210000
vn 0.08010000 0.96470000 -0.25080000
vn 0.08720000 0.91510000 -0.39360000
vn 0.01770000 0.99900000 -0.04130000
vn 0.01320000 0.99900000 -0.04160000
vn -0.00000000 1.00000000 0.00010000
vn 0.02200000 0.99780000 -0.06250000
vn 0.00020000 1.00000000 -0.00090000
vn 0.02420000 0.99470000 -0.09980000
vn 0.02010000 0.98970000 -0.14170000
vn 0.02200000 0.99780000 -0.06250000
vn 0.03870000 0.91510000 -0.40130000
vn 0.02420000 0.99470000 -0.09980000
vn 0.08720000 0.91510000 -0.39360000
vn 0.01910000 0.84810000 -0.52950000
vn 0.01810000 0.99070000 -0.13520000
vn 0.00020000 1.00000000 -0.00090000
vn 0.02420000 0.99470000 -0.09980000
vn -0.00000000 1.00000000 -0.00000000
vn 0.01810000 0.99070000 -0.13520000
vn -0.00000000 1.00000000 -0.00010000
vn 0.19100000 0.90770000 -0.37350000
vn 0.26060000 0.90730000 -0.33000000
vn 0.08670000 0.98900000 -0.11950000
vn 0.07500000 0.98850000 -0.13150000
vn 0.08080000 0.98850000 -0.12800000
vn 0.07280000 0.99370000 -0.08510000
vn 0.06810000 0.99480000 -0.07520000
vn 0.22420000 0.84050000 -0.49330000
vn 0.06230000 0.99600000 -0.06400000
vn 0.07720000 0.98800000 -0.13350000
vn 0.08080000 0.98850000 -0.12800000
vn 0.07500000 0.98850000 -0.13150000
vn -0.00000000 1.00000000 -0.00000000
vn 0.00010000 1.00000000 -0.00030000
vn 0.01770000 0.99900000 -0.04130000
vn 0.07720000 0.98800000 -0.13350000
vn 0.09310000 0.96480000 -0.24610000
vn -0.00000000 1.00000000 -0.00000000
vn 0.07500000 0.98850000 -0.13150000
vn 0.06430000 0.99590000 -0.06310000
vn -0.00000000 1.00000000 -0.00000000
vn 0.06440000 0.99590000 -0.06320000
vn 0.06390000 0.99590000 -0.06350000
vn -0.00000000 1.00000000 -0.00010000
vn -0.00000000 1.00000000 -0.00010000
vn 0.06390000 0.99590000 -0.06350000
vn 0.06050000 0.99620000 -0.06240000
vn 0.06230000 0.99600000 -0.06400000
vn 0.22140000 0.93900000 -0.26310000
vn 0.26060000 0.90730000 -0.33000000
vn 0.06390000 0.99590000 -0.06350000
vn 0.05480000 0.99680000 -0.05900000
vn 0.06430000 0.99590000 -0.06310000
vn 0.24450000 0.93950000 -0.23970000
vn 0.06050000 0.99620000 -0.06240000
vn -0.00000000 1.00000000 0.00010000
vn 0.06050000 0.99620000 -0.06240000
vn 0.05480000 0.99680000 -0.05900000
vn -0.00000000 1.00000000 -0.00010000
vn 0.06230000 0.99600000 -0.06400000
vn -0.00010000 1.00000000 0.00040000
vn -0.00000000 1.00000000 0.00010000
vn 0.06810000 0.99480000 -0.07520000
vn 0.05480000 0.99680000 -0.05900000
vn 0.06810000 0.99480000 -0.07520000
vn 0.07280000 0.99370000 -0.08510000
vn -0.00000000 1.00000000 -0.00010000
vn -0.00010000 1.00000000 0.00040000
vn -0.00000000 1.00000000 -0.00000000
vn -0.00000000 1.00000000 -0.00010000
vn 0.07280000 0.99370000 -0.08510000
vn 0.08670000 0.98900000 -0.11950000
vn 0.08670000 0.98900000 -0.11950000
vn -0.00000000 1.00000000 -0.00000000
vn 0.00010000 1.00000000 -0.00030000
vn 0.08080000 0.98850000 -0.12800000
vn 0.09950000 -0.93480000 -0.34100000
vn 0.42490000 0.41250000 -0.80580000
vn 0.54620000 0.52100000 -0.65590000
vn 0.57880000 0.41090000 -0.70440000
vn 0.53900000 0.51610000 -0.66570000
vn 0.50740000 0.61860000 -0.59990000
vn 0.37860000 0.51720000 -0.76760000
vn 0.42490000 0.41250000 -0.80580000
vn 0.57880000 0.41090000 -0.70440000
vn 0.59550000 0.48570000 -0.63990000
vn 0.56210000 0.47250000 -0.67880000
vn 0.42950000 0.38000000 -0.81920000
vn 0.57880000 0.41090000 -0.70440000
vn 0.54620000 0.52100000 -0.65590000
vn 0.60870000 0.52270000 -0.59690000
vn 0.61230000 0.51460000 -0.60020000
vn 0.56210000 0.47250000 -0.67880000
vn 0.04760000 0.46950000 -0.88170000
vn 0.05110000 0.63330000 -0.77220000
vn 0.04000000 0.75080000 -0.65930000
vn 0.05350000 0.51740000 -0.85410000
vn 0.15390000 0.75130000 -0.64180000
vn 0.19990000 0.51790000 -0.83180000
vn 0.14740000 0.84060000 -0.52120000
vn 0.23160000 0.25530000 -0.93870000
vn 0.20750000 0.63850000 -0.74110000
vn 0.05350000 0.51740000 -0.85410000
vn 0.06410000 0.19120000 -0.97950000
vn 0.19990000 0.51790000 -0.83180000
vn 0.07320000 0.25540000 -0.96410000
vn 0.07320000 0.25540000 -0.96410000
vn 0.24440000 0.13840000 -0.95980000
vn 0.06730000 0.13850000 -0.98810000
vn 0.24410000 0.28190000 -0.92790000
vn 0.23160000 0.25530000 -0.93870000
vn 0.24100000 0.39430000 -0.88680000
vn 0.06320000 0.05380000 -0.99650000
vn 0.28770000 0.22850000 -0.93010000
vn 0.21670000 0.18020000 -0.95950000
vn 0.17720000 0.14850000 -0.97290000
vn 0.06730000 0.13850000 -0.98810000
vn 0.24440000 0.13840000 -0.95980000
vn 0.24550000 0.20610000 -0.94720000
vn 0.16660000 0.13990000 -0.97600000
vn 0.35460000 0.28320000 -0.89110000
vn 0.24440000 0.13840000 -0.95980000
vn 0.35380000 0.29740000 -0.88680000
vn 0.35420000 0.29770000 -0.88650000
vn 0.24410000 0.28190000 -0.92790000
vn 0.24550000 0.20610000 -0.94720000
vn 0.08010000 0.96470000 -0.25080000
vn 0.15390000 0.75130000 -0.64180000
vn 0.03870000 0.91510000 -0.40130000
vn 0.08720000 0.91510000 -0.39360000
vn 0.04000000 0.75080000 -0.65930000
vn 0.03880000 0.72730000 -0.68520000
vn 0.54620000 0.52100000 -0.65590000
vn 0.56010000 0.62040000 -0.54900000
vn 0.60870000 0.52270000 -0.59690000
vn 0.60850000 0.52260000 -0.59720000
vn 0.50740000 0.61860000 -0.59990000
vn 0.43520000 0.79290000 -0.42660000
vn 0.53900000 0.51610000 -0.66570000
vn 0.56010000 0.62040000 -0.54900000
vn 0.39680000 0.79170000 -0.46450000
vn 0.50740000 0.61860000 -0.59990000
vn 0.56000000 0.62040000 -0.54910000
vn 0.42750000 0.73750000 -0.52290000
vn 0.39680000 0.79170000 -0.46450000
vn 0.37860000 0.51720000 -0.76760000
vn 0.38740000 0.39410000 -0.83340000
vn 0.30340000 0.73890000 -0.60170000
vn 0.53900000 0.51610000 -0.66570000
vn 0.43520000 0.79290000 -0.42660000
vn 0.43520000 0.79280000 -0.42660000
vn 0.39680000 0.79170000 -0.46450000
vn 0.42750000 0.73750000 -0.52290000
vn 0.22140000 0.93900000 -0.26310000
vn 0.24450000 0.93950000 -0.23970000
vn 0.19100000 0.90770000 -0.37350000
vn 0.30340000 0.73890000 -0.60170000
vn 0.31990000 0.63830000 -0.70020000
vn 0.42750000 0.73750000 -0.52290000
vn 0.22140000 0.93900000 -0.26310000
vn 0.26060000 0.90730000 -0.33000000
vn 0.08010000 0.96470000 -0.25080000
vn 0.14740000 0.84060000 -0.52120000
vn 0.07720000 0.98800000 -0.13350000
vn 0.15390000 0.75130000 -0.64180000
vn 0.22420000 0.84050000 -0.49330000
vn 0.09310000 0.96480000 -0.24610000
vn 0.14740000 0.84060000 -0.52120000
vn 0.19100000 0.90770000 -0.37350000
vn 0.20750000 0.63850000 -0.74110000
vn 0.19990000 0.51790000 -0.83180000
vn 0.31990000 0.63830000 -0.70020000
vn 0.22420000 0.84050000 -0.49330000
vn 0.20750000 0.63850000 -0.74110000
vn 0.23160000 0.25530000 -0.93870000
vn 0.38740000 0.39410000 -0.83340000
vn 0.30340000 0.73890000 -0.60170000
vn 0.24100000 0.39430000 -0.88680000
vn 0.31990000 0.63830000 -0.70020000
vn 0.35460000 0.28320000 -0.89110000
vn 0.24100000 0.39430000 -0.88680000
vn 0.37860000 0.51720000 -0.76760000
vn 0.24410000 0.28190000 -0.92790000
vn 0.09950000 -0.93480000 -0.34100000
vn 0.38740000 0.39410000 -0.83340000
vn 0.09950000 -0.93480000 -0.34100000
vn 0.35380000 0.29740000 -0.88680000
vn 0.44390000 0.37010000 -0.81610000
vn 0.42950000 0.38000000 -0.81920000
vn 0.39310000 0.33030000 -0.85810000
vn 0.53260000 0.42240000 -0.73340000
vn 0.42490000 0.41250000 -0.80580000
vn 0.35460000 0.28320000 -0.89110000
vn 0.68730000 0.47270000 -0.55160000
vn 0.61230000 0.51460000 -0.60020000
vn 0.61230000 0.51450000 -0.60030000
vn 0.60850000 0.52260000 -0.59720000
vn 0.66380000 0.52090000 -0.53660000
vn 0.60870000 0.52270000 -0.59690000
vn 0.56010000 0.62040000 -0.54900000
vn 0.66630000 0.51760000 -0.53680000
vn 0.71290000 0.41340000 -0.56640000
vn 0.61500000 0.61830000 -0.48940000
vn 0.66380000 0.52090000 -0.53660000
vn 0.60850000 0.52260000 -0.59720000
vn 0.56000000 0.62040000 -0.54910000
vn 0.52310000 0.73800000 -0.42640000
vn 0.47860000 0.79130000 -0.38060000
vn 0.43520000 0.79290000 -0.42660000
vn 0.43520000 0.79280000 -0.42660000
vn 0.56000000 0.62040000 -0.54910000
vn 0.61500000 0.61830000 -0.48940000
vn 0.24450000 0.93950000 -0.23970000
vn 0.47860000 0.79130000 -0.38060000
vn 0.43520000 0.79280000 -0.42660000
vn 0.27230000 0.93880000 -0.21100000
vn 0.32700000 0.90740000 -0.26390000
vn 0.24450000 0.93950000 -0.23970000
vn 0.11090000 0.98930000 -0.09470000
vn 0.06520000 0.99590000 -0.06240000
vn 0.05120000 0.99790000 -0.03880000
vn 0.06430000 0.99590000 -0.06310000
vn 0.06440000 0.99590000 -0.06320000
vn 0.27230000 0.93880000 -0.21100000
vn 0.06440000 0.99590000 -0.06320000
vn 0.06520000 0.99590000 -0.06240000
vn -0.00000000 1.00000000 -0.00000000
vn 0.13050000 0.99130000 -0.01620000
vn 0.51230000 0.85790000 -0.03890000
vn 0.40310000 0.91490000 -0.02020000
vn 0.16880000 0.98560000 -0.00590000
vn 0.17680000 0.98420000 -0.00150000
vn 0.53410000 0.84540000 -0.00020000
vn 0.51270000 0.85860000 -0.00150000
vn 0.17680000 0.98420000 0.00020000
vn 0.14090000 0.98950000 -0.03230000
vn 0.25730000 0.96450000 -0.05930000
vn 0.13050000 0.99130000 -0.01620000
vn 0.40310000 0.91490000 -0.02020000
vn 0.10440000 0.99450000 -0.00850000
vn 0.04550000 0.99880000 -0.01830000
vn 0.11230000 0.99360000 -0.01230000
vn 0.38980000 0.91480000 -0.10540000
vn 0.38980000 0.91480000 -0.10540000
vn 0.68540000 0.72710000 -0.03830000
vn 0.65720000 0.75190000 -0.05220000
vn 0.77270000 0.63380000 -0.03350000
vn 0.52600000 0.84040000 -0.13040000
vn 0.51230000 0.85790000 -0.03890000
vn 0.40310000 0.91490000 -0.02020000
vn 0.63890000 0.75120000 -0.16580000
vn 0.05120000 0.99790000 -0.03880000
vn 0.06520000 0.99590000 -0.06240000
vn -0.00000000 1.00000000 -0.00000000
vn 0.13050000 0.98880000 -0.07250000
vn 0.10680000 0.99340000 -0.04260000
vn -0.00000000 1.00000000 -0.00000000
vn 0.02170000 0.99970000 -0.01040000
vn -0.00000000 1.00000000 -0.00000000
vn -0.00010000 1.00000000 0.00010000
vn 0.13050000 0.98880000 -0.07250000
vn 0.12860000 0.98860000 -0.07830000
vn 0.32700000 0.90740000 -0.26390000
vn 0.12860000 0.98860000 -0.07830000
vn 0.27230000 0.93880000 -0.21100000
vn 0.13050000 0.98880000 -0.07250000
vn 0.11090000 0.98930000 -0.09470000
vn 0.38120000 0.90780000 -0.17510000
vn 0.23670000 0.96450000 -0.11740000
vn 0.10680000 0.99340000 -0.04260000
vn 0.11090000 0.98930000 -0.09470000
vn 0.05120000 0.99790000 -0.03880000
vn -0.00000000 1.00000000 -0.00000000
vn 0.12860000 0.98860000 -0.07830000
vn -0.00010000 1.00000000 0.00010000
vn 0.02170000 0.99970000 -0.01040000
vn 0.03300000 0.99940000 -0.01410000
vn -0.00000000 1.00000000 -0.00000000
vn 0.25730000 0.96450000 -0.05930000
vn 0.04550000 0.99880000 -0.01830000
vn 0.10680000 0.99340000 -0.04260000
vn 0.04330000 0.99890000 -0.01610000
vn 0.23670000 0.96450000 -0.11740000
vn 0.02170000 0.99970000 -0.01040000
vn 0.03300000 0.99940000 -0.01410000
vn -0.00000000 1.00000000 -0.00000000
vn 0.03300000 0.99940000 -0.01410000
vn 0.04330000 0.99890000 -0.01610000
vn -0.00000000 1.00000000 -0.00000000
vn 0.04330000 0.99890000 -0.01610000
vn 0.04550000 0.99880000 -0.01830000
vn 0.14090000 0.98950000 -0.03230000
vn -0.00000000 1.00000000 -0.00000000
vn 0.11230000 0.99360000 -0.01230000
vn 0.14090000 0.98950000 -0.03230000
vn -0.00000000 1.00000000 -0.00010000
vn -0.00000000 1.00000000 -0.00000000
vn 0.17680000 0.98420000 0.00020000
vn 0.17680000 0.98420000 -0.00150000
vn 0.17220000 0.98510000 -0.00000000
vn -0.00000000 1.00000000 -0.00000000
vn 0.17680000 0.98420000 -0.00150000
vn 0.16880000 0.98560000 -0.00590000
vn -0.00000000 1.00000000 -0.00010000
vn -0.00000000 1.00000000 -0.00010000
vn -0.00000000 1.00000000 -0.00000000
vn 0.10440000 0.99450000 -0.00850000
vn 0.13050000 0.99130000 -0.01620000
vn 0.16880000 0.98560000 -0.00590000
vn 0.10440000 0.99450000 -0.00850000
vn -0.00000000 1.00000000 -0.00000000
vn -0.00000000 1.00000000 -0.00010000
vn 0.11230000 0.99360000 -0.01230000
vn 0.65720000 0.75190000 -0.05220000
vn 0.89180000 0.45250000 0.00010000
vn 0.77270000 0.63380000 -0.03350000
vn 0.89030000 0.45170000 -0.05750000
vn 0.85400000 0.51800000 -0.04810000
vn 0.84040000 0.54200000 -0.00270000
vn 0.77320000 0.63420000 -0.00010000
vn 0.68590000 0.72770000 -0.00000000
vn 0.68540000 0.72710000 -0.03830000
vn 0.77270000 0.63380000 -0.03350000
vn 0.77320000 0.63420000 -0.00010000
vn 0.51230000 0.85790000 -0.03890000
vn 0.68540000 0.72710000 -0.03830000
vn 0.51270000 0.85860000 -0.00150000
vn 0.68590000 0.72770000 -0.00000000
vn 0.65720000 0.75190000 -0.05220000
vn 0.85400000 0.51800000 -0.04810000
vn 0.82750000 0.51780000 -0.21690000
vn 0.63890000 0.75120000 -0.16580000
vn 0.74770000 0.63810000 -0.18380000
vn 0.85400000 0.51800000 -0.04810000
vn 0.96480000 0.25590000 -0.06020000
vn 0.89030000 0.45170000 -0.05750000
vn 0.89080000 0.39500000 -0.22440000
vn 0.93640000 0.25580000 -0.24040000
vn 0.82750000 0.51780000 -0.21690000
vn 0.98510000 0.17220000 -0.00000000
vn 0.98420000 0.17680000 -0.00020000
vn 0.98280000 0.17180000 -0.06840000
vn 0.89030000 0.45170000 -0.05750000
vn 0.96480000 0.25590000 -0.06020000
vn 0.89180000 0.45250000 0.00010000
vn 0.98280000 0.17180000 -0.06840000
vn 0.96080000 0.14020000 -0.23920000
vn 0.96480000 0.25590000 -0.06020000
vn 0.93640000 0.25580000 -0.24040000
vn 0.98790000 0.13980000 -0.06670000
vn 0.98510000 0.17220000 -0.00000000
vn 0.98790000 0.13980000 -0.06670000
vn 0.99200000 0.10850000 -0.06520000
vn 0.97010000 0.13280000 -0.20300000
vn 0.94470000 0.16500000 -0.28330000
vn 1.00000000 -0.00000000 -0.00000000
vn 0.99640000 0.05510000 -0.06430000
vn 0.98280000 0.17180000 -0.06840000
vn 0.98140000 0.10810000 -0.15850000
vn 0.92810000 0.28340000 -0.24130000
vn 0.89080000 0.39500000 -0.22440000
vn 0.96080000 0.14020000 -0.23920000
vn 0.90110000 0.28420000 -0.32750000
vn 0.79110000 -0.52140000 -0.31980000
vn 0.83110000 0.39490000 -0.39170000
vn 0.93640000 0.25580000 -0.24040000
vn 0.92810000 0.28340000 -0.24130000
vn 0.94760000 0.20940000 -0.24150000
vn 0.90210000 0.28080000 -0.32760000
vn 0.90110000 0.28420000 -0.32750000
vn 0.94760000 0.20940000 -0.24150000
vn 0.96080000 0.14020000 -0.23920000
vn 0.98790000 0.13980000 -0.06670000
vn 0.92810000 0.28340000 -0.24130000
vn 0.90960000 0.25420000 -0.32860000
vn 0.99200000 0.10850000 -0.06520000
vn 0.66380000 0.52090000 -0.53660000
vn 0.68730000 0.47270000 -0.55160000
vn 0.81910000 0.41470000 -0.39640000
vn 0.65070000 0.48620000 -0.58320000
vn 0.83850000 0.36720000 -0.40260000
vn 0.71290000 0.41340000 -0.56640000
vn 0.38120000 0.90780000 -0.17510000
vn 0.47860000 0.79130000 -0.38060000
vn 0.52310000 0.73800000 -0.42640000
vn 0.32700000 0.90740000 -0.26390000
vn 0.61280000 0.73880000 -0.28040000
vn 0.48950000 0.84030000 -0.23300000
vn 0.61500000 0.61830000 -0.48940000
vn 0.69480000 0.63780000 -0.33220000
vn 0.52310000 0.73800000 -0.42640000
vn 0.66630000 0.51760000 -0.53680000
vn 0.61280000 0.73880000 -0.28040000
vn 0.77530000 0.51860000 -0.36060000
vn 0.81910000 0.41470000 -0.39640000
vn 0.71290000 0.41340000 -0.56640000
vn 0.83110000 0.39490000 -0.39170000
vn 0.66630000 0.51760000 -0.53680000
vn 0.77530000 0.51860000 -0.36060000
vn 0.79110000 -0.52140000 -0.31980000
vn 0.74340000 0.41060000 -0.52790000
vn 0.79110000 -0.52140000 -0.31980000
vn 0.81910000 0.41470000 -0.39640000
vn 0.82440000 0.36260000 -0.43470000
vn 0.87660000 0.31310000 -0.36530000
vn 0.90110000 0.28420000 -0.32750000
vn 0.79130000 0.38420000 -0.47550000
vn 0.90210000 0.28080000 -0.32760000
vn 0.78930000 0.38540000 -0.47790000
vn 0.83850000 0.36720000 -0.40260000
vn 0.38120000 0.90780000 -0.17510000
vn 0.25730000 0.96450000 -0.05930000
vn 0.38980000 0.91480000 -0.10540000
vn 0.23670000 0.96450000 -0.11740000
vn 0.52600000 0.84040000 -0.13040000
vn 0.48950000 0.84030000 -0.23300000
vn 0.52600000 0.84040000 -0.13040000
vn 0.69480000 0.63780000 -0.33220000
vn 0.48950000 0.84030000 -0.23300000
vn 0.74770000 0.63810000 -0.18380000
vn 0.63890000 0.75120000 -0.16580000
vn 0.61280000 0.73880000 -0.28040000
vn 0.89080000 0.39500000 -0.22440000
vn 0.82750000 0.51780000 -0.21690000
vn 0.77530000 0.51860000 -0.36060000
vn 0.74770000 0.63810000 -0.18380000
vn 0.69480000 0.63780000 -0.33220000
vn 0.83110000 0.39490000 -0.39170000
vn 0.98080000 -0.00000000 0.19510000
vn 1.00000000 -0.00000000 -0.00000000
vn 0.98510000 0.17220000 -0.00000000
vn 0.98420000 0.17680000 -0.00020000
vn 0.98440000 0.00380000 0.17580000
vn 0.96940000 0.17420000 0.17310000
vn 0.96940000 0.17420000 0.17310000
vn 0.83110000 0.53600000 0.14840000
vn 0.89180000 0.45250000 0.00010000
vn 0.84040000 0.54200000 -0.00270000
vn 0.98420000 0.17680000 -0.00020000
vn 0.53410000 0.84540000 -0.00020000
vn 0.77320000 0.63420000 -0.00010000
vn 0.84040000 0.54200000 -0.00270000
vn 0.51270000 0.85860000 -0.00150000
vn 0.53170000 0.84160000 0.09500000
vn 0.83110000 0.53600000 0.14840000
vn 0.68590000 0.72770000 -0.00000000
vn 0.83100000 0.53610000 0.14840000
vn -0.00000000 1.00000000 -0.00000000
vn 0.17220000 0.98510000 -0.00000000
vn 0.25110000 0.96600000 0.06210000
vn 0.17210000 0.98460000 0.03070000
vn 0.17680000 0.98420000 0.00020000
vn 0.17210000 0.98460000 0.03070000
vn 0.17220000 0.98510000 -0.00000000
vn 0.53170000 0.84160000 0.09500000
vn 0.53170000 0.84160000 0.09490000
vn 0.53410000 0.84540000 -0.00020000
vn -0.00000000 0.84820000 0.52960000
vn -0.00000000 0.98060000 0.19630000
vn -0.00000000 0.98060000 0.19620000
vn -0.00110000 0.72800000 0.68550000
vn -0.00000000 0.82950000 0.55850000
vn 0.08940000 0.84110000 0.53340000
vn 0.10040000 0.82530000 0.55570000
vn 0.03450000 0.98690000 0.15760000
vn 0.01230000 0.98050000 0.19620000
vn -0.00000000 1.00000000 -0.00000000
vn -0.00000000 0.98060000 0.19630000
vn 0.01230000 0.98050000 0.19620000
vn -0.00000000 1.00000000 0.00020000
vn 0.01230000 0.98050000 0.19620000
vn 0.03450000 0.98690000 0.15760000
vn -0.00000000 1.00000000 -0.00000000
vn -0.00000000 1.00000000 0.00020000
vn 0.10260000 0.95760000 0.26920000
vn 0.07130000 0.99120000 0.11140000
vn 0.10260000 0.95760000 0.26920000
vn 0.03450000 0.98690000 0.15760000
vn 0.08940000 0.84110000 0.53340000
vn 0.29280000 0.83970000 0.45740000
vn 0.45610000 0.53300000 0.71260000
vn 0.14710000 0.53590000 0.83140000
vn 0.08940000 0.84110000 0.53340000
vn 0.10040000 0.82530000 0.55570000
vn 0.29280000 0.83970000 0.45730000
vn 0.29280000 0.83970000 0.45740000
vn 0.14310000 0.54500000 0.82610000
vn -0.00000000 0.82950000 0.55850000
vn -0.00030000 0.55070000 0.83470000
vn -0.00000000 0.63420000 0.77320000
vn 0.14710000 0.53590000 0.83140000
vn 0.10040000 0.82530000 0.55570000
vn 0.53100000 0.17280000 0.82960000
vn 0.14710000 0.53590000 0.83140000
vn 0.14310000 0.54500000 0.82610000
vn 0.17700000 0.17430000 0.96870000
vn 0.45610000 0.53300000 0.71260000
vn 0.45620000 0.53300000 0.71260000
vn -0.00000000 0.19160000 0.98150000
vn 0.14310000 0.54500000 0.82610000
vn 0.17260000 0.18870000 0.96670000
vn -0.00000000 0.47010000 0.88260000
vn -0.00030000 0.55070000 0.83470000
vn 0.17700000 0.17430000 0.96870000
vn 0.17700000 0.17430000 0.96870000
vn 0.17260000 0.18870000 0.96670000
vn 0.53100000 0.17290000 0.82950000
vn 0.19510000 0.00350000 0.98080000
vn 0.17580000 -0.00000000 0.98440000
vn 0.53910000 -0.00380000 0.84220000
vn 0.53100000 0.17280000 0.82960000
vn -0.00000000 -0.00000000 1.00000000
vn -0.00000000 0.19160000 0.98150000
vn 0.17260000 0.18870000 0.96670000
vn 0.17580000 -0.00000000 0.98440000
vn 0.25110000 0.96600000 0.06210000
vn 0.11510000 0.99060000 0.07370000
vn -0.00000000 1.00000000 -0.00000000
vn 0.20990000 0.95980000 0.18650000
vn 0.11510000 0.99060000 0.07370000
vn 0.25110000 0.96600000 0.06210000
vn 0.17210000 0.98460000 0.03070000
vn 0.53170000 0.84160000 0.09490000
vn 0.45740000 0.83970000 0.29280000
vn 0.53170000 0.84160000 0.09500000
vn 0.71260000 0.53310000 0.45620000
vn 0.71260000 0.53300000 0.45620000
vn 0.53170000 0.84160000 0.09490000
vn 0.45740000 0.83970000 0.29280000
vn 0.83100000 0.53610000 0.14840000
vn 0.83110000 0.53600000 0.14840000
vn 0.82950000 0.17280000 0.53100000
vn 0.83100000 0.53610000 0.14840000
vn 0.71260000 0.53310000 0.45620000
vn 0.82950000 0.17290000 0.53100000
vn 0.96940000 0.17420000 0.17310000
vn 0.96940000 0.17420000 0.17310000
vn 0.84220000 -0.00000000 0.53910000
vn 0.82950000 0.17280000 0.53100000
vn 0.83150000 -0.00420000 0.55560000
vn 0.98440000 0.00380000 0.17580000
vn 0.20990000 0.95980000 0.18650000
vn -0.00000000 1.00000000 -0.00000000
vn 0.10260000 0.95760000 0.26920000
vn 0.07130000 0.99120000 0.11140000
vn 0.11510000 0.99060000 0.07370000
vn 0.20990000 0.95980000 0.18650000
vn 0.29280000 0.83970000 0.45740000
vn 0.29280000 0.83970000 0.45730000
vn 0.45740000 0.83970000 0.29280000
vn 0.07130000 0.99120000 0.11140000
vn 0.45620000 0.53300000 0.71260000
vn 0.71260000 0.53300000 0.45620000
vn 0.45610000 0.53300000 0.71260000
vn 0.45740000 0.83970000 0.29280000
vn 0.29280000 0.83970000 0.45730000
vn 0.71260000 0.53310000 0.45620000
vn 0.71260000 0.53300000 0.45620000
vn 0.82950000 0.17290000 0.53100000
vn 0.45620000 0.53300000 0.71260000
vn 0.53100000 0.17290000 0.82950000
vn 0.53100000 0.17280000 0.82960000
vn 0.53100000 0.17290000 0.82950000
vn 0.53910000 -0.00380000 0.84220000
vn 0.82950000 0.17290000 0.53100000
vn 0.82950000 0.17280000 0.53100000
vn 0.55560000 -0.00000000 0.83150000
vn 0.84220000 -0.00000000 0.53910000
vn -0.06410000 0.19120000 0.97950000
vn -0.06320000 0.05340000 0.99660000
vn -0.00000000 -0.00000000 1.00000000
vn -0.06370000 0.05370000 0.99650000
vn -0.00000000 0.19160000 0.98150000
vn -0.00000000 0.00020000 1.00000000
vn -0.06730000 0.13910000 0.98800000
vn -0.07320000 0.25540000 0.96410000
vn -0.00000000 0.19160000 0.98150000
vn -0.06410000 0.19120000 0.97950000
vn -0.05350000 0.51740000 0.85410000
vn -0.00000000 0.47010000 0.88260000
vn -0.04760000 0.46960000 0.88160000
vn -0.00000000 0.63420000 0.77320000
vn -0.00030000 0.55070000 0.83470000
vn -0.04760000 0.46960000 0.88160000
vn -0.05120000 0.63320000 0.77230000
vn -0.00000000 0.47010000 0.88260000
vn -0.00110000 0.72800000 0.68550000
vn -0.04000000 0.75080000 0.65930000
vn -0.05120000 0.63320000 0.77230000
vn -0.00000000 0.82950000 0.55850000
vn -0.03880000 0.72750000 0.68500000
vn -0.00000000 0.63420000 0.77320000
vn -0.01910000 0.84810000 0.52950000
vn -0.00000000 0.84820000 0.52960000
vn -0.03870000 0.91510000 0.40140000
vn -0.03880000 0.72750000 0.68500000
vn -0.00110000 0.72800000 0.68550000
vn -0.00000000 0.98060000 0.19620000
vn -0.00560000 0.98200000 0.18900000
vn -0.00240000 0.98090000 0.19460000
vn -0.00000000 0.84820000 0.52960000
vn -0.01910000 0.84810000 0.52950000
vn -0.02010000 0.98970000 0.14160000
vn -0.00060000 0.98060000 0.19620000
vn -0.00900000 0.98350000 0.18060000
vn -0.00000000 0.98060000 0.19630000
vn -0.00060000 0.98060000 0.19620000
vn -0.00000000 1.00000000 0.00020000
vn -0.00000000 0.98060000 0.19620000
vn -0.00000000 1.00000000 -0.00000000
vn -0.00010000 1.00000000 -0.00020000
vn -0.00000000 1.00000000 0.00020000
vn -0.00060000 0.98060000 0.19620000
vn -0.00240000 0.98090000 0.19460000
vn -0.00000000 1.00000000 0.00030000
vn -0.00900000 0.98350000 0.18060000
vn -0.02010000 0.98970000 0.14160000
vn -0.01810000 0.99070000 0.13510000
vn -0.00000000 1.00000000 -0.00000000
vn -0.00000000 1.00000000 0.00030000
vn -0.00560000 0.98200000 0.18900000
vn -0.00000000 1.00000000 -0.00010000
vn -0.00900000 0.98350000 0.18060000
vn -0.00560000 0.98200000 0.18900000
vn -0.00000000 1.00000000 -0.00010000
vn -0.00240000 0.98090000 0.19460000
vn -0.00010000 1.00000000 -0.00020000
vn -0.00000000 1.00000000 -0.00000000
vn 0.00010000 1.00000000 0.00050000
vn -0.01770000 0.99900000 0.04120000
vn -0.01490000 0.99900000 0.04210000
vn -0.01490000 0.99900000 0.04210000
vn -0.01320000 0.99900000 0.04160000
vn 0.00010000 1.00000000 0.00050000
vn -0.00000000 1.00000000 -0.00000000
vn -0.08010000 0.96470000 0.25070000
vn -0.02200000 0.99780000 0.06270000
vn -0.01770000 0.99900000 0.04120000
vn -0.08720000 0.91510000 0.39370000
vn -0.01490000 0.99900000 0.04210000
vn -0.09320000 0.96480000 0.24600000
vn -0.01320000 0.99900000 0.04160000
vn -0.00000000 1.00000000 -0.00000000
vn -0.01320000 0.99900000 0.04160000
vn -0.02200000 0.99780000 0.06270000
vn -0.02420000 0.99470000 0.09950000
vn -0.01810000 0.99070000 0.13510000
vn -0.08720000 0.91510000 0.39370000
vn -0.02420000 0.99470000 0.09950000
vn -0.02010000 0.98970000 0.14160000
vn -0.03870000 0.91510000 0.40140000
vn -0.01910000 0.84810000 0.52950000
vn -0.02200000 0.99780000 0.06270000
vn -0.02420000 0.99470000 0.09950000
vn -0.00000000 1.00000000 -0.00000000
vn -0.01810000 0.99070000 0.13510000
vn -0.07280000 0.99370000 0.08500000
vn -0.08100000 0.98850000 0.12770000
vn -0.08680000 0.98900000 0.11960000
vn -0.07490000 0.98850000 0.13140000
vn -0.19110000 0.90780000 0.37350000
vn -0.06230000 0.99600000 0.06390000
vn -0.07720000 0.98800000 0.13360000
vn -0.26060000 0.90730000 0.33000000
vn -0.22420000 0.84040000 0.49340000
vn -0.06850000 0.99470000 0.07610000
vn -0.00000000 1.00000000 -0.00020000
vn -0.00000000 1.00000000 -0.00000000
vn -0.08100000 0.98850000 0.12770000
vn -0.07490000 0.98850000 0.13140000
vn -0.07490000 0.98850000 0.13140000
vn -0.00000000 1.00000000 -0.00000000
vn -0.07720000 0.98800000 0.13360000
vn -0.01770000 0.99900000 0.04120000
vn -0.09320000 0.96480000 0.24600000
vn -0.06440000 0.99590000 0.06320000
vn -0.00000000 1.00000000 -0.00000000
vn -0.00000000 1.00000000 -0.00010000
vn -0.06410000 0.99590000 0.06350000
vn -0.06410000 0.99590000 0.06350000
vn -0.06050000 0.99620000 0.06230000
vn -0.00000000 1.00000000 -0.00000000
vn -0.00000000 1.00000000 -0.00010000
vn -0.06410000 0.99590000 0.06350000
vn -0.06440000 0.99590000 0.06320000
vn -0.06050000 0.99620000 0.06230000
vn -0.05480000 0.99680000 0.05890000
vn -0.24450000 0.93950000 0.23970000
vn -0.26060000 0.90730000 0.33000000
vn -0.22140000 0.93900000 0.26310000
vn -0.06230000 0.99600000 0.06390000
vn -0.06050000 0.99620000 0.06230000
vn -0.05480000 0.99680000 0.05890000
vn -0.00000000 1.00000000 -0.00000000
vn -0.00000000 1.00000000 -0.00000000
vn -0.06850000 0.99470000 0.07610000
vn -0.06230000 0.99600000 0.06390000
vn -0.05480000 0.99680000 0.05890000
vn -0.06850000 0.99470000 0.07610000
vn -0.00000000 1.00000000 -0.00000000
vn -0.07280000 0.99370000 0.08500000
vn -0.00000000 1.00000000 -0.00000000
vn -0.07280000 0.99370000 0.08500000
vn -0.08680000 0.98900000 0.11960000
vn -0.08100000 0.98850000 0.12770000
vn -0.08680000 0.98900000 0.11960000
vn -0.00000000 1.00000000 -0.00020000
vn -0.00000000 1.00000000 -0.00000000
vn -0.54600000 0.52140000 0.65580000
vn -0.42490000 0.41310000 0.80550000
vn -0.57860000 0.41120000 0.70440000
vn -0.09920000 -0.93500000 0.34040000
vn -0.37860000 0.51710000 0.76760000
vn -0.53900000 0.51600000 0.66580000
vn -0.50740000 0.61870000 0.59980000
vn -0.56210000 0.47250000 0.67880000
vn -0.42490000 0.41310000 0.80550000
vn -0.57860000 0.41120000 0.70440000
vn -0.59560000 0.48580000 0.63970000
vn -0.42950000 0.38040000 0.81910000
vn -0.60880000 0.52300000 0.59650000
vn -0.54600000 0.52140000 0.65580000
vn -0.56210000 0.47250000 0.67880000
vn -0.61230000 0.51460000 0.60020000
vn -0.57860000 0.41120000 0.70440000
vn -0.14740000 0.84060000 0.52120000
vn -0.19990000 0.51790000 0.83180000
vn -0.04760000 0.46960000 0.88160000
vn -0.15390000 0.75130000 0.64180000
vn -0.05350000 0.51740000 0.85410000
vn -0.04000000 0.75080000 0.65930000
vn -0.05120000 0.63320000 0.77230000
vn -0.05350000 0.51740000 0.85410000
vn -0.19990000 0.51790000 0.83180000
vn -0.23160000 0.25520000 0.93870000
vn -0.20750000 0.63850000 0.74110000
vn -0.07320000 0.25540000 0.96410000
vn -0.06410000 0.19120000 0.97950000
vn -0.24100000 0.39430000 0.88680000
vn -0.07320000 0.25540000 0.96410000
vn -0.23160000 0.25520000 0.93870000
vn -0.24440000 0.13930000 0.95960000
vn -0.24410000 0.28180000 0.92790000
vn -0.06730000 0.13910000 0.98800000
vn -0.17640000 0.14790000 0.97320000
vn -0.24440000 0.13930000 0.95960000
vn -0.24550000 0.20610000 0.94720000
vn -0.06730000 0.13910000 0.98800000
vn -0.16450000 0.13810000 0.97670000
vn -0.06320000 0.05340000 0.99660000
vn -0.28710000 0.22810000 0.93030000
vn -0.21610000 0.17960000 0.95970000
vn -0.24410000 0.28180000 0.92790000
vn -0.35460000 0.28340000 0.89100000
vn -0.35380000 0.29740000 0.88680000
vn -0.35420000 0.29760000 0.88660000
vn -0.24550000 0.20610000 0.94720000
vn -0.24440000 0.13930000 0.95960000
vn -0.08010000 0.96470000 0.25070000
vn -0.04000000 0.75080000 0.65930000
vn -0.03870000 0.91510000 0.40140000
vn -0.15390000 0.75130000 0.64180000
vn -0.08720000 0.91510000 0.39370000
vn -0.03880000 0.72750000 0.68500000
vn -0.60860000 0.52290000 0.59670000
vn -0.56010000 0.62030000 0.54910000
vn -0.54600000 0.52140000 0.65580000
vn -0.60880000 0.52300000 0.59650000
vn -0.50740000 0.61870000 0.59980000
vn -0.43520000 0.79290000 0.42660000
vn -0.39680000 0.79170000 0.46450000
vn -0.56010000 0.62030000 0.54910000
vn -0.56000000 0.62040000 0.54900000
vn -0.50740000 0.61870000 0.59980000
vn -0.53900000 0.51600000 0.66580000
vn -0.30340000 0.73890000 0.60160000
vn -0.39680000 0.79170000 0.46450000
vn -0.42750000 0.73740000 0.52290000
vn -0.38740000 0.39410000 0.83340000
vn -0.53900000 0.51600000 0.66580000
vn -0.37860000 0.51710000 0.76760000
vn -0.24450000 0.93950000 0.23970000
vn -0.43520000 0.79290000 0.42660000
vn -0.22140000 0.93900000 0.26310000
vn -0.42750000 0.73740000 0.52290000
vn -0.39680000 0.79170000 0.46450000
vn -0.26060000 0.90730000 0.33000000
vn -0.19110000 0.90780000 0.37350000
vn -0.31990000 0.63830000 0.70020000
vn -0.42750000 0.73740000 0.52290000
vn -0.30340000 0.73890000 0.60160000
vn -0.22140000 0.93900000 0.26310000
vn -0.15390000 0.75130000 0.64180000
vn -0.08010000 0.96470000 0.25070000
vn -0.09320000 0.96480000 0.24600000
vn -0.22420000 0.84040000 0.49340000
vn -0.07720000 0.98800000 0.13360000
vn -0.14740000 0.84060000 0.52120000
vn -0.14740000 0.84060000 0.52120000
vn -0.20750000 0.63850000 0.74110000
vn -0.19990000 0.51790000 0.83180000
vn -0.19110000 0.90780000 0.37350000
vn -0.31990000 0.63830000 0.70020000
vn -0.22420000 0.84040000 0.49340000
vn -0.38740000 0.39410000 0.83340000
vn -0.24100000 0.39430000 0.88680000
vn -0.20750000 0.63850000 0.74110000
vn -0.30340000 0.73890000 0.60160000
vn -0.23160000 0.25520000 0.93870000
vn -0.31990000 0.63830000 0.70020000
vn -0.24410000 0.28180000 0.92790000
vn -0.38740000 0.39410000 0.83340000
vn -0.35460000 0.28340000 0.89100000
vn -0.37860000 0.51710000 0.76760000
vn -0.24100000 0.39430000 0.88680000
vn -0.09920000 -0.93500000 0.34040000
vn -0.35380000 0.29740000 0.88680000
vn -0.09920000 -0.93500000 0.34040000
vn -0.42950000 0.38040000 0.81910000
vn -0.53470000 0.42330000 0.73140000
vn -0.44530000 0.37110000 0.81480000
vn -0.35460000 0.28340000 0.89100000
vn -0.39360000 0.33070000 0.85780000
vn -0.42490000 0.41310000 0.80550000
vn -0.61230000 0.51450000 0.60030000
vn -0.60880000 0.52300000 0.59650000
vn -0.60860000 0.52290000 0.59670000
vn -0.68730000 0.47270000 0.55160000
vn -0.61230000 0.51460000 0.60020000
vn -0.66410000 0.52060000 0.53660000
vn -0.66410000 0.52060000 0.53660000
vn -0.56010000 0.62030000 0.54910000
vn -0.56000000 0.62040000 0.54900000
vn -0.61500000 0.61830000 0.48930000
vn -0.66620000 0.51770000 0.53680000
vn -0.71340000 0.41250000 0.56650000
vn -0.60860000 0.52290000 0.59670000
vn -0.47860000 0.79130000 0.38050000
vn -0.43520000 0.79290000 0.42660000
vn -0.52310000 0.73790000 0.42640000
vn -0.61500000 0.61830000 0.48930000
vn -0.56000000 0.62040000 0.54900000
vn -0.47860000 0.79130000 0.38050000
vn -0.43520000 0.79290000 0.42660000
vn -0.24450000 0.93950000 0.23970000
vn -0.27230000 0.93880000 0.21100000
vn -0.32690000 0.90750000 0.26390000
vn -0.27230000 0.93880000 0.21100000
vn -0.12080000 0.98740000 0.10180000
vn -0.06520000 0.99590000 0.06250000
vn -0.24450000 0.93950000 0.23970000
vn -0.05050000 0.99800000 0.03760000
vn -0.06440000 0.99590000 0.06320000
vn -0.06520000 0.99590000 0.06250000
vn -0.06440000 0.99590000 0.06320000
vn -0.00000000 1.00000000 -0.00000000
vn -0.25740000 0.96450000 0.05930000
vn -0.10460000 0.99450000 0.00860000
vn -0.14350000 0.98940000 0.02010000
vn -0.07670000 0.99680000 0.02440000
vn -0.38980000 0.91480000 0.10530000
vn -0.11220000 0.99360000 0.01220000
vn -0.40320000 0.91490000 0.01950000
vn -0.12600000 0.99180000 0.02180000
vn -0.38980000 0.91480000 0.10530000
vn -0.52590000 0.84050000 0.13040000
vn -0.77280000 0.63370000 0.03350000
vn -0.68530000 0.72720000 0.03830000
vn -0.63880000 0.75130000 0.16580000
vn -0.52920000 0.84760000 0.03900000
vn -0.65710000 0.75200000 0.05220000
vn -0.40320000 0.91490000 0.01950000
vn -0.02160000 0.99970000 0.01040000
vn -0.13060000 0.98880000 0.07250000
vn -0.00000000 1.00000000 -0.00000000
vn -0.10680000 0.99340000 0.04260000
vn -0.12080000 0.98740000 0.10180000
vn -0.13060000 0.98880000 0.07250000
vn -0.00000000 1.00000000 -0.00000000
vn -0.05050000 0.99800000 0.03760000
vn -0.12080000 0.98740000 0.10180000
vn -0.10680000 0.99340000 0.04260000
vn -0.23680000 0.96440000 0.11740000
vn -0.27230000 0.93880000 0.21100000
vn -0.32690000 0.90750000 0.26390000
vn -0.13060000 0.98880000 0.07250000
vn -0.38120000 0.90780000 0.17500000
vn -0.05050000 0.99800000 0.03760000
vn -0.00000000 1.00000000 -0.00000000
vn -0.06520000 0.99590000 0.06250000
vn -0.12600000 0.99180000 0.02180000
vn -0.00000000 1.00000000 -0.00000000
vn -0.03840000 0.99920000 0.01100000
vn -0.07670000 0.99680000 0.02440000
vn -0.00000000 1.00000000 -0.00000000
vn -0.03840000 0.99920000 0.01100000
vn -0.04320000 0.99890000 0.01610000
vn -0.10680000 0.99340000 0.04260000
vn -0.03320000 0.99930000 0.01410000
vn -0.03840000 0.99920000 0.01100000
vn -0.02160000 0.99970000 0.01040000
vn -0.23680000 0.96440000 0.11740000
vn -0.04320000 0.99890000 0.01610000
vn -0.07670000 0.99680000 0.02440000
vn -0.25740000 0.96450000 0.05930000
vn -0.04320000 0.99890000 0.01610000
vn -0.03320000 0.99930000 0.01410000
vn -0.00000000 1.00000000 -0.00000000
vn -0.03320000 0.99930000 0.01410000
vn -0.02160000 0.99970000 0.01040000
vn -0.00000000 1.00000000 -0.00000000
vn -0.11220000 0.99360000 0.01220000
vn -0.12600000 0.99180000 0.02180000
vn -0.00000000 1.00000000 -0.00000000
vn -0.18830000 0.98210000 0.00660000
vn -0.19630000 0.98050000 0.00160000
vn -0.00000000 1.00000000 -0.00010000
vn -0.00000000 1.00000000 -0.00000000
vn -0.14350000 0.98940000 0.02010000
vn -0.18830000 0.98210000 0.00660000
vn -0.10460000 0.99450000 0.00860000
vn -0.00000000 1.00000000 -0.00000000
vn -0.10460000 0.99450000 0.00860000
vn -0.11220000 0.99360000 0.01220000
vn -0.00000000 1.00000000 -0.00000000
vn -0.74780000 0.63800000 0.18380000
vn -0.82750000 0.51780000 0.21690000
vn -0.65710000 0.75200000 0.05220000
vn -0.85400000 0.51800000 0.04810000
vn -0.63880000 0.75130000 0.16580000
vn -0.85400000 0.51800000 0.04810000
vn -0.93630000 0.25590000 0.24040000
vn -0.89080000 0.39500000 0.22440000
vn -0.96470000 0.25600000 0.06200000
vn -0.88130000 0.46930000 0.05510000
vn -0.82750000 0.51780000 0.21690000
vn -0.97840000 0.19500000 0.06900000
vn -0.96100000 0.13840000 0.23930000
vn -0.93630000 0.25590000 0.24040000
vn -0.96470000 0.25600000 0.06200000
vn -0.98780000 0.14100000 0.06600000
vn -0.83110000 0.39480000 0.39170000
vn -0.90100000 0.28470000 0.32740000
vn -0.92790000 0.28430000 0.24120000
vn -0.79070000 -0.52210000 0.31960000
vn -0.96100000 0.13840000 0.23930000
vn -0.93630000 0.25590000 0.24040000
vn -0.89080000 0.39500000 0.22440000
vn -0.90100000 0.28470000 0.32740000
vn -0.92790000 0.28430000 0.24120000
vn -0.94760000 0.20930000 0.24150000
vn -0.90210000 0.28080000 0.32760000
vn -0.96100000 0.13840000 0.23930000
vn -0.99200000 0.10810000 0.06450000
vn -0.94760000 0.20930000 0.24150000
vn -0.90960000 0.25420000 0.32860000
vn -0.92790000 0.28430000 0.24120000
vn -0.98780000 0.14100000 0.06600000
vn -0.65100000 0.48610000 0.58300000
vn -0.66410000 0.52060000 0.53660000
vn -0.68730000 0.47270000 0.55160000
vn -0.81940000 0.41370000 0.39670000
vn -0.71340000 0.41250000 0.56650000
vn -0.83860000 0.36700000 0.40260000
vn -0.38120000 0.90780000 0.17500000
vn -0.52310000 0.73790000 0.42640000
vn -0.47860000 0.79130000 0.38050000
vn -0.61290000 0.73870000 0.28040000
vn -0.48940000 0.84040000 0.23290000
vn -0.32690000 0.90750000 0.26390000
vn -0.66620000 0.51770000 0.53680000
vn -0.69480000 0.63790000 0.33220000
vn -0.61500000 0.61830000 0.48930000
vn -0.77520000 0.51870000 0.36060000
vn -0.52310000 0.73790000 0.42640000
vn -0.61290000 0.73870000 0.28040000
vn -0.81940000 0.41370000 0.39670000
vn -0.79070000 -0.52210000 0.31960000
vn -0.83110000 0.39480000 0.39170000
vn -0.77520000 0.51870000 0.36060000
vn -0.66620000 0.51770000 0.53680000
vn -0.71340000 0.41250000 0.56650000
vn -0.87660000 0.31310000 0.36530000
vn -0.82440000 0.36260000 0.43470000
vn -0.74420000 0.41030000 0.52710000
vn -0.83860000 0.36700000 0.40260000
vn -0.81940000 0.41370000 0.39670000
vn -0.79070000 -0.52210000 0.31960000
vn -0.90210000 0.28080000 0.32760000
vn -0.90100000 0.28470000 0.32740000
vn -0.79080000 0.38470000 0.47620000
vn -0.23680000 0.96440000 0.11740000
vn -0.52590000 0.84050000 0.13040000
vn -0.38980000 0.91480000 0.10530000
vn -0.48940000 0.84040000 0.23290000
vn -0.38120000 0.90780000 0.17500000
vn -0.25740000 0.96450000 0.05930000
vn -0.52590000 0.84050000 0.13040000
vn -0.61290000 0.73870000 0.28040000
vn -0.63880000 0.75130000 0.16580000
vn -0.48940000 0.84040000 0.23290000
vn -0.69480000 0.63790000 0.33220000
vn -0.74780000 0.63800000 0.18380000
vn -0.82750000 0.51780000 0.21690000
vn -0.77520000 0.51870000 0.36060000
vn -0.74780000 0.63800000 0.18380000
vn -0.83110000 0.39480000 0.39170000
vn -0.69480000 0.63790000 0.33220000
vn -0.89080000 0.39500000 0.22440000
vn -0.00000000 -0.48750000 -0.87310000
vn -0.00000000 -0.11630000 -0.99320000
vn 0.70210000 -0.08280000 -0.70730000
vn 0.70590000 -0.25340000 -0.66140000
vn 0.71580000 -0.34040000 -0.60970000
vn 0.70350000 -0.39550000 -0.59050000
vn 0.70690000 -0.49290000 -0.50730000
vn -0.00000000 -0.69690000 -0.71720000
vn 0.71580000 -0.34040000 -0.60970000
vn 0.05140000 -0.51910000 -0.85310000
vn -0.00000000 -0.48750000 -0.87310000
vn -0.00000000 -0.83900000 -0.54410000
vn 0.70090000 -0.59850000 -0.38810000
vn 0.70690000 -0.49290000 -0.50730000
vn 0.69200000 -0.59060000 -0.41520000
vn -0.00000000 -0.69690000 -0.71720000
vn 0.70090000 -0.59850000 -0.38810000
vn 0.08560000 -0.87410000 -0.47810000
vn -0.00000000 -0.95120000 -0.30840000
vn -0.00000000 -0.83900000 -0.54410000
vn 0.70610000 -0.67360000 -0.21840000
vn -0.00000000 -0.99600000 -0.08900000
vn 0.70310000 -0.70820000 -0.06330000
vn 0.68830000 -0.71570000 -0.11840000
vn 0.70610000 -0.67360000 -0.21840000
vn -0.00000000 -0.95120000 -0.30840000
vn 0.70310000 -0.70820000 -0.06330000
vn -0.00000000 -0.99600000 -0.08900000
vn -0.00000000 -0.98510000 0.17180000
vn 0.69810000 -0.68720000 0.20120000
vn 0.10260000 -0.99450000 0.02290000
vn 0.66290000 -0.73750000 0.12860000
vn -0.00000000 -0.92220000 0.38670000
vn 0.70490000 -0.65410000 0.27430000
vn 0.66290000 -0.73750000 0.12860000
vn -0.00000000 -0.98510000 0.17180000
vn 0.70490000 -0.65410000 0.27430000
vn 0.67570000 -0.58290000 0.45130000
vn 0.69810000 -0.53180000 0.47940000
vn 0.17630000 -0.77830000 0.60260000
vn -0.00000000 -0.92220000 0.38670000
vn 0.67570000 -0.58290000 0.45130000
vn -0.00000000 -0.85430000 0.51980000
vn -0.00000000 -0.63470000 0.77280000
vn 0.70610000 -0.44940000 0.54720000
vn 0.17630000 -0.77830000 0.60260000
vn 0.70610000 -0.44940000 0.54720000
vn 0.69810000 -0.27110000 0.66270000
vn -0.00000000 -0.63470000 0.77280000
vn -0.00000000 -0.41300000 0.91070000
vn 0.08560000 -0.47810000 0.87410000
vn 0.68740000 -0.30000000 0.66150000
vn -0.00000000 0.06040000 0.99820000
vn -0.00000000 0.43780000 0.89910000
vn 0.70210000 0.31180000 0.64020000
vn 0.69810000 0.04330000 0.71470000
vn 0.70690000 -0.14140000 0.69310000
vn 0.69810000 0.04330000 0.71470000
vn -0.00000000 0.06040000 0.99820000
vn 0.05140000 0.02300000 0.99840000
vn -0.00000000 -0.20000000 0.97980000
vn -0.00000000 -0.41300000 0.91070000
vn -0.00000000 -0.20000000 0.97980000
vn 0.70690000 -0.14140000 0.69310000
vn 0.68740000 -0.30000000 0.66150000
vn 0.70210000 -0.08280000 -0.70730000
vn -0.00000000 0.29420000 -0.95580000
vn -0.00000000 -0.11630000 -0.99320000
vn 0.71930000 0.20440000 -0.66400000
vn 0.70410000 0.12780000 -0.69850000
vn -0.00000000 0.76320000 0.64610000
vn -0.00000000 0.43780000 0.89910000
vn 0.69610000 0.54790000 0.46390000
vn 0.70210000 0.31180000 0.64020000
vn -0.00000000 0.97830000 0.20730000
vn -0.00000000 0.76320000 0.64610000
vn 0.69610000 0.70230000 0.14880000
vn 0.69610000 0.54790000 0.46390000
vn 0.70700000 0.70600000 -0.04060000
vn 0.70310000 0.68250000 -0.19980000
vn -0.00000000 0.97830000 0.20730000
vn -0.00000000 0.95970000 -0.28100000
vn 0.69610000 0.70230000 0.14880000
vn -0.00000000 0.71200000 -0.70220000
vn 0.70300000 0.55180000 -0.44870000
vn 0.69780000 0.68340000 -0.21460000
vn 0.71820000 0.49540000 -0.48860000
vn 0.70310000 0.68250000 -0.19980000
vn -0.00000000 0.95970000 -0.28100000
vn -0.00000000 0.29420000 -0.95580000
vn 0.71820000 0.49540000 -0.48860000
vn -0.00000000 0.71200000 -0.70220000
vn 0.70460000 0.29440000 -0.64560000
vn 0.71930000 0.20440000 -0.66400000
vn 0.70550000 0.42400000 -0.56790000
vn -0.00000000 0.43780000 0.89910000
vn 0.69810000 0.04330000 0.71470000
vn -0.00000000 0.06040000 0.99820000
vn 0.70590000 0.25340000 0.66140000
vn 0.71290000 0.30700000 0.63050000
vn -0.00000000 0.76320000 0.64610000
vn -0.00000000 0.43780000 0.89910000
vn 0.71290000 0.30700000 0.63050000
vn 0.70580000 0.36070000 0.60980000
vn 0.69610000 0.54790000 0.46390000
vn 0.69810000 -0.34910000 -0.62520000
vn -0.00000000 -0.48750000 -0.87310000
vn 0.70210000 -0.08280000 -0.70730000
vn -0.00000000 -0.11630000 -0.99320000
vn -0.00000000 0.29420000 -0.95570000
vn 0.69610000 0.21120000 -0.68610000
vn 0.70210000 -0.08280000 -0.70730000
vn -0.00000000 -0.11630000 -0.99320000
vn -0.00000000 0.29420000 -0.95580000
vn 0.69610000 0.51110000 -0.50410000
vn -0.00000000 0.29420000 -0.95570000
vn -0.00000000 0.71190000 -0.70220000
vn 0.69610000 0.21120000 -0.68610000
vn 0.69610000 0.68900000 -0.20170000
vn 0.69610000 0.51110000 -0.50410000
vn -0.00000000 0.71190000 -0.70220000
vn -0.00000000 0.95970000 -0.28100000
vn 0.69610000 0.70230000 0.14880000
vn 0.69610000 0.68900000 -0.20170000
vn -0.00000000 0.95970000 -0.28100000
vn -0.00000000 0.97830000 0.20730000
vn 0.69610000 0.54790000 0.46390000
vn -0.00000000 0.76320000 0.64610000
vn -0.00000000 0.97830000 0.20730000
vn 0.69610000 0.70230000 0.14880000
vn -0.00000000 -0.69690000 -0.71720000
vn 0.05140000 -0.51910000 -0.85310000
vn 0.70690000 -0.49290000 -0.50730000
vn 0.69810000 -0.34910000 -0.62520000
vn -0.00000000 -0.48750000 -0.87310000
vn 0.70090000 -0.59850000 -0.38810000
vn -0.00000000 -0.69690000 -0.71720000
vn -0.00000000 -0.83900000 -0.54410000
vn 0.69200000 -0.59050000 -0.41520000
vn 0.70690000 -0.49290000 -0.50730000
vn 0.70610000 -0.67360000 -0.21840000
vn 0.08560000 -0.87410000 -0.47810000
vn -0.00000000 -0.95120000 -0.30850000
vn 0.70090000 -0.59850000 -0.38810000
vn -0.00000000 -0.83900000 -0.54410000
vn -0.00000000 -0.95120000 -0.30850000
vn 0.70610000 -0.67360000 -0.21840000
vn -0.00000000 -0.99600000 -0.08900000
vn 0.68830000 -0.71570000 -0.11840000
vn 0.70310000 -0.70820000 -0.06330000
vn 0.70310000 -0.70820000 -0.06330000
vn 0.70710000 -0.70540000 0.04860000
vn -0.00000000 -0.98510000 0.17180000
vn -0.00000000 -0.99600000 -0.08900000
vn 0.70620000 -0.69750000 0.12160000
vn 0.10260000 -0.99450000 0.02290000
vn 0.71580000 -0.61510000 0.33050000
vn 0.70490000 -0.65420000 0.27430000
vn -0.00000000 -0.92220000 0.38670000
vn -0.00000000 -0.98510000 0.17180000
vn 0.69130000 -0.69500000 0.19760000
vn 0.70620000 -0.69750000 0.12160000
vn -0.00000000 -0.92220000 0.38670000
vn 0.70490000 -0.65420000 0.27430000
vn 0.67570000 -0.58290000 0.45130000
vn 0.69810000 -0.53180000 0.47940000
vn 0.17630000 -0.77830000 0.60260000
vn 0.70690000 -0.14140000 0.69310000
vn -0.00000000 0.06040000 0.99820000
vn -0.00000000 -0.20000000 0.97980000
vn 0.69810000 0.04330000 0.71470000
vn 0.05140000 0.02300000 0.99840000
vn 0.70200000 -0.29410000 0.64860000
vn 0.69250000 -0.27040000 0.66880000
vn -0.00000000 -0.41300000 0.91070000
vn 0.70690000 -0.14140000 0.69310000
vn -0.00000000 -0.20000000 0.97980000
vn 0.70610000 -0.44940000 0.54720000
vn -0.00000000 -0.41300000 0.91070000
vn 0.70200000 -0.29410000 0.64860000
vn 0.70710000 -0.40420000 0.58020000
vn 0.08560000 -0.47810000 0.87410000
vn -0.00000000 -0.63460000 0.77280000
vn 0.17630000 -0.77830000 0.60260000
vn 0.67570000 -0.58290000 0.45130000
vn 0.70610000 -0.44940000 0.54720000
vn -0.00000000 -0.85430000 0.51980000
vn -0.00000000 -0.63460000 0.77280000
vn -0.00000000 -0.11630000 -0.99320000
vn 0.71420000 -0.34120000 -0.61110000
vn 0.70270000 -0.30470000 -0.64290000
vn 0.70210000 -0.08280000 -0.70730000
vn -0.00000000 -0.48750000 -0.87310000
vn 0.70540000 -0.52400000 -0.47730000
vn -0.00000000 -0.69690000 -0.71720000
vn 0.69750000 -0.49940000 -0.51390000
vn 0.70630000 -0.43790000 -0.55620000
vn 0.05140000 -0.51910000 -0.85310000
vn -0.00000000 -0.48750000 -0.87310000
vn 0.71420000 -0.34120000 -0.61110000
vn 0.70540000 -0.52400000 -0.47730000
vn 0.70630000 -0.43790000 -0.55620000
vn -0.00000000 -0.61860000 -0.78570000
vn -0.02200000 -0.65890000 -0.75190000
vn 0.01520000 -0.73920000 -0.67330000
vn 0.70540000 -0.52400000 -0.47730000
vn -0.03050000 -0.83600000 -0.54790000
vn 0.69750000 -0.49940000 -0.51390000
vn 0.01450000 -0.87050000 -0.49200000
vn 0.71360000 -0.60990000 -0.34470000
vn 0.01520000 -0.73920000 -0.67330000
vn -0.00000000 -0.69690000 -0.71720000
vn 0.71360000 -0.60990000 -0.34470000
vn 0.70090000 -0.59850000 -0.38810000
vn 0.69750000 -0.49940000 -0.51390000
vn -0.00000000 -0.83900000 -0.54410000
vn -0.01170000 -0.94880000 -0.31580000
vn 0.01450000 -0.87050000 -0.49200000
vn 0.71360000 -0.60990000 -0.34470000
vn 0.70580000 -0.67660000 -0.21000000
vn 0.00040000 -0.95510000 -0.29640000
vn 0.70090000 -0.59850000 -0.38810000
vn 0.08560000 -0.87410000 -0.47810000
vn 0.70440000 -0.67520000 -0.21900000
vn -0.00000000 -0.83900000 -0.54410000
vn 0.70580000 -0.67660000 -0.21000000
vn -0.00000000 -0.95120000 -0.30850000
vn 0.70090000 -0.59850000 -0.38810000
vn 0.70530000 -0.70680000 -0.05420000
vn 0.70580000 -0.67660000 -0.21000000
vn 0.70440000 -0.67520000 -0.21900000
vn 0.02870000 -0.99670000 -0.07640000
vn 0.00030000 -0.98600000 -0.16700000
vn 0.00040000 -0.95510000 -0.29640000
vn 0.70530000 -0.70680000 -0.05420000
vn 0.70440000 -0.67520000 -0.21900000
vn -0.00000000 -0.95120000 -0.30850000
vn 0.70310000 -0.70820000 -0.06330000
vn -0.00000000 -0.99600000 -0.08900000
vn 0.70310000 -0.70820000 -0.06330000
vn 0.70530000 -0.70680000 -0.05420000
vn 0.70610000 -0.70150000 0.09670000
vn -0.03800000 -0.99880000 0.03040000
vn 0.00660000 -0.99060000 0.13650000
vn 0.02870000 -0.99670000 -0.07640000
vn 0.70910000 -0.69470000 0.12110000
vn 0.70310000 -0.70820000 -0.06330000
vn 0.70610000 -0.70150000 0.09670000
vn 0.10260000 -0.99450000 0.02290000
vn -0.00000000 -0.98510000 0.17180000
vn -0.00000000 -0.99600000 -0.08900000
vn 0.70610000 -0.70150000 0.09670000
vn 0.70910000 -0.69470000 0.12110000
vn 0.69980000 -0.66820000 0.25260000
vn 0.00660000 -0.99060000 0.13650000
vn 0.00910000 -0.93540000 0.35350000
vn -0.01320000 -0.94390000 0.32990000
vn -0.00000000 -0.98510000 0.17180000
vn 0.70910000 -0.69470000 0.12110000
vn 0.70490000 -0.65410000 0.27430000
vn -0.00000000 -0.92220000 0.38670000
vn 0.69980000 -0.66820000 0.25260000
vn 0.15800000 -0.65080000 0.74260000
vn 0.70490000 -0.65410000 0.27430000
vn 0.69810000 -0.53180000 0.47940000
vn 0.00910000 -0.93540000 0.35350000
vn -0.00890000 -0.74270000 0.66960000
vn -0.00660000 -0.81900000 0.57380000
vn 0.69980000 -0.66820000 0.25260000
vn 0.67570000 -0.58290000 0.45130000
vn 0.17630000 -0.77830000 0.60260000
vn -0.00000000 -0.92220000 0.38670000
vn 0.70490000 -0.65410000 0.27430000
vn 0.69810000 -0.53180000 0.47940000
vn -0.00000000 -0.56990000 0.82170000
vn -0.00890000 -0.74270000 0.66960000
vn 0.67570000 -0.58290000 0.45130000
vn 0.70610000 -0.44940000 0.54720000
vn 0.69810000 -0.53180000 0.47940000
vn 0.70710000 -0.40300000 0.58100000
vn 0.69810000 0.04330000 0.71470000
vn 0.70210000 0.31180000 0.64030000
vn 0.70210000 0.31180000 0.64020000
vn -0.00000000 0.43780000 0.89910000
vn -0.00000000 0.06040000 0.99820000
vn 0.70690000 -0.14140000 0.69310000
vn 0.69810000 0.04330000 0.71470000
vn -0.00000000 0.06040000 0.99820000
vn -0.00000000 -0.20000000 0.97980000
vn 0.05140000 0.02300000 0.99840000
vn 0.70690000 -0.14140000 0.69310000
vn 0.70260000 -0.29390000 0.64810000
vn -0.00000000 -0.41300000 0.91070000
vn 0.69270000 -0.26900000 0.66920000
vn -0.00000000 -0.20000000 0.97980000
vn -0.00000000 -0.41300000 0.91070000
vn -0.00000000 -0.63460000 0.77280000
vn 0.08560000 -0.47820000 0.87410000
vn 0.70710000 -0.40300000 0.58100000
vn 0.70260000 -0.29390000 0.64810000
vn 0.70610000 -0.44940000 0.54720000
vn -0.00000000 -0.63460000 0.77280000
vn 0.70610000 -0.44940000 0.54720000
vn -0.00000000 -0.85430000 0.51980000
vn 0.67570000 -0.58290000 0.45130000
vn 0.17630000 -0.77830000 0.60260000
vn -0.00000000 -0.11630000 -0.99320000
vn -0.00000000 0.29420000 -0.95570000
vn 0.69610000 0.21120000 -0.68610000
vn 0.70210000 -0.08280000 -0.70730000
vn -0.00000000 0.71190000 -0.70220000
vn 0.69610000 0.21120000 -0.68610000
vn 0.69610000 0.51110000 -0.50410000
vn -0.00000000 0.29420000 -0.95570000
vn 0.69610000 0.68900000 -0.20170000
vn -0.00000000 0.95970000 -0.28100000
vn 0.69610000 0.51110000 -0.50410000
vn -0.00000000 0.71190000 -0.70220000
vn -0.00000000 0.97830000 0.20730000
vn 0.69610000 0.68900000 -0.20170000
vn -0.00000000 0.95970000 -0.28100000
vn 0.69610000 0.70230000 0.14880000
vn 0.69610000 0.54790000 0.46390000
vn -0.00000000 0.97830000 0.20730000
vn 0.69610000 0.70230000 0.14880000
vn -0.00000000 0.76320000 0.64610000
vn 0.70210000 0.31180000 0.64030000
vn -0.00000000 0.76320000 0.64610000
vn 0.69610000 0.54790000 0.46390000
vn -0.00000000 0.43780000 0.89910000
vn 0.69200000 -0.59060000 -0.41520000
vn 0.70690000 -0.49290000 -0.50730000
vn 0.02810000 -0.74880000 -0.66220000
vn 0.69810000 -0.34910000 -0.62520000
vn 0.08990000 -0.81480000 -0.57280000
vn 0.13670000 -0.48290000 -0.86490000
vn -0.03820000 -0.62790000 -0.77730000
vn 0.70210000 -0.08280000 -0.70730000
vn -0.00000000 -0.40630000 -0.91370000
vn 0.69810000 -0.34910000 -0.62520000
vn -0.00000000 -0.11630000 -0.99320000
vn 0.13670000 -0.48290000 -0.86490000
vn 0.69810000 -0.34910000 -0.62520000
vn -0.00000000 -0.48750000 -0.87310000
vn 0.70210000 -0.08280000 -0.70730000
vn -0.00000000 -0.11630000 -0.99320000
vn 0.69810000 -0.34910000 -0.62520000
vn -0.00000000 -0.69690000 -0.71720000
vn 0.70690000 -0.49290000 -0.50730000
vn 0.05140000 -0.51910000 -0.85320000
vn -0.00000000 -0.48750000 -0.87310000
vn 0.69200000 -0.59060000 -0.41520000
vn 0.70090000 -0.59850000 -0.38810000
vn 0.70690000 -0.49290000 -0.50730000
vn -0.00000000 -0.69690000 -0.71720000
vn -0.00000000 -0.83900000 -0.54410000
vn 0.08990000 -0.81480000 -0.57280000
vn -0.00280000 -0.94820000 -0.31770000
vn 0.70280000 -0.69220000 -0.16400000
vn 0.03780000 -0.97240000 -0.23030000
vn 0.00610000 -0.85050000 -0.52600000
vn 0.70090000 -0.59850000 -0.38810000
vn 0.69200000 -0.59060000 -0.41520000
vn 0.08560000 -0.87410000 -0.47810000
vn 0.70090000 -0.59850000 -0.38810000
vn 0.70280000 -0.69220000 -0.16400000
vn 0.68600000 -0.69220000 -0.22440000
vn -0.00000000 -0.83900000 -0.54410000
vn -0.00000000 -0.95130000 -0.30840000
vn -0.00000000 -0.95130000 -0.30840000
vn 0.70310000 -0.70820000 -0.06330000
vn 0.68600000 -0.69220000 -0.22440000
vn 0.71610000 -0.69800000 -0.00570000
vn -0.00000000 -0.99600000 -0.08900000
vn 0.66290000 -0.73750000 0.12860000
vn 0.69810000 -0.68720000 0.20120000
vn -0.00000000 -0.99600000 -0.08900000
vn 0.70310000 -0.70820000 -0.06330000
vn -0.00000000 -0.98510000 0.17180000
vn 0.10260000 -0.99450000 0.02290000
vn -0.00000000 -0.98510000 0.17180000
vn 0.66290000 -0.73750000 0.12860000
vn -0.00000000 -0.92220000 0.38670000
vn 0.70490000 -0.65410000 0.27430000
vn -0.00000000 -0.92220000 0.38670000
vn 0.70490000 -0.65410000 0.27430000
vn 0.69810000 -0.53180000 0.47940000
vn 0.17630000 -0.77830000 0.60260000
vn 0.67570000 -0.58290000 0.45130000
vn -0.00000000 -0.63470000 0.77280000
vn 0.67570000 -0.58290000 0.45130000
vn -0.00000000 -0.85430000 0.51980000
vn 0.70610000 -0.44940000 0.54720000
vn 0.17630000 -0.77830000 0.60260000
vn 0.70610000 -0.44940000 0.54720000
vn 0.69810000 -0.27110000 0.66270000
vn 0.68740000 -0.30000000 0.66150000
vn -0.00000000 -0.41300000 0.91070000
vn 0.08560000 -0.47810000 0.87410000
vn -0.00000000 -0.63470000 0.77280000
vn 0.70210000 0.31180000 0.64020000
vn -0.00000000 0.43780000 0.89910000
vn -0.00000000 0.06040000 0.99820000
vn 0.69810000 0.04330000 0.71470000
vn 0.05140000 0.02300000 0.99840000
vn -0.00000000 -0.20000000 0.97980000
vn 0.70690000 -0.14140000 0.69310000
vn -0.00000000 0.06040000 0.99820000
vn 0.69810000 0.04330000 0.71470000
vn 0.68740000 -0.30000000 0.66150000
vn -0.00000000 -0.20000000 0.97980000
vn 0.70690000 -0.14140000 0.69310000
vn -0.00000000 -0.41300000 0.91070000
vn 0.71120000 0.20680000 -0.67190000
vn 0.70010000 0.17610000 -0.69190000
vn -0.00000000 -0.11630000 -0.99320000
vn -0.00000000 0.29420000 -0.95580000
vn 0.70210000 -0.08280000 -0.70730000
vn 0.70210000 0.31180000 0.64020000
vn -0.00000000 0.43780000 0.89910000
vn 0.69610000 0.54790000 0.46390000
vn -0.00000000 0.76320000 0.64610000
vn -0.00000000 0.97830000 0.20730000
vn -0.00000000 0.76320000 0.64610000
vn 0.69610000 0.70230000 0.14880000
vn 0.69610000 0.54790000 0.46390000
vn 0.69610000 0.68900000 -0.20170000
vn 0.69610000 0.70230000 0.14880000
vn -0.00000000 0.95970000 -0.28100000
vn -0.00000000 0.97830000 0.20730000
vn -0.00000000 0.71190000 -0.70220000
vn -0.00000000 0.95970000 -0.28100000
vn 0.69610000 0.68900000 -0.20170000
vn 0.69610000 0.51110000 -0.50410000
vn 0.71120000 0.20680000 -0.67190000
vn 0.70670000 0.33680000 -0.62220000
vn -0.00000000 0.29420000 -0.95580000
vn -0.00000000 0.71190000 -0.70220000
vn 0.69610000 0.51110000 -0.50410000
vn 0.05990000 0.24620000 -0.96740000
vn 0.70010000 0.17610000 -0.69190000
vn 0.70210000 -0.08280000 -0.70730000
vn -0.00360000 0.06700000 -0.99770000
vn 0.01350000 -0.08040000 -0.99670000
vn 0.13920000 -0.19720000 -0.97040000
vn 0.02430000 0.19760000 -0.98000000
vn -0.00000000 -0.11630000 -0.99320000
vn -0.00000000 -0.34840000 -0.93740000
vn -0.00000000 -0.34840000 -0.93730000
vn -0.00000000 0.35430000 -0.93510000
vn 1.00000000 -0.00000000 -0.00000000
vn 0.02430000 0.19760000 -0.98000000
vn 0.98220000 0.07340000 0.17280000
vn 0.05990000 0.24620000 -0.96740000
vn 0.98390000 0.06110000 0.16770000
vn -0.00000000 0.35430000 -0.93510000
vn 1.00000000 -0.00000000 -0.00000000
vn 0.83210000 0.22780000 0.50570000
vn -0.00360000 0.06700000 -0.99770000
vn 0.01350000 -0.08040000 -0.99670000
vn 0.92140000 0.16980000 0.34960000
vn 0.79290000 0.26820000 0.54720000
vn 0.02430000 0.19760000 -0.98000000
vn -0.00360000 0.06700000 -0.99770000
vn 0.92140000 0.16980000 0.34960000
vn 0.98390000 0.06110000 0.16770000
vn 0.00610000 -0.85050000 -0.52600000
vn -0.00280000 -0.94820000 -0.31770000
vn 0.85610000 0.28260000 0.43270000
vn 0.96600000 0.20320000 0.16000000
vn 0.81520000 0.13930000 0.56220000
vn -0.00000000 -0.98700000 -0.16070000
vn -0.00280000 -0.94820000 -0.31770000
vn 0.03780000 -0.97240000 -0.23030000
vn 0.97980000 0.12020000 0.16000000
vn 0.96600000 0.20320000 0.16000000
vn 1.00000000 -0.00000000 -0.00000000
vn -0.00000000 -0.66470000 -0.74710000
vn -0.00000000 -0.98700000 -0.16070000
vn 1.00000000 -0.00000000 -0.00000000
vn 0.83210000 0.22780000 0.50570000
vn 0.83150000 0.19310000 0.52090000
vn 0.97240000 0.08110000 0.21890000
vn 0.98390000 0.06110000 0.16770000
vn 0.92140000 0.16980000 0.34960000
vn 0.98220000 0.07340000 0.17280000
vn 0.98100000 0.06170000 0.18400000
vn 1.00000000 -0.00000000 -0.00000000
vn 0.98220000 0.07340000 0.17280000
vn 0.97240000 0.08110000 0.21890000
vn 0.98220000 0.13580000 0.13000000
vn 0.98100000 0.12790000 0.14590000
vn 0.97990000 0.13240000 0.14940000
vn 1.00000000 -0.00000000 -0.00000000
vn 0.98660000 0.12060000 0.10970000
vn 0.98030000 0.13550000 0.14340000
vn 0.98660000 0.12060000 0.10970000
vn 1.00000000 -0.00000000 -0.00000000
vn 0.98080000 0.15030000 0.12450000
vn 0.98220000 0.13580000 0.13000000
vn 0.83130000 0.42730000 0.35540000
vn 0.83190000 0.40090000 0.38360000
vn 0.83200000 0.42670000 0.35450000
vn 0.98660000 0.12060000 0.10970000
vn 0.98080000 0.15030000 0.12450000
vn 0.98040000 0.13540000 0.14340000
vn 0.98080000 0.15030000 0.12450000
vn 0.98030000 0.13550000 0.14340000
vn 0.83130000 0.42730000 0.35540000
vn 0.82850000 0.38450000 0.40710000
vn 0.83190000 0.36810000 0.41530000
vn 0.83190000 0.36800000 0.41530000
vn 0.83190000 0.40090000 0.38360000
vn 0.97990000 0.13240000 0.14940000
vn 0.98220000 0.13580000 0.13000000
vn 0.98100000 0.11580000 0.15580000
vn 0.83190000 0.33110000 0.44530000
vn 0.97990000 0.13240000 0.14940000
vn 0.98100000 0.12790000 0.14590000
vn 0.83190000 0.36800000 0.41530000
vn 1.00000000 -0.00000000 -0.00000000
vn 0.97980000 0.12020000 0.16000000
vn 0.98100000 0.12790000 0.14590000
vn 0.98100000 0.11580000 0.15580000
vn 0.97980000 0.12020000 0.16000000
vn 0.83190000 0.33110000 0.44530000
vn 0.81520000 0.13930000 0.56220000
vn 0.98100000 0.11580000 0.15580000
vn 0.96600000 0.20320000 0.16000000
vn 1.00000000 -0.00000000 -0.00000000
vn 0.98170000 0.02870000 0.18810000
vn 0.98080000 0.05660000 0.18670000
vn 0.98040000 0.02800000 0.19500000
vn 0.98080000 -0.00000000 0.19510000
vn 0.98040000 0.02800000 0.19500000
vn 1.00000000 -0.00000000 -0.00000000
vn 0.98170000 0.02870000 0.18810000
vn 0.98040000 0.02800000 0.19500000
vn 0.98080000 -0.00000000 0.19510000
vn 0.82850000 0.08440000 0.55360000
vn 0.83150000 -0.00000000 0.55560000
vn 0.82850000 0.24560000 0.50320000
vn 0.81670000 0.08190000 0.57130000
vn 0.82850000 0.08440000 0.55360000
vn 0.98080000 0.05660000 0.18670000
vn 0.98170000 0.02870000 0.18810000
vn 0.82850000 0.24570000 0.50320000
vn 0.83150000 0.16080000 0.53180000
vn 0.98040000 0.08650000 0.17730000
vn 0.98040000 0.08650000 0.17730000
vn 1.00000000 -0.00000000 -0.00000000
vn 0.98080000 0.05660000 0.18670000
vn 0.98040000 0.08650000 0.17730000
vn 0.82850000 0.24560000 0.50320000
vn 0.82850000 0.38450000 0.40710000
vn 0.98040000 0.13540000 0.14340000
vn 1.00000000 -0.00000000 -0.00000000
vn 0.98030000 0.13550000 0.14340000
vn 0.98040000 0.08650000 0.17730000
vn 0.98040000 0.13540000 0.14340000
vn 0.70350000 0.10090000 0.70350000
vn 0.70710000 0.20490000 0.67680000
vn 0.83150000 0.16080000 0.53180000
vn 0.81670000 0.08190000 0.57130000
vn 0.69630000 0.31490000 0.64500000
vn 0.83150000 0.16080000 0.53180000
vn 0.82850000 0.24570000 0.50320000
vn 0.70710000 0.20490000 0.67680000
vn 0.70710000 0.25540000 0.65940000
vn 0.72200000 0.47510000 0.50300000
vn 0.82850000 0.38450000 0.40710000
vn 0.82850000 0.24570000 0.50320000
vn 0.82850000 0.24560000 0.50320000
vn 0.69630000 0.31490000 0.64500000
vn 0.70710000 -0.00000000 0.70710000
vn 0.83150000 -0.00000000 0.55560000
vn 0.70350000 0.10090000 0.70350000
vn 0.81670000 0.08190000 0.57130000
vn 0.82850000 0.08440000 0.55360000
vn 0.98080000 0.19510000 -0.00000000
vn 1.00000000 -0.00000000 -0.00000000
vn 0.96260000 0.19150000 0.19150000
vn 0.98080000 -0.00000000 0.19510000
vn 0.83150000 -0.00000000 0.55560000
vn 0.82030000 0.16320000 0.54810000
vn 0.98080000 -0.00000000 0.19510000
vn 0.96260000 0.19150000 0.19150000
vn 0.70710000 -0.00000000 0.70710000
vn 0.82030000 0.16320000 0.54810000
vn 0.83150000 -0.00000000 0.55560000
vn 0.70020000 0.13930000 0.70020000
vn 0.59360000 0.39670000 0.70020000
vn 0.50000000 0.50000000 0.70710000
vn 0.69540000 0.46470000 0.54810000
vn 0.58790000 0.58790000 0.55560000
vn 0.59360000 0.39660000 0.70020000
vn 0.82030000 0.16320000 0.54810000
vn 0.70020000 0.13930000 0.70020000
vn 0.59360000 0.39660000 0.70020000
vn 0.69540000 0.46470000 0.54810000
vn 0.81610000 0.54530000 0.19150000
vn 0.58790000 0.58790000 0.55560000
vn 0.69350000 0.69350000 0.19510000
vn 0.69540000 0.46470000 0.54810000
vn 0.96260000 0.19150000 0.19150000
vn 0.81610000 0.54530000 0.19150000
vn 0.82030000 0.16320000 0.54810000
vn 0.69540000 0.46470000 0.54810000
vn 0.83150000 0.55560000 -0.00000000
vn 0.81610000 0.54530000 0.19150000
vn 0.69350000 0.69350000 0.19510000
vn 0.70710000 0.70710000 -0.00000000
vn 0.96260000 0.19150000 0.19150000
vn 0.97670000 0.21460000 0.00430000
vn 0.81610000 0.54530000 0.19150000
vn 0.98430000 0.17640000 0.00660000
vn 0.83150000 0.55560000 -0.00000000
vn 0.99620000 0.08600000 0.01380000
vn 0.98080000 0.19510000 -0.00000000
vn 0.95680000 0.29070000 -0.00000000
vn 0.46470000 0.69540000 0.54810000
vn 0.58790000 0.58790000 0.55560000
vn 0.54530000 0.81610000 0.19150000
vn 0.69350000 0.69350000 0.19510000
vn 0.39660000 0.59360000 0.70020000
vn 0.58790000 0.58790000 0.55560000
vn 0.50000000 0.50000000 0.70710000
vn 0.46470000 0.69540000 0.54810000
vn 0.69790000 0.45100000 0.55640000
vn 0.69630000 0.31490000 0.64500000
vn 0.70710000 0.25540000 0.65940000
vn 0.55420000 0.30060000 0.77620000
vn 0.54560000 0.52770000 0.65100000
vn 0.72200000 0.47510000 0.50300000
vn 0.70350000 0.10090000 0.70350000
vn 0.70710000 0.25540000 0.65940000
vn 0.70710000 0.20490000 0.67680000
vn 0.55420000 0.30060000 0.77620000
vn 0.55170000 0.11840000 0.82560000
vn 0.66050000 0.16900000 0.73150000
vn 0.55500000 0.36730000 0.74630000
vn 0.19490000 0.43310000 0.88000000
vn 0.55480000 0.28190000 0.78270000
vn 0.19480000 0.33240000 0.92280000
vn 0.55510000 0.36730000 0.74630000
vn 0.28270000 0.33410000 0.89920000
vn 0.19510000 0.28500000 0.93850000
vn 0.19480000 0.33240000 0.92280000
vn 0.19490000 0.43310000 0.88000000
vn 0.28270000 0.33410000 0.89920000
vn 0.19480000 0.43310000 0.88000000
vn 0.19490000 0.43310000 0.88000000
vn 0.19490000 0.52020000 0.83150000
vn 0.55510000 0.36730000 0.74630000
vn 0.55510000 0.44120000 0.70520000
vn 0.19480000 0.43310000 0.88000000
vn 0.55510000 0.51040000 0.65680000
vn 0.55510000 0.44120000 0.70520000
vn 0.19480000 0.60190000 0.77450000
vn 0.19490000 0.52020000 0.83150000
vn 0.19480000 0.52020000 0.83150000
vn 0.19490000 0.60190000 0.77440000
vn 0.55510000 0.51040000 0.65680000
vn 0.19480000 0.60190000 0.77450000
vn 0.19490000 0.67620000 0.71050000
vn 0.55510000 0.57340000 0.60250000
vn 0.55510000 0.62980000 0.54330000
vn 0.55510000 0.57340000 0.60250000
vn 0.19490000 0.67620000 0.71050000
vn 0.19480000 0.74270000 0.64070000
vn 0.19480000 0.67620000 0.71050000
vn 0.19490000 0.74270000 0.64060000
vn 0.19030000 0.61820000 0.76260000
vn 0.54560000 0.52770000 0.65100000
vn 0.19480000 0.74270000 0.64070000
vn 0.55510000 0.62980000 0.54330000
vn 0.19490000 0.52020000 0.83150000
vn 0.19480000 0.52020000 0.83150000
vn 0.19480000 0.43310000 0.88000000
vn 0.19480000 0.60190000 0.77450000
vn 0.19480000 0.52020000 0.83150000
vn 0.19490000 0.60190000 0.77440000
vn 0.19480000 0.67620000 0.71050000
vn 0.19490000 0.60190000 0.77440000
vn 0.19490000 0.67620000 0.71050000
vn 0.19490000 0.74270000 0.64060000
vn 0.19480000 0.67620000 0.71050000
vn 0.19480000 0.74270000 0.64070000
vn -0.00000000 0.62970000 0.77680000
vn 0.19490000 0.74270000 0.64060000
vn 0.19030000 0.61820000 0.76260000
vn -0.19510000 -0.98080000 -0.00460000
vn -0.19510000 -0.98080000 -0.00460000
vn -0.19510000 -0.98080000 -0.00460000
vn -0.00000000 0.62970000 0.77680000
vn -0.98440000 0.11110000 0.13680000
vn -0.00020000 0.63080000 0.77600000
vn 0.00010000 0.36110000 0.93250000
vn -0.00020000 0.63080000 0.77600000
vn -0.00000000 0.62970000 0.77680000
vn 0.19440000 0.35420000 0.91470000
vn 0.19030000 0.61820000 0.76260000
vn -0.79600000 0.36610000 0.48210000
vn -0.70580000 0.25670000 0.66030000
vn -0.70710000 0.32090000 0.63010000
vn -0.98440000 0.11110000 0.13680000
vn -0.00000000 0.36240000 0.93200000
vn -0.71280000 0.35900000 0.60250000
vn -0.00020000 0.63080000 0.77600000
vn 0.00010000 0.36110000 0.93250000
vn 0.19440000 0.35420000 0.91470000
vn -0.00000000 0.36240000 0.93200000
vn -0.00000000 0.14190000 0.98990000
vn -0.08870000 0.14140000 0.98600000
vn 0.00010000 0.36110000 0.93250000
vn -0.00000000 0.14190000 0.98990000
vn -0.70350000 0.10090000 0.70350000
vn -0.00000000 0.36240000 0.93200000
vn -0.70580000 0.25670000 0.66030000
vn -0.70350000 0.10090000 0.70350000
vn -0.70710000 -0.00000000 0.70710000
vn -0.00000000 0.14190000 0.98990000
vn -0.00000000 -0.00000000 1.00000000
vn -0.70350000 0.10090000 0.70350000
vn -1.00000000 -0.00000000 -0.00000000
vn -0.70710000 -0.00000000 0.70710000
vn -0.70350000 0.10090000 0.70350000
vn -1.00000000 -0.00000000 -0.00000000
vn -0.70580000 0.25670000 0.66030000
vn -1.00000000 -0.00010000 -0.00000000
vn -0.70580000 0.25670000 0.66030000
vn -1.00000000 -0.00000000 -0.00000000
vn -0.70710000 0.32090000 0.63010000
vn -1.00000000 -0.00010000 -0.00000000
vn -0.71280000 0.35900000 0.60250000
vn -0.70710000 0.32090000 0.63010000
vn -0.71280000 0.35900000 0.60250000
vn -0.79600000 0.36610000 0.48210000
vn -0.98440000 0.11110000 0.13680000
vn -0.79600000 0.36610000 0.48210000
vn -1.00000000 -0.00000000 -0.00000000
vn -0.98120000 -0.19290000 -0.00000000
vn -1.00000000 -0.00010000 -0.00000000
vn -1.00000000 -0.00000000 -0.00000000
vn -0.98080000 -0.19510000 -0.00040000
vn -0.70020000 -0.13930000 0.70020000
vn -0.98120000 -0.19290000 -0.00000000
vn -0.70710000 -0.00000000 0.70710000
vn -0.97620000 -0.21690000 -0.00000000
vn -1.00000000 -0.00000000 -0.00000000
vn -0.70020000 -0.13930000 -0.70020000
vn -0.70710000 -0.00000000 -0.70710000
vn -0.98080000 -0.19510000 -0.00420000
vn -0.70710000 -0.00000000 -0.70710000
vn -1.00000000 -0.00000000 -0.00000000
vn -1.00000000 -0.00000000 -0.00000000
vn -0.97620000 -0.21690000 -0.00000000
vn -1.00000000 -0.00000000 -0.00000000
vn -1.00000000 -0.00000000 -0.00000000
vn -0.98560000 0.10650000 -0.13110000
vn -0.98560000 0.10650000 -0.13110000
vn -0.98560000 0.10650000 -0.13110000
vn -0.70710000 -0.00000000 -0.70710000
vn -0.00000000 -0.00000000 -1.00000000
vn 0.71960000 0.69440000 0.00300000
vn 0.71940000 0.69450000 0.01320000
vn 0.93320000 0.30730000 -0.18610000
vn 0.98980000 0.13280000 0.05090000
vn -0.53270000 0.84630000 -0.00060000
vn -0.40240000 0.91540000 -0.00650000
vn -0.52710000 0.82760000 -0.19320000
vn -0.41440000 0.91000000 -0.01250000
vn -0.52710000 0.82760000 -0.19320000
vn -0.60330000 0.77450000 -0.19040000
vn -0.62670000 0.77920000 0.00560000
vn -0.61050000 0.79200000 0.00030000
vn -0.53270000 0.84630000 -0.00060000
vn -0.69670000 0.71690000 0.02620000
vn -0.60330000 0.77450000 -0.19040000
vn -0.52710000 0.82760000 -0.19320000
vn -0.40240000 0.91540000 -0.00650000
vn -0.20840000 0.97800000 0.00310000
vn -0.19300000 0.98120000 0.00550000
vn -0.19200000 0.96240000 -0.19190000
vn -0.19200000 0.96240000 -0.19190000
vn 0.03600000 0.99920000 -0.01740000
vn -0.00560000 0.99920000 -0.04030000
vn -0.19300000 0.98120000 0.00550000
vn -0.19200000 0.96240000 -0.19190000
vn 0.16280000 0.97920000 -0.12130000
vn -0.00560000 0.99920000 -0.04030000
vn 0.17260000 0.98500000 0.00010000
vn 0.17260000 0.98500000 0.00010000
vn 0.27720000 0.96080000 0.00010000
vn 0.27390000 0.94070000 -0.20030000
vn 0.16280000 0.97920000 -0.12130000
vn 0.27490000 0.96150000 -0.00010000
vn 0.16280000 0.97920000 -0.12130000
vn 0.27390000 0.94070000 -0.20030000
vn 0.52550000 0.85080000 0.00040000
vn 0.27490000 0.96150000 -0.00010000
vn 0.27390000 0.94070000 -0.20030000
vn 0.60760000 0.76930000 -0.19730000
vn 0.71940000 0.69450000 0.01320000
vn 0.61620000 0.78750000 -0.00870000
vn 0.60760000 0.76930000 -0.19730000
vn 0.71960000 0.69440000 0.00300000
vn 0.71940000 0.69450000 0.01320000
vn 0.60760000 0.76930000 -0.19730000
vn 0.61620000 0.78750000 -0.00870000
vn 0.98980000 0.13280000 0.05090000
vn 0.99120000 0.13250000 -0.00000000
vn 0.97640000 -0.10260000 -0.19020000
vn 0.99440000 -0.10580000 -0.00000000
vn 0.98980000 0.14260000 -0.00410000
vn 0.93320000 0.30730000 -0.18610000
vn 0.99120000 0.13250000 -0.00000000
vn 0.94860000 0.31650000 0.00170000
vn 0.98980000 0.13280000 0.05090000
vn 0.93320000 0.30730000 -0.18610000
vn 0.94860000 0.31650000 0.00170000
vn 0.97640000 -0.10260000 -0.19020000
vn 0.93580000 -0.35250000 0.00620000
vn 0.99440000 -0.10580000 -0.00000000
vn 0.97640000 -0.10260000 -0.19020000
vn -0.69670000 0.71690000 0.02620000
vn -0.94610000 0.26090000 -0.19210000
vn -0.88860000 0.45270000 0.07410000
vn -0.69670000 0.71690000 0.02620000
vn -0.60330000 0.77450000 -0.19040000
vn -0.72140000 0.69250000 0.00030000
vn -0.61050000 0.79200000 0.00030000
vn -0.79320000 0.60850000 -0.02170000
vn -0.72140000 0.69250000 0.00030000
vn -0.79570000 0.60530000 -0.02030000
vn -0.88860000 0.45270000 0.07410000
vn -0.89170000 0.45240000 0.01360000
vn -0.79570000 0.60530000 -0.02030000
vn -0.88860000 0.45270000 0.07410000
vn -0.89170000 0.45240000 0.01360000
vn -0.96240000 0.27000000 -0.02880000
vn -0.94610000 0.26090000 -0.19210000
vn -0.99440000 0.10580000 -0.00000000
vn -0.96240000 0.27000000 -0.02880000
vn -0.94610000 0.26090000 -0.19210000
vn -0.97300000 0.10500000 0.20540000
vn -0.93060000 -0.36550000 0.02020000
vn -0.95160000 -0.24720000 -0.18260000
vn -0.89810000 -0.43970000 0.00010000
vn -0.95130000 -0.30830000 0.00010000
vn -0.96710000 -0.25450000 0.00430000
vn -0.80270000 -0.59630000 -0.01100000
vn -0.89810000 -0.43970000 0.00010000
vn -0.79040000 -0.58030000 -0.19630000
vn -0.79040000 -0.58030000 -0.19630000
vn -0.93060000 -0.36550000 0.02020000
vn -0.99440000 0.10580000 -0.00000000
vn -0.97300000 0.10500000 0.20540000
vn -0.99750000 -0.07120000 -0.00000000
vn -0.93060000 -0.36550000 0.02020000
vn -0.97100000 -0.15450000 -0.18260000
vn -0.95160000 -0.24720000 -0.18260000
vn -0.97300000 0.10500000 0.20540000
vn -0.98720000 -0.15930000 -0.01180000
vn -0.98970000 -0.14260000 -0.01560000
vn -0.99750000 -0.07120000 -0.00000000
vn -0.97100000 -0.15450000 -0.18260000
vn -0.96710000 -0.25450000 0.00430000
vn -0.97100000 -0.15450000 -0.18260000
vn -0.95160000 -0.24720000 -0.18260000
vn -0.98720000 -0.15930000 -0.01180000
vn 0.81170000 -0.55440000 -0.18400000
vn 0.93580000 -0.35250000 0.00620000
vn 0.81170000 -0.55440000 -0.18400000
vn 0.82300000 -0.56800000 -0.00460000
vn 0.73080000 -0.68190000 -0.03120000
vn 0.82300000 -0.56800000 -0.00460000
vn 0.81170000 -0.55440000 -0.18400000
vn 0.72090000 -0.66690000 -0.18860000
vn 0.72090000 -0.66690000 -0.18860000
vn 0.73080000 -0.68190000 -0.03120000
vn 0.72090000 -0.66690000 -0.18860000
vn 0.61210000 -0.79080000 0.00810000
vn 0.31720000 -0.94210000 -0.10890000
vn 0.61210000 -0.79080000 0.00810000
vn 0.38790000 -0.92170000 0.00060000
vn 0.41430000 -0.91000000 -0.01270000
vn 0.21000000 -0.95880000 -0.19130000
vn 0.21140000 -0.97740000 0.00030000
vn 0.20850000 -0.97800000 0.00060000
vn 0.38790000 -0.92170000 0.00060000
vn 0.31720000 -0.94210000 -0.10890000
vn 0.12450000 -0.97350000 -0.19190000
vn 0.03500000 -0.98440000 -0.17260000
vn 0.31720000 -0.94210000 -0.10890000
vn -0.01490000 -0.99960000 -0.02460000
vn 0.21000000 -0.95880000 -0.19130000
vn 0.21140000 -0.97740000 0.00030000
vn 0.12430000 -0.99220000 0.00080000
vn 0.21000000 -0.95880000 -0.19130000
vn 0.12450000 -0.97350000 -0.19190000
vn -0.17390000 -0.96290000 -0.20620000
vn -0.32200000 -0.94670000 0.01170000
vn 0.03500000 -0.98440000 -0.17260000
vn -0.17390000 -0.96290000 -0.20620000
vn 0.03500000 -0.98440000 -0.17260000
vn -0.01490000 -0.99960000 -0.02460000
vn -0.01470000 -0.99930000 -0.03570000
vn -0.17280000 -0.98500000 0.00010000
vn -0.03600000 -0.99900000 -0.02540000
vn -0.01470000 -0.99930000 -0.03570000
vn -0.01490000 -0.99960000 -0.02460000
vn 0.12430000 -0.99220000 0.00080000
vn 0.12450000 -0.97350000 -0.19190000
vn -0.69770000 -0.69130000 -0.18800000
vn -0.70700000 -0.70720000 0.00500000
vn -0.80270000 -0.59630000 -0.01100000
vn -0.79040000 -0.58030000 -0.19630000
vn -0.70700000 -0.70720000 0.00500000
vn -0.60210000 -0.79830000 -0.01440000
vn -0.69770000 -0.69130000 -0.18800000
vn -0.59430000 -0.78110000 -0.19160000
vn -0.59430000 -0.78110000 -0.19160000
vn -0.69770000 -0.69130000 -0.18800000
vn -0.52900000 -0.84470000 -0.08190000
vn -0.59430000 -0.78110000 -0.19160000
vn -0.60210000 -0.79830000 -0.01440000
vn -0.52900000 -0.84470000 -0.08190000
vn -0.52900000 -0.84470000 -0.08190000
vn -0.32200000 -0.94670000 0.01170000
vn -0.32220000 -0.94670000 0.00480000
vn -0.27720000 -0.96080000 0.00010000
vn -0.17280000 -0.98500000 0.00010000
vn -0.17390000 -0.96290000 -0.20620000
vn -0.32200000 -0.94670000 0.01170000
vn -0.32220000 -0.94670000 0.00480000
vn -0.70710000 -0.00000000 0.70710000
vn -0.00000000 -0.00000000 1.00000000
vn -0.70020000 -0.13930000 0.70020000
vn -0.83150000 -0.55550000 -0.00720000
vn -0.59360000 -0.39660000 0.70020000
vn -0.70020000 -0.13930000 0.70020000
vn -0.89410000 -0.44780000 0.00010000
vn -0.98080000 -0.19510000 -0.00040000
vn -0.59360000 -0.39670000 0.70020000
vn -0.59360000 -0.39660000 0.70020000
vn -0.70020000 -0.13930000 0.70020000
vn -0.00000000 -0.00000000 1.00000000
vn -0.78810000 -0.61560000 -0.00000000
vn -0.50000000 -0.50000000 0.70710000
vn -0.83150000 -0.55550000 -0.00720000
vn -0.59360000 -0.39670000 0.70020000
vn -0.59360000 -0.39660000 0.70020000
vn -0.70710000 -0.70710000 -0.00000000
vn -0.59360000 -0.39670000 0.70020000
vn -0.00000000 -0.00000000 1.00000000
vn -0.50000000 -0.50000000 0.70710000
vn -0.39660000 -0.59360000 0.70020000
vn -0.50000000 -0.50000000 0.70710000
vn -0.00000000 -0.00000000 1.00000000
vn -0.39660000 -0.59360000 0.70020000
vn -0.50000000 -0.50000000 0.70710000
vn -0.55560000 -0.83150000 -0.00000000
vn -0.70710000 -0.70710000 -0.00000000
vn -0.50000000 -0.50000000 -0.70710000
vn -0.39660000 -0.59360000 -0.70020000
vn -0.70710000 -0.70710000 -0.00000000
vn -0.55560000 -0.83150000 -0.00000000
vn -0.13930000 -0.70020000 -0.70020000
vn -0.55560000 -0.83150000 -0.00000000
vn -0.19510000 -0.98080000 -0.00000000
vn -0.39660000 -0.59360000 -0.70020000
vn -0.55560000 -0.83150000 -0.00000000
vn -0.39660000 -0.59360000 0.70020000
vn -0.19510000 -0.98080000 -0.00000000
vn -0.13930000 -0.70020000 0.70020000
vn -0.00000000 -0.70710000 -0.70710000
vn -0.00000000 -1.00000000 -0.00000000
vn -0.13930000 -0.70020000 -0.70020000
vn -0.00000000 -1.00000000 -0.00010000
vn -0.19510000 -0.98080000 -0.00000000
vn -0.00010000 -1.00000000 -0.00020000
vn -0.00000000 -1.00000000 0.00030000
vn -0.13930000 -0.70020000 0.70020000
vn -0.00000000 -1.00000000 0.00010000
vn -0.00000000 -0.70710000 0.70710000
vn -0.19510000 -0.98080000 -0.00000000
vn -0.00000000 -1.00000000 -0.00000000
vn -0.59360000 -0.39660000 -0.70020000
vn -0.50000000 -0.50000000 -0.70710000
vn -0.00000000 -0.00000000 -1.00000000
vn -0.83150000 -0.55560000 0.00330000
vn -0.50000000 -0.50000000 -0.70710000
vn -0.87050000 -0.49200000 0.01450000
vn -0.78840000 -0.61520000 -0.00000000
vn -0.59360000 -0.39660000 -0.70020000
vn -0.70710000 -0.70710000 -0.00000000
vn -0.39660000 -0.59360000 -0.70020000
vn -0.50000000 -0.50000000 -0.70710000
vn -0.00000000 -0.00000000 -1.00000000
vn -0.59360000 -0.39660000 -0.70020000
vn -0.83150000 -0.55560000 0.00330000
vn -0.98080000 -0.19510000 -0.00420000
vn -0.70020000 -0.13930000 -0.70020000
vn -0.00000000 -0.00000000 -1.00000000
vn -0.70020000 -0.13930000 -0.70020000
vn -0.59360000 -0.39660000 -0.70020000
vn -0.70020000 -0.13930000 -0.70020000
vn -0.00000000 -0.00000000 -1.00000000
vn -0.70710000 -0.00000000 -0.70710000
vn -0.00000000 -0.00000000 -1.00000000
vn -0.00000000 -0.70710000 -0.70710000
vn -0.13930000 -0.70020000 -0.70020000
vn -0.39660000 -0.59360000 -0.70020000
vn -0.00000000 -0.00000000 -1.00000000
vn -0.13930000 -0.70020000 -0.70020000
vn -0.00000000 -0.70710000 -0.70710000
vn 0.08950000 -0.70430000 -0.70430000
vn -0.00000000 -0.00000000 -1.00000000
vn 0.10230000 -0.98530000 -0.13710000
vn -0.00000000 -1.00000000 -0.00030000
vn 0.13000000 -0.98070000 -0.14590000
vn -0.00000000 -1.00000000 -0.00010000
vn 0.14780000 -0.56240000 -0.81350000
vn 0.08950000 -0.70430000 -0.70430000
vn -0.00000000 -1.00000000 -0.00000000
vn -0.00000000 -0.70710000 -0.70710000
vn 0.11680000 -0.30000000 -0.94680000
vn 0.01070000 -0.02070000 -0.99970000
vn 0.03820000 -0.07190000 -0.99670000
vn 0.11820000 -0.28370000 -0.95160000
vn 0.09800000 -0.00000000 -0.99520000
vn 0.12240000 0.00780000 -0.99240000
vn 0.11680000 -0.30000000 -0.94680000
vn -0.00000000 -0.00000000 -1.00000000
vn 0.01070000 -0.02070000 -0.99970000
vn -0.00000000 -0.00000000 -1.00000000
vn 0.01070000 -0.02070000 -0.99970000
vn 0.11350000 -0.23900000 -0.96440000
vn 0.11390000 -0.20480000 -0.97220000
vn 0.03820000 -0.07190000 -0.99670000
vn -0.00000000 -0.00000000 -1.00000000
vn 0.19030000 -0.52970000 -0.82650000
vn 0.17370000 -0.53420000 -0.82730000
vn 0.14780000 -0.56240000 -0.81350000
vn 0.08950000 -0.70430000 -0.70430000
vn 0.19030000 -0.52970000 -0.82650000
vn 0.32550000 -0.84760000 -0.41910000
vn 0.20730000 -0.81860000 -0.53560000
vn 0.14780000 -0.56240000 -0.81350000
vn 0.35080000 -0.83000000 -0.43350000
vn 0.10230000 -0.98530000 -0.13710000
vn 0.18400000 -0.34520000 -0.92030000
vn 0.26150000 -0.81780000 -0.51260000
vn 0.19030000 -0.52970000 -0.82650000
vn 0.17370000 -0.53420000 -0.82730000
vn 0.20730000 -0.81860000 -0.53560000
vn 0.15310000 -0.35790000 -0.92110000
vn -0.00000000 -0.00000000 -1.00000000
vn 0.18400000 -0.34520000 -0.92030000
vn 0.17370000 -0.53420000 -0.82730000
vn 0.26760000 -0.64650000 -0.71440000
vn 0.15930000 -0.25630000 -0.95340000
vn 0.15310000 -0.35790000 -0.92110000
vn 0.35610000 -0.53720000 -0.76460000
vn 0.26150000 -0.81780000 -0.51260000
vn 0.18400000 -0.34520000 -0.92030000
vn 0.15930000 -0.25630000 -0.95340000
vn -0.00000000 -0.00000000 -1.00000000
vn 0.11350000 -0.23900000 -0.96440000
vn 0.15310000 -0.35790000 -0.92110000
vn 0.11350000 -0.23900000 -0.96440000
vn 0.11390000 -0.20480000 -0.97220000
vn 0.26760000 -0.64650000 -0.71440000
vn 0.34790000 -0.40480000 -0.84560000
vn 0.15930000 -0.25630000 -0.95340000
vn 0.18400000 -0.40340000 -0.89630000
vn 0.03820000 -0.07190000 -0.99670000
vn 0.11390000 -0.20480000 -0.97220000
vn 0.18400000 -0.40340000 -0.89630000
vn 0.11820000 -0.28370000 -0.95160000
vn 0.13260000 -0.17480000 -0.97560000
vn 0.70340000 -0.10190000 -0.70340000
vn 0.61020000 -0.10110000 -0.78570000
vn 0.61340000 -0.00000000 -0.78980000
vn 0.70710000 -0.00000000 -0.70710000
vn 0.63440000 0.01090000 -0.77300000
vn 0.63110000 -0.10140000 -0.76900000
vn 0.70340000 -0.10190000 -0.70340000
vn 0.70710000 -0.00000000 -0.70710000
vn 0.61340000 -0.00000000 -0.78980000
vn 0.44750000 -0.00860000 -0.89430000
vn 0.63440000 0.01090000 -0.77300000
vn 0.61340000 -0.00000000 -0.78980000
vn 0.44050000 -0.17540000 -0.88040000
vn 0.61340000 -0.17420000 -0.77030000
vn 0.61020000 -0.10110000 -0.78570000
vn 0.60700000 -0.19450000 -0.77050000
vn 0.63110000 -0.10140000 -0.76900000
vn 0.47140000 -0.00000000 -0.88190000
vn 0.46240000 -0.19420000 -0.86510000
vn 0.63440000 0.01090000 -0.77300000
vn 0.44750000 -0.00860000 -0.89430000
vn 0.44050000 -0.17540000 -0.88040000
vn 0.44750000 -0.00860000 -0.89430000
vn 0.38040000 -0.02540000 -0.92450000
vn 0.31370000 -0.00000000 -0.94950000
vn 0.47140000 -0.00000000 -0.88190000
vn 0.30890000 -0.17530000 -0.93480000
vn 0.28480000 -0.19420000 -0.93870000
vn 0.29030000 -0.00590000 -0.95690000
vn 0.31370000 -0.00000000 -0.94950000
vn 0.47140000 -0.00000000 -0.88190000
vn 0.46240000 -0.19420000 -0.86510000
vn 0.31370000 -0.00000000 -0.94950000
vn 0.13260000 -0.17480000 -0.97560000
vn 0.30890000 -0.17530000 -0.93480000
vn 0.11820000 -0.28370000 -0.95160000
vn 0.11680000 -0.30000000 -0.94680000
vn 0.12240000 0.00780000 -0.99240000
vn 0.29030000 -0.00590000 -0.95690000
vn 0.29030000 -0.00590000 -0.95690000
vn 0.09800000 -0.00000000 -0.99520000
vn 0.28480000 -0.19420000 -0.93870000
vn 0.09620000 -0.19420000 -0.97620000
vn 0.12240000 0.00780000 -0.99240000
vn 0.09800000 -0.00000000 -0.99520000
vn 0.09620000 -0.19420000 -0.97620000
vn -0.00000000 -0.24320000 -0.97000000
vn -0.00000000 -0.00000000 -1.00000000
vn -0.00150000 -0.19510000 -0.98080000
vn -0.00150000 -0.19510000 -0.98080000
vn -0.05480000 -0.19380000 -0.97950000
vn -0.06450000 -0.59240000 -0.80310000
vn -0.11070000 -0.30860000 -0.94470000
vn 0.00090000 -0.55560000 -0.83150000
vn -0.00000000 -0.24320000 -0.97000000
vn -0.08110000 -0.55420000 -0.82840000
vn -0.00000000 -0.59340000 -0.80490000
vn -0.02090000 -0.24320000 -0.96980000
vn -0.00000000 -0.24320000 -0.97000000
vn -0.00000000 -0.00000000 -1.00000000
vn -0.02150000 -0.00000000 -0.99980000
vn -0.02090000 -0.24320000 -0.96980000
vn -0.00150000 -0.19510000 -0.98080000
vn 0.09620000 -0.19420000 -0.97620000
vn 0.08160000 -0.55370000 -0.82870000
vn 0.00090000 -0.55560000 -0.83150000
vn -0.00000000 -0.70710000 -0.70710000
vn 0.00090000 -0.55560000 -0.83150000
vn -0.00000000 -0.59340000 -0.80490000
vn 0.08160000 -0.55370000 -0.82870000
vn 0.06950000 -0.70540000 -0.70540000
vn -0.05710000 -0.70210000 -0.70980000
vn -0.00000000 -0.70710000 -0.70710000
vn -0.06450000 -0.59240000 -0.80310000
vn -0.02290000 -0.70700000 -0.70680000
vn -0.00000000 -0.59340000 -0.80490000
vn -0.48640000 0.55540000 -0.67450000
vn -0.57490000 0.51790000 -0.63350000
vn -0.41360000 0.70700000 -0.57360000
vn -0.47540000 0.70660000 -0.52410000
vn -0.44940000 0.70680000 -0.54630000
vn -0.49400000 0.70270000 -0.51210000
vn -0.39670000 0.55330000 -0.73250000
vn -0.48640000 0.55540000 -0.67450000
vn -0.41650000 0.70690000 -0.57170000
vn -0.41360000 0.70700000 -0.57360000
vn -0.33750000 0.70550000 -0.62320000
vn -0.39670000 0.55330000 -0.73250000
vn -0.66260000 0.19320000 -0.72360000
vn -0.51510000 0.59160000 -0.62020000
vn -0.39680000 0.55490000 -0.73120000
vn -0.46210000 0.24810000 -0.85140000
vn -0.49590000 0.19460000 -0.84630000
vn -0.57490000 0.51790000 -0.63350000
vn -0.48640000 0.55540000 -0.67450000
vn -0.50500000 0.70710000 -0.49500000
vn -0.51510000 0.59160000 -0.62020000
vn -0.57480000 0.59340000 -0.56340000
vn -0.47540000 0.70660000 -0.52410000
vn -0.57490000 0.51790000 -0.63350000
vn -0.63660000 0.24260000 -0.73210000
vn -0.57480000 0.59340000 -0.56340000
vn -0.57350000 0.59570000 -0.56230000
vn -0.69290000 0.24130000 -0.67950000
vn -0.51510000 0.59160000 -0.62020000
vn -0.66260000 0.19320000 -0.72360000
vn -0.69260000 0.24320000 -0.67900000
vn -0.50360000 -0.08630000 -0.85960000
vn -0.49590000 0.19460000 -0.84630000
vn -0.65620000 -0.00000000 -0.75460000
vn -0.66260000 0.19320000 -0.72360000
vn -0.63660000 0.24260000 -0.73210000
vn -0.65620000 -0.00000000 -0.75460000
vn -0.69260000 0.24320000 -0.67900000
vn -0.63660000 0.24260000 -0.73210000
vn -0.71410000 -0.00000000 -0.70010000
vn -0.40900000 0.19500000 -0.89150000
vn -0.46210000 0.24810000 -0.85140000
vn -0.49590000 0.19460000 -0.84630000
vn -0.50360000 -0.08630000 -0.85960000
vn -0.41700000 0.00010000 -0.90890000
vn -0.61130000 0.01440000 -0.79130000
vn -0.41940000 -0.00000000 -0.90780000
vn -0.50970000 -0.00000000 -0.86040000
vn -0.29360000 0.00410000 -0.95590000
vn -0.28800000 0.19390000 -0.93780000
vn -0.34600000 -0.00020000 -0.93820000
vn -0.40900000 0.19500000 -0.89150000
vn -0.28810000 0.19410000 -0.93770000
vn -0.41700000 0.00010000 -0.90890000
vn -0.28810000 0.19410000 -0.93770000
vn -0.40900000 0.19500000 -0.89150000
vn -0.46210000 0.24810000 -0.85140000
vn -0.24430000 0.55230000 -0.79710000
vn -0.39680000 0.55490000 -0.73120000
vn -0.24460000 0.55330000 -0.79620000
vn -0.39680000 0.55490000 -0.73120000
vn -0.39670000 0.55330000 -0.73250000
vn -0.24430000 0.55230000 -0.79710000
vn -0.33750000 0.70550000 -0.62320000
vn -0.20780000 0.70540000 -0.67770000
vn -0.33840000 0.70530000 -0.62290000
vn -0.05480000 -0.19380000 -0.97950000
vn -0.20720000 -0.55510000 -0.80560000
vn -0.08110000 -0.55420000 -0.82840000
vn -0.24430000 -0.19460000 -0.95000000
vn -0.20720000 -0.55500000 -0.80560000
vn -0.20720000 -0.55510000 -0.80560000
vn -0.17500000 -0.71140000 -0.68070000
vn -0.08110000 -0.55420000 -0.82840000
vn -0.05710000 -0.70210000 -0.70980000
vn -0.06450000 -0.59240000 -0.80310000
vn -0.05480000 -0.19380000 -0.97950000
vn -0.24430000 -0.19460000 -0.95000000
vn -0.11640000 -0.00020000 -0.99320000
vn -0.11070000 -0.30860000 -0.94470000
vn -0.24410000 -0.19480000 -0.95000000
vn -0.24890000 0.00010000 -0.96850000
vn -0.11070000 -0.30860000 -0.94470000
vn -0.02150000 -0.00000000 -0.99980000
vn -0.11480000 -0.00000000 -0.99340000
vn -0.11640000 -0.00020000 -0.99320000
vn -0.02090000 -0.24320000 -0.96980000
vn -0.28760000 -0.55510000 -0.78050000
vn -0.24460000 -0.70680000 -0.66380000
vn -0.20720000 -0.55500000 -0.80560000
vn -0.17500000 -0.71140000 -0.68070000
vn -0.18310000 -0.71290000 -0.67700000
vn -0.20720000 -0.55510000 -0.80560000
vn -0.20720000 -0.55500000 -0.80560000
vn -0.24410000 -0.19480000 -0.95000000
vn -0.24430000 -0.19460000 -0.95000000
vn -0.28760000 -0.55510000 -0.78050000
vn -0.33930000 -0.19490000 -0.92030000
vn -0.28780000 -0.55500000 -0.78050000
vn -0.34600000 -0.00020000 -0.93820000
vn -0.24890000 0.00010000 -0.96850000
vn -0.24410000 -0.19480000 -0.95000000
vn -0.33930000 -0.19490000 -0.92030000
vn -0.29360000 0.00410000 -0.95590000
vn -0.28780000 -0.55500000 -0.78050000
vn -0.27940000 -0.70710000 -0.64960000
vn -0.28760000 -0.55510000 -0.78050000
vn -0.24460000 -0.70680000 -0.66380000
vn -0.32870000 -0.55540000 -0.76390000
vn -0.47430000 -0.19400000 -0.85870000
vn -0.33930000 -0.19490000 -0.92030000
vn -0.49100000 -0.26820000 -0.82880000
vn -0.40380000 -0.54990000 -0.73110000
vn -0.32870000 -0.55540000 -0.76390000
vn -0.28780000 -0.55500000 -0.78050000
vn -0.41130000 -0.19500000 -0.89040000
vn -0.41940000 -0.00000000 -0.90780000
vn -0.41700000 0.00010000 -0.90890000
vn -0.41130000 -0.19500000 -0.89040000
vn -0.34600000 -0.00020000 -0.93820000
vn -0.33930000 -0.19490000 -0.92030000
vn -0.49100000 -0.26820000 -0.82880000
vn -0.50970000 -0.00000000 -0.86040000
vn -0.41130000 -0.19500000 -0.89040000
vn -0.41940000 -0.00000000 -0.90780000
vn -0.40410000 -0.55330000 -0.72840000
vn -0.34390000 -0.70540000 -0.61980000
vn -0.32870000 -0.55540000 -0.76390000
vn -0.40380000 -0.54990000 -0.73110000
vn -0.27940000 -0.70710000 -0.64960000
vn -0.34390000 -0.70540000 -0.61980000
vn -0.31500000 -0.69620000 -0.64500000
vn -0.40410000 -0.55330000 -0.72840000
vn -0.48390000 -0.55550000 -0.67620000
vn -0.40910000 -0.71130000 -0.57170000
vn -0.54680000 -0.54650000 -0.63430000
vn -0.40410000 -0.55330000 -0.72840000
vn -0.48390000 -0.55550000 -0.67620000
vn -0.63480000 -0.29280000 -0.71510000
vn -0.47430000 -0.19400000 -0.85870000
vn -0.40380000 -0.54990000 -0.73110000
vn -0.57030000 -0.51180000 -0.64250000
vn -0.63650000 -0.19430000 -0.74640000
vn -0.50970000 -0.00000000 -0.86040000
vn -0.63650000 -0.19430000 -0.74640000
vn -0.66040000 -0.09980000 -0.74420000
vn -0.47430000 -0.19400000 -0.85870000
vn -0.61130000 0.01440000 -0.79130000
vn -0.66370000 -0.00110000 -0.74800000
vn -0.49100000 -0.26820000 -0.82880000
vn -0.66370000 -0.00110000 -0.74800000
vn -0.66040000 -0.09980000 -0.74420000
vn -0.71410000 -0.00010000 -0.70010000
vn -0.71050000 -0.09960000 -0.69660000
vn -0.68280000 -0.29310000 -0.66930000
vn -0.63480000 -0.29280000 -0.71510000
vn -0.66040000 -0.09980000 -0.74420000
vn -0.71040000 -0.10090000 -0.69650000
vn -0.71050000 -0.09960000 -0.69660000
vn -0.68200000 -0.29630000 -0.66860000
vn -0.63650000 -0.19430000 -0.74640000
vn -0.63480000 -0.29280000 -0.71510000
vn -0.57030000 -0.51180000 -0.64250000
vn -0.61320000 -0.51240000 -0.60110000
vn -0.68280000 -0.29310000 -0.66930000
vn -0.61360000 -0.51170000 -0.60140000
vn -0.43960000 -0.71460000 -0.54420000
vn -0.48390000 -0.55550000 -0.67620000
vn -0.54680000 -0.54650000 -0.63430000
vn -0.49660000 -0.66950000 -0.55250000
vn -0.47310000 -0.70650000 -0.52640000
vn -0.40910000 -0.71130000 -0.57170000
vn -0.49660000 -0.66950000 -0.55250000
vn -0.54680000 -0.54650000 -0.63430000
vn -0.53270000 -0.66600000 -0.52210000
vn -0.53010000 -0.67010000 -0.51960000
vn -0.57030000 -0.51180000 -0.64250000
vn -0.61320000 -0.51240000 -0.60110000
vn -0.47310000 -0.70650000 -0.52640000
vn -0.49660000 -0.66950000 -0.55250000
vn -0.50490000 -0.70710000 -0.49500000
vn -0.53010000 -0.67010000 -0.51960000
vn -0.69290000 0.24130000 -0.67950000
vn -0.73150000 0.24090000 -0.63790000
vn -0.71410000 -0.00000000 -0.70010000
vn -0.76690000 -0.00000000 -0.64170000
vn -0.69260000 0.24320000 -0.67900000
vn -0.75240000 0.19390000 -0.62960000
vn -0.65810000 0.52950000 -0.53540000
vn -0.73150000 0.24090000 -0.63790000
vn -0.60380000 0.59510000 -0.53040000
vn -0.69290000 0.24130000 -0.67950000
vn -0.57350000 0.59570000 -0.56230000
vn -0.60380000 0.59510000 -0.53040000
vn -0.51860000 0.70700000 -0.48090000
vn -0.53300000 0.70480000 -0.46820000
vn -0.50500000 0.70710000 -0.49500000
vn -0.57480000 0.59340000 -0.56340000
vn -0.57350000 0.59570000 -0.56230000
vn -0.76420000 -0.19460000 -0.61490000
vn -0.73120000 -0.29560000 -0.61480000
vn -0.68200000 -0.29630000 -0.66860000
vn -0.76210000 -0.10080000 -0.63960000
vn -0.71040000 -0.10090000 -0.69650000
vn -0.71050000 -0.09960000 -0.69660000
vn -0.76600000 0.00020000 -0.64290000
vn -0.71040000 -0.10090000 -0.69650000
vn -0.71410000 -0.00010000 -0.70010000
vn -0.71410000 -0.00000000 -0.70010000
vn -0.76210000 -0.10080000 -0.63960000
vn -0.76690000 -0.00000000 -0.64170000
vn -0.82010000 0.55530000 -0.13790000
vn -0.70340000 0.70680000 -0.07460000
vn -0.69740000 0.70700000 -0.11740000
vn -0.85140000 0.52220000 -0.04920000
vn -0.71110000 0.70280000 -0.01940000
vn -0.70640000 0.70660000 -0.04100000
vn -0.82010000 0.55530000 -0.13790000
vn -0.67920000 0.70550000 -0.20240000
vn -0.69740000 0.70700000 -0.11740000
vn -0.79820000 0.55340000 -0.23790000
vn -0.69790000 0.70700000 -0.11480000
vn -0.79800000 0.55380000 -0.23760000
vn -0.79820000 0.55340000 -0.23790000
vn -0.82010000 0.55530000 -0.13790000
vn -0.97990000 0.19340000 -0.04980000
vn -0.80210000 0.59160000 -0.08110000
vn -0.85140000 0.52220000 -0.04920000
vn -0.94020000 0.19410000 -0.27990000
vn -0.70710000 0.70710000 -0.00000000
vn -0.85140000 0.52220000 -0.04920000
vn -0.80490000 0.59340000 -0.00000000
vn -0.70700000 0.70720000 -0.00000000
vn -0.70640000 0.70660000 -0.04100000
vn -0.80210000 0.59160000 -0.08110000
vn -0.97000000 0.24320000 -0.00000000
vn -0.96720000 0.24260000 -0.07490000
vn -0.97040000 0.24130000 -0.00010000
vn -0.80490000 0.59340000 -0.00000000
vn -0.80420000 0.59440000 -0.00000000
vn -0.80210000 0.59160000 -0.08110000
vn -0.97990000 0.19340000 -0.04980000
vn -0.99700000 -0.00020000 -0.07720000
vn -0.95840000 0.00020000 -0.28530000
vn -0.94020000 0.19420000 -0.27990000
vn -0.94020000 0.19410000 -0.27990000
vn -0.97990000 0.19340000 -0.04980000
vn -0.96720000 0.24260000 -0.07490000
vn -1.00000000 -0.00000000 -0.00000000
vn -0.99700000 -0.00020000 -0.07720000
vn -0.96720000 0.24260000 -0.07490000
vn -0.97000000 0.24320000 -0.00000000
vn -1.00000000 -0.00010000 -0.00000000
vn -0.99700000 -0.00010000 -0.07790000
vn -0.67880000 0.70570000 -0.20300000
vn -0.79820000 0.55340000 -0.23790000
vn -0.65490000 0.70710000 -0.26690000
vn -0.79800000 0.55380000 -0.23760000
vn -0.67920000 0.70550000 -0.20240000
vn -0.76990000 0.55560000 -0.31380000
vn -0.76990000 0.55560000 -0.31380000
vn -0.79800000 0.55380000 -0.23760000
vn -0.94020000 0.19410000 -0.27990000
vn -0.94020000 0.19420000 -0.27990000
vn -0.73920000 0.55090000 -0.38750000
vn -0.86840000 0.19650000 -0.45530000
vn -0.90820000 0.19510000 -0.37030000
vn -0.92590000 -0.00000000 -0.37770000
vn -0.95840000 0.00020000 -0.28530000
vn -0.94020000 0.19420000 -0.27990000
vn -0.95780000 -0.00020000 -0.28750000
vn -0.90820000 0.19510000 -0.37030000
vn -0.92590000 -0.00000000 -0.37770000
vn -0.90820000 0.19510000 -0.37030000
vn -0.88420000 0.00010000 -0.46720000
vn -0.86840000 0.19410000 -0.45640000
vn -0.88520000 -0.00020000 -0.46520000
vn -0.92530000 -0.00000000 -0.37920000
vn -0.86840000 0.19650000 -0.45530000
vn -0.73920000 0.55090000 -0.38750000
vn -0.65490000 0.70710000 -0.26690000
vn -0.73740000 0.55310000 -0.38780000
vn -0.62720000 0.70550000 -0.32990000
vn -0.76990000 0.55560000 -0.31380000
vn -0.62720000 0.70550000 -0.32990000
vn -0.62700000 0.70560000 -0.33020000
vn -0.73740000 0.55310000 -0.38780000
vn -0.68050000 0.55490000 -0.47860000
vn -0.57850000 0.70690000 -0.40690000
vn -0.73740000 0.55310000 -0.38780000
vn -0.86840000 0.19410000 -0.45640000
vn -0.73920000 0.55090000 -0.38750000
vn -0.86840000 0.19650000 -0.45530000
vn -0.73150000 0.24090000 -0.63790000
vn -0.75240000 0.19390000 -0.62960000
vn -0.65810000 0.52950000 -0.53540000
vn -0.68050000 0.55490000 -0.47860000
vn -0.88520000 -0.00020000 -0.46520000
vn -0.75240000 0.19390000 -0.62960000
vn -0.86840000 0.19410000 -0.45640000
vn -0.76690000 -0.00000000 -0.64170000
vn -0.76600000 0.00020000 -0.64290000
vn -0.55480000 0.70690000 -0.43870000
vn -0.57790000 0.70700000 -0.40760000
vn -0.53300000 0.70480000 -0.46820000
vn -0.60380000 0.59510000 -0.53040000
vn -0.65810000 0.52950000 -0.53540000
vn -0.57850000 0.70690000 -0.40690000
vn -0.68050000 0.55490000 -0.47860000
vn -0.57160000 -0.66510000 -0.48050000
vn -0.53270000 -0.66600000 -0.52210000
vn -0.53010000 -0.67010000 -0.51960000
vn -0.51380000 -0.70720000 -0.48570000
vn -0.50490000 -0.70710000 -0.49500000
vn -0.54440000 -0.70300000 -0.45760000
vn -0.50490000 -0.70720000 -0.49500000
vn -0.55550000 -0.70590000 -0.43950000
vn -0.69320000 -0.55570000 -0.45890000
vn -0.54440000 -0.70300000 -0.45760000
vn -0.58910000 -0.70740000 -0.39050000
vn -0.64730000 -0.55420000 -0.52330000
vn -0.57160000 -0.66510000 -0.48050000
vn -0.65800000 -0.51070000 -0.55330000
vn -0.61360000 -0.51170000 -0.60140000
vn -0.61320000 -0.51240000 -0.60110000
vn -0.57160000 -0.66510000 -0.48050000
vn -0.64730000 -0.55420000 -0.52330000
vn -0.53270000 -0.66600000 -0.52210000
vn -0.73660000 -0.55310000 -0.38910000
vn -0.76420000 -0.19460000 -0.61490000
vn -0.64730000 -0.55420000 -0.52330000
vn -0.86740000 -0.19380000 -0.45820000
vn -0.65800000 -0.51070000 -0.55330000
vn -0.73120000 -0.29560000 -0.61480000
vn -0.69320000 -0.55570000 -0.45890000
vn -0.65800000 -0.51070000 -0.55330000
vn -0.68200000 -0.29630000 -0.66860000
vn -0.61360000 -0.51170000 -0.60140000
vn -0.73120000 -0.29560000 -0.61480000
vn -0.68280000 -0.29310000 -0.66930000
vn -0.88420000 0.00010000 -0.46720000
vn -0.76210000 -0.10080000 -0.63960000
vn -0.76420000 -0.19460000 -0.61490000
vn -0.76600000 0.00020000 -0.64290000
vn -0.88520000 -0.00020000 -0.46520000
vn -0.86740000 -0.19380000 -0.45820000
vn -0.86730000 -0.19410000 -0.45830000
vn -0.73640000 -0.55380000 -0.38860000
vn -0.73660000 -0.55310000 -0.38910000
vn -0.69320000 -0.55570000 -0.45890000
vn -0.58910000 -0.70740000 -0.39050000
vn -0.62700000 -0.70520000 -0.33090000
vn -0.65440000 -0.70710000 -0.26780000
vn -0.73640000 -0.55380000 -0.38860000
vn -0.62700000 -0.70520000 -0.33090000
vn -0.62760000 -0.70570000 -0.32870000
vn -0.76960000 -0.55550000 -0.31480000
vn -0.86730000 -0.19410000 -0.45830000
vn -0.90760000 -0.19490000 -0.37190000
vn -0.86740000 -0.19380000 -0.45820000
vn -0.73640000 -0.55380000 -0.38860000
vn -0.76960000 -0.55550000 -0.31480000
vn -0.73660000 -0.55310000 -0.38910000
vn -0.79850000 -0.55190000 -0.24050000
vn -0.93890000 -0.19630000 -0.28280000
vn -0.90760000 -0.19490000 -0.37190000
vn -0.86730000 -0.19410000 -0.45830000
vn -0.88420000 0.00010000 -0.46720000
vn -0.92530000 -0.00000000 -0.37920000
vn -0.92590000 -0.00000000 -0.37770000
vn -0.95780000 -0.00020000 -0.28750000
vn -0.92530000 -0.00000000 -0.37920000
vn -0.93890000 -0.19630000 -0.28280000
vn -0.93960000 -0.19400000 -0.28200000
vn -0.90760000 -0.19490000 -0.37190000
vn -0.65440000 -0.70710000 -0.26780000
vn -0.66480000 -0.70690000 -0.24180000
vn -0.68170000 -0.70240000 -0.20460000
vn -0.79770000 -0.55350000 -0.23940000
vn -0.79850000 -0.55190000 -0.24050000
vn -0.76960000 -0.55550000 -0.31480000
vn -0.79770000 -0.55350000 -0.23940000
vn -0.70730000 -0.70470000 -0.05510000
vn -0.68170000 -0.70240000 -0.20460000
vn -0.82960000 -0.55460000 -0.06460000
vn -0.83050000 -0.55320000 -0.06530000
vn -0.68570000 -0.70650000 -0.17480000
vn -0.93960000 -0.19400000 -0.28200000
vn -0.97800000 -0.19400000 -0.07650000
vn -0.83050000 -0.55320000 -0.06530000
vn -0.93890000 -0.19630000 -0.28280000
vn -0.97820000 -0.19290000 -0.07690000
vn -0.79850000 -0.55190000 -0.24050000
vn -0.79770000 -0.55350000 -0.23940000
vn -0.95780000 -0.00020000 -0.28750000
vn -0.95840000 0.00020000 -0.28530000
vn -0.93960000 -0.19400000 -0.28200000
vn -0.97800000 -0.19400000 -0.07650000
vn -0.99700000 -0.00010000 -0.07790000
vn -0.99700000 -0.00020000 -0.07720000
vn -0.97020000 -0.24230000 -0.00000000
vn -0.97800000 -0.19400000 -0.07650000
vn -0.97820000 -0.19290000 -0.07690000
vn -0.98110000 -0.19350000 0.00160000
vn -1.00000000 -0.00010000 -0.00000000
vn -1.00000000 -0.00000000 -0.00000000
vn -0.99700000 -0.00010000 -0.07790000
vn -0.82960000 -0.55460000 -0.06460000
vn -0.83050000 -0.55320000 -0.06530000
vn -0.98110000 -0.19350000 0.00160000
vn -0.97820000 -0.19290000 -0.07690000
vn -0.83140000 -0.55570000 -0.00090000
vn -0.70700000 -0.70720000 -0.00000000
vn -0.70730000 -0.70470000 -0.05510000
vn -0.82960000 -0.55460000 -0.06460000
vn -0.70620000 -0.70640000 -0.04690000
vn -0.80420000 -0.59430000 -0.00000000
vn -0.83140000 -0.55570000 -0.00090000
vn -0.97040000 0.24130000 -0.00010000
vn -0.97000000 0.24320000 -0.00000000
vn -0.97030000 0.24130000 0.01860000
vn -1.00000000 -0.00000000 -0.00000000
vn -0.99980000 -0.00000000 0.01920000
vn -0.80340000 0.59380000 0.04460000
vn -0.84470000 0.52950000 0.07840000
vn -0.96180000 0.26730000 0.05880000
vn -0.97040000 0.24130000 -0.00010000
vn -0.80420000 0.59440000 -0.00000000
vn -0.97030000 0.24130000 0.01860000
vn -0.80340000 0.59380000 0.04460000
vn -0.70680000 0.70710000 0.01960000
vn -0.70700000 0.70720000 -0.00000000
vn -0.80490000 0.59340000 -0.00000000
vn -0.80420000 0.59440000 -0.00000000
vn -0.70820000 0.70490000 0.03950000
vn -0.97020000 -0.24230000 -0.00000000
vn -0.94730000 -0.30540000 0.09710000
vn -0.80160000 -0.59340000 0.07310000
vn -0.80420000 -0.59430000 -0.00000000
vn -0.98110000 -0.19350000 0.00160000
vn -0.98020000 -0.19350000 0.04100000
vn -0.83140000 -0.55570000 -0.00090000
vn -0.97000000 -0.24250000 0.01570000
vn -0.99990000 -0.00020000 0.01610000
vn -0.97000000 -0.24250000 0.01570000
vn -0.97020000 -0.24230000 -0.00000000
vn -1.00000000 -0.00000000 -0.00000000
vn -0.70700000 -0.70720000 -0.00000000
vn -0.83460000 -0.54830000 0.05260000
vn -0.70770000 -0.70510000 0.04460000
vn -0.80420000 -0.59430000 -0.00000000
vn -0.70650000 -0.70680000 0.03630000
vn -0.70710000 -0.70710000 -0.00000000
vn -0.80160000 -0.59340000 0.07310000
vn -0.61280000 0.51350000 0.60070000
vn -0.61320000 0.51260000 0.60100000
vn -0.53060000 0.66940000 0.52000000
vn -0.55960000 0.66890000 0.48930000
vn -0.65320000 0.53110000 0.53970000
vn -0.65780000 0.51170000 0.55270000
vn -0.50500000 0.70700000 0.49510000
vn -0.52780000 0.67360000 0.51740000
vn -0.53060000 0.66940000 0.52000000
vn -0.53280000 0.70650000 0.46580000
vn -0.55960000 0.66890000 0.48930000
vn -0.55450000 0.70680000 0.43920000
vn -0.52140000 0.70280000 0.48390000
vn -0.58020000 0.70700000 0.40430000
vn -0.65320000 0.53110000 0.53970000
vn -0.55960000 0.66890000 0.48930000
vn -0.68230000 0.55530000 0.47550000
vn -0.53280000 0.70650000 0.46580000
vn -0.61320000 0.51260000 0.60100000
vn -0.68170000 0.29740000 0.66850000
vn -0.65780000 0.51170000 0.55270000
vn -0.73070000 0.29680000 0.61480000
vn -0.68330000 0.29100000 0.66970000
vn -0.73620000 0.55380000 0.38900000
vn -0.73660000 0.55340000 0.38890000
vn -0.65320000 0.53110000 0.53970000
vn -0.76420000 0.19440000 0.61500000
vn -0.73070000 0.29680000 0.61480000
vn -0.85160000 0.19460000 0.48670000
vn -0.68230000 0.55530000 0.47550000
vn -0.65780000 0.51170000 0.55270000
vn -0.85700000 0.24610000 0.45280000
vn -0.62670000 0.70550000 0.33090000
vn -0.57870000 0.70700000 0.40650000
vn -0.58020000 0.70700000 0.40430000
vn -0.73660000 0.55340000 0.38890000
vn -0.68230000 0.55530000 0.47550000
vn -0.71040000 0.10090000 0.69650000
vn -0.76420000 0.19440000 0.61500000
vn -0.73070000 0.29680000 0.61480000
vn -0.68170000 0.29740000 0.66850000
vn -0.76210000 0.10060000 0.63960000
vn -0.71040000 0.10090000 0.69660000
vn -0.76600000 -0.00000000 0.64290000
vn -0.76420000 0.19440000 0.61500000
vn -0.86540000 -0.08060000 0.49460000
vn -0.85160000 0.19460000 0.48670000
vn -0.76210000 0.10060000 0.63960000
vn -0.71040000 0.10090000 0.69650000
vn -0.76600000 -0.00000000 0.64290000
vn -0.71410000 -0.00000000 0.70010000
vn -0.71400000 0.00030000 0.70010000
vn -0.76210000 0.10060000 0.63960000
vn -0.85160000 0.19460000 0.48670000
vn -0.86540000 -0.08060000 0.49460000
vn -0.91210000 -0.00010000 0.40990000
vn -0.80040000 0.01310000 0.59930000
vn -0.91310000 -0.00000000 0.40770000
vn -0.85700000 0.24610000 0.45280000
vn -0.89460000 0.19500000 0.40200000
vn -0.86740000 -0.00000000 0.49770000
vn -0.93930000 0.19410000 0.28290000
vn -0.91210000 -0.00010000 0.40990000
vn -0.95750000 -0.00100000 0.28840000
vn -0.89460000 0.19500000 0.40200000
vn -0.95990000 0.00040000 0.28040000
vn -0.89460000 0.19500000 0.40200000
vn -0.73620000 0.55380000 0.38900000
vn -0.85700000 0.24610000 0.45280000
vn -0.93930000 0.19410000 0.28290000
vn -0.76940000 0.55570000 0.31500000
vn -0.79910000 0.55090000 0.24070000
vn -0.76940000 0.55570000 0.31500000
vn -0.73620000 0.55380000 0.38900000
vn -0.65440000 0.70710000 0.26800000
vn -0.73660000 0.55340000 0.38890000
vn -0.62670000 0.70550000 0.33090000
vn -0.62690000 0.70570000 0.33020000
vn -0.79800000 0.55310000 0.23930000
vn -0.67890000 0.70550000 0.20350000
vn -0.65440000 0.70710000 0.26800000
vn -0.79910000 0.55090000 0.24070000
vn -0.76940000 0.55570000 0.31500000
vn -0.67890000 0.70560000 0.20320000
vn -0.69800000 0.70690000 0.11440000
vn -0.67890000 0.70550000 0.20350000
vn -0.82100000 0.55490000 0.13460000
vn -0.79800000 0.55310000 0.23930000
vn -0.97500000 0.19450000 0.10720000
vn -0.93930000 0.19410000 0.28290000
vn -0.79800000 0.55310000 0.23930000
vn -0.79910000 0.55090000 0.24070000
vn -0.96180000 0.26730000 0.05880000
vn -0.82100000 0.55490000 0.13460000
vn -0.84470000 0.52950000 0.07840000
vn -0.95750000 -0.00100000 0.28840000
vn -0.99400000 -0.00000000 0.10930000
vn -0.97500000 0.19450000 0.10720000
vn -0.93930000 0.19410000 0.28290000
vn -0.99480000 0.00070000 0.10200000
vn -0.99980000 -0.00000000 0.01920000
vn -0.96180000 0.26730000 0.05880000
vn -0.99400000 -0.00000000 0.10930000
vn -0.97500000 0.19450000 0.10720000
vn -0.97030000 0.24130000 0.01860000
vn -0.69810000 0.70700000 0.11360000
vn -0.82100000 0.55490000 0.13460000
vn -0.70820000 0.70490000 0.03950000
vn -0.70330000 0.70690000 0.07500000
vn -0.69800000 0.70690000 0.11440000
vn -0.84470000 0.52950000 0.07840000
vn -0.80340000 0.59380000 0.04460000
vn -0.99990000 -0.00020000 0.01610000
vn -0.97000000 -0.24250000 0.01570000
vn -0.99980000 -0.00000000 0.01920000
vn -0.99480000 0.00070000 0.10200000
vn -0.99400000 -0.00000000 0.10930000
vn -0.94730000 -0.30540000 0.09710000
vn -0.83460000 -0.54830000 0.05260000
vn -0.69660000 -0.70710000 0.12130000
vn -0.81950000 -0.55550000 0.14110000
vn -0.70770000 -0.70510000 0.04460000
vn -0.68030000 -0.70530000 0.19920000
vn -0.79950000 -0.55310000 0.23410000
vn -0.69660000 -0.70710000 0.12130000
vn -0.81950000 -0.55550000 0.14110000
vn -0.94160000 -0.19390000 0.27510000
vn -0.80160000 -0.59340000 0.07310000
vn -0.81950000 -0.55550000 0.14110000
vn -0.79950000 -0.55310000 0.23410000
vn -0.79900000 -0.55420000 0.23340000
vn -0.83460000 -0.54830000 0.05260000
vn -0.98020000 -0.19350000 0.04100000
vn -0.94730000 -0.30540000 0.09710000
vn -0.98020000 -0.19350000 0.04100000
vn -0.94160000 -0.19390000 0.27510000
vn -0.95990000 0.00040000 0.28040000
vn -0.95750000 -0.00100000 0.28840000
vn -0.99480000 0.00070000 0.10200000
vn -0.94160000 -0.19420000 0.27500000
vn -0.79900000 -0.55420000 0.23340000
vn -0.68030000 -0.70530000 0.19920000
vn -0.62710000 -0.70530000 0.33070000
vn -0.79950000 -0.55310000 0.23410000
vn -0.73680000 -0.55330000 0.38850000
vn -0.86770000 -0.19390000 0.45760000
vn -0.89560000 -0.19500000 0.39990000
vn -0.73680000 -0.55320000 0.38860000
vn -0.94160000 -0.19420000 0.27500000
vn -0.79900000 -0.55420000 0.23340000
vn -0.94160000 -0.19390000 0.27510000
vn -0.73680000 -0.55330000 0.38850000
vn -0.83260000 -0.28030000 0.47770000
vn -0.94160000 -0.19420000 0.27500000
vn -0.95990000 0.00040000 0.28040000
vn -0.91310000 -0.00000000 0.40770000
vn -0.89560000 -0.19500000 0.39990000
vn -0.91210000 -0.00010000 0.40990000
vn -0.73180000 -0.19350000 0.65350000
vn -0.65700000 -0.52050000 0.54540000
vn -0.66670000 -0.55240000 0.50040000
vn -0.86770000 -0.19390000 0.45760000
vn -0.73680000 -0.55320000 0.38860000
vn -0.68850000 -0.55550000 0.46630000
vn -0.73680000 -0.55320000 0.38860000
vn -0.73680000 -0.55330000 0.38850000
vn -0.62640000 -0.70550000 0.33150000
vn -0.58560000 -0.70720000 0.39630000
vn -0.62710000 -0.70530000 0.33070000
vn -0.68850000 -0.55550000 0.46630000
vn -0.73930000 -0.24060000 0.62900000
vn -0.76160000 -0.00110000 0.64800000
vn -0.86740000 -0.00000000 0.49770000
vn -0.80040000 0.01310000 0.59930000
vn -0.86770000 -0.19390000 0.45760000
vn -0.83260000 -0.28030000 0.47770000
vn -0.73180000 -0.19350000 0.65350000
vn -0.86740000 -0.00000000 0.49770000
vn -0.89560000 -0.19500000 0.39990000
vn -0.83260000 -0.28030000 0.47770000
vn -0.91310000 -0.00000000 0.40770000
vn -0.73180000 -0.19350000 0.65350000
vn -0.69300000 -0.24080000 0.67950000
vn -0.59190000 -0.59480000 0.54400000
vn -0.57400000 -0.59490000 0.56270000
vn -0.73930000 -0.24060000 0.62900000
vn -0.65700000 -0.52050000 0.54540000
vn -0.76160000 -0.00110000 0.64800000
vn -0.71410000 -0.00010000 0.70000000
vn -0.69300000 -0.24080000 0.67950000
vn -0.69280000 -0.24230000 0.67920000
vn -0.73930000 -0.24060000 0.62900000
vn -0.50990000 -0.70710000 0.48990000
vn -0.50500000 -0.70710000 0.49500000
vn -0.59190000 -0.59480000 0.54400000
vn -0.52160000 -0.70580000 0.47940000
vn -0.51530000 -0.70650000 0.48500000
vn -0.57400000 -0.59490000 0.56270000
vn -0.57430000 -0.59430000 0.56300000
vn -0.56580000 -0.70680000 0.42460000
vn -0.52160000 -0.70580000 0.47940000
vn -0.56590000 -0.70680000 0.42450000
vn -0.65700000 -0.52050000 0.54540000
vn -0.59190000 -0.59480000 0.54400000
vn -0.52980000 -0.70690000 0.46870000
vn -0.66670000 -0.55240000 0.50040000
vn -0.66670000 -0.55240000 0.50040000
vn -0.68850000 -0.55550000 0.46630000
vn -0.56580000 -0.70680000 0.42460000
vn -0.58560000 -0.70720000 0.39630000
vn -0.50500000 0.70700000 0.49510000
vn -0.46660000 0.70310000 0.53660000
vn -0.47790000 0.70580000 0.52290000
vn -0.52780000 0.67360000 0.51740000
vn -0.49900000 0.67310000 0.54590000
vn -0.49540000 0.70690000 0.50480000
vn -0.52780000 0.67360000 0.51740000
vn -0.61280000 0.51350000 0.60070000
vn -0.53060000 0.66940000 0.52000000
vn -0.55520000 0.52450000 0.64550000
vn -0.56340000 0.51220000 0.64820000
vn -0.49900000 0.67310000 0.54590000
vn -0.64420000 0.19410000 0.73980000
vn -0.61280000 0.51350000 0.60070000
vn -0.68330000 0.29100000 0.66970000
vn -0.56340000 0.51220000 0.64820000
vn -0.61320000 0.51260000 0.60100000
vn -0.59830000 0.28910000 0.74730000
vn -0.60690000 0.26490000 0.74940000
vn -0.69680000 0.10090000 0.71020000
vn -0.59830000 0.28910000 0.74730000
vn -0.71040000 0.10090000 0.69660000
vn -0.68330000 0.29100000 0.66970000
vn -0.68170000 0.29740000 0.66850000
vn -0.71040000 0.10090000 0.69660000
vn -0.70040000 0.00030000 0.71380000
vn -0.71400000 0.00030000 0.70010000
vn -0.69680000 0.10090000 0.71020000
vn -0.71040000 0.10090000 0.69650000
vn -0.57400000 -0.59490000 0.56270000
vn -0.69280000 -0.24230000 0.67920000
vn -0.60230000 -0.31450000 0.73370000
vn -0.66980000 -0.19350000 0.71690000
vn -0.52060000 -0.59340000 0.61380000
vn -0.68030000 -0.24250000 0.69170000
vn -0.69300000 -0.24080000 0.67950000
vn -0.57430000 -0.59430000 0.56300000
vn -0.71410000 -0.00010000 0.70000000
vn -0.70120000 -0.00030000 0.71290000
vn -0.71410000 -0.00000000 0.70010000
vn -0.68030000 -0.24250000 0.69170000
vn -0.69280000 -0.24230000 0.67920000
vn -0.47360000 -0.70500000 0.52780000
vn -0.55890000 -0.54740000 0.62290000
vn -0.52060000 -0.59340000 0.61380000
vn -0.57430000 -0.59430000 0.56300000
vn -0.50490000 -0.70710000 0.49500000
vn -0.47860000 -0.70680000 0.52100000
vn -0.50500000 -0.70710000 0.49500000
vn -0.00000000 0.54630000 0.83760000
vn -0.04130000 0.69760000 0.71530000
vn -0.05620000 0.52080000 0.85180000
vn 0.00080000 0.69850000 0.71560000
vn -0.06610000 0.54530000 0.83560000
vn -0.04130000 0.69760000 0.71530000
vn -0.00000000 0.70680000 0.70740000
vn -0.00010000 0.70710000 0.70710000
vn -0.00000000 0.55660000 0.83080000
vn -0.00010000 0.70700000 0.70720000
vn 0.00080000 0.69850000 0.71560000
vn -0.00000000 0.70700000 0.70720000
vn 0.00010000 0.70700000 0.70720000
vn -0.04080000 0.70650000 0.70650000
vn -0.14100000 0.55530000 0.81960000
vn -0.05620000 0.52080000 0.85180000
vn -0.04130000 0.69760000 0.71530000
vn -0.07990000 0.70690000 0.70280000
vn -0.04080000 0.70650000 0.70650000
vn -0.02190000 0.70310000 0.71080000
vn -0.12000000 0.70700000 0.69700000
vn -0.00000000 0.33350000 0.94280000
vn -0.07370000 0.33830000 0.93820000
vn -0.00000000 0.54630000 0.83760000
vn -0.06610000 0.54530000 0.83560000
vn -0.00000000 0.33880000 0.94090000
vn -0.07370000 0.33830000 0.93820000
vn -0.24420000 0.55530000 0.79500000
vn -0.14100000 0.55530000 0.81960000
vn -0.24550000 0.55330000 0.79600000
vn -0.25660000 0.19460000 0.94670000
vn -0.09340000 0.19420000 0.97650000
vn -0.28440000 0.24860000 0.92590000
vn -0.05620000 0.52080000 0.85180000
vn -0.06610000 0.54530000 0.83560000
vn -0.12310000 0.70710000 0.69630000
vn -0.20910000 0.70480000 0.67790000
vn -0.12000000 0.70700000 0.69700000
vn -0.14100000 0.55530000 0.81960000
vn -0.24550000 0.55330000 0.79600000
vn -0.00000000 0.33880000 0.94090000
vn -0.00000000 0.14190000 0.98990000
vn -0.00000000 0.14200000 0.98990000
vn -0.09340000 0.19420000 0.97650000
vn -0.07370000 0.33830000 0.93820000
vn -0.07860000 0.14150000 0.98680000
vn -0.07940000 -0.00030000 0.99680000
vn -0.25660000 0.19460000 0.94670000
vn -0.26060000 -0.08630000 0.96160000
vn -0.07860000 0.14150000 0.98680000
vn -0.09340000 0.19420000 0.97650000
vn -0.07860000 0.14150000 0.98680000
vn -0.07940000 -0.00030000 0.99680000
vn -0.00000000 0.00010000 1.00000000
vn -0.00000000 -0.00000000 1.00000000
vn -0.00000000 0.14190000 0.98990000
vn -0.00010000 -0.00030000 1.00000000
vn -0.25980000 -0.00000000 0.96570000
vn -0.35660000 -0.00010000 0.93430000
vn -0.25660000 0.19460000 0.94670000
vn -0.34970000 0.19500000 0.91630000
vn -0.26060000 -0.08630000 0.96160000
vn -0.35800000 -0.00000000 0.93370000
vn -0.13640000 0.01410000 0.99060000
vn -0.28440000 0.24860000 0.92590000
vn -0.46800000 0.19390000 0.86220000
vn -0.34970000 0.19500000 0.91630000
vn -0.47700000 -0.00090000 0.87890000
vn -0.48320000 0.00030000 0.87550000
vn -0.46790000 0.19410000 0.86220000
vn -0.35660000 -0.00010000 0.93430000
vn -0.39840000 0.55190000 0.73260000
vn -0.39730000 0.55330000 0.73210000
vn -0.24420000 0.55530000 0.79500000
vn -0.28440000 0.24860000 0.92590000
vn -0.46790000 0.19410000 0.86220000
vn -0.34970000 0.19500000 0.91630000
vn -0.33860000 0.70540000 0.62270000
vn -0.39840000 0.55190000 0.73260000
vn -0.24420000 0.55530000 0.79500000
vn -0.24550000 0.55330000 0.79600000
vn -0.20910000 0.70480000 0.67790000
vn -0.21230000 0.70550000 0.67620000
vn -0.40140000 0.70710000 0.58210000
vn -0.39840000 0.55190000 0.73260000
vn -0.39730000 0.55330000 0.73210000
vn -0.33310000 0.70400000 0.62720000
vn -0.33860000 0.70540000 0.62270000
vn -0.47150000 0.55570000 0.68480000
vn -0.39730000 0.55330000 0.73210000
vn -0.64420000 0.19410000 0.73980000
vn -0.55520000 0.52450000 0.64550000
vn -0.56340000 0.51220000 0.64820000
vn -0.46800000 0.19390000 0.86220000
vn -0.46790000 0.19410000 0.86220000
vn -0.49170000 0.55410000 0.67170000
vn -0.47150000 0.55570000 0.68480000
vn -0.64420000 0.19410000 0.73980000
vn -0.47700000 -0.00090000 0.87890000
vn -0.60690000 0.26490000 0.74940000
vn -0.63450000 0.00070000 0.77290000
vn -0.62940000 -0.00000000 0.77710000
vn -0.59830000 0.28910000 0.74730000
vn -0.46800000 0.19390000 0.86220000
vn -0.55520000 0.52450000 0.64550000
vn -0.49170000 0.55410000 0.67170000
vn -0.47790000 0.70580000 0.52290000
vn -0.41730000 0.70700000 0.57090000
vn -0.41770000 0.70700000 0.57070000
vn -0.49900000 0.67310000 0.54590000
vn -0.49170000 0.55410000 0.67170000
vn -0.40140000 0.70710000 0.58210000
vn -0.47150000 0.55570000 0.68480000
vn -0.41770000 0.70700000 0.57070000
vn -0.39650000 0.70710000 0.58550000
vn -0.60690000 0.26490000 0.74940000
vn -0.69910000 -0.00000000 0.71510000
vn -0.62940000 -0.00000000 0.77710000
vn -0.70040000 0.00030000 0.71380000
vn -0.69680000 0.10090000 0.71020000
vn -0.60230000 -0.31450000 0.73370000
vn -0.70120000 -0.00030000 0.71290000
vn -0.63450000 0.00070000 0.77290000
vn -0.62940000 -0.00000000 0.77710000
vn -0.68030000 -0.24250000 0.69170000
vn -0.69910000 -0.00000000 0.71510000
vn -0.47360000 -0.70500000 0.52780000
vn -0.48350000 -0.55540000 0.67660000
vn -0.41010000 -0.70710000 0.57610000
vn -0.55890000 -0.54740000 0.62290000
vn -0.40180000 -0.55290000 0.72990000
vn -0.34220000 -0.70530000 0.62090000
vn -0.34190000 -0.70520000 0.62110000
vn -0.48350000 -0.55540000 0.67660000
vn -0.41010000 -0.70710000 0.57610000
vn -0.55890000 -0.54740000 0.62290000
vn -0.48350000 -0.55540000 0.67660000
vn -0.40180000 -0.55290000 0.72990000
vn -0.40200000 -0.55470000 0.72850000
vn -0.47390000 -0.19390000 0.85900000
vn -0.52060000 -0.59340000 0.61380000
vn -0.66980000 -0.19350000 0.71690000
vn -0.47400000 -0.19410000 0.85890000
vn -0.48320000 0.00030000 0.87550000
vn -0.63450000 0.00070000 0.77290000
vn -0.47390000 -0.19390000 0.85900000
vn -0.47700000 -0.00090000 0.87890000
vn -0.60230000 -0.31450000 0.73370000
vn -0.66980000 -0.19350000 0.71690000
vn -0.20800000 -0.70520000 0.67780000
vn -0.40180000 -0.55290000 0.72990000
vn -0.24440000 -0.55290000 0.79660000
vn -0.34190000 -0.70520000 0.62110000
vn -0.40200000 -0.55470000 0.72850000
vn -0.40200000 -0.55470000 0.72850000
vn -0.47400000 -0.19410000 0.85890000
vn -0.35120000 -0.19500000 0.91580000
vn -0.24440000 -0.55290000 0.79660000
vn -0.47390000 -0.19390000 0.85900000
vn -0.24930000 -0.28070000 0.92690000
vn -0.28780000 -0.19390000 0.93780000
vn -0.24440000 -0.55310000 0.79640000
vn -0.35800000 -0.00000000 0.93370000
vn -0.48320000 0.00030000 0.87550000
vn -0.47400000 -0.19410000 0.85890000
vn -0.35660000 -0.00010000 0.93430000
vn -0.35120000 -0.19500000 0.91580000
vn -0.15240000 -0.55550000 0.81740000
vn -0.28780000 -0.19390000 0.93780000
vn -0.11170000 -0.55180000 0.82650000
vn -0.24440000 -0.55310000 0.79640000
vn -0.04620000 -0.49490000 0.86770000
vn -0.08440000 -0.19420000 0.97730000
vn -0.12960000 -0.70710000 0.69510000
vn -0.20800000 -0.70520000 0.67780000
vn -0.24440000 -0.55290000 0.79660000
vn -0.20670000 -0.70550000 0.67790000
vn -0.24440000 -0.55310000 0.79640000
vn -0.15240000 -0.55550000 0.81740000
vn -0.07120000 -0.14680000 0.98660000
vn -0.08440000 -0.19420000 0.97730000
vn -0.25980000 -0.00000000 0.96570000
vn -0.13640000 0.01410000 0.99060000
vn -0.07200000 -0.00110000 0.99740000
vn -0.28780000 -0.19390000 0.93780000
vn -0.24930000 -0.28070000 0.92690000
vn -0.24930000 -0.28070000 0.92690000
vn -0.35120000 -0.19500000 0.91580000
vn -0.25980000 -0.00000000 0.96570000
vn -0.35800000 -0.00000000 0.93370000
vn -0.08440000 -0.19420000 0.97730000
vn -0.07120000 -0.14680000 0.98660000
vn -0.02830000 -0.51480000 0.85680000
vn -0.00000000 -0.14790000 0.98900000
vn 0.00090000 -0.19510000 0.98080000
vn -0.00000000 -0.51520000 0.85710000
vn -0.00150000 -0.55550000 0.83150000
vn -0.04620000 -0.49490000 0.86770000
vn -0.00000000 0.00010000 1.00000000
vn -0.07200000 -0.00110000 0.99740000
vn -0.00000000 -0.14790000 0.98900000
vn -0.07120000 -0.14680000 0.98660000
vn -0.02340000 -0.70570000 0.70810000
vn -0.00000000 -0.70710000 0.70720000
vn -0.00670000 -0.70710000 0.70710000
vn -0.00000000 -0.51520000 0.85710000
vn -0.01900000 -0.70620000 0.70780000
vn -0.02830000 -0.51480000 0.85680000
vn -0.11170000 -0.55180000 0.82650000
vn -0.02340000 -0.70570000 0.70810000
vn -0.04620000 -0.49490000 0.86770000
vn -0.04340000 -0.70700000 0.70590000
vn -0.09480000 -0.70680000 0.70110000
vn -0.02830000 -0.51480000 0.85680000
vn -0.11170000 -0.55180000 0.82650000
vn -0.09470000 -0.70680000 0.70110000
vn -0.09480000 -0.70680000 0.70110000
vn -0.12960000 -0.70710000 0.69510000
vn -0.15240000 -0.55550000 0.81740000
vn 0.11090000 0.55320000 0.82570000
vn 0.06580000 0.18390000 0.98070000
vn 0.06600000 0.33280000 0.94070000
vn 0.10980000 0.55220000 0.82640000
vn 0.11040000 0.16530000 0.98000000
vn 0.11040000 0.16520000 0.98010000
vn 0.31280000 0.46810000 0.82640000
vn 0.10980000 0.55220000 0.82640000
vn 0.13930000 0.70020000 0.70020000
vn 0.31280000 0.46820000 0.82640000
vn 0.31280000 0.46810000 0.82640000
vn 0.39660000 0.59360000 0.70020000
vn -0.00000000 0.55660000 0.83080000
vn 0.11090000 0.55320000 0.82570000
vn -0.00000000 0.70680000 0.70740000
vn -0.00000000 0.70710000 0.70710000
vn 0.10980000 0.55220000 0.82640000
vn 0.13930000 0.70020000 0.70020000
vn 0.02820000 0.14190000 0.98950000
vn -0.00000000 0.14200000 0.98990000
vn -0.00000000 0.14190000 0.98990000
vn -0.00000000 -0.00000000 1.00000000
vn 0.06580000 0.18390000 0.98070000
vn 0.02820000 0.14190000 0.98950000
vn 0.11040000 0.16530000 0.98000000
vn -0.00000000 -0.00000000 1.00000000
vn 0.06580000 0.18390000 0.98070000
vn 0.06600000 0.33280000 0.94070000
vn -0.00000000 0.33350000 0.94280000
vn 0.02820000 0.14190000 0.98950000
vn -0.00000000 0.33880000 0.94090000
vn -0.00000000 0.14200000 0.98990000
vn -0.00000000 0.33350000 0.94280000
vn 0.06600000 0.33280000 0.94070000
vn -0.00000000 0.55660000 0.83080000
vn -0.00000000 0.54630000 0.83760000
vn 0.00080000 0.69850000 0.71560000
vn 0.11090000 0.55320000 0.82570000
vn 0.13800000 0.13800000 0.98080000
vn 0.13790000 0.13790000 0.98080000
vn -0.00000000 -0.00000000 1.00000000
vn 0.11040000 0.16530000 0.98000000
vn 0.11040000 0.16520000 0.98010000
vn 0.39280000 0.39280000 0.83150000
vn 0.31280000 0.46810000 0.82640000
vn 0.31280000 0.46820000 0.82640000
vn 0.11040000 0.16520000 0.98010000
vn 0.13790000 0.13790000 0.98080000
vn 0.31280000 0.46820000 0.82640000
vn 0.50000000 0.50000000 0.70710000
vn 0.39280000 0.39280000 0.83150000
vn 0.39660000 0.59360000 0.70020000
vn -0.00150000 -0.55550000 0.83150000
vn -0.00000000 -0.51520000 0.85710000
vn -0.00000000 -0.70710000 0.70720000
vn -0.00000000 -0.70710000 0.70710000
vn 0.06950000 -0.70540000 0.70540000
vn 0.08160000 -0.55370000 0.82870000
vn -0.00150000 -0.55550000 0.83150000
vn 0.08160000 -0.55370000 0.82870000
vn 0.00090000 -0.19510000 0.98080000
vn 0.09610000 -0.19420000 0.97620000
vn 0.00090000 -0.19510000 0.98080000
vn -0.00000000 -0.00000000 1.00000000
vn 0.09620000 -0.19420000 0.97620000
vn 0.09610000 -0.19420000 0.97620000
vn -0.00000000 0.00010000 1.00000000
vn -0.00000000 -0.14790000 0.98900000
vn 0.09800000 0.01050000 0.99510000
vn 0.12400000 -0.00000000 0.99230000
vn 0.63440000 -0.00000000 0.77300000
vn 0.62230000 -0.19420000 0.75830000
vn 0.70710000 -0.00000000 0.70710000
vn 0.69350000 -0.19510000 0.69350000
vn 0.60230000 -0.19360000 0.77440000
vn 0.69350000 -0.19510000 0.69350000
vn 0.70710000 -0.00000000 0.70710000
vn 0.63440000 -0.00000000 0.77300000
vn 0.61390000 0.00830000 0.78930000
vn 0.63440000 -0.00000000 0.77300000
vn 0.47140000 -0.00610000 0.88190000
vn 0.46240000 -0.19420000 0.86510000
vn 0.62230000 -0.19420000 0.75830000
vn 0.61390000 0.00830000 0.78930000
vn 0.61390000 0.00830000 0.78930000
vn 0.44820000 -0.00000000 0.89400000
vn 0.47140000 -0.00610000 0.88190000
vn 0.44120000 -0.17540000 0.88010000
vn 0.60230000 -0.19360000 0.77440000
vn 0.59970000 -0.17460000 0.78090000
vn 0.28480000 -0.19420000 0.93870000
vn 0.46240000 -0.19420000 0.86510000
vn 0.44820000 -0.00000000 0.89400000
vn 0.29030000 -0.00000000 0.95690000
vn 0.47140000 -0.00610000 0.88190000
vn 0.44820000 -0.00000000 0.89400000
vn 0.44120000 -0.17540000 0.88010000
vn 0.31280000 0.12290000 0.94180000
vn 0.31520000 -0.00830000 0.94900000
vn 0.29030000 -0.00000000 0.95690000
vn 0.09620000 -0.19420000 0.97620000
vn 0.28480000 -0.19420000 0.93870000
vn 0.31520000 -0.00830000 0.94900000
vn 0.09800000 0.01050000 0.99510000
vn 0.29030000 -0.00000000 0.95690000
vn 0.09800000 0.01050000 0.99510000
vn 0.31520000 -0.00830000 0.94900000
vn 0.12400000 -0.00000000 0.99230000
vn 0.31280000 0.12290000 0.94180000
vn 0.20340000 -0.17570000 0.96320000
vn 0.37680000 -0.17400000 0.90980000
vn 0.11980000 -0.25780000 0.95870000
vn 0.11980000 -0.25780000 0.95870000
vn -0.00000000 -0.00000000 1.00000000
vn 0.12400000 -0.00000000 0.99230000
vn -0.00010000 -0.00030000 1.00000000
vn 0.08640000 -0.16750000 0.98210000
vn -0.00000000 -0.70710000 0.70710000
vn 0.09950000 -0.98880000 0.11160000
vn 0.14580000 -0.69950000 0.69960000
vn -0.00000000 -1.00000000 -0.00000000
vn 0.07780000 -0.61180000 0.78720000
vn 0.14580000 -0.69950000 0.69960000
vn -0.00000000 0.00010000 1.00000000
vn -0.00000000 -0.00000000 1.00000000
vn -0.00000000 -0.70710000 0.70710000
vn 0.09950000 -0.98880000 0.11160000
vn 0.11880000 -0.98040000 0.15690000
vn 0.20730000 -0.81990000 0.53360000
vn 0.35080000 -0.83000000 0.43350000
vn 0.32640000 -0.84700000 0.41970000
vn 0.19030000 -0.52970000 0.82650000
vn 0.07780000 -0.61180000 0.78720000
vn 0.14580000 -0.69950000 0.69960000
vn 0.21880000 -0.52160000 0.82460000
vn 0.07780000 -0.61180000 0.78720000
vn -0.00000000 0.00010000 1.00000000
vn 0.12060000 -0.37080000 0.92080000
vn 0.19030000 -0.52970000 0.82650000
vn -0.00000000 -0.00000000 1.00000000
vn -0.00000000 -0.00000000 1.00000000
vn 0.07980000 -0.16800000 0.98260000
vn 0.08640000 -0.16750000 0.98210000
vn 0.08640000 -0.16750000 0.98210000
vn 0.11980000 -0.25780000 0.95870000
vn 0.07980000 -0.16800000 0.98260000
vn 0.20340000 -0.17570000 0.96320000
vn 0.19600000 -0.39240000 0.89870000
vn 0.15860000 -0.27030000 0.94960000
vn 0.07980000 -0.16800000 0.98260000
vn 0.15860000 -0.27030000 0.94960000
vn 0.15310000 -0.35800000 0.92110000
vn -0.00000000 -0.00000000 1.00000000
vn 0.21880000 -0.52160000 0.82460000
vn 0.26150000 -0.81830000 0.51180000
vn 0.35680000 -0.53720000 0.76430000
vn 0.15310000 -0.35800000 0.92110000
vn 0.12060000 -0.37080000 0.92080000
vn 0.30500000 -0.60410000 0.73620000
vn 0.19600000 -0.39240000 0.89870000
vn 0.15860000 -0.27030000 0.94960000
vn -0.00000000 -0.00000000 1.00000000
vn 0.15310000 -0.35800000 0.92110000
vn 0.12060000 -0.37080000 0.92080000
vn 0.26150000 -0.81830000 0.51180000
vn 0.21880000 -0.52160000 0.82460000
vn 0.19030000 -0.52970000 0.82650000
vn 0.20730000 -0.81990000 0.53360000
vn -0.13930000 -0.70020000 0.70020000
vn -0.00000000 -0.00000000 1.00000000
vn -0.00000000 -0.70710000 0.70710000
vn -0.13930000 -0.70020000 0.70020000
vn -0.00000000 -0.00000000 1.00000000
vn -0.39660000 -0.59360000 0.70020000
vn -0.00000000 -0.00000000 1.00000000
vn 0.19030000 0.22100000 0.95650000
vn -0.00000000 0.14190000 0.98990000
vn 0.19510000 -0.00000000 0.98080000
vn -0.08870000 0.14140000 0.98600000
vn 0.55560000 -0.00000000 0.83150000
vn 0.70350000 0.10090000 0.70350000
vn 0.55170000 0.11840000 0.82560000
vn 0.70710000 -0.00000000 0.70710000
vn 0.70020000 0.13930000 0.70020000
vn 0.55560000 -0.00000000 0.83150000
vn 0.70710000 -0.00000000 0.70710000
vn 0.55220000 0.10990000 0.82640000
vn 0.19510000 -0.00000000 0.98080000
vn 0.55220000 0.10990000 0.82640000
vn 0.55220000 0.10980000 0.82640000
vn 0.55560000 -0.00000000 0.83150000
vn 0.19490000 0.03880000 0.98000000
vn 0.55170000 0.11840000 0.82560000
vn 0.55560000 -0.00000000 0.83150000
vn 0.66050000 0.16900000 0.73150000
vn 0.19510000 -0.00000000 0.98080000
vn 0.19030000 0.22100000 0.95650000
vn 0.19490000 0.03880000 0.98000000
vn -0.00000000 -0.00000000 1.00000000
vn 0.19510000 -0.00000000 0.98080000
vn 0.16530000 0.11040000 0.98000000
vn -0.00000000 -0.00000000 1.00000000
vn 0.13800000 0.13800000 0.98080000
vn 0.16530000 0.11040000 0.98000000
vn -0.00000000 -0.00000000 1.00000000
vn 0.19490000 0.03880000 0.98000000
vn 0.13790000 0.13790000 0.98080000
vn 0.13800000 0.13800000 0.98080000
vn 0.46810000 0.31280000 0.82640000
vn 0.39280000 0.39280000 0.83150000
vn 0.16530000 0.11040000 0.98000000
vn 0.16530000 0.11040000 0.98000000
vn 0.46810000 0.31280000 0.82640000
vn 0.55220000 0.10980000 0.82640000
vn 0.19490000 0.03880000 0.98000000
vn 0.59360000 0.39670000 0.70020000
vn 0.39280000 0.39280000 0.83150000
vn 0.46810000 0.31280000 0.82640000
vn 0.50000000 0.50000000 0.70710000
vn 0.70020000 0.13930000 0.70020000
vn 0.46810000 0.31280000 0.82640000
vn 0.55220000 0.10980000 0.82640000
vn 0.59360000 0.39670000 0.70020000
vn 0.59360000 0.39660000 0.70020000
vn 0.55220000 0.10990000 0.82640000
vn 0.39660000 0.59360000 0.70020000
vn 0.16320000 0.82030000 0.54810000
vn 0.13930000 0.70020000 0.70020000
vn 0.46470000 0.69540000 0.54810000
vn 0.19150000 0.96260000 0.19150000
vn 0.16320000 0.82030000 0.54810000
vn 0.46470000 0.69540000 0.54810000
vn 0.54530000 0.81610000 0.19150000
vn -0.94860000 -0.25420000 -0.18870000
vn -0.96590000 -0.25880000 -0.00010000
vn -0.94860000 -0.25410000 -0.18870000
vn -1.00000000 -0.00000000 -0.00000000
vn -0.98080000 -0.00000000 -0.19510000
vn -0.96590000 -0.25880000 -0.00010000
vn -0.98290000 -0.18430000 0.00690000
vn -1.00000000 -0.00010000 0.00010000
vn -0.98150000 -0.18410000 0.05300000
vn -1.00000000 -0.00000000 -0.00000000
vn -0.99640000 0.05470000 0.06410000
vn -0.83150000 -0.00000000 -0.55560000
vn -0.98080000 -0.00000000 -0.19510000
vn -0.80420000 -0.25410000 -0.53730000
vn -0.80420000 -0.25420000 -0.53730000
vn -0.94860000 -0.25410000 -0.18870000
vn -0.53730000 -0.25420000 -0.80420000
vn -0.53730000 -0.25410000 -0.80420000
vn -0.55560000 -0.00000000 -0.83150000
vn -0.80420000 -0.25410000 -0.53730000
vn -0.83150000 -0.00000000 -0.55560000
vn -0.55560000 -0.00000000 -0.83150000
vn -0.19510000 -0.00000000 -0.98080000
vn -0.19320000 -0.13930000 -0.97120000
vn -0.16810000 -0.25310000 -0.95270000
vn -0.53730000 -0.25410000 -0.80420000
vn -0.19510000 -0.00000000 -0.98080000
vn -0.00000000 -0.14200000 -0.98990000
vn -0.00000000 -0.14080000 -0.99000000
vn -0.00000000 -0.00000000 -1.00000000
vn -0.19320000 -0.13930000 -0.97120000
vn 0.06580000 -0.14100000 -0.98780000
vn 0.05960000 -0.08290000 -0.99480000
vn -0.00000000 -0.14080000 -0.99000000
vn -0.00000000 -0.00000000 -1.00000000
vn 0.06570000 0.05520000 -0.99630000
vn 0.15270000 -0.08330000 -0.98480000
vn 0.16660000 0.13990000 -0.97600000
vn 0.05960000 -0.08290000 -0.99480000
vn 0.06320000 0.05380000 -0.99650000
vn 0.06570000 0.05520000 -0.99630000
vn 0.16660000 0.13990000 -0.97600000
vn 0.15270000 -0.08330000 -0.98480000
vn 0.16430000 -0.07950000 -0.98320000
vn 0.17720000 0.14850000 -0.97290000
vn 0.17720000 0.14850000 -0.97290000
vn 0.16430000 -0.07950000 -0.98320000
vn 0.20530000 -0.05290000 -0.97730000
vn 0.21670000 0.18020000 -0.95950000
vn 0.30480000 -0.01770000 -0.95230000
vn 0.20530000 -0.05290000 -0.97730000
vn 0.21670000 0.18020000 -0.95950000
vn 0.21880000 -0.01780000 -0.97560000
vn 0.28770000 0.22850000 -0.93010000
vn 0.28230000 0.06240000 -0.95730000
vn 0.24550000 0.20610000 -0.94720000
vn 0.35770000 0.05710000 -0.93210000
vn 0.28770000 0.22850000 -0.93010000
vn 0.28230000 0.06240000 -0.95730000
vn 0.35420000 0.29770000 -0.88650000
vn 0.39360000 0.12840000 -0.91030000
vn 0.39310000 0.33030000 -0.85810000
vn 0.35770000 0.05710000 -0.93210000
vn 0.35420000 0.29770000 -0.88650000
vn 0.35380000 0.29740000 -0.88680000
vn 0.40230000 0.12060000 -0.90750000
vn 0.40230000 0.12060000 -0.90750000
vn 0.45190000 0.30110000 -0.83970000
vn 0.44390000 0.37010000 -0.81610000
vn 0.48110000 0.11750000 -0.86880000
vn 0.39310000 0.33030000 -0.85810000
vn 0.49920000 0.06440000 -0.86410000
vn 0.53260000 0.42240000 -0.73340000
vn 0.45190000 0.30110000 -0.83970000
vn 0.55340000 0.30100000 -0.77660000
vn 0.44390000 0.37010000 -0.81610000
vn 0.53260000 0.42240000 -0.73340000
vn 0.62370000 0.37060000 -0.68830000
vn 0.55410000 0.36970000 -0.74580000
vn 0.63550000 0.34520000 -0.69070000
vn 0.55340000 0.30100000 -0.77660000
vn 0.59550000 0.48570000 -0.63990000
vn 0.42950000 0.38000000 -0.81920000
vn 0.56210000 0.47250000 -0.67880000
vn 0.61230000 0.51450000 -0.60030000
vn 0.59550000 0.48570000 -0.63990000
vn 0.63550000 0.34520000 -0.69070000
vn 0.67010000 0.34530000 -0.65700000
vn 0.61230000 0.51460000 -0.60020000
vn 0.70110000 0.35010000 -0.62120000
vn 0.67010000 0.34530000 -0.65700000
vn 0.61230000 0.51450000 -0.60030000
vn 0.66880000 0.35040000 -0.65570000
vn 0.68730000 0.47270000 -0.55160000
vn 0.65070000 0.48620000 -0.58320000
vn 0.81780000 0.30390000 -0.48870000
vn 0.81910000 0.30440000 -0.48620000
vn 0.78930000 0.38540000 -0.47790000
vn 0.79130000 0.38420000 -0.47550000
vn 0.82440000 0.36260000 -0.43470000
vn 0.79130000 0.38420000 -0.47550000
vn 0.81910000 0.30440000 -0.48620000
vn 0.83900000 0.32080000 -0.43940000
vn 0.86800000 0.11580000 -0.48290000
vn 0.91840000 0.13580000 -0.37160000
vn 0.82440000 0.36260000 -0.43470000
vn 0.87660000 0.31310000 -0.36530000
vn 0.83900000 0.32080000 -0.43940000
vn 0.91690000 0.09060000 -0.38880000
vn 0.91840000 0.13580000 -0.37160000
vn 0.94190000 0.06750000 -0.32900000
vn 0.94760000 0.20940000 -0.24150000
vn 0.90210000 0.28080000 -0.32760000
vn 0.90960000 0.25420000 -0.32860000
vn 0.87660000 0.31310000 -0.36530000
vn 0.74340000 0.41060000 -0.52790000
vn 0.65070000 0.48620000 -0.58320000
vn 0.83850000 0.36720000 -0.40260000
vn 0.65080000 0.58910000 -0.47890000
vn 0.70110000 0.35010000 -0.62120000
vn 0.74370000 0.30160000 -0.59650000
vn 0.74340000 0.41060000 -0.52790000
vn 0.78930000 0.38540000 -0.47790000
vn 0.81780000 0.30390000 -0.48870000
vn 0.65080000 0.58910000 -0.47890000
vn 0.97560000 0.00260000 -0.21980000
vn 0.96060000 0.00240000 -0.27790000
vn 0.97910000 -0.08030000 -0.18700000
vn 0.94470000 0.16500000 -0.28330000
vn 0.97010000 0.13280000 -0.20300000
vn 0.96060000 0.00240000 -0.27790000
vn 0.94470000 0.16500000 -0.28330000
vn 0.94980000 0.07130000 -0.30460000
vn 0.99200000 0.10850000 -0.06520000
vn 0.90960000 0.25420000 -0.32860000
vn 0.94190000 0.06750000 -0.32900000
vn 0.97010000 0.13280000 -0.20300000
vn 0.98140000 0.10810000 -0.15850000
vn 0.98700000 -0.08030000 -0.13930000
vn 0.97910000 -0.08030000 -0.18700000
vn 0.99640000 0.05510000 -0.06430000
vn 0.98140000 0.10810000 -0.15850000
vn 0.99570000 -0.07100000 -0.05880000
vn 0.98700000 -0.08030000 -0.13930000
vn 0.98360000 -0.18030000 0.00030000
vn 0.99640000 0.05510000 -0.06430000
vn 1.00000000 -0.00000000 -0.00000000
vn 0.99570000 -0.07100000 -0.05880000
vn 0.98110000 -0.18030000 -0.07020000
vn 0.98080000 -0.00000000 0.19510000
vn 0.98360000 -0.18030000 0.00030000
vn 0.96260000 -0.19140000 0.19150000
vn 0.96260000 -0.19150000 0.19150000
vn 0.98080000 -0.19510000 -0.00300000
vn 1.00000000 -0.00000000 -0.00000000
vn 0.96260000 -0.19140000 0.19150000
vn 0.98440000 0.00380000 0.17580000
vn 0.83150000 -0.00420000 0.55560000
vn 0.81610000 -0.19150000 0.54530000
vn 0.98080000 -0.00000000 0.19510000
vn 0.55560000 -0.00000000 0.83150000
vn 0.54530000 -0.19150000 0.81610000
vn 0.84220000 -0.00000000 0.53910000
vn 0.83150000 -0.00420000 0.55560000
vn 0.81610000 -0.19150000 0.54530000
vn 0.53910000 -0.00380000 0.84220000
vn 0.19150000 -0.19150000 0.96260000
vn 0.54530000 -0.19150000 0.81610000
vn 0.19510000 0.00350000 0.98080000
vn 0.55560000 -0.00000000 0.83150000
vn 0.17580000 -0.00000000 0.98440000
vn -0.00000000 -0.00000000 1.00000000
vn -0.00000000 -0.09730000 0.99530000
vn 0.19150000 -0.19150000 0.96260000
vn -0.00030000 -0.17240000 0.98500000
vn 0.19510000 0.00350000 0.98080000
vn 0.18680000 -0.16930000 0.96770000
vn -0.00000000 0.00020000 1.00000000
vn -0.00000000 -0.09730000 0.99530000
vn -0.00000000 0.00020000 1.00000000
vn -0.05890000 -0.09710000 0.99350000
vn -0.06370000 0.05370000 0.99650000
vn -0.05760000 -0.08480000 0.99470000
vn -0.15030000 -0.08530000 0.98500000
vn -0.06320000 0.05340000 0.99660000
vn -0.06370000 0.05370000 0.99650000
vn -0.05760000 -0.08480000 0.99470000
vn -0.16450000 0.13810000 0.97670000
vn -0.16350000 -0.08040000 0.98330000
vn -0.15030000 -0.08530000 0.98500000
vn -0.16450000 0.13810000 0.97670000
vn -0.17640000 0.14790000 0.97320000
vn -0.20490000 -0.05010000 0.97750000
vn -0.16350000 -0.08040000 0.98330000
vn -0.21610000 0.17960000 0.95970000
vn -0.17640000 0.14790000 0.97320000
vn -0.28180000 0.06330000 0.95740000
vn -0.30390000 -0.01760000 0.95250000
vn -0.21720000 -0.01770000 0.97600000
vn -0.28710000 0.22810000 0.93030000
vn -0.21610000 0.17960000 0.95970000
vn -0.20490000 -0.05010000 0.97750000
vn -0.28710000 0.22810000 0.93030000
vn -0.28180000 0.06330000 0.95740000
vn -0.35770000 0.05850000 0.93200000
vn -0.35420000 0.29760000 0.88660000
vn -0.24550000 0.20610000 0.94720000
vn -0.35770000 0.05850000 0.93200000
vn -0.39380000 0.13100000 0.90980000
vn -0.39360000 0.33070000 0.85780000
vn -0.35380000 0.29740000 0.88680000
vn -0.40280000 0.12260000 0.90700000
vn -0.35420000 0.29760000 0.88660000
vn -0.39360000 0.33070000 0.85780000
vn -0.40280000 0.12260000 0.90700000
vn -0.49940000 0.07480000 0.86310000
vn -0.48470000 0.11960000 0.86650000
vn -0.45340000 0.30180000 0.83870000
vn -0.44530000 0.37110000 0.81480000
vn -0.55570000 0.30180000 0.77470000
vn -0.53470000 0.42330000 0.73140000
vn -0.44530000 0.37110000 0.81480000
vn -0.45340000 0.30180000 0.83870000
vn -0.42950000 0.38040000 0.81910000
vn -0.53470000 0.42330000 0.73140000
vn -0.55650000 0.37110000 0.74340000
vn -0.62810000 0.36940000 0.68490000
vn -0.63210000 0.36090000 0.68580000
vn -0.59560000 0.48580000 0.63970000
vn -0.55570000 0.30180000 0.77470000
vn -0.66580000 0.36150000 0.65270000
vn -0.61230000 0.51450000 0.60030000
vn -0.61230000 0.51460000 0.60020000
vn -0.56210000 0.47250000 0.67880000
vn -0.59560000 0.48580000 0.63970000
vn -0.63210000 0.36090000 0.68580000
vn -0.63720000 0.45110000 0.62490000
vn -0.68510000 0.28550000 0.67020000
vn -0.63720000 0.45110000 0.62490000
vn -0.68730000 0.47270000 0.55160000
vn -0.61230000 0.51450000 0.60030000
vn -0.65100000 0.48610000 0.58300000
vn -0.65430000 0.45100000 0.60700000
vn -0.69510000 0.37020000 0.61630000
vn -0.99640000 0.05470000 0.06410000
vn -0.97100000 0.13120000 0.20000000
vn -0.98150000 -0.18410000 0.05300000
vn -0.97940000 -0.08400000 0.18340000
vn -0.99370000 -0.08380000 0.07380000
vn -0.74420000 0.41030000 0.52710000
vn -0.69510000 0.37020000 0.61630000
vn -0.83860000 0.36700000 0.40260000
vn -0.65100000 0.48610000 0.58300000
vn -0.78200000 0.30310000 0.54460000
vn -0.75010000 0.37330000 0.54590000
vn -0.78200000 0.30310000 0.54460000
vn -0.81900000 0.30370000 0.48690000
vn -0.74420000 0.41030000 0.52710000
vn -0.79080000 0.38470000 0.47620000
vn -0.82440000 0.36260000 0.43470000
vn -0.79080000 0.38470000 0.47620000
vn -0.81900000 0.30370000 0.48690000
vn -0.84020000 0.31720000 0.43980000
vn -0.82440000 0.36260000 0.43470000
vn -0.87660000 0.31310000 0.36530000
vn -0.84020000 0.31720000 0.43980000
vn -0.86810000 0.11890000 0.48190000
vn -0.91890000 0.13240000 0.37160000
vn -0.90210000 0.28080000 0.32760000
vn -0.94760000 0.20930000 0.24150000
vn -0.87660000 0.31310000 0.36530000
vn -0.90960000 0.25420000 0.32860000
vn -0.91740000 0.09300000 0.38690000
vn -0.94200000 0.06630000 0.32900000
vn -0.91890000 0.13240000 0.37160000
vn -0.94200000 0.06630000 0.32900000
vn -0.95080000 0.06840000 0.30210000
vn -0.96100000 0.00010000 0.27650000
vn -0.94520000 0.16450000 0.28200000
vn -0.90960000 0.25420000 0.32860000
vn -0.99200000 0.10810000 0.06450000
vn -0.96100000 0.00010000 0.27650000
vn -0.94520000 0.16450000 0.28200000
vn -0.97100000 0.13120000 0.20000000
vn -0.97940000 -0.08400000 0.18340000
vn -0.97630000 0.00040000 0.21660000
vn 1.00000000 -0.00000000 -0.00000000
vn -0.00000000 0.06040000 0.99820000
vn 0.05140000 0.02300000 0.99840000
vn -0.00000000 0.43780000 0.89910000
vn -0.00000000 0.43780000 0.89910000
vn -0.00000000 0.76320000 0.64610000
vn 1.00000000 -0.00000000 -0.00000000
vn -0.00000000 0.76320000 0.64610000
vn 1.00000000 -0.00000000 -0.00000000
vn -0.00000000 0.97830000 0.20730000
vn -0.00000000 0.95970000 -0.28100000
vn -0.00000000 0.97830000 0.20730000
vn 1.00000000 -0.00000000 -0.00000000
vn 1.00000000 -0.00000000 -0.00000000
vn -0.00000000 0.71200000 -0.70220000
vn -0.00000000 0.95970000 -0.28100000
vn -0.00000000 0.29420000 -0.95580000
vn -0.00000000 0.71200000 -0.70220000
vn 1.00000000 -0.00000000 -0.00000000
vn -0.00000000 -0.11630000 -0.99320000
vn 1.00000000 -0.00000000 -0.00000000
vn -0.00000000 0.29420000 -0.95580000
vn 1.00000000 -0.00000000 -0.00000000
vn 0.05140000 -0.51910000 -0.85310000
vn -0.00000000 -0.11630000 -0.99320000
vn -0.00000000 -0.48750000 -0.87310000
vn 1.00000000 -0.00000000 -0.00000000
vn -0.00000000 0.06040000 0.99820000
vn 0.05140000 0.02300000 0.99840000
vn -0.00000000 0.43780000 0.89910000
vn -0.00000000 0.76320000 0.64610000
vn -0.00000000 0.43780000 0.89910000
vn 1.00000000 -0.00000000 -0.00000000
vn 1.00000000 -0.00000000 -0.00000000
vn -0.00000000 0.76320000 0.64610000
vn -0.00000000 0.97830000 0.20730000
vn -0.00000000 0.97830000 0.20730000
vn 1.00000000 -0.00000000 -0.00000000
vn -0.00000000 0.95970000 -0.28100000
vn -0.00000000 0.71190000 -0.70220000
vn 1.00000000 -0.00000000 -0.00000000
vn -0.00000000 0.95970000 -0.28100000
vn 1.00000000 -0.00000000 -0.00000000
vn -0.00000000 0.29420000 -0.95570000
vn -0.00000000 0.71190000 -0.70220000
vn -0.00000000 -0.11630000 -0.99320000
vn 1.00000000 -0.00000000 -0.00000000
vn -0.00000000 0.29420000 -0.95570000
vn 0.05140000 -0.51910000 -0.85310000
vn 1.00000000 -0.00000000 -0.00000000
vn -0.00000000 -0.11630000 -0.99320000
vn -0.00000000 -0.48750000 -0.87310000
vn -0.00000000 0.06040000 0.99820000
vn 0.05140000 0.02300000 0.99840000
vn 1.00000000 -0.00000000 -0.00000000
vn -0.00000000 0.43780000 0.89910000
vn 1.00000000 -0.00000000 -0.00000000
vn -0.00000000 0.43780000 0.89910000
vn -0.00000000 0.76320000 0.64610000
vn -0.00000000 0.76320000 0.64610000
vn 1.00000000 -0.00000000 -0.00000000
vn -0.00000000 0.97830000 0.20730000
vn -0.00000000 0.97830000 0.20730000
vn -0.00000000 0.95970000 -0.28100000
vn 1.00000000 -0.00000000 -0.00000000
vn 1.00000000 -0.00000000 -0.00000000
vn -0.00000000 0.95970000 -0.28100000
vn -0.00000000 0.71190000 -0.70220000
vn -0.00000000 0.71190000 -0.70220000
vn -0.00000000 0.29420000 -0.95580000
vn 1.00000000 -0.00000000 -0.00000000
vn 1.00000000 -0.00000000 -0.00000000
vn -0.00000000 0.29420000 -0.95580000
vn -0.00000000 -0.11630000 -0.99320000
vn -0.00000000 -0.48750000 -0.87310000
vn 1.00000000 -0.00000000 -0.00000000
vn -0.00000000 -0.11630000 -0.99320000
vn 0.05140000 -0.51910000 -0.85320000
vn 0.72470000 -0.02650000 0.68860000
vn -0.00000000 -0.05550000 -0.99850000
vn 0.02210000 -0.27680000 -0.96070000
vn -0.04180000 -0.99910000 -0.00000000
vn 0.00390000 -0.98090000 -0.19420000
vn -0.00000000 -0.99770000 0.06780000
vn -1.00000000 -0.00000000 -0.00000000
vn -0.00600000 -0.93300000 -0.36000000
vn 0.00390000 -0.98090000 -0.19420000
vn -0.00600000 -0.93300000 -0.36000000
vn 0.02250000 -0.88040000 -0.47370000
vn -0.01880000 -0.55080000 -0.83440000
vn 0.02210000 -0.27680000 -0.96070000
vn -0.00000000 -0.94030000 0.34030000
vn -0.00000000 -0.98400000 0.17810000
vn -0.00000000 -0.94030000 0.34030000
vn -1.00000000 -0.00000000 -0.00000000
vn -0.98070000 0.19500000 0.01180000
vn -0.98070000 0.19500000 0.01180000
vn -0.98070000 0.19500000 0.01180000
vn -0.00000000 -0.98400000 0.17810000
vn -0.00000000 -0.99770000 -0.06790000
vn -0.04180000 -0.99910000 -0.00000000
vn -0.00000000 -0.05550000 0.99850000
vn -0.02160000 -0.16750000 0.98560000
vn -0.79700000 -0.60310000 -0.03360000
vn 0.81120000 0.06710000 0.58100000
vn 0.81120000 0.06710000 0.58100000
vn 0.72470000 -0.02650000 0.68860000
vn 0.71690000 0.00170000 0.69720000
vn 0.81120000 0.06710000 0.58100000
vn 0.71690000 0.00170000 0.69720000
vn 0.72470000 -0.02650000 0.68860000
vn 0.71690000 0.00170000 0.69720000
vn 0.58480000 -0.29180000 -0.75680000
vn 0.67610000 -0.29400000 -0.67560000
vn 0.67980000 -0.27520000 -0.67980000
vn 0.70340000 -0.10190000 -0.70340000
vn 0.61340000 -0.17420000 -0.77030000
vn 0.61020000 -0.10110000 -0.78570000
vn 0.44050000 -0.17540000 -0.88040000
vn 0.35610000 -0.53720000 -0.76460000
vn 0.58480000 -0.29180000 -0.75680000
vn 0.61340000 -0.17420000 -0.77030000
vn 0.38040000 -0.02540000 -0.92450000
vn 0.52260000 -0.53580000 -0.66320000
vn 0.34790000 -0.40480000 -0.84560000
vn 0.26760000 -0.64650000 -0.71440000
vn 0.58710000 -0.55560000 -0.58880000
vn 0.67610000 -0.29400000 -0.67560000
vn 0.52260000 -0.53580000 -0.66320000
vn 0.51120000 -0.55260000 -0.65830000
vn 0.58480000 -0.29180000 -0.75680000
vn 0.20730000 -0.81860000 -0.53560000
vn 0.26150000 -0.81780000 -0.51260000
vn 0.52260000 -0.53580000 -0.66320000
vn 0.32550000 -0.84760000 -0.41910000
vn 0.51120000 -0.55260000 -0.65830000
vn 0.35610000 -0.53720000 -0.76460000
vn 0.58710000 -0.55560000 -0.58880000
vn 0.51120000 -0.55260000 -0.65830000
vn 0.35080000 -0.83000000 -0.43350000
vn 0.59550000 -0.53910000 -0.59550000
vn 0.32550000 -0.84760000 -0.41910000
vn 0.39280000 -0.83150000 -0.39280000
vn 0.13000000 -0.98070000 -0.14590000
vn 0.35080000 -0.83000000 -0.43350000
vn 0.38050000 -0.84220000 -0.38200000
vn 0.10230000 -0.98530000 -0.13710000
vn 0.39280000 -0.83150000 -0.39280000
vn 0.13860000 -0.98080000 -0.13730000
vn 0.13000000 -0.98070000 -0.14590000
vn -0.00000000 -1.00000000 -0.00010000
vn 0.13860000 -0.98080000 -0.13730000
vn 0.12430000 -0.98440000 -0.12430000
vn -0.00000000 -1.00000000 -0.00000000
vn 0.13260000 -0.17480000 -0.97560000
vn 0.34790000 -0.40480000 -0.84560000
vn 0.18400000 -0.40340000 -0.89630000
vn 0.30890000 -0.17530000 -0.93480000
vn 0.38040000 -0.02540000 -0.92450000
vn 0.67980000 -0.27520000 -0.67980000
vn 0.67610000 -0.29400000 -0.67560000
vn 0.59550000 -0.53910000 -0.59550000
vn 0.66630000 -0.53620000 -0.51820000
vn 0.75930000 -0.27320000 -0.59060000
vn 0.58710000 -0.55560000 -0.58880000
vn 0.42790000 -0.84030000 -0.33280000
vn 0.39280000 -0.83150000 -0.39280000
vn 0.38050000 -0.84220000 -0.38200000
vn 0.66630000 -0.53620000 -0.51820000
vn 0.59550000 -0.53910000 -0.59550000
vn 0.13980000 -0.98420000 -0.10870000
vn 0.13860000 -0.98080000 -0.13730000
vn 0.12430000 -0.98440000 -0.12430000
vn 0.42790000 -0.84030000 -0.33280000
vn 0.38050000 -0.84220000 -0.38200000
vn 0.12430000 -0.98440000 -0.12430000
vn -0.00000000 -1.00000000 -0.00000000
vn 0.13980000 -0.98420000 -0.10870000
vn 0.70710000 -0.00000000 -0.70710000
vn 0.77240000 -0.10140000 -0.62700000
vn 0.70340000 -0.10190000 -0.70340000
vn 0.77720000 -0.17450000 -0.60450000
vn 0.78930000 0.00830000 -0.61390000
vn 0.77300000 -0.00000000 -0.63440000
vn 0.77240000 -0.10140000 -0.62700000
vn 0.75930000 -0.27320000 -0.59060000
vn 0.70340000 -0.10190000 -0.70340000
vn 0.67980000 -0.27520000 -0.67980000
vn 0.88010000 -0.17540000 -0.44120000
vn 0.89400000 -0.00000000 -0.44810000
vn 0.93430000 -0.17540000 -0.31030000
vn 0.95690000 -0.00000000 -0.29030000
vn 0.92350000 -0.02720000 -0.38250000
vn 0.94900000 -0.00830000 -0.31520000
vn 0.77720000 -0.17450000 -0.60450000
vn 0.88010000 -0.17540000 -0.44120000
vn 0.89400000 -0.00000000 -0.44810000
vn 0.78930000 0.00830000 -0.61390000
vn 0.88190000 -0.00610000 -0.47140000
vn 0.75930000 -0.27320000 -0.59060000
vn 0.92350000 -0.02720000 -0.38250000
vn 0.88010000 -0.17540000 -0.44120000
vn 0.77720000 -0.17450000 -0.60450000
vn 0.77240000 -0.10140000 -0.62700000
vn 0.66630000 -0.53620000 -0.51820000
vn 0.78050000 -0.53520000 -0.32330000
vn 0.78050000 -0.53520000 -0.32330000
vn 0.78040000 -0.53520000 -0.32330000
vn 0.92350000 -0.02720000 -0.38250000
vn 0.97710000 -0.17450000 -0.12210000
vn 0.93430000 -0.17540000 -0.31030000
vn 0.83760000 -0.53620000 -0.10470000
vn 0.97710000 -0.17450000 -0.12210000
vn 0.93430000 -0.17540000 -0.31030000
vn 0.99510000 0.01050000 -0.09800000
vn 0.94900000 -0.00830000 -0.31520000
vn 0.99230000 -0.00000000 -0.12400000
vn 0.98440000 -0.17580000 -0.00000000
vn 0.97710000 -0.17450000 -0.12210000
vn 0.84220000 -0.53910000 -0.00000000
vn 0.83760000 -0.53620000 -0.10470000
vn 1.00000000 -0.00000000 -0.00000000
vn 0.99230000 -0.00000000 -0.12400000
vn 0.97710000 -0.17450000 -0.12210000
vn 0.98440000 -0.17580000 -0.00000000
vn 0.78040000 -0.53520000 -0.32330000
vn 0.50180000 -0.83960000 -0.20780000
vn 0.83760000 -0.53620000 -0.10470000
vn 0.53790000 -0.84030000 -0.06720000
vn 0.50180000 -0.83970000 -0.20780000
vn 0.53910000 -0.84220000 -0.00000000
vn 0.84220000 -0.53910000 -0.00000000
vn 0.53790000 -0.84030000 -0.06720000
vn 0.83760000 -0.53620000 -0.10470000
vn 0.16410000 -0.98410000 -0.06800000
vn 0.17580000 -0.98420000 -0.02200000
vn 0.50180000 -0.83960000 -0.20780000
vn 0.53790000 -0.84030000 -0.06720000
vn 0.17580000 -0.98420000 -0.02200000
vn 0.17580000 -0.98440000 -0.00000000
vn 0.53790000 -0.84030000 -0.06720000
vn 0.53910000 -0.84220000 -0.00000000
vn 0.17580000 -0.98420000 -0.02200000
vn -0.00000000 -1.00000000 -0.00000000
vn 0.16410000 -0.98410000 -0.06800000
vn -0.00000000 -1.00000000 -0.00000000
vn 0.17580000 -0.98420000 -0.02200000
vn 0.17580000 -0.98440000 -0.00000000
vn -0.00000000 -1.00000000 -0.00000000
vn 0.16410000 -0.98410000 -0.06800000
vn 0.13980000 -0.98420000 -0.10870000
vn 0.78040000 -0.53520000 -0.32330000
vn 0.50180000 -0.83970000 -0.20780000
vn 0.78050000 -0.53520000 -0.32330000
vn 0.66630000 -0.53620000 -0.51820000
vn 0.42790000 -0.84030000 -0.33280000
vn 0.42790000 -0.84030000 -0.33280000
vn 0.50180000 -0.83960000 -0.20780000
vn 0.16410000 -0.98410000 -0.06800000
vn 0.13980000 -0.98420000 -0.10870000
vn 0.50180000 -0.83970000 -0.20780000
vn 0.97710000 -0.17450000 0.12210000
vn 0.99520000 -0.00000000 0.09800000
vn 0.99220000 0.00830000 0.12400000
vn 0.98440000 -0.17580000 -0.00000000
vn 1.00000000 -0.00000000 -0.00000000
vn 0.83760000 -0.53620000 0.10470000
vn 0.84220000 -0.53910000 -0.00000000
vn 0.98440000 -0.17580000 -0.00000000
vn 0.97710000 -0.17450000 0.12210000
vn 0.53910000 -0.84220000 -0.00000000
vn 0.83760000 -0.53620000 0.10470000
vn 0.53790000 -0.84030000 0.06720000
vn 0.84220000 -0.53910000 -0.00000000
vn 0.53910000 -0.84220000 -0.00000000
vn 0.53790000 -0.84030000 0.06720000
vn 0.17580000 -0.98440000 -0.00000000
vn 0.17580000 -0.98420000 0.02200000
vn -0.00010000 -1.00000000 -0.00010000
vn 0.17580000 -0.98440000 -0.00000000
vn -0.00000000 -1.00000000 -0.00000000
vn 0.00040000 -1.00000000 0.00030000
vn 0.17580000 -0.98420000 0.02200000
vn 0.88190000 -0.00000000 0.47140000
vn 0.92350000 -0.02720000 0.38250000
vn 0.93430000 -0.17540000 0.31040000
vn 0.89390000 -0.00830000 0.44810000
vn 0.94900000 -0.00000000 0.31520000
vn 0.88010000 -0.17540000 0.44120000
vn 0.97710000 -0.17450000 0.12210000
vn 0.93430000 -0.17540000 0.31040000
vn 0.95690000 -0.00610000 0.29030000
vn 0.99220000 0.00830000 0.12400000
vn 0.94900000 -0.00000000 0.31520000
vn 0.83760000 -0.53620000 0.10470000
vn 0.93430000 -0.17540000 0.31040000
vn 0.92350000 -0.02720000 0.38250000
vn 0.78050000 -0.53520000 0.32330000
vn 0.97710000 -0.17450000 0.12210000
vn 0.66270000 -0.53580000 0.52310000
vn 0.92350000 -0.02720000 0.38250000
vn 0.78050000 -0.53520000 0.32330000
vn 0.78090000 -0.17460000 0.59970000
vn 0.88010000 -0.17540000 0.44120000
vn 0.78040000 -0.53520000 0.32330000
vn 0.77300000 0.01050000 0.63440000
vn 0.89390000 -0.00830000 0.44810000
vn 0.78940000 -0.00000000 0.61390000
vn 0.77440000 -0.19360000 0.60230000
vn 0.88010000 -0.17540000 0.44120000
vn 0.78090000 -0.17460000 0.59970000
vn 0.77440000 -0.19360000 0.60230000
vn 0.78090000 -0.17460000 0.59970000
vn 0.65790000 -0.55260000 0.51170000
vn 0.66270000 -0.53580000 0.52310000
vn 0.69350000 -0.19510000 0.69350000
vn 0.58790000 -0.55560000 0.58790000
vn 0.69350000 -0.19510000 0.69350000
vn 0.70710000 -0.00000000 0.70710000
vn 0.77440000 -0.19360000 0.60230000
vn 0.78940000 -0.00000000 0.61390000
vn 0.65790000 -0.55260000 0.51170000
vn 0.78040000 -0.53520000 0.32330000
vn 0.50180000 -0.83970000 0.20780000
vn 0.42790000 -0.84030000 0.33280000
vn 0.66270000 -0.53580000 0.52310000
vn 0.58790000 -0.55560000 0.58790000
vn 0.39280000 -0.83150000 0.39290000
vn 0.39290000 -0.83150000 0.39280000
vn 0.43680000 -0.82980000 0.34730000
vn 0.42790000 -0.84030000 0.33280000
vn 0.65790000 -0.55260000 0.51170000
vn 0.14270000 -0.98430000 0.10400000
vn 0.16410000 -0.98410000 0.06800000
vn 0.50180000 -0.83970000 0.20780000
vn 0.43680000 -0.82980000 0.34730000
vn 0.42790000 -0.84030000 0.33280000
vn 0.16410000 -0.98410000 0.06790000
vn 0.14270000 -0.98430000 0.10400000
vn 0.15510000 -0.98050000 0.12070000
vn 0.39280000 -0.83150000 0.39290000
vn 0.13790000 -0.98080000 0.13790000
vn 0.43680000 -0.82980000 0.34730000
vn 0.16410000 -0.98410000 0.06790000
vn 0.14270000 -0.98430000 0.10400000
vn -0.00000000 -1.00000000 -0.00000000
vn 0.15510000 -0.98050000 0.12070000
vn 0.15510000 -0.98050000 0.12070000
vn -0.00000000 -1.00000000 -0.00000000
vn 0.13790000 -0.98080000 0.13790000
vn 0.16410000 -0.98410000 0.06790000
vn 0.16410000 -0.98410000 0.06800000
vn 0.17580000 -0.98420000 0.02200000
vn -0.00000000 -1.00000000 -0.00000000
vn 0.83760000 -0.53620000 0.10470000
vn 0.50180000 -0.83970000 0.20780000
vn 0.78050000 -0.53520000 0.32330000
vn 0.53790000 -0.84030000 0.06720000
vn 0.78040000 -0.53520000 0.32330000
vn 0.50180000 -0.83970000 0.20780000
vn 0.17580000 -0.98420000 0.02200000
vn 0.53790000 -0.84030000 0.06720000
vn 0.16410000 -0.98410000 0.06800000
vn -0.00000000 -1.00000000 -0.00000000
vn 0.11880000 -0.98040000 0.15690000
vn 0.09950000 -0.98880000 0.11160000
vn 0.13790000 -0.98080000 0.13790000
vn 0.13790000 -0.98080000 0.13790000
vn 0.39290000 -0.83150000 0.39280000
vn 0.39280000 -0.83150000 0.39290000
vn 0.11880000 -0.98040000 0.15690000
vn 0.35080000 -0.83000000 0.43350000
vn 0.51820000 -0.53620000 0.66630000
vn 0.35080000 -0.83000000 0.43350000
vn 0.32640000 -0.84700000 0.41970000
vn 0.58790000 -0.55560000 0.58790000
vn 0.51680000 -0.55300000 0.65360000
vn 0.39290000 -0.83150000 0.39280000
vn 0.58790000 -0.55560000 0.58790000
vn 0.51680000 -0.55300000 0.65360000
vn 0.59970000 -0.17460000 0.78090000
vn 0.60230000 -0.19360000 0.77440000
vn 0.69350000 -0.19510000 0.69350000
vn 0.32640000 -0.84700000 0.41970000
vn 0.51820000 -0.53620000 0.66630000
vn 0.20730000 -0.81990000 0.53360000
vn 0.35680000 -0.53720000 0.76430000
vn 0.26150000 -0.81830000 0.51180000
vn 0.51680000 -0.55300000 0.65360000
vn 0.59970000 -0.17460000 0.78090000
vn 0.44120000 -0.17540000 0.88010000
vn 0.31280000 0.12290000 0.94180000
vn 0.37680000 -0.17400000 0.90980000
vn 0.51820000 -0.53620000 0.66630000
vn 0.35680000 -0.53720000 0.76430000
vn 0.30500000 -0.60410000 0.73620000
vn 0.30500000 -0.60410000 0.73620000
vn 0.37680000 -0.17400000 0.90980000
vn 0.20340000 -0.17570000 0.96320000
vn 0.19600000 -0.39240000 0.89870000
vn 0.74370000 0.30160000 -0.59650000
vn 0.71400000 -0.01220000 -0.70000000
vn 0.65080000 0.58910000 -0.47890000
vn 0.70110000 0.35010000 -0.62120000
vn 0.78260000 -0.16840000 -0.59940000
vn 0.77400000 -0.01220000 -0.63300000
vn 0.66880000 0.35040000 -0.65570000
vn 0.77680000 0.07100000 -0.62570000
vn 0.87000000 -0.16890000 -0.46330000
vn 0.77680000 0.07100000 -0.62570000
vn 0.87690000 0.07160000 -0.47540000
vn 0.78260000 -0.16840000 -0.59940000
vn 0.83900000 0.32080000 -0.43940000
vn 0.81910000 0.30440000 -0.48620000
vn 0.81780000 0.30390000 -0.48870000
vn 0.74370000 0.30160000 -0.59650000
vn 0.77680000 0.07100000 -0.62570000
vn 0.87690000 0.07160000 -0.47540000
vn 0.86800000 0.11580000 -0.48290000
vn 0.12460000 -0.98470000 -0.12220000
vn -0.00000000 -1.00000000 -0.00000000
vn 0.12290000 -0.98470000 -0.12360000
vn 0.00040000 -1.00000000 0.00030000
vn 0.00040000 -1.00000000 0.00030000
vn 0.12620000 -0.98480000 -0.11960000
vn -0.00000000 -1.00000000 -0.00000000
vn 0.12290000 -0.98470000 -0.12360000
vn 0.12460000 -0.98470000 -0.12220000
vn 0.12720000 -0.98520000 -0.11500000
vn 0.39210000 -0.83530000 -0.38540000
vn 0.17580000 -0.96940000 -0.17120000
vn 0.12680000 -0.98490000 -0.11830000
vn 0.12620000 -0.98480000 -0.11960000
vn 0.37890000 -0.87590000 -0.29860000
vn 0.43770000 -0.83350000 -0.33720000
vn 0.12290000 -0.98470000 -0.12360000
vn -0.00010000 -1.00000000 -0.00010000
vn 0.12620000 -0.98480000 -0.11960000
vn 0.12680000 -0.98490000 -0.11830000
vn -0.00000000 -1.00000000 -0.00000000
vn -0.00010000 -1.00000000 -0.00010000
vn -0.00000000 -1.00000000 -0.00000000
vn 0.12680000 -0.98490000 -0.11830000
vn 0.20280000 -0.96730000 -0.15260000
vn 0.12720000 -0.98520000 -0.11500000
vn 0.74670000 -0.29220000 -0.59750000
vn 0.89740000 0.03580000 -0.43970000
vn 0.77400000 -0.01220000 -0.63300000
vn 0.86400000 -0.29260000 -0.40980000
vn 0.87000000 -0.16890000 -0.46330000
vn 0.78260000 -0.16840000 -0.59940000
vn 0.74670000 -0.29220000 -0.59750000
vn 0.77400000 -0.01220000 -0.63300000
vn 0.69270000 -0.24310000 -0.67900000
vn 0.71400000 -0.01220000 -0.70000000
vn 0.71400000 -0.00760000 -0.70010000
vn 0.75610000 -0.24120000 -0.60850000
vn 0.79600000 -0.47800000 -0.37140000
vn 0.71110000 -0.41130000 -0.57020000
vn 0.82150000 -0.41230000 -0.39390000
vn 0.75610000 -0.24120000 -0.60850000
vn 0.86400000 -0.29260000 -0.40980000
vn 0.74670000 -0.29220000 -0.59750000
vn 0.69270000 -0.24310000 -0.67900000
vn 0.69250000 -0.24350000 -0.67900000
vn 0.71110000 -0.41130000 -0.57020000
vn 0.75610000 -0.24120000 -0.60850000
vn 0.71590000 -0.39360000 -0.57670000
vn 0.65590000 -0.39520000 -0.64310000
vn 0.71110000 -0.41130000 -0.57020000
vn 0.66090000 -0.53030000 -0.53100000
vn 0.75740000 -0.53220000 -0.37830000
vn 0.71590000 -0.39360000 -0.57670000
vn 0.66940000 -0.67470000 -0.31080000
vn 0.82150000 -0.41230000 -0.39390000
vn 0.62790000 -0.59490000 -0.50180000
vn 0.71590000 -0.39360000 -0.57670000
vn 0.66090000 -0.53030000 -0.53100000
vn 0.57280000 -0.59690000 -0.56180000
vn 0.65590000 -0.39520000 -0.64310000
vn 0.64700000 -0.42350000 -0.63410000
vn 0.53760000 -0.71650000 -0.44450000
vn 0.75740000 -0.53220000 -0.37830000
vn 0.62790000 -0.59490000 -0.50180000
vn 0.66090000 -0.53030000 -0.53100000
vn 0.63350000 -0.71760000 -0.28940000
vn 0.62790000 -0.59490000 -0.50180000
vn 0.39210000 -0.83530000 -0.38540000
vn 0.43520000 -0.79280000 -0.42670000
vn 0.43770000 -0.83350000 -0.33720000
vn 0.53760000 -0.71650000 -0.44450000
vn 0.57280000 -0.59690000 -0.56180000
vn 0.55930000 -0.62170000 -0.54840000
vn 0.37890000 -0.87590000 -0.29860000
vn 0.53760000 -0.71650000 -0.44450000
vn 0.43770000 -0.83350000 -0.33720000
vn 0.23850000 -0.96550000 -0.10460000
vn 0.50250000 -0.83050000 -0.24030000
vn 0.63350000 -0.71760000 -0.28940000
vn 0.41640000 -0.87730000 -0.23880000
vn 0.12720000 -0.98520000 -0.11500000
vn 0.22960000 -0.96720000 -0.10860000
vn 0.41640000 -0.87730000 -0.23880000
vn 0.20280000 -0.96730000 -0.15260000
vn 0.37890000 -0.87590000 -0.29860000
vn -0.00000000 -1.00000000 -0.00000000
vn 0.22960000 -0.96720000 -0.10860000
vn 0.20280000 -0.96730000 -0.15260000
vn 0.41040000 -0.91150000 -0.02750000
vn 0.70630000 -0.67570000 -0.21110000
vn 0.58570000 -0.79810000 -0.14140000
vn 0.53820000 -0.83090000 -0.14120000
vn 0.60110000 -0.79790000 -0.04520000
vn 0.39820000 -0.91150000 -0.10260000
vn 0.23850000 -0.96550000 -0.10460000
vn 0.50250000 -0.83050000 -0.24030000
vn 0.39820000 -0.91150000 -0.10260000
vn 0.25210000 -0.96580000 -0.06070000
vn 0.53820000 -0.83090000 -0.14120000
vn 0.18740000 -0.98220000 -0.01010000
vn 0.41040000 -0.91150000 -0.02750000
vn 0.39820000 -0.91150000 -0.10260000
vn 0.22090000 -0.97360000 -0.05730000
vn 0.22710000 -0.97370000 -0.01920000
vn 0.25210000 -0.96580000 -0.06070000
vn 0.25210000 -0.96580000 -0.06070000
vn 0.23850000 -0.96550000 -0.10460000
vn 0.22960000 -0.96720000 -0.10860000
vn 0.41640000 -0.87730000 -0.23880000
vn -0.00000000 -1.00000000 -0.00000000
vn 0.22090000 -0.97360000 -0.05730000
vn 0.22090000 -0.97360000 -0.05730000
vn -0.00000000 -1.00000000 -0.00000000
vn 0.22710000 -0.97370000 -0.01920000
vn 0.87000000 -0.16890000 -0.46330000
vn 0.87690000 0.07160000 -0.47540000
vn 0.91690000 0.09060000 -0.38880000
vn 0.89740000 0.03580000 -0.43970000
vn 0.86800000 0.11580000 -0.48290000
vn 0.91840000 0.13580000 -0.37160000
vn 0.89530000 -0.25860000 -0.36270000
vn 0.91690000 0.09060000 -0.38880000
vn 0.94190000 0.06750000 -0.32900000
vn 0.89530000 -0.25860000 -0.36270000
vn 0.92430000 -0.25850000 -0.28090000
vn 0.94980000 0.07130000 -0.30460000
vn 0.94980000 0.07130000 -0.30460000
vn 0.97560000 0.00260000 -0.21980000
vn 0.91310000 -0.36380000 -0.18410000
vn 0.96060000 0.00240000 -0.27790000
vn 0.96190000 -0.07310000 -0.26330000
vn 0.92430000 -0.25850000 -0.28090000
vn 0.89530000 -0.25860000 -0.36270000
vn 0.79600000 -0.47800000 -0.37140000
vn 0.86400000 -0.29260000 -0.40980000
vn 0.92430000 -0.25850000 -0.28090000
vn 0.84840000 -0.47830000 -0.22660000
vn 0.89740000 0.03580000 -0.43970000
vn 0.96190000 -0.07310000 -0.26330000
vn 0.80360000 -0.56010000 -0.20130000
vn 0.83660000 -0.54600000 -0.04410000
vn 0.97560000 0.00260000 -0.21980000
vn 0.92700000 -0.36340000 -0.09240000
vn 0.99570000 -0.07100000 -0.05880000
vn 0.97910000 -0.08030000 -0.18700000
vn 0.91310000 -0.36380000 -0.18410000
vn 0.98110000 -0.18030000 -0.07020000
vn 0.98700000 -0.08030000 -0.13930000
vn 0.80360000 -0.56010000 -0.20130000
vn 0.82650000 -0.55990000 -0.05840000
vn 0.96190000 -0.07310000 -0.26330000
vn 0.91310000 -0.36380000 -0.18410000
vn 0.92700000 -0.36340000 -0.09240000
vn 0.58570000 -0.79810000 -0.14140000
vn 0.84840000 -0.47830000 -0.22660000
vn 0.60110000 -0.79790000 -0.04520000
vn 0.55010000 -0.83460000 -0.02990000
vn 0.82650000 -0.55990000 -0.05840000
vn 0.80360000 -0.56010000 -0.20130000
vn 0.82150000 -0.41230000 -0.39390000
vn 0.84840000 -0.47830000 -0.22660000
vn 0.58570000 -0.79810000 -0.14140000
vn 0.79600000 -0.47800000 -0.37140000
vn 0.70630000 -0.67570000 -0.21110000
vn 0.66940000 -0.67470000 -0.31080000
vn 0.75740000 -0.53220000 -0.37830000
vn 0.53820000 -0.83090000 -0.14120000
vn 0.50250000 -0.83050000 -0.24030000
vn 0.70630000 -0.67570000 -0.21110000
vn 0.63350000 -0.71760000 -0.28940000
vn 0.66940000 -0.67470000 -0.31080000
vn 0.55050000 -0.83480000 0.00120000
vn 0.17340000 -0.98480000 0.00310000
vn 0.18740000 -0.98220000 -0.01010000
vn 0.60110000 -0.79790000 -0.04520000
vn 0.18750000 -0.98230000 -0.00010000
vn 0.41040000 -0.91150000 -0.02750000
vn 0.36260000 -0.93200000 -0.00050000
vn 0.55010000 -0.83460000 -0.02990000
vn 0.18750000 -0.98230000 -0.00010000
vn 0.22710000 -0.97370000 -0.01920000
vn -0.00000000 -1.00000000 -0.00000000
vn 0.18740000 -0.98220000 -0.01010000
vn 0.83750000 -0.54640000 0.00150000
vn 0.82650000 -0.55990000 -0.05840000
vn 0.55010000 -0.83460000 -0.02990000
vn 0.55560000 -0.83150000 -0.00020000
vn 0.83150000 -0.55560000 -0.00100000
vn 0.92700000 -0.36340000 -0.09240000
vn 0.55050000 -0.83480000 0.00120000
vn 0.83660000 -0.54600000 -0.04410000
vn 0.83750000 -0.54640000 0.00150000
vn 0.98080000 -0.19510000 -0.00300000
vn 0.83660000 -0.54600000 -0.04410000
vn 0.98360000 -0.18030000 0.00030000
vn 0.98110000 -0.18030000 -0.07020000
vn 0.18750000 -0.98230000 -0.00010000
vn 0.17330000 -0.98430000 0.03450000
vn 0.17340000 -0.98480000 0.00310000
vn -0.00000000 -1.00000000 -0.00000000
vn 0.17330000 -0.98430000 0.03450000
vn 0.36230000 -0.93130000 0.03670000
vn 0.36260000 -0.93200000 -0.00050000
vn 0.17340000 -0.98480000 0.00310000
vn 0.55560000 -0.83150000 -0.00020000
vn 0.55220000 -0.82640000 0.10980000
vn 0.36230000 -0.93130000 0.03670000
vn 0.55050000 -0.83480000 0.00120000
vn 0.19490000 -0.98010000 0.03880000
vn 0.36260000 -0.93200000 -0.00050000
vn 0.83150000 -0.55560000 -0.00100000
vn 0.55560000 -0.83150000 -0.00020000
vn 0.55220000 -0.82640000 0.10980000
vn 0.82030000 -0.54810000 0.16320000
vn 0.82030000 -0.54810000 0.16320000
vn 0.98080000 -0.19510000 -0.00300000
vn 0.83750000 -0.54640000 0.00150000
vn 0.83150000 -0.55560000 -0.00100000
vn 0.96260000 -0.19150000 0.19150000
vn 0.03480000 -0.97990000 0.19660000
vn 0.03450000 -0.98430000 0.17330000
vn -0.00000000 -1.00000000 -0.00000000
vn 0.11040000 -0.98000000 0.16520000
vn 0.11050000 -0.98000000 0.16530000
vn -0.00000000 -0.98480000 0.17340000
vn -0.00000000 -1.00000000 -0.00000000
vn 0.03450000 -0.98430000 0.17330000
vn 0.00050000 -0.97040000 0.24140000
vn -0.00000000 -0.84320000 0.53770000
vn 0.03480000 -0.97990000 0.19660000
vn 0.03450000 -0.98430000 0.17330000
vn 0.11110000 -0.83790000 0.53430000
vn -0.00000000 -0.98480000 0.17340000
vn -0.00060000 -0.80410000 0.59450000
vn 0.69540000 -0.54810000 0.46470000
vn 0.82030000 -0.54810000 0.16320000
vn 0.96260000 -0.19150000 0.19150000
vn 0.96260000 -0.19140000 0.19150000
vn 0.81610000 -0.19150000 0.54530000
vn 0.55220000 -0.82640000 0.10980000
vn 0.69540000 -0.54810000 0.46470000
vn 0.82030000 -0.54810000 0.16320000
vn 0.46810000 -0.82650000 0.31280000
vn 0.46820000 -0.82640000 0.31280000
vn 0.19490000 -0.98010000 0.03880000
vn 0.55220000 -0.82640000 0.10980000
vn 0.16530000 -0.98000000 0.11040000
vn 0.46820000 -0.82640000 0.31280000
vn 0.16520000 -0.98010000 0.11040000
vn 0.19490000 -0.98010000 0.03880000
vn 0.36230000 -0.93130000 0.03670000
vn 0.16520000 -0.98010000 0.11040000
vn -0.00000000 -1.00000000 -0.00000000
vn 0.17330000 -0.98430000 0.03450000
vn -0.00000000 -1.00000000 -0.00000000
vn 0.11040000 -0.98000000 0.16520000
vn 0.16520000 -0.98010000 0.11040000
vn 0.16530000 -0.98000000 0.11040000
vn -0.00000000 -1.00000000 -0.00010000
vn 0.46820000 -0.82640000 0.31280000
vn 0.46810000 -0.82650000 0.31280000
vn 0.16530000 -0.98000000 0.11040000
vn 0.11040000 -0.98000000 0.16520000
vn 0.11050000 -0.98000000 0.16530000
vn 0.31280000 -0.82650000 0.46810000
vn 0.46810000 -0.82650000 0.31280000
vn 0.31280000 -0.82650000 0.46810000
vn 0.69540000 -0.54810000 0.46470000
vn 0.46470000 -0.54810000 0.69540000
vn 0.54530000 -0.19150000 0.81610000
vn 0.81610000 -0.19150000 0.54530000
vn 0.46470000 -0.54810000 0.69540000
vn 0.46470000 -0.54810000 0.69550000
vn 0.69540000 -0.54810000 0.46470000
vn 0.11000000 -0.82650000 0.55210000
vn 0.03480000 -0.97990000 0.19660000
vn 0.11050000 -0.98000000 0.16530000
vn 0.31280000 -0.82650000 0.46810000
vn 0.11110000 -0.83790000 0.53430000
vn 0.46470000 -0.54810000 0.69540000
vn 0.31280000 -0.82650000 0.46810000
vn 0.11000000 -0.82650000 0.55210000
vn 0.46470000 -0.54810000 0.69550000
vn 0.16550000 -0.52820000 0.83280000
vn 0.16930000 -0.54870000 0.81870000
vn 0.16930000 -0.54870000 0.81870000
vn 0.54530000 -0.19150000 0.81610000
vn 0.18680000 -0.16930000 0.96770000
vn 0.46470000 -0.54810000 0.69550000
vn 0.19150000 -0.19150000 0.96260000
vn 0.11110000 -0.83790000 0.53430000
vn -0.00000000 -0.84320000 0.53770000
vn -0.00050000 -0.53560000 0.84450000
vn 0.11000000 -0.82650000 0.55210000
vn 0.16550000 -0.52820000 0.83280000
vn -0.00000000 -0.63880000 0.76940000
vn -0.00000000 -0.35270000 0.93570000
vn -0.00010000 -0.46940000 0.88300000
vn 0.18680000 -0.16930000 0.96770000
vn -0.00000000 -0.26010000 0.96560000
vn 0.16930000 -0.54870000 0.81870000
vn 0.16550000 -0.52820000 0.83280000
vn -0.00050000 -0.53560000 0.84450000
vn -0.00030000 -0.17240000 0.98500000
vn -0.00000000 -1.00000000 -0.00000000
vn -0.00230000 -0.97040000 0.24140000
vn -0.00000000 -1.00000000 -0.00030000
vn 0.00050000 -0.97040000 0.24140000
vn -0.00000000 -0.98480000 0.17340000
vn -0.00000000 -0.26010000 0.96560000
vn -0.05890000 -0.09710000 0.99350000
vn -0.06370000 -0.25950000 0.96360000
vn -0.00030000 -0.17240000 0.98500000
vn -0.00000000 -0.09730000 0.99530000
vn -0.06370000 -0.25950000 0.96360000
vn -0.05890000 -0.35210000 0.93410000
vn -0.00000000 -0.26010000 0.96560000
vn -0.00000000 -0.35270000 0.93570000
vn -0.03150000 -0.81170000 0.58320000
vn -0.00370000 -0.97050000 0.24100000
vn -0.00230000 -0.97040000 0.24140000
vn 0.00050000 -0.97040000 0.24140000
vn -0.03420000 -0.80360000 0.59420000
vn -0.02260000 -0.97250000 0.23160000
vn -0.00060000 -0.80410000 0.59450000
vn -0.03420000 -0.80360000 0.59420000
vn -0.00060000 -0.80410000 0.59450000
vn -0.00000000 -0.84320000 0.53770000
vn -0.00000000 -0.63880000 0.76940000
vn -0.05130000 -0.63790000 0.76840000
vn -0.05130000 -0.63790000 0.76840000
vn -0.05970000 -0.46850000 0.88150000
vn -0.05030000 -0.57080000 0.81960000
vn -0.00000000 -0.63880000 0.76940000
vn -0.00050000 -0.53560000 0.84450000
vn -0.00010000 -0.46940000 0.88300000
vn -0.05890000 -0.35210000 0.93410000
vn -0.00010000 -0.46940000 0.88300000
vn -0.05740000 -0.37420000 0.92560000
vn -0.05970000 -0.46850000 0.88150000
vn -0.00000000 -0.35270000 0.93570000
vn -0.02260000 -0.97250000 0.23160000
vn -0.05110000 -0.97740000 0.20490000
vn -0.01720000 -0.97750000 0.21030000
vn -0.03150000 -0.81170000 0.58320000
vn -0.15620000 -0.81150000 0.56310000
vn -0.13540000 -0.84820000 0.51210000
vn -0.05180000 -0.97610000 0.21130000
vn -0.03420000 -0.80360000 0.59420000
vn -0.05030000 -0.57080000 0.81960000
vn -0.20900000 -0.57080000 0.79410000
vn -0.03150000 -0.81170000 0.58320000
vn -0.17840000 -0.69450000 0.69710000
vn -0.15620000 -0.81150000 0.56310000
vn -0.05130000 -0.63790000 0.76840000
vn -0.01720000 -0.97750000 0.21030000
vn -0.05110000 -0.97740000 0.20490000
vn -0.00000000 -1.00000000 -0.00000000
vn -0.00000000 -1.00000000 -0.00000000
vn -0.00000000 -1.00000000 -0.00010000
vn -0.01720000 -0.97750000 0.21030000
vn -0.00370000 -0.97050000 0.24100000
vn -0.02260000 -0.97250000 0.23160000
vn -0.00230000 -0.97040000 0.24140000
vn -0.00000000 -1.00000000 -0.00010000
vn -0.00000000 -1.00000000 -0.00030000
vn -0.00370000 -0.97050000 0.24100000
vn -0.00000000 -1.00000000 -0.00000000
vn -0.16350000 -0.08040000 0.98330000
vn -0.05890000 -0.09710000 0.99350000
vn -0.21720000 -0.01770000 0.97600000
vn -0.05890000 -0.35210000 0.93410000
vn -0.05740000 -0.37420000 0.92560000
vn -0.18330000 -0.37550000 0.90850000
vn -0.05760000 -0.08480000 0.99470000
vn -0.15030000 -0.08530000 0.98500000
vn -0.06370000 -0.25950000 0.96360000
vn -0.20490000 -0.05010000 0.97750000
vn -0.21550000 -0.49690000 0.84060000
vn -0.26400000 -0.08620000 0.96070000
vn -0.05970000 -0.46850000 0.88150000
vn -0.18330000 -0.37550000 0.90850000
vn -0.05030000 -0.57080000 0.81960000
vn -0.20900000 -0.57080000 0.79410000
vn -0.05740000 -0.37420000 0.92560000
vn -0.55650000 0.37110000 0.74340000
vn -0.58120000 0.13740000 0.80210000
vn -0.55570000 0.30180000 0.77470000
vn -0.59330000 0.07460000 0.80150000
vn -0.45340000 0.30180000 0.83870000
vn -0.49940000 0.07480000 0.86310000
vn -0.46910000 -0.18500000 0.86350000
vn -0.48470000 0.11960000 0.86650000
vn -0.48000000 -0.05630000 0.87550000
vn -0.39380000 0.13100000 0.90980000
vn -0.40280000 0.12260000 0.90700000
vn -0.36550000 -0.27410000 0.88960000
vn -0.44580000 0.02520000 0.89480000
vn -0.28140000 -0.27400000 0.91960000
vn -0.28180000 0.06330000 0.95740000
vn -0.30390000 -0.01760000 0.95250000
vn -0.35770000 0.05850000 0.93200000
vn -0.39380000 0.13100000 0.90980000
vn -0.36550000 -0.27410000 0.88960000
vn -0.21550000 -0.49690000 0.84060000
vn -0.37880000 -0.49660000 0.78090000
vn -0.26400000 -0.08620000 0.96070000
vn -0.44580000 0.02520000 0.89480000
vn -0.28140000 -0.27400000 0.91960000
vn -0.39120000 -0.41700000 0.82040000
vn -0.36550000 -0.27410000 0.88960000
vn -0.00000000 -1.00000000 -0.00000000
vn -0.09640000 -0.97600000 0.19530000
vn -0.05110000 -0.97740000 0.20490000
vn -0.05180000 -0.97610000 0.21130000
vn -0.30390000 -0.01760000 0.95250000
vn -0.26400000 -0.08620000 0.96070000
vn -0.28140000 -0.27400000 0.91960000
vn -0.21720000 -0.01770000 0.97600000
vn -0.18330000 -0.37550000 0.90850000
vn -0.59330000 0.07460000 0.80150000
vn -0.49940000 0.07480000 0.86310000
vn -0.48000000 -0.05630000 0.87550000
vn -0.58860000 -0.05670000 0.80640000
vn -0.48470000 0.11960000 0.86650000
vn -0.21550000 -0.49690000 0.84060000
vn -0.20900000 -0.57080000 0.79410000
vn -0.36620000 -0.53850000 0.75890000
vn -0.29350000 -0.72610000 0.62180000
vn -0.30070000 -0.69490000 0.65320000
vn -0.37880000 -0.49660000 0.78090000
vn -0.17840000 -0.69450000 0.69710000
vn -0.17840000 -0.69450000 0.69710000
vn -0.13540000 -0.84820000 0.51210000
vn -0.30070000 -0.69490000 0.65320000
vn -0.23230000 -0.84780000 0.47670000
vn -0.15620000 -0.81150000 0.56310000
vn -0.37290000 -0.80700000 0.45800000
vn -0.24880000 -0.92210000 0.29620000
vn -0.18410000 -0.96130000 0.20510000
vn -0.11260000 -0.96170000 0.24990000
vn -0.49620000 -0.65850000 0.56580000
vn -0.29350000 -0.72610000 0.62180000
vn -0.30070000 -0.69490000 0.65320000
vn -0.23230000 -0.84780000 0.47670000
vn -0.44530000 -0.72490000 0.52560000
vn -0.05180000 -0.97610000 0.21130000
vn -0.23230000 -0.84780000 0.47670000
vn -0.11260000 -0.96170000 0.24990000
vn -0.13540000 -0.84820000 0.51210000
vn -0.09640000 -0.97600000 0.19530000
vn -0.18410000 -0.96130000 0.20510000
vn -0.09640000 -0.97600000 0.19530000
vn -0.11260000 -0.96170000 0.24990000
vn -0.00000000 -1.00000000 -0.00000000
vn -0.09680000 -0.98760000 0.12340000
vn -0.29350000 -0.72610000 0.62180000
vn -0.36620000 -0.53850000 0.75890000
vn -0.44530000 -0.72490000 0.52560000
vn -0.53610000 -0.53740000 0.65110000
vn -0.57240000 -0.41670000 0.70630000
vn -0.53610000 -0.53740000 0.65110000
vn -0.36620000 -0.53850000 0.75890000
vn -0.37880000 -0.49660000 0.78090000
vn -0.39120000 -0.41700000 0.82040000
vn -0.57240000 -0.41670000 0.70630000
vn -0.61620000 -0.26100000 0.74310000
vn -0.56360000 -0.46610000 0.68200000
vn -0.57220000 -0.18500000 0.79900000
vn -0.39120000 -0.41700000 0.82040000
vn -0.44580000 0.02520000 0.89480000
vn -0.46910000 -0.18500000 0.86350000
vn -0.64250000 0.10650000 0.75890000
vn -0.58860000 -0.05670000 0.80640000
vn -0.57220000 -0.18500000 0.79900000
vn -0.46910000 -0.18500000 0.86350000
vn -0.48000000 -0.05630000 0.87550000
vn -0.59330000 0.07460000 0.80150000
vn -0.67650000 0.13830000 0.72330000
vn -0.57220000 -0.18500000 0.79900000
vn -0.58120000 0.13740000 0.80210000
vn -0.64250000 0.10650000 0.75890000
vn -0.58860000 -0.05670000 0.80640000
vn -0.67500000 -0.09770000 0.73130000
vn -0.66580000 0.36150000 0.65270000
vn -0.62810000 0.36940000 0.68490000
vn -0.63210000 0.36090000 0.68580000
vn -0.68240000 0.11160000 0.72240000
vn -0.70840000 0.12540000 0.69450000
vn -0.70960000 0.11180000 0.69560000
vn -0.67650000 0.13830000 0.72330000
vn -0.58120000 0.13740000 0.80210000
vn -0.68240000 0.11160000 0.72240000
vn -0.55650000 0.37110000 0.74340000
vn -0.62810000 0.36940000 0.68490000
vn -0.67500000 -0.09770000 0.73130000
vn -0.71070000 -0.09790000 0.69670000
vn -0.70960000 0.11180000 0.69560000
vn -0.67650000 0.13830000 0.72330000
vn -0.68240000 0.11160000 0.72240000
vn -0.71070000 -0.09770000 0.69670000
vn -0.61620000 -0.26100000 0.74310000
vn -0.67500000 -0.09770000 0.73130000
vn -0.71070000 -0.09770000 0.69670000
vn -0.68930000 -0.26180000 0.67560000
vn -0.64250000 0.10650000 0.75890000
vn -0.44530000 -0.72490000 0.52560000
vn -0.57240000 -0.41670000 0.70630000
vn -0.53610000 -0.53740000 0.65110000
vn -0.53690000 -0.65940000 0.52620000
vn -0.58140000 -0.58060000 0.57000000
vn -0.63170000 -0.46780000 0.61820000
vn -0.49620000 -0.65850000 0.56580000
vn -0.56360000 -0.46610000 0.68200000
vn -0.66270000 -0.37200000 0.64990000
vn -0.56360000 -0.46610000 0.68200000
vn -0.63170000 -0.46780000 0.61820000
vn -0.68930000 -0.26180000 0.67560000
vn -0.61620000 -0.26100000 0.74310000
vn -0.24880000 -0.92210000 0.29620000
vn -0.41990000 -0.80860000 0.41220000
vn -0.27530000 -0.92280000 0.26970000
vn -0.37290000 -0.80700000 0.45800000
vn -0.41990000 -0.80860000 0.41220000
vn -0.37290000 -0.80700000 0.45800000
vn -0.49620000 -0.65850000 0.56580000
vn -0.41570000 -0.81290000 0.40780000
vn -0.53690000 -0.65940000 0.52620000
vn -0.11900000 -0.98510000 0.12410000
vn -0.12150000 -0.98490000 0.12330000
vn -0.00010000 -1.00000000 -0.00020000
vn -0.00000000 -1.00000000 -0.00000000
vn -0.12150000 -0.98490000 0.12330000
vn -0.12340000 -0.98490000 0.12140000
vn -0.13990000 -0.98060000 0.13710000
vn -0.00000000 -1.00000000 -0.00000000
vn -0.12150000 -0.98490000 0.12330000
vn -0.09680000 -0.98760000 0.12340000
vn -0.12340000 -0.98490000 0.12140000
vn -0.18410000 -0.96130000 0.20510000
vn -0.27530000 -0.92280000 0.26970000
vn -0.11900000 -0.98510000 0.12410000
vn -0.24880000 -0.92210000 0.29620000
vn -0.11900000 -0.98510000 0.12410000
vn -0.00000000 -1.00000000 -0.00000000
vn -0.00010000 -1.00000000 -0.00020000
vn -0.09680000 -0.98760000 0.12340000
vn -0.71430000 0.28540000 0.63900000
vn -0.68510000 0.28550000 0.67020000
vn -0.63720000 0.45110000 0.62490000
vn -0.65430000 0.45100000 0.60700000
vn -0.66580000 0.36150000 0.65270000
vn -0.71430000 0.28540000 0.63900000
vn -0.73220000 0.14140000 0.66620000
vn -0.68510000 0.28550000 0.67020000
vn -0.70840000 0.12540000 0.69450000
vn -0.73540000 0.12590000 0.66580000
vn -0.70840000 0.12540000 0.69450000
vn -0.73540000 0.12590000 0.66580000
vn -0.71070000 -0.09790000 0.69670000
vn -0.74200000 -0.09770000 0.66330000
vn -0.70960000 0.11180000 0.69560000
vn -0.66270000 -0.37200000 0.64990000
vn -0.76980000 0.09520000 0.63110000
vn -0.71340000 -0.40940000 0.56870000
vn -0.72290000 -0.37040000 0.58330000
vn -0.74200000 -0.09770000 0.66330000
vn -0.68930000 -0.26180000 0.67560000
vn -0.71070000 -0.09790000 0.69670000
vn -0.71070000 -0.09770000 0.69670000
vn -0.66180000 -0.52860000 0.53150000
vn -0.72290000 -0.37040000 0.58330000
vn -0.58140000 -0.58060000 0.57000000
vn -0.63170000 -0.46780000 0.61820000
vn -0.63680000 -0.57870000 0.50950000
vn -0.66270000 -0.37200000 0.64990000
vn -0.46180000 -0.81130000 0.35860000
vn -0.63680000 -0.57870000 0.50950000
vn -0.41570000 -0.81290000 0.40780000
vn -0.53980000 -0.71410000 0.44580000
vn -0.53690000 -0.65940000 0.52620000
vn -0.58140000 -0.58060000 0.57000000
vn -0.13990000 -0.98060000 0.13710000
vn -0.15620000 -0.98040000 0.12020000
vn -0.27530000 -0.92280000 0.26970000
vn -0.41990000 -0.80860000 0.41220000
vn -0.12340000 -0.98490000 0.12140000
vn -0.46180000 -0.81130000 0.35860000
vn -0.38100000 -0.87350000 0.30310000
vn -0.41570000 -0.81290000 0.40780000
vn -0.19980000 -0.96560000 0.16660000
vn -0.00000000 -1.00000000 -0.00000000
vn -0.15620000 -0.98040000 0.12020000
vn -0.13990000 -0.98060000 0.13710000
vn -0.73220000 0.14140000 0.66620000
vn -0.80050000 0.14090000 0.58250000
vn -0.69510000 0.37020000 0.61630000
vn -0.81810000 0.07160000 0.57060000
vn -0.65430000 0.45100000 0.60700000
vn -0.75010000 0.37330000 0.54590000
vn -0.71430000 0.28540000 0.63900000
vn -0.15620000 -0.98040000 0.12020000
vn -0.00000000 -1.00000000 -0.00000000
vn -0.19980000 -0.96560000 0.16660000
vn -0.23400000 -0.96590000 0.11050000
vn -0.74200000 -0.09770000 0.66330000
vn -0.80720000 -0.17880000 0.56260000
vn -0.73220000 0.14140000 0.66620000
vn -0.80050000 0.14090000 0.58250000
vn -0.76980000 0.09520000 0.63110000
vn -0.73540000 0.12590000 0.66580000
vn -0.75010000 0.37330000 0.54590000
vn -0.81810000 0.07160000 0.57060000
vn -0.78200000 0.30310000 0.54460000
vn -0.87760000 0.07170000 0.47400000
vn -0.81900000 0.30370000 0.48690000
vn -0.84020000 0.31720000 0.43980000
vn -0.86810000 0.11890000 0.48190000
vn -0.80720000 -0.17880000 0.56260000
vn -0.86940000 -0.17870000 0.46070000
vn -0.80050000 0.14090000 0.58250000
vn -0.87760000 0.07170000 0.47400000
vn -0.81810000 0.07160000 0.57060000
vn -0.82300000 -0.41030000 0.39280000
vn -0.80720000 -0.17880000 0.56260000
vn -0.76980000 0.09520000 0.63110000
vn -0.71340000 -0.40940000 0.56870000
vn -0.89980000 0.02490000 0.43560000
vn -0.79640000 -0.47890000 0.36930000
vn -0.86940000 -0.17870000 0.46070000
vn -0.82300000 -0.41030000 0.39280000
vn -0.66960000 -0.67520000 0.30940000
vn -0.66180000 -0.52860000 0.53150000
vn -0.72290000 -0.37040000 0.58330000
vn -0.75890000 -0.53050000 0.37770000
vn -0.71340000 -0.40940000 0.56870000
vn -0.53980000 -0.71410000 0.44580000
vn -0.63640000 -0.71510000 0.28910000
vn -0.75890000 -0.53050000 0.37770000
vn -0.63680000 -0.57870000 0.50950000
vn -0.66180000 -0.52860000 0.53150000
vn -0.53980000 -0.71410000 0.44580000
vn -0.50260000 -0.83070000 0.23930000
vn -0.38100000 -0.87350000 0.30310000
vn -0.63640000 -0.71510000 0.28910000
vn -0.41960000 -0.87510000 0.24120000
vn -0.46180000 -0.81130000 0.35860000
vn -0.23730000 -0.96590000 0.10350000
vn -0.38100000 -0.87350000 0.30310000
vn -0.23400000 -0.96590000 0.11050000
vn -0.41960000 -0.87510000 0.24120000
vn -0.19980000 -0.96560000 0.16660000
vn -0.91890000 0.13240000 0.37160000
vn -0.86810000 0.11890000 0.48190000
vn -0.91740000 0.09300000 0.38690000
vn -0.89980000 0.02490000 0.43560000
vn -0.89580000 -0.25970000 0.36070000
vn -0.86940000 -0.17870000 0.46070000
vn -0.87760000 0.07170000 0.47400000
vn -0.46180000 -0.88640000 0.03270000
vn -0.58520000 -0.79880000 0.13940000
vn -0.60190000 -0.79800000 0.03050000
vn -0.70660000 -0.67610000 0.20880000
vn -0.39700000 -0.91220000 0.10110000
vn -0.40910000 -0.91210000 0.02740000
vn -0.53830000 -0.83110000 0.13960000
vn -0.53830000 -0.83110000 0.13960000
vn -0.25410000 -0.96530000 0.06050000
vn -0.50260000 -0.83070000 0.23930000
vn -0.39700000 -0.91220000 0.10110000
vn -0.23730000 -0.96590000 0.10350000
vn -0.25410000 -0.96530000 0.06050000
vn -0.39700000 -0.91220000 0.10110000
vn -0.22070000 -0.97370000 0.05680000
vn -0.26550000 -0.96400000 0.01500000
vn -0.40910000 -0.91210000 0.02740000
vn -0.22820000 -0.97360000 0.00910000
vn -0.23730000 -0.96590000 0.10350000
vn -0.25410000 -0.96530000 0.06050000
vn -0.22070000 -0.97370000 0.05680000
vn -0.41960000 -0.87510000 0.24120000
vn -0.23400000 -0.96590000 0.11050000
vn -0.00000000 -1.00000000 -0.00000000
vn -0.00000000 -1.00000000 -0.00000000
vn -0.22070000 -0.97370000 0.05680000
vn -0.09070000 -0.99580000 0.00760000
vn -0.22820000 -0.97360000 0.00910000
vn -0.96100000 0.00010000 0.27650000
vn -0.92470000 -0.25970000 0.27850000
vn -0.95080000 0.06840000 0.30210000
vn -0.97630000 0.00040000 0.21660000
vn -0.96280000 -0.07110000 0.26080000
vn -0.91290000 -0.36600000 0.18090000
vn -0.91740000 0.09300000 0.38690000
vn -0.92470000 -0.25970000 0.27850000
vn -0.95080000 0.06840000 0.30210000
vn -0.89580000 -0.25970000 0.36070000
vn -0.94200000 0.06630000 0.32900000
vn -0.89580000 -0.25970000 0.36070000
vn -0.89980000 0.02490000 0.43560000
vn -0.79640000 -0.47890000 0.36930000
vn -0.96280000 -0.07110000 0.26080000
vn -0.80320000 -0.56150000 0.19860000
vn -0.92470000 -0.25970000 0.27850000
vn -0.84860000 -0.47920000 0.22400000
vn -0.97630000 0.00040000 0.21660000
vn -0.91290000 -0.36600000 0.18090000
vn -0.92910000 -0.36490000 0.06020000
vn -0.90830000 -0.41480000 0.05400000
vn -0.97940000 -0.08400000 0.18340000
vn -0.99370000 -0.08380000 0.07380000
vn -0.92910000 -0.36490000 0.06020000
vn -0.82550000 -0.56140000 0.05710000
vn -0.80590000 -0.58980000 0.05150000
vn -0.96280000 -0.07110000 0.26080000
vn -0.91290000 -0.36600000 0.18090000
vn -0.80320000 -0.56150000 0.19860000
vn -0.64200000 -0.76570000 0.03840000
vn -0.82550000 -0.56140000 0.05710000
vn -0.60190000 -0.79800000 0.03050000
vn -0.84860000 -0.47920000 0.22400000
vn -0.58520000 -0.79880000 0.13940000
vn -0.80320000 -0.56150000 0.19860000
vn -0.58520000 -0.79880000 0.13940000
vn -0.70660000 -0.67610000 0.20880000
vn -0.84860000 -0.47920000 0.22400000
vn -0.79640000 -0.47890000 0.36930000
vn -0.82300000 -0.41030000 0.39280000
vn -0.66960000 -0.67520000 0.30940000
vn -0.70660000 -0.67610000 0.20880000
vn -0.53830000 -0.83110000 0.13960000
vn -0.50260000 -0.83070000 0.23930000
vn -0.75890000 -0.53050000 0.37770000
vn -0.66960000 -0.67520000 0.30940000
vn -0.63640000 -0.71510000 0.28910000
vn -0.90830000 -0.41480000 0.05400000
vn -0.90980000 -0.41510000 0.00050000
vn -0.98150000 -0.18410000 0.05300000
vn -0.99370000 -0.08380000 0.07380000
vn -0.98290000 -0.18430000 0.00690000
vn -0.80590000 -0.58980000 0.05150000
vn -0.90980000 -0.41510000 0.00050000
vn -0.80710000 -0.59040000 -0.00090000
vn -0.90830000 -0.41480000 0.05400000
vn -0.92910000 -0.36490000 0.06020000
vn -0.61100000 -0.79160000 -0.00000000
vn -0.79520000 -0.60630000 -0.00000000
vn -0.64200000 -0.76570000 0.03840000
vn -0.82550000 -0.56140000 0.05710000
vn -0.64280000 -0.76610000 0.00190000
vn -0.80590000 -0.58980000 0.05150000
vn -0.80710000 -0.59040000 -0.00090000
vn -0.60190000 -0.79800000 0.03050000
vn -0.64280000 -0.76610000 0.00190000
vn -0.64200000 -0.76570000 0.03840000
vn -0.46220000 -0.88680000 -0.00120000
vn -0.46180000 -0.88640000 0.03270000
vn -0.46180000 -0.88640000 0.03270000
vn -0.26560000 -0.96410000 0.00560000
vn -0.40910000 -0.91210000 0.02740000
vn -0.26550000 -0.96400000 0.01500000
vn -0.25890000 -0.96590000 0.00520000
vn -0.46220000 -0.88680000 -0.00120000
vn -0.09070000 -0.99580000 0.00760000
vn -0.26560000 -0.96410000 0.00560000
vn -0.09070000 -0.99590000 -0.00000000
vn -0.26550000 -0.96400000 0.01500000
vn -0.22820000 -0.97360000 0.00910000
vn -0.00000000 -1.00000000 -0.00000000
vn -0.09070000 -0.99580000 0.00760000
vn -0.09070000 -0.99590000 -0.00000000
vn -0.79520000 -0.60630000 -0.00000000
vn -0.98290000 -0.18430000 0.00690000
vn -0.80710000 -0.59040000 -0.00090000
vn -0.90980000 -0.41510000 0.00050000
vn -0.78960000 -0.60230000 -0.11720000
vn -0.70020000 -0.70020000 -0.13930000
vn -0.94860000 -0.25420000 -0.18870000
vn -0.96590000 -0.25880000 -0.00010000
vn -0.25890000 -0.96590000 0.00520000
vn -0.61100000 -0.79160000 -0.00000000
vn -0.25850000 -0.96460000 -0.05140000
vn -0.60670000 -0.78580000 -0.12070000
vn -0.64280000 -0.76610000 0.00190000
vn -0.46220000 -0.88680000 -0.00120000
vn -0.26560000 -0.96410000 0.00560000
vn -0.00000000 -1.00000000 -0.00000000
vn -0.09070000 -0.99590000 -0.00000000
vn -0.25890000 -0.96590000 0.00520000
vn -0.25850000 -0.96460000 -0.05140000
vn -0.61100000 -0.79160000 -0.00000000
vn -0.60670000 -0.78580000 -0.12070000
vn -0.79520000 -0.60630000 -0.00000000
vn -0.78960000 -0.60230000 -0.11720000
vn -0.70020000 -0.70020000 -0.13930000
vn -0.94860000 -0.25410000 -0.18870000
vn -0.59360000 -0.70020000 -0.39660000
vn -0.59360000 -0.70020000 -0.39670000
vn -0.80420000 -0.25420000 -0.53730000
vn -0.94860000 -0.25420000 -0.18870000
vn -0.70020000 -0.70020000 -0.13930000
vn -0.60670000 -0.78580000 -0.12070000
vn -0.25850000 -0.96460000 -0.05140000
vn -0.78960000 -0.60230000 -0.11720000
vn -0.59360000 -0.70020000 -0.39660000
vn -0.21910000 -0.96460000 -0.14640000
vn -0.14640000 -0.96460000 -0.21910000
vn -0.59360000 -0.70020000 -0.39670000
vn -0.59360000 -0.70020000 -0.39660000
vn -0.39660000 -0.70020000 -0.59360000
vn -0.21910000 -0.96460000 -0.14640000
vn -0.80420000 -0.25420000 -0.53730000
vn -0.59360000 -0.70020000 -0.39670000
vn -0.53730000 -0.25420000 -0.80420000
vn -0.39660000 -0.70020000 -0.59360000
vn -0.80420000 -0.25410000 -0.53730000
vn -0.14640000 -0.96460000 -0.21910000
vn -0.11990000 -0.69810000 -0.70590000
vn -0.03570000 -0.96370000 -0.26480000
vn -0.12030000 -0.78720000 -0.60480000
vn -0.39660000 -0.70020000 -0.59360000
vn -0.08370000 -0.90320000 -0.42090000
vn -0.39660000 -0.70020000 -0.59360000
vn -0.53730000 -0.25410000 -0.80420000
vn -0.15590000 -0.60090000 -0.78400000
vn -0.17310000 -0.30580000 -0.93620000
vn -0.53730000 -0.25420000 -0.80420000
vn -0.17750000 -0.41470000 -0.89250000
vn -0.16810000 -0.25310000 -0.95270000
vn -0.11990000 -0.69810000 -0.70590000
vn -0.00000000 -1.00000000 -0.00000000
vn -0.14640000 -0.96460000 -0.21910000
vn -0.03570000 -0.96370000 -0.26480000
vn -0.03450000 -0.98430000 -0.17340000
vn -0.00000000 -0.98290000 -0.18400000
vn -0.03450000 -0.98430000 -0.17340000
vn -0.00000000 -1.00000000 -0.00000000
vn -0.00010000 -0.98480000 -0.17350000
vn 0.00010000 -0.90640000 -0.42250000
vn -0.03570000 -0.96370000 -0.26480000
vn -0.03450000 -0.98430000 -0.17340000
vn -0.08370000 -0.90320000 -0.42090000
vn -0.00010000 -0.98480000 -0.17350000
vn -0.14640000 -0.96460000 -0.21910000
vn -0.21910000 -0.96460000 -0.14640000
vn -0.00000000 -1.00000000 -0.00000000
vn -0.00000000 -1.00000000 -0.00000000
vn -0.25850000 -0.96460000 -0.05140000
vn -0.21910000 -0.96460000 -0.14640000
vn -0.00120000 -0.42140000 -0.90690000
vn -0.17310000 -0.30580000 -0.93620000
vn -0.17750000 -0.41470000 -0.89250000
vn 0.00020000 -0.54980000 -0.83530000
vn -0.00000000 -0.31040000 -0.95060000
vn -0.00000000 -0.30870000 -0.95120000
vn -0.00000000 -0.31040000 -0.95060000
vn -0.16810000 -0.25310000 -0.95270000
vn -0.00000000 -0.14200000 -0.98990000
vn -0.17310000 -0.30580000 -0.93620000
vn -0.19320000 -0.13930000 -0.97120000
vn -0.12030000 -0.78720000 -0.60480000
vn -0.08370000 -0.90320000 -0.42090000
vn 0.00010000 -0.90640000 -0.42250000
vn -0.00070000 -0.79300000 -0.60920000
vn -0.00000000 -0.83850000 -0.54490000
vn -0.00070000 -0.79300000 -0.60920000
vn -0.00000000 -0.60830000 -0.79370000
vn -0.12030000 -0.78720000 -0.60480000
vn -0.11990000 -0.69810000 -0.70590000
vn -0.15590000 -0.60090000 -0.78400000
vn -0.17750000 -0.41470000 -0.89250000
vn -0.00000000 -0.60830000 -0.79370000
vn -0.00120000 -0.42140000 -0.90690000
vn -0.15590000 -0.60090000 -0.78400000
vn -0.00000000 -0.14200000 -0.98990000
vn 0.06260000 -0.30820000 -0.94930000
vn -0.00000000 -0.14080000 -0.99000000
vn 0.06580000 -0.14100000 -0.98780000
vn -0.00000000 -0.30870000 -0.95120000
vn 0.00020000 -0.54980000 -0.83530000
vn 0.06180000 -0.54900000 -0.83360000
vn -0.00000000 -0.30870000 -0.95120000
vn -0.00000000 -0.31040000 -0.95060000
vn 0.06260000 -0.30820000 -0.94930000
vn 0.05810000 -0.37440000 -0.92540000
vn 0.00020000 -0.54980000 -0.83530000
vn 0.03800000 -0.83800000 -0.54440000
vn -0.00000000 -0.60830000 -0.79370000
vn -0.00120000 -0.42140000 -0.90690000
vn 0.05760000 -0.57150000 -0.81860000
vn 0.06180000 -0.54900000 -0.83360000
vn 0.03340000 -0.81120000 -0.58380000
vn -0.00000000 -0.83850000 -0.54490000
vn 0.00960000 -0.98380000 -0.17910000
vn 0.00010000 -0.90640000 -0.42250000
vn 0.00270000 -0.98300000 -0.18330000
vn 0.00040000 -0.98290000 -0.18400000
vn -0.00000000 -0.98290000 -0.18400000
vn 0.03800000 -0.83800000 -0.54440000
vn -0.00000000 -0.83850000 -0.54490000
vn -0.00010000 -0.98480000 -0.17350000
vn -0.00070000 -0.79300000 -0.60920000
vn -0.00000000 -1.00000000 0.00030000
vn 0.00040000 -0.98290000 -0.18400000
vn -0.00000000 -1.00000000 -0.00000000
vn -0.00000000 -0.98290000 -0.18400000
vn 0.13400000 -0.85230000 -0.50560000
vn 0.05170000 -0.97700000 -0.20700000
vn 0.15750000 -0.81100000 -0.56340000
vn 0.03800000 -0.83800000 -0.54440000
vn 0.01700000 -0.97780000 -0.20890000
vn 0.00960000 -0.98380000 -0.17910000
vn 0.03340000 -0.81120000 -0.58380000
vn 0.05130000 -0.97780000 -0.20330000
vn -0.00000000 -1.00000000 -0.00000000
vn 0.05130000 -0.97780000 -0.20330000
vn 0.01700000 -0.97780000 -0.20890000
vn -0.00000000 -1.00000000 0.00010000
vn 0.01700000 -0.97780000 -0.20890000
vn 0.00270000 -0.98300000 -0.18330000
vn -0.00000000 -1.00000000 -0.00000000
vn 0.00960000 -0.98380000 -0.17910000
vn -0.00000000 -1.00000000 0.00010000
vn 0.00040000 -0.98290000 -0.18400000
vn -0.00000000 -1.00000000 0.00030000
vn 0.00270000 -0.98300000 -0.18330000
vn 0.06580000 -0.14100000 -0.98780000
vn 0.05960000 -0.08290000 -0.99480000
vn 0.20530000 -0.05290000 -0.97730000
vn 0.16430000 -0.07950000 -0.98320000
vn 0.21880000 -0.01780000 -0.97560000
vn 0.18550000 -0.37570000 -0.90800000
vn 0.06260000 -0.30820000 -0.94930000
vn 0.05810000 -0.37440000 -0.92540000
vn 0.15270000 -0.08330000 -0.98480000
vn 0.06180000 -0.54900000 -0.83360000
vn 0.05760000 -0.57150000 -0.81860000
vn 0.05810000 -0.37440000 -0.92540000
vn 0.18550000 -0.37570000 -0.90800000
vn 0.26480000 -0.09720000 -0.95940000
vn 0.21610000 -0.50140000 -0.83780000
vn 0.21000000 -0.57130000 -0.79350000
vn 0.03340000 -0.81120000 -0.58380000
vn 0.15750000 -0.81100000 -0.56340000
vn 0.17840000 -0.69930000 -0.69220000
vn 0.05760000 -0.57150000 -0.81860000
vn 0.21000000 -0.57130000 -0.79350000
vn 0.55340000 0.30100000 -0.77660000
vn 0.49920000 0.06440000 -0.86410000
vn 0.45190000 0.30110000 -0.83970000
vn 0.59240000 0.06420000 -0.80310000
vn 0.55410000 0.36970000 -0.74580000
vn 0.57830000 0.13920000 -0.80390000
vn 0.44460000 0.01230000 -0.89560000
vn 0.39360000 0.12840000 -0.91030000
vn 0.36480000 -0.27750000 -0.88880000
vn 0.40230000 0.12060000 -0.90750000
vn 0.48110000 0.11750000 -0.86880000
vn 0.46690000 -0.18810000 -0.86410000
vn 0.35770000 0.05710000 -0.93210000
vn 0.30480000 -0.01770000 -0.95230000
vn 0.36480000 -0.27750000 -0.88880000
vn 0.28230000 0.06240000 -0.95730000
vn 0.39360000 0.12840000 -0.91030000
vn 0.28180000 -0.27740000 -0.91850000
vn 0.38980000 -0.41970000 -0.81970000
vn 0.26480000 -0.09720000 -0.95940000
vn 0.28180000 -0.27740000 -0.91850000
vn 0.21610000 -0.50140000 -0.83780000
vn 0.44460000 0.01230000 -0.89560000
vn 0.36480000 -0.27750000 -0.88880000
vn 0.37690000 -0.50110000 -0.77900000
vn 0.08910000 -0.97700000 -0.19350000
vn 0.05170000 -0.97700000 -0.20700000
vn -0.00000000 -1.00000000 -0.00000000
vn 0.05130000 -0.97780000 -0.20330000
vn 0.10870000 -0.96940000 -0.22030000
vn 0.21880000 -0.01780000 -0.97560000
vn 0.30480000 -0.01770000 -0.95230000
vn 0.26480000 -0.09720000 -0.95940000
vn 0.28180000 -0.27740000 -0.91850000
vn 0.18550000 -0.37570000 -0.90800000
vn 0.49920000 0.06440000 -0.86410000
vn 0.46690000 -0.18810000 -0.86410000
vn 0.59240000 0.06420000 -0.80310000
vn 0.48110000 0.11750000 -0.86880000
vn 0.56850000 -0.18810000 -0.80090000
vn 0.38980000 -0.41970000 -0.81970000
vn 0.44460000 0.01230000 -0.89560000
vn 0.46690000 -0.18810000 -0.86410000
vn 0.57780000 -0.41880000 -0.70060000
vn 0.56850000 -0.18810000 -0.80090000
vn 0.64520000 0.13560000 -0.75180000
vn 0.61900000 -0.24250000 -0.74700000
vn 0.57710000 -0.42180000 -0.69930000
vn 0.32750000 -0.64390000 -0.69150000
vn 0.38980000 -0.41970000 -0.81970000
vn 0.37690000 -0.50110000 -0.77900000
vn 0.57780000 -0.41880000 -0.70060000
vn 0.49120000 -0.64260000 -0.58810000
vn 0.50100000 -0.61990000 -0.60390000
vn 0.37690000 -0.50110000 -0.77900000
vn 0.21000000 -0.57130000 -0.79350000
vn 0.31130000 -0.69900000 -0.64380000
vn 0.32750000 -0.64390000 -0.69150000
vn 0.17840000 -0.69930000 -0.69220000
vn 0.21610000 -0.50140000 -0.83780000
vn 0.38650000 -0.79120000 -0.47400000
vn 0.37350000 -0.80900000 -0.45390000
vn 0.49120000 -0.64260000 -0.58810000
vn 0.32750000 -0.64390000 -0.69150000
vn 0.25230000 -0.80980000 -0.52980000
vn 0.31130000 -0.69900000 -0.64380000
vn 0.17840000 -0.69930000 -0.69220000
vn 0.15750000 -0.81100000 -0.56340000
vn 0.13400000 -0.85230000 -0.50560000
vn 0.31130000 -0.69900000 -0.64380000
vn 0.22900000 -0.85200000 -0.47090000
vn 0.25230000 -0.80980000 -0.52980000
vn 0.25230000 -0.80980000 -0.52980000
vn 0.20660000 -0.87930000 -0.42910000
vn 0.22900000 -0.85200000 -0.47090000
vn 0.30430000 -0.87860000 -0.36800000
vn 0.37350000 -0.80900000 -0.45390000
vn 0.05170000 -0.97700000 -0.20700000
vn 0.20660000 -0.87930000 -0.42910000
vn 0.08910000 -0.97700000 -0.19350000
vn 0.13400000 -0.85230000 -0.50560000
vn 0.22900000 -0.85200000 -0.47090000
vn 0.30430000 -0.87860000 -0.36800000
vn 0.10870000 -0.96940000 -0.22030000
vn 0.15490000 -0.96910000 -0.19220000
vn 0.08910000 -0.97700000 -0.19350000
vn 0.20660000 -0.87930000 -0.42910000
vn 0.15460000 -0.96920000 -0.19170000
vn -0.00000000 -1.00000000 -0.00000000
vn 0.15460000 -0.96920000 -0.19170000
vn 0.10870000 -0.96940000 -0.22030000
vn 0.30430000 -0.87860000 -0.36800000
vn 0.38650000 -0.79120000 -0.47400000
vn 0.39210000 -0.83530000 -0.38540000
vn 0.17580000 -0.96940000 -0.17120000
vn 0.37350000 -0.80900000 -0.45390000
vn 0.43520000 -0.79280000 -0.42670000
vn 0.15490000 -0.96910000 -0.19220000
vn 0.15460000 -0.96920000 -0.19170000
vn 0.17580000 -0.96940000 -0.17120000
vn 0.15490000 -0.96910000 -0.19220000
vn -0.00000000 -1.00000000 -0.00000000
vn 0.12460000 -0.98470000 -0.12220000
vn 0.55410000 0.36970000 -0.74580000
vn 0.62370000 0.37060000 -0.68830000
vn 0.57830000 0.13920000 -0.80390000
vn 0.67820000 0.14010000 -0.72140000
vn 0.56850000 -0.18810000 -0.80090000
vn 0.67040000 -0.00770000 -0.74190000
vn 0.67820000 0.14010000 -0.72140000
vn 0.57830000 0.13920000 -0.80390000
vn 0.59240000 0.06420000 -0.80310000
vn 0.64520000 0.13560000 -0.75180000
vn 0.71400000 -0.00760000 -0.70010000
vn 0.67040000 -0.00770000 -0.74190000
vn 0.67010000 0.34530000 -0.65700000
vn 0.63550000 0.34520000 -0.69070000
vn 0.62370000 0.37060000 -0.68830000
vn 0.71400000 -0.01220000 -0.70000000
vn 0.66880000 0.35040000 -0.65570000
vn 0.67820000 0.14010000 -0.72140000
vn 0.61900000 -0.24250000 -0.74700000
vn 0.67040000 -0.00770000 -0.74190000
vn 0.69270000 -0.24310000 -0.67900000
vn 0.69250000 -0.24350000 -0.67900000
vn 0.71400000 -0.00760000 -0.70010000
vn 0.64520000 0.13560000 -0.75180000
vn 0.64700000 -0.42350000 -0.63410000
vn 0.57710000 -0.42180000 -0.69930000
vn 0.61900000 -0.24250000 -0.74700000
vn 0.69250000 -0.24350000 -0.67900000
vn 0.65590000 -0.39520000 -0.64310000
vn 0.50100000 -0.61990000 -0.60390000
vn 0.55930000 -0.62170000 -0.54840000
vn 0.57280000 -0.59690000 -0.56180000
vn 0.57780000 -0.41880000 -0.70060000
vn 0.64700000 -0.42350000 -0.63410000
vn 0.57710000 -0.42180000 -0.69930000
vn 0.38650000 -0.79120000 -0.47400000
vn 0.43520000 -0.79280000 -0.42670000
vn 0.49120000 -0.64260000 -0.58810000
vn 0.50100000 -0.61990000 -0.60390000
vn 0.55930000 -0.62170000 -0.54840000
vn 0.70340000 -0.10190000 -0.70340000
vn 0.63110000 -0.10140000 -0.76900000
vn 0.60660000 -0.29270000 -0.73920000
vn 0.67590000 -0.29400000 -0.67590000
vn 0.60700000 -0.19450000 -0.77050000
vn 0.67590000 -0.29400000 -0.67580000
vn 0.58790000 -0.55560000 -0.58790000
vn 0.60660000 -0.29270000 -0.73920000
vn 0.52830000 -0.55370000 -0.64370000
vn 0.67590000 -0.29400000 -0.67590000
vn 0.46240000 -0.19420000 -0.86510000
vn 0.60700000 -0.19450000 -0.77050000
vn 0.52830000 -0.55370000 -0.64370000
vn 0.39250000 -0.55370000 -0.73440000
vn 0.60660000 -0.29270000 -0.73920000
vn 0.08160000 -0.55370000 -0.82870000
vn 0.28480000 -0.19420000 -0.93870000
vn 0.24170000 -0.55370000 -0.79680000
vn 0.09620000 -0.19420000 -0.97620000
vn 0.13560000 -0.71870000 -0.68190000
vn 0.08160000 -0.55370000 -0.82870000
vn 0.20580000 -0.70540000 -0.67830000
vn 0.06950000 -0.70540000 -0.70540000
vn 0.24170000 -0.55370000 -0.79680000
vn 0.46240000 -0.19420000 -0.86510000
vn 0.24170000 -0.55370000 -0.79680000
vn 0.28480000 -0.19420000 -0.93870000
vn 0.39250000 -0.55370000 -0.73440000
vn 0.24170000 -0.55370000 -0.79680000
vn 0.39250000 -0.55370000 -0.73440000
vn 0.33410000 -0.70540000 -0.62510000
vn 0.20580000 -0.70540000 -0.67830000
vn 0.39250000 -0.55370000 -0.73440000
vn 0.33410000 -0.70540000 -0.62510000
vn 0.38630000 -0.71870000 -0.57810000
vn 0.52830000 -0.55370000 -0.64370000
vn 0.44970000 -0.70540000 -0.54790000
vn 0.50000000 -0.70710000 -0.50000000
vn 0.52830000 -0.55370000 -0.64370000
vn 0.44970000 -0.70540000 -0.54790000
vn 0.58790000 -0.55560000 -0.58790000
vn 0.77300000 -0.00000000 -0.63440000
vn 0.70710000 -0.00000000 -0.70710000
vn 0.70340000 -0.10190000 -0.70340000
vn 0.76900000 -0.10140000 -0.63110000
vn 0.77050000 -0.19450000 -0.60700000
vn 0.70340000 -0.10190000 -0.70340000
vn 0.67590000 -0.29400000 -0.67580000
vn 0.76900000 -0.10140000 -0.63110000
vn 0.67590000 -0.29400000 -0.67590000
vn 0.73920000 -0.29270000 -0.60660000
vn 0.86510000 -0.19420000 -0.46240000
vn 0.88190000 -0.00610000 -0.47140000
vn 0.77050000 -0.19450000 -0.60700000
vn 0.77300000 -0.00000000 -0.63440000
vn 0.78930000 0.00830000 -0.61390000
vn 0.76900000 -0.10140000 -0.63110000
vn 0.89400000 -0.00000000 -0.44810000
vn 0.86510000 -0.19420000 -0.46240000
vn 0.93870000 -0.19420000 -0.28480000
vn 0.95690000 -0.00000000 -0.29030000
vn 0.88190000 -0.00610000 -0.47140000
vn 0.99510000 0.01050000 -0.09800000
vn 0.94900000 -0.00830000 -0.31520000
vn 0.95690000 -0.00000000 -0.29030000
vn 0.93870000 -0.19420000 -0.28480000
vn 0.97620000 -0.19420000 -0.09610000
vn 0.97620000 -0.19420000 -0.09620000
vn 0.97620000 -0.19420000 -0.09620000
vn 0.99230000 -0.00000000 -0.12400000
vn 0.99510000 0.01050000 -0.09800000
vn 1.00000000 -0.00000000 -0.00000000
vn 0.98080000 -0.19510000 -0.00000000
vn 0.06950000 -0.70540000 -0.70540000
vn -0.00000000 -1.00000000 -0.00000000
vn -0.00000000 -0.70710000 -0.70710000
vn 0.13560000 -0.71870000 -0.68190000
vn -0.00000000 -1.00000000 -0.00000000
vn 0.20580000 -0.70540000 -0.67830000
vn 0.33410000 -0.70540000 -0.62510000
vn 0.38630000 -0.71870000 -0.57810000
vn 0.13560000 -0.71870000 -0.68190000
vn -0.00000000 -1.00000000 -0.00000000
vn 0.44970000 -0.70540000 -0.54790000
vn 0.50000000 -0.70710000 -0.50000000
vn 0.38630000 -0.71870000 -0.57810000
vn -0.00000000 -0.70710000 0.70720000
vn -0.00000000 -1.00000000 -0.00000000
vn -0.00670000 -0.70710000 0.70710000
vn -0.00000000 -0.70710000 0.70710000
vn 0.06950000 -0.70540000 0.70540000
vn -0.00000000 -1.00000000 -0.00000000
vn -0.00000000 -0.70710000 0.70710000
vn 0.13560000 -0.71870000 0.68190000
vn -0.09470000 -0.70680000 0.70110000
vn -0.00000000 -1.00000000 -0.00000000
vn -0.04340000 -0.70700000 0.70590000
vn -0.09480000 -0.70680000 0.70110000
vn -0.04340000 -0.70700000 0.70590000
vn -0.02340000 -0.70570000 0.70810000
vn -0.01900000 -0.70620000 0.70780000
vn -0.00010000 -1.00000000 -0.00000000
vn -0.00000000 -1.00000000 -0.00000000
vn -0.01900000 -0.70620000 0.70780000
vn -0.00670000 -0.70710000 0.70710000
vn -0.00010000 -1.00000000 -0.00000000
vn -0.00000000 -1.00000000 -0.00000000
vn -0.09470000 -0.70680000 0.70110000
vn -0.20670000 -0.70550000 0.67790000
vn -0.00000000 -1.00000000 -0.00000000
vn -0.12960000 -0.70710000 0.69510000
vn -0.34190000 -0.70520000 0.62110000
vn -0.20670000 -0.70550000 0.67790000
vn -0.00000000 -1.00000000 -0.00000000
vn -0.20800000 -0.70520000 0.67780000
vn -0.34220000 -0.70530000 0.62090000
vn -0.41010000 -0.70710000 0.57610000
vn -0.47360000 -0.70500000 0.52780000
vn -0.00000000 -1.00000000 -0.00000000
vn -0.47860000 -0.70680000 0.52100000
vn -0.34220000 -0.70530000 0.62090000
vn -0.00000000 -1.00000000 -0.00000000
vn -0.50490000 -0.70710000 0.49500000
vn -0.47860000 -0.70680000 0.52100000
vn -0.50990000 -0.70710000 0.48990000
vn -0.50500000 -0.70710000 0.49500000
vn -0.50490000 -0.70710000 0.49500000
vn -0.00000000 -1.00000000 -0.00000000
vn -0.00000000 -1.00000000 -0.00000000
vn -0.52980000 -0.70690000 0.46870000
vn -0.56590000 -0.70680000 0.42450000
vn -0.52980000 -0.70690000 0.46870000
vn -0.00010000 -1.00000000 -0.00020000
vn -0.52160000 -0.70580000 0.47940000
vn -0.51530000 -0.70650000 0.48500000
vn -0.00000000 -1.00000000 -0.00000000
vn -0.00010000 -1.00000000 -0.00020000
vn -0.50990000 -0.70710000 0.48990000
vn -0.00000000 -1.00000000 -0.00000000
vn -0.51530000 -0.70650000 0.48500000
vn -0.56590000 -0.70680000 0.42450000
vn -0.56580000 -0.70680000 0.42460000
vn -0.00000000 -1.00000000 -0.00000000
vn -0.62640000 -0.70550000 0.33150000
vn -0.58560000 -0.70720000 0.39630000
vn -0.62710000 -0.70530000 0.33070000
vn -0.62640000 -0.70550000 0.33150000
vn -0.00000000 -1.00000000 -0.00000000
vn -0.68030000 -0.70530000 0.19920000
vn -0.70770000 -0.70510000 0.04460000
vn -0.68030000 -0.70530000 0.19920000
vn -0.00000000 -1.00000000 -0.00000000
vn -0.69660000 -0.70710000 0.12130000
vn -0.70650000 -0.70680000 0.03630000
vn -0.00000000 -1.00000000 -0.00000000
vn -0.70710000 -0.70710000 -0.00000000
vn -0.70650000 -0.70680000 0.03630000
vn -0.70620000 -0.70640000 -0.04690000
vn -0.70710000 -0.70710000 -0.00000000
vn -0.70700000 -0.70720000 -0.00000000
vn -0.00000000 -1.00000000 -0.00000000
vn -0.70620000 -0.70640000 -0.04690000
vn -0.68570000 -0.70650000 -0.17480000
vn -0.70730000 -0.70470000 -0.05510000
vn -0.00000000 -1.00000000 -0.00000000
vn -0.66480000 -0.70690000 -0.24180000
vn -0.68570000 -0.70650000 -0.17480000
vn -0.00000000 -1.00000000 -0.00000000
vn -0.68170000 -0.70240000 -0.20460000
vn -0.62760000 -0.70570000 -0.32870000
vn -0.00000000 -1.00000000 -0.00000000
vn -0.66480000 -0.70690000 -0.24180000
vn -0.65440000 -0.70710000 -0.26780000
vn -0.58910000 -0.70740000 -0.39050000
vn -0.62760000 -0.70570000 -0.32870000
vn -0.55550000 -0.70590000 -0.43950000
vn -0.00000000 -1.00000000 -0.00000000
vn -0.62700000 -0.70520000 -0.33090000
vn -0.55550000 -0.70590000 -0.43950000
vn -0.00000000 -1.00000000 -0.00000000
vn -0.54440000 -0.70300000 -0.45760000
vn -0.51380000 -0.70720000 -0.48570000
vn -0.50490000 -0.70720000 -0.49500000
vn -0.51380000 -0.70720000 -0.48570000
vn -0.00000000 -1.00000000 -0.00000000
vn -0.47310000 -0.70650000 -0.52640000
vn -0.00000000 -1.00000000 -0.00000000
vn -0.50490000 -0.70710000 -0.49500000
vn -0.50490000 -0.70720000 -0.49500000
vn -0.43960000 -0.71460000 -0.54420000
vn -0.18310000 -0.71290000 -0.67700000
vn -0.27940000 -0.70710000 -0.64960000
vn -0.31500000 -0.69620000 -0.64500000
vn -0.34390000 -0.70540000 -0.61980000
vn -0.24460000 -0.70680000 -0.66380000
vn -0.00000000 -1.00000000 -0.00000000
vn -0.00000000 -1.00000000 -0.00000000
vn -0.40910000 -0.71130000 -0.57170000
vn -0.31500000 -0.69620000 -0.64500000
vn -0.43960000 -0.71460000 -0.54420000
vn 0.50000000 -0.70710000 -0.50000000
vn 0.58790000 -0.55560000 -0.58790000
vn 0.54790000 -0.70540000 -0.44970000
vn 0.64370000 -0.55370000 -0.52830000
vn -0.00000000 -1.00000000 -0.00000000
vn 0.57810000 -0.71870000 -0.38630000
vn 0.54790000 -0.70540000 -0.44970000
vn 0.50000000 -0.70710000 -0.50000000
vn 0.62460000 -0.70560000 -0.33480000
vn 0.65310000 -0.70710000 -0.27120000
vn 0.76780000 -0.55550000 -0.31910000
vn 0.73390000 -0.55370000 -0.39340000
vn 0.73550000 -0.55180000 -0.39310000
vn -0.00000000 -1.00000000 -0.00000000
vn 0.68190000 -0.71870000 -0.13560000
vn 0.65310000 -0.70710000 -0.27120000
vn 0.62460000 -0.70560000 -0.33480000
vn 0.67830000 -0.70540000 -0.20580000
vn 0.57810000 -0.71870000 -0.38630000
vn 0.57810000 -0.71870000 -0.38630000
vn 0.62460000 -0.70560000 -0.33480000
vn 0.73390000 -0.55370000 -0.39340000
vn 0.54790000 -0.70540000 -0.44970000
vn 0.64370000 -0.55370000 -0.52830000
vn 0.83150000 -0.55560000 -0.00000000
vn 0.82870000 -0.55370000 -0.08160000
vn 0.70710000 -0.70710000 -0.00000000
vn 0.70540000 -0.70540000 -0.06950000
vn 0.68190000 -0.71870000 -0.13560000
vn 0.70710000 -0.70710000 -0.00000000
vn -0.00000000 -1.00000000 -0.00000000
vn 0.70540000 -0.70540000 -0.06950000
vn 0.79680000 -0.55370000 -0.24170000
vn 0.82870000 -0.55370000 -0.08160000
vn 0.70540000 -0.70540000 -0.06950000
vn 0.68190000 -0.71870000 -0.13560000
vn 0.67830000 -0.70540000 -0.20580000
vn 0.79680000 -0.55370000 -0.24170000
vn 0.65310000 -0.70710000 -0.27120000
vn 0.67830000 -0.70540000 -0.20580000
vn 0.76780000 -0.55550000 -0.31910000
vn 0.79690000 -0.55370000 -0.24170000
vn 0.82870000 -0.55370000 0.08160000
vn 0.70540000 -0.70540000 0.06950000
vn 0.83150000 -0.55560000 -0.00000000
vn 0.70710000 -0.70710000 -0.00000000
vn 0.68190000 -0.71870000 0.13560000
vn 0.70710000 -0.70710000 -0.00000000
vn -0.00000000 -1.00000000 -0.00000000
vn 0.70540000 -0.70540000 0.06950000
vn 0.82870000 -0.55370000 0.08160000
vn 0.79680000 -0.55370000 0.24170000
vn 0.67830000 -0.70540000 0.20580000
vn 0.79690000 -0.55370000 0.24170000
vn 0.68190000 -0.71870000 0.13560000
vn 0.70540000 -0.70540000 0.06950000
vn 0.57810000 -0.71870000 0.38630000
vn 0.67830000 -0.70540000 0.20580000
vn -0.00000000 -1.00000000 -0.00000000
vn 0.68190000 -0.71870000 0.13560000
vn 0.62510000 -0.70540000 0.33410000
vn 0.58790000 -0.55560000 0.58790000
vn 0.64370000 -0.55370000 0.52830000
vn 0.50000000 -0.70710000 0.50000000
vn 0.54790000 -0.70540000 0.44970000
vn 0.50000000 -0.70710000 0.50000000
vn -0.00000000 -1.00000000 -0.00000000
vn 0.54790000 -0.70540000 0.44970000
vn 0.57810000 -0.71870000 0.38630000
vn 0.54790000 -0.70540000 0.44970000
vn 0.57810000 -0.71870000 0.38630000
vn 0.64370000 -0.55370000 0.52830000
vn 0.62510000 -0.70540000 0.33410000
vn 0.73440000 -0.55370000 0.39250000
vn 0.79680000 -0.55370000 0.24170000
vn 0.73440000 -0.55370000 0.39250000
vn 0.67830000 -0.70540000 0.20580000
vn 0.62510000 -0.70540000 0.33410000
vn 0.58790000 -0.55560000 0.58790000
vn 0.50000000 -0.70710000 0.50000000
vn 0.44970000 -0.70540000 0.54790000
vn 0.52830000 -0.55370000 0.64370000
vn 0.38630000 -0.71870000 0.57810000
vn -0.00000000 -1.00000000 -0.00000000
vn 0.50000000 -0.70710000 0.50000000
vn 0.44970000 -0.70540000 0.54790000
vn 0.38630000 -0.71870000 0.57810000
vn 0.33410000 -0.70540000 0.62510000
vn 0.44970000 -0.70540000 0.54790000
vn 0.52830000 -0.55370000 0.64370000
vn 0.39250000 -0.55370000 0.73440000
vn 0.38630000 -0.71870000 0.57810000
vn 0.33410000 -0.70540000 0.62510000
vn 0.20580000 -0.70540000 0.67830000
vn -0.00000000 -1.00000000 -0.00000000
vn 0.13560000 -0.71870000 0.68190000
vn 0.13560000 -0.71870000 0.68190000
vn 0.24170000 -0.55370000 0.79680000
vn 0.20580000 -0.70540000 0.67830000
vn 0.06950000 -0.70540000 0.70540000
vn 0.08160000 -0.55370000 0.82870000
vn 0.20580000 -0.70540000 0.67830000
vn 0.33410000 -0.70540000 0.62510000
vn 0.39250000 -0.55370000 0.73440000
vn 0.24170000 -0.55370000 0.79680000
vn -0.00000000 -1.00000000 -0.00000000
vn 0.09410000 -0.00000000 0.99560000
vn -0.09410000 -0.00000000 0.99560000
vn 0.08410000 0.44820000 0.89000000
vn 0.09410000 -0.00000000 0.99560000
vn 0.17360000 -0.00000000 0.98480000
vn -0.09410000 -0.00000000 0.99560000
vn -0.00000000 -1.00000000 -0.00000000
vn -0.09410000 -0.00000000 0.99560000
vn -0.35350000 -0.00000000 0.93540000
vn -0.35350000 -0.00000000 0.93540000
vn -0.09410000 -0.00000000 0.99560000
vn -0.00000000 -1.00000000 -0.00000000
vn -0.35350000 -0.00000000 0.93540000
vn -0.64940000 -0.00000000 0.76040000
vn -0.35350000 -0.00000000 0.93540000
vn -0.64940000 -0.00000000 0.76040000
vn -0.64950000 -0.00000000 0.76040000
vn -0.64940000 -0.00000000 0.76040000
vn -0.00000000 -1.00000000 -0.00000000
vn -0.86860000 -0.00000000 0.49550000
vn -0.64950000 -0.00000000 0.76040000
vn -0.86860000 -0.00000000 0.49550000
vn -0.64940000 -0.00000000 0.76040000
vn -0.00000000 -1.00000000 -0.00000000
vn -0.98510000 -0.00000000 0.17190000
vn -0.86860000 -0.00000000 0.49550000
vn -0.86860000 -0.00000000 0.49550000
vn -0.98510000 -0.00000000 0.17190000
vn -0.00000000 -1.00000000 -0.00000000
vn -0.98510000 -0.00000000 -0.17190000
vn -0.98510000 -0.00000000 0.17190000
vn -0.98510000 -0.00000000 -0.17190000
vn -0.98510000 -0.00000000 0.17190000
vn -0.98510000 -0.00000000 -0.17190000
vn -0.86860000 -0.00000000 -0.49550000
vn -0.00000000 -1.00000000 -0.00000000
vn -0.98510000 -0.00000000 -0.17190000
vn -0.86860000 -0.00000000 -0.49550000
vn -0.86860000 -0.00000000 -0.49550000
vn -0.64940000 -0.00000000 -0.76040000
vn -0.00000000 -1.00000000 -0.00000000
vn -0.64940000 -0.00000000 -0.76040000
vn -0.86860000 -0.00000000 -0.49550000
vn -0.64940000 -0.00000000 -0.76040000
vn -0.00000000 -1.00000000 -0.00000000
vn -0.35350000 -0.00000000 -0.93540000
vn -0.64940000 -0.00000000 -0.76040000
vn -0.35350000 -0.00000000 -0.93540000
vn -0.35350000 -0.00000000 -0.93540000
vn -0.09410000 -0.00000000 -0.99560000
vn -0.00000000 -1.00000000 -0.00000000
vn -0.09410000 -0.00000000 -0.99560000
vn -0.35350000 -0.00000000 -0.93540000
vn 0.09410000 -0.00000000 -0.99560000
vn -0.09410000 -0.00000000 -0.99560000
vn -0.00000000 -1.00000000 -0.00000000
vn -0.09410000 -0.00000000 -0.99560000
vn 0.09410000 -0.00000000 -0.99560000
vn 0.26560000 -0.00000000 -0.96410000
vn -0.00000000 -1.00000000 -0.00000000
vn 0.35340000 -0.01570000 -0.93530000
vn 0.09410000 -0.00000000 -0.99560000
vn 0.26560000 -0.00000000 -0.96410000
vn 0.09410000 -0.00000000 -0.99560000
vn 0.16760000 0.26220000 -0.95030000
vn 0.42740000 -0.00000000 -0.90410000
vn 0.35340000 -0.01570000 -0.93530000
vn 0.26560000 -0.00000000 -0.96410000
vn 0.42740000 -0.00000000 -0.90410000
vn -0.00000000 -1.00000000 -0.00000000
vn 0.57790000 -0.00000000 -0.81610000
vn 0.64940000 -0.01570000 -0.76030000
vn 0.35340000 -0.01570000 -0.93530000
vn 0.42740000 -0.00000000 -0.90410000
vn 0.57790000 -0.00000000 -0.81610000
vn 0.48240000 0.26290000 -0.83560000
vn 0.57790000 -0.00000000 -0.81610000
vn 0.64940000 -0.01570000 -0.76030000
vn 0.70960000 -0.00000000 -0.70460000
vn 0.86850000 -0.01570000 -0.49540000
vn -0.00000000 -1.00000000 -0.00000000
vn 0.82120000 -0.00000000 -0.57070000
vn 0.70960000 -0.00000000 -0.70460000
vn 0.64940000 -0.01570000 -0.76030000
vn 0.73900000 0.26340000 -0.62010000
vn 0.82120000 -0.00000000 -0.57070000
vn 0.70960000 -0.00000000 -0.70460000
vn 0.82120000 -0.00000000 -0.57070000
vn 0.90700000 -0.00000000 -0.42100000
vn 0.86850000 -0.01570000 -0.49540000
vn -0.00000000 -1.00000000 -0.00000000
vn 0.86850000 -0.01570000 -0.49540000
vn 0.90700000 -0.00000000 -0.42100000
vn 0.96640000 -0.00000000 -0.25710000
vn 0.98500000 -0.01580000 -0.17190000
vn 0.90700000 -0.00000000 -0.42100000
vn 0.96640000 -0.00000000 -0.25710000
vn 0.90640000 0.26370000 -0.32990000
vn 0.99620000 -0.00000000 -0.08720000
vn 0.96640000 -0.00000000 -0.25710000
vn 0.98500000 -0.01580000 -0.17190000
vn 0.99620000 -0.00000000 0.08720000
vn 0.99620000 -0.00000000 -0.08720000
vn 0.98500000 -0.01580000 -0.17190000
vn 0.98500000 -0.01580000 0.17190000
vn -0.00000000 -1.00000000 -0.00000000
vn 0.96460000 0.26380000 -0.00000000
vn 0.99620000 -0.00000000 0.08720000
vn 0.99620000 -0.00000000 -0.08720000
vn 0.96640000 -0.00000000 0.25710000
vn 0.99620000 -0.00000000 0.08720000
vn 0.98500000 -0.01580000 0.17190000
vn 0.96640000 -0.00000000 0.25710000
vn 0.86850000 -0.01570000 0.49540000
vn -0.00000000 -1.00000000 -0.00000000
vn 0.98500000 -0.01580000 0.17190000
vn 0.90700000 -0.00000000 0.42100000
vn 0.90700000 -0.00000000 0.42100000
vn 0.96640000 -0.00000000 0.25710000
vn 0.80010000 0.47100000 0.37140000
vn 0.93970000 -0.00000000 0.34200000
vn 0.82120000 -0.00000000 0.57070000
vn 0.86850000 -0.01570000 0.49540000
vn 0.90700000 -0.00000000 0.42100000
vn 0.80010000 0.47100000 0.37140000
vn 0.64940000 -0.01570000 0.76030000
vn 0.70960000 -0.00000000 0.70460000
vn 0.86850000 -0.01570000 0.49540000
vn 0.82120000 -0.00000000 0.57070000
vn -0.00000000 -1.00000000 -0.00000000
vn 0.70960000 -0.00000000 0.70460000
vn 0.62870000 0.46350000 0.62440000
vn 0.82120000 -0.00000000 0.57070000
vn 0.62870000 0.46350000 0.62440000
vn 0.70960000 -0.00000000 0.70460000
vn 0.64940000 -0.01570000 0.76030000
vn 0.76600000 -0.00000000 0.64280000
vn 0.57790000 -0.00000000 0.81610000
vn -0.00000000 -1.00000000 -0.00000000
vn 0.64940000 -0.01570000 0.76030000
vn 0.42740000 -0.00000000 0.90410000
vn 0.35340000 -0.01570000 0.93530000
vn 0.57790000 -0.00000000 0.81610000
vn 0.08410000 0.44820000 0.89000000
vn 0.09410000 -0.00000000 0.99560000
vn 0.26560000 -0.00000000 0.96410000
vn -0.00000000 -1.00000000 -0.00000000
vn 0.35340000 -0.01570000 0.93530000
vn 0.26560000 -0.00000000 0.96410000
vn 0.09410000 -0.00000000 0.99560000
vn 0.26560000 -0.00000000 0.96410000
vn 0.42740000 -0.00000000 0.90410000
vn 0.35340000 -0.01570000 0.93530000
vn 0.38040000 0.45590000 0.80470000
vn 0.50000000 -0.00000000 0.86600000
vn 0.38040000 0.45590000 0.80470000
vn 0.57790000 -0.00000000 0.81610000
vn 0.42740000 -0.00000000 0.90410000
vn 0.24170000 -0.55370000 0.79680000
vn 0.09610000 -0.19420000 0.97620000
vn 0.09620000 -0.19420000 0.97620000
vn 0.28480000 -0.19420000 0.93870000
vn 0.08160000 -0.55370000 0.82870000
vn 0.28480000 -0.19420000 0.93870000
vn 0.39250000 -0.55370000 0.73440000
vn 0.24170000 -0.55370000 0.79680000
vn 0.46240000 -0.19420000 0.86510000
vn 0.39250000 -0.55370000 0.73440000
vn 0.46240000 -0.19420000 0.86510000
vn 0.52830000 -0.55370000 0.64370000
vn 0.62230000 -0.19420000 0.75830000
vn 0.58790000 -0.55560000 0.58790000
vn 0.62230000 -0.19420000 0.75830000
vn 0.52830000 -0.55370000 0.64370000
vn 0.69350000 -0.19510000 0.69350000
vn 0.69350000 -0.19510000 0.69350000
vn 0.70710000 -0.00000000 0.70710000
vn 0.75830000 -0.19420000 0.62230000
vn 0.77300000 0.01050000 0.63440000
vn 0.78940000 -0.00000000 0.61390000
vn 0.75830000 -0.19420000 0.62230000
vn 0.86510000 -0.19420000 0.46240000
vn 0.77300000 0.01050000 0.63440000
vn 0.89390000 -0.00830000 0.44810000
vn 0.88190000 -0.00000000 0.47140000
vn 0.86510000 -0.19420000 0.46240000
vn 0.93870000 -0.19420000 0.28480000
vn 0.88190000 -0.00000000 0.47140000
vn 0.94900000 -0.00000000 0.31520000
vn 0.95690000 -0.00610000 0.29030000
vn 0.99220000 0.00830000 0.12400000
vn 0.97620000 -0.19420000 0.09620000
vn 0.99520000 -0.00000000 0.09800000
vn 0.95690000 -0.00610000 0.29030000
vn 0.93870000 -0.19420000 0.28480000
vn 0.97620000 -0.19420000 0.09610000
vn 0.98080000 -0.19510000 -0.00000000
vn 0.99520000 -0.00000000 0.09800000
vn 0.97620000 -0.19420000 0.09620000
vn 1.00000000 -0.00000000 -0.00000000
vn 0.58790000 -0.55560000 0.58790000
vn 0.75830000 -0.19420000 0.62230000
vn 0.64370000 -0.55370000 0.52830000
vn 0.69350000 -0.19510000 0.69350000
vn -0.93450000 0.20740000 0.28940000
vn -0.35640000 0.54400000 0.75960000
vn -0.17570000 0.57330000 0.80030000
vn -0.17570000 0.57330000 0.80030000
vn -0.35800000 0.66200000 0.65850000
vn -0.04340000 0.73140000 0.68060000
vn -0.17560000 0.57330000 0.80030000
vn -0.35640000 0.54400000 0.75960000
vn -0.17570000 0.57330000 0.80030000
vn -0.17560000 0.57330000 0.80030000
vn 0.02870000 0.36080000 0.93220000
vn 0.00050000 0.70760000 0.70660000
vn -0.17560000 0.57330000 0.80030000
vn -0.63230000 0.52150000 0.57290000
vn -0.63230000 0.52150000 0.57290000
vn -0.45990000 0.61580000 0.63980000
vn -0.35640000 0.54400000 0.75960000
vn -0.35800000 0.66200000 0.65850000
vn -0.45990000 0.61580000 0.63980000
vn -0.93240000 0.17890000 0.31390000
vn -0.93450000 0.20740000 0.28940000
vn -0.93450000 0.20740000 0.28940000
vn -0.93240000 0.17890000 0.31390000
vn -0.17560000 0.11490000 0.97770000
vn -0.00000000 0.11670000 0.99320000
vn 0.02870000 0.36080000 0.93220000
vn -0.17560000 0.11490000 0.97770000
vn -0.00000000 0.11670000 0.99320000
vn -0.00000000 -0.22250000 0.97490000
vn -0.17560000 0.11490000 0.97770000
vn -0.00000000 -0.17370000 -0.98480000
vn -0.00000000 -0.17370000 -0.98480000
vn -0.00000000 0.18360000 -0.98300000
vn -0.66270000 -0.68060000 -0.31240000
vn -0.66270000 -0.68060000 -0.31240000
vn -0.66270000 -0.68060000 -0.31240000
vn 0.04130000 -0.49960000 0.86530000
vn -0.00000000 -0.71590000 0.69820000
vn -0.19520000 -0.70210000 0.68480000
vn 0.04130000 -0.49960000 0.86530000
vn 0.30350000 -0.72990000 0.61250000
vn -0.19520000 -0.70210000 0.68480000
vn -0.00000000 -0.71590000 0.69820000
vn -0.19580000 -0.81030000 0.55240000
vn 0.30350000 -0.72990000 0.61250000
vn -0.00000000 -0.82630000 0.56330000
vn -0.19520000 -0.70210000 0.68480000
vn -0.19580000 -0.81030000 0.55240000
vn 0.30350000 -0.72990000 0.61250000
vn -0.19340000 -0.92190000 0.33560000
vn -0.19340000 -0.92190000 0.33560000
vn -0.19580000 -0.81030000 0.55240000
vn 0.02480000 -0.93940000 0.34190000
vn -0.00000000 -0.82630000 0.56330000
vn 0.02480000 -0.93940000 0.34190000
vn -0.19340000 -0.92190000 0.33560000
vn -0.03290000 -0.99950000 -0.00000000
vn -0.19340000 -0.98110000 -0.00000000
vn -0.19340000 -0.98110000 -0.00000000
vn -0.19340000 -0.98110000 -0.00000000
vn 0.02480000 -0.93940000 -0.34190000
vn -0.03290000 -0.99950000 -0.00000000
vn -0.19340000 -0.98110000 -0.00000000
vn -0.00000000 -0.82620000 -0.56330000
vn 0.02480000 -0.93940000 -0.34190000
vn -0.19570000 -0.81030000 -0.55240000
vn 0.30350000 -0.72990000 -0.61250000
vn -0.19570000 -0.81030000 -0.55240000
vn -0.00000000 -0.82620000 -0.56330000
vn -0.00000000 -0.71590000 -0.69820000
vn -0.19570000 -0.81030000 -0.55240000
vn 0.30350000 -0.72990000 -0.61250000
vn 0.30350000 -0.72990000 -0.61250000
vn -0.00000000 -0.71590000 -0.69820000
vn -0.00000000 0.18360000 -0.98300000
vn 0.02000000 0.16750000 -0.98570000
vn -0.19610000 0.68410000 -0.70260000
vn 0.00030000 0.70720000 -0.70710000
vn -0.72890000 0.46520000 -0.50230000
vn -0.06400000 0.73190000 -0.67840000
vn -0.19610000 0.68410000 -0.70260000
vn -0.83320000 0.35920000 -0.42050000
vn -0.93590000 0.20050000 -0.28950000
vn -0.99410000 0.01850000 -0.10650000
vn -0.99410000 0.01850000 -0.10650000
vn 0.01160000 0.81620000 -0.57770000
vn 0.00620000 0.36110000 -0.93250000
vn -0.01410000 0.16750000 -0.98580000
vn 0.00620000 0.36110000 -0.93250000
vn 0.00620000 0.36110000 -0.93250000
vn -0.01410000 0.16750000 -0.98580000
vn -0.01410000 0.16750000 -0.98580000
vn -0.00000000 -0.22250000 -0.97490000
vn -0.00000000 0.05550000 -0.99850000
vn -0.00000000 0.05550000 -0.99850000
vn -0.00000000 0.05550000 -0.99850000
vn -0.00000000 -0.22250000 -0.97490000
vn -0.04180000 0.99910000 -0.00000000
vn -0.00000000 0.98400000 -0.17810000
vn -0.00000000 0.94040000 -0.34020000
vn 0.01160000 0.81620000 -0.57770000
vn -0.00000000 0.94040000 -0.34020000
vn 0.01160000 0.81620000 -0.57770000
vn -0.04180000 0.99910000 -0.00000000
vn -0.00000000 0.99770000 0.06790000
vn -0.00000000 0.88060000 0.47390000
vn -0.04180000 0.99910000 -0.00000000
vn -0.00000000 0.98400000 -0.17810000
vn -0.00000000 0.99770000 0.06790000
vn -0.00000000 0.94040000 -0.34020000
vn -0.00000000 0.98400000 -0.17810000
vn -0.00000000 -0.22250000 0.97490000
vn -0.00000000 0.16750000 0.98590000
vn -0.00000000 0.16750000 0.98590000
vn -0.00000000 -0.22250000 0.97490000
vn -0.00000000 0.16750000 0.98590000
vn -0.00000000 0.55090000 0.83460000
vn -0.00000000 0.16750000 0.98590000
vn -0.00000000 0.55090000 0.83460000
vn -0.00000000 0.55090000 0.83460000
vn -0.00000000 0.88060000 0.47390000
vn -0.00000000 0.55090000 0.83460000
vn -0.00000000 0.88060000 0.47390000
vn -0.00000000 0.88060000 0.47390000
vn -0.00000000 0.99770000 0.06790000
vn -0.00000000 -0.22250000 0.97490000
vn -0.00000000 -0.62350000 0.78180000
vn -0.00000000 -0.62350000 0.78180000
vn -0.00000000 -0.22250000 0.97490000
vn -0.00000000 -0.90100000 0.43390000
vn -0.00000000 -0.62350000 0.78180000
vn -0.00000000 -0.90100000 0.43390000
vn -0.00000000 -0.62350000 0.78180000
vn -0.00000000 -1.00000000 -0.00000000
vn -0.00000000 -0.90100000 0.43390000
vn -0.00000000 -1.00000000 -0.00000000
vn -0.00000000 -0.90100000 0.43390000
vn -0.00000000 -1.00000000 -0.00000000
vn -0.00000000 -0.90100000 -0.43390000
vn -0.00000000 -0.90100000 -0.43390000
vn -0.00000000 -1.00000000 -0.00000000
vn -0.00000000 -0.62350000 -0.78180000
vn -0.00000000 -0.90100000 -0.43390000
vn -0.00000000 -0.62350000 -0.78180000
vn -0.00000000 -0.90100000 -0.43390000
vn -0.00000000 -0.22250000 -0.97490000
vn -0.00000000 -0.62350000 -0.78180000
vn -0.00000000 -0.62350000 -0.78180000
vn -0.00000000 -0.22250000 -0.97490000
vn -0.00000000 -0.05550000 -0.99850000
vn -0.00000000 0.25880000 -0.96590000
vn -0.00000000 -0.05550000 -0.99850000
vn -0.00000000 0.25880000 -0.96590000
vn -0.00000000 0.70710000 -0.70710000
vn -0.00000000 0.25880000 -0.96590000
vn -0.00000000 0.25880000 -0.96590000
vn -0.00000000 0.70710000 -0.70710000
vn -0.00000000 0.70710000 -0.70710000
vn -0.00000000 0.96590000 -0.25880000
vn -0.00000000 0.70710000 -0.70710000
vn -0.00000000 0.96590000 -0.25880000
vn -0.00000000 0.96590000 0.25880000
vn -0.00000000 0.96590000 -0.25880000
vn -0.00000000 0.96590000 0.25880000
vn -0.00000000 0.96590000 -0.25880000
vn -0.00000000 0.70710000 0.70710000
vn -0.00000000 0.96590000 0.25880000
vn -0.00000000 0.96590000 0.25880000
vn -0.00000000 0.70710000 0.70710000
vn -0.00000000 0.70710000 0.70710000
vn -0.00000000 0.25880000 0.96590000
vn -0.00000000 0.25880000 0.96590000
vn -0.00000000 0.70710000 0.70710000
vn -0.00000000 -0.16750000 0.98590000
vn -0.00000000 0.25880000 0.96590000
vn -0.00000000 -0.16750000 0.98590000
vn -0.00000000 0.25880000 0.96590000
vn -0.00000000 -0.16750000 -0.98590000
vn -0.00000000 0.22250000 -0.97490000
vn -0.00000000 0.22250000 -0.97490000
vn -0.00000000 -0.16750000 -0.98590000
vn -0.00000000 0.22250000 -0.97490000
vn -0.00000000 0.62350000 -0.78180000
vn -0.00000000 0.22250000 -0.97490000
vn -0.00000000 0.62350000 -0.78180000
vn -0.00000000 0.62350000 -0.78180000
vn -0.00000000 0.90100000 -0.43390000
vn -0.00000000 0.62350000 -0.78180000
vn -0.00000000 0.90100000 -0.43390000
vn -0.00000000 1.00000000 -0.00000000
vn -0.00000000 0.90100000 -0.43390000
vn -0.00000000 1.00000000 -0.00000000
vn -0.00000000 0.90100000 -0.43390000
vn -0.00000000 0.90100000 0.43390000
vn -0.00000000 1.00000000 -0.00000000
vn -0.00000000 0.90100000 0.43390000
vn -0.00000000 1.00000000 -0.00000000
vn -0.00000000 0.62350000 0.78180000
vn -0.00000000 0.90100000 0.43390000
vn -0.00000000 0.90100000 0.43390000
vn -0.00000000 0.62350000 0.78180000
vn -0.00000000 0.62350000 0.78180000
vn -0.00000000 0.22250000 0.97490000
vn -0.00000000 0.22250000 0.97490000
vn -0.00000000 0.62350000 0.78180000
vn -0.00000000 -0.05550000 0.99850000
vn -0.00000000 0.22250000 0.97490000
vn -0.02160000 -0.16750000 0.98560000
vn -0.00000000 -0.05550000 0.99850000
vn -0.00000000 0.22250000 0.97490000
vn -0.00000000 0.16750000 -0.98590000
vn -0.00000000 -0.22250000 -0.97490000
vn -0.00000000 -0.22250000 -0.97490000
vn -0.00000000 0.16750000 -0.98590000
vn -0.00000000 0.16750000 -0.98590000
vn -0.00000000 0.16750000 -0.98590000
vn -0.00000000 -0.62350000 0.78180000
vn -0.00000000 -0.62350000 0.78180000
vn -0.00000000 -0.90100000 0.43390000
vn -0.00000000 -0.62350000 0.78180000
vn -0.00000000 -0.62350000 0.78180000
vn -0.00000000 -0.90100000 0.43390000
vn -0.00000000 -1.00000000 -0.00000000
vn -0.00000000 -0.90100000 0.43390000
vn -0.00000000 -1.00000000 -0.00000000
vn -0.00000000 -0.90100000 0.43390000
vn -0.00000000 -0.90100000 -0.43390000
vn -0.00000000 -1.00000000 -0.00000000
vn -0.00000000 -1.00000000 -0.00000000
vn -0.00000000 -0.90100000 -0.43390000
vn -0.00000000 -0.62350000 -0.78180000
vn -0.00000000 -0.90100000 -0.43390000
vn -0.00000000 -0.90100000 -0.43390000
vn -0.00000000 -0.62350000 -0.78180000
vn -0.00000000 -0.22250000 -0.97490000
vn -0.00000000 -0.62350000 -0.78180000
vn -0.00000000 -0.62350000 -0.78180000
vn -0.00000000 -0.22250000 -0.97490000
vn -0.94230000 -0.33350000 -0.02920000
vn -0.99410000 0.01850000 -0.10650000
vn -0.09350000 0.84820000 -0.52130000
vn -0.06400000 0.73190000 -0.67840000
vn -0.72890000 0.46520000 -0.50230000
vn -0.93590000 0.20050000 -0.28950000
vn -0.94230000 -0.33350000 -0.02920000
vn -0.94230000 -0.33350000 -0.02920000
vn -0.82750000 0.32720000 -0.45630000
vn -0.83320000 0.35920000 -0.42050000
vn -0.72890000 0.46520000 -0.50230000
vn -0.82750000 0.32720000 -0.45630000
vn -0.83320000 0.35920000 -0.42050000
vn -0.93590000 0.20050000 -0.28950000
vn -0.82750000 0.32720000 -0.45630000
vn 0.00030000 0.70720000 -0.70710000
vn -0.19610000 0.68410000 -0.70260000
vn -0.06400000 0.73190000 -0.67840000
vn -0.00000000 0.77190000 -0.63570000
vn -0.00000000 0.77190000 -0.63570000
vn -0.12570000 0.88630000 -0.44570000
vn -0.09350000 0.84820000 -0.52130000
vn -0.09350000 0.84820000 -0.52130000
vn 0.13490000 0.94830000 -0.28710000
vn 0.00720000 0.93020000 -0.36700000
vn -0.39120000 0.82210000 -0.41370000
vn -0.12570000 0.88630000 -0.44570000
vn -0.39120000 0.82210000 -0.41370000
vn -0.20840000 0.88050000 -0.42570000
vn 0.00720000 0.93020000 -0.36700000
vn 0.13490000 0.94830000 -0.28710000
vn 0.01220000 0.95170000 -0.30670000
vn -0.01500000 0.88050000 -0.47380000
vn 0.01220000 0.95170000 -0.30670000
vn -0.29740000 0.93980000 -0.16810000
vn 0.00710000 0.99050000 -0.13700000
vn -0.00560000 0.99330000 -0.11530000
vn 0.13490000 0.94830000 -0.28710000
vn 0.01220000 0.95170000 -0.30670000
vn -0.39120000 0.82210000 -0.41370000
vn -0.29740000 0.93980000 -0.16810000
vn -0.12570000 0.88630000 -0.44570000
vn 0.00720000 0.93020000 -0.36700000
vn -0.20840000 0.88050000 -0.42570000
vn -0.00560000 0.99330000 -0.11530000
vn -0.03930000 0.99210000 0.11900000
vn 0.00710000 0.99050000 -0.13700000
vn -0.29740000 0.93980000 -0.16810000
vn -0.00560000 0.99330000 -0.11530000
vn -0.34700000 0.84450000 0.40800000
vn -0.34700000 0.84450000 0.40800000
vn -0.03930000 0.99210000 0.11900000
vn -0.03930000 0.99210000 0.11900000
vn 0.02150000 0.94640000 0.32230000
vn -0.05080000 0.99870000 -0.00000000
vn -0.90200000 -0.41670000 0.11310000
vn -0.79700000 -0.60310000 -0.03360000
vn -0.90200000 -0.41670000 0.11310000
vn -0.08370000 0.83570000 0.54270000
vn -0.34700000 0.84450000 0.40800000
vn -0.08370000 0.83570000 0.54270000
vn 0.02150000 0.94640000 0.32230000
vn 0.83150000 -0.55560000 -0.00000000
vn 0.97620000 -0.19420000 0.09610000
vn 0.82870000 -0.55370000 0.08160000
vn 0.98080000 -0.19510000 -0.00000000
vn 0.97620000 -0.19420000 0.09620000
vn 0.97620000 -0.19420000 -0.09610000
vn 0.98080000 -0.19510000 -0.00000000
vn 0.82870000 -0.55370000 -0.08160000
vn 0.83150000 -0.55560000 -0.00000000
vn 0.97620000 -0.19420000 -0.09620000
vn 0.86510000 -0.19420000 0.46240000
vn 0.73440000 -0.55370000 0.39250000
vn 0.64370000 -0.55370000 0.52830000
vn 0.75830000 -0.19420000 0.62230000
vn 0.79690000 -0.55370000 0.24170000
vn 0.86510000 -0.19420000 0.46240000
vn 0.93870000 -0.19420000 0.28480000
vn 0.79680000 -0.55370000 0.24170000
vn 0.73440000 -0.55370000 0.39250000
vn 0.82870000 -0.55370000 0.08160000
vn 0.79690000 -0.55370000 0.24170000
vn 0.97620000 -0.19420000 0.09610000
vn 0.93870000 -0.19420000 0.28480000
vn -0.95430000 -0.27660000 0.11340000
vn -0.79700000 -0.60310000 -0.03360000
vn -0.90200000 -0.41670000 0.11310000
vn -0.95430000 -0.27660000 0.11340000
vn -0.93240000 0.17890000 0.31390000
vn -0.82500000 0.31700000 0.46780000
vn -0.72000000 0.44080000 0.53600000
vn -0.82500000 0.31700000 0.46780000
vn -0.72000000 0.44080000 0.53600000
vn -0.63230000 0.52150000 0.57290000
vn -0.45990000 0.61580000 0.63980000
vn -0.20780000 0.72920000 0.65200000
vn -0.35800000 0.66200000 0.65850000
vn -0.04340000 0.73140000 0.68060000
vn 0.00050000 0.70760000 0.70660000
vn 0.00020000 0.77230000 0.63530000
vn -0.20780000 0.72920000 0.65200000
vn -0.04340000 0.73140000 0.68060000
vn -0.20780000 0.72920000 0.65200000
vn -0.08370000 0.83570000 0.54270000
vn 0.00020000 0.77230000 0.63530000
vn -0.72000000 0.44080000 0.53600000
vn -0.82500000 0.31700000 0.46780000
vn -0.95430000 -0.27660000 0.11340000
vn -0.00000000 -0.82620000 -0.56330000
vn -0.00000000 -0.71590000 -0.69820000
vn -0.00000000 0.18360000 -0.98300000
vn 0.02000000 0.16750000 -0.98570000
vn -0.00000000 -0.17370000 -0.98480000
vn 0.02480000 -0.93940000 -0.34190000
vn -0.03290000 -0.99950000 -0.00000000
vn 0.00020000 0.77230000 0.63530000
vn 0.00050000 0.70760000 0.70660000
vn 0.02150000 0.94640000 0.32230000
vn -0.05080000 0.99870000 -0.00000000
vn 0.02870000 0.36080000 0.93220000
vn 0.00710000 0.99050000 -0.13700000
vn -0.05080000 0.99870000 -0.00000000
vn -0.01500000 0.88050000 -0.47380000
vn 0.04130000 -0.49960000 0.86530000
vn -0.00000000 -0.22250000 0.97490000
vn -0.00000000 0.11670000 0.99320000
vn -0.00000000 -0.22250000 0.97490000
vn 0.02000000 0.16750000 -0.98570000
vn 0.00030000 0.70720000 -0.70710000
vn -0.20840000 0.88050000 -0.42570000
vn -0.01500000 0.88050000 -0.47380000
vn -0.00000000 0.77190000 -0.63570000
vn 0.02480000 -0.93940000 0.34190000
vn -0.03290000 -0.99950000 -0.00000000
vn -0.00000000 -0.82630000 0.56330000
vn -0.00000000 -0.71590000 0.69820000
vn 0.77050000 -0.19450000 -0.60700000
vn 0.73390000 -0.55370000 -0.39340000
vn 0.64370000 -0.55370000 -0.52830000
vn 0.86510000 -0.19420000 -0.46240000
vn 0.73920000 -0.29270000 -0.60660000
vn 0.73550000 -0.55180000 -0.39310000
vn 0.73550000 -0.55180000 -0.39310000
vn 0.76780000 -0.55550000 -0.31910000
vn 0.93870000 -0.19420000 -0.28480000
vn 0.79690000 -0.55370000 -0.24170000
vn 0.86510000 -0.19420000 -0.46240000
vn 0.79680000 -0.55370000 -0.24170000
vn 0.93870000 -0.19420000 -0.28480000
vn 0.79690000 -0.55370000 -0.24170000
vn 0.82870000 -0.55370000 -0.08160000
vn 0.97620000 -0.19420000 -0.09610000
vn 0.73920000 -0.29270000 -0.60660000
vn 0.64370000 -0.55370000 -0.52830000
vn 0.67590000 -0.29400000 -0.67580000
vn 0.58790000 -0.55560000 -0.58790000
vn -0.00000000 -0.16750000 0.98590000
vn -0.00000000 -0.55090000 0.83460000
vn -0.01880000 -0.55080000 -0.83440000
vn 0.02210000 -0.27680000 -0.96070000
vn -0.00000000 -0.99770000 0.06780000
vn -0.00000000 -0.88060000 0.47390000
vn -0.04180000 -0.99910000 -0.00000000
vn -0.00000000 -0.55090000 0.83460000
vn -0.00000000 -0.88060000 0.47390000
vn -0.04180000 -0.99910000 -0.00000000
vn -0.00600000 -0.93300000 -0.36000000
vn 0.00390000 -0.98090000 -0.19420000
vn 0.02250000 -0.88040000 -0.47370000
vn -0.01880000 -0.55080000 -0.83440000
vn 0.02250000 -0.88040000 -0.47370000
vn -0.00000000 -0.55090000 -0.83460000
vn -0.00000000 -0.16750000 -0.98590000
vn -0.00000000 -0.88060000 -0.47390000
vn -0.00000000 -0.99770000 -0.06790000
vn -0.04180000 -0.99910000 -0.00000000
vn -0.00000000 -0.98400000 0.17810000
vn -0.00000000 -0.94030000 0.34030000
vn -0.04180000 -0.99910000 -0.00000000
vn -0.00000000 -0.55090000 -0.83460000
vn -0.00000000 -0.88060000 -0.47390000
vn -0.02160000 -0.16750000 0.98560000
vn -0.00000000 -0.16750000 0.98590000
vn -0.00000000 -0.55090000 0.83460000
vn -0.00000000 -0.88060000 0.47390000
vn -0.00000000 -0.55090000 0.83460000
vn -1.00000000 -0.00000000 -0.00000000
vn -0.00000000 -0.88060000 0.47390000
vn -0.00000000 -0.99770000 0.06780000
vn -0.00000000 -0.55090000 -0.83460000
vn -0.00000000 -0.16750000 -0.98590000
vn -0.00000000 -0.88060000 -0.47390000
vn -0.00000000 -0.99770000 -0.06790000
vn 0.09410000 -0.00000000 -0.99560000
vn -0.09410000 -0.00000000 -0.99560000
vn 0.16760000 0.26220000 -0.95030000
vn -0.00000000 -1.00000000 -0.00000000
vn 0.16760000 0.26220000 -0.95030000
vn -0.00000000 -1.00000000 -0.00000000
vn 0.48240000 0.26290000 -0.83560000
vn 0.26560000 -0.00000000 -0.96410000
vn 0.42740000 -0.00000000 -0.90410000
vn 0.57790000 -0.00000000 -0.81610000
vn -0.00010000 -1.00000000 -0.00000000
vn 0.73900000 0.26340000 -0.62010000
vn 0.70960000 -0.00000000 -0.70460000
vn -0.00000000 -1.00000000 -0.00000000
vn 0.48240000 0.26290000 -0.83560000
vn 0.73900000 0.26340000 -0.62010000
vn 0.82120000 -0.00000000 -0.57070000
vn -0.00000000 -1.00000000 -0.00000000
vn -0.00010000 -1.00000000 -0.00020000
vn 0.90700000 -0.00000000 -0.42100000
vn 0.90640000 0.26370000 -0.32990000
vn 0.96640000 -0.00000000 -0.25710000
vn 0.99620000 -0.00000000 -0.08720000
vn -0.00000000 -1.00000000 -0.00000000
vn 0.96460000 0.26380000 -0.00000000
vn 0.90640000 0.26370000 -0.32990000
vn 0.96640000 -0.00000000 0.25710000
vn 0.99620000 -0.00000000 0.08720000
vn -0.00000000 -1.00000000 -0.00000000
vn 0.96460000 0.26380000 -0.00000000
vn 0.80010000 0.47100000 0.37140000
vn 0.93970000 -0.00000000 0.34200000
vn 0.76600000 -0.00000000 0.64280000
vn 0.93970000 -0.00000000 0.34200000
vn 0.62870000 0.46350000 0.62440000
vn 0.82120000 -0.00000000 0.57070000
vn -0.00000000 -1.00000000 -0.00000000
vn 0.57790000 -0.00000000 0.81610000
vn 0.50000000 -0.00000000 0.86600000
vn 0.76600000 -0.00000000 0.64280000
vn -0.00000000 -1.00000000 -0.00000000
vn 0.38040000 0.45590000 0.80470000
vn -0.00040000 -1.00000000 0.00030000
vn 0.26560000 -0.00000000 0.96410000
vn -0.00000000 -1.00000000 -0.00000000
vn 0.50000000 -0.00000000 0.86600000
vn 0.17360000 -0.00000000 0.98480000
vn 0.08410000 0.44820000 0.89000000
vn 0.17360000 -0.00000000 0.98480000
vn -0.00000000 -1.00000000 -0.00000000
vn -0.09410000 -0.00000000 0.99560000
vn -0.35350000 -0.00000000 0.93540000
vn -0.09410000 -0.00000000 0.99560000
vn -0.00000000 -1.00000000 -0.00000000
vn -0.00000000 -1.00000000 -0.00000000
vn -0.64950000 -0.00000000 0.76040000
vn -0.35350000 -0.00000000 0.93540000
vn -0.86860000 -0.00000000 0.49550000
vn -0.00000000 -1.00000000 -0.00000000
vn -0.64950000 -0.00000000 0.76040000
vn -0.00000000 -1.00000000 -0.00000000
vn -0.98510000 -0.00000000 0.17190000
vn -0.86860000 -0.00000000 0.49550000
vn -0.00000000 -1.00000000 -0.00000000
vn -0.98510000 -0.00000000 -0.17190000
vn -0.98510000 -0.00000000 0.17190000
vn -0.98510000 -0.00000000 -0.17190000
vn -0.00000000 -1.00000000 -0.00000000
vn -0.86860000 -0.00000000 -0.49550000
vn -0.86860000 -0.00000000 -0.49550000
vn -0.00000000 -1.00000000 -0.00000000
vn -0.64940000 -0.00000000 -0.76040000
vn -0.64940000 -0.00000000 -0.76040000
vn -0.35350000 -0.00000000 -0.93540000
vn -0.00000000 -1.00000000 -0.00000000
vn -0.09410000 -0.00000000 -0.99560000
vn -0.00000000 -1.00000000 -0.00000000
vn -0.35350000 -0.00000000 -0.93540000
vn -0.00040000 -1.00000000 0.00030000
vn -0.17500000 -0.71140000 -0.68070000
vn -0.18310000 -0.71290000 -0.67700000
vn -0.02290000 -0.70700000 -0.70680000
vn -0.00000000 -1.00000000 -0.00000000
vn -0.05710000 -0.70210000 -0.70980000
vn -0.00000000 -1.00000000 -0.00000000
vn -0.02290000 -0.70700000 -0.70680000
vn -0.00040000 -1.00000000 0.00030000
vn -0.00000000 -0.70710000 -0.70710000
vn 0.94860000 0.31650000 0.00170000
vn 0.98980000 0.14260000 -0.00410000
vn 0.99120000 0.13250000 -0.00000000
vn 0.99440000 -0.10580000 -0.00000000
vn 0.98980000 0.14260000 -0.00410000
vn 0.93580000 -0.35250000 0.00620000
vn 0.82300000 -0.56800000 -0.00460000
vn 0.73080000 -0.68190000 -0.03120000
vn 0.61210000 -0.79080000 0.00810000
vn 0.41430000 -0.91000000 -0.01270000
vn 0.41430000 -0.91000000 -0.01270000
vn 0.20850000 -0.97800000 0.00060000
vn 0.38790000 -0.92170000 0.00060000
vn -0.27720000 -0.96080000 0.00010000
vn -0.32220000 -0.94670000 0.00480000
vn -0.70700000 -0.70720000 0.00500000
vn -0.80270000 -0.59630000 -0.01100000
vn -0.60210000 -0.79830000 -0.01440000
vn 0.12430000 -0.99220000 0.00080000
vn 0.21140000 -0.97740000 0.00030000
vn 0.20850000 -0.97800000 0.00060000
vn -0.03600000 -0.99900000 -0.02540000
vn -0.17280000 -0.98500000 0.00010000
vn -0.27720000 -0.96080000 0.00010000
vn -0.01470000 -0.99930000 -0.03570000
vn -0.03600000 -0.99900000 -0.02540000
vn -0.99440000 0.10580000 -0.00000000
vn -0.99750000 -0.07120000 -0.00000000
vn -0.98970000 -0.14260000 -0.01560000
vn -0.79570000 0.60530000 -0.02030000
vn -0.96240000 0.27000000 -0.02880000
vn -0.79320000 0.60850000 -0.02170000
vn -0.89170000 0.45240000 0.01360000
vn -0.79320000 0.60850000 -0.02170000
vn -0.61050000 0.79200000 0.00030000
vn -0.72140000 0.69250000 0.00030000
vn -0.62670000 0.77920000 0.00560000
vn -0.95130000 -0.30830000 0.00010000
vn -0.98720000 -0.15930000 -0.01180000
vn -0.96710000 -0.25450000 0.00430000
vn -0.98970000 -0.14260000 -0.01560000
vn -0.53270000 0.84630000 -0.00060000
vn -0.62670000 0.77920000 0.00560000
vn -0.41440000 0.91000000 -0.01250000
vn -0.20840000 0.97800000 0.00310000
vn -0.41440000 0.91000000 -0.01250000
vn -0.40240000 0.91540000 -0.00650000
vn 0.27720000 0.96080000 0.00010000
vn 0.27490000 0.96150000 -0.00010000
vn 0.52550000 0.85080000 0.00040000
vn 0.52550000 0.85080000 0.00040000
vn 0.61620000 0.78750000 -0.00870000
vn 0.71960000 0.69440000 0.00300000
vn -0.95130000 -0.30830000 0.00010000
vn -0.89810000 -0.43970000 0.00010000
vn 0.03600000 0.99920000 -0.01740000
vn -0.19300000 0.98120000 0.00550000
vn -0.20840000 0.97800000 0.00310000
vn 0.03600000 0.99920000 -0.01740000
vn 0.17260000 0.98500000 0.00010000
vn -0.00560000 0.99920000 -0.04030000
vn 0.27720000 0.96080000 0.00010000
vn -0.08870000 0.14140000 0.98600000
vn 0.54560000 0.52770000 0.65100000
vn 0.66050000 0.16900000 0.73150000
vn 0.19030000 0.22100000 0.95650000
vn 0.19030000 0.61820000 0.76260000
vn 0.19440000 0.35420000 0.91470000
vn 0.55420000 0.30060000 0.77620000
vn -0.00000000 -0.69690000 -0.71720000
vn 1.00000000 -0.00000000 -0.00000000
vn 0.05140000 -0.51910000 -0.85320000
vn 0.08560000 -0.87410000 -0.47810000
vn -0.00000000 -0.83900000 -0.54410000
vn -0.00000000 -0.20000000 0.97980000
vn 1.00000000 -0.00000000 -0.00000000
vn -0.00000000 -0.41300000 0.91070000
vn 0.08560000 -0.47810000 0.87410000
vn 0.05140000 0.02300000 0.99840000
vn -0.00000000 -0.63470000 0.77280000
vn 0.08560000 -0.47810000 0.87410000
vn -0.00000000 -0.85430000 0.51980000
vn 1.00000000 -0.00000000 -0.00000000
vn -0.00000000 -0.98510000 0.17180000
vn -0.00000000 -0.85430000 0.51980000
vn 0.10260000 -0.99450000 0.02290000
vn 1.00000000 -0.00000000 -0.00000000
vn 0.17630000 -0.77830000 0.60260000
vn -0.00000000 -0.92220000 0.38670000
vn 0.10260000 -0.99450000 0.02290000
vn 0.08560000 -0.87410000 -0.47810000
vn -0.00000000 -0.95130000 -0.30840000
vn 1.00000000 -0.00000000 -0.00000000
vn -0.00000000 -0.99600000 -0.08900000
vn 0.08560000 -0.87410000 -0.47810000
vn -0.00000000 -0.69690000 -0.71720000
vn 1.00000000 -0.00000000 -0.00000000
vn 0.05140000 -0.51910000 -0.85310000
vn -0.00000000 -0.83900000 -0.54410000
vn -0.00000000 -0.98510000 0.17180000
vn 0.17630000 -0.77830000 0.60260000
vn 0.10260000 -0.99450000 0.02290000
vn -0.00000000 -0.85430000 0.51980000
vn 1.00000000 -0.00010000 -0.00000000
vn -0.00000000 -0.92220000 0.38670000
vn -0.00000000 -0.99600000 -0.08900000
vn 1.00000000 -0.00010000 -0.00000000
vn 1.00000000 -0.00000000 -0.00000000
vn 0.10260000 -0.99450000 0.02290000
vn -0.00000000 -0.95120000 -0.30850000
vn 0.08560000 -0.87410000 -0.47810000
vn -0.00000000 -0.85430000 0.51980000
vn 0.08560000 -0.47820000 0.87410000
vn 1.00000000 -0.00000000 -0.00000000
vn 1.00000000 -0.00010000 -0.00000000
vn -0.00000000 -0.63460000 0.77280000
vn 0.08560000 -0.47820000 0.87410000
vn 1.00000000 -0.00000000 -0.00000000
vn 0.05140000 0.02300000 0.99840000
vn -0.00000000 -0.20000000 0.97980000
vn -0.00000000 -0.41300000 0.91070000
vn 0.05140000 -0.51910000 -0.85310000
vn -0.00000000 -0.69690000 -0.71720000
vn 1.00000000 -0.00000000 -0.00000000
vn -0.00000000 -0.83900000 -0.54410000
vn 0.08560000 -0.87410000 -0.47810000
vn 1.00000000 -0.00000000 -0.00000000
vn -0.00000000 0.43780000 0.89910000
vn -0.00000000 0.76320000 0.64610000
vn 0.05140000 0.02300000 0.99840000
vn -0.00000000 0.43780000 0.89910000
vn 1.00000000 -0.00000000 -0.00000000
vn -0.00000000 0.06040000 0.99820000
vn -0.00000000 0.95970000 -0.28100000
vn 1.00000000 -0.00000000 -0.00000000
vn -0.00000000 0.71190000 -0.70220000
vn 1.00000000 -0.00000000 -0.00000000
vn -0.00000000 0.95970000 -0.28100000
vn -0.00000000 0.97830000 0.20730000
vn -0.00000000 0.29420000 -0.95570000
vn -0.00000000 0.71190000 -0.70220000
vn -0.00000000 0.29420000 -0.95580000
vn 1.00000000 -0.00000000 -0.00000000
vn -0.00000000 0.76320000 0.64610000
vn -0.00000000 0.97830000 0.20730000
vn 1.00000000 -0.00000000 -0.00000000
vn -0.00000000 -0.11630000 -0.99320000
vn 1.00000000 -0.00000000 -0.00000000
vn -0.00000000 0.29420000 -0.95580000
vn -0.00000000 -0.11630000 -0.99320000
vn -0.00000000 -0.48750000 -0.87310000
vn 0.05140000 -0.51910000 -0.85310000
vn 1.00000000 -0.00000000 -0.00000000
vn 0.17630000 -0.77830000 0.60260000
vn -0.00000000 -0.98510000 0.17180000
vn 1.00000000 -0.00010000 -0.00000000
vn -0.00000000 -0.92220000 0.38670000
vn 0.10260000 -0.99450000 0.02290000
vn -0.00000000 -0.85430000 0.51980000
vn -0.00000000 -0.99600000 -0.08900000
vn 1.00000000 -0.00000000 -0.00000000
vn -0.00000000 -0.95120000 -0.30850000
vn 0.08560000 -0.87410000 -0.47810000
vn 0.10260000 -0.99450000 0.02290000
vn 1.00000000 -0.00010000 -0.00000000
vn 1.00000000 -0.00000000 -0.00000000
vn 1.00000000 -0.00010000 -0.00000000
vn -0.00000000 -0.63460000 0.77280000
vn -0.00000000 -0.85430000 0.51980000
vn 0.08560000 -0.47810000 0.87410000
vn 0.05140000 0.02300000 0.99840000
vn -0.00000000 -0.20000000 0.97980000
vn -0.00000000 -0.41300000 0.91070000
vn 1.00000000 -0.00000000 -0.00000000
vn 0.08560000 -0.47810000 0.87410000
vn 1.00000000 -0.00000000 -0.00000000
vn -0.00000000 -0.83900000 -0.54410000
vn 0.08560000 -0.87410000 -0.47810000
vn -0.00000000 -0.69690000 -0.71720000
vn 0.05140000 -0.51910000 -0.85310000
vn -0.00000000 -0.98510000 0.17180000
vn -0.00000000 -0.85430000 0.51980000
vn -0.00000000 -0.92220000 0.38670000
vn 0.10260000 -0.99450000 0.02290000
vn 1.00000000 0.00010000 -0.00000000
vn 0.17630000 -0.77830000 0.60260000
vn -0.00000000 -0.95120000 -0.30840000
vn 1.00000000 -0.00000000 -0.00000000
vn 0.08560000 -0.87410000 -0.47810000
vn -0.00000000 -0.99600000 -0.08900000
vn 0.10260000 -0.99450000 0.02290000
vn 1.00000000 0.00010000 -0.00000000
vn -0.00000000 -0.85430000 0.51980000
vn -0.00000000 -0.63470000 0.77280000
vn 1.00000000 -0.00000000 -0.00000000
vn 0.08560000 -0.47810000 0.87410000
vn 1.00000000 0.00010000 -0.00000000
vn -0.00000000 -0.20000000 0.97980000
vn 0.05140000 0.02300000 0.99840000
vn 0.08560000 -0.47810000 0.87410000
vn 1.00000000 -0.00000000 -0.00000000
vn -0.00000000 -0.41300000 0.91070000
vn -0.26060000 -0.08630000 0.96160000
vn -0.00000000 0.00010000 1.00000000
vn -0.00000000 -0.00000000 1.00000000
vn -0.00010000 -0.00030000 1.00000000
vn -0.07940000 -0.00030000 0.99680000
vn -0.07200000 -0.00110000 0.99740000
vn -0.13640000 0.01410000 0.99060000
vn -0.71410000 -0.00000000 0.70010000
vn -0.70120000 -0.00030000 0.71290000
vn -0.71400000 0.00030000 0.70010000
vn -0.70040000 0.00030000 0.71380000
vn -0.69910000 -0.00000000 0.71510000
vn -0.71410000 -0.00000000 0.70010000
vn -0.76160000 -0.00110000 0.64800000
vn -0.76600000 -0.00000000 0.64290000
vn -0.86540000 -0.08060000 0.49460000
vn -0.80040000 0.01310000 0.59930000
vn -0.71410000 -0.00010000 0.70000000
vn -1.00000000 -0.00000000 -0.00000000
vn -0.99980000 -0.00000000 0.01920000
vn -0.99990000 -0.00020000 0.01610000
vn -1.00000000 -0.00010000 -0.00000000
vn -0.71410000 -0.00000000 -0.70010000
vn -0.71410000 -0.00010000 -0.70010000
vn -0.50360000 -0.08630000 -0.85960000
vn -0.61130000 0.01440000 -0.79130000
vn -0.65620000 -0.00000000 -0.75460000
vn -0.66370000 -0.00110000 -0.74800000
vn -0.02150000 -0.00000000 -0.99980000
vn -0.00000000 -0.00000000 -1.00000000
vn -0.78840000 -0.61520000 -0.00000000
vn -0.87050000 -0.49200000 0.01450000
vn -0.78840000 -0.61520000 -0.00000000
vn -0.70710000 -0.70710000 -0.00000000
vn -0.97620000 -0.21690000 -0.00000000
vn -0.83150000 -0.55560000 0.00330000
vn -0.98080000 -0.19510000 -0.00420000
vn -0.87050000 -0.49200000 0.01450000
vn -0.70710000 -0.70710000 -0.00000000
vn -0.70710000 -0.70710000 -0.00000000
vn -0.70710000 -0.70710000 -0.00000000
vn -0.70710000 -0.70710000 -0.00000000
vn -0.70710000 -0.70710000 -0.00000000
vn -0.70710000 -0.70710000 -0.00000000
vn -0.70710000 -0.70710000 -0.00000000
vn -0.70710000 -0.70710000 -0.00000000
vn -0.70710000 -0.70710000 -0.00000000
vn -0.70710000 -0.70710000 -0.00000000
vn -0.78810000 -0.61560000 -0.00000000
vn -0.70710000 -0.70710000 -0.00000000
vn -0.70710000 -0.70710000 -0.00000000
vn -0.89410000 -0.44780000 0.00010000
vn -0.98120000 -0.19290000 -0.00000000
vn -0.98080000 -0.19510000 -0.00040000
vn -0.89410000 -0.44780000 0.00010000
vn -0.83150000 -0.55550000 -0.00720000
vn -0.78810000 -0.61560000 -0.00000000
vn -0.03050000 -0.83600000 -0.54790000
vn 0.99620000 0.08600000 0.01380000
vn 0.98080000 0.19510000 -0.00000000
vn -0.02200000 -0.65890000 -0.75190000
vn 1.00000000 -0.00000000 -0.00000000
vn 0.01520000 -0.73920000 -0.67330000
vn 0.99620000 0.08600000 0.01380000
vn -0.01170000 -0.94880000 -0.31580000
vn -0.03050000 -0.83600000 -0.54790000
vn 0.98430000 0.17640000 0.00660000
vn 0.01450000 -0.87050000 -0.49200000
vn 0.00040000 -0.95510000 -0.29640000
vn -0.01170000 -0.94880000 -0.31580000
vn 0.97670000 0.21460000 0.00430000
vn 0.98430000 0.17640000 0.00660000
vn 0.00030000 -0.98600000 -0.16700000
vn 0.02870000 -0.99670000 -0.07640000
vn 0.96720000 0.25390000 -0.00200000
vn -0.03800000 -0.99880000 0.03040000
vn 0.97670000 0.21460000 0.00430000
vn 0.95680000 0.29070000 -0.00000000
vn 0.00030000 -0.98600000 -0.16700000
vn -0.00660000 -0.81900000 0.57380000
vn 1.00000000 -0.00000000 -0.00000000
vn 0.15800000 -0.65080000 0.74260000
vn 0.99850000 0.05470000 -0.00000000
vn 0.99850000 0.05470000 -0.00000000
vn -0.00660000 -0.81900000 0.57380000
vn 0.98570000 0.16860000 -0.00700000
vn 0.98080000 0.19510000 -0.00470000
vn 0.00910000 -0.93540000 0.35350000
vn -0.01320000 -0.94390000 0.32990000
vn -0.03800000 -0.99880000 0.03040000
vn -0.01320000 -0.94390000 0.32990000
vn 0.98570000 0.16860000 -0.00700000
vn 0.96720000 0.25390000 -0.00200000
vn 0.00660000 -0.99060000 0.13650000
vn -0.00000000 0.62690000 0.77910000
vn -0.00000000 0.40390000 0.91480000
vn 1.00000000 -0.00000000 -0.00000000
vn 1.00000000 -0.00000000 -0.00000000
vn -0.00000000 0.40390000 0.91480000
vn -0.00000000 0.15330000 0.98820000
vn -0.00000000 -0.15330000 -0.98820000
vn -0.00000000 -0.40390000 -0.91480000
vn 1.00000000 -0.00000000 -0.00000000
vn -0.00000000 -0.10760000 0.99420000
vn 1.00000000 -0.00000000 -0.00000000
vn -0.00000000 0.15330000 0.98820000
vn -0.00000000 0.98820000 -0.15330000
vn -0.00000000 0.99420000 0.10760000
vn 1.00000000 -0.00000000 -0.00000000
vn -0.00000000 0.93250000 0.36130000
vn 1.00000000 -0.00000000 -0.00000000
vn -0.00000000 0.99420000 0.10760000
vn 1.00000000 -0.00000000 -0.00000000
vn -0.00000000 -0.98820000 0.15330000
vn -0.00000000 -0.91480000 0.40390000
vn -0.00000000 -0.77910000 0.62690000
vn 1.00000000 -0.00000000 -0.00000000
vn -0.00000000 -0.91480000 0.40390000
vn -0.00000000 -0.77910000 0.62690000
vn 1.00000000 -0.00000000 -0.00000000
vn -0.00000000 -0.59030000 0.80720000
vn -0.00000000 -0.40390000 -0.91480000
vn 1.00000000 -0.00000000 -0.00000000
vn -0.00000000 -0.62690000 -0.77910000
vn 1.00000000 -0.00000000 -0.00000000
vn -0.00000000 -0.80720000 -0.59030000
vn -0.00000000 -0.62690000 -0.77910000
vn 1.00000000 -0.00000000 -0.00000000
vn -0.00000000 -0.80720000 -0.59030000
vn -0.00000000 -0.93250000 -0.36130000
vn -0.00000000 -0.15330000 -0.98820000
vn -0.00000000 0.10760000 -0.99420000
vn 1.00000000 -0.00000000 -0.00000000
vn 1.00000000 -0.00000000 -0.00000000
vn -0.00000000 0.10760000 -0.99420000
vn -0.00000000 0.36130000 -0.93250000
vn -0.00000000 0.59030000 -0.80720000
vn -0.00000000 0.36130000 -0.93250000
vn 1.00000000 -0.00000000 -0.00000000
vn -0.00000000 0.77910000 -0.62690000
vn 1.00000000 -0.00000000 -0.00000000
vn -0.00000000 0.59030000 -0.80720000
vn 1.00000000 -0.00000000 -0.00000000
vn -0.00000000 -0.36130000 0.93250000
vn -0.00000000 -0.10760000 0.99420000
vn -0.00000000 -0.36130000 0.93250000
vn -0.00000000 -0.59030000 0.80720000
vn 1.00000000 -0.00000000 -0.00000000
vn 1.00000000 -0.00000000 -0.00000000
vn -0.00000000 -0.98820000 0.15330000
vn -0.00000000 -0.99420000 -0.10760000
vn -0.00000000 -0.99420000 -0.10760000
vn -0.00000000 -0.93250000 -0.36130000
vn 1.00000000 -0.00000000 -0.00000000
vn -0.00000000 0.77910000 -0.62690000
vn -0.00000000 0.91480000 -0.40390000
vn 1.00000000 -0.00000000 -0.00000000
vn 1.00000000 -0.00000000 -0.00000000
vn -0.00000000 0.98820000 -0.15330000
vn -0.00000000 0.91480000 -0.40390000
vn -0.00000000 0.93250000 0.36130000
vn -0.00000000 0.80720000 0.59030000
vn 1.00000000 -0.00000000 -0.00000000
vn -0.00000000 0.62690000 0.77910000
vn 1.00000000 -0.00000000 -0.00000000
vn -0.00000000 0.80720000 0.59030000
vn 1.00000000 -0.00000000 -0.00000000
vn -0.00000000 -0.61860000 -0.78570000
vn -0.00000000 -0.97940000 -0.20210000
vn -0.02200000 -0.65890000 -0.75190000
vn -0.00000000 -0.97940000 -0.20210000
vn -0.00000000 -0.91440000 -0.40490000
vn 1.00000000 -0.00000000 -0.00000000
vn -0.00000000 -0.91440000 -0.40490000
vn 1.00000000 -0.00000000 -0.00000000
vn -0.00000000 -0.80780000 -0.58940000
vn 1.00000000 -0.00000000 -0.00000000
vn -0.00000000 -0.80780000 -0.58940000
vn -0.00000000 -0.66470000 -0.74710000
vn -0.00000000 -0.80790000 0.58940000
vn 1.00000000 -0.00000000 -0.00000000
vn -0.00000000 -0.80780000 0.58940000
vn -0.00000000 -0.66470000 0.74710000
vn 1.00000000 -0.00000000 -0.00000000
vn -0.00000000 -0.91440000 0.40490000
vn -0.00000000 -0.80790000 0.58940000
vn 1.00000000 -0.00010000 -0.00000000
vn 1.00000000 -0.00010000 -0.00000000
vn 1.00000000 -0.00000000 -0.00000000
vn -0.00000000 -0.97940000 0.20210000
vn -0.00000000 -0.91440000 0.40490000
vn 0.15800000 -0.65080000 0.74260000
vn -0.00890000 -0.74270000 0.66960000
vn -0.00000000 -0.56990000 0.82170000
vn -0.00000000 -0.97940000 0.20210000
vn 1.00000000 -0.00000000 -0.00000000
vn -0.00000000 -0.00000000 -1.00000000
vn -0.00000000 -0.18670000 -0.98240000
vn 1.00000000 -0.00000000 -0.00000000
vn -0.00000000 0.18670000 -0.98240000
vn 1.00000000 -0.00000000 -0.00000000
vn -0.00000000 -0.00000000 -1.00000000
vn -0.00000000 -0.18670000 -0.98240000
vn 1.00000000 -0.00000000 -0.00000000
vn -0.00000000 -0.27950000 -0.96020000
vn -0.00000000 -0.34840000 -0.93740000
vn 1.00000000 -0.00000000 -0.00000000
vn -0.00000000 -0.27950000 -0.96020000
vn -0.00000000 0.18670000 -0.98240000
vn -0.00000000 0.34690000 -0.93790000
vn 1.00000000 -0.00000000 -0.00000000
vn 1.00000000 -0.00000000 -0.00000000
vn -0.00000000 1.00000000 -0.00000000
vn 0.95280000 -0.00000000 0.30370000
vn -0.00000000 1.00000000 -0.00000000
vn 0.88060000 -0.00000000 -0.47390000
vn 1.00000000 -0.00000000 -0.00000000
vn -0.00000000 1.00000000 -0.00000000
vn 0.00020000 1.00000000 -0.00110000
vn -0.00010000 1.00000000 0.00030000
vn -0.00000000 1.00000000 0.00010000
vn -0.00000000 1.00000000 -0.00010000
vn 0.00010000 1.00000000 -0.00020000
vn -0.00000000 1.00000000 -0.00000000
vn 0.16750000 -0.00000000 -0.98590000
vn -0.16750000 -0.00000000 -0.98590000
vn 0.55090000 -0.00000000 -0.83460000
vn 0.16750000 -0.00000000 -0.98590000
vn -0.00000000 1.00000000 -0.00000000
vn 0.55090000 -0.00000000 -0.83460000
vn -0.00000000 1.00000000 -0.00000000
vn 0.88060000 -0.00000000 -0.47390000
vn -0.95280000 -0.00000000 0.30370000
vn -1.00000000 -0.00000000 -0.00000000
vn -0.00000000 1.00000000 -0.00000000
vn -0.00000000 1.00000000 -0.00000000
vn -0.88060000 -0.00000000 -0.47390000
vn -1.00000000 -0.00000000 -0.00000000
vn -0.55090000 -0.00000000 -0.83460000
vn -0.88060000 -0.00000000 -0.47390000
vn -0.00000000 1.00000000 -0.00000000
vn -0.16750000 -0.00000000 -0.98590000
vn -0.00000000 1.00000000 -0.00000000
vn -0.55090000 -0.00000000 -0.83460000
vn -0.74180000 -0.00000000 0.67060000
vn -0.00000000 1.00000000 -0.00000000
vn -0.55080000 0.01440000 0.83450000
vn -0.66840000 -0.00020000 0.74380000
vn -0.74220000 -0.00000000 0.67020000
vn -0.00000000 1.00000000 -0.00000000
vn -0.03440000 -0.00000000 0.99940000
vn 0.16750000 -0.00000000 0.98590000
vn -0.16750000 0.00500000 0.98590000
vn 0.16750000 -0.00000000 0.98590000
vn -0.00000000 1.00000000 -0.00000000
vn 0.63560000 0.02520000 0.77160000
vn 0.13300000 0.00640000 0.99110000
vn 0.55090000 0.00210000 0.83460000
vn 0.38830000 -0.00370000 0.92150000
vn -0.00000000 1.00000000 -0.00000000
vn 0.74180000 -0.00000000 0.67060000
vn 0.73690000 -0.00010000 0.67600000
vn 0.55090000 0.00210000 0.83460000
vn -0.20230000 -0.00010000 0.97930000
vn -0.16750000 0.00500000 0.98590000
vn -0.55080000 0.01440000 0.83450000
vn -0.46600000 0.00020000 0.88480000
vn -0.00000000 1.00000000 -0.00000000
vn -0.16750000 -0.00000000 -0.98590000
vn -0.00000000 1.00000000 -0.00000000
vn -0.55090000 -0.00000000 -0.83460000
vn -0.55090000 -0.00000000 -0.83460000
vn -0.00000000 1.00000000 -0.00000000
vn -0.88060000 -0.00000000 -0.47390000
vn -0.88060000 -0.00000000 -0.47390000
vn -0.00000000 1.00000000 -0.00000000
vn -1.00000000 -0.00000000 -0.00000000
vn -0.00000000 1.00000000 -0.00000000
vn 0.16750000 -0.00000000 -0.98590000
vn 0.55090000 -0.00000000 -0.83460000
vn -0.16750000 -0.00000000 -0.98590000
vn 0.16750000 -0.00000000 -0.98590000
vn -0.00000000 1.00000000 -0.00000000
vn -0.87830000 0.01990000 0.47780000
vn -0.95280000 -0.00000000 0.30370000
vn -1.00000000 -0.00000000 -0.00000000
vn -0.00000000 1.00000000 -0.00000000
vn -0.88300000 0.01630000 0.46900000
vn 0.55090000 -0.00000000 -0.83460000
vn -0.00000000 1.00000000 -0.00000000
vn 0.88060000 -0.00000000 -0.47390000
vn 0.88060000 -0.00000000 -0.47390000
vn 1.00000000 -0.00000000 -0.00000000
vn -0.00000000 1.00000000 -0.00000000
vn 0.88310000 -0.00770000 0.46910000
vn 0.91590000 0.01100000 0.40120000
vn 0.88760000 0.02290000 0.46010000
vn 0.95280000 -0.00000000 0.30370000
vn 0.84990000 0.04020000 0.52550000
vn 0.79750000 0.07270000 0.59900000
vn 1.00000000 -0.00000000 -0.00000000
vn -0.00000000 1.00000000 -0.00000000
vn -0.00000000 0.70720000 -0.70710000
vn 0.88310000 -0.00770000 0.46910000
vn -0.00000000 0.70710000 -0.70710000
vn 0.55090000 0.00210000 0.83460000
vn 0.63560000 0.02520000 0.77160000
vn 0.73690000 -0.00010000 0.67600000
vn 0.79750000 0.07270000 0.59900000
vn 0.63560000 0.02520000 0.77160000
vn -0.00000000 0.70710000 -0.70710000
vn 0.38830000 -0.00370000 0.92150000
vn 0.16750000 -0.00000000 0.98590000
vn -0.03440000 -0.00000000 0.99940000
vn 0.13300000 0.00640000 0.99110000
vn -0.00000000 0.70710000 -0.70710000
vn -0.00020000 0.70810000 -0.70610000
vn 0.13300000 0.00640000 0.99110000
vn 0.38830000 -0.00370000 0.92150000
vn -0.00000000 0.70710000 -0.70710000
vn -0.16750000 0.00500000 0.98590000
vn -0.00000000 0.70710000 -0.70710000
vn -0.00020000 0.70810000 -0.70610000
vn -0.20230000 -0.00010000 0.97930000
vn -0.03440000 -0.00000000 0.99940000
vn -0.00000000 0.70720000 -0.70700000
vn -0.00000000 0.70710000 -0.70710000
vn -0.74220000 -0.00000000 0.67020000
vn -0.77180000 -0.00030000 0.63590000
vn -0.66840000 -0.00020000 0.74380000
vn -0.55080000 0.01440000 0.83450000
vn -0.66840000 -0.00020000 0.74380000
vn -0.00000000 0.70710000 -0.70710000
vn -0.46600000 0.00020000 0.88480000
vn -0.00000000 0.70710000 -0.70710000
vn -0.20230000 -0.00010000 0.97930000
vn -0.46600000 0.00020000 0.88480000
vn -0.00000000 -0.43780000 -0.89910000
vn 1.00000000 -0.00000000 -0.00000000
vn -0.00000000 -0.76320000 -0.64610000
vn 1.00000000 -0.00000000 -0.00000000
vn -0.00000000 -0.02300000 -0.99970000
vn -0.00000000 -0.43780000 -0.89910000
vn -0.00000000 0.47990000 -0.87730000
vn -0.00000000 -0.02300000 -0.99970000
vn 1.00000000 -0.00000000 -0.00000000
vn 0.14770000 -0.11500000 -0.98230000
vn -0.00000000 0.14480000 -0.98950000
vn 1.00000000 -0.00000000 -0.00000000
vn -0.00000000 -0.71190000 0.70220000
vn -0.00000000 -0.29420000 0.95580000
vn 1.00000000 -0.00000000 -0.00000000
vn -0.00000000 -0.95970000 0.28100000
vn -0.00000000 -0.71190000 0.70220000
vn -0.00000000 -0.71200000 0.70220000
vn -0.00000000 -0.95970000 0.28100000
vn 1.00000000 -0.00000000 -0.00000000
vn -0.00000000 -0.97830000 -0.20730000
vn -0.00000000 0.91780000 -0.39700000
vn 0.19330000 0.76900000 -0.60930000
vn -0.00000000 0.98700000 -0.16070000
vn 0.10440000 0.99430000 -0.02290000
vn -0.00000000 0.85430000 -0.51980000
vn 1.00000000 -0.00000000 -0.00000000
vn 0.10440000 0.99430000 -0.02290000
vn -0.00000000 0.99500000 0.10020000
vn -0.00000000 0.94030000 0.34030000
vn 0.10170000 0.87280000 0.47740000
vn 1.00000000 -0.00000000 -0.00000000
vn 0.17070000 0.37650000 -0.91060000
vn -0.00000000 0.47990000 -0.87730000
vn -0.00000000 0.60830000 -0.79370000
vn -0.00000000 0.85430000 -0.51980000
vn 1.00000000 -0.00000000 -0.00000000
vn 0.09620000 0.51740000 0.85030000
vn 0.10170000 0.87280000 0.47740000
vn 1.00000000 -0.00000000 -0.00000000
vn -0.00000000 0.82020000 0.57210000
vn -0.00000000 0.65560000 0.75510000
vn 0.09620000 0.51740000 0.85030000
vn -0.00000000 0.11630000 0.99320000
vn -0.00000000 0.43780000 0.89910000
vn 1.00000000 -0.00000000 -0.00000000
vn -0.00000000 0.11630000 0.99320000
vn 1.00000000 -0.00000000 -0.00000000
vn -0.00000000 -0.29420000 0.95580000
vn 1.00000000 -0.00000000 -0.00000000
vn -0.00000000 -0.76320000 -0.64610000
vn -0.00000000 -0.97830000 -0.20730000
vn 0.14770000 -0.11500000 -0.98230000
vn 0.70210000 -0.08280000 -0.70730000
vn -0.00000000 -0.02300000 -0.99970000
vn -0.00000000 -0.43780000 -0.89910000
vn 0.70210000 -0.31180000 -0.64020000
vn -0.00000000 -0.43780000 -0.89910000
vn -0.00000000 -0.76320000 -0.64610000
vn 0.69610000 -0.54790000 -0.46390000
vn 0.70210000 -0.31180000 -0.64020000
vn 0.69610000 -0.70230000 -0.14880000
vn 0.69610000 -0.54790000 -0.46390000
vn -0.00000000 -0.97830000 -0.20730000
vn -0.00000000 -0.76320000 -0.64610000
vn 0.69610000 -0.68900000 0.20170000
vn 0.69610000 -0.70230000 -0.14880000
vn 0.69620000 -0.68900000 0.20170000
vn -0.00000000 -0.97830000 -0.20730000
vn -0.00000000 -0.95970000 0.28100000
vn 0.69620000 -0.68900000 0.20170000
vn 0.69610000 -0.51110000 0.50410000
vn -0.00000000 -0.95970000 0.28100000
vn -0.00000000 -0.71200000 0.70220000
vn -0.00000000 -0.71200000 0.70220000
vn -0.00000000 -0.29420000 0.95580000
vn 0.69610000 -0.51110000 0.50410000
vn 0.70670000 -0.33680000 0.62220000
vn 0.71120000 -0.20680000 0.67190000
vn -0.00000000 -0.71190000 0.70220000
vn 0.70210000 0.08280000 0.70730000
vn 0.71120000 -0.20680000 0.67190000
vn -0.00000000 0.11630000 0.99320000
vn 0.70010000 -0.17610000 0.69190000
vn -0.00000000 -0.29420000 0.95580000
vn -0.00000000 0.11630000 0.99320000
vn -0.00000000 0.43780000 0.89910000
vn 0.70210000 0.31180000 0.64030000
vn 0.70210000 0.08280000 0.70730000
vn 1.00000000 -0.00000000 -0.00000000
vn -0.00000000 -0.76320000 -0.64610000
vn -0.00000000 -0.43780000 -0.89910000
vn -0.00000000 -0.02310000 -0.99970000
vn 1.00000000 -0.00000000 -0.00000000
vn -0.00000000 -0.43780000 -0.89910000
vn -0.00000000 0.47990000 -0.87730000
vn -0.00000000 -0.02310000 -0.99970000
vn 1.00000000 -0.00000000 -0.00000000
vn 1.00000000 -0.00000000 -0.00000000
vn -0.00000000 -0.71190000 0.70220000
vn -0.00000000 -0.29420000 0.95570000
vn -0.00000000 -0.71190000 0.70220000
vn -0.00000000 -0.95970000 0.28100000
vn 1.00000000 -0.00000000 -0.00000000
vn -0.00000000 -0.95970000 0.28100000
vn -0.00000000 -0.97830000 -0.20730000
vn 1.00000000 -0.00000000 -0.00000000
vn 1.00000000 -0.00000000 -0.00000000
vn -0.00000000 0.85430000 -0.51980000
vn -0.00000000 0.99970000 -0.02310000
vn -0.00000000 0.87730000 0.47990000
vn -0.00000000 0.99970000 -0.02310000
vn 1.00000000 -0.00000000 -0.00000000
vn -0.00000000 0.85430000 -0.51980000
vn -0.00000000 0.47990000 -0.87730000
vn 1.00000000 -0.00000000 -0.00000000
vn -0.00000000 0.51980000 0.85430000
vn -0.00000000 0.87730000 0.47990000
vn 1.00000000 -0.00000000 -0.00000000
vn -0.00000000 0.51980000 0.85430000
vn -0.00000000 0.11630000 0.99320000
vn 1.00000000 -0.00000000 -0.00000000
vn -0.00000000 -0.29420000 0.95570000
vn -0.00000000 0.11630000 0.99320000
vn 1.00000000 -0.00000000 -0.00000000
vn -0.00000000 -0.76320000 -0.64610000
vn -0.00000000 -0.97830000 -0.20730000
vn 1.00000000 -0.00000000 -0.00000000
vn 0.69470000 -0.01660000 -0.71910000
vn 0.70210000 -0.31180000 -0.64020000
vn -0.00000000 -0.02310000 -0.99970000
vn -0.00000000 -0.43780000 -0.89910000
vn 0.70210000 -0.31180000 -0.64020000
vn -0.00000000 -0.43780000 -0.89910000
vn -0.00000000 -0.76320000 -0.64610000
vn 0.69610000 -0.54790000 -0.46390000
vn -0.00000000 -0.97830000 -0.20730000
vn 0.69620000 -0.70230000 -0.14880000
vn 0.69610000 -0.70230000 -0.14880000
vn -0.00000000 -0.76320000 -0.64610000
vn 0.69610000 -0.54790000 -0.46390000
vn 0.69610000 -0.68900000 0.20170000
vn -0.00000000 -0.95970000 0.28100000
vn -0.00000000 -0.97830000 -0.20730000
vn 0.69610000 -0.70230000 -0.14880000
vn -0.00000000 -0.95970000 0.28100000
vn 0.69610000 -0.68900000 0.20170000
vn 0.69610000 -0.51110000 0.50410000
vn -0.00000000 -0.71190000 0.70220000
vn 0.69610000 -0.21120000 0.68610000
vn -0.00000000 -0.29420000 0.95570000
vn 0.69610000 -0.51110000 0.50410000
vn -0.00000000 -0.71190000 0.70220000
vn -0.00000000 0.11630000 0.99320000
vn 0.70210000 0.08280000 0.70730000
vn -0.00000000 -0.29420000 0.95570000
vn 0.69610000 -0.21120000 0.68610000
vn -0.00000000 0.51980000 0.85430000
vn 0.70210000 0.08280000 0.70730000
vn 0.71980000 0.36090000 0.59310000
vn 0.70270000 0.30480000 0.64290000
vn -0.00000000 0.11630000 0.99320000
vn -0.00000000 0.43780000 0.89910000
vn 0.70550000 0.46460000 0.53510000
vn 0.70210000 0.31180000 0.64030000
vn 0.09620000 0.51740000 0.85030000
vn -0.00000000 0.65560000 0.75510000
vn 0.70550000 0.46460000 0.53510000
vn 0.70290000 0.58340000 0.40690000
vn -0.00000000 0.65560000 0.75510000
vn -0.00000000 0.82020000 0.57210000
vn 0.68350000 0.55710000 0.47170000
vn -0.00000000 0.94030000 0.34030000
vn 0.70070000 0.68830000 0.18770000
vn 0.10170000 0.87280000 0.47740000
vn -0.00000000 0.82020000 0.57210000
vn 0.68020000 0.68930000 0.24940000
vn 0.70290000 0.58340000 0.40690000
vn -0.00000000 0.99500000 0.10020000
vn -0.00000000 0.94030000 0.34030000
vn 0.70370000 0.70690000 0.07120000
vn 0.71560000 0.69840000 0.01360000
vn 0.68020000 0.68930000 0.24940000
vn 0.70440000 0.70060000 -0.11410000
vn 0.10440000 0.99430000 -0.02290000
vn 0.70370000 0.70690000 0.07120000
vn -0.00000000 0.98700000 -0.16070000
vn -0.00000000 0.99500000 0.10020000
vn -0.00000000 0.91780000 -0.39700000
vn 0.70440000 0.65150000 -0.28180000
vn 0.70440000 0.70060000 -0.11410000
vn -0.00000000 0.98700000 -0.16070000
vn 0.68260000 0.70130000 -0.20540000
vn -0.00000000 0.60830000 -0.79370000
vn 0.19330000 0.76900000 -0.60930000
vn 0.65870000 0.58970000 -0.46730000
vn 0.70500000 0.43140000 -0.56290000
vn -0.00000000 0.85430000 -0.51980000
vn 0.69610000 0.51110000 -0.50410000
vn -0.00000000 0.91780000 -0.39700000
vn 0.19330000 0.76900000 -0.60930000
vn 0.65870000 0.58970000 -0.46730000
vn 0.70440000 0.65150000 -0.28180000
vn 0.70210000 -0.08280000 -0.70730000
vn 0.14770000 -0.11500000 -0.98230000
vn 0.70560000 0.10260000 -0.70120000
vn -0.00000000 0.14480000 -0.98950000
vn -0.00000000 0.14480000 -0.98950000
vn 0.17070000 0.37650000 -0.91060000
vn -0.00000000 0.47990000 -0.87730000
vn 0.66450000 0.28560000 -0.69060000
vn 0.70560000 0.10260000 -0.70120000
vn 0.17070000 0.37650000 -0.91060000
vn 0.69610000 0.21120000 -0.68610000
vn 0.66450000 0.28560000 -0.69060000
vn 0.70500000 0.43140000 -0.56290000
vn -0.00000000 0.60830000 -0.79370000
vn 0.70210000 0.08280000 0.70730000
vn 0.05260000 0.43720000 0.89780000
vn -0.00000000 0.40640000 0.91370000
vn -0.00000000 0.25760000 0.96620000
vn 0.03300000 0.11620000 0.99270000
vn 0.70210000 0.31180000 0.64030000
vn 0.70210000 0.08280000 0.70730000
vn -0.01280000 -0.14620000 0.98920000
vn 0.11750000 0.17720000 0.97710000
vn 0.05990000 -0.24630000 0.96740000
vn 0.03300000 0.11620000 0.99270000
vn 0.70010000 -0.17610000 0.69190000
vn 0.01340000 0.08030000 0.99670000
vn -0.00000000 0.87730000 0.47990000
vn 0.71980000 0.36090000 0.59310000
vn 0.69470000 0.63100000 0.34520000
vn 0.70520000 0.45920000 0.54030000
vn -0.00000000 0.51980000 0.85430000
vn -0.00000000 0.87730000 0.47990000
vn 0.69470000 0.71910000 -0.01660000
vn -0.00000000 0.99970000 -0.02310000
vn 0.69470000 0.63100000 0.34520000
vn -0.00000000 0.99970000 -0.02310000
vn 0.69470000 0.71910000 -0.01660000
vn 0.70150000 0.63780000 -0.31810000
vn -0.00000000 0.85430000 -0.51980000
vn 0.71760000 0.59500000 -0.36200000
vn 0.70590000 0.44610000 -0.55010000
vn 0.70590000 0.53050000 -0.46940000
vn 0.71720000 0.33440000 -0.61140000
vn 0.71760000 0.59500000 -0.36200000
vn -0.00000000 0.85430000 -0.51980000
vn -0.00000000 0.47990000 -0.87730000
vn 0.71720000 0.33440000 -0.61140000
vn 0.69470000 -0.01660000 -0.71910000
vn 0.70130000 0.29040000 -0.65110000
vn -0.00000000 -0.02310000 -0.99970000
vn -0.00000000 0.47990000 -0.87730000
vn 0.70620000 -0.34670000 -0.61730000
vn -0.00000000 0.40640000 0.91370000
vn 0.70010000 -0.33200000 -0.63220000
vn 0.69820000 -0.33600000 -0.63220000
vn -0.00000000 0.25760000 0.96620000
vn 0.03300000 0.11620000 0.99270000
vn -0.00000000 0.25760000 0.96620000
vn 0.11750000 0.17720000 0.97710000
vn 0.69820000 -0.33600000 -0.63220000
vn 0.69990000 -0.33190000 -0.63240000
vn 0.68350000 0.55710000 0.47170000
vn 0.70550000 0.46460000 0.53510000
vn -0.00010000 0.65930000 0.75190000
vn -0.00000000 0.55340000 0.83290000
vn 0.05260000 0.43720000 0.89780000
vn 0.13530000 0.75620000 0.64020000
vn 0.70210000 0.31180000 0.64030000
vn 0.00820000 0.94330000 0.33200000
vn 0.12660000 0.76120000 0.63600000
vn 0.05560000 0.96330000 0.26270000
vn 0.13530000 0.75620000 0.64020000
vn 0.70290000 0.58340000 0.40690000
vn 0.68350000 0.55710000 0.47170000
vn -0.01020000 0.83950000 0.54320000
vn 0.70070000 0.68830000 0.18770000
vn 0.01410000 0.89480000 -0.44630000
vn 0.71760000 0.59500000 -0.36200000
vn 0.70150000 0.63780000 -0.31810000
vn -0.00690000 0.76020000 -0.64970000
vn 0.70590000 0.53050000 -0.46940000
vn 0.00180000 0.74890000 -0.66270000
vn 0.01410000 0.89480000 -0.44630000
vn 0.11260000 0.99340000 -0.02290000
vn -0.01230000 0.96720000 -0.25380000
vn 0.04000000 0.88340000 -0.46690000
vn 0.69470000 0.71910000 -0.01660000
vn 0.70150000 0.63780000 -0.31810000
vn 0.00350000 0.98020000 0.19810000
vn 0.69470000 0.63100000 0.34520000
vn 0.02250000 0.99060000 0.13520000
vn 0.09140000 0.87360000 0.47790000
vn -0.00570000 0.96260000 0.27100000
vn 0.11260000 0.99340000 -0.02290000
vn 0.69470000 0.71910000 -0.01660000
vn 0.18500000 0.98110000 -0.05600000
vn 0.70520000 0.45920000 0.54030000
vn 0.01030000 0.64760000 0.76190000
vn 0.69470000 0.63100000 0.34520000
vn 0.13440000 0.88020000 0.45520000
vn 0.09140000 0.87360000 0.47790000
vn -0.01370000 0.78360000 0.62110000
vn 0.70590000 0.44610000 -0.55010000
vn 0.00180000 0.74890000 -0.66270000
vn 0.70590000 0.53050000 -0.46940000
vn -0.00180000 0.63270000 -0.77440000
vn -0.00000000 0.62990000 -0.77670000
vn 0.80970000 -0.31540000 0.49480000
vn 0.70670000 -0.41410000 0.57370000
vn 0.70710000 -0.38020000 0.59620000
vn 0.79470000 -0.35530000 0.49210000
vn 0.83130000 -0.55540000 0.02370000
vn 0.98060000 -0.19370000 0.02890000
vn 0.98070000 -0.19390000 0.02590000
vn 0.83120000 -0.55110000 0.07370000
vn 0.01410000 0.89480000 -0.44630000
vn 0.83130000 -0.55540000 0.02370000
vn 0.83720000 -0.54590000 0.03270000
vn 0.98060000 -0.19370000 0.02890000
vn 0.04000000 0.88340000 -0.46690000
vn -0.00690000 0.76020000 -0.64970000
vn 0.83120000 -0.55110000 0.07370000
vn 0.83110000 -0.54090000 0.12890000
vn 0.98070000 -0.19000000 0.04530000
vn 0.98070000 -0.19390000 0.02590000
vn 0.98070000 -0.19360000 0.02590000
vn 0.83720000 -0.54590000 0.03270000
vn 0.70710000 -0.70580000 0.04230000
vn 0.70670000 -0.70130000 0.09380000
vn 0.83130000 -0.55540000 0.02370000
vn 0.83120000 -0.55110000 0.07370000
vn 0.70640000 -0.70160000 0.09340000
vn 0.70060000 -0.71320000 0.02360000
vn 0.70710000 -0.70580000 0.04230000
vn -0.01230000 0.96720000 -0.25380000
vn 0.04000000 0.88340000 -0.46690000
vn 0.83720000 -0.54590000 0.03270000
vn 0.83120000 -0.55110000 0.07370000
vn 0.83110000 -0.54090000 0.12900000
vn 0.70670000 -0.68830000 0.16410000
vn 0.70670000 -0.70130000 0.09380000
vn 0.83110000 -0.54090000 0.12890000
vn 0.83110000 -0.54090000 0.12900000
vn 0.83110000 -0.52500000 0.18320000
vn 0.83110000 -0.54090000 0.12890000
vn 0.98070000 -0.19000000 0.04530000
vn 0.98070000 -0.18440000 0.06430000
vn 0.70670000 -0.66810000 0.23310000
vn 0.83120000 -0.52500000 0.18320000
vn 0.83110000 -0.52500000 0.18320000
vn 0.83110000 -0.54090000 0.12900000
vn 0.70670000 -0.68830000 0.16410000
vn 0.98070000 -0.18440000 0.06430000
vn 0.83110000 -0.52500000 0.18320000
vn 0.98070000 -0.17690000 0.08270000
vn 0.83120000 -0.52500000 0.18320000
vn 0.98070000 -0.17700000 0.08270000
vn 0.83120000 -0.50370000 0.23550000
vn 0.70660000 -0.64100000 0.29970000
vn 0.83110000 -0.50370000 0.23550000
vn 0.83120000 -0.50370000 0.23550000
vn 0.70670000 -0.66810000 0.23310000
vn 0.83120000 -0.52500000 0.18320000
vn 0.70670000 -0.64100000 0.29970000
vn 0.98070000 -0.16760000 0.10030000
vn 0.83110000 -0.47720000 0.28540000
vn 0.98070000 -0.17700000 0.08270000
vn 0.98070000 -0.16760000 0.10020000
vn 0.83110000 -0.50370000 0.23550000
vn 0.83120000 -0.50370000 0.23550000
vn 0.70660000 -0.64100000 0.29970000
vn 0.70660000 -0.60730000 0.36310000
vn 0.83110000 -0.50370000 0.23550000
vn 0.83110000 -0.47720000 0.28540000
vn 0.70670000 -0.60730000 0.36310000
vn 0.83110000 -0.47720000 0.28540000
vn 0.98070000 -0.15660000 0.11670000
vn 0.98070000 -0.15660000 0.11680000
vn 0.98070000 -0.16760000 0.10020000
vn 0.83110000 -0.44580000 0.33230000
vn 0.83110000 -0.47720000 0.28540000
vn 0.70670000 -0.60730000 0.36310000
vn 0.70670000 -0.56730000 0.42290000
vn 0.83110000 -0.44580000 0.33230000
vn 0.98070000 -0.15660000 0.11680000
vn 0.83120000 -0.40980000 0.37590000
vn 0.83110000 -0.44580000 0.33230000
vn 0.98070000 -0.14400000 0.13200000
vn 0.98070000 -0.14390000 0.13200000
vn 0.70670000 -0.52140000 0.47830000
vn 0.70660000 -0.52140000 0.47830000
vn 0.70670000 -0.56730000 0.42290000
vn 0.83110000 -0.44580000 0.33230000
vn 0.83110000 -0.40980000 0.37590000
vn 0.83120000 -0.40980000 0.37590000
vn 0.83110000 -0.40980000 0.37590000
vn 0.83110000 -0.36950000 0.41550000
vn 0.83120000 -0.40980000 0.37590000
vn 0.98070000 -0.12980000 0.14590000
vn 0.98070000 -0.14390000 0.13200000
vn 0.98070000 -0.12980000 0.14600000
vn 0.70670000 -0.52140000 0.47830000
vn 0.70660000 -0.47020000 0.52870000
vn 0.83110000 -0.36950000 0.41550000
vn 0.83110000 -0.40980000 0.37590000
vn 0.98070000 -0.12980000 0.14600000
vn 0.98060000 -0.10890000 0.16270000
vn 0.83130000 -0.33110000 0.44640000
vn 0.83110000 -0.36950000 0.41550000
vn 0.83110000 -0.36950000 0.41550000
vn 0.83130000 -0.33110000 0.44640000
vn 0.70660000 -0.41420000 0.57370000
vn 0.79470000 -0.35530000 0.49210000
vn 0.70660000 -0.47020000 0.52870000
vn 0.70670000 -0.41410000 0.57370000
vn 0.18500000 0.98110000 -0.05600000
vn 0.69090000 -0.72290000 0.00530000
vn 0.11260000 0.99340000 -0.02290000
vn -0.01230000 0.96720000 -0.25380000
vn 0.70060000 -0.71320000 0.02360000
vn 0.18500000 0.98110000 -0.05600000
vn 0.02250000 0.99060000 0.13520000
vn 0.70390000 -0.71000000 0.02180000
vn 0.70710000 -0.70700000 -0.01050000
vn 0.69090000 -0.72290000 0.00530000
vn 0.70710000 -0.70690000 -0.01570000
vn 0.70710000 -0.70700000 -0.01050000
vn 0.00350000 0.98020000 0.19810000
vn 0.02250000 0.99060000 0.13520000
vn 0.09140000 0.87360000 0.47790000
vn -0.00570000 0.96260000 0.27100000
vn 0.13440000 0.88020000 0.45520000
vn 0.70290000 -0.70950000 -0.05040000
vn 0.78390000 -0.61890000 -0.04930000
vn 0.70680000 -0.70520000 -0.05610000
vn 0.70690000 -0.70700000 -0.02170000
vn 0.00350000 0.98020000 0.19810000
vn 0.70690000 -0.70700000 -0.02170000
vn -0.00570000 0.96260000 0.27100000
vn 0.70710000 -0.70690000 -0.01570000
vn -0.00010000 0.65930000 0.75190000
vn 0.13530000 0.75620000 0.64020000
vn 0.69440000 -0.38750000 -0.60630000
vn 0.12660000 0.76120000 0.63600000
vn 0.68780000 -0.38230000 -0.61710000
vn 0.68780000 -0.38230000 -0.61710000
vn -0.00010000 0.65930000 0.75190000
vn 0.70660000 -0.39080000 -0.58990000
vn 0.70710000 -0.35780000 -0.60990000
vn -0.00000000 0.55340000 0.83290000
vn 0.70620000 -0.34670000 -0.61730000
vn 0.70710000 -0.35780000 -0.60990000
vn 0.05260000 0.43720000 0.89780000
vn -0.00000000 0.40640000 0.91370000
vn -0.00000000 0.55340000 0.83290000
vn 0.82850000 -0.31540000 -0.46270000
vn 0.12660000 0.76120000 0.63600000
vn -0.01020000 0.83950000 0.54320000
vn 0.70690000 -0.39840000 -0.58450000
vn 0.69440000 -0.38750000 -0.60630000
vn 0.83200000 -0.31420000 -0.45730000
vn 0.83180000 -0.35200000 -0.42920000
vn 0.83180000 -0.35190000 -0.42920000
vn 0.82850000 -0.31540000 -0.46270000
vn 0.70670000 -0.44860000 -0.54710000
vn 0.70690000 -0.39840000 -0.58450000
vn 0.70670000 -0.44860000 -0.54710000
vn 0.83180000 -0.39370000 -0.39130000
vn 0.70670000 -0.50180000 -0.49880000
vn 0.83180000 -0.35190000 -0.42920000
vn 0.83180000 -0.43140000 -0.34930000
vn 0.70670000 -0.54990000 -0.44530000
vn 0.83180000 -0.39370000 -0.39130000
vn 0.70670000 -0.50180000 -0.49880000
vn 0.83180000 -0.46460000 -0.30380000
vn 0.83180000 -0.43140000 -0.34930000
vn 0.70670000 -0.54990000 -0.44530000
vn 0.70670000 -0.59220000 -0.38720000
vn 0.70670000 -0.59220000 -0.38720000
vn 0.70670000 -0.62840000 -0.32510000
vn 0.83180000 -0.49300000 -0.25510000
vn 0.83180000 -0.46460000 -0.30380000
vn 0.70670000 -0.65820000 -0.25970000
vn 0.83180000 -0.49300000 -0.25510000
vn 0.70670000 -0.62840000 -0.32510000
vn 0.83180000 -0.51630000 -0.20370000
vn 0.70670000 -0.68110000 -0.19160000
vn 0.70670000 -0.65820000 -0.25970000
vn 0.83180000 -0.51630000 -0.20370000
vn 0.83180000 -0.53430000 -0.15030000
vn 0.70670000 -0.68110000 -0.19160000
vn 0.83180000 -0.53430000 -0.15030000
vn 0.70670000 -0.69710000 -0.12150000
vn 0.83180000 -0.54680000 -0.09530000
vn 0.78390000 -0.61890000 -0.04930000
vn 0.83210000 -0.55170000 -0.05750000
vn 0.83180000 -0.54680000 -0.09530000
vn 0.70670000 -0.69710000 -0.12150000
vn 0.70680000 -0.70520000 -0.05610000
vn -0.00000000 0.63270000 0.77440000
vn 1.00000000 -0.00000000 -0.00000000
vn 0.98090000 -0.19210000 -0.02970000
vn -0.01370000 0.78360000 0.62110000
vn 0.01030000 0.64760000 0.76190000
vn 0.97350000 -0.22850000 -0.01060000
vn 0.98660000 -0.16100000 -0.02810000
vn 0.98660000 -0.16100000 -0.02810000
vn 0.97350000 -0.22850000 -0.01060000
vn 0.83210000 -0.55170000 -0.05750000
vn 0.83180000 -0.54680000 -0.09530000
vn 0.83180000 -0.53430000 -0.15030000
vn 0.97720000 -0.20430000 -0.05750000
vn 0.83180000 -0.54680000 -0.09530000
vn 0.98100000 -0.18820000 -0.04680000
vn 0.98660000 -0.16100000 -0.02810000
vn 0.98090000 -0.19210000 -0.02970000
vn -0.01370000 0.78360000 0.62110000
vn 0.97350000 -0.22850000 -0.01060000
vn 0.78390000 -0.61890000 -0.04930000
vn 0.83210000 -0.55170000 -0.05750000
vn 0.13440000 0.88020000 0.45520000
vn 0.83180000 -0.35200000 -0.42920000
vn 0.83200000 -0.31420000 -0.45730000
vn 0.98090000 -0.12530000 -0.14860000
vn 0.98490000 -0.10980000 -0.13390000
vn 0.98100000 -0.11290000 -0.15770000
vn 0.98240000 -0.11160000 -0.14980000
vn 0.98240000 -0.11160000 -0.14980000
vn 0.83200000 -0.31420000 -0.45730000
vn 0.00820000 0.94330000 0.33200000
vn -0.01020000 0.83950000 0.54320000
vn 0.82850000 -0.31540000 -0.46270000
vn 0.98100000 -0.11290000 -0.15770000
vn 0.00820000 0.94330000 0.33200000
vn 0.98240000 -0.11160000 -0.14980000
vn -0.00000000 0.98700000 0.16070000
vn 1.00000000 -0.00000000 -0.00000000
vn 0.05560000 0.96330000 0.26270000
vn 0.98100000 -0.13770000 -0.13690000
vn 0.98490000 -0.10980000 -0.13390000
vn 0.83180000 -0.35200000 -0.42920000
vn 0.83180000 -0.39370000 -0.39130000
vn 0.83180000 -0.35190000 -0.42920000
vn 0.97670000 -0.15440000 -0.14930000
vn 0.83180000 -0.43140000 -0.34930000
vn 0.98100000 -0.13770000 -0.13690000
vn 0.83180000 -0.39370000 -0.39130000
vn 0.98160000 -0.14830000 -0.12010000
vn 0.98100000 -0.15120000 -0.12190000
vn 0.98160000 -0.14830000 -0.12010000
vn 0.98030000 -0.16550000 -0.10770000
vn 0.98100000 -0.16250000 -0.10630000
vn 0.83180000 -0.46460000 -0.30380000
vn 0.83180000 -0.43140000 -0.34930000
vn 0.97880000 -0.18180000 -0.09410000
vn 0.83180000 -0.46460000 -0.30380000
vn 0.83180000 -0.49300000 -0.25510000
vn 0.98100000 -0.17160000 -0.09070000
vn 0.98100000 -0.16250000 -0.10630000
vn 0.98100000 -0.18060000 -0.07130000
vn 0.97880000 -0.18180000 -0.09410000
vn 0.98320000 -0.16940000 -0.06850000
vn 0.83180000 -0.49300000 -0.25510000
vn 0.83180000 -0.51630000 -0.20370000
vn 0.98100000 -0.18560000 -0.05630000
vn 0.98100000 -0.18060000 -0.07130000
vn 0.83180000 -0.51630000 -0.20370000
vn 0.97720000 -0.20430000 -0.05750000
vn 0.83180000 -0.53430000 -0.15030000
vn 0.98100000 -0.11290000 -0.15770000
vn 1.00000000 -0.00000000 -0.00000000
vn 0.98090000 -0.12530000 -0.14860000
vn 0.97670000 -0.15440000 -0.14930000
vn 0.98490000 -0.10980000 -0.13390000
vn 0.98090000 -0.12530000 -0.14860000
vn 1.00000000 -0.00000000 -0.00000000
vn 1.00000000 -0.00000000 -0.00000000
vn 0.98100000 -0.13770000 -0.13690000
vn 0.97670000 -0.15440000 -0.14930000
vn 0.98100000 -0.15120000 -0.12190000
vn 0.98100000 -0.15120000 -0.12190000
vn 1.00000000 -0.00000000 -0.00000000
vn 0.98030000 -0.16550000 -0.10770000
vn 0.98160000 -0.14830000 -0.12010000
vn 0.98100000 -0.17160000 -0.09070000
vn 0.98100000 -0.16250000 -0.10630000
vn 1.00000000 -0.00000000 -0.00000000
vn 0.98030000 -0.16550000 -0.10770000
vn 0.97880000 -0.18180000 -0.09410000
vn 0.98320000 -0.16940000 -0.06850000
vn 0.98100000 -0.17160000 -0.09070000
vn 1.00000000 -0.00000000 -0.00000000
vn 0.98100000 -0.18560000 -0.05630000
vn 0.98100000 -0.18060000 -0.07130000
vn 1.00000000 -0.00000000 -0.00000000
vn 0.98320000 -0.16940000 -0.06850000
vn 0.97720000 -0.20430000 -0.05750000
vn 0.98100000 -0.18560000 -0.05630000
vn 0.98100000 -0.18820000 -0.04680000
vn 1.00000000 -0.00000000 -0.00000000
vn 0.98100000 -0.18820000 -0.04680000
vn 1.00000000 -0.00000000 -0.00000000
vn 0.98090000 -0.19210000 -0.02970000
vn -0.00000000 0.80780000 0.58940000
vn -0.00000000 0.66470000 0.74710000
vn 1.00000000 -0.00000000 -0.00000000
vn -0.00000000 0.98700000 0.16070000
vn -0.00000000 0.66470000 0.74710000
vn 1.00000000 -0.00000000 -0.00000000
vn 1.00000000 -0.00000000 -0.00000000
vn -0.00000000 0.91440000 0.40490000
vn -0.00000000 0.80780000 0.58940000
vn -0.00000000 0.91440000 0.40490000
vn 1.00000000 -0.00000000 -0.00000000
vn -0.00000000 0.97940000 0.20210000
vn -0.00000000 0.97940000 0.20210000
vn -0.00000000 0.63270000 0.77440000
vn 1.00000000 -0.00000000 -0.00000000
f 1//1 6//6 11//11
f 12//12 15//15 22//22
f 25//25 29//29 32//32
f 32//32 29//29 37//37
f 32//32 37//37 41//41
f 25//25 32//32 45//45
f 45//45 32//32 50//50
f 45//45 50//50 53//53
f 56//56 58//58 62//62
f 62//62 58//58 63//63
f 62//62 63//63 68//68
f 68//68 63//63 70//70
f 74//74 79//79 83//83
f 83//83 79//79 90//90
f 56//56 45//45 58//58
f 58//58 45//45 53//53
f 58//58 53//53 93//93
f 93//93 53//53 94//94
f 93//93 94//94 97//97
f 97//97 94//94 105//105
f 107//107 114//114 120//120
f 117//117 115//115 121//121
f 127//127 131//131 132//132
f 132//132 131//131 139//139
f 145//145 149//149 152//152
f 157//157 161//161 45//45
f 45//45 161//161 162//162
f 45//45 162//162 25//25
f 171//171 172//172 179//179
f 179//179 172//172 181//181
f 179//179 181//181 184//184
f 184//184 181//181 188//188
f 12//12 22//22 194//194
f 90//90 79//79 198//198
f 198//198 79//79 201//201
f 198//198 201//201 204//204
f 1//1 11//11 145//145
f 145//145 11//11 208//208
f 145//145 208//208 149//149
f 209//209 188//188 212//212
f 212//212 188//188 216//216
f 212//212 216//216 157//157
f 157//157 216//216 221//221
f 157//157 221//221 161//161
f 224//224 227//227 231//231
f 232//232 226//226 237//237
f 240//240 242//242 245//245
f 245//245 242//242 248//248
f 245//245 248//248 251//251
f 251//251 248//248 256//256
f 256//256 248//248 259//259
f 256//256 259//259 265//265
f 268//268 277//277 280//280
f 280//280 277//277 283//283
f 280//280 283//283 288//288
f 288//288 283//283 145//145
f 288//288 145//145 290//290
f 290//290 145//145 152//152
f 231//231 292//292 224//224
f 224//224 292//292 297//297
f 224//224 297//297 298//298
f 298//298 297//297 302//302
f 298//298 302//302 304//304
f 304//304 302//302 309//309
f 304//304 309//309 70//70
f 70//70 309//309 312//312
f 70//70 312//312 68//68
f 316//316 322//322 325//325
f 70//70 328//328 304//304
f 304//304 328//328 329//329
f 304//304 329//329 332//332
f 332//332 329//329 198//198
f 332//332 198//198 338//338
f 338//338 198//198 204//204
f 338//338 204//204 344//344
f 227//227 11//11 234//234
f 234//234 11//11 6//6
f 234//234 6//6 345//345
f 345//345 6//6 348//348
f 345//345 348//348 353//353
f 353//353 348//348 356//356
f 353//353 356//356 357//357
f 357//357 356//356 360//360
f 316//316 325//325 363//363
f 363//363 325//325 368//368
f 363//363 368//368 115//115
f 121//121 115//115 371//371
f 371//371 115//115 368//368
f 371//371 368//368 373//373
f 373//373 368//368 378//378
f 373//373 378//378 382//382
f 240//240 131//131 242//242
f 242//242 131//131 127//127
f 242//242 127//127 356//356
f 356//356 127//127 385//385
f 356//356 385//385 360//360
f 360//360 385//385 392//392
f 360//360 392//392 395//395
f 395//395 392//392 400//400
f 395//395 400//400 401//401
f 401//401 400//400 382//382
f 401//401 382//382 404//404
f 404//404 382//382 378//378
f 404//404 378//378 407//407
f 407//407 378//378 412//412
f 407//407 412//412 413//413
f 413//413 412//412 419//419
f 413//413 419//419 421//421
f 421//421 419//419 423//423
f 421//421 423//423 209//209
f 209//209 423//423 428//428
f 209//209 428//428 188//188
f 188//188 428//428 194//194
f 188//188 194//194 184//184
f 184//184 194//194 22//22
f 431//431 433//433 438//438
f 443//443 452//452 453//453
f 453//453 452//452 458//458
f 453//453 458//458 460//460
f 460//460 458//458 464//464
f 464//464 458//458 465//465
f 464//464 465//465 471//471
f 471//471 465//465 474//474
f 474//474 465//465 477//477
f 474//474 477//477 480//480
f 431//431 438//438 477//477
f 477//477 438//438 487//487
f 477//477 487//487 480//480
f 112//112 429//429 116//116
f 116//116 429//429 476//476
f 113//113 478//478 364//364
f 365//365 479//479 467//467
f 366//366 466//466 315//315
f 315//315 466//466 456//456
f 314//314 457//457 319//319
f 319//319 457//457 451//451
f 492//492 493//493 506//506
f 504//504 494//494 508//508
f 513//513 495//495 520//520
f 519//519 496//496 490//490
f 518//518 489//489 526//526
f 525//525 488//488 528//528
f 529//529 491//491 502//502
f 531//531 500//500 534//534
f 532//532 501//501 539//539
f 535//535 538//538 544//544
f 543//543 536//536 549//549
f 542//542 550//550 554//554
f 559//559 563//563 568//568
f 572//572 562//562 574//574
f 567//567 573//573 582//582
f 580//580 576//576 552//552
f 581//581 553//553 588//588
f 589//589 551//551 545//545
f 592//592 557//557 599//599
f 597//597 556//556 571//571
f 596//596 569//569 602//602
f 601//601 570//570 584//584
f 603//603 583//583 611//611
f 507//507 614//614 503//503
f 505//505 615//615 621//621
f 505//505 621//621 537//537
f 540//540 617//617 622//622
f 540//540 622//622 548//548
f 546//546 623//623 631//631
f 547//547 630//630 586//586
f 585//585 628//628 635//635
f 587//587 637//637 577//577
f 578//578 638//638 640//640
f 579//579 641//641 610//610
f 646//646 141//141 649//649
f 430//430 109//109 435//435
f 436//436 108//108 652//652
f 434//434 653//653 660//660
f 662//662 656//656 666//666
f 675//675 678//678 689//689
f 686//686 679//679 691//691
f 687//687 692//692 695//695
f 698//698 694//694 705//705
f 696//696 704//704 665//665
f 669//669 703//703 706//706
f 670//670 707//707 658//658
f 649//649 712//712 646//646
f 644//644 711//711 717//717
f 647//647 718//718 672//672
f 674//674 714//714 722//722
f 673//673 723//723 683//683
f 715//715 729//729 721//721
f 726//726 716//716 731//731
f 736//736 680//680 724//724
f 725//725 727//727 738//738
f 740//740 728//728 734//734
f 740//740 734//734 745//745
f 746//746 730//730 749//749
f 746//746 749//749 755//755
f 753//753 751//751 757//757
f 753//753 757//757 761//761
f 765//765 756//756 768//768
f 765//765 768//768 775//775
f 774//774 767//767 776//776
f 774//774 776//776 781//781
f 784//784 777//777 787//787
f 784//784 787//787 790//790
f 794//794 789//789 798//798
f 793//793 797//797 803//803
f 804//804 808//808 815//815
f 720//720 818//818 735//735
f 732//732 816//816 819//819
f 733//733 821//821 748//748
f 750//750 820//820 823//823
f 747//747 824//824 760//760
f 758//758 826//826 829//829
f 759//759 827//827 770//770
f 766//766 830//830 833//833
f 769//769 832//832 780//780
f 779//779 831//831 836//836
f 778//778 837//837 788//788
f 785//785 838//838 805//805
f 786//786 806//806 796//796
f 795//795 804//804 815//815
f 799//799 813//813 800//800
f 800//800 813//813 841//841
f 844//844 850//850 858//858
f 864//864 869//869 874//874
f 861//861 881//881 867//867
f 872//872 883//883 886//886
f 873//873 890//890 892//892
f 899//899 843//843 876//876
f 877//877 842//842 902//902
f 878//878 903//903 863//863
f 889//889 846//846 895//895
f 896//896 845//845 857//857
f 897//897 859//859 912//912
f 916//916 919//919 926//926
f 925//925 921//921 929//929
f 927//927 930//930 938//938
f 936//936 932//932 911//911
f 935//935 910//910 940//940
f 939//939 907//907 856//856
f 946//946 948//948 953//953
f 958//958 965//965 975//975
f 949//949 944//944 964//964
f 963//963 945//945 976//976
f 961//961 977//977 978//978
f 980//980 985//985 990//990
f 989//989 986//986 992//992
f 991//991 994//994 952//952
f 957//957 993//993 996//996
f 956//956 995//995 947//947
f 1001//1001 1003//1003 1010//1010
f 1006//1006 1005//1005 1013//1013
f 1008//1008 1011//1011 982//982
f 984//984 1012//1012 1015//1015
f 980//980 1014//1014 985//985
f 1018//1018 1022//1022 1025//1025
f 1029//1029 1024//1024 1032//1032
f 1027//1027 1031//1031 1002//1002
f 999//999 1030//1030 1033//1033
f 1000//1000 1034//1034 1004//1004
f 1036//1036 1041//1041 1044//1044
f 1048//1048 1043//1043 1049//1049
f 1047//1047 1050//1050 1019//1019
f 1021//1021 1051//1051 1053//1053
f 1017//1017 1052//1052 1023//1023
f 1054//1054 1060//1060 1067//1067
f 1066//1066 1062//1062 1069//1069
f 1063//1063 1068//1068 1040//1040
f 1037//1037 1070//1070 1071//1071
f 1039//1039 1072//1072 1042//1042
f 1079//1079 1081//1081 1056//1056
f 1055//1055 1082//1082 1083//1083
f 1058//1058 1084//1084 1061//1061
f 1087//1087 1089//1089 1073//1073
f 1078//1078 1088//1088 1090//1090
f 1075//1075 1091//1091 1080//1080
f 1074//1074 1092//1092 1085//1085
f 1086//1086 1094//1094 1096//1096
f 1086//1086 1096//1096 1101//1101
f 1102//1102 1098//1098 1103//1103
f 1104//1104 1097//1097 1109//1109
f 1105//1105 1107//1107 1111//1111
f 1112//1112 1106//1106 1118//1118
f 1113//1113 1114//1114 1120//1120
f 1121//1121 1119//1119 1123//1123
f 1124//1124 1117//1117 1125//1125
f 1122//1122 1127//1127 1131//1131
f 1130//1130 1126//1126 1134//1134
f 1132//1132 1133//1133 1141//1141
f 1140//1140 1136//1136 1144//1144
f 1143//1143 1137//1137 1147//1147
f 1142//1142 1145//1145 1152//1152
f 1150//1150 1148//1148 1157//1157
f 1151//1151 1154//1154 1159//1159
f 1160//1160 1158//1158 1162//1162
f 1161//1161 1153//1153 1168//1168
f 1163//1163 1167//1167 1169//1169
f 1170//1170 1166//1166 1177//1177
f 1171//1171 1173//1173 1179//1179
f 1178//1178 1176//1176 1181//1181
f 1180//1180 1174//1174 1187//1187
f 1182//1182 1186//1186 1188//1188
f 1189//1189 1185//1185 1197//1197
f 1190//1190 1192//1192 1198//1198
f 1199//1199 1191//1191 1202//1202
f 1201//1201 1195//1195 1203//1203
f 1200//1200 1205//1205 1209//1209
f 1208//1208 1204//1204 1213//1213
f 1208//1208 1213//1213 1215//1215
f 1216//1216 1212//1212 1217//1217
f 1218//1218 1210//1210 1221//1221
f 1219//1219 1224//1224 1227//1227
f 1226//1226 1222//1222 1233//1233
f 1225//1225 1232//1232 1235//1235
f 962//962 971//971 951//951
f 950//950 972//972 1236//1236
f 950//950 1236//1236 954//954
f 955//955 1239//1239 1248//1248
f 955//955 1248//1248 987//987
f 988//988 1247//1247 1253//1253
f 988//988 1253//1253 981//981
f 983//983 1250//1250 1259//1259
f 983//983 1259//1259 1007//1007
f 1009//1009 1256//1256 1261//1261
f 1009//1009 1261//1261 998//998
f 997//997 1262//1262 1267//1267
f 997//997 1267//1267 1028//1028
f 1026//1026 1264//1264 1269//1269
f 1026//1026 1269//1269 1020//1020
f 1016//1016 1270//1270 1275//1275
f 1016//1016 1275//1275 1046//1046
f 1045//1045 1272//1272 1276//1276
f 1045//1045 1276//1276 1038//1038
f 1035//1035 1277//1277 1282//1282
f 1035//1035 1282//1282 1064//1064
f 1065//1065 1281//1281 1284//1284
f 1065//1065 1284//1284 1057//1057
f 1059//1059 1285//1285 1291//1291
f 1059//1059 1291//1291 1076//1076
f 1077//1077 1290//1290 1301//1301
f 1077//1077 1301//1301 1095//1095
f 1093//1093 1300//1300 1305//1305
f 1093//1093 1305//1305 1100//1100
f 1099//1099 1307//1307 1309//1309
f 1099//1099 1309//1309 1110//1110
f 1108//1108 1308//1308 1315//1315
f 1108//1108 1315//1315 1115//1115
f 1116//1116 1314//1314 1320//1320
f 1116//1116 1320//1320 1129//1129
f 1128//1128 1316//1316 1321//1321
f 1128//1128 1321//1321 1135//1135
f 1139//1139 1322//1322 1326//1326
f 1138//1138 1330//1330 1149//1149
f 1146//1146 1329//1329 1335//1335
f 1146//1146 1335//1335 1156//1156
f 1155//1155 1331//1331 1336//1336
f 1155//1155 1336//1336 1164//1164
f 1165//1165 1337//1337 1346//1346
f 1165//1165 1346//1346 1175//1175
f 1172//1172 1345//1345 1351//1351
f 1172//1172 1351//1351 1183//1183
f 1184//1184 1350//1350 1356//1356
f 1184//1184 1356//1356 1196//1196
f 1194//1194 1358//1358 1361//1361
f 1193//1193 1363//1363 1206//1206
f 1207//1207 1362//1362 1366//1366
f 1207//1207 1366//1366 1211//1211
f 1214//1214 1365//1365 1370//1370
f 1214//1214 1370//1370 1223//1223
f 1220//1220 1371//1371 1376//1376
f 1220//1220 1376//1376 1231//1231
f 1230//1230 1377//1377 1379//1379
f 1230//1230 1379//1379 1387//1387
f 1383//1383 1382//1382 1388//1388
f 1383//1383 1388//1388 1396//1396
f 1393//1393 1391//1391 898//898
f 1393//1393 898//898 1398//1398
f 1234//1234 1229//1229 1406//1406
f 1404//1404 1228//1228 1385//1385
f 1405//1405 1384//1384 1407//1407
f 1408//1408 1386//1386 1392//1392
f 1409//1409 1395//1395 1410//1410
f 1411//1411 1394//1394 1400//1400
f 1411//1411 1400//1400 1413//1413
f 38//38 1416//1416 33//33
f 33//33 1416//1416 1417//1417
f 575//575 564//564 1421//1421
f 1421//1421 564//564 1424//1424
f 1421//1421 1424//1424 1426//1426
f 575//575 1421//1421 555//555
f 555//555 1421//1421 1431//1431
f 555//555 1431//1431 541//541
f 541//541 1431//1431 1434//1434
f 541//541 1434//1434 533//533
f 533//533 1434//1434 1418//1418
f 533//533 1418//1418 530//530
f 530//530 1418//1418 1415//1415
f 530//530 1415//1415 527//527
f 1437//1437 1441//1441 1446//1446
f 1449//1449 1454//1454 1460//1460
f 1463//1463 1456//1456 1467//1467
f 1463//1463 1467//1467 1470//1470
f 1469//1469 1468//1468 1475//1475
f 1469//1469 1475//1475 1483//1483
f 1482//1482 1476//1476 1485//1485
f 1482//1482 1485//1485 1494//1494
f 1495//1495 1484//1484 1500//1500
f 1495//1495 1500//1500 1503//1503
f 1501//1501 1497//1497 1510//1510
f 1501//1501 1510//1510 1513//1513
f 1512//1512 1507//1507 1445//1445
f 1512//1512 1445//1445 1516//1516
f 1518//1518 1443//1443 1440//1440
f 1518//1518 1440//1440 1521//1521
f 1526//1526 1531//1531 1451//1451
f 1448//1448 1532//1532 1539//1539
f 1450//1450 1540//1540 1458//1458
f 1529//1529 1545//1545 1533//1533
f 1534//1534 1547//1547 1549//1549
f 1534//1534 1549//1549 1554//1554
f 1553//1553 1550//1550 1559//1559
f 1553//1553 1559//1559 1564//1564
f 1563//1563 1561//1561 969//969
f 1563//1563 969//969 959//959
f 1435//1435 1444//1444 1566//1566
f 1567//1567 1442//1442 1509//1509
f 1567//1567 1509//1509 1570//1570
f 1569//1569 1508//1508 1499//1499
f 1568//1568 1496//1496 1572//1572
f 1571//1571 1498//1498 1488//1488
f 1573//1573 1486//1486 1575//1575
f 1574//1574 1487//1487 1477//1477
f 1574//1574 1477//1477 1577//1577
f 1578//1578 1474//1474 1465//1465
f 1576//1576 1464//1464 1580//1580
f 1579//1579 1466//1466 1457//1457
f 1579//1579 1457//1457 1581//1581
f 1583//1583 1455//1455 1541//1541
f 1582//1582 1542//1542 1586//1586
f 1584//1584 1538//1538 1535//1535
f 1585//1585 1536//1536 1588//1588
f 1587//1587 1537//1537 1556//1556
f 1587//1587 1556//1556 1589//1589
f 1590//1590 1555//1555 1562//1562
f 1590//1590 1562//1562 1592//1592
f 1591//1591 1565//1565 960//960
f 1591//1591 960//960 979//979
f 1597//1597 1601//1601 1607//1607
f 1610//1610 1615//1615 1621//1621
f 1620//1620 1616//1616 1598//1598
f 1620//1620 1598//1598 1627//1627
f 1626//1626 1595//1595 1606//1606
f 1629//1629 1605//1605 1634//1634
f 1637//1637 1644//1644 1650//1650
f 1633//1633 1653//1653 1628//1628
f 1630//1630 1651//1651 1638//1638
f 1625//1625 1635//1635 1622//1622
f 1623//1623 1636//1636 1646//1646
f 1624//1624 1649//1649 1613//1613
f 1614//1614 1648//1648 1659//1659
f 1661//1661 76//76 1643//1643
f 1641//1641 72//72 1667//1667
f 1642//1642 1666//1666 1647//1647
f 1645//1645 1668//1668 1660//1660
f 1655//1655 1664//1664 1671//1671
f 1657//1657 1673//1673 1681//1681
f 1674//1674 1683//1683 1678//1678
f 1679//1679 1682//1682 1689//1689
f 1680//1680 1690//1690 1695//1695
f 1696//1696 1688//1688 1699//1699
f 1423//1423 565//565 1711//1711
f 1707//1707 566//566 560//560
f 1706//1706 558//558 1705//1705
f 1701//1701 561//561 594//594
f 1700//1700 595//595 1697//1697
f 1713//1713 1720//1720 1722//1722
f 1717//1717 1727//1727 1730//1730
f 1717//1717 1730//1730 1724//1724
f 1723//1723 1731//1731 1732//1732
f 1723//1723 1732//1732 1737//1737
f 1735//1735 1733//1733 1739//1739
f 1735//1735 1739//1739 1746//1746
f 1743//1743 1740//1740 1631//1631
f 1743//1743 1631//1631 1604//1604
f 1712//1712 1725//1725 1751//1751
f 1750//1750 1721//1721 1738//1738
f 1750//1750 1738//1738 1755//1755
f 1752//1752 1736//1736 1744//1744
f 1752//1752 1744//1744 1757//1757
f 1756//1756 1745//1745 1609//1609
f 1761//1761 1608//1608 1600//1600
f 1762//1762 1768//1768 1774//1774
f 1776//1776 1769//1769 1782//1782
f 1778//1778 1781//1781 1784//1784
f 1784//1784 1781//1781 1787//1787
f 1770//1770 1524//1524 1780//1780
f 1780//1780 1524//1524 1439//1439
f 1779//1779 1438//1438 1786//1786
f 1786//1786 1438//1438 1436//1436
f 1790//1790 1766//1766 1777//1777
f 1790//1790 1777//1777 1795//1795
f 1796//1796 1775//1775 1785//1785
f 1796//1796 1785//1785 1799//1799
f 1803//1803 1726//1726 1719//1719
f 1803//1803 1719//1719 1807//1807
f 1805//1805 1718//1718 1716//1716
f 1805//1805 1716//1716 1812//1812
f 1798//1798 1815//1815 1793//1793
f 1793//1793 1815//1815 1821//1821
f 1794//1794 1819//1819 1791//1791
f 1792//1792 1820//1820 1824//1824
f 1814//1814 1829//1829 1817//1817
f 1818//1818 1826//1826 1834//1834
f 1816//1816 1832//1832 1823//1823
f 1823//1823 1832//1832 1835//1835
f 1808//1808 1809//1809 1840//1840
f 1846//1846 1851//1851 1800//1800
f 1858//1858 1866//1866 1841//1841
f 1843//1843 1862//1862 1847//1847
f 1840//1840 1845//1845 1808//1808
f 1806//1806 1846//1846 1800//1800
f 1870//1870 1857//1857 1872//1872
f 1871//1871 1852//1852 1849//1849
f 1873//1873 1848//1848 1879//1879
f 1881//1881 1844//1844 1865//1865
f 1885//1885 1875//1875 1887//1887
f 1891//1891 1874//1874 1880//1880
f 1888//1888 1878//1878 1893//1893
f 1878//1878 1863//1863 1893//1893
f 1896//1896 1864//1864 1861//1861
f 1896//1896 1861//1861 1899//1899
f 1830//1830 1903//1903 1907//1907
f 1827//1827 1906//1906 1833//1833
f 1831//1831 1905//1905 1911//1911
f 1831//1831 1911//1911 1838//1838
f 1902//1902 1915//1915 1904//1904
f 1904//1904 1915//1915 1920//1920
f 1908//1908 1918//1918 1909//1909
f 1910//1910 1917//1917 1925//1925
f 1914//1914 1926//1926 1921//1921
f 1921//1921 1926//1926 1932//1932
f 1919//1919 1930//1930 1922//1922
f 1922//1922 1930//1930 1938//1938
f 1897//1897 1943//1943 1895//1895
f 1892//1892 1941//1941 1947//1947
f 1894//1894 1944//1944 1889//1889
f 1890//1890 1945//1945 1886//1886
f 1884//1884 1946//1946 1951//1951
f 1883//1883 1952//1952 1959//1959
f 1939//1939 1962//1962 1948//1948
f 1948//1948 1962//1962 1965//1965
f 1949//1949 1966//1966 1950//1950
f 1950//1950 1966//1966 1973//1973
f 1985//1985 1989//1989 1934//1934
f 1936//1936 1931//1931 1984//1984
f 1982//1982 1933//1933 1929//1929
f 1981//1981 1928//1928 2000//2000
f 1963//1963 2002//2002 1968//1968
f 1969//1969 2003//2003 2009//2009
f 1967//1967 2011//2011 1977//1977
f 1976//1976 2010//2010 2014//2014
f 2018//2018 2025//2025 2031//2031
f 2033//2033 2023//2023 2037//2037
f 2039//2039 2042//2042 2028//2028
f 2035//2035 2041//2041 2049//2049
f 2034//2034 2044//2044 2053//2053
f 2055//2055 2061//2061 2066//2066
f 2066//2066 2061//2061 2069//2069
f 2072//2072 2078//2078 2081//2081
f 2086//2086 2076//2076 2090//2090
f 2082//2082 2089//2089 2100//2100
f 2104//2104 2110//2110 2084//2084
f 2099//2099 2118//2118 2123//2123
f 2083//2083 2098//2098 2109//2109
f 2103//2103 2101//2101 2122//2122
f 2106//2106 2121//2121 2126//2126
f 2129//2129 2021//2021 2027//2027
f 2050//2050 2111//2111 2030//2030
f 2032//2032 2112//2112 2107//2107
f 2029//2029 2108//2108 2130//2130
f 2131//2131 2105//2105 2127//2127
f 2135//2135 2146//2146 2151//2151
f 2149//2149 2142//2142 1986//1986
f 2150//2150 1987//1987 1999//1999
f 1990//1990 1983//1983 2075//2075
f 2074//2074 1988//1988 2139//2139
f 2073//2073 2144//2144 2080//2080
f 2077//2077 2141//2141 2157//2157
f 2158//2158 2166//2166 2171//2171
f 2170//2170 2177//2177 2159//2159
f 2165//2165 2178//2178 2185//2185
f 2164//2164 2184//2184 2188//2188
f 2193//2193 2167//2167 2161//2161
f 2195//2195 2194//2194 2204//2204
f 2203//2203 2191//2191 2160//2160
f 2199//2199 2163//2163 2211//2211
f 2208//2208 2162//2162 2186//2186
f 2212//2212 2197//2197 2205//2205
f 2220//2220 2224//2224 2233//2233
f 2217//2217 2228//2228 2241//2241
f 2201//2201 2207//2207 2243//2243
f 2238//2238 2227//2227 2202//2202
f 2206//2206 2234//2234 2246//2246
f 2200//2200 2247//2247 2215//2215
f 2252//2252 2256//2256 2268//2268
f 2265//2265 2254//2254 2235//2235
f 2266//2266 2226//2226 2222//2222
f 2255//2255 2270//2270 2274//2274
f 2277//2277 2283//2283 2229//2229
f 2232//2232 2281//2281 2288//2288
f 2231//2231 2286//2286 2248//2248
f 2262//2262 2275//2275 2230//2230
f 2236//2236 2276//2276 2291//2291
f 2237//2237 2289//2289 2280//2280
f 2295//2295 2271//2271 2257//2257
f 2300//2300 2306//2306 2310//2310
f 2258//2258 2253//2253 2299//2299
f 2298//2298 2311//2311 2259//2259
f 2260//2260 2312//2312 2317//2317
f 2261//2261 2316//2316 2292//2292
f 2326//2326 2334//2334 2341//2341
f 2340//2340 2332//2332 2343//2343
f 2302//2302 2351//2351 2309//2309
f 2308//2308 2352//2352 2357//2357
f 2307//2307 2356//2356 2315//2315
f 2304//2304 2342//2342 2349//2349
f 2348//2348 2347//2347 2336//2336
f 2350//2350 2335//2335 2353//2353
f 2354//2354 2333//2333 2331//2331
f 2355//2355 2320//2320 2360//2360
f 2366//2366 2362//2362 2327//2327
f 2364//2364 2323//2323 2369//2369
f 2367//2367 2322//2322 2371//2371
f 2370//2370 2373//2373 2379//2379
f 2338//2338 2381//2381 2328//2328
f 2325//2325 2382//2382 2385//2385
f 2386//2386 2389//2389 2324//2324
f 2319//2319 2388//2388 2391//2391
f 2321//2321 2392//2392 2394//2394
f 2399//2399 2374//2374 2402//2402
f 2405//2405 2375//2375 2330//2330
f 2404//2404 2329//2329 2407//2407
f 2406//2406 2318//2318 2395//2395
f 2411//2411 2417//2417 2419//2419
f 2427//2427 2428//2428 2433//2433
f 2433//2433 2428//2428 2436//2436
f 2432//2432 2434//2434 2439//2439
f 2439//2439 2434//2434 2442//2442
f 2437//2437 2441//2441 2444//2444
f 2444//2444 2441//2441 2446//2446
f 2443//2443 2448//2448 2450//2450
f 2450//2450 2448//2448 2457//2457
f 2449//2449 2456//2456 2377//2377
f 2378//2378 2376//2376 2452//2452
f 2453//2453 2372//2372 2398//2398
f 2451//2451 2400//2400 2421//2421
f 2423//2423 2397//2397 2458//2458
f 2422//2422 2459//2459 2409//2409
f 2410//2410 2461//2461 2466//2466
f 2414//2414 2465//2465 2470//2470
f 2468//2468 2464//2464 2473//2473
f 2469//2469 2472//2472 2478//2478
f 2479//2479 2475//2475 2483//2483
f 2485//2485 2490//2490 2493//2493
f 2501//2501 2506//2506 2510//2510
f 2486//2486 2519//2519 2521//2521
f 2520//2520 2518//2518 2502//2502
f 2500//2500 2507//2507 2524//2524
f 2525//2525 2512//2512 2528//2528
f 2523//2523 2529//2529 2531//2531
f 2531//2531 2529//2529 2535//2535
f 2530//2530 2533//2533 2537//2537
f 2537//2537 2533//2533 2540//2540
f 2536//2536 2541//2541 2544//2544
f 2541//2541 2547//2547 2544//2544
f 2543//2543 2545//2545 2430//2430
f 2543//2543 2430//2430 2425//2425
f 2487//2487 2495//2495 2516//2516
f 2515//2515 2494//2494 2551//2551
f 2514//2514 2553//2553 2556//2556
f 2477//2477 2480//2480 2552//2552
f 2549//2549 2481//2481 2557//2557
f 2550//2550 2559//2559 2554//2554
f 2567//2567 2511//2511 2572//2572
f 2569//2569 2509//2509 2505//2505
f 2568//2568 2504//2504 2575//2575
f 2577//2577 2503//2503 2498//2498
f 2580//2580 1958//1958 1954//1954
f 1953//1953 1975//1975 2584//2584
f 2580//2580 1954//1954 2586//2586
f 2587//2587 1953//1953 2584//2584
f 2587//2587 2584//2584 2564//2564
f 2589//2589 2117//2117 2102//2102
f 2596//2596 2597//2597 2607//2607
f 2605//2605 2598//2598 2097//2097
f 2610//2610 2094//2094 2092//2092
f 2603//2603 2611//2611 2616//2616
f 2599//2599 2617//2617 2096//2096
f 2095//2095 2615//2615 2619//2619
f 2093//2093 2622//2622 2591//2591
f 2625//2625 2612//2612 2602//2602
f 2634//2634 2639//2639 2624//2624
f 2600//2600 2593//2593 2645//2645
f 2623//2623 2604//2604 2630//2630
f 2627//2627 2601//2601 2643//2643
f 2633//2633 2642//2642 2646//2646
f 2656//2656 2659//2659 2665//2665
f 2661//2661 2668//2668 2629//2629
f 2632//2632 2667//2667 2672//2672
f 2635//2635 2671//2671 2638//2638
f 2662//2662 2631//2631 2653//2653
f 2655//2655 2628//2628 2650//2650
f 2652//2652 2649//2649 2674//2674
f 2685//2685 2687//2687 2660//2660
f 2658//2658 2654//2654 2682//2682
f 2681//2681 2651//2651 2676//2676
f 2680//2680 2677//2677 2694//2694
f 2696//2696 2689//2689 2686//2686
f 2692//2692 2702//2702 2703//2703
f 2693//2693 2704//2704 2683//2683
f 2684//2684 2706//2706 2712//2712
f 2679//2679 2713//2713 2697//2697
f 2717//2717 2724//2724 2729//2729
f 2708//2708 2698//2698 2716//2716
f 2731//2731 2736//2736 2742//2742
f 2719//2719 2733//2733 2709//2709
f 2705//2705 2730//2730 2741//2741
f 2707//2707 2739//2739 2711//2711
f 2745//2745 2735//2735 2726//2726
f 2744//2744 2728//2728 2747//2747
f 2749//2749 2753//2753 2760//2760
f 2762//2762 2752//2752 2766//2766
f 2746//2746 2732//2732 2750//2750
f 2754//2754 2727//2727 2721//2721
f 2758//2758 2725//2725 2767//2767
f 2755//2755 2768//2768 2775//2775
f 2774//2774 2785//2785 2756//2756
f 2757//2757 2782//2782 2789//2789
f 2751//2751 2788//2788 2763//2763
f 2794//2794 2790//2790 2784//2784
f 2798//2798 2805//2805 2809//2809
f 2783//2783 2773//2773 2799//2799
f 2800//2800 2811//2811 2780//2780
f 2781//2781 2810//2810 2812//2812
f 2779//2779 2813//2813 2792//2792
f 2819//2819 2814//2814 2806//2806
f 2822//2822 2829//2829 2817//2817
f 2816//2816 2807//2807 2823//2823
f 2821//2821 2808//2808 2804//2804
f 2825//2825 2801//2801 2834//2834
f 2837//2837 2827//2827 2824//2824
f 2845//2845 2851//2851 2836//2836
f 2838//2838 2820//2820 2841//2841
f 2842//2842 2826//2826 2831//2831
f 2843//2843 2835//2835 2857//2857
f 2861//2861 2849//2849 2846//2846
f 2854//2854 2866//2866 2869//2869
f 2853//2853 2872//2872 2844//2844
f 2847//2847 2867//2867 2878//2878
f 2840//2840 2875//2875 2860//2860
f 2879//2879 2889//2889 2892//2892
f 2868//2868 2862//2862 2880//2880
f 2891//2891 2898//2898 2903//2903
f 2883//2883 2896//2896 2873//2873
f 2871//2871 2893//2893 2904//2904
f 2870//2870 2906//2906 2874//2874
f 2908//2908 2899//2899 2890//2890
f 2909//2909 2894//2894 2913//2913
f 2914//2914 2917//2917 2926//2926
f 2928//2928 2922//2922 2930//2930
f 2912//2912 2897//2897 2919//2919
f 2924//2924 2895//2895 2885//2885
f 2923//2923 2886//2886 2936//2936
f 2921//2921 2937//2937 2941//2941
f 2942//2942 2948//2948 2918//2918
f 2916//2916 2945//2945 2954//2954
f 2920//2920 2956//2956 2931//2931
f 2957//2957 2955//2955 2946//2946
f 2965//2965 2969//2969 2974//2974
f 2950//2950 2944//2944 2963//2963
f 2962//2962 2977//2977 2951//2951
f 2949//2949 2972//2972 2978//2978
f 2947//2947 2980//2980 2959//2959
f 2983//2983 2982//2982 2973//2973
f 2175//2175 2172//2172 2984//2984
f 2986//2986 2975//2975 2179//2179
f 2174//2174 2976//2976 2967//2967
f 2176//2176 2971//2971 2183//2183
f 2988//2988 2992//2992 2993//2993
f 2993//2993 2992//2992 2998//2998
f 2994//2994 2996//2996 3000//3000
f 3000//3000 2996//2996 3004//3004
f 3001//3001 3002//3002 3007//3007
f 3007//3007 3002//3002 3016//3016
f 3013//3013 3014//3014 3019//3019
f 3019//3019 3014//3014 3020//3020
f 3017//3017 3022//3022 3026//3026
f 3026//3026 3022//3022 3029//3029
f 3024//3024 3027//3027 3030//3030
f 3030//3030 3027//3027 3035//3035
f 3032//3032 3034//3034 3037//3037
f 3037//3037 3034//3034 3041//3041
f 3038//3038 3039//3039 3044//3044
f 3044//3044 3039//3039 3048//3048
f 3042//3042 3046//3046 3051//3051
f 3051//3051 3046//3046 3052//3052
f 3049//3049 3054//3054 3055//3055
f 3055//3055 3054//3054 3060//3060
f 3057//3057 3059//3059 3061//3061
f 3061//3061 3059//3059 3064//3064
f 3062//3062 3066//3066 3067//3067
f 3067//3067 3066//3066 3071//3071
f 3069//3069 3070//3070 2989//2989
f 2989//2989 3070//3070 2991//2991
f 3075//3075 3078//3078 3080//3080
f 3080//3080 3078//3078 3083//3083
f 3081//3081 3084//3084 3087//3087
f 3087//3087 3084//3084 3090//3090
f 3086//3086 3089//3089 3092//3092
f 3092//3092 3089//3089 3094//3094
f 3091//3091 3095//3095 3099//3099
f 3099//3099 3095//3095 3102//3102
f 3098//3098 3101//3101 3103//3103
f 3103//3103 3101//3101 3106//3106
f 3105//3105 3107//3107 3111//3111
f 3111//3111 3107//3107 3114//3114
f 3110//3110 3112//3112 3118//3118
f 3118//3118 3112//3112 3127//3127
f 3123//3123 3126//3126 3130//3130
f 3130//3130 3126//3126 3132//3132
f 3131//3131 3134//3134 3139//3139
f 3139//3139 3134//3134 3146//3146
f 3144//3144 3147//3147 3150//3150
f 3150//3150 3147//3147 3153//3153
f 3151//3151 3154//3154 3156//3156
f 3156//3156 3154//3154 3160//3160
f 3155//3155 3158//3158 3161//3161
f 3161//3161 3158//3158 3165//3165
f 3162//3162 3166//3166 3073//3073
f 3073//3073 3166//3166 3077//3077
f 3168//3168 3172//3172 3173//3173
f 3173//3173 3172//3172 3178//3178
f 3174//3174 3177//3177 3179//3179
f 3179//3179 3177//3177 3182//3182
f 3180//3180 3183//3183 3186//3186
f 3186//3186 3183//3183 3188//3188
f 3187//3187 3190//3190 3193//3193
f 3193//3193 3190//3190 3196//3196
f 3192//3192 3195//3195 3200//3200
f 3200//3200 3195//3195 3202//3202
f 3201//3201 3204//3204 3207//3207
f 3207//3207 3204//3204 3209//3209
f 3206//3206 3208//3208 3211//3211
f 3211//3211 3208//3208 3216//3216
f 3213//3213 3214//3214 3217//3217
f 3217//3217 3214//3214 3220//3220
f 3219//3219 3221//3221 3225//3225
f 3225//3225 3221//3221 3226//3226
f 3223//3223 3228//3228 3230//3230
f 3230//3230 3228//3228 3233//3233
f 3231//3231 3232//3232 3235//3235
f 3235//3235 3232//3232 3240//3240
f 3237//3237 3239//3239 3243//3243
f 3243//3243 3239//3239 3244//3244
f 3242//3242 3246//3246 3167//3167
f 3167//3167 3246//3246 3170//3170
f 3250//3250 3251//3251 3255//3255
f 3255//3255 3251//3251 3258//3258
f 3254//3254 3259//3259 3260//3260
f 3260//3260 3259//3259 3264//3264
f 3261//3261 3265//3265 3268//3268
f 3268//3268 3265//3265 3269//3269
f 3267//3267 3270//3270 3272//3272
f 3272//3272 3270//3270 3275//3275
f 3273//3273 3277//3277 3278//3278
f 3278//3278 3277//3277 3281//3281
f 3279//3279 3282//3282 3285//3285
f 3285//3285 3282//3282 3288//3288
f 3286//3286 3289//3289 3292//3292
f 3292//3292 3289//3289 3293//3293
f 3291//3291 3294//3294 3296//3296
f 3296//3296 3294//3294 3301//3301
f 3297//3297 3299//3299 3304//3304
f 3304//3304 3299//3299 3307//3307
f 3303//3303 3305//3305 3309//3309
f 3309//3309 3305//3305 3313//3313
f 3308//3308 3312//3312 3318//3318
f 3318//3318 3312//3312 3322//3322
f 3319//3319 3323//3323 3327//3327
f 3327//3327 3323//3323 3329//3329
f 3324//3324 3330//3330 3247//3247
f 3247//3247 3330//3330 3252//3252
f 3336//3336 3339//3339 3348//3348
f 3347//3347 3343//3343 3353//3353
f 3350//3350 3354//3354 3364//3364
f 3361//3361 3352//3352 3368//3368
f 3358//3358 3370//3370 3375//3375
f 3373//3373 3369//3369 3380//3380
f 3379//3379 3366//3366 3385//3385
f 3378//3378 3384//3384 3391//3391
f 3392//3392 3383//3383 3395//3395
f 3387//3387 3397//3397 3402//3402
f 3406//3406 3413//3413 3396//3396
f 3417//3417 3420//3420 3422//3422
f 3415//3415 3421//3421 3430//3430
f 3429//3429 3426//3426 3436//3436
f 3428//3428 3435//3435 3445//3445
f 3442//3442 3438//3438 3447//3447
f 3440//3440 3448//3448 3452//3452
f 3453//3453 3451//3451 3458//3458
f 3456//3456 3461//3461 3463//3463
f 3419//3419 3468//3468 3424//3424
f 3425//3425 3467//3467 3471//3471
f 3423//3423 3476//3476 3437//3437
f 3439//3439 3475//3475 3478//3478
f 3434//3434 3477//3477 3449//3449
f 3450//3450 3479//3479 3486//3486
f 3446//3446 3484//3484 3460//3460
f 3460//3460 3484//3484 3490//3490
f 3469//3469 3412//3412 3472//3472
f 3474//3474 3411//3411 3404//3404
f 3473//3473 3409//3409 3480//3480
f 3481//3481 3407//3407 3493//3493
f 3482//3482 3494//3494 3483//3483
f 3487//3487 3492//3492 3500//3500
f 3485//3485 3501//3501 3488//3488
f 3488//3488 3501//3501 3503//3503
f 3394//3394 3381//3381 3408//3408
f 3403//3403 3382//3382 3367//3367
f 3405//3405 3365//3365 3497//3497
f 3495//3495 3371//3371 3355//3355
f 3496//3496 3357//3357 3502//3502
f 3499//3499 3356//3356 3344//3344
f 3498//3498 3340//3340 3504//3504
f 3457//3457 3465//3465 3508//3508
f 3508//3508 3515//3515 3457//3457
f 3454//3454 3518//3518 3521//3521
f 3455//3455 3520//3520 3444//3444
f 3443//3443 3522//3522 3527//3527
f 3441//3441 3529//3529 3433//3433
f 3432//3432 3528//3528 3532//3532
f 3531//3531 3538//3538 3427//3427
f 3431//3431 3537//3537 3544//3544
f 3431//3431 3544//3544 3416//3416
f 3549//3549 3545//3545 3535//3535
f 3555//3555 3560//3560 3541//3541
f 3536//3536 3557//3557 3562//3562
f 3542//3542 3561//3561 3548//3548
f 3567//3567 3572//3572 3576//3576
f 3574//3574 3570//3570 3580//3580
f 3551//3551 3591//3591 3595//3595
f 3593//3593 3588//3588 3584//3584
f 3600//3600 3608//3608 3615//3615
f 3619//3619 3622//3622 3627//3627
f 3631//3631 3623//3623 3633//3633
f 3628//3628 3634//3634 3640//3640
f 3642//3642 3647//3647 3602//3602
f 3599//3599 3648//3648 3649//3649
f 3601//3601 3652//3652 3607//3607
f 3656//3656 3661//3661 3665//3665
f 3673//3673 3517//3517 3679//3679
f 3680//3680 3514//3514 3512//3512
f 3682//3682 3510//3510 3683//3683
f 3685//3685 3513//3513 3693//3693
f 3684//3684 3694//3694 3698//3698
f 3556//3556 3540//3540 3585//3585
f 3590//3590 3539//3539 3530//3530
f 3587//3587 3534//3534 3705//3705
f 3708//3708 3533//3533 3524//3524
f 3707//3707 3526//3526 3672//3672
f 3671//3671 3525//3525 3523//3523
f 3670//3670 3519//3519 3516//3516
f 3666//3666 3709//3709 3655//3655
f 3658//3658 3713//3713 3718//3718
f 3657//3657 3715//3715 3725//3725
f 3721//3721 3717//3717 3728//3728
f 3720//3720 3729//3729 3735//3735
f 3736//3736 3730//3730 3625//3625
f 3737//3737 3626//3626 3598//3598
f 3605//3605 3624//3624 3636//3636
f 3603//3603 3639//3639 3641//3641
f 3566//3566 3579//3579 3611//3611
f 3613//3613 3575//3575 3743//3743
f 3612//3612 3740//3740 3606//3606
f 3604//3604 3742//3742 3749//3749
f 3597//3597 3745//3745 3732//3732
f 3734//3734 3748//3748 3755//3755
f 3733//3733 3753//3753 3724//3724
f 3723//3723 3752//3752 3761//3761
f 3722//3722 3758//3758 3659//3659
f 3653//3653 3760//3760 3762//3762
f 3654//3654 3768//3768 3660//3660
f 3582//3582 3586//3586 3573//3573
f 3578//3578 3589//3589 3706//3706
f 3577//3577 3703//3703 3738//3738
f 3741//3741 3704//3704 3674//3674
f 3739//3739 3676//3676 3744//3744
f 3747//3747 3675//3675 3681//3681
f 3746//3746 3678//3678 3750//3750
f 3751//3751 3677//3677 3687//3687
f 3754//3754 3688//3688 3757//3757
f 3759//3759 3686//3686 3701//3701
f 3756//3756 3697//3697 3769//3769
f 3667//3667 3775//3775 3711//3711
f 3712//3712 3773//3773 3781//3781
f 3710//3710 3776//3776 3716//3716
f 3719//3719 3782//3782 3787//3787
f 3714//3714 3785//3785 3726//3726
f 3727//3727 3786//3786 3791//3791
f 3731//3731 3789//3789 3630//3630
f 3630//3630 3789//3789 3794//3794
f 3629//3629 3798//3798 3616//3616
f 3618//3618 3799//3799 3801//3801
f 3806//3806 3815//3815 3826//3826
f 3829//3829 3802//3802 3796//3796
f 3831//3831 3837//3837 3842//3842
f 3840//3840 3838//3838 3850//3850
f 3828//3828 3797//3797 3848//3848
f 3853//3853 3861//3861 3863//3863
f 3864//3864 3858//3858 3866//3866
f 3812//3812 3871//3871 3868//3868
f 3875//3875 3878//3878 3808//3808
f 3807//3807 3879//3879 3885//3885
f 3804//3804 3884//3884 3814//3814
f 3816//3816 3883//3883 3886//3886
f 3818//3818 3889//3889 3870//3870
f 3892//3892 3899//3899 3823//3823
f 3821//3821 3898//3898 3902//3902
f 3825//3825 3901//3901 3805//3805
f 3822//3822 3905//3905 3890//3890
f 3894//3894 3906//3906 3910//3910
f 3893//3893 3912//3912 3919//3919
f 3920//3920 3911//3911 3924//3924
f 3918//3918 3922//3922 3934//3934
f 3936//3936 3943//3943 3950//3950
f 3780//3780 3774//3774 3953//3953
f 3847//3847 3795//3795 3843//3843
f 3841//3841 3800//3800 3792//3792
f 3839//3839 3793//3793 3962//3962
f 3960//3960 3790//3790 3784//3784
f 3961//3961 3783//3783 3967//3967
f 3965//3965 3788//3788 3779//3779
f 3968//3968 3777//3777 3974//3974
f 3972//3972 3778//3778 3958//3958
f 3971//3971 3955//3955 3979//3979
f 3852//3852 3834//3834 3860//3860
f 3857//3857 3832//3832 3846//3846
f 3859//3859 3845//3845 3990//3990
f 3987//3987 3844//3844 3959//3959
f 3992//3992 3964//3964 3995//3995
f 3998//3998 3963//3963 3969//3969
f 3994//3994 3966//3966 4003//4003
f 4001//4001 3970//3970 3975//3975
f 4004//4004 3973//3973 3941//3941
f 3940//3940 3976//3976 3978//3978
f 3939//3939 3982//3982 3946//3946
f 3867//3867 3856//3856 3817//3817
f 3813//3813 3855//3855 3988//3988
f 3819//3819 3989//3989 3820//3820
f 3824//3824 3991//3991 3993//3993
f 3827//3827 3997//3997 3908//3908
f 3909//3909 3996//3996 4002//4002
f 3907//3907 4000//4000 3915//3915
f 3913//3913 3999//3999 3937//3937
f 3914//3914 3942//3942 3925//3925
f 3923//3923 3938//3938 3948//3948
f 3926//3926 3949//3949 3928//3928
f 3927//3927 4007//4007 3916//3916
f 3917//3917 4008//4008 4015//4015
f 3921//3921 4013//4013 3891//3891
f 3895//3895 4014//4014 4018//4018
f 3896//3896 4017//4017 3900//3900
f 4025//4025 3876//3876 4030//4030
f 4028//4028 3874//3874 3811//3811
f 4033//4033 3809//3809 4016//4016
f 4019//4019 3810//3810 3903//3903
f 4022//4022 3904//3904 3897//3897
f 4042//4042 4045//4045 4047//4047
f 4048//4048 4054//4054 4041//4041
f 4039//4039 4055//4055 4059//4059
f 4040//4040 4060//4060 4068//4068
f 4067//4067 4058//4058 4070//4070
f 4063//4063 4071//4071 4076//4076
f 4080//4080 4072//4072 4081//4081
f 4077//4077 4082//4082 4090//4090
f 4092//4092 4026//4026 4097//4097
f 4098//4098 4027//4027 4029//4029
f 4099//4099 4032//4032 4104//4104
f 4101//4101 4031//4031 4020//4020
f 4106//4106 4023//4023 4109//4109
f 4107//4107 4021//4021 4012//4012
f 4112//4112 4011//4011 4113//4113
f 4113//4113 4011//4011 4010//4010
f 4051//4051 4120//4120 4053//4053
f 4052//4052 4121//4121 4127//4127
f 4056//4056 4124//4124 4062//4062
f 4061//4061 4125//4125 4132//4132
f 4057//4057 4130//4130 4073//4073
f 4074//4074 4128//4128 4136//4136
f 4069//4069 4138//4138 4087//4087
f 4083//4083 4137//4137 4139//4139
f 4118//4118 4095//4095 4123//4123
f 4122//4122 4093//4093 4096//4096
f 4126//4126 4100//4100 4131//4131
f 4131//4131 4100//4100 4105//4105
f 4129//4129 4103//4103 4134//4134
f 4133//4133 4102//4102 4110//4110
f 4135//4135 4111//4111 4141//4141
f 4142//4142 4108//4108 4115//4115
f 4075//4075 4089//4089 4149//4149
f 4149//4149 4153//4153 4075//4075
f 4078//4078 4156//4156 4162//4162
f 4079//4079 4159//4159 4065//4065
f 4066//4066 4158//4158 4168//4168
f 4064//4064 4166//4166 4038//4038
f 4037//4037 4163//4163 4173//4173
f 4170//4170 4177//4177 4034//4034
f 4036//4036 4174//4174 4185//4185
f 4035//4035 4182//4182 4044//4044
f 4189//4189 4183//4183 4180//4180
f 4192//4192 4199//4199 4181//4181
f 4175//4175 4197//4197 4200//4200
f 4176//4176 4202//4202 4190//4190
f 4207//4207 4208//4208 4216//4216
f 4218//4218 4209//4209 4220//4220
f 4194//4194 4223//4223 4232//4232
f 4230//4230 4225//4225 4222//4222
f 4236//4236 4246//4246 4247//4247
f 4255//4255 4256//4256 4260//4260
f 4262//4262 4257//4257 4268//4268
f 4263//4263 4269//4269 4274//4274
f 4277//4277 4279//4279 4233//4233
f 4235//4235 4280//4280 4282//4282
f 4234//4234 4281//4281 4245//4245
f 4287//4287 4294//4294 4301//4301
f 4306//4306 4155//4155 4309//4309
f 4314//4314 4154//4154 4145//4145
f 4313//4313 4152//4152 4316//4316
f 4320//4320 4151//4151 4324//4324
f 4318//4318 4322//4322 4334//4334
f 4193//4193 4179//4179 4226//4226
f 4228//4228 4178//4178 4169//4169
f 4227//4227 4171//4171 4337//4337
f 4340//4340 4172//4172 4167//4167
f 4336//4336 4164//4164 4307//4307
f 4308//4308 4165//4165 4161//4161
f 4304//4304 4160//4160 4157//4157
f 4298//4298 4343//4343 4285//4285
f 4291//4291 4345//4345 4350//4350
f 4290//4290 4351//4351 4356//4356
f 4353//4353 4347//4347 4362//4362
f 4354//4354 4361//4361 4366//4366
f 4368//4368 4360//4360 4266//4266
f 4363//4363 4265//4265 4240//4240
f 4238//4238 4267//4267 4273//4273
f 4242//4242 4272//4272 4275//4275
f 4206//4206 4214//4214 4250//4250
f 4251//4251 4217//4217 4371//4371
f 4249//4249 4373//4373 4239//4239
f 4241//4241 4372//4372 4380//4380
f 4237//4237 4378//4378 4364//4364
f 4365//4365 4379//4379 4386//4386
f 4367//4367 4384//4384 4352//4352
f 4355//4355 4381//4381 4388//4388
f 4357//4357 4390//4390 4289//4289
f 4288//4288 4392//4392 4394//4394
f 4286//4286 4400//4400 4293//4293
f 4221//4221 4229//4229 4213//4213
f 4215//4215 4224//4224 4339//4339
f 4212//4212 4335//4335 4370//4370
f 4369//4369 4338//4338 4305//4305
f 4374//4374 4302//4302 4375//4375
f 4377//4377 4303//4303 4310//4310
f 4376//4376 4312//4312 4383//4383
f 4385//4385 4311//4311 4317//4317
f 4382//4382 4315//4315 4391//4391
f 4387//4387 4319//4319 4329//4329
f 4389//4389 4330//4330 4398//4398
f 4297//4297 4402//4402 4344//4344
f 4341//4341 4403//4403 4413//4413
f 4342//4342 4408//4408 4348//4348
f 4349//4349 4409//4409 4418//4418
f 4346//4346 4415//4415 4359//4359
f 4359//4359 4415//4415 4420//4420
f 4358//4358 4421//4421 4264//4264
f 4264//4264 4421//4421 4427//4427
f 4261//4261 4429//4429 4252//4252
f 4252//4252 4429//4429 4431//4431
f 3390//3390 4439//4439 4448//4448
f 4450//4450 4454//4454 4462//4462
f 4466//4466 4430//4430 4426//4426
f 4464//4464 4428//4428 4456//4456
f 4469//4469 4472//4472 4476//4476
f 4479//4479 4473//4473 4482//4482
f 4475//4475 4483//4483 4485//4485
f 4440//4440 4489//4489 4467//4467
f 3399//3399 4492//4492 3389//3389
f 3388//3388 4491//4491 4496//4496
f 3393//3393 4495//4495 4435//4435
f 4434//4434 4497//4497 4499//4499
f 4438//4438 4500//4500 4488//4488
f 3360//3360 3372//3372 4443//4443
f 4444//4444 3374//3374 3377//3377
f 4446//4446 3376//3376 3386//3386
f 4447//4447 4504//4504 3359//3359
f 3362//3362 4505//4505 4507//4507
f 3363//3363 4511//4511 3346//3346
f 3349//3349 4510//4510 4516//4516
f 3351//3351 4513//4513 3335//3335
f 4520//4520 4526//4526 4533//4533
f 4407//4407 4406//4406 4536//4536
f 4453//4453 4425//4425 4457//4457
f 4460//4460 4424//4424 4422//4422
f 4461//4461 4423//4423 4546//4546
f 4543//4543 4419//4419 4414//4414
f 4542//4542 4416//4416 4551//4551
f 4549//4549 4417//4417 4410//4410
f 4547//4547 4411//4411 4557//4557
f 4558//4558 4412//4412 4539//4539
f 4553//4553 4538//4538 4563//4563
f 4486//4486 4449//4449 4477//4477
f 4474//4474 4452//4452 4458//4458
f 4478//4478 4459//4459 4568//4568
f 4572//4572 4463//4463 4541//4541
f 4571//4571 4545//4545 4577//4577
f 4575//4575 4544//4544 4552//4552
f 4578//4578 4548//4548 4584//4584
f 4581//4581 4550//4550 4556//4556
f 4583//4583 4555//4555 4518//4518
f 4521//4521 4554//4554 4564//4564
f 4519//4519 4566//4566 4525//4525
f 4470//4470 4480//4480 4436//4436
f 4433//4433 4481//4481 4573//4573
f 4437//4437 4570//4570 4441//4441
f 4442//4442 4569//4569 4574//4574
f 4445//4445 4576//4576 4506//4506
f 4502//4502 4579//4579 4582//4582
f 4503//4503 4580//4580 4512//4512
f 4509//4509 4585//4585 4524//4524
f 4508//4508 4523//4523 4515//4515
f 4514//4514 4522//4522 4529//4529
f 4517//4517 4534//4534 3332//3332
f 648//648 4589//4589 136//136
f 137//137 4590//4590 4594//4594
f 138//138 4591//4591 133//133
f 134//134 4592//4592 4599//4599
f 135//135 4600//4600 124//124
f 4598//4598 4602//4602 126//126
f 128//128 4606//4606 4610//4610
f 125//125 4609//4609 387//387
f 384//384 4608//4608 4612//4612
f 386//386 4615//4615 390//390
f 4617//4617 4620//4620 391//391
f 389//389 4619//4619 4622//4622
f 388//388 4624//4624 398//398
f 4623//4623 4627//4627 396//396
f 397//397 4630//4630 4632//4632
f 399//399 4633//4633 379//379
f 4641//4641 375//375 4643//4643
f 4643//4643 375//375 383//383
f 4642//4642 381//381 4649//4649
f 4650//4650 380//380 4637//4637
f 4651//4651 4588//4588 645//645
f 374//374 4640//4640 370//370
f 370//370 4640//4640 4659//4659
f 372//372 4658//4658 123//123
f 123//123 4658//4658 4663//4663
f 122//122 4662//4662 119//119
f 119//119 4662//4662 4668//4668
f 118//118 4664//4664 110//110
f 111//111 4665//4665 4673//4673
f 4676//4676 667//667 4672//4672
f 4670//4670 668//668 654//654
f 4671//4671 655//655 106//106
f 645//645 676//676 4651//4651
f 4655//4655 677//677 684//684
f 4654//4654 685//685 4679//4679
f 4678//4678 688//688 697//697
f 4680//4680 699//699 671//671
f 1709//1709 4684//4684 104//104
f 103//103 4685//4685 4688//4688
f 4693//4693 330//330 4697//4697
f 4697//4697 330//330 327//327
f 4696//4696 326//326 4703//4703
f 4703//4703 326//326 71//71
f 4700//4700 69//69 4705//4705
f 4705//4705 69//69 64//64
f 4704//4704 65//65 4709//4709
f 4709//4709 65//65 59//59
f 4708//4708 57//57 4715//4715
f 4715//4715 57//57 91//91
f 4712//4712 92//92 4690//4690
f 4690//4690 92//92 98//98
f 4689//4689 99//99 101//101
f 197//197 331//331 4691//4691
f 4691//4691 4719//4719 197//197
f 195//195 4718//4718 4725//4725
f 196//196 4724//4724 87//87
f 4721//4721 4729//4729 86//86
f 88//88 4726//4726 4732//4732
f 89//89 4734//4734 82//82
f 85//85 4735//4735 4736//4736
f 84//84 4737//4737 77//77
f 78//78 4740//4740 4747//4747
f 73//73 4746//4746 1665//1665
f 1669//1669 4742//4742 1670//1670
f 1672//1672 4743//4743 4749//4749
f 1675//1675 4751//4751 1686//1686
f 4682//4682 1708//1708 4756//4756
f 4756//4756 1708//1708 1703//1703
f 4753//4753 1702//1702 4761//4761
f 4759//4759 1704//1704 1692//1692
f 4758//4758 1691//1691 4765//4765
f 4766//4766 1693//1693 1685//1685
f 4763//4763 1687//1687 4771//4771
f 4770//4770 1684//1684 4750//4750
f 148//148 4776//4776 155//155
f 150//150 4775//4775 4785//4785
f 151//151 4782//4782 4787//4787
f 4786//4786 4779//4779 4791//4791
f 4793//4793 4781//4781 4800//4800
f 4795//4795 4798//4798 4804//4804
f 4807//4807 4799//4799 4813//4813
f 4805//4805 4811//4811 4815//4815
f 4816//4816 4809//4809 4821//4821
f 4814//4814 4820//4820 4826//4826
f 4825//4825 4823//4823 4832//4832
f 4827//4827 4833//4833 4837//4837
f 4838//4838 4831//4831 4844//4844
f 4839//4839 4847//4847 4854//4854
f 4849//4849 4845//4845 4858//4858
f 4850//4850 4859//4859 4864//4864
f 4866//4866 333//333 4872//4872
f 4872//4872 333//333 337//337
f 4871//4871 336//336 4876//4876
f 4879//4879 335//335 343//343
f 4877//4877 341//341 4885//4885
f 4884//4884 339//339 4865//4865
f 4886//4886 4863//4863 4888//4888
f 4890//4890 4862//4862 4855//4855
f 4777//4777 147//147 4895//4895
f 4895//4895 147//147 206//206
f 4894//4894 207//207 4897//4897
f 4897//4897 207//207 10//10
f 4898//4898 9//9 4902//4902
f 4902//4902 9//9 229//229
f 4900//4900 228//228 4905//4905
f 4905//4905 228//228 223//223
f 4907//4907 225//225 4910//4910
f 4910//4910 225//225 300//300
f 4908//4908 299//299 4914//4914
f 4914//4914 299//299 305//305
f 4912//4912 306//306 4867//4867
f 4868//4868 307//307 334//334
f 4919//4919 4925//4925 4928//4928
f 4928//4928 4932//4932 4919//4919
f 4917//4917 4934//4934 4939//4939
f 4916//4916 4937//4937 4948//4948
f 4947//4947 4938//4938 4950//4950
f 4944//4944 4951//4951 269//269
f 272//272 4952//4952 4957//4957
f 270//270 4958//4958 276//276
f 275//275 4956//4956 4963//4963
f 274//274 4961//4961 285//285
f 4960//4960 4967//4967 281//281
f 284//284 4969//4969 4971//4971
f 282//282 4972//4972 143//143
f 4974//4974 4976//4976 146//146
f 144//144 4978//4978 4980//4980
f 142//142 4981//4981 2//2
f 4989//4989 7//7 4994//4994
f 4994//4994 7//7 5//5
f 4992//4992 4//4 4997//4997
f 4995//4995 3//3 4982//4982
f 5003//5003 4930//4930 4923//4923
f 8//8 4986//4986 349//349
f 349//349 4986//4986 5004//5004
f 350//350 5006//5006 355//355
f 355//355 5006//5006 5011//5011
f 354//354 5010//5010 241//241
f 241//241 5010//5010 5013//5013
f 243//243 5012//5012 249//249
f 249//249 5012//5012 5018//5018
f 247//247 5019//5019 258//258
f 258//258 5019//5019 5024//5024
f 257//257 5021//5021 260//260
f 262//262 5020//5020 4999//4999
f 261//261 5000//5000 5026//5026
f 5027//5027 5003//5003 4923//4923
f 5035//5035 263//263 5041//5041
f 5039//5039 264//264 5025//5025
f 866//866 5045//5045 5029//5029
f 5028//5028 5044//5044 5049//5049
f 5031//5031 5048//5048 5037//5037
f 865//865 5030//5030 884//884
f 885//885 5032//5032 4926//4926
f 882//882 4924//4924 891//891
f 888//888 4927//4927 4921//4921
f 887//887 4922//4922 848//848
f 847//847 4918//4918 849//849
f 852//852 4920//4920 4942//4942
f 853//853 4946//4946 5052//5052
f 5053//5053 4943//4943 5058//5058
f 5059//5059 4945//4945 267//267
f 5057//5057 273//273 5064//5064
f 5071//5071 5074//5074 5038//5038
f 862//862 906//906 5047//5047
f 5043//5043 904//904 5066//5066
f 5046//5046 5070//5070 5050//5050
f 5051//5051 5069//5069 5040//5040
f 905//905 840//840 5067//5067
f 5067//5067 840//840 814//814
f 5068//5068 812//812 5075//5075
f 5072//5072 811//811 809//809
f 5080//5080 5082//5082 5089//5089
f 5090//5090 5084//5084 5092//5092
f 5086//5086 5094//5094 913//913
f 5085//5085 5100//5100 5076//5076
f 5078//5078 5099//5099 5103//5103
f 5077//5077 5104//5104 5108//5108
f 5109//5109 5101//5101 5113//5113
f 5107//5107 5110//5110 5060//5060
f 854//854 851//851 5054//5054
f 915//915 924//924 5088//5088
f 5087//5087 928//928 934//934
f 5087//5087 934//934 5098//5098
f 5096//5096 937//937 942//942
f 5097//5097 941//941 5105//5105
f 5102//5102 943//943 860//860
f 5102//5102 860//860 5111//5111
f 5112//5112 855//855 5056//5056
f 5114//5114 5055//5055 5061//5061
f 5118//5118 5120//5120 5123//5123
f 5117//5117 5130//5130 5137//5137
f 5135//5135 5134//5134 5138//5138
f 5135//5135 5138//5138 5144//5144
f 5145//5145 5141//5141 5091//5091
f 5143//5143 5093//5093 5081//5081
f 5148//5148 5151//5151 5133//5133
f 5132//5132 5152//5152 5157//5157
f 5127//5127 5158//5158 5139//5139
f 5140//5140 5156//5156 918//918
f 5140//5140 918//918 5095//5095
f 5116//5116 5122//5122 5131//5131
f 5129//5129 5125//5125 5164//5164
f 5128//5128 5163//5163 5149//5149
f 5119//5119 5168//5168 5171//5171
f 5119//5119 5171//5171 5124//5124
f 5126//5126 5169//5169 5175//5175
f 5126//5126 5175//5175 5161//5161
f 5179//5179 5185//5185 5189//5189
f 5189//5189 5185//5185 5193//5193
f 5186//5186 5191//5191 5195//5195
f 5195//5195 5191//5191 5200//5200
f 5182//5182 5174//5174 5192//5192
f 5192//5192 5174//5174 5170//5170
f 5190//5190 5172//5172 5198//5198
f 5198//5198 5172//5172 5167//5167
f 5196//5196 2579//2579 5209//5209
f 5196//5196 5209//5209 5188//5188
f 5187//5187 5207//5207 5211//5211
f 5187//5187 5211//5211 5180//5180
f 1867//1867 1877//1877 1955//1955
f 1956//1956 1876//1876 1882//1882
f 5214//5214 920//920 914//914
f 5147//5147 5222//5222 5153//5153
f 5154//5154 5221//5221 5216//5216
f 5150//5150 5215//5215 5159//5159
f 5155//5155 5219//5219 917//917
f 5226//5226 879//879 868//868
f 5232//5232 1412//1412 1401//1401
f 5231//5231 1399//1399 5235//5235
f 5230//5230 871//871 5239//5239
f 5240//5240 870//870 893//893
f 5240//5240 893//893 5243//5243
f 5242//5242 894//894 908//908
f 5242//5242 908//908 5248//5248
f 5251//5251 909//909 933//933
f 5251//5251 933//933 5253//5253
f 5252//5252 931//931 923//923
f 5252//5252 923//923 5261//5261
f 900//900 880//880 1397//1397
f 1403//1403 875//875 5228//5228
f 1402//1402 5229//5229 5233//5233
f 5234//5234 5227//5227 5237//5237
f 5236//5236 5241//5241 5264//5264
f 5262//5262 5238//5238 5245//5245
f 5263//5263 5246//5246 5266//5266
f 5265//5265 5244//5244 5249//5249
f 5267//5267 5247//5247 5269//5269
f 5270//5270 5250//5250 5254//5254
f 5268//5268 5256//5256 5272//5272
f 5273//5273 5255//5255 5260//5260
f 5271//5271 5257//5257 5275//5275
f 5278//5278 5277//5277 5279//5279
f 5280//5280 5274//5274 5285//5285
f 5282//5282 5284//5284 5294//5294
f 5295//5295 5283//5283 5300//5300
f 5292//5292 5297//5297 5303//5303
f 5305//5305 5309//5309 5302//5302
f 5302//5302 5309//5309 5312//5312
f 5304//5304 5314//5314 5289//5289
f 5289//5289 5314//5314 5316//5316
f 5290//5290 5318//5318 5321//5321
f 5320//5320 5322//5322 5293//5293
f 5288//5288 5323//5323 5325//5325
f 5291//5291 5324//5324 5281//5281
f 5328//5328 5319//5319 5315//5315
f 5317//5317 5313//5313 5326//5326
f 5326//5326 5313//5313 5310//5310
f 5326//5326 5310//5310 5329//5329
f 5335//5335 5340//5340 5341//5341
f 5341//5341 5340//5340 5343//5343
f 5341//5341 5343//5343 5344//5344
f 5346//5346 5345//5345 5347//5347
f 5356//5356 5358//5358 5365//5365
f 5369//5369 5370//5370 5374//5374
f 5381//5381 5375//5375 5383//5383
f 5380//5380 5384//5384 5387//5387
f 5389//5389 5351//5351 5393//5393
f 5388//5388 5394//5394 5391//5391
f 5396//5396 5404//5404 5353//5353
f 5352//5352 5401//5401 5405//5405
f 5398//5398 5407//5407 5410//5410
f 5413//5413 5421//5421 5424//5424
f 5412//5412 5427//5427 5430//5430
f 5359//5359 5415//5415 5364//5364
f 5363//5363 5414//5414 5411//5411
f 5431//5431 5443//5443 5448//5448
f 5446//5446 5452//5452 5454//5454
f 5455//5455 5433//5433 5447//5447
f 5445//5445 5432//5432 5441//5441
f 5459//5459 5457//5457 5463//5463
f 5464//5464 5465//5465 5467//5467
f 5477//5477 5469//5469 5480//5480
f 5473//5473 5482//5482 5485//5485
f 5489//5489 5491//5491 5479//5479
f 5481//5481 5492//5492 5497//5497
f 5478//5478 5499//5499 5486//5486
f 5500//5500 5506//5506 5509//5509
f 5508//5508 5507//5507 5511//5511
f 5510//5510 5513//5513 5514//5514
f 5488//5488 5515//5515 5520//5520
f 5487//5487 5519//5519 5490//5490
f 5439//5439 5503//5503 5440//5440
f 5331//5331 5524//5524 5527//5527
f 5527//5527 5524//5524 5532//5532
f 5526//5526 5531//5531 5538//5538
f 5537//5537 5530//5530 5540//5540
f 5544//5544 5547//5547 5542//5542
f 5542//5542 5547//5547 5535//5535
f 5553//5553 5548//5548 5555//5555
f 5555//5555 5548//5548 5558//5558
f 5556//5556 5560//5560 5566//5566
f 5566//5566 5560//5560 5572//5572
f 5575//5575 5578//5578 5584//5584
f 5584//5584 5578//5578 5550//5550
f 5581//5581 5574//5574 5586//5586
f 5586//5586 5574//5574 5592//5592
f 5589//5589 5591//5591 5336//5336
f 5336//5336 5591//5591 5593//5593
f 5348//5348 5339//5339 5595//5595
f 5595//5595 5339//5339 5337//5337
f 5564//5564 5598//5598 5554//5554
f 5554//5554 5598//5598 5601//5601
f 5557//5557 5599//5599 5551//5551
f 5551//5551 5599//5599 5583//5583
f 5597//5597 5562//5562 5602//5602
f 5602//5602 5562//5562 5612//5612
f 5614//5614 5621//5621 5623//5623
f 5603//5603 5610//5610 5631//5631
f 5630//5630 5609//5609 5635//5635
f 5632//5632 5640//5640 5628//5628
f 5629//5629 5641//5641 5646//5646
f 5638//5638 5652//5652 5645//5645
f 5643//5643 5649//5649 5656//5656
f 5653//5653 5648//5648 5661//5661
f 5655//5655 5657//5657 5624//5624
f 5625//5625 5658//5658 5664//5664
f 5626//5626 5663//5663 5615//5615
f 5670//5670 5676//5676 5679//5679
f 5678//5678 5672//5672 5687//5687
f 5677//5677 5688//5688 5690//5690
f 5693//5693 5685//5685 5698//5698
f 5692//5692 5697//5697 5700//5700
f 5706//5706 5696//5696 5707//5707
f 5705//5705 5711//5711 5618//5618
f 5617//5617 5708//5708 5712//5712
f 5722//5722 5726//5726 5714//5714
f 5716//5716 5730//5730 5717//5717
f 5721//5721 5733//5733 5735//5735
f 5724//5724 5736//5736 5743//5743
f 5744//5744 5751//5751 5762//5762
f 5745//5745 5761//5761 5767//5767
f 5764//5764 5757//5757 5772//5772
f 5773//5773 5756//5756 5778//5778
f 5768//5768 5779//5779 5782//5782
f 5786//5786 5776//5776 5760//5760
f 5795//5795 5784//5784 5799//5799
f 5800//5800 5785//5785 5759//5759
f 5802//5802 5758//5758 5804//5804
f 5805//5805 5755//5755 5750//5750
f 5806//5806 2153//2153 5801//5801
f 5803//5803 2156//2156 2143//2143
f 5798//5798 2145//2145 5796//5796
f 5793//5793 2140//2140 2138//2138
f 5812//5812 5723//5723 5817//5817
f 5819//5819 5719//5719 5741//5741
f 5810//5810 5820//5820 5718//5718
f 5720//5720 5823//5823 5826//5826
f 5725//5725 5830//5830 5729//5729
f 5815//5815 5836//5836 5811//5811
f 5814//5814 5833//5833 5837//5837
f 5813//5813 5839//5839 5821//5821
f 5824//5824 5838//5838 5845//5845
f 5831//5831 5850//5850 5840//5840
f 5842//5842 5848//5848 5858//5858
f 5841//5841 5854//5854 5846//5846
f 5846//5846 5854//5854 5864//5864
f 5867//5867 5862//5862 5859//5859
f 5869//5869 5876//5876 5880//5880
f 5857//5857 5852//5852 5871//5871
f 5872//5872 5884//5884 5856//5856
f 5853//5853 5883//5883 5890//5890
f 5855//5855 5893//5893 5865//5865
f 5895//5895 5889//5889 5900//5900
f 5904//5904 5888//5888 5886//5886
f 5899//5899 5882//5882 5905//5905
f 5881//5881 5877//5877 5911//5911
f 5906//5906 5885//5885 5920//5920
f 5917//5917 5879//5879 5912//5912
f 5916//5916 5913//5913 5923//5923
f 5774//5774 5781//5781 5930//5930
f 5926//5926 5935//5935 5771//5771
f 5770//5770 5936//5936 5942//5942
f 5769//5769 5941//5941 5765//5765
f 5947//5947 5950//5950 5901//5901
f 5902//5902 5948//5948 5897//5897
f 5955//5955 5961//5961 5968//5968
f 5958//5958 5971//5971 5974//5974
f 5978//5978 5970//5970 5984//5984
f 5985//5985 5969//5969 5990//5990
f 5980//5980 5991//5991 5994//5994
f 5964//5964 5999//5999 5967//5967
f 5966//5966 6001//6001 6005//6005
f 5972//5972 6006//6006 5989//5989
f 5988//5988 6007//6007 6013//6013
f 6017//6017 6015//6015 6010//6010
f 6025//6025 6030//6030 6033//6033
f 6043//6043 6019//6019 6034//6034
f 6036//6036 6022//6022 6009//6009
f 6035//6035 6008//6008 6023//6023
f 6027//6027 6004//6004 6003//6003
f 5931//5931 6042//6042 6038//6038
f 6040//6040 6031//6031 6052//6052
f 5927//5927 6037//6037 5933//5933
f 5932//5932 6039//6039 6050//6050
f 5934//5934 6049//6049 5937//5937
f 6053//6053 6065//6065 6069//6069
f 6070//6070 6064//6064 6074//6074
f 6066//6066 6076//6076 6079//6079
f 6082//6082 6077//6077 5944//5944
f 5943//5943 6073//6073 6086//6086
f 5946//5946 6085//6085 5953//5953
f 6091//6091 6097//6097 6104//6104
f 6061//6061 6093//6093 6078//6078
f 6072//6072 6092//6092 6106//6106
f 6075//6075 6103//6103 6089//6089
f 6090//6090 6101//6101 6110//6110
f 6118//6118 6109//6109 6102//6102
f 6122//6122 6125//6125 6137//6137
f 6140//6140 6117//6117 6131//6131
f 6134//6134 6116//6116 6108//6108
f 6136//6136 6107//6107 6123//6123
f 6124//6124 6105//6105 6100//6100
f 6145//6145 6141//6141 6132//6132
f 6146//6146 6135//6135 6154//6154
f 6152//6152 6133//6133 6129//6129
f 6151//6151 6128//6128 6158//6158
f 5979//5979 5995//5995 6163//6163
f 6162//6162 6170//6170 5981//5981
f 5983//5983 6171//6171 6177//6177
f 5982//5982 6176//6176 5975//5975
f 6179//6179 6189//6189 6144//6144
f 6147//6147 6153//6153 6183//6183
f 6185//6185 6155//6155 6161//6161
f 6182//6182 6160//6160 6194//6194
f 6201//6201 6208//6208 6213//6213
f 6218//6218 6203//6203 6228//6228
f 6223//6223 6202//6202 6212//6212
f 6227//6227 6214//6214 6234//6234
f 6219//6219 6225//6225 6237//6237
f 6236//6236 6224//6224 6242//6242
f 6239//6239 6245//6245 6250//6250
f 6251//6251 6244//6244 6226//6226
f 6262//6262 6257//6257 6264//6264
f 6266//6266 6256//6256 6229//6229
f 6265//6265 6221//6221 6271//6271
f 6273//6273 6222//6222 6233//6233
f 6276//6276 6285//6285 6288//6288
f 6270//6270 6280//6280 6268//6268
f 6269//6269 6279//6279 6289//6289
f 6267//6267 6287//6287 6259//6259
f 6259//6259 6287//6287 6296//6296
f 6301//6301 6295//6295 6286//6286
f 6172//6172 6164//6164 6302//6302
f 6291//6291 6284//6284 6304//6304
f 6299//6299 6290//6290 6169//6169
f 6168//6168 6292//6292 6308//6308
f 6167//6167 6309//6309 6173//6173
f 6311//6311 6188//6188 6186//6186
f 6318//6318 6323//6323 6326//6326
f 6316//6316 6329//6329 6192//6192
f 6197//6197 6325//6325 6181//6181
f 6184//6184 6330//6330 6332//6332
f 6180//6180 6331//6331 6315//6315
f 6321//6321 6341//6341 6327//6327
f 6328//6328 6338//6338 6347//6347
f 6324//6324 6348//6348 6333//6333
f 6337//6337 6346//6346 6351//6351
f 6360//6360 6345//6345 6362//6362
f 6363//6363 6349//6349 6342//6342
f 6359//6359 6372//6372 6343//6343
f 6350//6350 6373//6373 6377//6377
f 6344//6344 6376//6376 6354//6354
f 6356//6356 6379//6379 6374//6374
f 6368//6368 6383//6383 6389//6389
f 6392//6392 6381//6381 6401//6401
f 6400//6400 6384//6384 6357//6357
f 6403//6403 6358//6358 6404//6404
f 6405//6405 6361//6361 6367//6367
f 6411//6411 6205//6205 6414//6414
f 6416//6416 6206//6206 6200//6200
f 6415//6415 6198//6198 6421//6421
f 6424//6424 6199//6199 6216//6216
f 6422//6422 6220//6220 6430//6430
f 6431//6431 6217//6217 6238//6238
f 6429//6429 6240//6240 6432//6432
f 6436//6436 6235//6235 6246//6246
f 6438//6438 6449//6449 6388//6388
f 6387//6387 6380//6380 6443//6443
f 6437//6437 6382//6382 6395//6395
f 6444//6444 6396//6396 6453//6453
f 6458//6458 6462//6462 6473//6473
f 6481//6481 6461//6461 6491//6491
f 6490//6490 6459//6459 6472//6472
f 6485//6485 6471//6471 6495//6495
f 6479//6479 6483//6483 6501//6501
f 6500//6500 6488//6488 6507//6507
f 6502//6502 6506//6506 6508//6508
f 6516//6516 6504//6504 6487//6487
f 6523//6523 6517//6517 6533//6533
f 6531//6531 6521//6521 6489//6489
f 6530//6530 6484//6484 6536//6536
f 6537//6537 6486//6486 6496//6496
f 6535//6535 6541//6541 6528//6528
f 6529//6529 6542//6542 6546//6546
f 6532//6532 6551//6551 6526//6526
f 6522//6522 6550//6550 6560//6560
f 6562//6562 6552//6552 6567//6567
f 6569//6569 6553//6553 6545//6545
f 6435//6435 6576//6576 6427//6427
f 6426//6426 6572//6572 6556//6556
f 6428//6428 6559//6559 6425//6425
f 6420//6420 6554//6554 6547//6547
f 6423//6423 6549//6549 6418//6418
f 6417//6417 6548//6548 6561//6561
f 6419//6419 6566//6566 6412//6412
f 6581//6581 6448//6448 6442//6442
f 6584//6584 6590//6590 6593//6593
f 6586//6586 6592//6592 6451//6451
f 6452//6452 6597//6597 6441//6441
f 6440//6440 6598//6598 6605//6605
f 6439//6439 6604//6604 6577//6577
f 6587//6587 6607//6607 6594//6594
f 6595//6595 6610//6610 6611//6611
f 6596//6596 6615//6615 6602//6602
f 6599//6599 6612//6612 6621//6621
f 6627//6627 6618//6618 6634//6634
f 6632//6632 6614//6614 6608//6608
f 6625//6625 6641//6641 6617//6617
f 6616//6616 6642//6642 6643//6643
f 6613//6613 6644//6644 6623//6623
f 6629//6629 6647//6647 6637//6637
f 6636//6636 6648//6648 6658//6658
f 6664//6664 6649//6649 6670//6670
f 6667//6667 6654//6654 6628//6628
f 6665//6665 6626//6626 6671//6671
f 6675//6675 6624//6624 6635//6635
f 6679//6679 6683//6683 6692//6692
f 6694//6694 6699//6699 6705//6705
f 6702//6702 6698//6698 6677//6677
f 6703//6703 6678//6678 6709//6709
f 6713//6713 6676//6676 6689//6689
f 6700//6700 6717//6717 6680//6680
f 6681//6681 6718//6718 6722//6722
f 6682//6682 6720//6720 6686//6686
f 6685//6685 6721//6721 6724//6724
f 6710//6710 6688//6688 6465//6465
f 6512//6512 6696//6696 6498//6498
f 6499//6499 6695//6695 6707//6707
f 6497//6497 6706//6706 6482//6482
f 6478//6478 6704//6704 6708//6708
f 6480//6480 6711//6711 6457//6457
f 6460//6460 6712//6712 6467//6467
f 6652//6652 6662//6662 6729//6729
f 6728//6728 6734//6734 6653//6653
f 6651//6651 6736//6736 6738//6738
f 6650//6650 6743//6743 6657//6657
f 6746//6746 6753//6753 6755//6755
f 6759//6759 6754//6754 6760//6760
f 6756//6756 6762//6762 6770//6770
f 6768//6768 6761//6761 6771//6771
f 6769//6769 6775//6775 6780//6780
f 6778//6778 6774//6774 6782//6782
f 6779//6779 6781//6781 6744//6744
f 6745//6745 6783//6783 6790//6790
f 6795//6795 6798//6798 6809//6809
f 6808//6808 6797//6797 6811//6811
f 6818//6818 6792//6792 6819//6819
f 6817//6817 6821//6821 6825//6825
f 6826//6826 6824//6824 6836//6836
f 6827//6827 6832//6832 6838//6838
f 6839//6839 6833//6833 6813//6813
f 6810//6810 6829//6829 6841//6841
f 6814//6814 6842//6842 6807//6807
f 6801//6801 6793//6793 6846//6846
f 6846//6846 6793//6793 5571//5571
f 5546//5546 5543//5543 5559//5559
f 5559//5559 5543//5543 6849//6849
f 5561//5561 6847//6847 5569//5569
f 5569//5569 6847//6847 6844//6844
f 5522//5522 5333//5333 5306//5306
f 5306//5306 5333//5333 5311//5311
f 5301//5301 5298//5298 5307//5307
f 5307//5307 5298//5298 6852//6852
f 6855//6855 6860//6860 6866//6866
f 6855//6855 6866//6866 6869//6869
f 6871//6871 6863//6863 6875//6875
f 6871//6871 6875//6875 6853//6853
f 6876//6876 6879//6879 6886//6886
f 6886//6886 6879//6879 6887//6887
f 6884//6884 6888//6888 6893//6893
f 6893//6893 6888//6888 6896//6896
f 6881//6881 6873//6873 6890//6890
f 6890//6890 6873//6873 6867//6867
f 6889//6889 6865//6865 6897//6897
f 6900//6900 6864//6864 6862//6862
f 6714//6714 6878//6878 6883//6883
f 6715//6715 6882//6882 6723//6723
f 6719//6719 6885//6885 6892//6892
f 6719//6719 6892//6892 6726//6726
f 5808//5808 2609//2609 2152//2152
f 2154//2154 2608//2608 2091//2091
f 2155//2155 2088//2088 2079//2079
f 6563//6563 2239//2239 6410//6410
f 6409//6409 2240//2240 2210//2210
f 6413//6413 2209//2209 2187//2187
f 2263//2263 6539//6539 2249//2249
f 2250//2250 6538//6538 6493//6493
f 2251//2251 6492//6492 2297//2297
f 2296//2296 6494//6494 6477//6477
f 2463//2463 2460//2460 6464//6464
f 6464//6464 2460//2460 2396//2396
f 2576//2576 2499//2499 6691//6691
f 6691//6691 2499//2499 2517//2517
f 6691//6691 2517//2517 2555//2555
f 2555//2555 2558//2558 6691//6691
f 6691//6691 2558//2558 2482//2482
f 6690//6690 2484//2484 6463//6463
f 6463//6463 2484//2484 2471//2471
f 6466//6466 2474//2474 2462//2462
f 2401//2401 2403//2403 6468//6468
f 6468//6468 2403//2403 2408//2408
f 6468//6468 2408//2408 2393//2393
f 2393//2393 2390//2390 6468//6468
f 6468//6468 2390//2390 2387//2387
f 6468//6468 2387//2387 2384//2384
f 2384//2384 2383//2383 6468//6468
f 6468//6468 2383//2383 2339//2339
f 6469//6469 2337//2337 2345//2345
f 2420//2420 2415//2415 2489//2489
f 2489//2489 2415//2415 2491//2491
f 2574//2574 6902//6902 2571//2571
f 2571//2571 6902//6902 6906//6906
f 2570//2570 6905//6905 2563//2563
f 2563//2563 6905//6905 2585//2585
f 6904//6904 5213//5213 6907//6907
f 6907//6907 5213//5213 5206//5206
f 6908//6908 5208//5208 2588//2588
f 2588//2588 5208//5208 2581//2581
f 6912//6912 3345//3345 6918//6918
f 6916//6916 3342//3342 3333//3333
f 3341//3341 6913//6913 3506//3506
f 3506//3506 6913//6913 6921//6921
f 3505//3505 6920//6920 3489//3489
f 3489//3489 6920//6920 6929//6929
f 3491//3491 6927//6927 3462//3462
f 3462//3462 6927//6927 6930//6930
f 3459//3459 6931//6931 3464//3464
f 3464//3464 6931//6931 6935//6935
f 6943//6943 3511//3511 6938//6938
f 6938//6938 3511//3511 3466//3466
f 3507//3507 6944//6944 6949//6949
f 3509//3509 6948//6948 3689//3689
f 3696//3696 6946//6946 6950//6950
f 3692//3692 6953//6953 6954//6954
f 6957//6957 6960//6960 3691//3691
f 3690//3690 6962//6962 6966//6966
f 3695//3695 6964//6964 3702//3702
f 3700//3700 6968//6968 6972//6972
f 3699//3699 6973//6973 3763//3763
f 3766//3766 6970//6970 6979//6979
f 6977//6977 6984//6984 3764//3764
f 3767//3767 6981//6981 6985//6985
f 3765//3765 6991//6991 3664//3664
f 3662//3662 6990//6990 6994//6994
f 3663//3663 6992//6992 3669//3669
f 7000//7000 3772//3772 6993//6993
f 6997//6997 3771//3771 3668//3668
f 7007//7007 7009//7009 3983//3983
f 3980//3980 7008//7008 7014//7014
f 3981//3981 7015//7015 7023//7023
f 3770//3770 7002//7002 3954//3954
f 3956//3956 7003//7003 7025//7025
f 3957//3957 7026//7026 3986//3986
f 3977//3977 7024//7024 7030//7030
f 3985//3985 7031//7031 7006//7006
f 7037//7037 3931//3931 7040//7040
f 7042//7042 3929//3929 3952//3952
f 7043//7043 3951//3951 7022//7022
f 7020//7020 3947//3947 3944//3944
f 7021//7021 3945//3945 3984//3984
f 7038//7038 7045//7045 3930//3930
f 3935//3935 7046//7046 7050//7050
f 3933//3933 7049//7049 7054//7054
f 7063//7063 4006//4006 7055//7055
f 7055//7055 4006//4006 3932//3932
f 4005//4005 7058//7058 7068//7068
f 4009//4009 7065//7065 4117//4117
f 4116//4116 7066//7066 7072//7072
f 4114//4114 7071//7071 4144//4144
f 4143//4143 7069//7069 7078//7078
f 4140//4140 7074//7074 4086//4086
f 4084//4084 7077//7077 7084//7084
f 4085//4085 7079//7079 4091//4091
f 7088//7088 4150//4150 7086//7086
f 7080//7080 4147//4147 4088//4088
f 4148//4148 7090//7090 7094//7094
f 4146//4146 7093//7093 4326//4326
f 4325//4325 7096//7096 7099//7099
f 4321//4321 7100//7100 7104//7104
f 7103//7103 7109//7109 4328//4328
f 4327//4327 7108//7108 7111//7111
f 4323//4323 7115//7115 4333//4333
f 4332//4332 7114//7114 7121//7121
f 4331//4331 7119//7119 4393//4393
f 4399//4399 7118//7118 7122//7122
f 7127//7127 7130//7130 4397//4397
f 4396//4396 7129//7129 7133//7133
f 4395//4395 7132//7132 4296//4296
f 4295//4295 7137//7137 7143//7143
f 4292//4292 7142//7142 4299//4299
f 7149//7149 4401//4401 7140//7140
f 7141//7141 4405//4405 4300//4300
f 7153//7153 6919//6919 3337//3337
f 4404//4404 7148//7148 4537//4537
f 4535//4535 7150//7150 7161//7161
f 4540//4540 7160//7160 4562//4562
f 4561//4561 7158//7158 7166//7166
f 4567//4567 7167//7167 7169//7169
f 7168//7168 7172//7172 4560//4560
f 4559//4559 7173//7173 7179//7179
f 4565//4565 7177//7177 4528//4528
f 4527//4527 7178//7178 4531//4531
f 4532//4532 7180//7180 7188//7188
f 4530//4530 7189//7189 3334//3334
f 3338//3338 7187//7187 7191//7191
f 3331//3331 7192//7192 7154//7154
f 4639//4639 7198//7198 4657//4657
f 4657//4657 7198//7198 7199//7199
f 4656//4656 7200//7200 4661//4661
f 4661//4661 7200//7200 7202//7202
f 4660//4660 7204//7204 4666//4666
f 4666//4666 7204//7204 7206//7206
f 4667//4667 7205//7205 4674//4674
f 4674//4674 7205//7205 7210//7210
f 4669//4669 7209//7209 4677//4677
f 4677//4677 7209//7209 7212//7212
f 4675//4675 7211//7211 4652//4652
f 4652//4652 7211//7211 7216//7216
f 4653//4653 7214//7214 4587//4587
f 4587//4587 7214//7214 7219//7219
f 4869//4869 7224//7224 4915//4915
f 4915//4915 7224//7224 7226//7226
f 4913//4913 7225//7225 4911//4911
f 4911//4911 7225//7225 7229//7229
f 4909//4909 7230//7230 4904//4904
f 4904//4904 7230//7230 7231//7231
f 4906//4906 7233//7233 4901//4901
f 4901//4901 7233//7233 7236//7236
f 4903//4903 7234//7234 4896//4896
f 4896//4896 7234//7234 7239//7239
f 4899//4899 7238//7238 4893//4893
f 4893//4893 7238//7238 7242//7242
f 4892//4892 7240//7240 4774//4774
f 4774//4774 7240//7240 7245//7245
f 4987//4987 7250//7250 5005//5005
f 5005//5005 7250//7250 7252//7252
f 5007//5007 7253//7253 5009//5009
f 5009//5009 7253//7253 7254//7254
f 5008//5008 7256//7256 5015//5015
f 5015//5015 7256//7256 7257//7257
f 5014//5014 7258//7258 5017//5017
f 5017//5017 7258//7258 7261//7261
f 5016//5016 7262//7262 5023//5023
f 5023//5023 7262//7262 7263//7263
f 5022//5022 7264//7264 5002//5002
f 5002//5002 7264//7264 7267//7267
f 5001//5001 7268//7268 4931//4931
f 4931//4931 7268//7268 7271//7271
f 6858//6858 5160//5160 6861//6861
f 6861//6861 5160//5160 5173//5173
f 6894//6894 5178//5178 6725//6725
f 6725//6725 5178//5178 5212//5212
f 7290//7290 7291//7291 7292//7292
f 7299//7299 7300//7300 7303//7303
f 7304//7304 7302//7302 7306//7306
f 7307//7307 7315//7315 7325//7325
f 7323//7323 7318//7318 7328//7328
f 7324//7324 7330//7330 7333//7333
f 7336//7336 7329//7329 5633//5633
f 7334//7334 5636//5636 7339//7339
f 7341//7341 5637//5637 5605//5605
f 7338//7338 5607//5607 7344//7344
f 5651//5651 5639//5639 7327//7327
f 7326//7326 5642//5642 5634//5634
f 5650//5650 7331//7331 7314//7314
f 5647//5647 7320//7320 5659//5659
f 5660//5660 7319//7319 7350//7350
f 5662//5662 7351//7351 5665//5665
f 5704//5704 5619//5619 5613//5613
f 5616//5616 5666//5666 5703//5703
f 5701//5701 5667//5667 7349//7349
f 5702//5702 7352//7352 5694//5694
f 5691//5691 7353//7353 7317//7317
f 5689//5689 7313//7313 5680//5680
f 5681//5681 7316//7316 7311//7311
f 5682//5682 7312//7312 5669//5669
f 7356//7356 7335//7335 7364//7364
f 7361//7361 7337//7337 7342//7342
f 7362//7362 7340//7340 7369//7369
f 7366//7366 7343//7343 7346//7346
f 7367//7367 7347//7347 7370//7370
f 7375//7375 5668//5668 7381//7381
f 7381//7381 5668//5668 7310//7310
f 7382//7382 7309//7309 7354//7354
f 7355//7355 7308//7308 7322//7322
f 7359//7359 7321//7321 7332//7332
f 7383//7383 7390//7390 7396//7396
f 7397//7397 7389//7389 7376//7376
f 7398//7398 7374//7374 7379//7379
f 7405//7405 7408//7408 7385//7385
f 7413//7413 7418//7418 7407//7407
f 7407//7407 7404//7404 7413//7413
f 7415//7415 7406//7406 7422//7422
f 7415//7415 7422//7422 7428//7428
f 7427//7427 7423//7423 7432//7432
f 7427//7427 7432//7432 7435//7435
f 7433//7433 7430//7430 7437//7437
f 7433//7433 7437//7437 7441//7441
f 7365//7365 7372//7372 7445//7445
f 7380//7380 7358//7358 7394//7394
f 7399//7399 7357//7357 7363//7363
f 7399//7399 7363//7363 7449//7449
f 7450//7450 7360//7360 7368//7368
f 7450//7450 7368//7368 7451//7451
f 7454//7454 7365//7365 7445//7445
f 7387//7387 7395//7395 7403//7403
f 7401//7401 7400//7400 7448//7448
f 7402//7402 7446//7446 7420//7420
f 7424//7424 7447//7447 7455//7455
f 7421//7421 7452//7452 7431//7431
f 7429//7429 7453//7453 7444//7444
f 7429//7429 7444//7444 7439//7439
f 7459//7459 7419//7419 7463//7463
f 7463//7463 7419//7419 7412//7412
f 7462//7462 7414//7414 7468//7468
f 7468//7468 7414//7414 7426//7426
f 7465//7465 7425//7425 7469//7469
f 7469//7469 7425//7425 7436//7436
f 7471//7471 7434//7434 7474//7474
f 7474//7474 7434//7434 7442//7442
f 7480//7480 7485//7485 7490//7490
f 7493//7493 7484//7484 7456//7456
f 7498//7498 7504//7504 7483//7483
f 7506//7506 7514//7514 7503//7503
f 7505//7505 7497//7497 7507//7507
f 7509//7509 7494//7494 7520//7520
f 7508//7508 7516//7516 7526//7526
f 7525//7525 7519//7519 7531//7531
f 7524//7524 7530//7530 7537//7537
f 7533//7533 7527//7527 7539//7539
f 7534//7534 7541//7541 7542//7542
f 7472//7472 7477//7477 7547//7547
f 7456//7456 7464//7464 7493//7493
f 7489//7489 7461//7461 7466//7466
f 7489//7489 7466//7466 7549//7549
f 7552//7552 7467//7467 7470//7470
f 7552//7552 7470//7470 7556//7556
f 7555//7555 7472//7472 7547//7547
f 7479//7479 7491//7491 7495//7495
f 7496//7496 7492//7492 7551//7551
f 7499//7499 7553//7553 7517//7517
f 7518//7518 7550//7550 7554//7554
f 7518//7518 7554//7554 7529//7529
f 7528//7528 7557//7557 7546//7546
f 7532//7532 7545//7545 7538//7538
f 7544//7544 7561//7561 7536//7536
f 7536//7536 7561//7561 7562//7562
f 7535//7535 7564//7564 7522//7522
f 7523//7523 7563//7563 7572//7572
f 7521//7521 7570//7570 7511//7511
f 7511//7511 7570//7570 7573//7573
f 7510//7510 7577//7577 7512//7512
f 7512//7512 7577//7577 6751//6751
f 6830//6830 7582//7582 6840//6840
f 6843//6843 7580//7580 6804//6804
f 7560//7560 6794//6794 6802//6802
f 7583//7583 7574//7574 7571//7571
f 7587//7587 7592//7592 6786//6786
f 6750//6750 7576//7576 6764//6764
f 6765//6765 7575//7575 7584//7584
f 6763//6763 7585//7585 6772//6772
f 6773//6773 7586//7586 6784//6784
f 6788//6788 6787//6787 6820//6820
f 6822//6822 6785//6785 7593//7593
f 6823//6823 7594//7594 6835//6835
f 6834//6834 7591//7591 7590//7590
f 6831//6831 7589//7589 7581//7581
f 7579//7579 7588//7588 7567//7567
f 7578//7578 7569//7569 6806//6806
f 6805//6805 7568//7568 7566//7566
f 6803//6803 7565//7565 7559//7559
f 7602//7602 7604//7604 7611//7611
f 7616//7616 7621//7621 7630//7630
f 7627//7627 7619//7619 7632//7632
f 7626//7626 7633//7633 7637//7637
f 7606//7606 7599//7599 7645//7645
f 7642//7642 7600//7600 7647//7647
f 7640//7640 7646//7646 7657//7657
f 7655//7655 7651//7651 7661//7661
f 7653//7653 7660//7660 7664//7664
f 7667//7667 7662//7662 7671//7671
f 7665//7665 7672//7672 7679//7679
f 7678//7678 7670//7670 7681//7681
f 7676//7676 7685//7685 7689//7689
f 7690//7690 7684//7684 7629//7629
f 7688//7688 7628//7628 7699//7699
f 7695//7695 7623//7623 7639//7639
f 7698//7698 7638//7638 7702//7702
f 7610//7610 7029//7029 7595//7595
f 7597//7597 7033//7033 7027//7027
f 7598//7598 7028//7028 6998//6998
f 7708//7708 7711//7711 7716//7716
f 7719//7719 7712//7712 7720//7720
f 7717//7717 7725//7725 7726//7726
f 7004//7004 7032//7032 7609//7609
f 7005//7005 7608//7608 7010//7010
f 7011//7011 7607//7607 7016//7016
f 7012//7012 7613//7613 7733//7733
f 7013//7013 7734//7734 7018//7018
f 7017//7017 7731//7731 7736//7736
f 7019//7019 7737//7737 7044//7044
f 7035//7035 7039//7039 7744//7744
f 7741//7741 7041//7041 7740//7740
f 7746//7746 7739//7739 7750//7750
f 7747//7747 7738//7738 7735//7735
f 7048//7048 7036//7036 7759//7759
f 7756//7756 7034//7034 7742//7742
f 7760//7760 7743//7743 7766//7766
f 7765//7765 7745//7745 7753//7753
f 7763//7763 7754//7754 7773//7773
f 7769//7769 7751//7751 7775//7775
f 7768//7768 7776//7776 7705//7705
f 7704//7704 7778//7778 7783//7783
f 7706//7706 7781//7781 7713//7713
f 7710//7710 7782//7782 7692//7692
f 7709//7709 7691//7691 7721//7721
f 7723//7723 7694//7694 7697//7697
f 7722//7722 7696//7696 7701//7701
f 7612//7612 7605//7605 7730//7730
f 7729//7729 7603//7603 7644//7644
f 7732//7732 7641//7641 7752//7752
f 7749//7749 7643//7643 7656//7656
f 7748//7748 7652//7652 7777//7777
f 7774//7774 7654//7654 7669//7669
f 7779//7779 7668//7668 7785//7785
f 7780//7780 7666//7666 7677//7677
f 7784//7784 7680//7680 7693//7693
f 7052//7052 7047//7047 7762//7762
f 7788//7788 7714//7714 7797//7797
f 7795//7795 7718//7718 7728//7728
f 7805//7805 7808//7808 7755//7755
f 7761//7761 7810//7810 7057//7057
f 7758//7758 7056//7056 7051//7051
f 7757//7757 7767//7767 7803//7803
f 7799//7799 7764//7764 7772//7772
f 7800//7800 7771//7771 7793//7793
f 7789//7789 7770//7770 7707//7707
f 7791//7791 7703//7703 7715//7715
f 7790//7790 7794//7794 7811//7811
f 7813//7813 7818//7818 7787//7787
f 7792//7792 7817//7817 7824//7824
f 7786//7786 7822//7822 7804//7804
f 7819//7819 7826//7826 7801//7801
f 7802//7802 7825//7825 7832//7832
f 7798//7798 7831//7831 7806//7806
f 7807//7807 7830//7830 7062//7062
f 7809//7809 7059//7059 7053//7053
f 7835//7835 7841//7841 7845//7845
f 7064//7064 7060//7060 7852//7852
f 7851//7851 7061//7061 7833//7833
f 7850//7850 7829//7829 7856//7856
f 7856//7856 7829//7829 7828//7828
f 7854//7854 7827//7827 7860//7860
f 7860//7860 7827//7827 7820//7820
f 7859//7859 7823//7823 7864//7864
f 7865//7865 7821//7821 7816//7816
f 7868//7868 7815//7815 7812//7812
f 7866//7866 7871//7871 7863//7863
f 7861//7861 7872//7872 7876//7876
f 7862//7862 7874//7874 7858//7858
f 7857//7857 7875//7875 7880//7880
f 7855//7855 7882//7882 7849//7849
f 7849//7849 7882//7882 7888//7888
f 7853//7853 7885//7885 7067//7067
f 7067//7067 7885//7885 7073//7073
f 7870//7870 7837//7837 7877//7877
f 7878//7878 7838//7838 7891//7891
f 7879//7879 7892//7892 7881//7881
f 7881//7881 7892//7892 7895//7895
f 7883//7883 7894//7894 7886//7886
f 7887//7887 7897//7897 7903//7903
f 7884//7884 7901//7901 7070//7070
f 7070//7070 7901//7901 7076//7076
f 7834//7834 7844//7844 7890//7890
f 7893//7893 7846//7846 7905//7905
f 7889//7889 7908//7908 7896//7896
f 7898//7898 7909//7909 7916//7916
f 7899//7899 7915//7915 7900//7900
f 7902//7902 7913//7913 7085//7085
f 7904//7904 7082//7082 7075//7075
f 7847//7847 7839//7839 7923//7923
f 7087//7087 7081//7081 7928//7928
f 7927//7927 7083//7083 7918//7918
f 7924//7924 7914//7914 7931//7931
f 7922//7922 7936//7936 7842//7842
f 7848//7848 7939//7939 7941//7941
f 7843//7843 7942//7942 7906//7906
f 7910//7910 7943//7943 7948//7948
f 7907//7907 7949//7949 7917//7917
f 7912//7912 7950//7950 7952//7952
f 7911//7911 7955//7955 7932//7932
f 7933//7933 7959//7959 7966//7966
f 7970//7970 7958//7958 7975//7975
f 7977//7977 7956//7956 7938//7938
f 7976//7976 7934//7934 7981//7981
f 7978//7978 7935//7935 7920//7920
f 7095//7095 7091//7091 7989//7989
f 7984//7984 7089//7089 7925//7925
f 7926//7926 7929//7929 7991//7991
f 7986//7986 7930//7930 7951//7951
f 7987//7987 7953//7953 7999//7999
f 7995//7995 7954//7954 7946//7946
f 7997//7997 7947//7947 7964//7964
f 7969//7969 7945//7945 7944//7944
f 7963//7963 7940//7940 7937//7937
f 8004//8004 7131//7131 7126//7126
f 8011//8011 8018//8018 8025//8025
f 7957//7957 7971//7971 8028//8028
f 7996//7996 8034//8034 7988//7988
f 7985//7985 8033//8033 7107//7107
f 7110//7110 7101//7101 7992//7992
f 7983//7983 7102//7102 7097//7097
f 7990//7990 7098//7098 7092//7092
f 7113//7113 8016//8016 7116//7116
f 7117//7117 8017//8017 8009//8009
f 7120//7120 8010//8010 7123//7123
f 7125//7125 8007//8007 8039//8039
f 7124//7124 8036//8036 8005//8005
f 8044//8044 8049//8049 8058//8058
f 8059//8059 8050//8050 8062//8062
f 8055//8055 8063//8063 8068//8068
f 8057//8057 8071//8071 8043//8043
f 8042//8042 8072//8072 8077//8077
f 8045//8045 8078//8078 8020//8020
f 8024//8024 8079//8079 8084//8084
f 8022//8022 8085//8085 8012//8012
f 8006//8006 8086//8086 8090//8090
f 8008//8008 8091//8091 8037//8037
f 7112//7112 7105//7105 8014//8014
f 8015//8015 7106//7106 8030//8030
f 8013//8013 8032//8032 8023//8023
f 8021//8021 8031//8031 7994//7994
f 8019//8019 7993//7993 8040//8040
f 8041//8041 7998//7998 7965//7965
f 8046//8046 7967//7967 8047//8047
f 8051//8051 7968//7968 7960//7960
f 8048//8048 7961//7961 8064//8064
f 8061//8061 7962//7962 8029//8029
f 8065//8065 8027//8027 8067//8067
f 8094//8094 8089//8089 8083//8083
f 8101//8101 7144//7144 7136//7136
f 8102//8102 8107//8107 8114//8114
f 8113//8113 8105//8105 8093//8093
f 8110//8110 8098//8098 8117//8117
f 8120//8120 8096//8096 8087//8087
f 8075//8075 8122//8122 8080//8080
f 8082//8082 8128//8128 8130//8130
f 8081//8081 8133//8133 8116//8116
f 8137//8137 8139//8139 8052//8052
f 8056//8056 8140//8140 8127//8127
f 8060//8060 8121//8121 8073//8073
f 8074//8074 8123//8123 8076//8076
f 8144//8144 8147//8147 8151//8151
f 8143//8143 8156//8156 8158//8158
f 8134//8134 8053//8053 8157//8157
f 8154//8154 8054//8054 8066//8066
f 8152//8152 8070//8070 8161//8161
f 7138//7138 7128//7128 8002//8002
f 8100//8100 7135//7135 8109//8109
f 8108//8108 7134//7134 8000//8000
f 8106//8106 8001//8001 8095//8095
f 8092//8092 8003//8003 8035//8035
f 8097//8097 8038//8038 8088//8088
f 8164//8164 7147//7147 7145//7145
f 8163//8163 7146//7146 8169//8169
f 8166//8166 7139//7139 8099//8099
f 8170//8170 8103//8103 8172//8172
f 8176//8176 8104//8104 8112//8112
f 8174//8174 8111//8111 8183//8183
f 8115//8115 8118//8118 8184//8184
f 8182//8182 8119//8119 8132//8132
f 8177//8177 8129//8129 8190//8190
f 8188//8188 8131//8131 8126//8126
f 8187//8187 8125//8125 8196//8196
f 8195//8195 8124//8124 8142//8142
f 8193//8193 8141//8141 8204//8204
f 8200//8200 8138//8138 8135//8135
f 8136//8136 8155//8155 8199//8199
f 8201//8201 8153//8153 8148//8148
f 8197//8197 8149//8149 8208//8208
f 8211//8211 7159//7159 7152//7152
f 8198//8198 8207//8207 8216//8216
f 7151//7151 8165//8165 8213//8213
f 8215//8215 8162//8162 8167//8167
f 8209//8209 8168//8168 8222//8222
f 8225//8225 8171//8171 8173//8173
f 8220//8220 8175//8175 8181//8181
f 7164//7164 7162//7162 8228//8228
f 8226//8226 7163//7163 8214//8214
f 8227//8227 8212//8212 8237//8237
f 8235//8235 8210//8210 8223//8223
f 8233//8233 8221//8221 8239//8239
f 8240//8240 8224//8224 8178//8178
f 8241//8241 8179//8179 8250//8250
f 8248//8248 8180//8180 8186//8186
f 8247//8247 8185//8185 8255//8255
f 8254//8254 8189//8189 8192//8192
f 8251//8251 8194//8194 8256//8256
f 8261//8261 8191//8191 8202//8202
f 8258//8258 8203//8203 8263//8263
f 8266//8266 8205//8205 8218//8218
f 8272//8272 8234//8234 8244//8244
f 7183//7183 7176//7176 8267//8267
f 8278//8278 8284//8284 8287//8287
f 8286//8286 8282//8282 8293//8293
f 8288//8288 8294//8294 8299//8299
f 7190//7190 7186//7186 8302//8302
f 8304//8304 7185//7185 8310//8310
f 8303//8303 8309//8309 8318//8318
f 7170//7170 7165//7165 8230//8230
f 8236//8236 8273//8273 8229//8229
f 8232//8232 8268//8268 7175//7175
f 8231//8231 7174//7174 7171//7171
f 7156//7156 7193//7193 8324//8324
f 8320//8320 7194//7194 8305//8305
f 8321//8321 8307//8307 8330//8330
f 8329//8329 8306//8306 8316//8316
f 8331//8331 8317//8317 8337//8337
f 8335//8335 8319//8319 8340//8340
f 8336//8336 8338//8338 8275//8275
f 8277//8277 8339//8339 8344//8344
f 8280//8280 8345//8345 8281//8281
f 8283//8283 8346//8346 8257//8257
f 8285//8285 8262//8262 8292//8292
f 8295//8295 8260//8260 8265//8265
f 8296//8296 8264//8264 8219//8219
f 7184//7184 7182//7182 8312//8312
f 8308//8308 7181//7181 8269//8269
f 8311//8311 8271//8271 8313//8313
f 8314//8314 8270//8270 8242//8242
f 8315//8315 8243//8243 8341//8341
f 8342//8342 8238//8238 8245//8245
f 8343//8343 8246//8246 8348//8348
f 8347//8347 8249//8249 8253//8253
f 8349//8349 8252//8252 8259//8259
f 6917//6917 7155//7155 8352//8352
f 8353//8353 7157//7157 8325//8325
f 8350//8350 8323//8323 8358//8358
f 8359//8359 8322//8322 8326//8326
f 8355//8355 8328//8328 8365//8365
f 8363//8363 8327//8327 8333//8333
f 8362//8362 8332//8332 8369//8369
f 8367//8367 8334//8334 8276//8276
f 8371//8371 8274//8274 8372//8372
f 8374//8374 8279//8279 8290//8290
f 8375//8375 8289//8289 8381//8381
f 8382//8382 8291//8291 8301//8301
f 8378//8378 8300//8300 8384//8384
f 6910//6910 6914//6914 8393//8393
f 8387//8387 6915//6915 8354//8354
f 8364//8364 8368//8368 8398//8398
f 8399//8399 8370//8370 8377//8377
f 8394//8394 8376//8376 8403//8403
f 8400//8400 8373//8373 8379//8379
f 8402//8402 8380//8380 8385//8385
f 8351//8351 8356//8356 8389//8389
f 8388//8388 8357//8357 8366//8366
f 8386//8386 8361//8361 8407//8407
f 8405//8405 8360//8360 8395//8395
f 6909//6909 8392//8392 8414//8414
f 8406//8406 8397//8397 8416//8416
f 8408//8408 8418//8418 8390//8390
f 8391//8391 8415//8415 8409//8409
f 8411//8411 8419//8419 8423//8423
f 8412//8412 8422//8422 8427//8427
f 8429//8429 8424//8424 8435//8435
f 8429//8429 8435//8435 8437//8437
f 8448//8448 8450//8450 8455//8455
f 8454//8454 8433//8433 8447//8447
f 8446//8446 8431//8431 8421//8421
f 8446//8446 8421//8421 8458//8458
f 8459//8459 8425//8425 8420//8420
f 8459//8459 8420//8420 8463//8463
f 8462//8462 8417//8417 8396//8396
f 8462//8462 8396//8396 8404//8404
f 8465//8465 8473//8473 8440//8440
f 8456//8456 8476//8476 8436//8436
f 8434//8434 8475//8475 8482//8482
f 8432//8432 8483//8483 8444//8444
f 8439//8439 8484//8484 8488//8488
f 8442//8442 8485//8485 8466//8466
f 6911//6911 8410//8410 6924//6924
f 6923//6923 8413//8413 8426//8426
f 6922//6922 8430//8430 6928//6928
f 6925//6925 8428//8428 8441//8441
f 6926//6926 8438//8438 6934//6934
f 6933//6933 8443//8443 8471//8471
f 6932//6932 8474//8474 6939//6939
f 6942//6942 6937//6937 8491//8491
f 8489//8489 6936//6936 8472//8472
f 8493//8493 8469//8469 8496//8496
f 8497//8497 8470//8470 8468//8468
f 8494//8494 8467//8467 8500//8500
f 8464//8464 8487//8487 8503//8503
f 8502//8502 8486//8486 8481//8481
f 8507//8507 8479//8479 8514//8514
f 8516//8516 8480//8480 8478//8478
f 8477//8477 8453//8453 8509//8509
f 8515//8515 8457//8457 8452//8452
f 8512//8512 8449//8449 8520//8520
f 8501//8501 8513//8513 8524//8524
f 8531//8531 8525//8525 8533//8533
f 8536//8536 8526//8526 8508//8508
f 8534//8534 8510//8510 8540//8540
f 8538//8538 8511//8511 8518//8518
f 8542//8542 6947//6947 6941//6941
f 6940//6940 8492//8492 8541//8541
f 8547//8547 8490//8490 8498//8498
f 8548//8548 8499//8499 8552//8552
f 8550//8550 8495//8495 8505//8505
f 8551//8551 8504//8504 8560//8560
f 8557//8557 8506//8506 8527//8527
f 8564//8564 6982//6982 6976//6976
f 8570//8570 8576//8576 8585//8585
f 8528//8528 8530//8530 8590//8590
f 8553//8553 8596//8596 8546//8546
f 8545//8545 8592//8592 6961//6961
f 6959//6959 6956//6956 8543//8543
f 8544//8544 6955//6955 6952//6952
f 8549//8549 6951//6951 6945//6945
f 6965//6965 8574//8574 6971//6971
f 6969//6969 8578//8578 8569//8569
f 6974//6974 8571//8571 6975//6975
f 8563//8563 6980//6980 8597//8597
f 8600//8600 6978//6978 8572//8572
f 8598//8598 8573//8573 8604//8604
f 8603//8603 8568//8568 8584//8584
f 8602//8602 8580//8580 8611//8611
f 8612//8612 8586//8586 8616//8616
f 8610//8610 8619//8619 8625//8625
f 8627//8627 8618//8618 8631//8631
f 8626//8626 8633//8633 8634//8634
f 8636//8636 8632//8632 8643//8643
f 8635//8635 8640//8640 8648//8648
f 6967//6967 6963//6963 8577//8577
f 8575//8575 6958//6958 8593//8593
f 8579//8579 8595//8595 8582//8582
f 8581//8581 8594//8594 8554//8554
f 8583//8583 8555//8555 8621//8621
f 8617//8617 8556//8556 8561//8561
f 8620//8620 8559//8559 8628//8628
f 8629//8629 8558//8558 8523//8523
f 8630//8630 8521//8521 8642//8642
f 8639//8639 8522//8522 8588//8588
f 8641//8641 8587//8587 8647//8647
f 8645//8645 8591//8591 8652//8652
f 8659//8659 8646//8646 8662//8662
f 8660//8660 8649//8649 8651//8651
f 8667//8667 8567//8567 8672//8672
f 8673//8673 8565//8565 8599//8599
f 8669//8669 8601//8601 8606//8606
f 8678//8678 6995//6995 6988//6988
f 6983//6983 8562//8562 6989//6989
f 6987//6987 8566//8566 8665//8665
f 6986//6986 8666//8666 8679//8679
f 8682//8682 8668//8668 8671//8671
f 8676//8676 8670//8670 8684//8684
f 8688//8688 8674//8674 8607//8607
f 8683//8683 8608//8608 8691//8691
f 8690//8690 8609//8609 8699//8699
f 8697//8697 8605//8605 8613//8613
f 8694//8694 8615//8615 8703//8703
f 8702//8702 8614//8614 8624//8624
f 8700//8700 8622//8622 8654//8654
f 8657//8657 8623//8623 8638//8638
f 8653//8653 8637//8637 8644//8644
f 8675//8675 8687//8687 7650//7650
f 7648//7648 8685//8685 7658//7658
f 7659//7659 8686//8686 8692//8692
f 7663//7663 8693//8693 7674//7674
f 7675//7675 8689//8689 8698//8698
f 7673//7673 8696//8696 7686//7686
f 8695//8695 8704//8704 7687//7687
f 7683//7683 8701//8701 8658//8658
f 7682//7682 8655//8655 7624//7624
f 7625//7625 8656//8656 8661//8661
f 7622//7622 8664//8664 7614//7614
f 7649//7649 7596//7596 8680//8680
f 8681//8681 7601//7601 7001//7001
f 8677//8677 6999//6999 6996//6996
f 8707//8707 8712//8712 8719//8719
f 5737//5737 5732//5732 8720//8720
f 5737//5737 8720//8720 8725//8725
f 8728//8728 8722//8722 8730//8730
f 8728//8728 8730//8730 8733//8733
f 8734//8734 8732//8732 8718//8718
f 8734//8734 8718//8718 8737//8737
f 8740//8740 8717//8717 8713//8713
f 8740//8740 8713//8713 8743//8743
f 5684//5684 5673//5673 8706//8706
f 8709//8709 8716//8716 5683//5683
f 5686//5686 8715//8715 8729//8729
f 5686//5686 8729//8729 5699//5699
f 5695//5695 8731//8731 8721//8721
f 5695//5695 8721//8721 5709//5709
f 5710//5710 8723//8723 5731//5731
f 5710//5710 5731//5731 5713//5713
f 8748//8748 8751//8751 5674//5674
f 5674//5674 8751//8751 8705//8705
f 8746//8746 7378//7378 8759//8759
f 8760//8760 7377//7377 7392//7392
f 8757//8757 7393//7393 8766//8766
f 8762//8762 7391//7391 7384//7384
f 8765//8765 7386//7386 8769//8769
f 8768//8768 7388//7388 7410//7410
f 8767//8767 7409//7409 8775//8775
f 8774//8774 7411//7411 7417//7417
f 5738//5738 8727//8727 8778//8778
f 8781//8781 8724//8724 8786//8786
f 8744//8744 8788//8788 8741//8741
f 8739//8739 8790//8790 8785//8785
f 8738//8738 8784//8784 8735//8735
f 8736//8736 8783//8783 8726//8726
f 6660//6660 8791//8791 6730//6730
f 6731//6731 8794//8794 8797//8797
f 6668//6668 8801//8801 8803//8803
f 6666//6666 8804//8804 6659//6659
f 6663//6663 8805//8805 8808//8808
f 6661//6661 8809//8809 8793//8793
f 8812//8812 8799//8799 6672//6672
f 6673//6673 8802//8802 6669//6669
f 6606//6606 8819//8819 6631//6631
f 6633//6633 8817//8817 8813//8813
f 6630//6630 8815//8815 6674//6674
f 6585//6585 8821//8821 6591//6591
f 6588//6588 8825//8825 8820//8820
f 6589//6589 8816//8816 6609//6609
f 6583//6583 6450//6450 8822//8822
f 8824//8824 6455//6455 8828//8828
f 6391//6391 8830//8830 6456//6456
f 6454//6454 8831//8831 8827//8827
f 6402//6402 8834//8834 8836//8836
f 6398//6398 8838//8838 6393//6393
f 6394//6394 8839//8839 8844//8844
f 6390//6390 8842//8842 8829//8829
f 6406//6406 8846//8846 6397//6397
f 6399//6399 8845//8845 8835//8835
f 6340//6340 8850//8850 6366//6366
f 6364//6364 8851//8851 8848//8848
f 6365//6365 8849//8849 6407//6407
f 6317//6317 8857//8857 6322//6322
f 6320//6320 8855//8855 8853//8853
f 6320//6320 8853//8853 6339//6339
f 6319//6319 6193//6193 8854//8854
f 8858//8858 6195//6195 8861//8861
f 6156//6156 8864//8864 6191//6191
f 6196//6196 8863//8863 8860//8860
f 8862//8862 6159//6159 8866//8866
f 8868//8868 6157//6157 6126//6126
f 8867//8867 6130//6130 8871//8871
f 8873//8873 6127//6127 6121//6121
f 8870//8870 6120//6120 8876//8876
f 8877//8877 6119//6119 6096//6096
f 8874//8874 6099//6099 8879//8879
f 6098//6098 6095//6095 8882//8882
f 8878//8878 6094//6094 6063//6063
f 8880//8880 6060//6060 8883//8883
f 8885//8885 6062//6062 6058//6058
f 8886//8886 6056//6056 8888//8888
f 5924//5924 8892//8892 6057//6057
f 6059//6059 8893//8893 8887//8887
f 5870//5870 8898//8898 5874//5874
f 5875//5875 8897//8897 8903//8903
f 5878//5878 8902//8902 5915//5915
f 5910//5910 8904//8904 8894//8894
f 5914//5914 8890//8890 5922//5922
f 8905//8905 8912//8912 8742//8742
f 8742//8742 8912//8912 8789//8789
f 8913//8913 8921//8921 8925//8925
f 8924//8924 8923//8923 8910//8910
f 8927//8927 8911//8911 8907//8907
f 8932//8932 8936//8936 8939//8939
f 8940//8940 8933//8933 8919//8919
f 8941//8941 8922//8922 8944//8944
f 8943//8943 8920//8920 8914//8914
f 8950//8950 8952//8952 8931//8931
f 8931//8931 8952//8952 8934//8934
f 8954//8954 8948//8948 8960//8960
f 8951//8951 8959//8959 8964//8964
f 8969//8969 8972//8972 8974//8974
f 8975//8975 8973//8973 8961//8961
f 8977//8977 8965//8965 8982//8982
f 8981//8981 8962//8962 8957//8957
f 8984//8984 8989//8989 8968//8968
f 8968//8968 8989//8989 8970//8970
f 8985//8985 8993//8993 8990//8990
f 8987//8987 8991//8991 8996//8996
f 6732//6732 8795//8795 9004//9004
f 9001//9001 8798//8798 9000//9000
f 9003//9003 8998//8998 9006//9006
f 9007//9007 8997//8997 8992//8992
f 9012//9012 9016//9016 9018//9018
f 9018//9018 9016//9016 9021//9021
f 9019//9019 9020//9020 9023//9023
f 9023//9023 9020//9020 9025//9025
f 9024//9024 9026//9026 9028//9028
f 9028//9028 9026//9026 9033//9033
f 9030//9030 9032//9032 9036//9036
f 9036//9036 9032//9032 9037//9037
f 9035//9035 9038//9038 9041//9041
f 9041//9041 9038//9038 9043//9043
f 9040//9040 9042//9042 9044//9044
f 9044//9044 9042//9042 9047//9047
f 9045//9045 9048//9048 9049//9049
f 9049//9049 9048//9048 9053//9053
f 9050//9050 9052//9052 9054//9054
f 9054//9054 9052//9052 9057//9057
f 9056//9056 9058//9058 9059//9059
f 9059//9059 9058//9058 9063//9063
f 9060//9060 9062//9062 9065//9065
f 9065//9065 9062//9062 9067//9067
f 9072//9072 9064//9064 9068//9068
f 9068//9068 9074//9074 9072//9072
f 9069//9069 9073//9073 9078//9078
f 9071//9071 9077//9077 9083//9083
f 9076//9076 9084//9084 9079//9079
f 9081//9081 9085//9085 9087//9087
f 9082//9082 9088//9088 9094//9094
f 9089//9089 9097//9097 9093//9093
f 9092//9092 9096//9096 9098//9098
f 9090//9090 9100//9100 9102//9102
f 9099//9099 9106//9106 9103//9103
f 9104//9104 9107//9107 9110//9110
f 9105//9105 9111//9111 9114//9114
f 9109//9109 9119//9119 9113//9113
f 9112//9112 9118//9118 9121//9121
f 9115//9115 9122//9122 9126//9126
f 9120//9120 9129//9129 9123//9123
f 9127//9127 9128//9128 9134//9134
f 9124//9124 9133//9133 9138//9138
f 9132//9132 9143//9143 9139//9139
f 9137//9137 9141//9141 9145//9145
f 9136//9136 9146//9146 9150//9150
f 9014//9014 9011//9011 9155//9155
f 9155//9155 9011//9011 9160//9160
f 9156//9156 9159//9159 9161//9161
f 9163//9163 9158//9158 9152//9152
f 9162//9162 9151//9151 9168//9168
f 9167//9167 9153//9153 9148//9148
f 6741//6741 6737//6737 9170//9170
f 6735//6735 6733//6733 9005//9005
f 6735//6735 9005//9005 9173//9173
f 9169//9169 9002//9002 9009//9009
f 9169//9169 9009//9009 9176//9176
f 9175//9175 9008//9008 8995//8995
f 9175//9175 8995//8995 9178//9178
f 9180//9180 8994//8994 8986//8986
f 9180//9180 8986//8986 9184//9184
f 6740//6740 9171//9171 6776//6776
f 6777//6777 9172//9172 9174//9174
f 6777//6777 9174//9174 6766//6766
f 6767//6767 9177//9177 9179//9179
f 6767//6767 9179//9179 6757//6757
f 6758//6758 9181//9181 9183//9183
f 6758//6758 9183//9183 6747//6747
f 7515//7515 9190//9190 7502//7502
f 7500//7500 9189//9189 9193//9193
f 7501//7501 9194//9194 7481//7481
f 7478//7478 9195//9195 9198//9198
f 7482//7482 9199//9199 7488//7488
f 7486//7486 9200//9200 9204//9204
f 7487//7487 9201//9201 7458//7458
f 7457//7457 9203//9203 9208//9208
f 9186//9186 6749//6749 9185//9185
f 9186//9186 9185//9185 9214//9214
f 9211//9211 9182//9182 8983//8983
f 9211//9211 8983//8983 8966//8966
f 9217//9217 9218//9218 9223//9223
f 9224//9224 9221//9221 9227//9227
f 9216//9216 9231//9231 9222//9222
f 9215//9215 9235//9235 9236//9236
f 9238//9238 9241//9241 9244//9244
f 9248//9248 9249//9249 9250//9250
f 9256//9256 9253//9253 9261//9261
f 9255//9255 9259//9259 9263//9263
f 9258//9258 9266//9266 9262//9262
f 9264//9264 9265//9265 9270//9270
f 9273//9273 9272//9272 9274//9274
f 9273//9273 9274//9274 9277//9277
f 9282//9282 9280//9280 9285//9285
f 9281//9281 9286//9286 9287//9287
f 9303//9303 9301//9301 9304//9304
f 9302//9302 9305//9305 9306//9306
f 9308//9308 9309//9309 9310//9310
f 9300//9300 9315//9315 9317//9317
f 9318//9318 9321//9321 9312//9312
f 9313//9313 9322//9322 9325//9325
f 9314//9314 9324//9324 9316//9316
f 9327//9327 9328//9328 9330//9330
f 9330//9330 9328//9328 9332//9332
f 9331//9331 9333//9333 9334//9334
f 9334//9334 9333//9333 9336//9336
f 9335//9335 9337//9337 9320//9320
f 9320//9320 9337//9337 9338//9338
f 9319//9319 9339//9339 9323//9323
f 9329//9329 9326//9326 9340//9340
f 9340//9340 9326//9326 9343//9343
f 9341//9341 9342//9342 9345//9345
f 9345//9345 9342//9342 9347//9347
f 9344//9344 9346//9346 9349//9349
f 9349//9349 9346//9346 9351//9351
f 9348//9348 9350//9350 9352//9352
f 9352//9352 9350//9350 9355//9355
f 9353//9353 9354//9354 9357//9357
f 9357//9357 9354//9354 9359//9359
f 9356//9356 9358//9358 9361//9361
f 9361//9361 9358//9358 9362//9362
f 9360//9360 9363//9363 9311//9311
f 9311//9311 9363//9363 9307//9307
f 9365//9365 9367//9367 9369//9369
f 9369//9369 9367//9367 9370//9370
f 9368//9368 9371//9371 9372//9372
f 9372//9372 9371//9371 9374//9374
f 9373//9373 9375//9375 9377//9377
f 9377//9377 9375//9375 9379//9379
f 9376//9376 9378//9378 9381//9381
f 9381//9381 9378//9378 9382//9382
f 9380//9380 9383//9383 9384//9384
f 9384//9384 9383//9383 9387//9387
f 9385//9385 9386//9386 9389//9389
f 9389//9389 9386//9386 9391//9391
f 9393//9393 9394//9394 9396//9396
f 9396//9396 9394//9394 9398//9398
f 9397//9397 9399//9399 9400//9400
f 9400//9400 9399//9399 9402//9402
f 9401//9401 9403//9403 9405//9405
f 9405//9405 9403//9403 9407//9407
f 9404//9404 9406//9406 9409//9409
f 9409//9409 9406//9406 9411//9411
f 9408//9408 9410//9410 9413//9413
f 9413//9413 9410//9410 9414//9414
f 9412//9412 9415//9415 9416//9416
f 9416//9416 9415//9415 9419//9419
f 9417//9417 9418//9418 9421//9421
f 9421//9421 9418//9418 9424//9424
f 9425//9425 9428//9428 9429//9429
f 9429//9429 9428//9428 9430//9430
f 9431//9431 9432//9432 9434//9434
f 9434//9434 9432//9432 9435//9435
f 9433//9433 9436//9436 9438//9438
f 9438//9438 9436//9436 9440//9440
f 9437//9437 9439//9439 9442//9442
f 9442//9442 9439//9439 9443//9443
f 9441//9441 9444//9444 9446//9446
f 9446//9446 9444//9444 9447//9447
f 9445//9445 9448//9448 9450//9450
f 9450//9450 9448//9448 9451//9451
f 9449//9449 9452//9452 9426//9426
f 9426//9426 9452//9452 9427//9427
f 9453//9453 9459//9459 9460//9460
f 9461//9461 9464//9464 9467//9467
f 9295//9295 9291//9291 9469//9469
f 9294//9294 9470//9470 9456//9456
f 9454//9454 9299//9299 9298//9298
f 9458//9458 9297//9297 9466//9466
f 9465//9465 9296//9296 9462//9462
f 9463//9463 9293//9293 9457//9457
f 9474//9474 9475//9475 9455//9455
f 9484//9484 9486//9486 9491//9491
f 9479//9479 9473//9473 9494//9494
f 9492//9492 9480//9480 9478//9478
f 9490//9490 9476//9476 9483//9483
f 9482//9482 9477//9477 9495//9495
f 9497//9497 9489//9489 9501//9501
f 9500//9500 9493//9493 9487//9487
f 9504//9504 9498//9498 9505//9505
f 9512//9512 9502//9502 9503//9503
f 8777//8777 9207//9207 9518//9518
f 8777//8777 9518//9518 9521//9521
f 9523//9523 9515//9515 8949//8949
f 9523//9523 8949//8949 8929//8929
f 9188//9188 9212//9212 9528//9528
f 9213//9213 8967//8967 8976//8976
f 9213//9213 8976//8976 9527//9527
f 9526//9526 8978//8978 8980//8980
f 9526//9526 8980//8980 9533//9533
f 9532//9532 8979//8979 8956//8956
f 9529//9529 8958//8958 9535//9535
f 9534//9534 8955//8955 8947//8947
f 9534//9534 8947//8947 9517//9517
f 9188//9188 9528//9528 9191//9191
f 9192//9192 9525//9525 9530//9530
f 9192//9192 9530//9530 9196//9196
f 9197//9197 9531//9531 9537//9537
f 9197//9197 9537//9537 9205//9205
f 9206//9206 9536//9536 9516//9516
f 9202//9202 9519//9519 9209//9209
f 9061//9061 9066//9066 9010//9010
f 9010//9010 9066//9066 9070//9070
f 9010//9010 9070//9070 9157//9157
f 9010//9010 9017//9017 9061//9061
f 9061//9061 9017//9017 9022//9022
f 9061//9061 9022//9022 9029//9029
f 9029//9029 9034//9034 9039//9039
f 9070//9070 9080//9080 9157//9157
f 9157//9157 9080//9080 9091//9091
f 9157//9157 9091//9091 9101//9101
f 9140//9140 9149//9149 9125//9125
f 9125//9125 9149//9149 9157//9157
f 9125//9125 9157//9157 9116//9116
f 9116//9116 9157//9157 9101//9101
f 9055//9055 9061//9061 9051//9051
f 9051//9051 9061//9061 9029//9029
f 9051//9051 9029//9029 9046//9046
f 9046//9046 9029//9029 9039//9039
f 9539//9539 7298//7298 9509//9509
f 9540//9540 9508//9508 9510//9510
f 9234//9234 9542//9542 9237//9237
f 9228//9228 9547//9547 9229//9229
f 9554//9554 9549//9549 9556//9556
f 9557//9557 9511//9511 9513//9513
f 9230//9230 9548//9548 9233//9233
f 9232//9232 9550//9550 9219//9219
f 9220//9220 9551//9551 9555//9555
f 9541//9541 9561//9561 9538//9538
f 9543//9543 9560//9560 9545//9545
f 9544//9544 9559//9559 9546//9546
f 9243//9243 9580//9580 9578//9578
f 9566//9566 9246//9246 9245//9245
f 9288//9288 9284//9284 9563//9563
f 9562//9562 9283//9283 9278//9278
f 9279//9279 9275//9275 9567//9567
f 9568//9568 9276//9276 9271//9271
f 9568//9568 9271//9271 9587//9587
f 9586//9586 9269//9269 9267//9267
f 9268//9268 9260//9260 9588//9588
f 9589//9589 9257//9257 9252//9252
f 9577//9577 9254//9254 9251//9251
f 9247//9247 9564//9564 9289//9289
f 9290//9290 9565//9565 9581//9581
f 9584//9584 9576//9576 9485//9485
f 9583//9583 9481//9481 9496//9496
f 9585//9585 9472//9472 9471//9471
f 9582//9582 9468//9468 9292//9292
f 9553//9553 9558//9558 9569//9569
f 9571//9571 9514//9514 9506//9506
f 9572//9572 9507//9507 9575//9575
f 9574//9574 9499//9499 9488//9488
f 9552//9552 9570//9570 9226//9226
f 9225//9225 9573//9573 9240//9240
f 9239//9239 9579//9579 9242//9242
f 8926//8926 9591//9591 8916//8916
f 8917//8917 9595//9595 9596//9596
f 8915//8915 9597//9597 8945//8945
f 8946//8946 9599//9599 9603//9603
f 8942//8942 9601//9601 8937//8937
f 8772//8772 8773//8773 9524//9524
f 8928//8928 8908//8908 9592//9592
f 9592//9592 8908//8908 9607//9607
f 9594//9594 9606//9606 8755//8755
f 8930//8930 8938//8938 9522//9522
f 9522//9522 8938//8938 9604//9604
f 9520//9520 9605//9605 8771//8771
f 8770//8770 9602//9602 9598//9598
f 8770//8770 9598//9598 8764//8764
f 8763//8763 9600//9600 9593//9593
f 8763//8763 9593//9593 8756//8756
f 8758//8758 9590//9590 8750//8750
f 8761//8761 8753//8753 8749//8749
f 8906//8906 8745//8745 9609//9609
f 9609//9609 8745//8745 8711//8711
f 9608//9608 8710//8710 8752//8752
f 8754//8754 8714//8714 8708//8708
f 8776//8776 7416//7416 9210//9210
f 9210//9210 7416//7416 7460//7460
f 9622//9622 9624//9624 7283//7283
f 7284//7284 9623//9623 9612//9612
f 7285//7285 9613//9613 7275//7275
f 7274//7274 9366//9366 9364//9364
f 9388//9388 9390//9390 9636//9636
f 9636//9636 9390//9390 9610//9610
f 9637//9637 9611//9611 9639//9639
f 9639//9639 9611//9611 9617//9617
f 9638//9638 9618//9618 9641//9641
f 9641//9641 9618//9618 9615//9615
f 9642//9642 9614//9614 7278//7278
f 7276//7276 9616//9616 9619//9619
f 7277//7277 9621//9621 7281//7281
f 7280//7280 9620//9620 7282//7282
f 9420//9420 9423//9423 7296//7296
f 7297//7297 9422//9422 9635//9635
f 9629//9629 7295//7295 9632//9632
f 9630//9630 7293//7293 7287//7287
f 9631//9631 7288//7288 7286//7286
f 9395//9395 9392//9392 9626//9626
f 9626//9626 9392//9392 9644//9644
f 9625//9625 9643//9643 9633//9633
f 9634//9634 9645//9645 9627//9627
f 9628//9628 9646//9646 7294//7294
f 7279//7279 7289//7289 9640//9640
f 9187//9187 7513//7513 6748//6748
f 6748//6748 7513//7513 6752//6752
f 6727//6727 5210//5210 6901//6901
f 6727//6727 6901//6901 6687//6687
f 6684//6684 6903//6903 2573//2573
f 6684//6684 2573//2573 6693//6693
f 5925//5925 6055//6055 5919//5919
f 5918//5918 6054//6054 6071//6071
f 5921//5921 6068//6068 5907//5907
f 5909//5909 6067//6067 6081//6081
f 5908//5908 6083//6083 5898//5898
f 5903//5903 6080//6080 5945//5945
f 9068//9068 9647//9647 9074//9074
f 9075//9075 9649//9649 9651//9651
f 9073//9073 9654//9654 9078//9078
f 9076//9076 9655//9655 9084//9084
f 9086//9086 9653//9653 9661//9661
f 9085//9085 9656//9656 9087//9087
f 9089//9089 9659//9659 9097//9097
f 9095//9095 9658//9658 9662//9662
f 9096//9096 9663//9663 9098//9098
f 9099//9099 9666//9666 9106//9106
f 9108//9108 9667//9667 9672//9672
f 9107//9107 9668//9668 9110//9110
f 9109//9109 9669//9669 9119//9119
f 9117//9117 9671//9671 9676//9676
f 9118//9118 9674//9674 9121//9121
f 9679//9679 9686//9686 9147//9147
f 9144//9144 9142//9142 9681//9681
f 9682//9682 9143//9143 9132//9132
f 9680//9680 9131//9131 9678//9678
f 9677//9677 9135//9135 9130//9130
f 9673//9673 9129//9129 9120//9120
f 9693//9693 9695//9695 9015//9015
f 9013//9013 9154//9154 9694//9694
f 9690//9690 9156//9156 9161//9161
f 9692//9692 9165//9165 9685//9685
f 9688//9688 9164//9164 9166//9166
f 9684//9684 9167//9167 9148//9148
f 9016//9016 9697//9697 9021//9021
f 9021//9021 9697//9697 9699//9699
f 9020//9020 9698//9698 9025//9025
f 9025//9025 9698//9698 9703//9703
f 9027//9027 9702//9702 9031//9031
f 9031//9031 9702//9702 9706//9706
f 9032//9032 9704//9704 9037//9037
f 9037//9037 9704//9704 9709//9709
f 9038//9038 9708//9708 9043//9043
f 9043//9043 9708//9708 9712//9712
f 9042//9042 9711//9711 9047//9047
f 9047//9047 9711//9711 9713//9713
f 9048//9048 9715//9715 9053//9053
f 9053//9053 9715//9715 9716//9716
f 9052//9052 9718//9718 9057//9057
f 9057//9057 9718//9718 9719//9719
f 9058//9058 9720//9720 9063//9063
f 9063//9063 9720//9720 9724//9724
f 9062//9062 9722//9722 9067//9067
f 9067//9067 9722//9722 9648//9648
f 5873//5873 5849//5849 8896//8896
f 8899//8899 5851//5851 5832//5832
f 8895//8895 5835//5835 9727//9727
f 5834//5834 5816//5816 9726//9726
f 9730//9730 5818//5818 5739//5739
f 9728//9728 5742//5742 9732//9732
f 8869//8869 8872//8872 9683//9683
f 9701//9701 9700//9700 8779//8779
f 8779//8779 9700//9700 9731//9731
f 9687//9687 8891//8891 8901//8901
f 8891//8891 9687//9687 8889//8889
f 8889//8889 9687//9687 9683//9683
f 8889//8889 9683//9683 8884//8884
f 8872//8872 8875//8875 9683//9683
f 9683//9683 8875//8875 8881//8881
f 9683//9683 8881//8881 8884//8884
f 8792//8792 8811//8811 9660//9660
f 9657//9657 8810//8810 8806//8806
f 9705//9705 8918//8918 9707//9707
f 9707//9707 8918//8918 8935//8935
f 9707//9707 8935//8935 9710//9710
f 9710//9710 8935//8935 8953//8953
f 9710//9710 8953//8953 9714//9714
f 9714//9714 8953//8953 8963//8963
f 9714//9714 8963//8963 9717//9717
f 8779//8779 8782//8782 9701//9701
f 9701//9701 8782//8782 8787//8787
f 9701//9701 8787//8787 9705//9705
f 9705//9705 8787//8787 8909//8909
f 9705//9705 8909//8909 8918//8918
f 9700//9700 9696//9696 9731//9731
f 9731//9731 9696//9696 9691//9691
f 9733//9733 9689//9689 9725//9725
f 9729//9729 9691//9691 9687//9687
f 9729//9729 9687//9687 8900//8900
f 8900//8900 9687//9687 8901//8901
f 8869//8869 9683//9683 8865//8865
f 8865//8865 9683//9683 9675//9675
f 8865//8865 9675//9675 8859//8859
f 8859//8859 9675//9675 9670//9670
f 8859//8859 9670//9670 8856//8856
f 8856//8856 9670//9670 9664//9664
f 8856//8856 9664//9664 8852//8852
f 9665//9665 8841//8841 8837//8837
f 8963//8963 8971//8971 9717//9717
f 9717//9717 8971//8971 8988//8988
f 9717//9717 8988//8988 9721//9721
f 9721//9721 8988//8988 8999//8999
f 9721//9721 8999//8999 9723//9723
f 9723//9723 8999//8999 8796//8796
f 9723//9723 8796//8796 9650//9650
f 9650//9650 8796//8796 8792//8792
f 9650//9650 8792//8792 9652//9652
f 9652//9652 8792//8792 9660//9660
f 8840//8840 8833//8833 9664//9664
f 9664//9664 8833//8833 8847//8847
f 9664//9664 8847//8847 8852//8852
f 8807//8807 8800//8800 9660//9660
f 9660//9660 8800//8800 8814//8814
f 9660//9660 8814//8814 8818//8818
f 8818//8818 8823//8823 9660//9660
f 9660//9660 8823//8823 8826//8826
f 9660//9660 8826//8826 9664//9664
f 9664//9664 8826//8826 8832//8832
f 9664//9664 8832//8832 8843//8843
f 5734//5734 8780//8780 5740//5740
f 5740//5740 8780//8780 9734//9734
f 5675//5675 5671//5671 8747//8747
f 8747//8747 5671//5671 7373//7373
f 8445//8445 8460//8460 5573//5573
f 5573//5573 8460//8460 8461//8461
f 7840//7840 7836//7836 5611//5611
f 5611//5611 7836//7836 7869//7869
f 5608//5608 7873//7873 7345//7345
f 7348//7348 7869//7869 7371//7371
f 5573//5573 6796//6796 7558//7558
f 7558//7558 7543//7543 5573//5573
f 5573//5573 7543//7543 7540//7540
f 5573//5573 7540//7540 7548//7548
f 8069//8069 8026//8026 5563//5563
f 5563//5563 8026//8026 7972//7972
f 8461//8461 8401//8401 5573//5573
f 5573//5573 8401//8401 8383//8383
f 5573//5573 8383//8383 5563//5563
f 5563//5563 8383//8383 8298//8298
f 5563//5563 8298//8298 8297//8297
f 8297//8297 8217//8217 5563//5563
f 5563//5563 8217//8217 8206//8206
f 5563//5563 8206//8206 8150//8150
f 7548//7548 8589//8589 8529//8529
f 8150//8150 8146//8146 5563//5563
f 5567//5567 8145//8145 8160//8160
f 5563//5563 8159//8159 8069//8069
f 7972//7972 7973//7973 5563//5563
f 5565//5565 7974//7974 7979//7979
f 5563//5563 7982//7982 5611//5611
f 5606//5606 7980//7980 7921//7921
f 5611//5611 7919//7919 7840//7840
f 7440//7440 7727//7727 7475//7475
f 7475//7475 7727//7727 7724//7724
f 7475//7475 7724//7724 7700//7700
f 7700//7700 7636//7636 7475//7475
f 7473//7473 7635//7635 7631//7631
f 7475//7475 7634//7634 7620//7620
f 7548//7548 8529//8529 5573//5573
f 5573//5573 8529//8529 8535//8535
f 5570//5570 8532//8532 8537//8537
f 7371//7371 7869//7869 7443//7443
f 7443//7443 7869//7869 7867//7867
f 7443//7443 7867//7867 7438//7438
f 7438//7438 7867//7867 7814//7814
f 7438//7438 7814//7814 7440//7440
f 7440//7440 7814//7814 7796//7796
f 7440//7440 7796//7796 7727//7727
f 7618//7618 7617//7617 7476//7476
f 7475//7475 7615//7615 8663//8663
f 7475//7475 8663//8663 7548//7548
f 7548//7548 8663//8663 8650//8650
f 7548//7548 8650//8650 8589//8589
f 8539//8539 8517//8517 5568//5568
f 5573//5573 8519//8519 8451//8451
f 5573//5573 8451//8451 8445//8445
f 5426//5426 9765//9765 5429//5429
f 5428//5428 9761//9761 5442//5442
f 5425//5425 5422//5422 9767//9767
f 9764//9764 5423//5423 5420//5420
f 9766//9766 5418//5418 9768//9768
f 5419//5419 5416//5416 9770//9770
f 9769//9769 5417//5417 5361//5361
f 9771//9771 5360//5360 9777//9777
f 9776//9776 5362//5362 5354//5354
f 9778//9778 5357//5357 9780//9780
f 9781//9781 5355//5355 5366//5366
f 9779//9779 5367//5367 9792//9792
f 9791//9791 5368//5368 5373//5373
f 9790//9790 5371//5371 9793//9793
f 5385//5385 9785//9785 9784//9784
f 5386//5386 9783//9783 5382//5382
f 5379//5379 9782//9782 9796//9796
f 5378//5378 9794//9794 5377//5377
f 5376//5376 9795//9795 5372//5372
f 5390//5390 5395//5395 9786//9786
f 9787//9787 5392//5392 5350//5350
f 5397//5397 9737//9737 5402//5402
f 5400//5400 9739//9739 9736//9736
f 5403//5403 9735//9735 5406//5406
f 9738//9738 5399//5399 5409//5409
f 5408//5408 5458//5458 9740//9740
f 9741//9741 5460//5460 5462//5462
f 5461//5461 5466//5466 9742//9742
f 9743//9743 5468//5468 5470//5470
f 9744//9744 5472//5472 9745//9745
f 9747//9747 5471//5471 5476//5476
f 9746//9746 5475//5475 9755//9755
f 5474//5474 5483//5483 9754//9754
f 9753//9753 5484//5484 5498//5498
f 9756//9756 5495//5495 9760//9760
f 5496//5496 5493//5493 9759//9759
f 9757//9757 5494//5494 5518//5518
f 9758//9758 5517//5517 9748//9748
f 9749//9749 5521//5521 5516//5516
f 9752//9752 5512//5512 5505//5505
f 5504//5504 5501//5501 9750//9750
f 9751//9751 5502//5502 5437//5437
f 9789//9789 5438//5438 5434//5434
f 9788//9788 5435//5435 9772//9772
f 5444//5444 9762//9762 5451//5451
f 5450//5450 9763//9763 9775//9775
f 5449//5449 9773//9773 5456//5456
f 5453//5453 9774//9774 5436//5436
f 7301//7301 7273//7273 7305//7305
f 6859//6859 5176//5176 5183//5183
f 6859//6859 5183//5183 6895//6895
f 6899//6899 5184//5184 5181//5181
f 6898//6898 5177//5177 6891//6891
f 5296//5296 5286//5286 9802//9802
f 5224//5224 6857//6857 6868//6868
f 9803//9803 5217//5217 5223//5223
f 922//922 5218//5218 5259//5259
f 5259//5259 5218//5218 9798//9798
f 5258//5258 9801//9801 5276//5276
f 5276//5276 9801//9801 5287//5287
f 5225//5225 6870//6870 9799//9799
f 9800//9800 6872//6872 6851//6851
f 9797//9797 6854//6854 5299//5299
f 5220//5220 5146//5146 6856//6856
f 6856//6856 5146//5146 5162//5162
f 7251//7251 9805//9805 7270//7270
f 7265//7265 7260//7260 7259//7259
f 9810//9810 9817//9817 9821//9821
f 7270//7270 7266//7266 7251//7251
f 7251//7251 7266//7266 7265//7265
f 7251//7251 7265//7265 7255//7255
f 7255//7255 7265//7265 7259//7259
f 7251//7251 7249//7249 9805//9805
f 9805//9805 7249//7249 9810//9810
f 9805//9805 9810//9810 9827//9827
f 9827//9827 9810//9810 9821//9821
f 4929//4929 7269//7269 4936//4936
f 4935//4935 7272//7272 9806//9806
f 9825//9825 4949//4949 9807//9807
f 9808//9808 4953//4953 4941//4941
f 9804//9804 4940//4940 4933//4933
f 4970//4970 4968//4968 9823//9823
f 9818//9818 4966//4966 4964//4964
f 9820//9820 4965//4965 9824//9824
f 9828//9828 4962//4962 4959//4959
f 9826//9826 4955//4955 4954//4954
f 4973//4973 9822//9822 4979//4979
f 4977//4977 9819//9819 9816//9816
f 4975//4975 9814//9814 4985//4985
f 4984//4984 9815//9815 9812//9812
f 4983//4983 9811//9811 4998//4998
f 4996//4996 9809//9809 4991//4991
f 4990//4990 9813//9813 7248//7248
f 4993//4993 7247//7247 4988//4988
f 9831//9831 7227//7227 7221//7221
f 7235//7235 7232//7232 7237//7237
f 7237//7237 7232//7232 7228//7228
f 7237//7237 7228//7228 7241//7241
f 7241//7241 7228//7228 7227//7227
f 7241//7241 7227//7227 7244//7244
f 7244//7244 7227//7227 9831//9831
f 9838//9838 9841//9841 9849//9849
f 9848//9848 9842//9842 9831//9831
f 9848//9848 9831//9831 9852//9852
f 9852//9852 9831//9831 7221//7221
f 4778//4778 7246//7246 4784//4784
f 4783//4783 7243//7243 9832//9832
f 9845//9845 4808//4808 9829//9829
f 9833//9833 4810//4810 4801//4801
f 9830//9830 4797//4797 4780//4780
f 4857//4857 4846//4846 9839//9839
f 9834//9834 4843//4843 4835//4835
f 9836//9836 4834//4834 9843//9843
f 9840//9840 4836//4836 4824//4824
f 9844//9844 4822//4822 4812//4812
f 4856//4856 9835//9835 4891//4891
f 4889//4889 9837//9837 9846//9846
f 4887//4887 9850//9850 4882//4882
f 4883//4883 9847//9847 9851//9851
f 4881//4881 9855//9855 4878//4878
f 4880//4880 9854//9854 4874//4874
f 4875//4875 9853//9853 7223//7223
f 4873//4873 7222//7222 4870//4870
f 9858//9858 9861//9861 9866//9866
f 9869//9869 9871//9871 9877//9877
f 9877//9877 9871//9871 9880//9880
f 9877//9877 9880//9880 9882//9882
f 9882//9882 9880//9880 9861//9861
f 9882//9882 9861//9861 9887//9887
f 9887//9887 9861//9861 9858//9858
f 9890//9890 9899//9899 9901//9901
f 9900//9900 9895//9895 9858//9858
f 9900//9900 9858//9858 9908//9908
f 9908//9908 9858//9858 9866//9866
f 4692//4692 9885//9885 4720//4720
f 4717//4717 9886//9886 9856//9856
f 9897//9897 4727//4727 9860//9860
f 9859//9859 4730//4730 4723//4723
f 9857//9857 4722//4722 4716//4716
f 4748//4748 4744//4744 9891//9891
f 9889//9889 4745//4745 4738//4738
f 9892//9892 4741//4741 9898//9898
f 9894//9894 4739//4739 4733//4733
f 9896//9896 4731//4731 4728//4728
f 4752//4752 9888//9888 4769//4769
f 4772//4772 9893//9893 9903//9903
f 4773//4773 9902//9902 4768//4768
f 4767//4767 9904//9904 9909//9909
f 4764//4764 9907//9907 4760//4760
f 4762//4762 9906//9906 4755//4755
f 4757//4757 9905//9905 9864//9864
f 4754//4754 9867//9867 4683//4683
f 4681//4681 9865//9865 4687//4687
f 4687//4687 9865//9865 9862//9862
f 4686//4686 9863//9863 4713//4713
f 4713//4713 9863//9863 9878//9878
f 4714//4714 9879//9879 4711//4711
f 4711//4711 9879//9879 9873//9873
f 4710//4710 9872//9872 4707//4707
f 4707//4707 9872//9872 9868//9868
f 4706//4706 9870//9870 4702//4702
f 4702//4702 9870//9870 9875//9875
f 4701//4701 9874//9874 4695//4695
f 4699//4699 9876//9876 9883//9883
f 4698//4698 9881//9881 4694//4694
f 4694//4694 9881//9881 9884//9884
f 9910//9910 7201//7201 7195//7195
f 7208//7208 7207//7207 7213//7213
f 7213//7213 7207//7207 7203//7203
f 7213//7213 7203//7203 7215//7215
f 7215//7215 7203//7203 7201//7201
f 7215//7215 7201//7201 7217//7217
f 7217//7217 7201//7201 9910//9910
f 9919//9919 9926//9926 9931//9931
f 9929//9929 9922//9922 9910//9910
f 9929//9929 9910//9910 9935//9935
f 9935//9935 9910//9910 7195//7195
f 4586//4586 7220//7220 4596//4596
f 4595//4595 7218//7218 9914//9914
f 9923//9923 4603//4603 9912//9912
f 9911//9911 4605//4605 4597//4597
f 9913//9913 4601//4601 4593//4593
f 4626//4626 4618//4618 9917//9917
f 9915//9915 4621//4621 4614//4614
f 9918//9918 4616//4616 9925//9925
f 9924//9924 4613//4613 4607//4607
f 9921//9921 4611//4611 4604//4604
f 4625//4625 9920//9920 4631//4631
f 4628//4628 9916//9916 9927//9927
f 4629//4629 9928//9928 4634//4634
f 4636//4636 9930//9930 9934//9934
f 4635//4635 9936//9936 4647//4647
f 4648//4648 9932//9932 4646//4646
f 4645//4645 9933//9933 7197//7197
f 4644//4644 7196//7196 4638//4638
f 3295//3295 3287//3287 3321//3321
f 3287//3287 3283//3283 3321//3321
f 3321//3321 3283//3283 3276//3276
f 3321//3321 3276//3276 3271//3271
f 3311//3311 3306//3306 3321//3321
f 3321//3321 3306//3306 3300//3300
f 3321//3321 3300//3300 3295//3295
f 3253//3253 3328//3328 3257//3257
f 3257//3257 3328//3328 3321//3321
f 3257//3257 3321//3321 3263//3263
f 3263//3263 3321//3321 3271//3271
f 3222//3222 3215//3215 3245//3245
f 3245//3245 3215//3215 3210//3210
f 3245//3245 3210//3210 3203//3203
f 3176//3176 3171//3171 3184//3184
f 3184//3184 3171//3171 3245//3245
f 3184//3184 3245//3245 3189//3189
f 3189//3189 3245//3245 3203//3203
f 3189//3189 3203//3203 3194//3194
f 3238//3238 3234//3234 3245//3245
f 3245//3245 3234//3234 3227//3227
f 3245//3245 3227//3227 3222//3222
f 3076//3076 3133//3133 3082//3082
f 3082//3082 3133//3133 3128//3128
f 3108//3108 3100//3100 3096//3096
f 3128//3128 3113//3113 3082//3082
f 3082//3082 3113//3113 3108//3108
f 3082//3082 3108//3108 3088//3088
f 3088//3088 3108//3108 3096//3096
f 3152//3152 3148//3148 3159//3159
f 3159//3159 3148//3148 3133//3133
f 3159//3159 3133//3133 3164//3164
f 3164//3164 3133//3133 3076//3076
f 3058//3058 3053//3053 3047//3047
f 3021//3021 3015//3015 3028//3028
f 3028//3028 3015//3015 3003//3003
f 3028//3028 3003//3003 3033//3033
f 3033//3033 3003//3003 2997//2997
f 3033//3033 2997//2997 3040//3040
f 3040//3040 2997//2997 3047//3047
f 3065//3065 3058//3058 3072//3072
f 3072//3072 3058//3058 3047//3047
f 3072//3072 3047//3047 2990//2990
f 2990//2990 3047//3047 2997//2997
f 2492//2492 2418//2418 2497//2497
f 2496//2496 2416//2416 2413//2413
f 2412//2412 2467//2467 2497//2497
f 2497//2497 2467//2467 2476//2476
f 2497//2497 2476//2476 2548//2548
f 2454//2454 2424//2424 2488//2488
f 2532//2532 2538//2538 2522//2522
f 2522//2522 2538//2538 2542//2542
f 2522//2522 2542//2542 2488//2488
f 2488//2488 2542//2542 2426//2426
f 2445//2445 2454//2454 2438//2438
f 2438//2438 2454//2454 2488//2488
f 2438//2438 2488//2488 2431//2431
f 2431//2431 2488//2488 2426//2426
f 6470//6470 2346//2346 6475//6475
f 6476//6476 2344//2344 2305//2305
f 6474//6474 2303//2303 2301//2301
f 2216//2216 6571//6571 2225//2225
f 2221//2221 6568//6568 6540//6540
f 2223//2223 6543//6543 2264//2264
f 2267//2267 6544//6544 6534//6534
f 2242//2242 6564//6564 2218//2218
f 2219//2219 6565//6565 6570//6570
f 2606//2606 5809//5809 2592//2592
f 2595//2595 5807//5807 5754//5754
f 2594//2594 5752//5752 2641//2641
f 2644//2644 5753//5753 5746//5746
f 5766//5766 2673//2673 5747//5747
f 5749//5749 2675//2675 2648//2648
f 5748//5748 2647//2647 2640//2640
f 2678//2678 5763//5763 2690//2690
f 2690//2690 5763//5763 5940//5940
f 2691//2691 5938//5938 2700//2700
f 2701//2701 5939//5939 6048//6048
f 2699//2699 6046//6046 2715//2715
f 2718//2718 6047//6047 2720//2720
f 2723//2723 6051//6051 6032//6032
f 2722//2722 6029//6029 2772//2772
f 2770//2770 6028//6028 6026//6026
f 5957//5957 2796//2796 5963//5963
f 5965//5965 2795//2795 2778//2778
f 5962//5962 2776//2776 6002//6002
f 5998//5998 2777//2777 2769//2769
f 6000//6000 2771//2771 6024//6024
f 5977//5977 2830//2830 5960//5960
f 5959//5959 2833//2833 2803//2803
f 5956//5956 2802//2802 2797//2797
f 2832//2832 5973//5973 2852//2852
f 2855//2855 5976//5976 6175//6175
f 2856//2856 6174//6174 2865//2865
f 2863//2863 6178//6178 6305//6305
f 2864//2864 6306//6306 2881//2881
f 2882//2882 6303//6303 2888//2888
f 2887//2887 6307//6307 6282//6282
f 2884//2884 6281//6281 2934//2934
f 2933//2933 6283//6283 6277//6277
f 6211//6211 2966//2966 6232//6232
f 6231//6231 2961//2961 2940//2940
f 6230//6230 2939//2939 6274//6274
f 6275//6275 2943//2943 2938//2938
f 6272//6272 2935//2935 6278//6278
f 6207//6207 2182//2182 6215//6215
f 6210//6210 2181//2181 2968//2968
f 6209//6209 2970//2970 2964//2964
f 2180//2180 6204//6204 2189//2189
f 2189//2189 6204//6204 6408//6408
f 5523//5523 5308//5308 6850//6850
f 6850//6850 6874//6874 5523//5523
f 5523//5523 6874//6874 6880//6880
f 5523//5523 6880//6880 5533//5533
f 5533//5533 6880//6880 6877//6877
f 5533//5533 6877//6877 5541//5541
f 6828//6828 6837//6837 6511//6511
f 6845//6845 6697//6697 6800//6800
f 6800//6800 6697//6697 6511//6511
f 6799//6799 6510//6510 6812//6812
f 6815//6815 6511//6511 6837//6837
f 6845//6845 6848//6848 6697//6697
f 6697//6697 6848//6848 5545//5545
f 6697//6697 5545//5545 6701//6701
f 6701//6701 5545//5545 5541//5541
f 6701//6701 5541//5541 6716//6716
f 6716//6716 5541//5541 6877//6877
f 6655//6655 6742//6742 9938//9938
f 9939//9939 6739//6739 6789//6789
f 9940//9940 6791//6791 6513//6513
f 6511//6511 6789//6789 6816//6816
f 6511//6511 6816//6816 6828//6828
f 9945//9945 6446//6446 6578//6578
f 6640//6640 6656//6656 9942//9942
f 6509//6509 6503//6503 9941//9941
f 9937//9937 6505//6505 6518//6518
f 9943//9943 6520//6520 6639//6639
f 6433//6433 9947//9947 6575//6575
f 6573//6573 9948//9948 6582//6582
f 6574//6574 6580//6580 6558//6558
f 6557//6557 6579//6579 6601//6601
f 6555//6555 6603//6603 6524//6524
f 6525//6525 6600//6600 6620//6620
f 6527//6527 6622//6622 6515//6515
f 6519//6519 6619//6619 6646//6646
f 6514//6514 6645//6645 6638//6638
f 6386//6386 6445//6445 9954//9954
f 9949//9949 6447//6447 9944//9944
f 9949//9949 9944//9944 6248//6248
f 6249//6249 9946//9946 6434//6434
f 9957//9957 6187//6187 6310//6310
f 6369//6369 6385//6385 9950//9950
f 6247//6247 6241//6241 9951//9951
f 9952//9952 6243//6243 6252//6252
f 9953//9953 6254//6254 6371//6371
f 6166//6166 9956//9956 6298//6298
f 6298//6298 9956//9956 6312//6312
f 6300//6300 6314//6314 6294//6294
f 6297//6297 6313//6313 6336//6336
f 6293//6293 6335//6335 6261//6261
f 6263//6263 6334//6334 6352//6352
f 6260//6260 6355//6355 6253//6253
f 6255//6255 6353//6353 6378//6378
f 6258//6258 6375//6375 6370//6370
f 6165//6165 5992//5992 9955//9955
f 9958//9958 5996//5996 6148//6148
f 9955//9955 6149//6149 6190//6190
f 6142//6142 6150//6150 5997//5997
f 5929//5929 5954//5954 6044//6044
f 6045//6045 5949//5949 6087//6087
f 6041//6041 6088//6088 6020//6020
f 6084//6084 6111//6111 6018//6018
f 6021//6021 6112//6112 6115//6115
f 6016//6016 6113//6113 6011//6011
f 6014//6014 6114//6114 6138//6138
f 6012//6012 6139//6139 5987//5987
f 5986//5986 6143//6143 5993//5993
f 5896//5896 5951//5951 9960//9960
f 9959//9959 5952//5952 5928//5928
f 9959//9959 5928//5928 5783//5783
f 9965//9965 5728//5728 5827//5827
f 5892//5892 5894//5894 9964//9964
f 5780//5780 5777//5777 9963//9963
f 9961//9961 5775//5775 5787//5787
f 9962//9962 5789//5789 5891//5891
f 1997//1997 9965//9965 2148//2148
f 2148//2148 9965//9965 5827//5827
f 2147//2147 5828//5828 2136//2136
f 5829//5829 5822//5822 2133//2133
f 2134//2134 5825//5825 5844//5844
f 2137//2137 5847//5847 5792//5792
f 5794//5794 5843//5843 5863//5863
f 5797//5797 5861//5861 5788//5788
f 5790//5790 5860//5860 5868//5868
f 5791//5791 5866//5866 5887//5887
f 5585//5585 5600//5600 1927//1927
f 1783//1783 5349//5349 1797//1797
f 1797//1797 5349//5349 5594//5594
f 1797//1797 5594//5594 1813//1813
f 1813//1813 5594//5594 5590//5590
f 5585//5585 1927//1927 5576//5576
f 1927//1927 1916//1916 5576//5576
f 5576//5576 1916//1916 1901//1901
f 5576//5576 1901//1901 5590//5590
f 5590//5590 1901//1901 1828//1828
f 5590//5590 1828//1828 1813//1813
f 5600//5600 5596//5596 1927//1927
f 1927//1927 5596//5596 5604//5604
f 1927//1927 5604//5604 1998//1998
f 5604//5604 5627//5627 1998//1998
f 1998//1998 5627//5627 5644//5644
f 1998//1998 5644//5644 5654//5654
f 5654//5654 5622//5622 1998//1998
f 1998//1998 5622//5622 5620//5620
f 1998//1998 5620//5620 9966//9966
f 9966//9966 5620//5620 5715//5715
f 9966//9966 5715//5715 5727//5727
f 9967//9967 9969//9969 5580//5580
f 9968//9968 5579//5579 9974//9974
f 5577//5577 5587//5587 9972//9972
f 9973//9973 5588//5588 5338//5338
f 9971//9971 5334//5334 5342//5342
f 5552//5552 9975//9975 9976//9976
f 5582//5582 9970//9970 5552//5552
f 5552//5552 9970//9970 9977//9977
f 5552//5552 9977//9977 9978//9978
f 5552//5552 9976//9976 5549//5549
f 9978//9978 9979//9979 5552//5552
f 5552//5552 9979//9979 9980//9980
f 5552//5552 9980//9980 9975//9975
f 9976//9976 9981//9981 5549//5549
f 5549//5549 9981//9981 9982//9982
f 5549//5549 9982//9982 9983//9983
f 9984//9984 5539//5539 9986//9986
f 9986//9986 5539//5539 5549//5549
f 9986//9986 5549//5549 9987//9987
f 9987//9987 5549//5549 9983//9983
f 5327//5327 5332//5332 9989//9989
f 9990//9990 5330//5330 5529//5529
f 9988//9988 5528//5528 9991//9991
f 9992//9992 5525//5525 5536//5536
f 9993//9993 5534//5534 9985//9985
f 5197//5197 1868//1868 2578//2578
f 2578//2578 1868//1868 1957//1957
f 5165//5165 9996//9996 5204//5204
f 5203//5203 9995//9995 10000//10000
f 5201//5201 10003//10003 10008//10008
f 10007//10007 10013//10013 5199//5199
f 5205//5205 10014//10014 1853//1853
f 5202//5202 1850//1850 5194//5194
f 5194//5194 1850//1850 1869//1869
f 10019//10019 1801//1801 10020//10020
f 10023//10023 1804//1804 1854//1854
f 10022//10022 1856//1856 10028//10028
f 10029//10029 1855//1855 10011//10011
f 10033//10033 10034//10034 10039//10039
f 10039//10039 10034//10034 10041//10041
f 10045//10045 10047//10047 10039//10039
f 10049//10049 10039//10039 10053//10053
f 10053//10053 10039//10039 10056//10056
f 10059//10059 10039//10039 10061//10061
f 10061//10061 10039//10039 10064//10064
f 10069//10069 10070//10070 10039//10039
f 10039//10039 10070//10070 10075//10075
f 10039//10039 10075//10075 10077//10077
f 10041//10041 10079//10079 10039//10039
f 10039//10039 10079//10079 10084//10084
f 10039//10039 10084//10084 10056//10056
f 10049//10049 10085//10085 10039//10039
f 10039//10039 10085//10085 10090//10090
f 10039//10039 10090//10090 10064//10064
f 10077//10077 10093//10093 10039//10039
f 10039//10039 10093//10093 10094//10094
f 10039//10039 10094//10094 10045//10045
f 10047//10047 10099//10099 10039//10039
f 10039//10039 10099//10099 10101//10101
f 10039//10039 10101//10101 10033//10033
f 10103//10103 9998//9998 10109//10109
f 10109//10109 9998//9998 5166//5166
f 5136//5136 10111//10111 5115//5115
f 5115//5115 10111//10111 10109//10109
f 5115//5115 10109//10109 5121//5121
f 5121//5121 10109//10109 5166//5166
f 5136//5136 5142//5142 10111//10111
f 10111//10111 5142//5142 5083//5083
f 10111//10111 5083//5083 10113//10113
f 10113//10113 5083//5083 5079//5079
f 10113//10113 5079//5079 5065//5065
f 5065//5065 5079//5079 5106//5106
f 5065//5065 5106//5106 5062//5062
f 1640//1640 1639//1639 1662//1662
f 1662//1662 1639//1639 1652//1652
f 1662//1662 1652//1652 10117//10117
f 10117//10117 1652//1652 1632//1632
f 10117//10117 1632//1632 10120//10120
f 10120//10120 1632//1632 1742//1742
f 10123//10123 1741//1741 10124//10124
f 10125//10125 1742//1742 1734//1734
f 10125//10125 1734//1734 1729//1729
f 10017//10017 10132//10132 1802//1802
f 1802//1802 10132//10132 10125//10125
f 1802//1802 10125//10125 1728//1728
f 1728//1728 10125//10125 1729//1729
f 10104//10104 154//154 4788//4788
f 10106//10106 4789//4789 9997//9997
f 9999//9999 4790//4790 4796//4796
f 9994//9994 4792//4792 10002//10002
f 10004//10004 4794//4794 4803//4803
f 10001//10001 4802//4802 10006//10006
f 10005//10005 4806//4806 4819//4819
f 10009//10009 4818//4818 10015//10015
f 10010//10010 4817//4817 4830//4830
f 10012//10012 4828//4828 10026//10026
f 10030//10030 4829//4829 4840//4840
f 10027//10027 4842//4842 10025//10025
f 10024//10024 4841//4841 4851//4851
f 10021//10021 4853//4853 10016//10016
f 10018//10018 4848//4848 10128//10128
f 10129//10129 4852//4852 4861//4861
f 10130//10130 4860//4860 340//340
f 100//100 1428//1428 1710//1710
f 1710//1710 1428//1428 1425//1425
f 10135//10135 835//835 834//834
f 10135//10135 834//834 10137//10137
f 835//835 10135//10135 807//807
f 807//807 10135//10135 10140//10140
f 807//807 10140//10140 810//810
f 810//810 10140//10140 10143//10143
f 810//810 10143//10143 5073//5073
f 5073//5073 10143//10143 5036//5036
f 5073//5073 5036//5036 5042//5042
f 834//834 828//828 10137//10137
f 10137//10137 828//828 825//825
f 10137//10137 825//825 10147//10147
f 10147//10147 825//825 822//822
f 10147//10147 822//822 650//650
f 650//650 822//822 817//817
f 650//650 817//817 713//713
f 713//713 817//817 719//719
f 10037//10037 351//351 10067//10067
f 10067//10067 351//351 358//358
f 10068//10068 359//359 10071//10071
f 10071//10071 359//359 362//362
f 10072//10072 361//361 10074//10074
f 10074//10074 361//361 393//393
f 10073//10073 394//394 10078//10078
f 10078//10078 394//394 402//402
f 10076//10076 403//403 10091//10091
f 10091//10091 403//403 406//406
f 10092//10092 405//405 10096//10096
f 10096//10096 405//405 408//408
f 10095//10095 409//409 10043//10043
f 10043//10043 409//409 415//415
f 10044//10044 414//414 10048//10048
f 10048//10048 414//414 420//420
f 10046//10046 422//422 10097//10097
f 10097//10097 422//422 211//211
f 10098//10098 210//210 10102//10102
f 10102//10102 210//210 213//213
f 10100//10100 214//214 10031//10031
f 10031//10031 214//214 156//156
f 10032//10032 158//158 10035//10035
f 10035//10035 158//158 47//47
f 10036//10036 46//46 10042//10042
f 10042//10042 46//46 55//55
f 10040//10040 54//54 10081//10081
f 10081//10081 54//54 61//61
f 10080//10080 60//60 10082//10082
f 10082//10082 60//60 67//67
f 10083//10083 66//66 10057//10057
f 10057//10057 66//66 311//311
f 10055//10055 313//313 10052//10052
f 10052//10052 313//313 308//308
f 10054//10054 310//310 10051//10051
f 10051//10051 310//310 303//303
f 10050//10050 301//301 10086//10086
f 10086//10086 301//301 296//296
f 10087//10087 295//295 10088//10088
f 10088//10088 295//295 293//293
f 10089//10089 294//294 10066//10066
f 10066//10066 294//294 230//230
f 10065//10065 233//233 10062//10062
f 10062//10062 233//233 235//235
f 10063//10063 236//236 10060//10060
f 10060//10060 236//236 347//347
f 10058//10058 346//346 10038//10038
f 10038//10038 346//346 352//352
f 153//153 10105//10105 289//289
f 289//289 10105//10105 10107//10107
f 291//291 10108//10108 287//287
f 287//287 10108//10108 10110//10110
f 286//286 10112//10112 278//278
f 278//278 10112//10112 10114//10114
f 279//279 10115//10115 271//271
f 271//271 10115//10115 5063//5063
f 75//75 1663//1663 81//81
f 81//81 1663//1663 10119//10119
f 80//80 10118//10118 200//200
f 199//199 10116//10116 10122//10122
f 202//202 10121//10121 203//203
f 203//203 10121//10121 10127//10127
f 205//205 10126//10126 342//342
f 342//342 10126//10126 10131//10131
f 34//34 1419//1419 48//48
f 48//48 1419//1419 1432//1432
f 49//49 1433//1433 52//52
f 52//52 1433//1433 1429//1429
f 51//51 1430//1430 96//96
f 96//96 1430//1430 1422//1422
f 95//95 1420//1420 102//102
f 102//102 1420//1420 1427//1427
f 266//266 5034//5034 253//253
f 254//254 5033//5033 10142//10142
f 255//255 10144//10144 250//250
f 250//250 10144//10144 10141//10141
f 252//252 10139//10139 246//246
f 246//246 10139//10139 10134//10134
f 244//244 10133//10133 238//238
f 238//238 10133//10133 10138//10138
f 239//239 10136//10136 130//130
f 130//130 10136//10136 10145//10145
f 129//129 10146//10146 140//140
f 140//140 10146//10146 651//651
f 4471//4471 4468//4468 2583//2583
f 10149//10149 2026//2026 2019//2019
f 3138//3138 2927//2927 2929//2929
f 2876//2876 2902//2902 3140//3140
f 3145//3145 2905//2905 2901//2901
f 2932//2932 2953//2953 3142//3142
f 3141//3141 2952//2952 2960//2960
f 3135//3135 2958//2958 2979//2979
f 2447//2447 2368//2368 2455//2455
f 2455//2455 2368//2368 2380//2380
f 3157//3157 2839//2839 3149//3149
f 3149//3149 2839//2839 2848//2848
f 3149//3149 2848//2848 3142//3142
f 3136//3136 2850//2850 2859//2859
f 3137//3137 2858//2858 2877//2877
f 2900//2900 2910//2910 3136//3136
f 3142//3142 2907//2907 2911//2911
f 3143//3143 2915//2915 2925//2925
f 2361//2361 2363//2363 3121//3121
f 2440//2440 3097//3097 2447//2447
f 2447//2447 3097//3097 3104//3104
f 2365//2365 2368//2368 3122//3122
f 3122//3122 2368//2368 2447//2447
f 3122//3122 2447//2447 3109//3109
f 3109//3109 2447//2447 3104//3104
f 2981//2981 2985//2985 3142//3142
f 3142//3142 2985//2985 2173//2173
f 3142//3142 2173//2173 3129//3129
f 3129//3129 2173//2173 2168//2168
f 3129//3129 2168//2168 3122//3122
f 3115//3115 2169//2169 2190//2190
f 3157//3157 3163//3163 2839//2839
f 2839//2839 3163//3163 3074//3074
f 2839//2839 3074//3074 10151//10151
f 10151//10151 3074//3074 3079//3079
f 10151//10151 3079//3079 3085//3085
f 3122//3122 2278//2278 2290//2290
f 2294//2294 2313//2313 3117//3117
f 3122//3122 2314//2314 2358//2358
f 3122//3122 2358//2358 2359//2359
f 2290//2290 2273//2273 3122//3122
f 3122//3122 2273//2273 2269//2269
f 3119//3119 2272//2272 2293//2293
f 2192//2192 2196//2196 3125//3125
f 3124//3124 2198//2198 2214//2214
f 3116//3116 2213//2213 2244//2244
f 2245//2245 2287//2287 3122//3122
f 3117//3117 2285//2285 2284//2284
f 3120//3120 2282//2282 2279//2279
f 10158//10158 3326//3326 3248//3248
f 3290//3290 3298//3298 2839//2839
f 2839//2839 3298//3298 3302//3302
f 2839//2839 3302//3302 3310//3310
f 2710//2710 2740//2740 3315//3315
f 3317//3317 2738//2738 2737//2737
f 10160//10160 10165//10165 10151//10151
f 10151//10151 10165//10165 10167//10167
f 2734//2734 2743//2743 3314//3314
f 3314//3314 2743//2743 2748//2748
f 3314//3314 2748//2748 2759//2759
f 3290//3290 2839//2839 3284//3284
f 3284//3284 2839//2839 10151//10151
f 3284//3284 10151//10151 3280//3280
f 3280//3280 10151//10151 10167//10167
f 3280//3280 10167//10167 3274//3274
f 2626//2626 2637//2637 10154//10154
f 10155//10155 2636//2636 2670//2670
f 10157//10157 2669//2669 2666//2666
f 2666//2666 2663//2663 10157//10157
f 10154//10154 2664//2664 2657//2657
f 10154//10154 2657//2657 3325//3325
f 3325//3325 2657//2657 2688//2688
f 3325//3325 2688//2688 3314//3314
f 3314//3314 2688//2688 2695//2695
f 3314//3314 2695//2695 2714//2714
f 2761//2761 2765//2765 3320//3320
f 3314//3314 2764//2764 2786//2786
f 3316//3316 2787//2787 2791//2791
f 2793//2793 2815//2815 3314//3314
f 3314//3314 2815//2815 2818//2818
f 3314//3314 2818//2818 3310//3310
f 3310//3310 2818//2818 2828//2828
f 3310//3310 2828//2828 2839//2839
f 3249//3249 3256//3256 10154//10154
f 10154//10154 3256//3256 3262//3262
f 10154//10154 3262//3262 10167//10167
f 10167//10167 3262//3262 3266//3266
f 10167//10167 3266//3266 3274//3274
f 10149//10149 2019//2019 10154//10154
f 2020//2020 2132//2132 10157//10157
f 10159//10159 2128//2128 2125//2125
f 10156//10156 2124//2124 2119//2119
f 2120//2120 2115//2115 10159//10159
f 10154//10154 2116//2116 2590//2590
f 10154//10154 2590//2590 2621//2621
f 2620//2620 2618//2618 10157//10157
f 10154//10154 2614//2614 2613//2613
f 10154//10154 2613//2613 2626//2626
f 2015//2015 4094//4094 4119//4119
f 3212//3212 3218//3218 10151//10151
f 10151//10151 3218//3218 3224//3224
f 10151//10151 3224//3224 10160//10160
f 10160//10160 3224//3224 3229//3229
f 2015//2015 10171//10171 3241//3241
f 3241//3241 10171//10171 10172//10172
f 3241//3241 10172//10172 3236//3236
f 3236//3236 10172//10172 10177//10177
f 3236//3236 10177//10177 3229//3229
f 3229//3229 10177//10177 10179//10179
f 3229//3229 10179//10179 10160//10160
f 3241//3241 3169//3169 2015//2015
f 2015//2015 3169//3169 3175//3175
f 2015//2015 3175//3175 4094//4094
f 4094//4094 3175//3175 3181//3181
f 4094//4094 3181//3181 3185//3185
f 4465//4465 4455//4455 1974//1974
f 3205//3205 3849//3849 3199//3199
f 3197//3197 3851//3851 3836//3836
f 3835//3835 3833//3833 3199//3199
f 3199//3199 3833//3833 3854//3854
f 3199//3199 3854//3854 3862//3862
f 3862//3862 3865//3865 3199//3199
f 3199//3199 3865//3865 3869//3869
f 3198//3198 3872//3872 3888//3888
f 4195//4195 4231//4231 1974//1974
f 1974//1974 4231//4231 4219//4219
f 1974//1974 4278//4278 4276//4276
f 3887//3887 3882//3882 3199//3199
f 3198//3198 3881//3881 3880//3880
f 3199//3199 3877//3877 3191//3191
f 3191//3191 3877//3877 3873//3873
f 3191//3191 3873//3873 3185//3185
f 3185//3185 3873//3873 4024//4024
f 3185//3185 4024//4024 4094//4094
f 4248//4248 4244//4244 1974//1974
f 1971//1971 4243//4243 4283//4283
f 1974//1974 4284//4284 4278//4278
f 4455//4455 4451//4451 1974//1974
f 1974//1974 4451//4451 4487//4487
f 1974//1974 4487//4487 2583//2583
f 2583//2583 4487//4487 4484//4484
f 2583//2583 4484//4484 4471//4471
f 4219//4219 4211//4211 1974//1974
f 1979//1979 4210//4210 4205//4205
f 1974//1974 4204//4204 4248//4248
f 4276//4276 4271//4271 1974//1974
f 1974//1974 4271//4271 4270//4270
f 1974//1974 4270//4270 4258//4258
f 4187//4187 4203//4203 1980//1980
f 1972//1972 4201//4201 4198//4198
f 1970//1970 4196//4196 4191//4191
f 4259//4259 4254//4254 1972//1972
f 1974//1974 4253//4253 4432//4432
f 1974//1974 4432//4432 4465//4465
f 4119//4119 4049//4049 2015//2015
f 2016//2016 4050//4050 4046//4046
f 2015//2015 4043//4043 1974//1974
f 1974//1974 4043//4043 4186//4186
f 1978//1978 4184//4184 4188//4188
f 3056//3056 3063//3063 10151//10151
f 10151//10151 3063//3063 3068//3068
f 2534//2534 3045//3045 2539//2539
f 2539//2539 3045//3045 3050//3050
f 2539//2539 3050//3050 2546//2546
f 2546//2546 3050//3050 3056//3056
f 2546//2546 3056//3056 2429//2429
f 2429//2429 3056//3056 10151//10151
f 2429//2429 10151//10151 2435//2435
f 2435//2435 10151//10151 3085//3085
f 2435//2435 3085//3085 2440//2440
f 2440//2440 3085//3085 3093//3093
f 2440//2440 3093//3093 3097//3097
f 3205//3205 3212//3212 3849//3849
f 3849//3849 3212//3212 10151//10151
f 3849//3849 10151//10151 2987//2987
f 2987//2987 10151//10151 3068//3068
f 4468//4468 4490//4490 2583//2583
f 2583//2583 4490//4490 4501//4501
f 2583//2583 4501//4501 4498//4498
f 2987//2987 2995//2995 3849//3849
f 3849//3849 2995//2995 2999//2999
f 3849//3849 2999//2999 3830//3830
f 3830//3830 2999//2999 3006//3006
f 4498//4498 4494//4494 2583//2583
f 2582//2582 4493//4493 3401//3401
f 2583//2583 3400//3400 2562//2562
f 2562//2562 3400//3400 3398//3398
f 2562//2562 3398//3398 3410//3410
f 3025//3025 3031//3031 2562//2562
f 2562//2562 3031//3031 3036//3036
f 2562//2562 3036//3036 2508//2508
f 2508//2508 3036//3036 3045//3045
f 2513//2513 3043//3043 2526//2526
f 2527//2527 3045//3045 2534//2534
f 3592//3592 3583//3583 3010//3010
f 3009//3009 3581//3581 3569//3569
f 3571//3571 3565//3565 3005//3005
f 3006//3006 3568//3568 3614//3614
f 3006//3006 3614//3614 3609//3609
f 3610//3610 3651//3651 3008//3008
f 3006//3006 3650//3650 3645//3645
f 3012//3012 3646//3646 3643//3643
f 3410//3410 3470//3470 2562//2562
f 2562//2562 3470//3470 3418//3418
f 2562//2562 3418//3418 3414//3414
f 3644//3644 3637//3637 3011//3011
f 3009//3009 3638//3638 3632//3632
f 3012//3012 3635//3635 3621//3621
f 3564//3564 3558//3558 2561//2561
f 2566//2566 3559//3559 3554//3554
f 2562//2562 3552//3552 3025//3025
f 3023//3023 3553//3553 3596//3596
f 3025//3025 3594//3594 3018//3018
f 3018//3018 3594//3594 3006//3006
f 3621//3621 3620//3620 3012//3012
f 3006//3006 3617//3617 3803//3803
f 3006//3006 3803//3803 3830//3830
f 3414//3414 3546//3546 2562//2562
f 2565//2565 3543//3543 3547//3547
f 2560//2560 3550//3550 3563//3563
f 2070//2070 2060//2060 10182//10182
f 10186//10186 10191//10191 10196//10196
f 2070//2070 10182//10182 10196//10196
f 10196//10196 10182//10182 10204//10204
f 10196//10196 10204//10204 10186//10186
f 10206//10206 10209//10209 10212//10212
f 10214//10214 10219//10219 2058//2058
f 2058//2058 10219//10219 10206//10206
f 2058//2058 10206//10206 10223//10223
f 10223//10223 10206//10206 10212//10212
f 10226//10226 10214//10214 10230//10230
f 10230//10230 10214//10214 2058//2058
f 10230//10230 2058//2058 10238//10238
f 10238//10238 2058//2058 2063//2063
f 2071//2071 2085//2085 1995//1995
f 1992//1992 2087//2087 2114//2114
f 1996//1996 2113//2113 2051//2051
f 2067//2067 2068//2068 10197//10197
f 10231//10231 2064//2064 10240//10240
f 10245//10245 2046//2046 10236//10236
f 10235//10235 2045//2045 2040//2040
f 10233//10233 2043//2043 2038//2038
f 2065//2065 10198//10198 10244//10244
f 10242//10242 10199//10199 10194//10194
f 10243//10243 10192//10192 10246//10246
f 10188//10188 10249//10249 10190//10190
f 10193//10193 10251//10251 10254//10254
f 10195//10195 10255//10255 10248//10248
f 10161//10161 10218//10218 10164//10164
f 10164//10164 10218//10218 10215//10215
f 10163//10163 10216//10216 10166//10166
f 10166//10166 10216//10216 10225//10225
f 10168//10168 10227//10227 10152//10152
f 10152//10152 10227//10227 10228//10228
f 10153//10153 10229//10229 10148//10148
f 10148//10148 10229//10229 10237//10237
f 10150//10150 10234//10234 2022//2022
f 2024//2024 10232//10232 2036//2036
f 10170//10170 10222//10222 10174//10174
f 10174//10174 10222//10222 10213//10213
f 10173//10173 10211//10211 10176//10176
f 10176//10176 10211//10211 10210//10210
f 10175//10175 10208//10208 10180//10180
f 10180//10180 10208//10208 10207//10207
f 10178//10178 10205//10205 10162//10162
f 10162//10162 10205//10205 10217//10217
f 10181//10181 2062//2062 2057//2057
f 2012//2012 2008//2008 2004//2004
f 10250//10250 10187//10187 10261//10261
f 10257//10257 10189//10189 10201//10201
f 10169//10169 2013//2013 10221//10221
f 10220//10220 2017//2017 2001//2001
f 10224//10224 2005//2005 2059//2059
f 2056//2056 2006//2006 10265//10265
f 2054//2054 10264//10264 10185//10185
f 10184//10184 10266//10266 10268//10268
f 10183//10183 10267//10267 10202//10202
f 10203//10203 10270//10270 10273//10273
f 10200//10200 10272//10272 10260//10260
f 10247//10247 10256//10256 1991//1991
f 2007//2007 1964//1964 10262//10262
f 10263//10263 1960//1960 1935//1935
f 10263//10263 1935//1935 10269//10269
f 2052//2052 2048//2048 1991//1991
f 1993//1993 2047//2047 10239//10239
f 1991//1991 10241//10241 10247//10247
f 10256//10256 10252//10252 1991//1991
f 1994//1994 10253//10253 10259//10259
f 1991//1991 10258//10258 1935//1935
f 1935//1935 10258//10258 10271//10271
f 1935//1935 10271//10271 10269//10269
f 1937//1937 1961//1961 1942//1942
f 1937//1937 1942//1942 1923//1923
f 1924//1924 1940//1940 1898//1898
f 1924//1924 1898//1898 1913//1913
f 1912//1912 1900//1900 1836//1836
f 1836//1836 1900//1900 1860//1860
f 1837//1837 1859//1859 1839//1839
f 1837//1837 1839//1839 1822//1822
f 1825//1825 1842//1842 1811//1811
f 1825//1825 1811//1811 1789//1789
f 1788//1788 1810//1810 1765//1765
f 1765//1765 1810//1810 1715//1715
f 10275//10275 10277//10277 10282//10282
f 10285//10285 10288//10288 10293//10293
f 10300//10300 10305//10305 10310//10310
f 10310//10310 10305//10305 10313//10313
f 10310//10310 10313//10313 10282//10282
f 10313//10313 10319//10319 10282//10282
f 10282//10282 10319//10319 10321//10321
f 10282//10282 10321//10321 10275//10275
f 10275//10275 10321//10321 10285//10285
f 10275//10275 10285//10285 10323//10323
f 10323//10323 10285//10285 10293//10293
f 10329//10329 10279//10279 10331//10331
f 10331//10331 10279//10279 10274//10274
f 10332//10332 10276//10276 10338//10338
f 10338//10338 10276//10276 10324//10324
f 10337//10337 10325//10325 10342//10342
f 10342//10342 10325//10325 10294//10294
f 10343//10343 10292//10292 10346//10346
f 10346//10346 10292//10292 10289//10289
f 10347//10347 10291//10291 10348//10348
f 10353//10353 10290//10290 10286//10286
f 10349//10349 10287//10287 10358//10358
f 10358//10358 10287//10287 10322//10322
f 10356//10356 10320//10320 10359//10359
f 10359//10359 10320//10320 10317//10317
f 10363//10363 10367//10367 10371//10371
f 10372//10372 10377//10377 10380//10380
f 10381//10381 10386//10386 10389//10389
f 10389//10389 10386//10386 10392//10392
f 10389//10389 10392//10392 10371//10371
f 10392//10392 10395//10395 10371//10371
f 10371//10371 10395//10395 10398//10398
f 10371//10371 10398//10398 10363//10363
f 10363//10363 10398//10398 10372//10372
f 10363//10363 10372//10372 10401//10401
f 10401//10401 10372//10372 10380//10380
f 10405//10405 10368//10368 10407//10407
f 10407//10407 10368//10368 10365//10365
f 10408//10408 10364//10364 10413//10413
f 10413//10413 10364//10364 10399//10399
f 10410//10410 10400//10400 10417//10417
f 10417//10417 10400//10400 10379//10379
f 10416//10416 10378//10378 10419//10419
f 10419//10419 10378//10378 10376//10376
f 10422//10422 10375//10375 10426//10426
f 10426//10426 10375//10375 10373//10373
f 10424//10424 10374//10374 10429//10429
f 10429//10429 10374//10374 10396//10396
f 10427//10427 10397//10397 10435//10435
f 10435//10435 10397//10397 10394//10394
f 1602//1602 1525//1525 1759//1759
f 1760//1760 1522//1522 1767//1767
f 1758//1758 1772//1772 1753//1753
f 1754//1754 1773//1773 1747//1747
f 1749//1749 1771//1771 1763//1763
f 1748//1748 1764//1764 1714//1714
f 10360//10360 10318//10318 10436//10436
f 10439//10439 10316//10316 10311//10311
f 10440//10440 10315//10315 10443//10443
f 10444//10444 10314//10314 10449//10449
f 10448//10448 10312//10312 10304//10304
f 10446//10446 10303//10303 10453//10453
f 10452//10452 10302//10302 10461//10461
f 10458//10458 10301//10301 10298//10298
f 10460//10460 10297//10297 10465//10465
f 10309//10309 10471//10471 10299//10299
f 10296//10296 10468//10468 10474//10474
f 10295//10295 10473//10473 10462//10462
f 10281//10281 10278//10278 10328//10328
f 10326//10326 10478//10478 10283//10283
f 10284//10284 10480//10480 10481//10481
f 10280//10280 10483//10483 10307//10307
f 10306//10306 10482//10482 10486//10486
f 10308//10308 10490//10490 10467//10467
f 10354//10354 10362//10362 10491//10491
f 222//222 10330//10330 159//159
f 159//159 10330//10330 10334//10334
f 160//160 10333//10333 164//164
f 164//164 10333//10333 10336//10336
f 163//163 10335//10335 26//26
f 26//26 10335//10335 10340//10340
f 27//27 10339//10339 28//28
f 31//31 10341//10341 10344//10344
f 30//30 10345//10345 36//36
f 36//36 10345//10345 10350//10350
f 35//35 10351//10351 44//44
f 43//43 10352//10352 10355//10355
f 42//42 10357//10357 10502//10502
f 10497//10497 10354//10354 10491//10491
f 10431//10431 10393//10393 10508//10508
f 10508//10508 10393//10393 10390//10390
f 10504//10504 10391//10391 10509//10509
f 10509//10509 10391//10391 10384//10384
f 10511//10511 10385//10385 10513//10513
f 10513//10513 10385//10385 10383//10383
f 10516//10516 10382//10382 10522//10522
f 10522//10522 10382//10382 10387//10387
f 10523//10523 10388//10388 10528//10528
f 10528//10528 10388//10388 10369//10369
f 10527//10527 10370//10370 10404//10404
f 10404//10404 10370//10370 10366//10366
f 10432//10432 13//13 10428//10428
f 10428//10428 13//13 192//192
f 10430//10430 193//193 10423//10423
f 10423//10423 193//193 427//427
f 10425//10425 426//426 10421//10421
f 10421//10421 426//426 425//425
f 10420//10420 424//424 10415//10415
f 10415//10415 424//424 418//418
f 10418//10418 416//416 10412//10412
f 10411//10411 417//417 410//410
f 10414//10414 411//411 10409//10409
f 10409//10409 411//411 377//377
f 10406//10406 376//376 10403//10403
f 10403//10403 376//376 367//367
f 1676//1676 1490//1490 1656//1656
f 1658//1658 1489//1489 1505//1505
f 1677//1677 1698//1698 1492//1492
f 1491//1491 1694//1694 593//593
f 1493//1493 591//591 1478//1478
f 509//509 967//967 612//612
f 616//616 968//968 1560//1560
f 613//613 1557//1557 618//618
f 619//619 1558//1558 1552//1552
f 620//620 1551//1551 625//625
f 624//624 1548//1548 1546//1546
f 626//626 1544//1544 629//629
f 632//632 1543//1543 1528//1528
f 627//627 1527//1527 633//633
f 634//634 1530//1530 1453//1453
f 636//636 1452//1452 639//639
f 643//643 1447//1447 1462//1462
f 642//642 1461//1461 608//608
f 607//607 1459//1459 1472//1472
f 609//609 1473//1473 606//606
f 604//604 1471//1471 1480//1480
f 605//605 1481//1481 598//598
f 600//600 1479//1479 590//590
f 1523//1523 1603//1603 1520//1520
f 1519//1519 1599//1599 1594//1594
f 1517//1517 1596//1596 1514//1514
f 1515//1515 1593//1593 1618//1618
f 1511//1511 1619//1619 1502//1502
f 1506//1506 1617//1617 1611//1611
f 1504//1504 1612//1612 1654//1654
f 1414//1414 40//40 524//524
f 523//523 39//39 10500//10500
f 522//522 10498//10498 517//517
f 10494//10494 10533//10533 10535//10535
f 10495//10495 10534//10534 10501//10501
f 10499//10499 10536//10536 516//516
f 10503//10503 514//514 521//521
f 10545//10545 10496//10496 10361//10361
f 217//217 10477//10477 220//220
f 220//220 10477//10477 10327//10327
f 10361//10361 10438//10438 10545//10545
f 10540//10540 10437//10437 10441//10441
f 10539//10539 10445//10445 10551//10551
f 10550//10550 10442//10442 10451//10451
f 10553//10553 10447//10447 167//167
f 165//165 10450//10450 10456//10456
f 166//166 10455//10455 176//176
f 10454//10454 10459//10459 173//173
f 174//174 10457//10457 10464//10464
f 175//175 10466//10466 183//183
f 182//182 10463//10463 10476//10476
f 180//180 10472//10472 190//190
f 10475//10475 10469//10469 191//191
f 187//187 10470//10470 10489//10489
f 189//189 10487//10487 215//215
f 219//219 10488//10488 10484//10484
f 218//218 10485//10485 10479//10479
f 10525//10525 10402//10402 369//369
f 14//14 10434//10434 20//20
f 19//19 10433//10433 10505//10505
f 10521//10521 10555//10555 10517//10517
f 10515//10515 10556//10556 10565//10565
f 10514//10514 10564//10564 10510//10510
f 10510//10510 10564//10564 10572//10572
f 10512//10512 10567//10567 10506//10506
f 10506//10506 10567//10567 10576//10576
f 10507//10507 10574//10574 16//16
f 369//369 323//323 10525//10525
f 10526//10526 324//324 318//318
f 10524//10524 317//317 10520//10520
f 10518//10518 320//320 10580//10580
f 10519//10519 10582//10582 10558//10558
f 10585//10585 664//664 710//710
f 444//444 10590//10590 10596//10596
f 10591//10591 447//447 10602//10602
f 10604//10604 10614//10614 10595//10595
f 10594//10594 10589//10589 10607//10607
f 10608//10608 10592//10592 10599//10599
f 10608//10608 10599//10599 10615//10615
f 10619//10619 10600//10600 10622//10622
f 10616//10616 10620//10620 10628//10628
f 10627//10627 10621//10621 10631//10631
f 10626//10626 10633//10633 10640//10640
f 10638//10638 10635//10635 10647//10647
f 10637//10637 10646//10646 10650//10650
f 10651//10651 10643//10643 10653//10653
f 10651//10651 10653//10653 10658//10658
f 10661//10661 10657//10657 10664//10664
f 10661//10661 10664//10664 10670//10670
f 10672//10672 10663//10663 10675//10675
f 10671//10671 10673//10673 10682//10682
f 10681//10681 10674//10674 10686//10686
f 10681//10681 10686//10686 10687//10687
f 439//439 432//432 661//661
f 442//442 454//454 10603//10603
f 10601//10601 455//455 461//461
f 10601//10601 461//461 10623//10623
f 10624//10624 459//459 463//463
f 10624//10624 463//463 10630//10630
f 10632//10632 462//462 469//469
f 10634//10634 468//468 10644//10644
f 10642//10642 470//470 473//473
f 10645//10645 475//475 10656//10656
f 10654//10654 472//472 481//481
f 10655//10655 482//482 10662//10662
f 10665//10665 483//483 485//485
f 10666//10666 484//484 10677//10677
f 10676//10676 486//486 437//437
f 10678//10678 440//440 10683//10683
f 10684//10684 441//441 663//663
f 10685//10685 657//657 10688//10688
f 10690//10690 659//659 10588//10588
f 839//839 901//901 1389//1389
f 690//690 1352//1352 700//700
f 701//701 1349//1349 1340//1340
f 702//702 1343//1343 708//708
f 10694//10694 1299//1299 10702//10702
f 10700//10700 1302//1302 1295//1295
f 10701//10701 1292//1292 10704//10704
f 1287//1287 10710//10710 1289//1289
f 1294//1294 10713//10713 10715//10715
f 1293//1293 10717//10717 10703//10703
f 10722//10722 1254//1254 10723//10723
f 10725//10725 1255//1255 1243//1243
f 10726//10726 1246//1246 10729//10729
f 10728//10728 1245//1245 10529//10529
f 10531//10531 1244//1244 1242//1242
f 10532//10532 1241//1241 10537//10537
f 966//966 511//511 974//974
f 973//973 510//510 497//497
f 970//970 499//499 1237//1237
f 1238//1238 498//498 512//512
f 1240//1240 515//515 10538//10538
f 693//693 682//682 1348//1348
f 1347//1347 681//681 739//739
f 1353//1353 737//737 1357//1357
f 1354//1354 741//741 742//742
f 1355//1355 743//743 1360//1360
f 1364//1364 744//744 754//754
f 1359//1359 752//752 1367//1367
f 1367//1367 752//752 764//764
f 1368//1368 762//762 1373//1373
f 1369//1369 763//763 772//772
f 1372//1372 773//773 1374//1374
f 1375//1375 771//771 783//783
f 1378//1378 782//782 1381//1381
f 1381//1381 782//782 791//791
f 1380//1380 792//792 1390//1390
f 1390//1390 792//792 801//801
f 1389//1389 802//802 839//839
f 10697//10697 10610//10610 1296//1296
f 1297//1297 10611//10611 10605//10605
f 1298//1298 10609//10609 1304//1304
f 1303//1303 10606//10606 10618//10618
f 1306//1306 10617//10617 1311//1311
f 1311//1311 10617//10617 10629//10629
f 1310//1310 10625//10625 1313//1313
f 1313//1313 10625//10625 10639//10639
f 1312//1312 10641//10641 1318//1318
f 1317//1317 10636//10636 10648//10648
f 1319//1319 10649//10649 1323//1323
f 1325//1325 10652//10652 10659//10659
f 1324//1324 10660//10660 1328//1328
f 1328//1328 10660//10660 10669//10669
f 1327//1327 10668//10668 1334//1334
f 1333//1333 10667//10667 10679//10679
f 1332//1332 10680//10680 1338//1338
f 1338//1338 10680//10680 10691//10691
f 1339//1339 10689//10689 1344//1344
f 1342//1342 10692//10692 10586//10586
f 1341//1341 10587//10587 709//709
f 10720//10720 10737//10737 1251//1251
f 1249//1249 10736//10736 10743//10743
f 1252//1252 10742//10742 1258//1258
f 1258//1258 10742//10742 10744//10744
f 1257//1257 10746//10746 1263//1263
f 1263//1263 10746//10746 10751//10751
f 1260//1260 10749//10749 1265//1265
f 1265//1265 10749//10749 10754//10754
f 1266//1266 10755//10755 1271//1271
f 1271//1271 10755//10755 10756//10756
f 1268//1268 10757//10757 1273//1273
f 1273//1273 10757//10757 10762//10762
f 1274//1274 10760//10760 1278//1278
f 1278//1278 10760//10760 10765//10765
f 1279//1279 10764//10764 1280//1280
f 1280//1280 10764//10764 10768//10768
f 1283//1283 10770//10770 1288//1288
f 1288//1288 10770//10770 10775//10775
f 1286//1286 10776//10776 10712//10712
f 10783//10783 10784//10784 10792//10792
f 10785//10785 10782//10782 10795//10795
f 10804//10804 10805//10805 10812//10812
f 10741//10741 10733//10733 10809//10809
f 10806//10806 10800//10800 10738//10738
f 10739//10739 10799//10799 10818//10818
f 10740//10740 10820//10820 10747//10747
f 10745//10745 10819//10819 10824//10824
f 10745//10745 10824//10824 10750//10750
f 10748//10748 10822//10822 10831//10831
f 10748//10748 10831//10831 10753//10753
f 10752//10752 10830//10830 10833//10833
f 10752//10752 10833//10833 10759//10759
f 10758//10758 10834//10834 10840//10840
f 10758//10758 10840//10840 10761//10761
f 10763//10763 10841//10841 10844//10844
f 10763//10763 10844//10844 10766//10766
f 10767//10767 10846//10846 10788//10788
f 10767//10767 10788//10788 10769//10769
f 10771//10771 10790//10790 10787//10787
f 10771//10771 10787//10787 10774//10774
f 10773//10773 10786//10786 10797//10797
f 10772//10772 10796//10796 10711//10711
f 10810//10810 10847//10847 10803//10803
f 10801//10801 10849//10849 10852//10852
f 10802//10802 10851//10851 10817//10817
f 10821//10821 10850//10850 10856//10856
f 10816//10816 10855//10855 10823//10823
f 10826//10826 10857//10857 10858//10858
f 10825//10825 10861//10861 10827//10827
f 10828//10828 10860//10860 10865//10865
f 10829//10829 10863//10863 10836//10836
f 10835//10835 10862//10862 10868//10868
f 10832//10832 10866//10866 10838//10838
f 10839//10839 10867//10867 10873//10873
f 10837//10837 10871//10871 10843//10843
f 10842//10842 10870//10870 10875//10875
f 10845//10845 10874//10874 10789//10789
f 10791//10791 10876//10876 10878//10878
f 10793//10793 10880//10880 10779//10779
f 10883//10883 10853//10853 10886//10886
f 10886//10886 10853//10853 10848//10848
f 10886//10886 10848//10848 10814//10814
f 10887//10887 10859//10859 10883//10883
f 10883//10883 10859//10859 10854//10854
f 10883//10883 10854//10854 10853//10853
f 10877//10877 10872//10872 10891//10891
f 10891//10891 10872//10872 10869//10869
f 10891//10891 10869//10869 10887//10887
f 10887//10887 10869//10869 10864//10864
f 10887//10887 10864//10864 10859//10859
f 10877//10877 10891//10891 10879//10879
f 10879//10879 10891//10891 10895//10895
f 10879//10879 10895//10895 10778//10778
f 10530//10530 10493//10493 10731//10731
f 10730//10730 10492//10492 10543//10543
f 10808//10808 10735//10735 10552//10552
f 10547//10547 10734//10734 10721//10721
f 10549//10549 10719//10719 10544//10544
f 10541//10541 10718//10718 10724//10724
f 10542//10542 10727//10727 10732//10732
f 10807//10807 10546//10546 10811//10811
f 10815//10815 10548//10548 168//168
f 10813//10813 169//169 10884//10884
f 10894//10894 18//18 10777//10777
f 10781//10781 17//17 10575//10575
f 10569//10569 10707//10707 10578//10578
f 10577//10577 10709//10709 10798//10798
f 10579//10579 10794//10794 10780//10780
f 10561//10561 10695//10695 10571//10571
f 10573//10573 10693//10693 10698//10698
f 10699//10699 10706//10706 10568//10568
f 10566//10566 10705//10705 10714//10714
f 10570//10570 10716//10716 10708//10708
f 321//321 449//449 10584//10584
f 10583//10583 450//450 445//445
f 10581//10581 448//448 10559//10559
f 10557//10557 446//446 10598//10598
f 10554//10554 10593//10593 10560//10560
f 10563//10563 10597//10597 10613//10613
f 10562//10562 10612//10612 10696//10696
f 21//21 10893//10893 23//23
f 23//23 10893//10893 10892//10892
f 24//24 10890//10890 185//185
f 185//185 10890//10890 10888//10888
f 186//186 10889//10889 177//177
f 177//177 10889//10889 10881//10881
f 178//178 10882//10882 170//170
f 170//170 10882//10882 10885//10885

