mtllib material.mtl
usemtl black
v -0.01565000 -0.05415800 0.02007900
v -0.01565000 -0.05415800 0.02007900
v -0.01565000 -0.05415800 0.02007900
v -0.01565000 0.05383900 0.02092000
v -0.01565000 0.05383900 0.02092000
v -0.01565000 0.05383900 0.02092000
v -0.01565000 -0.05383900 -0.02092000
v -0.01565000 -0.05383900 -0.02092000
v -0.01565000 -0.05383900 -0.02092000
v -0.01565000 0.05415800 -0.02007900
v -0.01565000 0.05415800 -0.02007900
v -0.01565000 0.05415800 -0.02007900
v -0.01565000 0.05272100 -0.02362600
v -0.01565000 0.05272100 -0.02362600
v -0.01565000 0.05272100 -0.02362600
v -0.01565000 0.05110700 -0.02472200
v -0.01565000 0.05110700 -0.02472200
v -0.01565000 0.05110700 -0.02472200
v -0.01565000 0.04919700 -0.02511800
v -0.01565000 0.04919700 -0.02511800
v -0.01565000 0.04919700 -0.02511800
v -0.01565000 -0.05272100 0.02362600
v -0.01565000 -0.05272100 0.02362600
v -0.01565000 -0.05272100 0.02362600
v -0.01565000 -0.05110700 0.02472200
v -0.01565000 -0.05110700 0.02472200
v -0.01565000 -0.05110700 0.02472200
v -0.01565000 -0.05379200 0.02199500
v -0.01565000 -0.05379200 0.02199500
v -0.01565000 -0.05379200 0.02199500
v -0.01565000 -0.04919700 0.02511800
v -0.01565000 -0.04919700 0.02511800
v -0.01565000 -0.04919700 0.02511800
v -0.01565000 0.04880000 0.02588100
v -0.01565000 0.04880000 0.02588100
v -0.01565000 0.04880000 0.02588100
v -0.01565000 0.05071600 0.02551500
v -0.01565000 0.05071600 0.02551500
v -0.01565000 0.05071600 0.02551500
v -0.01565000 0.05234700 0.02444400
v -0.01565000 0.05234700 0.02444400
v -0.01565000 0.05234700 0.02444400
v -0.01565000 0.05344300 0.02283000
v -0.01565000 0.05344300 0.02283000
v -0.01565000 0.05344300 0.02283000
v -0.01565000 0.05379200 -0.02199500
v -0.01565000 0.05379200 -0.02199500
v -0.01565000 0.05379200 -0.02199500
v -0.01565000 -0.04880000 -0.02588100
v -0.01565000 -0.04880000 -0.02588100
v -0.01565000 -0.04880000 -0.02588100
v -0.01565000 -0.05071600 -0.02551500
v -0.01565000 -0.05071600 -0.02551500
v -0.01565000 -0.05071600 -0.02551500
v -0.01565000 -0.05234700 -0.02444400
v -0.01565000 -0.05234700 -0.02444400
v -0.01565000 -0.05234700 -0.02444400
v -0.01565000 -0.05344300 -0.02283000
v -0.01565000 -0.05344300 -0.02283000
v -0.01565000 -0.05344300 -0.02283000
v -0.00200000 0.05415800 -0.02007900
v -0.00200000 0.05415800 -0.02007900
v -0.00200000 0.05415800 -0.02007900
v -0.00200000 0.05415800 -0.02007900
v -0.00200000 0.05379200 -0.02199500
v -0.00200000 0.05379200 -0.02199500
v -0.00200000 0.05379200 -0.02199500
v -0.00200000 0.05379200 -0.02199500
v -0.00200000 0.05272100 -0.02362600
v -0.00200000 0.05272100 -0.02362600
v -0.00200000 0.05272100 -0.02362600
v -0.00200000 0.05272100 -0.02362600
v -0.00200000 0.05110700 -0.02472200
v -0.00200000 0.05110700 -0.02472200
v -0.00200000 0.05110700 -0.02472200
v -0.00200000 0.05110700 -0.02472200
v -0.00200000 0.04919700 -0.02511800
v -0.00200000 0.04919700 -0.02511800
v -0.00200000 0.04919700 -0.02511800
v -0.00200000 0.04919700 -0.02511800
v -0.00200000 -0.04880000 -0.02588100
v -0.00200000 -0.04880000 -0.02588100
v -0.00200000 -0.04880000 -0.02588100
v -0.00200000 -0.04880000 -0.02588100
v -0.00200000 -0.05071600 -0.02551500
v -0.00200000 -0.05071600 -0.02551500
v -0.00200000 -0.05071600 -0.02551500
v -0.00200000 -0.05071600 -0.02551500
v -0.00200000 -0.05234700 -0.02444400
v -0.00200000 -0.05234700 -0.02444400
v -0.00200000 -0.05234700 -0.02444400
v -0.00200000 -0.05234700 -0.02444400
v -0.00200000 -0.05344300 -0.02283000
v -0.00200000 -0.05344300 -0.02283000
v -0.00200000 -0.05344300 -0.02283000
v -0.00200000 -0.05344300 -0.02283000
v -0.00200000 -0.05383900 -0.02092000
v -0.00200000 -0.05383900 -0.02092000
v -0.00200000 -0.05383900 -0.02092000
v -0.00200000 -0.05383900 -0.02092000
v -0.00200000 -0.05415800 0.02007900
v -0.00200000 -0.05415800 0.02007900
v -0.00200000 -0.05415800 0.02007900
v -0.00200000 -0.05415800 0.02007900
v -0.00200000 -0.05379200 0.02199500
v -0.00200000 -0.05379200 0.02199500
v -0.00200000 -0.05379200 0.02199500
v -0.00200000 -0.05379200 0.02199500
v -0.00200000 -0.05272100 0.02362600
v -0.00200000 -0.05272100 0.02362600
v -0.00200000 -0.05272100 0.02362600
v -0.00200000 -0.05272100 0.02362600
v -0.00200000 -0.05110700 0.02472200
v -0.00200000 -0.05110700 0.02472200
v -0.00200000 -0.05110700 0.02472200
v -0.00200000 -0.05110700 0.02472200
v -0.00200000 -0.04919700 0.02511800
v -0.00200000 -0.04919700 0.02511800
v -0.00200000 -0.04919700 0.02511800
v -0.00200000 -0.04919700 0.02511800
v -0.00200000 0.04880000 0.02588100
v -0.00200000 0.04880000 0.02588100
v -0.00200000 0.04880000 0.02588100
v -0.00200000 0.04880000 0.02588100
v -0.00200000 0.05071600 0.02551500
v -0.00200000 0.05071600 0.02551500
v -0.00200000 0.05071600 0.02551500
v -0.00200000 0.05071600 0.02551500
v -0.00200000 0.05234700 0.02444400
v -0.00200000 0.05234700 0.02444400
v -0.00200000 0.05234700 0.02444400
v -0.00200000 0.05234700 0.02444400
v -0.00200000 0.05344300 0.02283000
v -0.00200000 0.05344300 0.02283000
v -0.00200000 0.05344300 0.02283000
v -0.00200000 0.05344300 0.02283000
v -0.00200000 0.05383900 0.02092000
v -0.00200000 0.05383900 0.02092000
v -0.00200000 0.05383900 0.02092000
v -0.00200000 0.05383900 0.02092000
v -0.00295000 0.05223700 -0.01864400
v -0.00295000 0.05223700 -0.01864400
v -0.00295000 0.05223700 -0.01864400
v -0.00265000 0.05193700 -0.01864600
v -0.00265000 0.05193700 -0.01864600
v -0.00265000 0.05193700 -0.01864600
v -0.00265000 0.05193700 -0.01864600
v -0.00265000 0.05193700 -0.01864600
v -0.00295000 0.05221200 -0.01544400
v -0.00295000 0.05221200 -0.01544400
v -0.00295000 0.05221200 -0.01544400
v -0.00265000 0.05191200 -0.01544600
v -0.00265000 0.05191200 -0.01544600
v -0.00265000 0.05191200 -0.01544600
v -0.00265000 0.05191200 -0.01544600
v -0.00295000 -0.05223700 0.01864400
v -0.00295000 -0.05223700 0.01864400
v -0.00295000 -0.05223700 0.01864400
v -0.00265000 -0.05193700 0.01864600
v -0.00265000 -0.05193700 0.01864600
v -0.00265000 -0.05193700 0.01864600
v -0.00265000 -0.05193700 0.01864600
v -0.00295000 -0.05221200 0.01544400
v -0.00295000 -0.05221200 0.01544400
v -0.00295000 -0.05221200 0.01544400
v -0.00265000 -0.05191200 0.01544600
v -0.00265000 -0.05191200 0.01544600
v -0.00265000 -0.05191200 0.01544600
v -0.00265000 -0.05191200 0.01544600
v -0.00595000 0.03691200 -0.00362200
v -0.00595000 0.03691200 -0.00362200
v -0.00595000 0.03691200 -0.00362200
v -0.00595000 0.03691200 -0.00362200
v -0.00595000 0.03753300 -0.00403800
v -0.00595000 0.03753300 -0.00403800
v -0.00595000 0.03753300 -0.00403800
v -0.00595000 0.03753300 -0.00403800
v -0.00595000 0.03753300 -0.00403800
v -0.00595000 0.03753300 -0.00403800
v -0.00295000 0.03605300 -0.00664800
v -0.00295000 0.03605300 -0.00664800
v -0.00295000 0.03605300 -0.00664800
v -0.00295000 0.03605300 -0.00664800
v -0.00295000 0.03605300 -0.00664800
v -0.00595000 0.04452000 -0.00182300
v -0.00595000 0.04452000 -0.00182300
v -0.00595000 0.04452000 -0.00182300
v -0.00595000 0.04452000 -0.00182300
v -0.00595000 0.04471000 -0.00136200
v -0.00595000 0.04471000 -0.00136200
v -0.00595000 0.04471000 -0.00136200
v -0.00595000 0.04471000 -0.00136200
v -0.00595000 0.04471000 -0.00136200
v -0.00295000 0.04753700 -0.00236600
v -0.00295000 0.04753700 -0.00236600
v -0.00295000 0.04753700 -0.00236600
v -0.00295000 0.04753700 -0.00236600
v -0.00295000 0.04753700 -0.00236600
v -0.00595000 0.04499900 0.00035000
v -0.00595000 0.04499900 0.00035000
v -0.00595000 0.04499900 0.00035000
v -0.00595000 0.04499900 0.00035000
v -0.00295000 0.04799900 0.00037400
v -0.00295000 0.04799900 0.00037400
v -0.00295000 0.04799900 0.00037400
v -0.00595000 0.04385400 -0.00287300
v -0.00595000 0.04385400 -0.00287300
v -0.00595000 0.04385400 -0.00287300
v -0.00595000 0.04385400 -0.00287300
v -0.00595000 0.04385400 -0.00287300
v -0.00595000 0.04385400 -0.00287300
v -0.00295000 0.04616700 -0.00478300
v -0.00295000 0.04616700 -0.00478300
v -0.00295000 0.04616700 -0.00478300
v -0.00295000 0.04616700 -0.00478300
v -0.00595000 0.04314700 -0.00357300
v -0.00595000 0.04314700 -0.00357300
v -0.00595000 0.04314700 -0.00357300
v -0.00595000 0.04314700 -0.00357300
v -0.00595000 0.04314700 -0.00357300
v -0.00295000 0.04405300 -0.00658600
v -0.00295000 0.04405300 -0.00658600
v -0.00295000 0.04405300 -0.00658600
v -0.00295000 0.04405300 -0.00658600
v -0.00295000 0.04405300 -0.00658600
v -0.00595000 0.04253200 -0.00399900
v -0.00595000 0.04253200 -0.00399900
v -0.00595000 0.04253200 -0.00399900
v -0.00595000 0.04253200 -0.00399900
v -0.00595000 0.04253200 -0.00399900
v -0.00595000 0.04114900 -0.00455500
v -0.00595000 0.04114900 -0.00455500
v -0.00595000 0.04114900 -0.00455500
v -0.00595000 0.04114900 -0.00455500
v -0.00595000 0.04114900 -0.00455500
v -0.00295000 0.04144900 -0.00755600
v -0.00295000 0.04144900 -0.00755600
v -0.00295000 0.04144900 -0.00755600
v -0.00295000 0.04144900 -0.00755600
v -0.00595000 0.04090500 -0.00460600
v -0.00595000 0.04090500 -0.00460600
v -0.00595000 0.04090500 -0.00460600
v -0.00595000 0.04090500 -0.00460600
v -0.00295000 0.03867100 -0.00757800
v -0.00295000 0.03867100 -0.00757800
v -0.00295000 0.03867100 -0.00757800
v -0.00295000 0.03867100 -0.00757800
v -0.00295000 0.03867100 -0.00757800
v -0.00595000 0.03916900 -0.00461900
v -0.00595000 0.03916900 -0.00461900
v -0.00595000 0.03916900 -0.00461900
v -0.00595000 0.03916900 -0.00461900
v -0.00595000 0.03892400 -0.00457200
v -0.00595000 0.03892400 -0.00457200
v -0.00595000 0.03892400 -0.00457200
v -0.00595000 0.03892400 -0.00457200
v -0.00595000 0.03619400 -0.00293200
v -0.00595000 0.03619400 -0.00293200
v -0.00595000 0.03619400 -0.00293200
v -0.00595000 0.03619400 -0.00293200
v -0.00595000 0.03619400 -0.00293200
v -0.00595000 0.03619400 -0.00293200
v -0.00295000 0.03391100 -0.00487900
v -0.00295000 0.03391100 -0.00487900
v -0.00295000 0.03391100 -0.00487900
v -0.00295000 0.03391100 -0.00487900
v -0.00595000 0.03551100 -0.00189300
v -0.00595000 0.03551100 -0.00189300
v -0.00595000 0.03551100 -0.00189300
v -0.00595000 0.03551100 -0.00189300
v -0.00595000 0.03551100 -0.00189300
v -0.00295000 0.03250300 -0.00248300
v -0.00295000 0.03250300 -0.00248300
v -0.00295000 0.03250300 -0.00248300
v -0.00295000 0.03250300 -0.00248300
v -0.00595000 0.03531400 -0.00143500
v -0.00595000 0.03531400 -0.00143500
v -0.00595000 0.03531400 -0.00143500
v -0.00595000 0.03531400 -0.00143500
v -0.00595000 0.03531400 -0.00143500
v -0.00295000 0.03199900 0.00024900
v -0.00295000 0.03199900 0.00024900
v -0.00295000 0.03199900 0.00024900
v -0.00595000 0.03499900 0.00027200
v -0.00595000 0.03499900 0.00027200
v -0.00595000 0.03499900 0.00027200
v -0.00595000 0.03499900 0.00027200
v -0.00595000 0.04308600 0.00424500
v -0.00595000 0.04308600 0.00424500
v -0.00595000 0.04308600 0.00424500
v -0.00595000 0.04308600 0.00424500
v -0.00595000 0.04246500 0.00466100
v -0.00595000 0.04246500 0.00466100
v -0.00595000 0.04246500 0.00466100
v -0.00595000 0.04246500 0.00466100
v -0.00595000 0.04246500 0.00466100
v -0.00595000 0.04246500 0.00466100
v -0.00295000 0.04394500 0.00727000
v -0.00295000 0.04394500 0.00727000
v -0.00295000 0.04394500 0.00727000
v -0.00295000 0.04394500 0.00727000
v -0.00295000 0.04394500 0.00727000
v -0.00595000 0.03547700 0.00244600
v -0.00595000 0.03547700 0.00244600
v -0.00595000 0.03547700 0.00244600
v -0.00595000 0.03547700 0.00244600
v -0.00595000 0.03528700 0.00198500
v -0.00595000 0.03528700 0.00198500
v -0.00595000 0.03528700 0.00198500
v -0.00595000 0.03528700 0.00198500
v -0.00595000 0.03528700 0.00198500
v -0.00295000 0.03246000 0.00298900
v -0.00295000 0.03246000 0.00298900
v -0.00295000 0.03246000 0.00298900
v -0.00295000 0.03246000 0.00298900
v -0.00295000 0.03246000 0.00298900
v -0.00595000 0.03614400 0.00349500
v -0.00595000 0.03614400 0.00349500
v -0.00595000 0.03614400 0.00349500
v -0.00595000 0.03614400 0.00349500
v -0.00595000 0.03614400 0.00349500
v -0.00595000 0.03614400 0.00349500
v -0.00295000 0.03383100 0.00540600
v -0.00295000 0.03383100 0.00540600
v -0.00295000 0.03383100 0.00540600
v -0.00295000 0.03383100 0.00540600
v -0.00595000 0.03685100 0.00419600
v -0.00595000 0.03685100 0.00419600
v -0.00595000 0.03685100 0.00419600
v -0.00595000 0.03685100 0.00419600
v -0.00595000 0.03685100 0.00419600
v -0.00295000 0.03594500 0.00720800
v -0.00295000 0.03594500 0.00720800
v -0.00295000 0.03594500 0.00720800
v -0.00295000 0.03594500 0.00720800
v -0.00295000 0.03594500 0.00720800
v -0.00595000 0.03746500 0.00462200
v -0.00595000 0.03746500 0.00462200
v -0.00595000 0.03746500 0.00462200
v -0.00595000 0.03746500 0.00462200
v -0.00595000 0.03746500 0.00462200
v -0.00595000 0.03884800 0.00517700
v -0.00595000 0.03884800 0.00517700
v -0.00595000 0.03884800 0.00517700
v -0.00595000 0.03884800 0.00517700
v -0.00595000 0.03884800 0.00517700
v -0.00295000 0.03854800 0.00817900
v -0.00295000 0.03854800 0.00817900
v -0.00295000 0.03854800 0.00817900
v -0.00295000 0.03854800 0.00817900
v -0.00595000 0.03909200 0.00522800
v -0.00595000 0.03909200 0.00522800
v -0.00595000 0.03909200 0.00522800
v -0.00595000 0.03909200 0.00522800
v -0.00295000 0.04132700 0.00820000
v -0.00295000 0.04132700 0.00820000
v -0.00295000 0.04132700 0.00820000
v -0.00295000 0.04132700 0.00820000
v -0.00295000 0.04132700 0.00820000
v -0.00595000 0.04082900 0.00524200
v -0.00595000 0.04082900 0.00524200
v -0.00595000 0.04082900 0.00524200
v -0.00595000 0.04082900 0.00524200
v -0.00595000 0.04107300 0.00519400
v -0.00595000 0.04107300 0.00519400
v -0.00595000 0.04107300 0.00519400
v -0.00595000 0.04107300 0.00519400
v -0.00595000 0.04380400 0.00355500
v -0.00595000 0.04380400 0.00355500
v -0.00595000 0.04380400 0.00355500
v -0.00595000 0.04380400 0.00355500
v -0.00595000 0.04380400 0.00355500
v -0.00595000 0.04380400 0.00355500
v -0.00295000 0.04608700 0.00550100
v -0.00295000 0.04608700 0.00550100
v -0.00295000 0.04608700 0.00550100
v -0.00295000 0.04608700 0.00550100
v -0.00595000 0.04448700 0.00251600
v -0.00595000 0.04448700 0.00251600
v -0.00595000 0.04448700 0.00251600
v -0.00595000 0.04448700 0.00251600
v -0.00595000 0.04448700 0.00251600
v -0.00295000 0.04749500 0.00310600
v -0.00295000 0.04749500 0.00310600
v -0.00295000 0.04749500 0.00310600
v -0.00295000 0.04749500 0.00310600
v -0.00595000 0.04468400 0.00205800
v -0.00595000 0.04468400 0.00205800
v -0.00595000 0.04468400 0.00205800
v -0.00595000 0.04468400 0.00205800
v -0.00595000 0.04468400 0.00205800
v -0.00595000 -0.00308700 -0.00393300
v -0.00595000 -0.00308700 -0.00393300
v -0.00595000 -0.00308700 -0.00393300
v -0.00595000 -0.00308700 -0.00393300
v -0.00595000 -0.00246600 -0.00434900
v -0.00595000 -0.00246600 -0.00434900
v -0.00595000 -0.00246600 -0.00434900
v -0.00595000 -0.00246600 -0.00434900
v -0.00595000 -0.00246600 -0.00434900
v -0.00595000 -0.00246600 -0.00434900
v -0.00295000 -0.00394600 -0.00695900
v -0.00295000 -0.00394600 -0.00695900
v -0.00295000 -0.00394600 -0.00695900
v -0.00295000 -0.00394600 -0.00695900
v -0.00295000 -0.00394600 -0.00695900
v -0.00595000 0.00452200 -0.00213400
v -0.00595000 0.00452200 -0.00213400
v -0.00595000 0.00452200 -0.00213400
v -0.00595000 0.00452200 -0.00213400
v -0.00595000 0.00471200 -0.00167300
v -0.00595000 0.00471200 -0.00167300
v -0.00595000 0.00471200 -0.00167300
v -0.00595000 0.00471200 -0.00167300
v -0.00595000 0.00471200 -0.00167300
v -0.00295000 0.00753900 -0.00267800
v -0.00295000 0.00753900 -0.00267800
v -0.00295000 0.00753900 -0.00267800
v -0.00295000 0.00753900 -0.00267800
v -0.00295000 0.00753900 -0.00267800
v -0.00595000 0.00500000 0.00003900
v -0.00595000 0.00500000 0.00003900
v -0.00595000 0.00500000 0.00003900
v -0.00595000 0.00500000 0.00003900
v -0.00295000 0.00800000 0.00006200
v -0.00295000 0.00800000 0.00006200
v -0.00295000 0.00800000 0.00006200
v -0.00595000 0.00385500 -0.00318400
v -0.00595000 0.00385500 -0.00318400
v -0.00595000 0.00385500 -0.00318400
v -0.00595000 0.00385500 -0.00318400
v -0.00595000 0.00385500 -0.00318400
v -0.00595000 0.00385500 -0.00318400
v -0.00295000 0.00616800 -0.00509400
v -0.00295000 0.00616800 -0.00509400
v -0.00295000 0.00616800 -0.00509400
v -0.00295000 0.00616800 -0.00509400
v -0.00595000 0.00314800 -0.00388500
v -0.00595000 0.00314800 -0.00388500
v -0.00595000 0.00314800 -0.00388500
v -0.00595000 0.00314800 -0.00388500
v -0.00595000 0.00314800 -0.00388500
v -0.00295000 0.00405400 -0.00689700
v -0.00295000 0.00405400 -0.00689700
v -0.00295000 0.00405400 -0.00689700
v -0.00295000 0.00405400 -0.00689700
v -0.00295000 0.00405400 -0.00689700
v -0.00595000 0.00253400 -0.00431100
v -0.00595000 0.00253400 -0.00431100
v -0.00595000 0.00253400 -0.00431100
v -0.00595000 0.00253400 -0.00431100
v -0.00595000 0.00253400 -0.00431100
v -0.00595000 0.00115100 -0.00486600
v -0.00595000 0.00115100 -0.00486600
v -0.00595000 0.00115100 -0.00486600
v -0.00595000 0.00115100 -0.00486600
v -0.00595000 0.00115100 -0.00486600
v -0.00295000 0.00145000 -0.00786700
v -0.00295000 0.00145000 -0.00786700
v -0.00295000 0.00145000 -0.00786700
v -0.00295000 0.00145000 -0.00786700
v -0.00595000 0.00090700 -0.00491700
v -0.00595000 0.00090700 -0.00491700
v -0.00595000 0.00090700 -0.00491700
v -0.00595000 0.00090700 -0.00491700
v -0.00295000 -0.00132800 -0.00788900
v -0.00295000 -0.00132800 -0.00788900
v -0.00295000 -0.00132800 -0.00788900
v -0.00295000 -0.00132800 -0.00788900
v -0.00295000 -0.00132800 -0.00788900
v -0.00595000 -0.00083000 -0.00493100
v -0.00595000 -0.00083000 -0.00493100
v -0.00595000 -0.00083000 -0.00493100
v -0.00595000 -0.00083000 -0.00493100
v -0.00595000 -0.00107500 -0.00488300
v -0.00595000 -0.00107500 -0.00488300
v -0.00595000 -0.00107500 -0.00488300
v -0.00595000 -0.00107500 -0.00488300
v -0.00595000 -0.00380500 -0.00324400
v -0.00595000 -0.00380500 -0.00324400
v -0.00595000 -0.00380500 -0.00324400
v -0.00595000 -0.00380500 -0.00324400
v -0.00595000 -0.00380500 -0.00324400
v -0.00595000 -0.00380500 -0.00324400
v -0.00295000 -0.00608800 -0.00519000
v -0.00295000 -0.00608800 -0.00519000
v -0.00295000 -0.00608800 -0.00519000
v -0.00295000 -0.00608800 -0.00519000
v -0.00595000 -0.00448800 -0.00220400
v -0.00595000 -0.00448800 -0.00220400
v -0.00595000 -0.00448800 -0.00220400
v -0.00595000 -0.00448800 -0.00220400
v -0.00595000 -0.00448800 -0.00220400
v -0.00295000 -0.00749600 -0.00279500
v -0.00295000 -0.00749600 -0.00279500
v -0.00295000 -0.00749600 -0.00279500
v -0.00295000 -0.00749600 -0.00279500
v -0.00595000 -0.00468500 -0.00174700
v -0.00595000 -0.00468500 -0.00174700
v -0.00595000 -0.00468500 -0.00174700
v -0.00595000 -0.00468500 -0.00174700
v -0.00595000 -0.00468500 -0.00174700
v -0.00295000 -0.00800000 -0.00006200
v -0.00295000 -0.00800000 -0.00006200
v -0.00295000 -0.00800000 -0.00006200
v -0.00595000 -0.00500000 -0.00003900
v -0.00595000 -0.00500000 -0.00003900
v -0.00595000 -0.00500000 -0.00003900
v -0.00595000 -0.00500000 -0.00003900
v -0.00595000 0.00308700 0.00393300
v -0.00595000 0.00308700 0.00393300
v -0.00595000 0.00308700 0.00393300
v -0.00595000 0.00308700 0.00393300
v -0.00595000 0.00246600 0.00434900
v -0.00595000 0.00246600 0.00434900
v -0.00595000 0.00246600 0.00434900
v -0.00595000 0.00246600 0.00434900
v -0.00595000 0.00246600 0.00434900
v -0.00595000 0.00246600 0.00434900
v -0.00295000 0.00394600 0.00695900
v -0.00295000 0.00394600 0.00695900
v -0.00295000 0.00394600 0.00695900
v -0.00295000 0.00394600 0.00695900
v -0.00295000 0.00394600 0.00695900
v -0.00595000 -0.00452200 0.00213400
v -0.00595000 -0.00452200 0.00213400
v -0.00595000 -0.00452200 0.00213400
v -0.00595000 -0.00452200 0.00213400
v -0.00595000 -0.00471200 0.00167300
v -0.00595000 -0.00471200 0.00167300
v -0.00595000 -0.00471200 0.00167300
v -0.00595000 -0.00471200 0.00167300
v -0.00595000 -0.00471200 0.00167300
v -0.00295000 -0.00753900 0.00267800
v -0.00295000 -0.00753900 0.00267800
v -0.00295000 -0.00753900 0.00267800
v -0.00295000 -0.00753900 0.00267800
v -0.00295000 -0.00753900 0.00267800
v -0.00595000 -0.00385500 0.00318400
v -0.00595000 -0.00385500 0.00318400
v -0.00595000 -0.00385500 0.00318400
v -0.00595000 -0.00385500 0.00318400
v -0.00595000 -0.00385500 0.00318400
v -0.00595000 -0.00385500 0.00318400
v -0.00295000 -0.00616800 0.00509400
v -0.00295000 -0.00616800 0.00509400
v -0.00295000 -0.00616800 0.00509400
v -0.00295000 -0.00616800 0.00509400
v -0.00595000 -0.00314800 0.00388500
v -0.00595000 -0.00314800 0.00388500
v -0.00595000 -0.00314800 0.00388500
v -0.00595000 -0.00314800 0.00388500
v -0.00595000 -0.00314800 0.00388500
v -0.00295000 -0.00405400 0.00689700
v -0.00295000 -0.00405400 0.00689700
v -0.00295000 -0.00405400 0.00689700
v -0.00295000 -0.00405400 0.00689700
v -0.00295000 -0.00405400 0.00689700
v -0.00595000 -0.00253400 0.00431100
v -0.00595000 -0.00253400 0.00431100
v -0.00595000 -0.00253400 0.00431100
v -0.00595000 -0.00253400 0.00431100
v -0.00595000 -0.00253400 0.00431100
v -0.00595000 -0.00115100 0.00486600
v -0.00595000 -0.00115100 0.00486600
v -0.00595000 -0.00115100 0.00486600
v -0.00595000 -0.00115100 0.00486600
v -0.00595000 -0.00115100 0.00486600
v -0.00295000 -0.00145000 0.00786700
v -0.00295000 -0.00145000 0.00786700
v -0.00295000 -0.00145000 0.00786700
v -0.00295000 -0.00145000 0.00786700
v -0.00595000 -0.00090700 0.00491700
v -0.00595000 -0.00090700 0.00491700
v -0.00595000 -0.00090700 0.00491700
v -0.00595000 -0.00090700 0.00491700
v -0.00295000 0.00132800 0.00788900
v -0.00295000 0.00132800 0.00788900
v -0.00295000 0.00132800 0.00788900
v -0.00295000 0.00132800 0.00788900
v -0.00295000 0.00132800 0.00788900
v -0.00595000 0.00083000 0.00493100
v -0.00595000 0.00083000 0.00493100
v -0.00595000 0.00083000 0.00493100
v -0.00595000 0.00083000 0.00493100
v -0.00595000 0.00107500 0.00488300
v -0.00595000 0.00107500 0.00488300
v -0.00595000 0.00107500 0.00488300
v -0.00595000 0.00107500 0.00488300
v -0.00595000 0.00380500 0.00324400
v -0.00595000 0.00380500 0.00324400
v -0.00595000 0.00380500 0.00324400
v -0.00595000 0.00380500 0.00324400
v -0.00595000 0.00380500 0.00324400
v -0.00595000 0.00380500 0.00324400
v -0.00295000 0.00608800 0.00519000
v -0.00295000 0.00608800 0.00519000
v -0.00295000 0.00608800 0.00519000
v -0.00295000 0.00608800 0.00519000
v -0.00595000 0.00448800 0.00220400
v -0.00595000 0.00448800 0.00220400
v -0.00595000 0.00448800 0.00220400
v -0.00595000 0.00448800 0.00220400
v -0.00595000 0.00448800 0.00220400
v -0.00295000 0.00749600 0.00279500
v -0.00295000 0.00749600 0.00279500
v -0.00295000 0.00749600 0.00279500
v -0.00295000 0.00749600 0.00279500
v -0.00595000 0.00468500 0.00174700
v -0.00595000 0.00468500 0.00174700
v -0.00595000 0.00468500 0.00174700
v -0.00595000 0.00468500 0.00174700
v -0.00595000 0.00468500 0.00174700
v -0.00295000 0.05253900 0.02091000
v -0.00295000 0.05253900 0.02091000
v -0.00295000 0.05253900 0.02091000
v -0.00265000 0.05283900 0.02091200
v -0.00265000 0.05283900 0.02091200
v -0.00265000 0.05283900 0.02091200
v -0.00265000 0.05283900 0.02091200
v -0.00295000 0.05278000 -0.01011500
v -0.00295000 0.05278000 -0.01011500
v -0.00265000 0.05315800 -0.02008700
v -0.00265000 0.05315800 -0.02008700
v -0.00265000 0.05315800 -0.02008700
v -0.00265000 0.05315800 -0.02008700
v -0.00295000 0.05285800 -0.02008900
v -0.00295000 0.05285800 -0.02008900
v -0.00295000 0.05285800 -0.02008900
v -0.00295000 0.05285800 -0.02008900
v -0.00295000 0.04881000 0.02458100
v -0.00295000 0.04881000 0.02458100
v -0.00295000 0.04881000 0.02458100
v -0.00295000 0.04881000 0.02458100
v -0.00265000 0.04880800 0.02488100
v -0.00265000 0.04880800 0.02488100
v -0.00265000 0.04880800 0.02488100
v -0.00265000 0.04880800 0.02488100
v -0.00265000 0.05081200 0.02436000
v -0.00265000 0.05081200 0.02436000
v -0.00265000 0.05081200 0.02436000
v -0.00265000 0.05081200 0.02436000
v -0.00265000 0.05081200 0.02436000
v -0.00295000 0.05066400 0.02409900
v -0.00295000 0.05066400 0.02409900
v -0.00295000 0.05066400 0.02409900
v -0.00265000 0.05228700 0.02290800
v -0.00265000 0.05228700 0.02290800
v -0.00265000 0.05228700 0.02290800
v -0.00265000 0.05228700 0.02290800
v -0.00295000 0.05202900 0.02275600
v -0.00295000 0.05202900 0.02275600
v -0.00295000 0.05202900 0.02275600
v -0.00265000 -0.04918900 0.02411800
v -0.00265000 -0.04918900 0.02411800
v -0.00265000 -0.04918900 0.02411800
v -0.00265000 -0.04918900 0.02411800
v -0.00265000 -0.04918900 0.02411800
v -0.00295000 -0.04918700 0.02381800
v -0.00295000 -0.04918700 0.02381800
v -0.00295000 -0.04918700 0.02381800
v -0.00295000 -0.05285800 0.02008900
v -0.00295000 -0.05285800 0.02008900
v -0.00295000 -0.05285800 0.02008900
v -0.00295000 -0.05285800 0.02008900
v -0.00265000 -0.05315800 0.02008700
v -0.00265000 -0.05315800 0.02008700
v -0.00265000 -0.05315800 0.02008700
v -0.00265000 -0.05315800 0.02008700
v -0.00265000 -0.05263800 0.02209100
v -0.00265000 -0.05263800 0.02209100
v -0.00265000 -0.05263800 0.02209100
v -0.00265000 -0.05263800 0.02209100
v -0.00265000 -0.05263800 0.02209100
v -0.00295000 -0.05237700 0.02194300
v -0.00295000 -0.05237700 0.02194300
v -0.00295000 -0.05237700 0.02194300
v -0.00295000 -0.05237700 0.02194300
v -0.00265000 -0.05118500 0.02356600
v -0.00265000 -0.05118500 0.02356600
v -0.00265000 -0.05118500 0.02356600
v -0.00265000 -0.05118500 0.02356600
v -0.00265000 -0.05118500 0.02356600
v -0.00295000 -0.05103300 0.02330800
v -0.00295000 -0.05103300 0.02330800
v -0.00295000 -0.05103300 0.02330800
v -0.00295000 -0.05103300 0.02330800
v -0.00295000 -0.05253900 -0.02091000
v -0.00295000 -0.05253900 -0.02091000
v -0.00295000 -0.05253900 -0.02091000
v -0.00265000 -0.05283900 -0.02091200
v -0.00265000 -0.05283900 -0.02091200
v -0.00265000 -0.05283900 -0.02091200
v -0.00265000 -0.05283900 -0.02091200
v -0.00295000 -0.05261600 -0.01093500
v -0.00295000 -0.05261600 -0.01093500
v -0.00295000 -0.04881000 -0.02458100
v -0.00295000 -0.04881000 -0.02458100
v -0.00295000 -0.04881000 -0.02458100
v -0.00265000 -0.04880800 -0.02488100
v -0.00265000 -0.04880800 -0.02488100
v -0.00265000 -0.04880800 -0.02488100
v -0.00265000 -0.04880800 -0.02488100
v -0.00265000 -0.05081200 -0.02436000
v -0.00265000 -0.05081200 -0.02436000
v -0.00265000 -0.05081200 -0.02436000
v -0.00265000 -0.05081200 -0.02436000
v -0.00295000 -0.05066400 -0.02409900
v -0.00295000 -0.05066400 -0.02409900
v -0.00295000 -0.05066400 -0.02409900
v -0.00265000 -0.05228700 -0.02290800
v -0.00265000 -0.05228700 -0.02290800
v -0.00265000 -0.05228700 -0.02290800
v -0.00265000 -0.05228700 -0.02290800
v -0.00295000 -0.05202900 -0.02275600
v -0.00295000 -0.05202900 -0.02275600
v -0.00295000 -0.05202900 -0.02275600
v -0.00265000 0.04918900 -0.02411800
v -0.00265000 0.04918900 -0.02411800
v -0.00265000 0.04918900 -0.02411800
v -0.00265000 0.04918900 -0.02411800
v -0.00265000 0.04918900 -0.02411800
v -0.00295000 0.04918700 -0.02381800
v -0.00295000 0.04918700 -0.02381800
v -0.00295000 0.04918700 -0.02381800
v -0.00265000 0.05263800 -0.02209100
v -0.00265000 0.05263800 -0.02209100
v -0.00265000 0.05263800 -0.02209100
v -0.00265000 0.05263800 -0.02209100
v -0.00265000 0.05263800 -0.02209100
v -0.00295000 0.05237700 -0.02194300
v -0.00295000 0.05237700 -0.02194300
v -0.00295000 0.05237700 -0.02194300
v -0.00295000 0.05237700 -0.02194300
v -0.00265000 0.05118500 -0.02356600
v -0.00265000 0.05118500 -0.02356600
v -0.00265000 0.05118500 -0.02356600
v -0.00265000 0.05118500 -0.02356600
v -0.00265000 0.05118500 -0.02356600
v -0.00295000 0.05103300 -0.02330800
v -0.00295000 0.05103300 -0.02330800
v -0.00295000 0.05103300 -0.02330800
v -0.00295000 0.05103300 -0.02330800
v -0.00295000 0.05199000 -0.01437400
v -0.00295000 0.05199000 -0.01437400
v -0.00295000 0.05199000 -0.01437400
v -0.00295000 0.05199000 -0.01437400
v -0.00265000 0.05171400 -0.01449100
v -0.00265000 0.05171400 -0.01449100
v -0.00265000 0.05171400 -0.01449100
v -0.00265000 0.05171400 -0.01449100
v -0.00265000 0.05171400 -0.01449100
v -0.00265000 0.05156700 -0.01419900
v -0.00265000 0.05156700 -0.01419900
v -0.00265000 0.05156700 -0.01419900
v -0.00265000 0.05156700 -0.01419900
v -0.00265000 0.05156700 -0.01419900
v -0.00295000 0.05137600 -0.01347100
v -0.00295000 0.05137600 -0.01347100
v -0.00295000 0.05137600 -0.01347100
v -0.00295000 0.05137600 -0.01347100
v -0.00265000 0.05116600 -0.01368400
v -0.00265000 0.05116600 -0.01368400
v -0.00265000 0.05116600 -0.01368400
v -0.00265000 0.05116600 -0.01368400
v -0.00265000 0.05116600 -0.01368400
v -0.00265000 0.05116600 -0.01368400
v -0.00295000 0.05046300 -0.01287100
v -0.00295000 0.05046300 -0.01287100
v -0.00295000 0.05046300 -0.01287100
v -0.00295000 0.05046300 -0.01287100
v -0.00295000 0.05046300 -0.01287100
v -0.00265000 0.04939200 -0.01296600
v -0.00265000 0.04939200 -0.01296600
v -0.00265000 0.04939200 -0.01296600
v -0.00265000 0.04939200 -0.01296600
v -0.00295000 0.04939000 -0.01266600
v -0.00295000 0.04939000 -0.01266600
v -0.00295000 0.04939000 -0.01266600
v -0.00265000 0.05035100 -0.01314900
v -0.00265000 0.05035100 -0.01314900
v -0.00265000 0.05035100 -0.01314900
v -0.00265000 0.05035100 -0.01314900
v -0.00265000 0.05035100 -0.01314900
v -0.00265000 0.05064500 -0.01329100
v -0.00265000 0.05064500 -0.01329100
v -0.00265000 0.05064500 -0.01329100
v -0.00265000 0.05064500 -0.01329100
v -0.00265000 0.05175400 -0.01960500
v -0.00265000 0.05175400 -0.01960500
v -0.00265000 0.05175400 -0.01960500
v -0.00265000 0.05175400 -0.01960500
v -0.00295000 0.05203200 -0.01971700
v -0.00295000 0.05203200 -0.01971700
v -0.00295000 0.05203200 -0.01971700
v -0.00265000 0.05121800 -0.02042000
v -0.00265000 0.05121800 -0.02042000
v -0.00265000 0.05121800 -0.02042000
v -0.00265000 0.05121800 -0.02042000
v -0.00295000 0.05143200 -0.02063000
v -0.00295000 0.05143200 -0.02063000
v -0.00295000 0.05143200 -0.02063000
v -0.00265000 0.05041100 -0.02096800
v -0.00265000 0.05041100 -0.02096800
v -0.00265000 0.05041100 -0.02096800
v -0.00265000 0.05041100 -0.02096800
v -0.00295000 0.05052800 -0.02124400
v -0.00295000 0.05052800 -0.02124400
v -0.00295000 0.05052800 -0.02124400
v -0.00265000 0.04945600 -0.02116600
v -0.00265000 0.04945600 -0.02116600
v -0.00265000 0.04945600 -0.02116600
v -0.00265000 0.04945600 -0.02116600
v -0.00295000 0.04945900 -0.02146600
v -0.00295000 0.04945900 -0.02146600
v -0.00295000 0.04945900 -0.02146600
v -0.00120000 0.05193700 -0.01864600
v -0.00120000 0.05193700 -0.01864600
v -0.00120000 0.05193700 -0.01864600
v -0.00120000 0.05191200 -0.01544600
v -0.00120000 0.05191200 -0.01544600
v -0.00120000 0.05191200 -0.01544600
v -0.00120000 0.05191200 -0.01544600
v -0.00295000 -0.05052800 0.02124400
v -0.00295000 -0.05052800 0.02124400
v -0.00295000 -0.05052800 0.02124400
v -0.00295000 -0.05052800 0.02124400
v -0.00295000 -0.04945900 0.02146600
v -0.00295000 -0.04945900 0.02146600
v -0.00295000 -0.04945900 0.02146600
v -0.00265000 -0.04945600 0.02116600
v -0.00265000 -0.04945600 0.02116600
v -0.00265000 -0.04945600 0.02116600
v -0.00265000 -0.04945600 0.02116600
v -0.00265000 -0.05041100 0.02096800
v -0.00265000 -0.05041100 0.02096800
v -0.00265000 -0.05041100 0.02096800
v -0.00265000 -0.05041100 0.02096800
v -0.00265000 -0.05041100 0.02096800
v -0.00265000 -0.05070400 0.02082100
v -0.00265000 -0.05070400 0.02082100
v -0.00265000 -0.05070400 0.02082100
v -0.00265000 -0.05070400 0.02082100
v -0.00265000 -0.05070400 0.02082100
v -0.00295000 -0.05143200 0.02063000
v -0.00295000 -0.05143200 0.02063000
v -0.00295000 -0.05143200 0.02063000
v -0.00295000 -0.05143200 0.02063000
v -0.00265000 -0.05121800 0.02042000
v -0.00265000 -0.05121800 0.02042000
v -0.00265000 -0.05121800 0.02042000
v -0.00265000 -0.05121800 0.02042000
v -0.00265000 -0.05121800 0.02042000
v -0.00265000 -0.05121800 0.02042000
v -0.00295000 -0.05203200 0.01971700
v -0.00295000 -0.05203200 0.01971700
v -0.00295000 -0.05203200 0.01971700
v -0.00295000 -0.05203200 0.01971700
v -0.00295000 -0.05203200 0.01971700
v -0.00265000 -0.05175400 0.01960500
v -0.00265000 -0.05175400 0.01960500
v -0.00265000 -0.05175400 0.01960500
v -0.00265000 -0.05175400 0.01960500
v -0.00265000 -0.05175400 0.01960500
v -0.00265000 -0.05161100 0.01989900
v -0.00265000 -0.05161100 0.01989900
v -0.00265000 -0.05161100 0.01989900
v -0.00265000 -0.05161100 0.01989900
v -0.00120000 -0.05193700 0.01864600
v -0.00120000 -0.05193700 0.01864600
v -0.00120000 -0.05193700 0.01864600
v -0.00120000 -0.05193700 0.01864600
v -0.00120000 -0.05191200 0.01544600
v -0.00120000 -0.05191200 0.01544600
v -0.00120000 -0.05191200 0.01544600
v -0.00120000 -0.05191200 0.01544600
v -0.00295000 -0.05199000 0.01437400
v -0.00295000 -0.05199000 0.01437400
v -0.00295000 -0.05199000 0.01437400
v -0.00295000 -0.05199000 0.01437400
v -0.00265000 -0.05171400 0.01449100
v -0.00265000 -0.05171400 0.01449100
v -0.00265000 -0.05171400 0.01449100
v -0.00265000 -0.05171400 0.01449100
v -0.00265000 -0.05171400 0.01449100
v -0.00265000 -0.05156700 0.01419900
v -0.00265000 -0.05156700 0.01419900
v -0.00265000 -0.05156700 0.01419900
v -0.00265000 -0.05156700 0.01419900
v -0.00265000 -0.05156700 0.01419900
v -0.00295000 -0.05137600 0.01347100
v -0.00295000 -0.05137600 0.01347100
v -0.00295000 -0.05137600 0.01347100
v -0.00295000 -0.05137600 0.01347100
v -0.00265000 -0.05116600 0.01368400
v -0.00265000 -0.05116600 0.01368400
v -0.00265000 -0.05116600 0.01368400
v -0.00265000 -0.05116600 0.01368400
v -0.00265000 -0.05116600 0.01368400
v -0.00265000 -0.05116600 0.01368400
v -0.00295000 -0.05046300 0.01287100
v -0.00295000 -0.05046300 0.01287100
v -0.00295000 -0.05046300 0.01287100
v -0.00295000 -0.05046300 0.01287100
v -0.00295000 -0.05046300 0.01287100
v -0.00265000 -0.04939200 0.01296600
v -0.00265000 -0.04939200 0.01296600
v -0.00265000 -0.04939200 0.01296600
v -0.00265000 -0.04939200 0.01296600
v -0.00295000 -0.04939000 0.01266600
v -0.00295000 -0.04939000 0.01266600
v -0.00295000 -0.04939000 0.01266600
v -0.00265000 -0.05035100 0.01314900
v -0.00265000 -0.05035100 0.01314900
v -0.00265000 -0.05035100 0.01314900
v -0.00265000 -0.05035100 0.01314900
v -0.00265000 -0.05035100 0.01314900
v -0.00265000 -0.05064500 0.01329100
v -0.00265000 -0.05064500 0.01329100
v -0.00265000 -0.05064500 0.01329100
v -0.00265000 -0.05064500 0.01329100
v -0.00795000 0.03499900 0.00027200
v -0.00795000 0.03499900 0.00027200
v -0.00795000 0.03499900 0.00027200
v -0.00795000 0.03499900 0.00027200
v -0.00795000 0.03499900 0.00027200
v -0.00795000 0.03547700 0.00244600
v -0.00795000 0.03547700 0.00244600
v -0.00795000 0.03547700 0.00244600
v -0.00795000 0.03547700 0.00244600
v -0.00795000 0.03547700 0.00244600
v -0.00795000 0.03685100 0.00419600
v -0.00795000 0.03685100 0.00419600
v -0.00795000 0.03685100 0.00419600
v -0.00795000 0.03685100 0.00419600
v -0.00795000 0.03685100 0.00419600
v -0.00795000 0.03884800 0.00517700
v -0.00795000 0.03884800 0.00517700
v -0.00795000 0.03884800 0.00517700
v -0.00795000 0.03884800 0.00517700
v -0.00795000 0.03884800 0.00517700
v -0.00795000 0.04107300 0.00519400
v -0.00795000 0.04107300 0.00519400
v -0.00795000 0.04107300 0.00519400
v -0.00795000 0.04107300 0.00519400
v -0.00795000 0.04107300 0.00519400
v -0.00795000 0.04308600 0.00424500
v -0.00795000 0.04308600 0.00424500
v -0.00795000 0.04308600 0.00424500
v -0.00795000 0.04308600 0.00424500
v -0.00795000 0.04308600 0.00424500
v -0.00795000 0.04448700 0.00251600
v -0.00795000 0.04448700 0.00251600
v -0.00795000 0.04448700 0.00251600
v -0.00795000 0.04448700 0.00251600
v -0.00795000 0.04448700 0.00251600
v -0.00795000 0.04499900 0.00035000
v -0.00795000 0.04499900 0.00035000
v -0.00795000 0.04499900 0.00035000
v -0.00795000 0.04499900 0.00035000
v -0.00795000 0.04499900 0.00035000
v -0.00795000 0.04452000 -0.00182300
v -0.00795000 0.04452000 -0.00182300
v -0.00795000 0.04452000 -0.00182300
v -0.00795000 0.04452000 -0.00182300
v -0.00795000 0.04452000 -0.00182300
v -0.00795000 0.04314700 -0.00357300
v -0.00795000 0.04314700 -0.00357300
v -0.00795000 0.04314700 -0.00357300
v -0.00795000 0.04314700 -0.00357300
v -0.00795000 0.04314700 -0.00357300
v -0.00795000 0.04114900 -0.00455500
v -0.00795000 0.04114900 -0.00455500
v -0.00795000 0.04114900 -0.00455500
v -0.00795000 0.04114900 -0.00455500
v -0.00795000 0.04114900 -0.00455500
v -0.00795000 0.03892400 -0.00457200
v -0.00795000 0.03892400 -0.00457200
v -0.00795000 0.03892400 -0.00457200
v -0.00795000 0.03892400 -0.00457200
v -0.00795000 0.03892400 -0.00457200
v -0.00795000 0.03691200 -0.00362200
v -0.00795000 0.03691200 -0.00362200
v -0.00795000 0.03691200 -0.00362200
v -0.00795000 0.03691200 -0.00362200
v -0.00795000 0.03691200 -0.00362200
v -0.00795000 0.03551100 -0.00189300
v -0.00795000 0.03551100 -0.00189300
v -0.00795000 0.03551100 -0.00189300
v -0.00795000 0.03551100 -0.00189300
v -0.00795000 0.03551100 -0.00189300
v -0.00795000 -0.00500000 -0.00003900
v -0.00795000 -0.00500000 -0.00003900
v -0.00795000 -0.00500000 -0.00003900
v -0.00795000 -0.00500000 -0.00003900
v -0.00795000 -0.00500000 -0.00003900
v -0.00795000 -0.00452200 0.00213400
v -0.00795000 -0.00452200 0.00213400
v -0.00795000 -0.00452200 0.00213400
v -0.00795000 -0.00452200 0.00213400
v -0.00795000 -0.00452200 0.00213400
v -0.00795000 -0.00314800 0.00388500
v -0.00795000 -0.00314800 0.00388500
v -0.00795000 -0.00314800 0.00388500
v -0.00795000 -0.00314800 0.00388500
v -0.00795000 -0.00314800 0.00388500
v -0.00795000 -0.00115100 0.00486600
v -0.00795000 -0.00115100 0.00486600
v -0.00795000 -0.00115100 0.00486600
v -0.00795000 -0.00115100 0.00486600
v -0.00795000 -0.00115100 0.00486600
v -0.00795000 0.00107500 0.00488300
v -0.00795000 0.00107500 0.00488300
v -0.00795000 0.00107500 0.00488300
v -0.00795000 0.00107500 0.00488300
v -0.00795000 0.00107500 0.00488300
v -0.00795000 0.00308700 0.00393300
v -0.00795000 0.00308700 0.00393300
v -0.00795000 0.00308700 0.00393300
v -0.00795000 0.00308700 0.00393300
v -0.00795000 0.00308700 0.00393300
v -0.00795000 0.00448800 0.00220400
v -0.00795000 0.00448800 0.00220400
v -0.00795000 0.00448800 0.00220400
v -0.00795000 0.00448800 0.00220400
v -0.00795000 0.00448800 0.00220400
v -0.00795000 0.00500000 0.00003900
v -0.00795000 0.00500000 0.00003900
v -0.00795000 0.00500000 0.00003900
v -0.00795000 0.00500000 0.00003900
v -0.00795000 0.00500000 0.00003900
v -0.00795000 0.00452200 -0.00213400
v -0.00795000 0.00452200 -0.00213400
v -0.00795000 0.00452200 -0.00213400
v -0.00795000 0.00452200 -0.00213400
v -0.00795000 0.00452200 -0.00213400
v -0.00795000 0.00314800 -0.00388500
v -0.00795000 0.00314800 -0.00388500
v -0.00795000 0.00314800 -0.00388500
v -0.00795000 0.00314800 -0.00388500
v -0.00795000 0.00314800 -0.00388500
v -0.00795000 0.00115100 -0.00486600
v -0.00795000 0.00115100 -0.00486600
v -0.00795000 0.00115100 -0.00486600
v -0.00795000 0.00115100 -0.00486600
v -0.00795000 0.00115100 -0.00486600
v -0.00795000 -0.00107500 -0.00488300
v -0.00795000 -0.00107500 -0.00488300
v -0.00795000 -0.00107500 -0.00488300
v -0.00795000 -0.00107500 -0.00488300
v -0.00795000 -0.00107500 -0.00488300
v -0.00795000 -0.00308700 -0.00393300
v -0.00795000 -0.00308700 -0.00393300
v -0.00795000 -0.00308700 -0.00393300
v -0.00795000 -0.00308700 -0.00393300
v -0.00795000 -0.00308700 -0.00393300
v -0.00795000 -0.00448800 -0.00220400
v -0.00795000 -0.00448800 -0.00220400
v -0.00795000 -0.00448800 -0.00220400
v -0.00795000 -0.00448800 -0.00220400
v -0.00795000 -0.00448800 -0.00220400
v -0.00200000 0.05283900 0.02091200
v -0.00200000 0.05283900 0.02091200
v -0.00200000 0.05283900 0.02091200
v -0.00200000 0.05315800 -0.02008700
v -0.00200000 0.05315800 -0.02008700
v -0.00200000 0.05315800 -0.02008700
v -0.00200000 0.05263800 -0.02209100
v -0.00200000 0.05263800 -0.02209100
v -0.00200000 0.05263800 -0.02209100
v -0.00200000 0.05118500 -0.02356600
v -0.00200000 0.05118500 -0.02356600
v -0.00200000 0.05118500 -0.02356600
v -0.00200000 0.04918900 -0.02411800
v -0.00200000 0.04918900 -0.02411800
v -0.00200000 0.04918900 -0.02411800
v -0.00200000 -0.04880800 -0.02488100
v -0.00200000 -0.04880800 -0.02488100
v -0.00200000 -0.04880800 -0.02488100
v -0.00200000 -0.05081200 -0.02436000
v -0.00200000 -0.05081200 -0.02436000
v -0.00200000 -0.05081200 -0.02436000
v -0.00200000 -0.05228700 -0.02290800
v -0.00200000 -0.05228700 -0.02290800
v -0.00200000 -0.05228700 -0.02290800
v -0.00200000 -0.05283900 -0.02091200
v -0.00200000 -0.05283900 -0.02091200
v -0.00200000 -0.05283900 -0.02091200
v -0.00200000 -0.05315800 0.02008700
v -0.00200000 -0.05315800 0.02008700
v -0.00200000 -0.05315800 0.02008700
v -0.00200000 -0.05263800 0.02209100
v -0.00200000 -0.05263800 0.02209100
v -0.00200000 -0.05263800 0.02209100
v -0.00200000 -0.05118500 0.02356600
v -0.00200000 -0.05118500 0.02356600
v -0.00200000 -0.05118500 0.02356600
v -0.00200000 -0.04918900 0.02411800
v -0.00200000 -0.04918900 0.02411800
v -0.00200000 -0.04918900 0.02411800
v -0.00200000 0.04880800 0.02488100
v -0.00200000 0.04880800 0.02488100
v -0.00200000 0.04880800 0.02488100
v -0.00200000 0.05081200 0.02436000
v -0.00200000 0.05081200 0.02436000
v -0.00200000 0.05081200 0.02436000
v -0.00200000 0.05228700 0.02290800
v -0.00200000 0.05228700 0.02290800
v -0.00200000 0.05228700 0.02290800
v -0.00295000 0.05025700 0.01365500
v -0.00295000 0.05025700 0.01365500
v -0.00295000 0.05025700 0.01365500
v -0.00295000 0.05116000 0.01426900
v -0.00295000 0.05116000 0.01426900
v -0.00295000 0.05116000 0.01426900
v -0.00295000 0.05176000 0.01518200
v -0.00295000 0.05176000 0.01518200
v -0.00295000 0.05176000 0.01518200
v -0.00295000 0.05196500 0.01625500
v -0.00295000 0.05196500 0.01625500
v -0.00295000 0.05196500 0.01625500
v -0.00295000 0.05194000 0.01945500
v -0.00295000 0.05194000 0.01945500
v -0.00295000 0.05194000 0.01945500
v -0.00295000 0.05171900 0.02052500
v -0.00295000 0.05171900 0.02052500
v -0.00295000 0.05171900 0.02052500
v -0.00295000 0.05110500 0.02142800
v -0.00295000 0.05110500 0.02142800
v -0.00295000 0.05110500 0.02142800
v -0.00295000 0.05019200 0.02202800
v -0.00295000 0.05019200 0.02202800
v -0.00295000 0.05019200 0.02202800
v -0.00295000 0.04911800 0.02223300
v -0.00295000 0.04911800 0.02223300
v -0.00295000 0.04911800 0.02223300
v -0.00295000 0.05012500 -0.01013500
v -0.00295000 -0.03383100 -0.00540600
v -0.00295000 -0.03383100 -0.00540600
v -0.00295000 -0.03383100 -0.00540600
v -0.00295000 -0.03383100 -0.00540600
v -0.00295000 -0.03246000 -0.00298900
v -0.00295000 -0.03246000 -0.00298900
v -0.00295000 -0.03246000 -0.00298900
v -0.00295000 -0.03246000 -0.00298900
v -0.00295000 -0.03246000 -0.00298900
v -0.00295000 -0.03199900 -0.00024900
v -0.00295000 -0.03199900 -0.00024900
v -0.00295000 -0.03199900 -0.00024900
v -0.00295000 -0.03250300 0.00248300
v -0.00295000 -0.03250300 0.00248300
v -0.00295000 -0.03250300 0.00248300
v -0.00295000 -0.03250300 0.00248300
v -0.00295000 -0.03391100 0.00487900
v -0.00295000 -0.03391100 0.00487900
v -0.00295000 -0.03391100 0.00487900
v -0.00295000 -0.03391100 0.00487900
v -0.00295000 -0.04608700 -0.00550100
v -0.00295000 -0.04608700 -0.00550100
v -0.00295000 -0.04608700 -0.00550100
v -0.00295000 -0.04608700 -0.00550100
v -0.00295000 -0.04749500 -0.00310600
v -0.00295000 -0.04749500 -0.00310600
v -0.00295000 -0.04749500 -0.00310600
v -0.00295000 -0.04749500 -0.00310600
v -0.00295000 -0.04799900 -0.00037400
v -0.00295000 -0.04799900 -0.00037400
v -0.00295000 -0.04799900 -0.00037400
v -0.00295000 -0.04394500 -0.00727000
v -0.00295000 -0.04394500 -0.00727000
v -0.00295000 -0.04394500 -0.00727000
v -0.00295000 -0.04394500 -0.00727000
v -0.00295000 -0.04394500 -0.00727000
v -0.00295000 -0.04132700 -0.00820000
v -0.00295000 -0.04132700 -0.00820000
v -0.00295000 -0.04132700 -0.00820000
v -0.00295000 -0.04132700 -0.00820000
v -0.00295000 -0.04132700 -0.00820000
v -0.00295000 -0.03854800 -0.00817900
v -0.00295000 -0.03854800 -0.00817900
v -0.00295000 -0.03854800 -0.00817900
v -0.00295000 -0.03854800 -0.00817900
v -0.00295000 -0.04405300 0.00658600
v -0.00295000 -0.04405300 0.00658600
v -0.00295000 -0.04405300 0.00658600
v -0.00295000 -0.04405300 0.00658600
v -0.00295000 -0.04405300 0.00658600
v -0.00295000 -0.04616700 0.00478300
v -0.00295000 -0.04616700 0.00478300
v -0.00295000 -0.04616700 0.00478300
v -0.00295000 -0.04616700 0.00478300
v -0.00295000 -0.04753700 0.00236600
v -0.00295000 -0.04753700 0.00236600
v -0.00295000 -0.04753700 0.00236600
v -0.00295000 -0.04753700 0.00236600
v -0.00295000 -0.04753700 0.00236600
v -0.00295000 -0.03605300 0.00664800
v -0.00295000 -0.03605300 0.00664800
v -0.00295000 -0.03605300 0.00664800
v -0.00295000 -0.03605300 0.00664800
v -0.00295000 -0.03605300 0.00664800
v -0.00295000 -0.03867100 0.00757800
v -0.00295000 -0.03867100 0.00757800
v -0.00295000 -0.03867100 0.00757800
v -0.00295000 -0.03867100 0.00757800
v -0.00295000 -0.03867100 0.00757800
v -0.00295000 -0.04144900 0.00755600
v -0.00295000 -0.04144900 0.00755600
v -0.00295000 -0.04144900 0.00755600
v -0.00295000 -0.04144900 0.00755600
v -0.00295000 -0.03594500 -0.00720800
v -0.00295000 -0.03594500 -0.00720800
v -0.00295000 -0.03594500 -0.00720800
v -0.00295000 -0.03594500 -0.00720800
v -0.00295000 -0.03594500 -0.00720800
v -0.00295000 0.04918700 0.01343300
v -0.00295000 0.04918700 0.01343300
v -0.00295000 0.04918700 0.01343300
v -0.00295000 -0.05025700 -0.01365500
v -0.00295000 -0.05025700 -0.01365500
v -0.00295000 -0.05025700 -0.01365500
v -0.00295000 -0.05025700 -0.01365500
v -0.00295000 -0.05116000 -0.01426900
v -0.00295000 -0.05116000 -0.01426900
v -0.00295000 -0.05116000 -0.01426900
v -0.00295000 -0.05116000 -0.01426900
v -0.00295000 -0.05176000 -0.01518200
v -0.00295000 -0.05176000 -0.01518200
v -0.00295000 -0.05176000 -0.01518200
v -0.00295000 -0.05176000 -0.01518200
v -0.00295000 -0.05176000 -0.01518200
v -0.00295000 -0.05196500 -0.01625500
v -0.00295000 -0.05196500 -0.01625500
v -0.00295000 -0.05196500 -0.01625500
v -0.00295000 -0.04918700 -0.01343300
v -0.00295000 -0.04918700 -0.01343300
v -0.00295000 -0.04918700 -0.01343300
v -0.00295000 -0.05194000 -0.01945500
v -0.00295000 -0.05194000 -0.01945500
v -0.00295000 -0.05194000 -0.01945500
v -0.00295000 -0.05171900 -0.02052500
v -0.00295000 -0.05171900 -0.02052500
v -0.00295000 -0.05171900 -0.02052500
v -0.00295000 -0.05171900 -0.02052500
v -0.00295000 -0.05110500 -0.02142800
v -0.00295000 -0.05110500 -0.02142800
v -0.00295000 -0.05110500 -0.02142800
v -0.00295000 -0.05110500 -0.02142800
v -0.00295000 -0.05019200 -0.02202800
v -0.00295000 -0.05019200 -0.02202800
v -0.00295000 -0.05019200 -0.02202800
v -0.00295000 -0.05019200 -0.02202800
v -0.00295000 -0.05019200 -0.02202800
v -0.00295000 -0.04911800 -0.02223300
v -0.00295000 -0.04911800 -0.02223300
v -0.00295000 -0.04911800 -0.02223300
v -0.00120000 0.04939200 -0.01296600
v -0.00120000 0.04939200 -0.01296600
v -0.00120000 0.04939200 -0.01296600
v -0.00120000 0.04939200 -0.01296600
v -0.00120000 0.05064500 -0.01329100
v -0.00120000 0.05064500 -0.01329100
v -0.00120000 0.05064500 -0.01329100
v -0.00120000 0.05064500 -0.01329100
v -0.00120000 0.05064500 -0.01329100
v -0.00120000 0.05156700 -0.01419900
v -0.00120000 0.05156700 -0.01419900
v -0.00120000 0.05156700 -0.01419900
v -0.00120000 0.05156700 -0.01419900
v -0.00120000 0.05156700 -0.01419900
v -0.00265000 -0.04918500 -0.01373300
v -0.00265000 -0.04918500 -0.01373300
v -0.00265000 -0.04918500 -0.01373300
v -0.00265000 -0.04918500 -0.01373300
v -0.00265000 -0.05014000 -0.01393100
v -0.00265000 -0.05014000 -0.01393100
v -0.00265000 -0.05014000 -0.01393100
v -0.00265000 -0.05014000 -0.01393100
v -0.00265000 -0.05043200 -0.01407800
v -0.00265000 -0.05043200 -0.01407800
v -0.00265000 -0.05043200 -0.01407800
v -0.00265000 -0.05043200 -0.01407800
v -0.00265000 -0.05043200 -0.01407800
v -0.00265000 -0.05043200 -0.01407800
v -0.00265000 -0.05094700 -0.01447900
v -0.00265000 -0.05094700 -0.01447900
v -0.00265000 -0.05094700 -0.01447900
v -0.00265000 -0.05094700 -0.01447900
v -0.00265000 -0.05094700 -0.01447900
v -0.00265000 -0.05166500 -0.01625300
v -0.00265000 -0.05166500 -0.01625300
v -0.00265000 -0.05166500 -0.01625300
v -0.00265000 -0.05166500 -0.01625300
v -0.00265000 -0.05148200 -0.01529400
v -0.00265000 -0.05148200 -0.01529400
v -0.00265000 -0.05148200 -0.01529400
v -0.00265000 -0.05148200 -0.01529400
v -0.00265000 -0.05134000 -0.01500000
v -0.00265000 -0.05134000 -0.01500000
v -0.00265000 -0.05134000 -0.01500000
v -0.00265000 -0.05134000 -0.01500000
v -0.00265000 -0.05164000 -0.01945200
v -0.00265000 -0.05164000 -0.01945200
v -0.00265000 -0.05164000 -0.01945200
v -0.00265000 -0.05164000 -0.01945200
v -0.00265000 -0.05144200 -0.02040800
v -0.00265000 -0.05144200 -0.02040800
v -0.00265000 -0.05144200 -0.02040800
v -0.00265000 -0.05144200 -0.02040800
v -0.00265000 -0.05129600 -0.02070000
v -0.00265000 -0.05129600 -0.02070000
v -0.00265000 -0.05129600 -0.02070000
v -0.00265000 -0.05129600 -0.02070000
v -0.00265000 -0.05129600 -0.02070000
v -0.00265000 -0.05089400 -0.02121500
v -0.00265000 -0.05089400 -0.02121500
v -0.00265000 -0.05089400 -0.02121500
v -0.00265000 -0.05089400 -0.02121500
v -0.00265000 -0.05089400 -0.02121500
v -0.00265000 -0.04912100 -0.02193300
v -0.00265000 -0.04912100 -0.02193300
v -0.00265000 -0.04912100 -0.02193300
v -0.00265000 -0.04912100 -0.02193300
v -0.00265000 -0.05007900 -0.02175000
v -0.00265000 -0.05007900 -0.02175000
v -0.00265000 -0.05007900 -0.02175000
v -0.00265000 -0.05007900 -0.02175000
v -0.00265000 -0.05037300 -0.02160800
v -0.00265000 -0.05037300 -0.02160800
v -0.00265000 -0.05037300 -0.02160800
v -0.00265000 -0.05037300 -0.02160800
v -0.00120000 0.05175400 -0.01960500
v -0.00120000 0.05175400 -0.01960500
v -0.00120000 0.05175400 -0.01960500
v -0.00120000 0.05175400 -0.01960500
v -0.00120000 0.05121800 -0.02042000
v -0.00120000 0.05121800 -0.02042000
v -0.00120000 0.05121800 -0.02042000
v -0.00120000 0.05041100 -0.02096800
v -0.00120000 0.05041100 -0.02096800
v -0.00120000 0.05041100 -0.02096800
v -0.00120000 0.04945600 -0.02116600
v -0.00120000 0.04945600 -0.02116600
v -0.00120000 0.04945600 -0.02116600
v -0.00120000 0.01310500 -0.01338200
v -0.00120000 0.01310500 -0.01338200
v -0.00120000 0.01310500 -0.01338200
v -0.00120000 0.01310500 -0.01338200
v -0.00120000 0.01310500 -0.01338200
v -0.00120000 0.01310500 -0.01338200
v -0.00120000 0.01260400 -0.01325200
v -0.00120000 0.01260400 -0.01325200
v -0.00120000 0.01260400 -0.01325200
v -0.00120000 0.01260400 -0.01325200
v -0.00120000 0.01316600 -0.02131400
v -0.00120000 0.01316600 -0.02131400
v -0.00120000 0.01316600 -0.02131400
v -0.00120000 0.01316600 -0.02131400
v -0.00120000 0.01316600 -0.02131400
v -0.00120000 0.01352900 -0.02094500
v -0.00120000 0.01352900 -0.02094500
v -0.00120000 0.01352900 -0.02094500
v -0.00120000 0.01352900 -0.02094500
v -0.00120000 0.01352900 -0.02094500
v -0.00120000 0.01366000 -0.02044400
v -0.00120000 0.01366000 -0.02044400
v -0.00120000 0.01366000 -0.02044400
v -0.00120000 0.01366000 -0.02044400
v -0.00120000 0.01361100 -0.01424400
v -0.00120000 0.01361100 -0.01424400
v -0.00120000 0.01361100 -0.01424400
v -0.00120000 0.01347300 -0.01374600
v -0.00120000 0.01347300 -0.01374600
v -0.00120000 0.01347300 -0.01374600
v -0.00120000 0.01347300 -0.01374600
v -0.00120000 0.01347300 -0.01374600
v -0.00120000 0.01266700 -0.02145200
v -0.00120000 0.01266700 -0.02145200
v -0.00120000 0.01266700 -0.02145200
v -0.00120000 0.01266700 -0.02145200
v -0.00265000 0.04912100 0.02193300
v -0.00265000 0.04912100 0.02193300
v -0.00265000 0.04912100 0.02193300
v -0.00265000 0.04912100 0.02193300
v -0.00120000 -0.05161100 0.01989900
v -0.00120000 -0.05161100 0.01989900
v -0.00120000 -0.05161100 0.01989900
v -0.00120000 -0.05161100 0.01989900
v -0.00120000 -0.05161100 0.01989900
v -0.00120000 -0.05070400 0.02082100
v -0.00120000 -0.05070400 0.02082100
v -0.00120000 -0.05070400 0.02082100
v -0.00120000 -0.05070400 0.02082100
v -0.00120000 -0.05070400 0.02082100
v -0.00120000 -0.04945600 0.02116600
v -0.00120000 -0.04945600 0.02116600
v -0.00120000 -0.04945600 0.02116600
v -0.00120000 -0.04945600 0.02116600
v -0.00120000 -0.01361100 0.01424400
v -0.00120000 -0.01361100 0.01424400
v -0.00120000 -0.01361100 0.01424400
v -0.00120000 -0.01347300 0.01374600
v -0.00120000 -0.01347300 0.01374600
v -0.00120000 -0.01347300 0.01374600
v -0.00120000 -0.01347300 0.01374600
v -0.00120000 -0.01347300 0.01374600
v -0.00120000 -0.04939200 0.01296600
v -0.00120000 -0.04939200 0.01296600
v -0.00120000 -0.04939200 0.01296600
v -0.00120000 -0.04939200 0.01296600
v -0.00120000 -0.01310500 0.01338200
v -0.00120000 -0.01310500 0.01338200
v -0.00120000 -0.01310500 0.01338200
v -0.00120000 -0.01310500 0.01338200
v -0.00120000 -0.01310500 0.01338200
v -0.00120000 -0.01310500 0.01338200
v -0.00120000 -0.01260400 0.01325200
v -0.00120000 -0.01260400 0.01325200
v -0.00120000 -0.01260400 0.01325200
v -0.00120000 -0.01260400 0.01325200
v -0.00120000 -0.01266700 0.02145200
v -0.00120000 -0.01266700 0.02145200
v -0.00120000 -0.01266700 0.02145200
v -0.00120000 -0.01316600 0.02131400
v -0.00120000 -0.01316600 0.02131400
v -0.00120000 -0.01316600 0.02131400
v -0.00120000 -0.01352900 0.02094500
v -0.00120000 -0.01352900 0.02094500
v -0.00120000 -0.01352900 0.02094500
v -0.00120000 -0.01366000 0.02044400
v -0.00120000 -0.01366000 0.02044400
v -0.00120000 -0.01366000 0.02044400
v -0.00120000 -0.05064500 0.01329100
v -0.00120000 -0.05064500 0.01329100
v -0.00120000 -0.05064500 0.01329100
v -0.00120000 -0.05064500 0.01329100
v -0.00120000 -0.05064500 0.01329100
v -0.00120000 -0.05156700 0.01419900
v -0.00120000 -0.05156700 0.01419900
v -0.00120000 -0.05156700 0.01419900
v -0.00120000 -0.05156700 0.01419900
v -0.00120000 -0.05156700 0.01419900
v -0.00265000 0.04918500 0.01373300
v -0.00265000 0.04918500 0.01373300
v -0.00265000 0.04918500 0.01373300
v -0.00265000 0.04918500 0.01373300
v -0.00265000 0.04918500 0.01373300
v -0.00265000 0.05166500 0.01625300
v -0.00265000 0.05166500 0.01625300
v -0.00265000 0.05166500 0.01625300
v -0.00265000 0.05166500 0.01625300
v -0.00265000 0.05148200 0.01529400
v -0.00265000 0.05148200 0.01529400
v -0.00265000 0.05148200 0.01529400
v -0.00265000 0.05148200 0.01529400
v -0.00265000 0.05148200 0.01529400
v -0.00265000 0.05094700 0.01447900
v -0.00265000 0.05094700 0.01447900
v -0.00265000 0.05094700 0.01447900
v -0.00265000 0.05094700 0.01447900
v -0.00265000 0.05094700 0.01447900
v -0.00265000 0.05014000 0.01393100
v -0.00265000 0.05014000 0.01393100
v -0.00265000 0.05014000 0.01393100
v -0.00265000 0.05014000 0.01393100
v -0.00265000 0.05014000 0.01393100
v -0.00265000 0.05164000 0.01945200
v -0.00265000 0.05164000 0.01945200
v -0.00265000 0.05164000 0.01945200
v -0.00265000 0.05164000 0.01945200
v -0.00265000 0.05007900 0.02175000
v -0.00265000 0.05007900 0.02175000
v -0.00265000 0.05007900 0.02175000
v -0.00265000 0.05007900 0.02175000
v -0.00265000 0.05089400 0.02121500
v -0.00265000 0.05089400 0.02121500
v -0.00265000 0.05089400 0.02121500
v -0.00265000 0.05089400 0.02121500
v -0.00265000 0.05144200 0.02040800
v -0.00265000 0.05144200 0.02040800
v -0.00265000 0.05144200 0.02040800
v -0.00265000 0.05144200 0.02040800
v -0.00795000 0.03997800 0.00296100
v -0.00795000 0.03997800 0.00296100
v -0.00795000 0.03997800 0.00296100
v -0.00795000 0.03997800 0.00296100
v -0.00795000 0.03997800 0.00296100
v -0.00795000 0.04130600 0.00261700
v -0.00795000 0.04130600 0.00261700
v -0.00795000 0.04130600 0.00261700
v -0.00795000 0.04130600 0.00261700
v -0.00795000 0.04130600 0.00261700
v -0.00795000 0.04228300 0.00165400
v -0.00795000 0.04228300 0.00165400
v -0.00795000 0.04228300 0.00165400
v -0.00795000 0.04228300 0.00165400
v -0.00795000 0.04228300 0.00165400
v -0.00795000 0.04264900 0.00033200
v -0.00795000 0.04264900 0.00033200
v -0.00795000 0.04264900 0.00033200
v -0.00795000 0.04264900 0.00033200
v -0.00795000 0.04264900 0.00033200
v -0.00795000 0.04230400 -0.00099600
v -0.00795000 0.04230400 -0.00099600
v -0.00795000 0.04230400 -0.00099600
v -0.00795000 0.04230400 -0.00099600
v -0.00795000 0.04230400 -0.00099600
v -0.00795000 0.04134200 -0.00197300
v -0.00795000 0.04134200 -0.00197300
v -0.00795000 0.04134200 -0.00197300
v -0.00795000 0.04134200 -0.00197300
v -0.00795000 0.04134200 -0.00197300
v -0.00795000 0.04001900 -0.00233900
v -0.00795000 0.04001900 -0.00233900
v -0.00795000 0.04001900 -0.00233900
v -0.00795000 0.04001900 -0.00233900
v -0.00795000 0.04001900 -0.00233900
v -0.00795000 0.03869200 -0.00199400
v -0.00795000 0.03869200 -0.00199400
v -0.00795000 0.03869200 -0.00199400
v -0.00795000 0.03869200 -0.00199400
v -0.00795000 0.03869200 -0.00199400
v -0.00795000 0.03771400 -0.00103200
v -0.00795000 0.03771400 -0.00103200
v -0.00795000 0.03771400 -0.00103200
v -0.00795000 0.03771400 -0.00103200
v -0.00795000 0.03771400 -0.00103200
v -0.00795000 0.03734900 0.00029100
v -0.00795000 0.03734900 0.00029100
v -0.00795000 0.03734900 0.00029100
v -0.00795000 0.03734900 0.00029100
v -0.00795000 0.03734900 0.00029100
v -0.00795000 0.03769400 0.00161800
v -0.00795000 0.03769400 0.00161800
v -0.00795000 0.03769400 0.00161800
v -0.00795000 0.03769400 0.00161800
v -0.00795000 0.03769400 0.00161800
v -0.00795000 0.03865600 0.00259600
v -0.00795000 0.03865600 0.00259600
v -0.00795000 0.03865600 0.00259600
v -0.00795000 0.03865600 0.00259600
v -0.00795000 0.03865600 0.00259600
v -0.00795000 0.00002100 -0.00265000
v -0.00795000 0.00002100 -0.00265000
v -0.00795000 0.00002100 -0.00265000
v -0.00795000 0.00002100 -0.00265000
v -0.00795000 0.00002100 -0.00265000
v -0.00795000 -0.00130700 -0.00230500
v -0.00795000 -0.00130700 -0.00230500
v -0.00795000 -0.00130700 -0.00230500
v -0.00795000 -0.00130700 -0.00230500
v -0.00795000 -0.00130700 -0.00230500
v -0.00795000 -0.00228500 -0.00134300
v -0.00795000 -0.00228500 -0.00134300
v -0.00795000 -0.00228500 -0.00134300
v -0.00795000 -0.00228500 -0.00134300
v -0.00795000 -0.00228500 -0.00134300
v -0.00795000 -0.00265000 -0.00002100
v -0.00795000 -0.00265000 -0.00002100
v -0.00795000 -0.00265000 -0.00002100
v -0.00795000 -0.00265000 -0.00002100
v -0.00795000 -0.00265000 -0.00002100
v -0.00795000 -0.00230500 0.00130700
v -0.00795000 -0.00230500 0.00130700
v -0.00795000 -0.00230500 0.00130700
v -0.00795000 -0.00230500 0.00130700
v -0.00795000 -0.00230500 0.00130700
v -0.00795000 -0.00134300 0.00228500
v -0.00795000 -0.00134300 0.00228500
v -0.00795000 -0.00134300 0.00228500
v -0.00795000 -0.00134300 0.00228500
v -0.00795000 -0.00134300 0.00228500
v -0.00795000 -0.00002100 0.00265000
v -0.00795000 -0.00002100 0.00265000
v -0.00795000 -0.00002100 0.00265000
v -0.00795000 -0.00002100 0.00265000
v -0.00795000 -0.00002100 0.00265000
v -0.00795000 0.00130700 0.00230500
v -0.00795000 0.00130700 0.00230500
v -0.00795000 0.00130700 0.00230500
v -0.00795000 0.00130700 0.00230500
v -0.00795000 0.00130700 0.00230500
v -0.00795000 0.00228500 0.00134300
v -0.00795000 0.00228500 0.00134300
v -0.00795000 0.00228500 0.00134300
v -0.00795000 0.00228500 0.00134300
v -0.00795000 0.00228500 0.00134300
v -0.00795000 0.00265000 0.00002100
v -0.00795000 0.00265000 0.00002100
v -0.00795000 0.00265000 0.00002100
v -0.00795000 0.00265000 0.00002100
v -0.00795000 0.00265000 0.00002100
v -0.00795000 0.00230500 -0.00130700
v -0.00795000 0.00230500 -0.00130700
v -0.00795000 0.00230500 -0.00130700
v -0.00795000 0.00230500 -0.00130700
v -0.00795000 0.00230500 -0.00130700
v -0.00795000 0.00134300 -0.00228500
v -0.00795000 0.00134300 -0.00228500
v -0.00795000 0.00134300 -0.00228500
v -0.00795000 0.00134300 -0.00228500
v -0.00795000 0.00134300 -0.00228500
v -0.00595000 -0.03691200 0.00362200
v -0.00595000 -0.03691200 0.00362200
v -0.00595000 -0.03691200 0.00362200
v -0.00595000 -0.03691200 0.00362200
v -0.00595000 -0.03753300 0.00403800
v -0.00595000 -0.03753300 0.00403800
v -0.00595000 -0.03753300 0.00403800
v -0.00595000 -0.03753300 0.00403800
v -0.00595000 -0.03753300 0.00403800
v -0.00595000 -0.03753300 0.00403800
v -0.00595000 -0.04452000 0.00182300
v -0.00595000 -0.04452000 0.00182300
v -0.00595000 -0.04452000 0.00182300
v -0.00595000 -0.04452000 0.00182300
v -0.00595000 -0.04471000 0.00136200
v -0.00595000 -0.04471000 0.00136200
v -0.00595000 -0.04471000 0.00136200
v -0.00595000 -0.04471000 0.00136200
v -0.00595000 -0.04471000 0.00136200
v -0.00595000 -0.04499900 -0.00035000
v -0.00595000 -0.04499900 -0.00035000
v -0.00595000 -0.04499900 -0.00035000
v -0.00595000 -0.04499900 -0.00035000
v -0.00595000 -0.04385400 0.00287300
v -0.00595000 -0.04385400 0.00287300
v -0.00595000 -0.04385400 0.00287300
v -0.00595000 -0.04385400 0.00287300
v -0.00595000 -0.04385400 0.00287300
v -0.00595000 -0.04385400 0.00287300
v -0.00595000 -0.04314700 0.00357300
v -0.00595000 -0.04314700 0.00357300
v -0.00595000 -0.04314700 0.00357300
v -0.00595000 -0.04314700 0.00357300
v -0.00595000 -0.04314700 0.00357300
v -0.00595000 -0.04253200 0.00399900
v -0.00595000 -0.04253200 0.00399900
v -0.00595000 -0.04253200 0.00399900
v -0.00595000 -0.04253200 0.00399900
v -0.00595000 -0.04253200 0.00399900
v -0.00595000 -0.04114900 0.00455500
v -0.00595000 -0.04114900 0.00455500
v -0.00595000 -0.04114900 0.00455500
v -0.00595000 -0.04114900 0.00455500
v -0.00595000 -0.04114900 0.00455500
v -0.00595000 -0.04090500 0.00460600
v -0.00595000 -0.04090500 0.00460600
v -0.00595000 -0.04090500 0.00460600
v -0.00595000 -0.04090500 0.00460600
v -0.00595000 -0.03916900 0.00461900
v -0.00595000 -0.03916900 0.00461900
v -0.00595000 -0.03916900 0.00461900
v -0.00595000 -0.03916900 0.00461900
v -0.00595000 -0.03892400 0.00457200
v -0.00595000 -0.03892400 0.00457200
v -0.00595000 -0.03892400 0.00457200
v -0.00595000 -0.03892400 0.00457200
v -0.00595000 -0.03619400 0.00293200
v -0.00595000 -0.03619400 0.00293200
v -0.00595000 -0.03619400 0.00293200
v -0.00595000 -0.03619400 0.00293200
v -0.00595000 -0.03619400 0.00293200
v -0.00595000 -0.03619400 0.00293200
v -0.00595000 -0.03551100 0.00189300
v -0.00595000 -0.03551100 0.00189300
v -0.00595000 -0.03551100 0.00189300
v -0.00595000 -0.03551100 0.00189300
v -0.00595000 -0.03551100 0.00189300
v -0.00595000 -0.03531400 0.00143500
v -0.00595000 -0.03531400 0.00143500
v -0.00595000 -0.03531400 0.00143500
v -0.00595000 -0.03531400 0.00143500
v -0.00595000 -0.03531400 0.00143500
v -0.00595000 -0.03499900 -0.00027200
v -0.00595000 -0.03499900 -0.00027200
v -0.00595000 -0.03499900 -0.00027200
v -0.00595000 -0.03499900 -0.00027200
v -0.00595000 -0.04308600 -0.00424500
v -0.00595000 -0.04308600 -0.00424500
v -0.00595000 -0.04308600 -0.00424500
v -0.00595000 -0.04308600 -0.00424500
v -0.00595000 -0.04246500 -0.00466100
v -0.00595000 -0.04246500 -0.00466100
v -0.00595000 -0.04246500 -0.00466100
v -0.00595000 -0.04246500 -0.00466100
v -0.00595000 -0.04246500 -0.00466100
v -0.00595000 -0.04246500 -0.00466100
v -0.00595000 -0.03547700 -0.00244600
v -0.00595000 -0.03547700 -0.00244600
v -0.00595000 -0.03547700 -0.00244600
v -0.00595000 -0.03547700 -0.00244600
v -0.00595000 -0.03528700 -0.00198500
v -0.00595000 -0.03528700 -0.00198500
v -0.00595000 -0.03528700 -0.00198500
v -0.00595000 -0.03528700 -0.00198500
v -0.00595000 -0.03528700 -0.00198500
v -0.00595000 -0.03614400 -0.00349500
v -0.00595000 -0.03614400 -0.00349500
v -0.00595000 -0.03614400 -0.00349500
v -0.00595000 -0.03614400 -0.00349500
v -0.00595000 -0.03614400 -0.00349500
v -0.00595000 -0.03614400 -0.00349500
v -0.00595000 -0.03685100 -0.00419600
v -0.00595000 -0.03685100 -0.00419600
v -0.00595000 -0.03685100 -0.00419600
v -0.00595000 -0.03685100 -0.00419600
v -0.00595000 -0.03685100 -0.00419600
v -0.00595000 -0.03746500 -0.00462200
v -0.00595000 -0.03746500 -0.00462200
v -0.00595000 -0.03746500 -0.00462200
v -0.00595000 -0.03746500 -0.00462200
v -0.00595000 -0.03746500 -0.00462200
v -0.00595000 -0.03884800 -0.00517700
v -0.00595000 -0.03884800 -0.00517700
v -0.00595000 -0.03884800 -0.00517700
v -0.00595000 -0.03884800 -0.00517700
v -0.00595000 -0.03884800 -0.00517700
v -0.00595000 -0.03909200 -0.00522800
v -0.00595000 -0.03909200 -0.00522800
v -0.00595000 -0.03909200 -0.00522800
v -0.00595000 -0.03909200 -0.00522800
v -0.00595000 -0.04082900 -0.00524200
v -0.00595000 -0.04082900 -0.00524200
v -0.00595000 -0.04082900 -0.00524200
v -0.00595000 -0.04082900 -0.00524200
v -0.00595000 -0.04107300 -0.00519400
v -0.00595000 -0.04107300 -0.00519400
v -0.00595000 -0.04107300 -0.00519400
v -0.00595000 -0.04107300 -0.00519400
v -0.00595000 -0.04380400 -0.00355500
v -0.00595000 -0.04380400 -0.00355500
v -0.00595000 -0.04380400 -0.00355500
v -0.00595000 -0.04380400 -0.00355500
v -0.00595000 -0.04380400 -0.00355500
v -0.00595000 -0.04380400 -0.00355500
v -0.00595000 -0.04448700 -0.00251600
v -0.00595000 -0.04448700 -0.00251600
v -0.00595000 -0.04448700 -0.00251600
v -0.00595000 -0.04448700 -0.00251600
v -0.00595000 -0.04448700 -0.00251600
v -0.00595000 -0.04468400 -0.00205800
v -0.00595000 -0.04468400 -0.00205800
v -0.00595000 -0.04468400 -0.00205800
v -0.00595000 -0.04468400 -0.00205800
v -0.00595000 -0.04468400 -0.00205800
v -0.00050000 0.01260400 -0.01325200
v -0.00050000 0.01260400 -0.01325200
v -0.00050000 0.01260400 -0.01325200
v -0.00050000 0.01260400 -0.01325200
v -0.00050000 -0.04918500 -0.01373300
v -0.00050000 -0.04918500 -0.01373300
v -0.00050000 -0.04918500 -0.01373300
v -0.00050000 -0.04918500 -0.01373300
v -0.00050000 -0.05166500 -0.01625300
v -0.00050000 -0.05166500 -0.01625300
v -0.00050000 -0.05166500 -0.01625300
v -0.00050000 -0.05166500 -0.01625300
v -0.00050000 -0.05148200 -0.01529400
v -0.00050000 -0.05148200 -0.01529400
v -0.00050000 -0.05148200 -0.01529400
v -0.00050000 -0.05148200 -0.01529400
v -0.00050000 -0.05134000 -0.01500000
v -0.00050000 -0.05134000 -0.01500000
v -0.00050000 -0.05134000 -0.01500000
v -0.00050000 -0.05134000 -0.01500000
v -0.00050000 -0.05134000 -0.01500000
v -0.00050000 -0.05094700 -0.01447900
v -0.00050000 -0.05094700 -0.01447900
v -0.00050000 -0.05094700 -0.01447900
v -0.00050000 -0.05094700 -0.01447900
v -0.00050000 -0.05094700 -0.01447900
v -0.00050000 -0.05043200 -0.01407800
v -0.00050000 -0.05043200 -0.01407800
v -0.00050000 -0.05043200 -0.01407800
v -0.00050000 -0.05043200 -0.01407800
v -0.00050000 -0.05014000 -0.01393100
v -0.00050000 -0.05014000 -0.01393100
v -0.00050000 -0.05014000 -0.01393100
v -0.00050000 -0.05014000 -0.01393100
v -0.00050000 -0.05014000 -0.01393100
v -0.00050000 -0.05164000 -0.01945200
v -0.00050000 -0.05164000 -0.01945200
v -0.00050000 -0.05164000 -0.01945200
v -0.00050000 -0.05164000 -0.01945200
v -0.00050000 -0.04912100 -0.02193300
v -0.00050000 -0.04912100 -0.02193300
v -0.00050000 -0.04912100 -0.02193300
v -0.00050000 -0.04912100 -0.02193300
v -0.00050000 -0.05007900 -0.02175000
v -0.00050000 -0.05007900 -0.02175000
v -0.00050000 -0.05007900 -0.02175000
v -0.00050000 -0.05007900 -0.02175000
v -0.00050000 -0.05037300 -0.02160800
v -0.00050000 -0.05037300 -0.02160800
v -0.00050000 -0.05037300 -0.02160800
v -0.00050000 -0.05037300 -0.02160800
v -0.00050000 -0.05037300 -0.02160800
v -0.00050000 -0.05089400 -0.02121500
v -0.00050000 -0.05089400 -0.02121500
v -0.00050000 -0.05089400 -0.02121500
v -0.00050000 -0.05089400 -0.02121500
v -0.00050000 -0.05089400 -0.02121500
v -0.00050000 -0.05129600 -0.02070000
v -0.00050000 -0.05129600 -0.02070000
v -0.00050000 -0.05129600 -0.02070000
v -0.00050000 -0.05129600 -0.02070000
v -0.00050000 -0.05144200 -0.02040800
v -0.00050000 -0.05144200 -0.02040800
v -0.00050000 -0.05144200 -0.02040800
v -0.00050000 -0.05144200 -0.02040800
v -0.00050000 0.01266700 -0.02145200
v -0.00050000 0.01266700 -0.02145200
v -0.00050000 0.01266700 -0.02145200
v -0.00050000 0.01266700 -0.02145200
v -0.00050000 0.01366000 -0.02044400
v -0.00050000 0.01366000 -0.02044400
v -0.00050000 0.01366000 -0.02044400
v -0.00050000 0.01366000 -0.02044400
v -0.00050000 0.01358600 -0.02082800
v -0.00050000 0.01358600 -0.02082800
v -0.00050000 0.01358600 -0.02082800
v -0.00050000 0.01358600 -0.02082800
v -0.00050000 0.01358600 -0.02082800
v -0.00050000 0.01352900 -0.02094500
v -0.00050000 0.01352900 -0.02094500
v -0.00050000 0.01352900 -0.02094500
v -0.00050000 0.01352900 -0.02094500
v -0.00050000 0.01352900 -0.02094500
v -0.00050000 0.01337200 -0.02115400
v -0.00050000 0.01337200 -0.02115400
v -0.00050000 0.01337200 -0.02115400
v -0.00050000 0.01337200 -0.02115400
v -0.00050000 0.01337200 -0.02115400
v -0.00050000 0.01337200 -0.02115400
v -0.00050000 0.01316600 -0.02131400
v -0.00050000 0.01316600 -0.02131400
v -0.00050000 0.01316600 -0.02131400
v -0.00050000 0.01316600 -0.02131400
v -0.00050000 0.01304900 -0.02137300
v -0.00050000 0.01304900 -0.02137300
v -0.00050000 0.01304900 -0.02137300
v -0.00050000 0.01304900 -0.02137300
v -0.00050000 0.01304900 -0.02137300
v -0.00050000 0.01361100 -0.01424400
v -0.00050000 0.01361100 -0.01424400
v -0.00050000 0.01361100 -0.01424400
v -0.00050000 0.01361100 -0.01424400
v -0.00050000 0.01361100 -0.01424400
v -0.00050000 0.01298700 -0.01332500
v -0.00050000 0.01298700 -0.01332500
v -0.00050000 0.01298700 -0.01332500
v -0.00050000 0.01298700 -0.01332500
v -0.00050000 0.01298700 -0.01332500
v -0.00050000 0.01310500 -0.01338200
v -0.00050000 0.01310500 -0.01338200
v -0.00050000 0.01310500 -0.01338200
v -0.00050000 0.01310500 -0.01338200
v -0.00050000 0.01310500 -0.01338200
v -0.00050000 0.01353200 -0.01386200
v -0.00050000 0.01353200 -0.01386200
v -0.00050000 0.01353200 -0.01386200
v -0.00050000 0.01353200 -0.01386200
v -0.00050000 0.01347300 -0.01374600
v -0.00050000 0.01347300 -0.01374600
v -0.00050000 0.01347300 -0.01374600
v -0.00050000 0.01347300 -0.01374600
v -0.00050000 0.01347300 -0.01374600
v -0.00050000 0.01331300 -0.01354000
v -0.00050000 0.01331300 -0.01354000
v -0.00050000 0.01331300 -0.01354000
v -0.00050000 0.01331300 -0.01354000
v -0.00050000 0.01331300 -0.01354000
v -0.00050000 -0.01266700 0.02145200
v -0.00050000 -0.01266700 0.02145200
v -0.00050000 -0.01266700 0.02145200
v -0.00050000 -0.01266700 0.02145200
v -0.00050000 0.04912100 0.02193300
v -0.00050000 0.04912100 0.02193300
v -0.00050000 0.04912100 0.02193300
v -0.00050000 0.04912100 0.02193300
v -0.00050000 -0.01366000 0.02044400
v -0.00050000 -0.01366000 0.02044400
v -0.00050000 -0.01366000 0.02044400
v -0.00050000 -0.01366000 0.02044400
v -0.00050000 -0.01352900 0.02094500
v -0.00050000 -0.01352900 0.02094500
v -0.00050000 -0.01352900 0.02094500
v -0.00050000 -0.01352900 0.02094500
v -0.00050000 -0.01316600 0.02131400
v -0.00050000 -0.01316600 0.02131400
v -0.00050000 -0.01316600 0.02131400
v -0.00050000 -0.01316600 0.02131400
v -0.00050000 -0.01361100 0.01424400
v -0.00050000 -0.01361100 0.01424400
v -0.00050000 -0.01361100 0.01424400
v -0.00050000 -0.01361100 0.01424400
v -0.00050000 -0.01361100 0.01424400
v -0.00050000 -0.01260400 0.01325200
v -0.00050000 -0.01260400 0.01325200
v -0.00050000 -0.01260400 0.01325200
v -0.00050000 -0.01260400 0.01325200
v -0.00050000 -0.01298700 0.01332500
v -0.00050000 -0.01298700 0.01332500
v -0.00050000 -0.01298700 0.01332500
v -0.00050000 -0.01298700 0.01332500
v -0.00050000 -0.01298700 0.01332500
v -0.00050000 -0.01310500 0.01338200
v -0.00050000 -0.01310500 0.01338200
v -0.00050000 -0.01310500 0.01338200
v -0.00050000 -0.01310500 0.01338200
v -0.00050000 -0.01310500 0.01338200
v -0.00050000 -0.01353200 0.01386200
v -0.00050000 -0.01353200 0.01386200
v -0.00050000 -0.01353200 0.01386200
v -0.00050000 -0.01353200 0.01386200
v -0.00050000 -0.01347300 0.01374600
v -0.00050000 -0.01347300 0.01374600
v -0.00050000 -0.01347300 0.01374600
v -0.00050000 -0.01347300 0.01374600
v -0.00050000 -0.01347300 0.01374600
v -0.00050000 -0.01331300 0.01354000
v -0.00050000 -0.01331300 0.01354000
v -0.00050000 -0.01331300 0.01354000
v -0.00050000 -0.01331300 0.01354000
v -0.00050000 -0.01331300 0.01354000
v -0.00050000 0.04918500 0.01373300
v -0.00050000 0.04918500 0.01373300
v -0.00050000 0.04918500 0.01373300
v -0.00050000 0.04918500 0.01373300
v -0.00050000 0.05166500 0.01625300
v -0.00050000 0.05166500 0.01625300
v -0.00050000 0.05166500 0.01625300
v -0.00050000 0.05166500 0.01625300
v -0.00050000 0.05166500 0.01625300
v -0.00050000 0.05134000 0.01500000
v -0.00050000 0.05134000 0.01500000
v -0.00050000 0.05134000 0.01500000
v -0.00050000 0.05134000 0.01500000
v -0.00050000 0.05134000 0.01500000
v -0.00050000 0.05094700 0.01447900
v -0.00050000 0.05094700 0.01447900
v -0.00050000 0.05094700 0.01447900
v -0.00050000 0.05094700 0.01447900
v -0.00050000 0.05094700 0.01447900
v -0.00050000 0.05094700 0.01447900
v -0.00050000 0.05043200 0.01407800
v -0.00050000 0.05043200 0.01407800
v -0.00050000 0.05043200 0.01407800
v -0.00050000 0.05043200 0.01407800
v -0.00050000 0.05043200 0.01407800
v -0.00050000 0.05164000 0.01945200
v -0.00050000 0.05164000 0.01945200
v -0.00050000 0.05164000 0.01945200
v -0.00050000 0.05164000 0.01945200
v -0.00050000 0.05007900 0.02175000
v -0.00050000 0.05007900 0.02175000
v -0.00050000 0.05007900 0.02175000
v -0.00050000 0.05007900 0.02175000
v -0.00050000 0.05089400 0.02121500
v -0.00050000 0.05089400 0.02121500
v -0.00050000 0.05089400 0.02121500
v -0.00050000 0.05089400 0.02121500
v -0.00050000 0.05089400 0.02121500
v -0.00050000 0.05144200 0.02040800
v -0.00050000 0.05144200 0.02040800
v -0.00050000 0.05144200 0.02040800
v -0.00050000 0.05144200 0.02040800
v -0.00295000 0.03734900 0.00029100
v -0.00295000 0.03734900 0.00029100
v -0.00295000 0.03734900 0.00029100
v -0.00295000 0.03734900 0.00029100
v -0.00295000 0.03762000 -0.00085700
v -0.00295000 0.03762000 -0.00085700
v -0.00295000 0.03762000 -0.00085700
v -0.00295000 0.03762000 -0.00085700
v -0.00295000 0.03762000 -0.00085700
v -0.00295000 0.03771400 -0.00103200
v -0.00295000 0.03771400 -0.00103200
v -0.00295000 0.03771400 -0.00103200
v -0.00295000 0.03771400 -0.00103200
v -0.00295000 0.03836300 -0.00177300
v -0.00295000 0.03836300 -0.00177300
v -0.00295000 0.03836300 -0.00177300
v -0.00295000 0.03836300 -0.00177300
v -0.00295000 0.03836300 -0.00177300
v -0.00295000 0.03836300 -0.00177300
v -0.00295000 0.03869200 -0.00199400
v -0.00295000 0.03869200 -0.00199400
v -0.00295000 0.03869200 -0.00199400
v -0.00295000 0.03869200 -0.00199400
v -0.00295000 0.03942900 -0.00227700
v -0.00295000 0.03942900 -0.00227700
v -0.00295000 0.03942900 -0.00227700
v -0.00295000 0.03942900 -0.00227700
v -0.00295000 0.03942900 -0.00227700
v -0.00295000 0.03942900 -0.00227700
v -0.00295000 0.04001900 -0.00233900
v -0.00295000 0.04001900 -0.00233900
v -0.00295000 0.04001900 -0.00233900
v -0.00295000 0.04001900 -0.00233900
v -0.00295000 0.04060900 -0.00226800
v -0.00295000 0.04060900 -0.00226800
v -0.00295000 0.04060900 -0.00226800
v -0.00295000 0.04060900 -0.00226800
v -0.00295000 0.04060900 -0.00226800
v -0.00295000 0.04060900 -0.00226800
v -0.00295000 0.04134200 -0.00197300
v -0.00295000 0.04134200 -0.00197300
v -0.00295000 0.04134200 -0.00197300
v -0.00295000 0.04134200 -0.00197300
v -0.00295000 0.04134200 -0.00197300
v -0.00295000 0.04166700 -0.00174800
v -0.00295000 0.04166700 -0.00174800
v -0.00295000 0.04166700 -0.00174800
v -0.00295000 0.04166700 -0.00174800
v -0.00295000 0.04166700 -0.00174800
v -0.00295000 0.04264900 0.00033200
v -0.00295000 0.04264900 0.00033200
v -0.00295000 0.04264900 0.00033200
v -0.00295000 0.04264900 0.00033200
v -0.00295000 0.04239500 -0.00082000
v -0.00295000 0.04239500 -0.00082000
v -0.00295000 0.04239500 -0.00082000
v -0.00295000 0.04239500 -0.00082000
v -0.00295000 0.04239500 -0.00082000
v -0.00295000 0.04230400 -0.00099600
v -0.00295000 0.04230400 -0.00099600
v -0.00295000 0.04230400 -0.00099600
v -0.00295000 0.04230400 -0.00099600
v -0.00295000 0.04230400 -0.00099600
v -0.00295000 0.04237700 0.00148000
v -0.00295000 0.04237700 0.00148000
v -0.00295000 0.04237700 0.00148000
v -0.00295000 0.04237700 0.00148000
v -0.00295000 0.04237700 0.00148000
v -0.00295000 0.04228300 0.00165400
v -0.00295000 0.04228300 0.00165400
v -0.00295000 0.04228300 0.00165400
v -0.00295000 0.04228300 0.00165400
v -0.00295000 0.04163500 0.00239600
v -0.00295000 0.04163500 0.00239600
v -0.00295000 0.04163500 0.00239600
v -0.00295000 0.04163500 0.00239600
v -0.00295000 0.04163500 0.00239600
v -0.00295000 0.04163500 0.00239600
v -0.00295000 0.04130600 0.00261700
v -0.00295000 0.04130600 0.00261700
v -0.00295000 0.04130600 0.00261700
v -0.00295000 0.04130600 0.00261700
v -0.00295000 0.04056800 0.00289900
v -0.00295000 0.04056800 0.00289900
v -0.00295000 0.04056800 0.00289900
v -0.00295000 0.04056800 0.00289900
v -0.00295000 0.04056800 0.00289900
v -0.00295000 0.04056800 0.00289900
v -0.00295000 0.03997800 0.00296100
v -0.00295000 0.03997800 0.00296100
v -0.00295000 0.03997800 0.00296100
v -0.00295000 0.03997800 0.00296100
v -0.00295000 0.03938900 0.00289000
v -0.00295000 0.03938900 0.00289000
v -0.00295000 0.03938900 0.00289000
v -0.00295000 0.03938900 0.00289000
v -0.00295000 0.03938900 0.00289000
v -0.00295000 0.03938900 0.00289000
v -0.00295000 0.03865600 0.00259600
v -0.00295000 0.03865600 0.00259600
v -0.00295000 0.03865600 0.00259600
v -0.00295000 0.03865600 0.00259600
v -0.00295000 0.03865600 0.00259600
v -0.00295000 0.03833000 0.00237000
v -0.00295000 0.03833000 0.00237000
v -0.00295000 0.03833000 0.00237000
v -0.00295000 0.03833000 0.00237000
v -0.00295000 0.03833000 0.00237000
v -0.00295000 0.03760200 0.00144200
v -0.00295000 0.03760200 0.00144200
v -0.00295000 0.03760200 0.00144200
v -0.00295000 0.03760200 0.00144200
v -0.00295000 0.03760200 0.00144200
v -0.00295000 0.03769400 0.00161800
v -0.00295000 0.03769400 0.00161800
v -0.00295000 0.03769400 0.00161800
v -0.00295000 0.03769400 0.00161800
v -0.00295000 0.03769400 0.00161800
v -0.00295000 -0.00265000 -0.00002100
v -0.00295000 -0.00265000 -0.00002100
v -0.00295000 -0.00265000 -0.00002100
v -0.00295000 -0.00265000 -0.00002100
v -0.00295000 -0.00237900 -0.00116800
v -0.00295000 -0.00237900 -0.00116800
v -0.00295000 -0.00237900 -0.00116800
v -0.00295000 -0.00237900 -0.00116800
v -0.00295000 -0.00237900 -0.00116800
v -0.00295000 -0.00228500 -0.00134300
v -0.00295000 -0.00228500 -0.00134300
v -0.00295000 -0.00228500 -0.00134300
v -0.00295000 -0.00228500 -0.00134300
v -0.00295000 -0.00163600 -0.00208500
v -0.00295000 -0.00163600 -0.00208500
v -0.00295000 -0.00163600 -0.00208500
v -0.00295000 -0.00163600 -0.00208500
v -0.00295000 -0.00163600 -0.00208500
v -0.00295000 -0.00163600 -0.00208500
v -0.00295000 -0.00130700 -0.00230500
v -0.00295000 -0.00130700 -0.00230500
v -0.00295000 -0.00130700 -0.00230500
v -0.00295000 -0.00130700 -0.00230500
v -0.00295000 -0.00057000 -0.00258800
v -0.00295000 -0.00057000 -0.00258800
v -0.00295000 -0.00057000 -0.00258800
v -0.00295000 -0.00057000 -0.00258800
v -0.00295000 -0.00057000 -0.00258800
v -0.00295000 -0.00057000 -0.00258800
v -0.00295000 0.00002100 -0.00265000
v -0.00295000 0.00002100 -0.00265000
v -0.00295000 0.00002100 -0.00265000
v -0.00295000 0.00002100 -0.00265000
v -0.00295000 0.00061000 -0.00257900
v -0.00295000 0.00061000 -0.00257900
v -0.00295000 0.00061000 -0.00257900
v -0.00295000 0.00061000 -0.00257900
v -0.00295000 0.00061000 -0.00257900
v -0.00295000 0.00061000 -0.00257900
v -0.00295000 0.00134300 -0.00228500
v -0.00295000 0.00134300 -0.00228500
v -0.00295000 0.00134300 -0.00228500
v -0.00295000 0.00134300 -0.00228500
v -0.00295000 0.00134300 -0.00228500
v -0.00295000 0.00166800 -0.00205900
v -0.00295000 0.00166800 -0.00205900
v -0.00295000 0.00166800 -0.00205900
v -0.00295000 0.00166800 -0.00205900
v -0.00295000 0.00166800 -0.00205900
v -0.00295000 0.00265000 0.00002100
v -0.00295000 0.00265000 0.00002100
v -0.00295000 0.00265000 0.00002100
v -0.00295000 0.00265000 0.00002100
v -0.00295000 0.00239600 -0.00113100
v -0.00295000 0.00239600 -0.00113100
v -0.00295000 0.00239600 -0.00113100
v -0.00295000 0.00239600 -0.00113100
v -0.00295000 0.00239600 -0.00113100
v -0.00295000 0.00230500 -0.00130700
v -0.00295000 0.00230500 -0.00130700
v -0.00295000 0.00230500 -0.00130700
v -0.00295000 0.00230500 -0.00130700
v -0.00295000 0.00230500 -0.00130700
v -0.00295000 0.00237900 0.00116800
v -0.00295000 0.00237900 0.00116800
v -0.00295000 0.00237900 0.00116800
v -0.00295000 0.00237900 0.00116800
v -0.00295000 0.00237900 0.00116800
v -0.00295000 0.00228500 0.00134300
v -0.00295000 0.00228500 0.00134300
v -0.00295000 0.00228500 0.00134300
v -0.00295000 0.00228500 0.00134300
v -0.00295000 0.00163600 0.00208500
v -0.00295000 0.00163600 0.00208500
v -0.00295000 0.00163600 0.00208500
v -0.00295000 0.00163600 0.00208500
v -0.00295000 0.00163600 0.00208500
v -0.00295000 0.00163600 0.00208500
v -0.00295000 0.00130700 0.00230500
v -0.00295000 0.00130700 0.00230500
v -0.00295000 0.00130700 0.00230500
v -0.00295000 0.00130700 0.00230500
v -0.00295000 0.00057000 0.00258800
v -0.00295000 0.00057000 0.00258800
v -0.00295000 0.00057000 0.00258800
v -0.00295000 0.00057000 0.00258800
v -0.00295000 0.00057000 0.00258800
v -0.00295000 0.00057000 0.00258800
v -0.00295000 -0.00002100 0.00265000
v -0.00295000 -0.00002100 0.00265000
v -0.00295000 -0.00002100 0.00265000
v -0.00295000 -0.00002100 0.00265000
v -0.00295000 -0.00061000 0.00257900
v -0.00295000 -0.00061000 0.00257900
v -0.00295000 -0.00061000 0.00257900
v -0.00295000 -0.00061000 0.00257900
v -0.00295000 -0.00061000 0.00257900
v -0.00295000 -0.00061000 0.00257900
v -0.00295000 -0.00134300 0.00228500
v -0.00295000 -0.00134300 0.00228500
v -0.00295000 -0.00134300 0.00228500
v -0.00295000 -0.00134300 0.00228500
v -0.00295000 -0.00134300 0.00228500
v -0.00295000 -0.00166800 0.00205900
v -0.00295000 -0.00166800 0.00205900
v -0.00295000 -0.00166800 0.00205900
v -0.00295000 -0.00166800 0.00205900
v -0.00295000 -0.00166800 0.00205900
v -0.00295000 -0.00239600 0.00113100
v -0.00295000 -0.00239600 0.00113100
v -0.00295000 -0.00239600 0.00113100
v -0.00295000 -0.00239600 0.00113100
v -0.00295000 -0.00239600 0.00113100
v -0.00295000 -0.00230500 0.00130700
v -0.00295000 -0.00230500 0.00130700
v -0.00295000 -0.00230500 0.00130700
v -0.00295000 -0.00230500 0.00130700
v -0.00295000 -0.00230500 0.00130700
v -0.00100000 0.05415800 -0.02007900
v -0.00100000 0.05415800 -0.02007900
v -0.00100000 0.05415800 -0.02007900
v -0.00100000 0.05415800 -0.02007900
v -0.00100000 0.05383900 0.02092000
v -0.00100000 0.05383900 0.02092000
v -0.00100000 0.05383900 0.02092000
v -0.00100000 0.05383900 0.02092000
v -0.00100000 0.04919700 -0.02511800
v -0.00100000 0.04919700 -0.02511800
v -0.00100000 0.04919700 -0.02511800
v -0.00100000 0.04919700 -0.02511800
v -0.00100000 0.05110700 -0.02472200
v -0.00100000 0.05110700 -0.02472200
v -0.00100000 0.05110700 -0.02472200
v -0.00100000 0.05110700 -0.02472200
v -0.00100000 0.05272100 -0.02362600
v -0.00100000 0.05272100 -0.02362600
v -0.00100000 0.05272100 -0.02362600
v -0.00100000 0.05272100 -0.02362600
v -0.00100000 0.05379200 -0.02199500
v -0.00100000 0.05379200 -0.02199500
v -0.00100000 0.05379200 -0.02199500
v -0.00100000 0.05379200 -0.02199500
v -0.00100000 -0.04880000 -0.02588100
v -0.00100000 -0.04880000 -0.02588100
v -0.00100000 -0.04880000 -0.02588100
v -0.00100000 -0.04880000 -0.02588100
v -0.00100000 -0.05383900 -0.02092000
v -0.00100000 -0.05383900 -0.02092000
v -0.00100000 -0.05383900 -0.02092000
v -0.00100000 -0.05383900 -0.02092000
v -0.00100000 -0.05344300 -0.02283000
v -0.00100000 -0.05344300 -0.02283000
v -0.00100000 -0.05344300 -0.02283000
v -0.00100000 -0.05344300 -0.02283000
v -0.00100000 -0.05234700 -0.02444400
v -0.00100000 -0.05234700 -0.02444400
v -0.00100000 -0.05234700 -0.02444400
v -0.00100000 -0.05234700 -0.02444400
v -0.00100000 -0.05071600 -0.02551500
v -0.00100000 -0.05071600 -0.02551500
v -0.00100000 -0.05071600 -0.02551500
v -0.00100000 -0.05071600 -0.02551500
v -0.00100000 -0.05415800 0.02007900
v -0.00100000 -0.05415800 0.02007900
v -0.00100000 -0.05415800 0.02007900
v -0.00100000 -0.05415800 0.02007900
v -0.00100000 -0.04919700 0.02511800
v -0.00100000 -0.04919700 0.02511800
v -0.00100000 -0.04919700 0.02511800
v -0.00100000 -0.04919700 0.02511800
v -0.00100000 -0.05110700 0.02472200
v -0.00100000 -0.05110700 0.02472200
v -0.00100000 -0.05110700 0.02472200
v -0.00100000 -0.05110700 0.02472200
v -0.00100000 -0.05272100 0.02362600
v -0.00100000 -0.05272100 0.02362600
v -0.00100000 -0.05272100 0.02362600
v -0.00100000 -0.05272100 0.02362600
v -0.00100000 -0.05379200 0.02199500
v -0.00100000 -0.05379200 0.02199500
v -0.00100000 -0.05379200 0.02199500
v -0.00100000 -0.05379200 0.02199500
v -0.00100000 0.04880000 0.02588100
v -0.00100000 0.04880000 0.02588100
v -0.00100000 0.04880000 0.02588100
v -0.00100000 0.04880000 0.02588100
v -0.00100000 0.05344300 0.02283000
v -0.00100000 0.05344300 0.02283000
v -0.00100000 0.05344300 0.02283000
v -0.00100000 0.05344300 0.02283000
v -0.00100000 0.05234700 0.02444400
v -0.00100000 0.05234700 0.02444400
v -0.00100000 0.05234700 0.02444400
v -0.00100000 0.05234700 0.02444400
v -0.00100000 0.05234700 0.02444400
v -0.00100000 0.05071600 0.02551500
v -0.00100000 0.05071600 0.02551500
v -0.00100000 0.05071600 0.02551500
v -0.00100000 0.05071600 0.02551500
v -0.00795000 -0.04499900 -0.00035000
v -0.00795000 -0.04499900 -0.00035000
v -0.00795000 -0.04499900 -0.00035000
v -0.00795000 -0.04499900 -0.00035000
v -0.00795000 -0.04499900 -0.00035000
v -0.00795000 -0.04452000 0.00182300
v -0.00795000 -0.04452000 0.00182300
v -0.00795000 -0.04452000 0.00182300
v -0.00795000 -0.04452000 0.00182300
v -0.00795000 -0.04452000 0.00182300
v -0.00795000 -0.04314700 0.00357300
v -0.00795000 -0.04314700 0.00357300
v -0.00795000 -0.04314700 0.00357300
v -0.00795000 -0.04314700 0.00357300
v -0.00795000 -0.04314700 0.00357300
v -0.00795000 -0.04114900 0.00455500
v -0.00795000 -0.04114900 0.00455500
v -0.00795000 -0.04114900 0.00455500
v -0.00795000 -0.04114900 0.00455500
v -0.00795000 -0.04114900 0.00455500
v -0.00795000 -0.03892400 0.00457200
v -0.00795000 -0.03892400 0.00457200
v -0.00795000 -0.03892400 0.00457200
v -0.00795000 -0.03892400 0.00457200
v -0.00795000 -0.03892400 0.00457200
v -0.00795000 -0.03691200 0.00362200
v -0.00795000 -0.03691200 0.00362200
v -0.00795000 -0.03691200 0.00362200
v -0.00795000 -0.03691200 0.00362200
v -0.00795000 -0.03691200 0.00362200
v -0.00795000 -0.03551100 0.00189300
v -0.00795000 -0.03551100 0.00189300
v -0.00795000 -0.03551100 0.00189300
v -0.00795000 -0.03551100 0.00189300
v -0.00795000 -0.03551100 0.00189300
v -0.00795000 -0.03499900 -0.00027200
v -0.00795000 -0.03499900 -0.00027200
v -0.00795000 -0.03499900 -0.00027200
v -0.00795000 -0.03499900 -0.00027200
v -0.00795000 -0.03499900 -0.00027200
v -0.00795000 -0.03547700 -0.00244600
v -0.00795000 -0.03547700 -0.00244600
v -0.00795000 -0.03547700 -0.00244600
v -0.00795000 -0.03547700 -0.00244600
v -0.00795000 -0.03547700 -0.00244600
v -0.00795000 -0.03685100 -0.00419600
v -0.00795000 -0.03685100 -0.00419600
v -0.00795000 -0.03685100 -0.00419600
v -0.00795000 -0.03685100 -0.00419600
v -0.00795000 -0.03685100 -0.00419600
v -0.00795000 -0.03884800 -0.00517700
v -0.00795000 -0.03884800 -0.00517700
v -0.00795000 -0.03884800 -0.00517700
v -0.00795000 -0.03884800 -0.00517700
v -0.00795000 -0.03884800 -0.00517700
v -0.00795000 -0.04107300 -0.00519400
v -0.00795000 -0.04107300 -0.00519400
v -0.00795000 -0.04107300 -0.00519400
v -0.00795000 -0.04107300 -0.00519400
v -0.00795000 -0.04107300 -0.00519400
v -0.00795000 -0.04308600 -0.00424500
v -0.00795000 -0.04308600 -0.00424500
v -0.00795000 -0.04308600 -0.00424500
v -0.00795000 -0.04308600 -0.00424500
v -0.00795000 -0.04308600 -0.00424500
v -0.00795000 -0.04448700 -0.00251600
v -0.00795000 -0.04448700 -0.00251600
v -0.00795000 -0.04448700 -0.00251600
v -0.00795000 -0.04448700 -0.00251600
v -0.00795000 -0.04448700 -0.00251600
v -0.00000000 -0.04918900 -0.01323300
v -0.00000000 -0.04918900 -0.01323300
v -0.00000000 -0.04918900 -0.01323300
v -0.00000000 -0.02409900 -0.01303800
v -0.00000000 -0.02409900 -0.01303800
v 0.00000000 0.01260000 -0.01275200
v 0.00000000 0.01260000 -0.01275200
v 0.00000000 0.01260000 -0.01275200
v -0.00000000 -0.05194600 -0.01510700
v -0.00000000 -0.05194600 -0.01510700
v -0.00000000 -0.05194600 -0.01510700
v -0.00000000 -0.05194600 -0.01510700
v -0.00000000 -0.05216500 -0.01625600
v -0.00000000 -0.05216500 -0.01625600
v -0.00000000 -0.05216500 -0.01625600
v -0.00000000 -0.05130300 -0.01412800
v -0.00000000 -0.05130300 -0.01412800
v -0.00000000 -0.05130300 -0.01412800
v -0.00000000 -0.05130300 -0.01412800
v -0.00000000 -0.05033500 -0.01347100
v -0.00000000 -0.05033500 -0.01347100
v -0.00000000 -0.05033500 -0.01347100
v -0.00000000 -0.05033500 -0.01347100
v -0.00000000 -0.05033500 -0.01347100
v -0.00000000 -0.05214000 -0.01945600
v -0.00000000 -0.05214000 -0.01945600
v -0.00000000 -0.05214000 -0.01945600
v -0.00000000 -0.05026700 -0.02221400
v -0.00000000 -0.05026700 -0.02221400
v -0.00000000 -0.05026700 -0.02221400
v -0.00000000 -0.05026700 -0.02221400
v -0.00000000 -0.04911700 -0.02243300
v -0.00000000 -0.04911700 -0.02243300
v -0.00000000 -0.04911700 -0.02243300
v -0.00000000 -0.05124500 -0.02157100
v -0.00000000 -0.05124500 -0.02157100
v -0.00000000 -0.05124500 -0.02157100
v -0.00000000 -0.05124500 -0.02157100
v -0.00000000 -0.05190300 -0.02060300
v -0.00000000 -0.05190300 -0.02060300
v -0.00000000 -0.05190300 -0.02060300
v -0.00000000 -0.05190300 -0.02060300
v -0.00000000 -0.05190300 -0.02060300
v 0.00000000 0.01267100 -0.02195200
v 0.00000000 0.01267100 -0.02195200
v 0.00000000 0.01267100 -0.02195200
v -0.00000000 -0.02402800 -0.02223800
v -0.00000000 -0.02402800 -0.02223800
v 0.00000000 0.01405000 -0.02101500
v 0.00000000 0.01405000 -0.02101500
v 0.00000000 0.01405000 -0.02101500
v 0.00000000 0.01405000 -0.02101500
v 0.00000000 0.01416000 -0.02044000
v 0.00000000 0.01416000 -0.02044000
v 0.00000000 0.01416000 -0.02044000
v 0.00000000 0.01372800 -0.02150400
v 0.00000000 0.01372800 -0.02150400
v 0.00000000 0.01372800 -0.02150400
v 0.00000000 0.01372800 -0.02150400
v 0.00000000 0.01324400 -0.02183300
v 0.00000000 0.01324400 -0.02183300
v 0.00000000 0.01324400 -0.02183300
v 0.00000000 0.01324400 -0.02183300
v 0.00000000 0.01324400 -0.02183300
v 0.00000000 0.01411100 -0.01424100
v 0.00000000 0.01411100 -0.01424100
v 0.00000000 0.01411100 -0.01424100
v 0.00000000 0.01317500 -0.01286200
v 0.00000000 0.01317500 -0.01286200
v 0.00000000 0.01317500 -0.01286200
v 0.00000000 0.01317500 -0.01286200
v 0.00000000 0.01366400 -0.01318300
v 0.00000000 0.01366400 -0.01318300
v 0.00000000 0.01366400 -0.01318300
v 0.00000000 0.01366400 -0.01318300
v 0.00000000 0.01399300 -0.01366700
v 0.00000000 0.01399300 -0.01366700
v 0.00000000 0.01399300 -0.01366700
v 0.00000000 0.01399300 -0.01366700
v 0.00000000 0.01399300 -0.01366700
v 0.00000000 0.04911700 0.02243300
v 0.00000000 0.04911700 0.02243300
v 0.00000000 0.04911700 0.02243300
v -0.00000000 -0.01267100 0.02195200
v -0.00000000 -0.01267100 0.02195200
v -0.00000000 -0.01267100 0.02195200
v -0.00000000 -0.01342000 0.02174500
v -0.00000000 -0.01342000 0.02174500
v -0.00000000 -0.01342000 0.02174500
v -0.00000000 -0.01396400 0.02119200
v -0.00000000 -0.01396400 0.02119200
v -0.00000000 -0.01396400 0.02119200
v -0.00000000 -0.01416000 0.02044000
v -0.00000000 -0.01416000 0.02044000
v -0.00000000 -0.01416000 0.02044000
v -0.00000000 -0.01411100 0.01424100
v -0.00000000 -0.01411100 0.01424100
v -0.00000000 -0.01411100 0.01424100
v -0.00000000 -0.01317500 0.01286200
v -0.00000000 -0.01317500 0.01286200
v -0.00000000 -0.01317500 0.01286200
v -0.00000000 -0.01317500 0.01286200
v -0.00000000 -0.01260000 0.01275200
v -0.00000000 -0.01260000 0.01275200
v -0.00000000 -0.01260000 0.01275200
v -0.00000000 -0.01366400 0.01318300
v -0.00000000 -0.01366400 0.01318300
v -0.00000000 -0.01366400 0.01318300
v -0.00000000 -0.01366400 0.01318300
v -0.00000000 -0.01399300 0.01366700
v -0.00000000 -0.01399300 0.01366700
v -0.00000000 -0.01399300 0.01366700
v -0.00000000 -0.01399300 0.01366700
v -0.00000000 -0.01399300 0.01366700
v 0.00000000 0.04918900 0.01323300
v 0.00000000 0.04918900 0.01323300
v 0.00000000 0.04918900 0.01323300
v 0.00000000 0.05177500 0.01475300
v 0.00000000 0.05177500 0.01475300
v 0.00000000 0.05177500 0.01475300
v 0.00000000 0.05177500 0.01475300
v 0.00000000 0.05216500 0.01625600
v 0.00000000 0.05216500 0.01625600
v 0.00000000 0.05216500 0.01625600
v 0.00000000 0.05068500 0.01364700
v 0.00000000 0.05068500 0.01364700
v 0.00000000 0.05068500 0.01364700
v 0.00000000 0.05068500 0.01364700
v 0.00000000 0.05214000 0.01945600
v 0.00000000 0.05214000 0.01945600
v 0.00000000 0.05214000 0.01945600
v 0.00000000 0.05190300 0.02060300
v 0.00000000 0.05190300 0.02060300
v 0.00000000 0.05190300 0.02060300
v 0.00000000 0.05190300 0.02060300
v 0.00000000 0.05124500 0.02157100
v 0.00000000 0.05124500 0.02157100
v 0.00000000 0.05124500 0.02157100
v 0.00000000 0.05026700 0.02221400
v 0.00000000 0.05026700 0.02221400
v 0.00000000 0.05026700 0.02221400
v 0.00000000 0.04506300 -0.00207900
v 0.00000000 0.04506300 -0.00207900
v 0.00000000 0.04506300 -0.00207900
v 0.00000000 0.04506300 -0.00207900
v 0.00000000 0.04559900 0.00035500
v 0.00000000 0.04559900 0.00035500
v 0.00000000 0.04559900 0.00035500
v 0.00000000 0.04352400 -0.00404000
v 0.00000000 0.04352400 -0.00404000
v 0.00000000 0.04352400 -0.00404000
v 0.00000000 0.04352400 -0.00404000
v 0.00000000 0.04352400 -0.00404000
v 0.00000000 0.04128700 -0.00513800
v 0.00000000 0.04128700 -0.00513800
v 0.00000000 0.04128700 -0.00513800
v 0.00000000 0.04128700 -0.00513800
v 0.00000000 0.03879500 -0.00515800
v 0.00000000 0.03879500 -0.00515800
v 0.00000000 0.03879500 -0.00515800
v 0.00000000 0.03879500 -0.00515800
v 0.00000000 0.03879500 -0.00515800
v 0.00000000 0.03654100 -0.00409400
v 0.00000000 0.03654100 -0.00409400
v 0.00000000 0.03654100 -0.00409400
v 0.00000000 0.03654100 -0.00409400
v 0.00000000 0.03654100 -0.00409400
v 0.00000000 0.03497200 -0.00215800
v 0.00000000 0.03497200 -0.00215800
v 0.00000000 0.03497200 -0.00215800
v 0.00000000 0.03497200 -0.00215800
v 0.00000000 0.03497200 -0.00215800
v 0.00000000 0.03439900 0.00026800
v 0.00000000 0.03439900 0.00026800
v 0.00000000 0.03439900 0.00026800
v 0.00000000 0.03493500 0.00270200
v 0.00000000 0.03493500 0.00270200
v 0.00000000 0.03493500 0.00270200
v 0.00000000 0.03493500 0.00270200
v 0.00000000 0.03647300 0.00466200
v 0.00000000 0.03647300 0.00466200
v 0.00000000 0.03647300 0.00466200
v 0.00000000 0.03647300 0.00466200
v 0.00000000 0.03647300 0.00466200
v 0.00000000 0.03871000 0.00576100
v 0.00000000 0.03871000 0.00576100
v 0.00000000 0.03871000 0.00576100
v 0.00000000 0.03871000 0.00576100
v 0.00000000 0.04120200 0.00578000
v 0.00000000 0.04120200 0.00578000
v 0.00000000 0.04120200 0.00578000
v 0.00000000 0.04120200 0.00578000
v 0.00000000 0.04120200 0.00578000
v 0.00000000 0.04345600 0.00471700
v 0.00000000 0.04345600 0.00471700
v 0.00000000 0.04345600 0.00471700
v 0.00000000 0.04345600 0.00471700
v 0.00000000 0.04345600 0.00471700
v 0.00000000 0.04502500 0.00278000
v 0.00000000 0.04502500 0.00278000
v 0.00000000 0.04502500 0.00278000
v 0.00000000 0.04502500 0.00278000
v 0.00000000 0.04502500 0.00278000
v 0.00000000 0.00506400 -0.00239000
v 0.00000000 0.00506400 -0.00239000
v 0.00000000 0.00506400 -0.00239000
v 0.00000000 0.00506400 -0.00239000
v 0.00000000 0.00560000 0.00004400
v 0.00000000 0.00560000 0.00004400
v 0.00000000 0.00560000 0.00004400
v 0.00000000 0.00352600 -0.00435100
v 0.00000000 0.00352600 -0.00435100
v 0.00000000 0.00352600 -0.00435100
v 0.00000000 0.00352600 -0.00435100
v 0.00000000 0.00352600 -0.00435100
v 0.00000000 0.00128900 -0.00545000
v 0.00000000 0.00128900 -0.00545000
v 0.00000000 0.00128900 -0.00545000
v 0.00000000 0.00128900 -0.00545000
v 0.00000000 -0.00120400 -0.00546900
v 0.00000000 -0.00120400 -0.00546900
v 0.00000000 -0.00120400 -0.00546900
v 0.00000000 -0.00120400 -0.00546900
v 0.00000000 -0.00120400 -0.00546900
v 0.00000000 -0.00345700 -0.00440500
v 0.00000000 -0.00345700 -0.00440500
v 0.00000000 -0.00345700 -0.00440500
v 0.00000000 -0.00345700 -0.00440500
v 0.00000000 -0.00345700 -0.00440500
v 0.00000000 -0.00502600 -0.00246900
v 0.00000000 -0.00502600 -0.00246900
v 0.00000000 -0.00502600 -0.00246900
v 0.00000000 -0.00502600 -0.00246900
v 0.00000000 -0.00502600 -0.00246900
v 0.00000000 -0.00560000 -0.00004400
v 0.00000000 -0.00560000 -0.00004400
v 0.00000000 -0.00560000 -0.00004400
v 0.00000000 -0.00506400 0.00239000
v 0.00000000 -0.00506400 0.00239000
v 0.00000000 -0.00506400 0.00239000
v 0.00000000 -0.00506400 0.00239000
v 0.00000000 -0.00352600 0.00435100
v 0.00000000 -0.00352600 0.00435100
v 0.00000000 -0.00352600 0.00435100
v 0.00000000 -0.00352600 0.00435100
v 0.00000000 -0.00352600 0.00435100
v 0.00000000 -0.00128900 0.00545000
v 0.00000000 -0.00128900 0.00545000
v 0.00000000 -0.00128900 0.00545000
v 0.00000000 -0.00128900 0.00545000
v 0.00000000 0.00120400 0.00546900
v 0.00000000 0.00120400 0.00546900
v 0.00000000 0.00120400 0.00546900
v 0.00000000 0.00120400 0.00546900
v 0.00000000 0.00120400 0.00546900
v 0.00000000 0.00345700 0.00440500
v 0.00000000 0.00345700 0.00440500
v 0.00000000 0.00345700 0.00440500
v 0.00000000 0.00345700 0.00440500
v 0.00000000 0.00345700 0.00440500
v 0.00000000 0.00502600 0.00246900
v 0.00000000 0.00502600 0.00246900
v 0.00000000 0.00502600 0.00246900
v 0.00000000 0.00502600 0.00246900
v 0.00000000 0.00502600 0.00246900
v 0.00000000 0.05315800 -0.02008700
v 0.00000000 0.05315800 -0.02008700
v 0.00000000 0.05315800 -0.02008700
v 0.00000000 0.05307000 -0.00881200
v 0.00000000 0.05307000 -0.00881200
v 0.00000000 0.05283900 0.02091200
v 0.00000000 0.05283900 0.02091200
v 0.00000000 0.05283900 0.02091200
v 0.00000000 0.04918900 -0.02411800
v 0.00000000 0.04918900 -0.02411800
v 0.00000000 0.04918900 -0.02411800
v 0.00000000 0.05071800 -0.02380200
v 0.00000000 0.05071800 -0.02380200
v 0.00000000 0.05071800 -0.02380200
v 0.00000000 0.05200800 -0.02292400
v 0.00000000 0.05200800 -0.02292400
v 0.00000000 0.05200800 -0.02292400
v 0.00000000 0.05286500 -0.02162000
v 0.00000000 0.05286500 -0.02162000
v 0.00000000 0.05286500 -0.02162000
v -0.00000000 -0.04880800 -0.02488100
v -0.00000000 -0.04880800 -0.02488100
v -0.00000000 -0.04880800 -0.02488100
v -0.00000000 -0.02400900 -0.02468800
v -0.00000000 -0.02400900 -0.02468800
v -0.00000000 -0.05283900 -0.02091200
v -0.00000000 -0.05283900 -0.02091200
v -0.00000000 -0.05283900 -0.02091200
v -0.00000000 -0.05252200 -0.02244000
v -0.00000000 -0.05252200 -0.02244000
v -0.00000000 -0.05252200 -0.02244000
v -0.00000000 -0.05164500 -0.02373100
v -0.00000000 -0.05164500 -0.02373100
v -0.00000000 -0.05164500 -0.02373100
v -0.00000000 -0.05034100 -0.02458800
v -0.00000000 -0.05034100 -0.02458800
v -0.00000000 -0.05034100 -0.02458800
v -0.00000000 -0.05315800 0.02008700
v -0.00000000 -0.05315800 0.02008700
v -0.00000000 -0.05315800 0.02008700
v -0.00000000 -0.05292700 -0.00963700
v -0.00000000 -0.05292700 -0.00963700
v -0.00000000 -0.04918900 0.02411800
v -0.00000000 -0.04918900 0.02411800
v -0.00000000 -0.04918900 0.02411800
v -0.00000000 -0.05071800 0.02380200
v -0.00000000 -0.05071800 0.02380200
v -0.00000000 -0.05071800 0.02380200
v -0.00000000 -0.05200800 0.02292400
v -0.00000000 -0.05200800 0.02292400
v -0.00000000 -0.05200800 0.02292400
v -0.00000000 -0.05286500 0.02162000
v -0.00000000 -0.05286500 0.02162000
v -0.00000000 -0.05286500 0.02162000
v 0.00000000 0.04880800 0.02488100
v 0.00000000 0.04880800 0.02488100
v 0.00000000 0.04880800 0.02488100
v -0.00000000 -0.02439000 0.02431100
v -0.00000000 -0.02439000 0.02431100
v 0.00000000 0.05252200 0.02244000
v 0.00000000 0.05252200 0.02244000
v 0.00000000 0.05252200 0.02244000
v 0.00000000 0.05252200 0.02244000
v 0.00000000 0.05164500 0.02373100
v 0.00000000 0.05164500 0.02373100
v 0.00000000 0.05164500 0.02373100
v 0.00000000 0.05034100 0.02458800
v 0.00000000 0.05034100 0.02458800
v 0.00000000 0.05034100 0.02458800
v -0.00295000 -0.03734900 -0.00029100
v -0.00295000 -0.03734900 -0.00029100
v -0.00295000 -0.03734900 -0.00029100
v -0.00295000 -0.03734900 -0.00029100
v -0.00295000 -0.03762000 0.00085700
v -0.00295000 -0.03762000 0.00085700
v -0.00295000 -0.03762000 0.00085700
v -0.00295000 -0.03762000 0.00085700
v -0.00295000 -0.03762000 0.00085700
v -0.00795000 -0.03734900 -0.00029100
v -0.00795000 -0.03734900 -0.00029100
v -0.00795000 -0.03734900 -0.00029100
v -0.00795000 -0.03734900 -0.00029100
v -0.00795000 -0.03734900 -0.00029100
v -0.00795000 -0.03771400 0.00103200
v -0.00795000 -0.03771400 0.00103200
v -0.00795000 -0.03771400 0.00103200
v -0.00795000 -0.03771400 0.00103200
v -0.00795000 -0.03771400 0.00103200
v -0.00295000 -0.03771400 0.00103200
v -0.00295000 -0.03771400 0.00103200
v -0.00295000 -0.03771400 0.00103200
v -0.00295000 -0.03771400 0.00103200
v -0.00295000 -0.03836300 0.00177300
v -0.00295000 -0.03836300 0.00177300
v -0.00295000 -0.03836300 0.00177300
v -0.00295000 -0.03836300 0.00177300
v -0.00295000 -0.03836300 0.00177300
v -0.00295000 -0.03836300 0.00177300
v -0.00795000 -0.03869200 0.00199400
v -0.00795000 -0.03869200 0.00199400
v -0.00795000 -0.03869200 0.00199400
v -0.00795000 -0.03869200 0.00199400
v -0.00795000 -0.03869200 0.00199400
v -0.00295000 -0.03869200 0.00199400
v -0.00295000 -0.03869200 0.00199400
v -0.00295000 -0.03869200 0.00199400
v -0.00295000 -0.03869200 0.00199400
v -0.00295000 -0.03942900 0.00227700
v -0.00295000 -0.03942900 0.00227700
v -0.00295000 -0.03942900 0.00227700
v -0.00295000 -0.03942900 0.00227700
v -0.00295000 -0.03942900 0.00227700
v -0.00295000 -0.03942900 0.00227700
v -0.00795000 -0.04001900 0.00233900
v -0.00795000 -0.04001900 0.00233900
v -0.00795000 -0.04001900 0.00233900
v -0.00795000 -0.04001900 0.00233900
v -0.00795000 -0.04001900 0.00233900
v -0.00295000 -0.04001900 0.00233900
v -0.00295000 -0.04001900 0.00233900
v -0.00295000 -0.04001900 0.00233900
v -0.00295000 -0.04001900 0.00233900
v -0.00295000 -0.04001900 0.00233900
v -0.00295000 -0.04060900 0.00226800
v -0.00295000 -0.04060900 0.00226800
v -0.00295000 -0.04060900 0.00226800
v -0.00295000 -0.04060900 0.00226800
v -0.00295000 -0.04060900 0.00226800
v -0.00795000 -0.04134200 0.00197300
v -0.00795000 -0.04134200 0.00197300
v -0.00795000 -0.04134200 0.00197300
v -0.00795000 -0.04134200 0.00197300
v -0.00795000 -0.04134200 0.00197300
v -0.00295000 -0.04134200 0.00197300
v -0.00295000 -0.04134200 0.00197300
v -0.00295000 -0.04134200 0.00197300
v -0.00295000 -0.04134200 0.00197300
v -0.00295000 -0.04134200 0.00197300
v -0.00295000 -0.04166700 0.00174800
v -0.00295000 -0.04166700 0.00174800
v -0.00295000 -0.04166700 0.00174800
v -0.00295000 -0.04166700 0.00174800
v -0.00295000 -0.04166700 0.00174800
v -0.00795000 -0.04230400 0.00099600
v -0.00795000 -0.04230400 0.00099600
v -0.00795000 -0.04230400 0.00099600
v -0.00795000 -0.04230400 0.00099600
v -0.00795000 -0.04230400 0.00099600
v -0.00295000 -0.04264900 -0.00033200
v -0.00295000 -0.04264900 -0.00033200
v -0.00295000 -0.04264900 -0.00033200
v -0.00295000 -0.04264900 -0.00033200
v -0.00795000 -0.04264900 -0.00033200
v -0.00795000 -0.04264900 -0.00033200
v -0.00795000 -0.04264900 -0.00033200
v -0.00795000 -0.04264900 -0.00033200
v -0.00795000 -0.04264900 -0.00033200
v -0.00295000 -0.04239500 0.00082000
v -0.00295000 -0.04239500 0.00082000
v -0.00295000 -0.04239500 0.00082000
v -0.00295000 -0.04239500 0.00082000
v -0.00295000 -0.04239500 0.00082000
v -0.00295000 -0.04230400 0.00099600
v -0.00295000 -0.04230400 0.00099600
v -0.00295000 -0.04230400 0.00099600
v -0.00295000 -0.04230400 0.00099600
v -0.00295000 -0.04230400 0.00099600
v -0.00795000 -0.03769400 -0.00161800
v -0.00795000 -0.03769400 -0.00161800
v -0.00795000 -0.03769400 -0.00161800
v -0.00795000 -0.03769400 -0.00161800
v -0.00795000 -0.03769400 -0.00161800
v -0.00795000 -0.03865600 -0.00259600
v -0.00795000 -0.03865600 -0.00259600
v -0.00795000 -0.03865600 -0.00259600
v -0.00795000 -0.03865600 -0.00259600
v -0.00795000 -0.03865600 -0.00259600
v -0.00795000 -0.03997800 -0.00296100
v -0.00795000 -0.03997800 -0.00296100
v -0.00795000 -0.03997800 -0.00296100
v -0.00795000 -0.03997800 -0.00296100
v -0.00795000 -0.03997800 -0.00296100
v -0.00795000 -0.04130600 -0.00261700
v -0.00795000 -0.04130600 -0.00261700
v -0.00795000 -0.04130600 -0.00261700
v -0.00795000 -0.04130600 -0.00261700
v -0.00795000 -0.04130600 -0.00261700
v -0.00795000 -0.04228300 -0.00165400
v -0.00795000 -0.04228300 -0.00165400
v -0.00795000 -0.04228300 -0.00165400
v -0.00795000 -0.04228300 -0.00165400
v -0.00795000 -0.04228300 -0.00165400
v -0.00000000 -0.02412700 -0.00941300
v -0.00000000 -0.03879500 0.00515800
v -0.00000000 -0.03879500 0.00515800
v -0.00000000 -0.03879500 0.00515800
v -0.00000000 -0.03879500 0.00515800
v -0.00000000 -0.03654100 0.00409400
v -0.00000000 -0.03654100 0.00409400
v -0.00000000 -0.03654100 0.00409400
v -0.00000000 -0.03654100 0.00409400
v -0.00000000 -0.03654100 0.00409400
v -0.00000000 -0.03497200 0.00215800
v -0.00000000 -0.03497200 0.00215800
v -0.00000000 -0.03497200 0.00215800
v -0.00000000 -0.03497200 0.00215800
v -0.00000000 -0.03497200 0.00215800
v -0.00000000 -0.03439900 -0.00026800
v -0.00000000 -0.03439900 -0.00026800
v -0.00000000 -0.03439900 -0.00026800
v -0.00000000 -0.03493500 -0.00270200
v -0.00000000 -0.03493500 -0.00270200
v -0.00000000 -0.03493500 -0.00270200
v -0.00000000 -0.03493500 -0.00270200
v -0.00000000 -0.03647300 -0.00466200
v -0.00000000 -0.03647300 -0.00466200
v -0.00000000 -0.03647300 -0.00466200
v -0.00000000 -0.03647300 -0.00466200
v -0.00000000 -0.03647300 -0.00466200
v -0.00000000 -0.03871000 -0.00576100
v -0.00000000 -0.03871000 -0.00576100
v -0.00000000 -0.03871000 -0.00576100
v -0.00000000 -0.03871000 -0.00576100
v -0.00000000 -0.04120200 -0.00578000
v -0.00000000 -0.04120200 -0.00578000
v -0.00000000 -0.04120200 -0.00578000
v -0.00000000 -0.04120200 -0.00578000
v -0.00000000 -0.04120200 -0.00578000
v -0.00000000 -0.04345600 -0.00471700
v -0.00000000 -0.04345600 -0.00471700
v -0.00000000 -0.04345600 -0.00471700
v -0.00000000 -0.04345600 -0.00471700
v -0.00000000 -0.04345600 -0.00471700
v -0.00000000 -0.04502500 -0.00278000
v -0.00000000 -0.04502500 -0.00278000
v -0.00000000 -0.04502500 -0.00278000
v -0.00000000 -0.04502500 -0.00278000
v -0.00000000 -0.04502500 -0.00278000
v -0.00000000 -0.04559900 -0.00035500
v -0.00000000 -0.04559900 -0.00035500
v -0.00000000 -0.04559900 -0.00035500
v -0.00000000 -0.04128700 0.00513800
v -0.00000000 -0.04128700 0.00513800
v -0.00000000 -0.04128700 0.00513800
v -0.00000000 -0.04128700 0.00513800
v -0.00000000 -0.04128700 0.00513800
v -0.00000000 -0.04506300 0.00207900
v -0.00000000 -0.04506300 0.00207900
v -0.00000000 -0.04506300 0.00207900
v -0.00000000 -0.04506300 0.00207900
v -0.00000000 -0.04352400 0.00404000
v -0.00000000 -0.04352400 0.00404000
v -0.00000000 -0.04352400 0.00404000
v -0.00000000 -0.04352400 0.00404000
v -0.00000000 -0.04352400 0.00404000
v -0.00295000 -0.04237700 -0.00148000
v -0.00295000 -0.04237700 -0.00148000
v -0.00295000 -0.04237700 -0.00148000
v -0.00295000 -0.04237700 -0.00148000
v -0.00295000 -0.04237700 -0.00148000
v -0.00295000 -0.04228300 -0.00165400
v -0.00295000 -0.04228300 -0.00165400
v -0.00295000 -0.04228300 -0.00165400
v -0.00295000 -0.04228300 -0.00165400
v -0.00295000 -0.04163500 -0.00239600
v -0.00295000 -0.04163500 -0.00239600
v -0.00295000 -0.04163500 -0.00239600
v -0.00295000 -0.04163500 -0.00239600
v -0.00295000 -0.04163500 -0.00239600
v -0.00295000 -0.04163500 -0.00239600
v -0.00295000 -0.04130600 -0.00261700
v -0.00295000 -0.04130600 -0.00261700
v -0.00295000 -0.04130600 -0.00261700
v -0.00295000 -0.04130600 -0.00261700
v -0.00295000 -0.04056800 -0.00289900
v -0.00295000 -0.04056800 -0.00289900
v -0.00295000 -0.04056800 -0.00289900
v -0.00295000 -0.04056800 -0.00289900
v -0.00295000 -0.04056800 -0.00289900
v -0.00295000 -0.04056800 -0.00289900
v -0.00295000 -0.03997800 -0.00296100
v -0.00295000 -0.03997800 -0.00296100
v -0.00295000 -0.03997800 -0.00296100
v -0.00295000 -0.03997800 -0.00296100
v -0.00295000 -0.03938900 -0.00289000
v -0.00295000 -0.03938900 -0.00289000
v -0.00295000 -0.03938900 -0.00289000
v -0.00295000 -0.03938900 -0.00289000
v -0.00295000 -0.03938900 -0.00289000
v -0.00295000 -0.03938900 -0.00289000
v -0.00295000 -0.03865600 -0.00259600
v -0.00295000 -0.03865600 -0.00259600
v -0.00295000 -0.03865600 -0.00259600
v -0.00295000 -0.03865600 -0.00259600
v -0.00295000 -0.03865600 -0.00259600
v -0.00295000 -0.03833000 -0.00237000
v -0.00295000 -0.03833000 -0.00237000
v -0.00295000 -0.03833000 -0.00237000
v -0.00295000 -0.03833000 -0.00237000
v -0.00295000 -0.03833000 -0.00237000
v -0.00295000 -0.03760200 -0.00144200
v -0.00295000 -0.03760200 -0.00144200
v -0.00295000 -0.03760200 -0.00144200
v -0.00295000 -0.03760200 -0.00144200
v -0.00295000 -0.03760200 -0.00144200
v -0.00295000 -0.03769400 -0.00161800
v -0.00295000 -0.03769400 -0.00161800
v -0.00295000 -0.03769400 -0.00161800
v -0.00295000 -0.03769400 -0.00161800
v -0.00295000 -0.03769400 -0.00161800
v -0.06965000 0.02520700 0.00019600
v -0.06965000 0.02520700 0.00019600
v -0.06965000 0.02520700 0.00019600
v -0.06965000 0.02520700 0.00019600
v -0.06965000 0.02504600 -0.00109900
v -0.06965000 0.02504600 -0.00109900
v -0.06965000 0.02504600 -0.00109900
v -0.06965000 0.02504600 -0.00109900
v -0.06965000 -0.01427800 -0.02011200
v -0.06965000 -0.01427800 -0.02011200
v -0.06965000 -0.01427800 -0.02011200
v -0.06965000 0.02455600 -0.00230900
v -0.06965000 0.02455600 -0.00230900
v -0.06965000 0.02455600 -0.00230900
v -0.06965000 0.01458900 -0.01988700
v -0.06965000 0.01458900 -0.01988700
v -0.06965000 0.01458900 -0.01988700
v -0.06965000 0.00992800 0.02257800
v -0.06965000 0.00992800 0.02257800
v -0.06965000 0.00992800 0.02257800
v -0.06965000 0.01164100 0.02229000
v -0.06965000 0.01164100 0.02229000
v -0.06965000 0.01164100 0.02229000
v -0.06965000 0.01315100 0.02143300
v -0.06965000 0.01315100 0.02143300
v -0.06965000 0.01315100 0.02143300
v -0.06965000 -0.02520600 -0.00019600
v -0.06965000 -0.02520600 -0.00019600
v -0.06965000 -0.02520600 -0.00019600
v -0.06965000 -0.02520600 -0.00019600
v -0.06965000 0.02451700 0.00269100
v -0.06965000 0.02451700 0.00269100
v -0.06965000 0.02451700 0.00269100
v -0.06965000 0.02451700 0.00269100
v -0.06965000 -0.02512400 -0.00106400
v -0.06965000 -0.02512400 -0.00106400
v -0.06965000 -0.02512400 -0.00106400
v -0.06965000 -0.02451700 -0.00269100
v -0.06965000 -0.02451700 -0.00269100
v -0.06965000 -0.02451700 -0.00269100
v -0.06965000 -0.02451700 -0.00269100
v -0.06965000 -0.01458900 0.01988700
v -0.06965000 -0.01458900 0.01988700
v -0.06965000 -0.01458900 0.01988700
v -0.06965000 -0.01458900 0.01988700
v -0.06965000 -0.01348300 0.02122600
v -0.06965000 -0.01348300 0.02122600
v -0.06965000 -0.01348300 0.02122600
v -0.06965000 0.02502600 0.00148900
v -0.06965000 0.02502600 0.00148900
v -0.06965000 0.02502600 0.00148900
v -0.06965000 0.02502600 0.00148900
v -0.06965000 -0.02513700 0.00067300
v -0.06965000 -0.02513700 0.00067300
v -0.06965000 -0.02513700 0.00067300
v -0.06965000 -0.02513700 0.00067300
v -0.06965000 -0.02455600 0.00230900
v -0.06965000 -0.02455600 0.00230900
v -0.06965000 -0.02455600 0.00230900
v -0.06965000 -0.02455600 0.00230900
v -0.06965000 0.01427800 0.02011200
v -0.06965000 0.01427800 0.02011200
v -0.06965000 0.01427800 0.02011200
v -0.06965000 -0.01027800 0.02242100
v -0.06965000 -0.01027800 0.02242100
v -0.06965000 -0.01027800 0.02242100
v -0.06965000 -0.01198600 0.02210600
v -0.06965000 -0.01198600 0.02210600
v -0.06965000 -0.01198600 0.02210600
v -0.06965000 -0.01164100 -0.02229000
v -0.06965000 -0.01164100 -0.02229000
v -0.06965000 -0.01164100 -0.02229000
v -0.06965000 -0.01315100 -0.02143300
v -0.06965000 -0.01315100 -0.02143300
v -0.06965000 -0.01315100 -0.02143300
v -0.06965000 -0.00992800 -0.02257800
v -0.06965000 -0.00992800 -0.02257800
v -0.06965000 -0.00992800 -0.02257800
v -0.06965000 0.01027800 -0.02242100
v -0.06965000 0.01027800 -0.02242100
v -0.06965000 0.01027800 -0.02242100
v -0.06965000 0.01198600 -0.02210600
v -0.06965000 0.01198600 -0.02210600
v -0.06965000 0.01198600 -0.02210600
v -0.06965000 0.01348300 -0.02122600
v -0.06965000 0.01348300 -0.02122600
v -0.06965000 0.01348300 -0.02122600
v -0.06965000 -0.02999900 -0.00023300
v -0.06965000 -0.02999900 -0.00023300
v -0.06965000 -0.02999900 -0.00023300
v -0.06965000 -0.02999900 -0.00023300
v -0.07465000 -0.02999900 -0.00023300
v -0.07465000 -0.02999900 -0.00023300
v -0.07465000 -0.02999900 -0.00023300
v -0.07465000 -0.02999900 -0.00023300
v -0.07465000 -0.02990800 -0.00234200
v -0.07465000 -0.02990800 -0.00234200
v -0.07465000 -0.02990800 -0.00234200
v -0.07465000 -0.02990800 -0.00234200
v -0.07465000 -0.02990800 -0.00234200
v -0.07465000 -0.02990800 -0.00234200
v -0.07315000 -0.00434500 -0.02968400
v -0.07315000 -0.00434500 -0.02968400
v -0.07315000 -0.00434500 -0.02968400
v -0.07315000 -0.00434500 -0.02968400
v -0.07315000 -0.00434500 -0.02968400
v -0.07315000 -0.00434500 -0.02968400
v -0.07465000 -0.00785800 -0.02895200
v -0.07465000 -0.00785800 -0.02895200
v -0.07465000 -0.00785800 -0.02895200
v -0.07465000 -0.00785800 -0.02895200
v -0.07465000 -0.00785800 -0.02895200
v -0.07465000 -0.00785800 -0.02895200
v -0.07465000 -0.00785800 -0.02895200
v -0.07465000 -0.00665300 -0.02925300
v -0.07465000 -0.00665300 -0.02925300
v -0.07465000 -0.00665300 -0.02925300
v -0.07465000 -0.00665300 -0.02925300
v -0.07465000 -0.00665300 -0.02925300
v -0.07465000 -0.00665300 -0.02925300
v -0.07465000 -0.00665300 -0.02925300
v -0.07465000 -0.00455800 -0.02965200
v -0.07465000 -0.00455800 -0.02965200
v -0.07465000 -0.00455800 -0.02965200
v -0.07465000 -0.00455800 -0.02965200
v -0.07433300 -0.00444200 -0.02966900
v -0.07433300 -0.00444200 -0.02966900
v -0.07433300 -0.00444200 -0.02966900
v -0.07433300 -0.00444200 -0.02966900
v -0.07433300 -0.00444200 -0.02966900
v -0.07365000 -0.00434500 -0.02968400
v -0.07365000 -0.00434500 -0.02968400
v -0.07365000 -0.00434500 -0.02968400
v -0.07365000 -0.00434500 -0.02968400
v -0.07216900 -0.00423400 -0.02970000
v -0.07216900 -0.00423400 -0.02970000
v -0.07216900 -0.00423400 -0.02970000
v -0.07216900 -0.00423400 -0.02970000
v -0.07216900 -0.00423400 -0.02970000
v -0.07216900 -0.00423400 -0.02970000
v -0.07122800 -0.00390100 -0.02974500
v -0.07122800 -0.00390100 -0.02974500
v -0.07122800 -0.00390100 -0.02974500
v -0.07122800 -0.00390100 -0.02974500
v -0.07122800 -0.00390100 -0.02974500
v -0.06465000 -0.00785800 -0.02895200
v -0.06465000 -0.00785800 -0.02895200
v -0.06465000 -0.00785800 -0.02895200
v -0.06465000 -0.00785800 -0.02895200
v -0.06465000 -0.00785800 -0.02895200
v -0.06465000 -0.00785800 -0.02895200
v -0.06465000 -0.00785800 -0.02895200
v -0.06465000 -0.00785800 -0.02895200
v -0.06465000 -0.00785800 -0.02895200
v -0.06465000 -0.00785800 -0.02895200
v -0.06465000 -0.00785800 -0.02895200
v -0.07094700 -0.00375400 -0.02976400
v -0.07094700 -0.00375400 -0.02976400
v -0.07094700 -0.00375400 -0.02976400
v -0.07094700 -0.00375400 -0.02976400
v -0.07094700 -0.00375400 -0.02976400
v -0.07094700 -0.00375400 -0.02976400
v -0.07094700 -0.00375400 -0.02976400
v -0.07036900 -0.00336500 -0.02981100
v -0.07036900 -0.00336500 -0.02981100
v -0.07036900 -0.00336500 -0.02981100
v -0.07036900 -0.00336500 -0.02981100
v -0.07036900 -0.00336500 -0.02981100
v -0.07036900 -0.00336500 -0.02981100
v -0.07036900 -0.00336500 -0.02981100
v -0.06966400 -0.00266100 -0.02988200
v -0.06966400 -0.00266100 -0.02988200
v -0.06966400 -0.00266100 -0.02988200
v -0.06966400 -0.00266100 -0.02988200
v -0.06966400 -0.00266100 -0.02988200
v -0.06966400 -0.00266100 -0.02988200
v -0.06965000 -0.00264400 -0.02988300
v -0.06965000 -0.00264400 -0.02988300
v -0.06965000 -0.00264400 -0.02988300
v -0.06965000 -0.00264400 -0.02988300
v -0.06965000 -0.00264400 -0.02988300
v -0.06965000 -0.00264400 -0.02988300
v -0.06965000 -0.00264400 -0.02988300
v -0.06954100 -0.00250100 -0.02989600
v -0.06954100 -0.00250100 -0.02989600
v -0.06954100 -0.00250100 -0.02989600
v -0.06954100 -0.00250100 -0.02989600
v -0.06465000 -0.00249200 -0.02989600
v -0.06465000 -0.00249200 -0.02989600
v -0.06465000 -0.00249200 -0.02989600
v -0.06465000 -0.00249200 -0.02989600
v -0.06465000 -0.00249200 -0.02989600
v -0.06465000 -0.00249200 -0.02989600
v -0.06465000 -0.00249200 -0.02989600
v -0.06465000 -0.00249200 -0.02989600
v -0.06465000 -0.00249200 -0.02989600
v -0.06465000 -0.00497900 -0.02958400
v -0.06465000 -0.00497900 -0.02958400
v -0.06465000 -0.00497900 -0.02958400
v -0.06465000 -0.00497900 -0.02958400
v -0.06465000 -0.02999900 -0.00023300
v -0.06465000 -0.02999900 -0.00023300
v -0.06465000 -0.02999900 -0.00023300
v -0.06465000 -0.02999900 -0.00023300
v -0.07465000 0.02986400 -0.00285600
v -0.07465000 0.02986400 -0.00285600
v -0.07465000 0.02986400 -0.00285600
v -0.07465000 0.02986400 -0.00285600
v -0.07465000 0.02986400 -0.00285600
v -0.07465000 0.02986400 -0.00285600
v -0.07465000 0.02986400 -0.00285600
v -0.07465000 0.02999900 0.00023300
v -0.07465000 0.02999900 0.00023300
v -0.07465000 0.02999900 0.00023300
v -0.07465000 0.02999900 0.00023300
v -0.06965000 0.02999900 0.00023300
v -0.06965000 0.02999900 0.00023300
v -0.06965000 0.02999900 0.00023300
v -0.06965000 0.02999900 0.00023300
v -0.07433300 0.00490400 -0.02959700
v -0.07433300 0.00490400 -0.02959700
v -0.07433300 0.00490400 -0.02959700
v -0.07433300 0.00490400 -0.02959700
v -0.07433300 0.00490400 -0.02959700
v -0.07465000 0.00501900 -0.02957700
v -0.07465000 0.00501900 -0.02957700
v -0.07465000 0.00501900 -0.02957700
v -0.07465000 0.00753500 -0.02903800
v -0.07465000 0.00753500 -0.02903800
v -0.07465000 0.00753500 -0.02903800
v -0.07465000 0.00753500 -0.02903800
v -0.07465000 0.00753500 -0.02903800
v -0.07465000 0.00753500 -0.02903800
v -0.07465000 0.00753500 -0.02903800
v -0.07465000 0.00753500 -0.02903800
v -0.07465000 0.00753500 -0.02903800
v -0.07465000 0.00753500 -0.02903800
v -0.07465000 0.00753500 -0.02903800
v -0.07465000 0.00753500 -0.02903800
v -0.07145900 0.00447200 -0.02966500
v -0.07145900 0.00447200 -0.02966500
v -0.07145900 0.00447200 -0.02966500
v -0.07145900 0.00447200 -0.02966500
v -0.07145900 0.00447200 -0.02966500
v -0.07145900 0.00447200 -0.02966500
v -0.07145900 0.00447200 -0.02966500
v -0.07145900 0.00447200 -0.02966500
v -0.07145900 0.00447200 -0.02966500
v -0.07286500 0.00479800 -0.02961400
v -0.07286500 0.00479800 -0.02961400
v -0.07286500 0.00479800 -0.02961400
v -0.07286500 0.00479800 -0.02961400
v -0.07286500 0.00479800 -0.02961400
v -0.07465000 0.00830800 -0.02882700
v -0.07465000 0.00830800 -0.02882700
v -0.07465000 0.00830800 -0.02882700
v -0.07465000 0.00830800 -0.02882700
v -0.07465000 0.00830800 -0.02882700
v -0.07465000 0.00830800 -0.02882700
v -0.07465000 0.00830800 -0.02882700
v -0.07465000 0.00830800 -0.02882700
v -0.07465000 0.00830800 -0.02882700
v -0.07315000 0.00480700 -0.02961200
v -0.07315000 0.00480700 -0.02961200
v -0.07315000 0.00480700 -0.02961200
v -0.07315000 0.00480700 -0.02961200
v -0.07315000 0.00480700 -0.02961200
v -0.07365000 0.00480700 -0.02961200
v -0.07365000 0.00480700 -0.02961200
v -0.07365000 0.00480700 -0.02961200
v -0.07365000 0.00480700 -0.02961200
v -0.07365000 0.00480700 -0.02961200
v -0.06911600 -0.00179200 -0.02994600
v -0.06911600 -0.00179200 -0.02994600
v -0.06911600 -0.00179200 -0.02994600
v -0.06911600 -0.00179200 -0.02994600
v -0.06878500 -0.00084000 -0.02998800
v -0.06878500 -0.00084000 -0.02998800
v -0.06878500 -0.00084000 -0.02998800
v -0.06878500 -0.00084000 -0.02998800
v -0.06878500 -0.00084000 -0.02998800
v -0.06465000 0.00023300 -0.02999900
v -0.06465000 0.00023300 -0.02999900
v -0.06465000 0.00023300 -0.02999900
v -0.06465000 0.00023300 -0.02999900
v -0.06465000 0.00023300 -0.02999900
v -0.06865800 0.00019200 -0.02999900
v -0.06865800 0.00019200 -0.02999900
v -0.06865800 0.00019200 -0.02999900
v -0.06865800 0.00019200 -0.02999900
v -0.06865800 0.00019200 -0.02999900
v -0.06465000 0.00295700 -0.02985400
v -0.06465000 0.00295700 -0.02985400
v -0.06465000 0.00295700 -0.02985400
v -0.06465000 0.00295700 -0.02985400
v -0.06465000 0.00295700 -0.02985400
v -0.06465000 0.00295700 -0.02985400
v -0.06465000 0.00295700 -0.02985400
v -0.06465000 0.00295700 -0.02985400
v -0.06875100 0.00119200 -0.02997600
v -0.06875100 0.00119200 -0.02997600
v -0.06875100 0.00119200 -0.02997600
v -0.06875100 0.00119200 -0.02997600
v -0.06899200 0.00198200 -0.02993400
v -0.06899200 0.00198200 -0.02993400
v -0.06899200 0.00198200 -0.02993400
v -0.06899200 0.00198200 -0.02993400
v -0.06928100 0.00257000 -0.02989000
v -0.06928100 0.00257000 -0.02989000
v -0.06928100 0.00257000 -0.02989000
v -0.06928100 0.00257000 -0.02989000
v -0.06953800 0.00296200 -0.02985300
v -0.06953800 0.00296200 -0.02985300
v -0.06953800 0.00296200 -0.02985300
v -0.06953800 0.00296200 -0.02985300
v -0.06953800 0.00296200 -0.02985300
v -0.06465000 0.00543900 -0.02950300
v -0.06465000 0.00543900 -0.02950300
v -0.06465000 0.00543900 -0.02950300
v -0.06465000 0.00543900 -0.02950300
v -0.06965000 0.00310900 -0.02983800
v -0.06965000 0.00310900 -0.02983800
v -0.06965000 0.00310900 -0.02983800
v -0.06965000 0.00310900 -0.02983800
v -0.06965000 0.00310900 -0.02983800
v -0.06965000 0.00310900 -0.02983800
v -0.06965000 0.00310900 -0.02983800
v -0.06965000 0.00310900 -0.02983800
v -0.06965000 0.00310900 -0.02983800
v -0.06965000 0.00310900 -0.02983800
v -0.06465000 0.00830800 -0.02882700
v -0.06465000 0.00830800 -0.02882700
v -0.06465000 0.00830800 -0.02882700
v -0.06465000 0.00830800 -0.02882700
v -0.06465000 0.00830800 -0.02882700
v -0.06465000 0.00830800 -0.02882700
v -0.06465000 0.00830800 -0.02882700
v -0.06465000 0.00830800 -0.02882700
v -0.07015300 0.00364500 -0.02977800
v -0.07015300 0.00364500 -0.02977800
v -0.07015300 0.00364500 -0.02977800
v -0.07015300 0.00364500 -0.02977800
v -0.07015300 0.00364500 -0.02977800
v -0.07015300 0.00364500 -0.02977800
v -0.07015300 0.00364500 -0.02977800
v -0.07076800 0.00411400 -0.02971700
v -0.07076800 0.00411400 -0.02971700
v -0.07076800 0.00411400 -0.02971700
v -0.07076800 0.00411400 -0.02971700
v -0.07076800 0.00411400 -0.02971700
v -0.07076800 0.00411400 -0.02971700
v -0.07076800 0.00411400 -0.02971700
v -0.07076800 0.00411400 -0.02971700
v -0.07465000 -0.01296600 -0.02705300
v -0.07465000 -0.01296600 -0.02705300
v -0.07465000 -0.01296600 -0.02705300
v -0.07465000 -0.01296600 -0.02705300
v -0.07465000 -0.01296600 -0.02705300
v -0.07465000 -0.01296600 -0.02705300
v -0.07465000 -0.01296600 -0.02705300
v -0.06465000 -0.01479700 -0.02609700
v -0.06465000 -0.01479700 -0.02609700
v -0.06465000 -0.01479700 -0.02609700
v -0.06465000 -0.01479700 -0.02609700
v -0.07465000 -0.01659600 -0.02499200
v -0.07465000 -0.01659600 -0.02499200
v -0.07465000 -0.01659600 -0.02499200
v -0.07465000 -0.01659600 -0.02499200
v -0.07465000 -0.01659600 -0.02499200
v -0.06465000 -0.01764500 -0.02426200
v -0.06465000 -0.01764500 -0.02426200
v -0.06465000 -0.01764500 -0.02426200
v -0.06465000 -0.01764500 -0.02426200
v -0.06465000 -0.01764500 -0.02426200
v -0.07465000 -0.01764500 -0.02426200
v -0.07465000 -0.01764500 -0.02426200
v -0.07465000 -0.01764500 -0.02426200
v -0.07465000 -0.01764500 -0.02426200
v -0.07465000 -0.01764500 -0.02426200
v -0.07465000 -0.01764500 -0.02426200
v -0.06465000 -0.01910400 -0.02313100
v -0.06465000 -0.01910400 -0.02313100
v -0.06465000 -0.01910400 -0.02313100
v -0.06465000 -0.01910400 -0.02313100
v -0.07465000 -0.02083000 -0.02159000
v -0.07465000 -0.02083000 -0.02159000
v -0.07465000 -0.02083000 -0.02159000
v -0.07465000 -0.02083000 -0.02159000
v -0.07465000 -0.02083000 -0.02159000
v -0.06465000 -0.02174300 -0.02067000
v -0.06465000 -0.02174300 -0.02067000
v -0.06465000 -0.02174300 -0.02067000
v -0.06465000 -0.02174300 -0.02067000
v -0.06465000 -0.02174300 -0.02067000
v -0.07465000 -0.02174300 -0.02067000
v -0.07465000 -0.02174300 -0.02067000
v -0.07465000 -0.02174300 -0.02067000
v -0.07465000 -0.02174300 -0.02067000
v -0.07465000 -0.02174300 -0.02067000
v -0.07465000 -0.02174300 -0.02067000
v -0.06465000 -0.02283100 -0.01946200
v -0.06465000 -0.02283100 -0.01946200
v -0.06465000 -0.02283100 -0.01946200
v -0.06465000 -0.02283100 -0.01946200
v -0.07465000 -0.02438100 -0.01748000
v -0.07465000 -0.02438100 -0.01748000
v -0.07465000 -0.02438100 -0.01748000
v -0.07465000 -0.02438100 -0.01748000
v -0.07465000 -0.02438100 -0.01748000
v -0.06465000 -0.02512300 -0.01639600
v -0.06465000 -0.02512300 -0.01639600
v -0.06465000 -0.02512300 -0.01639600
v -0.06465000 -0.02512300 -0.01639600
v -0.06465000 -0.02512300 -0.01639600
v -0.07465000 -0.02512300 -0.01639600
v -0.07465000 -0.02512300 -0.01639600
v -0.07465000 -0.02512300 -0.01639600
v -0.07465000 -0.02512300 -0.01639600
v -0.07465000 -0.02512300 -0.01639600
v -0.07465000 -0.02512300 -0.01639600
v -0.06465000 -0.02586300 -0.01520200
v -0.06465000 -0.02586300 -0.01520200
v -0.06465000 -0.02586300 -0.01520200
v -0.06465000 -0.02586300 -0.01520200
v -0.07465000 -0.02713300 -0.01279800
v -0.07465000 -0.02713300 -0.01279800
v -0.07465000 -0.02713300 -0.01279800
v -0.07465000 -0.02713300 -0.01279800
v -0.07465000 -0.02713300 -0.01279800
v -0.06465000 -0.02767400 -0.01158200
v -0.06465000 -0.02767400 -0.01158200
v -0.06465000 -0.02767400 -0.01158200
v -0.06465000 -0.02767400 -0.01158200
v -0.06465000 -0.02767400 -0.01158200
v -0.07465000 -0.02767400 -0.01158200
v -0.07465000 -0.02767400 -0.01158200
v -0.07465000 -0.02767400 -0.01158200
v -0.07465000 -0.02767400 -0.01158200
v -0.07465000 -0.02767400 -0.01158200
v -0.07465000 -0.02767400 -0.01158200
v -0.06465000 -0.02811000 -0.01048000
v -0.06465000 -0.02811000 -0.01048000
v -0.06465000 -0.02811000 -0.01048000
v -0.06465000 -0.02811000 -0.01048000
v -0.07465000 -0.02899600 -0.00769600
v -0.07465000 -0.02899600 -0.00769600
v -0.07465000 -0.02899600 -0.00769600
v -0.07465000 -0.02899600 -0.00769600
v -0.07465000 -0.02899600 -0.00769600
v -0.06465000 -0.02931300 -0.00638500
v -0.06465000 -0.02931300 -0.00638500
v -0.06465000 -0.02931300 -0.00638500
v -0.06465000 -0.02931300 -0.00638500
v -0.06465000 -0.02931300 -0.00638500
v -0.07465000 -0.02931300 -0.00638500
v -0.07465000 -0.02931300 -0.00638500
v -0.07465000 -0.02931300 -0.00638500
v -0.07465000 -0.02931300 -0.00638500
v -0.07465000 -0.02931300 -0.00638500
v -0.07465000 -0.02931300 -0.00638500
v -0.06465000 -0.02950300 -0.00543900
v -0.06465000 -0.02950300 -0.00543900
v -0.06465000 -0.02950300 -0.00543900
v -0.06465000 -0.02950300 -0.00543900
v -0.06465000 -0.02998400 -0.00097700
v -0.06465000 -0.02998400 -0.00097700
v -0.06465000 -0.02998400 -0.00097700
v -0.06465000 -0.02998400 -0.00097700
v -0.06465000 -0.02998400 -0.00097700
v -0.07465000 -0.01181800 -0.02757400
v -0.07465000 -0.01181800 -0.02757400
v -0.07465000 -0.01181800 -0.02757400
v -0.07465000 -0.01181800 -0.02757400
v -0.07465000 -0.01181800 -0.02757400
v -0.06465000 -0.01004100 -0.02827000
v -0.06465000 -0.01004100 -0.02827000
v -0.06465000 -0.01004100 -0.02827000
v -0.06465000 -0.01004100 -0.02827000
v -0.06465000 -0.01296600 -0.02705300
v -0.06465000 -0.01296600 -0.02705300
v -0.06465000 -0.01296600 -0.02705300
v -0.06465000 0.01048000 -0.02811000
v -0.06465000 0.01048000 -0.02811000
v -0.06465000 0.01048000 -0.02811000
v -0.06465000 0.01048000 -0.02811000
v -0.07465000 0.01246200 -0.02728900
v -0.07465000 0.01246200 -0.02728900
v -0.07465000 0.01246200 -0.02728900
v -0.07465000 0.01246200 -0.02728900
v -0.07465000 0.01246200 -0.02728900
v -0.06465000 0.01338500 -0.02684800
v -0.06465000 0.01338500 -0.02684800
v -0.06465000 0.01338500 -0.02684800
v -0.06465000 0.01338500 -0.02684800
v -0.06465000 0.01338500 -0.02684800
v -0.07465000 0.01338500 -0.02684800
v -0.07465000 0.01338500 -0.02684800
v -0.07465000 0.01338500 -0.02684800
v -0.07465000 0.01338500 -0.02684800
v -0.07465000 0.01338500 -0.02684800
v -0.07465000 0.01338500 -0.02684800
v -0.06465000 0.01520200 -0.02586300
v -0.06465000 0.01520200 -0.02586300
v -0.06465000 0.01520200 -0.02586300
v -0.06465000 0.01520200 -0.02586300
v -0.07465000 0.01701100 -0.02471100
v -0.07465000 0.01701100 -0.02471100
v -0.07465000 0.01701100 -0.02471100
v -0.07465000 0.01701100 -0.02471100
v -0.07465000 0.01701100 -0.02471100
v -0.06465000 0.01802100 -0.02398400
v -0.06465000 0.01802100 -0.02398400
v -0.06465000 0.01802100 -0.02398400
v -0.06465000 0.01802100 -0.02398400
v -0.06465000 0.01802100 -0.02398400
v -0.07465000 0.01802100 -0.02398400
v -0.07465000 0.01802100 -0.02398400
v -0.07465000 0.01802100 -0.02398400
v -0.07465000 0.01802100 -0.02398400
v -0.07465000 0.01802100 -0.02398400
v -0.07465000 0.01802100 -0.02398400
v -0.06465000 0.01946200 -0.02283100
v -0.06465000 0.01946200 -0.02283100
v -0.06465000 0.01946200 -0.02283100
v -0.06465000 0.01946200 -0.02283100
v -0.07465000 0.02104300 -0.02138200
v -0.07465000 0.02104300 -0.02138200
v -0.07465000 0.02104300 -0.02138200
v -0.07465000 0.02104300 -0.02138200
v -0.07465000 0.02104300 -0.02138200
v -0.06465000 0.02206200 -0.02032900
v -0.06465000 0.02206200 -0.02032900
v -0.06465000 0.02206200 -0.02032900
v -0.06465000 0.02206200 -0.02032900
v -0.06465000 0.02206200 -0.02032900
v -0.07465000 0.02206200 -0.02032900
v -0.07465000 0.02206200 -0.02032900
v -0.07465000 0.02206200 -0.02032900
v -0.07465000 0.02206200 -0.02032900
v -0.07465000 0.02206200 -0.02032900
v -0.07465000 0.02206200 -0.02032900
v -0.06465000 0.02313100 -0.01910400
v -0.06465000 0.02313100 -0.01910400
v -0.06465000 0.02313100 -0.01910400
v -0.06465000 0.02313100 -0.01910400
v -0.07465000 0.02443600 -0.01740300
v -0.07465000 0.02443600 -0.01740300
v -0.07465000 0.02443600 -0.01740300
v -0.07465000 0.02443600 -0.01740300
v -0.07465000 0.02443600 -0.01740300
v -0.06465000 0.02537500 -0.01600300
v -0.06465000 0.02537500 -0.01600300
v -0.06465000 0.02537500 -0.01600300
v -0.06465000 0.02537500 -0.01600300
v -0.06465000 0.02537500 -0.01600300
v -0.07465000 0.02537500 -0.01600300
v -0.07465000 0.02537500 -0.01600300
v -0.07465000 0.02537500 -0.01600300
v -0.07465000 0.02537500 -0.01600300
v -0.07465000 0.02537500 -0.01600300
v -0.07465000 0.02537500 -0.01600300
v -0.06465000 0.02609700 -0.01479700
v -0.06465000 0.02609700 -0.01479700
v -0.06465000 0.02609700 -0.01479700
v -0.06465000 0.02609700 -0.01479700
v -0.07465000 0.02708700 -0.01289600
v -0.07465000 0.02708700 -0.01289600
v -0.07465000 0.02708700 -0.01289600
v -0.07465000 0.02708700 -0.01289600
v -0.07465000 0.02708700 -0.01289600
v -0.06465000 0.02785100 -0.01114900
v -0.06465000 0.02785100 -0.01114900
v -0.06465000 0.02785100 -0.01114900
v -0.06465000 0.02785100 -0.01114900
v -0.06465000 0.02785100 -0.01114900
v -0.07465000 0.02785100 -0.01114900
v -0.07465000 0.02785100 -0.01114900
v -0.07465000 0.02785100 -0.01114900
v -0.07465000 0.02785100 -0.01114900
v -0.07465000 0.02785100 -0.01114900
v -0.07465000 0.02785100 -0.01114900
v -0.06465000 0.02827000 -0.01004100
v -0.06465000 0.02827000 -0.01004100
v -0.06465000 0.02827000 -0.01004100
v -0.06465000 0.02827000 -0.01004100
v -0.07465000 0.02891400 -0.00799800
v -0.07465000 0.02891400 -0.00799800
v -0.07465000 0.02891400 -0.00799800
v -0.07465000 0.02891400 -0.00799800
v -0.07465000 0.02891400 -0.00799800
v -0.06465000 0.02940900 -0.00592800
v -0.06465000 0.02940900 -0.00592800
v -0.06465000 0.02940900 -0.00592800
v -0.06465000 0.02940900 -0.00592800
v -0.06465000 0.02940900 -0.00592800
v -0.07465000 0.02940900 -0.00592800
v -0.07465000 0.02940900 -0.00592800
v -0.07465000 0.02940900 -0.00592800
v -0.07465000 0.02940900 -0.00592800
v -0.07465000 0.02940900 -0.00592800
v -0.06465000 0.02958400 -0.00497900
v -0.06465000 0.02958400 -0.00497900
v -0.06465000 0.02958400 -0.00497900
v -0.06465000 0.02958400 -0.00497900
v -0.06465000 0.02999600 -0.00051100
v -0.06465000 0.02999600 -0.00051100
v -0.06465000 0.02999600 -0.00051100
v -0.06465000 0.02999600 -0.00051100
v -0.06465000 0.02999600 -0.00051100
v -0.06465000 0.02999900 0.00023300
v -0.06465000 0.02999900 0.00023300
v -0.06465000 0.02999900 0.00023300
v -0.06465000 0.02999900 0.00023300
v -0.07036900 0.02749900 0.01199100
v -0.07036900 0.02749900 0.01199100
v -0.07036900 0.02749900 0.01199100
v -0.07036900 0.02749900 0.01199100
v -0.07036900 0.02749900 0.01199100
v -0.07036900 0.02749900 0.01199100
v -0.07036900 0.02749900 0.01199100
v -0.06465000 0.02767400 0.01158200
v -0.06465000 0.02767400 0.01158200
v -0.06465000 0.02767400 0.01158200
v -0.06465000 0.02767400 0.01158200
v -0.06465000 0.02767400 0.01158200
v -0.06465000 0.02767400 0.01158200
v -0.06465000 0.02767400 0.01158200
v -0.06465000 0.02767400 0.01158200
v -0.06465000 0.02767400 0.01158200
v -0.06465000 0.02767400 0.01158200
v -0.06465000 0.02767400 0.01158200
v -0.06465000 0.02767400 0.01158200
v -0.06465000 0.02767400 0.01158200
v -0.07094700 0.02765400 0.01163100
v -0.07094700 0.02765400 0.01163100
v -0.07094700 0.02765400 0.01163100
v -0.07094700 0.02765400 0.01163100
v -0.07094700 0.02765400 0.01163100
v -0.07094700 0.02765400 0.01163100
v -0.07106900 0.02768000 0.01156900
v -0.07106900 0.02768000 0.01156900
v -0.07106900 0.02768000 0.01156900
v -0.07106900 0.02768000 0.01156900
v -0.07106900 0.02768000 0.01156900
v -0.06975700 0.02725600 0.01253300
v -0.06975700 0.02725600 0.01253300
v -0.06975700 0.02725600 0.01253300
v -0.06975700 0.02725600 0.01253300
v -0.06975700 0.02725600 0.01253300
v -0.06975700 0.02725600 0.01253300
v -0.06966400 0.02720900 0.01263600
v -0.06966400 0.02720900 0.01263600
v -0.06966400 0.02720900 0.01263600
v -0.06966400 0.02720900 0.01263600
v -0.06966400 0.02720900 0.01263600
v -0.06965000 0.02720200 0.01265200
v -0.06965000 0.02720200 0.01265200
v -0.06965000 0.02720200 0.01265200
v -0.06965000 0.02720200 0.01265200
v -0.06965000 0.02720200 0.01265200
v -0.06965000 0.02720200 0.01265200
v -0.06965000 0.02720200 0.01265200
v -0.06911600 0.02683100 0.01342100
v -0.06911600 0.02683100 0.01342100
v -0.06911600 0.02683100 0.01342100
v -0.06911600 0.02683100 0.01342100
v -0.06878500 0.02639100 0.01426700
v -0.06878500 0.02639100 0.01426700
v -0.06878500 0.02639100 0.01426700
v -0.06878500 0.02639100 0.01426700
v -0.06878500 0.02639100 0.01426700
v -0.06465000 0.02586300 0.01520200
v -0.06465000 0.02586300 0.01520200
v -0.06465000 0.02586300 0.01520200
v -0.06465000 0.02586300 0.01520200
v -0.06465000 0.02586300 0.01520200
v -0.06865800 0.02588400 0.01516600
v -0.06865800 0.02588400 0.01516600
v -0.06865800 0.02588400 0.01516600
v -0.06865800 0.02588400 0.01516600
v -0.06865800 0.02588400 0.01516600
v -0.06465000 0.02512300 0.01639600
v -0.06465000 0.02512300 0.01639600
v -0.06465000 0.02512300 0.01639600
v -0.06465000 0.02512300 0.01639600
v -0.06465000 0.02512300 0.01639600
v -0.06465000 0.02512300 0.01639600
v -0.06465000 0.02512300 0.01639600
v -0.07216900 0.02783800 0.01118300
v -0.07216900 0.02783800 0.01118300
v -0.07216900 0.02783800 0.01118300
v -0.07216900 0.02783800 0.01118300
v -0.07216900 0.02783800 0.01118300
v -0.07216900 0.02783800 0.01118300
v -0.07465000 0.02931300 0.00638500
v -0.07465000 0.02931300 0.00638500
v -0.07465000 0.02931300 0.00638500
v -0.07465000 0.02931300 0.00638500
v -0.07465000 0.02931300 0.00638500
v -0.07465000 0.02931300 0.00638500
v -0.07465000 0.02931300 0.00638500
v -0.07465000 0.02931300 0.00638500
v -0.07315000 0.02787900 0.01107900
v -0.07315000 0.02787900 0.01107900
v -0.07315000 0.02787900 0.01107900
v -0.07315000 0.02787900 0.01107900
v -0.07315000 0.02787900 0.01107900
v -0.07315000 0.02787900 0.01107900
v -0.07465000 0.02896400 0.00781600
v -0.07465000 0.02896400 0.00781600
v -0.07465000 0.02896400 0.00781600
v -0.07465000 0.02896400 0.00781600
v -0.07465000 0.02896400 0.00781600
v -0.07465000 0.02896400 0.00781600
v -0.07465000 0.02896400 0.00781600
v -0.07465000 0.02795800 0.01087900
v -0.07465000 0.02795800 0.01087900
v -0.07465000 0.02795800 0.01087900
v -0.07465000 0.02795800 0.01087900
v -0.07433300 0.02791500 0.01098800
v -0.07433300 0.02791500 0.01098800
v -0.07433300 0.02791500 0.01098800
v -0.07433300 0.02791500 0.01098800
v -0.07433300 0.02791500 0.01098800
v -0.07365000 0.02787900 0.01107900
v -0.07365000 0.02787900 0.01107900
v -0.07365000 0.02787900 0.01107900
v -0.07365000 0.02787900 0.01107900
v -0.07122800 0.02771100 0.01149400
v -0.07122800 0.02771100 0.01149400
v -0.07122800 0.02771100 0.01149400
v -0.07122800 0.02771100 0.01149400
v -0.07122800 0.02771100 0.01149400
v -0.07122800 0.02771100 0.01149400
v -0.07122800 0.02771100 0.01149400
v -0.06465000 0.02811000 0.01048000
v -0.06465000 0.02811000 0.01048000
v -0.06465000 0.02811000 0.01048000
v -0.06465000 0.02811000 0.01048000
v -0.06465000 0.02931300 0.00638500
v -0.06465000 0.02931300 0.00638500
v -0.06465000 0.02931300 0.00638500
v -0.06465000 0.02931300 0.00638500
v -0.06465000 0.02931300 0.00638500
v -0.06465000 0.02931300 0.00638500
v -0.06465000 0.02998400 0.00097700
v -0.06465000 0.02998400 0.00097700
v -0.06465000 0.02998400 0.00097700
v -0.06465000 0.02998400 0.00097700
v -0.06465000 0.02998400 0.00097700
v -0.07465000 0.02976100 0.00378000
v -0.07465000 0.02976100 0.00378000
v -0.07465000 0.02976100 0.00378000
v -0.07465000 0.02976100 0.00378000
v -0.07465000 0.02976100 0.00378000
v -0.07465000 0.02976100 0.00378000
v -0.07465000 -0.02984100 0.00308900
v -0.07465000 -0.02984100 0.00308900
v -0.07465000 -0.02984100 0.00308900
v -0.07465000 -0.02984100 0.00308900
v -0.07465000 -0.02984100 0.00308900
v -0.07465000 -0.02984100 0.00308900
v -0.07465000 -0.02984100 0.00308900
v -0.07433300 -0.02808300 0.01055200
v -0.07433300 -0.02808300 0.01055200
v -0.07433300 -0.02808300 0.01055200
v -0.07433300 -0.02808300 0.01055200
v -0.07433300 -0.02808300 0.01055200
v -0.07465000 -0.02812400 0.01044200
v -0.07465000 -0.02812400 0.01044200
v -0.07465000 -0.02812400 0.01044200
v -0.07465000 -0.02879500 0.00841800
v -0.07465000 -0.02879500 0.00841800
v -0.07465000 -0.02879500 0.00841800
v -0.07465000 -0.02879500 0.00841800
v -0.07465000 -0.02879500 0.00841800
v -0.07465000 -0.02879500 0.00841800
v -0.07465000 -0.02879500 0.00841800
v -0.07465000 -0.02879500 0.00841800
v -0.07465000 -0.02879500 0.00841800
v -0.07465000 -0.02879500 0.00841800
v -0.07465000 -0.02879500 0.00841800
v -0.07465000 -0.02879500 0.00841800
v -0.07145900 -0.02792600 0.01096000
v -0.07145900 -0.02792600 0.01096000
v -0.07145900 -0.02792600 0.01096000
v -0.07145900 -0.02792600 0.01096000
v -0.07145900 -0.02792600 0.01096000
v -0.07145900 -0.02792600 0.01096000
v -0.07145900 -0.02792600 0.01096000
v -0.07145900 -0.02792600 0.01096000
v -0.07286500 -0.02804500 0.01065200
v -0.07286500 -0.02804500 0.01065200
v -0.07286500 -0.02804500 0.01065200
v -0.07286500 -0.02804500 0.01065200
v -0.07286500 -0.02804500 0.01065200
v -0.07465000 -0.02940900 0.00592800
v -0.07465000 -0.02940900 0.00592800
v -0.07465000 -0.02940900 0.00592800
v -0.07465000 -0.02940900 0.00592800
v -0.07465000 -0.02940900 0.00592800
v -0.07465000 -0.02940900 0.00592800
v -0.07465000 -0.02940900 0.00592800
v -0.07465000 -0.02940900 0.00592800
v -0.07315000 -0.02804900 0.01064300
v -0.07315000 -0.02804900 0.01064300
v -0.07315000 -0.02804900 0.01064300
v -0.07315000 -0.02804900 0.01064300
v -0.07315000 -0.02804900 0.01064300
v -0.07365000 -0.02804900 0.01064300
v -0.07365000 -0.02804900 0.01064300
v -0.07365000 -0.02804900 0.01064300
v -0.07365000 -0.02804900 0.01064300
v -0.07365000 -0.02804900 0.01064300
v -0.06465000 -0.02609700 0.01479700
v -0.06465000 -0.02609700 0.01479700
v -0.06465000 -0.02609700 0.01479700
v -0.06465000 -0.02609700 0.01479700
v -0.06465000 -0.02609700 0.01479700
v -0.06465000 -0.02609700 0.01479700
v -0.06465000 -0.02537500 0.01600300
v -0.06465000 -0.02537500 0.01600300
v -0.06465000 -0.02537500 0.01600300
v -0.06465000 -0.02537500 0.01600300
v -0.06465000 -0.02537500 0.01600300
v -0.06465000 -0.02537500 0.01600300
v -0.06465000 -0.02537500 0.01600300
v -0.06878500 -0.02555100 0.01572200
v -0.06878500 -0.02555100 0.01572200
v -0.06878500 -0.02555100 0.01572200
v -0.06878500 -0.02555100 0.01572200
v -0.06878500 -0.02555100 0.01572200
v -0.06965000 -0.02739500 0.01222700
v -0.06965000 -0.02739500 0.01222700
v -0.06965000 -0.02739500 0.01222700
v -0.06965000 -0.02739500 0.01222700
v -0.06965000 -0.02739500 0.01222700
v -0.06965000 -0.02739500 0.01222700
v -0.06965000 -0.02739500 0.01222700
v -0.06965000 -0.02739500 0.01222700
v -0.06965000 -0.02739500 0.01222700
v -0.07015300 -0.02761100 0.01173200
v -0.07015300 -0.02761100 0.01173200
v -0.07015300 -0.02761100 0.01173200
v -0.07015300 -0.02761100 0.01173200
v -0.06465000 -0.02785100 0.01114900
v -0.06465000 -0.02785100 0.01114900
v -0.06465000 -0.02785100 0.01114900
v -0.06465000 -0.02785100 0.01114900
v -0.06465000 -0.02785100 0.01114900
v -0.06465000 -0.02785100 0.01114900
v -0.06465000 -0.02785100 0.01114900
v -0.06465000 -0.02785100 0.01114900
v -0.06465000 -0.02785100 0.01114900
v -0.06465000 -0.02785100 0.01114900
v -0.06928100 -0.02717000 0.01271900
v -0.06928100 -0.02717000 0.01271900
v -0.06928100 -0.02717000 0.01271900
v -0.06928100 -0.02717000 0.01271900
v -0.06865800 -0.02607600 0.01483300
v -0.06865800 -0.02607600 0.01483300
v -0.06865800 -0.02607600 0.01483300
v -0.06865800 -0.02607600 0.01483300
v -0.06875100 -0.02655600 0.01395600
v -0.06875100 -0.02655600 0.01395600
v -0.06875100 -0.02655600 0.01395600
v -0.06875100 -0.02655600 0.01395600
v -0.06875100 -0.02655600 0.01395600
v -0.06899200 -0.02691500 0.01325100
v -0.06899200 -0.02691500 0.01325100
v -0.06899200 -0.02691500 0.01325100
v -0.06899200 -0.02691500 0.01325100
v -0.07465000 -0.02340000 0.01877300
v -0.07465000 -0.02340000 0.01877300
v -0.07465000 -0.02340000 0.01877300
v -0.07465000 -0.02340000 0.01877300
v -0.07433300 -0.02347300 0.01868200
v -0.07433300 -0.02347300 0.01868200
v -0.07433300 -0.02347300 0.01868200
v -0.07433300 -0.02347300 0.01868200
v -0.07433300 -0.02347300 0.01868200
v -0.07465000 -0.02206200 0.02032900
v -0.07465000 -0.02206200 0.02032900
v -0.07465000 -0.02206200 0.02032900
v -0.07465000 -0.02206200 0.02032900
v -0.07465000 -0.02206200 0.02032900
v -0.07465000 -0.02206200 0.02032900
v -0.07465000 -0.02206200 0.02032900
v -0.07465000 -0.02206200 0.02032900
v -0.07465000 -0.02206200 0.02032900
v -0.07365000 -0.02353400 0.01860500
v -0.07365000 -0.02353400 0.01860500
v -0.07365000 -0.02353400 0.01860500
v -0.07365000 -0.02353400 0.01860500
v -0.07315000 -0.02353400 0.01860500
v -0.07315000 -0.02353400 0.01860500
v -0.07315000 -0.02353400 0.01860500
v -0.07315000 -0.02353400 0.01860500
v -0.07315000 -0.02353400 0.01860500
v -0.07216000 -0.02360400 0.01851700
v -0.07216000 -0.02360400 0.01851700
v -0.07216000 -0.02360400 0.01851700
v -0.07216000 -0.02360400 0.01851700
v -0.07216000 -0.02360400 0.01851700
v -0.07216000 -0.02360400 0.01851700
v -0.07122400 -0.02380700 0.01825400
v -0.07122400 -0.02380700 0.01825400
v -0.07122400 -0.02380700 0.01825400
v -0.07122400 -0.02380700 0.01825400
v -0.07122400 -0.02380700 0.01825400
v -0.07122400 -0.02380700 0.01825400
v -0.07122400 -0.02380700 0.01825400
v -0.06465000 -0.02206200 0.02032900
v -0.06465000 -0.02206200 0.02032900
v -0.06465000 -0.02206200 0.02032900
v -0.06465000 -0.02206200 0.02032900
v -0.06465000 -0.02206200 0.02032900
v -0.06465000 -0.02206200 0.02032900
v -0.06465000 -0.02206200 0.02032900
v -0.06465000 -0.02206200 0.02032900
v -0.06465000 -0.02206200 0.02032900
v -0.06465000 -0.02206200 0.02032900
v -0.06465000 -0.02206200 0.02032900
v -0.06465000 -0.02206200 0.02032900
v -0.07037900 -0.02412900 0.01782600
v -0.07037900 -0.02412900 0.01782600
v -0.07037900 -0.02412900 0.01782600
v -0.07037900 -0.02412900 0.01782600
v -0.07037900 -0.02412900 0.01782600
v -0.07037900 -0.02412900 0.01782600
v -0.07037900 -0.02412900 0.01782600
v -0.07037900 -0.02412900 0.01782600
v -0.06975700 -0.02448300 0.01733800
v -0.06975700 -0.02448300 0.01733800
v -0.06975700 -0.02448300 0.01733800
v -0.06975700 -0.02448300 0.01733800
v -0.06975700 -0.02448300 0.01733800
v -0.06975700 -0.02448300 0.01733800
v -0.06966400 -0.02454700 0.01724600
v -0.06966400 -0.02454700 0.01724600
v -0.06966400 -0.02454700 0.01724600
v -0.06966400 -0.02454700 0.01724600
v -0.06966400 -0.02454700 0.01724600
v -0.06965000 -0.02455800 0.01723100
v -0.06965000 -0.02455800 0.01723100
v -0.06965000 -0.02455800 0.01723100
v -0.06965000 -0.02455800 0.01723100
v -0.06965000 -0.02455800 0.01723100
v -0.06965000 -0.02455800 0.01723100
v -0.06965000 -0.02455800 0.01723100
v -0.06965000 -0.02455800 0.01723100
v -0.06465000 -0.02313100 0.01910400
v -0.06465000 -0.02313100 0.01910400
v -0.06465000 -0.02313100 0.01910400
v -0.06465000 -0.02313100 0.01910400
v -0.06465000 -0.02313100 0.01910400
v -0.06911600 -0.02503800 0.01652600
v -0.06911600 -0.02503800 0.01652600
v -0.06911600 -0.02503800 0.01652600
v -0.06911600 -0.02503800 0.01652600
v -0.06911600 -0.02503800 0.01652600
v -0.06887600 -0.02537100 0.01601000
v -0.06887600 -0.02537100 0.01601000
v -0.06887600 -0.02537100 0.01601000
v -0.06887600 -0.02537100 0.01601000
v -0.07076800 0.02367800 0.01842100
v -0.07076800 0.02367800 0.01842100
v -0.07076800 0.02367800 0.01842100
v -0.07076800 0.02367800 0.01842100
v -0.07076800 0.02367800 0.01842100
v -0.07076800 0.02367800 0.01842100
v -0.07076800 0.02367800 0.01842100
v -0.07076800 0.02367800 0.01842100
v -0.07145900 0.02345500 0.01870500
v -0.07145900 0.02345500 0.01870500
v -0.07145900 0.02345500 0.01870500
v -0.07145900 0.02345500 0.01870500
v -0.07145900 0.02345500 0.01870500
v -0.07145900 0.02345500 0.01870500
v -0.07145900 0.02345500 0.01870500
v -0.07145900 0.02345500 0.01870500
v -0.06465000 0.02174300 0.02067000
v -0.06465000 0.02174300 0.02067000
v -0.06465000 0.02174300 0.02067000
v -0.06465000 0.02174300 0.02067000
v -0.06465000 0.02174300 0.02067000
v -0.06465000 0.02174300 0.02067000
v -0.06465000 0.02174300 0.02067000
v -0.06465000 0.02174300 0.02067000
v -0.06465000 0.02174300 0.02067000
v -0.06465000 0.02174300 0.02067000
v -0.06465000 0.02174300 0.02067000
v -0.07015300 0.02396600 0.01804600
v -0.07015300 0.02396600 0.01804600
v -0.07015300 0.02396600 0.01804600
v -0.07015300 0.02396600 0.01804600
v -0.06875100 0.02536400 0.01602100
v -0.06875100 0.02536400 0.01602100
v -0.06875100 0.02536400 0.01602100
v -0.06875100 0.02536400 0.01602100
v -0.06886900 0.02512000 0.01640100
v -0.06886900 0.02512000 0.01640100
v -0.06886900 0.02512000 0.01640100
v -0.06886900 0.02512000 0.01640100
v -0.06886900 0.02512000 0.01640100
v -0.06465000 0.02283100 0.01946200
v -0.06465000 0.02283100 0.01946200
v -0.06465000 0.02283100 0.01946200
v -0.06465000 0.02283100 0.01946200
v -0.06465000 0.02283100 0.01946200
v -0.06465000 0.02283100 0.01946200
v -0.06899200 0.02493300 0.01668400
v -0.06899200 0.02493300 0.01668400
v -0.06899200 0.02493300 0.01668400
v -0.06899200 0.02493300 0.01668400
v -0.06928100 0.02460000 0.01717000
v -0.06928100 0.02460000 0.01717000
v -0.06928100 0.02460000 0.01717000
v -0.06928100 0.02460000 0.01717000
v -0.06928100 0.02460000 0.01717000
v -0.06965000 0.02428700 0.01761100
v -0.06965000 0.02428700 0.01761100
v -0.06965000 0.02428700 0.01761100
v -0.06965000 0.02428700 0.01761100
v -0.06965000 0.02428700 0.01761100
v -0.06965000 0.02428700 0.01761100
v -0.06965000 0.02428700 0.01761100
v -0.06965000 0.02428700 0.01761100
v -0.06965000 0.02428700 0.01761100
v -0.07465000 0.02174300 0.02067000
v -0.07465000 0.02174300 0.02067000
v -0.07465000 0.02174300 0.02067000
v -0.07465000 0.02174300 0.02067000
v -0.07465000 0.02174300 0.02067000
v -0.07465000 0.02174300 0.02067000
v -0.07465000 0.02174300 0.02067000
v -0.07465000 0.02174300 0.02067000
v -0.07465000 0.02174300 0.02067000
v -0.07286500 0.02324800 0.01896200
v -0.07286500 0.02324800 0.01896200
v -0.07286500 0.02324800 0.01896200
v -0.07286500 0.02324800 0.01896200
v -0.07286500 0.02324800 0.01896200
v -0.07315000 0.02324200 0.01896900
v -0.07315000 0.02324200 0.01896900
v -0.07315000 0.02324200 0.01896900
v -0.07315000 0.02324200 0.01896900
v -0.07365000 0.02324200 0.01896900
v -0.07365000 0.02324200 0.01896900
v -0.07365000 0.02324200 0.01896900
v -0.07365000 0.02324200 0.01896900
v -0.07365000 0.02324200 0.01896900
v -0.07433300 0.02318000 0.01904500
v -0.07433300 0.02318000 0.01904500
v -0.07433300 0.02318000 0.01904500
v -0.07433300 0.02318000 0.01904500
v -0.07433300 0.02318000 0.01904500
v -0.07465000 0.02310500 0.01913500
v -0.07465000 0.02310500 0.01913500
v -0.07465000 0.02310500 0.01913500
v -0.06465000 0.02950300 0.00543900
v -0.06465000 0.02950300 0.00543900
v -0.06465000 0.02950300 0.00543900
v -0.06465000 0.02950300 0.00543900
v -0.07465000 0.01296600 0.02705300
v -0.07465000 0.01296600 0.02705300
v -0.07465000 0.01296600 0.02705300
v -0.07465000 0.01296600 0.02705300
v -0.07465000 0.01296600 0.02705300
v -0.07465000 0.01296600 0.02705300
v -0.07465000 0.01296600 0.02705300
v -0.06465000 0.01479700 0.02609700
v -0.06465000 0.01479700 0.02609700
v -0.06465000 0.01479700 0.02609700
v -0.06465000 0.01479700 0.02609700
v -0.07465000 0.01759500 0.02429800
v -0.07465000 0.01759500 0.02429800
v -0.07465000 0.01759500 0.02429800
v -0.07465000 0.01759500 0.02429800
v -0.07465000 0.01759500 0.02429800
v -0.06465000 0.01764500 0.02426200
v -0.06465000 0.01764500 0.02426200
v -0.06465000 0.01764500 0.02426200
v -0.06465000 0.01764500 0.02426200
v -0.06465000 0.01764500 0.02426200
v -0.07465000 0.01764500 0.02426200
v -0.07465000 0.01764500 0.02426200
v -0.07465000 0.01764500 0.02426200
v -0.07465000 0.01764500 0.02426200
v -0.07465000 0.01764500 0.02426200
v -0.07465000 0.01764500 0.02426200
v -0.06465000 0.01910400 0.02313100
v -0.06465000 0.01910400 0.02313100
v -0.06465000 0.01910400 0.02313100
v -0.06465000 0.01910400 0.02313100
v -0.07465000 0.02168800 0.02072800
v -0.07465000 0.02168800 0.02072800
v -0.07465000 0.02168800 0.02072800
v -0.07465000 0.02168800 0.02072800
v -0.07465000 0.02168800 0.02072800
v -0.07465000 0.02168800 0.02072800
v -0.07465000 0.02168800 0.02072800
v -0.07465000 0.02168800 0.02072800
v -0.07465000 0.02168800 0.02072800
v -0.07465000 0.02168800 0.02072800
v -0.07465000 0.02168800 0.02072800
v -0.07465000 -0.00294800 0.02985500
v -0.07465000 -0.00294800 0.02985500
v -0.07465000 -0.00294800 0.02985500
v -0.07465000 -0.00294800 0.02985500
v -0.07465000 -0.00294800 0.02985500
v -0.07465000 -0.00294800 0.02985500
v -0.07465000 -0.00294800 0.02985500
v -0.06465000 -0.00023300 0.02999900
v -0.06465000 -0.00023300 0.02999900
v -0.06465000 -0.00023300 0.02999900
v -0.07465000 0.00248300 0.02989700
v -0.07465000 0.00248300 0.02989700
v -0.07465000 0.00248300 0.02989700
v -0.07465000 0.00248300 0.02989700
v -0.07465000 0.00248300 0.02989700
v -0.06465000 0.00249200 0.02989600
v -0.06465000 0.00249200 0.02989600
v -0.06465000 0.00249200 0.02989600
v -0.06465000 0.00249200 0.02989600
v -0.06465000 0.00249200 0.02989600
v -0.07465000 0.00783300 0.02895900
v -0.07465000 0.00783300 0.02895900
v -0.07465000 0.00783300 0.02895900
v -0.07465000 0.00783300 0.02895900
v -0.07465000 0.00783300 0.02895900
v -0.07465000 0.00783300 0.02895900
v -0.06465000 0.00497900 0.02958400
v -0.06465000 0.00497900 0.02958400
v -0.06465000 0.00497900 0.02958400
v -0.06465000 0.00497900 0.02958400
v -0.07465000 0.00785800 0.02895200
v -0.07465000 0.00785800 0.02895200
v -0.07465000 0.00785800 0.02895200
v -0.07465000 0.00785800 0.02895200
v -0.07465000 0.00785800 0.02895200
v -0.07465000 0.00785800 0.02895200
v -0.06465000 0.00785800 0.02895200
v -0.06465000 0.00785800 0.02895200
v -0.06465000 0.00785800 0.02895200
v -0.06465000 0.00785800 0.02895200
v -0.06465000 0.00785800 0.02895200
v -0.07465000 0.01292600 0.02707300
v -0.07465000 0.01292600 0.02707300
v -0.07465000 0.01292600 0.02707300
v -0.07465000 0.01292600 0.02707300
v -0.07465000 0.01292600 0.02707300
v -0.06465000 0.01004100 0.02827000
v -0.06465000 0.01004100 0.02827000
v -0.06465000 0.01004100 0.02827000
v -0.06465000 0.01004100 0.02827000
v -0.06465000 0.01296600 0.02705300
v -0.06465000 0.01296600 0.02705300
v -0.06465000 0.01296600 0.02705300
v -0.07465000 -0.02200800 0.02038800
v -0.07465000 -0.02200800 0.02038800
v -0.07465000 -0.02200800 0.02038800
v -0.07465000 -0.02200800 0.02038800
v -0.07465000 -0.02200800 0.02038800
v -0.06465000 -0.01946200 0.02283100
v -0.06465000 -0.01946200 0.02283100
v -0.06465000 -0.01946200 0.02283100
v -0.06465000 -0.01946200 0.02283100
v -0.07465000 -0.01802100 0.02398400
v -0.07465000 -0.01802100 0.02398400
v -0.07465000 -0.01802100 0.02398400
v -0.07465000 -0.01802100 0.02398400
v -0.07465000 -0.01802100 0.02398400
v -0.07465000 -0.01802100 0.02398400
v -0.06465000 -0.01802100 0.02398400
v -0.06465000 -0.01802100 0.02398400
v -0.06465000 -0.01802100 0.02398400
v -0.06465000 -0.01802100 0.02398400
v -0.06465000 -0.01802100 0.02398400
v -0.07465000 -0.01797100 0.02402200
v -0.07465000 -0.01797100 0.02402200
v -0.07465000 -0.01797100 0.02402200
v -0.07465000 -0.01797100 0.02402200
v -0.07465000 -0.01797100 0.02402200
v -0.06465000 -0.01520200 0.02586300
v -0.06465000 -0.01520200 0.02586300
v -0.06465000 -0.01520200 0.02586300
v -0.06465000 -0.01520200 0.02586300
v -0.07465000 -0.01338500 0.02684800
v -0.07465000 -0.01338500 0.02684800
v -0.07465000 -0.01338500 0.02684800
v -0.07465000 -0.01338500 0.02684800
v -0.07465000 -0.01338500 0.02684800
v -0.07465000 -0.01338500 0.02684800
v -0.06465000 -0.01338500 0.02684800
v -0.06465000 -0.01338500 0.02684800
v -0.06465000 -0.01338500 0.02684800
v -0.06465000 -0.01338500 0.02684800
v -0.06465000 -0.01338500 0.02684800
v -0.07465000 -0.01334600 0.02686800
v -0.07465000 -0.01334600 0.02686800
v -0.07465000 -0.01334600 0.02686800
v -0.07465000 -0.01334600 0.02686800
v -0.07465000 -0.01334600 0.02686800
v -0.06465000 -0.01048000 0.02811000
v -0.06465000 -0.01048000 0.02811000
v -0.06465000 -0.01048000 0.02811000
v -0.06465000 -0.01048000 0.02811000
v -0.07465000 -0.00830800 0.02882700
v -0.07465000 -0.00830800 0.02882700
v -0.07465000 -0.00830800 0.02882700
v -0.07465000 -0.00830800 0.02882700
v -0.07465000 -0.00830800 0.02882700
v -0.07465000 -0.00830800 0.02882700
v -0.06465000 -0.00830800 0.02882700
v -0.06465000 -0.00830800 0.02882700
v -0.06465000 -0.00830800 0.02882700
v -0.06465000 -0.00830800 0.02882700
v -0.06465000 -0.00830800 0.02882700
v -0.07465000 -0.00828300 0.02883400
v -0.07465000 -0.00828300 0.02883400
v -0.07465000 -0.00828300 0.02883400
v -0.07465000 -0.00828300 0.02883400
v -0.07465000 -0.00828300 0.02883400
v -0.06465000 -0.00543900 0.02950300
v -0.06465000 -0.00543900 0.02950300
v -0.06465000 -0.00543900 0.02950300
v -0.06465000 -0.00543900 0.02950300
v -0.06465000 -0.00295700 0.02985400
v -0.06465000 -0.00295700 0.02985400
v -0.06465000 -0.00295700 0.02985400
v -0.07076800 -0.02779200 0.01129500
v -0.07076800 -0.02779200 0.01129500
v -0.07076800 -0.02779200 0.01129500
v -0.07076800 -0.02779200 0.01129500
v -0.07076800 -0.02779200 0.01129500
v -0.07076800 -0.02779200 0.01129500
v -0.07076800 -0.02779200 0.01129500
v -0.07106700 -0.02785800 0.01113300
v -0.07106700 -0.02785800 0.01113300
v -0.07106700 -0.02785800 0.01113300
v -0.07106700 -0.02785800 0.01113300
v -0.07106700 -0.02785800 0.01113300
v -0.07106700 -0.02785800 0.01113300
v -0.07106700 -0.02785800 0.01113300
v -0.06465000 -0.02827000 0.01004100
v -0.06465000 -0.02827000 0.01004100
v -0.06465000 -0.02827000 0.01004100
v -0.06465000 -0.02827000 0.01004100
v -0.06465000 -0.02940900 0.00592800
v -0.06465000 -0.02940900 0.00592800
v -0.06465000 -0.02940900 0.00592800
v -0.06465000 -0.02940900 0.00592800
v -0.06465000 -0.02940900 0.00592800
v -0.06465000 -0.02958400 0.00497900
v -0.06465000 -0.02958400 0.00497900
v -0.06465000 -0.02958400 0.00497900
v -0.06465000 -0.02958400 0.00497900
v -0.06465000 -0.02999600 0.00051100
v -0.06465000 -0.02999600 0.00051100
v -0.06465000 -0.02999600 0.00051100
v -0.06465000 -0.02999600 0.00051100
v -0.06465000 -0.02999600 0.00051100
v -0.01565000 -0.02999900 -0.00023300
v -0.01565000 -0.02999900 -0.00023300
v -0.01565000 -0.02999900 -0.00023300
v -0.01565000 -0.02999900 -0.00023300
v -0.01565000 -0.02999900 -0.00023300
v -0.01565000 -0.02950300 -0.00543900
v -0.01565000 -0.02950300 -0.00543900
v -0.01565000 -0.02950300 -0.00543900
v -0.01565000 -0.02950300 -0.00543900
v -0.01565000 -0.02950300 -0.00543900
v -0.01565000 -0.02811000 -0.01048000
v -0.01565000 -0.02811000 -0.01048000
v -0.01565000 -0.02811000 -0.01048000
v -0.01565000 -0.02811000 -0.01048000
v -0.01565000 -0.02811000 -0.01048000
v -0.01565000 -0.02586300 -0.01520200
v -0.01565000 -0.02586300 -0.01520200
v -0.01565000 -0.02586300 -0.01520200
v -0.01565000 -0.02586300 -0.01520200
v -0.01565000 -0.02586300 -0.01520200
v -0.01565000 -0.02283100 -0.01946200
v -0.01565000 -0.02283100 -0.01946200
v -0.01565000 -0.02283100 -0.01946200
v -0.01565000 -0.02283100 -0.01946200
v -0.01565000 -0.02283100 -0.01946200
v -0.01565000 -0.01910400 -0.02313100
v -0.01565000 -0.01910400 -0.02313100
v -0.01565000 -0.01910400 -0.02313100
v -0.01565000 -0.01910400 -0.02313100
v -0.01565000 -0.01910400 -0.02313100
v -0.01565000 -0.01479700 -0.02609700
v -0.01565000 -0.01479700 -0.02609700
v -0.01565000 -0.01479700 -0.02609700
v -0.01565000 -0.01479700 -0.02609700
v -0.01565000 -0.01479700 -0.02609700
v -0.01565000 -0.01004100 -0.02827000
v -0.01565000 -0.01004100 -0.02827000
v -0.01565000 -0.01004100 -0.02827000
v -0.01565000 -0.01004100 -0.02827000
v -0.01565000 -0.01004100 -0.02827000
v -0.01565000 -0.00497900 -0.02958400
v -0.01565000 -0.00497900 -0.02958400
v -0.01565000 -0.00497900 -0.02958400
v -0.01565000 -0.00497900 -0.02958400
v -0.01565000 -0.00497900 -0.02958400
v -0.01565000 0.00023300 -0.02999900
v -0.01565000 0.00023300 -0.02999900
v -0.01565000 0.00023300 -0.02999900
v -0.01565000 0.00023300 -0.02999900
v -0.01565000 0.00023300 -0.02999900
v -0.01565000 0.00543900 -0.02950300
v -0.01565000 0.00543900 -0.02950300
v -0.01565000 0.00543900 -0.02950300
v -0.01565000 0.00543900 -0.02950300
v -0.01565000 0.00543900 -0.02950300
v -0.01565000 0.01048000 -0.02811000
v -0.01565000 0.01048000 -0.02811000
v -0.01565000 0.01048000 -0.02811000
v -0.01565000 0.01048000 -0.02811000
v -0.01565000 0.01048000 -0.02811000
v -0.01565000 0.01520200 -0.02586300
v -0.01565000 0.01520200 -0.02586300
v -0.01565000 0.01520200 -0.02586300
v -0.01565000 0.01520200 -0.02586300
v -0.01565000 0.01520200 -0.02586300
v -0.01565000 0.01946200 -0.02283100
v -0.01565000 0.01946200 -0.02283100
v -0.01565000 0.01946200 -0.02283100
v -0.01565000 0.01946200 -0.02283100
v -0.01565000 0.01946200 -0.02283100
v -0.01565000 0.02313100 -0.01910400
v -0.01565000 0.02313100 -0.01910400
v -0.01565000 0.02313100 -0.01910400
v -0.01565000 0.02313100 -0.01910400
v -0.01565000 0.02313100 -0.01910400
v -0.01565000 0.02609700 -0.01479700
v -0.01565000 0.02609700 -0.01479700
v -0.01565000 0.02609700 -0.01479700
v -0.01565000 0.02609700 -0.01479700
v -0.01565000 0.02609700 -0.01479700
v -0.01565000 0.02827000 -0.01004100
v -0.01565000 0.02827000 -0.01004100
v -0.01565000 0.02827000 -0.01004100
v -0.01565000 0.02827000 -0.01004100
v -0.01565000 0.02827000 -0.01004100
v -0.01565000 0.02958400 -0.00497900
v -0.01565000 0.02958400 -0.00497900
v -0.01565000 0.02958400 -0.00497900
v -0.01565000 0.02958400 -0.00497900
v -0.01565000 0.02958400 -0.00497900
v -0.01565000 0.02999900 0.00023300
v -0.01565000 0.02999900 0.00023300
v -0.01565000 0.02999900 0.00023300
v -0.01565000 0.02999900 0.00023300
v -0.01565000 0.02999900 0.00023300
v -0.01565000 0.02950300 0.00543900
v -0.01565000 0.02950300 0.00543900
v -0.01565000 0.02950300 0.00543900
v -0.01565000 0.02950300 0.00543900
v -0.01565000 0.02950300 0.00543900
v -0.01565000 0.02811000 0.01048000
v -0.01565000 0.02811000 0.01048000
v -0.01565000 0.02811000 0.01048000
v -0.01565000 0.02811000 0.01048000
v -0.01565000 0.02811000 0.01048000
v -0.01565000 0.02586300 0.01520200
v -0.01565000 0.02586300 0.01520200
v -0.01565000 0.02586300 0.01520200
v -0.01565000 0.02586300 0.01520200
v -0.01565000 0.02586300 0.01520200
v -0.01565000 0.02283100 0.01946200
v -0.01565000 0.02283100 0.01946200
v -0.01565000 0.02283100 0.01946200
v -0.01565000 0.02283100 0.01946200
v -0.01565000 0.02283100 0.01946200
v -0.01565000 0.01910400 0.02313100
v -0.01565000 0.01910400 0.02313100
v -0.01565000 0.01910400 0.02313100
v -0.01565000 0.01910400 0.02313100
v -0.01565000 0.01910400 0.02313100
v -0.01565000 0.01479700 0.02609700
v -0.01565000 0.01479700 0.02609700
v -0.01565000 0.01479700 0.02609700
v -0.01565000 0.01479700 0.02609700
v -0.01565000 0.01479700 0.02609700
v -0.01565000 0.01004100 0.02827000
v -0.01565000 0.01004100 0.02827000
v -0.01565000 0.01004100 0.02827000
v -0.01565000 0.01004100 0.02827000
v -0.01565000 0.01004100 0.02827000
v -0.01565000 0.00497900 0.02958400
v -0.01565000 0.00497900 0.02958400
v -0.01565000 0.00497900 0.02958400
v -0.01565000 0.00497900 0.02958400
v -0.01565000 0.00497900 0.02958400
v -0.01565000 -0.00023300 0.02999900
v -0.01565000 -0.00023300 0.02999900
v -0.01565000 -0.00023300 0.02999900
v -0.01565000 -0.00023300 0.02999900
v -0.01565000 -0.00023300 0.02999900
v -0.01565000 -0.00543900 0.02950300
v -0.01565000 -0.00543900 0.02950300
v -0.01565000 -0.00543900 0.02950300
v -0.01565000 -0.00543900 0.02950300
v -0.01565000 -0.00543900 0.02950300
v -0.01565000 -0.01048000 0.02811000
v -0.01565000 -0.01048000 0.02811000
v -0.01565000 -0.01048000 0.02811000
v -0.01565000 -0.01048000 0.02811000
v -0.01565000 -0.01048000 0.02811000
v -0.01565000 -0.01520200 0.02586300
v -0.01565000 -0.01520200 0.02586300
v -0.01565000 -0.01520200 0.02586300
v -0.01565000 -0.01520200 0.02586300
v -0.01565000 -0.01520200 0.02586300
v -0.01565000 -0.01946200 0.02283100
v -0.01565000 -0.01946200 0.02283100
v -0.01565000 -0.01946200 0.02283100
v -0.01565000 -0.01946200 0.02283100
v -0.01565000 -0.01946200 0.02283100
v -0.01565000 -0.02313100 0.01910400
v -0.01565000 -0.02313100 0.01910400
v -0.01565000 -0.02313100 0.01910400
v -0.01565000 -0.02313100 0.01910400
v -0.01565000 -0.02313100 0.01910400
v -0.01565000 -0.02609700 0.01479700
v -0.01565000 -0.02609700 0.01479700
v -0.01565000 -0.02609700 0.01479700
v -0.01565000 -0.02609700 0.01479700
v -0.01565000 -0.02609700 0.01479700
v -0.01565000 -0.02827000 0.01004100
v -0.01565000 -0.02827000 0.01004100
v -0.01565000 -0.02827000 0.01004100
v -0.01565000 -0.02827000 0.01004100
v -0.01565000 -0.02827000 0.01004100
v -0.01565000 -0.02958400 0.00497900
v -0.01565000 -0.02958400 0.00497900
v -0.01565000 -0.02958400 0.00497900
v -0.01565000 -0.02958400 0.00497900
v -0.01565000 -0.02958400 0.00497900
v -0.06965000 -0.02695900 0.01251900
v -0.06965000 -0.02609700 0.01479700
v -0.06965000 -0.02609700 0.01479700
v -0.06965000 -0.02609700 0.01479700
v -0.06965000 -0.02609700 0.01479700
v -0.06965000 -0.02609700 0.01479700
v -0.06965000 -0.02609700 0.01479700
v -0.06965000 -0.02609700 0.01479700
v -0.06965000 -0.02609700 0.01479700
v -0.06965000 -0.02609700 0.01479700
v -0.06965000 -0.02458400 0.01671300
v -0.06965000 -0.02458400 0.01671300
v -0.06965000 -0.02458400 0.01671300
v -0.06965000 -0.02458400 0.01671300
v -0.06965000 -0.02458400 0.01671300
v -0.06965000 -0.02463700 0.01619600
v -0.06965000 -0.02463700 0.01619600
v -0.06965000 -0.02463700 0.01619600
v -0.06965000 -0.02122700 0.01426200
v -0.06965000 -0.02122700 0.01426200
v -0.06965000 -0.02122700 0.01426200
v -0.06965000 -0.02122700 0.01426200
v -0.06965000 -0.02122700 0.01426200
v -0.06965000 -0.02122700 0.01426200
v -0.06965000 -0.02122700 0.01426200
v -0.06965000 -0.02122700 0.01426200
v -0.06965000 -0.02313700 0.01089300
v -0.06965000 -0.02313700 0.01089300
v -0.06965000 -0.02313700 0.01089300
v -0.06965000 -0.02313700 0.01089300
v -0.06965000 -0.02313700 0.01089300
v -0.06965000 -0.02313700 0.01089300
v -0.06965000 -0.02313700 0.01089300
v -0.06965000 -0.02654700 0.01282600
v -0.06965000 -0.02654700 0.01282600
v -0.06965000 -0.02654700 0.01282600
v -0.06965000 0.02432100 0.01708800
v -0.06965000 0.02586300 0.01520200
v -0.06965000 0.02586300 0.01520200
v -0.06965000 0.02586300 0.01520200
v -0.06965000 0.02586300 0.01520200
v -0.06965000 0.02586300 0.01520200
v -0.06965000 0.02586300 0.01520200
v -0.06965000 0.02586300 0.01520200
v -0.06965000 0.02586300 0.01520200
v -0.06965000 0.02586300 0.01520200
v -0.06965000 0.02676600 0.01293400
v -0.06965000 0.02634400 0.01323800
v -0.06965000 0.02634400 0.01323800
v -0.06965000 0.02634400 0.01323800
v -0.06965000 0.02296500 0.01125200
v -0.06965000 0.02296500 0.01125200
v -0.06965000 0.02296500 0.01125200
v -0.06965000 0.02296500 0.01125200
v -0.06965000 0.02296500 0.01125200
v -0.06965000 0.02296500 0.01125200
v -0.06965000 0.02296500 0.01125200
v -0.06965000 0.02296500 0.01125200
v -0.06965000 0.02100200 0.01459100
v -0.06965000 0.02100200 0.01459100
v -0.06965000 0.02100200 0.01459100
v -0.06965000 0.02100200 0.01459100
v -0.06965000 0.02100200 0.01459100
v -0.06965000 0.02100200 0.01459100
v -0.06965000 0.02100200 0.01459100
v -0.06965000 0.02438200 0.01657700
v -0.06965000 0.02438200 0.01657700
v -0.06965000 0.02438200 0.01657700
v -0.06965000 0.00263800 -0.02960700
v -0.06965000 0.00023300 -0.02999900
v -0.06965000 0.00023300 -0.02999900
v -0.06965000 0.00023300 -0.02999900
v -0.06965000 0.00023300 -0.02999900
v -0.06965000 0.00023300 -0.02999900
v -0.06965000 0.00023300 -0.02999900
v -0.06965000 0.00023300 -0.02999900
v -0.06965000 0.00023300 -0.02999900
v -0.06965000 0.00023300 -0.02999900
v -0.06965000 0.00023300 -0.02999900
v -0.06965000 -0.00218100 -0.02964700
v -0.06965000 -0.00170700 -0.02943400
v -0.06965000 -0.00170700 -0.02943400
v -0.06965000 -0.00170700 -0.02943400
v -0.06965000 -0.00173800 -0.02551400
v -0.06965000 -0.00173800 -0.02551400
v -0.06965000 -0.00173800 -0.02551400
v -0.06965000 -0.00173800 -0.02551400
v -0.06965000 -0.00173800 -0.02551400
v -0.06965000 -0.00173800 -0.02551400
v -0.06965000 -0.00173800 -0.02551400
v -0.06965000 0.00213500 -0.02548400
v -0.06965000 0.00213500 -0.02548400
v -0.06965000 0.00213500 -0.02548400
v -0.06965000 0.00213500 -0.02548400
v -0.06965000 0.00213500 -0.02548400
v -0.06965000 0.00213500 -0.02548400
v -0.06965000 0.00213500 -0.02548400
v -0.06965000 0.00213500 -0.02548400
v -0.06965000 0.00216500 -0.02940400
v -0.06965000 0.00216500 -0.02940400
v -0.06965000 0.00216500 -0.02940400
v -0.07315000 -0.02733400 0.01090100
v -0.07315000 -0.02733400 0.01090100
v -0.07315000 -0.02733400 0.01090100
v -0.07315000 -0.02733400 0.01090100
v -0.07315000 -0.02733400 0.01090100
v -0.07315000 -0.02733400 0.01090100
v -0.07365000 -0.02733400 0.01090100
v -0.07365000 -0.02733400 0.01090100
v -0.07365000 -0.02733400 0.01090100
v -0.07365000 -0.02733400 0.01090100
v -0.07005600 -0.02679200 0.01227700
v -0.07005600 -0.02679200 0.01227700
v -0.07005600 -0.02679200 0.01227700
v -0.07005600 -0.02679200 0.01227700
v -0.07005600 -0.02679200 0.01227700
v -0.07061100 -0.02700700 0.01176100
v -0.07061100 -0.02700700 0.01176100
v -0.07061100 -0.02700700 0.01176100
v -0.07061100 -0.02700700 0.01176100
v -0.07061100 -0.02700700 0.01176100
v -0.07061100 -0.02700700 0.01176100
v -0.06973400 -0.02660700 0.01269500
v -0.06973400 -0.02660700 0.01269500
v -0.06965000 -0.02695900 0.01251900
v -0.06965000 -0.02695900 0.01251900
v -0.06965000 -0.02695900 0.01251900
v -0.06982300 -0.02666500 0.01256600
v -0.06982300 -0.02666500 0.01256600
v -0.06982300 -0.02666500 0.01256600
v -0.06982300 -0.02666500 0.01256600
v -0.06982300 -0.02666500 0.01256600
v -0.06993600 -0.02673000 0.01241900
v -0.06993600 -0.02673000 0.01241900
v -0.07076500 -0.02705200 0.01164800
v -0.07076500 -0.02705200 0.01164800
v -0.07092400 -0.02709400 0.01154200
v -0.07092400 -0.02709400 0.01154200
v -0.07092400 -0.02709400 0.01154200
v -0.07092400 -0.02709400 0.01154200
v -0.07108900 -0.02713300 0.01144400
v -0.07108900 -0.02713300 0.01144400
v -0.07108900 -0.02713300 0.01144400
v -0.07126000 -0.02716800 0.01135200
v -0.07126000 -0.02716800 0.01135200
v -0.07126000 -0.02716800 0.01135200
v -0.07126000 -0.02716800 0.01135200
v -0.07142900 -0.02719800 0.01127100
v -0.07142900 -0.02719800 0.01127100
v -0.07142900 -0.02719800 0.01127100
v -0.07142900 -0.02719800 0.01127100
v -0.07142900 -0.02719800 0.01127100
v -0.07142900 -0.02719800 0.01127100
v -0.07164600 -0.02723300 0.01118000
v -0.07164600 -0.02723300 0.01118000
v -0.07164600 -0.02723300 0.01118000
v -0.07164600 -0.02723300 0.01118000
v -0.07236400 -0.02730800 0.01097500
v -0.07236400 -0.02730800 0.01097500
v -0.07236400 -0.02730800 0.01097500
v -0.07236400 -0.02730800 0.01097500
v -0.07236400 -0.02730800 0.01097500
v -0.06973500 -0.02455400 0.01631600
v -0.06973500 -0.02455400 0.01631600
v -0.07076700 -0.02388400 0.01723600
v -0.07076700 -0.02388400 0.01723600
v -0.07076700 -0.02388400 0.01723600
v -0.07076700 -0.02388400 0.01723600
v -0.07061200 -0.02395800 0.01713900
v -0.07061200 -0.02395800 0.01713900
v -0.07061200 -0.02395800 0.01713900
v -0.07061200 -0.02395800 0.01713900
v -0.07046400 -0.02403600 0.01703600
v -0.07046400 -0.02403600 0.01703600
v -0.07046400 -0.02403600 0.01703600
v -0.07032200 -0.02411700 0.01692600
v -0.07032200 -0.02411700 0.01692600
v -0.07032200 -0.02411700 0.01692600
v -0.07032200 -0.02411700 0.01692600
v -0.07018700 -0.02420100 0.01681100
v -0.07018700 -0.02420100 0.01681100
v -0.07018700 -0.02420100 0.01681100
v -0.07005900 -0.02428900 0.01669100
v -0.07005900 -0.02428900 0.01669100
v -0.07005900 -0.02428900 0.01669100
v -0.07005900 -0.02428900 0.01669100
v -0.07005900 -0.02428900 0.01669100
v -0.06993900 -0.02437900 0.01656500
v -0.06993900 -0.02437900 0.01656500
v -0.06993900 -0.02437900 0.01656500
v -0.06982600 -0.02447200 0.01643300
v -0.06982600 -0.02447200 0.01643300
v -0.06982600 -0.02447200 0.01643300
v -0.06982600 -0.02447200 0.01643300
v -0.07143800 -0.02363300 0.01755700
v -0.07143800 -0.02363300 0.01755700
v -0.07126400 -0.02368900 0.01748700
v -0.07126400 -0.02368900 0.01748700
v -0.07126400 -0.02368900 0.01748700
v -0.07126400 -0.02368900 0.01748700
v -0.07126400 -0.02368900 0.01748700
v -0.07109400 -0.02374900 0.01741000
v -0.07109400 -0.02374900 0.01741000
v -0.07109400 -0.02374900 0.01741000
v -0.07092800 -0.02381400 0.01732700
v -0.07092800 -0.02381400 0.01732700
v -0.07092800 -0.02381400 0.01732700
v -0.07092800 -0.02381400 0.01732700
v -0.07161700 -0.02358300 0.01762000
v -0.07161700 -0.02358300 0.01762000
v -0.07161700 -0.02358300 0.01762000
v -0.07161700 -0.02358300 0.01762000
v -0.07161700 -0.02358300 0.01762000
v -0.07237000 -0.02343800 0.01780000
v -0.07237000 -0.02343800 0.01780000
v -0.07237000 -0.02343800 0.01780000
v -0.07237000 -0.02343800 0.01780000
v -0.07237000 -0.02343800 0.01780000
v -0.07237000 -0.02343800 0.01780000
v -0.07315000 -0.02338800 0.01786000
v -0.07315000 -0.02338800 0.01786000
v -0.07315000 -0.02338800 0.01786000
v -0.07315000 -0.02338800 0.01786000
v -0.07365000 -0.02338800 0.01786000
v -0.07365000 -0.02338800 0.01786000
v -0.07365000 -0.02338800 0.01786000
v -0.07365000 -0.02338800 0.01786000
v -0.07365000 -0.02338800 0.01786000
v -0.07315000 0.02310800 0.01822200
v -0.07315000 0.02310800 0.01822200
v -0.07315000 0.02310800 0.01822200
v -0.07315000 0.02310800 0.01822200
v -0.07315000 0.02310800 0.01822200
v -0.07315000 0.02310800 0.01822200
v -0.07365000 0.02310800 0.01822200
v -0.07365000 0.02310800 0.01822200
v -0.07365000 0.02310800 0.01822200
v -0.07365000 0.02310800 0.01822200
v -0.06993600 0.02412000 0.01693900
v -0.06993600 0.02412000 0.01693900
v -0.06982300 0.02421500 0.01681000
v -0.06982300 0.02421500 0.01681000
v -0.06982300 0.02421500 0.01681000
v -0.06982300 0.02421500 0.01681000
v -0.06982300 0.02421500 0.01681000
v -0.06965000 0.02432100 0.01708800
v -0.06965000 0.02432100 0.01708800
v -0.06965000 0.02432100 0.01708800
v -0.06973400 0.02429800 0.01669500
v -0.06973400 0.02429800 0.01669500
v -0.07005600 0.02402800 0.01706400
v -0.07005600 0.02402800 0.01706400
v -0.07005600 0.02402800 0.01706400
v -0.07005600 0.02402800 0.01706400
v -0.07005600 0.02402800 0.01706400
v -0.07061100 0.02368900 0.01750900
v -0.07061100 0.02368900 0.01750900
v -0.07061100 0.02368900 0.01750900
v -0.07061100 0.02368900 0.01750900
v -0.07061100 0.02368900 0.01750900
v -0.07061100 0.02368900 0.01750900
v -0.07076500 0.02361400 0.01760400
v -0.07076500 0.02361400 0.01760400
v -0.07092400 0.02354300 0.01769300
v -0.07092400 0.02354300 0.01769300
v -0.07092400 0.02354300 0.01769300
v -0.07092400 0.02354300 0.01769300
v -0.07142900 0.02336000 0.01791900
v -0.07142900 0.02336000 0.01791900
v -0.07142900 0.02336000 0.01791900
v -0.07142900 0.02336000 0.01791900
v -0.07142900 0.02336000 0.01791900
v -0.07126000 0.02341500 0.01785200
v -0.07126000 0.02341500 0.01785200
v -0.07126000 0.02341500 0.01785200
v -0.07126000 0.02341500 0.01785200
v -0.07126000 0.02341500 0.01785200
v -0.07108900 0.02347700 0.01777600
v -0.07108900 0.02347700 0.01777600
v -0.07164600 0.02329900 0.01799400
v -0.07164600 0.02329900 0.01799400
v -0.07164600 0.02329900 0.01799400
v -0.07164600 0.02329900 0.01799400
v -0.07236400 0.02315900 0.01816100
v -0.07236400 0.02315900 0.01816100
v -0.07236400 0.02315900 0.01816100
v -0.07236400 0.02315900 0.01816100
v -0.07236400 0.02315900 0.01816100
v -0.06965000 0.02676600 0.01293400
v -0.06965000 0.02676600 0.01293400
v -0.06965000 0.02676600 0.01293400
v -0.06965000 0.02676600 0.01293400
v -0.06973500 0.02640700 0.01310600
v -0.06973500 0.02640700 0.01310600
v -0.07076700 0.02686900 0.01206600
v -0.07076700 0.02686900 0.01206600
v -0.07061200 0.02682200 0.01217900
v -0.07061200 0.02682200 0.01217900
v -0.07061200 0.02682200 0.01217900
v -0.07061200 0.02682200 0.01217900
v -0.07046400 0.02677100 0.01229800
v -0.07046400 0.02677100 0.01229800
v -0.07046400 0.02677100 0.01229800
v -0.07032200 0.02671700 0.01242300
v -0.07032200 0.02671700 0.01242300
v -0.07032200 0.02671700 0.01242300
v -0.07032200 0.02671700 0.01242300
v -0.07018700 0.02666000 0.01255300
v -0.07018700 0.02666000 0.01255300
v -0.07018700 0.02666000 0.01255300
v -0.07005900 0.02659900 0.01268900
v -0.07005900 0.02659900 0.01268900
v -0.07005900 0.02659900 0.01268900
v -0.07005900 0.02659900 0.01268900
v -0.07005900 0.02659900 0.01268900
v -0.06993900 0.02653500 0.01283100
v -0.06993900 0.02653500 0.01283100
v -0.06993900 0.02653500 0.01283100
v -0.06982600 0.02646800 0.01297700
v -0.06982600 0.02646800 0.01297700
v -0.06982600 0.02646800 0.01297700
v -0.06982600 0.02646800 0.01297700
v -0.07092800 0.02691200 0.01196000
v -0.07092800 0.02691200 0.01196000
v -0.07092800 0.02691200 0.01196000
v -0.07092800 0.02691200 0.01196000
v -0.07092800 0.02691200 0.01196000
v -0.07109400 0.02695200 0.01186200
v -0.07109400 0.02695200 0.01186200
v -0.07126400 0.02698800 0.01177200
v -0.07126400 0.02698800 0.01177200
v -0.07126400 0.02698800 0.01177200
v -0.07126400 0.02698800 0.01177200
v -0.07126400 0.02698800 0.01177200
v -0.07126400 0.02698800 0.01177200
v -0.07143800 0.02702100 0.01168900
v -0.07143800 0.02702100 0.01168900
v -0.07143800 0.02702100 0.01168900
v -0.07161700 0.02705100 0.01161400
v -0.07161700 0.02705100 0.01161400
v -0.07161700 0.02705100 0.01161400
v -0.07161700 0.02705100 0.01161400
v -0.07161700 0.02705100 0.01161400
v -0.07237000 0.02713400 0.01139800
v -0.07237000 0.02713400 0.01139800
v -0.07237000 0.02713400 0.01139800
v -0.07237000 0.02713400 0.01139800
v -0.07237000 0.02713400 0.01139800
v -0.07237000 0.02713400 0.01139800
v -0.07315000 0.02716100 0.01132500
v -0.07315000 0.02716100 0.01132500
v -0.07315000 0.02716100 0.01132500
v -0.07315000 0.02716100 0.01132500
v -0.07365000 0.02716100 0.01132500
v -0.07365000 0.02716100 0.01132500
v -0.07365000 0.02716100 0.01132500
v -0.07365000 0.02716100 0.01132500
v -0.07365000 0.02716100 0.01132500
v -0.06965000 -0.00218100 -0.02964700
v -0.06965000 -0.00218100 -0.02964700
v -0.06965000 -0.00218100 -0.02964700
v -0.06965000 -0.00218100 -0.02964700
v -0.06973400 -0.00185300 -0.02942200
v -0.06973400 -0.00185300 -0.02942200
v -0.07005800 -0.00230900 -0.02938000
v -0.07005800 -0.00230900 -0.02938000
v -0.07005800 -0.00230900 -0.02938000
v -0.07005800 -0.00230900 -0.02938000
v -0.07005800 -0.00230900 -0.02938000
v -0.07005800 -0.00230900 -0.02938000
v -0.07005800 -0.00230900 -0.02938000
v -0.06993800 -0.00215500 -0.02939600
v -0.06993800 -0.00215500 -0.02939600
v -0.06993800 -0.00215500 -0.02939600
v -0.06982500 -0.00199400 -0.02941000
v -0.06982500 -0.00199400 -0.02941000
v -0.06982500 -0.00199400 -0.02941000
v -0.06982500 -0.00199400 -0.02941000
v -0.07061200 -0.00286300 -0.02931800
v -0.07061200 -0.00286300 -0.02931800
v -0.07061200 -0.00286300 -0.02931800
v -0.07061200 -0.00286300 -0.02931800
v -0.07126300 -0.00329900 -0.02925800
v -0.07126300 -0.00329900 -0.02925800
v -0.07126300 -0.00329900 -0.02925800
v -0.07126300 -0.00329900 -0.02925800
v -0.07126300 -0.00329900 -0.02925800
v -0.07109300 -0.00320300 -0.02927200
v -0.07109300 -0.00320300 -0.02927200
v -0.07092800 -0.00309800 -0.02928700
v -0.07092800 -0.00309800 -0.02928700
v -0.07092800 -0.00309800 -0.02928700
v -0.07092800 -0.00309800 -0.02928700
v -0.07092800 -0.00309800 -0.02928700
v -0.07076700 -0.00298400 -0.02930200
v -0.07076700 -0.00298400 -0.02930200
v -0.07143800 -0.00338700 -0.02924600
v -0.07143800 -0.00338700 -0.02924600
v -0.07143800 -0.00338700 -0.02924600
v -0.07161700 -0.00346700 -0.02923400
v -0.07161700 -0.00346700 -0.02923400
v -0.07161700 -0.00346700 -0.02923400
v -0.07161700 -0.00346700 -0.02923400
v -0.07161700 -0.00346700 -0.02923400
v -0.07236900 -0.00369600 -0.02919800
v -0.07236900 -0.00369600 -0.02919800
v -0.07236900 -0.00369600 -0.02919800
v -0.07236900 -0.00369600 -0.02919800
v -0.07236900 -0.00369600 -0.02919800
v -0.07236900 -0.00369600 -0.02919800
v -0.07315000 -0.00377300 -0.02918500
v -0.07315000 -0.00377300 -0.02918500
v -0.07315000 -0.00377300 -0.02918500
v -0.07315000 -0.00377300 -0.02918500
v -0.07315000 0.00422700 -0.02912300
v -0.07315000 0.00422700 -0.02912300
v -0.07315000 0.00422700 -0.02912300
v -0.07315000 0.00422700 -0.02912300
v -0.07315000 0.00422700 -0.02912300
v -0.07315000 0.00422700 -0.02912300
v -0.07365000 0.00422700 -0.02912300
v -0.07365000 0.00422700 -0.02912300
v -0.07365000 0.00422700 -0.02912300
v -0.07365000 0.00422700 -0.02912300
v -0.06993700 0.00261100 -0.02935800
v -0.06993700 0.00261100 -0.02935800
v -0.06982400 0.00245100 -0.02937500
v -0.06982400 0.00245100 -0.02937500
v -0.06982400 0.00245100 -0.02937500
v -0.06982400 0.00245100 -0.02937500
v -0.06982400 0.00245100 -0.02937500
v -0.06965000 0.00263800 -0.02960700
v -0.06965000 0.00263800 -0.02960700
v -0.06965000 0.00263800 -0.02960700
v -0.06973400 0.00231000 -0.02939000
v -0.06973400 0.00231000 -0.02939000
v -0.07005700 0.00276400 -0.02934100
v -0.07005700 0.00276400 -0.02934100
v -0.07005700 0.00276400 -0.02934100
v -0.07005700 0.00276400 -0.02934100
v -0.07018500 0.00291400 -0.02932300
v -0.07018500 0.00291400 -0.02932300
v -0.07018500 0.00291400 -0.02932300
v -0.07032100 0.00305600 -0.02930500
v -0.07032100 0.00305600 -0.02930500
v -0.07032100 0.00305600 -0.02930500
v -0.07032100 0.00305600 -0.02930500
v -0.07046300 0.00319100 -0.02928700
v -0.07046300 0.00319100 -0.02928700
v -0.07061200 0.00331900 -0.02926900
v -0.07061200 0.00331900 -0.02926900
v -0.07061200 0.00331900 -0.02926900
v -0.07061200 0.00331900 -0.02926900
v -0.07061200 0.00331900 -0.02926900
v -0.07076600 0.00343900 -0.02925200
v -0.07076600 0.00343900 -0.02925200
v -0.07092500 0.00355200 -0.02923500
v -0.07092500 0.00355200 -0.02923500
v -0.07092500 0.00355200 -0.02923500
v -0.07092500 0.00355200 -0.02923500
v -0.07109000 0.00365600 -0.02921900
v -0.07109000 0.00365600 -0.02921900
v -0.07126100 0.00375300 -0.02920400
v -0.07126100 0.00375300 -0.02920400
v -0.07126100 0.00375300 -0.02920400
v -0.07126100 0.00375300 -0.02920400
v -0.07126100 0.00375300 -0.02920400
v -0.07143700 0.00384200 -0.02919000
v -0.07143700 0.00384200 -0.02919000
v -0.07161700 0.00392200 -0.02917600
v -0.07161700 0.00392200 -0.02917600
v -0.07161700 0.00392200 -0.02917600
v -0.07161700 0.00392200 -0.02917600
v -0.07164600 0.00393400 -0.02917400
v -0.07164600 0.00393400 -0.02917400
v -0.07164600 0.00393400 -0.02917400
v -0.07164600 0.00393400 -0.02917400
v -0.07236400 0.00414900 -0.02913700
v -0.07236400 0.00414900 -0.02913700
v -0.07236400 0.00414900 -0.02913700
v -0.07236400 0.00414900 -0.02913700
v -0.07236400 0.00414900 -0.02913700
v -0.07365000 -0.00377300 -0.02918500
v -0.07365000 -0.00377300 -0.02918500
v -0.07365000 -0.00377300 -0.02918500
v -0.07365000 -0.00377300 -0.02918500
v -0.07365000 -0.00377300 -0.02918500
v -0.07615000 -0.01427800 -0.02011200
v -0.07615000 -0.01427800 -0.02011200
v -0.07615000 -0.01427800 -0.02011200
v -0.07615000 -0.01427800 -0.02011200
v -0.07615000 -0.01315100 -0.02143300
v -0.07615000 -0.01315100 -0.02143300
v -0.07615000 -0.01315100 -0.02143300
v -0.07615000 -0.01315100 -0.02143300
v -0.07615000 -0.01164100 -0.02229000
v -0.07615000 -0.01164100 -0.02229000
v -0.07615000 -0.01164100 -0.02229000
v -0.07615000 -0.01164100 -0.02229000
v -0.07615000 -0.00992800 -0.02257800
v -0.07615000 -0.00992800 -0.02257800
v -0.07615000 -0.00992800 -0.02257800
v -0.07615000 -0.00992800 -0.02257800
v -0.07128800 -0.00090000 -0.02250800
v -0.07128800 -0.00090000 -0.02250800
v -0.07128800 -0.00090000 -0.02250800
v -0.07207500 -0.00168700 -0.02251400
v -0.07207500 -0.00168700 -0.02251400
v -0.07207500 -0.00168700 -0.02251400
v -0.07422500 0.00203700 -0.02248500
v -0.07422500 0.00203700 -0.02248500
v -0.07422500 0.00203700 -0.02248500
v -0.07315000 0.00232500 -0.02248300
v -0.07315000 0.00232500 -0.02248300
v -0.07315000 0.00232500 -0.02248300
v -0.07615000 0.01027800 -0.02242100
v -0.07615000 0.01027800 -0.02242100
v -0.07615000 0.01027800 -0.02242100
v -0.07615000 0.01027800 -0.02242100
v -0.07315000 -0.00197500 -0.02251600
v -0.07315000 -0.00197500 -0.02251600
v -0.07315000 -0.00197500 -0.02251600
v -0.07422500 -0.00168700 -0.02251400
v -0.07422500 -0.00168700 -0.02251400
v -0.07422500 -0.00168700 -0.02251400
v -0.07100000 0.00017500 -0.02249900
v -0.07100000 0.00017500 -0.02249900
v -0.07100000 0.00017500 -0.02249900
v -0.07128800 0.00125000 -0.02249100
v -0.07128800 0.00125000 -0.02249100
v -0.07128800 0.00125000 -0.02249100
v -0.07207500 0.00203700 -0.02248500
v -0.07207500 0.00203700 -0.02248500
v -0.07207500 0.00203700 -0.02248500
v -0.07501200 -0.00090000 -0.02250800
v -0.07501200 -0.00090000 -0.02250800
v -0.07501200 -0.00090000 -0.02250800
v -0.07530000 0.00017500 -0.02249900
v -0.07530000 0.00017500 -0.02249900
v -0.07530000 0.00017500 -0.02249900
v -0.07501200 0.00125000 -0.02249100
v -0.07501200 0.00125000 -0.02249100
v -0.07501200 0.00125000 -0.02249100
v -0.07615000 0.01198600 -0.02210600
v -0.07615000 0.01198600 -0.02210600
v -0.07615000 0.01198600 -0.02210600
v -0.07615000 0.01198600 -0.02210600
v -0.07615000 0.01348300 -0.02122600
v -0.07615000 0.01348300 -0.02122600
v -0.07615000 0.01348300 -0.02122600
v -0.07615000 0.01348300 -0.02122600
v -0.07615000 0.01348300 -0.02122600
v -0.07615000 0.01458900 -0.01988700
v -0.07615000 0.01458900 -0.01988700
v -0.07615000 0.01458900 -0.01988700
v -0.07615000 0.01458900 -0.01988700
v -0.07615000 0.02455600 -0.00230900
v -0.07615000 0.02455600 -0.00230900
v -0.07615000 0.02455600 -0.00230900
v -0.07615000 0.02455600 -0.00230900
v -0.07615000 0.02455600 -0.00230900
v -0.07615000 0.02513700 -0.00067300
v -0.07615000 0.02513700 -0.00067300
v -0.07615000 0.02513700 -0.00067300
v -0.07615000 0.02513700 -0.00067300
v -0.07615000 0.02513700 -0.00067300
v -0.07615000 0.02513700 -0.00067300
v -0.07615000 0.02520700 0.00019600
v -0.07615000 0.02520700 0.00019600
v -0.07615000 0.02520700 0.00019600
v -0.07615000 0.02520700 0.00019600
v -0.07615000 0.02520700 0.00019600
v -0.07615000 0.02512400 0.00106400
v -0.07615000 0.02512400 0.00106400
v -0.07615000 0.02512400 0.00106400
v -0.07615000 0.02512400 0.00106400
v -0.07615000 0.02512400 0.00106400
v -0.07615000 0.02451700 0.00269100
v -0.07615000 0.02451700 0.00269100
v -0.07615000 0.02451700 0.00269100
v -0.07615000 0.02451700 0.00269100
v -0.07501200 0.01885300 0.01232800
v -0.07501200 0.01885300 0.01232800
v -0.07501200 0.01885300 0.01232800
v -0.07501200 0.01885300 0.01232800
v -0.07615000 0.01427800 0.02011200
v -0.07615000 0.01427800 0.02011200
v -0.07615000 0.01427800 0.02011200
v -0.07615000 0.01427800 0.02011200
v -0.07530000 0.01939700 0.01140100
v -0.07530000 0.01939700 0.01140100
v -0.07530000 0.01939700 0.01140100
v -0.07530000 0.01939700 0.01140100
v -0.07501200 0.01994200 0.01047500
v -0.07501200 0.01994200 0.01047500
v -0.07501200 0.01994200 0.01047500
v -0.07422500 0.02034100 0.00979600
v -0.07422500 0.02034100 0.00979600
v -0.07422500 0.02034100 0.00979600
v -0.07207500 0.01845400 0.01300700
v -0.07207500 0.01845400 0.01300700
v -0.07207500 0.01845400 0.01300700
v -0.07315000 0.01830800 0.01325500
v -0.07315000 0.01830800 0.01325500
v -0.07315000 0.01830800 0.01325500
v -0.07422500 0.01845400 0.01300700
v -0.07422500 0.01845400 0.01300700
v -0.07422500 0.01845400 0.01300700
v -0.07128800 0.01885300 0.01232800
v -0.07128800 0.01885300 0.01232800
v -0.07128800 0.01885300 0.01232800
v -0.07100000 0.01939700 0.01140100
v -0.07100000 0.01939700 0.01140100
v -0.07100000 0.01939700 0.01140100
v -0.07100000 0.01939700 0.01140100
v -0.07128800 0.01994200 0.01047500
v -0.07128800 0.01994200 0.01047500
v -0.07128800 0.01994200 0.01047500
v -0.07128800 0.01994200 0.01047500
v -0.07207500 0.02034100 0.00979600
v -0.07207500 0.02034100 0.00979600
v -0.07207500 0.02034100 0.00979600
v -0.07315000 0.02048700 0.00954800
v -0.07315000 0.02048700 0.00954800
v -0.07315000 0.02048700 0.00954800
v -0.07615000 0.01315100 0.02143300
v -0.07615000 0.01315100 0.02143300
v -0.07615000 0.01315100 0.02143300
v -0.07615000 0.01315100 0.02143300
v -0.07615000 0.01315100 0.02143300
v -0.07615000 0.01164100 0.02229000
v -0.07615000 0.01164100 0.02229000
v -0.07615000 0.01164100 0.02229000
v -0.07615000 0.01164100 0.02229000
v -0.07615000 0.00992800 0.02257800
v -0.07615000 0.00992800 0.02257800
v -0.07615000 0.00992800 0.02257800
v -0.07615000 0.00992800 0.02257800
v -0.07615000 -0.01027800 0.02242100
v -0.07615000 -0.01027800 0.02242100
v -0.07615000 -0.01027800 0.02242100
v -0.07615000 -0.01027800 0.02242100
v -0.07493300 -0.02781200 0.01047000
v -0.07493300 -0.02781200 0.01047000
v -0.07493300 -0.02781200 0.01047000
v -0.07493300 -0.02781200 0.01047000
v -0.07493300 -0.02781200 0.01047000
v -0.07446700 -0.02737800 0.01079500
v -0.07446700 -0.02737800 0.01079500
v -0.07446700 -0.02737800 0.01079500
v -0.07446700 -0.02737800 0.01079500
v -0.07446700 -0.02737800 0.01079500
v -0.07446700 -0.02737800 0.01079500
v -0.07446700 -0.02737800 0.01079500
v -0.07521700 -0.02750100 0.01048700
v -0.07521700 -0.02750100 0.01048700
v -0.07521700 -0.02750100 0.01048700
v -0.07521700 -0.02750100 0.01048700
v -0.07521700 -0.02750100 0.01048700
v -0.07315000 -0.02020900 0.01605700
v -0.07315000 -0.02020900 0.01605700
v -0.07315000 -0.02020900 0.01605700
v -0.07315000 -0.02020900 0.01605700
v -0.07181800 -0.02032200 0.01585900
v -0.07181800 -0.02032200 0.01585900
v -0.07181800 -0.02032200 0.01585900
v -0.07181800 -0.02032200 0.01585900
v -0.07181800 -0.02032200 0.01585900
v -0.07181800 -0.02032200 0.01585900
v -0.07046400 -0.02403600 0.01703600
v -0.07046400 -0.02403600 0.01703600
v -0.07047500 -0.02071500 0.01516500
v -0.07047500 -0.02071500 0.01516500
v -0.07047500 -0.02071500 0.01516500
v -0.07047500 -0.02071500 0.01516500
v -0.07047500 -0.02071500 0.01516500
v -0.07047500 -0.02071500 0.01516500
v -0.07047500 -0.02071500 0.01516500
v -0.07047500 -0.02071500 0.01516500
v -0.07047500 -0.02071500 0.01516500
v -0.07047500 -0.02071500 0.01516500
v -0.07047500 -0.02071500 0.01516500
v -0.07109400 -0.02374900 0.01741000
v -0.07109400 -0.02374900 0.01741000
v -0.07143800 -0.02363300 0.01755700
v -0.07143800 -0.02363300 0.01755700
v -0.06973500 -0.02455400 0.01631600
v -0.06973500 -0.02455400 0.01631600
v -0.06993900 -0.02437900 0.01656500
v -0.06993900 -0.02437900 0.01656500
v -0.07018700 -0.02420100 0.01681100
v -0.07018700 -0.02420100 0.01681100
v -0.07018700 -0.02420100 0.01681100
v -0.07315000 -0.02415500 0.00909800
v -0.07315000 -0.02415500 0.00909800
v -0.07315000 -0.02415500 0.00909800
v -0.07365000 -0.02415500 0.00909800
v -0.07365000 -0.02415500 0.00909800
v -0.07365000 -0.02415500 0.00909800
v -0.07365000 -0.02415500 0.00909800
v -0.06993600 -0.02673000 0.01241900
v -0.06993600 -0.02673000 0.01241900
v -0.07048800 -0.02365500 0.00998000
v -0.07048800 -0.02365500 0.00998000
v -0.07048800 -0.02365500 0.00998000
v -0.07048800 -0.02365500 0.00998000
v -0.07048800 -0.02365500 0.00998000
v -0.07048800 -0.02365500 0.00998000
v -0.07048800 -0.02365500 0.00998000
v -0.07048800 -0.02365500 0.00998000
v -0.07048800 -0.02365500 0.00998000
v -0.06973400 -0.02660700 0.01269500
v -0.06973400 -0.02660700 0.01269500
v -0.07182600 -0.02404400 0.00929400
v -0.07182600 -0.02404400 0.00929400
v -0.07182600 -0.02404400 0.00929400
v -0.07182600 -0.02404400 0.00929400
v -0.07182600 -0.02404400 0.00929400
v -0.07182600 -0.02404400 0.00929400
v -0.07108900 -0.02713300 0.01144400
v -0.07108900 -0.02713300 0.01144400
v -0.07076500 -0.02705200 0.01164800
v -0.07076500 -0.02705200 0.01164800
v -0.07365000 -0.02020900 0.01605700
v -0.07365000 -0.02020900 0.01605700
v -0.07365000 -0.02020900 0.01605700
v -0.07365000 -0.02020900 0.01605700
v -0.07521700 -0.02311900 0.01821500
v -0.07521700 -0.02311900 0.01821500
v -0.07521700 -0.02311900 0.01821500
v -0.07521700 -0.02311900 0.01821500
v -0.07521700 -0.02311900 0.01821500
v -0.07519900 -0.02312600 0.01820700
v -0.07519900 -0.02312600 0.01820700
v -0.07519900 -0.02312600 0.01820700
v -0.07519900 -0.02312600 0.01820700
v -0.07493300 -0.02326400 0.01849100
v -0.07493300 -0.02326400 0.01849100
v -0.07493300 -0.02326400 0.01849100
v -0.07493300 -0.02326400 0.01849100
v -0.07493300 -0.02326400 0.01849100
v -0.07493300 -0.02326400 0.01849100
v -0.07493300 -0.02326400 0.01849100
v -0.07493300 -0.02326400 0.01849100
v -0.07493300 -0.02326400 0.01849100
v -0.07493300 -0.02326400 0.01849100
v -0.07445400 -0.02332200 0.01794900
v -0.07445400 -0.02332200 0.01794900
v -0.07445400 -0.02332200 0.01794900
v -0.07445400 -0.02332200 0.01794900
v -0.07445400 -0.02332200 0.01794900
v -0.07445400 -0.02332200 0.01794900
v -0.07445400 -0.02332200 0.01794900
v -0.07493300 0.02297300 0.01885100
v -0.07493300 0.02297300 0.01885100
v -0.07493300 0.02297300 0.01885100
v -0.07493300 0.02297300 0.01885100
v -0.07493300 0.02297300 0.01885100
v -0.07493300 0.02297300 0.01885100
v -0.07446700 0.02303800 0.01831200
v -0.07446700 0.02303800 0.01831200
v -0.07446700 0.02303800 0.01831200
v -0.07446700 0.02303800 0.01831200
v -0.07446700 0.02303800 0.01831200
v -0.07446700 0.02303800 0.01831200
v -0.07446700 0.02303800 0.01831200
v -0.07521700 0.02283300 0.01857300
v -0.07521700 0.02283300 0.01857300
v -0.07521700 0.02283300 0.01857300
v -0.07521700 0.02283300 0.01857300
v -0.07521700 0.02283300 0.01857300
v -0.07315000 0.02089400 0.01477500
v -0.07315000 0.02089400 0.01477500
v -0.07315000 0.02089400 0.01477500
v -0.07207500 0.02104000 0.01452700
v -0.07207500 0.02104000 0.01452700
v -0.07207500 0.02104000 0.01452700
v -0.07128800 0.02143900 0.01384800
v -0.07128800 0.02143900 0.01384800
v -0.07128800 0.02143900 0.01384800
v -0.07128800 0.02143900 0.01384800
v -0.07100000 0.02198400 0.01292100
v -0.07100000 0.02198400 0.01292100
v -0.07100000 0.02198400 0.01292100
v -0.07100000 0.02198400 0.01292100
v -0.07128800 0.02252800 0.01199500
v -0.07128800 0.02252800 0.01199500
v -0.07128800 0.02252800 0.01199500
v -0.07207500 0.02292700 0.01131600
v -0.07207500 0.02292700 0.01131600
v -0.07207500 0.02292700 0.01131600
v -0.07315000 0.02307300 0.01106800
v -0.07315000 0.02307300 0.01106800
v -0.07315000 0.02307300 0.01106800
v -0.07422500 0.02292700 0.01131600
v -0.07422500 0.02292700 0.01131600
v -0.07422500 0.02292700 0.01131600
v -0.07501200 0.02252800 0.01199500
v -0.07501200 0.02252800 0.01199500
v -0.07501200 0.02252800 0.01199500
v -0.07501200 0.02252800 0.01199500
v -0.07530000 0.02198400 0.01292100
v -0.07530000 0.02198400 0.01292100
v -0.07530000 0.02198400 0.01292100
v -0.07530000 0.02198400 0.01292100
v -0.07501200 0.02143900 0.01384800
v -0.07501200 0.02143900 0.01384800
v -0.07501200 0.02143900 0.01384800
v -0.07422500 0.02104000 0.01452700
v -0.07422500 0.02104000 0.01452700
v -0.07422500 0.02104000 0.01452700
v -0.07315000 0.02401100 0.00947300
v -0.07315000 0.02401100 0.00947300
v -0.07315000 0.02401100 0.00947300
v -0.07315000 0.02401100 0.00947300
v -0.07181800 0.02389500 0.00967000
v -0.07181800 0.02389500 0.00967000
v -0.07181800 0.02389500 0.00967000
v -0.07181800 0.02389500 0.00967000
v -0.07181800 0.02389500 0.00967000
v -0.07181800 0.02389500 0.00967000
v -0.07046400 0.02677100 0.01229800
v -0.07046400 0.02677100 0.01229800
v -0.07047500 0.02349100 0.01035700
v -0.07047500 0.02349100 0.01035700
v -0.07047500 0.02349100 0.01035700
v -0.07047500 0.02349100 0.01035700
v -0.07047500 0.02349100 0.01035700
v -0.07047500 0.02349100 0.01035700
v -0.07047500 0.02349100 0.01035700
v -0.07047500 0.02349100 0.01035700
v -0.07047500 0.02349100 0.01035700
v -0.07047500 0.02349100 0.01035700
v -0.07076700 0.02686900 0.01206600
v -0.07076700 0.02686900 0.01206600
v -0.07109400 0.02695200 0.01186200
v -0.07109400 0.02695200 0.01186200
v -0.07143800 0.02702100 0.01168900
v -0.07143800 0.02702100 0.01168900
v -0.06973500 0.02640700 0.01310600
v -0.06973500 0.02640700 0.01310600
v -0.06993900 0.02653500 0.01283100
v -0.06993900 0.02653500 0.01283100
v -0.07018700 0.02666000 0.01255300
v -0.07018700 0.02666000 0.01255300
v -0.07018700 0.02666000 0.01255300
v -0.07315000 0.01995700 0.01637000
v -0.07315000 0.01995700 0.01637000
v -0.07315000 0.01995700 0.01637000
v -0.07365000 0.01995700 0.01637000
v -0.07365000 0.01995700 0.01637000
v -0.07365000 0.01995700 0.01637000
v -0.07365000 0.01995700 0.01637000
v -0.06993600 0.02412000 0.01693900
v -0.06993600 0.02412000 0.01693900
v -0.07048800 0.02047100 0.01549600
v -0.07048800 0.02047100 0.01549600
v -0.07048800 0.02047100 0.01549600
v -0.07048800 0.02047100 0.01549600
v -0.07048800 0.02047100 0.01549600
v -0.07048800 0.02047100 0.01549600
v -0.07048800 0.02047100 0.01549600
v -0.07048800 0.02047100 0.01549600
v -0.07048800 0.02047100 0.01549600
v -0.06973400 0.02429800 0.01669500
v -0.06973400 0.02429800 0.01669500
v -0.07182600 0.02007100 0.01617500
v -0.07182600 0.02007100 0.01617500
v -0.07182600 0.02007100 0.01617500
v -0.07182600 0.02007100 0.01617500
v -0.07182600 0.02007100 0.01617500
v -0.07182600 0.02007100 0.01617500
v -0.07108900 0.02347700 0.01777600
v -0.07108900 0.02347700 0.01777600
v -0.07076500 0.02361400 0.01760400
v -0.07076500 0.02361400 0.01760400
v -0.07365000 0.02401100 0.00947300
v -0.07365000 0.02401100 0.00947300
v -0.07365000 0.02401100 0.00947300
v -0.07365000 0.02401100 0.00947300
v -0.07521700 0.02733400 0.01091400
v -0.07521700 0.02733400 0.01091400
v -0.07521700 0.02733400 0.01091400
v -0.07521700 0.02733400 0.01091400
v -0.07521700 0.02733400 0.01091400
v -0.07519900 0.02733000 0.01092400
v -0.07519900 0.02733000 0.01092400
v -0.07519900 0.02733000 0.01092400
v -0.07519900 0.02733000 0.01092400
v -0.07493300 0.02764600 0.01090100
v -0.07493300 0.02764600 0.01090100
v -0.07493300 0.02764600 0.01090100
v -0.07493300 0.02764600 0.01090100
v -0.07493300 0.02764600 0.01090100
v -0.07493300 0.02764600 0.01090100
v -0.07493300 0.02764600 0.01090100
v -0.07493300 0.02764600 0.01090100
v -0.07493300 0.02764600 0.01090100
v -0.07493300 0.02764600 0.01090100
v -0.07493300 0.02764600 0.01090100
v -0.07445400 0.02720500 0.01122300
v -0.07445400 0.02720500 0.01122300
v -0.07445400 0.02720500 0.01122300
v -0.07445400 0.02720500 0.01122300
v -0.07445400 0.02720500 0.01122300
v -0.07445400 0.02720500 0.01122300
v -0.07445400 0.02720500 0.01122300
v -0.07493300 0.00483900 -0.02932100
v -0.07493300 0.00483900 -0.02932100
v -0.07493300 0.00483900 -0.02932100
v -0.07493300 0.00483900 -0.02932100
v -0.07493300 0.00483900 -0.02932100
v -0.07446700 0.00434000 -0.02910700
v -0.07446700 0.00434000 -0.02910700
v -0.07446700 0.00434000 -0.02910700
v -0.07446700 0.00434000 -0.02910700
v -0.07446700 0.00434000 -0.02910700
v -0.07446700 0.00434000 -0.02910700
v -0.07446700 0.00434000 -0.02910700
v -0.07521700 0.00466800 -0.02906000
v -0.07521700 0.00466800 -0.02906000
v -0.07521700 0.00466800 -0.02906000
v -0.07521700 0.00466800 -0.02906000
v -0.07521700 0.00466800 -0.02906000
v -0.07530000 0.00019800 -0.02549900
v -0.07530000 0.00019800 -0.02549900
v -0.07530000 0.00019800 -0.02549900
v -0.07501200 0.00127300 -0.02549100
v -0.07501200 0.00127300 -0.02549100
v -0.07501200 0.00127300 -0.02549100
v -0.07422500 0.00206000 -0.02548500
v -0.07422500 0.00206000 -0.02548500
v -0.07422500 0.00206000 -0.02548500
v -0.07315000 0.00234800 -0.02548200
v -0.07315000 0.00234800 -0.02548200
v -0.07315000 0.00234800 -0.02548200
v -0.07207500 0.00206000 -0.02548500
v -0.07207500 0.00206000 -0.02548500
v -0.07207500 0.00206000 -0.02548500
v -0.07128800 0.00127300 -0.02549100
v -0.07128800 0.00127300 -0.02549100
v -0.07128800 0.00127300 -0.02549100
v -0.07100000 0.00019800 -0.02549900
v -0.07100000 0.00019800 -0.02549900
v -0.07100000 0.00019800 -0.02549900
v -0.07128800 -0.00087700 -0.02550800
v -0.07128800 -0.00087700 -0.02550800
v -0.07128800 -0.00087700 -0.02550800
v -0.07207500 -0.00166300 -0.02551400
v -0.07207500 -0.00166300 -0.02551400
v -0.07207500 -0.00166300 -0.02551400
v -0.07315000 -0.00195100 -0.02551600
v -0.07315000 -0.00195100 -0.02551600
v -0.07315000 -0.00195100 -0.02551600
v -0.07422500 -0.00166300 -0.02551400
v -0.07422500 -0.00166300 -0.02551400
v -0.07422500 -0.00166300 -0.02551400
v -0.07501200 -0.00087700 -0.02550800
v -0.07501200 -0.00087700 -0.02550800
v -0.07501200 -0.00087700 -0.02550800
v -0.07315000 -0.00380100 -0.02553000
v -0.07315000 -0.00380100 -0.02553000
v -0.07315000 -0.00380100 -0.02553000
v -0.07315000 -0.00380100 -0.02553000
v -0.07181800 -0.00357300 -0.02552900
v -0.07181800 -0.00357300 -0.02552900
v -0.07181800 -0.00357300 -0.02552900
v -0.07181800 -0.00357300 -0.02552900
v -0.07181800 -0.00357300 -0.02552900
v -0.07181800 -0.00357300 -0.02552900
v -0.07076700 -0.00298400 -0.02930200
v -0.07076700 -0.00298400 -0.02930200
v -0.07047500 -0.00277600 -0.02552200
v -0.07047500 -0.00277600 -0.02552200
v -0.07047500 -0.00277600 -0.02552200
v -0.07047500 -0.00277600 -0.02552200
v -0.07047500 -0.00277600 -0.02552200
v -0.07047500 -0.00277600 -0.02552200
v -0.07047500 -0.00277600 -0.02552200
v -0.07047500 -0.00277600 -0.02552200
v -0.07109300 -0.00320300 -0.02927200
v -0.07109300 -0.00320300 -0.02927200
v -0.07143800 -0.00338700 -0.02924600
v -0.07143800 -0.00338700 -0.02924600
v -0.06973400 -0.00185300 -0.02942200
v -0.06973400 -0.00185300 -0.02942200
v -0.06993800 -0.00215500 -0.02939600
v -0.06993800 -0.00215500 -0.02939600
v -0.07315000 0.00419800 -0.02546800
v -0.07315000 0.00419800 -0.02546800
v -0.07315000 0.00419800 -0.02546800
v -0.07365000 0.00419800 -0.02546800
v -0.07365000 0.00419800 -0.02546800
v -0.07365000 0.00419800 -0.02546800
v -0.07365000 0.00419800 -0.02546800
v -0.07048800 0.00318400 -0.02547600
v -0.07048800 0.00318400 -0.02547600
v -0.07048800 0.00318400 -0.02547600
v -0.07048800 0.00318400 -0.02547600
v -0.07048800 0.00318400 -0.02547600
v -0.07048800 0.00318400 -0.02547600
v -0.07048800 0.00318400 -0.02547600
v -0.07048800 0.00318400 -0.02547600
v -0.07048800 0.00318400 -0.02547600
v -0.07048800 0.00318400 -0.02547600
v -0.07048800 0.00318400 -0.02547600
v -0.07018500 0.00291400 -0.02932300
v -0.07018500 0.00291400 -0.02932300
v -0.07018500 0.00291400 -0.02932300
v -0.06993700 0.00261100 -0.02935800
v -0.06993700 0.00261100 -0.02935800
v -0.06973400 0.00231000 -0.02939000
v -0.06973400 0.00231000 -0.02939000
v -0.07182600 0.00397300 -0.02547000
v -0.07182600 0.00397300 -0.02547000
v -0.07182600 0.00397300 -0.02547000
v -0.07182600 0.00397300 -0.02547000
v -0.07182600 0.00397300 -0.02547000
v -0.07182600 0.00397300 -0.02547000
v -0.07182600 0.00397300 -0.02547000
v -0.07143700 0.00384200 -0.02919000
v -0.07143700 0.00384200 -0.02919000
v -0.07143700 0.00384200 -0.02919000
v -0.07109000 0.00365600 -0.02921900
v -0.07109000 0.00365600 -0.02921900
v -0.07076600 0.00343900 -0.02925200
v -0.07076600 0.00343900 -0.02925200
v -0.07046300 0.00319100 -0.02928700
v -0.07046300 0.00319100 -0.02928700
v -0.07521700 -0.00421500 -0.02912900
v -0.07521700 -0.00421500 -0.02912900
v -0.07521700 -0.00421500 -0.02912900
v -0.07521700 -0.00421500 -0.02912900
v -0.07521700 -0.00421500 -0.02912900
v -0.07519900 -0.00420400 -0.02913100
v -0.07519900 -0.00420400 -0.02913100
v -0.07519900 -0.00420400 -0.02913100
v -0.07519900 -0.00420400 -0.02913100
v -0.07493300 -0.00438200 -0.02939200
v -0.07493300 -0.00438200 -0.02939200
v -0.07493300 -0.00438200 -0.02939200
v -0.07493300 -0.00438200 -0.02939200
v -0.07493300 -0.00438200 -0.02939200
v -0.07493300 -0.00438200 -0.02939200
v -0.07493300 -0.00438200 -0.02939200
v -0.07493300 -0.00438200 -0.02939200
v -0.07493300 -0.00438200 -0.02939200
v -0.07493300 -0.00438200 -0.02939200
v -0.07445400 -0.00388300 -0.02917200
v -0.07445400 -0.00388300 -0.02917200
v -0.07445400 -0.00388300 -0.02917200
v -0.07445400 -0.00388300 -0.02917200
v -0.07445400 -0.00388300 -0.02917200
v -0.07445400 -0.00388300 -0.02917200
v -0.07445400 -0.00388300 -0.02917200
v -0.07365000 -0.00380100 -0.02553000
v -0.07365000 -0.00380100 -0.02553000
v -0.07365000 -0.00380100 -0.02553000
v -0.07365000 -0.00380100 -0.02553000
v -0.07315000 -0.02063300 0.00922800
v -0.07315000 -0.02063300 0.00922800
v -0.07315000 -0.02063300 0.00922800
v -0.07315000 -0.02063300 0.00922800
v -0.07315000 -0.02324300 0.01070700
v -0.07315000 -0.02324300 0.01070700
v -0.07315000 -0.02324300 0.01070700
v -0.07315000 -0.02324300 0.01070700
v -0.07207500 -0.02049100 0.00947800
v -0.07207500 -0.02049100 0.00947800
v -0.07207500 -0.02049100 0.00947800
v -0.07207500 -0.02049100 0.00947800
v -0.07207500 -0.02310100 0.01095800
v -0.07207500 -0.02310100 0.01095800
v -0.07207500 -0.02310100 0.01095800
v -0.07128800 -0.02010300 0.01016300
v -0.07128800 -0.02010300 0.01016300
v -0.07128800 -0.02010300 0.01016300
v -0.07128800 -0.02271200 0.01164300
v -0.07128800 -0.02271200 0.01164300
v -0.07128800 -0.02271200 0.01164300
v -0.07100000 -0.01957300 0.01109800
v -0.07100000 -0.01957300 0.01109800
v -0.07100000 -0.01957300 0.01109800
v -0.07100000 -0.01957300 0.01109800
v -0.07100000 -0.02218200 0.01257800
v -0.07100000 -0.02218200 0.01257800
v -0.07100000 -0.02218200 0.01257800
v -0.07128800 -0.01904200 0.01203300
v -0.07128800 -0.01904200 0.01203300
v -0.07128800 -0.01904200 0.01203300
v -0.07128800 -0.01904200 0.01203300
v -0.07128800 -0.02165200 0.01351300
v -0.07128800 -0.02165200 0.01351300
v -0.07128800 -0.02165200 0.01351300
v -0.07128800 -0.02165200 0.01351300
v -0.07207500 -0.01865400 0.01271800
v -0.07207500 -0.01865400 0.01271800
v -0.07207500 -0.01865400 0.01271800
v -0.07207500 -0.02126400 0.01419700
v -0.07207500 -0.02126400 0.01419700
v -0.07207500 -0.02126400 0.01419700
v -0.07207500 -0.02126400 0.01419700
v -0.07207500 -0.02126400 0.01419700
v -0.07315000 -0.01851200 0.01296800
v -0.07315000 -0.01851200 0.01296800
v -0.07315000 -0.01851200 0.01296800
v -0.07315000 -0.01851200 0.01296800
v -0.07315000 -0.02112200 0.01444800
v -0.07315000 -0.02112200 0.01444800
v -0.07315000 -0.02112200 0.01444800
v -0.07422500 -0.01865400 0.01271800
v -0.07422500 -0.01865400 0.01271800
v -0.07422500 -0.01865400 0.01271800
v -0.07422500 -0.02126400 0.01419700
v -0.07422500 -0.02126400 0.01419700
v -0.07422500 -0.02126400 0.01419700
v -0.07501200 -0.01904200 0.01203300
v -0.07501200 -0.01904200 0.01203300
v -0.07501200 -0.01904200 0.01203300
v -0.07501200 -0.02165200 0.01351300
v -0.07501200 -0.02165200 0.01351300
v -0.07501200 -0.02165200 0.01351300
v -0.07501200 -0.02165200 0.01351300
v -0.07530000 -0.01957300 0.01109800
v -0.07530000 -0.01957300 0.01109800
v -0.07530000 -0.01957300 0.01109800
v -0.07530000 -0.02218200 0.01257800
v -0.07530000 -0.02218200 0.01257800
v -0.07530000 -0.02218200 0.01257800
v -0.07530000 -0.02218200 0.01257800
v -0.07501200 -0.02010300 0.01016300
v -0.07501200 -0.02010300 0.01016300
v -0.07501200 -0.02010300 0.01016300
v -0.07501200 -0.02271200 0.01164300
v -0.07501200 -0.02271200 0.01164300
v -0.07501200 -0.02271200 0.01164300
v -0.07501200 -0.02271200 0.01164300
v -0.07422500 -0.02049100 0.00947800
v -0.07422500 -0.02049100 0.00947800
v -0.07422500 -0.02049100 0.00947800
v -0.07422500 -0.02310100 0.01095800
v -0.07422500 -0.02310100 0.01095800
v -0.07422500 -0.02310100 0.01095800
v -0.07422500 -0.02310100 0.01095800
v -0.07615000 -0.01198600 0.02210600
v -0.07615000 -0.01198600 0.02210600
v -0.07615000 -0.01198600 0.02210600
v -0.07615000 -0.01198600 0.02210600
v -0.07615000 -0.01348300 0.02122600
v -0.07615000 -0.01348300 0.02122600
v -0.07615000 -0.01348300 0.02122600
v -0.07615000 -0.01348300 0.02122600
v -0.07615000 -0.01348300 0.02122600
v -0.07615000 -0.01458900 0.01988700
v -0.07615000 -0.01458900 0.01988700
v -0.07615000 -0.01458900 0.01988700
v -0.07615000 -0.01458900 0.01988700
v -0.07615000 -0.02451700 -0.00269100
v -0.07615000 -0.02451700 -0.00269100
v -0.07615000 -0.02451700 -0.00269100
v -0.07615000 -0.02451700 -0.00269100
v -0.07665000 -0.02494800 -0.00294400
v -0.07665000 -0.02494800 -0.00294400
v -0.07665000 -0.02494800 -0.00294400
v -0.07665000 -0.01470900 -0.02036500
v -0.07665000 -0.01470900 -0.02036500
v -0.07665000 -0.01470900 -0.02036500
v -0.07665000 -0.00992400 -0.02307800
v -0.07665000 -0.00992400 -0.02307800
v -0.07665000 -0.00992400 -0.02307800
v -0.07665000 -0.01180800 -0.02276100
v -0.07665000 -0.01180800 -0.02276100
v -0.07665000 -0.01180800 -0.02276100
v -0.07665000 -0.01347000 -0.02181900
v -0.07665000 -0.01347000 -0.02181900
v -0.07665000 -0.01347000 -0.02181900
v -0.07665000 0.01028200 -0.02292100
v -0.07665000 0.01028200 -0.02292100
v -0.07665000 0.01028200 -0.02292100
v -0.07665000 0.01502400 -0.02013400
v -0.07665000 0.01502400 -0.02013400
v -0.07665000 0.01502400 -0.02013400
v -0.07665000 0.01502400 -0.02013400
v -0.07665000 0.01380800 -0.02160600
v -0.07665000 0.01380800 -0.02160600
v -0.07665000 0.01380800 -0.02160600
v -0.07665000 0.01216100 -0.02257400
v -0.07665000 0.01216100 -0.02257400
v -0.07665000 0.01216100 -0.02257400
v -0.07665000 0.02499100 -0.00255600
v -0.07665000 0.02499100 -0.00255600
v -0.07665000 0.02499100 -0.00255600
v -0.07665000 0.02494800 0.00294400
v -0.07665000 0.02494800 0.00294400
v -0.07665000 0.02494800 0.00294400
v -0.07665000 0.02561600 0.00115400
v -0.07665000 0.02561600 0.00115400
v -0.07665000 0.02561600 0.00115400
v -0.07665000 0.02570600 0.00020000
v -0.07665000 0.02570600 0.00020000
v -0.07665000 0.02570600 0.00020000
v -0.07665000 0.02570600 0.00020000
v -0.07665000 0.02563000 -0.00075600
v -0.07665000 0.02563000 -0.00075600
v -0.07665000 0.02563000 -0.00075600
v -0.07665000 0.01470900 0.02036500
v -0.07665000 0.01470900 0.02036500
v -0.07665000 0.01470900 0.02036500
v -0.07665000 0.00992400 0.02307800
v -0.07665000 0.00992400 0.02307800
v -0.07665000 0.00992400 0.02307800
v -0.07665000 0.01180800 0.02276100
v -0.07665000 0.01180800 0.02276100
v -0.07665000 0.01180800 0.02276100
v -0.07665000 0.01180800 0.02276100
v -0.07665000 0.01347000 0.02181900
v -0.07665000 0.01347000 0.02181900
v -0.07665000 0.01347000 0.02181900
v -0.07665000 -0.01028200 0.02292100
v -0.07665000 -0.01028200 0.02292100
v -0.07665000 -0.01028200 0.02292100
v -0.07584300 -0.02712900 0.00968900
v -0.07584300 -0.02712900 0.00968900
v -0.07584300 -0.02712900 0.00968900
v -0.07584300 -0.02712900 0.00968900
v -0.07584300 -0.02712900 0.00968900
v -0.07627100 -0.02694400 0.00890900
v -0.07627100 -0.02694400 0.00890900
v -0.07627100 -0.02694400 0.00890900
v -0.07627100 -0.02694400 0.00890900
v -0.07652800 -0.02690500 0.00818400
v -0.07652800 -0.02690500 0.00818400
v -0.07652800 -0.02690500 0.00818400
v -0.07652800 -0.02690500 0.00818400
v -0.07652800 -0.02690500 0.00818400
v -0.07664500 -0.02699400 0.00745400
v -0.07664500 -0.02699400 0.00745400
v -0.07664500 -0.02699400 0.00745400
v -0.07664500 -0.02699400 0.00745400
v -0.07665000 -0.02703600 0.00728300
v -0.07665000 -0.02703600 0.00728300
v -0.07665000 -0.02703600 0.00728300
v -0.07665000 -0.02703600 0.00728300
v -0.07665000 -0.02703600 0.00728300
v -0.07665000 -0.02703600 0.00728300
v -0.07665000 -0.02703600 0.00728300
v -0.07652800 -0.00593800 -0.02748800
v -0.07652800 -0.00593800 -0.02748800
v -0.07652800 -0.00593800 -0.02748800
v -0.07652800 -0.00593800 -0.02748800
v -0.07656700 -0.00608700 -0.02741500
v -0.07656700 -0.00608700 -0.02741500
v -0.07656700 -0.00608700 -0.02741500
v -0.07656700 -0.00608700 -0.02741500
v -0.07656700 -0.00608700 -0.02741500
v -0.07665000 -0.00678900 -0.02716500
v -0.07665000 -0.00678900 -0.02716500
v -0.07665000 -0.00678900 -0.02716500
v -0.07665000 -0.00678900 -0.02716500
v -0.07665000 -0.00678900 -0.02716500
v -0.07665000 -0.00678900 -0.02716500
v -0.07623400 -0.00525900 -0.02792500
v -0.07623400 -0.00525900 -0.02792500
v -0.07623400 -0.00525900 -0.02792500
v -0.07623400 -0.00525900 -0.02792500
v -0.07623400 -0.00525900 -0.02792500
v -0.07581300 -0.00470000 -0.02845200
v -0.07581300 -0.00470000 -0.02845200
v -0.07581300 -0.00470000 -0.02845200
v -0.07581300 -0.00470000 -0.02845200
v -0.07665000 -0.01103000 -0.02573600
v -0.07665000 -0.01103000 -0.02573600
v -0.07665000 -0.01103000 -0.02573600
v -0.07665000 -0.01103000 -0.02573600
v -0.07665000 -0.01103000 -0.02573600
v -0.07665000 -0.01548900 -0.02332600
v -0.07665000 -0.01548900 -0.02332600
v -0.07665000 -0.01548900 -0.02332600
v -0.07665000 -0.01548900 -0.02332600
v -0.07665000 -0.01548900 -0.02332600
v -0.07665000 -0.01944100 -0.02015100
v -0.07665000 -0.01944100 -0.02015100
v -0.07665000 -0.01944100 -0.02015100
v -0.07665000 -0.01944100 -0.02015100
v -0.07665000 -0.01944100 -0.02015100
v -0.07665000 -0.02275600 -0.01631500
v -0.07665000 -0.02275600 -0.01631500
v -0.07665000 -0.02275600 -0.01631500
v -0.07665000 -0.02275600 -0.01631500
v -0.07665000 -0.02275600 -0.01631500
v -0.07665000 -0.02532400 -0.01194500
v -0.07665000 -0.02532400 -0.01194500
v -0.07665000 -0.02532400 -0.01194500
v -0.07665000 -0.02532400 -0.01194500
v -0.07665000 -0.02532400 -0.01194500
v -0.07665000 -0.02706300 -0.00718300
v -0.07665000 -0.02706300 -0.00718300
v -0.07665000 -0.02706300 -0.00718300
v -0.07665000 -0.02706300 -0.00718300
v -0.07665000 -0.02706300 -0.00718300
v -0.07665000 -0.02791500 -0.00218600
v -0.07665000 -0.02791500 -0.00218600
v -0.07665000 -0.02791500 -0.00218600
v -0.07665000 -0.02791500 -0.00218600
v -0.07665000 -0.02799900 -0.00021800
v -0.07665000 -0.02799900 -0.00021800
v -0.07665000 -0.02799900 -0.00021800
v -0.07665000 -0.02785100 0.00288300
v -0.07665000 -0.02785100 0.00288300
v -0.07665000 -0.02785100 0.00288300
v -0.07646500 -0.02512300 0.00739200
v -0.07646500 -0.02512300 0.00739200
v -0.07646500 -0.02512300 0.00739200
v -0.07646500 -0.02512300 0.00739200
v -0.07646500 -0.02512300 0.00739200
v -0.07646500 -0.02512300 0.00739200
v -0.07665000 -0.02563500 0.00648900
v -0.07665000 -0.02563500 0.00648900
v -0.07665000 -0.02563500 0.00648900
v -0.07468800 -0.02424700 0.00893700
v -0.07468800 -0.02424700 0.00893700
v -0.07468800 -0.02424700 0.00893700
v -0.07468800 -0.02424700 0.00893700
v -0.07468800 -0.02424700 0.00893700
v -0.07577100 -0.02458900 0.00833400
v -0.07577100 -0.02458900 0.00833400
v -0.07577100 -0.02458900 0.00833400
v -0.07577100 -0.02458900 0.00833400
v -0.07577100 -0.02458900 0.00833400
v -0.07577100 -0.01977600 0.01682200
v -0.07577100 -0.01977600 0.01682200
v -0.07577100 -0.01977600 0.01682200
v -0.07577100 -0.01977600 0.01682200
v -0.07577100 -0.01977600 0.01682200
v -0.07646500 -0.01924200 0.01776400
v -0.07646500 -0.01924200 0.01776400
v -0.07646500 -0.01924200 0.01776400
v -0.07646500 -0.01924200 0.01776400
v -0.07646500 -0.01924200 0.01776400
v -0.07646500 -0.01924200 0.01776400
v -0.07468800 -0.02011800 0.01621900
v -0.07468800 -0.02011800 0.01621900
v -0.07468800 -0.02011800 0.01621900
v -0.07468800 -0.02011800 0.01621900
v -0.07468800 -0.02011800 0.01621900
v -0.07665000 -0.01872900 0.01866700
v -0.07665000 -0.01872900 0.01866700
v -0.07665000 -0.01872900 0.01866700
v -0.07665000 -0.01872900 0.01866700
v -0.07665000 -0.01872900 0.01866700
v -0.07665000 -0.02013100 0.01946200
v -0.07665000 -0.02013100 0.01946200
v -0.07665000 -0.02013100 0.01946200
v -0.07665000 -0.02013100 0.01946200
v -0.07665000 -0.02013100 0.01946200
v -0.07665000 -0.02013100 0.01946200
v -0.07665000 -0.02013100 0.01946200
v -0.07656700 -0.02069900 0.01897900
v -0.07656700 -0.02069900 0.01897900
v -0.07656700 -0.02069900 0.01897900
v -0.07656700 -0.02069900 0.01897900
v -0.07656700 -0.02069900 0.01897900
v -0.07652800 -0.02083700 0.01888700
v -0.07652800 -0.02083700 0.01888700
v -0.07652800 -0.02083700 0.01888700
v -0.07652800 -0.02083700 0.01888700
v -0.07623400 -0.02155500 0.01851700
v -0.07623400 -0.02155500 0.01851700
v -0.07623400 -0.02155500 0.01851700
v -0.07623400 -0.02155500 0.01851700
v -0.07623400 -0.02155500 0.01851700
v -0.07581300 -0.02229000 0.01829600
v -0.07581300 -0.02229000 0.01829600
v -0.07581300 -0.02229000 0.01829600
v -0.07581300 -0.02229000 0.01829600
v -0.07665000 0.01982500 0.01977300
v -0.07665000 0.01982500 0.01977300
v -0.07665000 0.01982500 0.01977300
v -0.07665000 0.01982500 0.01977300
v -0.07665000 0.01982500 0.01977300
v -0.07665000 0.01982500 0.01977300
v -0.07665000 0.01642200 0.02267900
v -0.07665000 0.01642200 0.02267900
v -0.07665000 0.01642200 0.02267900
v -0.07665000 0.01642200 0.02267900
v -0.07665000 0.01642200 0.02267900
v -0.07584300 0.02195500 0.01865000
v -0.07584300 0.02195500 0.01865000
v -0.07584300 0.02195500 0.01865000
v -0.07584300 0.02195500 0.01865000
v -0.07584300 0.02195500 0.01865000
v -0.07627100 0.02118800 0.01888000
v -0.07627100 0.02118800 0.01888000
v -0.07627100 0.02118800 0.01888000
v -0.07627100 0.02118800 0.01888000
v -0.07652800 0.02054000 0.01920900
v -0.07652800 0.02054000 0.01920900
v -0.07652800 0.02054000 0.01920900
v -0.07652800 0.02054000 0.01920900
v -0.07652800 0.02054000 0.01920900
v -0.07664500 0.01995300 0.01965100
v -0.07664500 0.01995300 0.01965100
v -0.07664500 0.01995300 0.01965100
v -0.07664500 0.01995300 0.01965100
v -0.07665000 -0.01677300 0.02242000
v -0.07665000 -0.01677300 0.02242000
v -0.07665000 -0.01677300 0.02242000
v -0.07665000 -0.01677300 0.02242000
v -0.07665000 -0.01677300 0.02242000
v -0.07665000 -0.01245600 0.02507700
v -0.07665000 -0.01245600 0.02507700
v -0.07665000 -0.01245600 0.02507700
v -0.07665000 -0.01245600 0.02507700
v -0.07665000 -0.01245600 0.02507700
v -0.07665000 -0.00773000 0.02691200
v -0.07665000 -0.00773000 0.02691200
v -0.07665000 -0.00773000 0.02691200
v -0.07665000 -0.00773000 0.02691200
v -0.07665000 -0.00773000 0.02691200
v -0.07665000 -0.00275200 0.02786400
v -0.07665000 -0.00275200 0.02786400
v -0.07665000 -0.00275200 0.02786400
v -0.07665000 0.00231700 0.02790400
v -0.07665000 0.00231700 0.02790400
v -0.07665000 0.00231700 0.02790400
v -0.07665000 0.00231700 0.02790400
v -0.07665000 0.00731100 0.02702900
v -0.07665000 0.00731100 0.02702900
v -0.07665000 0.00731100 0.02702900
v -0.07665000 0.00731100 0.02702900
v -0.07665000 0.01206400 0.02526800
v -0.07665000 0.01206400 0.02526800
v -0.07665000 0.01206400 0.02526800
v -0.07665000 0.01206400 0.02526800
v -0.07665000 0.01206400 0.02526800
v -0.07646500 0.01896300 0.01806100
v -0.07646500 0.01896300 0.01806100
v -0.07646500 0.01896300 0.01806100
v -0.07646500 0.01896300 0.01806100
v -0.07646500 0.01896300 0.01806100
v -0.07665000 0.01843700 0.01895600
v -0.07665000 0.01843700 0.01895600
v -0.07665000 0.01843700 0.01895600
v -0.07468800 0.01986300 0.01653000
v -0.07468800 0.01986300 0.01653000
v -0.07468800 0.01986300 0.01653000
v -0.07468800 0.01986300 0.01653000
v -0.07468800 0.01986300 0.01653000
v -0.07577100 0.01951200 0.01712700
v -0.07577100 0.01951200 0.01712700
v -0.07577100 0.01951200 0.01712700
v -0.07577100 0.01951200 0.01712700
v -0.07577100 0.01951200 0.01712700
v -0.07468800 0.02410500 0.00931300
v -0.07468800 0.02410500 0.00931300
v -0.07468800 0.02410500 0.00931300
v -0.07468800 0.02410500 0.00931300
v -0.07468800 0.02410500 0.00931300
v -0.07577100 0.02445600 0.00871600
v -0.07577100 0.02445600 0.00871600
v -0.07577100 0.02445600 0.00871600
v -0.07577100 0.02445600 0.00871600
v -0.07577100 0.02445600 0.00871600
v -0.07646500 0.02500500 0.00778200
v -0.07646500 0.02500500 0.00778200
v -0.07646500 0.02500500 0.00778200
v -0.07646500 0.02500500 0.00778200
v -0.07646500 0.02500500 0.00778200
v -0.07665000 0.02553100 0.00688700
v -0.07665000 0.02553100 0.00688700
v -0.07665000 0.02553100 0.00688700
v -0.07665000 0.02553100 0.00688700
v -0.07665000 0.02692000 0.00770300
v -0.07665000 0.02692000 0.00770300
v -0.07665000 0.02692000 0.00770300
v -0.07665000 0.02692000 0.00770300
v -0.07656700 0.02678600 0.00843600
v -0.07656700 0.02678600 0.00843600
v -0.07656700 0.02678600 0.00843600
v -0.07656700 0.02678600 0.00843600
v -0.07656700 0.02678600 0.00843600
v -0.07652800 0.02677500 0.00860200
v -0.07652800 0.02677500 0.00860200
v -0.07652800 0.02677500 0.00860200
v -0.07652800 0.02677500 0.00860200
v -0.07623400 0.02681300 0.00940800
v -0.07623400 0.02681300 0.00940800
v -0.07623400 0.02681300 0.00940800
v -0.07623400 0.02681300 0.00940800
v -0.07623400 0.02681300 0.00940800
v -0.07581300 0.02699000 0.01015600
v -0.07581300 0.02699000 0.01015600
v -0.07581300 0.02699000 0.01015600
v -0.07581300 0.02699000 0.01015600
v -0.07665000 0.02703300 0.00729500
v -0.07665000 0.02703300 0.00729500
v -0.07665000 0.02703300 0.00729500
v -0.07665000 0.02703300 0.00729500
v -0.07665000 0.02703300 0.00729500
v -0.07665000 0.02777700 0.00352800
v -0.07665000 0.02777700 0.00352800
v -0.07665000 0.02777700 0.00352800
v -0.07665000 0.02777700 0.00352800
v -0.07665000 0.02799900 0.00021800
v -0.07665000 0.02799900 0.00021800
v -0.07665000 0.02799900 0.00021800
v -0.07665000 0.00721100 -0.02705600
v -0.07665000 0.00721100 -0.02705600
v -0.07665000 0.00721100 -0.02705600
v -0.07665000 0.00721100 -0.02705600
v -0.07665000 0.00721100 -0.02705600
v -0.07665000 0.00721100 -0.02705600
v -0.07665000 0.01163200 -0.02547000
v -0.07665000 0.01163200 -0.02547000
v -0.07665000 0.01163200 -0.02547000
v -0.07665000 0.01163200 -0.02547000
v -0.07665000 0.01163200 -0.02547000
v -0.07584300 0.00517400 -0.02833900
v -0.07584300 0.00517400 -0.02833900
v -0.07584300 0.00517400 -0.02833900
v -0.07584300 0.00517400 -0.02833900
v -0.07584300 0.00517400 -0.02833900
v -0.07627100 0.00575700 -0.02778900
v -0.07627100 0.00575700 -0.02778900
v -0.07627100 0.00575700 -0.02778900
v -0.07627100 0.00575700 -0.02778900
v -0.07652800 0.00636500 -0.02739200
v -0.07652800 0.00636500 -0.02739200
v -0.07652800 0.00636500 -0.02739200
v -0.07652800 0.00636500 -0.02739200
v -0.07652800 0.00636500 -0.02739200
v -0.07664500 0.00704100 -0.02710500
v -0.07664500 0.00704100 -0.02710500
v -0.07664500 0.00704100 -0.02710500
v -0.07664500 0.00704100 -0.02710500
v -0.07665000 0.02698700 -0.00746400
v -0.07665000 0.02698700 -0.00746400
v -0.07665000 0.02698700 -0.00746400
v -0.07665000 0.02698700 -0.00746400
v -0.07665000 0.02698700 -0.00746400
v -0.07665000 0.02698700 -0.00746400
v -0.07665000 0.02787300 -0.00266500
v -0.07665000 0.02787300 -0.00266500
v -0.07665000 0.02787300 -0.00266500
v -0.07665000 0.02528100 -0.01203700
v -0.07665000 0.02528100 -0.01203700
v -0.07665000 0.02528100 -0.01203700
v -0.07665000 0.02528100 -0.01203700
v -0.07665000 0.02528100 -0.01203700
v -0.07665000 0.02280700 -0.01624300
v -0.07665000 0.02280700 -0.01624300
v -0.07665000 0.02280700 -0.01624300
v -0.07665000 0.02280700 -0.01624300
v -0.07665000 0.02280700 -0.01624300
v -0.07665000 0.01964000 -0.01995600
v -0.07665000 0.01964000 -0.01995600
v -0.07665000 0.01964000 -0.01995600
v -0.07665000 0.01964000 -0.01995600
v -0.07665000 0.01964000 -0.01995600
v -0.07665000 0.01587700 -0.02306300
v -0.07665000 0.01587700 -0.02306300
v -0.07665000 0.01587700 -0.02306300
v -0.07665000 0.01587700 -0.02306300
v -0.07665000 0.01587700 -0.02306300
v -0.07646500 0.00616000 -0.02545300
v -0.07646500 0.00616000 -0.02545300
v -0.07646500 0.00616000 -0.02545300
v -0.07646500 0.00616000 -0.02545300
v -0.07646500 0.00616000 -0.02545300
v -0.07665000 0.00719800 -0.02544500
v -0.07665000 0.00719800 -0.02544500
v -0.07665000 0.00719800 -0.02544500
v -0.07468800 0.00438400 -0.02546700
v -0.07468800 0.00438400 -0.02546700
v -0.07468800 0.00438400 -0.02546700
v -0.07468800 0.00438400 -0.02546700
v -0.07468800 0.00438400 -0.02546700
v -0.07577100 0.00507700 -0.02546100
v -0.07577100 0.00507700 -0.02546100
v -0.07577100 0.00507700 -0.02546100
v -0.07577100 0.00507700 -0.02546100
v -0.07577100 0.00507700 -0.02546100
v -0.07577100 -0.00468000 -0.02553700
v -0.07577100 -0.00468000 -0.02553700
v -0.07577100 -0.00468000 -0.02553700
v -0.07577100 -0.00468000 -0.02553700
v -0.07577100 -0.00468000 -0.02553700
v -0.07646500 -0.00576300 -0.02554600
v -0.07646500 -0.00576300 -0.02554600
v -0.07646500 -0.00576300 -0.02554600
v -0.07646500 -0.00576300 -0.02554600
v -0.07646500 -0.00576300 -0.02554600
v -0.07665000 -0.00680100 -0.02555400
v -0.07665000 -0.00680100 -0.02555400
v -0.07665000 -0.00680100 -0.02555400
v -0.07665000 -0.00680100 -0.02555400
v -0.07468800 -0.00398700 -0.02553200
v -0.07468800 -0.00398700 -0.02553200
v -0.07468800 -0.00398700 -0.02553200
v -0.07468800 -0.00398700 -0.02553200
v -0.07468800 -0.00398700 -0.02553200
v -0.07615000 -0.02455600 0.00230900
v -0.07615000 -0.02455600 0.00230900
v -0.07615000 -0.02455600 0.00230900
v -0.07615000 -0.02455600 0.00230900
v -0.07665000 -0.01502400 0.02013400
v -0.07665000 -0.01502400 0.02013400
v -0.07665000 -0.01502400 0.02013400
v -0.07665000 -0.01502400 0.02013400
v -0.07665000 -0.01380800 0.02160600
v -0.07665000 -0.01380800 0.02160600
v -0.07665000 -0.01380800 0.02160600
v -0.07665000 -0.01216100 0.02257400
v -0.07665000 -0.01216100 0.02257400
v -0.07665000 -0.01216100 0.02257400
v -0.07615000 -0.02502600 -0.00148900
v -0.07615000 -0.02502600 -0.00148900
v -0.07615000 -0.02502600 -0.00148900
v -0.07615000 -0.02502600 -0.00148900
v -0.07615000 -0.02502600 -0.00148900
v -0.07615000 -0.02502600 -0.00148900
v -0.07615000 -0.02504600 0.00109900
v -0.07615000 -0.02504600 0.00109900
v -0.07615000 -0.02504600 0.00109900
v -0.07615000 -0.02504600 0.00109900
v -0.07615000 -0.02504600 0.00109900
v -0.07615000 -0.02513700 0.00067300
v -0.07615000 -0.02513700 0.00067300
v -0.07615000 -0.02513700 0.00067300
v -0.07615000 -0.02513700 0.00067300
v -0.07615000 -0.02513700 0.00067300
v -0.07615000 -0.02520600 -0.00019600
v -0.07615000 -0.02520600 -0.00019600
v -0.07615000 -0.02520600 -0.00019600
v -0.07615000 -0.02520600 -0.00019600
v -0.07665000 -0.02550800 -0.00162200
v -0.07665000 -0.02550800 -0.00162200
v -0.07665000 -0.02550800 -0.00162200
v -0.07665000 -0.02570600 -0.00020000
v -0.07665000 -0.02570600 -0.00020000
v -0.07665000 -0.02570600 -0.00020000
v -0.07665000 -0.02570600 -0.00020000
v -0.07665000 -0.02553000 0.00122500
v -0.07665000 -0.02553000 0.00122500
v -0.07665000 -0.02553000 0.00122500
v -0.07665000 -0.02553000 0.00122500
v -0.07665000 -0.02499100 0.00255600
v -0.07665000 -0.02499100 0.00255600
v -0.07665000 -0.02499100 0.00255600
vn -0.00000000 -1.00000000 -0.00780000
vn -0.00000000 -0.98230000 0.18750000
vn -1.00000000 -0.00000000 -0.00000000
vn -0.00000000 0.97920000 0.20270000
vn -0.00000000 1.00000000 0.00780000
vn -1.00000000 -0.00000000 -0.00000000
vn -0.00000000 -1.00000000 -0.00780000
vn -0.00000000 -0.97920000 -0.20270000
vn -1.00000000 -0.00000000 -0.00000000
vn -0.00000000 0.98230000 -0.18750000
vn -1.00000000 -0.00000000 -0.00000000
vn -0.00000000 1.00000000 0.00780000
vn -1.00000000 -0.00000000 -0.00000000
vn -0.00000000 0.56200000 -0.82710000
vn -0.00000000 0.83580000 -0.54910000
vn -0.00000000 0.20270000 -0.97920000
vn -0.00000000 0.56200000 -0.82710000
vn -1.00000000 -0.00000000 -0.00000000
vn -0.00000000 0.00780000 -1.00000000
vn -0.00000000 0.20270000 -0.97920000
vn -1.00000000 -0.00000000 -0.00000000
vn -1.00000000 -0.00000000 -0.00000000
vn -0.00000000 -0.83580000 0.54910000
vn -0.00000000 -0.56200000 0.82710000
vn -0.00000000 -0.20270000 0.97920000
vn -0.00000000 -0.56200000 0.82710000
vn -1.00000000 -0.00000000 -0.00000000
vn -1.00000000 -0.00000000 -0.00000000
vn -0.00000000 -0.98230000 0.18750000
vn -0.00000000 -0.83580000 0.54910000
vn -0.00000000 -0.00780000 1.00000000
vn -0.00000000 -0.20270000 0.97920000
vn -1.00000000 -0.00000000 -0.00000000
vn -0.00000000 0.18750000 0.98230000
vn -1.00000000 -0.00000000 -0.00000000
vn -0.00000000 -0.00780000 1.00000000
vn -0.00000000 0.18750000 0.98230000
vn -1.00000000 -0.00000000 -0.00000000
vn -0.00000000 0.54910000 0.83580000
vn -0.00000000 0.54910000 0.83580000
vn -1.00000000 -0.00000000 -0.00000000
vn -0.00000000 0.82710000 0.56200000
vn -1.00000000 -0.00000000 -0.00000000
vn -0.00000000 0.97920000 0.20270000
vn -0.00000000 0.82710000 0.56200000
vn -0.00000000 0.98230000 -0.18750000
vn -1.00000000 -0.00000000 -0.00000000
vn -0.00000000 0.83580000 -0.54910000
vn -0.00000000 0.00780000 -1.00000000
vn -1.00000000 -0.00000000 -0.00000000
vn -0.00000000 -0.18750000 -0.98230000
vn -1.00000000 -0.00000000 -0.00000000
vn -0.00000000 -0.18750000 -0.98230000
vn -0.00000000 -0.54910000 -0.83580000
vn -0.00000000 -0.54910000 -0.83580000
vn -0.00000000 -0.82710000 -0.56200000
vn -1.00000000 -0.00000000 -0.00000000
vn -0.00000000 -0.82710000 -0.56200000
vn -1.00000000 -0.00000000 -0.00000000
vn -0.00000000 -0.97920000 -0.20270000
vn -1.00000000 -0.00000000 -0.00000000
vn 1.00000000 -0.00000000 -0.00000000
vn -0.00000000 0.98230000 -0.18750000
vn -0.00000000 1.00000000 0.00780000
vn -0.00000000 0.83580000 -0.54910000
vn -0.00000000 0.98230000 -0.18750000
vn 1.00000000 -0.00000000 -0.00000000
vn -1.00000000 -0.00000000 -0.00000000
vn -0.00000000 0.83580000 -0.54910000
vn -0.00000000 0.56200000 -0.82710000
vn 1.00000000 -0.00000000 -0.00000000
vn -1.00000000 -0.00000000 -0.00000000
vn -1.00000000 -0.00000000 -0.00000000
vn 1.00000000 -0.00000000 -0.00000000
vn -0.00000000 0.56200000 -0.82710000
vn -0.00000000 0.20270000 -0.97920000
vn -0.00000000 0.20270000 -0.97920000
vn -0.00000000 0.00780000 -1.00000000
vn 1.00000000 -0.00000000 -0.00000000
vn -1.00000000 -0.00000000 -0.00000000
vn -1.00000000 -0.00000000 -0.00000000
vn -0.00000000 -0.18750000 -0.98230000
vn -0.00000000 0.00780000 -1.00000000
vn 1.00000000 -0.00000000 -0.00000000
vn 1.00000000 -0.00000000 -0.00000000
vn -1.00000000 -0.00000000 -0.00000000
vn -0.00000000 -0.54910000 -0.83580000
vn -0.00000000 -0.18750000 -0.98230000
vn -0.00000000 -0.54910000 -0.83580000
vn 1.00000000 -0.00000000 -0.00000000
vn -1.00000000 -0.00000000 -0.00000000
vn -0.00000000 -0.82710000 -0.56200000
vn 1.00000000 -0.00000000 -0.00000000
vn -0.00000000 -0.97920000 -0.20270000
vn -0.00000000 -0.82710000 -0.56200000
vn -1.00000000 -0.00000000 -0.00000000
vn -0.00000000 -0.97920000 -0.20270000
vn -1.00000000 -0.00000000 -0.00000000
vn 1.00000000 -0.00000000 -0.00000000
vn -0.00000000 -1.00000000 -0.00780000
vn 1.00000000 -0.00000000 -0.00000000
vn -0.00000000 -0.98230000 0.18750000
vn -0.00000000 -1.00000000 -0.00780000
vn -1.00000000 -0.00000000 -0.00000000
vn -0.00000000 -0.98230000 0.18750000
vn 1.00000000 -0.00000000 -0.00000000
vn -1.00000000 -0.00000000 -0.00000000
vn -0.00000000 -0.83580000 0.54910000
vn -1.00000000 -0.00000000 -0.00000000
vn -0.00000000 -0.56200000 0.82710000
vn -0.00000000 -0.83580000 0.54910000
vn 1.00000000 -0.00000000 -0.00000000
vn -0.00000000 -0.20270000 0.97920000
vn 1.00000000 -0.00000000 -0.00000000
vn -1.00000000 -0.00000000 -0.00000000
vn -0.00000000 -0.56200000 0.82710000
vn 1.00000000 -0.00000000 -0.00000000
vn -0.00000000 -0.00780000 1.00000000
vn -0.00000000 -0.20270000 0.97920000
vn -1.00000000 -0.00000000 -0.00000000
vn -0.00000000 -0.00780000 1.00000000
vn 1.00000000 -0.00000000 -0.00000000
vn -1.00000000 -0.00000000 -0.00000000
vn -0.00000000 0.18750000 0.98230000
vn -0.00000000 0.18750000 0.98230000
vn -0.00000000 0.54910000 0.83580000
vn 1.00000000 -0.00000000 -0.00000000
vn -1.00000000 -0.00000000 -0.00000000
vn 1.00000000 -0.00000000 -0.00000000
vn -0.00000000 0.54910000 0.83580000
vn -0.00000000 0.82710000 0.56200000
vn -1.00000000 -0.00000000 -0.00000000
vn -1.00000000 -0.00000000 -0.00000000
vn -0.00000000 0.97920000 0.20270000
vn -0.00000000 0.82710000 0.56200000
vn 1.00000000 -0.00000000 -0.00000000
vn -0.00000000 0.97920000 0.20270000
vn -0.00000000 1.00000000 0.00780000
vn 1.00000000 -0.00000000 -0.00000000
vn -1.00000000 -0.00000000 -0.00000000
vn -0.70020000 -0.70130000 0.13380000
vn -0.70710000 -0.70710000 -0.00550000
vn -1.00000000 -0.00000000 -0.00000000
vn -0.70020000 -0.70130000 0.13380000
vn -0.70710000 -0.70710000 -0.00550000
vn -0.00000000 -0.98230000 0.18750000
vn -0.00000000 -0.98230000 0.18740000
vn -0.00000000 -1.00000000 -0.00780000
vn -1.00000000 -0.00000000 -0.00000000
vn -0.70020000 -0.69910000 -0.14470000
vn -0.70710000 -0.70710000 -0.00550000
vn -0.00000000 -1.00000000 -0.00780000
vn -0.70710000 -0.70710000 -0.00550000
vn -0.70020000 -0.69910000 -0.14470000
vn -0.00000000 -0.97920000 -0.20270000
vn -0.70710000 0.70710000 0.00550000
vn -0.70020000 0.70130000 -0.13380000
vn -1.00000000 -0.00000000 -0.00000000
vn -0.00000000 0.98230000 -0.18740000
vn -0.70710000 0.70710000 0.00550000
vn -0.70020000 0.70130000 -0.13380000
vn -0.00000000 1.00000000 0.00780000
vn -1.00000000 -0.00000000 -0.00000000
vn -0.70020000 0.69910000 0.14470000
vn -0.70710000 0.70710000 0.00550000
vn -0.00000000 0.97920000 0.20270000
vn -0.00000000 1.00000000 0.00780000
vn -0.70020000 0.69910000 0.14470000
vn -0.70710000 0.70710000 0.00550000
vn -0.70610000 -0.39430000 -0.58810000
vn -0.67940000 -0.50830000 -0.52930000
vn -0.00000000 -0.55690000 -0.83060000
vn -0.00000000 -0.69260000 -0.72130000
vn -0.70170000 -0.23850000 -0.67140000
vn -0.05560000 -0.42620000 -0.90290000
vn -0.00000000 -0.35810000 -0.93370000
vn -0.69470000 -0.25760000 -0.67160000
vn -0.70610000 -0.39430000 -0.58810000
vn -0.00000000 -0.55690000 -0.83060000
vn -1.00000000 -0.00000000 -0.00000000
vn -0.70170000 -0.23850000 -0.67140000
vn -0.70610000 -0.39430000 -0.58810000
vn -0.70170000 -0.45370000 -0.54940000
vn -0.67940000 -0.50830000 -0.52930000
vn -0.70670000 0.65410000 -0.26980000
vn -0.00000000 0.92450000 -0.38120000
vn -0.00000000 0.84420000 -0.53600000
vn -0.68720000 0.61330000 -0.38940000
vn -0.00000000 0.92450000 -0.38120000
vn -0.70170000 0.70260000 -0.11830000
vn -0.04320000 0.97570000 -0.21470000
vn -0.00000000 0.98610000 -0.16600000
vn -0.70670000 0.65410000 -0.26980000
vn -0.68720000 0.61330000 -0.38940000
vn -0.70170000 0.61980000 -0.35140000
vn -0.70170000 0.70260000 -0.11830000
vn -0.70670000 0.65410000 -0.26980000
vn -1.00000000 -0.00000000 -0.00000000
vn -0.00000000 0.98610000 -0.16600000
vn -0.00000000 0.98340000 0.18130000
vn -0.70170000 0.70070000 0.12920000
vn -0.70170000 0.70260000 -0.11830000
vn -1.00000000 -0.00000000 -0.00000000
vn -0.70170000 0.70260000 -0.11830000
vn -0.70170000 0.70070000 0.12920000
vn -0.70170000 0.61980000 -0.35140000
vn -0.06180000 0.78520000 -0.61620000
vn -0.68720000 0.61330000 -0.38940000
vn -0.00000000 0.84420000 -0.53600000
vn -0.70530000 0.49890000 -0.50360000
vn -0.00000000 0.70380000 -0.71040000
vn -0.69250000 0.46800000 -0.54900000
vn -1.00000000 -0.00000000 -0.00000000
vn -0.70170000 0.61980000 -0.35140000
vn -0.70530000 0.49890000 -0.50360000
vn -0.70530000 0.49890000 -0.50360000
vn -0.00000000 0.70380000 -0.71040000
vn -0.70610000 0.40340000 -0.58190000
vn -0.69250000 0.46800000 -0.54900000
vn -0.00000000 0.56970000 -0.82180000
vn -0.69250000 0.46800000 -0.54900000
vn -0.70610000 0.40340000 -0.58190000
vn -0.70310000 0.26490000 -0.65990000
vn -1.00000000 -0.00000000 -0.00000000
vn -0.69720000 0.25040000 -0.67180000
vn -0.70610000 0.40340000 -0.58190000
vn -0.05560000 0.44020000 -0.89620000
vn -0.00000000 0.37260000 -0.92800000
vn -0.00000000 0.56970000 -0.82180000
vn -0.70310000 0.26490000 -0.65990000
vn -0.00000000 0.20580000 -0.97860000
vn -0.70700000 0.14550000 -0.69210000
vn -0.70310000 0.26490000 -0.65990000
vn -0.69720000 0.25040000 -0.67180000
vn -0.00000000 0.37260000 -0.92800000
vn -0.70700000 0.14550000 -0.69210000
vn -0.70170000 0.00550000 -0.71250000
vn -0.69720000 0.25040000 -0.67180000
vn -1.00000000 -0.00000000 -0.00000000
vn -0.70700000 0.14550000 -0.69210000
vn -0.00000000 0.20580000 -0.97860000
vn -0.02470000 0.00780000 -0.99970000
vn -0.70170000 0.00550000 -0.71250000
vn -1.00000000 -0.00000000 -0.00000000
vn -0.69470000 -0.25760000 -0.67160000
vn -0.70170000 -0.23850000 -0.67140000
vn -0.70700000 -0.13470000 -0.69430000
vn -0.70170000 0.00550000 -0.71250000
vn -0.02470000 0.00780000 -0.99970000
vn -0.00000000 -0.19050000 -0.98170000
vn -0.70700000 -0.13470000 -0.69430000
vn -0.70170000 0.00550000 -0.71250000
vn -0.70700000 -0.13470000 -0.69430000
vn -0.00000000 -0.35810000 -0.93370000
vn -0.00000000 -0.19050000 -0.98170000
vn -0.69470000 -0.25760000 -0.67160000
vn -0.00000000 -0.83580000 -0.54910000
vn -0.67940000 -0.50830000 -0.52930000
vn -0.70170000 -0.45370000 -0.54940000
vn -0.06180000 -0.77550000 -0.62840000
vn -0.70430000 -0.59330000 -0.38980000
vn -0.00000000 -0.69260000 -0.72130000
vn -0.69410000 -0.62060000 -0.36480000
vn -0.70170000 -0.45370000 -0.54940000
vn -1.00000000 -0.00000000 -0.00000000
vn -0.70430000 -0.59330000 -0.38980000
vn -0.70670000 -0.64980000 -0.27990000
vn -0.69410000 -0.62060000 -0.36480000
vn -0.00000000 -0.91840000 -0.39560000
vn -0.00000000 -0.83580000 -0.54910000
vn -0.70430000 -0.59330000 -0.38980000
vn -0.70170000 -0.70070000 -0.12920000
vn -0.70670000 -0.64980000 -0.27990000
vn -1.00000000 -0.00000000 -0.00000000
vn -0.69410000 -0.62060000 -0.36480000
vn -0.00000000 -0.98340000 -0.18130000
vn -0.70170000 -0.70070000 -0.12920000
vn -0.70670000 -0.64980000 -0.27990000
vn -0.04320000 -0.97230000 -0.22990000
vn -0.00000000 -0.91840000 -0.39560000
vn -0.70170000 -0.70260000 0.11830000
vn -0.70170000 -0.70070000 -0.12920000
vn -1.00000000 -0.00000000 -0.00000000
vn -0.70170000 -0.70260000 0.11830000
vn -0.00000000 -0.98340000 -0.18130000
vn -0.00000000 -0.98610000 0.16600000
vn -0.70170000 -0.70070000 -0.12920000
vn -0.67940000 0.50830000 0.52930000
vn -0.00000000 0.55690000 0.83060000
vn -0.70610000 0.39430000 0.58810000
vn -0.00000000 0.69260000 0.72130000
vn -0.00000000 0.35810000 0.93370000
vn -0.70610000 0.39430000 0.58810000
vn -0.70170000 0.23850000 0.67140000
vn -0.69470000 0.25760000 0.67160000
vn -0.05560000 0.42620000 0.90290000
vn -0.00000000 0.55690000 0.83060000
vn -0.70170000 0.45370000 0.54940000
vn -0.67940000 0.50830000 0.52930000
vn -1.00000000 -0.00000000 -0.00000000
vn -0.70170000 0.23850000 0.67140000
vn -0.70610000 0.39430000 0.58810000
vn -0.68720000 -0.61330000 0.38940000
vn -0.70670000 -0.65410000 0.26980000
vn -0.00000000 -0.92450000 0.38120000
vn -0.00000000 -0.84420000 0.53600000
vn -0.04320000 -0.97570000 0.21470000
vn -0.00000000 -0.92450000 0.38120000
vn -0.70170000 -0.70260000 0.11830000
vn -0.00000000 -0.98610000 0.16600000
vn -0.70670000 -0.65410000 0.26980000
vn -0.68720000 -0.61330000 0.38940000
vn -1.00000000 -0.00000000 -0.00000000
vn -0.70670000 -0.65410000 0.26980000
vn -0.70170000 -0.70260000 0.11830000
vn -0.70170000 -0.61980000 0.35140000
vn -0.70170000 -0.61980000 0.35140000
vn -0.00000000 -0.84420000 0.53600000
vn -0.68720000 -0.61330000 0.38940000
vn -0.00000000 -0.70380000 0.71040000
vn -0.06180000 -0.78520000 0.61620000
vn -0.70530000 -0.49890000 0.50360000
vn -1.00000000 -0.00000000 -0.00000000
vn -0.70170000 -0.61980000 0.35140000
vn -0.70530000 -0.49890000 0.50360000
vn -0.69250000 -0.46800000 0.54900000
vn -0.00000000 -0.56970000 0.82180000
vn -0.69250000 -0.46800000 0.54900000
vn -0.00000000 -0.70380000 0.71040000
vn -0.70610000 -0.40340000 0.58190000
vn -0.70530000 -0.49890000 0.50360000
vn -1.00000000 -0.00000000 -0.00000000
vn -0.69720000 -0.25040000 0.67180000
vn -0.69250000 -0.46800000 0.54900000
vn -0.70310000 -0.26490000 0.65990000
vn -0.70610000 -0.40340000 0.58190000
vn -0.70610000 -0.40340000 0.58190000
vn -0.70310000 -0.26490000 0.65990000
vn -0.00000000 -0.37260000 0.92800000
vn -0.00000000 -0.56970000 0.82180000
vn -0.05560000 -0.44020000 0.89620000
vn -0.70700000 -0.14550000 0.69210000
vn -0.00000000 -0.20580000 0.97860000
vn -0.69720000 -0.25040000 0.67180000
vn -0.70310000 -0.26490000 0.65990000
vn -0.00000000 -0.37260000 0.92800000
vn -1.00000000 -0.00000000 -0.00000000
vn -0.70170000 -0.00550000 0.71250000
vn -0.69720000 -0.25040000 0.67180000
vn -0.70700000 -0.14550000 0.69210000
vn -0.02470000 -0.00780000 0.99970000
vn -0.00000000 -0.20580000 0.97860000
vn -0.70170000 -0.00550000 0.71250000
vn -0.70700000 -0.14550000 0.69210000
vn -0.69470000 0.25760000 0.67160000
vn -0.70700000 0.13470000 0.69430000
vn -1.00000000 -0.00000000 -0.00000000
vn -0.70170000 0.23850000 0.67140000
vn -0.70170000 -0.00550000 0.71250000
vn -0.70170000 -0.00550000 0.71250000
vn -0.70700000 0.13470000 0.69430000
vn -0.02470000 -0.00780000 0.99970000
vn -0.00000000 0.19050000 0.98170000
vn -0.00000000 0.19050000 0.98170000
vn -0.69470000 0.25760000 0.67160000
vn -0.00000000 0.35810000 0.93370000
vn -0.70700000 0.13470000 0.69430000
vn -0.67940000 0.50830000 0.52930000
vn -0.70170000 0.45370000 0.54940000
vn -0.00000000 0.69260000 0.72130000
vn -0.06180000 0.77550000 0.62840000
vn -0.70430000 0.59330000 0.38980000
vn -0.00000000 0.83580000 0.54910000
vn -0.69410000 0.62060000 0.36480000
vn -1.00000000 -0.00000000 -0.00000000
vn -0.70170000 0.45370000 0.54940000
vn -0.70430000 0.59330000 0.38980000
vn -0.70670000 0.64980000 0.27990000
vn -0.70430000 0.59330000 0.38980000
vn -0.69410000 0.62060000 0.36480000
vn -0.00000000 0.91840000 0.39560000
vn -0.00000000 0.83580000 0.54910000
vn -0.69410000 0.62060000 0.36480000
vn -0.70670000 0.64980000 0.27990000
vn -0.70170000 0.70070000 0.12920000
vn -1.00000000 -0.00000000 -0.00000000
vn -0.70170000 0.70070000 0.12920000
vn -0.00000000 0.91840000 0.39560000
vn -0.04320000 0.97230000 0.22990000
vn -0.70670000 0.64980000 0.27990000
vn -0.00000000 0.98340000 0.18130000
vn -0.00000000 -0.55690000 -0.83060000
vn -0.00000000 -0.69260000 -0.72130000
vn -0.70610000 -0.39430000 -0.58810000
vn -0.67940000 -0.50830000 -0.52930000
vn -0.69470000 -0.25760000 -0.67160000
vn -0.70610000 -0.39430000 -0.58810000
vn -0.00000000 -0.35810000 -0.93370000
vn -0.05560000 -0.42620000 -0.90290000
vn -0.70170000 -0.23850000 -0.67140000
vn -0.00000000 -0.55690000 -0.83060000
vn -0.70170000 -0.45370000 -0.54940000
vn -0.67940000 -0.50830000 -0.52930000
vn -0.70610000 -0.39430000 -0.58810000
vn -0.70170000 -0.23850000 -0.67140000
vn -1.00000000 -0.00000000 -0.00000000
vn -0.00000000 0.84420000 -0.53600000
vn -0.68720000 0.61330000 -0.38940000
vn -0.70670000 0.65410000 -0.26980000
vn -0.00000000 0.92450000 -0.38130000
vn -0.04320000 0.97570000 -0.21470000
vn -0.00000000 0.92450000 -0.38130000
vn -0.70170000 0.70260000 -0.11830000
vn -0.70670000 0.65410000 -0.26980000
vn -0.00000000 0.98610000 -0.16600000
vn -0.70170000 0.70260000 -0.11830000
vn -0.70670000 0.65410000 -0.26980000
vn -0.70170000 0.61980000 -0.35140000
vn -0.68720000 0.61330000 -0.38940000
vn -1.00000000 -0.00000000 -0.00000000
vn -0.70170000 0.70070000 0.12920000
vn -0.70170000 0.70260000 -0.11830000
vn -0.00000000 0.98340000 0.18130000
vn -0.00000000 0.98610000 -0.16600000
vn -1.00000000 -0.00000000 -0.00000000
vn -0.70170000 0.70070000 0.12920000
vn -0.70170000 0.70260000 -0.11830000
vn -0.00000000 0.70380000 -0.71040000
vn -0.68720000 0.61330000 -0.38940000
vn -0.06180000 0.78520000 -0.61620000
vn -0.70170000 0.61980000 -0.35140000
vn -0.70530000 0.49890000 -0.50360000
vn -0.00000000 0.84420000 -0.53600000
vn -1.00000000 -0.00000000 -0.00000000
vn -0.70170000 0.61980000 -0.35140000
vn -0.70530000 0.49890000 -0.50360000
vn -0.69250000 0.46800000 -0.54900000
vn -0.00000000 0.70380000 -0.71040000
vn -0.69250000 0.46800000 -0.54900000
vn -0.00000000 0.56970000 -0.82180000
vn -0.70530000 0.49890000 -0.50360000
vn -0.70610000 0.40340000 -0.58190000
vn -0.70310000 0.26490000 -0.65990000
vn -0.69720000 0.25040000 -0.67180000
vn -0.69250000 0.46800000 -0.54900000
vn -0.70610000 0.40340000 -0.58190000
vn -1.00000000 -0.00000000 -0.00000000
vn -0.70610000 0.40340000 -0.58190000
vn -0.70310000 0.26490000 -0.65990000
vn -0.00000000 0.37260000 -0.92800000
vn -0.05560000 0.44020000 -0.89620000
vn -0.00000000 0.56970000 -0.82180000
vn -0.69720000 0.25040000 -0.67180000
vn -0.00000000 0.37260000 -0.92800000
vn -0.70310000 0.26490000 -0.65990000
vn -0.00000000 0.20580000 -0.97860000
vn -0.70700000 0.14550000 -0.69210000
vn -0.70700000 0.14550000 -0.69210000
vn -0.69720000 0.25040000 -0.67180000
vn -1.00000000 -0.00000000 -0.00000000
vn -0.70170000 0.00550000 -0.71250000
vn -0.02470000 0.00780000 -0.99970000
vn -0.00000000 0.20580000 -0.97860000
vn -0.70170000 0.00550000 -0.71250000
vn -0.70700000 0.14550000 -0.69210000
vn -0.70170000 0.00550000 -0.71250000
vn -0.69470000 -0.25760000 -0.67160000
vn -0.70700000 -0.13470000 -0.69430000
vn -0.70170000 -0.23850000 -0.67140000
vn -1.00000000 -0.00000000 -0.00000000
vn -0.70170000 0.00550000 -0.71250000
vn -0.02470000 0.00780000 -0.99970000
vn -0.00000000 -0.19050000 -0.98170000
vn -0.70700000 -0.13470000 -0.69430000
vn -0.00000000 -0.19050000 -0.98170000
vn -0.69470000 -0.25760000 -0.67160000
vn -0.00000000 -0.35810000 -0.93370000
vn -0.70700000 -0.13470000 -0.69430000
vn -0.70170000 -0.45370000 -0.54940000
vn -0.67940000 -0.50830000 -0.52930000
vn -0.06180000 -0.77550000 -0.62840000
vn -0.00000000 -0.69260000 -0.72130000
vn -0.00000000 -0.83580000 -0.54910000
vn -0.70430000 -0.59330000 -0.38980000
vn -0.69410000 -0.62060000 -0.36480000
vn -1.00000000 -0.00000000 -0.00000000
vn -0.70170000 -0.45370000 -0.54940000
vn -0.70430000 -0.59330000 -0.38980000
vn -0.00000000 -0.91840000 -0.39560000
vn -0.70430000 -0.59330000 -0.38980000
vn -0.69410000 -0.62060000 -0.36480000
vn -0.70670000 -0.64980000 -0.27990000
vn -0.00000000 -0.83580000 -0.54910000
vn -0.70170000 -0.70070000 -0.12920000
vn -0.69410000 -0.62060000 -0.36480000
vn -1.00000000 -0.00000000 -0.00000000
vn -0.70670000 -0.64980000 -0.27990000
vn -0.00000000 -0.91840000 -0.39560000
vn -0.04320000 -0.97230000 -0.22990000
vn -0.00000000 -0.98340000 -0.18130000
vn -0.70670000 -0.64980000 -0.27990000
vn -0.70170000 -0.70070000 -0.12920000
vn -0.70170000 -0.70070000 -0.12920000
vn -0.70170000 -0.70260000 0.11830000
vn -1.00000000 -0.00000000 -0.00000000
vn -0.70170000 -0.70260000 0.11830000
vn -0.00000000 -0.98340000 -0.18130000
vn -0.70170000 -0.70070000 -0.12920000
vn -0.00000000 -0.98610000 0.16600000
vn -0.00000000 0.55690000 0.83060000
vn -0.00000000 0.69260000 0.72130000
vn -0.67940000 0.50830000 0.52930000
vn -0.70610000 0.39430000 0.58810000
vn -0.00000000 0.35810000 0.93370000
vn -0.05560000 0.42620000 0.90290000
vn -0.70170000 0.23850000 0.67140000
vn -0.69470000 0.25760000 0.67160000
vn -0.70610000 0.39430000 0.58810000
vn -0.00000000 0.55690000 0.83060000
vn -1.00000000 -0.00000000 -0.00000000
vn -0.70170000 0.23850000 0.67140000
vn -0.67940000 0.50830000 0.52930000
vn -0.70170000 0.45370000 0.54940000
vn -0.70610000 0.39430000 0.58810000
vn -0.00000000 -0.92450000 0.38130000
vn -0.00000000 -0.84420000 0.53600000
vn -0.68720000 -0.61330000 0.38940000
vn -0.70670000 -0.65410000 0.26980000
vn -0.00000000 -0.98610000 0.16600000
vn -0.04320000 -0.97570000 0.21470000
vn -0.70670000 -0.65410000 0.26980000
vn -0.70170000 -0.70260000 0.11830000
vn -0.00000000 -0.92450000 0.38130000
vn -0.70670000 -0.65410000 0.26980000
vn -0.68720000 -0.61330000 0.38940000
vn -0.70170000 -0.70260000 0.11830000
vn -1.00000000 -0.00000000 -0.00000000
vn -0.70170000 -0.61980000 0.35140000
vn -0.70170000 -0.61980000 0.35140000
vn -0.68720000 -0.61330000 0.38940000
vn -0.70530000 -0.49890000 0.50360000
vn -0.00000000 -0.70380000 0.71040000
vn -0.00000000 -0.84420000 0.53600000
vn -0.06180000 -0.78520000 0.61620000
vn -1.00000000 -0.00000000 -0.00000000
vn -0.70530000 -0.49890000 0.50360000
vn -0.69250000 -0.46800000 0.54900000
vn -0.70170000 -0.61980000 0.35140000
vn -0.00000000 -0.56970000 0.82180000
vn -0.69250000 -0.46800000 0.54900000
vn -0.70530000 -0.49890000 0.50360000
vn -0.00000000 -0.70380000 0.71040000
vn -0.70610000 -0.40340000 0.58190000
vn -0.70310000 -0.26490000 0.65990000
vn -0.69720000 -0.25040000 0.67180000
vn -0.69250000 -0.46800000 0.54900000
vn -1.00000000 -0.00000000 -0.00000000
vn -0.70610000 -0.40340000 0.58190000
vn -0.05560000 -0.44020000 0.89620000
vn -0.00000000 -0.37260000 0.92800000
vn -0.70310000 -0.26490000 0.65990000
vn -0.70610000 -0.40340000 0.58190000
vn -0.00000000 -0.56970000 0.82180000
vn -0.69720000 -0.25040000 0.67180000
vn -0.00000000 -0.20580000 0.97860000
vn -0.70310000 -0.26490000 0.65990000
vn -0.70700000 -0.14550000 0.69210000
vn -0.00000000 -0.37260000 0.92800000
vn -0.69720000 -0.25040000 0.67180000
vn -0.70170000 -0.00550000 0.71250000
vn -1.00000000 -0.00000000 -0.00000000
vn -0.70700000 -0.14550000 0.69210000
vn -0.02470000 -0.00780000 0.99970000
vn -0.70700000 -0.14550000 0.69210000
vn -0.00000000 -0.20580000 0.97860000
vn -0.70170000 -0.00550000 0.71250000
vn -0.69470000 0.25760000 0.67160000
vn -0.70170000 0.23850000 0.67140000
vn -0.70170000 -0.00550000 0.71250000
vn -0.70700000 0.13470000 0.69430000
vn -1.00000000 -0.00000000 -0.00000000
vn -0.02470000 -0.00780000 0.99970000
vn -0.70170000 -0.00550000 0.71250000
vn -0.00000000 0.19050000 0.98170000
vn -0.70700000 0.13470000 0.69430000
vn -0.70700000 0.13470000 0.69430000
vn -0.69470000 0.25760000 0.67160000
vn -0.00000000 0.19050000 0.98170000
vn -0.00000000 0.35810000 0.93370000
vn -0.00000000 0.69260000 0.72130000
vn -0.67940000 0.50830000 0.52930000
vn -0.70170000 0.45370000 0.54940000
vn -0.00000000 0.83580000 0.54910000
vn -0.70430000 0.59330000 0.38980000
vn -0.06180000 0.77550000 0.62840000
vn -1.00000000 -0.00000000 -0.00000000
vn -0.70170000 0.45370000 0.54940000
vn -0.70430000 0.59330000 0.38980000
vn -0.69410000 0.62060000 0.36480000
vn -0.00000000 0.91840000 0.39560000
vn -0.00000000 0.83580000 0.54910000
vn -0.69410000 0.62060000 0.36480000
vn -0.70430000 0.59330000 0.38980000
vn -0.70670000 0.64980000 0.27990000
vn -0.69410000 0.62060000 0.36480000
vn -0.70170000 0.70070000 0.12920000
vn -0.70670000 0.64980000 0.27990000
vn -1.00000000 -0.00000000 -0.00000000
vn -0.00000000 0.91840000 0.39560000
vn -0.70670000 0.64980000 0.27990000
vn -0.04320000 0.97230000 0.22990000
vn -0.00000000 0.98340000 0.18130000
vn -0.70170000 0.70070000 0.12920000
vn -1.00000000 -0.00000000 -0.00000000
vn -0.69470000 0.69330000 0.19160000
vn -0.70710000 0.70710000 0.00550000
vn -0.00000000 0.96390000 0.26630000
vn -0.69470000 0.69330000 0.19160000
vn -0.00000000 1.00000000 0.00780000
vn -0.70710000 0.70710000 0.00550000
vn -0.70710000 0.70710000 0.00550000
vn -1.00000000 -0.00000000 -0.00000000
vn -0.70710000 0.70710000 0.00550000
vn -0.00000000 1.00000000 0.00780000
vn -0.69470000 0.69620000 -0.18070000
vn -0.00000000 0.96790000 -0.25130000
vn -0.69480000 0.69620000 -0.18070000
vn -0.69470000 0.69620000 -0.18070000
vn -0.70710000 0.70710000 0.00550000
vn -1.00000000 -0.00000000 -0.00000000
vn -0.70710000 -0.00550000 0.70710000
vn -1.00000000 -0.00000000 -0.00000000
vn -0.69480000 0.18070000 0.69620000
vn -0.69470000 0.18070000 0.69620000
vn -0.00000000 -0.00780000 1.00000000
vn -0.70710000 -0.00550000 0.70710000
vn -0.69480000 0.18070000 0.69620000
vn -0.00000000 0.25130000 0.96790000
vn -0.69470000 0.18070000 0.69620000
vn -0.00000000 0.25130000 0.96790000
vn -0.00000000 0.70160000 0.71260000
vn -0.69470000 0.50460000 0.51250000
vn -0.69480000 0.18070000 0.69620000
vn -0.69470000 0.18070000 0.69620000
vn -1.00000000 -0.00000000 -0.00000000
vn -0.69470000 0.50460000 0.51250000
vn -0.69470000 0.50460000 0.51250000
vn -0.00000000 0.96390000 0.26630000
vn -0.69470000 0.69330000 0.19160000
vn -0.00000000 0.70160000 0.71260000
vn -0.69470000 0.50460000 0.51250000
vn -1.00000000 -0.00000000 -0.00000000
vn -0.69470000 0.69330000 0.19160000
vn -0.00000000 -0.00780000 1.00000000
vn -0.00000000 -0.26630000 0.96390000
vn -0.69480000 -0.19160000 0.69330000
vn -0.70710000 -0.00550000 0.70710000
vn -0.69470000 -0.19160000 0.69330000
vn -0.69470000 -0.19160000 0.69330000
vn -0.70710000 -0.00550000 0.70710000
vn -1.00000000 -0.00000000 -0.00000000
vn -0.70710000 -0.70710000 -0.00550000
vn -0.69470000 -0.69620000 0.18070000
vn -0.69480000 -0.69620000 0.18070000
vn -1.00000000 -0.00000000 -0.00000000
vn -0.00000000 -1.00000000 -0.00780000
vn -0.00000000 -0.96790000 0.25130000
vn -0.69470000 -0.69620000 0.18070000
vn -0.70710000 -0.70710000 -0.00550000
vn -0.00000000 -0.96790000 0.25130000
vn -0.69480000 -0.69620000 0.18070000
vn -0.69470000 -0.69620000 0.18070000
vn -0.69480000 -0.51250000 0.50460000
vn -0.00000000 -0.71260000 0.70160000
vn -0.69480000 -0.69620000 0.18070000
vn -0.69470000 -0.51250000 0.50460000
vn -0.69480000 -0.51250000 0.50460000
vn -1.00000000 -0.00000000 -0.00000000
vn -0.00000000 -0.71260000 0.70160000
vn -0.69470000 -0.51250000 0.50460000
vn -0.69480000 -0.51250000 0.50460000
vn -0.00000000 -0.26630000 0.96390000
vn -0.69480000 -0.19160000 0.69330000
vn -1.00000000 -0.00000000 -0.00000000
vn -0.69470000 -0.51250000 0.50460000
vn -0.69480000 -0.19160000 0.69330000
vn -0.69470000 -0.19160000 0.69330000
vn -0.69470000 -0.69330000 -0.19160000
vn -0.70710000 -0.70710000 -0.00550000
vn -1.00000000 -0.00000000 -0.00000000
vn -0.00000000 -1.00000000 -0.00780000
vn -0.70710000 -0.70710000 -0.00550000
vn -0.69470000 -0.69330000 -0.19160000
vn -0.00000000 -0.96390000 -0.26630000
vn -1.00000000 -0.00000000 -0.00000000
vn -0.70710000 -0.70710000 -0.00550000
vn -0.69470000 -0.18070000 -0.69620000
vn -1.00000000 -0.00000000 -0.00000000
vn -0.70710000 0.00550000 -0.70710000
vn -0.00000000 0.00780000 -1.00000000
vn -0.70710000 0.00550000 -0.70710000
vn -0.69470000 -0.18070000 -0.69620000
vn -0.00000000 -0.25130000 -0.96790000
vn -0.00000000 -0.70160000 -0.71260000
vn -0.69470000 -0.18070000 -0.69620000
vn -0.69470000 -0.50460000 -0.51250000
vn -0.00000000 -0.25130000 -0.96790000
vn -1.00000000 -0.00000000 -0.00000000
vn -0.69470000 -0.50460000 -0.51250000
vn -0.69470000 -0.18070000 -0.69620000
vn -0.00000000 -0.70160000 -0.71260000
vn -0.69470000 -0.50460000 -0.51250000
vn -0.69470000 -0.69330000 -0.19160000
vn -0.00000000 -0.96390000 -0.26630000
vn -0.69470000 -0.69330000 -0.19160000
vn -0.69470000 -0.50460000 -0.51250000
vn -1.00000000 -0.00000000 -0.00000000
vn -0.69470000 0.19160000 -0.69330000
vn -0.00000000 0.00780000 -1.00000000
vn -0.70710000 0.00550000 -0.70710000
vn -0.69480000 0.19160000 -0.69330000
vn -0.00000000 0.26630000 -0.96390000
vn -0.69470000 0.19160000 -0.69330000
vn -1.00000000 -0.00000000 -0.00000000
vn -0.70710000 0.00550000 -0.70710000
vn -0.69480000 0.69620000 -0.18070000
vn -0.69480000 0.51250000 -0.50460000
vn -0.00000000 0.96790000 -0.25130000
vn -0.69470000 0.69620000 -0.18070000
vn -0.00000000 0.71260000 -0.70160000
vn -0.69470000 0.51250000 -0.50460000
vn -0.69480000 0.69620000 -0.18070000
vn -0.69480000 0.51250000 -0.50460000
vn -1.00000000 -0.00000000 -0.00000000
vn -0.69480000 0.51250000 -0.50460000
vn -0.69470000 0.51250000 -0.50460000
vn -0.69480000 0.19160000 -0.69330000
vn -0.00000000 0.26630000 -0.96390000
vn -0.00000000 0.71260000 -0.70160000
vn -0.69470000 0.51250000 -0.50460000
vn -1.00000000 -0.00000000 -0.00000000
vn -0.69480000 0.19160000 -0.69330000
vn -0.69470000 0.19160000 -0.69330000
vn -1.00000000 -0.00000000 -0.00000000
vn -0.70630000 -0.63240000 -0.31800000
vn -0.70020000 -0.69910000 -0.14470000
vn -0.64250000 -0.63380000 -0.43070000
vn -0.70020000 -0.69910000 -0.14470000
vn -0.70630000 -0.63240000 -0.31800000
vn -0.00000000 -0.97920000 -0.20270000
vn -0.00000000 -0.89340000 -0.44930000
vn -0.04400000 -0.96290000 -0.26610000
vn -0.64250000 -0.63380000 -0.43070000
vn -0.70630000 -0.63240000 -0.31800000
vn -0.70410000 -0.56000000 -0.43670000
vn -0.00000000 -0.89340000 -0.44930000
vn -0.00000000 -0.78860000 -0.61490000
vn -1.00000000 -0.00000000 -0.00000000
vn -0.70020000 -0.39200000 -0.59670000
vn -0.64250000 -0.63380000 -0.43070000
vn -0.70410000 -0.56000000 -0.43670000
vn -0.00000000 -0.60260000 -0.79810000
vn -0.05860000 -0.70040000 -0.71140000
vn -0.70020000 -0.39200000 -0.59670000
vn -0.70410000 -0.56000000 -0.43670000
vn -0.60170000 -0.48130000 -0.63750000
vn -0.00000000 -0.78860000 -0.61490000
vn -0.60170000 -0.48130000 -0.63750000
vn -0.70020000 -0.13380000 -0.70130000
vn -0.70640000 -0.30810000 -0.63730000
vn -0.70020000 -0.39200000 -0.59670000
vn -1.00000000 -0.00000000 -0.00000000
vn -0.70020000 -0.13380000 -0.70130000
vn -0.00000000 0.00780000 -1.00000000
vn -0.00000000 -0.18750000 -0.98230000
vn -0.70710000 0.00550000 -0.70710000
vn -0.70710000 0.00550000 -0.70710000
vn -0.70020000 -0.13380000 -0.70130000
vn -1.00000000 -0.00000000 -0.00000000
vn -0.04400000 -0.25110000 -0.96700000
vn -0.00000000 -0.18750000 -0.98230000
vn -0.70640000 -0.30810000 -0.63730000
vn -0.70020000 -0.13380000 -0.70130000
vn -0.00000000 -0.43530000 -0.90030000
vn -0.70640000 -0.30810000 -0.63730000
vn -0.60170000 -0.48130000 -0.63750000
vn -0.00000000 -0.43530000 -0.90030000
vn -0.00000000 -0.60260000 -0.79810000
vn -0.00000000 -0.83580000 0.54910000
vn -0.00000000 -0.98230000 0.18750000
vn -0.70020000 -0.70130000 0.13380000
vn -0.70020000 -0.59670000 0.39200000
vn -0.70020000 -0.70130000 0.13380000
vn -0.70020000 -0.59670000 0.39200000
vn -1.00000000 -0.00000000 -0.00000000
vn -0.00000000 -0.56200000 0.82710000
vn -0.00000000 -0.83580000 0.54910000
vn -0.70020000 -0.40120000 0.59050000
vn -0.70020000 -0.59670000 0.39200000
vn -0.70020000 -0.59670000 0.39200000
vn -0.70020000 -0.40120000 0.59050000
vn -1.00000000 -0.00000000 -0.00000000
vn -0.70020000 -0.14470000 0.69910000
vn -0.00000000 -0.20270000 0.97920000
vn -0.70020000 -0.40120000 0.59050000
vn -0.00000000 -0.56200000 0.82710000
vn -0.70020000 -0.14470000 0.69910000
vn -0.70020000 -0.40120000 0.59050000
vn -1.00000000 -0.00000000 -0.00000000
vn -0.00000000 -0.20270000 0.97920000
vn -0.70020000 -0.14470000 0.69910000
vn -0.70710000 -0.00550000 0.70710000
vn -0.00000000 -0.00780000 1.00000000
vn -0.70020000 -0.14470000 0.69910000
vn -0.70710000 -0.00550000 0.70710000
vn -1.00000000 -0.00000000 -0.00000000
vn -0.00000000 -0.98230000 0.18740000
vn -1.00000000 -0.00000000 -0.00000000
vn -0.00000000 -1.00000000 -0.00780000
vn -0.04400000 -0.96290000 -0.26610000
vn -0.00000000 -0.97920000 -0.20270000
vn -0.00000000 -1.00000000 -0.00780000
vn -1.00000000 -0.00000000 -0.00000000
vn -1.00000000 -0.00000000 -0.00000000
vn -0.64250000 0.43070000 -0.63380000
vn -0.70630000 0.31800000 -0.63240000
vn -0.70020000 0.14470000 -0.69910000
vn -0.70710000 0.00550000 -0.70710000
vn -0.70020000 0.14470000 -0.69910000
vn -1.00000000 -0.00000000 -0.00000000
vn -0.70710000 0.00550000 -0.70710000
vn -0.00000000 0.00780000 -1.00000000
vn -0.00000000 0.20270000 -0.97920000
vn -0.70020000 0.14470000 -0.69910000
vn -0.00000000 0.20270000 -0.97920000
vn -0.70020000 0.14470000 -0.69910000
vn -0.70630000 0.31800000 -0.63240000
vn -0.00000000 0.44930000 -0.89340000
vn -0.04400000 0.26610000 -0.96300000
vn -0.70410000 0.43670000 -0.56000000
vn -0.70630000 0.31800000 -0.63240000
vn -0.00000000 0.61490000 -0.78860000
vn -0.64250000 0.43070000 -0.63380000
vn -0.00000000 0.44930000 -0.89340000
vn -0.70020000 0.59670000 -0.39200000
vn -0.64250000 0.43070000 -0.63380000
vn -1.00000000 -0.00000000 -0.00000000
vn -0.70410000 0.43670000 -0.56000000
vn -0.70020000 0.59670000 -0.39200000
vn -0.05860000 0.71140000 -0.70040000
vn -0.60170000 0.63750000 -0.48130000
vn -0.00000000 0.61490000 -0.78860000
vn -0.00000000 0.79810000 -0.60260000
vn -0.70410000 0.43670000 -0.56000000
vn -0.60170000 0.63750000 -0.48130000
vn -0.70020000 0.59670000 -0.39200000
vn -0.70630000 0.63730000 -0.30810000
vn -0.70020000 0.70130000 -0.13380000
vn -1.00000000 -0.00000000 -0.00000000
vn -0.00000000 0.98230000 -0.18740000
vn -0.70630000 0.63730000 -0.30810000
vn -0.00000000 0.90030000 -0.43530000
vn -0.04400000 0.96700000 -0.25110000
vn -0.70020000 0.70130000 -0.13380000
vn -0.60170000 0.63750000 -0.48130000
vn -0.70630000 0.63730000 -0.30810000
vn -0.00000000 0.90030000 -0.43530000
vn -0.00000000 0.79810000 -0.60260000
vn -1.00000000 -0.00000000 -0.00000000
vn -0.04400000 0.96700000 -0.25110000
vn -0.00000000 0.98230000 -0.18740000
vn -0.00000000 1.00000000 0.00780000
vn -0.00000000 1.00000000 0.00780000
vn -0.00000000 0.97920000 0.20270000
vn -0.04400000 0.96290000 0.26610000
vn -1.00000000 -0.00000000 -0.00000000
vn -1.00000000 -0.00000000 -0.00000000
vn -0.70640000 0.63240000 0.31800000
vn -0.64250000 0.63380000 0.43070000
vn -0.70020000 0.69910000 0.14470000
vn -0.00000000 0.89340000 0.44920000
vn -0.70640000 0.63240000 0.31800000
vn -0.00000000 0.97920000 0.20270000
vn -0.70020000 0.69910000 0.14470000
vn -0.04400000 0.96290000 0.26610000
vn -0.70410000 0.56000000 0.43670000
vn -0.64250000 0.63380000 0.43070000
vn -0.00000000 0.78860000 0.61490000
vn -0.00000000 0.89340000 0.44920000
vn -0.70640000 0.63240000 0.31800000
vn -0.70410000 0.56000000 0.43670000
vn -0.70020000 0.39200000 0.59670000
vn -0.64250000 0.63380000 0.43070000
vn -1.00000000 -0.00000000 -0.00000000
vn -0.00000000 0.60260000 0.79810000
vn -0.05860000 0.70040000 0.71140000
vn -0.00000000 0.78860000 0.61490000
vn -0.60170000 0.48130000 0.63750000
vn -0.70410000 0.56000000 0.43670000
vn -0.70020000 0.39200000 0.59670000
vn -0.60170000 0.48130000 0.63750000
vn -1.00000000 -0.00000000 -0.00000000
vn -0.70640000 0.30810000 0.63730000
vn -0.70020000 0.39200000 0.59670000
vn -0.70020000 0.13380000 0.70130000
vn -0.70020000 0.13380000 0.70130000
vn -0.00000000 -0.00780000 1.00000000
vn -0.00000000 0.18750000 0.98230000
vn -0.70710000 -0.00550000 0.70710000
vn -0.70020000 0.13380000 0.70130000
vn -0.70710000 -0.00550000 0.70710000
vn -1.00000000 -0.00000000 -0.00000000
vn -0.00000000 0.18750000 0.98230000
vn -0.00000000 0.43530000 0.90030000
vn -0.70640000 0.30810000 0.63730000
vn -0.70020000 0.13380000 0.70130000
vn -0.04400000 0.25110000 0.96700000
vn -0.00000000 0.60260000 0.79810000
vn -0.70640000 0.30810000 0.63730000
vn -0.00000000 0.43530000 0.90030000
vn -0.60170000 0.48130000 0.63750000
vn -1.00000000 -0.00000000 -0.00000000
vn -0.04320000 -0.97570000 0.21470000
vn -0.04320000 -0.97230000 -0.22990000
vn -0.00000000 -0.98610000 0.16600000
vn -0.00000000 -0.98340000 -0.18130000
vn -1.00000000 -0.00000000 -0.00000000
vn -0.06180000 -0.78520000 0.61620000
vn -0.00000000 -0.84420000 0.53600000
vn -0.04320000 -0.97570000 0.21470000
vn -0.00000000 -0.92450000 0.38120000
vn -0.05560000 -0.44020000 0.89620000
vn -0.00000000 -0.70380000 0.71040000
vn -1.00000000 -0.00000000 -0.00000000
vn -0.00000000 -0.56970000 0.82180000
vn -0.06180000 -0.78520000 0.61620000
vn -0.00000000 -0.37260000 0.92800000
vn -0.05560000 -0.44020000 0.89620000
vn -1.00000000 -0.00000000 -0.00000000
vn -0.02470000 -0.00780000 0.99970000
vn -0.00000000 -0.20580000 0.97860000
vn -0.00000000 0.19050000 0.98170000
vn -0.05560000 0.42620000 0.90290000
vn -1.00000000 -0.00000000 -0.00000000
vn -0.02470000 -0.00780000 0.99970000
vn -0.00000000 0.35810000 0.93370000
vn -1.00000000 -0.00000000 -0.00000000
vn -0.06180000 0.77550000 0.62840000
vn -0.00000000 0.55690000 0.83060000
vn -0.00000000 0.69260000 0.72130000
vn -0.05560000 0.42620000 0.90290000
vn -0.00000000 0.83580000 0.54910000
vn -0.06180000 0.77550000 0.62840000
vn -0.00000000 0.91840000 0.39560000
vn -0.04320000 0.97230000 0.22990000
vn -1.00000000 -0.00000000 -0.00000000
vn -0.04320000 0.97230000 0.22990000
vn -0.00000000 0.98340000 0.18130000
vn -0.04320000 0.97570000 -0.21470000
vn -1.00000000 -0.00000000 -0.00000000
vn -0.00000000 0.98610000 -0.16600000
vn -0.04320000 0.97570000 -0.21470000
vn -0.00000000 0.92450000 -0.38120000
vn -1.00000000 -0.00000000 -0.00000000
vn -0.00000000 0.84420000 -0.53600000
vn -0.06180000 0.78520000 -0.61620000
vn -0.00000000 0.70380000 -0.71040000
vn -0.00000000 0.56970000 -0.82180000
vn -0.05560000 0.44020000 -0.89620000
vn -1.00000000 -0.00000000 -0.00000000
vn -0.06180000 0.78520000 -0.61620000
vn -0.05560000 0.44020000 -0.89620000
vn -0.02470000 0.00780000 -0.99970000
vn -0.00000000 0.37260000 -0.92800000
vn -0.00000000 0.20580000 -0.97860000
vn -1.00000000 -0.00000000 -0.00000000
vn -0.05560000 -0.42620000 -0.90290000
vn -0.02470000 0.00780000 -0.99970000
vn -1.00000000 -0.00000000 -0.00000000
vn -0.00000000 -0.35810000 -0.93370000
vn -0.00000000 -0.19050000 -0.98170000
vn -0.00000000 -0.55690000 -0.83060000
vn -0.06180000 -0.77550000 -0.62840000
vn -1.00000000 -0.00000000 -0.00000000
vn -0.05560000 -0.42620000 -0.90290000
vn -0.00000000 -0.69260000 -0.72130000
vn -0.00000000 -0.91840000 -0.39560000
vn -0.06180000 -0.77550000 -0.62840000
vn -1.00000000 -0.00000000 -0.00000000
vn -0.00000000 -0.83580000 -0.54910000
vn -0.04320000 -0.97230000 -0.22990000
vn -0.04320000 -0.97570000 0.21470000
vn -0.00000000 -0.98340000 -0.18130000
vn -0.04320000 -0.97230000 -0.22990000
vn -0.00000000 -0.98610000 0.16600000
vn -1.00000000 -0.00000000 -0.00000000
vn -0.04320000 -0.97570000 0.21470000
vn -1.00000000 -0.00000000 -0.00000000
vn -0.06180000 -0.78520000 0.61620000
vn -0.00000000 -0.84420000 0.53600000
vn -0.00000000 -0.92450000 0.38130000
vn -0.06180000 -0.78520000 0.61620000
vn -0.00000000 -0.56970000 0.82180000
vn -1.00000000 -0.00000000 -0.00000000
vn -0.05560000 -0.44020000 0.89620000
vn -0.00000000 -0.70380000 0.71040000
vn -0.00000000 -0.37260000 0.92800000
vn -0.02470000 -0.00780000 0.99970000
vn -0.00000000 -0.20580000 0.97860000
vn -0.05560000 -0.44020000 0.89620000
vn -1.00000000 -0.00000000 -0.00000000
vn -0.02470000 -0.00780000 0.99970000
vn -0.00000000 0.35810000 0.93370000
vn -0.00000000 0.19050000 0.98170000
vn -0.05560000 0.42620000 0.90290000
vn -1.00000000 -0.00000000 -0.00000000
vn -0.00000000 0.69260000 0.72130000
vn -0.06180000 0.77550000 0.62840000
vn -1.00000000 -0.00000000 -0.00000000
vn -0.00000000 0.55690000 0.83060000
vn -0.05560000 0.42620000 0.90290000
vn -0.06180000 0.77550000 0.62840000
vn -0.04320000 0.97230000 0.22990000
vn -0.00000000 0.83580000 0.54910000
vn -0.00000000 0.91840000 0.39560000
vn -1.00000000 -0.00000000 -0.00000000
vn -0.04320000 0.97570000 -0.21470000
vn -0.00000000 0.98340000 0.18130000
vn -0.00000000 0.98610000 -0.16600000
vn -0.04320000 0.97230000 0.22990000
vn -1.00000000 -0.00000000 -0.00000000
vn -0.04320000 0.97570000 -0.21470000
vn -0.00000000 0.84420000 -0.53600000
vn -0.06180000 0.78520000 -0.61620000
vn -0.00000000 0.92450000 -0.38130000
vn -1.00000000 -0.00000000 -0.00000000
vn -0.06180000 0.78520000 -0.61620000
vn -1.00000000 -0.00000000 -0.00000000
vn -0.05560000 0.44020000 -0.89620000
vn -0.00000000 0.56970000 -0.82180000
vn -0.00000000 0.70380000 -0.71040000
vn -0.00000000 0.37260000 -0.92800000
vn -1.00000000 -0.00000000 -0.00000000
vn -0.02470000 0.00780000 -0.99970000
vn -0.00000000 0.20580000 -0.97860000
vn -0.05560000 0.44020000 -0.89620000
vn -0.00000000 -0.35810000 -0.93370000
vn -0.02470000 0.00780000 -0.99970000
vn -1.00000000 -0.00000000 -0.00000000
vn -0.05560000 -0.42620000 -0.90290000
vn -0.00000000 -0.19050000 -0.98170000
vn -1.00000000 -0.00000000 -0.00000000
vn -0.06180000 -0.77550000 -0.62840000
vn -0.05560000 -0.42620000 -0.90290000
vn -0.00000000 -0.55690000 -0.83060000
vn -0.00000000 -0.69260000 -0.72130000
vn -0.04320000 -0.97230000 -0.22990000
vn -0.06180000 -0.77550000 -0.62840000
vn -1.00000000 -0.00000000 -0.00000000
vn -0.00000000 -0.91840000 -0.39560000
vn -0.00000000 -0.83580000 -0.54910000
vn -0.00000000 1.00000000 0.00780000
vn -1.00000000 -0.00000000 -0.00000000
vn -0.00000000 0.96390000 0.26630000
vn -0.00000000 1.00000000 0.00780000
vn -0.00000000 0.96790000 -0.25130000
vn -1.00000000 -0.00000000 -0.00000000
vn -1.00000000 -0.00000000 -0.00000000
vn -0.00000000 0.96790000 -0.25130000
vn -0.00000000 0.71260000 -0.70160000
vn -0.00000000 0.26630000 -0.96390000
vn -0.00000000 0.71260000 -0.70160000
vn -1.00000000 -0.00000000 -0.00000000
vn -0.00000000 0.00780000 -1.00000000
vn -0.00000000 0.26630000 -0.96390000
vn -1.00000000 -0.00000000 -0.00000000
vn -0.00000000 0.00780000 -1.00000000
vn -0.00000000 -0.25130000 -0.96790000
vn -1.00000000 -0.00000000 -0.00000000
vn -1.00000000 -0.00000000 -0.00000000
vn -0.00000000 -0.25130000 -0.96790000
vn -0.00000000 -0.70160000 -0.71260000
vn -1.00000000 -0.00000000 -0.00000000
vn -0.00000000 -0.96390000 -0.26630000
vn -0.00000000 -0.70160000 -0.71260000
vn -1.00000000 -0.00000000 -0.00000000
vn -0.00000000 -0.96390000 -0.26630000
vn -0.00000000 -1.00000000 -0.00780000
vn -0.00000000 -0.96790000 0.25130000
vn -1.00000000 -0.00000000 -0.00000000
vn -0.00000000 -1.00000000 -0.00780000
vn -0.00000000 -0.71260000 0.70160000
vn -1.00000000 -0.00000000 -0.00000000
vn -0.00000000 -0.96790000 0.25130000
vn -0.00000000 -0.71260000 0.70160000
vn -1.00000000 -0.00000000 -0.00000000
vn -0.00000000 -0.26630000 0.96390000
vn -1.00000000 -0.00000000 -0.00000000
vn -0.00000000 -0.00780000 1.00000000
vn -0.00000000 -0.26630000 0.96390000
vn -0.00000000 -0.00780000 1.00000000
vn -1.00000000 -0.00000000 -0.00000000
vn -0.00000000 0.25130000 0.96790000
vn -1.00000000 -0.00000000 -0.00000000
vn -0.00000000 0.25130000 0.96790000
vn -0.00000000 0.70160000 0.71260000
vn -1.00000000 -0.00000000 -0.00000000
vn -0.00000000 0.96390000 0.26630000
vn -0.00000000 0.70160000 0.71260000
vn -1.00000000 -0.00000000 -0.00000000
vn -0.70020000 -0.40120000 0.59050000
vn -0.70020000 -0.14470000 0.69910000
vn -0.70020000 -0.40120000 0.59050000
vn -0.70020000 -0.59670000 0.39200000
vn -1.00000000 -0.00000000 -0.00000000
vn -1.00000000 -0.00000000 -0.00000000
vn -0.70020000 -0.70130000 0.13380000
vn -0.70020000 -0.59670000 0.39200000
vn -1.00000000 -0.00000000 -0.00000000
vn -0.70020000 -0.70130000 0.13380000
vn -0.70710000 -0.70710000 -0.00550000
vn -1.00000000 -0.00000000 -0.00000000
vn -0.70710000 -0.70710000 -0.00550000
vn -0.70020000 -0.69910000 -0.14470000
vn -1.00000000 -0.00000000 -0.00000000
vn -0.70020000 -0.59050000 -0.40120000
vn -0.70020000 -0.69910000 -0.14470000
vn -0.70020000 -0.39200000 -0.59670000
vn -1.00000000 -0.00000000 -0.00000000
vn -0.70020000 -0.59050000 -0.40120000
vn -0.70020000 -0.39200000 -0.59670000
vn -1.00000000 -0.00000000 -0.00000000
vn -0.70020000 -0.13380000 -0.70130000
vn -1.00000000 -0.00000000 -0.00000000
vn -0.70020000 -0.13380000 -0.70130000
vn -0.70710000 0.00550000 -0.70710000
vn -1.00000000 -0.00000000 -0.00000000
vn -0.70530000 0.49890000 -0.50360000
vn -1.00000000 -0.00000000 -0.00000000
vn -0.69250000 0.46800000 -0.54900000
vn -0.70170000 0.61980000 -0.35140000
vn -1.00000000 -0.00000000 -0.00000000
vn -0.70670000 0.65410000 -0.26970000
vn -0.70170000 0.70260000 -0.11830000
vn -0.68720000 0.61330000 -0.38940000
vn -0.70170000 0.61980000 -0.35140000
vn -0.70170000 0.70070000 0.12920000
vn -0.70170000 0.70260000 -0.11830000
vn -1.00000000 -0.00000000 -0.00000000
vn -0.70670000 0.64980000 0.27990000
vn -1.00000000 -0.00000000 -0.00000000
vn -0.69410000 0.62060000 0.36480000
vn -0.70170000 0.70070000 0.12920000
vn -0.69410000 0.62060000 0.36480000
vn -0.70430000 0.59330000 0.38980000
vn -1.00000000 -0.00000000 -0.00000000
vn -0.70170000 0.45370000 0.54940000
vn -0.70170000 -0.45370000 -0.54940000
vn -0.70430000 -0.59330000 -0.38980000
vn -0.69410000 -0.62060000 -0.36480000
vn -1.00000000 -0.00000000 -0.00000000
vn -0.69410000 -0.62060000 -0.36480000
vn -1.00000000 -0.00000000 -0.00000000
vn -0.70170000 -0.70070000 -0.12920000
vn -0.70670000 -0.64980000 -0.27990000
vn -0.70170000 -0.70260000 0.11830000
vn -1.00000000 -0.00000000 -0.00000000
vn -0.70170000 -0.70070000 -0.12920000
vn -0.67940000 -0.50830000 -0.52930000
vn -0.70170000 -0.23850000 -0.67140000
vn -1.00000000 -0.00000000 -0.00000000
vn -0.70170000 -0.45370000 -0.54940000
vn -0.70610000 -0.39430000 -0.58810000
vn -0.69470000 -0.25760000 -0.67160000
vn -0.70170000 0.00550000 -0.71250000
vn -1.00000000 -0.00000000 -0.00000000
vn -0.70700000 -0.13470000 -0.69430000
vn -0.70170000 -0.23850000 -0.67140000
vn -1.00000000 -0.00000000 -0.00000000
vn -0.69720000 0.25040000 -0.67180000
vn -0.70700000 0.14550000 -0.69210000
vn -0.70170000 0.00550000 -0.71250000
vn -0.70610000 -0.40340000 0.58190000
vn -1.00000000 -0.00000000 -0.00000000
vn -0.69720000 -0.25040000 0.67180000
vn -0.69250000 -0.46800000 0.54900000
vn -0.70310000 -0.26490000 0.65990000
vn -0.69250000 -0.46800000 0.54900000
vn -0.70530000 -0.49890000 0.50360000
vn -1.00000000 -0.00000000 -0.00000000
vn -0.70170000 -0.61980000 0.35140000
vn -0.70170000 -0.61980000 0.35140000
vn -1.00000000 -0.00000000 -0.00000000
vn -0.68720000 -0.61330000 0.38940000
vn -0.70670000 -0.65410000 0.26980000
vn -0.70170000 -0.70260000 0.11830000
vn -0.70170000 0.45370000 0.54940000
vn -0.70610000 0.39430000 0.58810000
vn -1.00000000 -0.00000000 -0.00000000
vn -0.70170000 0.23850000 0.67140000
vn -0.67940000 0.50830000 0.52930000
vn -0.70170000 0.23850000 0.67140000
vn -0.70700000 0.13470000 0.69430000
vn -1.00000000 -0.00000000 -0.00000000
vn -0.70170000 -0.00550000 0.71250000
vn -0.69470000 0.25760000 0.67160000
vn -0.70700000 -0.14550000 0.69210000
vn -0.69720000 -0.25040000 0.67180000
vn -1.00000000 -0.00000000 -0.00000000
vn -0.70170000 -0.00550000 0.71250000
vn -1.00000000 -0.00000000 -0.00000000
vn -0.70310000 0.26490000 -0.65990000
vn -0.69720000 0.25040000 -0.67180000
vn -0.70610000 0.40340000 -0.58190000
vn -0.69250000 0.46800000 -0.54900000
vn -0.70020000 -0.14470000 0.69910000
vn -0.70710000 -0.00550000 0.70710000
vn -1.00000000 -0.00000000 -0.00000000
vn -0.64250000 0.43070000 -0.63380000
vn -0.70020000 0.14470000 -0.69910000
vn -1.00000000 -0.00000000 -0.00000000
vn -0.70640000 0.31800000 -0.63240000
vn -0.64250000 0.43070000 -0.63380000
vn -0.70410000 0.43670000 -0.56000000
vn -0.70020000 0.59670000 -0.39200000
vn -1.00000000 -0.00000000 -0.00000000
vn -0.70020000 0.70130000 -0.13380000
vn -0.60170000 0.63750000 -0.48130000
vn -1.00000000 -0.00000000 -0.00000000
vn -0.70020000 0.59670000 -0.39200000
vn -0.70630000 0.63730000 -0.30810000
vn -0.70710000 0.70710000 0.00550000
vn -1.00000000 -0.00000000 -0.00000000
vn -0.70020000 0.70130000 -0.13380000
vn -1.00000000 -0.00000000 -0.00000000
vn -0.70020000 0.14470000 -0.69910000
vn -0.70710000 0.00550000 -0.70710000
vn -0.70020000 0.69910000 0.14470000
vn -0.70710000 0.70710000 0.00550000
vn -1.00000000 -0.00000000 -0.00000000
vn -0.70020000 0.69910000 0.14470000
vn -1.00000000 -0.00000000 -0.00000000
vn -0.70630000 0.63240000 0.31800000
vn -0.64250000 0.63380000 0.43070000
vn -0.70020000 0.39200000 0.59670000
vn -0.70410000 0.56000000 0.43670000
vn -1.00000000 -0.00000000 -0.00000000
vn -0.64250000 0.63380000 0.43070000
vn -0.70020000 0.13380000 0.70130000
vn -0.70020000 0.39200000 0.59670000
vn -0.70640000 0.30810000 0.63730000
vn -0.60170000 0.48130000 0.63740000
vn -1.00000000 -0.00000000 -0.00000000
vn -0.70710000 -0.00550000 0.70710000
vn -0.70020000 0.13380000 0.70130000
vn -1.00000000 -0.00000000 -0.00000000
vn -0.04400000 -0.25110000 -0.96700000
vn -0.00000000 -0.18750000 -0.98230000
vn -1.00000000 -0.00000000 -0.00000000
vn -0.00000000 0.00780000 -1.00000000
vn -1.00000000 -0.00000000 -0.00000000
vn -0.04400000 -0.25110000 -0.96700000
vn -0.00000000 -0.43530000 -0.90030000
vn -0.00000000 -0.60260000 -0.79810000
vn -0.05860000 -0.70040000 -0.71140000
vn -0.00000000 -0.78860000 -0.61490000
vn -0.04400000 -0.96290000 -0.26610000
vn -0.05860000 -0.70040000 -0.71140000
vn -0.00000000 -0.89340000 -0.44930000
vn -1.00000000 -0.00000000 -0.00000000
vn -0.70020000 0.14470000 -0.69910000
vn -0.70710000 0.00550000 -0.70710000
vn -0.00000000 0.20270000 -0.97920000
vn -0.00000000 0.00780000 -1.00000000
vn -0.70020000 0.14470000 -0.69910000
vn -0.00000000 0.20270000 -0.97920000
vn -0.70640000 0.31800000 -0.63240000
vn -0.00000000 0.44930000 -0.89340000
vn -0.00000000 0.61490000 -0.78860000
vn -0.64250000 0.43070000 -0.63380000
vn -0.70410000 0.43670000 -0.56000000
vn -0.70640000 0.31800000 -0.63240000
vn -0.00000000 0.44930000 -0.89340000
vn -0.00000000 0.44920000 -0.89340000
vn -0.70020000 0.59670000 -0.39200000
vn -0.00000000 0.79810000 -0.60260000
vn -0.00000000 0.61490000 -0.78860000
vn -0.60170000 0.63750000 -0.48130000
vn -0.70410000 0.43670000 -0.56000000
vn -0.00000000 1.00000000 0.00780000
vn -0.00000000 0.98230000 -0.18740000
vn -0.70020000 0.70130000 -0.13380000
vn -0.70710000 0.70710000 0.00550000
vn -0.70630000 0.63730000 -0.30810000
vn -0.00000000 0.90030000 -0.43530000
vn -0.70020000 0.70130000 -0.13380000
vn -0.00000000 0.98230000 -0.18740000
vn -0.00000000 0.90030000 -0.43530000
vn -0.60170000 0.63750000 -0.48130000
vn -0.70630000 0.63730000 -0.30810000
vn -0.00000000 0.79810000 -0.60260000
vn -0.00000000 0.97920000 0.20270000
vn -0.70020000 0.69910000 0.14470000
vn -0.00000000 1.00000000 0.00780000
vn -0.70710000 0.70710000 0.00550000
vn -0.70630000 0.63240000 0.31800000
vn -0.70020000 0.69910000 0.14470000
vn -0.00000000 0.89340000 0.44930000
vn -0.00000000 0.97920000 0.20270000
vn -0.00000000 0.78860000 0.61490000
vn -0.00000000 0.89340000 0.44930000
vn -0.70410000 0.56000000 0.43670000
vn -0.70630000 0.63240000 0.31800000
vn -0.64250000 0.63380000 0.43070000
vn -0.60170000 0.48130000 0.63740000
vn -0.00000000 0.60260000 0.79810000
vn -0.70020000 0.39200000 0.59670000
vn -0.00000000 0.78860000 0.61490000
vn -0.70410000 0.56000000 0.43670000
vn -0.00000000 -0.00780000 1.00000000
vn -0.70020000 0.13380000 0.70130000
vn -0.00000000 0.18750000 0.98230000
vn -0.70710000 -0.00550000 0.70710000
vn -0.00000000 0.43530000 0.90030000
vn -0.70020000 0.13380000 0.70130000
vn -0.70640000 0.30810000 0.63730000
vn -0.00000000 0.18750000 0.98230000
vn -0.60170000 0.48130000 0.63740000
vn -0.00000000 0.43530000 0.90030000
vn -0.70640000 0.30810000 0.63730000
vn -0.00000000 0.60260000 0.79810000
vn -0.00000000 -0.98230000 0.18750000
vn -0.00000000 -0.98230000 0.18740000
vn -1.00000000 -0.00000000 -0.00000000
vn -0.00000000 -0.83580000 0.54910000
vn -0.00000000 -0.83580000 0.54910000
vn -1.00000000 -0.00000000 -0.00000000
vn -0.00000000 -0.56200000 0.82710000
vn -0.00000000 -0.56200000 0.82710000
vn -1.00000000 -0.00000000 -0.00000000
vn -0.00000000 -0.20270000 0.97920000
vn -1.00000000 -0.00000000 -0.00000000
vn -0.00000000 -0.20270000 0.97920000
vn -0.00000000 -0.00780000 1.00000000
vn -0.00000000 -0.70160000 -0.71260000
vn 0.03640000 -0.25110000 -0.96730000
vn -0.00000000 -0.43530000 -0.90030000
vn -0.00000000 -0.60260000 -0.79810000
vn -1.00000000 -0.00000000 -0.00000000
vn 0.09610000 -0.78490000 -0.61210000
vn -0.00000000 0.00780000 -1.00000000
vn -0.00000000 -0.18750000 -0.98230000
vn -1.00000000 -0.00000000 -0.00000000
vn 0.03640000 -0.25110000 -0.96730000
vn -0.00000000 -0.61490000 0.78860000
vn -1.00000000 -0.00000000 -0.00000000
vn 0.04860000 -0.71170000 0.70070000
vn -0.00000000 -0.44930000 0.89340000
vn 0.03640000 -0.26620000 0.96320000
vn -1.00000000 -0.00000000 -0.00000000
vn -0.00000000 -0.90030000 0.43530000
vn 0.03640000 -0.96730000 0.25110000
vn -0.00000000 -0.79810000 0.60260000
vn 0.04860000 -0.71170000 0.70070000
vn -0.00000000 -0.98230000 0.18750000
vn -1.00000000 -0.00000000 -0.00000000
vn 0.03640000 -0.96730000 0.25110000
vn -0.00000000 -1.00000000 -0.00780000
vn -1.00000000 -0.00000000 -0.00000000
vn -0.00000000 -0.96390000 -0.26630000
vn -0.00000000 -1.00000000 -0.00780000
vn -0.00000000 -0.96390000 -0.26630000
vn 0.04830000 -0.97810000 -0.20250000
vn -1.00000000 -0.00000000 -0.00000000
vn -0.00000000 -0.70160000 -0.71260000
vn -0.00000000 -0.89340000 -0.44920000
vn -1.00000000 -0.00000000 -0.00000000
vn -0.00000000 -0.00780000 1.00000000
vn -0.00000000 -0.20270000 0.97920000
vn 0.03640000 -0.26620000 0.96320000
vn -0.70020000 -0.13380000 -0.70130000
vn -0.70710000 0.00550000 -0.70710000
vn -0.00000000 -0.18750000 -0.98230000
vn -0.00000000 0.00780000 -1.00000000
vn -1.00000000 -0.00000000 -0.00000000
vn -0.05860000 0.71140000 -0.70040000
vn -0.00000000 0.90030000 -0.43530000
vn -0.04400000 0.96700000 -0.25110000
vn -0.00000000 0.79810000 -0.60260000
vn -0.00000000 0.61490000 -0.78860000
vn -0.00000000 0.44930000 -0.89340000
vn -1.00000000 -0.00000000 -0.00000000
vn -0.05860000 0.71140000 -0.70040000
vn -0.04400000 0.26610000 -0.96300000
vn -1.00000000 -0.00000000 -0.00000000
vn -0.00000000 0.20270000 -0.97920000
vn -0.00000000 0.00780000 -1.00000000
vn -0.04400000 0.26610000 -0.96300000
vn -0.00000000 0.96390000 0.26630000
vn -0.00000000 1.00000000 0.00780000
vn -1.00000000 -0.00000000 -0.00000000
vn -0.00000000 0.70160000 0.71260000
vn -0.00000000 0.96390000 0.26630000
vn 0.04830000 0.97810000 0.20250000
vn -1.00000000 -0.00000000 -0.00000000
vn -0.00000000 0.89340000 0.44930000
vn -1.00000000 -0.00000000 -0.00000000
vn -0.00000000 -0.00780000 1.00000000
vn -0.04400000 0.25110000 0.96700000
vn -0.00000000 0.18750000 0.98230000
vn -0.00000000 0.60260000 0.79810000
vn 0.03640000 0.25110000 0.96730000
vn -1.00000000 -0.00000000 -0.00000000
vn 0.09610000 0.78490000 0.61210000
vn -0.00000000 0.43530000 0.90030000
vn -0.00000000 0.70160000 0.71260000
vn -0.00000000 0.18750000 0.98230000
vn 0.03640000 0.25110000 0.96730000
vn -1.00000000 -0.00000000 -0.00000000
vn -0.00000000 -0.00780000 1.00000000
vn -0.00000000 0.00780000 -1.00000000
vn -1.00000000 -0.00000000 -0.00000000
vn -0.00000000 0.26630000 -0.96390000
vn -0.00000000 0.71260000 -0.70160000
vn -1.00000000 -0.00000000 -0.00000000
vn -0.00000000 0.26630000 -0.96390000
vn -0.00000000 0.96790000 -0.25130000
vn -1.00000000 -0.00000000 -0.00000000
vn -0.00000000 0.71260000 -0.70160000
vn -0.00000000 1.00000000 0.00780000
vn -1.00000000 -0.00000000 -0.00000000
vn -0.00000000 0.96790000 -0.25130000
vn -1.00000000 -0.00000000 -0.00000000
vn -0.00000000 0.60260000 0.79810000
vn -0.00000000 0.43530000 0.90030000
vn -0.04400000 0.25110000 0.96700000
vn -0.05860000 0.70040000 0.71140000
vn -1.00000000 -0.00000000 -0.00000000
vn -0.04400000 0.96290000 0.26610000
vn -0.05860000 0.70040000 0.71140000
vn -0.00000000 0.78860000 0.61490000
vn -0.00000000 0.89340000 0.44920000
vn -0.70020000 -0.14470000 0.69910000
vn -0.00000000 -0.00780000 1.00000000
vn -0.03930000 -0.20260000 0.97850000
vn -0.00000000 -0.26630000 0.96390000
vn -0.70710000 -0.00550000 0.70710000
vn -0.00000000 -0.98230000 0.18740000
vn -0.00000000 -1.00000000 -0.00780000
vn -0.70020000 -0.70130000 0.13380000
vn -0.70710000 -0.70710000 -0.00550000
vn -0.70020000 -0.70130000 0.13380000
vn -0.70020000 -0.59670000 0.39200000
vn 0.01980000 -0.83560000 0.54900000
vn -0.02970000 -0.96750000 0.25120000
vn -0.00000000 -0.98230000 0.18740000
vn 0.01980000 -0.83560000 0.54900000
vn -0.70020000 -0.40120000 0.59050000
vn -0.70020000 -0.59670000 0.39200000
vn -0.00000000 -0.79810000 0.60260000
vn -0.00000000 -0.56200000 0.82710000
vn -0.70020000 -0.14470000 0.69910000
vn -0.00000000 -0.56200000 0.82710000
vn -0.70020000 -0.40120000 0.59050000
vn -0.03930000 -0.20260000 0.97850000
vn 0.02970000 -0.61460000 0.78830000
vn -0.70710000 -0.70710000 -0.00550000
vn -0.00000000 -1.00000000 -0.00780000
vn -0.00000000 -0.97920000 -0.20270000
vn -0.70020000 -0.69910000 -0.14470000
vn -0.00000000 -0.18750000 -0.98230000
vn -0.00000000 -0.54910000 -0.83580000
vn -0.70020000 -0.39200000 -0.59670000
vn -0.70020000 -0.13380000 -0.70130000
vn -0.70020000 -0.59050000 -0.40120000
vn -0.00000000 -0.54910000 -0.83580000
vn -0.00000000 -0.82710000 -0.56200000
vn -0.70020000 -0.39200000 -0.59670000
vn -0.00000000 -0.82710000 -0.56200000
vn -0.00000000 -0.97920000 -0.20270000
vn -0.70020000 -0.69910000 -0.14470000
vn -0.70020000 -0.59050000 -0.40120000
vn -1.00000000 -0.00000000 -0.00000000
vn -0.00000000 0.11970000 -0.99280000
vn -0.00000000 -0.10420000 -0.99460000
vn 0.01770000 0.26630000 -0.96370000
vn 0.01770000 -0.25130000 -0.96780000
vn -0.00000000 -0.55690000 -0.83060000
vn -1.00000000 -0.00000000 -0.00000000
vn 0.01770000 -0.25130000 -0.96780000
vn -0.00000000 -0.35810000 -0.93370000
vn 0.01470000 -0.70150000 -0.71250000
vn -0.00000000 -0.88050000 -0.47410000
vn -0.00000000 -0.75290000 -0.65820000
vn 0.01470000 -0.70150000 -0.71250000
vn -1.00000000 -0.00000000 -0.00000000
vn 0.00880000 -0.96380000 -0.26630000
vn -1.00000000 -0.00000000 -0.00000000
vn 0.00880000 -0.96380000 -0.26630000
vn -0.00000000 -0.97320000 -0.23010000
vn 0.00880000 -0.96790000 0.25130000
vn -0.00000000 -0.97660000 0.21490000
vn 0.01470000 -0.71250000 0.70150000
vn -0.00000000 -0.88770000 0.46040000
vn -0.00000000 -0.76300000 0.64640000
vn -1.00000000 -0.00000000 -0.00000000
vn 0.00880000 -0.96790000 0.25130000
vn -0.00000000 -0.56970000 0.82180000
vn 0.01770000 -0.26630000 0.96370000
vn -0.00000000 -0.37260000 0.92800000
vn 0.01470000 -0.71250000 0.70150000
vn -1.00000000 -0.00000000 -0.00000000
vn 0.01770000 -0.26630000 0.96370000
vn -1.00000000 -0.00000000 -0.00000000
vn 0.01770000 0.25130000 0.96780000
vn -0.00000000 0.10420000 0.99460000
vn -0.00000000 -0.11970000 0.99280000
vn 0.01770000 0.25130000 0.96780000
vn 0.01470000 0.70150000 0.71250000
vn -0.00000000 0.55690000 0.83060000
vn -1.00000000 -0.00000000 -0.00000000
vn -0.00000000 0.35810000 0.93370000
vn -0.00000000 0.75290000 0.65820000
vn 0.01470000 0.70150000 0.71250000
vn 0.00880000 0.96380000 0.26630000
vn -0.00000000 0.88040000 0.47410000
vn -1.00000000 -0.00000000 -0.00000000
vn -0.00000000 0.97660000 -0.21490000
vn -1.00000000 -0.00000000 -0.00000000
vn 0.00880000 0.96380000 0.26630000
vn -0.00000000 0.97320000 0.23010000
vn 0.00880000 0.96790000 -0.25130000
vn -0.00000000 0.88770000 -0.46040000
vn 0.01470000 0.71250000 -0.70150000
vn -1.00000000 -0.00000000 -0.00000000
vn -0.00000000 0.76300000 -0.64640000
vn 0.00880000 0.96790000 -0.25130000
vn 0.01470000 0.71250000 -0.70150000
vn -0.00000000 0.37260000 -0.92800000
vn 0.01770000 0.26630000 -0.96370000
vn -0.00000000 0.56970000 -0.82180000
vn -1.00000000 -0.00000000 -0.00000000
vn -0.00000000 -0.11970000 0.99280000
vn 0.01770000 -0.26630000 0.96370000
vn -0.00000000 0.10420000 0.99460000
vn 0.01770000 0.25130000 0.96780000
vn -1.00000000 -0.00000000 -0.00000000
vn -0.00000000 0.35810000 0.93370000
vn -0.00000000 0.55690000 0.83060000
vn -1.00000000 -0.00000000 -0.00000000
vn 0.01770000 0.25130000 0.96780000
vn 0.01470000 0.70150000 0.71250000
vn 0.00880000 0.96380000 0.26630000
vn -0.00000000 0.88050000 0.47410000
vn 0.01470000 0.70150000 0.71250000
vn -1.00000000 -0.00000000 -0.00000000
vn -0.00000000 0.75290000 0.65820000
vn 0.00880000 0.96380000 0.26630000
vn -0.00000000 0.97660000 -0.21490000
vn -0.00000000 0.97320000 0.23010000
vn 0.00880000 0.96790000 -0.25130000
vn -1.00000000 -0.00000000 -0.00000000
vn 0.01470000 0.71250000 -0.70150000
vn -0.00000000 0.76300000 -0.64640000
vn 0.00880000 0.96790000 -0.25130000
vn -0.00000000 0.88770000 -0.46040000
vn -1.00000000 -0.00000000 -0.00000000
vn -0.00000000 0.37260000 -0.92800000
vn 0.01770000 0.26630000 -0.96370000
vn -0.00000000 0.56970000 -0.82180000
vn -1.00000000 -0.00000000 -0.00000000
vn 0.01470000 0.71250000 -0.70150000
vn -0.00000000 0.11970000 -0.99280000
vn -0.00000000 -0.10420000 -0.99460000
vn 0.01770000 -0.25130000 -0.96780000
vn 0.01770000 0.26630000 -0.96370000
vn -1.00000000 -0.00000000 -0.00000000
vn -1.00000000 -0.00000000 -0.00000000
vn -0.00000000 -0.55690000 -0.83060000
vn 0.01470000 -0.70150000 -0.71250000
vn -0.00000000 -0.35810000 -0.93370000
vn 0.01770000 -0.25130000 -0.96780000
vn -0.00000000 -0.75290000 -0.65820000
vn -1.00000000 -0.00000000 -0.00000000
vn -0.00000000 -0.88050000 -0.47410000
vn 0.01470000 -0.70150000 -0.71250000
vn 0.00880000 -0.96380000 -0.26630000
vn -1.00000000 -0.00000000 -0.00000000
vn 0.00880000 -0.96790000 0.25130000
vn -0.00000000 -0.97660000 0.21490000
vn -0.00000000 -0.97320000 -0.23010000
vn 0.00880000 -0.96380000 -0.26630000
vn -0.00000000 -0.88770000 0.46040000
vn 0.00880000 -0.96790000 0.25130000
vn 0.01470000 -0.71250000 0.70150000
vn -1.00000000 -0.00000000 -0.00000000
vn -0.00000000 -0.76300000 0.64640000
vn 0.01770000 -0.26630000 0.96370000
vn -1.00000000 -0.00000000 -0.00000000
vn 0.01470000 -0.71250000 0.70150000
vn -0.00000000 -0.37260000 0.92800000
vn -0.00000000 -0.56970000 0.82180000
vn -0.00000000 0.69260000 0.72130000
vn -0.67940000 0.50830000 0.52930000
vn -0.70610000 0.39430000 0.58810000
vn -0.00000000 0.55690000 0.83060000
vn -0.05560000 0.42620000 0.90290000
vn -0.00000000 0.35810000 0.93370000
vn -0.69470000 0.25760000 0.67160000
vn -0.70170000 0.23850000 0.67140000
vn -0.70610000 0.39430000 0.58810000
vn -0.00000000 0.55690000 0.83060000
vn -0.68720000 -0.61330000 0.38940000
vn -0.70670000 -0.65410000 0.26980000
vn -0.00000000 -0.84420000 0.53600000
vn -0.00000000 -0.92450000 0.38120000
vn -0.04320000 -0.97570000 0.21470000
vn -0.00000000 -0.92450000 0.38120000
vn -0.70670000 -0.65410000 0.26980000
vn -0.00000000 -0.98610000 0.16600000
vn -0.70170000 -0.70260000 0.11830000
vn -0.00000000 -0.98340000 -0.18130000
vn -0.00000000 -0.98610000 0.16600000
vn -0.70170000 -0.70260000 0.11830000
vn -0.70170000 -0.70070000 -0.12920000
vn -0.06180000 -0.78520000 0.61620000
vn -0.70170000 -0.61980000 0.35140000
vn -0.68720000 -0.61330000 0.38940000
vn -0.00000000 -0.84420000 0.53600000
vn -0.70530000 -0.49890000 0.50360000
vn -0.00000000 -0.70380000 0.71040000
vn -0.70610000 -0.40340000 0.58190000
vn -0.70530000 -0.49890000 0.50360000
vn -0.00000000 -0.56970000 0.82180000
vn -0.00000000 -0.70380000 0.71040000
vn -0.69250000 -0.46800000 0.54900000
vn -0.00000000 -0.56970000 0.82180000
vn -0.70310000 -0.26490000 0.65990000
vn -0.05560000 -0.44020000 0.89620000
vn -0.00000000 -0.37260000 0.92800000
vn -0.70610000 -0.40340000 0.58190000
vn -0.69720000 -0.25040000 0.67180000
vn -0.00000000 -0.37260000 0.92800000
vn -0.00000000 -0.20580000 0.97860000
vn -0.70310000 -0.26490000 0.65990000
vn -0.70700000 -0.14550000 0.69210000
vn -0.02470000 -0.00780000 0.99970000
vn -0.70700000 -0.14550000 0.69210000
vn -0.70170000 -0.00550000 0.71250000
vn -0.00000000 -0.20580000 0.97860000
vn -0.02470000 -0.00780000 0.99970000
vn -0.00000000 0.19050000 0.98170000
vn -0.70700000 0.13470000 0.69430000
vn -0.70170000 -0.00550000 0.71250000
vn -0.00000000 0.35810000 0.93370000
vn -0.70700000 0.13470000 0.69430000
vn -0.00000000 0.19050000 0.98170000
vn -0.69470000 0.25760000 0.67160000
vn -0.67940000 0.50830000 0.52930000
vn -0.70430000 0.59330000 0.38980000
vn -0.00000000 0.83580000 0.54910000
vn -0.06180000 0.77550000 0.62840000
vn -0.00000000 0.69260000 0.72130000
vn -0.70170000 0.45370000 0.54940000
vn -0.00000000 0.83580000 0.54910000
vn -0.00000000 0.91840000 0.39560000
vn -0.70430000 0.59330000 0.38980000
vn -0.70670000 0.64980000 0.27990000
vn -0.69410000 0.62060000 0.36480000
vn -0.04320000 0.97230000 0.22990000
vn -0.00000000 0.98340000 0.18130000
vn -0.00000000 0.91840000 0.39560000
vn -0.70670000 0.64980000 0.27990000
vn -0.70170000 0.70070000 0.12920000
vn -0.70170000 0.70070000 0.12920000
vn -0.70170000 0.70260000 -0.11830000
vn -0.00000000 0.98340000 0.18130000
vn -0.00000000 0.98610000 -0.16600000
vn -0.00000000 -0.69260000 -0.72130000
vn -0.70610000 -0.39430000 -0.58810000
vn -0.67940000 -0.50830000 -0.52930000
vn -0.00000000 -0.55690000 -0.83060000
vn -0.00000000 -0.35810000 -0.93370000
vn -0.00000000 -0.55690000 -0.83060000
vn -0.70170000 -0.23850000 -0.67140000
vn -0.69470000 -0.25760000 -0.67160000
vn -0.70610000 -0.39430000 -0.58810000
vn -0.05560000 -0.42620000 -0.90290000
vn -0.00000000 0.84420000 -0.53600000
vn -0.70670000 0.65410000 -0.26970000
vn -0.00000000 0.92450000 -0.38130000
vn -0.68720000 0.61330000 -0.38940000
vn -0.00000000 0.98610000 -0.16600000
vn -0.00000000 0.92450000 -0.38130000
vn -0.70170000 0.70260000 -0.11830000
vn -0.04320000 0.97570000 -0.21470000
vn -0.70670000 0.65410000 -0.26970000
vn -0.00000000 0.70380000 -0.71040000
vn -0.00000000 0.84420000 -0.53600000
vn -0.70170000 0.61980000 -0.35140000
vn -0.06180000 0.78520000 -0.61620000
vn -0.68720000 0.61330000 -0.38940000
vn -0.70530000 0.49890000 -0.50360000
vn -0.00000000 0.70380000 -0.71040000
vn -0.70610000 0.40340000 -0.58190000
vn -0.00000000 0.56970000 -0.82180000
vn -0.69250000 0.46800000 -0.54900000
vn -0.70530000 0.49890000 -0.50360000
vn -0.00000000 0.56970000 -0.82180000
vn -0.70610000 0.40340000 -0.58190000
vn -0.70310000 0.26490000 -0.65990000
vn -0.05560000 0.44020000 -0.89620000
vn -0.00000000 0.37260000 -0.92800000
vn -0.00000000 0.37260000 -0.92800000
vn -0.69720000 0.25040000 -0.67180000
vn -0.00000000 0.20580000 -0.97860000
vn -0.70310000 0.26490000 -0.65990000
vn -0.70700000 0.14550000 -0.69210000
vn -0.02470000 0.00780000 -0.99970000
vn -0.70170000 0.00550000 -0.71250000
vn -0.70700000 0.14550000 -0.69210000
vn -0.00000000 0.20580000 -0.97860000
vn -0.02470000 0.00780000 -0.99970000
vn -0.70700000 -0.13470000 -0.69430000
vn -0.00000000 -0.19050000 -0.98170000
vn -0.70170000 0.00550000 -0.71250000
vn -0.70700000 -0.13470000 -0.69430000
vn -0.00000000 -0.35810000 -0.93370000
vn -0.69470000 -0.25760000 -0.67160000
vn -0.00000000 -0.19050000 -0.98170000
vn -0.70430000 -0.59330000 -0.38980000
vn -0.70170000 -0.45370000 -0.54940000
vn -0.06180000 -0.77550000 -0.62840000
vn -0.00000000 -0.69260000 -0.72130000
vn -0.00000000 -0.83580000 -0.54910000
vn -0.67940000 -0.50830000 -0.52930000
vn -0.69410000 -0.62060000 -0.36480000
vn -0.00000000 -0.91840000 -0.39560000
vn -0.70430000 -0.59330000 -0.38980000
vn -0.70670000 -0.64980000 -0.27990000
vn -0.00000000 -0.83580000 -0.54910000
vn -0.00000000 -0.91840000 -0.39560000
vn -0.70670000 -0.64980000 -0.27990000
vn -0.00000000 -0.98340000 -0.18130000
vn -0.04320000 -0.97230000 -0.22990000
vn -0.70170000 -0.70070000 -0.12920000
vn -0.00000000 -0.18750000 -0.98230000
vn 0.70020000 -0.13380000 -0.70130000
vn 0.70710000 0.00550000 -0.70710000
vn -0.00000000 0.00780000 -1.00000000
vn -0.00000000 0.00780000 -1.00000000
vn 0.70020000 0.14470000 -0.69910000
vn -0.00000000 0.20270000 -0.97920000
vn 0.70710000 0.00550000 -0.70710000
vn 0.70020000 0.70130000 -0.13380000
vn -0.00000000 0.98230000 -0.18740000
vn -0.00000000 1.00000000 0.00780000
vn 0.70710000 0.70710000 0.00550000
vn 0.70630000 0.63730000 -0.30810000
vn 0.70020000 0.70130000 -0.13380000
vn -0.00000000 0.90030000 -0.43530000
vn -0.00000000 0.98230000 -0.18740000
vn -0.00000000 0.79810000 -0.60260000
vn -0.00000000 0.90030000 -0.43530000
vn 0.70410000 0.56670000 -0.42790000
vn 0.70630000 0.63730000 -0.30810000
vn 0.66710000 0.62260000 -0.40910000
vn -0.00000000 0.61490000 -0.78860000
vn 0.64240000 0.47120000 -0.60430000
vn -0.00000000 0.79810000 -0.60260000
vn 0.70410000 0.56670000 -0.42790000
vn 0.70020000 0.40120000 -0.59050000
vn 0.70640000 0.31800000 -0.63240000
vn -0.00000000 0.61490000 -0.78860000
vn -0.00000000 0.44920000 -0.89340000
vn 0.64240000 0.47120000 -0.60430000
vn -0.00000000 0.44930000 -0.89340000
vn -0.00000000 0.44920000 -0.89340000
vn 0.70020000 0.14470000 -0.69910000
vn -0.00000000 0.20270000 -0.97920000
vn 0.70640000 0.31800000 -0.63240000
vn 0.70710000 0.70710000 0.00550000
vn -0.00000000 1.00000000 0.00780000
vn -0.00000000 0.97920000 0.20270000
vn 0.70020000 0.69910000 0.14470000
vn 0.70020000 0.13380000 0.70130000
vn -0.00000000 0.18750000 0.98230000
vn -0.00000000 -0.00780000 1.00000000
vn 0.70710000 -0.00550000 0.70710000
vn -0.00000000 0.18750000 0.98230000
vn 0.70020000 0.13380000 0.70130000
vn 0.70630000 0.30810000 0.63730000
vn -0.00000000 0.43530000 0.90030000
vn 0.70410000 0.42790000 0.56670000
vn 0.66710000 0.40910000 0.62260000
vn -0.00000000 0.43530000 0.90030000
vn 0.70630000 0.30810000 0.63730000
vn -0.00000000 0.60260000 0.79810000
vn 0.64240000 0.60430000 0.47120000
vn 0.70410000 0.42790000 0.56670000
vn -0.00000000 0.60260000 0.79810000
vn -0.00000000 0.78860000 0.61490000
vn 0.70020000 0.59050000 0.40120000
vn 0.70640000 0.63240000 0.31800000
vn 0.64240000 0.60430000 0.47120000
vn -0.00000000 0.89340000 0.44930000
vn -0.00000000 0.78860000 0.61490000
vn -0.00000000 0.89340000 0.44930000
vn 0.70020000 0.69910000 0.14470000
vn 0.70640000 0.63240000 0.31800000
vn -0.00000000 0.97920000 0.20270000
vn -0.00000000 -0.00780000 1.00000000
vn -0.00000000 -0.20270000 0.97920000
vn 0.70020000 -0.14470000 0.69910000
vn 0.70710000 -0.00550000 0.70710000
vn 0.70020000 -0.70130000 0.13380000
vn -0.00000000 -0.98230000 0.18750000
vn -0.00000000 -1.00000000 -0.00780000
vn 0.70710000 -0.70710000 -0.00550000
vn 0.70630000 -0.63730000 0.30810000
vn -0.00000000 -0.98230000 0.18750000
vn 0.70020000 -0.70130000 0.13380000
vn 0.03640000 -0.96730000 0.25110000
vn -0.00000000 -0.90030000 0.43530000
vn 0.68750000 -0.60700000 0.39880000
vn -0.00000000 -0.79810000 0.60260000
vn -0.00000000 -0.90030000 0.43530000
vn 0.70630000 -0.63730000 0.30810000
vn 0.70410000 -0.56670000 0.42790000
vn -0.00000000 -0.61490000 0.78860000
vn 0.70410000 -0.56670000 0.42790000
vn 0.04860000 -0.71170000 0.70070000
vn -0.00000000 -0.79810000 0.60260000
vn 0.70020000 -0.40120000 0.59050000
vn 0.67500000 -0.45370000 0.58180000
vn 0.67500000 -0.45370000 0.58180000
vn 0.70630000 -0.31800000 0.63240000
vn -0.00000000 -0.61490000 0.78860000
vn -0.00000000 -0.44930000 0.89340000
vn -0.00000000 -0.20270000 0.97920000
vn 0.70020000 -0.14470000 0.69910000
vn 0.70630000 -0.31800000 0.63240000
vn 0.03640000 -0.26620000 0.96320000
vn -0.00000000 -0.44930000 0.89340000
vn -0.00000000 -0.96390000 -0.26630000
vn 0.04830000 -0.97810000 -0.20250000
vn 0.70020000 -0.69910000 -0.14470000
vn -0.00000000 -1.00000000 -0.00780000
vn 0.70710000 -0.70710000 -0.00550000
vn -0.00000000 -0.18750000 -0.98230000
vn -0.00000000 -0.43530000 -0.90030000
vn 0.70630000 -0.30810000 -0.63730000
vn 0.70020000 -0.13380000 -0.70130000
vn 0.03640000 -0.25110000 -0.96730000
vn 0.68750000 -0.39880000 -0.60690000
vn -0.00000000 -0.60260000 -0.79810000
vn 0.70630000 -0.30810000 -0.63730000
vn 0.70410000 -0.42790000 -0.56670000
vn -0.00000000 -0.43530000 -0.90030000
vn -0.00000000 -0.89340000 -0.44920000
vn 0.70640000 -0.63240000 -0.31800000
vn 0.04830000 -0.97810000 -0.20250000
vn 0.70020000 -0.69910000 -0.14470000
vn -0.00000000 -0.89340000 -0.44920000
vn 0.70640000 -0.63240000 -0.31800000
vn 0.67500000 -0.58180000 -0.45370000
vn -0.00000000 -0.70160000 -0.71260000
vn 0.09610000 -0.78490000 -0.61210000
vn 0.67500000 -0.58180000 -0.45370000
vn 0.70410000 -0.42790000 -0.56670000
vn 0.09610000 -0.78490000 -0.61210000
vn -0.00000000 -0.60260000 -0.79810000
vn 0.70020000 -0.59050000 -0.40130000
vn 0.70710000 0.00550000 -0.70710000
vn 0.69470000 0.19160000 -0.69330000
vn -0.00000000 0.00780000 -1.00000000
vn -0.00000000 0.26630000 -0.96390000
vn 0.70710000 0.00550000 -0.70710000
vn 0.70020000 -0.13380000 -0.70130000
vn -0.00000000 -0.18750000 -0.98230000
vn -0.00000000 0.00780000 -1.00000000
vn -0.00000000 1.00000000 0.00780000
vn 0.69470000 0.69620000 -0.18070000
vn -0.00000000 0.96790000 -0.25130000
vn 0.70710000 0.70710000 0.00550000
vn 0.69470000 0.51250000 -0.50460000
vn -0.00000000 0.96790000 -0.25130000
vn -0.00000000 0.71260000 -0.70160000
vn 0.69470000 0.69620000 -0.18070000
vn 0.69470000 0.51250000 -0.50460000
vn -0.00000000 0.71260000 -0.70160000
vn -0.00000000 0.26630000 -0.96390000
vn 0.69470000 0.19160000 -0.69330000
vn -0.00000000 0.96390000 0.26630000
vn -0.00000000 1.00000000 0.00780000
vn 0.70020000 0.69910000 0.14470000
vn 0.70710000 0.70710000 0.00550000
vn 0.04830000 0.97810000 0.20250000
vn -0.00000000 0.18750000 0.98230000
vn -0.00000000 -0.00780000 1.00000000
vn 0.70020000 0.13380000 0.70130000
vn 0.70710000 -0.00550000 0.70710000
vn 0.70020000 0.13380000 0.70130000
vn 0.70630000 0.30810000 0.63730000
vn -0.00000000 0.18750000 0.98230000
vn 0.03640000 0.25110000 0.96730000
vn -0.00000000 0.43530000 0.90030000
vn -0.00000000 0.43530000 0.90030000
vn -0.00000000 0.60260000 0.79810000
vn 0.70630000 0.30810000 0.63730000
vn 0.68750000 0.39880000 0.60700000
vn 0.70410000 0.42790000 0.56670000
vn 0.70640000 0.63240000 0.31800000
vn 0.04830000 0.97810000 0.20250000
vn 0.70020000 0.69910000 0.14470000
vn -0.00000000 0.89340000 0.44930000
vn 0.70640000 0.63240000 0.31800000
vn -0.00000000 0.70160000 0.71260000
vn -0.00000000 0.89340000 0.44930000
vn 0.09610000 0.78490000 0.61210000
vn 0.67500000 0.58180000 0.45370000
vn -0.00000000 0.60260000 0.79810000
vn 0.70020000 0.59050000 0.40120000
vn 0.67500000 0.58180000 0.45370000
vn 0.09610000 0.78490000 0.61210000
vn 0.70410000 0.42790000 0.56670000
vn -0.00000000 -0.00780000 1.00000000
vn 0.69470000 -0.19160000 0.69330000
vn -0.00000000 -0.26630000 0.96390000
vn 0.70710000 -0.00550000 0.70710000
vn -0.02970000 -0.96750000 0.25120000
vn 0.69470000 -0.69620000 0.18070000
vn -0.00000000 -0.98230000 0.18740000
vn 0.70710000 -0.70710000 -0.00550000
vn -0.00000000 -1.00000000 -0.00780000
vn 0.69470000 -0.69620000 0.18070000
vn -0.00000000 -0.79810000 0.60260000
vn -0.02970000 -0.96750000 0.25120000
vn 0.01980000 -0.83560000 0.54900000
vn 0.70410000 -0.56670000 0.42790000
vn 0.02970000 -0.61460000 0.78830000
vn -0.00000000 -0.79810000 0.60260000
vn 0.70410000 -0.43670000 0.56000000
vn -0.00000000 -0.56200000 0.82710000
vn 0.70410000 -0.56670000 0.42790000
vn 0.62260000 -0.55760000 0.54900000
vn 0.69470000 -0.19160000 0.69330000
vn 0.70410000 -0.43670000 0.56000000
vn -0.03930000 -0.20260000 0.97850000
vn -0.00000000 -0.26630000 0.96390000
vn 0.02970000 -0.61460000 0.78830000
vn -0.00000000 -1.00000000 -0.00780000
vn 0.70710000 -0.70710000 -0.00550000
vn 0.70020000 -0.69910000 -0.14470000
vn -0.00000000 -0.97920000 -0.20270000
vn 0.70020000 -0.39200000 -0.59670000
vn 0.70020000 -0.13380000 -0.70130000
vn -0.00000000 -0.54910000 -0.83580000
vn -0.00000000 -0.18750000 -0.98230000
vn -0.00000000 -0.82710000 -0.56200000
vn -0.00000000 -0.54910000 -0.83580000
vn 0.70020000 -0.59050000 -0.40120000
vn 0.70020000 -0.59050000 -0.40130000
vn 0.70020000 -0.39200000 -0.59670000
vn -0.00000000 -0.82710000 -0.56200000
vn -0.00000000 -0.97920000 -0.20270000
vn 0.70020000 -0.59050000 -0.40130000
vn 0.70020000 -0.69910000 -0.14470000
vn 0.69810000 0.69930000 -0.15390000
vn 0.69810000 0.69680000 0.16480000
vn -0.00000000 0.97660000 -0.21490000
vn -0.00000000 0.97320000 0.23010000
vn -0.00000000 0.97320000 0.23010000
vn 0.70690000 0.62280000 0.33540000
vn 0.00880000 0.96380000 0.26630000
vn 0.69810000 0.69680000 0.16480000
vn -0.00000000 0.88040000 0.47410000
vn 0.70690000 0.62280000 0.33540000
vn -0.00000000 0.88040000 0.47410000
vn -0.00000000 0.75290000 0.65820000
vn 0.68910000 0.54560000 0.47690000
vn 0.70610000 0.39430000 0.58810000
vn 0.01470000 0.70150000 0.71250000
vn 0.68910000 0.54560000 0.47690000
vn 0.69810000 0.55630000 0.45080000
vn -0.00000000 0.75290000 0.65820000
vn -0.00000000 0.55690000 0.83060000
vn 0.70610000 0.39430000 0.58810000
vn 0.67930000 0.26280000 0.68520000
vn -0.00000000 0.55690000 0.83060000
vn -0.00000000 0.35810000 0.93370000
vn 0.70490000 0.07390000 0.70550000
vn 0.67930000 0.26280000 0.68520000
vn 0.69810000 0.30560000 0.64750000
vn 0.01770000 0.25130000 0.96780000
vn -0.00000000 0.10420000 0.99460000
vn -0.00000000 0.35810000 0.93370000
vn -0.00000000 -0.11970000 0.99280000
vn 0.66860000 -0.08900000 0.73830000
vn 0.70490000 0.07390000 0.70550000
vn -0.00000000 0.10420000 0.99460000
vn -0.00000000 -0.37260000 0.92800000
vn 0.70310000 -0.26490000 0.65990000
vn 0.69810000 -0.00560000 0.71600000
vn 0.66860000 -0.08900000 0.73830000
vn 0.01770000 -0.26630000 0.96370000
vn -0.00000000 -0.11970000 0.99280000
vn -0.00000000 -0.56970000 0.82180000
vn -0.00000000 -0.37260000 0.92800000
vn 0.69060000 -0.31890000 0.64910000
vn 0.70310000 -0.26490000 0.65990000
vn 0.70610000 -0.40340000 0.58190000
vn 0.70610000 -0.40340000 0.58190000
vn -0.00000000 -0.56970000 0.82180000
vn 0.70090000 -0.54430000 0.46100000
vn 0.01470000 -0.71250000 0.70150000
vn -0.00000000 -0.76300000 0.64640000
vn 0.69810000 -0.69680000 -0.16480000
vn 0.69810000 -0.69930000 0.15390000
vn -0.00000000 -0.97320000 -0.23010000
vn -0.00000000 -0.97660000 0.21490000
vn 0.70690000 -0.62790000 0.32570000
vn -0.00000000 -0.97660000 0.21490000
vn -0.00000000 -0.88770000 0.46040000
vn 0.69810000 -0.69930000 0.15390000
vn 0.00880000 -0.96790000 0.25130000
vn 0.70690000 -0.62790000 0.32570000
vn -0.00000000 -0.76300000 0.64640000
vn -0.00000000 -0.88770000 0.46040000
vn 0.70090000 -0.54430000 0.46100000
vn 0.69340000 -0.56680000 0.44480000
vn 0.69810000 -0.69680000 -0.16480000
vn -0.00000000 -0.97320000 -0.23010000
vn -0.00000000 -0.88050000 -0.47410000
vn 0.00880000 -0.96380000 -0.26630000
vn 0.70690000 -0.62280000 -0.33540000
vn -0.00000000 -0.75290000 -0.65820000
vn 0.68910000 -0.54560000 -0.47690000
vn 0.70690000 -0.62280000 -0.33540000
vn -0.00000000 -0.88050000 -0.47410000
vn 0.68910000 -0.54560000 -0.47690000
vn 0.70610000 -0.39430000 -0.58810000
vn -0.00000000 -0.75290000 -0.65820000
vn 0.01470000 -0.70150000 -0.71250000
vn 0.69810000 -0.55630000 -0.45080000
vn -0.00000000 -0.55690000 -0.83060000
vn -0.00000000 -0.35810000 -0.93370000
vn 0.70610000 -0.39430000 -0.58810000
vn 0.67930000 -0.26280000 -0.68520000
vn -0.00000000 -0.55690000 -0.83060000
vn 0.01770000 -0.25130000 -0.96780000
vn -0.00000000 -0.10420000 -0.99460000
vn 0.70490000 -0.07390000 -0.70550000
vn 0.67930000 -0.26280000 -0.68520000
vn 0.69810000 -0.30560000 -0.64750000
vn -0.00000000 -0.35810000 -0.93370000
vn 0.70490000 -0.07390000 -0.70550000
vn 0.66860000 0.08900000 -0.73830000
vn -0.00000000 -0.10420000 -0.99460000
vn -0.00000000 0.11970000 -0.99280000
vn 0.69810000 0.00560000 -0.71600000
vn 0.70310000 0.26490000 -0.65990000
vn -0.00000000 0.37260000 -0.92800000
vn 0.66860000 0.08900000 -0.73830000
vn -0.00000000 0.11970000 -0.99280000
vn 0.01770000 0.26630000 -0.96370000
vn 0.70310000 0.26490000 -0.65990000
vn -0.00000000 0.56970000 -0.82180000
vn 0.70610000 0.40340000 -0.58190000
vn 0.69060000 0.31890000 -0.64910000
vn -0.00000000 0.37260000 -0.92800000
vn -0.00000000 0.56970000 -0.82180000
vn 0.70610000 0.40340000 -0.58190000
vn 0.70090000 0.54430000 -0.46100000
vn 0.01470000 0.71250000 -0.70150000
vn -0.00000000 0.76300000 -0.64640000
vn -0.00000000 0.88770000 -0.46040000
vn -0.00000000 0.97660000 -0.21490000
vn 0.69810000 0.69930000 -0.15390000
vn 0.00880000 0.96790000 -0.25130000
vn 0.70690000 0.62790000 -0.32570000
vn 0.69340000 0.56680000 -0.44480000
vn 0.70090000 0.54430000 -0.46100000
vn 0.70690000 0.62790000 -0.32570000
vn -0.00000000 0.76300000 -0.64640000
vn -0.00000000 0.88770000 -0.46040000
vn 0.69810000 0.69680000 0.16480000
vn 0.69810000 0.69930000 -0.15390000
vn -0.00000000 0.97660000 -0.21490000
vn -0.00000000 0.97320000 0.23010000
vn -0.00000000 0.88050000 0.47410000
vn -0.00000000 0.97320000 0.23010000
vn 0.00880000 0.96380000 0.26630000
vn 0.69810000 0.69680000 0.16480000
vn 0.70690000 0.62280000 0.33540000
vn 0.70690000 0.62280000 0.33540000
vn 0.68910000 0.54560000 0.47690000
vn -0.00000000 0.75290000 0.65820000
vn -0.00000000 0.88050000 0.47410000
vn 0.68910000 0.54560000 0.47690000
vn 0.01470000 0.70150000 0.71250000
vn -0.00000000 0.75290000 0.65820000
vn 0.69810000 0.55630000 0.45080000
vn 0.70610000 0.39430000 0.58810000
vn -0.00000000 0.55690000 0.83060000
vn -0.00000000 0.55690000 0.83060000
vn 0.70610000 0.39430000 0.58810000
vn -0.00000000 0.35810000 0.93370000
vn 0.67930000 0.26280000 0.68520000
vn 0.69810000 0.30560000 0.64750000
vn -0.00000000 0.35810000 0.93370000
vn 0.67930000 0.26280000 0.68520000
vn 0.70490000 0.07390000 0.70550000
vn -0.00000000 0.10420000 0.99460000
vn 0.01770000 0.25130000 0.96780000
vn -0.00000000 -0.11970000 0.99280000
vn -0.00000000 0.10420000 0.99460000
vn 0.70490000 0.07390000 0.70550000
vn 0.66860000 -0.08900000 0.73830000
vn 0.66860000 -0.08900000 0.73830000
vn -0.00000000 -0.37260000 0.92800000
vn 0.69810000 -0.00560000 0.71600000
vn 0.70310000 -0.26490000 0.65990000
vn -0.00000000 -0.11970000 0.99280000
vn 0.01770000 -0.26630000 0.96370000
vn 0.70610000 -0.40340000 0.58190000
vn 0.69060000 -0.31890000 0.64910000
vn -0.00000000 -0.37260000 0.92800000
vn -0.00000000 -0.56970000 0.82180000
vn 0.70310000 -0.26490000 0.65990000
vn 0.70610000 -0.40340000 0.58190000
vn -0.00000000 -0.56970000 0.82180000
vn 0.01470000 -0.71250000 0.70150000
vn -0.00000000 -0.76300000 0.64640000
vn 0.70090000 -0.54430000 0.46110000
vn -0.00000000 -0.97320000 -0.23010000
vn 0.69810000 -0.69680000 -0.16480000
vn 0.69810000 -0.69930000 0.15390000
vn -0.00000000 -0.97660000 0.21490000
vn -0.00000000 -0.97660000 0.21490000
vn 0.00880000 -0.96790000 0.25130000
vn 0.70690000 -0.62790000 0.32560000
vn 0.69810000 -0.69930000 0.15390000
vn -0.00000000 -0.88770000 0.46040000
vn 0.69340000 -0.56680000 0.44480000
vn 0.70690000 -0.62790000 0.32560000
vn -0.00000000 -0.76300000 0.64640000
vn 0.70090000 -0.54430000 0.46110000
vn -0.00000000 -0.88770000 0.46040000
vn -0.00000000 -0.88050000 -0.47410000
vn -0.00000000 -0.97320000 -0.23010000
vn 0.00880000 -0.96380000 -0.26630000
vn 0.69810000 -0.69680000 -0.16480000
vn 0.70690000 -0.62280000 -0.33540000
vn -0.00000000 -0.75290000 -0.65820000
vn -0.00000000 -0.88050000 -0.47410000
vn 0.68910000 -0.54560000 -0.47690000
vn 0.70690000 -0.62280000 -0.33540000
vn 0.01470000 -0.70150000 -0.71250000
vn -0.00000000 -0.75290000 -0.65820000
vn 0.70610000 -0.39430000 -0.58810000
vn -0.00000000 -0.55690000 -0.83060000
vn 0.68910000 -0.54560000 -0.47690000
vn 0.69810000 -0.55630000 -0.45080000
vn -0.00000000 -0.55690000 -0.83060000
vn -0.00000000 -0.35810000 -0.93370000
vn 0.67930000 -0.26280000 -0.68520000
vn 0.70610000 -0.39430000 -0.58810000
vn -0.00000000 -0.35810000 -0.93370000
vn 0.69810000 -0.30560000 -0.64750000
vn 0.01770000 -0.25130000 -0.96780000
vn -0.00000000 -0.10420000 -0.99460000
vn 0.70490000 -0.07390000 -0.70550000
vn 0.67930000 -0.26280000 -0.68520000
vn -0.00000000 -0.10420000 -0.99460000
vn -0.00000000 0.11970000 -0.99280000
vn 0.66860000 0.08900000 -0.73830000
vn 0.70490000 -0.07390000 -0.70550000
vn 0.69810000 0.00560000 -0.71600000
vn -0.00000000 0.37260000 -0.92800000
vn 0.70310000 0.26490000 -0.65990000
vn 0.66860000 0.08900000 -0.73830000
vn 0.01770000 0.26630000 -0.96370000
vn -0.00000000 0.11970000 -0.99280000
vn 0.70310000 0.26490000 -0.65990000
vn 0.69060000 0.31890000 -0.64910000
vn -0.00000000 0.56970000 -0.82180000
vn -0.00000000 0.37260000 -0.92800000
vn 0.70610000 0.40340000 -0.58190000
vn -0.00000000 0.56970000 -0.82180000
vn -0.00000000 0.76300000 -0.64640000
vn 0.01470000 0.71250000 -0.70150000
vn 0.70090000 0.54430000 -0.46110000
vn 0.70610000 0.40340000 -0.58190000
vn 0.70690000 0.62790000 -0.32560000
vn 0.69810000 0.69930000 -0.15390000
vn 0.00880000 0.96790000 -0.25130000
vn -0.00000000 0.97660000 -0.21490000
vn -0.00000000 0.88770000 -0.46040000
vn 0.70090000 0.54430000 -0.46110000
vn -0.00000000 0.88770000 -0.46040000
vn 0.69340000 0.56680000 -0.44480000
vn 0.70690000 0.62790000 -0.32560000
vn -0.00000000 0.76300000 -0.64640000
vn 0.70710000 0.70710000 0.00550000
vn -0.00000000 1.00000000 0.00780000
vn -0.00000000 0.98230000 -0.18750000
vn 0.70020000 0.70130000 -0.13380000
vn 0.70020000 0.69910000 0.14470000
vn 0.70710000 0.70710000 0.00550000
vn -0.00000000 1.00000000 0.00780000
vn -0.00000000 0.97920000 0.20270000
vn -0.00000000 0.00780000 -1.00000000
vn 0.70020000 0.14470000 -0.69910000
vn 0.70710000 0.00550000 -0.70710000
vn -0.00000000 0.20270000 -0.97920000
vn -0.00000000 0.56200000 -0.82710000
vn 0.70020000 0.40120000 -0.59050000
vn -0.00000000 0.20270000 -0.97920000
vn 0.70020000 0.14470000 -0.69910000
vn 0.70020000 0.40120000 -0.59050000
vn -0.00000000 0.83580000 -0.54910000
vn -0.00000000 0.56200000 -0.82710000
vn 0.70020000 0.59670000 -0.39200000
vn -0.00000000 0.83580000 -0.54910000
vn 0.70020000 0.59670000 -0.39200000
vn -0.00000000 0.98230000 -0.18750000
vn 0.70020000 0.70130000 -0.13380000
vn 0.70020000 -0.13380000 -0.70130000
vn -0.00000000 0.00780000 -1.00000000
vn -0.00000000 -0.18750000 -0.98230000
vn 0.70710000 0.00550000 -0.70710000
vn -0.00000000 -1.00000000 -0.00780000
vn -0.00000000 -0.97920000 -0.20270000
vn 0.70710000 -0.70710000 -0.00550000
vn 0.70020000 -0.69910000 -0.14470000
vn 0.70020000 -0.59050000 -0.40120000
vn 0.70020000 -0.69910000 -0.14470000
vn -0.00000000 -0.97920000 -0.20270000
vn -0.00000000 -0.82710000 -0.56200000
vn -0.00000000 -0.82710000 -0.56200000
vn -0.00000000 -0.54910000 -0.83580000
vn 0.70020000 -0.39200000 -0.59670000
vn 0.70020000 -0.59050000 -0.40120000
vn 0.70020000 -0.39200000 -0.59670000
vn 0.70020000 -0.13380000 -0.70130000
vn -0.00000000 -0.54910000 -0.83580000
vn -0.00000000 -0.18750000 -0.98230000
vn -0.00000000 -1.00000000 -0.00780000
vn -0.00000000 -0.98230000 0.18750000
vn 0.70020000 -0.70130000 0.13380000
vn 0.70710000 -0.70710000 -0.00550000
vn 0.70020000 -0.14470000 0.69910000
vn 0.70710000 -0.00550000 0.70710000
vn -0.00000000 -0.00780000 1.00000000
vn -0.00000000 -0.20270000 0.97920000
vn -0.00000000 -0.20270000 0.97920000
vn -0.00000000 -0.56200000 0.82710000
vn 0.70020000 -0.14470000 0.69910000
vn 0.70020000 -0.40120000 0.59050000
vn 0.70020000 -0.40120000 0.59050000
vn 0.70020000 -0.59670000 0.39200000
vn -0.00000000 -0.56200000 0.82710000
vn -0.00000000 -0.83580000 0.54910000
vn -0.00000000 -0.83580000 0.54910000
vn -0.00000000 -0.98230000 0.18750000
vn 0.70020000 -0.59670000 0.39200000
vn 0.70020000 -0.70130000 0.13380000
vn -0.00000000 0.18750000 0.98230000
vn 0.70710000 -0.00550000 0.70710000
vn -0.00000000 -0.00780000 1.00000000
vn 0.70020000 0.13380000 0.70130000
vn 0.70020000 0.69910000 0.14470000
vn -0.00000000 0.97920000 0.20270000
vn -0.00000000 0.82710000 0.56200000
vn 0.70020000 0.59050000 0.40130000
vn 0.70020000 0.59050000 0.40130000
vn 0.70020000 0.39200000 0.59670000
vn 0.70020000 0.59050000 0.40120000
vn -0.00000000 0.82710000 0.56200000
vn -0.00000000 0.54910000 0.83580000
vn 0.70020000 0.13380000 0.70130000
vn -0.00000000 0.54910000 0.83580000
vn -0.00000000 0.18750000 0.98230000
vn 0.70020000 0.39200000 0.59670000
vn -0.00000000 -0.98610000 0.16600000
vn -1.00000000 -0.00000000 -0.00000000
vn -0.04320000 -0.97570000 0.21470000
vn -0.00000000 -0.98340000 -0.18130000
vn -0.04320000 -0.97230000 -0.22990000
vn -0.06180000 -0.78520000 0.61620000
vn -0.04320000 -0.97570000 0.21470000
vn -0.00000000 -0.92450000 0.38120000
vn -0.00000000 -0.84420000 0.53600000
vn -1.00000000 -0.00000000 -0.00000000
vn -1.00000000 -0.00000000 -0.00000000
vn -0.06180000 -0.78520000 0.61620000
vn -0.00000000 -0.56970000 0.82180000
vn -0.05560000 -0.44020000 0.89620000
vn -0.00000000 -0.70380000 0.71040000
vn -0.02470000 -0.00780000 0.99970000
vn -1.00000000 -0.00000000 -0.00000000
vn -0.00000000 -0.20580000 0.97860000
vn -0.00000000 -0.37260000 0.92800000
vn -0.05560000 -0.44020000 0.89620000
vn -0.00000000 0.19050000 0.98170000
vn -1.00000000 -0.00000000 -0.00000000
vn -0.00000000 0.35810000 0.93370000
vn -0.05560000 0.42620000 0.90290000
vn -0.02470000 -0.00780000 0.99970000
vn -1.00000000 -0.00000000 -0.00000000
vn -0.00000000 0.55690000 0.83060000
vn -0.00000000 0.69260000 0.72130000
vn -0.06180000 0.77550000 0.62840000
vn -0.05560000 0.42620000 0.90290000
vn -0.04320000 0.97230000 0.22990000
vn -0.00000000 0.83580000 0.54910000
vn -0.00000000 0.91840000 0.39560000
vn -0.06180000 0.77550000 0.62840000
vn -1.00000000 -0.00000000 -0.00000000
vn -0.04320000 0.97230000 0.22990000
vn -0.04320000 0.97570000 -0.21470000
vn -0.00000000 0.98610000 -0.16600000
vn -1.00000000 -0.00000000 -0.00000000
vn -0.00000000 0.98340000 0.18130000
vn -0.04320000 0.97570000 -0.21470000
vn -0.00000000 0.84420000 -0.53600000
vn -0.00000000 0.92450000 -0.38130000
vn -1.00000000 -0.00000000 -0.00000000
vn -0.06180000 0.78520000 -0.61620000
vn -0.05560000 0.44020000 -0.89620000
vn -0.00000000 0.56970000 -0.82180000
vn -0.00000000 0.70380000 -0.71040000
vn -1.00000000 -0.00000000 -0.00000000
vn -0.06180000 0.78520000 -0.61620000
vn -0.00000000 0.37260000 -0.92800000
vn -1.00000000 -0.00000000 -0.00000000
vn -0.02470000 0.00780000 -0.99970000
vn -0.00000000 0.20580000 -0.97860000
vn -0.05560000 0.44020000 -0.89620000
vn -0.02470000 0.00780000 -0.99970000
vn -0.05560000 -0.42620000 -0.90290000
vn -1.00000000 -0.00000000 -0.00000000
vn -0.00000000 -0.19050000 -0.98170000
vn -0.00000000 -0.35810000 -0.93370000
vn -0.06180000 -0.77550000 -0.62840000
vn -0.00000000 -0.69260000 -0.72130000
vn -0.00000000 -0.55690000 -0.83060000
vn -1.00000000 -0.00000000 -0.00000000
vn -0.05560000 -0.42620000 -0.90290000
vn -0.06180000 -0.77550000 -0.62840000
vn -0.04320000 -0.97230000 -0.22990000
vn -0.00000000 -0.91840000 -0.39560000
vn -1.00000000 -0.00000000 -0.00000000
vn -0.00000000 -0.83580000 -0.54910000
vn 0.70020000 0.14470000 -0.69910000
vn 1.00000000 -0.00000000 -0.00000000
vn 0.70710000 0.00550000 -0.70710000
vn 0.70710000 0.00550000 -0.70710000
vn 1.00000000 -0.00000000 -0.00000000
vn 0.70710000 0.00550000 -0.70710000
vn 1.00000000 -0.00000000 -0.00000000
vn 0.70020000 -0.13380000 -0.70130000
vn 1.00000000 -0.00000000 -0.00000000
vn 0.70020000 0.70130000 -0.13380000
vn 0.70630000 0.63730000 -0.30810000
vn 0.66710000 0.62260000 -0.40910000
vn 1.00000000 -0.00000000 -0.00000000
vn 0.70710000 0.70710000 0.00550000
vn 0.70020000 0.70130000 -0.13380000
vn 1.00000000 -0.00000000 -0.00000000
vn 0.66710000 0.62260000 -0.40910000
vn 0.70020000 0.40120000 -0.59050000
vn 0.70410000 0.56670000 -0.42790000
vn 1.00000000 -0.00000000 -0.00000000
vn 0.70640000 0.31800000 -0.63240000
vn 0.70020000 0.14470000 -0.69910000
vn 0.64240000 0.47120000 -0.60430000
vn 0.70020000 0.40120000 -0.59050000
vn 0.70020000 0.69910000 0.14470000
vn 0.70710000 0.70710000 0.00550000
vn 1.00000000 -0.00000000 -0.00000000
vn 1.00000000 -0.00000000 -0.00000000
vn 0.70630000 0.30810000 0.63730000
vn 0.66710000 0.40910000 0.62260000
vn 0.70020000 0.13380000 0.70130000
vn 0.70020000 0.13380000 0.70130000
vn 0.70710000 -0.00550000 0.70710000
vn 1.00000000 -0.00000000 -0.00000000
vn 0.70020000 0.59050000 0.40120000
vn 0.66710000 0.40910000 0.62260000
vn 1.00000000 -0.00000000 -0.00000000
vn 0.70410000 0.42790000 0.56670000
vn 0.70020000 0.59050000 0.40120000
vn 0.70020000 0.69910000 0.14470000
vn 0.70640000 0.63240000 0.31800000
vn 0.64240000 0.60430000 0.47120000
vn 1.00000000 -0.00000000 -0.00000000
vn 0.70710000 -0.00550000 0.70710000
vn 0.70020000 -0.14470000 0.69910000
vn 1.00000000 -0.00000000 -0.00000000
vn 1.00000000 -0.00000000 -0.00000000
vn 0.70710000 -0.00550000 0.70710000
vn 1.00000000 -0.00000000 -0.00000000
vn 0.70020000 -0.70130000 0.13380000
vn 0.70630000 -0.63730000 0.30810000
vn 0.68750000 -0.60700000 0.39880000
vn 1.00000000 -0.00000000 -0.00000000
vn 0.70710000 -0.70710000 -0.00550000
vn 0.70020000 -0.70130000 0.13380000
vn 0.68750000 -0.60700000 0.39880000
vn 0.70020000 -0.40120000 0.59050000
vn 0.70410000 -0.56670000 0.42790000
vn 1.00000000 -0.00000000 -0.00000000
vn 0.70630000 -0.31800000 0.63240000
vn 0.70020000 -0.14470000 0.69910000
vn 0.67500000 -0.45370000 0.58180000
vn 1.00000000 -0.00000000 -0.00000000
vn 0.70020000 -0.40120000 0.59050000
vn 1.00000000 -0.00000000 -0.00000000
vn 0.70710000 -0.70710000 -0.00550000
vn 0.70020000 -0.69910000 -0.14470000
vn 0.68750000 -0.39880000 -0.60690000
vn 1.00000000 -0.00000000 -0.00000000
vn 0.70020000 -0.13380000 -0.70130000
vn 0.70630000 -0.30810000 -0.63730000
vn 0.70410000 -0.42790000 -0.56670000
vn 0.70020000 -0.59050000 -0.40130000
vn 0.68750000 -0.39880000 -0.60690000
vn 1.00000000 -0.00000000 -0.00000000
vn 1.00000000 -0.00000000 -0.00000000
vn 0.67500000 -0.58180000 -0.45370000
vn 0.70020000 -0.69910000 -0.14470000
vn 0.70020000 -0.59050000 -0.40130000
vn 0.70640000 -0.63240000 -0.31800000
vn 1.00000000 -0.00000000 -0.00000000
vn 0.70710000 0.00550000 -0.70710000
vn 0.70020000 -0.13380000 -0.70130000
vn 0.69470000 0.19160000 -0.69330000
vn 0.70710000 0.00550000 -0.70710000
vn 1.00000000 -0.00000000 -0.00000000
vn 0.69470000 0.51250000 -0.50460000
vn 0.69470000 0.19160000 -0.69330000
vn 1.00000000 -0.00000000 -0.00000000
vn 0.69470000 0.69620000 -0.18070000
vn 0.69470000 0.51250000 -0.50460000
vn 1.00000000 -0.00000000 -0.00000000
vn 1.00000000 -0.00000000 -0.00000000
vn 0.70710000 0.70710000 0.00550000
vn 0.69470000 0.69620000 -0.18070000
vn 0.70020000 0.69910000 0.14470000
vn 0.70710000 0.70710000 0.00550000
vn 1.00000000 -0.00000000 -0.00000000
vn 0.70630000 0.30810000 0.63730000
vn 0.68750000 0.39880000 0.60700000
vn 1.00000000 -0.00000000 -0.00000000
vn 0.70020000 0.13380000 0.70130000
vn 0.70710000 -0.00550000 0.70710000
vn 1.00000000 -0.00000000 -0.00000000
vn 0.70020000 0.13380000 0.70130000
vn 0.70410000 0.42790000 0.56670000
vn 1.00000000 -0.00000000 -0.00000000
vn 0.68750000 0.39880000 0.60700000
vn 0.70020000 0.59050000 0.40120000
vn 1.00000000 -0.00000000 -0.00000000
vn 0.67500000 0.58180000 0.45370000
vn 0.70020000 0.69910000 0.14470000
vn 0.70020000 0.59050000 0.40120000
vn 0.70640000 0.63240000 0.31800000
vn 0.70710000 -0.00550000 0.70710000
vn 0.69470000 -0.19160000 0.69330000
vn 1.00000000 -0.00000000 -0.00000000
vn 0.69470000 -0.69620000 0.18070000
vn 0.62260000 -0.55760000 0.54900000
vn 1.00000000 -0.00000000 -0.00000000
vn 0.70410000 -0.56670000 0.42790000
vn 0.69470000 -0.69620000 0.18070000
vn 0.70710000 -0.70710000 -0.00550000
vn 1.00000000 -0.00000000 -0.00000000
vn 0.70410000 -0.43670000 0.56000000
vn 0.69470000 -0.19160000 0.69330000
vn 0.62260000 -0.55760000 0.54900000
vn 1.00000000 -0.00000000 -0.00000000
vn 0.70020000 -0.69910000 -0.14470000
vn 1.00000000 -0.00000000 -0.00000000
vn 0.70710000 -0.70710000 -0.00550000
vn 0.70020000 -0.59050000 -0.40130000
vn 1.00000000 -0.00000000 -0.00000000
vn 0.70020000 -0.69910000 -0.14470000
vn 0.70020000 -0.59050000 -0.40120000
vn 1.00000000 -0.00000000 -0.00000000
vn 0.70020000 -0.59050000 -0.40120000
vn 0.70020000 -0.39200000 -0.59670000
vn 0.70020000 -0.39200000 -0.59670000
vn 0.70020000 -0.13380000 -0.70130000
vn 1.00000000 -0.00000000 -0.00000000
vn 0.70690000 -0.62790000 0.32570000
vn 0.69810000 -0.69930000 0.15390000
vn 1.00000000 -0.00000000 -0.00000000
vn 0.69340000 -0.56680000 0.44480000
vn 0.69810000 -0.69930000 0.15390000
vn 1.00000000 -0.00000000 -0.00000000
vn 0.69810000 -0.69680000 -0.16480000
vn 1.00000000 -0.00000000 -0.00000000
vn 0.70090000 -0.54430000 0.46100000
vn 0.69340000 -0.56680000 0.44480000
vn 0.70610000 -0.40340000 0.58190000
vn 0.69060000 -0.31890000 0.64910000
vn 0.69060000 -0.31890000 0.64910000
vn 0.70310000 -0.26490000 0.65990000
vn 1.00000000 -0.00000000 -0.00000000
vn 0.69810000 -0.00560000 0.71600000
vn 1.00000000 -0.00000000 -0.00000000
vn 0.70490000 0.07390000 0.70550000
vn 0.69810000 -0.00560000 0.71600000
vn 0.69810000 0.30560000 0.64750000
vn 0.66860000 -0.08900000 0.73830000
vn 0.67930000 0.26280000 0.68520000
vn 0.69810000 0.55630000 0.45080000
vn 1.00000000 -0.00000000 -0.00000000
vn 0.69810000 0.30560000 0.64750000
vn 0.70610000 0.39430000 0.58810000
vn 0.69810000 0.55630000 0.45080000
vn 0.69810000 0.69680000 0.16480000
vn 1.00000000 -0.00000000 -0.00000000
vn 0.68910000 0.54560000 0.47690000
vn 0.70690000 0.62280000 0.33540000
vn 1.00000000 -0.00000000 -0.00000000
vn 0.69810000 0.69680000 0.16480000
vn 0.69810000 0.69930000 -0.15390000
vn 0.70690000 0.62790000 -0.32570000
vn 1.00000000 -0.00000000 -0.00000000
vn 0.69810000 0.69930000 -0.15390000
vn 0.69340000 0.56680000 -0.44480000
vn 0.69340000 0.56680000 -0.44480000
vn 0.70610000 0.40340000 -0.58190000
vn 0.69060000 0.31890000 -0.64910000
vn 1.00000000 -0.00000000 -0.00000000
vn 0.70090000 0.54430000 -0.46100000
vn 0.70310000 0.26490000 -0.65990000
vn 0.69060000 0.31890000 -0.64910000
vn 0.69810000 0.00560000 -0.71600000
vn 1.00000000 -0.00000000 -0.00000000
vn 0.69810000 -0.30560000 -0.64750000
vn 1.00000000 -0.00000000 -0.00000000
vn 0.69810000 0.00560000 -0.71600000
vn 0.70490000 -0.07390000 -0.70550000
vn 0.66860000 0.08900000 -0.73830000
vn 0.69810000 -0.55630000 -0.45080000
vn 0.69810000 -0.30560000 -0.64750000
vn 1.00000000 -0.00000000 -0.00000000
vn 0.67930000 -0.26280000 -0.68520000
vn 0.70610000 -0.39430000 -0.58810000
vn 0.69810000 -0.55630000 -0.45080000
vn 1.00000000 -0.00000000 -0.00000000
vn 0.70690000 -0.62280000 -0.33540000
vn 0.69810000 -0.69680000 -0.16480000
vn 0.68910000 -0.54560000 -0.47690000
vn 0.70690000 -0.62790000 0.32560000
vn 0.69340000 -0.56680000 0.44480000
vn 1.00000000 -0.00000000 -0.00000000
vn 0.69810000 -0.69930000 0.15390000
vn 0.69810000 -0.69930000 0.15390000
vn 1.00000000 -0.00000000 -0.00000000
vn 0.69810000 -0.69680000 -0.16480000
vn 0.70610000 -0.40340000 0.58190000
vn 1.00000000 -0.00000000 -0.00000000
vn 0.70090000 -0.54430000 0.46110000
vn 0.69060000 -0.31890000 0.64910000
vn 0.69340000 -0.56680000 0.44480000
vn 0.69810000 -0.00560000 0.71600000
vn 0.70310000 -0.26490000 0.65990000
vn 0.69060000 -0.31890000 0.64910000
vn 1.00000000 -0.00000000 -0.00000000
vn 0.69810000 0.30560000 0.64750000
vn 0.69810000 -0.00560000 0.71600000
vn 0.70490000 0.07390000 0.70550000
vn 0.66860000 -0.08900000 0.73830000
vn 1.00000000 -0.00000000 -0.00000000
vn 1.00000000 -0.00000000 -0.00000000
vn 0.70610000 0.39430000 0.58810000
vn 0.69810000 0.30560000 0.64750000
vn 0.69810000 0.55630000 0.45080000
vn 0.67930000 0.26280000 0.68520000
vn 0.69810000 0.69680000 0.16480000
vn 0.70690000 0.62280000 0.33540000
vn 1.00000000 -0.00000000 -0.00000000
vn 0.69810000 0.55630000 0.45080000
vn 0.68910000 0.54560000 0.47690000
vn 0.69810000 0.69680000 0.16480000
vn 0.69810000 0.69930000 -0.15390000
vn 1.00000000 -0.00000000 -0.00000000
vn 0.69810000 0.69930000 -0.15390000
vn 0.69340000 0.56680000 -0.44480000
vn 0.70690000 0.62790000 -0.32560000
vn 1.00000000 -0.00000000 -0.00000000
vn 0.69060000 0.31890000 -0.64910000
vn 0.70090000 0.54430000 -0.46110000
vn 1.00000000 -0.00000000 -0.00000000
vn 0.70610000 0.40340000 -0.58190000
vn 0.69340000 0.56680000 -0.44480000
vn 0.69810000 0.00560000 -0.71600000
vn 1.00000000 -0.00000000 -0.00000000
vn 0.70310000 0.26490000 -0.65990000
vn 0.69060000 0.31890000 -0.64910000
vn 0.69810000 -0.30560000 -0.64750000
vn 0.70490000 -0.07390000 -0.70550000
vn 0.69810000 0.00560000 -0.71600000
vn 0.66860000 0.08900000 -0.73830000
vn 1.00000000 -0.00000000 -0.00000000
vn 0.69810000 -0.55630000 -0.45080000
vn 0.70610000 -0.39430000 -0.58810000
vn 0.67930000 -0.26280000 -0.68520000
vn 1.00000000 -0.00000000 -0.00000000
vn 0.69810000 -0.30560000 -0.64750000
vn 1.00000000 -0.00000000 -0.00000000
vn 0.68910000 -0.54560000 -0.47690000
vn 0.70690000 -0.62280000 -0.33540000
vn 0.69810000 -0.69680000 -0.16480000
vn 0.69810000 -0.55630000 -0.45080000
vn 0.70710000 0.70710000 0.00550000
vn 0.70020000 0.70130000 -0.13380000
vn 1.00000000 -0.00000000 -0.00000000
vn 1.00000000 -0.00000000 -0.00000000
vn 0.70710000 0.70710000 0.00550000
vn 0.70020000 0.69910000 0.14470000
vn 1.00000000 -0.00000000 -0.00000000
vn 0.70710000 0.70710000 0.00550000
vn 0.70710000 0.00550000 -0.70710000
vn 1.00000000 -0.00000000 -0.00000000
vn 0.70020000 0.14470000 -0.69910000
vn 1.00000000 -0.00000000 -0.00000000
vn 0.70020000 0.40120000 -0.59050000
vn 0.70020000 0.14470000 -0.69910000
vn 0.70020000 0.40120000 -0.59050000
vn 1.00000000 -0.00000000 -0.00000000
vn 0.70020000 0.59670000 -0.39200000
vn 0.70020000 0.59670000 -0.39200000
vn 1.00000000 -0.00000000 -0.00000000
vn 0.70020000 0.70130000 -0.13380000
vn 1.00000000 -0.00000000 -0.00000000
vn 0.70020000 -0.13380000 -0.70130000
vn 0.70710000 0.00550000 -0.70710000
vn 1.00000000 -0.00000000 -0.00000000
vn 0.70710000 0.00550000 -0.70710000
vn 0.70710000 -0.70710000 -0.00550000
vn 1.00000000 -0.00000000 -0.00000000
vn 0.70020000 -0.69910000 -0.14470000
vn 0.70020000 -0.59050000 -0.40120000
vn 0.70020000 -0.69910000 -0.14470000
vn 1.00000000 -0.00000000 -0.00000000
vn 0.70020000 -0.59050000 -0.40120000
vn 0.70020000 -0.39200000 -0.59670000
vn 1.00000000 -0.00000000 -0.00000000
vn 0.70020000 -0.39200000 -0.59670000
vn 1.00000000 -0.00000000 -0.00000000
vn 0.70020000 -0.13380000 -0.70130000
vn 1.00000000 -0.00000000 -0.00000000
vn 0.70710000 -0.70710000 -0.00550000
vn 0.70020000 -0.70130000 0.13380000
vn 1.00000000 -0.00000000 -0.00000000
vn 0.70710000 -0.70710000 -0.00550000
vn 0.70710000 -0.00550000 0.70710000
vn 1.00000000 -0.00000000 -0.00000000
vn 0.70020000 -0.14470000 0.69910000
vn 1.00000000 -0.00000000 -0.00000000
vn 0.70020000 -0.40120000 0.59050000
vn 0.70020000 -0.14470000 0.69910000
vn 0.70020000 -0.59670000 0.39200000
vn 0.70020000 -0.40120000 0.59050000
vn 1.00000000 -0.00000000 -0.00000000
vn 0.70020000 -0.70130000 0.13380000
vn 0.70020000 -0.59670000 0.39200000
vn 1.00000000 -0.00000000 -0.00000000
vn 1.00000000 -0.00000000 -0.00000000
vn 0.70710000 -0.00550000 0.70710000
vn 0.70020000 0.13380000 0.70130000
vn 0.70710000 -0.00550000 0.70710000
vn 1.00000000 -0.00000000 -0.00000000
vn 1.00000000 -0.00000000 -0.00000000
vn 0.70020000 0.69910000 0.14470000
vn 0.70020000 0.59050000 0.40130000
vn 0.70020000 0.59050000 0.40120000
vn 0.70020000 0.59050000 0.40120000
vn 0.70020000 0.39200000 0.59670000
vn 1.00000000 -0.00000000 -0.00000000
vn 1.00000000 -0.00000000 -0.00000000
vn 0.70020000 0.39200000 0.59670000
vn 0.70020000 0.13380000 0.70130000
vn 0.69810000 -0.69930000 0.15390000
vn 0.69810000 -0.69680000 -0.16480000
vn -0.00000000 -0.97660000 0.21490000
vn -0.00000000 -0.97320000 -0.23010000
vn -0.00000000 -0.97320000 -0.23010000
vn 0.70690000 -0.62280000 -0.33540000
vn -0.00000000 -0.88050000 -0.47410000
vn 0.69810000 -0.69680000 -0.16480000
vn 0.00880000 -0.96380000 -0.26630000
vn 0.00880000 -0.96380000 -0.26630000
vn -0.00000000 -0.97320000 -0.23010000
vn -1.00000000 -0.00000000 -0.00000000
vn -0.00000000 -0.97660000 0.21490000
vn 0.00880000 -0.96790000 0.25130000
vn 0.01470000 -0.70150000 -0.71250000
vn -0.00000000 -0.75290000 -0.65820000
vn -1.00000000 -0.00000000 -0.00000000
vn 0.00880000 -0.96380000 -0.26630000
vn -0.00000000 -0.88050000 -0.47410000
vn -0.00000000 -0.88050000 -0.47410000
vn 0.68910000 -0.54560000 -0.47690000
vn -0.00000000 -0.75290000 -0.65820000
vn 0.70690000 -0.62280000 -0.33540000
vn -0.00000000 -0.55690000 -0.83060000
vn 0.01470000 -0.70150000 -0.71250000
vn 0.69810000 -0.55630000 -0.45080000
vn 0.70610000 -0.39430000 -0.58820000
vn 0.68910000 -0.54560000 -0.47690000
vn -0.00000000 -0.75290000 -0.65820000
vn -0.00000000 -0.35810000 -0.93370000
vn -0.00000000 -0.55690000 -0.83060000
vn 0.01770000 -0.25130000 -0.96780000
vn 0.01470000 -0.70150000 -0.71250000
vn -1.00000000 -0.00000000 -0.00000000
vn -0.00000000 -0.55690000 -0.83060000
vn 0.70610000 -0.39430000 -0.58820000
vn 0.67930000 -0.26280000 -0.68520000
vn -0.00000000 -0.35810000 -0.93370000
vn 0.67930000 -0.26280000 -0.68520000
vn 0.69810000 -0.30560000 -0.64750000
vn 0.01770000 -0.25130000 -0.96780000
vn -0.00000000 -0.10420000 -0.99460000
vn -0.00000000 -0.35810000 -0.93370000
vn 0.70490000 -0.07390000 -0.70550000
vn 0.01770000 0.26630000 -0.96370000
vn -1.00000000 -0.00000000 -0.00000000
vn -0.00000000 0.11970000 -0.99280000
vn -0.00000000 -0.10420000 -0.99460000
vn 0.01770000 -0.25130000 -0.96780000
vn -0.00000000 0.11970000 -0.99280000
vn -0.00000000 -0.10420000 -0.99460000
vn 0.70490000 -0.07390000 -0.70550000
vn 0.70490000 0.08490000 -0.70420000
vn 0.68970000 0.00560000 -0.72410000
vn 0.70490000 0.08490000 -0.70420000
vn -0.00000000 0.37260000 -0.92800000
vn 0.70310000 0.26490000 -0.65990000
vn -0.00000000 0.11970000 -0.99280000
vn 0.01770000 0.26630000 -0.96370000
vn 0.01770000 0.26630000 -0.96370000
vn 0.01470000 0.71250000 -0.70150000
vn -0.00000000 0.56970000 -0.82180000
vn -1.00000000 -0.00000000 -0.00000000
vn -0.00000000 0.37260000 -0.92800000
vn -0.00000000 0.56970000 -0.82180000
vn -0.00000000 0.37260000 -0.92800000
vn 0.70610000 0.40340000 -0.58190000
vn 0.69060000 0.31890000 -0.64910000
vn 0.70310000 0.26490000 -0.65990000
vn -0.00000000 0.56970000 -0.82180000
vn 0.70090000 0.54430000 -0.46100000
vn -0.00000000 0.76300000 -0.64640000
vn 0.70610000 0.40340000 -0.58190000
vn 0.01470000 0.71250000 -0.70150000
vn 0.00880000 0.96790000 -0.25130000
vn -1.00000000 -0.00000000 -0.00000000
vn 0.01470000 0.71250000 -0.70150000
vn -0.00000000 0.76300000 -0.64640000
vn -0.00000000 0.88770000 -0.46040000
vn 0.69810000 0.69930000 -0.15390000
vn -0.00000000 0.97660000 -0.21490000
vn -0.00000000 0.97320000 0.23010000
vn 0.69810000 0.69680000 0.16480000
vn 0.00880000 0.96790000 -0.25130000
vn -0.00000000 0.97320000 0.23010000
vn -0.00000000 0.97660000 -0.21490000
vn 0.00880000 0.96380000 0.26630000
vn -1.00000000 -0.00000000 -0.00000000
vn -0.00000000 0.97660000 -0.21490000
vn -0.00000000 0.88770000 -0.46040000
vn 0.70690000 0.62790000 -0.32570000
vn 0.69810000 0.69930000 -0.15390000
vn 0.00880000 0.96790000 -0.25130000
vn 0.69340000 0.56680000 -0.44480000
vn -0.00000000 0.76300000 -0.64640000
vn 0.70090000 0.54430000 -0.46100000
vn 0.70690000 0.62790000 -0.32570000
vn -0.00000000 0.88770000 -0.46040000
vn -1.00000000 -0.00000000 -0.00000000
vn 0.00880000 -0.96790000 0.25130000
vn -0.00000000 -0.88770000 0.46040000
vn -0.00000000 -0.76300000 0.64640000
vn 0.01470000 -0.71250000 0.70150000
vn -0.00000000 -0.37260000 0.92800000
vn 0.01770000 -0.26630000 0.96370000
vn 0.01470000 -0.71250000 0.70150000
vn -0.00000000 -0.56970000 0.82180000
vn -1.00000000 -0.00000000 -0.00000000
vn -1.00000000 -0.00000000 -0.00000000
vn -0.00000000 0.10420000 0.99460000
vn -0.00000000 -0.11970000 0.99280000
vn 0.01770000 -0.26630000 0.96370000
vn 0.01770000 0.25130000 0.96780000
vn -0.00000000 0.55690000 0.83060000
vn 0.01470000 0.70150000 0.71250000
vn 0.01770000 0.25130000 0.96780000
vn -0.00000000 0.35810000 0.93370000
vn -1.00000000 -0.00000000 -0.00000000
vn -1.00000000 -0.00000000 -0.00000000
vn -0.00000000 0.88050000 0.47410000
vn 0.00880000 0.96380000 0.26630000
vn 0.01470000 0.70150000 0.71250000
vn -0.00000000 0.75290000 0.65820000
vn 1.00000000 -0.00000000 -0.00000000
vn 0.70490000 -0.07390000 -0.70550000
vn 0.68970000 0.00560000 -0.72410000
vn 0.69810000 -0.30560000 -0.64750000
vn 1.00000000 -0.00000000 -0.00000000
vn 0.70610000 -0.39430000 -0.58820000
vn 0.69810000 -0.30560000 -0.64750000
vn 1.00000000 -0.00000000 -0.00000000
vn 0.67930000 -0.26280000 -0.68520000
vn 0.69810000 -0.55630000 -0.45080000
vn 0.70690000 -0.62280000 -0.33540000
vn 0.69810000 -0.55630000 -0.45080000
vn 1.00000000 -0.00000000 -0.00000000
vn 0.68910000 -0.54560000 -0.47690000
vn 0.69810000 -0.69680000 -0.16480000
vn 1.00000000 -0.00000000 -0.00000000
vn 0.69810000 -0.69930000 0.15390000
vn 0.69810000 -0.69680000 -0.16480000
vn 1.00000000 -0.00000000 -0.00000000
vn 0.69810000 -0.69930000 0.15390000
vn 0.69340000 -0.56680000 0.44480000
vn 0.70690000 -0.62790000 0.32570000
vn 0.69340000 -0.56680000 0.44480000
vn 1.00000000 -0.00000000 -0.00000000
vn 0.70610000 -0.40340000 0.58190000
vn 0.70090000 -0.54430000 0.46110000
vn 0.69060000 -0.31890000 0.64910000
vn 0.69810000 -0.00560000 0.71600000
vn 0.70310000 -0.26490000 0.65990000
vn 0.69060000 -0.31890000 0.64910000
vn 1.00000000 -0.00000000 -0.00000000
vn 0.66860000 -0.08900000 0.73830000
vn 0.69810000 0.30560000 0.64750000
vn 1.00000000 -0.00000000 -0.00000000
vn 0.69810000 -0.00560000 0.71600000
vn 0.70490000 0.07390000 0.70550000
vn 0.70610000 0.39430000 0.58810000
vn 0.69810000 0.30560000 0.64750000
vn 0.69810000 0.55630000 0.45080000
vn 1.00000000 -0.00000000 -0.00000000
vn 0.67930000 0.26280000 0.68520000
vn 0.69810000 0.69680000 0.16480000
vn 0.69810000 0.55630000 0.45080000
vn 0.68910000 0.54560000 0.47690000
vn 0.70690000 0.62280000 0.33540000
vn 1.00000000 -0.00000000 -0.00000000
vn 0.69810000 0.69930000 -0.15390000
vn 1.00000000 -0.00000000 -0.00000000
vn 0.69810000 0.69680000 0.16480000
vn 0.68970000 0.00560000 -0.72410000
vn 0.70310000 0.26490000 -0.65990000
vn 1.00000000 -0.00000000 -0.00000000
vn 0.70490000 0.08490000 -0.70420000
vn 0.69060000 0.31890000 -0.64910000
vn 0.69810000 0.69930000 -0.15390000
vn 0.70690000 0.62790000 -0.32570000
vn 0.69340000 0.56680000 -0.44480000
vn 1.00000000 -0.00000000 -0.00000000
vn 1.00000000 -0.00000000 -0.00000000
vn 0.70090000 0.54430000 -0.46100000
vn 0.69340000 0.56680000 -0.44480000
vn 0.70610000 0.40340000 -0.58190000
vn 0.69060000 0.31890000 -0.64910000
vn 0.69810000 0.69680000 0.16480000
vn 0.70690000 0.62280000 0.33540000
vn -0.00000000 0.97320000 0.23010000
vn 0.00880000 0.96380000 0.26630000
vn -0.00000000 0.88050000 0.47410000
vn 0.70690000 0.62280000 0.33540000
vn -0.00000000 0.88050000 0.47410000
vn -0.00000000 0.75290000 0.65820000
vn 0.68910000 0.54560000 0.47690000
vn -0.00000000 0.55690000 0.83060000
vn 0.70610000 0.39430000 0.58810000
vn 0.01470000 0.70150000 0.71250000
vn -0.00000000 0.75290000 0.65820000
vn 0.69810000 0.55630000 0.45080000
vn 0.68910000 0.54560000 0.47690000
vn -0.00000000 0.55690000 0.83060000
vn 0.70610000 0.39430000 0.58810000
vn -0.00000000 0.35810000 0.93370000
vn 0.67930000 0.26280000 0.68520000
vn 0.70490000 0.07390000 0.70550000
vn -0.00000000 0.35810000 0.93370000
vn 0.01770000 0.25130000 0.96780000
vn 0.69810000 0.30560000 0.64750000
vn 0.67930000 0.26280000 0.68520000
vn -0.00000000 0.10420000 0.99460000
vn 0.70490000 0.07390000 0.70550000
vn -0.00000000 0.10420000 0.99460000
vn -0.00000000 -0.11970000 0.99280000
vn 0.66860000 -0.08900000 0.73830000
vn 0.70310000 -0.26490000 0.65990000
vn 0.66860000 -0.08900000 0.73830000
vn 0.01770000 -0.26630000 0.96370000
vn -0.00000000 -0.11970000 0.99280000
vn -0.00000000 -0.37260000 0.92800000
vn 0.69810000 -0.00560000 0.71600000
vn 0.70310000 -0.26490000 0.65990000
vn -0.00000000 -0.56970000 0.82180000
vn 0.69060000 -0.31890000 0.64910000
vn 0.70610000 -0.40340000 0.58190000
vn -0.00000000 -0.37260000 0.92800000
vn 0.70090000 -0.54430000 0.46110000
vn 0.01470000 -0.71250000 0.70150000
vn -0.00000000 -0.56970000 0.82180000
vn 0.70610000 -0.40340000 0.58190000
vn -0.00000000 -0.76300000 0.64640000
vn -0.00000000 -0.88770000 0.46040000
vn 0.70690000 -0.62790000 0.32570000
vn -0.00000000 -0.97660000 0.21490000
vn 0.00880000 -0.96790000 0.25130000
vn 0.69810000 -0.69930000 0.15390000
vn 0.69340000 -0.56680000 0.44480000
vn 0.70690000 -0.62790000 0.32570000
vn -0.00000000 -0.88770000 0.46040000
vn 0.70090000 -0.54430000 0.46110000
vn -0.00000000 -0.76300000 0.64640000
vn -1.00000000 -0.00000000 -0.00000000
vn -0.00000000 -0.99040000 -0.13820000
vn -0.00000000 -0.99680000 0.07940000
vn -0.00580000 -0.99240000 0.12280000
vn 0.00880000 -0.94230000 0.33470000
vn -1.00000000 -0.00000000 -0.00000000
vn -0.00580000 -0.99240000 0.12280000
vn -0.00000000 -0.92680000 0.37550000
vn -1.00000000 -0.00000000 -0.00000000
vn -0.00000000 0.86210000 0.50670000
vn -0.00000000 0.76100000 0.64870000
vn -0.00000000 -0.92680000 0.37550000
vn -1.00000000 -0.00000000 -0.00000000
vn -0.00000000 -0.86990000 0.49320000
vn -0.00000000 -0.86990000 0.49320000
vn -0.00000000 -0.77100000 0.63680000
vn -1.00000000 -0.00000000 -0.00000000
vn -0.00000000 -0.16600000 -0.98610000
vn -1.00000000 -0.00000000 -0.00000000
vn -0.00000000 0.00780000 -1.00000000
vn -1.00000000 -0.00000000 -0.00000000
vn -0.00000000 -0.49320000 -0.86990000
vn -0.00000000 -0.16600000 -0.98610000
vn -1.00000000 -0.00000000 -0.00000000
vn -0.00000000 -0.76100000 -0.64870000
vn -0.00000000 -0.49320000 -0.86990000
vn -0.00000000 0.99680000 -0.07940000
vn -0.00000000 0.99040000 0.13820000
vn -1.00000000 -0.00000000 -0.00000000
vn 0.00880000 0.99540000 0.09490000
vn -0.00000000 -0.86210000 -0.50670000
vn -1.00000000 -0.00000000 -0.00000000
vn 0.01170000 -0.92080000 -0.38980000
vn -0.00000000 -0.93700000 -0.34930000
vn -0.00880000 0.93700000 0.34930000
vn 0.00880000 0.99540000 0.09490000
vn -1.00000000 -0.00000000 -0.00000000
vn -1.00000000 -0.00000000 -0.00000000
vn -0.00000000 0.92090000 0.38990000
vn -0.00000000 0.86210000 0.50670000
vn -0.00880000 0.93700000 0.34930000
vn -0.00000000 0.86990000 -0.49330000
vn -0.00000000 0.77100000 -0.63680000
vn -1.00000000 -0.00000000 -0.00000000
vn -0.00000000 0.86990000 -0.49320000
vn -0.00000000 0.77100000 -0.63680000
vn -0.00000000 0.50670000 -0.86210000
vn -1.00000000 -0.00000000 -0.00000000
vn -1.00000000 -0.00000000 -0.00000000
vn -0.00000000 -0.99040000 -0.13820000
vn -0.00880000 -0.99540000 -0.09490000
vn 0.01170000 -0.92080000 -0.38980000
vn -1.00000000 -0.00000000 -0.00000000
vn -0.00000000 0.99680000 -0.07940000
vn -0.00000000 0.97790000 -0.20880000
vn -0.00880000 0.94230000 -0.33470000
vn -0.00000000 0.86990000 -0.49320000
vn -0.00000000 0.92680000 -0.37550000
vn -1.00000000 -0.00000000 -0.00000000
vn -0.00880000 0.94230000 -0.33470000
vn -0.00000000 -0.86210000 -0.50670000
vn -0.00000000 -0.76100000 -0.64870000
vn -1.00000000 -0.00000000 -0.00000000
vn -1.00000000 -0.00000000 -0.00000000
vn -0.00000000 0.18130000 -0.98340000
vn -0.00000000 0.00780000 -1.00000000
vn -0.00000000 0.18130000 -0.98340000
vn -0.00000000 0.50670000 -0.86210000
vn -1.00000000 -0.00000000 -0.00000000
vn -0.00000000 0.16600000 0.98610000
vn -1.00000000 -0.00000000 -0.00000000
vn -0.00000000 0.49320000 0.86990000
vn -0.00000000 0.49320000 0.86990000
vn -0.00000000 0.76100000 0.64870000
vn -1.00000000 -0.00000000 -0.00000000
vn -1.00000000 -0.00000000 -0.00000000
vn -0.00000000 -0.00780000 1.00000000
vn -0.00000000 0.16600000 0.98610000
vn -0.00000000 -0.18130000 0.98340000
vn -0.00000000 -0.00780000 1.00000000
vn -1.00000000 -0.00000000 -0.00000000
vn -1.00000000 -0.00000000 -0.00000000
vn -0.00000000 -0.50670000 0.86210000
vn -0.00000000 -0.18130000 0.98340000
vn -1.00000000 -0.00000000 -0.00000000
vn -0.00000000 -0.50670000 0.86210000
vn -0.00000000 -0.77100000 0.63680000
vn -0.00000000 -0.99890000 0.04770000
vn -0.00000000 -0.99910000 -0.04300000
vn -0.00000000 -1.00000000 0.00460000
vn -0.00520000 -0.99920000 0.03980000
vn -0.70660000 -0.70680000 0.03370000
vn -0.00000000 -0.99910000 -0.04300000
vn -0.70690000 -0.70670000 -0.03040000
vn -0.00000000 -0.99890000 0.04770000
vn -0.00000000 -0.99910000 -0.04300000
vn -0.00500000 -0.98930000 -0.14580000
vn -0.70630000 -0.70040000 -0.10320000
vn -0.70690000 -0.70670000 -0.03040000
vn 0.00710000 -0.99420000 -0.10720000
vn -0.00480000 -0.99980000 -0.02020000
vn -0.08750000 0.66220000 -0.74420000
vn 0.00740000 -0.20680000 -0.97840000
vn -0.07670000 0.65490000 -0.75180000
vn -0.00000000 0.65680000 -0.75400000
vn 0.09320000 -0.24090000 -0.96610000
vn -0.00000000 -0.18340000 -0.98300000
vn -0.70600000 -0.17130000 -0.68720000
vn 0.09320000 -0.24090000 -0.96610000
vn -0.00000000 -0.32870000 -0.94440000
vn 0.00740000 -0.20680000 -0.97840000
vn -0.00000000 -0.20190000 -0.97940000
vn -0.70620000 -0.23270000 -0.66860000
vn -0.71340000 -0.22370000 -0.66410000
vn -0.70600000 -0.17130000 -0.68720000
vn -0.71320000 -0.13110000 -0.68860000
vn 0.09320000 -0.24090000 -0.96610000
vn -0.00000000 -0.18340000 -0.98300000
vn 0.00570000 -0.18580000 -0.98260000
vn 0.01380000 -0.18700000 -0.98230000
vn -0.71170000 -0.13100000 -0.69010000
vn -0.71320000 -0.13110000 -0.68860000
vn -0.29620000 0.60910000 -0.73570000
vn -0.26350000 0.60860000 -0.74850000
vn 0.01380000 -0.18700000 -0.98230000
vn 0.01380000 -0.18700000 -0.98230000
vn -0.26350000 0.60860000 -0.74850000
vn 0.00570000 -0.18580000 -0.98260000
vn -0.10830000 0.65300000 -0.74960000
vn -0.10110000 0.64890000 -0.75410000
vn -0.00000000 0.65680000 -0.75400000
vn -0.10830000 0.65300000 -0.74960000
vn -0.00000000 -0.18340000 -0.98300000
vn 0.00570000 -0.18580000 -0.98260000
vn -0.25830000 0.63080000 -0.73170000
vn 0.01390000 -0.17410000 -0.98460000
vn -0.22450000 0.61910000 -0.75250000
vn 0.00740000 -0.20680000 -0.97840000
vn -0.00000000 -0.20190000 -0.97940000
vn -0.08750000 0.66220000 -0.74420000
vn -0.31290000 0.59360000 -0.74150000
vn 0.01390000 -0.17410000 -0.98460000
vn 0.01980000 -0.16470000 -0.98610000
vn -0.35060000 0.57560000 -0.73880000
vn -0.25830000 0.63080000 -0.73170000
vn -0.00000000 -0.29850000 -0.95440000
vn -0.01330000 -0.29850000 -0.95430000
vn -0.00000000 -0.32870000 -0.94440000
vn 0.00230000 -0.25130000 -0.96790000
vn -0.00000000 -0.20190000 -0.97940000
vn 0.03920000 -0.13910000 -0.98950000
vn -0.04100000 -0.21400000 -0.97600000
vn 0.01980000 -0.16470000 -0.98610000
vn 0.02560000 -0.15600000 -0.98740000
vn -0.00000000 -0.21420000 -0.97680000
vn 0.01390000 -0.17410000 -0.98460000
vn 0.02560000 -0.15600000 -0.98740000
vn 0.01980000 -0.16470000 -0.98610000
vn -0.34660000 0.57940000 -0.73770000
vn -0.42290000 0.54120000 -0.72680000
vn -0.37720000 0.55900000 -0.73840000
vn -0.40990000 0.54450000 -0.73180000
vn -0.35060000 0.57560000 -0.73880000
vn -0.52140000 0.44920000 -0.72550000
vn -0.46260000 0.49740000 -0.73390000
vn -0.43750000 0.52170000 -0.73240000
vn 0.02560000 -0.15600000 -0.98740000
vn -0.42290000 0.54120000 -0.72680000
vn -0.53100000 0.44920000 -0.71850000
vn 0.03920000 -0.13910000 -0.98950000
vn -0.57010000 0.39060000 -0.72280000
vn 0.03920000 -0.13910000 -0.98950000
vn 0.00130000 -0.12460000 -0.99220000
vn -0.04100000 -0.21400000 -0.97600000
vn 0.00010000 -0.08850000 -0.99610000
vn -0.52140000 0.44920000 -0.72550000
vn -1.00000000 -0.00000000 -0.00000000
vn -0.57010000 0.39060000 -0.72280000
vn -0.05990000 -0.04010000 -0.99740000
vn 0.00010000 -0.08850000 -0.99610000
vn -0.57840000 0.37960000 -0.72210000
vn -0.59240000 0.36670000 -0.71740000
vn -0.00000000 -0.08570000 -0.99630000
vn -0.05990000 -0.04010000 -0.99740000
vn -0.00000000 -0.08570000 -0.99630000
vn -0.00000000 -0.07150000 -0.99740000
vn -0.05290000 -0.03990000 -0.99780000
vn 0.00410000 -0.04530000 -0.99900000
vn -0.00000000 -0.03770000 -0.99930000
vn 0.00230000 -0.07940000 -0.99680000
vn 0.00720000 -0.03770000 -0.99930000
vn 0.00010000 -0.08850000 -0.99610000
vn -0.00000000 -0.12460000 -0.99220000
vn 0.00130000 -0.12460000 -0.99220000
vn -0.00000000 -0.07150000 -0.99740000
vn -0.00000000 -0.08570000 -0.99630000
vn -0.00000000 -0.21420000 -0.97680000
vn -0.00000000 -0.12460000 -0.99220000
vn -0.04100000 -0.21400000 -0.97600000
vn 0.00130000 -0.12460000 -0.99220000
vn -0.00000000 -0.99980000 -0.02020000
vn -0.00480000 -0.99980000 -0.02020000
vn -0.00000000 -0.99910000 -0.04300000
vn -0.00000000 -1.00000000 0.00460000
vn -0.00340000 0.98920000 -0.14660000
vn -0.00470000 0.99930000 -0.03620000
vn -0.00000000 0.99900000 -0.04380000
vn -0.70580000 0.69670000 -0.12860000
vn -0.70660000 0.70690000 -0.03100000
vn -0.73540000 0.67030000 -0.09930000
vn 0.00840000 0.99570000 -0.09180000
vn -0.70650000 0.70610000 0.04740000
vn -0.00000000 0.99900000 -0.04380000
vn -0.00000000 0.99780000 0.06700000
vn -0.70660000 0.70690000 -0.03100000
vn -0.00000000 0.99900000 -0.04380000
vn -0.00000000 1.00000000 -0.00460000
vn -0.00470000 0.99930000 -0.03620000
vn -0.00000000 0.99780000 0.06700000
vn 0.01660000 0.20940000 -0.97770000
vn 0.00680000 0.20830000 -0.97800000
vn -0.27120000 -0.62190000 -0.73460000
vn -0.10780000 -0.63710000 -0.76320000
vn -0.28470000 -0.58900000 -0.75630000
vn -0.27120000 -0.62190000 -0.73460000
vn -0.71430000 0.14660000 -0.68440000
vn 0.01660000 0.20940000 -0.97770000
vn -0.69940000 0.14610000 -0.69960000
vn -0.71430000 0.14660000 -0.68440000
vn -0.00000000 0.20590000 -0.97860000
vn 0.00680000 0.20830000 -0.97800000
vn 0.11050000 0.26250000 -0.95860000
vn -0.70710000 0.16890000 -0.68660000
vn -0.70400000 0.15470000 -0.69320000
vn -0.69590000 0.14310000 -0.70370000
vn -0.70670000 0.18680000 -0.68240000
vn -0.71440000 0.14660000 -0.68430000
vn -0.70710000 0.18000000 -0.68380000
vn 0.01660000 0.20940000 -0.97770000
vn -0.35170000 -0.57210000 -0.74090000
vn -0.18130000 -0.66970000 -0.72020000
vn -0.34910000 -0.57210000 -0.74220000
vn -0.29320000 -0.58660000 -0.75500000
vn 0.01960000 0.18010000 -0.98350000
vn -0.00000000 0.21350000 -0.97700000
vn 0.01740000 0.22720000 -0.97370000
vn -0.22320000 -0.61340000 -0.75760000
vn -0.31290000 -0.57900000 -0.75290000
vn -0.18130000 -0.66970000 -0.72020000
vn -0.02470000 -0.64480000 -0.76390000
vn 0.00200000 0.21980000 -0.97550000
vn -0.07600000 -0.62820000 -0.77430000
vn 0.01740000 0.22720000 -0.97370000
vn -0.00820000 0.34710000 -0.93780000
vn 0.11050000 0.26250000 -0.95860000
vn 0.01740000 0.22720000 -0.97370000
vn 0.00200000 0.21980000 -0.97550000
vn -0.71370000 0.23650000 -0.65940000
vn -0.70610000 0.24580000 -0.66400000
vn -0.70670000 0.18680000 -0.68240000
vn -0.00000000 0.21350000 -0.97700000
vn -0.00000000 0.31340000 -0.94960000
vn 0.00200000 0.21980000 -0.97550000
vn 0.11050000 0.26250000 -0.95860000
vn -0.00000000 -0.64500000 -0.76420000
vn -0.02470000 -0.64480000 -0.76390000
vn -0.00000000 0.20590000 -0.97860000
vn -0.00000000 0.20590000 -0.97860000
vn -0.00000000 -0.64500000 -0.76420000
vn 0.00680000 0.20830000 -0.97800000
vn -0.10780000 -0.63710000 -0.76320000
vn -0.10330000 -0.64160000 -0.76010000
vn -0.02930000 -0.03370000 -0.99900000
vn -0.05290000 -0.03990000 -0.99780000
vn -0.00000000 -0.07150000 -0.99740000
vn 0.00410000 -0.04530000 -0.99900000
vn 0.00410000 -0.04530000 -0.99900000
vn 0.00020000 -0.01080000 -0.99990000
vn -0.02930000 -0.03370000 -0.99900000
vn -0.00070000 -0.01070000 -0.99990000
vn 0.00720000 -0.03770000 -0.99930000
vn -0.00050000 0.05320000 -0.99860000
vn -0.00000000 -0.03770000 -0.99930000
vn 0.00720000 -0.03770000 -0.99930000
vn -0.00000000 0.05320000 -0.99860000
vn 0.00020000 -0.01080000 -0.99990000
vn 0.00020000 -0.01080000 -0.99990000
vn -0.00050000 0.05320000 -0.99860000
vn 0.01910000 0.02480000 -0.99950000
vn 0.00070000 0.02310000 -0.99970000
vn -0.00070000 -0.01070000 -0.99990000
vn -0.00000000 0.14010000 -0.99010000
vn -0.00050000 0.05320000 -0.99860000
vn 0.01910000 0.02480000 -0.99950000
vn -0.00000000 0.05320000 -0.99860000
vn 0.00230000 0.09490000 -0.99550000
vn 0.00620000 0.05480000 -0.99850000
vn 0.00130000 0.07650000 -0.99710000
vn -0.00000000 0.09220000 -0.99570000
vn 0.00620000 0.05480000 -0.99850000
vn 0.00070000 0.02310000 -0.99970000
vn -0.02350000 0.04570000 -0.99870000
vn 0.01910000 0.02480000 -0.99950000
vn 0.00130000 0.07650000 -0.99710000
vn 0.00620000 0.05480000 -0.99850000
vn -0.04490000 0.05380000 -0.99750000
vn -0.02350000 0.04570000 -0.99870000
vn -0.05610000 0.05550000 -0.99690000
vn -0.00000000 0.09220000 -0.99570000
vn 0.00130000 0.07650000 -0.99710000
vn -0.04490000 0.05380000 -0.99750000
vn -0.00000000 0.09220000 -0.99570000
vn -0.05990000 0.05570000 -0.99670000
vn -0.05610000 0.05550000 -0.99690000
vn -0.00000000 0.14010000 -0.99010000
vn 0.01440000 0.11210000 -0.99360000
vn -0.04150000 0.22920000 -0.97250000
vn -0.00000000 0.14010000 -0.99010000
vn 0.01440000 0.11210000 -0.99360000
vn -0.00000000 0.22940000 -0.97330000
vn -0.55840000 -0.39460000 -0.72970000
vn -0.05990000 0.05570000 -0.99670000
vn -0.57800000 -0.36890000 -0.72790000
vn 0.04230000 0.15150000 -0.98750000
vn -1.00000000 -0.00000000 -0.00000000
vn -0.04150000 0.22920000 -0.97250000
vn 0.01440000 0.11210000 -0.99360000
vn -0.58250000 -0.35900000 -0.72920000
vn -0.60170000 -0.34710000 -0.71940000
vn -0.54200000 -0.42580000 -0.72450000
vn -0.04150000 0.22920000 -0.97250000
vn 0.04230000 0.15150000 -0.98750000
vn 0.02910000 0.16670000 -0.98560000
vn 0.00230000 0.26630000 -0.96390000
vn -0.00000000 0.22940000 -0.97330000
vn 0.01960000 0.18010000 -0.98350000
vn -0.00000000 0.31340000 -0.94960000
vn -0.00000000 0.21350000 -0.97700000
vn -0.45620000 -0.50300000 -0.73410000
vn 0.04230000 0.15150000 -0.98750000
vn 0.02910000 0.16670000 -0.98560000
vn -0.48900000 -0.46390000 -0.73870000
vn -0.54200000 -0.42580000 -0.72450000
vn -0.54290000 -0.42550000 -0.72400000
vn -0.51430000 -0.44230000 -0.73480000
vn -0.43770000 -0.51110000 -0.73970000
vn -0.40590000 -0.52630000 -0.74710000
vn -0.47280000 -0.50100000 -0.72490000
vn -0.45620000 -0.50300000 -0.73410000
vn -0.37690000 -0.54710000 -0.74740000
vn -0.35170000 -0.57210000 -0.74090000
vn 0.02910000 0.16670000 -0.98560000
vn 0.01960000 0.18010000 -0.98350000
vn 0.01010000 -0.41310000 -0.91060000
vn -0.72080000 -0.32960000 -0.60980000
vn -0.70700000 -0.29220000 -0.64400000
vn -0.00730000 -0.49390000 -0.86950000
vn -0.70620000 -0.34970000 -0.61560000
vn -0.00000000 -0.46300000 -0.88640000
vn -0.00000000 -0.38400000 -0.92330000
vn -0.00000000 -0.46300000 -0.88640000
vn -0.00730000 -0.49390000 -0.86950000
vn 0.00450000 -0.54160000 -0.84060000
vn -0.00000000 -0.54160000 -0.84070000
vn -0.70700000 -0.40370000 -0.58070000
vn -0.70620000 -0.34970000 -0.61560000
vn 0.00450000 -0.54160000 -0.84060000
vn -0.00000000 -0.57080000 -0.82110000
vn -0.00730000 -0.49390000 -0.86950000
vn 0.00450000 -0.54160000 -0.84060000
vn -0.00000000 -0.57080000 -0.82110000
vn 0.00210000 -0.56720000 -0.82360000
vn -0.00000000 -0.61280000 -0.79030000
vn -0.00000000 -0.54160000 -0.84070000
vn -0.72090000 -0.43410000 -0.54030000
vn -0.00000000 -0.57080000 -0.82110000
vn -0.70700000 -0.40370000 -0.58070000
vn -0.00000000 -0.61280000 -0.79030000
vn -0.70630000 -0.45510000 -0.54230000
vn -0.00710000 -0.64280000 -0.76600000
vn 0.00500000 -0.68200000 -0.73130000
vn -0.00710000 -0.64280000 -0.76600000
vn -0.00000000 -0.68200000 -0.73130000
vn -0.00000000 -0.61280000 -0.79030000
vn 0.00500000 -0.68200000 -0.73130000
vn -0.70630000 -0.45510000 -0.54230000
vn -0.00710000 -0.64280000 -0.76600000
vn -0.00000000 -0.70970000 -0.70450000
vn -0.70700000 -0.50190000 -0.49820000
vn 0.00500000 -0.68200000 -0.73130000
vn -0.00000000 -0.74320000 -0.66910000
vn 0.00200000 -0.70160000 -0.71260000
vn -0.00000000 -0.68200000 -0.73130000
vn -0.00000000 -0.70970000 -0.70450000
vn -0.00680000 -0.77050000 -0.63730000
vn -0.70630000 -0.54550000 -0.45120000
vn -0.72100000 -0.52430000 -0.45310000
vn -0.70700000 -0.50190000 -0.49820000
vn -0.00000000 -0.74320000 -0.66910000
vn -0.00000000 -0.70970000 -0.70450000
vn -0.00000000 -0.74320000 -0.66910000
vn -0.00680000 -0.77050000 -0.63730000
vn -0.00000000 -0.80090000 -0.59890000
vn 0.00550000 -0.80080000 -0.59880000
vn -0.70700000 -0.58360000 -0.39940000
vn -0.00680000 -0.77050000 -0.63730000
vn -0.00000000 -0.82530000 -0.56480000
vn -0.70630000 -0.54550000 -0.45120000
vn 0.00550000 -0.80080000 -0.59880000
vn 0.00180000 -0.81470000 -0.57990000
vn -0.00000000 -0.80090000 -0.59890000
vn -0.00000000 -0.82530000 -0.56480000
vn 0.00550000 -0.80080000 -0.59880000
vn -0.00000000 -0.85000000 -0.52680000
vn -0.70630000 -0.61800000 -0.34530000
vn -0.00640000 -0.87300000 -0.48770000
vn -0.72120000 -0.59720000 -0.35100000
vn -0.70700000 -0.58360000 -0.39940000
vn -0.00000000 -0.82530000 -0.56480000
vn -0.00000000 -0.85000000 -0.52680000
vn -0.00000000 -0.85000000 -0.52680000
vn 0.00600000 -0.89430000 -0.44740000
vn -0.00640000 -0.87300000 -0.48770000
vn -0.00000000 -0.89430000 -0.44740000
vn -0.00000000 -0.91370000 -0.40640000
vn -0.00640000 -0.87300000 -0.48770000
vn -0.70630000 -0.61800000 -0.34530000
vn -0.70700000 -0.64620000 -0.28740000
vn 0.00600000 -0.89430000 -0.44740000
vn -0.00000000 -0.89430000 -0.44740000
vn 0.00600000 -0.89430000 -0.44740000
vn 0.00160000 -0.90300000 -0.42970000
vn -0.00000000 -0.91370000 -0.40640000
vn -0.00000000 -0.92990000 -0.36780000
vn -0.00000000 -0.91370000 -0.40640000
vn -0.00580000 -0.94670000 -0.32200000
vn -0.70630000 -0.67020000 -0.22800000
vn -0.70700000 -0.64620000 -0.28740000
vn -0.72130000 -0.65060000 -0.23760000
vn -0.00000000 -0.92990000 -0.36780000
vn -0.00000000 -0.92990000 -0.36780000
vn -0.00580000 -0.94670000 -0.32200000
vn -0.00000000 -0.95950000 -0.28180000
vn 0.00660000 -0.95950000 -0.28180000
vn 0.00660000 -0.95950000 -0.28180000
vn -0.70630000 -0.67020000 -0.22800000
vn -0.00000000 -0.97210000 -0.23470000
vn -0.00580000 -0.94670000 -0.32200000
vn -0.70700000 -0.68740000 -0.16600000
vn 0.00660000 -0.95950000 -0.28180000
vn -0.00000000 -0.98040000 -0.19710000
vn -0.00000000 -0.95950000 -0.28180000
vn -0.00000000 -0.97210000 -0.23470000
vn 0.00140000 -0.96390000 -0.26630000
vn -0.70630000 -0.70040000 -0.10320000
vn -0.00000000 -0.97210000 -0.23470000
vn -0.70700000 -0.68740000 -0.16600000
vn -0.72140000 -0.68260000 -0.11630000
vn -0.00000000 -0.98040000 -0.19710000
vn -0.00500000 -0.98930000 -0.14580000
vn -0.00000000 -0.98040000 -0.19710000
vn -0.00500000 -0.98930000 -0.14580000
vn -0.00000000 -0.99420000 -0.10720000
vn 0.00710000 -0.99420000 -0.10720000
vn -0.00000000 -0.99980000 -0.02020000
vn -0.00480000 -0.99980000 -0.02020000
vn 0.00710000 -0.99420000 -0.10720000
vn 0.00110000 -0.99550000 -0.09490000
vn -0.00000000 -0.99420000 -0.10720000
vn -0.00000000 -0.32870000 -0.94440000
vn -0.70620000 -0.23270000 -0.66860000
vn -0.01330000 -0.29850000 -0.95430000
vn -0.70700000 -0.29220000 -0.64400000
vn 0.01010000 -0.41310000 -0.91060000
vn -0.01330000 -0.29850000 -0.95430000
vn -0.00000000 -0.38400000 -0.92330000
vn 0.01010000 -0.41310000 -0.91060000
vn -0.00000000 -0.29850000 -0.95440000
vn -0.00000000 -0.46300000 -0.88640000
vn 0.00220000 -0.41560000 -0.90960000
vn -0.00000000 -0.38400000 -0.92330000
vn 0.00370000 0.39830000 -0.91720000
vn -0.00820000 0.34710000 -0.93780000
vn -0.00000000 0.31340000 -0.94960000
vn -0.00000000 0.39830000 -0.91730000
vn 0.00370000 0.39830000 -0.91720000
vn -0.00820000 0.34710000 -0.93780000
vn -0.70610000 0.24580000 -0.66400000
vn -0.70710000 0.30470000 -0.63820000
vn -0.00000000 0.43090000 -0.90240000
vn -0.00000000 0.47670000 -0.87900000
vn 0.00220000 0.42970000 -0.90300000
vn -0.00000000 0.43090000 -0.90240000
vn -0.00000000 0.39830000 -0.91730000
vn 0.00370000 0.39830000 -0.91720000
vn -0.70620000 0.35960000 -0.60990000
vn -0.70710000 0.30470000 -0.63820000
vn -0.00740000 0.50780000 -0.86140000
vn -0.71820000 0.34310000 -0.60540000
vn -0.00000000 0.43090000 -0.90240000
vn -0.00000000 0.47670000 -0.87900000
vn -0.00000000 0.47670000 -0.87900000
vn -0.00000000 0.55460000 -0.83210000
vn 0.00440000 0.55460000 -0.83210000
vn -0.00740000 0.50780000 -0.86140000
vn -0.70620000 0.35960000 -0.60990000
vn -0.00740000 0.50780000 -0.86140000
vn -0.70700000 0.41300000 -0.57410000
vn 0.00440000 0.55460000 -0.83210000
vn -0.00000000 0.58400000 -0.81180000
vn -0.00000000 0.58400000 -0.81180000
vn -0.00000000 0.55460000 -0.83210000
vn 0.00210000 0.57990000 -0.81470000
vn -0.00000000 0.62500000 -0.78060000
vn 0.00440000 0.55460000 -0.83210000
vn -0.70630000 0.46190000 -0.53640000
vn -0.70700000 0.41300000 -0.57410000
vn -0.00000000 0.58400000 -0.81180000
vn -0.72000000 0.44180000 -0.53510000
vn -0.00660000 0.65250000 -0.75780000
vn -0.00000000 0.62500000 -0.78060000
vn -0.00000000 0.62500000 -0.78060000
vn 0.00520000 0.69330000 -0.72060000
vn -0.00660000 0.65250000 -0.75780000
vn -0.00000000 0.69330000 -0.72060000
vn 0.00520000 0.69330000 -0.72060000
vn -0.00660000 0.65250000 -0.75780000
vn -0.70700000 0.50820000 -0.49180000
vn -0.70630000 0.46190000 -0.53640000
vn -0.00000000 0.71860000 -0.69540000
vn 0.00200000 0.71260000 -0.70160000
vn -0.00000000 0.69330000 -0.72060000
vn -0.00000000 0.71860000 -0.69540000
vn -0.00000000 0.75350000 -0.65750000
vn 0.00520000 0.69330000 -0.72060000
vn -0.70640000 0.54960000 -0.44600000
vn -0.00000000 0.75350000 -0.65750000
vn -0.00580000 0.77650000 -0.63010000
vn -0.70700000 0.50820000 -0.49180000
vn -0.72160000 0.52680000 -0.44930000
vn -0.00000000 0.71860000 -0.69540000
vn 0.00600000 0.81010000 -0.58630000
vn -0.00000000 0.75350000 -0.65750000
vn -0.00000000 0.81010000 -0.58630000
vn -0.00580000 0.77650000 -0.63010000
vn -0.70700000 0.58740000 -0.39390000
vn -0.00000000 0.83050000 -0.55700000
vn -0.70640000 0.54960000 -0.44600000
vn -0.00580000 0.77650000 -0.63010000
vn 0.00600000 0.81010000 -0.58630000
vn -0.00000000 0.83050000 -0.55700000
vn -0.00000000 0.85810000 -0.51350000
vn 0.00180000 0.82360000 -0.56720000
vn 0.00600000 0.81010000 -0.58630000
vn -0.00000000 0.81010000 -0.58630000
vn -0.00000000 0.85810000 -0.51350000
vn -0.70650000 0.61990000 -0.34150000
vn -0.70700000 0.58740000 -0.39390000
vn -0.00000000 0.83050000 -0.55700000
vn -0.72280000 0.59570000 -0.35030000
vn -0.00500000 0.87590000 -0.48250000
vn 0.00680000 0.90120000 -0.43340000
vn -0.00000000 0.85810000 -0.51350000
vn -0.00500000 0.87590000 -0.48250000
vn -0.00000000 0.90120000 -0.43340000
vn -0.70690000 0.64790000 -0.28360000
vn 0.00680000 0.90120000 -0.43340000
vn -0.00000000 0.91610000 -0.40100000
vn -0.70650000 0.61990000 -0.34150000
vn -0.00500000 0.87590000 -0.48250000
vn -0.00000000 0.91610000 -0.40100000
vn 0.00160000 0.90960000 -0.41560000
vn -0.00000000 0.90120000 -0.43340000
vn -0.00000000 0.93550000 -0.35320000
vn 0.00680000 0.90120000 -0.43340000
vn -0.00420000 0.94750000 -0.31960000
vn -0.00000000 0.91610000 -0.40100000
vn -0.00000000 0.93550000 -0.35320000
vn -0.72380000 0.64650000 -0.24120000
vn -0.70660000 0.67050000 -0.22620000
vn -0.70690000 0.64790000 -0.28360000
vn -0.00000000 0.96370000 -0.26680000
vn -0.00000000 0.93550000 -0.35320000
vn 0.00760000 0.96370000 -0.26680000
vn -0.00420000 0.94750000 -0.31960000
vn -0.70690000 0.68800000 -0.16430000
vn 0.00760000 0.96370000 -0.26680000
vn -0.00000000 0.97270000 -0.23220000
vn -0.00420000 0.94750000 -0.31960000
vn -0.70660000 0.67050000 -0.22620000
vn -0.00000000 0.98330000 -0.18180000
vn 0.00760000 0.96370000 -0.26680000
vn 0.00140000 0.96790000 -0.25130000
vn -0.00000000 0.97270000 -0.23220000
vn -0.00000000 0.96370000 -0.26680000
vn -0.70690000 0.68800000 -0.16430000
vn -0.00340000 0.98920000 -0.14660000
vn -0.73540000 0.67030000 -0.09930000
vn -0.00000000 0.97270000 -0.23220000
vn -0.00000000 0.98330000 -0.18180000
vn -0.00000000 0.99580000 -0.09180000
vn 0.00840000 0.99570000 -0.09180000
vn -0.00000000 0.98330000 -0.18180000
vn -0.00340000 0.98920000 -0.14660000
vn 0.00840000 0.99570000 -0.09180000
vn -0.00000000 0.99580000 -0.09180000
vn -0.00000000 1.00000000 -0.00460000
vn 0.00110000 0.99680000 -0.07940000
vn -0.00470000 0.99930000 -0.03620000
vn -0.00000000 0.99980000 0.02020000
vn -0.00000000 0.99780000 0.06700000
vn -0.00000000 1.00000000 -0.00460000
vn -0.01660000 0.99970000 0.02020000
vn -0.52030000 0.38780000 0.76090000
vn -0.42290000 0.35880000 0.83210000
vn -0.43740000 0.37330000 0.81810000
vn -0.46250000 0.38680000 0.79780000
vn -0.49010000 0.39150000 0.77880000
vn 0.00010000 0.91930000 0.39360000
vn 0.00120000 0.91320000 0.40760000
vn 0.00330000 0.90890000 0.41700000
vn -0.00000000 0.92220000 0.38660000
vn 0.00380000 0.90810000 0.41870000
vn 0.00120000 0.91320000 0.40760000
vn 0.00690000 0.90250000 0.43070000
vn 0.01940000 0.89010000 0.45540000
vn -0.00000000 0.89430000 0.44740000
vn 0.00030000 0.92990000 0.36780000
vn -0.00000000 0.92990000 0.36780000
vn -0.00000000 0.92320000 0.38440000
vn 0.00010000 0.91930000 0.39360000
vn 0.01290000 0.89430000 0.44740000
vn 0.00160000 0.90300000 0.42970000
vn -0.00000000 0.92220000 0.38660000
vn -0.37700000 0.36000000 0.85340000
vn -0.42290000 0.35880000 0.83210000
vn -0.36260000 0.35490000 0.86170000
vn -0.40970000 0.36160000 0.83750000
vn 0.00010000 0.91930000 0.39360000
vn -0.00000000 0.92320000 0.38440000
vn -0.34100000 0.35040000 0.87230000
vn -0.36260000 0.35490000 0.86170000
vn -0.34540000 0.35240000 0.86980000
vn -0.00000000 0.92220000 0.38660000
vn 0.00120000 0.91320000 0.40760000
vn -0.56190000 0.42820000 0.70780000
vn 0.00330000 0.90890000 0.41700000
vn -0.52080000 0.38920000 0.75980000
vn -0.53760000 0.41170000 0.73590000
vn -0.52030000 0.38780000 0.76090000
vn -0.56190000 0.42820000 0.70780000
vn -0.55830000 0.42400000 0.71310000
vn 0.00380000 0.90810000 0.41870000
vn 0.00330000 0.90890000 0.41700000
vn -0.57010000 0.43060000 0.69970000
vn -0.59230000 0.43790000 0.67630000
vn 0.00380000 0.90810000 0.41870000
vn -1.00000000 -0.00000000 -0.00000000
vn -0.57820000 0.43540000 0.68990000
vn -0.57010000 0.43060000 0.69970000
vn -0.05400000 0.88410000 0.46410000
vn 0.00690000 0.90250000 0.43070000
vn -0.05400000 0.88410000 0.46410000
vn 0.01940000 0.89010000 0.45540000
vn -0.02930000 0.88200000 0.47030000
vn 0.00690000 0.90250000 0.43070000
vn 0.01290000 0.89430000 0.44740000
vn 0.01940000 0.89010000 0.45540000
vn -0.00070000 0.87130000 0.49070000
vn -0.02930000 0.88200000 0.47030000
vn 0.00020000 0.87140000 0.49060000
vn 0.01290000 0.89430000 0.44740000
vn -0.00020000 0.85000000 0.52680000
vn -0.00000000 0.85000000 0.52680000
vn -0.00000000 0.89430000 0.44740000
vn 0.00020000 0.87140000 0.49060000
vn 0.00020000 0.87140000 0.49060000
vn -0.00020000 0.85000000 0.52680000
vn -0.00070000 0.87130000 0.49070000
vn 0.00070000 0.85420000 0.51990000
vn 0.00260000 0.85410000 0.52010000
vn -0.00020000 0.85000000 0.52680000
vn 0.00010000 0.80090000 0.59890000
vn -0.00000000 0.84140000 0.54040000
vn 0.00180000 0.81470000 0.57990000
vn -0.00000000 0.80090000 0.59890000
vn -0.00000000 0.85000000 0.52680000
vn 0.00260000 0.85410000 0.52010000
vn 0.01000000 0.95720000 0.28910000
vn -0.22440000 0.34220000 0.91250000
vn -0.00000000 0.95590000 0.29380000
vn -0.25830000 0.31820000 0.91220000
vn -0.08750000 0.31330000 0.94560000
vn 0.02080000 0.94610000 0.32340000
vn -0.00270000 0.98550000 0.16960000
vn -0.00000000 0.98040000 0.19710000
vn 0.18430000 0.95490000 0.23270000
vn 0.01000000 0.95720000 0.28910000
vn -0.70700000 0.68710000 0.16740000
vn -0.71750000 0.68340000 0.13490000
vn -0.70680000 0.69720000 0.12000000
vn -0.00000000 0.95590000 0.29380000
vn 0.18430000 0.95490000 0.23270000
vn -0.08750000 0.31330000 0.94560000
vn 0.01000000 0.95720000 0.28910000
vn -0.07660000 0.32360000 0.94310000
vn -0.00000000 0.32460000 0.94590000
vn -0.00000000 0.94890000 0.31540000
vn -0.00000000 0.94890000 0.31540000
vn 0.18430000 0.95490000 0.23270000
vn -0.70650000 0.67180000 0.22230000
vn -0.70700000 0.68710000 0.16740000
vn 0.00830000 0.94970000 0.31310000
vn 0.02050000 0.94990000 0.31200000
vn -0.71580000 0.66340000 0.21790000
vn 0.02050000 0.94990000 0.31200000
vn -0.26350000 0.34390000 0.90130000
vn -0.71580000 0.66340000 0.21790000
vn -0.29620000 0.33270000 0.89530000
vn 0.00830000 0.94970000 0.31310000
vn 0.02050000 0.94990000 0.31200000
vn -0.10830000 0.32270000 0.94030000
vn -0.26350000 0.34390000 0.90130000
vn -0.10110000 0.32870000 0.93900000
vn -0.10830000 0.32270000 0.94030000
vn 0.00830000 0.94970000 0.31310000
vn -0.00000000 0.32460000 0.94590000
vn -0.00000000 0.94890000 0.31540000
vn -0.34100000 0.35040000 0.87230000
vn -0.31280000 0.34530000 0.88480000
vn -0.01480000 0.95940000 0.28180000
vn -0.25830000 0.31820000 0.91220000
vn 0.00030000 0.92990000 0.36780000
vn 0.02080000 0.94610000 0.32340000
vn -0.00000000 0.92320000 0.38440000
vn -0.00000000 0.95950000 0.28180000
vn -0.01480000 0.95940000 0.28180000
vn 0.00030000 0.92990000 0.36780000
vn -0.00000000 0.92990000 0.36780000
vn -0.00000000 0.98040000 0.19710000
vn -0.01480000 0.95940000 0.28180000
vn -0.00000000 0.95950000 0.28180000
vn 0.00140000 0.96390000 0.26630000
vn -0.00000000 0.95590000 0.29380000
vn 0.02080000 0.94610000 0.32340000
vn 0.00110000 0.99550000 0.09490000
vn 0.00790000 0.99420000 0.10720000
vn -0.00000000 0.99420000 0.10720000
vn -0.00000000 0.99980000 0.02020000
vn -0.01660000 0.99970000 0.02020000
vn -0.00000000 0.99780000 0.06700000
vn -0.00270000 0.98550000 0.16960000
vn -0.01660000 0.99970000 0.02020000
vn -0.70680000 0.69720000 0.12000000
vn 0.00790000 0.99420000 0.10720000
vn -0.70650000 0.70610000 0.04740000
vn 0.00820000 -0.99570000 0.09180000
vn -0.00310000 -0.98860000 0.15040000
vn -0.70660000 -0.70680000 0.03370000
vn -0.70600000 -0.69640000 0.12900000
vn -0.00520000 -0.99920000 0.03980000
vn -0.73080000 -0.67480000 0.10270000
vn -0.00000000 -0.99890000 0.04770000
vn -0.28470000 -0.36050000 0.88830000
vn -0.27130000 -0.32550000 0.90580000
vn -0.10780000 -0.34250000 0.93330000
vn 0.01370000 -0.94910000 0.31450000
vn 0.00570000 -0.94890000 0.31560000
vn -0.71310000 -0.66550000 0.22050000
vn 0.01370000 -0.94910000 0.31450000
vn -0.27130000 -0.32550000 0.90580000
vn 0.12690000 -0.96310000 0.23740000
vn -0.70750000 -0.67870000 0.19700000
vn -0.70630000 -0.68300000 0.18630000
vn -0.00000000 -0.94810000 0.31790000
vn 0.00570000 -0.94890000 0.31560000
vn -0.71330000 -0.66530000 0.22040000
vn -0.71310000 -0.66550000 0.22050000
vn 0.01370000 -0.94910000 0.31450000
vn -0.70340000 -0.69020000 0.17010000
vn -0.69850000 -0.67700000 0.23180000
vn -0.70230000 -0.67510000 0.22580000
vn -0.70610000 -0.67520000 0.21350000
vn 0.00220000 -0.93140000 0.36410000
vn -0.00000000 -0.95930000 0.28250000
vn -0.01260000 -0.96370000 0.26680000
vn -0.22340000 -0.34970000 0.90980000
vn -0.18130000 -0.28890000 0.94000000
vn -0.32350000 -0.36100000 0.87470000
vn -0.31010000 -0.36320000 0.87860000
vn 0.02240000 -0.96280000 0.26940000
vn -0.07610000 -0.35650000 0.93120000
vn 0.02240000 -0.96280000 0.26940000
vn 0.00270000 -0.96110000 0.27630000
vn -0.02470000 -0.33920000 0.94040000
vn -0.18130000 -0.28890000 0.94000000
vn -0.73080000 -0.67480000 0.10270000
vn -0.00310000 -0.98860000 0.15040000
vn -0.70340000 -0.69020000 0.17010000
vn 0.12690000 -0.96310000 0.23740000
vn 0.00270000 -0.96110000 0.27630000
vn -0.00000000 -0.98330000 0.18180000
vn 0.02240000 -0.96280000 0.26940000
vn -0.00000000 -0.95930000 0.28250000
vn -0.00000000 -0.94810000 0.31790000
vn 0.00270000 -0.96110000 0.27630000
vn 0.12690000 -0.96310000 0.23740000
vn -0.00000000 -0.33930000 0.94070000
vn -0.02470000 -0.33920000 0.94040000
vn -0.10780000 -0.34250000 0.93330000
vn -0.00000000 -0.33930000 0.94070000
vn 0.00570000 -0.94890000 0.31560000
vn -0.00000000 -0.94810000 0.31790000
vn -0.10330000 -0.33750000 0.93570000
vn 0.00020000 -0.86060000 0.50930000
vn 0.00140000 -0.85810000 0.51350000
vn -0.00000000 -0.90120000 0.43340000
vn 0.01200000 -0.90110000 0.43340000
vn -0.00020000 -0.87730000 0.47990000
vn -0.00000000 -0.85810000 0.51350000
vn -0.00000000 -0.85810000 0.51350000
vn 0.00180000 -0.82360000 0.56720000
vn 0.00740000 -0.81010000 0.58630000
vn -0.00000000 -0.84020000 0.54230000
vn -0.00000000 -0.84870000 0.52890000
vn 0.00140000 -0.85810000 0.51350000
vn -0.00000000 -0.81010000 0.58630000
vn -0.00070000 -0.86060000 0.50920000
vn 0.00020000 -0.86060000 0.50930000
vn 0.00140000 -0.85810000 0.51350000
vn -0.00000000 -0.84870000 0.52890000
vn -0.02190000 -0.85160000 0.52370000
vn -0.57820000 -0.44600000 0.68320000
vn -0.58230000 -0.45210000 0.67570000
vn -0.60190000 -0.44950000 0.66010000
vn 0.00200000 -0.91760000 0.39760000
vn 0.00580000 -0.91110000 0.41220000
vn -0.05710000 -0.89110000 0.45020000
vn -0.52760000 -0.41670000 0.74030000
vn -0.52930000 -0.43630000 0.72760000
vn -1.00000000 -0.00000000 -0.00000000
vn 0.00030000 -0.92350000 0.38350000
vn 0.00200000 -0.91760000 0.39760000
vn -0.45620000 -0.38430000 0.80260000
vn -0.52930000 -0.43630000 0.72760000
vn -0.00000000 -0.90120000 0.43340000
vn 0.01200000 -0.90110000 0.43340000
vn 0.00580000 -0.91110000 0.41220000
vn 0.00200000 -0.91760000 0.39760000
vn 0.01200000 -0.90390000 0.42750000
vn 0.00160000 -0.90960000 0.41560000
vn 0.00030000 -0.92350000 0.38350000
vn -0.00000000 -0.92760000 0.37370000
vn 0.02350000 -0.89420000 0.44700000
vn -0.00000000 -0.93550000 0.35320000
vn -0.04490000 -0.89080000 0.45220000
vn -0.05710000 -0.89110000 0.45020000
vn 0.00580000 -0.91110000 0.41220000
vn 0.01200000 -0.90390000 0.42750000
vn 0.00070000 -0.87740000 0.47980000
vn -0.00020000 -0.87730000 0.47990000
vn 0.00020000 -0.86060000 0.50930000
vn -0.00070000 -0.86060000 0.50920000
vn 0.00070000 -0.87740000 0.47980000
vn -0.02350000 -0.88780000 0.45970000
vn -0.00020000 -0.87730000 0.47990000
vn 0.02350000 -0.89420000 0.44700000
vn 0.01200000 -0.90110000 0.43340000
vn 0.01200000 -0.90390000 0.42750000
vn -0.02350000 -0.88780000 0.45970000
vn 0.02350000 -0.89420000 0.44700000
vn -0.04490000 -0.89080000 0.45220000
vn -0.26340000 -0.95250000 -0.15280000
vn 0.01330000 -0.75810000 0.65200000
vn -0.71300000 -0.53160000 0.45720000
vn -0.29620000 -0.94170000 -0.15960000
vn 0.00550000 -0.75890000 0.65120000
vn -0.26340000 -0.95250000 -0.15280000
vn -0.10110000 -0.97750000 -0.18490000
vn -0.10830000 -0.97570000 -0.19070000
vn 0.01330000 -0.75810000 0.65200000
vn -0.70840000 -0.51840000 0.47900000
vn -0.71230000 -0.53220000 0.45750000
vn 0.00490000 -0.75840000 0.65180000
vn 0.01330000 -0.75810000 0.65200000
vn 0.00550000 -0.75890000 0.65120000
vn -0.00000000 -0.76050000 0.64940000
vn -0.00000000 -0.76170000 0.64790000
vn -0.71300000 -0.53160000 0.45720000
vn -0.00000000 -0.73450000 0.67860000
vn -0.00000000 -0.98140000 -0.19180000
vn 0.00550000 -0.75890000 0.65120000
vn -0.00000000 -0.76050000 0.64940000
vn -0.10830000 -0.97570000 -0.19070000
vn -0.00000000 -0.98140000 -0.19180000
vn -0.00000000 -0.76050000 0.64940000
vn -0.07660000 -0.97850000 -0.19130000
vn -0.08640000 -0.97590000 -0.20040000
vn 0.00490000 -0.75840000 0.65180000
vn -0.08640000 -0.97590000 -0.20040000
vn -0.00000000 -0.76170000 0.64790000
vn 0.00490000 -0.75840000 0.65180000
vn 0.00760000 -0.77690000 0.62950000
vn -0.25650000 -0.95030000 -0.17660000
vn -0.22380000 -0.96190000 -0.15710000
vn -0.34440000 -0.93030000 -0.12630000
vn -0.25650000 -0.95030000 -0.17660000
vn 0.01350000 -0.78590000 0.61820000
vn -0.31150000 -0.94000000 -0.13890000
vn 0.00760000 -0.77690000 0.62950000
vn -0.40810000 -0.90420000 -0.12590000
vn -0.37970000 -0.91700000 -0.12240000
vn -0.00000000 -0.75350000 0.65750000
vn 0.03070000 -0.80190000 0.59660000
vn -0.00000000 -0.76170000 0.64790000
vn 0.01350000 -0.78590000 0.61820000
vn 0.02290000 -0.79590000 0.60500000
vn -0.00000000 -0.73450000 0.67860000
vn 0.03210000 -0.80310000 0.59500000
vn -0.03120000 -0.75310000 0.65710000
vn 0.00050000 -0.69330000 0.72060000
vn 0.00200000 -0.71260000 0.70160000
vn -0.00000000 -0.69330000 0.72060000
vn 0.00760000 -0.77690000 0.62950000
vn -0.52010000 -0.85290000 -0.04530000
vn 0.01350000 -0.78590000 0.61820000
vn 0.02290000 -0.79590000 0.60500000
vn -0.49020000 -0.87020000 -0.05060000
vn -0.43700000 -0.89550000 -0.08490000
vn -0.46230000 -0.88440000 -0.06360000
vn -0.41360000 -0.90310000 -0.11550000
vn -0.40810000 -0.90420000 -0.12590000
vn -0.53770000 -0.84310000 -0.01150000
vn -0.52090000 -0.85260000 -0.04290000
vn -0.52010000 -0.85290000 -0.04530000
vn 0.03070000 -0.80190000 0.59660000
vn 0.02290000 -0.79590000 0.60500000
vn -0.56160000 -0.82720000 0.01660000
vn -0.55830000 -0.82960000 0.01070000
vn 0.03210000 -0.80310000 0.59500000
vn 0.03070000 -0.80190000 0.59660000
vn -0.56160000 -0.82720000 0.01660000
vn -0.57020000 -0.82120000 0.02290000
vn 0.01940000 -0.81960000 0.57260000
vn -1.00000000 -0.00000000 -0.00000000
vn -0.57020000 -0.82120000 0.02290000
vn -0.59240000 -0.80460000 0.04110000
vn -0.57820000 -0.81530000 0.03210000
vn 0.03210000 -0.80310000 0.59500000
vn -0.05400000 -0.84400000 0.53370000
vn -0.03120000 -0.75310000 0.65710000
vn 0.01940000 -0.81960000 0.57260000
vn -0.00000000 -0.75350000 0.65750000
vn -0.03120000 -0.75310000 0.65710000
vn -0.00000000 -0.81010000 0.58630000
vn 0.00740000 -0.81010000 0.58630000
vn -0.00000000 -0.84020000 0.54230000
vn 0.00740000 -0.81010000 0.58630000
vn 0.01940000 -0.81960000 0.57260000
vn -0.03600000 -0.84720000 0.53010000
vn -0.05400000 -0.84400000 0.53370000
vn -0.00000000 -0.84870000 0.52890000
vn -0.02190000 -0.85160000 0.52370000
vn -0.03600000 -0.84720000 0.53010000
vn -0.00000000 -0.84020000 0.54230000
vn -0.45620000 0.88730000 -0.06850000
vn 0.01090000 0.77240000 0.63500000
vn -0.35170000 0.92770000 -0.12500000
vn -0.37700000 0.92080000 -0.10000000
vn -0.40610000 0.91010000 -0.08210000
vn -0.43790000 0.89610000 -0.07270000
vn -0.47300000 0.87820000 -0.07150000
vn 0.01710000 0.78030000 0.62520000
vn -0.35170000 0.92770000 -0.12500000
vn -0.18130000 0.95850000 -0.21990000
vn -0.31010000 0.94250000 -0.12470000
vn 0.01250000 0.74380000 0.66830000
vn 0.01090000 0.77240000 0.63500000
vn -0.22340000 0.96280000 -0.15210000
vn -0.00000000 0.75400000 0.65690000
vn -0.34970000 0.92850000 -0.12450000
vn 0.00050000 0.68200000 0.73130000
vn -0.00000000 0.72380000 0.69000000
vn -0.00000000 0.75400000 0.65690000
vn 0.00200000 0.70160000 0.71260000
vn -0.04700000 0.74230000 0.66840000
vn -0.00000000 0.74320000 0.66910000
vn 0.01710000 0.78030000 0.62520000
vn 0.01090000 0.77240000 0.63500000
vn -0.00000000 0.68200000 0.73130000
vn 0.03880000 0.79860000 0.60070000
vn 0.02620000 0.78920000 0.61360000
vn 0.02620000 0.78920000 0.61360000
vn 0.01710000 0.78030000 0.62520000
vn -0.45620000 0.88730000 -0.06850000
vn -0.52930000 0.84830000 0.01400000
vn 0.00070000 0.85420000 0.51990000
vn -0.00000000 0.84140000 0.54040000
vn -0.01960000 0.84400000 0.53590000
vn 0.00260000 0.85410000 0.52010000
vn 0.03960000 0.82560000 0.56290000
vn -0.03180000 0.84010000 0.54150000
vn 0.00010000 0.80090000 0.59890000
vn -0.00000000 0.84140000 0.54040000
vn -0.01960000 0.84400000 0.53590000
vn 0.03960000 0.82560000 0.56290000
vn 0.00010000 0.80090000 0.59890000
vn -0.04700000 0.74230000 0.66840000
vn 0.02780000 0.81750000 0.57520000
vn -0.00000000 0.74320000 0.66910000
vn -0.00000000 0.80090000 0.59890000
vn -0.04490000 0.83700000 0.54540000
vn 0.02780000 0.81750000 0.57520000
vn 0.03960000 0.82560000 0.56290000
vn -0.03180000 0.84010000 0.54150000
vn -0.04490000 0.83700000 0.54540000
vn 0.03880000 0.79860000 0.60070000
vn -0.05710000 0.83540000 0.54660000
vn 0.02780000 0.81750000 0.57520000
vn -0.04700000 0.74230000 0.66840000
vn -1.00000000 -0.00000000 -0.00000000
vn -0.05710000 0.83540000 0.54660000
vn -0.52760000 0.84950000 -0.00930000
vn -0.60180000 0.79640000 0.05920000
vn -0.52930000 0.84830000 0.01400000
vn -0.58230000 0.81120000 0.05360000
vn -0.57820000 0.81470000 0.04460000
vn 0.03880000 0.79860000 0.60070000
vn 0.02620000 0.78920000 0.61360000
vn -0.00000000 0.72380000 0.69000000
vn -0.00000000 0.75400000 0.65690000
vn 0.00550000 0.74860000 0.66290000
vn -0.00000000 0.75030000 0.66110000
vn 0.00130000 0.74970000 0.66180000
vn 0.01330000 0.74780000 0.66370000
vn 0.01250000 0.74380000 0.66830000
vn -0.71300000 0.52440000 0.46550000
vn -0.79020000 0.44370000 0.42270000
vn -0.02470000 0.98400000 -0.17650000
vn -0.07610000 0.98470000 -0.15680000
vn -0.18130000 0.95850000 -0.21990000
vn 0.01250000 0.74380000 0.66830000
vn 0.00130000 0.74970000 0.66180000
vn 0.00130000 0.74970000 0.66180000
vn -0.02470000 0.98400000 -0.17650000
vn -0.00000000 0.75030000 0.66110000
vn -0.00000000 0.98430000 -0.17650000
vn -0.10330000 0.97900000 -0.17560000
vn -0.00000000 0.75030000 0.66110000
vn -0.10780000 0.97950000 -0.17010000
vn -0.00000000 0.98430000 -0.17650000
vn 0.00550000 0.74860000 0.66290000
vn -0.28470000 0.94950000 -0.13200000
vn 0.00550000 0.74860000 0.66290000
vn -0.27110000 0.94720000 -0.17130000
vn -0.10780000 0.97950000 -0.17010000
vn 0.01330000 0.74780000 0.66370000
vn 0.01330000 0.74780000 0.66370000
vn -0.27110000 0.94720000 -0.17130000
vn -0.71300000 0.52440000 0.46550000
vn -0.00000000 0.98040000 0.19710000
vn 0.00790000 0.99420000 0.10720000
vn -0.00270000 0.98550000 0.16960000
vn -0.00000000 0.99420000 0.10720000
vn -0.70570000 0.36240000 0.60890000
vn 0.01650000 0.43150000 0.90200000
vn -0.00000000 0.38400000 0.92330000
vn -0.00000000 0.46300000 0.88640000
vn -0.01150000 0.51140000 0.85930000
vn -0.70710000 0.30520000 0.63790000
vn -0.70640000 0.36160000 0.60860000
vn -0.00000000 0.54160000 0.84070000
vn 0.00030000 0.54160000 0.84070000
vn -0.01150000 0.51140000 0.85930000
vn -0.00000000 0.46300000 0.88640000
vn -0.01150000 0.51140000 0.85930000
vn -0.70710000 0.41530000 0.57230000
vn -0.70570000 0.36240000 0.60890000
vn 0.00030000 0.54160000 0.84070000
vn -0.00000000 0.58730000 0.80940000
vn 0.00030000 0.54160000 0.84070000
vn -0.00000000 0.58730000 0.80940000
vn 0.00210000 0.56720000 0.82360000
vn -0.00000000 0.54160000 0.84070000
vn -0.00000000 0.61280000 0.79030000
vn -0.00000000 0.58730000 0.80940000
vn -0.70710000 0.41530000 0.57230000
vn -0.01090000 0.65820000 0.75280000
vn -0.00000000 0.61280000 0.79030000
vn -0.70680000 0.45930000 0.53790000
vn -0.69720000 0.47190000 0.53970000
vn -0.01090000 0.65820000 0.75280000
vn -0.00000000 0.61280000 0.79030000
vn -0.00000000 0.68200000 0.73130000
vn 0.00050000 0.68200000 0.73130000
vn -0.71340000 0.52350000 0.46590000
vn -0.69720000 0.47190000 0.53970000
vn -0.70230000 0.53310000 0.47180000
vn -0.70610000 0.52250000 0.47800000
vn -0.79020000 0.44370000 0.42270000
vn -0.00000000 0.72380000 0.69000000
vn 0.00050000 0.68200000 0.73130000
vn -0.70750000 0.51000000 0.48920000
vn -0.01090000 0.65820000 0.75280000
vn -0.69850000 0.53930000 0.47040000
vn -0.70620000 0.50280000 0.49840000
vn -0.70570000 -0.13320000 0.69590000
vn -0.00000000 -0.05320000 0.99860000
vn -0.01230000 -0.00780000 0.99990000
vn -0.70570000 -0.00550000 0.70850000
vn -0.01220000 -0.18790000 0.98210000
vn -0.00000000 -0.14010000 0.99010000
vn -0.70560000 -0.13320000 0.69590000
vn -0.01230000 -0.00780000 0.99990000
vn -0.00000000 -0.05320000 0.99860000
vn -0.00000000 0.03770000 0.99930000
vn -0.70570000 -0.00550000 0.70850000
vn -0.01230000 -0.00780000 0.99990000
vn -0.00010000 0.17260000 0.98500000
vn -0.00000000 0.03770000 0.99930000
vn -0.70570000 0.12230000 0.69790000
vn -0.00010000 0.17260000 0.98500000
vn -0.02640000 0.12460000 0.99190000
vn 0.00230000 0.07940000 0.99680000
vn -0.00000000 0.12460000 0.99220000
vn -0.00000000 0.03770000 0.99930000
vn -0.00010000 0.17260000 0.98500000
vn -0.70560000 0.12230000 0.69790000
vn -0.70570000 0.12230000 0.69790000
vn 0.01440000 0.26160000 0.96510000
vn -0.02640000 0.12460000 0.99190000
vn -0.70710000 0.18490000 0.68250000
vn 0.01440000 0.26160000 0.96510000
vn -0.02640000 0.12460000 0.99190000
vn -0.00000000 0.12460000 0.99220000
vn -0.00000000 0.21420000 0.97680000
vn -0.70610000 0.24600000 0.66400000
vn -0.00000000 0.34780000 0.93760000
vn -0.70710000 0.18490000 0.68250000
vn -0.00000000 0.21420000 0.97680000
vn 0.01440000 0.26160000 0.96510000
vn -0.70570000 0.24640000 0.66430000
vn 0.00230000 0.25130000 0.96790000
vn -0.00000000 0.34780000 0.93760000
vn -0.02810000 0.29840000 0.95400000
vn -0.00000000 0.29850000 0.95440000
vn -0.00000000 0.21420000 0.97680000
vn 0.01650000 0.43150000 0.90200000
vn -0.02810000 0.29840000 0.95400000
vn -0.70710000 0.30520000 0.63790000
vn -0.70570000 0.24640000 0.66430000
vn -0.00000000 0.34780000 0.93760000
vn -0.00000000 0.29850000 0.95440000
vn -0.02810000 0.29840000 0.95400000
vn 0.01650000 0.43150000 0.90200000
vn -0.00000000 0.38400000 0.92330000
vn 0.00220000 0.41560000 0.90960000
vn -0.00000000 0.46300000 0.88640000
vn -0.00000000 0.38400000 0.92330000
vn -0.00000000 -0.73450000 0.67860000
vn -0.70840000 -0.51840000 0.47900000
vn -0.69720000 -0.48020000 0.53230000
vn 0.00050000 -0.69330000 0.72060000
vn -0.01090000 -0.66980000 0.74250000
vn 0.00050000 -0.69330000 0.72060000
vn -0.00000000 -0.69330000 0.72060000
vn -0.01090000 -0.66980000 0.74250000
vn -0.00000000 -0.62500000 0.78060000
vn -0.69720000 -0.48020000 0.53230000
vn -0.01090000 -0.66980000 0.74250000
vn -0.00000000 -0.62500000 0.78060000
vn -0.00000000 -0.59990000 0.80010000
vn -0.70710000 -0.42410000 0.56580000
vn -0.70680000 -0.46770000 0.53070000
vn -0.00000000 -0.62500000 0.78060000
vn -0.00000000 -0.59990000 0.80010000
vn -0.00000000 -0.55460000 0.83210000
vn 0.00210000 -0.57990000 0.81470000
vn 0.00030000 -0.55460000 0.83210000
vn -0.01150000 -0.52470000 0.85120000
vn -0.70570000 -0.37180000 0.60320000
vn 0.00030000 -0.55460000 0.83210000
vn -0.00000000 -0.59990000 0.80010000
vn -0.70710000 -0.42410000 0.56580000
vn -0.00000000 -0.47670000 0.87900000
vn 0.00030000 -0.55460000 0.83210000
vn -0.01150000 -0.52470000 0.85120000
vn -0.00000000 -0.55460000 0.83210000
vn -0.00000000 -0.44550000 0.89530000
vn -0.01150000 -0.52470000 0.85120000
vn -0.00000000 -0.47670000 0.87900000
vn -0.70570000 -0.37180000 0.60320000
vn -0.70640000 -0.37100000 0.60280000
vn -0.70710000 -0.31510000 0.63310000
vn 0.00020000 -0.39830000 0.91730000
vn -0.00000000 -0.44550000 0.89530000
vn -0.00000000 -0.47670000 0.87900000
vn 0.00220000 -0.42970000 0.90300000
vn -0.00000000 -0.39830000 0.91730000
vn -0.70570000 -0.25680000 0.66040000
vn -0.01190000 -0.36230000 0.93200000
vn 0.00020000 -0.39830000 0.91730000
vn -0.70710000 -0.31510000 0.63310000
vn -0.00000000 -0.44550000 0.89530000
vn 0.00020000 -0.39830000 0.91730000
vn -0.01190000 -0.36230000 0.93200000
vn -0.00000000 -0.39830000 0.91730000
vn -0.00000000 -0.31340000 0.94960000
vn -0.70710000 -0.19550000 0.67950000
vn -0.70570000 -0.25680000 0.66040000
vn -0.70610000 -0.25630000 0.66010000
vn -0.00000000 -0.31340000 0.94960000
vn -0.00000000 -0.27660000 0.96100000
vn -0.01190000 -0.36230000 0.93200000
vn -0.00000000 -0.22940000 0.97330000
vn -0.00000000 -0.27660000 0.96100000
vn 0.00010000 -0.22940000 0.97330000
vn 0.00230000 -0.26630000 0.96390000
vn -0.00000000 -0.31340000 0.94960000
vn -0.70570000 -0.13320000 0.69590000
vn -0.01220000 -0.18790000 0.98210000
vn -0.00000000 -0.27660000 0.96100000
vn 0.00010000 -0.22940000 0.97330000
vn -0.70710000 -0.19550000 0.67950000
vn -0.00000000 -0.22940000 0.97330000
vn 0.00010000 -0.22940000 0.97330000
vn -0.00000000 -0.14010000 0.99010000
vn -0.01220000 -0.18790000 0.98210000
vn 0.00230000 -0.09490000 0.99550000
vn -0.00000000 -0.14010000 0.99010000
vn -0.00000000 -0.05320000 0.99860000
vn -0.37820000 -0.37420000 0.84670000
vn -0.40610000 -0.38390000 0.82930000
vn -0.43790000 -0.38510000 0.81240000
vn -0.00000000 -0.92760000 0.37370000
vn -0.47300000 -0.37720000 0.79620000
vn 0.00030000 -0.92350000 0.38350000
vn -0.45620000 -0.38430000 0.80260000
vn -0.37680000 -0.37440000 0.84720000
vn -0.00000000 -0.93550000 0.35320000
vn 0.00220000 -0.93140000 0.36410000
vn -0.00000000 -0.92760000 0.37370000
vn -0.37820000 -0.37420000 0.84670000
vn -0.32350000 -0.36100000 0.87470000
vn -0.34520000 -0.37040000 0.86230000
vn -0.00000000 -0.96370000 0.26680000
vn -0.01260000 -0.96370000 0.26680000
vn 0.00220000 -0.93140000 0.36410000
vn -0.00000000 -0.93550000 0.35320000
vn -0.00000000 -0.95930000 0.28250000
vn -0.00000000 -0.96370000 0.26680000
vn -0.00000000 -0.98330000 0.18180000
vn 0.00140000 -0.96790000 0.25130000
vn -0.01260000 -0.96370000 0.26680000
vn -0.00310000 -0.98860000 0.15040000
vn 0.00820000 -0.99570000 0.09180000
vn -0.00000000 -0.98330000 0.18180000
vn -0.00000000 -0.99580000 0.09180000
vn 0.00110000 -0.99680000 0.07940000
vn -0.00000000 -0.99580000 0.09180000
vn -0.00520000 -0.99920000 0.03980000
vn -0.00000000 -1.00000000 0.00460000
vn 0.00820000 -0.99570000 0.09180000
vn 1.00000000 -0.00000000 -0.00000000
vn 0.00110000 -0.99680000 0.07940000
vn 0.00110000 -0.99550000 -0.09490000
vn -0.00000000 -0.99980000 -0.02020000
vn -0.00000000 -1.00000000 0.00460000
vn 0.00110000 -0.99550000 -0.09490000
vn -0.00000000 -0.98040000 -0.19710000
vn 1.00000000 -0.00000000 -0.00000000
vn 0.00140000 -0.96390000 -0.26630000
vn -0.00000000 -0.99420000 -0.10720000
vn -0.00000000 -0.95950000 -0.28180000
vn 0.00160000 -0.90300000 -0.42970000
vn -0.00000000 -0.92990000 -0.36780000
vn 0.00140000 -0.96390000 -0.26630000
vn 1.00000000 -0.00000000 -0.00000000
vn -0.00000000 -0.89430000 -0.44740000
vn 0.00180000 -0.81470000 -0.57990000
vn 1.00000000 -0.00000000 -0.00000000
vn 0.00160000 -0.90300000 -0.42970000
vn -0.00000000 -0.85000000 -0.52680000
vn 1.00000000 -0.00000000 -0.00000000
vn 0.00200000 -0.70160000 -0.71260000
vn 0.00180000 -0.81470000 -0.57990000
vn -0.00000000 -0.80090000 -0.59890000
vn -0.00000000 -0.74320000 -0.66910000
vn 1.00000000 -0.00000000 -0.00000000
vn 0.00200000 -0.70160000 -0.71260000
vn -0.00000000 -0.68200000 -0.73130000
vn -0.00000000 -0.61280000 -0.79030000
vn 0.00210000 -0.56720000 -0.82360000
vn 0.00210000 -0.56720000 -0.82360000
vn 0.00220000 -0.41560000 -0.90960000
vn -0.00000000 -0.54160000 -0.84070000
vn 1.00000000 -0.00000000 -0.00000000
vn -0.00000000 -0.46300000 -0.88640000
vn -0.00000000 -0.29850000 -0.95440000
vn 0.00230000 -0.25130000 -0.96790000
vn -0.00000000 -0.38400000 -0.92330000
vn 0.00220000 -0.41560000 -0.90960000
vn 1.00000000 -0.00000000 -0.00000000
vn -0.00000000 -0.21420000 -0.97680000
vn 0.00230000 -0.25130000 -0.96790000
vn 0.00230000 -0.07940000 -0.99680000
vn 1.00000000 -0.00000000 -0.00000000
vn -0.00000000 -0.12460000 -0.99220000
vn -0.00000000 -0.03770000 -0.99930000
vn 1.00000000 -0.00000000 -0.00000000
vn 0.00230000 0.09490000 -0.99550000
vn -0.00000000 0.05320000 -0.99860000
vn 0.00230000 -0.07940000 -0.99680000
vn 1.00000000 -0.00000000 -0.00000000
vn 0.00230000 0.09490000 -0.99550000
vn 0.00230000 0.26630000 -0.96390000
vn -0.00000000 0.22940000 -0.97330000
vn -0.00000000 0.14010000 -0.99010000
vn -0.00000000 0.39830000 -0.91730000
vn 0.00220000 0.42970000 -0.90300000
vn -0.00000000 0.31340000 -0.94960000
vn 1.00000000 -0.00000000 -0.00000000
vn 0.00230000 0.26630000 -0.96390000
vn -0.00000000 0.55460000 -0.83210000
vn -0.00000000 0.47670000 -0.87900000
vn 0.00220000 0.42970000 -0.90300000
vn 0.00210000 0.57990000 -0.81470000
vn 1.00000000 -0.00000000 -0.00000000
vn 0.00210000 0.57990000 -0.81470000
vn -0.00000000 0.69330000 -0.72060000
vn 1.00000000 -0.00000000 -0.00000000
vn -0.00000000 0.62500000 -0.78060000
vn 0.00200000 0.71260000 -0.70160000
vn -0.00000000 0.75350000 -0.65750000
vn 1.00000000 -0.00000000 -0.00000000
vn -0.00000000 0.81010000 -0.58630000
vn 0.00180000 0.82360000 -0.56720000
vn 0.00200000 0.71260000 -0.70160000
vn 0.00180000 0.82360000 -0.56720000
vn 0.00160000 0.90960000 -0.41560000
vn -0.00000000 0.90120000 -0.43340000
vn 1.00000000 -0.00000000 -0.00000000
vn -0.00000000 0.85810000 -0.51350000
vn -0.00000000 0.93550000 -0.35320000
vn 1.00000000 -0.00000000 -0.00000000
vn -0.00000000 0.96370000 -0.26680000
vn 0.00160000 0.90960000 -0.41560000
vn 0.00140000 0.96790000 -0.25130000
vn 0.00140000 0.96790000 -0.25130000
vn -0.00000000 0.99580000 -0.09180000
vn 0.00110000 0.99680000 -0.07940000
vn 1.00000000 -0.00000000 -0.00000000
vn -0.00000000 0.98330000 -0.18180000
vn -0.00000000 0.99980000 0.02020000
vn 0.00110000 0.99550000 0.09490000
vn 0.00110000 0.99680000 -0.07940000
vn -0.00000000 1.00000000 -0.00460000
vn 1.00000000 -0.00000000 -0.00000000
vn 1.00000000 -0.00000000 -0.00000000
vn -0.00000000 0.98040000 0.19710000
vn 0.00110000 0.99550000 0.09490000
vn -0.00000000 0.99420000 0.10720000
vn 0.00140000 0.96390000 0.26630000
vn 1.00000000 -0.00000000 -0.00000000
vn 0.00160000 0.90300000 0.42970000
vn 0.00140000 0.96390000 0.26630000
vn -0.00000000 0.95950000 0.28180000
vn -0.00000000 0.92990000 0.36780000
vn -0.00000000 0.89430000 0.44740000
vn 0.00160000 0.90300000 0.42970000
vn 0.00180000 0.81470000 0.57990000
vn 1.00000000 -0.00000000 -0.00000000
vn -0.00000000 0.85000000 0.52680000
vn 1.00000000 -0.00000000 -0.00000000
vn -0.00000000 0.80090000 0.59890000
vn 0.00180000 0.81470000 0.57990000
vn 0.00200000 0.70160000 0.71260000
vn -0.00000000 0.74320000 0.66910000
vn 0.00200000 0.70160000 0.71260000
vn 1.00000000 -0.00000000 -0.00000000
vn 0.00210000 0.56720000 0.82360000
vn -0.00000000 0.68200000 0.73130000
vn -0.00000000 0.61280000 0.79030000
vn -0.00000000 0.46300000 0.88640000
vn 0.00220000 0.41560000 0.90960000
vn 1.00000000 -0.00000000 -0.00000000
vn -0.00000000 0.54160000 0.84070000
vn 0.00210000 0.56720000 0.82360000
vn -0.00000000 0.38400000 0.92330000
vn -0.00000000 0.29850000 0.95440000
vn 0.00220000 0.41560000 0.90960000
vn 0.00230000 0.25130000 0.96790000
vn 1.00000000 -0.00000000 -0.00000000
vn -0.00000000 0.21420000 0.97680000
vn 0.00230000 0.07940000 0.99680000
vn -0.00000000 0.12460000 0.99220000
vn 0.00230000 0.25130000 0.96790000
vn 1.00000000 -0.00000000 -0.00000000
vn -0.00000000 0.03770000 0.99930000
vn 0.00230000 0.07940000 0.99680000
vn 0.00230000 -0.09490000 0.99550000
vn -0.00000000 -0.05320000 0.99860000
vn 1.00000000 -0.00000000 -0.00000000
vn -0.00000000 -0.22940000 0.97330000
vn -0.00000000 -0.14010000 0.99010000
vn 0.00230000 -0.26630000 0.96390000
vn 0.00230000 -0.09490000 0.99550000
vn 1.00000000 -0.00000000 -0.00000000
vn 1.00000000 -0.00000000 -0.00000000
vn -0.00000000 -0.31340000 0.94960000
vn 0.00230000 -0.26630000 0.96390000
vn 0.00220000 -0.42970000 0.90300000
vn -0.00000000 -0.39830000 0.91730000
vn 0.00210000 -0.57990000 0.81470000
vn 1.00000000 -0.00000000 -0.00000000
vn -0.00000000 -0.47670000 0.87900000
vn 0.00220000 -0.42970000 0.90300000
vn -0.00000000 -0.55460000 0.83210000
vn 0.00200000 -0.71260000 0.70160000
vn 1.00000000 -0.00000000 -0.00000000
vn 0.00210000 -0.57990000 0.81470000
vn -0.00000000 -0.62500000 0.78060000
vn -0.00000000 -0.69330000 0.72060000
vn 0.00180000 -0.82360000 0.56720000
vn 1.00000000 -0.00000000 -0.00000000
vn -0.00000000 -0.81010000 0.58630000
vn 0.00200000 -0.71260000 0.70160000
vn -0.00000000 -0.75350000 0.65750000
vn 0.00180000 -0.82360000 0.56720000
vn 1.00000000 -0.00000000 -0.00000000
vn 0.00160000 -0.90960000 0.41560000
vn -0.00000000 -0.85810000 0.51350000
vn -0.00000000 -0.90120000 0.43340000
vn 0.00160000 -0.90960000 0.41560000
vn 0.00140000 -0.96790000 0.25130000
vn -0.00000000 -0.96370000 0.26680000
vn -0.00000000 -0.93550000 0.35320000
vn 1.00000000 -0.00000000 -0.00000000
vn 0.00110000 -0.99680000 0.07940000
vn 0.00140000 -0.96790000 0.25130000
vn -0.00000000 -0.99580000 0.09180000
vn 1.00000000 -0.00000000 -0.00000000
vn -0.00000000 -0.98330000 0.18180000
vn -1.00000000 -0.00000000 -0.00000000
vn -0.05400000 -0.84400000 0.53370000
vn -0.04490000 -0.89080000 0.45220000
vn -0.02350000 -0.88780000 0.45970000
vn 0.00070000 -0.87740000 0.47980000
vn -0.00070000 -0.86060000 0.50920000
vn -1.00000000 -0.00000000 -0.00000000
vn -0.02190000 -0.85160000 0.52370000
vn -0.05710000 -0.89110000 0.45020000
vn -0.03600000 -0.84720000 0.53010000
vn -0.63780000 -0.76630000 0.07780000
vn -1.00000000 -0.00000000 -0.00000000
vn -0.59630000 -0.80090000 0.05400000
vn -0.61420000 -0.78600000 0.07120000
vn -0.59240000 -0.80460000 0.04110000
vn -0.86460000 -0.24780000 -0.43710000
vn -1.00000000 -0.00000000 -0.00000000
vn -0.63780000 -0.76630000 0.07780000
vn -0.81750000 -0.28900000 -0.49820000
vn -0.00000000 -0.86990000 0.49320000
vn -1.00000000 -0.00000000 -0.00000000
vn -0.78260000 -0.31760000 -0.53540000
vn -0.78860000 -0.31410000 -0.52870000
vn -0.86460000 -0.24780000 -0.43710000
vn -0.84270000 -0.26710000 -0.46740000
vn -0.75800000 -0.34020000 -0.55660000
vn -0.81810000 0.27880000 0.50300000
vn -0.78930000 0.29220000 0.54000000
vn -1.00000000 -0.00000000 -0.00000000
vn -0.86470000 0.24770000 0.43690000
vn -0.00000000 -0.86990000 0.49320000
vn -0.78120000 0.29510000 0.55010000
vn -0.84310000 0.26370000 0.46860000
vn -0.86470000 0.24770000 0.43690000
vn -1.00000000 -0.00000000 -0.00000000
vn -0.63870000 -0.46030000 0.61660000
vn -1.00000000 -0.00000000 -0.00000000
vn -0.01960000 0.84400000 0.53590000
vn 0.00070000 0.85420000 0.51990000
vn -0.03180000 0.84010000 0.54150000
vn -0.04490000 0.83700000 0.54540000
vn -0.00070000 0.87130000 0.49070000
vn -0.05400000 0.88410000 0.46410000
vn -0.02930000 0.88200000 0.47030000
vn -0.05710000 0.83540000 0.54660000
vn -1.00000000 -0.00000000 -0.00000000
vn -1.00000000 -0.00000000 -0.00000000
vn -0.86460000 -0.25460000 0.43320000
vn -1.00000000 -0.00000000 -0.00000000
vn -0.63780000 0.45050000 0.62470000
vn -0.86460000 -0.25460000 0.43320000
vn -0.78260000 -0.30490000 0.54280000
vn -0.84270000 -0.27130000 0.46510000
vn -0.78860000 -0.30090000 0.53630000
vn -0.75800000 -0.31190000 0.57290000
vn -0.81750000 -0.28690000 0.49940000
vn -1.00000000 -0.00000000 -0.00000000
vn -0.00000000 0.86210000 0.50670000
vn -0.00000000 0.86210000 0.50670000
vn -0.78930000 0.32150000 -0.52300000
vn -1.00000000 -0.00000000 -0.00000000
vn -0.86470000 0.25450000 -0.43300000
vn -0.84310000 0.27400000 -0.46270000
vn -0.78120000 0.32880000 -0.53060000
vn -0.81810000 0.29630000 -0.49290000
vn -0.63870000 0.76420000 0.09030000
vn -0.86470000 0.25450000 -0.43300000
vn -1.00000000 -0.00000000 -0.00000000
vn -1.00000000 -0.00000000 -0.00000000
vn -0.05610000 0.05550000 -0.99690000
vn -0.05990000 0.05570000 -0.99670000
vn -0.02350000 0.04570000 -0.99870000
vn 0.00070000 0.02310000 -0.99970000
vn -0.05990000 -0.04010000 -0.99740000
vn -0.05290000 -0.03990000 -0.99780000
vn -1.00000000 -0.00000000 -0.00000000
vn -0.00070000 -0.01070000 -0.99990000
vn -0.02930000 -0.03370000 -0.99900000
vn -0.04490000 0.05380000 -0.99750000
vn -1.00000000 -0.00000000 -0.00000000
vn -1.00000000 -0.00000000 -0.00000000
vn -0.86470000 0.50230000 0.00390000
vn -0.63790000 0.31570000 -0.70240000
vn -0.00000000 0.00780000 -1.00000000
vn -0.78890000 0.61450000 -0.00750000
vn -0.81770000 0.57560000 -0.00120000
vn -0.78260000 0.62250000 -0.00940000
vn -1.00000000 -0.00000000 -0.00000000
vn -0.84290000 0.53810000 0.00240000
vn -0.86470000 0.50230000 0.00390000
vn -1.00000000 -0.00000000 -0.00000000
vn -0.81780000 -0.57540000 -0.01010000
vn -0.78120000 -0.62400000 -0.01760000
vn -0.86470000 -0.50230000 -0.00390000
vn -0.75850000 -0.65110000 -0.02630000
vn -0.78910000 -0.61400000 -0.01700000
vn -0.84300000 -0.53790000 -0.00600000
vn -0.00000000 0.00780000 -1.00000000
vn -0.63860000 -0.30390000 -0.70700000
vn -0.86470000 -0.50230000 -0.00390000
vn -1.00000000 -0.00000000 -0.00000000
vn -0.16790000 0.48620000 0.85750000
vn -0.09910000 0.46850000 0.87790000
vn -0.07610000 -0.35650000 0.93120000
vn -0.02470000 -0.33920000 0.94040000
vn -0.00000000 -0.33930000 0.94070000
vn -0.00000000 0.49320000 0.86990000
vn -0.10330000 -0.33750000 0.93570000
vn -0.13750000 0.48860000 0.86160000
vn -0.00000000 0.49320000 0.86990000
vn -0.00000000 -0.33930000 0.94070000
vn -0.52760000 -0.41670000 0.74030000
vn -0.78120000 0.29510000 0.55010000
vn -0.57820000 -0.44600000 0.68320000
vn -0.78930000 0.29220000 0.54000000
vn -0.70740000 0.35150000 0.61320000
vn -0.52760000 -0.41670000 0.74030000
vn -0.61590000 0.38690000 0.68620000
vn -0.70740000 0.35150000 0.61320000
vn -0.52930000 -0.43630000 0.72760000
vn -0.45620000 -0.38430000 0.80260000
vn -0.47300000 -0.37720000 0.79620000
vn -0.61460000 -0.46490000 0.63730000
vn -0.63870000 -0.46030000 0.61660000
vn -0.63870000 -0.46030000 0.61660000
vn -0.61460000 -0.46490000 0.63730000
vn -0.58230000 -0.45210000 0.67570000
vn -0.60190000 -0.44950000 0.66010000
vn -0.84310000 0.26370000 0.46860000
vn -0.81810000 0.27880000 0.50300000
vn -0.61460000 -0.46490000 0.63730000
vn -0.58230000 -0.45210000 0.67570000
vn -0.57820000 -0.44600000 0.68320000
vn -0.60190000 -0.44950000 0.66010000
vn -0.47300000 -0.37720000 0.79620000
vn -0.43790000 -0.38510000 0.81240000
vn -0.57700000 0.39720000 0.71360000
vn -0.40610000 -0.38390000 0.82930000
vn -0.53680000 0.40430000 0.74050000
vn -0.43790000 -0.38510000 0.81240000
vn -0.37820000 -0.37420000 0.84670000
vn -0.37680000 -0.37440000 0.84720000
vn -0.40610000 -0.38390000 0.82930000
vn -0.37680000 -0.37440000 0.84720000
vn -0.45350000 0.40880000 0.79200000
vn -0.49530000 0.40820000 0.76680000
vn -0.34520000 -0.37040000 0.86230000
vn -0.50780000 0.41070000 0.75730000
vn -0.45350000 0.40880000 0.79200000
vn -0.40340000 0.44890000 0.79730000
vn -0.31010000 -0.36320000 0.87860000
vn -0.32350000 -0.36100000 0.87470000
vn -0.34520000 -0.37040000 0.86230000
vn -0.40340000 0.44890000 0.79730000
vn -0.22340000 -0.34970000 0.90980000
vn -0.31010000 -0.36320000 0.87860000
vn -0.28730000 0.47560000 0.83140000
vn -0.22340000 -0.34970000 0.90980000
vn -0.28730000 0.47560000 0.83140000
vn -0.09910000 0.46850000 0.87790000
vn -0.18130000 -0.28890000 0.94000000
vn -0.07610000 -0.35650000 0.93120000
vn -0.63780000 -0.76630000 0.07780000
vn -0.61420000 -0.78600000 0.07120000
vn -0.46230000 -0.88440000 -0.06360000
vn -0.61540000 -0.39070000 -0.68460000
vn -0.57620000 -0.40930000 -0.70750000
vn -0.43700000 -0.89550000 -0.08490000
vn -0.65320000 -0.37340000 -0.65870000
vn -0.49020000 -0.87020000 -0.05060000
vn -0.61540000 -0.39070000 -0.68460000
vn -0.46230000 -0.88440000 -0.06360000
vn -0.49020000 -0.87020000 -0.05060000
vn -0.52090000 -0.85260000 -0.04290000
vn -0.52010000 -0.85290000 -0.04530000
vn -0.68960000 -0.35730000 -0.62990000
vn -0.72430000 -0.34250000 -0.59840000
vn -0.52090000 -0.85260000 -0.04290000
vn -0.53770000 -0.84310000 -0.01150000
vn -0.56160000 -0.82720000 0.01660000
vn -0.53770000 -0.84310000 -0.01150000
vn -0.55830000 -0.82960000 0.01070000
vn -0.55830000 -0.82960000 0.01070000
vn -0.78860000 -0.31410000 -0.52870000
vn -0.75800000 -0.34020000 -0.55660000
vn -0.57820000 -0.81530000 0.03210000
vn -0.57020000 -0.82120000 0.02290000
vn -0.57820000 -0.81530000 0.03210000
vn -0.59240000 -0.80460000 0.04110000
vn -0.59630000 -0.80090000 0.05400000
vn -0.81750000 -0.28900000 -0.49820000
vn -0.59630000 -0.80090000 0.05400000
vn -0.84270000 -0.26710000 -0.46740000
vn -0.61420000 -0.78600000 0.07120000
vn -0.34440000 -0.93030000 -0.12630000
vn -0.31150000 -0.94000000 -0.13890000
vn -0.49440000 -0.44970000 -0.74390000
vn -0.37970000 -0.91700000 -0.12240000
vn -0.34440000 -0.93030000 -0.12630000
vn -0.45040000 -0.44770000 -0.77250000
vn -0.51050000 -0.44100000 -0.73810000
vn -0.40810000 -0.90420000 -0.12590000
vn -0.41360000 -0.90310000 -0.11550000
vn -0.37970000 -0.91700000 -0.12240000
vn -0.57620000 -0.40930000 -0.70750000
vn -0.41360000 -0.90310000 -0.11550000
vn -0.43700000 -0.89550000 -0.08490000
vn -0.53580000 -0.42900000 -0.72720000
vn -0.31150000 -0.94000000 -0.13890000
vn -0.29040000 -0.46840000 -0.83450000
vn -0.40580000 -0.45340000 -0.79350000
vn -0.22380000 -0.96190000 -0.15710000
vn -0.25650000 -0.95030000 -0.17660000
vn -0.22380000 -0.96190000 -0.15710000
vn -0.07660000 -0.97850000 -0.19130000
vn -0.16890000 -0.49940000 -0.84980000
vn -0.09800000 -0.49090000 -0.86570000
vn -0.08640000 -0.97590000 -0.20040000
vn -0.29040000 -0.46840000 -0.83450000
vn -0.07660000 -0.97850000 -0.19130000
vn -0.00000000 -0.98140000 -0.19180000
vn -0.00000000 -0.49320000 -0.86990000
vn -0.09800000 -0.49090000 -0.86570000
vn -0.10110000 -0.97750000 -0.18490000
vn -0.10830000 -0.97570000 -0.19070000
vn -0.00000000 -0.49320000 -0.86990000
vn -0.00000000 -0.98140000 -0.19180000
vn -0.13530000 -0.48870000 -0.86190000
vn -0.00000000 0.98430000 -0.17650000
vn -0.02470000 0.98400000 -0.17650000
vn -0.07610000 0.98470000 -0.15680000
vn -0.16790000 0.49950000 -0.84990000
vn -0.09910000 0.52600000 -0.84470000
vn -0.00000000 0.50670000 -0.86210000
vn -0.10330000 0.97900000 -0.17560000
vn -0.00000000 0.98430000 -0.17650000
vn -0.00000000 0.50670000 -0.86210000
vn -0.13740000 0.50190000 -0.85390000
vn -0.57820000 0.81470000 0.04460000
vn -0.60180000 0.79640000 0.05920000
vn -0.84310000 0.27400000 -0.46270000
vn -0.81810000 0.29630000 -0.49290000
vn -0.61460000 0.78430000 0.08400000
vn -0.60180000 0.79640000 0.05920000
vn -0.58230000 0.81120000 0.05360000
vn -0.58230000 0.81120000 0.05360000
vn -0.61460000 0.78430000 0.08400000
vn -0.63870000 0.76420000 0.09030000
vn -0.63870000 0.76420000 0.09030000
vn -0.61460000 0.78430000 0.08400000
vn -0.57820000 0.81470000 0.04460000
vn -0.52760000 0.84950000 -0.00930000
vn -0.78930000 0.32150000 -0.52300000
vn -0.78120000 0.32880000 -0.53060000
vn -0.70740000 0.35530000 -0.61100000
vn -0.47300000 0.87820000 -0.07150000
vn -0.61590000 0.40080000 -0.67820000
vn -0.70740000 0.35530000 -0.61100000
vn -0.52760000 0.84950000 -0.00930000
vn -0.45620000 0.88730000 -0.06850000
vn -0.52930000 0.84830000 0.01400000
vn -0.47300000 0.87820000 -0.07150000
vn -0.43790000 0.89610000 -0.07270000
vn -0.57700000 0.41940000 -0.70080000
vn -0.43790000 0.89610000 -0.07270000
vn -0.40610000 0.91010000 -0.08210000
vn -0.53680000 0.43910000 -0.72040000
vn -0.50780000 0.45050000 -0.73430000
vn -0.45340000 0.48150000 -0.75010000
vn -0.40340000 0.46610000 -0.78740000
vn -0.34970000 0.92850000 -0.12450000
vn -0.31010000 0.94250000 -0.12470000
vn -0.49540000 0.45990000 -0.73690000
vn -0.37700000 0.92080000 -0.10000000
vn -0.34970000 0.92850000 -0.12450000
vn -0.45340000 0.48150000 -0.75010000
vn -0.35170000 0.92770000 -0.12500000
vn -0.40610000 0.91010000 -0.08210000
vn -0.37700000 0.92080000 -0.10000000
vn -0.22340000 0.96280000 -0.15210000
vn -0.40340000 0.46610000 -0.78740000
vn -0.28730000 0.48220000 -0.82760000
vn -0.31010000 0.94250000 -0.12470000
vn -0.07610000 0.98470000 -0.15680000
vn -0.18130000 0.95850000 -0.21990000
vn -0.22340000 0.96280000 -0.15210000
vn -0.28730000 0.48220000 -0.82760000
vn -0.09910000 0.52600000 -0.84470000
vn -0.59230000 0.43790000 0.67630000
vn -0.63780000 0.45050000 0.62470000
vn -0.59630000 0.44720000 0.66660000
vn -0.61410000 0.45470000 0.64510000
vn -0.61410000 0.45470000 0.64510000
vn -0.63780000 0.45050000 0.62470000
vn -0.43740000 0.37330000 0.81810000
vn -0.46250000 0.38680000 0.79780000
vn -0.65320000 -0.38380000 0.65270000
vn -0.49010000 0.39150000 0.77880000
vn -0.46250000 0.38680000 0.79780000
vn -0.61540000 -0.39750000 0.68070000
vn -0.52030000 0.38780000 0.76090000
vn -0.52080000 0.38920000 0.75980000
vn -0.49010000 0.39150000 0.77880000
vn -0.68960000 -0.36690000 0.62440000
vn -0.53760000 0.41170000 0.73590000
vn -0.72430000 -0.34700000 0.59580000
vn -0.52080000 0.38920000 0.75980000
vn -0.53760000 0.41170000 0.73590000
vn -0.55830000 0.42400000 0.71310000
vn -0.56190000 0.42820000 0.70780000
vn -0.78860000 -0.30090000 0.53630000
vn -0.55830000 0.42400000 0.71310000
vn -0.57010000 0.43060000 0.69970000
vn -0.57820000 0.43540000 0.68990000
vn -0.75800000 -0.31190000 0.57290000
vn -0.59230000 0.43790000 0.67630000
vn -0.59630000 0.44720000 0.66660000
vn -0.57820000 0.43540000 0.68990000
vn -0.59630000 0.44720000 0.66660000
vn -0.84270000 -0.27130000 0.46510000
vn -0.81750000 -0.28690000 0.49940000
vn -0.61410000 0.45470000 0.64510000
vn -0.53580000 -0.41530000 0.73520000
vn -0.42290000 0.35880000 0.83210000
vn -0.43740000 0.37330000 0.81810000
vn -0.40970000 0.36160000 0.83750000
vn -0.57620000 -0.40800000 0.70820000
vn -0.37700000 0.36000000 0.85340000
vn -0.40970000 0.36160000 0.83750000
vn -0.36260000 0.35490000 0.86170000
vn -0.34540000 0.35240000 0.86980000
vn -0.37700000 0.36000000 0.85340000
vn -0.45040000 -0.44520000 0.77390000
vn -0.51050000 -0.41870000 0.75100000
vn -0.49440000 -0.41930000 0.76140000
vn -0.31280000 0.34530000 0.88480000
vn -0.34100000 0.35040000 0.87230000
vn -0.34540000 0.35240000 0.86980000
vn -0.22440000 0.34220000 0.91250000
vn -0.29040000 -0.48850000 0.82280000
vn -0.40580000 -0.46050000 0.78940000
vn -0.31280000 0.34530000 0.88480000
vn -0.25830000 0.31820000 0.91220000
vn -0.29040000 -0.48850000 0.82280000
vn -0.22440000 0.34220000 0.91250000
vn -0.16890000 -0.48620000 0.85740000
vn -0.09800000 -0.50430000 0.85800000
vn -0.07660000 0.32360000 0.94310000
vn -0.08750000 0.31330000 0.94560000
vn -0.00000000 0.32460000 0.94590000
vn -0.09800000 -0.50430000 0.85800000
vn -0.00000000 -0.50670000 0.86210000
vn -0.07660000 0.32360000 0.94310000
vn -0.10110000 0.32870000 0.93900000
vn -0.13530000 -0.50210000 0.85420000
vn -0.00000000 0.32460000 0.94590000
vn -0.10830000 0.32270000 0.94030000
vn -0.00000000 -0.50670000 0.86210000
vn -0.59240000 0.36670000 -0.71740000
vn -0.59650000 0.35340000 -0.72070000
vn -0.61430000 0.33120000 -0.71620000
vn -0.63790000 0.31570000 -0.70240000
vn -0.63790000 0.31570000 -0.70240000
vn -0.61430000 0.33120000 -0.71620000
vn -0.57010000 0.39060000 -0.72280000
vn -0.78890000 0.61450000 -0.00750000
vn -0.57840000 0.37960000 -0.72210000
vn -0.52140000 0.44920000 -0.72550000
vn -0.78260000 0.62250000 -0.00940000
vn -0.53100000 0.44920000 -0.71850000
vn -0.70700000 0.70720000 0.00910000
vn -0.57840000 0.37960000 -0.72210000
vn -0.59240000 0.36670000 -0.71740000
vn -0.59650000 0.35340000 -0.72070000
vn -0.81770000 0.57560000 -0.00120000
vn -0.84290000 0.53810000 0.00240000
vn -0.61430000 0.33120000 -0.71620000
vn -0.59650000 0.35340000 -0.72070000
vn -0.46260000 0.49740000 -0.73390000
vn -0.53100000 0.44920000 -0.71850000
vn -0.61560000 0.78810000 0.00390000
vn -0.70700000 0.70720000 0.00910000
vn -0.49470000 0.86890000 -0.01750000
vn -0.51050000 0.85980000 -0.01290000
vn -0.45060000 0.89270000 -0.00150000
vn -0.34660000 0.57940000 -0.73770000
vn -0.37720000 0.55900000 -0.73840000
vn -0.40990000 0.54450000 -0.73180000
vn -0.37720000 0.55900000 -0.73840000
vn -0.42290000 0.54120000 -0.72680000
vn -0.43750000 0.52170000 -0.73240000
vn -0.40990000 0.54450000 -0.73180000
vn -0.57630000 0.81720000 -0.00070000
vn -0.53600000 0.84420000 -0.00790000
vn -0.46260000 0.49740000 -0.73390000
vn -0.43750000 0.52170000 -0.73240000
vn -0.31290000 0.59360000 -0.74150000
vn -0.34660000 0.57940000 -0.73770000
vn -0.35060000 0.57560000 -0.73880000
vn -0.31290000 0.59360000 -0.74150000
vn -0.40600000 0.91390000 0.00410000
vn -0.25830000 0.63080000 -0.73170000
vn -0.22450000 0.61910000 -0.75250000
vn -0.29050000 0.95680000 0.01160000
vn -0.29050000 0.95680000 0.01160000
vn -0.09810000 0.99510000 0.00770000
vn -0.16890000 0.98560000 -0.00760000
vn -0.07670000 0.65490000 -0.75180000
vn -0.22450000 0.61910000 -0.75250000
vn -0.08750000 0.66220000 -0.74420000
vn -0.00000000 0.65680000 -0.75400000
vn -0.09810000 0.99510000 0.00770000
vn -0.07670000 0.65490000 -0.75180000
vn -0.00000000 1.00000000 0.00780000
vn -0.07600000 -0.62820000 -0.77430000
vn -0.00000000 -1.00000000 -0.00780000
vn -0.09910000 -0.99450000 -0.03320000
vn -0.16790000 -0.98580000 -0.00770000
vn -0.00000000 -0.64500000 -0.76420000
vn -0.02470000 -0.64480000 -0.76390000
vn -0.00000000 -0.64500000 -0.76420000
vn -0.00000000 -1.00000000 -0.00780000
vn -0.10330000 -0.64160000 -0.76010000
vn -0.13740000 -0.99050000 -0.00770000
vn -0.60170000 -0.34710000 -0.71940000
vn -0.57800000 -0.36890000 -0.72790000
vn -0.61440000 -0.31960000 -0.72130000
vn -0.60170000 -0.34710000 -0.71940000
vn -0.84300000 -0.53790000 -0.00600000
vn -0.81780000 -0.57540000 -0.01010000
vn -0.58250000 -0.35900000 -0.72920000
vn -0.63860000 -0.30390000 -0.70700000
vn -0.61440000 -0.31960000 -0.72130000
vn -0.58250000 -0.35900000 -0.72920000
vn -0.63860000 -0.30390000 -0.70700000
vn -0.61440000 -0.31960000 -0.72130000
vn -0.57800000 -0.36890000 -0.72790000
vn -0.55840000 -0.39460000 -0.72970000
vn -0.78910000 -0.61400000 -0.01700000
vn -0.75850000 -0.65110000 -0.02630000
vn -0.55840000 -0.39460000 -0.72970000
vn -0.54200000 -0.42580000 -0.72450000
vn -0.54290000 -0.42550000 -0.72400000
vn -0.51430000 -0.44230000 -0.73480000
vn -0.68960000 -0.72410000 -0.00590000
vn -0.72450000 -0.68920000 -0.00860000
vn -0.54290000 -0.42550000 -0.72400000
vn -0.48900000 -0.46390000 -0.73870000
vn -0.51430000 -0.44230000 -0.73480000
vn -0.45620000 -0.50300000 -0.73410000
vn -0.65330000 -0.75710000 -0.00570000
vn -0.48900000 -0.46390000 -0.73870000
vn -0.47280000 -0.50100000 -0.72490000
vn -0.61560000 -0.78800000 -0.00800000
vn -0.47280000 -0.50100000 -0.72490000
vn -0.43770000 -0.51110000 -0.73970000
vn -0.43770000 -0.51110000 -0.73970000
vn -0.53660000 -0.84360000 -0.02010000
vn -0.40590000 -0.52630000 -0.74710000
vn -0.57680000 -0.81680000 -0.01280000
vn -0.37690000 -0.54710000 -0.74740000
vn -0.40590000 -0.52630000 -0.74710000
vn -0.45240000 -0.89080000 -0.04220000
vn -0.34910000 -0.57210000 -0.74220000
vn -0.35170000 -0.57210000 -0.74090000
vn -0.37690000 -0.54710000 -0.74740000
vn -0.49510000 -0.86830000 -0.02990000
vn -0.31290000 -0.57900000 -0.75290000
vn -0.34910000 -0.57210000 -0.74220000
vn -0.37960000 -0.92510000 -0.00870000
vn -0.31290000 -0.57900000 -0.75290000
vn -0.40610000 -0.91380000 -0.01030000
vn -0.29320000 -0.58660000 -0.75500000
vn -0.29320000 -0.58660000 -0.75500000
vn -0.37960000 -0.92510000 -0.00870000
vn -0.28720000 -0.95780000 -0.00380000
vn -0.22320000 -0.61340000 -0.75760000
vn -0.18130000 -0.66970000 -0.72020000
vn -0.09910000 -0.99450000 -0.03320000
vn -0.07600000 -0.62820000 -0.77430000
vn -0.22320000 -0.61340000 -0.75760000
vn -0.28720000 -0.95780000 -0.00380000
vn -0.13530000 0.99080000 0.00770000
vn -0.10830000 0.65300000 -0.74960000
vn -0.10110000 0.64890000 -0.75410000
vn -0.00000000 0.65680000 -0.75400000
vn -0.00000000 1.00000000 0.00780000
vn -0.00000000 0.76100000 0.64870000
vn -0.70710000 0.60960000 0.35830000
vn -0.70170000 0.54220000 0.46220000
vn -0.00000000 0.86210000 0.50670000
vn -0.00000000 0.49320000 0.86990000
vn -0.70170000 0.35140000 0.61980000
vn -0.70170000 0.54220000 0.46220000
vn -0.00000000 0.76100000 0.64870000
vn -0.00000000 0.49320000 0.86990000
vn -0.70170000 0.35140000 0.61980000
vn -0.70170000 0.11830000 0.70260000
vn -0.00000000 0.16600000 0.98610000
vn -0.70710000 -0.00550000 0.70710000
vn -0.00000000 -0.00780000 1.00000000
vn -0.00000000 0.16600000 0.98610000
vn -0.70170000 0.11830000 0.70260000
vn -0.00000000 -0.00780000 1.00000000
vn -0.70710000 0.70710000 0.00550000
vn -0.96590000 0.25880000 0.00200000
vn -0.70710000 0.70710000 0.00550000
vn -0.00000000 -0.00780000 1.00000000
vn -0.25880000 0.96590000 0.00750000
vn 0.70710000 -0.70710000 -0.00550000
vn 0.25880000 -0.96590000 -0.00750000
vn -0.00000000 -0.00780000 1.00000000
vn -0.25880000 -0.96590000 -0.00750000
vn 0.25880000 -0.96590000 -0.00750000
vn -0.00000000 -0.00780000 1.00000000
vn -0.70710000 -0.00550000 0.70710000
vn -0.00000000 -0.00780000 1.00000000
vn -0.00000000 -0.18130000 0.98340000
vn -0.70170000 -0.12920000 0.70070000
vn -0.25880000 0.96590000 0.00750000
vn -0.00000000 -0.00780000 1.00000000
vn 0.25880000 0.96590000 0.00750000
vn -0.00000000 -0.00780000 1.00000000
vn 0.70710000 0.70710000 0.00550000
vn 0.25880000 0.96590000 0.00750000
vn -0.00000000 -0.00780000 1.00000000
vn -0.96590000 0.25880000 0.00200000
vn -0.96590000 -0.25880000 -0.00200000
vn -0.00000000 -0.00780000 1.00000000
vn -0.70710000 -0.70710000 -0.00550000
vn -0.96590000 -0.25880000 -0.00200000
vn -0.70710000 -0.70710000 -0.00550000
vn -0.00000000 -0.00780000 1.00000000
vn -0.25880000 -0.96590000 -0.00750000
vn 0.96590000 0.25880000 0.00200000
vn -0.00000000 -0.00780000 1.00000000
vn 0.70710000 0.70710000 0.00550000
vn 0.96590000 -0.25880000 -0.00200000
vn -0.00000000 -0.00780000 1.00000000
vn 0.96590000 0.25880000 0.00200000
vn 0.96590000 -0.25880000 -0.00200000
vn 0.70710000 -0.70710000 -0.00550000
vn -0.00000000 -0.00780000 1.00000000
vn -0.00000000 -0.50670000 0.86210000
vn -0.00000000 -0.18130000 0.98340000
vn -0.70170000 -0.36100000 0.61430000
vn -0.70170000 -0.12920000 0.70070000
vn -0.00000000 -0.77100000 0.63680000
vn -0.00000000 -0.50670000 0.86210000
vn -0.70170000 -0.54930000 0.45370000
vn -0.70170000 -0.54940000 0.45370000
vn -0.70170000 -0.36100000 0.61430000
vn -0.00000000 -0.86990000 0.49320000
vn -0.70710000 -0.61510000 0.34880000
vn -0.00000000 -0.77100000 0.63680000
vn -0.70170000 -0.54930000 0.45370000
vn -0.70710000 -0.61510000 0.34880000
vn -0.00000000 -0.86990000 0.49320000
vn -0.70170000 -0.67140000 0.23850000
vn -0.00000000 -0.92680000 0.37550000
vn 0.00880000 -0.94230000 0.33470000
vn -0.00000000 -0.99680000 0.07940000
vn -0.00580000 -0.99240000 0.12280000
vn -0.70580000 -0.70620000 0.05620000
vn -0.70580000 -0.70620000 0.05630000
vn 0.00880000 -0.94230000 0.33470000
vn -0.70170000 -0.67140000 0.23850000
vn -0.00000000 -0.99680000 0.07940000
vn -0.70580000 -0.70620000 0.05620000
vn -0.00880000 -0.99540000 -0.09490000
vn -0.00000000 -0.99040000 -0.13820000
vn -0.70580000 -0.70520000 -0.06720000
vn 0.01170000 -0.92080000 -0.38980000
vn -0.00880000 -0.99540000 -0.09490000
vn -0.00000000 -0.93700000 -0.34930000
vn -0.70170000 -0.66760000 -0.24890000
vn -0.70580000 -0.70520000 -0.06720000
vn -0.70170000 -0.66760000 -0.24890000
vn -0.70710000 -0.60960000 -0.35830000
vn -0.00000000 -0.93700000 -0.34930000
vn -0.00000000 -0.86210000 -0.50670000
vn 0.96590000 0.13110000 -0.22310000
vn 0.70710000 0.35830000 -0.60960000
vn 0.96590000 0.13120000 -0.22310000
vn -0.00000000 -0.86210000 -0.50670000
vn -0.00000000 -0.86210000 -0.50670000
vn -0.70170000 -0.54220000 -0.46220000
vn -0.70710000 -0.60960000 -0.35830000
vn -0.00000000 -0.76100000 -0.64870000
vn 0.96590000 0.13120000 -0.22310000
vn 0.96590000 -0.13120000 0.22310000
vn 0.96590000 -0.13110000 0.22310000
vn -0.00000000 -0.86210000 -0.50670000
vn -0.00000000 -0.86210000 -0.50670000
vn 0.96590000 -0.13110000 0.22310000
vn 0.70710000 -0.35830000 0.60960000
vn 0.70710000 -0.35830000 0.60960000
vn -0.00000000 -0.86210000 -0.50670000
vn 0.25880000 -0.48950000 0.83270000
vn -0.25880000 0.48950000 -0.83270000
vn -0.70710000 0.35830000 -0.60960000
vn -0.00000000 -0.86210000 -0.50670000
vn -0.25880000 0.48950000 -0.83270000
vn 0.25880000 0.48950000 -0.83270000
vn -0.00000000 -0.86210000 -0.50670000
vn -0.00000000 -0.86210000 -0.50670000
vn 0.25880000 0.48950000 -0.83270000
vn 0.70710000 0.35830000 -0.60960000
vn -0.00000000 -0.86210000 -0.50670000
vn -0.70710000 0.35830000 -0.60960000
vn -0.96590000 0.13120000 -0.22310000
vn -0.00000000 -0.86210000 -0.50670000
vn -0.96590000 -0.13110000 0.22310000
vn -0.96590000 0.13110000 -0.22310000
vn -0.96590000 0.13120000 -0.22310000
vn -0.00000000 -0.86210000 -0.50670000
vn -0.96590000 -0.13120000 0.22310000
vn -0.96590000 -0.13110000 0.22310000
vn -0.70710000 -0.35830000 0.60960000
vn -0.70710000 -0.35830000 0.60960000
vn -0.25880000 -0.48950000 0.83270000
vn -0.00000000 -0.86210000 -0.50670000
vn -0.25880000 -0.48950000 0.83270000
vn -0.00000000 -0.86210000 -0.50670000
vn 0.25880000 -0.48950000 0.83270000
vn -0.70170000 -0.35140000 -0.61980000
vn -0.70170000 -0.54220000 -0.46220000
vn -0.00000000 -0.76100000 -0.64870000
vn -0.70170000 -0.35150000 -0.61980000
vn -0.00000000 -0.49320000 -0.86990000
vn -0.00000000 -0.16600000 -0.98610000
vn -0.70170000 -0.35140000 -0.61980000
vn -0.70170000 -0.11830000 -0.70260000
vn -0.00000000 -0.49320000 -0.86990000
vn -0.00000000 -0.16600000 -0.98610000
vn -0.70170000 -0.11830000 -0.70260000
vn -0.70710000 0.00550000 -0.70710000
vn -0.00000000 0.00780000 -1.00000000
vn -0.00000000 0.18130000 -0.98340000
vn -0.00000000 0.00780000 -1.00000000
vn -0.70710000 0.00550000 -0.70710000
vn -0.70170000 0.12920000 -0.70070000
vn -0.28470000 -0.36050000 0.88830000
vn -0.31030000 -0.33430000 0.88990000
vn -0.71310000 -0.66550000 0.22050000
vn -0.71330000 -0.66530000 0.22040000
vn -0.27130000 -0.32550000 0.90580000
vn -0.31030000 -0.33430000 0.88990000
vn -0.13750000 0.48860000 0.86160000
vn -0.40140000 0.44630000 0.79980000
vn -0.17580000 0.49320000 0.85200000
vn -0.10780000 -0.34250000 0.93330000
vn -0.10330000 -0.33750000 0.93570000
vn -0.28470000 -0.36050000 0.88830000
vn -0.71330000 -0.66530000 0.22040000
vn -0.69850000 -0.67700000 0.23180000
vn -0.31030000 -0.33430000 0.88990000
vn -0.60910000 0.41960000 0.67300000
vn -0.40140000 0.44630000 0.79980000
vn -0.09800000 -0.49090000 -0.86570000
vn -0.00000000 -0.86990000 0.49320000
vn -0.16890000 -0.49940000 -0.84980000
vn -0.00000000 -0.49320000 -0.86990000
vn -0.51050000 -0.44100000 -0.73810000
vn -0.40580000 -0.45340000 -0.79350000
vn -0.00000000 -0.86990000 0.49320000
vn -0.29040000 -0.46840000 -0.83450000
vn -0.45040000 -0.44770000 -0.77250000
vn -0.16890000 -0.49940000 -0.84980000
vn -0.68960000 -0.35730000 -0.62990000
vn -0.65320000 -0.37340000 -0.65870000
vn -0.00000000 -0.86990000 0.49320000
vn -0.61540000 -0.39070000 -0.68460000
vn -0.72430000 -0.34250000 -0.59840000
vn -0.53580000 -0.42900000 -0.72720000
vn -0.68960000 -0.35730000 -0.62990000
vn -0.51050000 -0.44100000 -0.73810000
vn -0.65320000 -0.37340000 -0.65870000
vn -0.00000000 -0.86990000 0.49330000
vn -0.57620000 -0.40930000 -0.70750000
vn -0.78260000 -0.31760000 -0.53540000
vn -0.49440000 -0.44970000 -0.74390000
vn -0.53580000 -0.42900000 -0.72720000
vn -0.49440000 -0.44970000 -0.74390000
vn -0.40580000 -0.45340000 -0.79350000
vn -0.45040000 -0.44770000 -0.77250000
vn -0.84270000 -0.26710000 -0.46740000
vn -0.86460000 -0.24780000 -0.43710000
vn -0.78860000 -0.31410000 -0.52870000
vn -0.81750000 -0.28900000 -0.49820000
vn -0.72430000 -0.34250000 -0.59840000
vn -0.75800000 -0.34020000 -0.55660000
vn -0.78260000 -0.31760000 -0.53540000
vn -0.00000000 -0.86990000 0.49320000
vn -0.00000000 0.49320000 0.86990000
vn -0.16790000 0.48620000 0.85750000
vn -0.00000000 -0.86990000 0.49320000
vn -0.00000000 0.49320000 0.86990000
vn -0.17580000 0.49320000 0.85200000
vn -0.13750000 0.48860000 0.86160000
vn -0.81810000 0.27880000 0.50300000
vn -0.78930000 0.29220000 0.54000000
vn -0.70740000 0.35150000 0.61320000
vn -0.57700000 0.39720000 0.71360000
vn -0.61590000 0.38690000 0.68620000
vn -0.45350000 0.40880000 0.79200000
vn -0.50780000 0.41070000 0.75730000
vn -0.49530000 0.40820000 0.76680000
vn -0.78120000 0.29510000 0.55010000
vn -0.53680000 0.40430000 0.74050000
vn -0.00000000 -0.86990000 0.49320000
vn -0.84310000 0.26370000 0.46860000
vn -0.86470000 0.24770000 0.43690000
vn -0.28730000 0.47560000 0.83140000
vn -0.16790000 0.48620000 0.85750000
vn -0.09910000 0.46850000 0.87790000
vn -0.40340000 0.44890000 0.79730000
vn -0.50780000 0.41070000 0.75730000
vn -0.00000000 -0.86990000 0.49320000
vn -0.53680000 0.40430000 0.74050000
vn -0.49530000 0.40820000 0.76680000
vn -0.57700000 0.39720000 0.71360000
vn -0.61590000 0.38690000 0.68620000
vn -0.00000000 -0.49320000 -0.86990000
vn -0.13530000 -0.48870000 -0.86190000
vn -0.17580000 -0.47760000 -0.86080000
vn -0.00000000 -0.86990000 0.49320000
vn -0.70790000 -0.55150000 0.44130000
vn -0.38680000 -0.91850000 -0.08200000
vn -0.53900000 -0.39860000 -0.74200000
vn -0.51850000 -0.40820000 -0.75140000
vn -0.62820000 -0.38580000 -0.67570000
vn -0.30510000 -0.93740000 -0.16790000
vn -0.38680000 -0.91850000 -0.08200000
vn -0.51850000 -0.40820000 -0.75140000
vn -0.39620000 -0.45840000 -0.79550000
vn -0.29620000 -0.94170000 -0.15960000
vn -0.68470000 -0.53120000 0.49900000
vn -0.30510000 -0.93740000 -0.16790000
vn -0.38680000 -0.91850000 -0.08200000
vn -0.71300000 -0.53160000 0.45720000
vn -0.70790000 -0.55150000 0.44130000
vn -0.71230000 -0.53220000 0.45750000
vn -0.69130000 -0.53370000 0.48710000
vn -0.70150000 -0.54110000 0.46390000
vn -0.68000000 -0.52980000 0.50700000
vn -0.10110000 -0.97750000 -0.18490000
vn -0.17580000 -0.47760000 -0.86080000
vn -0.13530000 -0.48870000 -0.86190000
vn -0.30510000 -0.93740000 -0.16790000
vn -0.29620000 -0.94170000 -0.15960000
vn -0.26340000 -0.95250000 -0.15280000
vn -0.39620000 -0.45840000 -0.79550000
vn -0.71300000 0.52440000 0.46550000
vn -0.31030000 0.93780000 -0.15550000
vn -0.27110000 0.94720000 -0.17130000
vn -0.79020000 0.44370000 0.42270000
vn -0.71340000 0.52350000 0.46590000
vn -0.28470000 0.94950000 -0.13200000
vn -0.10780000 0.97950000 -0.17010000
vn -0.10330000 0.97900000 -0.17560000
vn -0.28470000 0.94950000 -0.13200000
vn -0.31030000 0.93780000 -0.15550000
vn -0.40140000 0.46950000 -0.78640000
vn -0.17580000 0.49120000 -0.85310000
vn -0.13740000 0.50190000 -0.85390000
vn -0.40140000 0.46950000 -0.78640000
vn -0.31030000 0.93780000 -0.15550000
vn -0.60910000 0.37300000 -0.69990000
vn -0.69850000 0.53930000 0.47040000
vn -0.71340000 0.52350000 0.46590000
vn -0.00000000 0.86210000 0.50670000
vn 0.25880000 0.48950000 -0.83270000
vn -0.25880000 0.48950000 -0.83270000
vn -0.00000000 0.86210000 0.50670000
vn -0.70710000 0.35830000 -0.60960000
vn -0.25880000 0.48950000 -0.83270000
vn -0.70710000 0.35830000 -0.60960000
vn -0.96590000 0.13120000 -0.22310000
vn -0.96590000 0.13110000 -0.22310000
vn -0.00000000 0.86210000 0.50670000
vn -0.00000000 0.86210000 0.50670000
vn -0.96590000 -0.13110000 0.22310000
vn -0.96590000 -0.13120000 0.22310000
vn -0.96590000 0.13110000 -0.22310000
vn -0.70710000 -0.35830000 0.60960000
vn -0.96590000 -0.13120000 0.22310000
vn -0.00000000 0.86210000 0.50670000
vn -0.25880000 -0.48950000 0.83270000
vn -0.70710000 -0.35830000 0.60960000
vn -0.00000000 0.86210000 0.50670000
vn 0.25880000 -0.48950000 0.83270000
vn -0.25880000 -0.48950000 0.83270000
vn -0.00000000 0.86210000 0.50670000
vn -0.00000000 0.86210000 0.50670000
vn 0.25880000 -0.48950000 0.83270000
vn 0.70710000 -0.35830000 0.60960000
vn 0.70710000 -0.35830000 0.60960000
vn 0.96590000 -0.13110000 0.22310000
vn 0.96590000 -0.13120000 0.22310000
vn -0.00000000 0.86210000 0.50670000
vn 0.96590000 0.13110000 -0.22310000
vn 0.96590000 -0.13120000 0.22310000
vn -0.00000000 0.86210000 0.50670000
vn 0.96590000 0.13120000 -0.22310000
vn -0.00000000 0.86210000 0.50670000
vn 0.96590000 0.13110000 -0.22310000
vn 0.70710000 0.35830000 -0.60960000
vn -0.00000000 0.86210000 0.50670000
vn 0.25880000 0.48950000 -0.83270000
vn 0.70710000 0.35830000 -0.60960000
vn -0.16890000 -0.48620000 0.85740000
vn -0.09800000 -0.50430000 0.85800000
vn -0.00000000 0.86210000 0.50670000
vn -0.00000000 -0.50670000 0.86210000
vn -0.29040000 -0.48850000 0.82280000
vn -0.45040000 -0.44520000 0.77390000
vn -0.16890000 -0.48620000 0.85740000
vn -0.00000000 0.86210000 0.50670000
vn -0.51050000 -0.41870000 0.75100000
vn -0.40580000 -0.46050000 0.78940000
vn -0.65320000 -0.38380000 0.65270000
vn -0.68960000 -0.36690000 0.62440000
vn -0.51050000 -0.41870000 0.75100000
vn -0.53580000 -0.41530000 0.73520000
vn -0.72430000 -0.34700000 0.59580000
vn -0.65320000 -0.38380000 0.65270000
vn -0.61540000 -0.39750000 0.68070000
vn -0.78260000 -0.30490000 0.54280000
vn -0.68960000 -0.36690000 0.62440000
vn -0.00000000 0.86210000 0.50670000
vn -0.49440000 -0.41930000 0.76140000
vn -0.57620000 -0.40800000 0.70820000
vn -0.57620000 -0.40800000 0.70820000
vn -0.61540000 -0.39750000 0.68070000
vn -0.53580000 -0.41530000 0.73520000
vn -0.49440000 -0.41930000 0.76140000
vn -0.40580000 -0.46050000 0.78940000
vn -0.45040000 -0.44520000 0.77390000
vn -0.86460000 -0.25460000 0.43320000
vn -0.84270000 -0.27130000 0.46510000
vn -0.78860000 -0.30090000 0.53630000
vn -0.81750000 -0.28690000 0.49940000
vn -0.75800000 -0.31190000 0.57290000
vn -0.78260000 -0.30490000 0.54280000
vn -0.72430000 -0.34700000 0.59580000
vn -0.16790000 0.49950000 -0.84990000
vn -0.00000000 0.86210000 0.50670000
vn -0.00000000 0.50670000 -0.86210000
vn -0.00000000 0.50670000 -0.86210000
vn -0.13740000 0.50190000 -0.85390000
vn -0.00000000 0.86210000 0.50670000
vn -0.17580000 0.49120000 -0.85310000
vn -0.78930000 0.32150000 -0.52300000
vn -0.81810000 0.29630000 -0.49290000
vn -0.61590000 0.40080000 -0.67820000
vn -0.00000000 0.86210000 0.50670000
vn -0.49540000 0.45990000 -0.73690000
vn -0.78120000 0.32880000 -0.53060000
vn -0.50780000 0.45050000 -0.73430000
vn -0.45340000 0.48150000 -0.75010000
vn -0.53680000 0.43910000 -0.72040000
vn -0.57700000 0.41940000 -0.70080000
vn -0.70740000 0.35530000 -0.61100000
vn -0.86470000 0.25450000 -0.43300000
vn -0.84310000 0.27400000 -0.46270000
vn -0.28730000 0.48220000 -0.82760000
vn -0.16790000 0.49950000 -0.84990000
vn -0.09910000 0.52600000 -0.84470000
vn -0.50780000 0.45050000 -0.73430000
vn -0.40340000 0.46610000 -0.78740000
vn -0.00000000 0.86210000 0.50670000
vn -0.49540000 0.45990000 -0.73690000
vn -0.53680000 0.43910000 -0.72040000
vn -0.57700000 0.41940000 -0.70080000
vn -0.61590000 0.40080000 -0.67820000
vn -0.13530000 -0.50210000 0.85420000
vn -0.00000000 -0.50670000 0.86210000
vn -0.17580000 -0.50670000 0.84400000
vn -0.00000000 0.86210000 0.50670000
vn -0.70790000 0.65790000 0.25690000
vn -0.62820000 -0.39230000 0.67190000
vn -0.53900000 -0.44330000 0.71620000
vn -0.51840000 -0.44660000 0.72930000
vn -0.38690000 0.38810000 0.83650000
vn -0.51840000 -0.44660000 0.72930000
vn -0.30510000 0.32330000 0.89580000
vn -0.38690000 0.38810000 0.83650000
vn -0.39620000 -0.45970000 0.79480000
vn -0.68470000 0.69780000 0.21060000
vn -0.71580000 0.66340000 0.21790000
vn -0.70650000 0.67180000 0.22230000
vn -0.30510000 0.32330000 0.89580000
vn -0.38690000 0.38810000 0.83650000
vn -0.69130000 0.68870000 0.21860000
vn -0.68000000 0.70390000 0.20530000
vn -0.67150000 0.71390000 0.19850000
vn -0.29620000 0.33270000 0.89530000
vn -0.70150000 0.67230000 0.23660000
vn -0.70790000 0.65790000 0.25690000
vn -0.17580000 -0.50670000 0.84400000
vn -0.13530000 -0.50210000 0.85420000
vn -0.39620000 -0.45970000 0.79480000
vn -0.10110000 0.32870000 0.93900000
vn -0.29620000 0.33270000 0.89530000
vn -0.30510000 0.32330000 0.89580000
vn -0.26350000 0.34390000 0.90130000
vn -0.71430000 0.14660000 -0.68440000
vn -0.71440000 0.14660000 -0.68430000
vn -0.31030000 -0.60360000 -0.73450000
vn -0.27120000 -0.62190000 -0.73460000
vn -0.28470000 -0.58900000 -0.75630000
vn -0.31030000 -0.60360000 -0.73450000
vn -0.10330000 -0.64160000 -0.76010000
vn -0.17580000 -0.98440000 0.00110000
vn -0.10780000 -0.63710000 -0.76320000
vn -0.28470000 -0.58900000 -0.75630000
vn -0.40140000 -0.91580000 -0.01340000
vn -0.13740000 -0.99050000 -0.00770000
vn -0.40140000 -0.91580000 -0.01340000
vn -0.60910000 -0.79260000 0.02690000
vn -0.71440000 0.14660000 -0.68430000
vn -0.69590000 0.14310000 -0.70370000
vn -0.31030000 -0.60360000 -0.73450000
vn -0.00000000 0.00780000 -1.00000000
vn 0.96590000 0.25880000 0.00200000
vn 0.96590000 -0.25880000 -0.00200000
vn 0.70710000 -0.70710000 -0.00550000
vn -0.00000000 0.00780000 -1.00000000
vn 0.96590000 -0.25880000 -0.00200000
vn 0.25880000 -0.96590000 -0.00750000
vn -0.00000000 0.00780000 -1.00000000
vn 0.70710000 -0.70710000 -0.00550000
vn 0.25880000 -0.96590000 -0.00750000
vn -0.00000000 0.00780000 -1.00000000
vn -0.25880000 -0.96590000 -0.00750000
vn -0.70710000 -0.70710000 -0.00550000
vn -0.25880000 -0.96590000 -0.00750000
vn -0.00000000 0.00780000 -1.00000000
vn -0.00000000 0.00780000 -1.00000000
vn -0.96590000 -0.25880000 -0.00200000
vn -0.70710000 -0.70710000 -0.00550000
vn -0.96590000 0.25880000 0.00200000
vn -0.00000000 0.00780000 -1.00000000
vn -0.96590000 -0.25880000 -0.00200000
vn -0.96590000 0.25880000 0.00200000
vn -0.00000000 0.00780000 -1.00000000
vn -0.70710000 0.70710000 0.00550000
vn -0.25880000 0.96590000 0.00750000
vn -0.00000000 0.00780000 -1.00000000
vn -0.70710000 0.70710000 0.00550000
vn 0.25880000 0.96590000 0.00750000
vn -0.25880000 0.96590000 0.00750000
vn -0.00000000 0.00780000 -1.00000000
vn -0.00000000 0.00780000 -1.00000000
vn 0.70710000 0.70710000 0.00550000
vn 0.25880000 0.96590000 0.00750000
vn 0.96590000 0.25880000 0.00200000
vn -0.00000000 0.00780000 -1.00000000
vn 0.70710000 0.70710000 0.00550000
vn -0.00000000 1.00000000 0.00780000
vn -0.09810000 0.99510000 0.00770000
vn -0.16890000 0.98560000 -0.00760000
vn -0.00000000 0.00780000 -1.00000000
vn -0.40600000 0.91390000 0.00410000
vn -0.51050000 0.85980000 -0.01290000
vn -0.45060000 0.89270000 -0.00150000
vn -0.16890000 0.98560000 -0.00760000
vn -0.00000000 0.00780000 -1.00000000
vn -0.29050000 0.95680000 0.01160000
vn -0.61560000 0.78810000 0.00390000
vn -0.57630000 0.81720000 -0.00070000
vn -0.70700000 0.70720000 0.00910000
vn -0.00000000 0.00780000 -1.00000000
vn -0.57630000 0.81720000 -0.00070000
vn -0.53600000 0.84420000 -0.00790000
vn -0.61560000 0.78810000 0.00390000
vn -0.51050000 0.85980000 -0.01290000
vn -0.49470000 0.86890000 -0.01750000
vn -0.78260000 0.62250000 -0.00940000
vn -0.49470000 0.86890000 -0.01750000
vn -0.53600000 0.84420000 -0.00790000
vn -0.45060000 0.89270000 -0.00150000
vn -0.40600000 0.91390000 0.00410000
vn -0.86470000 0.50230000 0.00390000
vn -0.84290000 0.53810000 0.00240000
vn -0.78890000 0.61450000 -0.00750000
vn -0.81770000 0.57560000 -0.00120000
vn -0.16790000 -0.98580000 -0.00770000
vn -0.00000000 0.00780000 -1.00000000
vn -0.00000000 -1.00000000 -0.00780000
vn -0.00000000 -1.00000000 -0.00780000
vn -0.17580000 -0.98440000 0.00110000
vn -0.13740000 -0.99050000 -0.00770000
vn -0.00000000 0.00780000 -1.00000000
vn -0.68960000 -0.72410000 -0.00590000
vn -0.57680000 -0.81680000 -0.01280000
vn -0.00000000 0.00780000 -1.00000000
vn -0.65330000 -0.75710000 -0.00570000
vn -0.72450000 -0.68920000 -0.00860000
vn -0.53660000 -0.84360000 -0.02010000
vn -0.78120000 -0.62400000 -0.01760000
vn -0.50780000 -0.86120000 -0.02280000
vn -0.61560000 -0.78800000 -0.00800000
vn -0.49510000 -0.86830000 -0.02990000
vn -0.45240000 -0.89080000 -0.04220000
vn -0.75850000 -0.65110000 -0.02630000
vn -0.72450000 -0.68920000 -0.00860000
vn -0.78120000 -0.62400000 -0.01760000
vn -0.81780000 -0.57540000 -0.01010000
vn -0.78910000 -0.61400000 -0.01700000
vn -0.84300000 -0.53790000 -0.00600000
vn -0.86470000 -0.50230000 -0.00390000
vn -0.16790000 -0.98580000 -0.00770000
vn -0.00000000 0.00780000 -1.00000000
vn -0.37960000 -0.92510000 -0.00870000
vn -0.40610000 -0.91380000 -0.01030000
vn -0.50780000 -0.86120000 -0.02280000
vn -0.09910000 -0.99450000 -0.03320000
vn -0.28720000 -0.95780000 -0.00380000
vn -0.40610000 -0.91380000 -0.01030000
vn -0.50780000 -0.86120000 -0.02280000
vn -0.45240000 -0.89080000 -0.04220000
vn -0.49510000 -0.86830000 -0.02990000
vn -0.53660000 -0.84360000 -0.02010000
vn -0.57680000 -0.81680000 -0.01280000
vn -0.61560000 -0.78800000 -0.00800000
vn -0.65330000 -0.75710000 -0.00570000
vn -0.68960000 -0.72410000 -0.00590000
vn -0.53900000 0.84190000 0.02580000
vn -0.51800000 0.85510000 0.02190000
vn -0.70790000 -0.10640000 -0.69820000
vn -0.38710000 0.53000000 -0.75450000
vn -0.62820000 0.77800000 0.00380000
vn -0.39620000 0.91820000 0.00070000
vn -0.51800000 0.85510000 0.02190000
vn -0.38710000 0.53000000 -0.75450000
vn -0.30510000 0.61410000 -0.72790000
vn -0.71320000 -0.13110000 -0.68860000
vn -0.70790000 -0.10640000 -0.69820000
vn -0.69130000 -0.15500000 -0.70570000
vn -0.68000000 -0.17420000 -0.71230000
vn -0.68470000 -0.16640000 -0.70950000
vn -0.70150000 -0.13120000 -0.70050000
vn -0.38710000 0.53000000 -0.75450000
vn -0.30510000 0.61410000 -0.72790000
vn -0.29620000 0.60910000 -0.73570000
vn -0.71170000 -0.13100000 -0.69010000
vn -0.13530000 0.99080000 0.00770000
vn -0.17580000 0.98430000 0.01680000
vn -0.39620000 0.91820000 0.00070000
vn -0.26350000 0.60860000 -0.74850000
vn -0.10110000 0.64890000 -0.75410000
vn -0.29620000 0.60910000 -0.73570000
vn -0.30510000 0.61410000 -0.72790000
vn -0.17580000 0.98430000 0.01680000
vn -0.00000000 1.00000000 0.00780000
vn -0.00000000 0.00780000 -1.00000000
vn -0.13530000 0.99080000 0.00770000
vn -0.00000000 0.86990000 -0.49320000
vn 0.25880000 0.47640000 0.84020000
vn 0.25880000 0.47640000 0.84030000
vn -0.25880000 0.47640000 0.84020000
vn 0.25880000 0.47640000 0.84020000
vn -0.00000000 -0.86990000 0.49320000
vn -0.25880000 0.47640000 0.84030000
vn -0.25880000 0.47640000 0.84020000
vn -0.25880000 0.47640000 0.84030000
vn -0.70710000 0.34880000 0.61510000
vn -0.00000000 0.86990000 -0.49320000
vn -0.25880000 0.47640000 0.84020000
vn -0.70710000 0.34880000 0.61510000
vn -0.25880000 0.47640000 0.84030000
vn -0.00000000 -0.86990000 0.49320000
vn -0.96590000 0.12770000 0.22510000
vn -0.00000000 0.86990000 -0.49320000
vn -0.70710000 0.34880000 0.61510000
vn -0.96590000 0.12770000 0.22510000
vn -0.00000000 -0.86990000 0.49320000
vn -0.70710000 0.34880000 0.61510000
vn -0.96590000 -0.12770000 -0.22510000
vn -0.00000000 0.86990000 -0.49330000
vn -0.96590000 0.12770000 0.22510000
vn -0.00000000 0.86990000 -0.49320000
vn -0.00000000 -0.86990000 0.49320000
vn -0.96590000 -0.12770000 -0.22510000
vn -0.96590000 0.12770000 0.22510000
vn -0.70710000 -0.34880000 -0.61510000
vn -0.00000000 0.86990000 -0.49320000
vn -0.00000000 0.86990000 -0.49330000
vn -0.96590000 -0.12770000 -0.22510000
vn -0.00000000 -0.86990000 0.49320000
vn -0.96590000 -0.12770000 -0.22510000
vn -0.70710000 -0.34880000 -0.61510000
vn -0.00000000 -0.86990000 0.49330000
vn -0.25880000 -0.47640000 -0.84020000
vn -0.00000000 0.86990000 -0.49320000
vn -0.70710000 -0.34880000 -0.61510000
vn -0.25880000 -0.47640000 -0.84020000
vn -0.25880000 -0.47640000 -0.84030000
vn -0.70710000 -0.34880000 -0.61510000
vn -0.00000000 -0.86990000 0.49320000
vn -0.00000000 -0.86990000 0.49330000
vn -0.00000000 0.86990000 -0.49320000
vn -0.25880000 -0.47640000 -0.84030000
vn 0.25880000 -0.47640000 -0.84020000
vn -0.25880000 -0.47640000 -0.84020000
vn 0.25880000 -0.47640000 -0.84020000
vn -0.00000000 -0.86990000 0.49320000
vn -0.25880000 -0.47640000 -0.84030000
vn 0.70710000 -0.34880000 -0.61510000
vn -0.00000000 0.86990000 -0.49320000
vn 0.25880000 -0.47640000 -0.84020000
vn 0.70710000 -0.34880000 -0.61510000
vn -0.00000000 -0.86990000 0.49320000
vn 0.25880000 -0.47640000 -0.84020000
vn -0.00000000 0.86990000 -0.49320000
vn 0.96590000 -0.12770000 -0.22510000
vn 0.70710000 -0.34880000 -0.61510000
vn -0.00000000 -0.86990000 0.49330000
vn -0.00000000 -0.86990000 0.49320000
vn 0.70710000 -0.34880000 -0.61510000
vn 0.96590000 -0.12770000 -0.22510000
vn 0.96590000 0.12770000 0.22510000
vn 0.96590000 -0.12770000 -0.22510000
vn -0.00000000 0.86990000 -0.49320000
vn 0.96590000 -0.12770000 -0.22510000
vn -0.00000000 -0.86990000 0.49330000
vn 0.96590000 0.12770000 0.22510000
vn -0.00000000 -0.86990000 0.49320000
vn -0.00000000 0.86990000 -0.49320000
vn 0.96590000 0.12770000 0.22510000
vn 0.70710000 0.34880000 0.61510000
vn -0.00000000 -0.86990000 0.49330000
vn 0.96590000 0.12770000 0.22510000
vn 0.70710000 0.34880000 0.61510000
vn -0.00000000 -0.86990000 0.49320000
vn 0.25880000 0.47640000 0.84030000
vn -0.00000000 0.86990000 -0.49320000
vn 0.70710000 0.34880000 0.61510000
vn 0.25880000 0.47640000 0.84020000
vn 0.25880000 0.47640000 0.84030000
vn -0.00000000 -0.86990000 0.49320000
vn 0.70710000 0.34880000 0.61510000
vn -0.00000000 0.18130000 -0.98340000
vn -0.70170000 0.12920000 -0.70070000
vn -0.00000000 0.50670000 -0.86210000
vn -0.70170000 0.36100000 -0.61430000
vn -0.00000000 0.77100000 -0.63680000
vn -0.70170000 0.54940000 -0.45370000
vn -0.70170000 0.36100000 -0.61430000
vn -0.70170000 0.54930000 -0.45370000
vn -0.00000000 0.50670000 -0.86210000
vn -0.70710000 0.61510000 -0.34880000
vn -0.00000000 0.77100000 -0.63680000
vn -0.00000000 0.86990000 -0.49320000
vn -0.70170000 0.54930000 -0.45370000
vn -0.00000000 0.92090000 0.38990000
vn -0.70410000 0.65390000 0.27690000
vn -0.00000000 0.86210000 0.50670000
vn -0.70710000 0.60960000 0.35830000
vn -0.70410000 0.65390000 0.27690000
vn -0.70710000 0.60960000 0.35830000
vn -1.00000000 -0.00000000 -0.00000000
vn -0.70710000 0.60960000 0.35830000
vn -1.00000000 -0.00000000 -0.00000000
vn -0.70170000 0.54220000 0.46220000
vn -0.70710000 -0.00550000 0.70710000
vn -1.00000000 -0.00000000 -0.00000000
vn -0.70170000 0.11830000 0.70260000
vn -0.70170000 0.11830000 0.70260000
vn -0.70170000 0.35140000 0.61980000
vn -1.00000000 -0.00000000 -0.00000000
vn -0.70170000 0.35140000 0.61980000
vn -0.70170000 0.54220000 0.46220000
vn -1.00000000 -0.00000000 -0.00000000
vn -1.00000000 -0.00000000 -0.00000000
vn -0.70170000 -0.12920000 0.70070000
vn -0.70710000 -0.00550000 0.70710000
vn -0.70170000 -0.54940000 0.45370000
vn -0.70170000 -0.54930000 0.45370000
vn -0.70710000 -0.61510000 0.34880000
vn -1.00000000 -0.00000000 -0.00000000
vn -1.00000000 -0.00000000 -0.00000000
vn -0.70170000 -0.54940000 0.45370000
vn -0.70170000 -0.36100000 0.61430000
vn -1.00000000 -0.00000000 -0.00000000
vn -0.70170000 -0.36100000 0.61430000
vn -0.70170000 -0.12920000 0.70070000
vn -0.70170000 -0.67140000 0.23850000
vn -1.00000000 -0.00000000 -0.00000000
vn -0.70710000 -0.61510000 0.34880000
vn -1.00000000 -0.00000000 -0.00000000
vn -0.70170000 -0.66760000 -0.24890000
vn -0.70710000 -0.60960000 -0.35830000
vn -0.70580000 -0.70520000 -0.06720000
vn -0.70170000 -0.66760000 -0.24890000
vn -1.00000000 -0.00000000 -0.00000000
vn -0.70580000 -0.70620000 0.05620000
vn -0.70580000 -0.70620000 0.05630000
vn -0.70580000 -0.70520000 -0.06720000
vn -1.00000000 -0.00000000 -0.00000000
vn -0.70580000 -0.70620000 0.05630000
vn -0.70170000 -0.67140000 0.23850000
vn -1.00000000 -0.00000000 -0.00000000
vn -0.70170000 -0.54220000 -0.46220000
vn -0.70710000 -0.60960000 -0.35830000
vn -1.00000000 -0.00000000 -0.00000000
vn -0.70710000 0.00550000 -0.70710000
vn -0.70170000 -0.11830000 -0.70260000
vn -1.00000000 -0.00000000 -0.00000000
vn -0.70170000 -0.35150000 -0.61980000
vn -0.70170000 -0.35140000 -0.61980000
vn -1.00000000 -0.00000000 -0.00000000
vn -0.70170000 -0.11830000 -0.70260000
vn -0.70170000 -0.35150000 -0.61980000
vn -1.00000000 -0.00000000 -0.00000000
vn -0.70170000 -0.54220000 -0.46220000
vn -0.70710000 0.00550000 -0.70710000
vn -1.00000000 -0.00000000 -0.00000000
vn -0.70170000 0.12920000 -0.70070000
vn -0.69850000 -0.67700000 0.23180000
vn -0.70230000 -0.67510000 0.22580000
vn -0.80610000 0.29610000 0.51240000
vn -0.53910000 0.40820000 0.73670000
vn -0.60910000 0.41960000 0.67300000
vn -0.70610000 -0.67520000 0.21350000
vn -0.80610000 0.29610000 0.51240000
vn -0.90220000 0.27290000 0.33400000
vn -0.70230000 -0.67510000 0.22580000
vn -0.70610000 -0.67520000 0.21350000
vn -0.90220000 0.27290000 0.33400000
vn -0.70750000 -0.67870000 0.19700000
vn -0.98410000 0.09990000 0.14660000
vn -0.84190000 0.24360000 0.48140000
vn -0.98410000 0.09990000 0.14660000
vn -0.99540000 0.09620000 0.00400000
vn -0.70630000 -0.68300000 0.18630000
vn -0.70750000 -0.67870000 0.19700000
vn -0.70630000 -0.68300000 0.18630000
vn -0.99540000 0.09620000 0.00400000
vn -1.00000000 -0.00000000 -0.00000000
vn -0.98440000 0.08670000 0.15290000
vn -0.70340000 -0.69020000 0.17010000
vn -0.73080000 -0.67480000 0.10270000
vn -0.70600000 -0.69640000 0.12900000
vn -0.68470000 -0.16640000 -0.70950000
vn -0.96550000 0.26030000 0.00790000
vn -0.69130000 -0.15500000 -0.70570000
vn -0.91920000 0.39380000 -0.00570000
vn -0.68000000 -0.17420000 -0.71230000
vn -0.99310000 0.11750000 0.00090000
vn -0.96550000 0.26030000 0.00790000
vn -0.98420000 0.17560000 0.02360000
vn -0.68470000 -0.16640000 -0.70950000
vn -1.00000000 -0.00000000 -0.00000000
vn -0.99310000 0.11750000 0.00090000
vn -0.68000000 -0.17420000 -0.71230000
vn -0.71170000 -0.13100000 -0.69010000
vn -0.70600000 -0.17130000 -0.68720000
vn -0.71340000 -0.22370000 -0.66410000
vn -0.69130000 -0.15500000 -0.70570000
vn -0.70150000 -0.13120000 -0.70050000
vn -0.91920000 0.39380000 -0.00570000
vn -0.84190000 0.53870000 0.03250000
vn -0.79560000 0.60580000 0.00730000
vn -0.79560000 0.60580000 0.00730000
vn -0.62820000 0.77800000 0.00380000
vn -0.70790000 -0.10640000 -0.69820000
vn -0.70150000 -0.13120000 -0.70050000
vn -0.70620000 -0.23270000 -0.66860000
vn -1.00000000 -0.00000000 -0.00000000
vn -0.72080000 -0.32960000 -0.60980000
vn -0.71340000 -0.22370000 -0.66410000
vn -0.70700000 -0.29220000 -0.64400000
vn -1.00000000 -0.00000000 -0.00000000
vn -0.72090000 -0.43410000 -0.54030000
vn -0.70700000 -0.40370000 -0.58070000
vn -0.70620000 -0.34970000 -0.61560000
vn -0.72080000 -0.32960000 -0.60980000
vn -0.70700000 -0.50190000 -0.49820000
vn -0.70630000 -0.45510000 -0.54230000
vn -1.00000000 -0.00000000 -0.00000000
vn -0.72090000 -0.43410000 -0.54030000
vn -0.72100000 -0.52430000 -0.45310000
vn -0.70700000 -0.58360000 -0.39940000
vn -1.00000000 -0.00000000 -0.00000000
vn -0.72120000 -0.59720000 -0.35100000
vn -0.72100000 -0.52430000 -0.45310000
vn -0.70630000 -0.54550000 -0.45120000
vn -1.00000000 -0.00000000 -0.00000000
vn -0.72130000 -0.65060000 -0.23760000
vn -0.70700000 -0.64620000 -0.28740000
vn -0.72120000 -0.59720000 -0.35100000
vn -0.70630000 -0.61800000 -0.34530000
vn -0.72140000 -0.68260000 -0.11630000
vn -0.72130000 -0.65060000 -0.23760000
vn -0.70630000 -0.67020000 -0.22800000
vn -0.70700000 -0.68740000 -0.16600000
vn -1.00000000 -0.00000000 -0.00000000
vn -1.00000000 -0.00000000 -0.00000000
vn -0.70630000 -0.70040000 -0.10320000
vn -0.72140000 -0.68260000 -0.11630000
vn -0.70690000 -0.70670000 -0.03040000
vn -1.00000000 -0.00000000 -0.00000000
vn -0.70690000 -0.70670000 -0.03040000
vn -0.70660000 -0.70680000 0.03370000
vn -0.70660000 -0.70680000 0.03370000
vn -0.70600000 -0.69640000 0.12900000
vn -1.00000000 -0.00000000 -0.00000000
vn -0.84190000 0.24360000 0.48140000
vn -0.00000000 -0.86990000 0.49320000
vn -0.00000000 -0.86990000 0.49330000
vn -0.99540000 0.09620000 0.00400000
vn -0.98410000 0.09990000 0.14660000
vn -0.98440000 0.08670000 0.15290000
vn -1.00000000 -0.00000000 -0.00000000
vn -0.00000000 -0.86990000 0.49330000
vn -0.98440000 0.08670000 0.15290000
vn -0.17580000 0.49320000 0.85200000
vn -0.53910000 0.40820000 0.73670000
vn -0.40140000 0.44630000 0.79980000
vn -0.60910000 0.41960000 0.67300000
vn -0.00000000 -0.86990000 0.49320000
vn -0.84190000 0.24360000 0.48140000
vn -0.90220000 0.27290000 0.33400000
vn -0.53910000 0.40820000 0.73670000
vn -0.80610000 0.29610000 0.51240000
vn -0.00000000 -0.86990000 0.49320000
vn -0.00000000 -0.86990000 0.49320000
vn -0.79560000 -0.29660000 -0.52830000
vn -0.84190000 -0.24120000 -0.48280000
vn -0.62820000 -0.38580000 -0.67570000
vn -0.53900000 -0.39860000 -0.74200000
vn -0.96550000 -0.12340000 -0.22940000
vn -0.98420000 -0.06730000 -0.16380000
vn -0.00000000 -0.86990000 0.49330000
vn -0.84190000 -0.24120000 -0.48280000
vn -0.91920000 -0.20180000 -0.33820000
vn -0.00000000 -0.86990000 0.49320000
vn -0.39620000 -0.45840000 -0.79550000
vn -0.51850000 -0.40820000 -0.75140000
vn -0.17580000 -0.47760000 -0.86080000
vn -0.53900000 -0.39860000 -0.74200000
vn -0.00000000 -0.86990000 0.49320000
vn -0.00000000 -0.86990000 0.49330000
vn -1.00000000 -0.00000000 -0.00000000
vn -0.00000000 -0.86990000 0.49320000
vn -0.99310000 -0.05800000 -0.10220000
vn -0.98420000 -0.06730000 -0.16380000
vn -0.68000000 -0.52980000 0.50700000
vn -0.70680000 -0.46770000 0.53070000
vn -0.69720000 -0.48020000 0.53230000
vn -0.99310000 -0.05800000 -0.10220000
vn -0.71230000 -0.53220000 0.45750000
vn -1.00000000 -0.00000000 -0.00000000
vn -0.70840000 -0.51840000 0.47900000
vn -0.99310000 -0.05800000 -0.10220000
vn -0.68470000 -0.53120000 0.49900000
vn -0.98420000 -0.06730000 -0.16380000
vn -0.96550000 -0.12340000 -0.22940000
vn -0.68000000 -0.52980000 0.50700000
vn -0.69130000 -0.53370000 0.48710000
vn -0.68470000 -0.53120000 0.49900000
vn -0.96550000 -0.12340000 -0.22940000
vn -0.91920000 -0.20180000 -0.33820000
vn -0.79560000 -0.29660000 -0.52830000
vn -0.91920000 -0.20180000 -0.33820000
vn -0.84190000 -0.24120000 -0.48280000
vn -0.70150000 -0.54110000 0.46390000
vn -0.69130000 -0.53370000 0.48710000
vn -0.70150000 -0.54110000 0.46390000
vn -0.70790000 -0.55150000 0.44130000
vn -0.62820000 -0.38580000 -0.67570000
vn -0.79560000 -0.29660000 -0.52830000
vn -0.98440000 0.08910000 -0.15160000
vn -0.70680000 0.45930000 0.53790000
vn -0.69720000 0.47190000 0.53970000
vn -0.70620000 0.50280000 0.49840000
vn -1.00000000 -0.00000000 -0.00000000
vn -0.99540000 -0.04460000 -0.08540000
vn -0.70710000 0.41530000 0.57230000
vn -0.70570000 0.36240000 0.60890000
vn -0.70640000 0.36160000 0.60860000
vn -0.70680000 0.45930000 0.53790000
vn -1.00000000 -0.00000000 -0.00000000
vn -0.70230000 0.53310000 0.47180000
vn -0.69850000 0.53930000 0.47040000
vn -0.80610000 0.29570000 -0.51260000
vn -0.60910000 0.37300000 -0.69990000
vn -0.53910000 0.43390000 -0.72190000
vn -0.80610000 0.29570000 -0.51260000
vn -0.70610000 0.52250000 0.47800000
vn -0.90220000 0.15280000 -0.40330000
vn -0.70230000 0.53310000 0.47180000
vn -0.70610000 0.52250000 0.47800000
vn -0.98410000 0.07690000 -0.15980000
vn -0.70750000 0.51000000 0.48920000
vn -0.84190000 0.29510000 -0.45170000
vn -0.90220000 0.15280000 -0.40330000
vn -0.99540000 -0.04460000 -0.08540000
vn -0.98410000 0.07690000 -0.15980000
vn -0.70750000 0.51000000 0.48920000
vn -0.70620000 0.50280000 0.49840000
vn -1.00000000 -0.00000000 -0.00000000
vn -0.70640000 -0.37100000 0.60280000
vn -0.70570000 -0.37180000 0.60320000
vn -0.70710000 -0.42410000 0.56580000
vn -0.70680000 -0.46770000 0.53070000
vn -1.00000000 -0.00000000 -0.00000000
vn -0.70710000 -0.31510000 0.63310000
vn -0.70570000 -0.25680000 0.66040000
vn -0.70640000 -0.37100000 0.60280000
vn -0.70610000 -0.25630000 0.66010000
vn -1.00000000 -0.00000000 -0.00000000
vn -0.70710000 -0.19550000 0.67950000
vn -0.70610000 -0.25630000 0.66010000
vn -0.70570000 -0.13320000 0.69590000
vn -0.70560000 -0.13320000 0.69590000
vn -1.00000000 -0.00000000 -0.00000000
vn -0.70570000 -0.00550000 0.70850000
vn -0.70560000 -0.13320000 0.69590000
vn -1.00000000 -0.00000000 -0.00000000
vn -0.70570000 0.12230000 0.69790000
vn -0.70560000 0.12230000 0.69790000
vn -0.70570000 -0.00550000 0.70850000
vn -1.00000000 -0.00000000 -0.00000000
vn -0.70710000 0.18490000 0.68250000
vn -0.70610000 0.24600000 0.66400000
vn -0.70560000 0.12230000 0.69790000
vn -1.00000000 -0.00000000 -0.00000000
vn -0.70710000 0.30520000 0.63790000
vn -0.70610000 0.24600000 0.66400000
vn -0.70640000 0.36160000 0.60860000
vn -0.70570000 0.24640000 0.66430000
vn -0.98410000 0.07690000 -0.15980000
vn -0.00000000 0.86210000 0.50670000
vn -0.98440000 0.08910000 -0.15160000
vn -0.84190000 0.29510000 -0.45170000
vn -0.99540000 -0.04460000 -0.08540000
vn -0.00000000 0.86210000 0.50670000
vn -1.00000000 -0.00000000 -0.00000000
vn -0.98440000 0.08910000 -0.15160000
vn -0.53910000 0.43390000 -0.72190000
vn -0.17580000 0.49120000 -0.85310000
vn -0.40140000 0.46950000 -0.78640000
vn -0.60910000 0.37300000 -0.69990000
vn -0.00000000 0.86210000 0.50670000
vn -0.00000000 0.86210000 0.50670000
vn -0.53910000 0.43390000 -0.72190000
vn -0.90220000 0.15280000 -0.40330000
vn -0.80610000 0.29570000 -0.51260000
vn -0.84190000 0.29510000 -0.45170000
vn -0.00000000 0.86210000 0.50670000
vn -0.39620000 -0.45970000 0.79480000
vn -0.51840000 -0.44660000 0.72930000
vn -0.17580000 -0.50670000 0.84400000
vn -0.53900000 -0.44330000 0.71620000
vn -0.00000000 0.86210000 0.50670000
vn -0.79560000 -0.30920000 0.52100000
vn -0.53900000 -0.44330000 0.71620000
vn -0.84190000 -0.29750000 0.45020000
vn -0.62820000 -0.39230000 0.67190000
vn -0.91920000 -0.19200000 0.34390000
vn -0.84190000 -0.29750000 0.45020000
vn -0.96550000 -0.13700000 0.22160000
vn -0.98420000 -0.10820000 0.14030000
vn -0.00000000 0.86210000 0.50670000
vn -0.00000000 0.86210000 0.50670000
vn -0.99310000 -0.05950000 0.10130000
vn -0.98420000 -0.10820000 0.14030000
vn -1.00000000 -0.00000000 -0.00000000
vn -0.68000000 0.70390000 0.20530000
vn -0.67150000 0.71390000 0.19850000
vn -1.00000000 -0.00000000 -0.00000000
vn -0.99310000 -0.05950000 0.10130000
vn -0.98420000 -0.10820000 0.14030000
vn -0.96550000 -0.13700000 0.22160000
vn -0.99310000 -0.05950000 0.10130000
vn -0.68470000 0.69780000 0.21060000
vn -0.68000000 0.70390000 0.20530000
vn -0.91920000 -0.19200000 0.34390000
vn -0.69130000 0.68870000 0.21860000
vn -0.96550000 -0.13700000 0.22160000
vn -0.68470000 0.69780000 0.21060000
vn -0.70150000 0.67230000 0.23660000
vn -0.69130000 0.68870000 0.21860000
vn -0.91920000 -0.19200000 0.34390000
vn -0.79560000 -0.30920000 0.52100000
vn -0.84190000 -0.29750000 0.45020000
vn -0.79560000 -0.30920000 0.52100000
vn -0.70790000 0.65790000 0.25690000
vn -0.70150000 0.67230000 0.23660000
vn -0.62820000 -0.39230000 0.67190000
vn -0.70700000 0.68710000 0.16740000
vn -0.70650000 0.67180000 0.22230000
vn -1.00000000 -0.00000000 -0.00000000
vn -0.67150000 0.71390000 0.19850000
vn -0.71750000 0.68340000 0.13490000
vn -1.00000000 -0.00000000 -0.00000000
vn -0.70650000 0.70610000 0.04740000
vn -0.71750000 0.68340000 0.13490000
vn -0.70680000 0.69720000 0.12000000
vn -0.70660000 0.70690000 -0.03100000
vn -1.00000000 -0.00000000 -0.00000000
vn -0.70650000 0.70610000 0.04740000
vn -0.70670000 0.18680000 -0.68240000
vn -0.99540000 -0.05160000 0.08130000
vn -1.00000000 -0.00000000 -0.00000000
vn -0.71370000 0.23650000 -0.65940000
vn -0.70710000 0.18000000 -0.68380000
vn -0.98440000 -0.17580000 -0.00140000
vn -1.00000000 -0.00000000 -0.00000000
vn -0.70610000 0.24580000 -0.66400000
vn -0.71820000 0.34310000 -0.60540000
vn -0.70710000 0.30470000 -0.63820000
vn -0.71370000 0.23650000 -0.65940000
vn -0.53910000 -0.84210000 -0.01480000
vn -0.80610000 -0.59170000 0.00020000
vn -0.69940000 0.14610000 -0.69960000
vn -0.69590000 0.14310000 -0.70370000
vn -0.60910000 -0.79260000 0.02690000
vn -0.70400000 0.15470000 -0.69320000
vn -0.80610000 -0.59170000 0.00020000
vn -0.69940000 0.14610000 -0.69960000
vn -0.90220000 -0.42570000 0.06930000
vn -0.84190000 -0.53880000 -0.02970000
vn -0.98410000 -0.17690000 0.01330000
vn -0.70710000 0.16890000 -0.68660000
vn -0.90220000 -0.42570000 0.06930000
vn -0.70400000 0.15470000 -0.69320000
vn -0.70710000 0.16890000 -0.68660000
vn -0.98410000 -0.17690000 0.01330000
vn -0.70710000 0.18000000 -0.68380000
vn -0.99540000 -0.05160000 0.08130000
vn -0.72380000 0.64650000 -0.24120000
vn -0.70690000 0.68800000 -0.16430000
vn -0.73540000 0.67030000 -0.09930000
vn -0.70660000 0.67050000 -0.22620000
vn -1.00000000 -0.00000000 -0.00000000
vn -0.70580000 0.69670000 -0.12860000
vn -1.00000000 -0.00000000 -0.00000000
vn -0.70660000 0.70690000 -0.03100000
vn -0.70580000 0.69670000 -0.12860000
vn -0.70690000 0.64790000 -0.28360000
vn -0.72280000 0.59570000 -0.35030000
vn -0.72380000 0.64650000 -0.24120000
vn -0.70650000 0.61990000 -0.34150000
vn -1.00000000 -0.00000000 -0.00000000
vn -0.72280000 0.59570000 -0.35030000
vn -0.70640000 0.54960000 -0.44600000
vn -1.00000000 -0.00000000 -0.00000000
vn -0.70700000 0.58740000 -0.39390000
vn -0.72160000 0.52680000 -0.44930000
vn -0.70700000 0.50820000 -0.49180000
vn -0.70630000 0.46190000 -0.53640000
vn -1.00000000 -0.00000000 -0.00000000
vn -0.72160000 0.52680000 -0.44930000
vn -0.72000000 0.44180000 -0.53510000
vn -0.71820000 0.34310000 -0.60540000
vn -0.70700000 0.41300000 -0.57410000
vn -0.70620000 0.35960000 -0.60990000
vn -0.72000000 0.44180000 -0.53510000
vn -1.00000000 -0.00000000 -0.00000000
vn -0.98440000 -0.17580000 -0.00140000
vn -0.84190000 -0.53880000 -0.02970000
vn -0.00000000 0.00780000 -1.00000000
vn -0.99540000 -0.05160000 0.08130000
vn -0.98410000 -0.17690000 0.01330000
vn -0.00000000 0.00780000 -1.00000000
vn -0.98440000 -0.17580000 -0.00140000
vn -1.00000000 -0.00000000 -0.00000000
vn -0.40140000 -0.91580000 -0.01340000
vn -0.53910000 -0.84210000 -0.01480000
vn -0.17580000 -0.98440000 0.00110000
vn -0.00000000 0.00780000 -1.00000000
vn -0.60910000 -0.79260000 0.02690000
vn -0.80610000 -0.59170000 0.00020000
vn -0.90220000 -0.42570000 0.06930000
vn -0.84190000 -0.53880000 -0.02970000
vn -0.00000000 0.00780000 -1.00000000
vn -0.53910000 -0.84210000 -0.01480000
vn -0.00000000 0.00780000 -1.00000000
vn -0.79560000 0.60580000 0.00730000
vn -0.53900000 0.84190000 0.02580000
vn -0.84190000 0.53870000 0.03250000
vn -0.62820000 0.77800000 0.00380000
vn -0.00000000 0.00780000 -1.00000000
vn -0.91920000 0.39380000 -0.00570000
vn -0.84190000 0.53870000 0.03250000
vn -0.96550000 0.26030000 0.00790000
vn -0.98420000 0.17560000 0.02360000
vn -0.98420000 0.17560000 0.02360000
vn -0.99310000 0.11750000 0.00090000
vn -1.00000000 -0.00000000 -0.00000000
vn -0.00000000 0.00780000 -1.00000000
vn -0.17580000 0.98430000 0.01680000
vn -0.53900000 0.84190000 0.02580000
vn -0.51800000 0.85510000 0.02190000
vn -0.39620000 0.91820000 0.00070000
vn -0.00000000 0.00780000 -1.00000000
vn -0.70410000 0.65820000 -0.26660000
vn -0.00000000 0.92680000 -0.37550000
vn -0.70710000 0.61510000 -0.34880000
vn -0.00000000 0.86990000 -0.49320000
vn -0.70170000 0.54940000 -0.45370000
vn -0.70170000 0.54930000 -0.45370000
vn -1.00000000 -0.00000000 -0.00000000
vn -0.70710000 0.61510000 -0.34880000
vn -0.70170000 0.36100000 -0.61430000
vn -0.70170000 0.54940000 -0.45370000
vn -1.00000000 -0.00000000 -0.00000000
vn -0.70170000 0.36100000 -0.61430000
vn -0.70170000 0.12920000 -0.70070000
vn -1.00000000 -0.00000000 -0.00000000
vn -0.00880000 0.93700000 0.34930000
vn -0.00000000 0.99040000 0.13820000
vn -0.00000000 0.92090000 0.38990000
vn 0.00880000 0.99540000 0.09490000
vn -0.70410000 0.70330000 0.09820000
vn -0.70410000 0.65390000 0.27690000
vn -0.70410000 0.65820000 -0.26660000
vn -0.00000000 0.92680000 -0.37550000
vn -0.00000000 0.97790000 -0.20880000
vn -0.70680000 0.69180000 -0.14770000
vn -0.00880000 0.94230000 -0.33470000
vn -0.00000000 0.97790000 -0.20880000
vn -0.70580000 0.70620000 -0.05630000
vn -0.00000000 0.99680000 -0.07940000
vn -0.67520000 0.73200000 -0.09060000
vn -0.70680000 0.69180000 -0.14770000
vn -0.00000000 0.99040000 0.13820000
vn -0.70410000 0.70330000 0.09820000
vn -0.70580000 0.70620000 -0.05630000
vn -0.00000000 0.99680000 -0.07940000
vn -0.70410000 0.70330000 0.09820000
vn -0.70410000 0.65390000 0.27690000
vn -1.00000000 -0.00000000 -0.00000000
vn -0.67520000 0.73200000 -0.09060000
vn -1.00000000 -0.00000000 -0.00000000
vn -0.70410000 0.70330000 0.09820000
vn -0.70580000 0.70620000 -0.05630000
vn -0.67520000 0.73200000 -0.09060000
vn -0.70410000 0.65820000 -0.26660000
vn -0.70680000 0.69180000 -0.14770000
vn -1.00000000 -0.00000000 -0.00000000
vn -0.70710000 0.61510000 -0.34880000
vn -0.70410000 0.65820000 -0.26660000
vn -1.00000000 -0.00000000 -0.00000000
f 3//3 6//6 9//9
f 9//9 6//6 11//11
f 13//13 18//18 21//21
f 22//22 27//27 28//28
f 28//28 27//27 33//33
f 35//35 6//6 33//33
f 33//33 6//6 3//3
f 33//33 3//3 28//28
f 35//35 38//38 6//6
f 6//6 38//38 41//41
f 6//6 41//41 43//43
f 47//47 13//13 11//11
f 11//11 13//13 21//21
f 11//11 21//21 9//9
f 9//9 21//21 50//50
f 50//50 52//52 9//9
f 9//9 52//52 57//57
f 9//9 57//57 59//59
f 10//10 63//63 66//66
f 10//10 66//66 46//46
f 48//48 65//65 69//69
f 48//48 69//69 15//15
f 14//14 70//70 75//75
f 14//14 75//75 17//17
f 16//16 76//76 77//77
f 16//16 77//77 20//20
f 49//49 19//19 83//83
f 83//83 19//19 78//78
f 51//51 82//82 88//88
f 51//51 88//88 53//53
f 54//54 87//87 89//89
f 54//54 89//89 55//55
f 56//56 92//92 95//95
f 56//56 95//95 58//58
f 60//60 94//94 97//97
f 60//60 97//97 8//8
f 1//1 7//7 103//103
f 103//103 7//7 100//100
f 2//2 102//102 105//105
f 2//2 105//105 29//29
f 30//30 108//108 111//111
f 30//30 111//111 23//23
f 24//24 110//110 116//116
f 24//24 116//116 26//26
f 25//25 113//113 119//119
f 25//25 119//119 32//32
f 36//36 31//31 121//121
f 121//121 31//31 118//118
f 34//34 124//124 125//125
f 34//34 125//125 37//37
f 39//39 126//126 130//130
f 39//39 130//130 40//40
f 42//42 131//131 135//135
f 42//42 135//135 45//45
f 44//44 134//134 137//137
f 44//44 137//137 4//4
f 12//12 5//5 64//64
f 64//64 5//5 138//138
f 139//139 101//101 62//62
f 62//62 101//101 99//99
f 117//117 114//114 112//112
f 79//79 74//74 71//71
f 139//139 136//136 129//129
f 99//99 93//93 90//90
f 112//112 106//106 117//117
f 117//117 106//106 101//101
f 117//117 101//101 122//122
f 122//122 101//101 139//139
f 122//122 139//139 127//127
f 127//127 139//139 129//129
f 71//71 67//67 79//79
f 79//79 67//67 62//62
f 79//79 62//62 84//84
f 84//84 62//62 99//99
f 84//84 99//99 85//85
f 85//85 99//99 90//90
f 142//142 145//145 151//151
f 151//151 145//145 153//153
f 156//156 160//160 165//165
f 165//165 160//160 169//169
f 170//170 178//178 182//182
f 185//185 193//193 197//197
f 196//196 190//190 202//202
f 196//196 202//202 204//204
f 188//188 194//194 208//208
f 206//206 195//195 214//214
f 210//210 215//215 216//216
f 219//219 212//212 221//221
f 218//218 222//222 226//226
f 230//230 223//223 233//233
f 234//234 225//225 238//238
f 232//232 236//236 240//240
f 243//243 237//237 248//248
f 243//243 248//248 252//252
f 181//181 174//174 246//246
f 245//245 177//177 256//256
f 247//247 253//253 251//251
f 171//171 184//184 258//258
f 259//259 183//183 264//264
f 261//261 266//266 271//271
f 268//268 263//263 275//275
f 267//267 273//273 278//278
f 277//277 272//272 282//282
f 277//277 282//282 287//287
f 290//290 293//293 302//302
f 304//304 311//311 314//314
f 315//315 309//309 284//284
f 315//315 284//284 281//281
f 303//303 312//312 319//319
f 317//317 316//316 324//324
f 322//322 325//325 331//331
f 328//328 326//326 334//334
f 330//330 336//336 337//337
f 338//338 335//335 345//345
f 344//344 333//333 349//349
f 342//342 350//350 354//354
f 353//353 348//348 359//359
f 353//353 359//359 360//360
f 301//301 294//294 358//358
f 355//355 295//295 365//365
f 356//356 367//367 361//361
f 288//288 299//299 368//368
f 369//369 298//298 376//376
f 372//372 377//377 379//379
f 380//380 374//374 383//383
f 378//378 384//384 390//390
f 387//387 385//385 205//205
f 387//387 205//205 201//201
f 394//394 397//397 404//404
f 409//409 414//414 417//417
f 416//416 413//413 422//422
f 416//416 422//422 427//427
f 408//408 419//419 429//429
f 431//431 418//418 435//435
f 432//432 436//436 441//441
f 439//439 437//437 445//445
f 442//442 446//446 448//448
f 449//449 443//443 455//455
f 453//453 444//444 459//459
f 457//457 458//458 465//465
f 464//464 461//461 466//466
f 464//464 466//466 471//471
f 405//405 400//400 469//469
f 467//467 396//396 476//476
f 468//468 478//478 474//474
f 395//395 403//403 480//480
f 479//479 402//402 487//487
f 484//484 488//488 490//490
f 491//491 485//485 495//495
f 492//492 497//497 501//501
f 502//502 494//494 503//503
f 502//502 503//503 508//508
f 513//513 518//518 524//524
f 528//528 531//531 534//534
f 536//536 532//532 506//506
f 536//536 506//506 504//504
f 527//527 535//535 540//540
f 539//539 538//538 548//548
f 541//541 546//546 551//551
f 550//550 547//547 556//556
f 553//553 558//558 562//562
f 561//561 554//554 566//566
f 564//564 555//555 569//569
f 567//567 572//572 574//574
f 576//576 570//570 579//579
f 576//576 579//579 583//583
f 521//521 516//516 578//578
f 577//577 517//517 587//587
f 580//580 586//586 585//585
f 512//512 522//522 591//591
f 592//592 523//523 597//597
f 594//594 598//598 603//603
f 602//602 599//599 605//605
f 604//604 607//607 610//610
f 613//613 606//606 426//426
f 613//613 426//426 421//421
f 616//616 620//620 621//621
f 621//621 620//620 623//623
f 621//621 623//623 629//629
f 633//633 637//637 643//643
f 634//634 639//639 644//644
f 646//646 642//642 647//647
f 646//646 647//647 651//651
f 653//653 649//649 618//618
f 653//653 618//618 615//615
f 636//636 631//631 657//657
f 657//657 631//631 660//660
f 663//663 668//668 672//672
f 664//664 671//671 675//675
f 677//677 673//673 681//681
f 676//676 680//680 685//685
f 686//686 683//683 656//656
f 687//687 658//658 659//659
f 689//689 692//692 696//696
f 696//696 692//692 669//669
f 696//696 669//669 662//662
f 697//697 702//702 705//705
f 697//697 705//705 710//710
f 709//709 706//706 712//712
f 709//709 712//712 716//716
f 715//715 713//713 693//693
f 715//715 693//693 688//688
f 701//701 699//699 720//720
f 720//720 699//699 725//725
f 628//628 625//625 729//729
f 627//627 726//726 732//732
f 733//733 727//727 735//735
f 731//731 736//736 740//740
f 742//742 737//737 721//721
f 743//743 718//718 723//723
f 746//746 150//150 154//154
f 154//154 748//748 746//746
f 745//745 749//749 754//754
f 747//747 753//753 760//760
f 761//761 755//755 765//765
f 759//759 764//764 771//771
f 773//773 778//778 783//783
f 783//783 778//778 769//769
f 782//782 770//770 785//785
f 786//786 768//768 766//766
f 144//144 141//141 791//791
f 791//791 141//141 793//793
f 792//792 794//794 799//799
f 799//799 794//794 800//800
f 798//798 801//801 805//805
f 805//805 801//801 808//808
f 803//803 807//807 811//811
f 811//811 807//807 814//814
f 148//148 819//819 152//152
f 152//152 819//819 822//822
f 827//827 829//829 834//834
f 834//834 836//836 827//827
f 826//826 837//837 841//841
f 825//825 843//843 846//846
f 848//848 840//840 854//854
f 845//845 849//849 856//856
f 161//161 157//157 864//864
f 864//864 157//157 858//858
f 861//861 857//857 866//866
f 865//865 855//855 851//851
f 162//162 872//872 167//167
f 167//167 872//872 873//873
f 880//880 164//164 168//168
f 168//168 884//884 880//880
f 878//878 882//882 890//890
f 879//879 887//887 893//893
f 891//891 886//886 899//899
f 892//892 900//900 904//904
f 906//906 910//910 916//916
f 916//916 910//910 905//905
f 915//915 903//903 919//919
f 921//921 901//901 898//898
f 286//286 310//310 925//925
f 923//923 307//307 930//930
f 308//308 305//305 931//931
f 929//929 306//306 318//318
f 928//928 321//321 936//936
f 346//346 937//937 339//339
f 341//341 938//938 932//932
f 340//340 935//935 327//327
f 329//329 933//933 320//320
f 343//343 352//352 941//941
f 940//940 351//351 362//362
f 940//940 362//362 945//945
f 363//363 364//364 942//942
f 946//946 366//366 292//292
f 943//943 296//296 951//951
f 297//297 289//289 949//949
f 950//950 291//291 370//370
f 948//948 371//371 953//953
f 200//200 958//958 391//391
f 389//389 957//957 955//955
f 388//388 954//954 381//381
f 382//382 952//952 373//373
f 199//199 192//192 961//961
f 959//959 191//191 962//962
f 189//189 186//186 963//963
f 965//965 187//187 209//209
f 966//966 207//207 971//971
f 235//235 974//974 228//228
f 227//227 972//972 969//969
f 229//229 968//968 220//220
f 217//217 967//967 211//211
f 231//231 241//241 975//975
f 973//973 242//242 249//249
f 973//973 249//249 978//978
f 250//250 255//255 981//981
f 980//980 254//254 176//176
f 977//977 175//175 985//985
f 179//179 172//172 982//982
f 986//986 173//173 262//262
f 983//983 260//260 988//988
f 285//285 926//926 276//276
f 279//279 924//924 991//991
f 280//280 987//987 269//269
f 270//270 990//990 257//257
f 509//509 529//529 995//995
f 992//992 530//530 997//997
f 533//533 525//525 1001//1001
f 1000//1000 526//526 543//543
f 999//999 544//544 1002//1002
f 568//568 1007//1007 560//560
f 559//559 1010//1010 1005//1005
f 563//563 1003//1003 549//549
f 552//552 1006//1006 542//542
f 565//565 575//575 1009//1009
f 1008//1008 573//573 582//582
f 1008//1008 582//582 1012//1012
f 584//584 588//588 1014//1014
f 1013//1013 589//589 514//514
f 1015//1015 515//515 1021//1021
f 519//519 510//510 1020//1020
f 1017//1017 511//511 590//590
f 1018//1018 595//595 1022//1022
f 423//423 1028//1028 612//612
f 611//611 1030//1030 1023//1023
f 609//609 1025//1025 600//600
f 601//601 1024//1024 593//593
f 424//424 415//415 1029//1029
f 1027//1027 411//411 1032//1032
f 412//412 410//410 1035//1035
f 1033//1033 407//407 433//433
f 1034//1034 430//430 1037//1037
f 454//454 1042//1042 450//450
f 451//451 1046//1046 1039//1039
f 452//452 1040//1040 440//440
f 438//438 1041//1041 428//428
f 456//456 463//463 1045//1045
f 1044//1044 462//462 472//472
f 1044//1044 472//472 1048//1048
f 473//473 475//475 1051//1051
f 1047//1047 477//477 398//398
f 1050//1050 399//399 1054//1054
f 401//401 392//392 1055//1055
f 1056//1056 393//393 482//482
f 1053//1053 481//481 1058//1058
f 507//507 993//993 500//500
f 499//499 994//994 1057//1057
f 498//498 1060//1060 489//489
f 493//493 1061//1061 483//483
f 619//619 1062//1062 624//624
f 624//624 1062//1062 1065//1065
f 626//626 1066//1066 1069//1069
f 626//626 1069//1069 728//728
f 730//730 1070//1070 1072//1072
f 730//730 1072//1072 739//739
f 738//738 1071//1071 1075//1075
f 738//738 1075//1075 722//722
f 719//719 1074//1074 700//700
f 700//700 1074//1074 1077//1077
f 703//703 1078//1078 1081//1081
f 703//703 1081//1081 707//707
f 704//704 1082//1082 1085//1085
f 704//704 1085//1085 711//711
f 714//714 1084//1084 1087//1087
f 714//714 1087//1087 694//694
f 691//691 1088//1088 666//666
f 666//666 1088//1088 1091//1091
f 667//667 1089//1089 1094//1094
f 667//667 1094//1094 670//670
f 674//674 1092//1092 1095//1095
f 674//674 1095//1095 679//679
f 682//682 1097//1097 1100//1100
f 682//682 1100//1100 655//655
f 654//654 1099//1099 635//635
f 635//635 1099//1099 1101//1101
f 638//638 1103//1103 1105//1105
f 638//638 1105//1105 640//640
f 641//641 1106//1106 1109//1109
f 641//641 1109//1109 650//650
f 648//648 1108//1108 1064//1064
f 648//648 1064//1064 617//617
f 1110//1110 1115//1115 622//622
f 1115//1115 1116//1116 622//622
f 622//622 1116//1116 1119//1119
f 622//622 1119//1119 614//614
f 1119//1119 1122//1122 614//614
f 614//614 1122//1122 1125//1125
f 614//614 1125//1125 652//652
f 652//652 1125//1125 1129//1129
f 652//652 1129//1129 645//645
f 645//645 1129//1129 1132//1132
f 645//645 1132//1132 632//632
f 632//632 1132//1132 1134//1134
f 632//632 1134//1134 661//661
f 661//661 1134//1134 830//830
f 661//661 830//830 684//684
f 684//684 830//830 824//824
f 684//684 824//824 678//678
f 678//678 824//824 847//847
f 678//678 847//847 665//665
f 665//665 847//847 859//859
f 447//447 434//434 1137//1137
f 1139//1139 1142//1142 505//505
f 505//505 1142//1142 1149//1149
f 505//505 1149//1149 537//537
f 537//537 1149//1149 1151//1151
f 537//537 1151//1151 1156//1156
f 1161//1161 695//695 1163//1163
f 1163//1163 695//695 1167//1167
f 1161//1161 1171//1171 695//695
f 695//695 1171//1171 1176//1176
f 695//695 1176//1176 1179//1179
f 545//545 537//537 912//912
f 912//912 537//537 902//902
f 902//902 1184//1184 894//894
f 894//894 1184//1184 1190//1190
f 894//894 1190//1190 877//877
f 877//877 1190//1190 1193//1193
f 859//859 158//158 665//665
f 665//665 158//158 163//163
f 665//665 163//163 695//695
f 695//695 163//163 877//877
f 695//695 877//877 1167//1167
f 1167//1167 877//877 1193//1193
f 1156//1156 1199//1199 537//537
f 537//537 1199//1199 1204//1204
f 537//537 1204//1204 902//902
f 902//902 1204//1204 1209//1209
f 902//902 1209//1209 1184//1184
f 486//486 695//695 496//496
f 496//496 695//695 1179//1179
f 496//496 1179//1179 505//505
f 505//505 1179//1179 1211//1211
f 505//505 1211//1211 1139//1139
f 520//520 1218//1218 596//596
f 596//596 1218//1218 608//608
f 520//520 581//581 1218//1218
f 1218//1218 581//581 571//571
f 1218//1218 571//571 912//912
f 912//912 571//571 557//557
f 912//912 557//557 545//545
f 486//486 406//406 695//695
f 695//695 406//406 470//470
f 695//695 470//470 1137//1137
f 1137//1137 470//470 460//460
f 1137//1137 460//460 447//447
f 265//265 434//434 274//274
f 274//274 434//434 420//420
f 274//274 420//420 283//283
f 283//283 420//420 425//425
f 283//283 425//425 313//313
f 313//313 425//425 608//608
f 313//313 608//608 323//323
f 1137//1137 224//224 213//213
f 213//213 198//198 1137//1137
f 1137//1137 198//198 203//203
f 1137//1137 203//203 1110//1110
f 265//265 180//180 434//434
f 434//434 180//180 244//244
f 434//434 244//244 1137//1137
f 1137//1137 244//244 239//239
f 1137//1137 239//239 224//224
f 203//203 386//386 1110//1110
f 1110//1110 386//386 375//375
f 1110//1110 375//375 1218//1218
f 1218//1218 375//375 300//300
f 300//300 357//357 1218//1218
f 1218//1218 357//357 347//347
f 1218//1218 347//347 608//608
f 608//608 347//347 332//332
f 608//608 332//332 323//323
f 1221//1221 1226//1226 695//695
f 1137//1137 772//772 779//779
f 1226//1226 1229//1229 695//695
f 695//695 1229//1229 1233//1233
f 695//695 1233//1233 690//690
f 1137//1137 779//779 695//695
f 695//695 779//779 1235//1235
f 695//695 1235//1235 1221//1221
f 1110//1110 622//622 1137//1137
f 1137//1137 622//622 758//758
f 1137//1137 758//758 772//772
f 1233//1233 1240//1240 690//690
f 690//690 1240//1240 1242//1242
f 690//690 1242//1242 717//717
f 717//717 1242//1242 1247//1247
f 717//717 1247//1247 708//708
f 708//708 1247//1247 1253//1253
f 708//708 1253//1253 698//698
f 698//698 1253//1253 1256//1256
f 698//698 1256//1256 724//724
f 724//724 1256//1256 816//816
f 724//724 816//816 741//741
f 741//741 816//816 809//809
f 741//741 809//809 734//734
f 734//734 809//809 802//802
f 734//734 802//802 630//630
f 630//630 802//802 795//795
f 795//795 143//143 630//630
f 630//630 143//143 149//149
f 630//630 149//149 622//622
f 622//622 149//149 744//744
f 622//622 744//744 758//758
f 775//775 781//781 1258//1258
f 1257//1257 780//780 1262//1262
f 784//784 787//787 1263//1263
f 1264//1264 788//788 762//762
f 1265//1265 763//763 1268//1268
f 155//155 821//821 750//750
f 752//752 820//820 1267//1267
f 751//751 1269//1269 756//756
f 757//757 1266//1266 767//767
f 1272//1272 1237//1237 776//776
f 776//776 1237//1237 777//777
f 1220//1220 1236//1236 1271//1271
f 1271//1271 1275//1275 1220//1220
f 1222//1222 1277//1277 1282//1282
f 1219//1219 1280//1280 1223//1223
f 1224//1224 1281//1281 1289//1289
f 1225//1225 1285//1285 1230//1230
f 1292//1292 1234//1234 1296//1296
f 1296//1296 1234//1234 1227//1227
f 1294//1294 1231//1231 1300//1300
f 1299//1299 1228//1228 1288//1288
f 1305//1305 1239//1239 1293//1293
f 1293//1293 1239//1239 1232//1232
f 1241//1241 1238//1238 1303//1303
f 1303//1303 1307//1307 1241//1241
f 1243//1243 1306//1306 1313//1313
f 1244//1244 1314//1314 1248//1248
f 1246//1246 1312//1312 1319//1319
f 1245//1245 1317//1317 1250//1250
f 1321//1321 1255//1255 1325//1325
f 1325//1325 1255//1255 1249//1249
f 1326//1326 1251//1251 1330//1330
f 1328//1328 1252//1252 1315//1315
f 812//812 815//815 1323//1323
f 1323//1323 815//815 1254//1254
f 817//817 147//147 1333//1333
f 1332//1332 146//146 790//790
f 1335//1335 789//789 1336//1336
f 1336//1336 789//789 797//797
f 1338//1338 796//796 1339//1339
f 1339//1339 796//796 806//806
f 1341//1341 804//804 1343//1343
f 1343//1343 804//804 810//810
f 1349//1349 1353//1353 1259//1259
f 1356//1356 1360//1360 1259//1259
f 1259//1259 1360//1360 1366//1366
f 818//818 1334//1334 1337//1337
f 1366//1366 1369//1369 1259//1259
f 1259//1259 1369//1369 1374//1374
f 1259//1259 1374//1374 1349//1349
f 1261//1261 1270//1270 1259//1259
f 1259//1259 1270//1270 823//823
f 1259//1259 823//823 1356//1356
f 1356//1356 823//823 818//818
f 1377//1377 1356//1356 1342//1342
f 1342//1342 1356//1356 818//818
f 1342//1342 818//818 1340//1340
f 1340//1340 818//818 1337//1337
f 831//831 828//828 1382//1382
f 1382//1382 828//828 1136//1136
f 159//159 860//860 871//871
f 870//870 863//863 1388//1388
f 862//862 867//867 1387//1387
f 1389//1389 868//868 853//853
f 1386//1386 850//850 1393//1393
f 833//833 1396//1396 835//835
f 839//839 1398//1398 1394//1394
f 838//838 1391//1391 844//844
f 842//842 1390//1390 852//852
f 1401//1401 1405//1405 1407//1407
f 1407//1407 1405//1405 1413//1413
f 1407//1407 1413//1413 1419//1419
f 1395//1395 1422//1422 1425//1425
f 1425//1425 1428//1428 1395//1395
f 1395//1395 1428//1428 1431//1431
f 1395//1395 1431//1431 1401//1401
f 869//869 1385//1385 1392//1392
f 1433//1433 1438//1438 1407//1407
f 1407//1407 1438//1438 876//876
f 1407//1407 876//876 1401//1401
f 1401//1401 876//876 869//869
f 1401//1401 869//869 1395//1395
f 1395//1395 869//869 1392//1392
f 908//908 913//913 1410//1410
f 1409//1409 917//917 1436//1436
f 914//914 920//920 1435//1435
f 1434//1434 918//918 895//895
f 1437//1437 896//896 1440//1440
f 166//166 874//874 883//883
f 885//885 875//875 1439//1439
f 881//881 1442//1442 889//889
f 888//888 1441//1441 897//897
f 1447//1447 1217//1217 909//909
f 909//909 1217//1217 911//911
f 1450//1450 1120//1120 1452//1452
f 1452//1452 1120//1120 1117//1117
f 1453//1453 1118//1118 1459//1459
f 1459//1459 1118//1118 1114//1114
f 1458//1458 1113//1113 1464//1464
f 1464//1464 1113//1113 1111//1111
f 1462//1462 1112//1112 1443//1443
f 1443//1443 1112//1112 1216//1216
f 1467//1467 1123//1123 1451//1451
f 1451//1451 1123//1123 1121//1121
f 1381//1381 1135//1135 1474//1474
f 1474//1474 1135//1135 1133//1133
f 1473//1473 1131//1131 1478//1478
f 1478//1478 1131//1131 1128//1128
f 1475//1475 1130//1130 1482//1482
f 1482//1482 1130//1130 1126//1126
f 1481//1481 1127//1127 1470//1470
f 1470//1470 1127//1127 1124//1124
f 1483//1483 944//944 1489//1489
f 1489//1489 944//944 947//947
f 1489//1489 947//947 1496//1496
f 1496//1496 947//947 956//956
f 1496//1496 956//956 1498//1498
f 1498//1498 956//956 960//960
f 1498//1498 960//960 1506//1506
f 1506//1506 960//960 964//964
f 1506//1506 964//964 1512//1512
f 1512//1512 964//964 970//970
f 1512//1512 970//970 1514//1514
f 970//970 976//976 1514//1514
f 1514//1514 976//976 979//979
f 1514//1514 979//979 1521//1521
f 1521//1521 979//979 984//984
f 1521//1521 984//984 1527//1527
f 1527//1527 984//984 989//989
f 1527//1527 989//989 1529//1529
f 1529//1529 989//989 922//922
f 1529//1529 922//922 1535//1535
f 1535//1535 922//922 927//927
f 1535//1535 927//927 1542//1542
f 1542//1542 927//927 934//934
f 1542//1542 934//934 1483//1483
f 1483//1483 934//934 939//939
f 1483//1483 939//939 944//944
f 1547//1547 1049//1049 1550//1550
f 1550//1550 1049//1049 1052//1052
f 1550//1550 1052//1052 1556//1556
f 1556//1556 1052//1052 1059//1059
f 1556//1556 1059//1059 1562//1562
f 1562//1562 1059//1059 996//996
f 1562//1562 996//996 1567//1567
f 1567//1567 996//996 998//998
f 1567//1567 998//998 1571//1571
f 1571//1571 998//998 1004//1004
f 1571//1571 1004//1004 1577//1577
f 1004//1004 1011//1011 1577//1577
f 1577//1577 1011//1011 1016//1016
f 1577//1577 1016//1016 1578//1578
f 1578//1578 1016//1016 1019//1019
f 1578//1578 1019//1019 1584//1584
f 1584//1584 1019//1019 1026//1026
f 1584//1584 1026//1026 1588//1588
f 1588//1588 1026//1026 1031//1031
f 1588//1588 1031//1031 1596//1596
f 1596//1596 1031//1031 1036//1036
f 1596//1596 1036//1036 1599//1599
f 1599//1599 1036//1036 1038//1038
f 1599//1599 1038//1038 1547//1547
f 1547//1547 1038//1038 1043//1043
f 1547//1547 1043//1043 1049//1049
f 1080//1080 91//91 1083//1083
f 1083//1083 91//91 96//96
f 1083//1083 96//96 1086//1086
f 1086//1086 96//96 98//98
f 1086//1086 98//98 1090//1090
f 1090//1090 98//98 104//104
f 1090//1090 104//104 1093//1093
f 1073//1073 73//73 1076//1076
f 1076//1076 73//73 80//80
f 1076//1076 80//80 1079//1079
f 1079//1079 80//80 81//81
f 1079//1079 81//81 1080//1080
f 1080//1080 81//81 86//86
f 1080//1080 86//86 91//91
f 1104//1104 132//132 1107//1107
f 1107//1107 132//132 133//133
f 1107//1107 133//133 1063//1063
f 1063//1063 133//133 140//140
f 1063//1063 140//140 1067//1067
f 1067//1067 140//140 61//61
f 1067//1067 61//61 1068//1068
f 1068//1068 61//61 68//68
f 1068//1068 68//68 1073//1073
f 1073//1073 68//68 72//72
f 1073//1073 72//72 73//73
f 104//104 107//107 1093//1093
f 1093//1093 107//107 109//109
f 1093//1093 109//109 1096//1096
f 1096//1096 109//109 115//115
f 1096//1096 115//115 1098//1098
f 1098//1098 115//115 120//120
f 1098//1098 120//120 1102//1102
f 1102//1102 120//120 123//123
f 1102//1102 123//123 1104//1104
f 1104//1104 123//123 128//128
f 1104//1104 128//128 132//132
f 1605//1605 1611//1611 1198//1198
f 1614//1614 1619//1619 1195//1195
f 1196//1196 1621//1621 1624//1624
f 1196//1196 1624//1624 1166//1166
f 1613//1613 1194//1194 1628//1628
f 1627//1627 1192//1192 1191//1191
f 1630//1630 1189//1189 1633//1633
f 1636//1636 1188//1188 1186//1186
f 1632//1632 1183//1183 1641//1641
f 1638//1638 1187//1187 1645//1645
f 1642//1642 1185//1185 1208//1208
f 1646//1646 1207//1207 1648//1648
f 1649//1649 1210//1210 1205//1205
f 1649//1649 1205//1205 1654//1654
f 1200//1200 1610//1610 1202//1202
f 1206//1206 1609//1609 1658//1658
f 1203//1203 1656//1656 1653//1653
f 1604//1604 1201//1201 1659//1659
f 1664//1664 1197//1197 1157//1157
f 1660//1660 1155//1155 1667//1667
f 1669//1669 1154//1154 1152//1152
f 1668//1668 1150//1150 1673//1673
f 1674//1674 1153//1153 1147//1147
f 1674//1674 1147//1147 1675//1675
f 1680//1680 1687//1687 1173//1173
f 1690//1690 1697//1697 1143//1143
f 1144//1144 1695//1695 1676//1676
f 1144//1144 1676//1676 1148//1148
f 1692//1692 1145//1145 1702//1702
f 1700//1700 1146//1146 1141//1141
f 1703//1703 1138//1138 1708//1708
f 1707//1707 1140//1140 1215//1215
f 1705//1705 1214//1214 1710//1710
f 1711//1711 1212//1212 1717//1717
f 1715//1715 1213//1213 1180//1180
f 1718//1718 1181//1181 1721//1721
f 1720//1720 1182//1182 1175//1175
f 1720//1720 1175//1175 1726//1726
f 1170//1170 1685//1685 1178//1178
f 1174//1174 1686//1686 1729//1729
f 1177//1177 1727//1727 1724//1724
f 1681//1681 1169//1169 1736//1736
f 1732//1732 1172//1172 1158//1158
f 1731//1731 1159//1159 1739//1739
f 1737//1737 1160//1160 1162//1162
f 1740//1740 1165//1165 1743//1743
f 1746//1746 1164//1164 1168//1168
f 1746//1746 1168//1168 1625//1625
f 774//774 1260//1260 1351//1351
f 1750//1750 1751//1751 1351//1351
f 1351//1351 1751//1751 1274//1274
f 1351//1351 1274//1274 774//774
f 1756//1756 1291//1291 1762//1762
f 1762//1762 1291//1291 1297//1297
f 1761//1761 1295//1295 1764//1764
f 1764//1764 1295//1295 1298//1298
f 1763//1763 1301//1301 1770//1770
f 1770//1770 1301//1301 1286//1286
f 1768//1768 1287//1287 1774//1774
f 1774//1774 1287//1287 1279//1279
f 1775//1775 1284//1284 1778//1778
f 1777//1777 1283//1283 1278//1278
f 1780//1780 1276//1276 1753//1753
f 1753//1753 1276//1276 1273//1273
f 1290//1290 1757//1757 1304//1304
f 1304//1304 1757//1757 1783//1783
f 1787//1787 1322//1322 1790//1790
f 1790//1790 1322//1322 1327//1327
f 1793//1793 1324//1324 1796//1796
f 1796//1796 1324//1324 1329//1329
f 1798//1798 1331//1331 1801//1801
f 1801//1801 1331//1331 1316//1316
f 1802//1802 1318//1318 1807//1807
f 1807//1807 1318//1318 1310//1310
f 1806//1806 1311//1311 1808//1808
f 1808//1808 1311//1311 1308//1308
f 1811//1811 1309//1309 1784//1784
f 1784//1784 1309//1309 1302//1302
f 1344//1344 813//813 1378//1378
f 1378//1378 813//813 1320//1320
f 1378//1378 1320//1320 1812//1812
f 1812//1812 1320//1320 1788//1788
f 1817//1817 1365//1365 1821//1821
f 1823//1823 1367//1367 1362//1362
f 1824//1824 1361//1361 1827//1827
f 1826//1826 1363//1363 1833//1833
f 1832//1832 1364//1364 1357//1357
f 1830//1830 1355//1355 1838//1838
f 1839//1839 1358//1358 1844//1844
f 1843//1843 1359//1359 1380//1380
f 1840//1840 1379//1379 1813//1813
f 1848//1848 1371//1371 1818//1818
f 1818//1818 1371//1371 1368//1368
f 1747//1747 1352//1352 1850//1850
f 1854//1854 1354//1354 1346//1346
f 1851//1851 1347//1347 1859//1859
f 1372//1372 1370//1370 1845//1845
f 1846//1846 1862//1862 1373//1373
f 1376//1376 1860//1860 1864//1864
f 1375//1375 1867//1867 1345//1345
f 1350//1350 1868//1868 1871//1871
f 1348//1348 1872//1872 1856//1856
f 1397//1397 832//832 1421//1421
f 1421//1421 832//832 1384//1384
f 1421//1421 1384//1384 1876//1876
f 1876//1876 1384//1384 1881//1881
f 1884//1884 1432//1432 1887//1887
f 1887//1887 1432//1432 1427//1427
f 1888//1888 1429//1429 1891//1891
f 1891//1891 1429//1429 1424//1424
f 1892//1892 1426//1426 1877//1877
f 1877//1877 1426//1426 1423//1423
f 1895//1895 1400//1400 1882//1882
f 1882//1882 1400//1400 1430//1430
f 1899//1899 1417//1417 1905//1905
f 1906//1906 1418//1418 1412//1412
f 1907//1907 1415//1415 1908//1908
f 1403//1403 1399//1399 1894//1894
f 1898//1898 1914//1914 1404//1404
f 1406//1406 1916//1916 1919//1919
f 1402//1402 1918//1918 1416//1416
f 1414//1414 1920//1920 1925//1925
f 1411//1411 1922//1922 1909//1909
f 907//907 1408//1408 1420//1420
f 1900//1900 1927//1927 1420//1420
f 1420//1420 1927//1927 1444//1444
f 1420//1420 1444//1444 907//907
f 1933//1933 1448//1448 1456//1456
f 1931//1931 1455//1455 1938//1938
f 1939//1939 1454//1454 1457//1457
f 1937//1937 1460//1460 1942//1942
f 1944//1944 1461//1461 1463//1463
f 1941//1941 1466//1466 1951//1951
f 1949//1949 1465//1465 1445//1445
f 1950//1950 1446//1446 1929//1929
f 1449//1449 1935//1935 1468//1468
f 1468//1468 1935//1935 1952//1952
f 1880//1880 1383//1383 1959//1959
f 1959//1959 1383//1383 1471//1471
f 1958//1958 1472//1472 1961//1961
f 1961//1961 1472//1472 1476//1476
f 1960//1960 1477//1477 1965//1965
f 1965//1965 1477//1477 1479//1479
f 1966//1966 1480//1480 1955//1955
f 1955//1955 1480//1480 1469//1469
f 1972//1972 1973//1973 1531//1531
f 1530//1530 1975//1975 1525//1525
f 1977//1977 1979//1979 1526//1526
f 1523//1523 1980//1980 1986//1986
f 1524//1524 1983//1983 1519//1519
f 1987//1987 1990//1990 1520//1520
f 1522//1522 1991//1991 1997//1997
f 1518//1518 1995//1995 1515//1515
f 1996//1996 2001//2001 1516//1516
f 1517//1517 1998//1998 2007//2007
f 1513//1513 2006//2006 1509//1509
f 2002//2002 2009//2009 1510//1510
f 1508//1508 2008//2008 2014//2014
f 1511//1511 2016//2016 1503//1503
f 2021//2021 1502//1502 2023//2023
f 2026//2026 1501//1501 1507//1507
f 2024//2024 1504//1504 2029//2029
f 2028//2028 1505//1505 2017//2017
f 2020//2020 2033//2033 1500//1500
f 1499//1499 2035//2035 1497//1497
f 2034//2034 2040//2040 1493//1493
f 1494//1494 2037//2037 2043//2043
f 1495//1495 2044//2044 1492//1492
f 2046//2046 2050//2050 1488//1488
f 1491//1491 2047//2047 2056//2056
f 1490//1490 2051//2051 1487//1487
f 2052//2052 2059//2059 1485//1485
f 1484//1484 2060//2060 2065//2065
f 1486//1486 2066//2066 1540//1540
f 2063//2063 2071//2071 1539//1539
f 1541//1541 2068//2068 2072//2072
f 1538//1538 2075//2075 1534//1534
f 1971//1971 1528//1528 2078//2078
f 2080//2080 1532//1532 1537//1537
f 2077//2077 1533//1533 2086//2086
f 2085//2085 1536//1536 2076//2076
f 2090//2090 2092//2092 1560//1560
f 1558//1558 2093//2093 1553//1553
f 2091//2091 2099//2099 1554//1554
f 1557//1557 2098//2098 2102//2102
f 1555//1555 2101//2101 1552//1552
f 2105//2105 2106//2106 1549//1549
f 1548//1548 2108//2108 2111//2111
f 1551//1551 2115//2115 1546//1546
f 2114//2114 2117//2117 1545//1545
f 1543//1543 2116//2116 2124//2124
f 1544//1544 2125//2125 1598//1598
f 2121//2121 2128//2128 1601//1601
f 1602//1602 2129//2129 2132//2132
f 1600//1600 2133//2133 1595//1595
f 2139//2139 1590//1590 2140//2140
f 2141//2141 1589//1589 1594//1594
f 2144//2144 1593//1593 2149//2149
f 2147//2147 1597//1597 2134//2134
f 2136//2136 2151//2151 1591//1591
f 1592//1592 2152//2152 1587//1587
f 2150//2150 2156//2156 1585//1585
f 1583//1583 2155//2155 2160//2160
f 1586//1586 2159//2159 1580//1580
f 2162//2162 2165//2165 1579//1579
f 1581//1581 2166//2166 2169//2169
f 1582//1582 2171//2171 1575//1575
f 2172//2172 2175//2175 1574//1574
f 1573//1573 2176//2176 2184//2184
f 1576//1576 2183//2183 1569//1569
f 2180//2180 2188//2188 1568//1568
f 1570//1570 2187//2187 2190//2190
f 1572//1572 2192//2192 1563//1563
f 2089//2089 1559//1559 2198//2198
f 2197//2197 1561//1561 1565//1565
f 2199//2199 1566//1566 2201//2201
f 2204//2204 1564//1564 2191//2191
f 2206//2206 64//64 2211//2211
f 2211//2211 64//64 138//138
f 2216//2216 77//77 76//76
f 2216//2216 76//76 2219//2219
f 2217//2217 75//75 70//70
f 2217//2217 70//70 2223//2223
f 2222//2222 69//69 65//65
f 2222//2222 65//65 2225//2225
f 2227//2227 66//66 63//63
f 2227//2227 63//63 2207//2207
f 2230//2230 83//83 2213//2213
f 2213//2213 83//83 78//78
f 2234//2234 97//97 94//94
f 2234//2234 94//94 2239//2239
f 2240//2240 95//95 92//92
f 2240//2240 92//92 2241//2241
f 2242//2242 89//89 87//87
f 2242//2242 87//87 2247//2247
f 2248//2248 88//88 82//82
f 2248//2248 82//82 2231//2231
f 2249//2249 103//103 2233//2233
f 2233//2233 103//103 100//100
f 2256//2256 119//119 113//113
f 2256//2256 113//113 2257//2257
f 2258//2258 116//116 110//110
f 2258//2258 110//110 2263//2263
f 2264//2264 111//111 108//108
f 2264//2264 108//108 2265//2265
f 2266//2266 105//105 102//102
f 2266//2266 102//102 2250//2250
f 2271//2271 121//121 2255//2255
f 2255//2255 121//121 118//118
f 2212//2212 137//137 134//134
f 2212//2212 134//134 2274//2274
f 2275//2275 135//135 131//131
f 2275//2275 131//131 2280//2280
f 2281//2281 130//130 126//126
f 2281//2281 126//126 2283//2283
f 2284//2284 125//125 124//124
f 2284//2284 124//124 2269//2269
f 1623//1623 1620//1620 2286//2286
f 2288//2288 1617//1617 2292//2292
f 1618//1618 1616//1616 2293//2293
f 2294//2294 1615//1615 1629//1629
f 2291//2291 1626//1626 2297//2297
f 1643//1643 2304//2304 1640//1640
f 1639//1639 2305//2305 2299//2299
f 1637//1637 2298//2298 1634//1634
f 1635//1635 2300//2300 1631//1631
f 1644//1644 1650//1650 2303//2303
f 2301//2301 1647//1647 1651//1651
f 2301//2301 1651//1651 2310//2310
f 1652//1652 1657//1657 2306//2306
f 2308//2308 1655//1655 1608//1608
f 2309//2309 1607//1607 2315//2315
f 1612//1612 1606//1606 2312//2312
f 2313//2313 1603//1603 1663//1663
f 2314//2314 1662//1662 2319//2319
f 1677//1677 2325//2325 1671//1671
f 1670//1670 2321//2321 2316//2316
f 1672//1672 2318//2318 1666//1666
f 1665//1665 2317//2317 1661//1661
f 1678//1678 1693//1693 2323//2323
f 2322//2322 1696//1696 2326//2326
f 1694//1694 1691//1691 2328//2328
f 2327//2327 1689//1689 1699//1699
f 2330//2330 1701//1701 2335//2335
f 1714//1714 2336//2336 1713//1713
f 1712//1712 2340//2340 2331//2331
f 1709//1709 2332//2332 1706//1706
f 1704//1704 2333//2333 1698//1698
f 1716//1716 1722//1722 2339//2339
f 2338//2338 1719//1719 1723//1723
f 2338//2338 1723//1723 2341//2341
f 1725//1725 1730//1730 2344//2344
f 2345//2345 1728//1728 1683//1683
f 2342//2342 1688//1688 2350//2350
f 1684//1684 1682//1682 2348//2348
f 2347//2347 1679//1679 1734//1734
f 2346//2346 1733//1733 2351//2351
f 1622//1622 2289//2289 1744//1744
f 1745//1745 2290//2290 2352//2352
f 1742//1742 2353//2353 1738//1738
f 1741//1741 2355//2355 1735//1735
f 2358//2358 1754//1754 2359//2359
f 2359//2359 1754//1754 1749//1749
f 2359//2359 1749//1749 2361//2361
f 2365//2365 2370//2370 1755//1755
f 1755//1755 1760//1760 2365//2365
f 2366//2366 1759//1759 1766//1766
f 2367//2367 1767//1767 2372//2372
f 2374//2374 1765//1765 1771//1771
f 2373//2373 1772//1772 2379//2379
f 1752//1752 2356//2356 1779//1779
f 1779//1779 2356//2356 2377//2377
f 1781//1781 2376//2376 1773//1773
f 1776//1776 2378//2378 1769//1769
f 1758//1758 2369//2369 1782//1782
f 1782//1782 2369//2369 2381//2381
f 2386//2386 2387//2387 1786//1786
f 1786//1786 1791//1791 2386//2386
f 2384//2384 1792//1792 1797//1797
f 2385//2385 1795//1795 2391//2391
f 2393//2393 1794//1794 1800//1800
f 2390//2390 1803//1803 2394//2394
f 1785//1785 2380//2380 1809//1809
f 1809//1809 2380//2380 2395//2395
f 1810//1810 2396//2396 1804//1804
f 1805//1805 2397//2397 1799//1799
f 2399//2399 1815//1815 2403//2403
f 2403//2403 1815//1815 1789//1789
f 2403//2403 1789//1789 2388//2388
f 2405//2405 2410//2410 1816//1816
f 1816//1816 1822//1822 2405//2405
f 2406//2406 1820//1820 1828//1828
f 2407//2407 1825//1825 2411//2411
f 2413//2413 1829//1829 1831//1831
f 2412//2412 1834//1834 2419//2419
f 1814//1814 2400//2400 1841//1841
f 1841//1841 2400//2400 2416//2416
f 1842//1842 2415//2415 1837//1837
f 1836//1836 2417//2417 1835//1835
f 1819//1819 2409//2409 1849//1849
f 1849//1849 2409//2409 2421//2421
f 2425//2425 2363//2363 1748//1748
f 1748//1748 1853//1853 2425//2425
f 2426//2426 1852//1852 1857//1857
f 2423//2423 1855//1855 2429//2429
f 2427//2427 1858//1858 1870//1870
f 2428//2428 1873//1873 2434//2434
f 1847//1847 2422//2422 1863//1863
f 1863//1863 2422//2422 2433//2433
f 1861//1861 2435//2435 1865//1865
f 1866//1866 2432//2432 1869//1869
f 1878//1878 2437//2437 1874//1874
f 1874//1874 2437//2437 2440//2440
f 1875//1875 2439//2439 1893//1893
f 1893//1893 2439//2439 2443//2443
f 1890//1890 2442//2442 1886//1886
f 1886//1886 2442//2442 2446//2446
f 1889//1889 2445//2445 1883//1883
f 1883//1883 2445//2445 2450//2450
f 2452//2452 1897//1897 2449//2449
f 2449//2449 1897//1897 1885//1885
f 2457//2457 2460//2460 1901//1901
f 1901//1901 1903//1903 2457//2457
f 2454//2454 1904//1904 1910//1910
f 2455//2455 1911//1911 2463//2463
f 2461//2461 1912//1912 1926//1926
f 2464//2464 1923//1923 2468//2468
f 1896//1896 2451//2451 1915//1915
f 1915//1915 2451//2451 2467//2467
f 1913//1913 2469//2469 1917//1917
f 1921//1921 2466//2466 1924//1924
f 2470//2470 1930//1930 2458//2458
f 2458//2458 1930//1930 1902//1902
f 2473//2473 2477//2477 1932//1932
f 1928//1928 2471//2471 1947//1947
f 1947//1947 2471//2471 2481//2481
f 1948//1948 2480//2480 1943//1943
f 1946//1946 2482//2482 2474//2474
f 1945//1945 2476//2476 1940//1940
f 1936//1936 2473//2473 1932//1932
f 2486//2486 1953//1953 2478//2478
f 2478//2478 1953//1953 1934//1934
f 1954//1954 2484//2484 1968//1968
f 1968//1968 2484//2484 2489//2489
f 1967//1967 2487//2487 1963//1963
f 1962//1962 2490//2490 2492//2492
f 1964//1964 2493//2493 1956//1956
f 1956//1956 2493//2493 2494//2494
f 1957//1957 2495//2495 1879//1879
f 1879//1879 2495//2495 2438//2438
f 2498//2498 2501//2501 2019//2019
f 2019//2019 2025//2025 2498//2498
f 2497//2497 2022//2022 2027//2027
f 2500//2500 2031//2031 2506//2506
f 2030//2030 2015//2015 2505//2505
f 2507//2507 2013//2013 2012//2012
f 2508//2508 2010//2010 2509//2509
f 2510//2510 2011//2011 2003//2003
f 2512//2512 2004//2004 2515//2515
f 2005//2005 1999//1999 2517//2517
f 2514//2514 2000//2000 1992//1992
f 2516//2516 1994//1994 2521//2521
f 1993//1993 1989//1989 2518//2518
f 2522//2522 1988//1988 1982//1982
f 2519//2519 1985//1985 2523//2523
f 1970//1970 2529//2529 1976//1976
f 1976//1976 2529//2529 2524//2524
f 1974//1974 2527//2527 1978//1978
f 1981//1981 2526//2526 1984//1984
f 2533//2533 2530//2530 1969//1969
f 1969//1969 2079//2079 2533//2533
f 2531//2531 2081//2081 2084//2084
f 2534//2534 2082//2082 2535//2535
f 2083//2083 2074//2074 2539//2539
f 2536//2536 2073//2073 2069//2069
f 2537//2537 2070//2070 2541//2541
f 2540//2540 2067//2067 2062//2062
f 2542//2542 2061//2061 2546//2546
f 2064//2064 2058//2058 2548//2548
f 2547//2547 2057//2057 2053//2053
f 2544//2544 2055//2055 2550//2550
f 2054//2054 2049//2049 2552//2552
f 2553//2553 2048//2048 2042//2042
f 2549//2549 2045//2045 2554//2554
f 2018//2018 2503//2503 2032//2032
f 2032//2032 2503//2503 2557//2557
f 2036//2036 2556//2556 2039//2039
f 2038//2038 2558//2558 2041//2041
f 2562//2562 2563//2563 2138//2138
f 2138//2138 2143//2143 2562//2562
f 2559//2559 2142//2142 2146//2146
f 2560//2560 2145//2145 2570//2570
f 2148//2148 2135//2135 2568//2568
f 2566//2566 2131//2131 2126//2126
f 2569//2569 2127//2127 2573//2573
f 2572//2572 2130//2130 2123//2123
f 2571//2571 2122//2122 2576//2576
f 2120//2120 2119//2119 2578//2578
f 2577//2577 2118//2118 2113//2113
f 2575//2575 2110//2110 2582//2582
f 2112//2112 2109//2109 2584//2584
f 2581//2581 2107//2107 2104//2104
f 2583//2583 2103//2103 2588//2588
f 2087//2087 2590//2590 2094//2094
f 2094//2094 2590//2590 2585//2585
f 2095//2095 2586//2586 2096//2096
f 2097//2097 2589//2589 2100//2100
f 2593//2593 2591//2591 2088//2088
f 2088//2088 2196//2196 2593//2593
f 2595//2595 2195//2195 2203//2203
f 2594//2594 2202//2202 2601//2601
f 2200//2200 2193//2193 2598//2598
f 2600//2600 2194//2194 2189//2189
f 2597//2597 2186//2186 2605//2605
f 2604//2604 2185//2185 2181//2181
f 2602//2602 2179//2179 2608//2608
f 2182//2182 2177//2177 2609//2609
f 2607//2607 2178//2178 2173//2173
f 2606//2606 2170//2170 2615//2615
f 2174//2174 2167//2167 2613//2613
f 2612//2612 2168//2168 2161//2161
f 2611//2611 2164//2164 2620//2620
f 2137//2137 2565//2565 2153//2153
f 2153//2153 2565//2565 2619//2619
f 2154//2154 2618//2618 2158//2158
f 2157//2157 2617//2617 2163//2163
f 2621//2621 2205//2205 2625//2625
f 2625//2625 2205//2205 2210//2210
f 2625//2625 2210//2210 2628//2628
f 2631//2631 2214//2214 2220//2220
f 2631//2631 2220//2220 2634//2634
f 2633//2633 2218//2218 2221//2221
f 2633//2633 2221//2221 2635//2635
f 2637//2637 2224//2224 2226//2226
f 2637//2637 2226//2226 2638//2638
f 2640//2640 2228//2228 2208//2208
f 2640//2640 2208//2208 2622//2622
f 2643//2643 2232//2232 2645//2645
f 2645//2645 2232//2232 2215//2215
f 2645//2645 2215//2215 2629//2629
f 2648//2648 2236//2236 2238//2238
f 2648//2648 2238//2238 2650//2650
f 2649//2649 2237//2237 2244//2244
f 2649//2649 2244//2244 2652//2652
f 2653//2653 2243//2243 2245//2245
f 2653//2653 2245//2245 2655//2655
f 2657//2657 2246//2246 2229//2229
f 2657//2657 2229//2229 2642//2642
f 2659//2659 2252//2252 2662//2662
f 2662//2662 2252//2252 2235//2235
f 2662//2662 2235//2235 2646//2646
f 2665//2665 2253//2253 2259//2259
f 2665//2665 2259//2259 2668//2668
f 2667//2667 2260//2260 2261//2261
f 2667//2667 2261//2261 2670//2670
f 2669//2669 2262//2262 2267//2267
f 2669//2669 2267//2267 2673//2673
f 2672//2672 2268//2268 2251//2251
f 2672//2672 2251//2251 2660//2660
f 2676//2676 2270//2270 2678//2678
f 2678//2678 2270//2270 2254//2254
f 2678//2678 2254//2254 2663//2663
f 2626//2626 2209//2209 2273//2273
f 2626//2626 2273//2273 2681//2681
f 2682//2682 2276//2276 2277//2277
f 2683//2683 2279//2279 2684//2684
f 2685//2685 2278//2278 2285//2285
f 2685//2685 2285//2285 2688//2688
f 2689//2689 2282//2282 2272//2272
f 2689//2689 2272//2272 2677//2677
f 2693//2693 2694//2694 2700//2700
f 2699//2699 2698//2698 2707//2707
f 2696//2696 2709//2709 2708//2708
f 2705//2705 2711//2711 2718//2718
f 2704//2704 2714//2714 2722//2722
f 2713//2713 2724//2724 2720//2720
f 2719//2719 2727//2727 2732//2732
f 2721//2721 2730//2730 2738//2738
f 2731//2731 2740//2740 2737//2737
f 2736//2736 2739//2739 2747//2747
f 2734//2734 2748//2748 2749//2749
f 2745//2745 2755//2755 2753//2753
f 2751//2751 2754//2754 2759//2759
f 2750//2750 2763//2763 2766//2766
f 2770//2770 2775//2775 2778//2778
f 2782//2782 2773//2773 2764//2764
f 2779//2779 2768//2768 2787//2787
f 2784//2784 2767//2767 2761//2761
f 2735//2735 2307//2307 2723//2723
f 2723//2723 2307//2307 2311//2311
f 2723//2723 2311//2311 2706//2706
f 2706//2706 2311//2311 2320//2320
f 2706//2706 2320//2320 2701//2701
f 2701//2701 2320//2320 2324//2324
f 2701//2701 2324//2324 2788//2788
f 2788//2788 2324//2324 2329//2329
f 2788//2788 2329//2329 2797//2797
f 2797//2797 2329//2329 2334//2334
f 2797//2797 2334//2334 2798//2798
f 2334//2334 2337//2337 2798//2798
f 2798//2798 2337//2337 2343//2343
f 2798//2798 2343//2343 2807//2807
f 2807//2807 2343//2343 2349//2349
f 2807//2807 2349//2349 2808//2808
f 2808//2808 2349//2349 2354//2354
f 2808//2808 2354//2354 2777//2777
f 2777//2777 2354//2354 2287//2287
f 2777//2777 2287//2287 2765//2765
f 2765//2765 2287//2287 2295//2295
f 2765//2765 2295//2295 2752//2752
f 2752//2752 2295//2295 2296//2296
f 2752//2752 2296//2296 2735//2735
f 2735//2735 2296//2296 2302//2302
f 2735//2735 2302//2302 2307//2307
f 2813//2813 2362//2362 2624//2624
f 2624//2624 2362//2362 2424//2424
f 2624//2624 2424//2424 2430//2430
f 2430//2430 2431//2431 2624//2624
f 2624//2624 2431//2431 2420//2420
f 2624//2624 2420//2420 2623//2623
f 2639//2639 2623//2623 2636//2636
f 2636//2636 2623//2623 2420//2420
f 2636//2636 2420//2420 2632//2632
f 2632//2632 2420//2420 2408//2408
f 2632//2632 2408//2408 2630//2630
f 2630//2630 2408//2408 2404//2404
f 2630//2630 2404//2404 2414//2414
f 2414//2414 2418//2418 2630//2630
f 2630//2630 2418//2418 2401//2401
f 2630//2630 2401//2401 2644//2644
f 2644//2644 2401//2401 2402//2402
f 2644//2644 2402//2402 2641//2641
f 2641//2641 2402//2402 2389//2389
f 2398//2398 2647//2647 2392//2392
f 2392//2392 2647//2647 2651//2651
f 2392//2392 2651//2651 2383//2383
f 2383//2383 2651//2651 2654//2654
f 2383//2383 2654//2654 2389//2389
f 2389//2389 2654//2654 2656//2656
f 2389//2389 2656//2656 2641//2641
f 2371//2371 2375//2375 2661//2661
f 2661//2661 2375//2375 2357//2357
f 2661//2661 2357//2357 2813//2813
f 2813//2813 2357//2357 2360//2360
f 2813//2813 2360//2360 2362//2362
f 2398//2398 2382//2382 2647//2647
f 2647//2647 2382//2382 2368//2368
f 2647//2647 2368//2368 2661//2661
f 2661//2661 2368//2368 2364//2364
f 2661//2661 2364//2364 2371//2371
f 2817//2817 2820//2820 2679//2679
f 2679//2679 2820//2820 2825//2825
f 2679//2679 2825//2825 2813//2813
f 2813//2813 2825//2825 2828//2828
f 2813//2813 2828//2828 2831//2831
f 2831//2831 2836//2836 2813//2813
f 2813//2813 2836//2836 2843//2843
f 2813//2813 2843//2843 2661//2661
f 2661//2661 2843//2843 2846//2846
f 2661//2661 2846//2846 2852//2852
f 2852//2852 2858//2858 2661//2661
f 2661//2661 2858//2858 2860//2860
f 2661//2661 2860//2860 2658//2658
f 2817//2817 2679//2679 2864//2864
f 2864//2864 2679//2679 2664//2664
f 2864//2864 2664//2664 2666//2666
f 2860//2860 2870//2870 2658//2658
f 2658//2658 2870//2870 2871//2871
f 2658//2658 2871//2871 2674//2674
f 2674//2674 2871//2871 2864//2864
f 2674//2674 2864//2864 2671//2671
f 2671//2671 2864//2864 2666//2666
f 2488//2488 2485//2485 2627//2627
f 2627//2627 2485//2485 2479//2479
f 2627//2627 2479//2479 2624//2624
f 2624//2624 2479//2479 2475//2475
f 2614//2614 2616//2616 2472//2472
f 2472//2472 2616//2616 2564//2564
f 2472//2472 2564//2564 2483//2483
f 2483//2483 2564//2564 2538//2538
f 2483//2483 2538//2538 2543//2543
f 2436//2436 2675//2675 2441//2441
f 2441//2441 2675//2675 2679//2679
f 2441//2441 2679//2679 2444//2444
f 2444//2444 2679//2679 2447//2447
f 2488//2488 2627//2627 2491//2491
f 2491//2491 2627//2627 2680//2680
f 2491//2491 2680//2680 2496//2496
f 2496//2496 2680//2680 2686//2686
f 2496//2496 2686//2686 2436//2436
f 2436//2436 2686//2686 2687//2687
f 2436//2436 2687//2687 2675//2675
f 2543//2543 2545//2545 2483//2483
f 2483//2483 2545//2545 2551//2551
f 2483//2483 2551//2551 2475//2475
f 2513//2513 2520//2520 2564//2564
f 2564//2564 2520//2520 2525//2525
f 2525//2525 2528//2528 2564//2564
f 2564//2564 2528//2528 2532//2532
f 2564//2564 2532//2532 2538//2538
f 2551//2551 2555//2555 2475//2475
f 2475//2475 2555//2555 2502//2502
f 2475//2475 2502//2502 2624//2624
f 2624//2624 2502//2502 2499//2499
f 2624//2624 2499//2499 2504//2504
f 2614//2614 2472//2472 2610//2610
f 2610//2610 2472//2472 2459//2459
f 2610//2610 2459//2459 2603//2603
f 2462//2462 2465//2465 2679//2679
f 2456//2456 2596//2596 2459//2459
f 2459//2459 2596//2596 2599//2599
f 2459//2459 2599//2599 2603//2603
f 2564//2564 2561//2561 2513//2513
f 2513//2513 2561//2561 2624//2624
f 2513//2513 2624//2624 2511//2511
f 2511//2511 2624//2624 2504//2504
f 2465//2465 2453//2453 2679//2679
f 2679//2679 2453//2453 2448//2448
f 2679//2679 2448//2448 2447//2447
f 2456//2456 2462//2462 2596//2596
f 2596//2596 2462//2462 2679//2679
f 2596//2596 2679//2679 2592//2592
f 2592//2592 2679//2679 2813//2813
f 2592//2592 2813//2813 2587//2587
f 2587//2587 2813//2813 2580//2580
f 2561//2561 2567//2567 2624//2624
f 2624//2624 2567//2567 2574//2574
f 2624//2624 2574//2574 2813//2813
f 2813//2813 2574//2574 2579//2579
f 2813//2813 2579//2579 2580//2580
f 2867//2867 2859//2859 2769//2769
f 2769//2769 2781//2781 2867//2867
f 2868//2868 2780//2780 2786//2786
f 2869//2869 2783//2783 2873//2873
f 2785//2785 2760//2760 2872//2872
f 2874//2874 2762//2762 2756//2756
f 2875//2875 2757//2757 2866//2866
f 2758//2758 2746//2746 2863//2863
f 2865//2865 2744//2744 2742//2742
f 2862//2862 2743//2743 2815//2815
f 2814//2814 2741//2741 2733//2733
f 2816//2816 2729//2729 2819//2819
f 2728//2728 2726//2726 2821//2821
f 2818//2818 2725//2725 2716//2716
f 2822//2822 2715//2715 2824//2824
f 2691//2691 2830//2830 2697//2697
f 2697//2697 2830//2830 2827//2827
f 2695//2695 2823//2823 2712//2712
f 2710//2710 2826//2826 2717//2717
f 2771//2771 2878//2878 2774//2774
f 2776//2776 2879//2879 2810//2810
f 2880//2880 2882//2882 2809//2809
f 2812//2812 2883//2883 2888//2888
f 2811//2811 2887//2887 2804//2804
f 2885//2885 2891//2891 2803//2803
f 2806//2806 2893//2893 2896//2896
f 2805//2805 2897//2897 2802//2802
f 2900//2900 2902//2902 2799//2799
f 2800//2800 2903//2903 2908//2908
f 2801//2801 2907//2907 2794//2794
f 2909//2909 2915//2915 2793//2793
f 2796//2796 2912//2912 2918//2918
f 2795//2795 2917//2917 2792//2792
f 2692//2692 2702//2702 2923//2923
f 2924//2924 2703//2703 2789//2789
f 2921//2921 2790//2790 2928//2928
f 2930//2930 2791//2791 2920//2920
f 2832//2832 2829//2829 2690//2690
f 2690//2690 2925//2925 2832//2832
f 2834//2834 2922//2922 2927//2927
f 2833//2833 2926//2926 2835//2835
f 2929//2929 2916//2916 2838//2838
f 2837//2837 2919//2919 2914//2914
f 2839//2839 2913//2913 2842//2842
f 2841//2841 2911//2911 2905//2905
f 2840//2840 2910//2910 2847//2847
f 2906//2906 2904//2904 2844//2844
f 2848//2848 2901//2901 2895//2895
f 2845//2845 2898//2898 2850//2850
f 2899//2899 2894//2894 2853//2853
f 2849//2849 2892//2892 2886//2886
f 2851//2851 2889//2889 2855//2855
f 2772//2772 2861//2861 2876//2876
f 2876//2876 2861//2861 2854//2854
f 2877//2877 2857//2857 2881//2881
f 2884//2884 2856//2856 2890//2890
f 2931//2931 2936//2936 2939//2939
f 2939//2939 2936//2936 2943//2943
f 2939//2939 2943//2943 2947//2947
f 2949//2949 2951//2951 2954//2954
f 2959//2959 2962//2962 2967//2967
f 2967//2967 2962//2962 2968//2968
f 2962//2962 2974//2974 2978//2978
f 2968//2968 2962//2962 2939//2939
f 2939//2939 2962//2962 2979//2979
f 2939//2939 2979//2979 2931//2931
f 2959//2959 2983//2983 2962//2962
f 2962//2962 2983//2983 2989//2989
f 2962//2962 2989//2989 2974//2974
f 2954//2954 2993//2993 2949//2949
f 2949//2949 2993//2993 2962//2962
f 2949//2949 2962//2962 2994//2994
f 2994//2994 2962//2962 2978//2978
f 2994//2994 2978//2978 2999//2999
f 3001//3001 3005//3005 3006//3006
f 3006//3006 3005//3005 2939//2939
f 3006//3006 2939//2939 3011//3011
f 3011//3011 2939//2939 2947//2947
f 3011//3011 2947//2947 3012//3012
f 3012//3012 2947//2947 3015//3015
f 3019//3019 3023//3023 3026//3026
f 3036//3036 3039//3039 3047//3047
f 3055//3055 3056//3056 3050//3050
f 3049//3049 3058//3058 3064//3064
f 3048//3048 3063//3063 3037//3037
f 3066//3066 3072//3072 3086//3086
f 3073//3073 3088//3088 3083//3083
f 3084//3084 3087//3087 3097//3097
f 3081//3081 3100//3100 3102//3102
f 3113//3113 3115//3115 3126//3126
f 3110//3110 3122//3122 3105//3105
f 3103//3103 3124//3124 3130//3130
f 3104//3104 3129//3129 3082//3082
f 3019//3019 3026//3026 3133//3133
f 3137//3137 3143//3143 3146//3146
f 3150//3150 3157//3157 3169//3169
f 3176//3176 3183//3183 3186//3186
f 3187//3187 3181//3181 3193//3193
f 3185//3185 3194//3194 3162//3162
f 3160//3160 3197//3197 3198//3198
f 3161//3161 3200//3200 3151//3151
f 3116//3116 3205//3205 3125//3125
f 3118//3118 3206//3206 3207//3207
f 3121//3121 3211//3211 3214//3214
f 3216//3216 3208//3208 3217//3217
f 3212//3212 3218//3218 3223//3223
f 3224//3224 3219//3219 3233//3233
f 3227//3227 3230//3230 3235//3235
f 3234//3234 3240//3240 3228//3228
f 3229//3229 3239//3239 3242//3242
f 3222//3222 3245//3245 3248//3248
f 3249//3249 3246//3246 3257//3257
f 3247//3247 3256//3256 3261//3261
f 3262//3262 3254//3254 3270//3270
f 3263//3263 3271//3271 3282//3282
f 3287//3287 3292//3292 3299//3299
f 3297//3297 3293//3293 3300//3300
f 3298//3298 3301//3301 3306//3306
f 3308//3308 3303//3303 3314//3314
f 3310//3310 3312//3312 3317//3317
f 3315//3315 3311//3311 3320//3320
f 3318//3318 3324//3324 3330//3330
f 3329//3329 3321//3321 3331//3331
f 3325//3325 3332//3332 3336//3336
f 3339//3339 3334//3334 3343//3343
f 3337//3337 3342//3342 3349//3349
f 3350//3350 3344//3344 3351//3351
f 3346//3346 3353//3353 3356//3356
f 3359//3359 3352//3352 3361//3361
f 3355//3355 3363//3363 3365//3365
f 3370//3370 3364//3364 3371//3371
f 3366//3366 3372//3372 3378//3378
f 3375//3375 3374//3374 3380//3380
f 3377//3377 3383//3383 3386//3386
f 3389//3389 3381//3381 3391//3391
f 3390//3390 3392//3392 3027//3027
f 3030//3030 3394//3394 3397//3397
f 3031//3031 3396//3396 3132//3132
f 3033//3033 3068//3068 3041//3041
f 3042//3042 3069//3069 3080//3080
f 3040//3040 3078//3078 3400//3400
f 3402//3402 3077//3077 3405//3405
f 3404//3404 3407//3407 3284//3284
f 3290//3290 3406//3406 3411//3411
f 3289//3289 3409//3409 3291//3291
f 3283//3283 3174//3174 3266//3266
f 3268//3268 3175//3175 3191//3191
f 3267//3267 3192//3192 3414//3414
f 3413//3413 3184//3184 3417//3417
f 3412//3412 3416//3416 3425//3425
f 3423//3423 3420//3420 3430//3430
f 3421//3421 3431//3431 3432//3432
f 3435//3435 3428//3428 3437//3437
f 3434//3434 3439//3439 3445//3445
f 3441//3441 3440//3440 3448//3448
f 3444//3444 3451//3451 3452//3452
f 3454//3454 3450//3450 3457//3457
f 3453//3453 3456//3456 3465//3465
f 3463//3463 3460//3460 3471//3471
f 3464//3464 3467//3467 3473//3473
f 3475//3475 3468//3468 3479//3479
f 3472//3472 3480//3480 3484//3484
f 3481//3481 3477//3477 3489//3489
f 3482//3482 3486//3486 3493//3493
f 3494//3494 3491//3491 3500//3500
f 3492//3492 3497//3497 3505//3505
f 3501//3501 3498//3498 3507//3507
f 3504//3504 3508//3508 3513//3513
f 3515//3515 3506//3506 3519//3519
f 3514//3514 3517//3517 3522//3522
f 3524//3524 3518//3518 3529//3529
f 3521//3521 3530//3530 3533//3533
f 3534//3534 3527//3527 3135//3135
f 3532//3532 3141//3141 3535//3535
f 3539//3539 3136//3136 3148//3148
f 3537//3537 3147//3147 3542//3542
f 3549//3549 3561//3561 3569//3569
f 3564//3564 3552//3552 3574//3574
f 3550//3550 3575//3575 3554//3554
f 3551//3551 3577//3577 3584//3584
f 3553//3553 3583//3583 3587//3587
f 3592//3592 3596//3596 3555//3555
f 3556//3556 3594//3594 3598//3598
f 3562//3562 3597//3597 3602//3602
f 3606//3606 3601//3601 3607//3607
f 3603//3603 3608//3608 3612//3612
f 3619//3619 3628//3628 3635//3635
f 3633//3633 3627//3627 3640//3640
f 3646//3646 3651//3651 3644//3644
f 3643//3643 3650//3650 3656//3656
f 3639//3639 3658//3658 3638//3638
f 3570//3570 3560//3560 3665//3665
f 3663//3663 3558//3558 3668//3668
f 3661//3661 3667//3667 3671//3671
f 3680//3680 3543//3543 3683//3683
f 3681//3681 3541//3541 3149//3149
f 3681//3681 3149//3149 3144//3144
f 3693//3693 3025//3025 3018//3018
f 3697//3697 3700//3700 3709//3709
f 3721//3721 3723//3723 3733//3733
f 3731//3731 3724//3724 3736//3736
f 3730//3730 3737//3737 3702//3702
f 3705//3705 3735//3735 3743//3743
f 3706//3706 3742//3742 3698//3698
f 3746//3746 3756//3756 3760//3760
f 3766//3766 3773//3773 3779//3779
f 3767//3767 3778//3778 3788//3788
f 3759//3759 3792//3792 3745//3745
f 3749//3749 3791//3791 3796//3796
f 3748//3748 3798//3798 3777//3777
f 3784//3784 3797//3797 3801//3801
f 3780//3780 3799//3799 3789//3789
f 3804//3804 3811//3811 3815//3815
f 3816//3816 3807//3807 3822//3822
f 3817//3817 3823//3823 3826//3826
f 3833//3833 3840//3840 3854//3854
f 3846//3846 3838//3838 3856//3856
f 3847//3847 3857//3857 3867//3867
f 3866//3866 3871//3871 3844//3844
f 3849//3849 3870//3870 3879//3879
f 3850//3850 3881//3881 3884//3884
f 3882//3882 3874//3874 3889//3889
f 3886//3886 3888//3888 3753//3753
f 3754//3754 3887//3887 3895//3895
f 3755//3755 3892//3892 3761//3761
f 3897//3897 3908//3908 3919//3919
f 3903//3903 3918//3918 3924//3924
f 3611//3611 3930//3930 3618//3618
f 3614//3614 3928//3928 3934//3934
f 3613//3613 3933//3933 3937//3937
f 3931//3931 3944//3944 3936//3936
f 3939//3939 3943//3943 3949//3949
f 3938//3938 3950//3950 3916//3916
f 3921//3921 3947//3947 3958//3958
f 3922//3922 3959//3959 3923//3923
f 3964//3964 3973//3973 3974//3974
f 3976//3976 3979//3979 3963//3963
f 3962//3962 3982//3982 3984//3984
f 3965//3965 3987//3987 3988//3988
f 3677//3677 3685//3685 3992//3992
f 3993//3993 3682//3682 3625//3625
f 3991//3991 3626//3626 3670//3670
f 3674//3674 3632//3632 3621//3621
f 3675//3675 3624//3624 3664//3664
f 3999//3999 4004//4004 4006//4006
f 4009//4009 4003//4003 4011//4011
f 4010//4010 4012//4012 4016//4016
f 4019//4019 4015//4015 4023//4023
f 4018//4018 4022//4022 4034//4034
f 4032//4032 4025//4025 3912//3912
f 4031//4031 3913//3913 3960//3960
f 3961//3961 3914//3914 3910//3910
f 3966//3966 3907//3907 3972//3972
f 4039//4039 4044//4044 4048//4048
f 4050//4050 4046//4046 4056//4056
f 4049//4049 4052//4052 4057//4057
f 4061//4061 4053//4053 4064//4064
f 4060//4060 4063//4063 4071//4071
f 4070//4070 4066//4066 4077//4077
f 4068//4068 4074//4074 4082//4082
f 4079//4079 4075//4075 4084//4084
f 4078//4078 4085//4085 3996//3996
f 3997//3997 4086//4086 4089//4089
f 3998//3998 4088//4088 4005//4005
f 3829//3829 3832//3832 3814//3814
f 3818//3818 3831//3831 3845//3845
f 3820//3820 3848//3848 4090//4090
f 4093//4093 3851//3851 4095//4095
f 4094//4094 4097//4097 4100//4100
f 4101//4101 4098//4098 4105//4105
f 4102//4102 4106//4106 4113//4113
f 4112//4112 4109//4109 4116//4116
f 4110//4110 4117//4117 4120//4120
f 4121//4121 4115//4115 4127//4127
f 4119//4119 4126//4126 4134//4134
f 4132//4132 4125//4125 4135//4135
f 4131//4131 4136//4136 4144//4144
f 4142//4142 4138//4138 4149//4149
f 4143//4143 4146//4146 4152//4152
f 4153//4153 4147//4147 4156//4156
f 4151//4151 4158//4158 4041//4041
f 4042//4042 4157//4157 4160//4160
f 4038//4038 4161//4161 4045//4045
f 3772//3772 4167//4167 3782//3782
f 3783//3783 4165//4165 4172//4172
f 3785//3785 4170//4170 4179//4179
f 4178//4178 4171//4171 3714//3714
f 4177//4177 3716//3716 4184//4184
f 4180//4180 3715//3715 3734//3734
f 4182//4182 3732//3732 4187//4187
f 4185//4185 3728//3728 3688//3688
f 4186//4186 3687//3687 4193//4193
f 4191//4191 3691//3691 3021//3021
f 4192//4192 3020//3020 3134//3134
f 4197//4197 3131//3131 3395//3395
f 4196//4196 3398//3398 4199//4199
f 3399//3399 3393//3393 4203//4203
f 4200//4200 3391//3391 3381//3381
f 4202//4202 3384//3384 4207//4207
f 3382//3382 3373//3373 4204//4204
f 4206//4206 3371//3371 3364//3364
f 4205//4205 3362//3362 4212//4212
f 3360//3360 3354//3354 4209//4209
f 4213//4213 3351//3351 3344//3344
f 4210//4210 3340//3340 4216//4216
f 3341//3341 3333//3333 4217//4217
f 4218//4218 3331//3331 3321//3321
f 4215//4215 3322//3322 4220//4220
f 3323//3323 3313//3313 4221//4221
f 4222//4222 3314//3314 3303//3303
f 4223//4223 3302//3302 4224//4224
f 3304//3304 3294//3294 4226//4226
f 4228//4228 3291//3291 3409//3409
f 4225//4225 3410//3410 4232//4232
f 3411//3411 3406//3406 4231//4231
f 4229//4229 3408//3408 3076//3076
f 4230//4230 3079//3079 4235//4235
f 3085//3085 3127//3127 4234//4234
f 4238//4238 3128//3128 3123//3123
f 4236//4236 3120//3120 4243//4243
f 3119//3119 3213//3213 4239//4239
f 4242//4242 3215//3215 3225//3225
f 4241//4241 3226//3226 4245//4245
f 3222//3222 3248//3248 4248//4248
f 4247//4247 3250//3250 3265//3265
f 4246//4246 3264//3264 4253//4253
f 3267//3267 3414//3414 4251//4251
f 4249//4249 3415//3415 3424//3424
f 4250//4250 3422//3422 4256//4256
f 3421//3421 3432//3432 4255//4255
f 4254//4254 3433//3433 3442//3442
f 4257//4257 3443//3443 4259//4259
f 3444//3444 3452//3452 4262//4262
f 4260//4260 3455//3455 3462//3462
f 4263//4263 3461//3461 4268//4268
f 3464//3464 3473//3473 4264//4264
f 4266//4266 3474//3474 3485//3485
f 4267//4267 3483//3483 4269//4269
f 3482//3482 3493//3493 4273//4273
f 4271//4271 3495//3495 3503//3503
f 4270//4270 3502//3502 4277//4277
f 3504//3504 3513//3513 4274//4274
f 4276//4276 3512//3512 3525//3525
f 4278//4278 3523//3523 4279//4279
f 3542//3542 4287//4287 3537//3537
f 3538//3538 4286//4286 4281//4281
f 3536//3536 4280//4280 3531//3531
f 3533//3533 4283//4283 3521//3521
f 4284//4284 3540//3540 3679//3679
f 4285//4285 3676//3676 4291//4291
f 3678//3678 3994//3994 4292//4292
f 4290//4290 3991//3991 3670//3670
f 4293//4293 3673//3673 4296//4296
f 3672//3672 3666//3666 4297//4297
f 4298//4298 3669//3669 3559//3559
f 4295//4295 3563//3563 4300//4300
f 3557//3557 3605//3605 4299//4299
f 4303//4303 3604//3604 3617//3617
f 4301//4301 3615//3615 4306//4306
f 3616//3616 3941//3941 4305//4305
f 4308//4308 3940//3940 3917//3917
f 4307//4307 3915//3915 4309//4309
f 3920//3920 4024//4024 4312//4312
f 4313//4313 4023//4023 4015//4015
f 4311//4311 4013//4013 4318//4318
f 4014//4014 4002//4002 4317//4317
f 4314//4314 4005//4005 4088//4088
f 4315//4315 4087//4087 4321//4321
f 4089//4089 4086//4086 4319//4319
f 4320//4320 4083//4083 4076//4076
f 4322//4322 4073//4073 4327//4327
f 4077//4077 4066//4066 4324//4324
f 4326//4326 4065//4065 4055//4055
f 4325//4325 4054//4054 4330//4330
f 4056//4056 4046//4046 4329//4329
f 4332//4332 4045//4045 4161//4161
f 4331//4331 4159//4159 4337//4337
f 4160//4160 4157//4157 4335//4335
f 4334//4334 4155//4155 4145//4145
f 4336//4336 4148//4148 4341//4341
f 4149//4149 4138//4138 4340//4340
f 4343//4343 4137//4137 4129//4129
f 4342//4342 4128//4128 4347//4347
f 4127//4127 4115//4115 4346//4346
f 4348//4348 4118//4118 4107//4107
f 4344//4344 4108//4108 4351//4351
f 4105//4105 4098//4098 4352//4352
f 4353//4353 4096//4096 3853//3853
f 4349//4349 3852//3852 4357//4357
f 3843//3843 3883//3883 4358//4358
f 4356//4356 3885//3885 3757//3757
f 4354//4354 3752//3752 4359//4359
f 3751//3751 3750//3750 4362//4362
f 4363//4363 3747//3747 3776//3776
f 4361//4361 3781//3781 4364//4364
f 3785//3785 4179//4179 4367//4367
f 4366//4366 4176//4176 4181//4181
f 4365//4365 4183//4183 4370//4370
f 3134//3134 4198//4198 4192//4192
f 4189//4189 4195//4195 4369//4369
f 4190//4190 4371//4371 4188//4188
f 4187//4187 4373//4373 4182//4182
f 4265//4265 4355//4355 4360//4360
f 4252//4252 4258//4258 4372//4372
f 4265//4265 4272//4272 4355//4355
f 4355//4355 4272//4272 4275//4275
f 4355//4355 4275//4275 4282//4282
f 4310//4310 4316//4316 4355//4355
f 4201//4201 4208//4208 4233//4233
f 4360//4360 4368//4368 4265//4265
f 4265//4265 4368//4368 4372//4372
f 4265//4265 4372//4372 4261//4261
f 4261//4261 4372//4372 4258//4258
f 4237//4237 4240//4240 4372//4372
f 4372//4372 4240//4240 4244//4244
f 4372//4372 4244//4244 4252//4252
f 4282//4282 4288//4288 4355//4355
f 4355//4355 4288//4288 4289//4289
f 4355//4355 4289//4289 4294//4294
f 4237//4237 4372//4372 4233//4233
f 4233//4233 4372//4372 4194//4194
f 4233//4233 4194//4194 4201//4201
f 4294//4294 4302//4302 4355//4355
f 4355//4355 4302//4302 4304//4304
f 4355//4355 4304//4304 4310//4310
f 4316//4316 4323//4323 4355//4355
f 4355//4355 4323//4323 4328//4328
f 4355//4355 4328//4328 4333//4333
f 4208//4208 4211//4211 4233//4233
f 4233//4233 4211//4211 4214//4214
f 4233//4233 4214//4214 4227//4227
f 4227//4227 4214//4214 4219//4219
f 4333//4333 4338//4338 4355//4355
f 4355//4355 4338//4338 4339//4339
f 4355//4355 4339//4339 4350//4350
f 4350//4350 4339//4339 4345//4345
f 4374//4374 3771//3771 4380//4380
f 3875//3875 4385//4385 4380//4380
f 4380//4380 4385//4385 4390//4390
f 4380//4380 4390//4390 4394//4394
f 4394//4394 4402//4402 4380//4380
f 4380//4380 4402//4402 4408//4408
f 4380//4380 4408//4408 4374//4374
f 3762//3762 3893//3893 4381//4381
f 4383//4383 3894//3894 3890//3890
f 4375//4375 3891//3891 3880//3880
f 3768//3768 3787//3787 4382//4382
f 4376//4376 3786//3786 3802//3802
f 3800//3800 3795//3795 4377//4377
f 4378//4378 3794//3794 3790//3790
f 4379//4379 3793//3793 3758//3758
f 4410//4410 3951//3951 4419//4419
f 3588//3588 4420//4420 4419//4419
f 4419//4419 4420//4420 4422//4422
f 4419//4419 4422//4422 4430//4430
f 4430//4430 4434//4434 4419//4419
f 4419//4419 4434//4434 4441//4441
f 4419//4419 4441//4441 4410//4410
f 3591//3591 4416//4416 3593//3593
f 3595//3595 4417//4417 3600//3600
f 3952//3952 3948//3948 4418//4418
f 4414//4414 3946//3946 3942//3942
f 4413//4413 3945//3945 3932//3932
f 3935//3935 3929//3929 4411//4411
f 4412//4412 3927//3927 3610//3610
f 4415//4415 3609//3609 3599//3599
f 4442//4442 3255//3255 4449//4449
f 3107//3107 4453//4453 4449//4449
f 4449//4449 4453//4453 4454//4454
f 4449//4449 4454//4454 4461//4461
f 4461//4461 4464//4464 4449//4449
f 4449//4449 4464//4464 4474//4474
f 4449//4449 4474//4474 4442//4442
f 3209//3209 3203//3203 4451//4451
f 4448//4448 3204//3204 3117//3117
f 4447//4447 3114//3114 3109//3109
f 3252//3252 3243//3243 4444//4444
f 4443//4443 3244//3244 3238//3238
f 4452//4452 3241//3241 3236//3236
f 3237//3237 3232//3232 4445//4445
f 4446//4446 3231//3231 3220//3220
f 4450//4450 3221//3221 3210//3210
f 3738//3738 4479//4479 3741//3741
f 3741//3741 4479//4479 4484//4484
f 3769//3769 4485//4485 4490//4490
f 4409//4409 4497//4497 4498//4498
f 4499//4499 4496//4496 4504//4504
f 4500//4500 4505//4505 3764//3764
f 3765//3765 4501//4501 4507//4507
f 3763//3763 4506//4506 4487//4487
f 4508//4508 4166//4166 4495//4495
f 4494//4494 4168//4168 3774//3774
f 4493//4493 3775//3775 3770//3770
f 4509//4509 4513//4513 4164//4164
f 4163//4163 4511//4511 4516//4516
f 4162//4162 4514//4514 4173//4173
f 4515//4515 4517//4517 4169//4169
f 4175//4175 4520//4520 4526//4526
f 4174//4174 4525//4525 3719//3719
f 4524//4524 4529//4529 3720//3720
f 3717//3717 4528//4528 4531//4531
f 3718//3718 4534//4534 3726//3726
f 3722//3722 4535//4535 4477//4477
f 3725//3725 4478//4478 3739//3739
f 4384//4384 4536//4536 4391//4391
f 4538//4538 4545//4545 3860//3860
f 3858//3858 4543//4543 4546//4546
f 3855//3855 4548//4548 3865//3865
f 4547//4547 4551//4551 3864//3864
f 3863//3863 4552//4552 4554//4554
f 3868//3868 4553//4553 3872//3872
f 3869//3869 4555//4555 4556//4556
f 3873//3873 4560//4560 3876//3876
f 3878//3878 4559//4559 4561//4561
f 3877//3877 4562//4562 4388//4388
f 4386//4386 4563//4563 4565//4565
f 4387//4387 4567//4567 4537//4537
f 4568//4568 4572//4572 3836//3836
f 3842//3842 4571//4571 4577//4577
f 3841//3841 4575//4575 3862//3862
f 3861//3861 4576//4576 4579//4579
f 3859//3859 4580//4580 4541//4541
f 4569//4569 3839//3839 4582//4582
f 4586//4586 3837//3837 3834//3834
f 4585//4585 3835//3835 4587//4587
f 4591//4591 3830//3830 3828//3828
f 4588//4588 3827//3827 4593//4593
f 3821//3821 4600//4600 3825//3825
f 3825//3825 4600//4600 4594//4594
f 3977//3977 4602//4602 3981//3981
f 3981//3981 4602//4602 4609//4609
f 4613//4613 3954//3954 4617//4617
f 4618//4618 3956//3956 4619//4619
f 4616//4616 4620//4620 4623//4623
f 4622//4622 4621//4621 4439//4439
f 4612//4612 4624//4624 3957//3957
f 3953//3953 4625//4625 4632//4632
f 3955//3955 4634//4634 3926//3926
f 3925//3925 4633//4633 3896//3896
f 3902//3902 4629//4629 4635//4635
f 3901//3901 4636//4636 4638//4638
f 4644//4644 3911//3911 4648//4648
f 4650//4650 3904//3904 3898//3898
f 4647//4647 3899//3899 4652//4652
f 4651//4651 3900//3900 4639//4639
f 4645//4645 4656//4656 3906//3906
f 3909//3909 4653//4653 4659//4659
f 3905//3905 4658//4658 3971//3971
f 3970//3970 4657//4657 4604//4604
f 3969//3969 4603//4603 3975//3975
f 4663//4663 4667//4667 4423//4423
f 4669//4669 4672//4672 3547//3547
f 3548//3548 4671//4671 4676//4676
f 3544//3544 4674//4674 3580//3580
f 4675//4675 4680//4680 3578//3578
f 3579//3579 4678//4678 4681//4681
f 3576//3576 4683//4683 3581//3581
f 3582//3582 4682//4682 4685//4685
f 3585//3585 4686//4686 3590//3590
f 3589//3589 4687//4687 4691//4691
f 3586//3586 4689//4689 4662//4662
f 4664//4664 4690//4690 4692//4692
f 4665//4665 4695//4695 4666//4666
f 4668//4668 3546//3546 4698//4698
f 4697//4697 3545//3545 3566//3566
f 4699//4699 3568//3568 4702//4702
f 4701//4701 3565//3565 4705//4705
f 4703//4703 3567//3567 3572//3572
f 4704//4704 3573//3573 4711//4711
f 4710//4710 3571//3571 3659//3659
f 4709//4709 3660//3660 4715//4715
f 4716//4716 3662//3662 3622//3622
f 4712//4712 3620//3620 4718//4718
f 4722//4722 3623//3623 3634//3634
f 4721//4721 3636//3636 4726//4726
f 3657//3657 4729//4729 3637//3637
f 3637//3637 4729//4729 4723//4723
f 4735//4735 4736//4736 4456//4456
f 4740//4740 4745//4745 3111//3111
f 3112//3112 4746//4746 4732//4732
f 4733//4733 4747//4747 4751//4751
f 4734//4734 4750//4750 4737//4737
f 3108//3108 3101//3101 4738//4738
f 4741//4741 3106//3106 3094//3094
f 4743//4743 3099//3099 4753//4753
f 4760//4760 4762//4762 3091//3091
f 3092//3092 4761//4761 4765//4765
f 3090//3090 4763//4763 3098//3098
f 3096//3096 4764//4764 4769//4769
f 3095//3095 4768//4768 4752//4752
f 4759//4759 3089//3089 4771//4771
f 4772//4772 3093//3093 3074//3074
f 4770//4770 3071//3071 4773//4773
f 4775//4775 3075//3075 3065//3065
f 4776//4776 3067//3067 4782//4782
f 4783//4783 3070//3070 3032//3032
f 4781//4781 3034//3034 4786//4786
f 3195//3195 4792//4792 3199//3199
f 3199//3199 4792//4792 4794//4794
f 4798//4798 3259//3259 4801//4801
f 4804//4804 3258//3258 4807//4807
f 4800//4800 4806//4806 4809//4809
f 4808//4808 4805//4805 4472//4472
f 4799//4799 4810//4810 3253//3253
f 3251//3251 4811//4811 4814//4814
f 3260//3260 4815//4815 3273//3273
f 3274//3274 4816//4816 4820//4820
f 4817//4817 4822//4822 3275//3275
f 3272//3272 4821//4821 4825//4825
f 3269//3269 4823//4823 3279//3279
f 3278//3278 4826//4826 4828//4828
f 3276//3276 4829//4829 4830//4830
f 4832//4832 4835//4835 3277//3277
f 3280//3280 4834//4834 4839//4839
f 3281//3281 4838//4838 3170//3170
f 3172//3172 4837//4837 4842//4842
f 3178//3178 4841//4841 4844//4844
f 4846//4846 4847//4847 3173//3173
f 3177//3177 4850//4850 4854//4854
f 3171//3171 4851//4851 3179//3179
f 3182//3182 4853//4853 4788//4788
f 3180//3180 4793//4793 3196//3196
f 3061//3061 4859//4859 3035//3035
f 3035//3035 4859//4859 4784//4784
f 4861//4861 2941//2941 4868//4868
f 4868//4868 2941//2941 3004//3004
f 4865//4865 3003//3003 4869//4869
f 4869//4869 3003//3003 3002//3002
f 4872//4872 3000//3000 4875//4875
f 4875//4875 3000//3000 3008//3008
f 4877//4877 4881//4881 3007//3007
f 4885//4885 4888//4888 4890//4890
f 3007//3007 4881//4881 4874//4874
f 4874//4874 4881//4881 4894//4894
f 4874//4874 4894//4894 4896//4896
f 4877//4877 3007//3007 4899//4899
f 4899//4899 3007//3007 3010//3010
f 4899//4899 3010//3010 4902//4902
f 4890//4890 4888//4888 3010//3010
f 3010//3010 4888//4888 4906//4906
f 3010//3010 4906//4906 4902//4902
f 4896//4896 4909//4909 4874//4874
f 4874//4874 4909//4909 4912//4912
f 4874//4874 4912//4912 4890//4890
f 4890//4890 4912//4912 4916//4916
f 4890//4890 4916//4916 4885//4885
f 4891//4891 3009//3009 4918//4918
f 4918//4918 3009//3009 3014//3014
f 4917//4917 3013//3013 4922//4922
f 4922//4922 3013//3013 3016//3016
f 4921//4921 3017//3017 4928//4928
f 4928//4928 3017//3017 2946//2946
f 4926//4926 2945//2945 4931//4931
f 4931//4931 2945//2945 2944//2944
f 4933//4933 2942//2942 2938//2938
f 4934//4934 2935//2935 4939//4939
f 4936//4936 2937//2937 2934//2934
f 4935//4935 2933//2933 4941//4941
f 4944//4944 2932//2932 2980//2980
f 4943//4943 2981//2981 4947//4947
f 4946//4946 2982//2982 2963//2963
f 4948//4948 2964//2964 4953//4953
f 4958//4958 4959//4959 4966//4966
f 4966//4966 4959//4959 4954//4954
f 4966//4966 4954//4954 4967//4967
f 4967//4967 4954//4954 4971//4971
f 4975//4975 2991//2991 4978//4978
f 4978//4978 2991//2991 4959//4959
f 4978//4978 4959//4959 4979//4979
f 4979//4979 4959//4959 4958//4958
f 4975//4975 4982//4982 2991//2991
f 2991//2991 4982//4982 4985//4985
f 2991//2991 4985//4985 2961//2961
f 4985//4985 4989//4989 2961//2961
f 2961//2961 4989//4989 4995//4995
f 2961//2961 4995//4995 4954//4954
f 4954//4954 4995//4995 4997//4997
f 4954//4954 4997//4997 4971//4971
f 4962//4962 2992//2992 5001//5001
f 5001//5001 2992//2992 2955//2955
f 5003//5003 2956//2956 5007//5007
f 5007//5007 2956//2956 2952//2952
f 5004//5004 2953//2953 5008//5008
f 5008//5008 2953//2953 2948//2948
f 5011//5011 2950//2950 5013//5013
f 5013//5013 2950//2950 2996//2996
f 5020//5020 3701//3701 3695//3695
f 5021//5021 5030//5030 5017//5017
f 5016//5016 3694//3694 5027//5027
f 5025//5025 3696//3696 3740//3740
f 5026//5026 3744//3744 4481//4481
f 4596//4596 5033//5033 4590//4590
f 4589//4589 5035//5035 5042//5042
f 4592//4592 5040//5040 4583//4583
f 5044//5044 4542//4542 5051//5051
f 5046//5046 4544//4544 4539//4539
f 5053//5053 4540//4540 4578//4578
f 4581//4581 5056//5056 5048//5048
f 5055//5055 5057//5057 4570//4570
f 5050//5050 4574//4574 5037//5037
f 5041//5041 4573//4573 5059//5059
f 5038//5038 5058//5058 4584//4584
f 4389//4389 5061//5061 4397//4397
f 4398//4398 5060//5060 4566//4566
f 4392//4392 4564//4564 5063//5063
f 5062//5062 4557//4557 4396//4396
f 4399//4399 4558//4558 5065//5065
f 4395//4395 5066//5066 5054//5054
f 5047//5047 5064//5064 4550//4550
f 5049//5049 4549//4549 5043//5043
f 4480//4480 5068//5068 4483//4483
f 4483//4483 5068//5068 5071//5071
f 5075//5075 4401//4401 4488//4488
f 4486//4486 4405//4405 5082//5082
f 5074//5074 4503//4503 4400//4400
f 4406//4406 4502//4502 5085//5085
f 4403//4403 5086//5086 4407//4407
f 5090//5090 4527//4527 4523//4523
f 5091//5091 4521//4521 5080//5080
f 4522//4522 4518//4518 5079//5079
f 5081//5081 4519//4519 5094//5094
f 5083//5083 5093//5093 4512//4512
f 4510//4510 5095//5095 5077//5077
f 5078//5078 5096//5096 4491//4491
f 5076//5076 4492//4492 4489//4489
f 5069//5069 4475//4475 5088//5088
f 5089//5089 4476//4476 4533//4533
f 5087//5087 4532//4532 4530//4530
f 4599//4599 5097//5097 4595//4595
f 4595//4595 5097//5097 5036//5036
f 5102//5102 5107//5107 5113//5113
f 5112//5112 5106//5106 5123//5123
f 5110//5110 5124//5124 3806//3806
f 3803//3803 5125//5125 3808//3808
f 3809//3809 5120//5120 4597//4597
f 3810//3810 4598//4598 3824//3824
f 5129//5129 3989//3989 3985//3985
f 5136//5136 5141//5141 5128//5128
f 5132//5132 3983//3983 5135//5135
f 5133//5133 3986//3986 3980//3980
f 5134//5134 3978//3978 4608//4608
f 4976//4976 5147//5147 4973//4973
f 4973//4973 5147//5147 5150//5150
f 4974//4974 5149//5149 4983//4983
f 4983//4983 5149//5149 5151//5151
f 4984//4984 5152//5152 4988//4988
f 4987//4987 5153//5153 5158//5158
f 4986//4986 5156//5156 4991//4991
f 4990//4990 5157//5157 5160//5160
f 4992//4992 5159//5159 4993//4993
f 4993//4993 5159//5159 5163//5163
f 4994//4994 5162//5162 4996//4996
f 4996//4996 5162//5162 5166//5166
f 4998//4998 5165//5165 4972//4972
f 4972//4972 5165//5165 5169//5169
f 4970//4970 5170//5170 4969//4969
f 4969//4969 5170//5170 5171//5171
f 4968//4968 5172//5172 4965//4965
f 4964//4964 5173//5173 5176//5176
f 4963//4963 5178//5178 4957//4957
f 4955//4955 5175//5175 5180//5180
f 4956//4956 5181//5181 4981//4981
f 4981//4981 5181//5181 5184//5184
f 4980//4980 5183//5183 4977//4977
f 4977//4977 5183//5183 5146//5146
f 4724//4724 5186//5186 4720//4720
f 4719//4719 5185//5185 5191//5191
f 4717//4717 5189//5189 4713//4713
f 5195//5195 4670//4670 5200//5200
f 5201//5201 4673//4673 5208//5208
f 5206//5206 5207//5207 4700//4700
f 4696//4696 5209//5209 5198//5198
f 5205//5205 5210//5210 4708//4708
f 5197//5197 4707//4707 5193//5193
f 5190//5190 4706//4706 5212//5212
f 5194//5194 5211//5211 4714//4714
f 4421//4421 5213//5213 4424//4424
f 4426//4426 5214//5214 4693//4693
f 4429//4429 4694//4694 5216//5216
f 5215//5215 4684//4684 4427//4427
f 4428//4428 4688//4688 5217//5217
f 4425//4425 5218//5218 5202//5202
f 5199//5199 5219//5219 4679//4679
f 5203//5203 4677//4677 5196//5196
f 4607//4607 5222//5222 4610//4610
f 4610//4610 5222//5222 5223//5223
f 5227//5227 4433//4433 4626//4626
f 4627//4627 4437//4437 5232//5232
f 5228//5228 4615//4615 4438//4438
f 4436//4436 4614//4614 5239//5239
f 4435//4435 5238//5238 4440//4440
f 5244//5244 4654//4654 4643//4643
f 5243//5243 4641//4641 5233//5233
f 4642//4642 4649//4649 5234//5234
f 5231//5231 4646//4646 5246//5246
f 5235//5235 5247//5247 4640//4640
f 4637//4637 5248//5248 5236//5236
f 5229//5229 5249//5249 4630//4630
f 5237//5237 4631//4631 4628//4628
f 5220//5220 4605//4605 5241//5241
f 5242//5242 4606//4606 4661//4661
f 5240//5240 4660//4660 4655//4655
f 4731//4731 5251//5251 4725//4725
f 4725//4725 5251//5251 5188//5188
f 5258//5258 5261//5261 5267//5267
f 5266//5266 5260//5260 5279//5279
f 5271//5271 5278//5278 3649//3649
f 3647//3647 5280//5280 3653//3653
f 3654//3654 5277//5277 4727//4727
f 3652//3652 4730//4730 3655//3655
f 5284//5284 3155//3155 3152//3152
f 5286//5286 5297//5297 5283//5283
f 5285//5285 3154//3154 5290//5290
f 5289//5289 3153//3153 3201//3201
f 5287//5287 3202//3202 4796//4796
f 4911//4911 5300//5300 4914//4914
f 4914//4914 5300//5300 5303//5303
f 4915//4915 5301//5301 4883//4883
f 4883//4883 5301//5301 5306//5306
f 4884//4884 5304//5304 4887//4887
f 4887//4887 5304//5304 5307//5307
f 4886//4886 5309//5309 4907//4907
f 4907//4907 5309//5309 5311//5311
f 4905//4905 5310//5310 4903//4903
f 4903//4903 5310//5310 5315//5315
f 4904//4904 5314//5314 4901//4901
f 4901//4901 5314//5314 5318//5318
f 4900//4900 5316//5316 4879//4879
f 4879//4879 5316//5316 5319//5319
f 4878//4878 5321//5321 4880//4880
f 4880//4880 5321//5321 5324//5324
f 4882//4882 5322//5322 4893//4893
f 4893//4893 5322//5322 5326//5326
f 4895//4895 5325//5325 4898//4898
f 4898//4898 5325//5325 5330//5330
f 4897//4897 5329//5329 4910//4910
f 4910//4910 5329//5329 5333//5333
f 4908//4908 5331//5331 4913//4913
f 4913//4913 5331//5331 5299//5299
f 4785//4785 5335//5335 4779//4779
f 4780//4780 5336//5336 5341//5341
f 4778//4778 5343//5343 4777//4777
f 5345//5345 4766//4766 5348//5348
f 4767//4767 5355//5355 5349//5349
f 5352//5352 5354//5354 4756//4756
f 5351//5351 4757//4757 5339//5339
f 5340//5340 4758//4758 5356//5356
f 5338//5338 5357//5357 4774//4774
f 4749//4749 4462//4462 5359//5359
f 5358//5358 4463//4463 4455//4455
f 4748//4748 5361//5361 4459//4459
f 4458//4458 5360//5360 4739//4739
f 4460//4460 4742//4742 5353//5353
f 5346//5346 4744//4744 4755//4755
f 5350//5350 4754//4754 5344//5344
f 4789//4789 5364//5364 4795//4795
f 4795//4795 5364//5364 5365//5365
f 5373//5373 4819//4819 5381//5381
f 5375//5375 5382//5382 4466//4466
f 4468//4468 5380//5380 4813//4813
f 4469//4469 4812//4812 5384//5384
f 5383//5383 4803//4803 4465//4465
f 4470//4470 4802//4802 5385//5385
f 4467//4467 5386//5386 4473//4473
f 4848//4848 4843//4843 5389//5389
f 5390//5390 4845//4845 5394//5394
f 5391//5391 5395//5395 5376//5376
f 5379//5379 5396//5396 4836//4836
f 4840//4840 5397//5397 5378//5378
f 5374//5374 5398//5398 4831//4831
f 5370//5370 4833//4833 5399//5399
f 5400//5400 4827//4827 5377//5377
f 5372//5372 4824//4824 5401//5401
f 5369//5369 5402//5402 4818//4818
f 5362//5362 4791//4791 5387//5387
f 5392//5392 4790//4790 4852//4852
f 5393//5393 4855//4855 4849//4849
f 5406//5406 5410//5410 5418//5418
f 5419//5419 5411//5411 5428//5428
f 5420//5420 5427//5427 3053//3053
f 3054//3054 5425//5425 3057//3057
f 3060//3060 5426//5426 4858//4858
f 3059//3059 4857//4857 3062//3062
f 4860//4860 5430//5430 4787//4787
f 4787//4787 5430//5430 5334//5334
f 5436//5436 5440//5440 5444//5444
f 5441//5441 5439//5439 5446//5446
f 5442//5442 5445//5445 5450//5450
f 5450//5450 5445//5445 5453//5453
f 5448//5448 5451//5451 5456//5456
f 5456//5456 5451//5451 5460//5460
f 5454//5454 5459//5459 5464//5464
f 5464//5464 5459//5459 5466//5466
f 5461//5461 5467//5467 5471//5471
f 5471//5471 5467//5467 5474//5474
f 5469//5469 5472//5472 5480//5480
f 5478//5478 5473//5473 5483//5483
f 5479//5479 5481//5481 5486//5486
f 5486//5486 5481//5481 5489//5489
f 5484//5484 5487//5487 5492//5492
f 5492//5492 5487//5487 5495//5495
f 5491//5491 5496//5496 5498//5498
f 5498//5498 5496//5496 5500//5500
f 5497//5497 5502//5502 5505//5505
f 5505//5505 5502//5502 5508//5508
f 5506//5506 5509//5509 5513//5513
f 5513//5513 5509//5509 5517//5517
f 5511//5511 5515//5515 5435//5435
f 5434//5434 5514//5514 5437//5437
f 5012//5012 2995//2995 5518//5518
f 5518//5518 2995//2995 2997//2997
f 5520//5520 2998//2998 5526//5526
f 5526//5526 2998//2998 2977//2977
f 5522//5522 2976//2976 5528//5528
f 5528//5528 2976//2976 2973//2973
f 5533//5533 2970//2970 4864//4864
f 4864//4864 2970//2970 2940//2940
f 5536//5536 5534//5534 5538//5538
f 5538//5538 5534//5534 4862//4862
f 4876//4876 5543//5543 4871//4871
f 4871//4871 5543//5543 5544//5544
f 4870//4870 5545//5545 4866//4866
f 4866//4866 5545//5545 5547//5547
f 4867//4867 5548//5548 4863//4863
f 4863//4863 5548//5548 5540//5540
f 5541//5541 4873//4873 5552//5552
f 5552//5552 4873//4873 4889//4889
f 4929//4929 5554//5554 4923//4923
f 4924//4924 5553//5553 5558//5558
f 4925//4925 5559//5559 4919//4919
f 4919//4919 5559//5559 5561//5561
f 4920//4920 5562//5562 4892//4892
f 4892//4892 5562//5562 5551//5551
f 4930//4930 5565//5565 4927//4927
f 4927//4927 5565//5565 5555//5555
f 4951//4951 5567//5567 4949//4949
f 4949//4949 5567//5567 5570//5570
f 4950//4950 5569//5569 4945//4945
f 4945//4945 5569//5569 5574//5574
f 4942//4942 5572//5572 4937//4937
f 4938//4938 5573//5573 5576//5576
f 4940//4940 5577//5577 4932//4932
f 4932//4932 5577//5577 5563//5563
f 4961//4961 5580//5580 4952//4952
f 4952//4952 5580//5580 5568//5568
f 5009//5009 5583//5583 5006//5006
f 5006//5006 5583//5583 5588//5588
f 5005//5005 5586//5586 4999//4999
f 5002//5002 5585//5585 5589//5589
f 5000//5000 5591//5591 4960//4960
f 4960//4960 5591//5591 5579//5579
f 5014//5014 5592//5592 5010//5010
f 5010//5010 5592//5592 5582//5582
f 5412//5412 3052//3052 3046//3046
f 3708//3708 3699//3699 5018//5018
f 5019//5019 5028//5028 3707//3707
f 3711//3711 5029//5029 5595//5595
f 3712//3712 5596//5596 5603//5603
f 5600//5600 5604//5604 3713//3713
f 3703//3703 5606//5606 5612//5612
f 3704//3704 5611//5611 5613//5613
f 5620//5620 5416//5416 5628//5628
f 5624//5624 5415//5415 5631//5631
f 5622//5622 5635//5635 5414//5414
f 5417//5417 5636//5636 5643//5643
f 5413//5413 5642//5642 5405//5405
f 5421//5421 3051//3051 5632//5632
f 5633//5633 3045//3045 3038//3038
f 5634//5634 3044//3044 5647//5647
f 3043//3043 3401//3401 5644//5644
f 5648//5648 3403//3403 3286//3286
f 5646//5646 3285//3285 5653//5653
f 3288//3288 3296//3296 5652//5652
f 5651//5651 3295//3295 3307//3307
f 5650//5650 3305//3305 5657//5657
f 3309//3309 3316//3316 5655//5655
f 5654//5654 3319//3319 3328//3328
f 5658//5658 3327//3327 5662//5662
f 3326//3326 3338//3338 5663//5663
f 5659//5659 3335//3335 3348//3348
f 5661//5661 3347//3347 5667//5667
f 3345//3345 3357//3357 5668//5668
f 5666//5666 3358//3358 3368//3368
f 5665//5665 3369//3369 5670//5670
f 3367//3367 3376//3376 5671//5671
f 5672//5672 3379//3379 3387//3387
f 5669//5669 3388//3388 5676//5676
f 5675//5675 3385//3385 3028//3028
f 5677//5677 3029//3029 5679//5679
f 5679//5679 3029//3029 3024//3024
f 5680//5680 3022//3022 5681//5681
f 5681//5681 3022//3022 3689//3689
f 5682//5682 3690//3690 5619//5619
f 5618//5618 3692//3692 3727//3727
f 5617//5617 3729//3729 3710//3710
f 5689//5689 5692//5692 5616//5616
f 5694//5694 5700//5700 5598//5598
f 4482//4482 5073//5073 5022//5022
f 5024//5024 5072//5072 5693//5693
f 5023//5023 5695//5695 5032//5032
f 5031//5031 5696//5696 5599//5599
f 5614//5614 5610//5610 5687//5687
f 5688//5688 5609//5609 5607//5607
f 5684//5684 5608//5608 5698//5698
f 5699//5699 5605//5605 5602//5602
f 5701//5701 5601//5601 5597//5597
f 5703//5703 5713//5713 5488//5488
f 5516//5516 5685//5685 5702//5702
f 5703//5703 5488//5488 5718//5718
f 5702//5702 5697//5697 5516//5516
f 5516//5516 5697//5697 5070//5070
f 5516//5516 5070//5070 5438//5438
f 5438//5438 5070//5070 5067//5067
f 5438//5438 5067//5067 5447//5447
f 5713//5713 5721//5721 5685//5685
f 5686//5686 5719//5719 5691//5691
f 5067//5067 5092//5092 5447//5447
f 5447//5447 5092//5092 5084//5084
f 5447//5447 5084//5084 5452//5452
f 5452//5452 5084//5084 4404//4404
f 5452//5452 4404//4404 5458//5458
f 5458//5458 4404//4404 4393//4393
f 5458//5458 4393//4393 5465//5465
f 5465//5465 4393//4393 5045//5045
f 5468//5468 5052//5052 5476//5476
f 5475//5475 5045//5045 5039//5039
f 5475//5475 5039//5039 5482//5482
f 5482//5482 5039//5039 5034//5034
f 5482//5482 5034//5034 5488//5488
f 5488//5488 5034//5034 5100//5100
f 5488//5488 5100//5100 5718//5718
f 5516//5516 5510//5510 5685//5685
f 5686//5686 5507//5507 5501//5501
f 5685//5685 5503//5503 5713//5713
f 5710//5710 5501//5501 5493//5493
f 5713//5713 5494//5494 5488//5488
f 5727//5727 5722//5722 5731//5731
f 5733//5733 5723//5723 5709//5709
f 5734//5734 5708//5708 5738//5738
f 5739//5739 5712//5712 5741//5741
f 5742//5742 5711//5711 5705//5705
f 5740//5740 5704//5704 5748//5748
f 5747//5747 5706//5706 5105//5105
f 5103//5103 5707//5707 5717//5717
f 5104//5104 5715//5715 5108//5108
f 5109//5109 5714//5714 5126//5126
f 5121//5121 5716//5716 5099//5099
f 5122//5122 5098//5098 4601//4601
f 4027//4027 5751//5751 4021//4021
f 4020//4020 5750//5750 5758//5758
f 3990//3990 5127//5127 3967//3967
f 3968//3968 5130//5130 4030//4030
f 5131//5131 5144//5144 4026//4026
f 4035//4035 5143//5143 5761//5761
f 4028//4028 5760//5760 5768//5768
f 5766//5766 5769//5769 4029//4029
f 4033//4033 5771//5771 5776//5776
f 4036//4036 5777//5777 5752//5752
f 5732//5732 5737//5737 5111//5111
f 5736//5736 5744//5744 5117//5117
f 5118//5118 5743//5743 5745//5745
f 5115//5115 5746//5746 5101//5101
f 3805//3805 3819//3819 5114//5114
f 5116//5116 3813//3813 5728//5728
f 5119//5119 5724//5724 5735//5735
f 3812//3812 4091//4091 5730//5730
f 5726//5726 4092//4092 4099//4099
f 5725//5725 4104//4104 5782//5782
f 4103//4103 4114//4114 5781//5781
f 5780//5780 4111//4111 4122//4122
f 5779//5779 4123//4123 5786//5786
f 4124//4124 4133//4133 5784//5784
f 5785//5785 4130//4130 4140//4140
f 5787//5787 4141//4141 5790//5790
f 4139//4139 4154//4154 5789//5789
f 5791//5791 4150//4150 4037//4037
f 5792//5792 4043//4043 5795//5795
f 5794//5794 4040//4040 4047//4047
f 5794//5794 4047//4047 5799//5799
f 5797//5797 4051//4051 4059//4059
f 5798//5798 4058//4058 5803//5803
f 5801//5801 4062//4062 4069//4069
f 5802//5802 4067//4067 5806//5806
f 4072//4072 4081//4081 5808//5808
f 5805//5805 4080//4080 4000//4000
f 5807//5807 4001//4001 5757//5757
f 5756//5756 3995//3995 4008//4008
f 5755//5755 4007//4007 4017//4017
f 5811//5811 5816//5816 5749//5749
f 5817//5817 5823//5823 5764//5764
f 4611//4611 5224//5224 5139//5139
f 5138//5138 5226//5226 5818//5818
f 5137//5137 5819//5819 5140//5140
f 5142//5142 5820//5820 5763//5763
f 5754//5754 5774//5774 5813//5813
f 5809//5809 5775//5775 5770//5770
f 5812//5812 5772//5772 5826//5826
f 5824//5824 5773//5773 5767//5767
f 5825//5825 5765//5765 5762//5762
f 5822//5822 5182//5182 5810//5810
f 5810//5810 5182//5182 5179//5179
f 5822//5822 5821//5821 5182//5182
f 5182//5182 5821//5821 5225//5225
f 5182//5182 5225//5225 5145//5145
f 5145//5145 5225//5225 5221//5221
f 5145//5145 5221//5221 5148//5148
f 5827//5827 5832//5832 5168//5168
f 5168//5168 5832//5832 5841//5841
f 5168//5168 5841//5841 5174//5174
f 5174//5174 5841//5841 5177//5177
f 5842//5842 5814//5814 5841//5841
f 5841//5841 5814//5814 5810//5810
f 5841//5841 5810//5810 5177//5177
f 5177//5177 5810//5810 5179//5179
f 4432//4432 4431//4431 5161//5161
f 5161//5161 4431//4431 5204//5204
f 5161//5161 5204//5204 5164//5164
f 5164//5164 5204//5204 5192//5192
f 5164//5164 5192//5192 5167//5167
f 5167//5167 5192//5192 5187//5187
f 5167//5167 5187//5187 5168//5168
f 5168//5168 5187//5187 5253//5253
f 5168//5168 5253//5253 5827//5827
f 5161//5161 5155//5155 4432//4432
f 4432//4432 5155//5155 5154//5154
f 4432//4432 5154//5154 5230//5230
f 5230//5230 5154//5154 5148//5148
f 5230//5230 5148//5148 5245//5245
f 5245//5245 5148//5148 5221//5221
f 5849//5849 5843//5843 5852//5852
f 5850//5850 5844//5844 5840//5840
f 5851//5851 5839//5839 5857//5857
f 5855//5855 5837//5837 5861//5861
f 5863//5863 5838//5838 5835//5835
f 5862//5862 5833//5833 5864//5864
f 5867//5867 5836//5836 5255//5255
f 5256//5256 5834//5834 5831//5831
f 5257//5257 5829//5829 5259//5259
f 5262//5262 5828//5828 5276//5276
f 5274//5274 5830//5830 5252//5252
f 5275//5275 5250//5250 4728//4728
f 5871//5871 5847//5847 5270//5270
f 5269//5269 5846//5846 5854//5854
f 5263//5263 5853//5853 5858//5858
f 5856//5856 5860//5860 5268//5268
f 5272//5272 5859//5859 5866//5866
f 5273//5273 5865//5865 5254//5254
f 3686//3686 3142//3142 5874//5874
f 5874//5874 3142//3142 5879//5879
f 3684//3684 5876//5876 3631//3631
f 3630//3630 5875//5875 5872//5872
f 3629//3629 5868//5868 3642//3642
f 3641//3641 5869//5869 5265//5265
f 3645//3645 5264//5264 3648//3648
f 5877//5877 3145//3145 3139//3139
f 3166//3166 5880//5880 3190//3190
f 3188//3188 5883//5883 5890//5890
f 3159//3159 3156//3156 5281//5281
f 5282//5282 5295//5295 3167//3167
f 3165//3165 5296//5296 5894//5894
f 3158//3158 5893//5893 5898//5898
f 5896//5896 5904//5904 3164//3164
f 3163//3163 5902//5902 5905//5905
f 3168//3168 5907//5907 5884//5884
f 3528//3528 5911//5911 3140//3140
f 3138//3138 5914//5914 5917//5917
f 3139//3139 5916//5916 5877//5877
f 3526//3526 3516//3516 5910//5910
f 5912//5912 3520//3520 3510//3510
f 5909//5909 3509//3509 5920//5920
f 3511//3511 3496//3496 5918//5918
f 5921//5921 3499//3499 3487//3487
f 5919//5919 3490//3490 5923//5923
f 3488//3488 3476//3476 5926//5926
f 5924//5924 3478//3478 3466//3466
f 5927//5927 3470//3470 5931//5931
f 3469//3469 3458//3458 5928//5928
f 5929//5929 3459//3459 3446//3446
f 5932//5932 3449//3449 5936//5936
f 3447//3447 3438//3438 5934//5934
f 5935//5935 3436//3436 3426//3426
f 5933//5933 3429//3429 5888//5888
f 5889//5889 3427//3427 3419//3419
f 5887//5887 3418//3418 3189//3189
f 5938//5938 5944//5944 5885//5885
f 5947//5947 5955//5955 5891//5891
f 4797//4797 5367//5367 5292//5292
f 5288//5288 5366//5366 5948//5948
f 5291//5291 5946//5946 5293//5293
f 5294//5294 5950//5950 5895//5895
f 5881//5881 5908//5908 5941//5941
f 5942//5942 5906//5906 5901//5901
f 5939//5939 5900//5900 5953//5953
f 5952//5952 5903//5903 5899//5899
f 5951//5951 5897//5897 5892//5892
f 5305//5305 5940//5940 5954//5954
f 5956//5956 5961//5961 5328//5328
f 5320//5320 5317//5317 4471//4471
f 4471//4471 5317//5317 5313//5313
f 4471//4471 5313//5313 5371//5371
f 5371//5371 5313//5313 5312//5312
f 5961//5961 5969//5969 5940//5940
f 5940//5940 5969//5969 5943//5943
f 5956//5956 5328//5328 5974//5974
f 5954//5954 5949//5949 5305//5305
f 5305//5305 5949//5949 5368//5368
f 5305//5305 5368//5368 5308//5308
f 5308//5308 5368//5368 5363//5363
f 5308//5308 5363//5363 5312//5312
f 5312//5312 5363//5363 5388//5388
f 5312//5312 5388//5388 5371//5371
f 5305//5305 5302//5302 5940//5940
f 5940//5940 5302//5302 5298//5298
f 5940//5940 5298//5298 5961//5961
f 5961//5961 5298//5298 5332//5332
f 5961//5961 5332//5332 5328//5328
f 4471//4471 4457//4457 5320//5320
f 5320//5320 4457//4457 5347//5347
f 5320//5320 5347//5347 5323//5323
f 5323//5323 5347//5347 5342//5342
f 5323//5323 5342//5342 5327//5327
f 5327//5327 5342//5342 5337//5337
f 5327//5327 5337//5337 5328//5328
f 5328//5328 5337//5337 5431//5431
f 5328//5328 5431//5431 5974//5974
f 5630//5630 5967//5967 5625//5625
f 5627//5627 5966//5966 5965//5965
f 5626//5626 5964//5964 5621//5621
f 5623//5623 5962//5962 5637//5637
f 5638//5638 5963//5963 5959//5959
f 5639//5639 5957//5957 5640//5640
f 5641//5641 5960//5960 5407//5407
f 5403//5403 5958//5958 5971//5971
f 5404//5404 5972//5972 5409//5409
f 5408//5408 5973//5973 5424//5424
f 5423//5423 5970//5970 5429//5429
f 5422//5422 5432//5432 4856//4856
f 5443//5443 2987//2987 5433//5433
f 5433//5433 2987//2987 5978//5978
f 5433//5433 5978//5978 5512//5512
f 5485//5485 5490//5490 5529//5529
f 5529//5529 5490//5490 5499//5499
f 5529//5529 5499//5499 5978//5978
f 5978//5978 5499//5499 5504//5504
f 5978//5978 5504//5504 5512//5512
f 5443//5443 5449//5449 2987//2987
f 2987//2987 5449//5449 5457//5457
f 2987//2987 5457//5457 2975//2975
f 5455//5455 5463//5463 2972//2972
f 2975//2975 5462//5462 5470//5470
f 2975//2975 5470//5470 5529//5529
f 5529//5529 5470//5470 5477//5477
f 5529//5529 5477//5477 5485//5485
f 5530//5530 5980//5980 5525//5525
f 5523//5523 5979//5979 5984//5984
f 5524//5524 5983//5983 5521//5521
f 5521//5521 5983//5983 5986//5986
f 5519//5519 5987//5987 5015//5015
f 5015//5015 5987//5987 5594//5594
f 2969//2969 5531//5531 5991//5991
f 5976//5976 2988//2988 5996//5996
f 5999//5999 2990//2990 2986//2986
f 5997//5997 2985//2985 6000//6000
f 6002//6002 2984//2984 6008//6008
f 6008//6008 2984//2984 2957//2957
f 6005//6005 2958//2958 5990//5990
f 5992//5992 2960//2960 2966//2966
f 5989//5989 2965//2965 2971//2971
f 5532//5532 5535//5535 5994//5994
f 5994//5994 5535//5535 6010//6010
f 5993//5993 6009//6009 6006//6006
f 6006//6006 6009//6009 6014//6014
f 5683//5683 5615//5615 5690//5690
f 5546//5546 5645//5645 5549//5549
f 5549//5549 5645//5645 5649//5649
f 5549//5549 5649//5649 5539//5539
f 5886//5886 5882//5882 5945//5945
f 5759//5759 5753//5753 5815//5815
f 5845//5845 5848//5848 5870//5870
f 5845//5845 5870//5870 5575//5575
f 5649//5649 5656//5656 5539//5539
f 5539//5539 5656//5656 5660//5660
f 5539//5539 5660//5660 5537//5537
f 5985//5985 5778//5778 5988//5988
f 5988//5988 5778//5778 5783//5783
f 5988//5988 5783//5783 5593//5593
f 5556//5556 5564//5564 5922//5922
f 5870//5870 5873//5873 5575//5575
f 5575//5575 5873//5873 5878//5878
f 5575//5575 5878//5878 5578//5578
f 5578//5578 5878//5878 5915//5915
f 5578//5578 5915//5915 5564//5564
f 5564//5564 5915//5915 5913//5913
f 5564//5564 5913//5913 5922//5922
f 5660//5660 5664//5664 5537//5537
f 5537//5537 5664//5664 5673//5673
f 5537//5537 5673//5673 6011//6011
f 6011//6011 5673//5673 5674//5674
f 6011//6011 5674//5674 6013//6013
f 6013//6013 5674//5674 5678//5678
f 6013//6013 5678//5678 6019//6019
f 6019//6019 5678//5678 5683//5683
f 6019//6019 5683//5683 6022//6022
f 6022//6022 5683//5683 5690//5690
f 6022//6022 5690//5690 5981//5981
f 5981//5981 5690//5690 5720//5720
f 5981//5981 5720//5720 5985//5985
f 5985//5985 5720//5720 5729//5729
f 5985//5985 5729//5729 5778//5778
f 5922//5922 5925//5925 5556//5556
f 5556//5556 5925//5925 5930//5930
f 5556//5556 5930//5930 5557//5557
f 5557//5557 5930//5930 5937//5937
f 5557//5557 5937//5937 5560//5560
f 5560//5560 5937//5937 5886//5886
f 5560//5560 5886//5886 5550//5550
f 5550//5550 5886//5886 5945//5945
f 5550//5550 5945//5945 5542//5542
f 5542//5542 5945//5945 5968//5968
f 5542//5542 5968//5968 5546//5546
f 5546//5546 5968//5968 5629//5629
f 5546//5546 5629//5629 5645//5645
f 5575//5575 5571//5571 5845//5845
f 5845//5845 5571//5571 5566//5566
f 5845//5845 5566//5566 5815//5815
f 5815//5815 5566//5566 5581//5581
f 5815//5815 5581//5581 5759//5759
f 5759//5759 5581//5581 5590//5590
f 5759//5759 5590//5590 5804//5804
f 5804//5804 5590//5590 5587//5587
f 5804//5804 5587//5587 5800//5800
f 5800//5800 5587//5587 5584//5584
f 5783//5783 5788//5788 5593//5593
f 5593//5593 5788//5788 5793//5793
f 5593//5593 5793//5793 5584//5584
f 5584//5584 5793//5793 5796//5796
f 5584//5584 5796//5796 5800//5800
f 5977//5977 6020//6020 5527//5527
f 5527//5527 6020//6020 5982//5982
f 6017//6017 6021//6021 5975//5975
f 6007//6007 6015//6015 6001//6001
f 6003//6003 6012//6012 6016//6016
f 6004//6004 6018//6018 5998//5998
f 5995//5995 6017//6017 5975//5975

